date,open,high,low,close,volume
2006-10-09,8.79,8.79,8.706,8.77,727000
2006-10-10,8.796,8.812,8.76,8.812,452500
2006-10-11,8.838,8.874,8.754,8.8,757000
2006-10-12,8.88,8.986,8.862,8.986,942000
2006-10-13,9.02,9.048,8.972,9.04,1090000
2006-10-16,9.03,9.058,9.0,9.038,661000
2006-10-17,8.99,8.992,8.902,8.95,1655500
2006-10-18,9.072,9.072,8.95,8.98,1399000
2006-10-19,8.94,8.94,8.84,8.89,3416500
2006-10-20,8.88,8.906,8.834,8.88,553500
2006-10-23,8.852,8.982,8.85,8.96,649000
2006-10-24,8.95,8.95,8.804,8.86,1044500
2006-10-25,8.89,8.93,8.85,8.884,625000
2006-10-26,8.872,8.896,8.726,8.886,2004000
2006-10-27,8.844,8.886,8.726,8.73,842000
2006-10-30,8.704,8.884,8.62,8.856,3322000
2006-10-31,8.84,8.876,8.794,8.842,376000
2006-11-01,8.856,8.88,8.73,8.736,2122500
2006-11-02,8.78,8.846,8.716,8.846,1642000
2006-11-03,8.85,8.9,8.776,8.82,348000
2006-11-06,8.83,8.958,8.822,8.924,722000
2006-11-07,8.946,8.992,8.9,8.934,527000
2006-11-08,8.91,9.0,8.886,8.976,550500
2006-11-09,8.998,9.044,8.948,8.96,381500
2006-11-10,8.98,9.044,8.96,9.04,237000
2006-11-13,9.0059996,9.152,9.0059996,9.152,687000
2006-11-14,9.17,9.182,9.056,9.17,1513000
2006-11-15,9.2,9.236,9.192,9.218,573000
2006-11-16,9.23,9.23,9.128,9.17,555500
2006-11-17,9.14,9.168,9.106,9.154,271000
2006-11-20,9.16,9.178,9.1,9.162,1057000
2006-11-21,9.162,9.2,9.142,9.16,263500
2006-11-22,9.17,9.262,9.17,9.236,929000
2006-11-24,9.184,9.256,9.174,9.228,143000
2006-11-27,9.19,9.19,8.98,8.988,618000
2006-11-28,8.952,8.998,8.92,8.986,1101000
2006-11-29,9.076,9.076,8.97,9.03,395500
2006-11-30,9.056,9.144,9.03,9.09,1351500
2006-12-01,9.078,9.078,8.9,8.976,1358000
2006-12-04,8.96,9.16,8.96,9.12,571500
2006-12-05,9.17,9.2,9.024,9.066,1580000
2006-12-06,8.986,8.986,8.92,8.946,1426000
2006-12-07,8.96,8.97,8.816,8.83,3039000
2006-12-08,8.78,8.932,8.78,8.85,4147500
2006-12-11,8.83,8.998,8.83,8.93,2416000
2006-12-12,8.91,8.966,8.858,8.9,393000
2006-12-13,8.93,8.988,8.904,8.942,429000
2006-12-14,8.944,9.1,8.94,9.07,1481000
2006-12-15,9.12,9.16,9.1,9.11,386000
2006-12-18,9.08,9.146,8.944,8.982,873000
2006-12-19,8.84,8.978,8.82,8.952,921500
2006-12-20,8.93,9.048,8.93,8.968,897500
2006-12-21,8.92,8.986,8.898,8.918,650000
2006-12-22,8.94,8.94,8.852,8.88,704000
2006-12-26,8.85,8.956,8.85,8.956,136500
2006-12-27,8.944,9.016,8.944,8.978,154000
2006-12-28,8.96,8.996,8.93,8.98,185500
2006-12-29,8.962,9.012,8.906,8.916,487000
2007-01-03,9.02,9.11,8.784,8.924,1534000
2007-01-04,8.938,9.124,8.884,9.088,1885500
2007-01-05,9.04,9.056,8.98,8.998,789000
2007-01-08,9.03,9.09,8.996,9.04,540500
2007-01-09,9.076,9.124,9.0080004,9.04,328000
2007-01-10,9.01,9.116,8.98,9.072,1238500
2007-01-11,9.092,9.186,9.08,9.126,2646500
2007-01-12,9.16,9.17,9.084,9.17,1126500
2007-01-16,9.022,9.106,8.986,8.986,1093000
2007-01-17,8.988,9.066,8.988,9.0059996,974000
2007-01-18,9.0080004,9.01,8.81,8.824,2419000
2007-01-19,8.796,8.878,8.78,8.856,814000
2007-01-22,8.828,8.842,8.706,8.768,1010000
2007-01-23,8.756,8.86,8.756,8.81,141000
2007-01-24,8.912,9.0039997,8.89,8.964,218000
2007-01-25,8.92,9.03,8.834,8.834,1431000
2007-01-26,8.91,8.926,8.84,8.904,546000
2007-01-29,8.88,8.946,8.866,8.908,443000
2007-01-30,8.91,8.956,8.91,8.94,387500
2007-01-31,8.89,9.018,8.862,8.986,1510500
2007-02-01,9.03,9.084,9.0,9.078,270000
2007-02-02,9.11,9.194,9.11,9.13,2466500
2007-02-05,9.1,9.132,9.076,9.096,862500
2007-02-06,9.1,9.114,9.0,9.062,633500
2007-02-07,9.084,9.152,9.066,9.102,387000
2007-02-08,9.104,9.126,9.066,9.082,2227000
2007-02-09,9.116,9.116,8.964,8.998,1763000
2007-02-12,8.968,8.99,8.954,8.972,115000
2007-02-13,8.982,9.034,8.982,9.0080004,470000
2007-02-14,9.048,9.156,9.048,9.122,765000
2007-02-15,9.14,9.15,9.09,9.15,589000
2007-02-16,9.104,9.15,9.104,9.128,132500
2007-02-20,9.11,9.228,9.07,9.2,154500
2007-02-21,9.178,9.27,9.178,9.254,2251500
2007-02-22,9.258,9.29,9.19,9.236,889000
2007-02-23,9.182,9.206,9.142,9.194,653500
2007-02-26,9.214,9.214,9.106,9.14,141000
2007-02-27,9.0,9.03,8.776,8.82,1559500
2007-02-28,8.8,8.898,8.73,8.842,1331000
2007-03-01,8.62,8.878,8.616,8.822,1898000
2007-03-02,8.744,8.83,8.7,8.702,1262500
2007-03-05,8.604,8.772,8.604,8.636,567000
2007-03-06,8.684,8.776,8.684,8.746,235500
2007-03-07,8.702,8.762,8.684,8.686,93000
2007-03-08,8.75,8.77,8.702,8.72,252000
2007-03-09,8.798,8.798,8.712,8.758,634000
2007-03-12,8.774,8.848,8.754,8.822,93500
2007-03-13,8.762,8.796,8.624,8.624,305000
2007-03-14,8.64,8.736,8.57,8.736,685500
2007-03-15,8.732,8.782,8.704,8.742,2082000
2007-03-16,8.748,8.798,8.722,8.756,907000
2007-03-19,8.808,8.9,8.79,8.86,298000
2007-03-20,8.87,8.978,8.868,8.974,1524000
2007-03-21,9.05,9.194,8.996,9.148,2671500
2007-03-22,9.16,9.16,9.088,9.154,320500
2007-03-23,9.176,9.2,9.134,9.142,1133000
2007-03-26,9.11,9.154,9.04,9.148,585500
2007-03-27,9.146,9.174,9.114,9.124,140000
2007-03-28,9.082,9.128,9.038,9.058,321000
2007-03-29,9.106,9.106,8.966,9.036,236000
2007-03-30,9.03,9.03,8.922,9.014,75500
2007-04-02,9.052,9.052,8.962,9.03,327500
2007-04-03,9.06,9.164,9.06,9.106,357500
2007-04-04,9.088,9.174,9.088,9.174,98000
2007-04-05,9.15,9.198,9.148,9.198,65000
2007-04-09,9.21,9.234,9.184,9.184,187000
2007-04-10,9.216,9.26,9.216,9.256,423000
2007-04-11,9.234,9.242,9.038,9.196,517000
2007-04-12,9.182,9.284,9.158,9.284,127500
2007-04-13,9.272,9.274,9.226,9.266,128500
2007-04-16,9.34,9.37,9.314,9.37,773000
2007-04-17,9.352,9.392,9.336,9.388,312000
2007-04-18,9.338,9.376,9.322,9.356,154000
2007-04-19,9.292,9.328,9.254,9.292,566500
2007-04-20,9.342,9.372,9.328,9.36,228000
2007-04-23,9.352,9.388,9.338,9.354,1355500
2007-04-24,9.358,9.37,9.316,9.332,363500
2007-04-25,9.346,9.402,9.322,9.388,374000
2007-04-26,9.39,9.452,9.39,9.428,85500
2007-04-27,9.46,9.53,9.432,9.444,879000
2007-04-30,9.454,9.454,9.298,9.3,168500
2007-05-01,9.272,9.552,9.218,9.286,3678500
2007-05-02,9.292,9.384,9.292,9.368,395500
2007-05-03,9.414,9.464,9.372,9.428,1890500
2007-05-04,9.46,9.47,9.414,9.454,395000
2007-05-07,9.442,9.482,9.434,9.46,1827500
2007-05-08,9.422,9.488,9.38,9.47,733000
2007-05-09,9.394,9.482,9.394,9.462,237000
2007-05-10,9.43,9.452,9.34,9.354,248500
2007-05-11,9.364,9.48,9.362,9.48,213500
2007-05-14,9.466,9.494,9.376,9.414,1187000
2007-05-15,9.42,9.466,9.312,9.318,631500
2007-05-16,9.376,9.412,9.33,9.412,700000
2007-05-17,9.392,9.434,9.372,9.396,247000
2007-05-18,9.414,9.538,9.414,9.538,348500
2007-05-21,9.556,9.652,9.556,9.622,1452500
2007-05-22,9.63,9.65,9.594,9.638,799500
2007-05-23,9.596,9.648,9.576,9.576,1585000
2007-05-24,9.498,9.504,9.306,9.346,1366000
2007-05-25,9.372,9.488,9.37,9.482,1708500
2007-05-29,9.482,9.548,9.476,9.53,706500
2007-05-30,9.444,9.634,9.444,9.634,393000
2007-05-31,9.652,9.73,9.65,9.73,1177500
2007-06-01,9.74,9.772,9.72,9.72,302500
2007-06-04,9.71,9.766,9.688,9.75,2512000
2007-06-05,9.696,9.732,9.672,9.73,1471500
2007-06-06,9.676,9.702,9.642,9.68,231000
2007-06-07,9.588,9.652,9.446,9.446,920500
2007-06-08,9.424,9.556,9.424,9.556,83000
2007-06-11,9.51,9.616,9.51,9.57,100500
2007-06-12,9.528,9.57,9.47,9.47,327000
2007-06-13,9.51,9.636,9.508,9.636,225500
2007-06-14,9.67,9.69,9.638,9.658,453000
2007-06-15,9.714,9.73,9.646,9.646,232000
2007-06-18,9.616,9.662,9.616,9.636,17000
2007-06-19,9.602,9.67,9.582,9.65,1538000
2007-06-20,9.622,9.658,9.546,9.546,1394000
2007-06-21,9.56,9.588,9.482,9.586,1471500
2007-06-22,9.506,9.54,9.442,9.476,1675500
2007-06-25,9.474,9.53,9.39,9.416,102500
2007-06-26,9.428,9.444,9.364,9.38,794000
2007-06-27,9.4,9.568,9.4,9.568,236000
2007-06-28,9.54,9.608,9.526,9.568,285500
2007-06-29,9.58,9.602,9.446,9.514,879500
2007-07-02,9.52,9.554,9.504,9.516,215500
2007-07-03,9.528,9.554,9.528,9.548,32500
2007-07-05,9.544,9.61,9.502,9.606,348000
2007-07-06,9.542,9.586,9.528,9.576,406500
2007-07-09,9.554,9.554,9.486,9.518,69500
2007-07-10,9.504,9.512,9.37,9.37,324000
2007-07-11,9.342,9.452,9.316,9.448,415000
2007-07-12,9.496,9.598,9.496,9.598,124500
2007-07-13,9.57,9.576,9.536,9.542,418000
2007-07-16,9.502,9.576,9.502,9.528,279000
2007-07-17,9.556,9.644,9.556,9.61,314000
2007-07-18,9.55,9.652,9.494,9.59,917500
2007-07-19,9.704,9.788,9.694,9.752,2299000
2007-07-20,9.714,9.716,9.626,9.664,1301500
2007-07-23,9.714,9.784,9.714,9.73,388500
2007-07-24,9.702,9.736,9.576,9.592,2841500
2007-07-25,9.676,9.676,9.57,9.624,365500
2007-07-26,9.518,9.602,9.332,9.46,960000
2007-07-27,9.42,9.474,9.272,9.298,222500
2007-07-30,9.314,9.336,9.23,9.312,842000
2007-07-31,9.38,9.38,9.18,9.182,371500
2007-08-01,9.21,9.248,9.092,9.248,3699000
2007-08-02,9.308,9.428,9.308,9.384,832000
2007-08-03,9.38,9.38,9.146,9.146,904500
2007-08-06,9.218,9.294,9.14,9.294,211500
2007-08-07,9.214,9.32,9.156,9.32,230500
2007-08-08,9.336,9.41,9.27,9.364,276500
2007-08-09,9.222,9.336,9.118,9.12,380000
2007-08-10,9.014,9.274,8.99,9.2,1987000
2007-08-13,9.242,9.29,9.22,9.22,93500
2007-08-14,9.26,9.3,9.118,9.118,93500
2007-08-15,9.12,9.238,8.972,8.98,1850000
2007-08-16,8.888,8.972,8.764,8.934,1030500
2007-08-17,9.06,9.116,8.91,9.044,344000
2007-08-20,9.068,9.128,9.012,9.128,312500
2007-08-21,9.098,9.18,9.062,9.18,1182500
2007-08-22,9.156,9.23,9.156,9.214,101000
2007-08-23,9.268,9.268,9.188,9.218,84500
2007-08-24,9.206,9.346,9.206,9.34,80500
2007-08-27,9.34,9.346,9.27,9.292,158000
2007-08-28,9.224,9.224,9.102,9.11,269000
2007-08-29,9.102,9.314,9.102,9.308,94500
2007-08-30,9.288,9.4,9.276,9.346,132000
2007-08-31,9.456,9.48,9.38,9.46,95000
2007-09-04,9.442,9.65,9.442,9.592,237500
2007-09-05,9.542,9.562,9.516,9.562,29000
2007-09-06,9.574,9.584,9.484,9.562,73000
2007-09-07,9.462,9.48,9.344,9.412,304000
2007-09-10,9.46,9.46,9.304,9.376,85500
2007-09-11,9.438,9.576,9.438,9.572,132000
2007-09-12,9.52,9.622,9.52,9.576,94000
2007-09-13,9.602,9.616,9.56,9.59,82000
2007-09-14,9.506,9.606,9.506,9.586,55000
2007-09-17,9.544,9.592,9.498,9.544,1245000
2007-09-18,9.658,9.804,9.57,9.776,2775000
2007-09-19,9.82,9.888,9.758,9.81,1002000
2007-09-20,9.79,9.846,9.76,9.79,265000
2007-09-21,9.86,9.878,9.788,9.788,133000
2007-09-24,9.796,9.842,9.72,9.722,355500
2007-09-25,9.706,9.91,9.706,9.872,558500
2007-09-26,9.934,10.014,9.906,9.94,989500
2007-09-27,9.978,9.992,9.928,9.984,195500
2007-09-28,10.0,10.024,9.94,10.0,1406000
2007-10-01,10.0059996,10.118,10.0059996,10.094,309000
2007-10-02,10.116,10.148,10.094,10.11,746500
2007-10-03,10.13,10.132,10.058,10.104,249500
2007-10-04,10.11,10.154,10.09,10.152,252500
2007-10-05,10.18,10.314,10.166,10.26,404500
2007-10-08,10.276,10.384,10.272,10.38,444000
2007-10-09,10.396,10.496,10.396,10.486,1215500
2007-10-10,10.468,10.524,10.46,10.51,1048000
2007-10-11,10.52,10.564,10.358,10.386,595000
2007-10-12,10.498,10.686,10.498,10.642,522500
2007-10-15,10.59,10.638,10.48,10.528,377500
2007-10-16,10.514,10.522,10.448,10.462,355500
2007-10-17,10.476,10.502,10.33,10.45,627000
2007-10-18,10.438,10.502,10.408,10.47,159000
2007-10-19,10.484,10.486,10.228,10.228,501500
2007-10-22,10.144,10.386,10.14,10.322,253000
2007-10-23,10.402,10.464,10.358,10.464,1285500
2007-10-24,10.392,10.42,10.212,10.418,523500
2007-10-25,10.38,10.408,10.222,10.294,3062000
2007-10-26,10.498,10.498,10.372,10.448,803000
2007-10-29,10.514,10.578,10.44,10.578,214000
2007-10-30,10.458,10.536,10.458,10.508,406000
2007-10-31,10.568,10.778,10.544,10.776,1534000
2007-11-01,10.716,10.726,10.578,10.584,664000
2007-11-02,10.69,10.738,10.584,10.702,280000
2007-11-05,10.554,10.668,10.536,10.63,584000
2007-11-06,10.684,10.684,10.512,10.606,335500
2007-11-07,10.56,10.562,10.394,10.394,317500
2007-11-08,10.416,10.416,10.0059996,10.188,3671000
2007-11-09,9.992,10.088,9.91,9.972,1092000
2007-11-12,9.928,10.074,9.9,9.986,747000
2007-11-13,9.958,10.118,9.892,10.116,785500
2007-11-14,10.286,10.286,9.994,10.026,3561000
2007-11-15,9.982,10.038,9.9,9.9,1195000
2007-11-16,9.97,10.076,9.896,10.04,651000
2007-11-19,9.95,10.026,9.896,9.898,328000
2007-11-20,9.91,10.024,9.72,9.872,3013000
2007-11-21,9.774,9.872,9.682,9.728,509500
2007-11-23,9.88,9.88,9.726,9.788,405500
2007-11-26,9.726,9.85,9.604,9.604,799500
2007-11-27,9.622,9.81,9.622,9.752,1296500
2007-11-28,9.898,10.06,9.818,10.038,1434500
2007-11-29,9.976,10.084,9.976,10.05,852500
2007-11-30,10.086,10.11,9.9,9.976,3708000
2007-12-03,10.044,10.05,9.942,9.948,3109500
2007-12-04,9.92,10.03,9.862,9.978,813500
2007-12-05,10.086,10.214,10.086,10.166,1864000
2007-12-06,10.216,10.256,10.148,10.246,1090000
2007-12-07,10.276,10.276,10.216,10.266,444500
2007-12-10,10.266,10.358,10.25,10.358,482000
2007-12-11,10.352,10.386,10.136,10.136,825500
2007-12-12,10.316,10.326,10.118,10.252,396000
2007-12-13,10.23,10.294,10.2,10.294,373500
2007-12-14,10.226,10.296,10.19,10.208,1519000
2007-12-17,10.18,10.18,9.994,10.03,630500
2007-12-18,10.156,10.156,9.97,10.072,1622000
2007-12-19,10.08,10.134,10.024,10.104,370500
2007-12-20,10.242,10.278,10.142,10.264,711500
2007-12-21,10.424,10.45,10.352,10.45,1087500
2007-12-24,10.488,10.51,10.428,10.502,147000
2007-12-26,10.48,10.542,10.468,10.542,343000
2007-12-27,10.522,10.522,10.37,10.386,295500
2007-12-28,10.404,10.428,10.344,10.382,386000
2007-12-31,10.326,10.376,10.304,10.32,109000
2008-01-02,10.342,10.356,10.092,10.13,585000
2008-01-03,10.136,10.182,10.092,10.128,1891500
2008-01-04,10.016,10.028,9.782,9.824,1212000
2008-01-07,9.822,9.85,9.71,9.79,1301500
2008-01-08,9.788,9.87,9.556,9.578,1154000
2008-01-09,9.526,9.664,9.452,9.58,5591500
2008-01-10,9.474,9.684,9.474,9.638,1068500
2008-01-11,9.578,9.598,9.43,9.466,705000
2008-01-14,9.542,9.608,9.468,9.582,342000
2008-01-15,9.522,9.53,9.392,9.392,702000
2008-01-16,9.396,9.574,9.22,9.462,1369000
2008-01-17,9.482,9.486,9.23,9.246,1119500
2008-01-18,9.282,9.392,9.2,9.264,917500
2008-01-22,8.902,9.116,7.994,8.99,707500
2008-01-23,8.654,9.08,8.516,9.076,641500
2008-01-24,9.116,9.34,9.102,9.328,819000
2008-01-25,9.436,9.486,9.194,9.21,906500
2008-01-28,9.2,9.254,9.136,9.222,636000
2008-01-29,9.206,9.29,9.148,9.256,594000
2008-01-30,9.198,9.452,9.198,9.3,878000
2008-01-31,9.102,9.352,9.088,9.298,1092000
2008-02-01,9.398,9.5,9.308,9.5,847500
2008-02-04,9.498,9.516,9.424,9.424,411000
2008-02-05,9.27,9.282,9.144,9.15,364500
2008-02-06,9.18,9.218,9.014,9.016,524500
2008-02-07,8.932,9.116,8.922,9.0039997,347500
2008-02-08,9.05,9.136,8.996,9.07,329500
2008-02-11,9.106,9.198,9.088,9.168,3731500
2008-02-12,9.276,9.31,9.178,9.224,1401500
2008-02-13,9.2,9.416,9.2,9.396,455000
2008-02-14,9.442,9.442,9.19,9.212,464500
2008-02-15,9.098,9.17,9.098,9.156,611500
2008-02-19,9.232,9.284,9.102,9.118,1667500
2008-02-20,9.128,9.236,9.092,9.222,315000
2008-02-21,9.226,9.334,9.124,9.14,368000
2008-02-22,9.198,9.198,8.946,9.072,730500
2008-02-25,9.0039997,9.186,8.894,9.182,1338000
2008-02-26,8.99,9.298,8.99,9.224,875500
2008-02-27,9.132,9.226,9.104,9.162,254500
2008-02-28,9.102,9.178,9.076,9.106,326000
2008-02-29,9.024,9.024,8.882,8.916,438500
2008-03-03,8.936,8.936,8.832,8.872,451000
2008-03-04,8.768,8.864,8.726,8.858,630000
2008-03-05,8.762,8.988,8.762,8.93,600000
2008-03-06,8.964,8.988,8.862,8.866,425000
2008-03-07,8.796,8.946,8.732,8.828,363000
2008-03-10,8.806,8.862,8.742,8.748,1854500
2008-03-11,8.988,8.988,8.764,8.954,322500
2008-03-12,8.998,9.108,8.942,8.958,257000
2008-03-13,8.8,9.052,8.8,9.01,342500
2008-03-14,9.02,9.038,8.77,8.836,670000
2008-03-17,8.576,8.754,8.51,8.682,983000
2008-03-18,8.836,8.94,8.764,8.938,1354500
2008-03-19,8.99,9.106,8.862,8.862,183000
2008-03-20,8.862,9.018,8.862,9.014,272500
2008-03-24,9.062,9.258,9.062,9.222,1688500
2008-03-25,9.23,9.312,9.22,9.284,999000
2008-03-26,9.18,9.254,9.088,9.088,2615000
2008-03-27,9.128,9.128,8.984,8.992,180500
2008-03-28,9.038,9.12,8.952,8.962,191000
2008-03-31,8.978,9.0080004,8.902,8.964,1004000
2008-04-01,9.214,9.288,9.078,9.288,434500
2008-04-02,9.276,9.374,9.246,9.28,462500
2008-04-03,9.226,9.3,9.198,9.27,556500
2008-04-04,9.252,9.336,9.228,9.292,678000
2008-04-07,9.342,9.344,9.234,9.262,331500
2008-04-08,9.222,9.258,9.19,9.246,185000
2008-04-09,9.244,9.248,9.09,9.15,151000
2008-04-10,9.14,9.272,9.14,9.256,349000
2008-04-11,9.15,9.17,8.982,9.0,322500
2008-04-14,8.978,9.052,8.974,8.982,170000
2008-04-15,9.026,9.048,8.966,9.028,337500
2008-04-16,9.11,9.258,9.082,9.248,164000
2008-04-17,9.256,9.31,9.21,9.288,345000
2008-04-18,9.436,9.494,9.404,9.454,133000
2008-04-21,9.452,9.464,9.378,9.456,303500
2008-04-22,9.39,9.428,9.306,9.374,937500
2008-04-23,9.388,9.526,9.388,9.518,112000
2008-04-24,9.52,9.696,9.486,9.63,387500
2008-04-25,9.626,9.626,9.414,9.55,299000
2008-04-28,9.56,9.582,9.512,9.522,286000
2008-04-29,9.482,9.562,9.45,9.548,397000
2008-04-30,9.56,9.568,9.402,9.43,440000
2008-05-01,9.426,9.76,9.426,9.76,5420500
2008-05-02,9.862,9.862,9.688,9.756,1323500
2008-05-05,9.76,9.76,9.674,9.696,456500
2008-05-06,9.654,9.836,9.646,9.806,132000
2008-05-07,9.75,9.818,9.632,9.638,368000
2008-05-08,9.684,9.74,9.64,9.722,898000
2008-05-09,9.648,9.784,9.64,9.766,240500
2008-05-12,9.74,9.918,9.712,9.894,203000
2008-05-13,9.956,10.0019999,9.862,9.992,951000
2008-05-14,10.034,10.11,9.998,10.012,2372000
2008-05-15,9.966,10.122,9.956,10.1,1071000
2008-05-16,10.15,10.15,9.99,10.088,802000
2008-05-19,10.1,10.166,9.984,10.034,298000
2008-05-20,10.0019999,10.0019999,9.904,9.962,224000
2008-05-21,9.974,10.094,9.896,9.918,502000
2008-05-22,9.922,10.036,9.922,9.986,753000
2008-05-23,9.944,9.966,9.882,9.908,543000
2008-05-27,9.958,10.14,9.958,10.124,423500
2008-05-28,10.202,10.202,10.06,10.156,897000
2008-05-29,10.192,10.374,10.192,10.308,861500
2008-05-30,10.308,10.378,10.308,10.346,269500
2008-06-02,10.298,10.322,10.102,10.182,894000
2008-06-03,10.224,10.314,10.082,10.186,1557500
2008-06-04,10.16,10.3,10.118,10.238,800000
2008-06-05,10.252,10.354,10.216,10.352,258000
2008-06-06,10.264,10.294,10.084,10.084,327000
2008-06-09,10.088,10.104,9.952,10.092,587500
2008-06-10,9.998,10.046,9.944,9.994,275000
2008-06-11,9.994,9.994,9.77,9.772,462000
2008-06-12,9.8,9.922,9.776,9.838,768000
2008-06-13,9.94,10.068,9.914,10.03,591000
2008-06-16,9.932,10.128,9.932,10.084,727000
2008-06-17,10.092,10.116,10.032,10.05,1977000
2008-06-18,9.992,10.034,9.938,9.954,1599500
2008-06-19,9.944,10.182,9.892,10.134,978000
2008-06-20,10.088,10.088,9.816,9.864,470000
2008-06-23,9.942,9.942,9.782,9.804,1416500
2008-06-24,9.746,9.852,9.696,9.758,1766000
2008-06-25,9.796,9.986,9.796,9.886,911000
2008-06-26,9.726,9.768,9.608,9.618,3417500
2008-06-27,9.598,9.626,9.45,9.526,3610500
2008-06-30,9.52,9.6,9.442,9.442,2398000
2008-07-01,9.36,9.526,9.296,9.52,6292000
2008-07-02,9.532,9.598,9.312,9.324,5901500
2008-07-03,9.338,9.394,9.26,9.272,167000
2008-07-07,9.26,9.402,9.172,9.278,1876500
2008-07-08,9.216,9.416,9.216,9.416,952500
2008-07-09,9.426,9.426,9.156,9.156,2090000
2008-07-10,9.112,9.338,9.112,9.282,4251500
2008-07-11,9.3,9.348,9.072,9.226,10795500
2008-07-14,9.244,9.288,9.078,9.096,3257000
2008-07-15,9.064,9.306,9.014,9.22,5190500
2008-07-16,9.26,9.474,9.198,9.468,6540000
2008-07-17,9.494,9.72,9.45,9.634,981000
2008-07-18,9.67,9.7,9.514,9.662,4362000
2008-07-21,9.85,9.85,9.518,9.548,621000
2008-07-22,9.514,9.624,9.514,9.62,861000
2008-07-23,9.584,9.806,9.584,9.728,1005500
2008-07-24,9.774,9.774,9.44,9.452,2079000
2008-07-25,9.458,9.484,9.398,9.458,998500
2008-07-28,9.44,9.448,9.256,9.286,454000
2008-07-29,9.3,9.558,9.3,9.524,1049500
2008-07-30,9.51,9.524,9.37,9.49,441000
2008-07-31,9.454,9.594,9.444,9.504,339000
2008-08-01,9.506,9.556,9.328,9.52,1387000
2008-08-04,9.506,9.51,9.37,9.466,511000
2008-08-05,9.576,9.764,9.504,9.754,900500
2008-08-06,9.79,9.96,9.718,9.956,790000
2008-08-07,9.868,10.0,9.866,9.918,1093000
2008-08-08,9.932,10.144,9.888,10.114,1343500
2008-08-11,10.146,10.282,10.05,10.216,929000
2008-08-12,10.216,10.286,10.148,10.21,985500
2008-08-13,10.17,10.246,10.11,10.186,1510000
2008-08-14,10.156,10.282,10.128,10.236,981500
2008-08-15,10.336,10.336,10.162,10.208,1078500
2008-08-18,10.236,10.24,9.978,10.052,3560500
2008-08-19,10.066,10.066,9.902,9.932,364500
2008-08-20,10.0039997,10.066,9.892,9.974,1798000
2008-08-21,9.892,9.898,9.762,9.868,809000
2008-08-22,9.9,10.03,9.9,10.024,3785500
2008-08-25,9.952,9.966,9.808,9.836,654000
2008-08-26,9.824,9.87,9.712,9.772,624000
2008-08-27,9.884,9.96,9.602,9.884,1247000
2008-08-28,9.95,10.056,9.93,10.044,2710000
2008-08-29,9.938,9.956,9.796,9.852,495000
2008-09-02,10.098,10.098,9.8,9.832,1514500
2008-09-03,9.834,9.836,9.666,9.728,2967500
2008-09-04,9.708,9.708,9.426,9.426,2307000
2008-09-05,9.336,9.454,9.256,9.39,1910500
2008-09-08,9.436,9.644,9.308,9.456,3011000
2008-09-09,9.538,9.548,9.248,9.25,1206000
2008-09-10,9.35,9.43,9.288,9.342,436000
2008-09-11,9.218,9.442,9.2,9.438,1253000
2008-09-12,9.364,9.432,9.258,9.408,727500
2008-09-15,9.02,9.326,9.02,9.074,3326000
2008-09-16,8.802,9.164,8.802,9.058,1249000
2008-09-17,8.948,9.052,8.66,8.66,841500
2008-09-18,8.8,9.02,8.53,8.904,1493000
2008-09-19,9.68,9.786,9.096,9.298,804500
2008-09-22,9.346,9.346,8.938,8.938,806000
2008-09-23,8.998,9.13,8.878,8.91,1446500
2008-09-24,8.912,9.05,8.886,8.962,550500
2008-09-25,9.156,9.156,8.906,9.0080004,836000
2008-09-26,8.846,9.086,8.846,9.072,2489500
2008-09-29,9.064,9.064,8.362,8.408,1373000
2008-09-30,8.732,8.8,8.382,8.8,1383000
2008-10-01,8.614,8.692,8.468,8.548,4107500
2008-10-02,8.422,8.496,8.158,8.178,1003500
2008-10-03,8.288,8.368,7.918,7.92,1410000
2008-10-06,7.756,7.82,7.174,7.51,1696000
2008-10-07,7.506,7.568,7.006,7.006,986000
2008-10-08,6.964,7.388,6.906,7.074,2842500
2008-10-09,7.112,7.298,6.754,6.874,955500
2008-10-10,6.548,6.974,6.27,6.826,2396500
2008-10-13,6.932,7.572,6.932,7.572,153500
2008-10-14,7.878,8.044,7.15,7.244,1293500
2008-10-15,7.108,7.186,6.61,6.61,1390500
2008-10-16,6.52,6.916,6.248,6.912,1034500
2008-10-17,6.876,7.362,6.72,7.012,1335000
2008-10-20,7.2,7.336,6.984,7.336,977000
2008-10-21,7.29,7.328,6.95,6.982,735000
2008-10-22,6.88,6.88,6.422,6.568,640000
2008-10-23,6.55,6.69,6.18,6.516,2620000
2008-10-24,6.446,6.458,6.0019999,6.302,1499000
2008-10-27,6.062,6.334,6.048,6.07,615000
2008-10-28,6.162,6.746,6.102,6.746,947000
2008-10-29,6.734,6.962,6.594,6.732,931500
2008-10-30,6.996,6.996,6.62,6.768,1310500
2008-10-31,6.692,6.892,6.588,6.78,1033500
2008-11-03,6.792,6.892,6.774,6.862,1223000
2008-11-04,6.922,7.082,6.916,7.032,459500
2008-11-05,6.98,6.996,6.652,6.652,1778000
2008-11-06,6.672,6.704,6.376,6.394,1578000
2008-11-07,6.472,6.614,6.438,6.552,662500
2008-11-10,6.716,6.716,6.458,6.502,575500
2008-11-11,6.424,6.472,6.282,6.348,554500
2008-11-12,6.242,6.27,6.028,6.034,576000
2008-11-13,5.992,6.446,5.688,6.446,1937500
2008-11-14,6.296,6.396,6.132,6.236,1021000
2008-11-17,6.05,6.166,5.918,5.97,511500
2008-11-18,6.026,6.082,5.776,5.966,502500
2008-11-19,6.0040002,6.088,5.638,5.64,647000
2008-11-20,5.578,5.798,5.39,5.408,1783500
2008-11-21,5.4,5.702,5.274,5.694,1616000
2008-11-24,5.772,6.088,5.764,6.04,697500
2008-11-25,6.064,6.064,5.812,5.966,615000
2008-11-26,5.9,6.244,5.886,6.228,362000
2008-11-28,6.154,6.196,6.11,6.19,205000
2008-12-01,6.13,6.13,5.692,5.704,682000
2008-12-02,5.792,5.942,5.688,5.924,1036500
2008-12-03,5.838,6.066,5.818,6.034,1474000
2008-12-04,5.93,6.038,5.692,5.786,923000
2008-12-05,5.718,6.1,5.646,6.098,530000
2008-12-08,6.214,6.452,6.214,6.386,707000
2008-12-09,6.316,6.548,6.256,6.298,1352500
2008-12-10,6.302,6.39,6.218,6.29,718000
2008-12-11,6.242,6.264,5.976,6.006,1504000
2008-12-12,5.944,6.128,5.924,6.108,160500
2008-12-15,6.114,6.114,5.888,5.962,583000
2008-12-16,6.014,6.304,6.014,6.284,319500
2008-12-17,6.274,6.362,6.22,6.28,528500
2008-12-18,6.242,6.31,6.058,6.148,363000
2008-12-19,6.266,6.392,6.266,6.304,222500
2008-12-22,6.346,6.346,6.066,6.16,301500
2008-12-23,6.204,6.262,6.088,6.128,621500
2008-12-24,6.136,6.162,6.11,6.156,129000
2008-12-26,6.168,6.172,6.116,6.17,152500
2008-12-29,6.172,6.172,6.0040002,6.078,427500
2008-12-30,6.112,6.248,6.094,6.242,431500
2008-12-31,6.238,6.424,6.238,6.354,524000
2009-01-02,6.342,6.654,6.342,6.618,300500
2009-01-05,6.586,6.592,6.478,6.558,321500
2009-01-06,6.596,6.742,6.596,6.684,478500
2009-01-07,6.596,6.596,6.444,6.49,322000
2009-01-08,6.49,6.502,6.396,6.494,1541500
2009-01-09,6.478,6.49,6.322,6.384,879000
2009-01-12,6.394,6.426,6.284,6.32,356500
2009-01-13,6.304,6.374,6.218,6.3,1802500
2009-01-14,6.23,6.232,6.042,6.094,563000
2009-01-15,6.086,6.174,5.928,6.126,1021000
2009-01-16,6.216,6.286,6.036,6.214,994500
2009-01-20,6.196,6.222,5.896,5.904,960500
2009-01-21,5.976,6.2,5.936,6.182,791000
2009-01-22,6.02,6.068,5.888,5.976,953000
2009-01-23,5.898,6.132,5.862,6.056,2100500
2009-01-26,6.088,6.212,6.024,6.088,2593500
2009-01-27,6.096,6.178,6.066,6.132,1017000
2009-01-28,6.226,6.364,6.202,6.304,1388500
2009-01-29,6.274,6.292,6.134,6.164,669500
2009-01-30,6.2,6.214,5.996,6.0019999,619000
2009-02-02,5.934,6.068,5.934,6.038,480000
2009-02-03,6.046,6.192,5.956,6.166,606000
2009-02-04,6.21,6.32,6.158,6.2,337500
2009-02-05,6.132,6.414,6.104,6.354,1300000
2009-02-06,6.376,6.56,6.376,6.546,558000
2009-02-09,6.532,6.556,6.466,6.52,351500
2009-02-10,6.472,6.538,6.216,6.25,382500
2009-02-11,6.3,6.356,6.212,6.31,835000
2009-02-12,6.204,6.328,6.122,6.326,859500
2009-02-13,6.348,6.408,6.314,6.314,288500
2009-02-17,6.084,6.194,6.06,6.096,330000
2009-02-18,6.128,6.184,6.024,6.078,342500
2009-02-19,6.114,6.134,5.988,5.992,188500
2009-02-20,5.942,6.03,5.9,5.972,502000
2009-02-23,5.986,6.01,5.778,5.792,325000
2009-02-24,5.82,6.01,5.796,5.978,883000
2009-02-25,5.944,5.992,5.806,5.904,496000
2009-02-26,5.918,5.918,5.764,5.778,317000
2009-02-27,5.69,5.872,5.69,5.77,1545500
2009-03-02,5.666,5.732,5.592,5.612,4736500
2009-03-03,5.65,5.668,5.542,5.572,2082500
2009-03-04,5.624,5.77,5.622,5.688,455000
2009-03-05,5.64,5.726,5.554,5.562,1751000
2009-03-06,5.592,5.634,5.462,5.574,1440500
2009-03-09,5.53,5.668,5.468,5.478,681500
2009-03-10,5.558,5.85,5.546,5.836,1363000
2009-03-11,5.888,5.972,5.852,5.924,761500
2009-03-12,5.93,6.106,5.85,6.092,3487000
2009-03-13,6.078,6.084,5.966,6.04,1034500
2009-03-16,6.084,6.084,5.912,5.918,3123500
2009-03-17,5.938,6.092,5.894,6.092,587500
2009-03-18,6.11,6.36,6.096,6.294,355500
2009-03-19,6.434,6.434,6.334,6.378,2112000
2009-03-20,6.36,6.428,6.172,6.206,569000
2009-03-23,6.326,6.606,6.294,6.606,943500
2009-03-24,6.592,6.592,6.446,6.462,929500
2009-03-25,6.504,6.602,6.37,6.544,519000
2009-03-26,6.642,6.826,6.63,6.826,1166500
2009-03-27,6.78,6.78,6.618,6.624,684500
2009-03-30,6.612,6.612,6.38,6.468,476500
2009-03-31,6.568,6.738,6.552,6.614,654000
2009-04-01,6.532,6.754,6.528,6.714,942000
2009-04-02,6.834,7.064,6.816,6.94,1906000
2009-04-03,6.938,7.038,6.902,7.038,379500
2009-04-06,6.986,6.986,6.81,6.918,1132500
2009-04-07,6.904,6.904,6.734,6.778,440000
2009-04-08,6.822,6.986,6.822,6.932,423000
2009-04-09,7.054,7.124,7.018,7.114,1429500
2009-04-13,7.11,7.11,6.96,7.04,467000
2009-04-14,6.988,7.014,6.9,6.92,375500
2009-04-15,6.888,6.916,6.782,6.88,552000
2009-04-16,6.994,7.104,6.894,7.056,611500
2009-04-17,7.058,7.124,6.968,7.076,384500
2009-04-20,6.902,6.916,6.808,6.832,564000
2009-04-21,6.856,7.0,6.856,7.0,1825000
2009-04-22,6.9,7.164,6.89,7.034,1047000
2009-04-23,6.998,7.02,6.884,7.01,1251000
2009-04-24,7.078,7.294,7.018,7.242,1128000
2009-04-27,7.136,7.284,7.102,7.184,503500
2009-04-28,7.172,7.172,7.056,7.114,491500
2009-04-29,7.142,7.308,7.142,7.228,820500
2009-04-30,7.302,7.398,7.244,7.29,1789000
2009-05-01,7.28,7.338,7.25,7.306,1063500
2009-05-04,7.372,7.4,7.328,7.392,748000
2009-05-05,7.382,7.406,7.3,7.392,1526000
2009-05-06,7.468,7.478,7.256,7.358,1217500
2009-05-07,7.356,7.358,7.056,7.128,2336000
2009-05-08,7.172,7.272,7.106,7.162,1528000
2009-05-11,7.098,7.282,7.046,7.22,1891000
2009-05-12,7.202,7.266,7.112,7.188,1251500
2009-05-13,7.112,7.118,6.98,7.0079999,1738000
2009-05-14,7.02,7.172,7.02,7.132,786500
2009-05-15,7.116,7.282,7.106,7.204,339500
2009-05-18,7.24,7.324,7.19,7.324,841500
2009-05-19,7.266,7.432,7.252,7.354,517500
2009-05-20,7.374,7.482,7.298,7.318,848000
2009-05-21,7.25,7.316,7.164,7.238,1046500
2009-05-22,7.258,7.306,7.158,7.22,1655500
2009-05-26,7.136,7.44,7.126,7.404,1748500
2009-05-27,7.404,7.48,7.312,7.32,606000
2009-05-28,7.37,7.442,7.28,7.416,835500
2009-05-29,7.42,7.492,7.366,7.492,380500
2009-06-01,7.604,7.722,7.594,7.702,4893500
2009-06-02,7.674,7.812,7.674,7.756,1233500
2009-06-03,7.706,7.736,7.612,7.712,287500
2009-06-04,7.762,7.79,7.7,7.784,386500
2009-06-05,7.842,7.854,7.732,7.796,948000
2009-06-08,7.79,7.8,7.656,7.754,336500
2009-06-09,7.798,7.88,7.774,7.828,500500
2009-06-10,7.88,7.88,7.72,7.818,575500
2009-06-11,7.834,7.94,7.834,7.864,227000
2009-06-12,7.834,7.9,7.77,7.9,508000
2009-06-15,7.836,7.838,7.65,7.708,268000
2009-06-16,7.764,7.768,7.6,7.6,678000
2009-06-17,7.606,7.746,7.606,7.684,961000
2009-06-18,7.684,7.684,7.598,7.658,1819000
2009-06-19,7.722,7.798,7.716,7.726,304500
2009-06-22,7.646,7.646,7.434,7.434,740500
2009-06-23,7.476,7.48,7.398,7.45,3389000
2009-06-24,7.5,7.644,7.5,7.596,183500
2009-06-25,7.55,7.714,7.514,7.714,184500
2009-06-26,7.686,7.714,7.638,7.672,172000
2009-06-29,7.702,7.762,7.64,7.714,125000
2009-06-30,7.73,7.782,7.65,7.702,466000
2009-07-01,7.738,7.84,7.738,7.756,521000
2009-07-02,7.686,7.686,7.55,7.586,407000
2009-07-06,7.556,7.556,7.418,7.466,890000
2009-07-07,7.474,7.474,7.288,7.298,260500
2009-07-08,7.292,7.31,7.196,7.29,285000
2009-07-09,7.29,7.388,7.286,7.344,154500
2009-07-10,7.306,7.41,7.306,7.382,172500
2009-07-13,7.392,7.498,7.26,7.49,276000
2009-07-14,7.49,7.526,7.438,7.522,186500
2009-07-15,7.632,7.81,7.632,7.8,1174000
2009-07-16,7.788,7.886,7.77,7.868,181000
2009-07-17,7.856,7.902,7.834,7.9,863000
2009-07-20,7.914,7.982,7.9,7.974,1240500
2009-07-21,7.992,8.054,7.95,8.052,3782500
2009-07-22,8.03,8.096,8.0,8.068,366000
2009-07-23,8.06,8.302,8.04,8.266,363500
2009-07-24,8.188,8.242,8.09,8.242,848500
2009-07-27,8.242,8.242,8.112,8.172,271000
2009-07-28,8.154,8.236,8.1,8.226,963500
2009-07-29,8.206,8.222,8.132,8.206,240500
2009-07-30,8.212,8.284,8.11,8.116,719000
2009-07-31,8.134,8.228,8.126,8.148,385000
2009-08-03,8.176,8.218,8.132,8.204,382000
2009-08-04,8.188,8.28,8.168,8.258,491000
2009-08-05,8.258,8.258,8.07,8.126,313000
2009-08-06,8.148,8.196,8.114,8.158,241000
2009-08-07,8.278,8.346,8.244,8.32,402500
2009-08-10,8.268,8.32,8.24,8.274,301500
2009-08-11,8.256,8.274,8.176,8.182,471000
2009-08-12,8.188,8.454,8.176,8.384,261500
2009-08-13,8.424,8.424,8.332,8.408,1568500
2009-08-14,8.378,8.41,8.274,8.348,903500
2009-08-17,8.214,8.214,8.058,8.07,477000
2009-08-18,8.082,8.172,8.082,8.146,1156000
2009-08-19,8.074,8.21,8.066,8.196,283000
2009-08-20,8.17,8.28,8.14,8.262,233000
2009-08-21,8.302,8.404,8.272,8.394,440000
2009-08-24,8.42,8.452,8.358,8.388,280500
2009-08-25,8.396,8.422,8.346,8.366,388000
2009-08-26,8.37,8.388,8.314,8.35,209500
2009-08-27,8.332,8.37,8.228,8.366,222500
2009-08-28,8.408,8.496,8.266,8.302,301500
2009-08-31,8.244,8.244,8.17,8.206,278500
2009-09-01,8.17,8.304,8.042,8.074,860000
2009-09-02,8.026,8.094,8.014,8.052,450000
2009-09-03,8.068,8.128,7.986,8.126,1693000
2009-09-04,8.134,8.294,8.116,8.288,229000
2009-09-08,8.338,8.378,8.298,8.378,428500
2009-09-09,8.386,8.45,8.352,8.44,253500
2009-09-10,8.42,8.552,8.42,8.546,328500
2009-09-11,8.57,8.612,8.528,8.6,226000
2009-09-14,8.56,8.628,8.558,8.624,181000
2009-09-15,8.608,8.626,8.554,8.604,241500
2009-09-16,8.57,8.638,8.51,8.638,166000
2009-09-17,8.588,8.654,8.562,8.616,489500
2009-09-18,8.648,8.658,8.582,8.622,185000
2009-09-21,8.558,8.634,8.548,8.592,244000
2009-09-22,8.63,8.642,8.572,8.612,261000
2009-09-23,8.638,8.756,8.614,8.618,384000
2009-09-24,8.662,8.698,8.548,8.59,295000
2009-09-25,8.586,8.618,8.534,8.56,156000
2009-09-28,8.598,8.754,8.598,8.706,125500
2009-09-29,8.702,8.778,8.69,8.696,1190500
2009-09-30,8.706,8.77,8.576,8.71,1079000
2009-10-01,8.648,8.648,8.438,8.454,563000
2009-10-02,8.36,8.488,8.352,8.436,435000
2009-10-05,8.456,8.562,8.418,8.55,398500
2009-10-06,8.568,8.71,8.568,8.706,1024500
2009-10-07,8.672,8.726,8.666,8.708,587500
2009-10-08,8.768,8.888,8.754,8.852,378000
2009-10-09,8.854,8.94,8.824,8.932,415000
2009-10-12,8.954,9.0059996,8.886,8.932,317500
2009-10-13,8.934,9.022,8.906,8.996,1564500
2009-10-14,9.078,9.088,9.014,9.064,493000
2009-10-15,9.026,9.088,9.014,9.088,748500
2009-10-16,9.024,9.082,8.974,9.048,1018000
2009-10-19,9.044,9.148,9.024,9.126,505500
2009-10-20,9.102,9.102,8.944,9.02,665500
2009-10-21,9.0059996,9.158,8.992,8.998,558500
2009-10-22,8.974,9.052,8.846,9.038,832000
2009-10-23,9.104,9.138,8.954,8.982,404500
2009-10-26,8.998,9.118,8.918,8.944,1517000
2009-10-27,8.898,8.99,8.812,8.818,358000
2009-10-28,8.78,8.792,8.578,8.596,266000
2009-10-29,8.682,8.804,8.646,8.796,504000
2009-10-30,8.748,8.776,8.576,8.594,568000
2009-11-02,8.588,8.646,8.498,8.58,1694500
2009-11-03,8.548,8.6,8.498,8.592,1127000
2009-11-04,8.612,8.776,8.604,8.654,1215500
2009-11-05,8.712,8.852,8.71,8.818,331000
2009-11-06,8.782,8.938,8.768,8.88,997000
2009-11-09,8.93,9.08,8.93,9.08,376500
2009-11-10,9.066,9.092,9.016,9.04,525500
2009-11-11,9.074,9.08,8.956,9.036,192500
2009-11-12,9.052,9.084,8.96,8.968,426000
2009-11-13,9.0039997,9.098,8.998,9.086,132000
2009-11-16,9.118,9.204,9.118,9.178,219500
2009-11-17,9.162,9.192,9.118,9.184,260000
2009-11-18,9.152,9.152,9.028,9.102,276000
2009-11-19,9.034,9.048,8.912,8.976,270000
2009-11-20,8.926,8.954,8.88,8.91,409500
2009-11-23,9.018,9.09,9.018,9.044,142500
2009-11-24,9.042,9.042,8.948,8.988,233000
2009-11-25,9.028,9.054,9.0019999,9.028,144500
2009-11-27,8.832,9.122,8.694,8.866,150500
2009-11-30,8.818,8.846,8.734,8.838,1146000
2009-12-01,8.882,9.024,8.882,9.0,3616000
2009-12-02,9.018,9.08,8.986,9.012,314000
2009-12-03,9.0059996,9.09,8.946,8.946,138000
2009-12-04,8.996,9.092,8.938,9.03,444000
2009-12-07,8.996,9.042,8.944,8.96,246500
2009-12-08,8.924,8.924,8.8,8.856,518000
2009-12-09,8.836,8.888,8.79,8.884,173500
2009-12-10,8.944,8.96,8.912,8.926,183000
2009-12-11,8.962,8.964,8.87,8.914,169500
2009-12-14,8.986,9.044,8.95,9.042,202500
2009-12-15,8.996,9.072,8.97,9.0059996,188000
2009-12-16,9.044,9.134,9.044,9.078,191500
2009-12-17,9.028,9.028,8.96,8.978,125000
2009-12-18,9.062,9.144,9.058,9.142,242000
2009-12-21,9.17,9.236,9.17,9.224,160000
2009-12-22,9.252,9.3,9.214,9.288,302000
2009-12-23,9.316,9.424,9.316,9.424,223500
2009-12-24,9.438,9.496,9.438,9.494,85500
2009-12-28,9.484,9.51,9.454,9.476,102500
2009-12-29,9.488,9.522,9.474,9.506,295000
2009-12-30,9.482,9.528,9.458,9.494,178000
2009-12-31,9.504,9.504,9.374,9.374,318000
2010-01-04,9.452,9.556,9.452,9.526,336000
2010-01-05,9.52,9.542,9.47,9.534,226000
2010-01-06,9.524,9.55,9.46,9.486,219500
2010-01-07,9.462,9.474,9.4,9.438,219500
2010-01-08,9.422,9.51,9.408,9.5,230500
2010-01-11,9.504,9.518,9.424,9.46,176000
2010-01-12,9.378,9.38,9.28,9.31,189000
2010-01-13,9.33,9.448,9.33,9.426,57000
2010-01-14,9.418,9.524,9.412,9.514,440000
2010-01-15,9.52,9.544,9.366,9.442,135000
2010-01-19,9.442,9.548,9.42,9.542,233000
2010-01-20,9.45,9.45,9.264,9.412,216000
2010-01-21,9.424,9.49,9.258,9.296,408500
2010-01-22,9.296,9.296,9.02,9.036,256500
2010-01-25,9.086,9.096,8.988,9.032,297500
2010-01-26,9.018,9.11,8.972,9.022,128000
2010-01-27,8.988,9.07,8.952,9.052,1845000
2010-01-28,9.04,9.052,8.818,8.912,287000
2010-01-29,8.958,8.972,8.744,8.764,827500
2010-02-01,8.792,8.86,8.768,8.86,453000
2010-02-02,8.87,8.946,8.816,8.926,248500
2010-02-03,8.874,8.952,8.874,8.93,229000
2010-02-04,8.862,8.872,8.662,8.662,459500
2010-02-05,8.676,8.726,8.564,8.726,519000
2010-02-08,8.72,8.758,8.668,8.668,191500
2010-02-09,8.72,8.782,8.64,8.726,280500
2010-02-10,8.738,8.76,8.66,8.706,717500
2010-02-11,8.704,8.844,8.664,8.812,173000
2010-02-12,8.722,8.808,8.694,8.804,630500
2010-02-16,8.868,8.93,8.848,8.92,276500
2010-02-17,8.95,9.032,8.95,9.032,126000
2010-02-18,9.032,9.12,9.032,9.118,262000
2010-02-19,9.128,9.202,9.128,9.156,358500
2010-02-22,9.176,9.194,9.118,9.132,205500
2010-02-23,9.11,9.142,9.01,9.042,234500
2010-02-24,9.112,9.21,9.094,9.182,140000
2010-02-25,9.07,9.152,8.978,9.15,146500
2010-02-26,9.156,9.156,9.094,9.136,1414000
2010-03-01,9.168,9.268,9.14,9.262,401500
2010-03-02,9.264,9.336,9.252,9.27,103500
2010-03-03,9.294,9.37,9.292,9.308,979000
2010-03-04,9.308,9.38,9.25,9.38,180000
2010-03-05,9.428,9.502,9.428,9.492,327500
2010-03-08,9.486,9.538,9.486,9.518,240000
2010-03-09,9.48,9.634,9.48,9.582,306000
2010-03-10,9.572,9.666,9.572,9.644,172500
2010-03-11,9.616,9.694,9.602,9.686,321000
2010-03-12,9.71,9.722,9.66,9.712,236000
2010-03-15,9.7,9.752,9.68,9.738,145000
2010-03-16,9.76,9.768,9.706,9.762,327000
2010-03-17,9.776,9.844,9.776,9.81,181500
2010-03-18,9.8,9.874,9.8,9.84,298000
2010-03-19,9.752,9.874,9.718,9.752,320500
2010-03-22,9.724,9.844,9.718,9.828,207500
2010-03-23,9.826,9.864,9.794,9.864,210500
2010-03-24,9.884,9.896,9.836,9.85,175500
2010-03-25,9.902,9.924,9.784,9.788,216000
2010-03-26,9.802,9.81,9.67,9.724,111000
2010-03-29,9.748,9.752,9.69,9.724,282000
2010-03-30,9.714,9.76,9.664,9.742,404500
2010-03-31,9.728,9.77,9.694,9.712,206500
2010-04-01,9.726,9.808,9.616,9.7,261000
2010-04-05,9.728,9.836,9.72,9.826,224500
2010-04-06,9.782,9.866,9.76,9.84,401500
2010-04-07,9.82,9.838,9.742,9.776,184500
2010-04-08,9.758,9.828,9.718,9.806,189500
2010-04-09,9.804,9.928,9.792,9.928,90000
2010-04-12,9.928,9.966,9.908,9.958,55000
2010-04-13,9.932,9.964,9.894,9.944,132500
2010-04-14,9.988,10.06,9.984,10.06,146500
2010-04-15,10.036,10.046,10.0,10.022,184000
2010-04-16,10.012,10.04,9.908,9.958,430500
2010-04-19,9.914,9.98,9.838,9.922,271500
2010-04-20,9.964,10.09,9.958,10.082,201500
2010-04-21,10.104,10.122,10.044,10.114,142000
2010-04-22,10.024,10.18,9.96,10.17,781500
2010-04-23,10.166,10.192,10.1,10.192,430000
2010-04-26,10.202,10.236,10.182,10.202,129500
2010-04-27,10.174,10.21,9.994,10.018,226500
2010-04-28,10.038,10.038,9.944,9.996,312500
2010-04-29,10.024,10.068,9.968,10.062,104000
2010-04-30,10.014,10.014,9.846,9.852,256000
2010-05-03,9.868,9.982,9.868,9.954,424500
2010-05-04,9.848,9.848,9.636,9.698,295000
2010-05-05,9.654,9.702,9.602,9.624,348000
2010-05-06,9.602,14.0,4.0,9.33,820000
2010-05-07,9.31,9.378,8.976,9.09,1008500
2010-05-10,9.29,9.524,9.29,9.52,438500
2010-05-11,9.49,9.65,9.432,9.526,448500
2010-05-12,9.538,9.83,9.538,9.81,224000
2010-05-13,9.796,9.956,9.796,9.82,118500
2010-05-14,9.722,9.722,9.488,9.566,154500
2010-05-17,9.604,9.656,9.416,9.584,368500
2010-05-18,9.648,9.692,9.442,9.494,243500
2010-05-19,9.476,9.494,9.292,9.364,301000
2010-05-20,9.2,9.212,9.0,9.0,467500
2010-05-21,8.852,9.166,8.812,9.118,825000
2010-05-24,9.046,9.168,9.028,9.058,523000
2010-05-25,8.886,9.014,8.75,9.014,722500
2010-05-26,9.022,9.198,8.936,8.98,636500
2010-05-27,9.102,9.274,9.102,9.274,362500
2010-05-28,9.214,9.258,9.138,9.186,459000
2010-06-01,9.11,9.26,9.06,9.06,490000
2010-06-02,9.07,9.258,9.0019999,9.258,290000
2010-06-03,9.272,9.464,9.244,9.44,219000
2010-06-04,9.256,9.33,9.036,9.054,150000
2010-06-07,9.066,9.122,8.862,8.868,248000
2010-06-08,8.862,8.888,8.736,8.868,259000
2010-06-09,8.896,9.038,8.832,8.862,437000
2010-06-10,8.968,9.122,8.952,9.122,239500
2010-06-11,9.04,9.26,9.04,9.248,209500
2010-06-14,9.32,9.35,9.22,9.222,129500
2010-06-15,9.25,9.484,9.25,9.472,150000
2010-06-16,9.442,9.496,9.39,9.456,162500
2010-06-17,9.464,9.512,9.426,9.5,189500
2010-06-18,9.522,9.552,9.474,9.514,162500
2010-06-21,9.594,9.622,9.424,9.446,171000
2010-06-22,9.464,9.504,9.29,9.29,199500
2010-06-23,9.262,9.294,9.174,9.202,142500
2010-06-24,9.18,9.184,9.044,9.054,480000
2010-06-25,9.116,9.192,9.04,9.114,196500
2010-06-28,9.102,9.15,9.03,9.054,472000
2010-06-29,8.93,8.934,8.64,8.698,369500
2010-06-30,8.666,8.764,8.586,8.606,474500
2010-07-01,8.6,8.638,8.442,8.618,707500
2010-07-02,8.62,8.674,8.578,8.614,315500
2010-07-06,8.74,8.822,8.602,8.662,2143500
2010-07-07,8.668,8.94,8.668,8.928,1979000
2010-07-08,8.992,8.998,8.872,8.956,1629500
2010-07-09,8.938,9.016,8.936,9.016,485500
2010-07-12,9.0,9.088,8.978,9.052,1197000
2010-07-13,9.136,9.284,9.134,9.256,169000
2010-07-14,9.274,9.334,9.234,9.3,237500
2010-07-15,9.3,9.314,9.176,9.3,588500
2010-07-16,9.256,9.27,9.032,9.042,289000
2010-07-19,9.078,9.162,9.05,9.14,204500
2010-07-20,8.976,9.252,8.94,9.25,1812000
2010-07-21,9.268,9.27,9.092,9.106,175500
2010-07-22,9.182,9.404,9.182,9.394,182500
2010-07-23,9.4,9.556,9.362,9.556,239000
2010-07-26,9.554,9.654,9.55,9.652,130000
2010-07-27,9.686,9.686,9.568,9.612,1744500
2010-07-28,9.59,9.596,9.434,9.468,99000
2010-07-29,9.47,9.508,9.318,9.406,131500
2010-07-30,9.32,9.484,9.28,9.45,320000
2010-08-02,9.558,9.656,9.53,9.636,174500
2010-08-03,9.622,9.626,9.53,9.548,330500
2010-08-04,9.608,9.728,9.582,9.716,96000
2010-08-05,9.656,9.658,9.566,9.606,99500
2010-08-06,9.548,9.6,9.434,9.6,62500
2010-08-09,9.612,9.658,9.604,9.634,21000
2010-08-10,9.552,9.552,9.426,9.492,84000
2010-08-11,9.3,9.3,9.186,9.212,314500
2010-08-12,9.06,9.124,9.036,9.102,192000
2010-08-13,9.072,9.158,9.072,9.084,292500
2010-08-16,9.038,9.132,8.998,9.08,212500
2010-08-17,9.152,9.316,9.15,9.254,312000
2010-08-18,9.242,9.326,9.16,9.286,275500
2010-08-19,9.43,9.48,9.308,9.372,563000
2010-08-20,9.412,9.638,9.412,9.632,871500
2010-08-23,9.654,9.706,9.536,9.546,125000
2010-08-24,9.472,9.532,9.374,9.472,2075000
2010-08-25,9.412,9.512,9.372,9.494,271500
2010-08-26,9.51,9.56,9.43,9.436,1057000
2010-08-27,9.51,9.622,9.356,9.608,426000
2010-08-30,9.578,9.602,9.462,9.466,1612500
2010-08-31,9.438,9.5,9.37,9.446,235000
2010-09-01,9.558,9.746,9.558,9.74,238500
2010-09-02,9.728,9.846,9.704,9.842,199500
2010-09-03,9.99,9.99,9.882,9.95,291500
2010-09-07,9.954,10.0019999,9.916,9.926,187500
2010-09-08,9.958,10.044,9.958,10.018,149000
2010-09-09,10.146,10.162,10.086,10.11,120000
2010-09-10,10.114,10.162,10.078,10.138,449500
2010-09-13,10.212,10.36,10.212,10.336,343500
2010-09-14,10.332,10.418,10.292,10.36,175500
2010-09-15,10.314,10.398,10.286,10.384,185000
2010-09-16,10.364,10.4,10.326,10.372,528000
2010-09-17,10.46,10.496,10.404,10.486,494000
2010-09-20,10.536,10.686,10.514,10.672,414500
2010-09-21,10.7,10.7,10.57,10.596,1046500
2010-09-22,10.422,10.44,10.28,10.316,724500
2010-09-23,10.252,10.402,10.252,10.292,1561000
2010-09-24,10.44,10.5,10.42,10.5,426000
2010-09-27,10.514,10.536,10.44,10.468,983000
2010-09-28,10.504,10.524,10.346,10.504,2278000
2010-09-29,10.514,10.514,10.43,10.452,352500
2010-09-30,10.51,10.546,10.344,10.372,225000
2010-10-01,10.47,10.484,10.372,10.418,210000
2010-10-04,10.386,10.418,10.224,10.28,130500
2010-10-05,10.416,10.516,10.396,10.502,57500
2010-10-06,10.494,10.494,10.126,10.206,1189500
2010-10-07,10.282,10.362,10.198,10.358,559500
2010-10-08,10.36,10.382,10.25,10.352,447500
2010-10-11,10.348,10.364,10.286,10.286,504000
2010-10-12,10.284,10.45,10.206,10.428,540000
2010-10-13,10.48,10.648,10.478,10.586,180000
2010-10-14,10.606,10.606,10.494,10.558,191000
2010-10-15,10.636,10.636,10.496,10.622,221500
2010-10-18,10.602,10.602,10.524,10.588,240000
2010-10-19,10.444,10.5,10.338,10.41,2798500
2010-10-20,10.45,10.528,10.404,10.478,92000
2010-10-21,10.534,10.624,10.394,10.506,183500
2010-10-22,10.582,10.708,10.558,10.702,120500
2010-10-25,10.744,10.82,10.728,10.77,134000
2010-10-26,10.752,10.848,10.684,10.822,313000
2010-10-27,10.784,10.896,10.754,10.884,136000
2010-10-28,10.948,10.974,10.818,10.938,309500
2010-10-29,10.942,11.03,10.942,10.98,421500
2010-11-01,11.04,11.094,10.9,10.964,681000
2010-11-02,11.044,11.118,11.03,11.106,206500
2010-11-03,11.118,11.118,10.962,11.052,776500
2010-11-04,11.2,11.236,11.136,11.184,1304500
2010-11-05,11.232,11.25,11.138,11.166,386000
2010-11-08,11.174,11.234,11.112,11.202,93500
2010-11-09,11.232,11.266,11.15,11.162,73500
2010-11-10,11.166,11.252,11.116,11.238,60000
2010-11-11,11.108,11.216,11.0059996,11.196,318000
2010-11-12,11.122,11.152,10.96,11.026,220000
2010-11-15,11.054,11.082,10.994,10.994,296500
2010-11-16,10.908,10.914,10.75,10.796,94000
2010-11-17,10.796,10.904,10.794,10.858,147000
2010-11-18,10.93,11.106,10.93,11.016,284500
2010-11-19,10.994,11.096,10.994,11.058,235500
2010-11-22,11.0019999,11.18,10.982,11.174,201000
2010-11-23,11.066,11.082,10.894,10.99,218500
2010-11-24,11.078,11.254,11.078,11.214,108500
2010-11-26,11.15,11.212,11.082,11.194,114000
2010-11-29,11.122,11.134,10.976,11.096,255500
2010-11-30,10.978,11.058,10.944,11.018,269000
2010-12-01,11.156,11.336,11.156,11.298,232500
2010-12-02,11.336,11.426,11.308,11.426,149500
2010-12-03,11.398,11.534,11.394,11.524,149000
2010-12-06,11.496,11.532,11.444,11.512,154000
2010-12-07,11.664,11.664,11.53,11.534,496000
2010-12-08,11.58,11.65,11.55,11.644,106500
2010-12-09,11.71,11.71,11.6,11.62,140000
2010-12-10,11.636,11.748,11.616,11.742,235000
2010-12-13,11.77,11.77,11.642,11.642,117500
2010-12-14,11.656,11.688,11.602,11.622,103000
2010-12-15,11.616,11.706,11.528,11.572,130500
2010-12-16,11.586,11.714,11.572,11.708,201500
2010-12-17,11.786,11.792,11.736,11.746,250500
2010-12-20,11.738,11.782,11.646,11.724,244000
2010-12-21,11.792,11.846,11.768,11.838,405000
2010-12-22,11.846,11.846,11.762,11.786,1210000
2010-12-23,11.79,11.79,11.732,11.754,227000
2010-12-27,11.75,11.8,11.63,11.782,49500
2010-12-28,11.794,11.824,11.7,11.744,218000
2010-12-29,11.774,11.796,11.75,11.772,426500
2010-12-30,11.792,11.792,11.73,11.736,278000
2010-12-31,11.744,11.744,11.64,11.684,136000
2011-01-03,11.748,11.914,11.748,11.83,265000
2011-01-04,11.87,11.87,11.674,11.786,466500
2011-01-05,11.75,11.928,11.75,11.924,227500
2011-01-06,11.974,11.99,11.9,11.978,3453000
2011-01-07,11.994,11.994,11.756,11.884,368000
2011-01-10,11.83,11.96,11.756,11.938,679500
2011-01-11,11.992,12.0019999,11.906,11.914,269000
2011-01-12,11.982,12.0039997,11.944,11.976,838000
2011-01-13,11.98,12.0,11.92,11.98,1345000
2011-01-14,11.992,12.088,11.972,12.082,186500
2011-01-18,12.078,12.176,12.078,12.168,607500
2011-01-19,12.172,12.178,12.028,12.074,392000
2011-01-20,12.0019999,12.0019999,11.762,11.886,1732500
2011-01-21,11.906,11.97,11.818,11.822,487500
2011-01-24,11.824,11.882,11.742,11.844,839500
2011-01-25,11.788,11.788,11.66,11.73,2910000
2011-01-26,11.76,11.888,11.752,11.86,243500
2011-01-27,11.9,11.962,11.858,11.9,670000
2011-01-28,11.936,11.998,11.6,11.684,334500
2011-01-31,11.718,11.784,11.656,11.768,694500
2011-02-01,11.81,12.044,11.81,12.0,529000
2011-02-02,11.97,12.166,11.97,12.126,421000
2011-02-03,12.102,12.14,11.982,12.118,211500
2011-02-04,12.124,12.206,12.07,12.196,445500
2011-02-07,12.224,12.3,12.184,12.26,668000
2011-02-08,12.298,12.298,12.2,12.286,484000
2011-02-09,12.284,12.284,12.142,12.172,344500
2011-02-10,12.12,12.322,12.08,12.306,182000
2011-02-11,12.3,12.39,12.276,12.382,139500
2011-02-14,12.386,12.458,12.386,12.444,277500
2011-02-15,12.42,12.458,12.348,12.37,143500
2011-02-16,12.35,12.488,12.35,12.448,244000
2011-02-17,12.424,12.508,12.404,12.492,259000
2011-02-18,12.518,12.62,12.504,12.574,240500
2011-02-22,12.472,12.472,12.18,12.19,1322000
2011-02-23,12.162,12.178,11.86,11.954,961500
2011-02-24,11.984,12.104,11.874,12.03,289000
2011-02-25,12.174,12.32,12.174,12.284,758000
2011-02-28,12.322,12.322,12.122,12.226,370500
2011-03-01,12.256,12.256,11.88,11.926,842000
2011-03-02,11.878,12.098,11.878,11.994,416500
2011-03-03,12.086,12.268,12.086,12.222,314000
2011-03-04,12.238,12.244,12.094,12.172,367000
2011-03-07,12.232,12.25,11.892,11.992,421500
2011-03-08,12.0019999,12.204,11.952,12.14,313500
2011-03-09,12.118,12.196,12.032,12.148,736000
2011-03-10,12.0039997,12.0039997,11.84,11.906,337000
2011-03-11,11.838,11.978,11.798,11.944,287500
2011-03-14,11.89,11.93,11.758,11.87,248000
2011-03-15,11.514,11.778,11.432,11.714,1009500
2011-03-16,11.624,11.746,11.464,11.504,852500
2011-03-17,11.618,11.65,11.492,11.51,567000
2011-03-18,11.666,11.708,11.538,11.57,169000
2011-03-21,11.7,11.904,11.7,11.834,334000
2011-03-22,11.844,11.844,11.75,11.782,484000
2011-03-23,11.728,11.874,11.642,11.836,166500
2011-03-24,11.962,12.208,11.962,12.18,455500
2011-03-25,12.298,12.32,12.196,12.196,2691000
2011-03-28,12.242,12.242,12.132,12.14,651000
2011-03-29,12.14,12.238,12.09,12.22,317000
2011-03-30,12.29,12.354,12.262,12.338,222500
2011-03-31,12.336,12.406,12.3,12.4,621500
2011-04-01,12.45,12.566,12.44,12.5,445000
2011-04-04,12.536,12.56,12.478,12.516,227000
2011-04-05,12.534,12.554,12.478,12.494,600500
2011-04-06,12.578,12.598,12.378,12.456,271500
2011-04-07,12.44,12.522,12.362,12.434,194000
2011-04-08,12.494,12.504,12.308,12.384,192000
2011-04-11,12.466,12.484,12.346,12.402,703000
2011-04-12,12.374,12.374,12.244,12.27,414500
2011-04-13,12.382,12.452,12.328,12.414,548000
2011-04-14,12.32,12.41,12.256,12.404,803500
2011-04-15,12.37,12.488,12.34,12.474,611000
2011-04-18,12.36,12.36,12.122,12.244,882000
2011-04-19,12.262,12.28,12.17,12.256,1406500
2011-04-20,12.46,12.61,12.46,12.594,288000
2011-04-21,12.668,12.686,12.58,12.632,345000
2011-04-25,12.652,12.666,12.576,12.654,284000
2011-04-26,12.684,12.744,12.636,12.694,1766000
2011-04-27,12.706,12.796,12.62,12.796,192500
2011-04-28,12.808,12.916,12.808,12.874,537000
2011-04-29,12.864,12.898,12.81,12.892,350000
2011-05-02,12.942,12.942,12.756,12.776,215000
2011-05-03,12.77,12.778,12.566,12.674,255000
2011-05-04,12.632,12.638,12.408,12.52,365000
2011-05-05,12.466,12.694,12.448,12.486,1469500
2011-05-06,12.648,12.776,12.518,12.598,530500
2011-05-09,12.598,12.76,12.564,12.698,615000
2011-05-10,12.754,12.926,12.724,12.904,646000
2011-05-11,12.96,13.038,12.782,12.858,514500
2011-05-12,12.824,13.092,12.814,13.078,550000
2011-05-13,13.056,13.082,12.918,12.922,352000
2011-05-16,12.884,12.896,12.61,12.626,1056000
2011-05-17,12.56,12.662,12.52,12.64,833500
2011-05-18,12.626,12.826,12.582,12.788,459000
2011-05-19,12.824,12.896,12.746,12.868,475500
2011-05-20,12.91,12.964,12.822,12.882,358000
2011-05-23,12.7,12.7,12.532,12.6,278000
2011-05-24,12.636,12.66,12.518,12.558,2154500
2011-05-25,12.534,12.682,12.534,12.63,193500
2011-05-26,12.596,12.828,12.592,12.81,240500
2011-05-27,12.838,12.884,12.798,12.824,500000
2011-05-31,12.95,12.982,12.828,12.982,278000
2011-06-01,12.962,13.0059996,12.67,12.678,368000
2011-06-02,12.684,12.726,12.586,12.658,429500
2011-06-03,12.504,12.586,12.422,12.432,459500
2011-06-06,12.416,12.424,12.312,12.312,233000
2011-06-07,12.356,12.392,12.244,12.308,787500
2011-06-08,12.274,12.274,12.09,12.134,480500
2011-06-09,12.158,12.244,12.122,12.194,568500
2011-06-10,12.148,12.16,12.01,12.02,511000
2011-06-13,12.038,12.084,11.98,12.01,731500
2011-06-14,12.108,12.222,12.104,12.182,2136500
2011-06-15,12.074,12.116,11.914,11.914,865000
2011-06-16,11.912,11.944,11.732,11.846,505000
2011-06-17,11.942,11.994,11.838,11.856,443000
2011-06-20,11.844,12.0059996,11.83,11.98,326500
2011-06-21,12.038,12.292,12.02,12.284,643500
2011-06-22,12.214,12.284,12.16,12.17,508500
2011-06-23,12.104,12.28,12.0,12.28,492000
2011-06-24,12.232,12.24,12.082,12.102,197500
2011-06-27,12.102,12.352,12.036,12.3,2063000
2011-06-28,12.33,12.508,12.304,12.506,428000
2011-06-29,12.55,12.586,12.466,12.554,236000
2011-06-30,12.608,12.704,12.6,12.67,580500
2011-07-01,12.696,12.8,12.636,12.78,438500
2011-07-05,12.772,12.838,12.742,12.834,161500
2011-07-06,12.838,12.948,12.814,12.926,323000
2011-07-07,13.036,13.12,13.02,13.088,777000
2011-07-08,12.946,13.052,12.88,13.052,507000
2011-07-11,12.936,12.954,12.7,12.746,466500
2011-07-12,12.728,12.736,12.536,12.538,176000
2011-07-13,12.6,12.732,12.524,12.55,763500
2011-07-14,12.578,12.638,12.292,12.346,2096000
2011-07-15,12.402,12.42,12.292,12.388,550500
2011-07-18,12.334,12.344,12.122,12.222,1045500
2011-07-19,12.362,12.578,12.362,12.554,2366000
2011-07-20,12.554,12.554,12.296,12.326,870000
2011-07-21,12.362,12.448,12.242,12.288,748000
2011-07-22,12.32,12.454,12.288,12.438,737000
2011-07-25,12.318,12.45,12.28,12.37,471000
2011-07-26,12.372,12.43,12.282,12.374,1850000
2011-07-27,12.298,12.298,11.924,11.942,206500
2011-07-28,11.924,12.066,11.878,11.928,3363000
2011-07-29,11.824,11.96,11.716,11.818,480500
2011-08-01,11.972,11.986,11.576,11.712,691500
2011-08-02,11.658,11.794,11.472,11.472,441000
2011-08-03,11.492,11.626,11.268,11.62,1138500
2011-08-04,11.514,11.514,11.032,11.032,1345500
2011-08-05,11.122,11.174,10.564,10.876,4862500
2011-08-08,10.534,10.696,10.042,10.046,1066000
2011-08-09,10.144,10.616,9.972,10.616,1000500
2011-08-10,10.386,10.48,10.088,10.09,533500
2011-08-11,10.148,10.706,10.148,10.566,912000
2011-08-12,10.642,10.704,10.492,10.622,216500
2011-08-15,10.7,10.834,10.638,10.834,369500
2011-08-16,10.738,10.768,10.53,10.656,256000
2011-08-17,10.7,10.782,10.434,10.516,478000
2011-08-18,10.252,10.252,9.772,9.844,269000
2011-08-19,9.824,10.04,9.64,9.646,1614000
2011-08-22,9.864,9.928,9.698,9.74,501000
2011-08-23,9.8,10.176,9.738,10.172,303500
2011-08-24,10.152,10.284,10.072,10.264,474500
2011-08-25,10.278,10.344,10.022,10.048,578500
2011-08-26,10.022,10.426,9.95,10.392,277000
2011-08-29,10.498,10.822,10.498,10.82,343000
2011-08-30,10.756,10.912,10.704,10.848,701000
2011-08-31,10.922,11.142,10.882,10.976,246000
2011-09-01,11.0019999,11.096,10.79,10.796,514000
2011-09-02,10.596,10.61,10.402,10.482,215500
2011-09-06,10.208,10.36,10.084,10.346,230000
2011-09-07,10.484,10.718,10.484,10.712,144000
2011-09-08,10.678,10.728,10.522,10.548,241000
2011-09-09,10.394,10.51,10.22,10.304,148500
2011-09-12,10.18,10.46,10.174,10.46,188500
2011-09-13,10.484,10.64,10.446,10.622,163000
2011-09-14,10.672,11.018,10.608,10.902,221500
2011-09-15,10.99,11.116,10.918,11.094,294500
2011-09-16,11.126,11.158,11.06,11.144,262000
2011-09-19,11.0,11.128,10.858,11.064,1076500
2011-09-20,11.098,11.162,10.85,10.85,1193500
2011-09-21,10.954,11.108,10.752,10.752,979500
2011-09-22,10.478,10.562,10.172,10.346,599500
2011-09-23,10.266,10.52,10.23,10.516,196000
2011-09-26,10.574,10.734,10.35,10.72,209500
2011-09-27,10.916,11.098,10.89,10.962,552000
2011-09-28,11.0,11.046,10.71,10.71,126000
2011-09-29,10.956,10.982,10.492,10.73,465500
2011-09-30,10.566,10.696,10.432,10.434,279500
2011-10-03,10.318,10.466,10.044,10.05,901000
2011-10-04,9.914,10.396,9.872,10.396,703000
2011-10-05,10.302,10.658,10.28,10.628,685500
2011-10-06,10.596,10.912,10.54,10.91,390000
2011-10-07,10.934,10.97,10.756,10.798,395500
2011-10-10,10.972,11.166,10.952,11.162,361000
2011-10-11,11.108,11.294,11.108,11.256,948000
2011-10-12,11.36,11.47,11.326,11.346,564000
2011-10-13,11.292,11.482,11.284,11.458,541000
2011-10-14,11.598,11.692,11.524,11.668,279000
2011-10-17,11.656,11.66,11.39,11.418,572000
2011-10-18,11.412,11.706,11.274,11.646,694000
2011-10-19,11.68,11.68,11.428,11.438,344000
2011-10-20,11.422,11.482,11.196,11.444,918500
2011-10-21,11.574,11.63,11.5,11.63,674000
2011-10-24,11.652,11.964,11.652,11.948,512500
2011-10-25,11.9,11.934,11.744,11.766,1633500
2011-10-26,11.854,11.864,11.508,11.748,323000
2011-10-27,12.096,12.29,11.928,12.204,682500
2011-10-28,12.072,12.298,12.072,12.278,476000
2011-10-31,12.18,12.18,12.0039997,12.0039997,1601500
2011-11-01,11.728,11.806,11.544,11.632,1986000
2011-11-02,11.752,11.882,11.668,11.806,369000
2011-11-03,11.904,12.196,11.808,12.17,498000
2011-11-04,12.102,12.184,11.966,12.13,1035000
2011-11-07,12.098,12.162,11.866,12.146,632000
2011-11-08,12.236,12.324,12.07,12.294,263000
2011-11-09,11.896,11.902,11.638,11.662,1737500
2011-11-10,11.77,11.778,11.548,11.716,325500
2011-11-11,11.862,12.0039997,11.844,11.956,937000
2011-11-14,11.966,12.06,11.9,11.938,109500
2011-11-15,11.906,12.156,11.87,12.102,206000
2011-11-16,12.02,12.168,11.89,11.9,90500
2011-11-17,11.906,11.906,11.486,11.554,1773500
2011-11-18,11.526,11.526,11.336,11.366,1256000
2011-11-21,11.212,11.212,10.984,11.142,1201000
2011-11-22,11.078,11.154,10.956,11.024,646500
2011-11-23,10.934,10.938,10.73,10.73,683000
2011-11-25,10.688,10.816,10.648,10.648,61000
2011-11-28,10.922,11.146,10.922,11.102,674500
2011-11-29,11.104,11.164,10.986,11.0019999,225500
2011-11-30,11.348,11.562,11.348,11.562,2731000
2011-12-01,11.516,11.628,11.5,11.538,863000
2011-12-02,11.644,11.67,11.498,11.502,268000
2011-12-05,11.748,11.952,11.73,11.862,476500
2011-12-06,11.852,11.876,11.774,11.802,159000
2011-12-07,11.744,11.756,11.546,11.726,381500
2011-12-08,11.642,11.696,11.454,11.458,219000
2011-12-09,11.484,11.778,11.484,11.754,369500
2011-12-12,11.526,11.526,11.404,11.518,3210000
2011-12-13,11.608,11.656,11.24,11.286,3200000
2011-12-14,11.22,11.242,10.968,11.02,300000
2011-12-15,11.12,11.13,10.934,11.0080004,189500
2011-12-16,11.074,11.324,11.074,11.124,1601000
2011-12-19,11.18,11.18,10.854,10.884,59000
2011-12-20,11.024,11.184,11.024,11.17,175500
2011-12-21,11.0,11.0,10.536,10.716,1359000
2011-12-22,10.738,10.83,10.716,10.828,730000
2011-12-23,10.854,10.896,10.774,10.896,4636500
2011-12-27,10.872,10.98,10.872,10.922,430500
2011-12-28,10.924,10.924,10.732,10.756,263500
2011-12-29,10.762,10.874,10.762,10.858,417000
2011-12-30,10.834,10.888,10.814,10.824,253000
2012-01-03,11.034,11.126,10.9,10.9,477500
2012-01-04,10.866,10.868,10.758,10.808,1447500
2012-01-05,10.798,10.986,10.752,10.936,1207000
2012-01-06,10.924,10.994,10.864,10.974,532000
2012-01-09,10.998,10.998,10.836,10.942,346500
2012-01-10,11.04,11.14,11.04,11.1,162500
2012-01-11,11.106,11.188,11.106,11.172,467500
2012-01-12,11.208,11.248,11.132,11.242,725000
2012-01-13,11.188,11.188,11.05,11.16,473000
2012-01-17,11.27,11.306,11.166,11.208,674000
2012-01-18,11.21,11.464,11.192,11.464,241000
2012-01-19,11.514,11.662,11.514,11.636,238000
2012-01-20,11.638,11.736,11.638,11.726,233500
2012-01-23,11.752,11.818,11.576,11.686,928500
2012-01-24,11.65,11.804,11.65,11.79,347500
2012-01-25,11.862,11.892,11.748,11.872,1117500
2012-01-26,11.924,12.022,11.77,11.82,1450500
2012-01-27,11.794,11.918,11.794,11.876,70500
2012-01-30,11.796,11.886,11.71,11.82,818000
2012-01-31,11.886,11.886,11.774,11.836,110500
2012-02-01,11.914,12.096,11.874,12.062,124000
2012-02-02,12.098,12.24,12.098,12.144,285500
2012-02-03,12.276,12.394,12.276,12.364,141500
2012-02-06,12.332,12.35,12.286,12.308,135000
2012-02-07,12.302,12.384,12.25,12.36,85500
2012-02-08,12.376,12.38,12.254,12.38,225000
2012-02-09,12.412,12.538,12.386,12.534,212500
2012-02-10,12.416,12.416,12.3,12.352,1064000
2012-02-13,12.432,12.502,12.4,12.466,417500
2012-02-14,12.456,12.512,12.416,12.512,123500
2012-02-15,12.562,12.584,12.4,12.434,218000
2012-02-16,12.456,12.68,12.456,12.664,337000
2012-02-17,12.69,12.69,12.53,12.536,228500
2012-02-21,12.548,12.568,12.402,12.454,2530500
2012-02-22,12.49,12.614,12.474,12.484,96000
2012-02-23,12.466,12.572,12.37,12.548,390000
2012-02-24,12.654,12.752,12.632,12.694,337500
2012-02-27,12.602,12.732,12.524,12.686,149000
2012-02-28,12.67,12.748,12.624,12.688,220500
2012-02-29,12.7,12.756,12.594,12.604,159000
2012-03-01,12.614,12.802,12.614,12.768,200000
2012-03-02,12.758,12.79,12.636,12.678,212000
2012-03-05,12.652,12.66,12.474,12.546,248500
2012-03-06,12.434,12.452,12.306,12.348,385500
2012-03-07,12.382,12.502,12.358,12.484,232000
2012-03-08,12.576,12.682,12.554,12.668,91000
2012-03-09,12.698,12.806,12.688,12.786,259500
2012-03-12,12.796,12.808,12.716,12.792,188500
2012-03-13,12.868,13.088,12.852,13.088,802500
2012-03-14,13.102,13.102,12.938,12.984,366500
2012-03-15,13.0,13.108,12.948,13.108,237000
2012-03-16,13.118,13.118,13.028,13.046,213500
2012-03-19,13.038,13.154,12.982,13.084,1180000
2012-03-20,12.988,12.99,12.89,12.968,255000
2012-03-21,13.016,13.104,13.016,13.05,361000
2012-03-22,12.948,12.968,12.862,12.94,352000
2012-03-23,12.94,12.97,12.854,12.962,174500
2012-03-26,13.048,13.226,13.046,13.214,213000
2012-03-27,13.24,13.24,13.164,13.17,179000
2012-03-28,13.156,13.206,12.978,13.06,250000
2012-03-29,13.024,13.212,13.024,13.188,311500
2012-03-30,13.198,13.218,13.106,13.174,264500
2012-04-02,13.124,13.346,13.074,13.318,2913500
2012-04-03,13.302,13.34,13.176,13.272,2562000
2012-04-04,13.1,13.144,12.964,13.042,429000
2012-04-05,12.97,13.074,12.924,13.066,605000
2012-04-09,12.852,12.928,12.78,12.878,1012000
2012-04-10,12.866,12.892,12.584,12.602,599500
2012-04-11,12.672,12.766,12.636,12.724,698000
2012-04-12,12.744,12.94,12.744,12.924,462000
2012-04-13,12.89,12.978,12.868,12.886,255000
2012-04-16,12.958,12.958,12.738,12.822,435000
2012-04-17,12.898,13.108,12.898,13.05,1436000
2012-04-18,12.99,13.066,12.944,13.0080004,735500
2012-04-19,12.98,13.222,12.844,12.938,470500
2012-04-20,12.97,13.056,12.904,12.908,831000
2012-04-23,12.774,12.774,12.584,12.742,385500
2012-04-24,12.708,12.708,12.45,12.496,217500
2012-04-25,12.588,12.77,12.588,12.738,1104000
2012-04-26,12.83,13.074,12.83,13.024,395000
2012-04-27,13.038,13.118,12.968,13.064,432000
2012-04-30,13.04,13.042,12.952,12.972,140000
2012-05-01,12.972,13.19,12.972,13.088,252500
2012-05-02,12.942,13.162,12.942,13.146,115000
2012-05-03,13.138,13.212,12.978,13.014,765000
2012-05-04,12.914,12.914,12.654,12.688,251500
2012-05-07,12.61,12.672,12.57,12.612,190000
2012-05-08,12.508,12.524,12.256,12.506,1777500
2012-05-09,12.366,12.572,12.294,12.528,485000
2012-05-10,12.596,12.596,12.19,12.274,208500
2012-05-11,12.232,12.47,12.232,12.37,110000
2012-05-14,12.25,12.386,12.222,12.272,115000
2012-05-15,12.308,12.504,12.28,12.316,165000
2012-05-16,12.356,12.356,12.136,12.168,331000
2012-05-17,12.162,12.182,11.972,11.976,356500
2012-05-18,12.0080004,12.016,11.796,11.822,900500
2012-05-21,11.818,12.134,11.69,12.116,304500
2012-05-22,12.126,12.25,12.094,12.224,975000
2012-05-23,12.102,12.276,11.994,12.252,235000
2012-05-24,12.256,12.256,11.988,12.076,450500
2012-05-25,12.09,12.162,12.064,12.088,119000
2012-05-29,12.162,12.262,12.05,12.158,1969000
2012-05-30,12.04,12.048,11.91,11.964,172000
2012-05-31,11.95,11.96,11.746,11.894,271500
2012-06-01,11.634,11.71,11.502,11.502,215000
2012-06-04,11.516,11.608,11.4,11.552,1045500
2012-06-05,11.512,11.754,11.512,11.74,319000
2012-06-06,11.832,12.112,11.824,12.094,54000
2012-06-07,12.244,12.244,11.966,11.982,787500
2012-06-08,11.968,12.06,11.872,12.044,61000
2012-06-11,12.134,12.134,11.77,11.778,120500
2012-06-12,11.79,11.866,11.73,11.862,70500
2012-06-13,11.826,11.912,11.732,11.75,99000
2012-06-14,11.764,11.852,11.642,11.83,143500
2012-06-15,11.86,12.15,11.86,12.138,202500
2012-06-18,12.06,12.204,11.952,12.178,123500
2012-06-19,12.282,12.438,12.282,12.348,160500
2012-06-20,12.312,12.418,12.25,12.344,132500
2012-06-21,12.288,12.288,11.942,11.96,2793500
2012-06-22,11.988,12.184,11.988,12.162,2648500
2012-06-25,12.02,12.02,11.846,11.896,217000
2012-06-26,12.0,12.03,11.908,12.0039997,131000
2012-06-27,12.058,12.132,12.018,12.078,140000
2012-06-28,12.022,12.026,11.754,11.902,775500
2012-06-29,12.158,12.426,12.158,12.422,300500
2012-07-02,12.442,12.442,12.328,12.436,379000
2012-07-03,12.428,12.566,12.424,12.566,46000
2012-07-05,12.524,12.572,12.478,12.538,152000
2012-07-06,12.338,12.338,11.932,12.022,287000
2012-07-09,12.018,12.036,11.792,11.83,147000
2012-07-10,11.902,11.976,11.666,11.716,353000
2012-07-11,11.714,11.802,11.568,11.654,820500
2012-07-12,11.604,11.624,11.438,11.564,184500
2012-07-13,11.6,11.792,11.598,11.778,345500
2012-07-16,11.74,11.766,11.642,11.7,136500
2012-07-17,11.638,11.762,11.576,11.728,108500
2012-07-18,11.724,12.072,11.724,12.032,512000
2012-07-19,12.078,12.25,12.078,12.222,263500
2012-07-20,12.178,12.178,11.956,11.962,187000
2012-07-23,11.734,11.742,11.584,11.716,104000
2012-07-24,11.708,11.708,11.464,11.52,1670500
2012-07-25,11.584,11.748,11.56,11.642,168000
2012-07-26,11.794,11.926,11.734,11.806,159000
2012-07-27,11.874,12.176,11.874,12.132,64500
2012-07-30,12.142,12.142,11.894,11.934,96500
2012-07-31,11.934,11.992,11.876,11.884,104000
2012-08-01,11.858,11.892,11.752,11.78,81500
2012-08-02,11.69,11.864,11.618,11.758,184000
2012-08-03,11.958,12.132,11.906,12.106,180000
2012-08-06,12.158,12.328,12.146,12.276,412500
2012-08-07,12.334,12.53,12.334,12.448,59000
2012-08-08,12.424,12.478,12.39,12.406,199000
2012-08-09,12.454,12.51,12.416,12.46,297000
2012-08-10,12.442,12.506,12.416,12.506,44500
2012-08-13,12.52,12.532,12.378,12.446,238000
2012-08-14,12.488,12.49,12.336,12.354,336000
2012-08-15,12.39,12.5,12.39,12.486,184000
2012-08-16,12.586,12.744,12.55,12.72,150500
2012-08-17,12.756,12.804,12.72,12.792,86000
2012-08-20,12.762,12.762,12.634,12.692,106500
2012-08-21,12.768,12.824,12.67,12.714,180000
2012-08-22,12.652,12.772,12.648,12.732,353000
2012-08-23,12.692,12.726,12.596,12.66,1149500
2012-08-24,12.514,12.634,12.458,12.612,252000
2012-08-27,12.64,12.714,12.582,12.622,255500
2012-08-28,12.622,12.676,12.572,12.618,75500
2012-08-29,12.666,12.682,12.568,12.656,50000
2012-08-30,12.6,12.6,12.454,12.48,100000
2012-08-31,12.604,12.618,12.41,12.596,66000
2012-09-04,12.586,12.702,12.496,12.67,97000
2012-09-05,12.658,12.712,12.61,12.706,44500
2012-09-06,12.774,13.104,12.732,13.064,200000
2012-09-07,13.046,13.056,12.998,13.018,110500
2012-09-10,12.986,13.042,12.964,12.984,78000
2012-09-11,12.954,13.034,12.94,13.012,84000
2012-09-12,13.042,13.106,13.014,13.058,95500
2012-09-13,13.05,13.254,13.022,13.176,371000
2012-09-14,13.19,13.344,13.19,13.308,95500
2012-09-17,13.302,13.302,13.214,13.24,119000
2012-09-18,13.198,13.248,13.138,13.14,93500
2012-09-19,13.162,13.174,13.092,13.146,98500
2012-09-20,13.078,13.142,13.056,13.128,367500
2012-09-21,13.194,13.228,13.088,13.094,107000
2012-09-24,13.034,13.034,12.9,12.948,95000
2012-09-25,12.972,12.972,12.708,12.708,111500
2012-09-26,12.692,12.692,12.464,12.564,528500
2012-09-27,12.614,12.806,12.596,12.768,207500
2012-09-28,12.8,12.802,12.678,12.74,89000
2012-10-01,12.774,12.774,12.566,12.618,611500
2012-10-02,12.658,12.726,12.6,12.668,198000
2012-10-03,12.706,12.794,12.67,12.736,66000
2012-10-04,12.658,12.736,12.566,12.726,345000
2012-10-05,12.808,12.82,12.606,12.622,108000
2012-10-08,12.556,12.632,12.492,12.524,372500
2012-10-09,12.426,12.448,12.294,12.31,105000
2012-10-10,12.316,12.344,12.22,12.256,189000
2012-10-11,12.344,12.43,12.274,12.32,134500
2012-10-12,12.334,12.42,12.304,12.378,48000
2012-10-15,12.404,12.454,12.336,12.452,366000
2012-10-16,12.468,12.632,12.468,12.624,1142500
2012-10-17,12.542,12.556,12.388,12.416,497000
2012-10-18,12.4,12.416,12.318,12.342,107500
2012-10-19,12.296,12.314,12.094,12.116,1201000
2012-10-22,12.122,12.136,12.0,12.086,580500
2012-10-23,11.968,12.176,11.94,12.134,775000
2012-10-24,12.19,12.206,12.04,12.086,118500
2012-10-25,12.206,12.244,11.982,12.062,407000
2012-10-26,12.058,12.106,11.972,12.058,112500
2012-10-31,12.096,12.122,12.04,12.086,677500
2012-11-01,12.11,12.368,12.082,12.364,1797500
2012-11-02,12.42,12.42,12.274,12.284,61500
2012-11-05,12.252,12.294,12.194,12.274,130500
2012-11-06,12.308,12.464,12.308,12.38,217000
2012-11-07,12.29,12.296,12.1,12.108,175000
2012-11-08,12.094,12.094,11.926,11.926,179000
2012-11-09,11.896,12.042,11.878,11.916,268000
2012-11-12,11.942,11.942,11.822,11.842,584500
2012-11-13,11.772,11.824,11.728,11.748,176500
2012-11-14,11.784,11.822,11.604,11.616,162500
2012-11-15,11.616,11.68,11.576,11.658,603500
2012-11-16,11.682,11.78,11.598,11.77,189000
2012-11-19,11.852,11.924,11.846,11.92,230500
2012-11-20,11.892,11.892,11.758,11.82,306500
2012-11-21,11.852,12.018,11.852,12.018,82500
2012-11-23,12.052,12.148,12.05,12.138,40500
2012-11-26,12.082,12.156,12.054,12.146,44500
2012-11-27,12.146,12.18,12.076,12.076,274000
2012-11-28,12.052,12.226,11.968,12.222,177000
2012-11-29,12.324,12.338,12.276,12.316,164500
2012-11-30,12.306,12.33,12.262,12.324,106500
2012-12-03,12.35,12.372,12.234,12.244,164000
2012-12-04,12.278,12.292,12.186,12.276,53000
2012-12-05,12.236,12.236,12.064,12.194,284000
2012-12-06,12.176,12.264,12.176,12.226,176000
2012-12-07,12.264,12.264,12.158,12.24,91500
2012-12-10,12.32,12.356,12.302,12.322,222000
2012-12-11,12.368,12.562,12.352,12.536,77000
2012-12-12,12.6,12.6,12.47,12.482,217500
2012-12-13,12.484,12.532,12.356,12.406,339500
2012-12-14,12.42,12.522,12.42,12.486,207500
2012-12-17,12.482,12.658,12.482,12.624,215000
2012-12-18,12.656,12.798,12.656,12.798,223500
2012-12-19,12.842,12.908,12.806,12.806,167000
2012-12-20,12.816,12.816,12.746,12.776,174500
2012-12-21,12.67,12.75,12.612,12.74,93500
2012-12-24,12.714,12.714,12.65,12.696,67500
2012-12-26,12.702,12.756,12.576,12.596,123500
2012-12-27,12.598,12.608,12.414,12.566,211000
2012-12-28,12.476,12.558,12.464,12.494,138000
2012-12-31,12.426,12.65,12.416,12.606,290500
2013-01-02,12.904,13.0019999,12.84,12.988,286500
2013-01-03,12.982,12.982,12.788,12.82,154500
2013-01-04,12.856,12.932,12.838,12.9,143500
2013-01-07,12.878,12.878,12.814,12.846,134500
2013-01-08,12.828,12.874,12.754,12.846,113000
2013-01-09,12.9,13.0,12.898,12.98,150000
2013-01-10,13.05,13.052,12.89,13.018,1156000
2013-01-11,13.02,13.104,13.012,13.102,68500
2013-01-14,13.1,13.144,13.068,13.138,170500
2013-01-15,13.07,13.19,13.036,13.172,852500
2013-01-16,13.15,13.168,13.08,13.088,872500
2013-01-17,13.136,13.198,13.124,13.15,93500
2013-01-18,13.108,13.132,13.04,13.122,477000
2013-01-22,13.128,13.128,13.0,13.054,122000
2013-01-23,13.176,13.248,13.156,13.188,524500
2013-01-24,13.184,13.384,13.184,13.264,566000
2013-01-25,13.334,13.526,13.334,13.504,569500
2013-01-28,13.556,13.6,13.534,13.552,237500
2013-01-29,13.344,13.38,13.248,13.352,463000
2013-01-30,13.362,13.408,13.25,13.262,306500
2013-01-31,13.35,13.466,13.304,13.346,204000
2013-02-01,13.42,13.558,13.41,13.52,360500
2013-02-04,13.428,13.494,13.308,13.316,163500
2013-02-05,13.398,13.47,13.35,13.44,138000
2013-02-06,13.41,13.452,13.354,13.414,300500
2013-02-07,13.388,13.394,13.252,13.342,128000
2013-02-08,13.35,13.45,13.096,13.412,41000
2013-02-11,13.438,13.438,13.336,13.39,135500
2013-02-12,13.384,13.488,13.382,13.464,511500
2013-02-13,13.446,13.448,13.33,13.406,1553000
2013-02-14,13.372,13.442,13.346,13.428,80000
2013-02-15,13.462,13.526,13.432,13.482,103500
2013-02-19,13.5,13.584,13.498,13.584,126500
2013-02-20,13.59,13.61,13.42,13.426,111000
2013-02-21,13.38,13.38,13.228,13.254,188000
2013-02-22,13.346,13.44,13.314,13.44,121000
2013-02-25,13.496,13.542,13.214,13.216,121000
2013-02-26,13.244,13.278,13.148,13.228,124000
2013-02-27,13.232,13.468,13.216,13.416,105500
2013-02-28,13.376,13.492,13.374,13.41,157000
2013-03-01,13.4,13.566,13.314,13.556,167000
2013-03-04,13.536,13.726,13.462,13.718,133000
2013-03-05,13.772,13.902,13.772,13.894,265500
2013-03-06,13.922,13.99,13.918,13.964,231000
2013-03-07,13.984,14.012,13.952,14.0039997,75500
2013-03-08,14.028,14.062,13.944,14.02,129000
2013-03-11,13.992,14.056,13.968,14.05,328000
2013-03-12,13.984,13.988,13.898,13.976,187500
2013-03-13,14.0,14.042,13.95,14.012,94000
2013-03-14,14.068,14.142,14.068,14.122,229000
2013-03-15,14.11,14.11,13.996,14.01,82000
2013-03-18,13.834,13.992,13.814,13.902,95000
2013-03-19,13.924,13.932,13.662,13.742,244500
2013-03-20,13.904,13.924,13.828,13.892,150500
2013-03-21,13.698,13.808,13.652,13.748,254000
2013-03-22,13.738,13.774,13.676,13.762,451500
2013-03-25,13.788,13.796,13.54,13.606,1389000
2013-03-26,13.674,13.74,13.614,13.664,650000
2013-03-27,13.614,13.76,13.602,13.744,395500
2013-03-28,13.7,13.89,13.7,13.882,179500
2013-04-01,13.884,13.884,13.666,13.704,110500
2013-04-02,13.802,13.818,13.716,13.742,96000
2013-04-03,13.774,13.774,13.504,13.528,103500
2013-04-04,13.512,13.52,13.432,13.514,503500
2013-04-05,13.28,13.4,13.202,13.384,329500
2013-04-08,13.382,13.412,13.284,13.406,273500
2013-04-09,13.434,13.512,13.352,13.47,439000
2013-04-10,13.498,13.764,13.498,13.748,298000
2013-04-11,13.684,13.684,13.59,13.616,202500
2013-04-12,13.582,13.62,13.458,13.618,131000
2013-04-15,13.568,13.594,13.34,13.35,174500
2013-04-16,13.412,13.592,13.412,13.57,108000
2013-04-17,13.5,13.5,13.262,13.336,650000
2013-04-18,13.358,13.368,13.154,13.178,221500
2013-04-19,13.218,13.282,13.104,13.23,137500
2013-04-22,13.266,13.332,13.19,13.302,77500
2013-04-23,13.382,13.504,13.352,13.454,94500
2013-04-24,13.442,13.546,13.442,13.546,109000
2013-04-25,13.416,13.558,13.406,13.488,458000
2013-04-26,13.482,13.54,13.472,13.518,225000
2013-04-29,13.542,13.684,13.542,13.66,177000
2013-04-30,13.606,13.644,13.478,13.638,926000
2013-05-01,13.63,13.74,13.546,13.554,351000
2013-05-02,13.556,13.728,13.556,13.708,280500
2013-05-03,13.784,13.928,13.784,13.876,153000
2013-05-06,13.888,13.938,13.88,13.932,132000
2013-05-07,13.966,14.016,13.86,13.918,137500
2013-05-08,13.848,13.96,13.844,13.95,63500
2013-05-09,13.878,13.922,13.832,13.844,258500
2013-05-10,13.914,14.018,13.904,14.012,92000
2013-05-13,13.986,13.986,13.902,13.928,255500
2013-05-14,13.982,14.086,13.97,14.086,217000
2013-05-15,14.078,14.164,14.078,14.162,127500
2013-05-16,14.166,14.326,14.166,14.234,146500
2013-05-17,14.218,14.334,14.18,14.334,180500
2013-05-20,14.312,14.336,14.248,14.27,169500
2013-05-21,14.306,14.318,14.236,14.238,1428500
2013-05-22,14.218,14.328,13.922,13.984,375500
2013-05-23,13.8,14.012,13.78,13.954,1393500
2013-05-24,13.816,13.852,13.694,13.852,191000
2013-05-28,13.962,14.072,13.934,14.0080004,562000
2013-05-29,13.94,13.994,13.81,13.94,5744500
2013-05-30,13.934,14.088,13.934,14.06,488500
2013-05-31,13.938,14.088,13.836,13.9,3548500
2013-06-03,13.91,13.928,13.714,13.87,509000
2013-06-04,13.812,13.9,13.678,13.718,311500
2013-06-05,13.706,13.748,13.592,13.596,180000
2013-06-06,13.604,13.7,13.508,13.7,220000
2013-06-07,13.756,13.912,13.734,13.912,68000
2013-06-10,13.918,13.918,13.8,13.83,110000
2013-06-11,13.668,13.772,13.628,13.636,63500
2013-06-12,13.744,13.744,13.53,13.558,158000
2013-06-13,13.546,13.7,13.488,13.686,2185500
2013-06-14,13.676,13.714,13.58,13.58,517000
2013-06-17,13.716,13.82,13.67,13.754,95000
2013-06-18,13.794,13.858,13.764,13.822,446000
2013-06-19,13.886,13.904,13.772,13.78,86000
2013-06-20,13.644,13.674,13.454,13.476,1576000
2013-06-21,13.44,13.44,13.216,13.338,771000
2013-06-24,13.248,13.262,13.076,13.176,572500
2013-06-25,13.244,13.328,13.178,13.274,335500
2013-06-26,13.346,13.46,13.346,13.424,475500
2013-06-27,13.494,13.692,13.492,13.65,838500
2013-06-28,13.598,13.668,13.506,13.596,212500
2013-07-01,13.666,13.79,13.662,13.672,100500
2013-07-02,13.656,13.71,13.532,13.62,201500
2013-07-03,13.54,13.76,13.54,13.7,33500
2013-07-05,13.792,13.912,13.706,13.912,127000
2013-07-08,13.97,13.992,13.872,13.898,283000
2013-07-09,13.94,14.0039997,13.88,13.99,719500
2013-07-10,13.978,14.106,13.978,14.096,792500
2013-07-11,14.216,14.406,14.216,14.406,188000
2013-07-12,14.384,14.496,14.384,14.456,815500
2013-07-15,14.47,14.492,14.386,14.492,52000
2013-07-16,14.502,14.502,14.434,14.452,62000
2013-07-17,14.508,14.548,14.45,14.492,171500
2013-07-18,14.554,14.604,14.478,14.504,63000
2013-07-19,14.338,14.386,14.296,14.344,202000
2013-07-22,14.346,14.358,14.304,14.334,91500
2013-07-23,14.382,14.416,14.348,14.366,115500
2013-07-24,14.508,14.59,14.468,14.468,126000
2013-07-25,14.522,14.522,14.416,14.51,58500
2013-07-26,14.44,14.474,14.33,14.472,57000
2013-07-29,14.43,14.466,14.388,14.44,32000
2013-07-30,14.478,14.588,14.478,14.538,61500
2013-07-31,14.582,14.732,14.582,14.664,118000
2013-08-01,14.73,14.906,14.728,14.888,374000
2013-08-02,14.856,14.88,14.804,14.866,147000
2013-08-05,14.834,14.928,14.834,14.894,199000
2013-08-06,14.882,14.882,14.75,14.8,529500
2013-08-07,14.78,14.782,14.652,14.756,853500
2013-08-08,14.816,14.922,14.772,14.894,1836500
2013-08-09,14.882,14.944,14.832,14.88,279000
2013-08-12,14.844,14.982,14.808,14.958,252500
2013-08-13,14.972,15.028,14.862,15.0,136500
2013-08-14,14.956,15.0019999,14.92,14.968,106500
2013-08-15,14.816,14.816,14.646,14.668,263000
2013-08-16,14.636,14.718,14.63,14.638,195500
2013-08-19,14.622,14.702,14.508,14.518,664500
2013-08-20,14.516,14.666,14.494,14.598,599000
2013-08-21,14.544,14.69,14.524,14.548,1141000
2013-08-22,14.586,14.98,14.502,14.74,2899000
2013-08-23,14.844,14.91,14.814,14.842,261000
2013-08-26,14.822,14.934,14.814,14.83,150000
2013-08-27,14.65,14.68,14.48,14.506,290000
2013-08-28,14.542,14.592,14.514,14.52,173500
2013-08-29,14.492,14.688,14.474,14.646,163500
2013-08-30,14.748,14.812,14.66,14.68,224500
2013-09-03,14.778,14.858,14.65,14.72,331000
2013-09-04,14.72,14.812,14.648,14.776,502500
2013-09-05,14.78,14.84,14.776,14.784,87500
2013-09-06,14.8,14.846,14.634,14.762,209000
2013-09-09,14.8,15.0039997,14.8,14.968,217000
2013-09-10,15.078,15.146,15.056,15.146,98000
2013-09-11,15.158,15.226,15.134,15.202,169500
2013-09-12,15.174,15.218,15.122,15.134,156000
2013-09-13,15.162,15.162,15.08,15.124,29500
2013-09-16,15.256,15.304,15.184,15.198,161000
2013-09-17,15.234,15.286,15.206,15.264,209500
2013-09-18,15.332,15.548,15.328,15.544,160500
2013-09-19,15.554,15.6,15.54,15.594,48000
2013-09-20,15.642,15.656,15.516,15.55,588000
2013-09-23,15.516,15.558,15.356,15.424,145500
2013-09-24,15.364,15.37,15.176,15.27,773500
2013-09-25,15.272,15.396,15.27,15.318,380000
2013-09-26,15.378,15.48,15.376,15.404,164000
2013-09-27,15.376,15.43,15.32,15.336,147000
2013-09-30,15.19,15.29,15.102,15.256,219500
2013-10-01,15.256,15.4,15.256,15.364,783000
2013-10-02,15.3,15.418,15.26,15.396,277500
2013-10-03,15.366,15.378,15.096,15.186,157500
2013-10-04,15.144,15.402,15.144,15.374,1883000
2013-10-07,15.25,15.336,15.176,15.178,1232000
2013-10-08,15.15,15.18,14.794,14.838,305000
2013-10-09,14.864,14.864,14.668,14.77,335000
2013-10-10,14.766,15.034,14.766,15.032,695000
2013-10-11,15.0039997,15.16,15.0039997,15.16,115500
2013-10-14,15.034,15.228,15.0019999,15.218,200500
2013-10-15,15.178,15.182,14.972,14.978,990000
2013-10-16,15.028,15.186,15.028,15.128,247500
2013-10-17,15.07,15.21,15.07,15.21,749000
2013-10-18,15.244,15.348,15.242,15.34,125000
2013-10-21,15.442,15.476,15.362,15.402,146500
2013-10-22,15.482,15.5,15.314,15.4,211000
2013-10-23,15.346,15.346,15.176,15.228,215500
2013-10-24,15.186,15.336,15.174,15.27,1275500
2013-10-25,15.4,15.47,15.286,15.314,150500
2013-10-28,15.346,15.348,15.188,15.288,5185000
2013-10-29,15.316,15.366,15.22,15.332,102000
2013-10-30,15.43,15.45,15.24,15.274,237000
2013-10-31,15.28,15.342,15.244,15.258,74500
2013-11-01,15.308,15.35,15.2,15.264,217500
2013-11-04,15.326,15.432,15.288,15.424,247500
2013-11-05,15.358,15.414,15.304,15.402,194500
2013-11-06,15.488,15.568,15.462,15.562,154500
2013-11-07,15.686,15.716,15.324,15.33,260500
2013-11-08,15.372,15.522,15.35,15.522,91000
2013-11-11,15.552,15.608,15.458,15.604,64000
2013-11-12,15.62,15.664,15.584,15.66,107000
2013-11-13,15.606,15.82,15.606,15.816,114000
2013-11-14,15.756,15.76,15.66,15.746,131500
2013-11-15,15.778,15.81,15.736,15.8,53500
2013-11-18,15.822,15.822,15.644,15.676,1307000
2013-11-19,15.646,15.646,15.452,15.466,483000
2013-11-20,15.494,15.624,15.492,15.506,119500
2013-11-21,15.592,15.692,15.592,15.682,34500
2013-11-22,15.74,15.798,15.728,15.798,111000
2013-11-25,15.752,15.752,15.668,15.698,51000
2013-11-26,15.684,15.718,15.606,15.674,224500
2013-11-27,15.702,15.738,15.696,15.716,68000
2013-11-29,15.692,15.768,15.692,15.734,298000
2013-12-02,15.714,15.742,15.614,15.626,226500
2013-12-03,15.612,15.676,15.584,15.608,268500
2013-12-04,15.608,15.756,15.584,15.718,363000
2013-12-05,15.708,15.708,15.586,15.626,341000
2013-12-06,15.754,15.844,15.728,15.826,446000
2013-12-09,15.872,15.88,15.79,15.828,324500
2013-12-10,15.802,15.812,15.724,15.734,226000
2013-12-11,15.726,15.75,15.438,15.44,354000
2013-12-12,15.418,15.418,15.332,15.334,295500
2013-12-13,15.468,15.586,15.468,15.58,585500
2013-12-16,15.61,15.636,15.58,15.622,188500
2013-12-17,15.622,15.68,15.566,15.666,108000
2013-12-18,15.652,15.878,15.54,15.878,394500
2013-12-19,15.886,15.99,15.886,15.902,187000
2013-12-20,15.956,16.146,15.956,16.124,401500
2013-12-23,16.204,16.26,16.186,16.234,122000
2013-12-24,16.242,16.298,16.238,16.288,44000
2013-12-26,16.342,16.356,16.292,16.312,95000
2013-12-27,16.338,16.364,16.282,16.298,60000
2013-12-30,16.256,16.372,16.244,16.368,131000
2013-12-31,16.388,16.446,16.382,16.414,124500
2014-01-02,16.32,16.344,16.252,16.312,639500
2014-01-03,16.31,16.348,16.276,16.316,112500
2014-01-06,16.302,16.338,16.196,16.204,238000
2014-01-07,16.274,16.464,16.27,16.438,90500
2014-01-08,16.43,16.514,16.354,16.482,89000
2014-01-09,16.538,16.538,16.342,16.41,307000
2014-01-10,16.434,16.504,16.35,16.494,129000
2014-01-13,16.478,16.494,16.176,16.23,530500
2014-01-14,16.23,16.494,16.198,16.494,351500
2014-01-15,16.548,16.788,16.548,16.768,2417000
2014-01-16,16.752,16.824,16.716,16.768,441500
2014-01-17,16.794,16.8,16.686,16.76,155500
2014-01-21,16.82,16.894,16.686,16.774,6153500
2014-01-22,16.824,16.84,16.748,16.808,319000
2014-01-23,16.694,16.718,16.58,16.714,3645500
2014-01-24,16.678,16.692,16.418,16.418,194000
2014-01-27,16.4,16.4,16.058001,16.134,256000
2014-01-28,16.188,16.374,16.188,16.374,226000
2014-01-29,16.266,16.352,16.18,16.218,311500
2014-01-30,16.282,16.538,16.282,16.498,1553000
2014-01-31,16.396,16.51,16.306,16.416,222000
2014-02-03,16.408,16.468,15.856,15.94,816000
2014-02-04,16.0060005,16.118,15.95,16.066,667500
2014-02-05,16.035999,16.126,15.868,16.098,421000
2014-02-06,16.136,16.248,16.136,16.2,203000
2014-02-07,16.302,16.512,16.28,16.492,103500
2014-02-10,16.498,16.518,16.396,16.516,149500
2014-02-11,16.528,16.684,16.528,16.646,281000
2014-02-12,16.686,16.728,16.614,16.708,205500
2014-02-13,16.642,16.98,16.636,16.97,431000
2014-02-14,16.954,17.0039997,16.9,16.978,216500
2014-02-18,16.996,17.108,16.968,17.096001,212500
2014-02-19,17.09,17.14,16.988,17.0,407000
2014-02-20,17.024,17.17,16.936,17.16,271500
2014-02-21,17.208,17.294,17.208,17.226,148500
2014-02-24,17.244,17.376,17.168,17.282,492000
2014-02-25,17.306,17.306,17.176,17.228,1456500
2014-02-26,17.29,17.432,17.256,17.32,147500
2014-02-27,17.342,17.564,17.342,17.554,78000
2014-02-28,17.584,17.612,17.166,17.338,1963000
2014-03-03,17.19,17.19,16.982,17.144,1020000
2014-03-04,17.364,17.586,17.364,17.548,369000
2014-03-05,17.524,17.566,17.494,17.564,325500
2014-03-06,17.59,17.598,17.508,17.516,199500
2014-03-07,17.552,17.552,17.26,17.31,89500
2014-03-10,17.314,17.32,17.14,17.206,138000
2014-03-11,17.24,17.332,17.12,17.168,318500
2014-03-12,17.086,17.242,16.964,17.238,105500
2014-03-13,17.304,17.316,16.844,16.906,223000
2014-03-14,16.896,16.998,16.866,16.872,118500
2014-03-17,16.972,17.174,16.972,17.056,298000
2014-03-18,17.102,17.35,17.096001,17.328,148000
2014-03-19,17.3,17.3,17.035999,17.15,316000
2014-03-20,17.156,17.27,17.052,17.254,154000
2014-03-21,17.268,17.268,16.854,16.854,335500
2014-03-24,16.94,16.944,16.542,16.712,569500
2014-03-25,16.778,16.918,16.54,16.672,354500
2014-03-26,16.782,16.796,16.384,16.384,725000
2014-03-27,16.356,16.482,16.194,16.39,2641500
2014-03-28,16.442,16.574,16.364,16.4,1684500
2014-03-31,16.46,16.696,16.46,16.652,737500
2014-04-01,16.692,16.942,16.69,16.932,556000
2014-04-02,16.976,16.978,16.8,16.852,5123000
2014-04-03,16.872,16.872,16.422,16.454,512500
2014-04-04,16.536,16.568,16.062,16.128,783500
2014-04-07,16.054001,16.146,15.78,15.92,388500
2014-04-08,15.928,16.13,15.838,16.084,292000
2014-04-09,16.138,16.396,16.1,16.38,342500
2014-04-10,16.352,16.352,15.768,15.816,1327000
2014-04-11,15.706,15.812,15.48,15.52,13065500
2014-04-14,15.602,15.792,15.546,15.69,1900000
2014-04-15,15.718,15.904,15.518,15.862,807000
2014-04-16,15.942,16.066,15.846,16.054001,323500
2014-04-17,15.98,16.174,15.902,16.142,274500
2014-04-21,16.154,16.226,16.042,16.162,344000
2014-04-22,16.196,16.346,16.158,16.284,330500
2014-04-23,16.248,16.248,16.021999,16.076,9775500
2014-04-24,16.232,16.248,15.85,16.021999,582500
2014-04-25,15.93,15.982,15.726,15.746,271000
2014-04-28,15.828,15.832,15.362,15.552,1900500
2014-04-29,15.598,15.726,15.54,15.704,655500
2014-04-30,15.652,15.87,15.582,15.866,485000
2014-05-01,15.832,16.096001,15.822,15.902,532000
2014-05-02,15.946,16.040001,15.87,15.892,319000
2014-05-05,15.794,15.938,15.72,15.886,529500
2014-05-06,15.85,15.902,15.646,15.646,221500
2014-05-07,15.734,15.766,15.444,15.67,1092000
2014-05-08,15.58,15.912,15.514,15.616,556000
2014-05-09,15.626,15.746,15.506,15.692,565000
2014-05-12,15.804,16.126,15.79,16.09,393500
2014-05-13,16.104,16.138,15.95,15.956,5757500
2014-05-14,15.932,16.014,15.834,15.864,417500
2014-05-15,15.842,15.842,15.61,15.796,2139000
2014-05-16,15.846,15.978,15.708,15.968,1347000
2014-05-19,15.92,16.178,15.9,16.164,161500
2014-05-20,16.136,16.18,15.97,16.044001,203000
2014-05-21,16.046,16.1,15.976,16.08,425000
2014-05-22,16.028,16.286,16.021999,16.234,224000
2014-05-23,16.244,16.398,16.166,16.382,368500
2014-05-27,16.424,16.578,16.418,16.536,1428000
2014-05-28,16.55,16.55,16.356,16.368,6064500
2014-05-29,16.41,16.524,16.41,16.522,138000
2014-05-30,16.52,16.52,16.266,16.334,454500
2014-06-02,16.344,16.344,16.16,16.258,290000
2014-06-03,16.192,16.214,16.09,16.154,293500
2014-06-04,16.098,16.208,16.049999,16.16,462000
2014-06-05,16.206,16.37,16.134,16.346,417500
2014-06-06,16.412,16.574,16.412,16.564,247500
2014-06-09,16.542,16.66,16.506,16.594,892000
2014-06-10,16.578,16.612,16.53,16.608,152000
2014-06-11,16.548,16.65,16.532,16.638,492500
2014-06-12,16.63,16.64,16.458,16.506,2300500
2014-06-13,16.544,16.676,16.482,16.668,492500
2014-06-16,16.616,16.798,16.564,16.798,492000
2014-06-17,16.76,17.042,16.752,16.998,3566000
2014-06-18,17.118,17.196,17.02,17.19,3471500
2014-06-19,17.24,17.282,17.094,17.176,444000
2014-06-20,17.098,17.1,16.982,17.098,701000
2014-06-23,17.11,17.18,17.056,17.176,301000
2014-06-24,17.148,17.23,17.032,17.056,340000
2014-06-25,17.032,17.132,16.984,17.132,318500
2014-06-26,17.116,17.13,17.0039997,17.104,274500
2014-06-27,17.077999,17.176,17.077999,17.174,185000
2014-06-30,17.192,17.236,17.144,17.2,2600500
2014-07-01,17.204,17.466,17.204,17.398,1022500
2014-07-02,17.406,17.43,17.33,17.342,304000
2014-07-03,17.38,17.424,17.334,17.412,566000
2014-07-07,17.372,17.372,17.194,17.202,163500
2014-07-08,17.19,17.19,16.768,16.868,745000
2014-07-09,16.908,16.97,16.808,16.866,1646500
2014-07-10,16.674,16.946,16.58,16.846,222000
2014-07-11,16.86,16.86,16.778,16.838,190500
2014-07-14,16.942,17.054001,16.922,16.974,127500
2014-07-15,16.982,17.028,16.814,16.892,197000
2014-07-16,16.974,17.02,16.9,16.964,167500
2014-07-17,16.946,17.054001,16.81,16.832,76500
2014-07-18,16.866,17.024,16.866,17.014,2948500
2014-07-21,16.972,17.034,16.868,16.976,177500
2014-07-22,17.032,17.174,17.016001,17.098,168500
2014-07-23,17.146,17.146,17.0039997,17.025999,152000
2014-07-24,17.063999,17.21,17.063999,17.2,268500
2014-07-25,17.15,17.204,17.114,17.172,766000
2014-07-28,17.188,17.21,17.038,17.146,134000
2014-07-29,17.162,17.244,17.13,17.172,100000
2014-07-30,17.252,17.356,17.208,17.35,63500
2014-07-31,17.206,17.278,16.968,16.968,158000
2014-08-01,16.95,17.0079994,16.712,16.786,178000
2014-08-04,16.818,16.994,16.764,16.956,466000
2014-08-05,16.898,17.042,16.852,16.93,366000
2014-08-06,16.83,17.0079994,16.818,16.92,183500
2014-08-07,16.978,17.02,16.792,16.856,256000
2014-08-08,16.886,16.958,16.834,16.956,90000
2014-08-11,16.994,17.114,16.994,17.084,2078500
2014-08-12,17.024,17.073999,16.912,16.992,108000
2014-08-13,17.077999,17.176,17.058001,17.166,94000
2014-08-14,17.19,17.212,17.14,17.206,137500
2014-08-15,17.3,17.3,17.021999,17.15,202500
2014-08-18,17.238,17.362,17.238,17.358,395000
2014-08-19,17.384,17.512,17.384,17.498,164500
2014-08-20,17.49,17.49,17.368,17.446,111500
2014-08-21,17.448,17.54,17.422,17.532,108500
2014-08-22,17.564,17.706,17.552,17.65,224000
2014-08-25,17.69,17.69,17.508,17.566,65500
2014-08-26,17.568,17.648,17.566,17.644,60000
2014-08-27,17.646,17.678,17.548,17.574,1842500
2014-08-28,17.514,17.536,17.44,17.492,79500
2014-08-29,17.528,17.728,17.528,17.666,121000
2014-09-02,17.714,17.814,17.658,17.806,3329500
2014-09-03,17.854,17.858,17.758,17.802,3343500
2014-09-04,17.846,17.886,17.718,17.746,63500
2014-09-05,17.748,17.888,17.74,17.884,166500
2014-09-08,17.88,18.011999,17.842,17.936,104000
2014-09-09,17.924,17.924,17.788,17.796,165000
2014-09-10,17.82,17.914,17.784,17.908,71000
2014-09-11,17.838,18.0,17.838,17.998,293500
2014-09-12,17.988,17.988,17.748,17.774,216000
2014-09-15,17.74,17.74,17.45,17.512,210500
2014-09-16,17.498,17.65,17.454,17.628,140500
2014-09-17,17.566,17.618,17.462,17.518,3172000
2014-09-18,17.562,17.668,17.562,17.664,114000
2014-09-19,17.726,17.75,17.488,17.576,136500
2014-09-22,17.506,17.506,17.298,17.398,108000
2014-09-23,17.352,17.418,17.276,17.276,137500
2014-09-24,17.282,17.476,17.224,17.452,130000
2014-09-25,17.416,17.426,17.108,17.108,260500
2014-09-26,17.138,17.238,17.091999,17.232,157000
2014-09-29,17.098,17.33,17.066,17.312,280500
2014-09-30,17.308,17.358,17.224,17.296,318000
2014-10-01,17.264,17.264,16.994,17.025999,232500
2014-10-02,17.025999,17.152,16.868,17.122,344000
2014-10-03,17.216,17.394,17.216,17.364,389500
2014-10-06,17.432,17.488,17.274,17.33,1177000
2014-10-07,17.18,17.24,16.982,16.99,666500
2014-10-08,17.018,17.314,16.832,17.314,364000
2014-10-09,17.26,17.36,16.972,16.992,407500
2014-10-10,16.946,17.028,16.426,16.426,810500
2014-10-13,16.41,16.52,16.18,16.208,613000
2014-10-14,16.314,16.402,16.172,16.202,263000
2014-10-15,15.992,16.356,15.576,16.276,440500
2014-10-16,16.040001,16.352,16.040001,16.258,2115500
2014-10-17,16.454,16.694,16.418,16.558,1177000
2014-10-20,16.462,16.656,16.358,16.656,1621500
2014-10-21,16.778,17.014,16.778,17.014,3473500
2014-10-22,16.992,16.992,16.7,16.708,297500
2014-10-23,16.788,17.112,16.788,16.998,183500
2014-10-24,17.068001,17.316,17.048,17.306,138500
2014-10-27,17.226,17.308,17.158,17.268,774000
2014-10-28,17.332,17.616,17.332,17.616,4261000
2014-10-29,17.608,17.636,17.476,17.536,105000
2014-10-30,17.488,17.734,17.488,17.702,178500
2014-10-31,17.922,18.0079994,17.922,17.992,207500
2014-11-03,18.014,18.098,17.98,18.011999,178500
2014-11-04,17.978,18.076,17.958,18.035999,902000
2014-11-05,18.172,18.172,17.978,18.034,3659000
2014-11-06,18.048,18.258,18.048,18.242,4349000
2014-11-07,18.27,18.348,18.224,18.324,666500
2014-11-10,18.324,18.418,18.304,18.418,131000
2014-11-11,18.432,18.44,18.372,18.426,144500
2014-11-12,18.354,18.426,18.348,18.4,99000
2014-11-13,18.42,18.512,18.35,18.414,125500
2014-11-14,18.426,18.486,18.374,18.478,67500
2014-11-17,18.444,18.494,18.338,18.358,141500
2014-11-18,18.37,18.496,18.37,18.41,88500
2014-11-19,18.388,18.388,18.13,18.226,193000
2014-11-20,18.128,18.244,18.082001,18.214,146000
2014-11-21,18.496,18.532,18.292,18.34,132500
2014-11-24,18.34,18.396,18.29,18.396,160000
2014-11-25,18.408,18.53,18.408,18.444,71500
2014-11-26,18.45,18.544,18.402,18.542,73500
2014-11-28,18.532,18.712,18.532,18.588,44500
2014-12-01,18.536,18.586,18.46,18.476,178000
2014-12-02,18.488,18.534,18.402,18.476,476000
2014-12-03,18.478,18.574,18.374,18.554,88500
2014-12-04,18.528,18.586,18.478,18.556,773500
2014-12-05,18.568,18.614,18.546,18.586,59500
2014-12-08,18.542,18.58,18.22,18.278,113500
2014-12-09,18.098,18.306,17.986,18.306,135500
2014-12-10,18.278,18.316,17.934,17.944,119000
2014-12-11,17.978,18.25,17.932,17.962,3082000
2014-12-12,17.912,18.1,17.898,17.91,184000
2014-12-15,18.01,18.122,17.796,17.876,230500
2014-12-16,17.77,17.972,17.638,17.64,255500
2014-12-17,17.678,18.072001,17.64,18.018,108000
2014-12-18,18.314,18.648,18.314,18.642,256000
2014-12-19,18.724,18.916,18.714,18.806,98000
2014-12-22,18.81,18.91,18.81,18.85,105500
2014-12-23,18.93,19.077999,18.918,18.992,235000
2014-12-24,19.01,19.112,18.99,19.02,44000
2014-12-26,19.049999,19.112,19.044001,19.044001,54000
2014-12-29,18.998,19.011999,18.884,18.896,201500
2014-12-30,18.844,18.9,18.67,18.704,170500
2014-12-31,18.756,18.856,18.56,18.56,128000
2015-01-02,18.632,18.73,18.322,18.462,175500
2015-01-05,18.388,18.408,18.19,18.234,212000
2015-01-06,18.278,18.32,17.836,17.918,264000
2015-01-07,18.059999,18.106,17.926,18.028,158000
2015-01-08,18.188,18.45,18.188,18.412,149000
2015-01-09,18.45,18.466,18.192,18.234,271500
2015-01-12,18.264,18.294,18.056,18.146,151500
2015-01-13,18.27,18.552,17.934,18.098,508000
2015-01-14,17.93,18.040001,17.802,17.996,210500
2015-01-15,18.073999,18.073999,17.708,17.708,144000
2015-01-16,17.718,18.138,17.718,18.138,216500
2015-01-20,18.174,18.26,17.942,18.186,484500
2015-01-21,18.12,18.264,18.087999,18.14,145000
2015-01-22,18.238,18.502,18.062,18.476,197000
2015-01-23,18.49,18.7,18.49,18.624,418500
2015-01-26,18.594,18.662,18.464,18.65,213500
2015-01-27,18.34,18.394,18.068001,18.222,204000
2015-01-28,18.316,18.34,17.978,17.99,230500
2015-01-29,18.040001,18.274,17.92,18.24,1906500
2015-01-30,18.144,18.156,17.886,17.904,235000
2015-02-02,17.94,18.116,17.64,18.1,343500
2015-02-03,18.196,18.418,18.18,18.404,481500
2015-02-04,18.326,18.562,18.326,18.456,271000
2015-02-05,18.588,18.748,18.57,18.73,351500
2015-02-06,18.716,18.766,18.548,18.61,519500
2015-02-09,18.552,18.586,18.494,18.516,145000
2015-02-10,18.62,18.734,18.526,18.704,218500
2015-02-11,18.704,18.79,18.666,18.744,193500
2015-02-12,18.88,19.059999,18.856,19.049999,180000
2015-02-13,19.084,19.314,19.08,19.314,94500
2015-02-17,19.31,19.31,19.174,19.278,148000
2015-02-18,19.282,19.376,19.252,19.36,940000
2015-02-19,19.342,19.442,19.28,19.424,117000
2015-02-20,19.448,19.63,19.41,19.62,259500
2015-02-23,19.596,19.596,19.424,19.462,141000
2015-02-24,19.46,19.49,19.364,19.486,174500
2015-02-25,19.444,19.588,19.444,19.572,615500
2015-02-26,19.768,19.85,19.674,19.748,154500
2015-02-27,19.742,19.788,19.644,19.662,197500
2015-03-02,19.602,19.744,19.542,19.738,184000
2015-03-03,19.692,19.692,19.448,19.492,359500
2015-03-04,19.434,19.466,19.206,19.272,165500
2015-03-05,19.3,19.428,19.224,19.418,182500
2015-03-06,19.326,19.35,19.063999,19.098,277500
2015-03-09,19.08,19.244,19.073999,19.21,122500
2015-03-10,19.042,19.042,18.806,18.808,261000
2015-03-11,18.824,18.916,18.744,18.772,124000
2015-03-12,18.782,18.98,18.782,18.98,90500
2015-03-13,18.934,19.032,18.848,19.0079994,228500
2015-03-16,19.07,19.278,19.07,19.276,129000
2015-03-17,19.204,19.334,19.178,19.296,184500
2015-03-18,19.242,19.586,19.218,19.514,69000
2015-03-19,19.504,19.578,19.462,19.54,257000
2015-03-20,19.63,19.708,19.606,19.628,78000
2015-03-23,19.634,19.64,19.56,19.56,94500
2015-03-24,19.562,19.62,19.45,19.456,7090500
2015-03-25,19.472,19.472,18.944,18.944,1089000
2015-03-26,18.882,19.14,18.828,19.042,642000
2015-03-27,19.040001,19.182,19.014,19.158,119500
2015-03-30,19.288,19.38,19.28,19.338,578500
2015-03-31,19.254,19.366,19.208,19.22,603500
2015-04-01,19.176,19.176,18.966,19.122,370500
2015-04-02,19.158,19.264,19.082001,19.192,1716500
2015-04-06,19.1,19.436,19.038,19.394,3535500
2015-04-07,19.41,19.616,19.404,19.446,687500
2015-04-08,19.468,19.626,19.468,19.544,179000
2015-04-09,19.548,19.582,19.442,19.582,112500
2015-04-10,19.556,19.71,19.512,19.71,1098000
2015-04-13,19.668,19.746,19.492,19.502,111500
2015-04-14,19.49,19.538,19.33,19.442,323500
2015-04-15,19.512,19.66,19.512,19.618,367500
2015-04-16,19.562,19.662,19.506,19.636,634000
2015-04-17,19.44,19.44,19.144,19.218,1053000
2015-04-20,19.298,19.502,19.298,19.47,1173000
2015-04-21,19.578,19.688,19.57,19.618,359500
2015-04-22,19.674,19.82,19.614,19.78,623000
2015-04-23,19.738,20.035999,19.738,19.954,191000
2015-04-24,20.072001,20.12,19.962,20.077999,325500
2015-04-27,20.104,20.2,19.986,20.014,442000
2015-04-28,20.0020008,20.132,19.892,20.066,300500
2015-04-29,19.946,20.43,19.856,20.258,698000
2015-04-30,20.08,20.2,19.876,19.948,139500
2015-05-01,20.016001,20.108,19.976,20.054001,538500
2015-05-04,20.058001,20.138,20.024,20.038,202000
2015-05-05,19.984,19.984,19.768,19.872,634000
2015-05-06,19.964,20.011999,19.718,19.8,1240500
2015-05-07,19.79,19.968,19.782,19.916,147500
2015-05-08,20.038,20.236,20.038,20.176,83000
2015-05-11,20.126,20.25,20.1,20.134,209000
2015-05-12,20.024,20.172,19.848,20.082001,234500
2015-05-13,20.164,20.26,20.116,20.186,184000
2015-05-14,20.326,20.528,20.288,20.506,157000
2015-05-15,20.536,20.576,20.336,20.352,650000
2015-05-18,20.296,20.492,20.276,20.454,223000
2015-05-19,20.496,20.502,20.398,20.43,185000
2015-05-20,20.442,20.48,20.322,20.404,1406500
2015-05-21,20.454,20.54,20.384,20.5,254000
2015-05-22,20.494,20.564,20.452,20.512,149000
2015-05-26,20.454,20.454,20.208,20.276,176000
2015-05-27,20.262,20.504,20.244,20.476,118000
2015-05-28,20.414,20.492,20.332,20.386,1524000
2015-05-29,20.378,20.378,20.118,20.182,780000
2015-06-01,20.234,20.328,20.077999,20.26,422000
2015-06-02,20.202,20.374,20.12,20.256,866000
2015-06-03,20.334,20.488,20.29,20.438,494500
2015-06-04,20.35,20.396,20.134,20.174,2944500
2015-06-05,20.176,20.364,20.062,20.332,1089500
2015-06-08,20.31,20.332,20.048,20.072001,2608500
2015-06-09,20.059999,20.086,19.9,20.028,772500
2015-06-10,20.084,20.408,20.07,20.368,1331000
2015-06-11,20.434,20.466,20.356,20.392,400500
2015-06-12,20.304,20.374,20.284,20.34,192500
2015-06-15,20.204,20.206,19.986,20.18,396000
2015-06-16,20.146,20.456,20.146,20.406,444500
2015-06-17,20.436,20.558,20.376,20.476,572500
2015-06-18,20.404,20.632,20.37,20.618,296500
2015-06-19,20.632,20.634,20.5,20.508,1147000
2015-06-22,20.628,20.672,20.556,20.622,494500
2015-06-23,20.67,20.684,20.59,20.684,97500
2015-06-24,20.624,20.636,20.436,20.482,674500
2015-06-25,20.556,20.604,20.466,20.516,146500
2015-06-26,20.536,20.542,20.228,20.318,358500
2015-06-29,20.118,20.178,19.842,19.848,270500
2015-06-30,19.948,19.986,19.792,19.894,202500
2015-07-01,20.063999,20.098,19.9,19.952,2911000
2015-07-02,19.99,19.99,19.808,19.92,303500
2015-07-06,19.78,19.928,19.708,19.818,256500
2015-07-07,19.866,19.978,19.558,19.96,385000
2015-07-08,19.876,19.966,19.752,19.816,828000
2015-07-09,20.016001,20.186,20.016001,20.034,345000
2015-07-10,20.2,20.236,20.077999,20.178,277500
2015-07-13,20.318,20.378,20.296,20.346,253000
2015-07-14,20.344,20.502,20.34,20.456,337500
2015-07-15,20.452,20.506,20.38,20.4,369500
2015-07-16,20.516,20.584,20.476,20.578,270500
2015-07-17,20.598,20.598,20.402,20.48,162500
2015-07-20,20.516,20.546,20.436,20.508,466000
2015-07-21,20.498,20.552,20.37,20.43,342500
2015-07-22,20.326,20.462,20.326,20.374,416500
2015-07-23,20.462,20.578,20.322,20.36,89000
2015-07-24,20.384,20.464,20.264,20.368,6042000
2015-07-27,20.284,20.284,20.0079994,20.028,165000
2015-07-28,20.102,20.248,19.902,20.244,791000
2015-07-29,20.212,20.376,20.114,20.376,75500
2015-07-30,20.36,20.534,20.224,20.498,1678000
2015-07-31,20.524,20.6,20.452,20.494,130500
2015-08-03,20.5,20.524,20.276,20.408,306000
2015-08-04,20.426,20.516,20.4,20.49,364500
2015-08-05,20.624,20.916,20.624,20.734,6496500
2015-08-06,20.76,20.784,20.314,20.342,226500
2015-08-07,20.31,20.434,20.248,20.434,163500
2015-08-10,20.532,20.722,20.532,20.668,181500
2015-08-11,20.542,20.632,20.334,20.452,147500
2015-08-12,20.328,20.528,20.07,20.478,4197000
2015-08-13,20.508,20.616,20.384,20.496,198000
2015-08-14,20.468,20.706,20.46,20.686,128000
2015-08-17,20.644,20.894,20.514,20.892,197500
2015-08-18,20.872,20.912,20.762,20.776,240000
2015-08-19,20.72,20.782,20.546,20.618,327500
2015-08-20,20.466,20.466,19.88,19.884,295500
2015-08-21,19.686,19.724,19.208,19.208,801500
2015-08-24,19.016001,19.034,17.332,18.34,1216000
2015-08-25,18.532,18.92,18.166,18.176,1851000
2015-08-26,18.358,18.908,18.25,18.858,999000
2015-08-27,19.046,19.252,18.852,19.198,763500
2015-08-28,19.15,19.326,19.087999,19.256,775500
2015-08-31,19.166,19.206,18.972,19.034,395500
2015-09-01,18.84,18.84,18.408,18.486,786500
2015-09-02,18.67,18.806,18.438,18.806,514000
2015-09-03,18.87,19.112,18.852,18.926,227000
2015-09-04,18.738,18.828,18.588,18.686,189500
2015-09-08,18.954,19.322,18.954,19.306,273000
2015-09-09,19.47,19.496,18.956,18.992,526000
2015-09-10,18.978,19.304,18.954,19.158,146000
2015-09-11,19.114,19.276,19.025999,19.274,613500
2015-09-14,19.334,19.334,19.142,19.208,211500
2015-09-15,19.272,19.55,19.23,19.47,2045000
2015-09-16,19.514,19.606,19.456,19.592,79000
2015-09-17,19.48,19.716,19.446,19.492,476500
2015-09-18,19.224,19.57,19.156,19.36,158500
2015-09-21,19.44,19.69,19.406,19.576,328000
2015-09-22,19.364,19.448,19.236,19.422,1337000
2015-09-23,19.414,19.536,19.324,19.462,1128500
2015-09-24,19.344,19.418,19.132,19.382,992500
2015-09-25,19.508,19.57,19.206,19.32,278000
2015-09-28,19.236,19.3,18.762,18.782,457500
2015-09-29,18.806,18.806,18.534,18.638,558500
2015-09-30,18.828,18.966,18.664,18.928,179500
2015-10-01,18.992,19.168,18.86,19.158,805500
2015-10-02,18.924,19.386,18.778,19.386,588500
2015-10-05,19.514,19.76,19.496,19.73,312500
2015-10-06,19.726,19.79,19.56,19.65,700500
2015-10-07,19.722,19.722,19.34,19.656,461500
2015-10-08,19.634,19.784,19.492,19.74,896000
2015-10-09,19.772,19.986,19.72,19.974,556500
2015-10-12,19.946,20.030001,19.884,20.0,375000
2015-10-13,19.942,20.106,19.85,19.868,408500
2015-10-14,19.856,19.94,19.722,19.746,419500
2015-10-15,19.826,20.114,19.826,20.108,171500
2015-10-16,20.17,20.306,20.087999,20.3,756000
2015-10-19,20.234,20.378,20.156,20.28,2388500
2015-10-20,20.256,20.32,20.091999,20.174,283500
2015-10-21,20.208,20.208,19.87,19.882,237500
2015-10-22,20.038,20.514,20.038,20.42,1184000
2015-10-23,20.654,20.654,20.45,20.626,465500
2015-10-26,20.67,20.77,20.602,20.684,406500
2015-10-27,20.628,20.738,20.51,20.566,133500
2015-10-28,20.602,20.926,20.578,20.926,152000
2015-10-29,20.868,20.868,20.68,20.722,256500
2015-10-30,20.714,20.806,20.64,20.674,4283500
2015-11-02,20.722,20.96,20.688,20.892,941500
2015-11-03,20.872,21.11,20.792,21.014,1142500
2015-11-04,21.056,21.206,21.049999,21.188,866500
2015-11-05,21.18,21.244,20.992,21.066,678000
2015-11-06,21.072001,21.222,20.988,21.222,279500
2015-11-09,21.19,21.19,20.798,20.946,831000
2015-11-10,20.888,20.92,20.752,20.92,262500
2015-11-11,20.956,21.025999,20.832,20.916,289500
2015-11-12,20.82,21.030001,20.792,20.792,677500
2015-11-13,20.738,20.746,20.37,20.396,486500
2015-11-16,20.394,20.584,20.258,20.574,596500
2015-11-17,20.596,20.83,20.582,20.688,432500
2015-11-18,20.734,20.886,20.572,20.874,269000
2015-11-19,20.946,21.196,20.946,21.116,216000
2015-11-20,21.164,21.206,21.046,21.138,5064000
2015-11-23,21.138,21.19,21.0079994,21.059999,185000
2015-11-24,20.95,21.12,20.792,21.07,503000
2015-11-25,21.082001,21.188,21.046,21.126,211500
2015-11-27,21.134,21.2,21.096001,21.162,46000
2015-11-30,21.226,21.226,21.059999,21.106,323000
2015-12-01,21.192,21.346,21.136,21.344,1509000
2015-12-02,21.346,21.404,21.2,21.218,298000
2015-12-03,21.24,21.302,20.756,20.814,1226500
2015-12-04,20.872,21.324,20.872,21.31,383500
2015-12-07,21.28,21.294,20.98,21.049999,209000
2015-12-08,20.906,21.222,20.832,21.146,404500
2015-12-09,21.087999,21.174,20.68,20.738,554000
2015-12-10,20.804,20.872,20.708,20.74,234500
2015-12-11,20.62,20.674,20.338,20.382,493500
2015-12-14,20.396,20.522,20.222,20.518,867000
2015-12-15,20.676,20.886,20.676,20.768,1397500
2015-12-16,20.876,21.118,20.734,21.084,341000
2015-12-17,21.114,21.114,20.81,20.814,644500
2015-12-18,20.776,20.792,20.426,20.426,565000
2015-12-21,20.586,20.644,20.338,20.488,914000
2015-12-22,20.58,20.71,20.506,20.688,267000
2015-12-23,20.786,20.902,20.762,20.882,296500
2015-12-24,20.838,20.942,20.82,20.872,124000
2015-12-28,20.832,20.908,20.702,20.908,146500
2015-12-29,21.02,21.18,21.02,21.122,879500
2015-12-30,21.084,21.2,21.0079994,21.024,142000
2015-12-31,20.964,20.986,20.762,20.762,84500
2016-01-04,20.386,20.386,20.09,20.324,762500
2016-01-05,20.4,20.452,20.244,20.31,697500
2016-01-06,20.062,20.172,19.93,20.07,635000
2016-01-07,19.73,19.99,19.514,19.556,955500
2016-01-08,19.664,19.732,19.294,19.32,898500
2016-01-11,19.416,19.466,19.122,19.392,1237500
2016-01-12,19.496,19.73,19.322,19.578,971500
2016-01-13,19.694,19.772,18.826,18.962,1214000
2016-01-14,19.0039997,19.416,18.748,19.3,1251000
2016-01-15,18.766,18.99,18.55,18.91,1919500
2016-01-19,19.076,19.102,18.568,18.744,829000
2016-01-20,18.482,18.828,17.992,18.684,505500
2016-01-21,18.764,19.0079994,18.552,18.678,2323000
2016-01-22,18.926,19.186,18.926,19.156,1550000
2016-01-25,19.072001,19.124,18.72,18.75,985500
2016-01-26,18.804,18.978,18.686,18.95,691000
2016-01-27,18.882,18.95,18.498,18.55,428500
2016-01-28,18.58,18.614,18.27,18.504,1805000
2016-01-29,18.632,18.988,18.624,18.98,1691000
2016-02-01,18.854,19.168,18.82,19.062,794500
2016-02-02,18.918,18.922,18.366,18.442,5200000
2016-02-03,18.598,18.652,18.22,18.572,714000
2016-02-04,18.554,18.72,18.43,18.596,522000
2016-02-05,18.344,18.344,17.284,17.38,6104000
2016-02-08,17.086,17.086,16.418,16.766,6675000
2016-02-09,16.604,17.164,16.514,16.744,1114500
2016-02-10,16.932,17.404,16.932,17.032,1939500
2016-02-11,16.742,17.072001,16.716,16.954,1501000
2016-02-12,17.059999,17.196,16.87,17.182,3775500
2016-02-16,17.364,17.486,17.26,17.486,899000
2016-02-17,17.602,18.108,17.602,18.048,1551500
2016-02-18,18.091999,18.098,17.8,17.83,782000
2016-02-19,17.772,18.1,17.73,18.08,812000
2016-02-22,18.252,18.452,18.248,18.398,296000
2016-02-23,18.316,18.352,18.084,18.108,426000
2016-02-24,17.91,18.262,17.744,18.242,2461500
2016-02-25,18.508,18.716,18.326,18.716,1091500
2016-02-26,18.854,18.868,18.554,18.708,1818000
2016-02-29,18.678,18.808,18.58,18.586,1745500
2016-03-01,18.754,19.272,18.714,19.272,853500
2016-03-02,19.238,19.26,19.076,19.252,2845000
2016-03-03,19.242,19.252,19.0,19.25,985000
2016-03-04,19.268,19.352,19.096001,19.234,1181500
2016-03-07,19.144,19.294,19.048,19.224,930000
2016-03-08,19.124,19.28,19.02,19.049999,687000
2016-03-09,19.13,19.252,19.082001,19.252,5060500
2016-03-10,19.32,19.396,18.85,19.122,603000
2016-03-11,19.266,19.498,19.266,19.464,597000
2016-03-14,19.394,19.568,19.384,19.51,531500
2016-03-15,19.396,19.468,19.318,19.452,316500
2016-03-16,19.448,19.784,19.448,19.736,337000
2016-03-17,19.718,19.88,19.594,19.806,857500
2016-03-18,20.025999,20.042,19.846,19.94,1354000
2016-03-21,19.938,19.99,19.834,19.94,942500
2016-03-22,19.88,20.076,19.874,19.972,427000
2016-03-23,19.746,19.766,19.552,19.586,1109000
2016-03-24,19.49,19.67,19.468,19.668,491000
2016-03-28,19.7,19.7,19.534,19.626,1119000
2016-03-29,19.56,19.962,19.536,19.936,2069000
2016-03-30,20.044001,20.174,19.998,20.076,689500
2016-03-31,20.059999,20.216,20.018,20.134,3717500
2016-04-01,20.011999,20.308,19.934,20.298,498000
2016-04-04,20.298,20.382,20.224,20.268,869000
2016-04-05,20.156,20.18,20.011999,20.040001,2352500
2016-04-06,20.040001,20.274,19.988,20.26,667000
2016-04-07,20.14,20.148,19.866,19.95,724000
2016-04-08,20.087999,20.15,19.95,20.014,729500
2016-04-11,20.098,20.194,19.836,19.842,1023000
2016-04-12,19.874,19.874,19.626,19.798,1124500
2016-04-13,19.928,20.262,19.916,20.242,1438000
2016-04-14,20.244,20.282,20.146,20.21,1034000
2016-04-15,20.2,20.284,20.172,20.276,486500
2016-04-18,20.214,20.518,20.182,20.492,348000
2016-04-19,20.564,20.564,20.258,20.404,899000
2016-04-20,20.45,20.578,20.382,20.472,1019500
2016-04-21,20.622,20.782,20.618,20.658,1492000
2016-04-22,20.486,20.552,20.286,20.424,1080000
2016-04-25,20.39,20.474,20.364,20.44,704000
2016-04-26,20.488,20.506,20.342,20.446,1345000
2016-04-27,20.422,20.528,20.278,20.446,813000
2016-04-28,20.296,20.484,20.062,20.126,1320500
2016-04-29,20.042,20.132,19.826,20.077999,1061000
2016-05-02,20.124,20.324,20.066,20.298,1248000
2016-05-03,20.14,20.144,19.872,19.936,1637500
2016-05-04,19.866,19.882,19.692,19.762,2976000
2016-05-05,19.812,19.898,19.71,19.74,4679500
2016-05-06,19.65,19.85,19.566,19.846,2951500
2016-05-09,19.842,20.01,19.832,19.908,1345000
2016-05-10,19.958,20.212,19.928,20.208,576500
2016-05-11,20.236,20.46,20.224,20.248,1266500
2016-05-12,20.362,20.43,20.114,20.296,977000
2016-05-13,20.238,20.464,20.234,20.292,700500
2016-05-16,20.292,20.646,20.274,20.562,1167500
2016-05-17,20.506,20.56,20.238,20.28,832000
2016-05-18,20.238,20.524,20.2,20.396,1453000
2016-05-19,20.396,20.506,20.184,20.33,1868000
2016-05-20,20.4,20.596,20.378,20.546,3447500
2016-05-23,20.57,20.678,20.534,20.572,838500
2016-05-24,20.704,21.1,20.676,21.062,830500
2016-05-25,21.112,21.134,21.0079994,21.063999,1311500
2016-05-26,21.042,21.156,21.042,21.086,558000
2016-05-27,21.044001,21.208,21.011999,21.208,1161500
2016-05-31,21.232,21.288,21.148,21.238,1309000
2016-06-01,21.144,21.352,21.091999,21.33,807000
2016-06-02,21.23,21.37,21.102,21.362,5124500
2016-06-03,21.284,21.298,21.07,21.252,635500
2016-06-06,21.3,21.438,21.216,21.39,513500
2016-06-07,21.444,21.502,21.426,21.444,437000
2016-06-08,21.462,21.512,21.394,21.478,1095500
2016-06-09,21.404,21.46,21.338,21.39,859000
2016-06-10,21.182,21.25,21.034,21.094,1696000
2016-06-13,20.964,21.182,20.91,20.978,1254000
2016-06-14,20.908,21.040001,20.88,21.0039997,2209000
2016-06-15,21.048,21.162,21.038,21.066,1029000
2016-06-16,20.956,21.15,20.81,21.12,1073000
2016-06-17,21.13,21.13,20.9,20.988,977500
2016-06-20,21.166,21.428,21.166,21.268,467000
2016-06-21,21.29,21.458,21.29,21.41,535000
2016-06-22,21.328,21.368,21.13,21.136,463000
2016-06-23,21.254,21.574,21.242,21.574,436500
2016-06-24,20.726,20.998,20.476,20.51,1736500
2016-06-27,20.332,20.332,19.786,19.874,1682000
2016-06-28,20.086,20.292,20.040001,20.24,1233000
2016-06-29,20.396,20.768,20.386,20.728,764000
2016-06-30,20.764,21.034,20.75,21.034,896500
2016-07-01,21.014,21.192,20.998,21.040001,1247500
2016-07-05,20.926,20.958,20.78,20.904,882500
2016-07-06,20.792,21.025999,20.726,21.018,1032500
2016-07-07,21.038,21.148,21.0060005,21.073999,1736500
2016-07-08,21.226,21.528,21.21,21.498,3107500
2016-07-11,21.586,21.7,21.53,21.644,597500
2016-07-12,21.758,21.954,21.658,21.894,2850500
2016-07-13,21.952,21.994,21.79,21.79,527500
2016-07-14,21.908,21.936,21.83,21.858,466000
2016-07-15,21.908,21.914,21.786,21.834,2903000
2016-07-18,21.844,21.938,21.834,21.84,350500
2016-07-19,21.844,21.866,21.724,21.738,638000
2016-07-20,21.938,22.091999,21.906,22.01,462000
2016-07-21,22.018,22.072001,21.728,21.768,407000
2016-07-22,21.8,22.058001,21.744,22.038,299500
2016-07-25,22.032,22.077999,21.98,22.072001,1059500
2016-07-26,22.058001,22.148,21.942,22.07,690500
2016-07-27,22.054001,22.116,21.928,21.982,619000
2016-07-28,22.054001,22.13,21.978,22.104,804500
2016-07-29,22.077999,22.102,21.86,22.054001,1999000
2016-08-01,22.046,22.118,21.97,22.042,356500
2016-08-02,22.0060005,22.0060005,21.638,21.748,620500
2016-08-03,21.73,21.902,21.706,21.902,462000
2016-08-04,21.91,22.014,21.892,21.968,488500
2016-08-05,22.072001,22.218,22.072001,22.218,410000
2016-08-08,22.226,22.254,22.156,22.168,627500
2016-08-09,22.17,22.294,22.108,22.216,1533500
2016-08-10,22.228,22.228,22.13,22.208,219000
2016-08-11,22.264,22.396,22.248,22.372,577000
2016-08-12,22.32,22.338,22.226,22.326,240500
2016-08-15,22.336,22.506,22.304,22.42,203500
2016-08-16,22.36,22.37,22.206,22.214,572000
2016-08-17,22.206,22.206,22.018,22.12,859000
2016-08-18,22.118,22.29,22.116,22.272,701000
2016-08-19,22.248,22.386,22.198,22.364,572000
2016-08-22,22.306,22.356,22.228,22.294,2202500
2016-08-23,22.382,22.544,22.382,22.518,2834000
2016-08-24,22.452,22.482,22.346,22.404,598000
2016-08-25,22.414,22.558,22.41,22.542,438500
2016-08-26,22.558,22.684,22.424,22.562,674500
2016-08-29,22.602,22.694,22.572,22.622,345500
2016-08-30,22.61,22.674,22.502,22.586,747000
2016-08-31,22.554,22.558,22.408,22.514,239000
2016-09-01,22.378,22.556,22.318,22.554,3122500
2016-09-02,22.624,22.782,22.602,22.722,1346500
2016-09-06,22.746,22.782,22.672,22.782,6513500
2016-09-07,22.788,22.832,22.696,22.764,2630500
2016-09-08,22.742,22.742,22.574,22.638,380500
2016-09-09,22.506,22.546,22.14,22.142,2040000
2016-09-12,22.030001,22.422,22.0,22.396,1013000
2016-09-13,22.224,22.26,21.946,22.063999,1816500
2016-09-14,22.086,22.222,22.025999,22.104,1437000
2016-09-15,22.096001,22.442,22.096001,22.42,368500
2016-09-16,22.314,22.342,22.172,22.212,830500
2016-09-19,22.308,22.418,22.18,22.228,639000
2016-09-20,22.342,22.394,22.206,22.228,443500
2016-09-21,22.414,22.69,22.394,22.668,1186000
2016-09-22,22.836,22.86,22.72,22.788,1072000
2016-09-23,22.792,22.792,22.58,22.596,608000
2016-09-26,22.508,22.55,22.4,22.434,777000
2016-09-27,22.426,22.698,22.386,22.678,3255000
2016-09-28,22.706,22.808,22.632,22.804,3479500
2016-09-29,22.768,22.782,22.538,22.57,930500
2016-09-30,22.64,22.77,22.58,22.708,1602500
2016-10-03,22.664,22.712,22.544,22.62,1008500
2016-10-04,22.654,22.692,22.518,22.66,524000
2016-10-05,22.58,22.72,22.538,22.65,1296000
2016-10-06,22.71,22.714,22.526,22.644,564500
2016-10-07,22.648,22.65,22.434,22.53,2705000
2016-10-10,22.664,22.878,22.664,22.742,1502500
2016-10-11,22.678,22.728,22.19,22.3,1176000
2016-10-12,22.2,22.304,22.072001,22.254,580000
2016-10-13,22.102,22.194,21.896,22.13,382500
2016-10-14,22.21,22.402,22.15,22.286,921500
2016-10-17,22.276,22.316,22.156,22.172,285000
2016-10-18,22.392,22.458,22.334,22.348,898000
2016-10-19,22.374,22.436,22.334,22.354,1146500
2016-10-20,22.33,22.37,22.184,22.336,2260500
2016-10-21,22.368,22.51,22.292,22.492,1236000
2016-10-24,22.578,22.808,22.576,22.786,1138000
2016-10-25,22.8,22.828,22.578,22.62,1061500
2016-10-26,22.544,22.696,22.47,22.48,818000
2016-10-27,22.646,22.75,22.364,22.37,1658000
2016-10-28,22.352,22.564,22.352,22.424,434500
2016-10-31,22.484,22.556,22.432,22.486,143500
2016-11-01,22.534,22.556,22.22,22.364,394500
2016-11-02,22.294,22.356,22.028,22.1,376500
2016-11-03,22.152,22.212,22.098,22.11,581000
2016-11-04,22.098,22.196,21.95,21.982,644000
2016-11-07,22.318,22.592,22.318,22.53,620000
2016-11-08,22.478,22.714,22.434,22.546,510500
2016-11-09,22.156,22.576,22.040001,22.52,749000
2016-11-10,22.648,22.776,21.914,22.156,785000
2016-11-11,22.112,22.368,22.048,22.324,2542000
2016-11-14,22.416,22.468,22.0039997,22.034,2655000
2016-11-15,22.136,22.376,22.122,22.296,339000
2016-11-16,22.246,22.5,22.246,22.484,761000
2016-11-17,22.51,22.832,22.45,22.832,2260500
2016-11-18,22.988,23.032,22.712,22.742,1471000
2016-11-21,22.726,22.842,22.666,22.778,1765000
2016-11-22,22.776,22.776,22.644,22.754,832500
2016-11-23,22.68,22.734,22.588,22.66,1798500
2016-11-25,22.656,22.728,22.64,22.714,283000
2016-11-28,22.692,22.732,22.572,22.604,311500
2016-11-29,22.608,22.818,22.574,22.698,215500
2016-11-30,22.784,22.784,22.362,22.362,571500
2016-12-01,22.392,22.392,21.548,21.616,917000
2016-12-02,21.43,21.612,21.306,21.588,4937000
2016-12-05,21.7,22.082001,21.682,22.025999,2374500
2016-12-06,22.044001,22.062,21.868,22.049999,261500
2016-12-07,22.049999,22.44,21.978,22.394,634500
2016-12-08,22.396,22.558,22.33,22.464,714500
2016-12-09,22.5,22.566,22.362,22.452,5846000
2016-12-12,22.39,22.44,22.27,22.384,566500
2016-12-13,22.428,22.758,22.428,22.616,315500
2016-12-14,22.628,22.642,22.396,22.448,484500
2016-12-15,22.488,22.618,22.428,22.456,406500
2016-12-16,22.506,22.51,22.14,22.186,771000
2016-12-19,22.196,22.37,22.158,22.306,169000
2016-12-20,22.368,22.39,22.262,22.352,173000
2016-12-21,22.32,22.356,22.184,22.278,617500
2016-12-22,22.19,22.19,21.938,21.99,181500
2016-12-23,21.968,22.084,21.968,22.084,53500
2016-12-27,22.104,22.248,22.09,22.148,146500
2016-12-28,22.18,22.182,21.904,21.922,202500
2016-12-29,21.928,21.99,21.872,21.938,93500
2016-12-30,21.986,22.0079994,21.708,21.77,132000
2017-01-03,21.864,22.073999,21.858,22.0,232500
2017-01-04,22.038,22.37,22.038,22.318,640500
2017-01-05,22.292,22.452,22.282,22.364,90000
2017-01-06,22.376,22.616,22.312,22.586,303000
2017-01-09,22.572,22.626,22.504,22.586,490000
2017-01-10,22.59,22.688,22.484,22.608,187000
2017-01-11,22.594,22.894,22.594,22.894,252000
2017-01-12,22.792,22.86,22.53,22.838,329000
2017-01-13,22.828,22.958,22.828,22.948,135000
2017-01-17,22.906,22.906,22.672,22.714,238000
2017-01-18,22.732,22.83,22.722,22.818,547500
2017-01-19,22.818,22.918,22.746,22.806,1279000
2017-01-20,22.886,22.978,22.862,22.958,403500
2017-01-23,22.932,23.054001,22.83,22.954,959000
2017-01-24,23.0079994,23.324,22.984,23.28,744000
2017-01-25,23.4,23.52,23.37,23.46,919000
2017-01-26,23.528,23.56,23.284,23.344,372500
2017-01-27,23.418,23.458,23.39,23.454,780000
2017-01-30,23.39,23.394,23.146,23.394,308000
2017-01-31,23.348,23.438,23.236,23.434,561500
2017-02-01,23.476,23.476,23.19,23.292,440500
2017-02-02,23.24,23.49,23.148,23.474,486500
2017-02-03,23.6,23.764,23.6,23.728,238000
2017-02-06,23.684,23.684,23.576,23.656,372000
2017-02-07,23.712,23.788,23.642,23.724,195000
2017-02-08,23.628,23.75,23.554,23.654,256000
2017-02-09,23.654,24.018,23.654,23.952,234000
2017-02-10,24.158,24.33,24.106,24.296,428000
2017-02-13,24.326,24.426,24.228,24.348,3245500
2017-02-14,24.296,24.38,24.22,24.362,253500
2017-02-15,24.312,24.56,24.274,24.524,451000
2017-02-16,24.584,24.67,24.466,24.548,237000
2017-02-17,24.502,24.68,24.456,24.676,369500
2017-02-21,24.742,24.818,24.652,24.79,623500
2017-02-22,24.756,24.774,24.67,24.744,349000
2017-02-23,24.8,24.8,24.63,24.752,727000
2017-02-24,24.668,24.888,24.61,24.888,119000
2017-02-27,24.838,24.838,24.722,24.796,499500
2017-02-28,24.722,24.722,24.528,24.558,397500
2017-03-01,24.738,25.0079994,24.674,24.97,3366500
2017-03-02,24.944,24.944,24.754,24.782,760500
2017-03-03,24.72,24.802,24.674,24.784,220500
2017-03-06,24.688,24.794,24.648,24.754,287000
2017-03-07,24.744,24.86,24.728,24.766,109000
2017-03-08,24.786,24.948,24.768,24.864,173000
2017-03-09,24.89,24.898,24.694,24.838,161000
2017-03-10,24.928,25.0,24.856,24.99,140500
2017-03-13,24.974,25.19,24.974,25.168,1088000
2017-03-14,25.087999,25.087999,24.9,25.034,1447500
2017-03-15,25.087999,25.24,24.98,25.192,1719000
2017-03-16,25.402,25.472,25.274,25.324,864000
2017-03-17,25.466,25.498,25.366,25.37,373500
2017-03-20,25.364,25.456,25.23,25.31,668500
2017-03-21,25.368,25.402,24.81,24.838,748000
2017-03-22,24.838,25.0039997,24.826,25.0020008,364000
2017-03-23,25.0020008,25.094,24.934,24.99,249000
2017-03-24,25.048,25.18,24.938,25.028,228500
2017-03-27,24.824,25.087999,24.738,25.025999,771500
2017-03-28,25.059999,25.214,25.040001,25.168,626500
2017-03-29,25.132,25.312,25.11,25.29,1274500
2017-03-30,25.284,25.368,25.246,25.276,974500
2017-03-31,25.25,25.368,25.184,25.294,354000
2017-04-03,25.314,25.396,25.034,25.174,559500
2017-04-04,25.158,25.25,25.073999,25.132,338500
2017-04-05,25.202,25.416,25.059999,25.124,630500
2017-04-06,25.136,25.218,25.030001,25.194,242000
2017-04-07,25.17,25.23,25.094,25.198,261000
2017-04-10,25.22,25.282,25.112,25.186,146000
2017-04-11,25.142,25.234,24.984,25.234,328000
2017-04-12,25.204,25.266,25.086,25.11,331000
2017-04-13,25.08,25.296,25.034,25.034,295000
2017-04-17,25.096001,25.254,25.096001,25.242,652000
2017-04-18,25.164,25.35,25.142,25.342,400000
2017-04-19,25.404,25.512,25.362,25.398,648500
2017-04-20,25.476,25.596,25.384,25.554,1691000
2017-04-21,25.574,25.638,25.53,25.578,280000
2017-04-24,25.844,25.9,25.772,25.892,324000
2017-04-25,25.986,26.032,25.946,25.962,558500
2017-04-26,25.978,25.984,25.838,25.908,474000
2017-04-27,26.066,26.162,26.0020008,26.126,672500
2017-04-28,26.128,26.144,25.928,26.13,553500
2017-05-01,26.212,26.348,26.136,26.32,649500
2017-05-02,26.378,26.39,26.25,26.336,296500
2017-05-03,26.416,26.416,26.212,26.294,372000
2017-05-04,26.372,26.49,26.358,26.446,1383500
2017-05-05,26.508,26.66,26.482,26.66,485000
2017-05-08,26.652,26.694,26.532,26.612,317500
2017-05-09,26.624,26.654,26.578,26.616,327000
2017-05-10,26.76,27.0,26.76,26.958,458000
2017-05-11,26.826,26.826,26.674,26.798,309500
2017-05-12,26.796,26.864,26.712,26.818,225500
2017-05-15,26.958,27.132,26.948,27.12,1149500
2017-05-16,27.184,27.236,27.12,27.23,1234500
2017-05-17,27.014,27.042,26.392,26.404,664500
2017-05-18,26.318,26.55,26.2,26.456,326000
2017-05-19,26.72,26.906,26.692,26.76,593500
2017-05-22,26.806,27.148,26.8,27.14,390000
2017-05-23,27.278,27.376,27.082001,27.218,270000
2017-05-24,27.372,27.53,27.304,27.52,224000
2017-05-25,27.636,27.902,27.614,27.814,814500
2017-05-26,27.77,27.846,27.6,27.7,2079500
2017-05-30,27.704,27.81,27.67,27.76,2238500
2017-05-31,27.832,27.834,27.59,27.706,4718000
2017-06-01,27.778,27.916,27.7,27.902,2320000
2017-06-02,27.918,28.172,27.894,28.154,2994500
2017-06-05,28.178,28.292,28.17,28.176,1909500
2017-06-06,28.138,28.28,28.077999,28.12,4522000
2017-06-07,28.204,28.246,27.998,28.164,814000
2017-06-08,28.204,28.23,27.964,28.154,2278000
2017-06-09,28.19,28.236,26.84,27.256,3283500
2017-06-12,26.958,27.144,26.372,27.1,2758500
2017-06-13,27.272,27.416,27.106,27.35,1220000
2017-06-14,27.404,27.512,26.956,27.226,1214500
2017-06-15,26.934,27.198,26.726,27.136,1091500
2017-06-16,27.122,27.224,26.998,27.166,395000
2017-06-19,27.344,27.606,27.344,27.582,1272500
2017-06-20,27.58,27.67,27.396,27.408,397000
2017-06-21,27.71,27.838,27.684,27.8,1155000
2017-06-22,28.12,28.198,27.916,28.118,1311000
2017-06-23,28.11,28.356,28.0,28.25,520500
2017-06-26,28.344,28.474,28.040001,28.11,711500
2017-06-27,28.0079994,28.038,27.586,27.586,764500
2017-06-28,27.732,27.876,27.47,27.868,580500
2017-06-29,27.782,27.782,27.096001,27.344,954000
2017-06-30,27.366,27.56,27.356,27.356,543000
2017-07-03,27.466,27.466,26.958,26.972,1207000
2017-07-05,27.07,27.378,27.07,27.3,731000
2017-07-06,27.094,27.24,27.021999,27.091999,818000
2017-07-07,27.188,27.61,27.188,27.496,620500
2017-07-10,27.494,27.722,27.436,27.646,355000
2017-07-11,27.572,27.79,27.51,27.706,331500
2017-07-12,27.946,28.298,27.878,28.282,845000
2017-07-13,28.334,28.374,28.091999,28.16,1014000
2017-07-14,28.252,28.352,28.18,28.302,374500
2017-07-17,28.348,28.376,28.224,28.308,267000
2017-07-18,28.268,28.414,28.202,28.414,306500
2017-07-19,28.442,28.694,28.442,28.67,838500
2017-07-20,28.678,28.702,28.486,28.684,417000
2017-07-21,28.556,28.648,28.5,28.57,370000
2017-07-24,28.544,28.722,28.522,28.718,825500
2017-07-25,28.738,28.898,28.648,28.848,612500
2017-07-26,28.918,29.032,28.868,29.030001,371000
2017-07-27,29.124,29.14,28.234,28.55,1718000
2017-07-28,28.34,28.596,28.296,28.52,674000
2017-07-31,28.576,28.614,28.282,28.43,634500
2017-08-01,28.538,28.596,28.438,28.526,527000
2017-08-02,28.59,28.59,27.918,28.16,783500
2017-08-03,28.242,28.4,28.146,28.328,428500
2017-08-04,28.442,28.496,28.224,28.312,1200500
2017-08-07,28.366,28.404,28.238,28.31,474000
2017-08-08,28.26,28.368,28.068001,28.146,671000
2017-08-09,27.954,28.12,27.802,28.09,1443000
2017-08-10,27.894,27.974,27.498,27.53,1146500
2017-08-11,27.428,27.886,27.428,27.816,386500
2017-08-14,28.242,28.314,28.098,28.264,561500
2017-08-15,28.314,28.316,28.142,28.28,372000
2017-08-16,28.374,28.63,28.294,28.576,440000
2017-08-17,28.438,28.614,28.048,28.072001,801000
2017-08-18,28.016001,28.252,27.942,28.059999,406000
2017-08-21,28.182,28.26,28.02,28.224,719000
2017-08-22,28.464,28.756,28.398,28.712,563000
2017-08-23,28.624,28.756,28.538,28.584,500000
2017-08-24,28.726,28.726,28.456,28.638,229000
2017-08-25,28.864,28.936,28.658,28.706,159500
2017-08-28,28.814,28.814,28.572,28.744,379500
2017-08-29,28.458,28.876,28.43,28.796,693000
2017-08-30,28.808,29.242,28.77,29.204,368000
2017-08-31,29.42,29.518,29.224,29.462,344000
2017-09-01,29.58,29.58,29.338,29.444,2756500
2017-09-05,29.426,29.446,29.077999,29.344,432000
2017-09-06,29.344,29.454,29.148,29.212,902000
2017-09-07,29.236,29.606,29.236,29.522,1170000
2017-09-08,29.512,29.646,29.436,29.466,650000
2017-09-11,29.638,29.874,29.638,29.84,1067500
2017-09-12,29.958,29.958,29.59,29.806,834500
2017-09-13,29.85,29.85,29.656,29.694,265000
2017-09-14,29.74,29.74,29.432,29.636,334500
2017-09-15,29.416,29.47,29.246,29.388,602000
2017-09-18,29.4,29.544,29.384,29.44,340500
2017-09-19,29.43,29.542,29.396,29.484,4814500
2017-09-20,29.418,29.43,29.106,29.33,1023500
2017-09-21,29.238,29.316,29.046,29.128,350500
2017-09-22,29.042,29.288,29.042,29.236,418000
2017-09-25,29.222,29.222,28.56,28.71,754500
2017-09-26,28.952,28.952,28.59,28.694,840000
2017-09-27,28.748,29.148,28.748,29.014,378000
2017-09-28,29.0020008,29.042,28.874,29.018,208500
2017-09-29,29.072001,29.264,29.054001,29.252,623500
2017-10-02,29.258,29.482,29.178,29.294,553500
2017-10-03,29.266,29.434,29.266,29.412,180000
2017-10-04,29.454,29.484,29.228,29.484,570500
2017-10-05,29.56,29.778,29.426,29.748,404500
2017-10-06,29.584,29.924,29.584,29.924,346000
2017-10-09,29.874,29.874,29.686,29.764,420500
2017-10-10,29.884,29.884,29.602,29.7,322000
2017-10-11,29.622,29.754,29.606,29.752,467500
2017-10-12,29.656,30.035999,29.656,29.946,614000
2017-10-13,30.09,30.1,29.96,30.024,366500
2017-10-16,30.091999,30.091999,29.918,29.944,380500
2017-10-17,29.946,29.95,29.796,29.932,866000
2017-10-18,30.018,30.018,29.808,29.944,1930000
2017-10-19,29.944,30.326,29.944,30.326,479500
2017-10-20,30.51,30.716,30.426,30.648,740000
2017-10-23,30.816,30.816,30.456,30.49,567500
2017-10-24,30.554,30.62,30.424,30.576,286500
2017-10-25,30.51,30.688,30.3,30.502,393500
2017-10-26,30.582,30.762,30.548,30.722,250500
2017-10-27,30.992,31.246,30.898,31.186,1083500
2017-10-30,30.992,31.204,30.992,31.14,301500
2017-10-31,31.22,31.376,31.13,31.296,880500
2017-11-01,31.466,31.466,30.946,31.124,595000
2017-11-02,31.178,31.26,31.034,31.234,470500
2017-11-03,31.3,31.328,31.056,31.268,693000
2017-11-06,31.258,31.29,31.046,31.072001,388500
2017-11-07,31.256,31.256,30.896,31.0020008,327500
2017-11-08,31.148,31.524,31.122,31.506,348000
2017-11-09,31.35,31.35,30.738,31.072001,487000
2017-11-10,31.032,31.194,30.928,31.174,238500
2017-11-13,31.028,31.228,31.028,31.214,277000
2017-11-14,31.196,31.254,31.025999,31.23,245500
2017-11-15,31.128,31.164,30.938,30.994,225000
2017-11-16,31.184,31.486,31.118,31.438,283000
2017-11-17,31.464,31.524,31.306,31.49,250500
2017-11-20,31.576,31.618,31.44,31.552,249000
2017-11-21,31.738,31.846,31.622,31.742,364500
2017-11-22,31.772,31.772,31.59,31.612,571000
2017-11-24,31.686,31.852,31.636,31.836,63000
2017-11-27,31.916,31.916,31.746,31.784,350500
2017-11-28,31.934,32.0019989,31.768,31.964,213000
2017-11-29,31.798,31.798,30.72,30.822,2450500
2017-11-30,30.938,31.182,30.852,31.16,1024000
2017-12-01,31.126,31.23,30.526,31.025999,1409000
2017-12-04,31.116,31.178,29.966,29.976,2276500
2017-12-05,29.974,30.398,29.758,30.054001,1789000
2017-12-06,30.0,30.47,29.918,30.442,984000
2017-12-07,30.426,30.792,30.398,30.694,1529500
2017-12-08,30.958,31.068001,30.76,30.834,631000
2017-12-11,30.902,31.116,30.858,31.104,366000
2017-12-12,31.128,31.228,30.922,31.016001,416500
2017-12-13,31.138,31.26,31.038,31.098,718500
2017-12-14,31.23,31.328,31.091999,31.104,718000
2017-12-15,31.106,31.536,30.988,31.498,915500
2017-12-18,31.732,31.732,31.44,31.48,696000
2017-12-19,31.486,31.486,31.2,31.282,416000
2017-12-20,31.38,31.38,31.014,31.152,217000
2017-12-21,31.27,31.304,31.091999,31.126,306000
2017-12-22,31.164,31.164,30.932,30.99,598500
2017-12-26,30.924,30.926,30.782,30.9,178000
2017-12-27,30.876,31.028,30.866,30.946,167000
2017-12-28,31.0039997,31.02,30.892,31.018,300500
2017-12-29,31.148,31.148,30.902,30.914,933000
2018-01-02,31.086,31.258,30.914,31.258,865500
2018-01-03,31.382,31.674,31.274,31.638,409000
2018-01-04,31.788,32.0099983,31.774,31.884,917000
2018-01-05,31.982,32.224,31.982,32.21,433000
2018-01-08,32.22,32.406,32.032001,32.39,473500
2018-01-09,32.542,32.542,32.2,32.386,387000
2018-01-10,32.218,32.39,32.142,32.386,658500
2018-01-11,32.49,32.704,32.4,32.704,348000
2018-01-12,32.81,33.108,32.714,33.051998,716000
2018-01-16,33.282,33.358,32.52,32.63,1067500
2018-01-17,32.8,33.11,32.738,33.085999,340000
2018-01-18,33.014,33.254,33.014,33.172,472500
2018-01-19,33.286,33.414,33.176,33.398,272000
2018-01-22,33.43,33.674,33.258,33.674,378500
2018-01-23,33.814,33.868,33.7,33.816,463000
2018-01-24,33.98,33.98,33.57,33.622,776000
2018-01-25,33.846,33.886,33.546,33.636,366000
2018-01-26,33.842,34.21,33.84,34.208,561000
2018-01-29,34.192,34.238,33.762,33.806,485500
2018-01-30,33.598,33.712,33.41,33.48,590500
2018-01-31,33.846,34.128,33.814,34.032001,1099000
2018-02-01,33.902,34.234,33.818,33.924,316000
2018-02-02,33.878,33.878,33.21,33.252,1456500
2018-02-05,32.878,33.628,32.202,32.222,1304500
2018-02-06,31.584,32.812,31.316,32.74,1381500
2018-02-07,32.75,33.212,32.57,32.68,602000
2018-02-08,32.764,32.764,31.17,31.194,850000
2018-02-09,31.44,32.099998,30.58,31.828,2020500
2018-02-12,32.152,32.534,31.944,32.322,755000
2018-02-13,32.246,32.596,32.066002,32.522,801000
2018-02-14,32.256,33.15,32.256,33.124,926500
2018-02-15,33.168,33.948,33.168,33.948,758000
2018-02-16,33.844,34.178,33.812,33.884,617500
2018-02-20,33.826,34.28,33.634,34.066002,1413000
2018-02-21,34.186,34.436,33.832,33.832,751000
2018-02-22,34.040001,34.094002,33.66,33.726,913000
2018-02-23,33.846,34.42,33.846,34.408,442000
2018-02-26,34.534,34.752,34.468,34.728,639500
2018-02-27,34.83,34.858,34.416,34.432,562000
2018-02-28,34.716,34.912,34.318,34.318,708000
2018-03-01,34.546,34.614,33.748,34.028,1863500
2018-03-02,33.65,34.766,33.61,34.71,1020000
2018-03-05,34.544,35.158,34.414,35.042,1475000
2018-03-06,35.248,35.248,34.9,35.168,613000
2018-03-07,35.094002,35.774,35.094002,35.744,802000
2018-03-08,35.868,36.080002,35.794,35.996,1885000
2018-03-09,36.294,36.468,36.14,36.456,1184500
2018-03-12,36.602,36.62,36.34,36.398,1073000
2018-03-13,36.644,36.646,35.928,36.014,595000
2018-03-14,36.21,36.248,35.808,36.026001,969000
2018-03-15,36.023998,36.148,35.804,35.988,635000
2018-03-16,36.084,36.23,35.836,35.886,976000
2018-03-19,35.778,35.804,35.102,35.474,1302000
2018-03-20,35.352,35.638,35.142,35.482,665000
2018-03-21,35.482,35.742,35.284,35.352,1276500
2018-03-22,34.996,35.226,34.496,34.506,748500
2018-03-23,34.558,34.558,33.67,33.67,968000
2018-03-26,34.414,35.014,34.15,34.97,1169000
2018-03-27,35.346,35.346,33.48,33.718,1270000
2018-03-28,33.662,33.786,33.132,33.32,1824500
2018-03-29,33.598,34.274,33.166,33.94,2416000
2018-04-02,33.746,33.968,32.79,33.17,998500
2018-04-03,33.488,33.61,33.029999,33.48,1945500
2018-04-04,32.932,34.196,32.79,34.102,1568500
2018-04-05,34.43,34.486,33.958,34.162,2585000
2018-04-06,33.79,34.11,33.202,33.414,1466500
2018-04-09,33.736,34.256,33.628,33.654,2256000
2018-04-10,34.212,34.498,33.874,34.358,1817500
2018-04-11,34.148,34.604,34.084,34.226,1068000
2018-04-12,34.372,34.89,34.372,34.744,515500
2018-04-13,34.904,34.942,34.194,34.4,873000
2018-04-16,34.72,34.932,34.448,34.792,1732500
2018-04-17,35.051998,35.68,35.035999,35.576,1693000
2018-04-18,35.722,35.85,35.368,35.73,2091000
2018-04-19,35.684,35.684,35.306,35.42,1559000
2018-04-20,35.288,35.302,34.814,34.968,3184500
2018-04-23,35.043999,35.386,34.774,34.932,1087500
2018-04-24,35.194,35.408,34.060001,34.336,1580500
2018-04-25,34.39,34.426,33.592,34.104,1321000
2018-04-26,34.41,35.034,34.342,34.864,1068500
2018-04-27,34.962,35.112,34.554,34.784,597500
2018-04-30,34.93,35.049999,34.53,34.738,823500
2018-05-01,34.658,35.062,34.486,35.043999,1037000
2018-05-02,34.93,35.188,34.76,34.852,1336500
2018-05-03,34.736,35.272,34.432,35.037998,2135500
2018-05-04,34.82,35.746,34.808,35.576,1142000
2018-05-07,35.774,36.094002,35.694,35.952,1391000
2018-05-08,35.89,36.14,35.742,36.132,900000
2018-05-09,36.282,36.796,36.148,36.722,1433500
2018-05-10,36.896,37.082001,36.662,37.051998,1073000
2018-05-11,36.898,36.898,36.526,36.66,529000
2018-05-14,36.77,36.85,36.126,36.244,1985000
2018-05-15,35.944,36.106,35.738,36.085999,900500
2018-05-16,36.184,36.264,35.984,36.126,549500
2018-05-17,36.068001,36.332,35.822,36.051998,675500
2018-05-18,35.938,36.438,35.938,36.292,976500
2018-05-21,36.622,36.662,36.156,36.326,564500
2018-05-22,36.54,36.54,36.057999,36.099998,925000
2018-05-23,35.8,36.568,35.77,36.568,1342000
2018-05-24,36.608,36.632,36.168,36.55,843000
2018-05-25,36.468,36.652,36.4,36.468,523500
2018-05-29,36.356,36.398,35.996,36.226,1397000
2018-05-30,36.598,36.77,36.446,36.622,1600500
2018-05-31,36.676,36.956,36.562,36.59,892000
2018-06-01,36.796,37.202,36.716,37.188,3101000
2018-06-04,37.372,37.486,37.076,37.466,1582500
2018-06-05,37.55,37.786,37.518,37.752,1396500
2018-06-06,37.89,37.998,37.72,37.998,921000
2018-06-07,37.998,38.037998,36.968,37.354,1858500
2018-06-08,37.256,37.648,37.154,37.624,682000
2018-06-11,37.686,37.818,37.596,37.728,2965000
2018-06-12,37.864,38.15,37.858,38.114,526500
2018-06-13,38.188,38.494,38.14,38.258,1842000
2018-06-14,38.406,38.754,38.362,38.466,1278500
2018-06-15,38.296,38.406,37.93,38.366,690000
2018-06-18,38.144,38.626,37.978,38.6,1396500
2018-06-19,38.198,38.33,37.738,38.318,1087500
2018-06-20,38.322,38.556,38.156,38.18,1129500
2018-06-21,38.244,38.33,37.672,37.772,1033500
2018-06-22,37.65,37.65,36.94,37.126,3866000
2018-06-25,36.862,36.862,36.029999,36.384,3478500
2018-06-26,36.546,36.83,36.454,36.566,846500
2018-06-27,36.744,36.892,35.742,35.742,1574000
2018-06-28,35.844,36.516,35.764,36.39,2275000
2018-06-29,36.568,36.808,36.452,36.536,1887000
2018-07-02,36.326,37.166,36.326,37.166,1244000
2018-07-03,37.334,37.334,36.906,36.928,1537000
2018-07-05,37.184,37.268,36.944,37.242,1439500
2018-07-06,37.248,37.822,37.2,37.754,646000
2018-07-09,37.996,38.066002,37.566,37.948,1250500
2018-07-10,38.066002,38.152,37.882,37.942,881500
2018-07-11,37.64,38.266,37.602,38.198,1254500
2018-07-12,38.594,39.254,38.534,39.226,2493500
2018-07-13,39.262,39.304,38.904,39.246,1459500
2018-07-16,39.26,39.296,38.938,39.012001,1182500
2018-07-17,38.832,39.396,38.632,39.34,1396000
2018-07-18,39.39,39.448,39.134,39.404,793500
2018-07-19,39.346,39.346,39.09,39.18,1694500
2018-07-20,39.352,39.426,39.148,39.162,1482000
2018-07-23,39.182,39.3,38.9,39.292,883000
2018-07-24,39.544,39.544,38.654,38.822,1556500
2018-07-25,38.822,39.468,38.82,39.438,813500
2018-07-26,39.3,39.572,39.07,39.32,3222000
2018-07-27,39.336,39.336,37.976,38.314,3666500
2018-07-30,38.252,38.252,36.71,36.976,6121500
2018-07-31,37.051998,37.41,36.682,37.104,3902000
2018-08-01,37.232,37.618,37.226,37.318,2217500
2018-08-02,37.040001,37.98,37.040001,37.95,2677000
2018-08-03,38.096001,38.188,37.566,37.904,1634000
2018-08-06,38.0079994,38.2,37.79,38.17,1441500
2018-08-07,38.38,38.504,38.16,38.278,2034500
2018-08-08,38.338,38.408,38.091999,38.36,602500
2018-08-09,38.324,38.762,38.324,38.534,793000
2018-08-10,38.342,38.73,38.242,38.552,2329500
2018-08-13,38.704,38.882,38.332,38.372,1427500
2018-08-14,38.462,38.684,38.23,38.65,1646000
2018-08-15,38.458,38.654,37.822,38.104,2256500
2018-08-16,38.44,38.49,38.226,38.28,782500
2018-08-17,38.238,38.25,37.86,38.144,1684000
2018-08-20,38.212,38.328,38.021999,38.246,1217000
2018-08-21,38.378,38.652,38.354,38.364,510000
2018-08-22,38.356,38.8,38.354,38.762,1134500
2018-08-23,38.762,39.14,38.73,38.948,1838000
2018-08-24,39.27,39.976,39.27,39.972,2339500
2018-08-27,40.248,40.278,39.758,39.958,1473500
2018-08-28,40.076,40.154,39.882,40.114,1097500
2018-08-29,40.104,40.65,40.104,40.578,1689000
2018-08-30,40.336,40.398,40.138,40.206,1079500
2018-08-31,40.056,40.236,40.056,40.17,1414000
2018-09-04,40.028,40.36,39.922,40.334,1139500
2018-09-05,40.204,40.312,38.994,39.258,3225500
2018-09-06,39.258,39.582,39.11,39.474,2345500
2018-09-07,39.254,39.936,39.18,39.7,1394000
2018-09-10,39.948,40.106,39.654,40.042,1081000
2018-09-11,39.976,40.546,39.966,40.464,1504000
2018-09-12,40.55,40.784,40.14,40.732,1610500
2018-09-13,40.942,41.164,40.766,40.892,1335000
2018-09-14,41.042,41.332,40.912,41.104,1801000
2018-09-17,41.14,41.18,40.136,40.184,2701500
2018-09-18,40.162,40.65,39.996,40.372,2203000
2018-09-19,40.498,40.498,39.596,39.882,2784500
2018-09-20,40.126,40.304,39.778,40.212,1646500
2018-09-21,40.494,40.58,40.080002,40.14,1137000
2018-09-24,40.014,40.452,39.672,40.432,2006500
2018-09-25,40.584,40.79,40.5,40.758,618000
2018-09-26,40.868,41.026001,40.626,40.67,987000
2018-09-27,40.788,41.034,40.788,40.902,800500
2018-09-28,40.852,41.156,40.802,40.994,4366000
2018-10-01,41.326,41.326,40.758,40.888,1514000
2018-10-02,40.886,40.886,40.196,40.288,2216500
2018-10-03,40.418,40.684,40.27,40.454,833000
2018-10-04,40.364,40.364,39.238,39.562,2422500
2018-10-05,39.546,39.888,38.8,39.32,1705500
2018-10-08,39.18,39.18,37.842,38.328,3895000
2018-10-09,38.27,38.706,38.029999,38.21,4314000
2018-10-10,38.037998,38.066002,36.326,36.368,8367500
2018-10-11,36.208,36.994,35.974,36.168,9976500
2018-10-12,37.302,37.634,36.724,37.456,4308000
2018-10-15,37.456,37.458,36.71,36.896,5573500
2018-10-16,37.64,38.406,37.548,38.316,7190500
2018-10-17,38.312,38.32,37.84,38.258,2370000
2018-10-18,38.046001,38.046001,36.98,37.23,3748500
2018-10-19,37.524,37.668,36.56,36.576,5399000
2018-10-22,36.766,37.174,36.438,36.982,5184000
2018-10-23,36.304,37.035999,36.012001,36.834,4585500
2018-10-24,36.95,36.95,35.184,35.194,2671500
2018-10-25,35.754,36.624,35.684,36.43,2516000
2018-10-26,35.24,36.164,34.966,35.45,3582500
2018-10-29,36.45,36.778,34.534,35.198,3781500
2018-10-30,35.33,35.828,35.035999,35.778,4352500
2018-10-31,36.226,37.068001,36.226,36.652,1660500
2018-11-01,36.8,37.07,36.352,37.032001,4269000
2018-11-02,37.186,37.346,36.46,36.642,1635000
2018-11-05,36.716,36.716,36.076,36.446,3437000
2018-11-06,36.338,36.8,36.156,36.452,1260500
2018-11-07,36.918,37.972,36.8,37.868,2063000
2018-11-08,37.868,38.046001,37.448,37.7,1483500
2018-11-09,37.202,37.292,36.3,36.702,1315000
2018-11-12,36.644,36.644,35.436,35.64,3066000
2018-11-13,35.806,36.2,35.468,35.74,1368000
2018-11-14,36.074001,36.648,35.22,35.392,1079000
2018-11-15,35.362,36.378,35.232,36.32,1176000
2018-11-16,36.032001,36.364,35.838,36.126,1640000
2018-11-19,36.034,36.034,34.085999,34.174,4396000
2018-11-20,33.134,34.296,33.0019989,33.88,4078500
2018-11-21,34.288,34.87,34.23,34.604,2419500
2018-11-23,34.248,34.698,34.248,34.562,604000
2018-11-26,34.946,35.424,34.84,35.372,2954000
2018-11-27,35.212,35.296,34.858,35.158,1025000
2018-11-28,35.852,36.692,35.568,36.666,3603000
2018-11-29,36.586,36.99,36.232,36.706,1886000
2018-11-30,36.922,37.184,36.684,37.13,3285500
2018-12-03,38.0099983,38.118,37.076,37.386,2639500
2018-12-04,37.2,37.498,36.214,36.3,2761500
2018-12-06,35.478,36.616,35.212,36.616,2485500
2018-12-07,36.476,36.668,35.244,35.452,1918000
2018-12-10,35.334,36.17,35.242,35.998,1467000
2018-12-11,36.662,36.722,35.742,35.99,2063500
2018-12-12,36.726,37.099998,36.476,36.482,1614000
2018-12-13,36.736,36.83,36.136,36.406,772000
2018-12-14,35.908,36.154,35.398,35.476,1706500
2018-12-17,35.166,35.252,34.114,34.31,2040500
2018-12-18,34.668,34.912,34.392,34.666,2490500
2018-12-19,34.782,35.5,34.063999,34.45,3058500
2018-12-20,34.272,34.6,33.098,33.848,4112500
2018-12-21,34.048,34.048,32.484,32.62,3353000
2018-12-24,32.25,32.642,31.796,31.838,2829000
2018-12-26,32.028,33.912,32.028,33.912,3141500
2018-12-27,33.29,34.422,33.142,34.422,2178500
2018-12-28,34.812,34.9,33.97,34.366,1284500
2018-12-31,34.782,34.86,34.368,34.706,974500
2019-01-02,34.037998,34.708,33.88,34.524,1533000
2019-01-03,34.071999,34.214,33.4,33.438,3133000
2019-01-04,34.063999,35.186,33.918,34.972,1707000
2019-01-07,35.091999,35.94,35.0,35.668,2406500
2019-01-08,36.062,36.326,35.696,36.234,1390500
2019-01-09,36.418,36.632,36.212,36.476,1392500
2019-01-10,36.248,36.696,36.099998,36.67,1242500
2019-01-11,36.522,36.556,36.186,36.55,593500
2019-01-14,36.302,36.338,36.034,36.16,1615000
2019-01-15,36.172,36.852,36.172,36.82,1425500
2019-01-16,36.884,37.0099983,36.6,36.794,1227000
2019-01-17,36.644,37.258,36.6,37.066002,2325500
2019-01-18,37.364,37.828,37.216,37.714,3962000
2019-01-22,37.534,37.582,36.948,37.188,1976500
2019-01-23,37.394,37.692,36.828,37.178,831500
2019-01-24,37.27,37.356,36.96,37.25,1752500
2019-01-25,37.562,37.9,37.484,37.816,1465500
2019-01-28,37.438,37.58,37.154,37.434,1774000
2019-01-29,37.52,37.52,36.874,36.964,1683500
2019-01-30,37.308,37.81,37.13,37.8,2353000
2019-01-31,37.946,38.612,37.844,38.444,8301000
2019-02-01,38.59,38.87,38.422,38.792,2350000
2019-02-04,38.93,39.544,38.904,39.456,1596000
2019-02-05,39.616,39.854,39.586,39.824,1302000
2019-02-06,39.642,39.7,39.023998,39.404,1412000
2019-02-07,39.144,39.356,38.816,39.154,1474000
2019-02-08,38.818,39.81,38.8,39.81,1087500
2019-02-11,40.080002,40.262,39.72,39.796,1104500
2019-02-12,40.236,40.498,40.023998,40.446,1922000
2019-02-13,40.728,40.758,40.328,40.44,1320500
2019-02-14,40.36,40.8,40.15,40.632,1657500
2019-02-15,40.906,41.0,40.572,40.834,1635000
2019-02-19,40.814,40.938,40.676,40.888,1321500
2019-02-20,40.974,41.02,40.294,40.544,2932500
2019-02-21,40.5,40.77,40.28,40.598,1456500
2019-02-22,40.87,41.244,40.8,41.232,3354000
2019-02-25,41.56,41.612,41.272,41.346,2250500
2019-02-26,41.23,41.556,41.104,41.444,1329000
2019-02-27,41.392,41.66,41.162,41.624,2187000
2019-02-28,41.564,41.73,41.37,41.424,1660500
2019-03-01,41.824,41.918,41.276,41.624,2456000
2019-03-04,41.944,41.96,40.254,40.846,6152500
2019-03-05,40.884,40.884,40.44,40.68,2688000
2019-03-06,40.734,40.9,40.238,40.44,1913500
2019-03-07,40.374,40.684,40.164,40.374,1921500
2019-03-08,39.876,40.382,39.664,40.348,3342500
2019-03-11,40.508,41.132,40.484,41.11,2659500
2019-03-12,41.264,41.424,40.952,41.258,1663500
2019-03-13,41.476,41.884,41.412,41.506,1870000
2019-03-14,41.608,41.872,41.408,41.668,1910500
2019-03-15,41.706,41.848,41.332,41.688,1681500
2019-03-18,41.742,42.029999,41.524,41.854,1556000
2019-03-19,42.035999,42.204,41.8,42.096001,1348000
2019-03-20,42.088001,42.32,41.634,41.932,2024000
2019-03-21,41.76,42.938,41.76,42.932,2151000
2019-03-22,42.714,42.754,41.662,41.666,2010000
2019-03-25,41.518,41.834,41.274,41.69,2507500
2019-03-26,42.014,42.266,41.68,41.934,1359000
2019-03-27,41.974,42.037998,40.876,41.352,2830000
2019-03-28,41.448,41.776,41.254,41.662,923500
2019-03-29,41.986,42.17,41.77,42.164,1911500
2019-04-01,42.6,42.788,42.198,42.738,2302000
2019-04-02,42.81,42.812,42.342,42.766,1865000
2019-04-03,43.023998,43.196,42.784,42.956,2214000
2019-04-04,43.082001,43.082001,41.602,42.128,3862500
2019-04-05,42.26,42.482,42.186,42.334,1834000
2019-04-08,42.33,42.498,41.788,42.38,1605500
2019-04-09,42.254,42.478,42.128,42.356,1692500
2019-04-10,42.456,42.92,42.45,42.846,1389000
2019-04-11,42.98,43.0040016,42.722,42.944,1308500
2019-04-12,43.23,43.238,42.85,43.071999,1047000
2019-04-15,43.122,43.29,42.83,43.0,1573500
2019-04-16,43.216,43.234,42.516,42.752,1848000
2019-04-17,42.992,42.992,42.196,42.318,3406000
2019-04-18,42.234,42.38,41.832,42.374,3372000
2019-04-22,42.22,42.816,42.22,42.798,1556000
2019-04-23,43.018002,43.516,42.986,43.468,2847500
2019-04-24,43.59,43.712,43.378,43.402,2115000
2019-04-25,43.714,43.97,43.322,43.782,1849000
2019-04-26,43.75,44.144,43.384,44.136,2199500
2019-04-29,44.354,44.494,44.206,44.236,1340500
2019-04-30,44.25,44.438,44.0079994,44.376,1943000
2019-05-01,44.552,44.552,43.68,43.68,3116500
2019-05-02,43.666,43.92,43.16,43.53,2124000
2019-05-03,43.702,44.0040016,43.49,43.966,3138000
2019-05-06,43.098,43.99,42.854,43.922,1647500
2019-05-07,43.464,43.58,42.514,42.926,2025000
2019-05-08,42.822,43.152,42.626,42.914,2671500
2019-05-09,42.456,43.018002,41.946,42.862,3430500
2019-05-10,42.566,43.282,41.968,43.118,5713500
2019-05-13,42.046001,42.41,41.404,41.478,4789000
2019-05-14,41.758,42.608,41.684,42.392,1971500
2019-05-15,42.014,42.934,42.014,42.81,2903000
2019-05-16,42.938,43.848,42.938,43.662,4116000
2019-05-17,43.336,43.78,43.088001,43.168,2146000
2019-05-20,42.73,42.81,42.228,42.408,1449500
2019-05-21,42.748,43.0060005,42.722,42.896,1365000
2019-05-22,42.69,43.224,42.69,43.035999,1084000
2019-05-23,42.596,42.596,41.752,42.042,3834000
2019-05-24,42.19,42.5,42.035999,42.244,2127000
2019-05-28,42.432,42.912,42.214,42.328,4125500
2019-05-29,41.98,42.18,41.58,41.788,3987000
2019-05-30,41.85,42.09,41.636,41.94,1889000
2019-05-31,41.33,41.632,41.172,41.25,4106000
2019-06-03,41.216,41.346,39.67,39.88,10807500
2019-06-04,40.416,41.248,40.0,41.24,5018500
2019-06-05,41.71,41.864,41.2,41.864,2539500
2019-06-06,41.932,42.248,41.576,42.134,4607500
2019-06-07,42.346,42.98,42.3,42.762,4195000
2019-06-10,43.158,43.56,43.012001,43.076,3191000
2019-06-11,43.498,43.542,42.344,42.578,3491000
2019-06-12,42.482,42.722,42.406,42.684,1554000
2019-06-13,42.872,42.96,42.65,42.852,3004000
2019-06-14,42.84,42.862,42.272,42.468,2381000
2019-06-17,42.506,42.846,42.462,42.55,1387000
2019-06-18,43.0040016,43.33,42.902,42.992,2513000
2019-06-19,43.192,43.716,43.021999,43.644,2637500
2019-06-20,44.464,44.716,44.076,44.452,4404000
2019-06-21,44.37,44.464,44.102,44.126,2167000
2019-06-24,44.21,44.36,43.838,43.92,2006500
2019-06-25,43.916,43.928,42.822,42.932,2889500
2019-06-26,43.204,43.51,42.966,42.974,3252000
2019-06-27,43.198,43.552,43.118,43.48,2069500
2019-06-28,43.7,43.754,43.322,43.692,1614500
2019-07-01,44.402,44.598,44.12,44.364,2420000
2019-07-02,44.39,44.624,44.272,44.624,2062000
2019-07-03,44.802,45.158,44.712,45.12,2458000
2019-07-05,44.826,45.07,44.348,45.040001,2315000
2019-07-08,44.918,44.918,44.584,44.826,1348000
2019-07-09,44.66,45.085999,44.644,45.056,1790500
2019-07-10,45.348,45.702,45.272,45.46,1860500
2019-07-11,45.514,45.808,45.386,45.718,1074500
2019-07-12,45.824,45.876,45.418,45.814,1020000
2019-07-15,45.89,45.914,45.48,45.788,2231500
2019-07-16,45.838,45.842,45.154,45.258,1570500
2019-07-17,45.2,45.624,45.112,45.356,1452000
2019-07-18,45.224,45.448,45.032001,45.354,1224000
2019-07-19,45.702,45.814,44.908,44.91,2040500
2019-07-22,45.106,45.39,45.096001,45.218,1748500
2019-07-23,45.508,45.508,44.822,45.168,2443000
2019-07-24,45.13,45.904,45.13,45.876,2841000
2019-07-25,45.73,45.73,45.326,45.59,2067000
2019-07-26,45.754,46.112,45.748,46.0079994,2351000
2019-07-29,46.028,46.174,44.78,45.44,4971000
2019-07-30,45.077999,45.38,44.928,45.118,4341000
2019-07-31,45.224,45.342,43.954,44.392,2596000
2019-08-01,44.534,45.336,44.216,44.352,3885000
2019-08-02,44.148,44.16,43.22,43.478,3274500
2019-08-05,42.308,42.464,41.366,41.832,7477000
2019-08-06,42.258,42.616,41.868,42.268,2927000
2019-08-07,41.634,42.488,41.572,42.378,3859000
2019-08-08,42.79,43.762,42.79,43.75,3336500
2019-08-09,43.58,43.668,43.054001,43.344,1393000
2019-08-12,43.062,43.298,42.424,42.632,2795000
2019-08-13,42.494,43.474,42.424,43.36,2119500
2019-08-14,42.614,42.734,41.654,41.878,3109000
2019-08-15,42.042,42.102,41.602,41.954,3059000
2019-08-16,42.334,42.802,42.29,42.544,2048500
2019-08-19,43.178,43.192,42.622,42.766,1832500
2019-08-20,42.716,43.0,42.484,42.73,1557000
2019-08-21,43.138,43.588,43.021999,43.408,1259000
2019-08-22,43.504,43.61,42.848,43.318,2403000
2019-08-23,43.578,44.136,42.53,42.662,2676000
2019-08-26,43.168,43.214,42.652,43.214,950500
2019-08-27,43.438,43.67,42.81,43.114,1752000
2019-08-28,42.718,42.798,42.192,42.604,4426500
2019-08-29,43.098,43.452,42.986,43.338,2444000
2019-08-30,43.6,43.6,42.662,43.158,2999000
2019-09-03,42.866,43.2,42.548,42.75,2724000
2019-09-04,43.188,43.384,43.015999,43.296,3222500
2019-09-05,43.91,44.108,43.488,43.954,4185500
2019-09-06,44.096001,44.18,43.646,43.7,2216500
2019-09-09,43.848,43.998,42.65,43.040001,6145000
2019-09-10,42.612,42.904,42.252,42.752,4455500
2019-09-11,42.82,43.248,42.666,43.07,4637500
2019-09-12,43.268,43.614,43.049999,43.071999,2837500
2019-09-13,43.074001,43.142,42.69,42.75,3881500
2019-09-16,42.468,43.07,42.314,43.0019989,1813000
2019-09-17,43.0019989,43.284,42.932,43.274,1044000
2019-09-18,43.071999,43.13,42.45,43.09,3375000
2019-09-19,43.26,43.664,43.222,43.404,4546500
2019-09-20,43.612,43.72,43.026001,43.326,1755000
2019-09-23,43.268,43.346,43.012001,43.246,1239000
2019-09-24,43.36,43.56,42.262,42.432,2894000
2019-09-25,42.394,42.886,41.724,42.81,4960000
2019-09-26,42.81,43.066002,42.608,42.924,2406000
2019-09-27,43.0,43.099998,41.516,41.958,4132000
2019-09-30,41.984,42.478,41.832,42.376,1687500
2019-10-01,42.522,42.746,41.882,41.904,2479000
2019-10-02,41.598,41.658,40.876,41.272,3500000
2019-10-03,41.202,42.056,40.796,42.021999,3659500
2019-10-04,42.278,42.802,42.218,42.758,4159000
2019-10-07,42.65,43.066002,42.602,42.85,2817500
2019-10-08,42.486,42.688,41.9,41.912,4264000
2019-10-09,42.256,42.628,42.202,42.472,2166500
2019-10-10,42.43,42.666,42.314,42.536,2785000
2019-10-11,43.029999,43.634,42.954,43.274,4826500
2019-10-14,43.244,43.378,43.091999,43.256,837500
2019-10-15,43.42,43.764,43.352,43.626,2326000
2019-10-16,43.042,43.042,42.274,42.622,5574500
2019-10-17,42.836,42.906,42.372,42.43,3277500
2019-10-18,42.398,42.428,41.178,41.598,8506500
2019-10-21,41.832,42.012001,41.534,41.886,4679500
2019-10-22,42.071999,42.142,41.035999,41.049999,4932500
2019-10-23,40.978,41.62,40.86,41.218,7705000
2019-10-24,41.7,42.284,41.694,42.208,5687000
2019-10-25,42.142,42.436,41.936,42.39,2352000
2019-10-28,42.682,42.858,42.398,42.784,4231500
2019-10-29,42.684,42.998,42.626,42.632,1844500
2019-10-30,42.768,43.396,42.588,43.356,5637500
2019-10-31,43.316,43.316,42.802,42.984,2722500
2019-11-01,43.254,43.652,43.091999,43.486,2006500
2019-11-04,43.768,44.0,43.318,43.408,2196500
2019-11-05,43.716,43.84,43.184,43.59,2610500
2019-11-06,43.602,43.612,43.368,43.534,1541000
2019-11-07,43.756,44.043999,43.462,43.626,2858500
2019-11-08,43.4,43.97,43.346,43.956,1273500
2019-11-11,43.748,44.106,43.65,44.012001,1532500
2019-11-12,44.09,44.442,44.09,44.258,3349000
2019-11-13,44.063999,44.404,44.063999,44.376,1028500
2019-11-14,44.256,44.488,44.198,44.446,2147500
2019-11-15,44.702,44.926,44.402,44.926,1480000
2019-11-18,44.878,45.192,44.736,45.035999,2816500
2019-11-19,45.312,45.622,45.11,45.54,3350000
2019-11-20,45.438,45.91,45.336,45.73,3515000
2019-11-21,45.716,45.862,45.358,45.534,2379500
2019-11-22,45.74,45.748,45.22,45.54,2015000
2019-11-25,45.736,46.023998,45.544,46.0099983,2197000
2019-11-26,46.029999,46.282,45.99,46.25,2140000
2019-11-27,46.4,46.482,46.146,46.47,3141000
2019-11-29,46.346,46.52,46.334,46.4,2559500
2019-12-02,46.45,46.45,45.13,45.534,9227000
2019-12-03,44.752,45.536,44.64,45.516,4464500
2019-12-04,45.61,45.62,45.12,45.254,3064000
2019-12-05,45.346,45.41,45.077999,45.328,3331500
2019-12-06,45.51,45.626,45.424,45.544,3040000
2019-12-09,45.49,45.678,45.358,45.368,1815000
2019-12-10,45.38,45.544,45.122,45.222,1452000
2019-12-11,45.306,45.306,44.938,45.208,1500000
2019-12-12,45.186,45.568,44.866,45.378,3110500
2019-12-13,45.356,45.85,45.35,45.75,4743000
2019-12-16,46.057999,46.33,45.984,46.236,1891500
2019-12-17,46.312,46.312,45.79,45.948,3957500
2019-12-18,46.023998,46.456,45.996,46.188,2362000
2019-12-19,46.224,46.49,46.166,46.49,2388500
2019-12-20,46.68,46.81,46.61,46.808,2235500
2019-12-23,46.982,46.982,46.724,46.762,2140500
2019-12-24,46.796,46.824,46.67,46.734,320000
2019-12-26,46.818,47.046001,46.708,46.974,1953500
2019-12-27,47.172,47.172,46.736,47.0079994,2558000
2019-12-30,46.976,46.998,46.172,46.482,2662000
2019-12-31,46.302,46.614,46.274,46.608,3620000
2020-01-02,46.986,47.454,46.844,47.45,2462500
2020-01-03,46.904,47.392,46.802,47.278,2450000
2020-01-06,46.894,47.858,46.822,47.83,3098000
2020-01-07,47.84,48.062,47.612,47.958,2472500
2020-01-08,47.97,48.726,47.97,48.464,3022500
2020-01-09,48.816,48.942,48.6,48.924,1952000
2020-01-10,49.102,49.198,48.716,48.832,2661500
2020-01-13,49.012001,49.488,48.958,49.404,3086000
2020-01-14,49.406,49.49,49.046001,49.174,2980000
2020-01-15,49.14,49.66,49.14,49.312,4992500
2020-01-16,49.646,49.892,49.504,49.884,1880000
2020-01-17,50.198,50.2,49.778,50.042,4730500
2020-01-21,49.914,50.45,49.884,50.198,2156500
2020-01-22,50.512,50.732,50.14,50.144,2325000
2020-01-23,50.224,50.426,50.012001,50.38,1521000
2020-01-24,50.664,50.83,49.78,50.051998,2614500
2020-01-27,48.95,49.532,48.758,49.222,3115500
2020-01-28,49.528,50.19,49.35,50.071999,2530000
2020-01-29,50.35,50.424,49.914,49.99,2207500
2020-01-30,49.958,50.678,49.934,50.662,3255500
2020-01-31,50.542,50.542,49.468,49.734,2663000
2020-02-03,50.0040016,50.494,49.95,50.422,6870500
2020-02-04,51.13,51.82,50.906,51.714,3657500
2020-02-05,52.436,52.436,50.688,50.976,4485000
2020-02-06,51.116,51.526,50.83,51.442,1838000
2020-02-07,51.26,51.832,51.136,51.368,1426500
2020-02-10,51.286,52.0,51.282,51.998,1592000
2020-02-11,52.436,52.482,51.762,51.912,2077500
2020-02-12,52.16,52.354,51.57,52.336,3001000
2020-02-13,52.046001,52.722,52.0,52.46,2202500
2020-02-14,52.6,52.978,52.496,52.904,1924500
2020-02-18,52.814,53.104,52.692,52.992,1995500
2020-02-19,53.278,53.54,53.266,53.334,2891500
2020-02-20,53.336,53.502,51.964,52.756,6262500
2020-02-21,52.482,52.542,51.246,51.656,5472500
2020-02-24,49.47,50.5,49.114,50.060001,9394500
2020-02-25,50.444,50.692,48.466,48.676,6762500
2020-02-26,48.738,49.868,48.392,48.768,3247000
2020-02-27,47.54,48.568,46.708,46.708,6997500
2020-02-28,45.068001,46.976,45.040001,46.916,9067500
2020-03-02,47.448,48.68,46.51,48.68,5429500
2020-03-03,48.758,49.136,46.22,46.856,6262500
2020-03-04,47.876,48.728,47.316,48.672,4367000
2020-03-05,47.284,48.43,46.96,47.392,3277500
2020-03-06,45.846,46.418,44.52,45.8,8804500
2020-03-09,42.378,44.068001,41.4,42.376,8542500
2020-03-10,43.94,44.508,42.2,44.45,7192000
2020-03-11,43.256,43.72,41.572,42.334,9856000
2020-03-12,39.186,41.198,38.0,38.386,9530500
2020-03-13,39.536,42.2,38.544,42.136,5787000
2020-03-16,40.986,40.986,36.888,37.176,5984500
2020-03-17,37.772,39.934,36.254,39.824,7290000
2020-03-18,38.818,39.0,35.246,37.85,5693000
2020-03-19,37.586,39.846,36.844,38.836,4145000
2020-03-20,39.872,40.5,37.88,38.0099983,5554000
2020-03-23,37.906,39.074001,37.13,38.094002,7540000
2020-03-24,40.562,41.192,39.732,40.998,4427500
2020-03-25,40.964,42.034,39.704,40.302,4367000
2020-03-26,40.444,43.15,40.444,43.028,5211000
2020-03-27,41.658,42.404,40.966,41.314,2511500
2020-03-30,41.56,42.896,41.56,42.646,3522500
2020-03-31,42.572,43.2,41.622,42.057999,3567500
2020-04-01,40.736,41.278,39.776,40.062,5413000
2020-04-02,39.834,40.714,39.404,40.25,3689000
2020-04-03,40.258,40.4,39.218,39.588,3430500
2020-04-06,41.378,42.796,40.726,42.562,4465500
2020-04-07,43.97,43.97,41.978,41.978,5503000
2020-04-08,42.654,43.744,42.314,43.492,3746500
2020-04-09,44.034,44.628,43.556,43.972,4242000
2020-04-13,43.948,44.085999,43.162,44.040001,3446500
2020-04-14,44.922,46.02,44.922,45.892,4124500
2020-04-15,45.156,45.766,44.828,45.446,2816500
2020-04-16,45.872,46.368,45.526,46.032001,2636000
2020-04-17,46.9,47.0,46.224,46.954,3856000
2020-04-20,46.648,47.412,46.432,46.784,2365000
2020-04-21,45.934,46.296,44.226,44.636,7349500
2020-04-22,45.61,46.362,45.384,46.14,2409500
2020-04-23,46.043999,46.574,45.686,45.746,3303500
2020-04-24,46.028,46.502,45.55,46.464,2798500
2020-04-27,46.954,47.44,46.864,47.246,4284000
2020-04-28,47.89,47.902,46.154,46.196,3943500
2020-04-29,47.25,48.292,46.648,48.104,4507500
2020-04-30,48.388,48.642,47.752,48.176,3099000
2020-05-01,47.15,47.512,46.408,46.682,3935000
2020-05-04,46.254,47.626,46.202,47.586,3856000
2020-05-05,48.158,49.118,48.018002,48.594,5184000
2020-05-06,49.194,49.69,48.722,49.198,3340500
2020-05-07,49.932,50.764,49.768,50.478,8169500
2020-05-08,51.106,51.106,50.334,50.886,4787000
2020-05-11,50.568,51.994,50.43,51.616,3879500
2020-05-12,51.992,51.998,50.382,50.384,3913500
2020-05-13,50.4,50.634,48.57,49.382,7166000
2020-05-14,48.89,49.638,48.242,49.638,5677000
2020-05-15,49.33,50.564,49.057999,50.438,10697000
2020-05-18,51.482,51.576,50.742,50.78,5810500
2020-05-19,50.894,51.87,50.894,51.138,3862500
2020-05-20,51.922,52.246,51.676,51.996,2721500
2020-05-21,51.89,52.234,51.348,51.584,1802500
2020-05-22,51.85,52.294,51.448,52.196,4967500
2020-05-26,53.14,53.14,51.594,51.708,6797000
2020-05-27,51.548,51.718,49.832,51.69,14278000
2020-05-28,51.518,53.31,51.518,52.324,5693000
2020-05-29,52.4,53.536,52.204,53.454,4871500
2020-06-01,53.242,54.252,53.204,54.032001,4037500
2020-06-02,54.196,54.196,52.928,54.07,3716500
2020-06-03,54.124,54.344,53.688,54.098,8615500
2020-06-04,53.948,54.0079994,52.566,52.982,8713500
2020-06-05,52.732,53.87,52.166,53.774,9894000
2020-06-08,53.748,54.516,53.13,54.516,7039500
2020-06-09,54.228,54.686,53.926,54.26,3418500
2020-06-10,54.642,55.57,54.498,55.208,4517500
2020-06-11,53.91,54.466,52.252,52.284,5070500
2020-06-12,53.764,54.057999,52.049999,53.066002,3502000
2020-06-15,52.114,54.204,52.114,54.015999,8556000
2020-06-16,55.198,55.294,54.182,54.966,4118500
2020-06-17,55.242,55.56,54.822,54.966,3013500
2020-06-18,54.968,55.778,54.968,55.752,4839500
2020-06-19,56.44,56.44,55.33,55.702,5600500
2020-06-22,55.79,56.84,55.71,56.806,6439000
2020-06-23,57.272,57.52,56.648,56.746,4748000
2020-06-24,56.628,57.116,55.202,55.62,6145000
2020-06-25,55.628,56.416,55.0079994,56.388,5738500
2020-06-26,56.37,56.492,55.236,55.894,4376500
2020-06-29,55.876,56.0,54.636,55.742,3499000
2020-06-30,55.766,57.012001,55.744,56.85,3839000
2020-07-01,56.81,58.136,56.702,57.834,4449000
2020-07-02,58.494,58.528,57.858,57.968,3202000
2020-07-06,58.742,59.316,58.4,58.596,3024500
2020-07-07,58.506,59.45,58.2,58.25,3191000
2020-07-08,58.75,59.468,58.548,59.438,2931000
2020-07-09,59.97,60.188,58.806,59.984,5118500
2020-07-10,59.968,60.043999,59.168,59.648,3141000
2020-07-13,59.898,60.134,56.972,57.071999,9186000
2020-07-14,56.466,57.418,55.432,57.376,6505000
2020-07-15,57.518,57.86,56.756,57.476,5702500
2020-07-16,56.754,57.037998,55.988,56.77,7185000
2020-07-17,56.99,57.37,56.356,57.258,2598500
2020-07-20,57.37,59.546,57.37,59.4,7558500
2020-07-21,60.0,60.0,58.534,58.736,4549000
2020-07-22,58.934,59.338,58.47,58.904,3453500
2020-07-23,58.722,59.44,57.44,57.628,6513500
2020-07-24,57.015999,57.536,56.332,57.099998,4156000
2020-07-27,57.468,58.16,57.228,58.056,2953500
2020-07-28,57.93,58.366,57.488,57.56,3979500
2020-07-29,58.085999,58.92,57.942,58.68,3339000
2020-07-30,57.834,58.732,57.344,58.594,4398000
2020-07-31,59.076,59.084,57.832,59.049999,12044500
2020-08-03,59.604,60.372,59.406,60.248,5469000
2020-08-04,60.22,60.39,59.622,60.156,3448500
2020-08-05,60.33,60.68,60.042,60.404,3995000
2020-08-06,60.274,60.67,59.832,60.6,3551500
2020-08-07,60.17,60.252,58.524,59.238,7021500
2020-08-10,59.17,59.174,57.628,58.382,7963500
2020-08-11,57.99,58.366,57.138,57.26,6191500
2020-08-12,57.686,58.28,57.57,57.912,5215000
2020-08-13,58.091999,59.246,58.09,58.674,5368500
2020-08-14,58.814,59.042,58.2,58.374,2275000
2020-08-17,58.81,59.204,58.678,59.080002,2315000
2020-08-18,59.282,59.948,59.256,59.784,3625500
2020-08-19,59.984,60.318,59.2,59.73,2409500
2020-08-20,59.544,61.063999,59.446,60.912,3727000
2020-08-21,60.912,60.912,60.264,60.498,2809500
2020-08-24,61.0079994,61.126,60.214,60.688,2697500
2020-08-25,60.542,61.396,60.51,61.358,3187500
2020-08-26,62.786,65.056,62.786,64.68,9876000
2020-08-27,64.692,64.708,63.464,64.39,3713000
2020-08-28,64.766,65.36,64.576,64.998,4714500
2020-08-31,64.834,65.114,64.302,64.814,9101500
2020-09-01,65.364,66.568,65.144,66.558,4961000
2020-09-02,67.326,67.416,65.596,66.904,3359500
2020-09-03,65.582,65.728,62.456,63.262,11944500
2020-09-04,62.82,63.254,59.27,61.402,9238000
2020-09-08,59.398,60.638,59.0019989,59.268,4538500
2020-09-09,60.454,61.476,59.498,60.956,5623000
2020-09-10,61.798,62.262,59.88,60.2,3604000
2020-09-11,60.996,61.2,58.688,59.354,4983500
2020-09-14,60.358,60.902,59.778,60.45,2007500
2020-09-15,61.376,61.62,60.912,61.538,2635000
2020-09-16,61.98,62.060001,60.54,60.6,3524500
2020-09-17,58.934,59.902,58.772,59.844,6462000
2020-09-18,60.162,60.238,58.378,59.53,4647000
2020-09-21,58.726,60.646,58.614,60.588,10698000
2020-09-22,61.17,61.91,60.104,61.852,5619500
2020-09-23,61.778,62.046001,60.021999,60.162,4339000
2020-09-24,59.564,60.514,59.13,59.916,3337000
2020-09-25,60.194,61.82,59.874,61.608,5278500
2020-09-28,62.714,62.8,61.77,62.304,5063500
2020-09-29,62.404,62.63,61.962,62.11,4035500
2020-09-30,61.998,63.046001,61.818,62.224,2634500
2020-10-01,63.212,63.714,62.918,63.424,3087000
2020-10-02,62.198,63.556,61.942,62.172,3034500
2020-10-05,62.708,63.26,62.418,63.13,1974500
2020-10-06,63.268,63.916,62.514,62.644,2686000
2020-10-07,63.532,64.246,63.238,64.059998,1651000
2020-10-08,64.764,64.794,63.782,64.112,2070500
2020-10-09,64.692,65.38,64.526,65.304,1974500
2020-10-12,66.29,66.76,65.534,66.282,3294000
2020-10-13,66.6,67.242,66.278,66.808,2335000
2020-10-14,67.224,67.264,65.7,66.34,2172000
2020-10-15,65.118,66.22,65.0,66.098,2116000
2020-10-16,66.674,67.084,66.346,66.346,2073500
2020-10-19,66.888,67.23,65.556,65.72,2543500
2020-10-20,65.996,66.246,65.362,65.362,1804500
2020-10-21,65.556,66.254,64.964,65.242,2904000
2020-10-22,65.204,65.37,63.846,64.948,3233000
2020-10-23,65.294,65.486,64.472,65.484,2593000
2020-10-26,65.024002,65.46,63.077999,63.864,5369500
2020-10-27,64.288,64.91,64.029999,64.448,1698000
2020-10-28,63.192,63.526,62.049999,62.198,2625500
2020-10-29,62.388,62.956,62.288,62.55,11918500
2020-10-30,62.085999,62.368,60.302,60.928,13951500
2020-11-02,61.6,61.844,59.8,60.534,4756000
2020-11-03,61.134,62.166,60.778,61.81,4547500
2020-11-04,64.0,65.362,63.578,64.794,6195000
2020-11-05,66.464,66.684,65.798,66.284,4032000
2020-11-06,66.212,66.946,65.392,66.784,3310000
2020-11-09,65.3,66.938,64.302,64.372,10400500
2020-11-10,63.58,63.994,61.248,62.292,11068500
2020-11-11,63.374,64.374,63.126,64.036003,5189500
2020-11-12,64.394,64.99,63.662,63.894,7165000
2020-11-13,64.502,64.552,63.516,64.134,3624000
2020-11-16,63.728,64.318,63.392,64.084,4551500
2020-11-17,64.071999,64.912,63.96,64.714,2649500
2020-11-18,64.646,64.85,64.089996,64.252,2891500
2020-11-19,64.304,65.746,64.11,65.432,4070000
2020-11-20,65.508,66.040001,64.982,65.38,3434500
2020-11-23,65.58,65.798,64.652,65.292,2891500
2020-11-24,65.666,65.666,64.984,65.464,3627000
2020-11-25,65.644,66.5,65.618,66.188,3435000
2020-11-27,66.656,67.418,66.532,67.242,1785500
2020-11-30,67.442,67.596,66.073997,67.542,4244000
2020-12-01,67.568,67.568,66.394,67.022003,6691500
2020-12-02,66.031998,66.584,65.512,66.584,5478500
2020-12-03,66.668,67.444,66.582,66.936,2161000
2020-12-04,67.288,67.888,67.212,67.64,3234500
2020-12-07,67.824,68.214,67.784,68.014,1905500
2020-12-08,68.0,68.698,67.846,68.456,2515500
2020-12-09,68.49,68.49,66.56,66.842,4186000
2020-12-10,66.432,67.742,66.242,67.674,2800000
2020-12-11,67.56,68.028,67.073997,67.968,2011500
2020-12-14,68.148,68.728,68.089996,68.4,1584000
2020-12-15,68.714,68.99,68.292,68.6,2159000
2020-12-16,68.958,69.698,68.926,69.656,7906500
2020-12-17,70.099998,70.774,70.099998,70.774,6620500
2020-12-18,71.134,71.778,70.766,71.778,3938000
2020-12-21,70.968,71.876,70.53,71.672,3918500
2020-12-22,72.054001,73.015999,71.812,73.015999,3312000
2020-12-23,73.084,73.206,72.028,72.038002,3212500
2020-12-24,72.304,72.612,71.876,72.075996,886000
2020-12-28,72.598,72.766,70.99,71.047997,3312500
2020-12-29,71.208,71.696,70.256,70.67,4354000
2020-12-30,70.924,71.096001,70.576,70.662,1356000
2020-12-31,71.146,71.146,70.316,70.82,2737000
2021-01-04,70.692,70.918,68.322,69.434,10129500
2021-01-05,69.284,69.808,69.138,69.704,3804500
2021-01-06,68.7,69.11,67.816,68.033997,7800500
2021-01-07,68.452,70.042,68.452,69.902,5559000
2021-01-08,70.29,71.182,70.19,71.026001,2953000
2021-01-11,70.222,70.978,69.596,70.398,2879500
2021-01-12,70.768,70.768,69.626,70.456,4115500
2021-01-13,70.348,70.924,69.944,70.292,3789500
2021-01-14,70.528,70.882,69.834,69.96,3707000
2021-01-15,69.896,70.634,69.36,69.578,3271500
2021-01-19,70.122,70.686,69.798,70.574,1946500
2021-01-20,71.394,72.104,71.224,71.944,5681500
2021-01-21,72.256,72.288,71.492,71.684,1767000
2021-01-22,71.454,72.094002,71.454,71.766,1862000
2021-01-25,72.226,72.94,70.172,71.542,4154500
2021-01-26,71.606,71.818,71.042,71.144,3277000
2021-01-27,70.62,71.040001,68.994,69.49,5984500
2021-01-28,69.866,71.638,69.866,70.794,4552500
2021-01-29,70.218,70.698,69.099998,69.772,5150000
2021-02-01,70.658,71.704,70.040001,71.508,4756500
2021-02-02,71.882,73.53,71.882,73.378,4727000
2021-02-03,73.74,73.74,72.728,73.0019989,2927000
2021-02-04,73.15,74.196,73.092003,74.196,1822000
2021-02-05,74.724,75.492,74.596,75.432,4932000
2021-02-08,75.792,76.244,75.222,75.59,2868000
2021-02-09,75.366,76.4,75.366,76.232,1830500
2021-02-10,76.992,76.992,75.22,76.078003,3472500
2021-02-11,76.708,76.874,75.97,76.592,3449500
2021-02-12,76.194,77.182,76.087997,77.176,1885500
2021-02-16,77.354,77.888,76.538,76.958,4402500
2021-02-17,76.57,76.602,75.154,76.214,3918500
2021-02-18,75.212,76.302,74.884,75.996,7537500
2021-02-19,76.736,76.876,75.98,76.106,7246000
2021-02-22,75.17,75.402,73.706,73.802,5759500
2021-02-23,72.424,73.302,70.188,73.022003,10441500
2021-02-24,72.276,73.85,71.776,73.726,7058500
2021-02-25,73.047997,73.73,70.492,70.85,9523000
2021-02-26,71.402,71.862,70.028,70.92,8000000
2021-03-01,72.036003,73.148,71.668,73.082001,3524500
2021-03-02,73.498,73.538,71.598,71.656,6499000
2021-03-03,71.334,71.498,68.514,68.694,13294500
2021-03-04,68.372,69.075996,65.928,66.798,17918000
2021-03-05,67.774,67.958,64.63,67.302,11974500
2021-03-08,67.254,68.068001,65.258,65.364,8321000
2021-03-09,67.804,68.628,67.354,68.238,11959000
2021-03-10,69.432,69.634,67.756,67.776,7069500
2021-03-11,69.652,70.13,68.724,69.888,7346000
2021-03-12,68.608,69.156,67.982,69.132,4305000
2021-03-15,69.132,69.742,68.558,69.73,3517000
2021-03-16,70.033997,70.612,68.966,69.364,6929000
2021-03-17,68.482,69.722,67.776,69.254,5158500
2021-03-18,68.378,68.378,66.556,66.75,9451000
2021-03-19,66.802,67.808,66.388,67.398,5438000
2021-03-22,68.858,68.858,67.746,68.4,6372500
2021-03-23,68.4,69.262,68.224,68.422,4290500
2021-03-24,68.63,68.664,66.492,66.57,11092000
2021-03-25,65.922,66.526,65.334,66.312,9705000
2021-03-26,66.386,67.748,66.18,67.688,6723500
2021-03-29,67.099998,67.808,66.632,67.114,4325500
2021-03-30,66.318,66.968,65.904,66.766,5748000
2021-03-31,67.019997,68.81,67.019997,68.284,7846000
2021-04-01,69.376,70.328,69.358,69.912,5128000
2021-04-05,70.668,70.882,70.096001,70.702,3843500
2021-04-06,70.814,71.564,70.186,71.102,4569500
2021-04-07,70.856,71.43,70.658,70.978,2236500
2021-04-08,71.696,72.504,71.646,72.292,5238500
2021-04-09,71.492,72.766,71.474,72.752,3310500
2021-04-12,72.716,73.148,72.043999,72.926,3370500
2021-04-13,73.336,74.26,73.0,74.098,4830500
2021-04-14,74.362,74.778,73.216,73.348,7799000
2021-04-15,74.16,74.73,74.0080032,74.702,3462500
2021-04-16,74.588,74.604,73.766,74.184,3035500
2021-04-19,73.654,74.282,72.776,73.206,4500000
2021-04-20,72.782,73.298,71.998,72.442,4530500
2021-04-21,72.050003,72.792,71.894,72.738,2571000
2021-04-22,72.582,73.6,72.236,72.63,3850000
2021-04-23,72.82,73.834,72.82,73.692,1793000
2021-04-26,73.958,74.562,73.428,74.522,4149000
2021-04-27,74.38,74.638,73.75,74.214,4348500
2021-04-28,74.047997,74.316,73.426,73.988,4553500
2021-04-29,74.502,74.502,72.252,72.946,5575500
2021-04-30,72.542,73.238,72.104,72.318,3087500
2021-05-03,72.099998,72.516,71.12,71.208,5321500
2021-05-04,70.492,70.522,68.534,69.516,10821500
2021-05-05,69.968,70.418,68.678,68.976,5505000
2021-05-06,68.632,68.784,67.67,68.638,7871500
2021-05-07,69.936,70.268,69.0,69.3,8176500
2021-05-10,69.264,69.264,67.688,67.724,6966500
2021-05-11,66.0019989,68.692,66.0019989,68.46,10354000
2021-05-12,67.3,67.936,66.4,66.734,7611500
2021-05-13,67.204,67.8,66.082001,66.718,6075000
2021-05-14,67.538,68.682,67.254,68.518,6420500
2021-05-17,67.978,68.39,67.238,68.042,6387500
2021-05-18,68.038002,68.958,67.96,68.073997,4044500
2021-05-19,66.552,68.414,66.552,68.4,6488000
2021-05-20,69.172,70.276,68.888,70.014,9387500
2021-05-21,70.678,70.704,69.11,69.772,5852500
2021-05-24,70.494,71.126,70.336,70.92,4188500
2021-05-25,71.094002,71.48,70.862,71.066002,3733000
2021-05-26,71.4,71.988,71.396,71.666,4260000
2021-05-27,71.328,71.66,70.65,71.166,5798500
2021-05-28,71.968,72.46,71.75,71.78,2694500
2021-06-01,72.254,72.254,70.832,71.354,4132500
2021-06-02,71.57,71.934,71.14,71.472,2112000
2021-06-03,70.748,71.036003,70.108,70.594,3888500
2021-06-04,71.019997,72.26,71.019997,72.12,5813000
2021-06-07,72.132,72.74,71.828,72.692,3188500
2021-06-08,73.216,73.59,72.556,72.858,6302000
2021-06-09,73.418,73.466,72.808,72.866,3763500
2021-06-10,72.654,74.212,72.654,74.146,4411000
2021-06-11,74.29,74.952,74.045998,74.898,3648500
2021-06-14,75.0,75.842,74.964,75.824,3948000
2021-06-15,75.75,75.75,74.59,74.762,3737500
2021-06-16,74.912,75.017998,73.356,74.342,8287500
2021-06-17,73.846,75.884,73.846,75.628,8823000
2021-06-18,75.6,76.152,75.292,75.874,4492500
2021-06-21,75.566,76.37,74.824,76.166,5551000
2021-06-22,76.268,77.056,76.106,77.0,4210000
2021-06-23,77.078003,77.364,76.676,77.0,2394500
2021-06-24,77.294,78.17,77.294,77.686,4023500
2021-06-25,77.642,77.89,77.142,77.722,5003000
2021-06-28,78.964,78.964,78.108,78.666,5390000
2021-06-29,78.854,79.102,78.322,79.026001,3067000
2021-06-30,79.019997,79.019997,78.0080032,78.0080032,3695500
2021-07-01,78.132,78.446,77.498,78.054001,3015500
2021-07-02,78.928,79.188,78.614,79.075996,3195500
2021-07-06,79.28,80.188,79.144,79.92,4187000
2021-07-07,80.38,80.554,79.396,79.938,3036500
2021-07-08,78.428,79.588,78.17,79.21,2588500
2021-07-09,79.374,79.842,78.802,79.712,2007500
2021-07-12,80.212,80.418,79.0,79.14,4271500
2021-07-13,78.84,79.866,78.794,79.098,3250500
2021-07-14,79.804,79.804,78.476,78.532,3750000
2021-07-15,78.468,78.53,77.194,77.576,4014500
2021-07-16,78.336,78.348,77.662,77.74,3824000
2021-07-19,77.036003,77.584,76.664,77.374,5316000
2021-07-20,77.646,79.36,77.356,78.852,5036500
2021-07-21,78.628,79.454,78.358,79.454,4182000
2021-07-22,79.858,80.542,79.782,80.466,2995000
2021-07-23,81.108,81.628,80.862,81.53,2624000
2021-07-26,81.212,81.48,80.726,81.316,1791500
2021-07-27,81.32,81.396,79.152,80.232,3902000
2021-07-28,80.732,81.2,80.18,80.86,2939500
2021-07-29,81.087997,81.682,80.6,80.952,1703000
2021-07-30,80.25,81.102,80.236,80.636,1258500
2021-08-02,81.334,81.334,79.882,80.658,2339500
2021-08-03,80.814,81.106,79.936,80.706,1927500
2021-08-04,81.0,81.776,80.598,81.556,9503000
2021-08-05,81.892,82.35,81.528,82.294,5595000
2021-08-06,81.644,82.282,81.246,81.912,3569500
2021-08-09,82.142,82.172,81.586,81.954,2318000
2021-08-10,81.96,82.474,80.786,80.962,4933000
2021-08-11,81.568,81.568,80.164,80.756,3640500
2021-08-12,80.356,81.642,80.356,81.554,3476000
2021-08-13,81.566,82.094002,81.444,81.772,2517000
2021-08-16,81.294,81.536,80.146,81.182,3987000
2021-08-17,80.486,80.87,80.15,80.618,2512500
2021-08-18,80.774,81.238,80.22,80.254,3915000
2021-08-19,79.496,81.268,79.482,80.816,3906500
2021-08-20,81.0,82.015999,80.912,81.794,3795500
2021-08-23,81.96,83.168,81.948,83.122,4383000
2021-08-24,83.56,83.888,83.41,83.67,4668000
2021-08-25,84.0039978,84.19,83.434,83.858,4955500
2021-08-26,83.962,84.46,83.442,83.486,2692500
2021-08-27,83.782,84.932,83.782,84.766,4465500
2021-08-30,85.11,85.348,84.754,85.156,7289000
2021-08-31,84.948,84.948,84.268,84.634,3831000
2021-09-01,84.958,85.366,84.68,84.924,5688000
2021-09-02,85.254,85.31,84.484,84.84,2687000
2021-09-03,84.948,85.78,84.692,85.634,3291000
2021-09-07,85.348,85.706,84.392,84.718,4505000
2021-09-08,84.718,84.73,83.812,84.18,2235500
2021-09-09,84.061996,84.662,83.986,84.038002,1964500
2021-09-10,84.61,84.61,83.434,83.522,3948000
2021-09-13,84.066002,84.066002,81.978,82.468,5614500
2021-09-14,82.884,83.0080032,82.368,82.652,3855500
2021-09-15,82.54,83.512,82.338,83.462,2470000
2021-09-16,83.2,84.108,82.94,83.974,4706500
2021-09-17,84.124,84.124,82.984,83.414,5684500
2021-09-20,81.622,82.742,80.796,81.944,5454500
2021-09-21,82.548,82.7,81.728,82.104,3215500
2021-09-22,82.015999,83.13,81.644,82.864,2598500
2021-09-23,83.112,84.444,83.112,84.206,4387500
2021-09-24,83.926,84.606,83.576,84.476,4142000
2021-09-27,83.982,83.982,82.62,83.056,3466000
2021-09-28,81.72,81.93,80.0019989,80.043999,9839000
2021-09-29,80.53,80.926,79.73,79.86,5594500
2021-09-30,80.304,80.71,79.658,79.828,4107000
2021-10-01,80.44,81.198,79.298,81.0039978,5271500
2021-10-04,80.396,80.512,77.772,78.572,9182000
2021-10-05,78.81,80.202,78.81,79.91,6304000
2021-10-06,79.122,80.52,78.898,80.402,4909500
2021-10-07,81.396,82.099998,80.996,81.414,4059000
2021-10-08,82.218,82.218,80.744,80.824,3083500
2021-10-11,80.648,81.626,80.344,80.628,2890000
2021-10-12,81.208,82.0,80.814,81.548,3154500
2021-10-13,81.878,83.248,81.878,83.216,6558000
2021-10-14,84.256,84.836,83.95,84.528,4638000
2021-10-15,84.818,84.91,84.386,84.744,2937000
2021-10-18,84.602,85.734,84.55,85.688,5144500
2021-10-19,86.132,86.76,85.802,86.45,5203000
2021-10-20,86.626,87.045998,85.96,86.292,3166500
2021-10-21,86.122,87.226,85.916,87.18,11184000
2021-10-22,86.482,87.212,85.978,86.64,2935500
2021-10-25,86.916,87.458,86.414,87.073997,4037000
2021-10-26,87.768,88.106,86.734,86.854,3888000
2021-10-27,87.16,87.468,86.040001,86.096001,4419500
2021-10-28,86.019997,87.184,86.0039978,87.128,2955000
2021-10-29,86.698,87.892,86.618,87.812,3583000
2021-11-01,88.118,88.152,87.126,87.618,2895500
2021-11-02,87.778,87.97,87.28,87.806,2709000
2021-11-03,87.6,87.734,86.52,87.59,2904500
2021-11-04,87.856,88.828,87.668,88.482,3828500
2021-11-05,89.019997,89.22,87.238,87.802,4300000
2021-11-08,88.16,89.158,88.071999,88.97,4287500
2021-11-09,89.356,89.758,88.554,89.304,4473500
2021-11-10,88.718,89.026001,86.278,86.756,6257000
2021-11-11,87.418,87.852,87.126,87.172,3607500
2021-11-12,87.72,88.64,87.56,88.63,2955500
2021-11-15,88.818,88.818,87.63,88.152,2232000
2021-11-16,88.080002,89.18,87.904,89.156,3080500
2021-11-17,89.188,89.318,88.318,88.4,2095000
2021-11-18,88.554,88.554,87.116,87.588,4433000
2021-11-19,88.81,89.308,87.856,87.872,5051500
2021-11-22,88.029999,88.029999,85.059998,85.39,8435500
2021-11-23,84.468,85.126,82.68,84.061996,14126000
2021-11-24,82.942,84.49,82.336,84.448,11127500
2021-11-26,84.156,85.188,83.262,83.638,7821000
2021-11-29,84.182,85.668,83.614,85.308,12050000
2021-11-30,84.856,85.612,82.652,82.98,16616500
2021-12-01,83.6,83.702,79.18,79.448,14515000
2021-12-02,79.66,81.254,79.4,80.81,10916500
2021-12-03,80.304,80.426,76.5,78.087997,15555000
2021-12-06,77.826,78.336,76.232,78.186,8810000
2021-12-07,79.94,81.554,79.94,81.168,10581500
2021-12-08,81.116,82.010002,80.138,81.95,7705500
2021-12-09,81.896,82.308,79.826,80.092003,9774000
2021-12-10,81.19,82.28,80.666,81.208,8445000
2021-12-13,81.43,82.196,80.528,81.022003,8941500
2021-12-14,79.246,79.562,77.182,78.354,11004500
2021-12-15,78.466,80.472,77.682,80.326,11563000
2021-12-16,79.968,80.162,77.198,77.802,12520500
2021-12-17,76.91,78.448,76.14,78.144,14538500
2021-12-20,76.776,77.568,76.5,76.904,6858000
2021-12-21,77.402,79.124,76.698,79.026001,6281000
2021-12-22,78.88,79.562,78.432,79.486,2951500
2021-12-23,79.524,80.302,79.188,80.014,2265000
2021-12-27,80.324,81.042,80.212,81.038002,4340000
2021-12-28,81.348,81.462,79.938,80.192,3103500
2021-12-29,80.172,80.436,79.272,80.080002,3322500
2021-12-30,80.146,81.045998,80.054001,80.27,2542000
2021-12-31,80.0019989,80.304,79.428,79.53,3929500
2022-01-03,79.424,79.792,77.54,78.618,8145000
2022-01-04,78.76,78.76,75.266,76.88,13258000
2022-01-05,75.72,75.972,73.050003,73.089996,15497000
2022-01-06,72.756,74.234,72.17,73.172,12316500
2022-01-07,73.244,74.102,71.942,72.556,8274000
2022-01-10,71.452,73.29,70.158,73.24,14875500
2022-01-11,73.182,74.686,72.61,74.538,11444000
2022-01-12,75.144,75.898,73.768,74.316,7416000
2022-01-13,74.514,74.514,71.056,71.132,14795500
2022-01-14,70.59,71.738,70.206,71.408,10436000
2022-01-18,70.658,71.876,70.015999,70.094002,8561000
2022-01-19,70.576,72.033997,70.054001,70.17,8994500
2022-01-20,70.836,72.222,69.574,69.69,8253500
2022-01-21,69.502,69.91,67.71,67.726,14422000
2022-01-24,66.188,69.238,64.41,69.154,17136000
2022-01-25,67.978,68.402,66.098,66.566,7990500
2022-01-26,68.268,68.718,65.304,65.864,19849500
2022-01-27,67.38,68.146,65.704,65.86,12221500
2022-01-28,66.0059967,68.468,64.95,68.406,13392000
2022-01-31,68.686,71.196,68.534,71.014,10385500
2022-02-01,71.576,71.594,69.99,71.426,9615000
2022-02-02,71.716,71.828,70.050003,70.704,7478500
2022-02-03,68.928,69.712,67.742,67.998,9167000
2022-02-04,68.378,70.928,68.11,70.212,8822500
2022-02-07,70.458,71.284,69.624,69.826,7420000
2022-02-08,69.67,70.782,69.154,70.622,5577500
2022-02-09,71.622,72.898,71.342,72.884,5169000
2022-02-10,71.4,73.444,71.192,71.736,9361000
2022-02-11,71.968,72.326,68.932,69.262,8571500
2022-02-14,68.982,70.242,68.546,69.099998,6203000
2022-02-15,70.116,70.706,69.392,70.562,7501000
2022-02-16,69.804,70.226,68.848,70.029999,5779000
2022-02-17,69.094002,69.364,66.78,66.952,9368000
2022-02-18,66.848,67.358,65.34,65.518,7861500
2022-02-22,64.866,66.332,64.494,64.974,9190500
2022-02-23,65.846,65.888,63.302,63.354,5105500
2022-02-24,61.4,67.42,61.314,67.214,13105000
2022-02-25,67.194,67.8,65.912,67.738,11704000
2022-02-28,67.352,68.898,67.352,68.404,7678500
2022-03-01,68.334,69.482,67.384,67.818,5226000
2022-03-02,68.322,69.132,66.808,68.85,8553000
2022-03-03,69.444,69.444,66.6,67.108,5543500
2022-03-04,66.57,67.45,65.238,65.668,5818500
2022-03-07,65.51,66.198,62.836,62.848,7641000
2022-03-08,62.532,63.81,61.332,62.194,8132000
2022-03-09,63.752,65.51,63.584,65.212,7164500
2022-03-10,64.033997,64.51,63.282,64.22,7839500
2022-03-11,64.6,64.8,62.164,62.258,5684500
2022-03-14,62.07,62.658,60.168,60.456,8612500
2022-03-15,61.112,62.094002,60.358,61.978,9793000
2022-03-16,62.986,64.606,61.978,64.566,10933000
2022-03-17,64.314,66.15,63.934,66.061996,6217500
2022-03-18,65.696,68.015999,65.586,68.0019989,9946000
2022-03-21,67.604,68.134,66.424,67.384,5997000
2022-03-22,67.52,69.502,67.28,69.052002,6741000
2022-03-23,68.022003,68.424,66.932,67.346,6388000
2022-03-24,67.558,68.556,66.802,68.516,4876500
2022-03-25,68.606,68.806,66.762,67.624,5615500
2022-03-28,67.708,69.196,67.454,69.194,8826500
2022-03-29,70.328,71.104,69.286,70.862,5398000
2022-03-30,70.32,70.662,69.17,69.508,5564500
2022-03-31,69.522,70.0080032,68.856,68.988,4983500
2022-04-01,68.902,69.57,68.434,69.106,5330000
2022-04-04,69.226,70.914,69.226,70.792,4425500
2022-04-05,70.562,70.74,68.66,69.0019989,6812500
2022-04-06,67.862,67.872,66.222,66.894,7081000
2022-04-07,66.54,67.7,66.085999,67.154,5166000
2022-04-08,66.95,67.078003,66.012001,66.116,4476000
2022-04-11,65.506,65.962,64.72,65.366,5602000
2022-04-12,66.492,67.262,64.744,64.906,5487000
2022-04-13,65.132,66.52,64.698,66.314,5202000
2022-04-14,66.344,66.434,64.658,64.71,4575500
2022-04-18,64.336,64.656,63.342,64.028,4828000
2022-04-19,63.876,65.91,63.582,65.748,5839500
2022-04-20,66.156,66.47,64.7,64.768,5055500
2022-04-21,65.872,66.156,62.538,62.754,7057000
2022-04-22,62.622,63.242,61.057999,61.156,7096500
2022-04-25,60.722,62.32,60.722,62.286,4550500
2022-04-26,61.806,61.974,59.954,59.98,7455000
2022-04-27,60.242,61.438,59.876,60.0,6602500
2022-04-28,61.304,62.866,60.362,62.424,7270500
2022-04-29,61.748,62.84,59.894,59.99,7402500
2022-05-02,59.892,61.122,59.502,61.122,5703500
2022-05-03,60.956,61.57,60.07,60.628,4133500
2022-05-04,60.838,62.492,58.804,62.462,7979500
2022-05-05,61.378,61.622,58.138,58.87,8156000
2022-05-06,58.074001,58.526,56.192,57.032001,8350500
2022-05-09,55.742,56.234,53.642,53.96,9523500
2022-05-10,55.316,55.77,53.09,54.664,7268500
2022-05-11,54.080002,55.604,52.664,52.846,7168000
2022-05-12,51.846,54.174,51.436,53.324,15827000
2022-05-13,54.428,56.152,54.194,55.952,8677500
2022-05-16,55.554,56.0,54.506,54.628,6208500
2022-05-17,55.824,56.38,54.154,55.582,5698500
2022-05-18,54.878,55.398,53.106,53.376,4276500
2022-05-19,53.19,55.186,53.19,54.298,8634500
2022-05-20,55.34,55.762,53.36,54.958,6853000
2022-05-23,55.518,55.734,54.368,55.534,7003500
2022-05-24,54.374,54.712,53.0079994,53.602,6719500
2022-05-25,53.388,55.62,53.388,55.206,8500000
2022-05-26,55.032001,56.708,54.918,56.39,6011500
2022-05-27,56.856,58.328,56.828,58.328,8747500
2022-05-31,58.048,58.29,56.852,57.174,11568500
2022-06-01,58.294,59.118,56.976,57.498,7295000
2022-06-02,57.268,60.224,57.172,60.138,8764000
2022-06-03,59.060001,59.776,58.41,58.736,6559500
2022-06-06,59.552,59.816,58.454,58.742,5681500
2022-06-07,58.057999,59.888,58.054001,59.702,4838000
2022-06-08,59.344,59.962,59.12,59.3,4411000
2022-06-09,58.82,59.532,57.844,57.844,5506500
2022-06-10,56.192,56.62,55.084,55.294,6042500
2022-06-13,53.374,53.94,51.986,52.15,8079500
2022-06-14,52.932,53.318,51.976,52.448,5152500
2022-06-15,53.13,54.658,52.602,53.84,9524500
2022-06-16,52.19,52.798,51.091999,51.448,6211500
2022-06-17,51.416,53.068001,51.398,52.46,9851500
2022-06-21,53.13,54.158,53.063999,53.428,5801000
2022-06-22,52.736,54.382,52.69,53.528,8451000
2022-06-23,54.015999,55.598,53.59,55.478,11525500
2022-06-24,56.256,57.874,56.142,57.844,16746500
2022-06-27,57.798,57.992,56.522,56.774,8732500
2022-06-28,56.774,57.254,54.566,54.67,4531000
2022-06-29,54.812,55.214,54.102,54.828,3003000
2022-06-30,54.034,54.554,52.94,53.922,5342500
2022-07-01,53.836,54.862,53.524,54.806,4644000
2022-07-05,53.98,56.29,53.848,56.224,8019000
2022-07-06,56.496,56.928,55.816,56.304,6152000
2022-07-07,56.484,57.524,56.256,57.436,5153000
2022-07-08,56.634,57.652,56.252,57.236,2808000
2022-07-11,56.662,56.862,55.698,56.25,2843000
2022-07-12,56.324,56.716,53.842,54.158,6957000
2022-07-13,53.094002,54.144,52.65,53.66,8863500
2022-07-14,53.268,53.51,52.062,53.196,5432500
2022-07-15,53.816,54.556,53.55,54.528,3250500
2022-07-18,55.148,55.528,54.0040016,54.198,3250000
2022-07-19,54.872,55.828,54.358,55.762,3316500
2022-07-20,56.0060005,57.902,56.0060005,57.63,6202500
2022-07-21,57.596,58.682,57.184,58.666,4432500
2022-07-22,58.464,59.218,57.077999,57.45,3660500
2022-07-25,57.428,57.428,56.274,56.748,5162000
2022-07-26,56.662,56.674,54.786,54.99,6587500
2022-07-27,56.032001,57.68,55.802,57.34,3706000
2022-07-28,57.228,58.506,56.736,58.408,4884000
2022-07-29,58.462,59.174,57.99,59.062,3430000
2022-08-01,58.442,59.554,58.060001,59.0079994,3707500
2022-08-02,58.43,59.666,58.286,59.106,3449000
2022-08-03,59.67,61.144,59.64,61.0,4169000
2022-08-04,60.624,61.124,60.054001,61.108,3734000
2022-08-05,59.984,61.458,59.946,61.224,5121000
2022-08-08,61.43,62.308,61.060001,61.228,6944000
2022-08-09,60.92,60.92,59.994,60.304,8625000
2022-08-10,61.9,62.736,61.9,62.588,8989000
2022-08-11,63.138,63.48,61.722,61.878,4078500
2022-08-12,62.44,63.108,61.98,63.074001,2558000
2022-08-15,62.722,63.59,62.722,63.45,2265500
2022-08-16,63.19,63.39,62.168,63.085999,3620000
2022-08-17,62.282,62.568,61.702,62.040001,4208000
2022-08-18,61.98,62.236,61.642,61.988,2890000
2022-08-19,61.5,61.5,60.34,60.614,5002000
2022-08-22,59.512,59.764,58.776,58.966,8552500
2022-08-23,58.956,59.64,58.816,58.838,4249000
2022-08-24,59.316,59.804,59.057999,59.214,2801500
2022-08-25,59.148,59.738,58.672,59.714,3109000
2022-08-26,59.742,59.936,57.556,57.596,7878500
2022-08-29,56.896,57.642,56.702,56.75,2719000
2022-08-30,57.13,57.45,56.0040016,56.632,5341000
2022-08-31,57.22,57.616,56.128,56.256,4394000
2022-09-01,55.738,55.738,54.36,55.448,6291500
2022-09-02,56.198,56.57,54.794,55.085999,5777000
2022-09-06,55.262,55.262,54.292,54.652,4561500
2022-09-07,54.536,55.954,54.466,55.784,3407000
2022-09-08,55.334,56.644,55.202,56.534,3814000
2022-09-09,57.116,58.282,57.116,58.142,4526000
2022-09-12,58.512,58.88,58.214,58.88,5200000
2022-09-13,56.732,57.134,56.032001,56.132,7047500
2022-09-14,56.196,56.448,55.654,56.16,7188500
2022-09-15,55.07,55.772,54.108,54.35,13004500
2022-09-16,53.678,53.678,52.7,53.328,9444500
2022-09-19,52.698,53.576,52.686,53.544,4972000
2022-09-20,52.898,53.212,52.452,52.758,3746000
2022-09-21,53.23,53.934,52.0040016,52.032001,5245000
2022-09-22,51.98,52.046001,51.056,51.234,12396000
2022-09-23,50.648,51.023998,49.88,50.456,10112000
2022-09-26,50.492,51.356,50.040001,50.144,8456500
2022-09-27,51.062,51.344,49.928,50.532,8469000
2022-09-28,50.494,51.846,50.384,51.622,11251000
2022-09-29,50.866,51.148,50.204,50.758,12132000
2022-09-30,50.822,51.61,50.026001,50.026001,6760500
2022-10-03,50.364,51.752,50.22,51.47,5054500
2022-10-04,52.478,53.58,52.464,53.406,7880500
2022-10-05,52.506,53.92,52.286,53.618,4605500
2022-10-06,53.336,54.248,53.242,53.46,4331500
2022-10-07,52.48,52.48,51.040001,51.33,7363500
2022-10-10,51.312,51.432,49.438,49.876,8086000
2022-10-11,49.606,49.81,48.494,49.0019989,9947000
2022-10-12,48.984,49.446,48.564,49.032001,7349500
2022-10-13,47.428,50.042,47.082001,49.714,6990000
2022-10-14,50.37,50.538,48.34,48.41,6353000
2022-10-17,49.688,50.632,49.688,50.254,7184500
2022-10-18,51.84,52.029999,50.494,51.106,10092000
2022-10-19,50.708,51.312,50.23,50.518,4017000
2022-10-20,50.53,51.908,50.478,50.888,5436500
2022-10-21,50.664,51.892,50.166,51.776,5791500
2022-10-24,52.037998,52.4,51.082001,52.222,8557500
2022-10-25,52.498,53.618,52.498,53.524,8506000
2022-10-26,52.19,53.982,51.95,52.586,6710500
2022-10-27,53.432,53.804,52.672,52.908,6095500
2022-10-28,52.744,53.948,52.418,53.858,8188000
2022-10-31,53.362,53.948,53.108,53.52,4038000
2022-11-01,54.198,54.494,52.546,52.82,2437500
2022-11-02,52.758,52.848,50.374,50.398,9192500
2022-11-03,49.72,50.336,49.074001,49.134,12944500
2022-11-04,49.62,49.676,47.316,48.354,9119000
2022-11-07,48.614,49.116,47.856,48.996,5672000
2022-11-08,49.035999,50.482,48.818,49.652,14403500
2022-11-09,49.21,49.3,48.456,48.56,6832500
2022-11-10,51.548,53.028,51.492,52.97,11638000
2022-11-11,53.077999,54.64,52.832,54.326,8497500
2022-11-14,53.75,54.282,53.112,53.658,6004000
2022-11-15,55.152,55.408,54.42,54.894,7187000
2022-11-16,54.588,54.6,53.48,53.756,6459000
2022-11-17,52.572,53.14,52.202,52.61,4492000
2022-11-18,53.682,53.682,51.932,52.374,4495500
2022-11-21,52.021999,52.258,51.52,51.736,4927500
2022-11-22,51.89,52.684,51.298,52.658,5150500
2022-11-23,52.388,53.702,52.258,53.43,7072500
2022-11-25,53.252,53.454,53.096001,53.306,1539500
2022-11-28,53.085999,53.51,52.358,52.502,4633500
2022-11-29,52.46,52.544,51.834,52.091999,6888500
2022-11-30,51.76,54.39,51.672,54.378,8337000
2022-12-01,54.43,55.126,54.023998,54.982,10239000
2022-12-02,53.818,54.546,53.548,54.374,7379500
2022-12-05,53.996,54.046001,52.029999,52.346,6166000
2022-12-06,52.434,52.434,51.077999,51.458,8329000
2022-12-07,51.442,51.852,50.954,51.19,5999500
2022-12-08,51.55,52.392,50.942,52.116,5333000
2022-12-09,51.892,52.378,51.59,51.866,3442000
2022-12-12,51.952,53.122,51.952,53.104,5671000
2022-12-13,55.592,55.822,53.442,53.968,13890000
2022-12-14,53.884,54.75,53.296,53.852,7024500
2022-12-15,52.788,53.144,51.75,51.976,9474500
2022-12-16,51.874,52.386,51.288,51.584,4992500
2022-12-19,51.574,51.606,50.54,50.822,4721000
2022-12-20,50.39,51.444,50.374,51.088001,5328000
2022-12-21,51.224,51.954,50.616,51.68,5306000
2022-12-22,50.954,51.029999,49.88,50.69,6948000
2022-12-23,50.448,50.692,49.974,50.662,1919000
2022-12-27,50.388,50.624,49.858,50.348,6627500
2022-12-28,50.376,50.726,49.718,49.796,3872500
2022-12-29,50.13,51.43,50.09,51.268,4344000
2022-12-30,50.61,51.196,50.478,51.17,4248500
2023-01-03,51.656,52.506,50.73,51.276,5457500
2023-01-04,51.878,51.998,51.0040016,51.63,5166000
2023-01-05,51.0099983,51.060001,49.798,49.97,6842500
2023-01-06,50.35,50.952,49.376,50.714,6585000
2023-01-09,51.232,52.674,51.232,51.76,5766500
2023-01-10,51.342,51.978,51.218,51.812,3188000
2023-01-11,51.906,52.648,51.7,52.64,4248000
2023-01-12,52.91,53.088001,51.786,53.057999,6381000
2023-01-13,52.42,53.274,52.272,53.206,4021500
2023-01-17,53.014,53.578,52.672,53.386,6118500
2023-01-18,53.652,54.226,52.628,52.718,5724500
2023-01-19,52.172,52.788,52.060001,52.322,4710000
2023-01-20,52.636,54.071999,52.394,54.0079994,5963000
2023-01-23,54.412,55.314,54.0,55.248,8299500
2023-01-24,55.088001,55.384,54.682,54.896,3474500
2023-01-25,53.8,54.964,53.076,54.802,8989500
2023-01-26,55.512,56.192,55.060001,56.158,8012000
2023-01-27,55.924,56.836,55.764,56.438,5711500
2023-01-30,55.788,56.082001,55.338,55.474,6271500
2023-01-31,55.636,56.46,55.514,56.394,4072500
2023-02-01,56.476,58.332,56.014,58.0019989,13393000
2023-02-02,59.085999,60.021999,58.866,59.452,13025500
2023-02-03,58.021999,58.856,57.562,57.8,9288500
2023-02-06,57.035999,57.546,56.754,56.9,6513500
2023-02-07,57.068001,58.444,56.59,58.22,5984500
2023-02-08,58.294,58.868,57.618,57.762,6396500
2023-02-09,58.702,58.956,57.462,57.716,5983500
2023-02-10,56.972,57.314,56.468,56.946,6888500
2023-02-13,57.226,57.928,57.09,57.808,5991000
2023-02-14,57.734,58.834,57.422,58.454,7007000
2023-02-15,58.124,59.108,58.108,59.085999,6133000
2023-02-16,57.762,58.43,57.574,57.622,6088500
2023-02-17,57.098,57.26,56.376,56.95,5234000
2023-02-21,56.028,56.406,55.664,55.798,10623000
2023-02-22,56.11,56.734,56.080002,56.366,5048000
2023-02-23,56.908,57.060001,56.062,56.862,7263500
2023-02-24,55.508,55.992,55.338,55.672,6076500
2023-02-27,56.146,56.388,55.598,55.726,4675500
2023-02-28,55.596,56.066002,55.596,55.792,4378500
2023-03-01,55.576,55.898,55.168,55.342,3991500
2023-03-02,55.852,56.836,55.726,56.684,5684500
2023-03-03,57.060001,57.802,56.958,57.732,5886000
2023-03-06,58.034,58.608,57.652,57.7,5300500
2023-03-07,57.616,58.214,57.015999,57.124,3500000
2023-03-08,57.037998,57.452,56.872,57.256,3452000
2023-03-09,57.314,57.796,55.898,55.964,3935500
2023-03-10,55.568,55.708,54.12,54.45,11675500
2023-03-13,53.968,55.426,53.522,54.782,7137000
2023-03-14,55.536,56.204,55.38,56.02,5106000
2023-03-15,55.408,55.94,55.182,55.91,8313000
2023-03-16,56.014,57.588,55.91,57.442,6710500
2023-03-17,57.528,57.894,56.824,57.226,5277000
2023-03-20,57.132,57.346,56.646,57.258,6077000
2023-03-21,57.6,58.468,57.286,58.308,5705000
2023-03-22,58.37,58.844,57.098,57.126,3737000
2023-03-23,57.822,58.788,57.598,57.998,2936000
2023-03-24,57.9,58.252,57.548,58.202,3957500
2023-03-27,58.236,58.728,57.894,58.256,3323500
2023-03-28,58.212,58.232,57.714,58.035999,2702500
2023-03-29,58.504,59.134,58.498,59.066002,3465000
2023-03-30,59.484,59.666,59.142,59.462,2665500
2023-03-31,59.5,60.94,59.5,60.94,4561500
2023-04-03,60.466,60.6,60.029999,60.502,4405000
2023-04-04,60.706,60.998,60.318,60.508,3256500
2023-04-05,60.252,60.394,59.182,59.734,4376500
2023-04-06,59.212,59.964,58.876,59.944,3475000
2023-04-10,59.478,59.918,58.96,59.878,3637000
2023-04-11,59.554,59.836,59.15,59.552,2436000
2023-04-12,60.084,60.338,59.372,59.448,2997500
2023-04-13,59.704,60.634,59.704,60.556,3838500
2023-04-14,59.92,60.58,59.646,60.258,4327000
2023-04-17,60.284,60.708,60.15,60.528,3176500
2023-04-18,60.986,61.126,60.442,60.656,2007000
2023-04-19,60.2,60.642,60.12,60.528,1647500
2023-04-20,59.978,60.544,59.842,60.07,2438000
2023-04-21,60.0040016,60.318,59.73,60.174,2075000
2023-04-24,60.074001,60.33,59.286,59.758,2753500
2023-04-25,59.276,59.276,57.926,57.968,5730000
2023-04-26,58.398,58.842,57.944,58.122,4673000
2023-04-27,58.358,59.222,58.186,59.077999,3715000
2023-04-28,58.732,59.48,58.486,59.3,6194000
2023-05-01,59.116,59.568,58.984,59.186,3309500
2023-05-02,59.25,59.25,58.138,58.342,3924000
2023-05-03,58.422,58.618,57.722,57.768,2967500
2023-05-04,57.786,58.062,57.372,57.514,2642000
2023-05-05,57.886,58.778,57.874,58.642,2971000
2023-05-08,58.586,58.898,58.356,58.866,3013000
2023-05-09,58.802,59.308,58.75,59.051998,2653000
2023-05-10,59.784,60.104,59.398,59.888,4112000
2023-05-11,59.798,59.9,59.268,59.568,2528000
2023-05-12,59.538,59.696,58.978,59.454,2407500
2023-05-15,59.214,60.084,59.174,60.084,1947000
2023-05-16,59.626,60.144,59.626,59.904,2575500
2023-05-17,60.224,61.2,60.054001,61.134,4588500
2023-05-18,61.32,62.664,61.3,62.606,5594500
2023-05-19,62.58,62.788,62.312,62.574,2647500
2023-05-22,62.708,63.22,62.434,62.964,4859500
2023-05-23,62.786,62.98,61.91,61.956,3305500
2023-05-24,61.35,61.968,61.316,61.668,2029000
2023-05-25,62.584,63.534,62.31,63.198,4287500
2023-05-26,63.638,65.07,63.622,64.68,4718000
2023-05-30,65.778,66.118,64.912,65.166,4828500
2023-05-31,64.726,65.678,64.608,65.6,8349000
2023-06-01,64.706,66.057999,64.274,65.612,2743000
2023-06-02,66.026001,66.422,65.546,66.036003,4195000
2023-06-05,65.934,66.832,65.578,66.476,4130000
2023-06-06,66.394,66.878,66.32,66.622,3091000
2023-06-07,66.674,67.017998,64.4,64.596,8366500
2023-06-08,64.482,65.706,64.482,65.456,3597000
2023-06-09,66.028,66.88,65.678,66.052002,3019000
2023-06-12,66.742,67.624,66.624,67.62,4245000
2023-06-13,68.95,68.95,67.582,68.07,4010500
2023-06-14,67.948,68.784,67.73,68.486,3305000
2023-06-15,68.0,70.11,67.978,69.88,4845000
2023-06-16,70.59,70.794,69.298,69.458,6018500
2023-06-20,68.846,69.458,68.238,68.808,4745000
2023-06-21,68.56,68.844,67.284,67.536,7351500
2023-06-22,67.152,67.942,67.118,67.906,4538500
2023-06-23,67.106,67.71,66.934,67.342,4261500
2023-06-26,67.15,67.95,66.768,66.768,3681500
2023-06-27,67.18,68.328,67.082001,68.059998,2576000
2023-06-28,67.718,68.776,67.718,68.41,2732500
2023-06-29,68.46,68.552,67.992,68.4,3417000
2023-06-30,68.94,69.594,68.94,69.182,2889500
2023-07-03,68.95,69.0,68.468,68.82,1019500
2023-07-05,68.504,68.98,68.334,68.806,1641000
2023-07-06,67.862,68.142,67.374,68.085999,1825500
2023-07-07,67.816,68.728,67.816,67.946,2526000
2023-07-10,67.774,69.138,67.774,69.122,8713500
2023-07-11,69.394,70.286,68.908,70.14,5818500
2023-07-12,70.772,70.998,69.944,70.524,5029500
2023-07-13,71.085999,71.856,70.998,71.69,3923000
2023-07-14,71.766,72.434,71.496,71.738,5470000
2023-07-17,71.946,72.876,71.686,72.636,4647500
2023-07-18,72.3,73.6,71.984,73.314,4822000
2023-07-19,73.762,74.312,73.124,73.402,9163000
2023-07-20,72.64,73.318,71.45,71.606,9468000
2023-07-21,72.166,72.69,71.604,71.792,3827000
2023-07-24,71.886,72.038002,71.054001,71.57,3077000
2023-07-25,71.436,72.38,71.436,72.114,4022500
2023-07-26,71.712,71.802,70.944,71.416,4452000
2023-07-27,72.426,72.544,70.568,70.862,2758000
2023-07-28,71.466,72.029999,71.218,71.892,2367000
2023-07-31,72.0080032,72.868,72.0080032,72.868,2963500
2023-08-01,72.354,73.092003,72.043999,72.904,2631000
2023-08-02,71.82,71.82,70.047997,70.592,7823000
2023-08-03,69.928,70.522,69.896,70.132,4218500
2023-08-04,70.272,70.398,69.246,69.348,4409000
2023-08-07,69.524,69.8,69.178,69.79,2543000
2023-08-08,68.636,68.856,67.936,68.652,3914500
2023-08-09,68.57,68.706,67.54,67.862,3551000
2023-08-10,68.538,69.272,67.88,68.3,5805000
2023-08-11,67.616,68.464,67.616,68.196,2816500
2023-08-14,67.844,69.084,67.828,69.084,6328000
2023-08-15,68.914,69.075996,68.284,68.492,6497000
2023-08-16,68.224,68.802,67.874,67.902,2761000
2023-08-17,68.033997,68.226,66.794,66.87,2822500
2023-08-18,66.0039978,67.35,66.0019989,67.144,3235500
2023-08-21,67.594,68.482,67.594,68.336,3542000
2023-08-22,68.796,68.938,68.154,68.28,3220500
2023-08-23,68.656,69.782,68.444,69.402,3614500
2023-08-24,70.364,70.364,67.824,67.828,4454000
2023-08-25,68.128,69.44,67.842,69.172,4251000
2023-08-28,69.6,69.844,69.15,69.504,2107000
2023-08-29,69.288,70.876,69.288,70.852,2809000
2023-08-30,70.762,71.498,70.698,71.486,2927000
2023-08-31,71.95,72.444,71.76,72.0059967,4126000
2023-09-01,72.394,72.752,72.031998,72.342,2618500
2023-09-05,72.036003,72.824,71.87,72.694,4202500
2023-09-06,72.416,73.0,72.232,72.798,2373500
2023-09-07,72.14,72.784,71.85,72.626,3551500
2023-09-08,72.892,73.148,72.592,72.758,3743500
2023-09-11,73.358,73.418,72.782,73.348,3482500
2023-09-12,71.98,72.276,71.2,71.236,3490500
2023-09-13,71.166,71.678,70.902,71.386,2805000
2023-09-14,71.868,71.974,71.114,71.738,2597500
2023-09-15,71.036003,71.356,70.122,70.384,5079000
2023-09-18,69.966,70.596,69.964,70.356,3121000
2023-09-19,70.184,70.296,69.512,70.27,1779000
2023-09-20,70.64,70.81,69.612,69.636,2250000
2023-09-21,68.886,69.248,67.974,67.998,2920000
2023-09-22,68.264,68.712,68.024002,68.114,2544500
2023-09-25,67.762,68.204,67.63,68.099998,1945000
2023-09-26,67.522,67.858,66.798,67.017998,2913000
2023-09-27,67.23,67.81,66.898,67.47,3011000
2023-09-28,66.898,68.394,66.642,67.986,2359000
2023-09-29,68.498,69.206,68.099998,68.252,3191500
2023-10-02,68.286,68.942,68.122,68.63,2793500
2023-10-03,68.0,68.46,66.606,66.908,2648000
2023-10-04,67.114,68.152,67.114,67.99,5246000
2023-10-05,67.974,68.0,67.078003,67.906,2460500
2023-10-06,67.316,69.994,67.316,69.74,3219500
2023-10-09,69.36,70.332,69.128,70.204,3060500
2023-10-10,70.306,71.106,70.106,70.53,4282000
2023-10-11,70.774,71.2,70.386,70.926,2314500
2023-10-12,71.17,71.524,70.168,70.632,3318000
2023-10-13,70.586,70.902,69.548,69.856,2326500
2023-10-16,70.068001,71.128,70.054001,70.658,3766500
2023-10-17,69.958,71.408,69.838,71.015999,6538000
2023-10-18,70.702,71.061996,69.806,69.948,2565500
2023-10-19,70.104,70.818,69.384,69.51,3308000
2023-10-20,69.284,69.4,67.332,67.754,6432500
2023-10-23,67.184,68.464,66.75,67.758,3691500
2023-10-24,68.124,68.744,67.544,68.376,2290000
2023-10-25,68.264,68.376,66.346,66.542,5270500
2023-10-26,66.708,67.332,65.428,65.866,6060000
2023-10-27,66.328,66.56,65.662,65.838,3493000
2023-10-30,66.248,67.010002,66.064003,66.712,4084000
2023-10-31,66.828,67.654,66.472,67.49,3277000
2023-11-01,67.518,68.148,67.144,68.045998,7905500
2023-11-02,68.87,69.24,68.618,69.232,8049000
2023-11-03,69.054001,70.294,68.78,69.962,8740500
2023-11-06,69.982,70.136,69.040001,69.798,8203000
2023-11-07,70.468,71.698,70.408,71.21,4412000
2023-11-08,71.422,71.902,71.16,71.692,2822000
2023-11-09,72.0,72.278,71.024002,71.084,3612000
2023-11-10,71.316,72.882,71.128,72.854,3327000
2023-11-13,72.576,73.118,72.32,72.928,3500500
2023-11-14,74.762,75.036003,74.050003,74.928,4520000
2023-11-15,75.222,75.222,74.26,74.51,3603000
2023-11-16,74.042,74.842,73.932,74.542,2781000
2023-11-17,74.6,74.936,74.376,74.782,2595000
2023-11-20,74.896,76.078003,74.896,75.93,3198000
2023-11-21,75.598,76.019997,75.308,75.902,9361500
2023-11-22,76.398,76.568,75.734,75.886,9302000
2023-11-24,75.896,76.134,75.582,76.134,1492500
2023-11-27,75.972,76.562,75.77,76.099998,7321000
2023-11-28,75.8,76.714,75.786,76.54,3985500
2023-11-29,77.544,78.232,77.544,77.768,3940500
2023-11-30,78.56,79.075996,77.406,78.394,5759500
2023-12-01,78.204,79.51,78.104,79.484,4940000
2023-12-04,78.54,78.816,77.536,78.5,4778000
2023-12-05,77.82,78.488,77.584,78.488,1675000
2023-12-06,79.015999,79.015999,77.598,77.68,1866000
2023-12-07,77.804,78.172,77.4,78.089996,2846000
2023-12-08,77.606,78.852,77.606,78.738,1430000
2023-12-11,78.842,79.64,78.62,79.542,8567500
2023-12-12,79.024002,79.708,78.712,79.684,3920000
2023-12-13,79.836,80.73,79.4,80.61,6070000
2023-12-14,80.462,80.78,78.88,79.53,3805000
2023-12-15,79.368,80.522,79.368,80.302,5160500
2023-12-18,80.232,81.158,80.232,80.916,3011000
2023-12-19,81.036003,81.526,80.99,81.42,2338000
2023-12-20,81.162,81.712,80.212,80.254,2087000
2023-12-21,81.0019989,81.398,80.65,81.348,1669000
2023-12-22,81.754,81.754,81.084,81.498,1545000
2023-12-26,81.7,81.842,81.452,81.758,1264000
2023-12-27,81.684,81.946,81.422,81.696,2180000
2023-12-28,81.756,81.824,81.528,81.668,2213500
2023-12-29,81.706,81.854,80.804,81.128,1700000
2024-01-02,80.238,80.414,78.342,78.874,4931500
2024-01-03,77.984,78.338,77.52,77.602,3369500
2024-01-04,77.58,77.996,77.312,77.406,2423500
2024-01-05,77.424,78.017998,77.14,77.312,3436000
2024-01-08,77.78,79.472,77.78,79.422,2212000
2024-01-09,79.054001,80.118,78.978,79.744,2218500
2024-01-10,80.126,81.056,79.912,80.838,4335000
2024-01-11,81.312,81.854,80.304,81.49,2452500
2024-01-12,81.724,82.118,81.36,81.736,2186500
2024-01-16,81.516,82.078003,81.136,81.712,1857500
2024-01-17,81.082001,81.438,80.031998,81.358,3967500
2024-01-18,81.956,82.27,81.416,82.188,2445000
2024-01-19,82.622,83.674,82.404,83.674,2258500
2024-01-22,84.352,85.087997,84.29,84.438,3400500
2024-01-23,84.854,84.854,83.934,84.602,4458500
2024-01-24,85.586,85.754,84.546,84.572,4159000
2024-01-25,85.468,85.468,84.306,84.81,2095500
2024-01-26,84.714,85.322,84.432,84.662,1425500
2024-01-29,84.604,86.344,84.604,86.344,3083000
2024-01-30,86.334,86.372,85.694,85.956,3464500
2024-01-31,85.354,85.456,84.036003,84.075996,3402000
2024-02-01,84.848,85.4,84.232,85.248,3283500
2024-02-02,85.43,86.099998,84.794,85.876,1856500
2024-02-05,85.896,85.952,84.416,85.332,1777500
2024-02-06,85.718,85.866,84.308,85.186,1930500
2024-02-07,86.0,86.832,85.568,86.548,1638000
2024-02-08,86.726,87.562,86.658,87.438,2139000
2024-02-09,88.366,88.818,87.898,88.402,2319000
2024-02-12,88.656,88.656,87.334,87.482,2218000
2024-02-13,84.782,86.256,84.25,85.534,3384000
2024-02-14,86.66,87.302,86.3,87.228,1609000
2024-02-15,87.756,87.768,86.708,87.099998,1535000
2024-02-16,87.026001,87.026001,85.49,85.554,3883500
2024-02-20,84.724,85.252,83.468,84.496,4730000
2024-02-21,82.015999,82.16,81.27,82.128,6011000
2024-02-22,84.478,84.884,84.075996,84.228,4771000
2024-02-23,84.74,85.128,84.22,84.68,2841000
2024-02-26,85.174,86.216,84.924,85.496,4134000
2024-02-27,86.057999,86.057999,84.91,85.546,1932000
2024-02-28,85.136,85.64,84.906,85.398,1731000
2024-02-29,85.866,86.276,85.272,86.054001,3131000
2024-03-01,86.366,86.95,85.568,86.914,3402500
2024-03-04,86.578,86.892,86.42,86.548,1665000
2024-03-05,85.616,85.692,82.738,83.24,6909000
2024-03-06,84.94,85.099998,83.678,84.412,5416500
2024-03-07,85.15,85.65,84.22,85.41,1772900
2024-03-08,85.64,86.35,84.65,84.93,1909000
2024-03-11,84.47,85.51,84.29,85.16,3155000
2024-03-12,86.029999,87.17,85.58,87.029999,3046200
2024-03-13,86.97,87.089996,86.28,86.4,2322900
2024-03-14,86.82,86.89,85.41,85.97,4788200
2024-03-15,84.23,84.52,83.26,83.56,5311500
2024-03-18,83.98,84.89,83.98,84.51,2969500
2024-03-19,84.19,85.16,83.67,85.13,5379700
2024-03-20,85.37,86.15,84.94,85.95,3724500
2024-03-21,86.91,87.29,86.5,86.56,4347900
2024-03-22,86.49,86.55,85.63,85.99,1644100
2024-03-25,85.46,85.98,85.2,85.69,1418500
2024-03-26,85.9,86.34,85.74,85.85,1108600
2024-03-27,86.45,86.64,84.94,85.39,1947200
2024-03-28,85.46,85.92,85.23,85.27,2068800
2024-04-01,85.52,85.73,84.54,85.019997,2502800
2024-04-02,83.63,84.19,83.18,84.12,1897500
2024-04-03,83.68,84.87,83.68,84.27,1716400
2024-04-04,85.17,85.76,83.2,83.28,3397400
2024-04-05,83.29,84.77,83.29,84.17,10463000
2024-04-08,84.2,84.64,83.71,84.46,2396500
2024-04-09,84.83,84.98,83.88,84.7,2166000
2024-04-10,83.27,83.87,83.2,83.59,4779400
2024-04-11,83.86,84.44,83.21,84.14,3059300
2024-04-12,83.3,83.42,82.44,82.76,5572300
2024-04-15,83.050003,83.050003,80.27,80.48,5380400
2024-04-16,80.45,81.27,80.13,80.7,4494100
2024-04-17,80.9,81.19,80.019997,80.059998,3100400
2024-04-18,80.28,80.47,79.31,79.5,4622700
2024-04-19,79.44,79.72,78.23,78.53,4199000
2024-04-22,79.27,79.76,78.4,79.48,5243600
2024-04-23,79.78,81.11,79.66,80.86,3410500
2024-04-24,81.18,81.55,80.38,80.94,2422800
2024-04-25,79.58,80.4,78.99,80.19,4400100
2024-04-26,80.86,81.83,80.63,81.089996,3172600
2024-04-29,81.42,81.69,80.46,80.96,2084800
2024-04-30,80.51,80.61,78.93,78.93,3212100
2024-05-01,79.0,80.76,78.38,79.07,6727800
2024-05-02,79.91,80.07,78.66,79.91,3055400
2024-05-03,80.9,81.17,80.43,80.87,3341100
2024-05-06,81.080002,82.040001,81.080002,81.99,1631800
2024-05-07,81.65,82.019997,81.059998,81.55,2354400
2024-05-08,81.15,81.52,81.010002,81.21,2488400
2024-05-09,81.17,81.46,80.85,81.16,2617100
2024-05-10,81.34,82.089996,81.32,81.39,2025100
2024-05-13,81.88,81.92,81.33,81.49,1999000
2024-05-14,81.25,82.11,81.25,81.97,6244500
2024-05-15,82.73,84.16,82.72,84.029999,4114100
2024-05-16,84.050003,84.25,83.65,83.79,3163400
2024-05-17,83.88,84.27,83.76,84.27,2293700
2024-05-20,84.36,85.13,84.16,85.13,2111600
2024-05-21,84.59,84.8,84.21,84.47,2439500
2024-05-22,84.42,84.92,83.99,84.48,2473200
2024-05-23,85.2,85.22,83.39,83.72,2855500
2024-05-24,82.88,83.27,82.24,82.9,2957400
2024-05-28,82.8,82.8,81.91,82.34,4628100
2024-05-29,81.36,82.38,81.35,82.11,5058200
2024-05-30,79.78,79.78,77.25,77.36,11835800
2024-05-31,77.65,78.089996,76.099998,78.089996,9925600
2024-06-03,78.43,78.91,77.080002,77.94,4237500
2024-06-04,77.88,78.42,77.74,78.27,6180100
2024-06-05,79.040001,80.050003,78.52,80.040001,9787400
2024-06-06,79.93,80.86,79.93,80.27,4067000
2024-06-07,80.0,80.67,79.76,80.38,2933500
2024-06-10,80.15,80.78,80.0,80.61,8923000
2024-06-11,80.22,80.97,79.79,80.88,3778000
2024-06-12,82.76,82.85,81.68,81.85,3577099
2024-06-13,82.5,83.13,82.5,83.040001,4250219
2024-06-14,82.5,83.13,82.5,83.040001,4250200
2024-06-16,83.0,83.99,82.36,83.76,3840637
2024-06-17,83.0,83.99,82.36,83.76,3840600
2024-06-18,83.57,84.13,83.51,84.040001,2420400
2024-06-19,84.27,84.4,83.7,83.93,2947759
2024-06-20,84.16,84.4,83.7,83.93,3019600
2024-06-21,84.28,84.81,83.7,84.77,3436700
2024-06-24,84.23,84.69,83.88,83.9,4082800
2024-06-25,84.2,84.61,83.91,84.56,2143900
2024-06-26,84.23,84.97,84.13,84.66,1630100
2024-06-27,84.91,86.91,84.73,86.46,5988800
2024-06-28,86.77,87.51,86.54,86.9,5720200
2024-07-01,87.040001,87.42,86.14,87.34,3467300
2024-07-02,86.92,87.87,86.9,87.77,2483700
2024-07-03,87.73,88.11,87.67,87.88,2319900
2024-07-05,87.82,88.97,87.81,88.93,2282100
2024-07-08,88.59,88.77,87.79,88.080002,3729600
2024-07-09,87.83,88.040001,86.49,86.68,4585300
2024-07-10,86.62,86.74,85.67,86.67,6804900
2024-07-11,86.93,87.73,86.18,86.42,4911200
2024-07-12,86.3,87.64,86.2,87.32,6838300
2024-07-15,87.47,88.5,87.3,87.95,5083500
2024-07-16,87.81,88.37,87.58,88.24,6213900
2024-07-17,87.27,87.27,86.019997,86.32,5830100
2024-07-18,86.54,86.65,84.51,85.029999,3888500
2024-07-19,84.52,85.24,84.42,84.85,3342000
2024-07-22,85.32,85.83,84.84,85.62,4321100
2024-07-23,85.87,86.54,85.67,85.8,5813900
2024-07-24,84.75,85.3,82.77,82.89,3675200
2024-07-25,83.82,85.41,82.73,83.72,5082500
2024-07-26,84.29,85.29,84.089996,84.77,2456500
2024-07-29,85.099998,85.33,84.23,84.27,4303200
2024-07-30,84.47,84.97,82.65,83.46,3014500
2024-07-31,84.61,85.25,84.3,84.62,3591000
2024-08-01,84.58,85.52,82.26,82.98,3590000
2024-08-02,80.67,80.82,79.17,80.21,11362700
2024-08-05,75.96,79.12,75.96,77.94,6484400
2024-08-06,79.089996,80.21,78.51,79.11,5303900
2024-08-07,80.66,81.55,78.89,78.95,3166400
2024-08-08,80.24,81.72,79.67,81.56,5824000
2024-08-09,81.46,82.63,81.39,82.47,2404100
2024-08-12,82.56,82.72,81.6,81.94,2112200
2024-08-13,82.38,83.6,82.37,83.41,6022300
2024-08-14,83.4,84.28,83.13,83.88,1749200
2024-08-15,84.66,85.51,84.66,85.42,2546500
2024-08-16,85.18,85.72,84.95,85.52,1467200
2024-08-19,85.52,86.5,85.4,86.5,1983400
2024-08-20,86.53,87.07,86.46,86.69,1807000
2024-08-21,86.65,87.26,86.44,87.22,3858900
2024-08-22,87.32,87.74,85.78,85.88,1732800
2024-08-23,86.72,86.83,85.45,86.37,3014700
2024-08-26,86.18,86.73,85.91,86.089996,2748600
2024-08-27,85.31,86.46,85.31,86.32,1908100
2024-08-28,85.96,86.31,84.79,85.25,3112200
2024-08-29,86.36,87.61,86.19,86.29,3924400
2024-08-30,86.89,87.0,85.91,86.8,2864600
2024-09-03,86.56,87.14,84.46,84.9,2432100
2024-09-04,83.92,85.15,83.84,84.71,2658600
2024-09-05,84.2,84.89,83.73,84.39,1893400
2024-09-06,84.76,85.12,82.83,83.36,10428700
2024-09-09,83.96,84.9,83.84,84.41,4426000
2024-09-10,85.58,85.83,84.68,85.75,4886100
2024-09-11,85.44,86.82,84.2,86.67,3133700
2024-09-12,86.86,87.76,86.68,87.59,2900700
2024-09-13,87.33,87.72,86.96,87.33,3664000
2024-09-16,87.52,88.35,87.52,88.019997,4878600
2024-09-17,88.66,88.66,87.34,87.62,2641500
2024-09-18,87.64,88.019997,86.66,86.87,3005900
2024-09-19,88.98,89.58,88.51,89.19,3285300
2024-09-20,88.8,89.32,88.33,89.2,6398600
2024-09-23,89.39,89.53,89.040001,89.21,1528700
2024-09-24,89.48,89.5,88.45,89.32,2183500
2024-09-25,89.059998,89.44,88.72,88.86,1675900
2024-09-26,89.84,89.99,88.55,89.32,2506900
2024-09-27,89.32,89.55,88.9,89.24,4171600
2024-09-30,88.85,89.46,88.48,89.37,2796000
2024-10-01,89.39,89.52,87.23,87.48,2830500
2024-10-02,87.45,88.6,87.31,88.22,3442700
2024-10-03,87.68,88.64,87.68,88.31,3772900
2024-10-04,89.32,89.92,88.71,89.9,2124100
2024-10-07,89.55,89.82,88.5,88.68,3368500
2024-10-08,89.07,90.7,89.07,90.58,2657200
2024-10-09,90.79,91.89,90.59,91.73,4216800
2024-10-10,91.38,92.42,91.24,92.36,6154800
2024-10-11,92.42,92.99,92.37,92.82,2588100
2024-10-14,93.44,93.69,92.85,93.33,5191800
2024-10-15,93.5,93.57,92.24,92.43,2487400
2024-10-16,92.38,92.38,91.17,92.0,1738900
2024-10-17,92.73,92.78,91.73,92.07,1426800
2024-10-18,92.23,92.68,92.0,92.31,2617500
2024-10-21,91.72,92.69,91.57,92.28,2125800
2024-10-22,91.9,92.38,91.78,92.11,1680300
2024-10-23,91.86,92.029999,90.32,90.79,3619700
2024-10-24,91.53,92.28,91.38,91.79,1458100
2024-10-25,92.24,93.29,91.89,92.2,2555400
2024-10-28,92.77,93.0,92.28,92.34,2344700
2024-10-29,92.45,94.059998,92.37,93.89,2185100
2024-10-30,93.9,94.55,93.52,93.67,2187400
2024-10-31,92.57,92.91,91.26,91.26,3307100
2024-11-01,91.54,92.93,91.48,92.26,3116700
2024-11-04,91.86,92.64,91.56,92.25,1721600
2024-11-05,92.99,94.050003,92.98,93.86,2636400
2024-11-06,96.47,97.74,96.27,97.71,7199800
2024-11-07,98.6,100.34,98.33,100.16,5536700
2024-11-08,100.07,101.41,99.94,101.24,4941100
2024-11-11,102.37,103.68,101.99,103.59,11509000
2024-11-12,102.85,104.29,102.8,104.089996,5093300
2024-11-13,104.33,105.9,104.18,104.42,7266900
2024-11-14,104.13,104.66,102.92,103.050003,6237600
2024-11-15,102.059998,102.35,100.65,101.13,6674800
2024-11-18,101.41,101.77,100.57,101.12,2827200
2024-11-19,100.17,102.67,99.82,102.52,5866800
2024-11-20,103.24,103.54,101.8,103.31,6153700
2024-11-21,104.59,105.75,103.7,104.54,6883500
2024-11-22,104.79,106.16,104.53,106.040001,6795700
2024-11-25,107.4,107.54,105.62,105.79,7199800
2024-11-26,105.74,106.6,105.66,106.19,3156800
2024-11-27,105.59,105.69,103.54,104.3,8332700
2024-11-29,104.65,105.27,104.38,104.76,1960800
2024-12-02,105.0,105.23,104.57,104.86,5737900
2024-12-03,104.31,105.84,103.92,105.77,4002300
2024-12-04,108.14,109.88,107.7,109.88,8550000
2024-12-05,109.26,109.78,108.46,108.55,7697100
2024-12-06,109.37,110.55,109.17,110.050003,6127400
2024-12-09,110.59,110.84,107.5,107.77,9095700
2024-12-10,107.16,107.92,105.68,106.17,4464400
2024-12-11,107.050003,108.21,106.59,107.82,7791400
2024-12-12,106.95,107.61,106.5,106.85,3366500
2024-12-13,106.94,107.07,105.12,105.77,4477200
2024-12-16,105.94,107.11,105.62,106.91,4956800
2024-12-17,106.52,106.9,105.61,105.94,6660800
2024-12-18,105.91,105.99,100.88,101.18,8398200
2024-12-19,103.050003,103.48,101.52,101.57,7808100
2024-12-20,100.42,104.2,100.040001,103.62,5981800
2024-12-23,103.38,103.63,101.93,102.92,3653800
2024-12-24,103.13,104.14,103.099998,104.099998,1584200
2024-12-26,103.8,104.39,103.23,103.87,2311500
2024-12-27,103.26,103.32,101.14,102.28,7467600
2024-12-30,100.67,101.66,99.73,100.94,5965900
2024-12-31,101.26,101.44,99.67,100.12,3587500
2025-01-02,101.26,101.48,98.98,99.91,4741500
2025-01-03,100.38,101.58,99.99,101.47,3675000
2025-01-06,102.37,102.74,101.019997,101.68,4211800
2025-01-07,101.62,101.7,98.62,99.19,6024300
2025-01-08,98.73,99.57,98.029999,99.2,4696700
2025-01-10,97.89,98.17,96.71,97.21,7773900
2025-01-13,96.029999,96.59,95.48,96.36,5716800
2025-01-14,97.37,98.07,96.64,97.41,4805000
2025-01-15,99.55,99.76,98.8,99.17,4785700
2025-01-16,99.79,100.36,98.97,99.35,2913100
2025-01-17,101.43,101.43,100.010002,100.32,3143900
2025-01-21,101.48,102.27,100.32,101.95,4261700
2025-01-22,103.73,104.34,103.010002,104.11,5023400
2025-01-23,103.35,104.36,103.21,104.29,3530800
2025-01-24,104.78,104.96,103.57,103.85,2380700
2025-01-27,100.85,103.74,100.51,102.13,10141800
2025-01-28,102.63,105.57,101.69,104.99,13339900
2025-01-29,104.73,104.85,102.8,103.48,6310200
2025-01-30,102.49,103.43,102.029999,102.76,5830400
2025-01-31,103.84,104.42,102.54,102.89,5231900
2025-02-03,100.72,103.029999,100.18,102.49,12185800
2025-02-04,104.11,104.83,103.51,104.31,8319500
2025-02-05,104.38,105.040001,103.58,104.97,3206000
2025-02-06,105.07,105.76,104.48,105.24,4742000
2025-02-07,105.98,106.83,104.53,104.62,5370700
2025-02-10,105.71,106.77,105.36,106.4,4192800
2025-02-11,105.97,106.5,104.77,105.32,3085800
2025-02-12,103.76,105.23,103.5,104.96,8844100
2025-02-13,106.0,106.75,105.35,106.67,4198000
2025-02-14,106.5,106.84,105.67,106.76,3288900
2025-02-18,107.3,107.86,106.29,107.83,5855500
2025-02-19,107.56,107.63,105.57,105.94,6146500
2025-02-20,105.25,105.31,102.49,104.0,12498300
2025-02-21,104.17,104.26,100.3,100.45,6026700
2025-02-24,100.8,100.83,97.57,99.2,9808900
2025-02-25,98.65,98.75,96.18,97.59,11567100
2025-02-26,98.82,99.95,98.27,98.95,8719000
2025-02-27,99.77,99.99,96.28,96.33,5174000
2025-02-28,95.79,97.47,95.040001,97.47,4127300
2025-03-03,98.78,99.18,95.089996,95.63,3997900
2025-03-04,94.53,97.0,92.78,95.44,9339000
2025-03-05,95.050003,97.38,94.58,97.099998,3655800
2025-03-06,95.28,96.66,93.050003,93.44,5749600
2025-03-07,93.059998,94.3,90.62,93.42,5147400
2025-03-10,91.14,91.45,87.82,88.68,7519100
2025-03-11,88.24,90.89,88.24,89.54,10849900
2025-03-12,91.45,92.24,90.0,91.33,6225800
2025-03-13,90.41,90.45,87.81,88.3,7486500
2025-03-14,89.59,91.79,89.39,91.66,13943000
2025-03-17,91.69,93.61,91.36,92.87,7010200
2025-03-18,91.96,92.25,90.61,91.51,3295100
2025-03-19,92.010002,93.89,91.6,92.95,4215900
2025-03-20,91.92,93.71,91.92,92.57,3785600
2025-03-21,91.34,93.2,90.88,93.11,5564000
2025-03-24,94.53,95.6,94.43,95.41,4240200
2025-03-25,95.7,96.5,95.58,96.37,3283100
2025-03-26,96.28,96.3,93.61,94.13,3987700
2025-03-27,93.42,93.97,92.36,92.52,3411500
2025-03-28,92.26,92.26,89.37,89.87,10229600
2025-03-31,88.0,89.27,86.45,88.99,10375700
2025-04-01,88.93,90.48,88.089996,90.32,3615200
2025-04-02,88.62,92.24,88.62,91.52,3323400
2025-04-03,87.54,88.42,85.92,86.63,10347200
2025-04-04,83.95,84.45,80.9,81.3,10325500
2025-04-07,77.5,84.91,76.68,81.25,18136900
2025-04-08,84.5,85.19,78.86,80.15,8433200
2025-04-09,79.7,90.18,79.55,89.49,10182700
2025-04-10,87.38,87.79,83.7,86.49,6690500
2025-04-11,86.34,87.45,84.47,87.2,7302000
2025-04-14,89.48,89.73,87.010002,87.98,3592300
2025-04-15,88.11,89.51,88.11,89.089996,5138000
2025-04-16,87.57,88.8,85.76,86.94,4376800
2025-04-17,87.5,87.54,86.2,86.59,2814800
2025-04-21,85.29,85.75,82.78,83.91,8123400
2025-04-22,85.0,86.86,84.5,86.16,3797200
2025-04-23,89.52,90.95,88.52,88.81,7819500
2025-04-24,90.050003,93.4,89.87,93.2,9264200
2025-04-25,93.15,94.78,93.080002,94.76,7125900
2025-04-28,94.9,95.42,93.53,94.88,4715700
2025-04-29,94.79,96.29,94.68,96.099998,2914500
2025-04-30,94.0,96.41,93.44,96.07,3513000
2025-05-01,98.16,98.9,97.0,97.010002,5903800
2025-05-02,98.7,99.87,98.5,99.47,4452500
2025-05-05,98.65,100.21,98.49,99.37,3723600
2025-05-06,97.39,98.69,96.92,97.96,3653700
2025-05-07,98.14,99.19,97.6,98.78,6146500
2025-05-08,99.64,101.33,99.38,100.41,4458600
2025-05-09,100.77,100.77,99.15,99.69,3833800
2025-05-12,102.55,102.83,101.37,102.78,6929800
2025-05-13,103.11,105.34,103.010002,104.73,3737300
2025-05-14,104.98,105.61,104.15,104.8,3632000
2025-05-15,104.089996,105.019997,103.72,104.4,3914900
2025-05-16,104.62,105.28,104.46,105.16,5303400
2025-05-19,103.66,105.3,103.46,104.94,4570700
2025-05-20,104.44,104.74,103.83,104.69,3387800
2025-05-21,103.39,104.51,101.84,102.17,8575400
2025-05-22,102.23,103.66,102.23,102.71,7258200
2025-05-23,101.48,102.86,101.2,101.93,3956300
2025-05-27,103.38,103.94,102.83,103.8,4907600
2025-05-28,103.84,104.37,102.94,103.080002,4027400
2025-05-29,104.050003,104.050003,101.55,102.35,5120300
2025-05-30,102.46,103.9,101.8,103.65,4590600
2025-06-02,103.050003,103.98,102.25,103.94,3905300
2025-06-03,103.88,105.099998,103.8,104.99,3682400
2025-06-04,104.85,105.080002,104.040001,104.8,3413100
2025-06-05,104.92,106.34,104.16,104.66,4047500
2025-06-06,105.56,106.18,105.07,105.98,3487000
2025-06-09,106.0,106.59,105.39,106.13,3149100
2025-06-10,106.12,106.44,105.080002,105.88,3721900
2025-06-11,105.82,106.79,105.44,105.79,3903300
2025-06-12,106.26,107.66,106.21,107.040001,4506600
2025-06-13,105.63,107.28,105.53,106.27,4113900
2025-06-16,106.64,107.73,106.64,107.4,2730900
2025-06-17,106.87,107.69,106.16,106.65,3526300
2025-06-18,106.76,106.96,105.53,106.089996,5105800
2025-06-20,106.6,106.82,104.85,105.11,4085200
2025-06-23,105.059998,106.43,104.050003,106.37,4066800
2025-06-24,107.41,108.24,106.88,108.050003,5926700
2025-06-25,108.47,109.029999,107.62,107.77,3525500
2025-06-26,108.4,108.84,107.74,108.71,2844700
2025-06-27,109.099998,109.26,107.64,107.78,3904000
2025-06-30,109.37,109.91,109.14,109.5,3101700
2025-07-01,109.21,109.53,107.26,108.24,5836900
2025-07-02,107.92,108.87,107.33,108.81,3486400
2025-07-03,109.85,111.61,109.83,111.27,3130100
2025-07-07,110.86,111.2,110.16,110.71,3883100
2025-07-08,111.21,111.49,110.38,111.080002,4557500
2025-07-09,111.5,111.59,110.52,111.42,4073500
2025-07-10,111.42,111.58,108.92,109.15,6052200
2025-07-11,108.6,108.99,107.39,107.48,3759900
2025-07-14,107.64,109.25,107.61,109.050003,5400700
2025-07-15,109.23,109.69,108.88,108.99,4653000
2025-07-16,109.45,110.019997,108.2,109.81,4267800
2025-07-17,109.96,111.43,109.88,111.31,3706500
2025-07-18,111.78,111.8,110.53,111.059998,3865100
2025-07-21,111.33,111.99,111.050003,111.21,3524500
2025-07-22,111.19,111.4,109.88,110.9,4441800
2025-07-23,111.31,111.88,110.33,111.81,3086500
2025-07-24,112.18,112.64,111.68,112.089996,6031600
2025-07-25,112.0,113.029999,111.96,112.69,2808000
2025-07-28,113.23,113.31,112.27,112.88,3675600
2025-07-29,113.83,114.83,112.49,113.010002,3443500
2025-07-30,112.97,113.38,111.93,112.72,4062600
2025-07-31,114.14,114.14,111.54,111.66,5099300
2025-08-01,110.28,110.28,108.059998,108.63,6882700
2025-08-04,109.69,111.050003,109.55,110.98,4878400
2025-08-05,111.99,112.26,110.29,110.55,3879300
2025-08-06,110.62,111.85,110.46,111.81,4873600
2025-08-07,112.35,112.35,108.21,109.6,6852700
2025-08-08,110.13,110.59,109.25,109.63,5465400
2025-08-11,109.31,110.46,108.14,108.37,6112700
2025-08-12,108.81,109.83,107.96,109.56,5786200
2025-08-13,110.38,110.74,109.089996,109.54,8647400
2025-08-14,108.89,109.33,107.87,108.34,12649300
2025-08-15,108.53,109.45,107.96,109.11,5601400
2025-08-18,108.88,109.48,108.42,109.41,3770800
2025-08-19,109.59,109.66,106.34,106.58,7277100
2025-08-20,105.96,106.61,104.48,106.33,7324500
2025-08-21,105.79,106.37,105.19,105.96,2062500
2025-08-22,105.5,108.17,105.27,107.46,4831500
2025-08-25,107.18,107.42,106.26,106.69,2665500
2025-08-26,106.59,107.099998,106.15,106.57,3997900
2025-08-27,107.0,107.65,106.7,107.45,3902100
2025-08-28,107.68,109.24,107.56,109.089996,3945900
2025-08-29,109.18,109.4,107.6,108.099998,5896700
2025-09-02,106.050003,107.32,105.67,107.27,4474800
2025-09-03,107.36,107.7,106.59,107.32,3316600
2025-09-04,106.51,106.98,105.3,106.84,10649900
2025-09-05,108.099998,108.68,106.46,108.14,5579100
2025-09-08,109.089996,110.080002,108.89,110.019997,5750800
2025-09-09,110.29,110.66,109.52,110.52,4822600
2025-09-10,113.33,114.13,111.8,112.24,18169300
2025-09-11,112.98,113.26,112.089996,112.4,6414700
2025-09-12,112.7,112.86,111.51,111.67,4690500
2025-09-15,112.33,112.95,112.13,112.81,4937300
2025-09-16,113.43,113.48,112.36,112.72,3199900
2025-09-17,112.78,113.53,111.64,113.22,4729800
2025-09-18,114.31,115.8,114.24,115.37,8158500
2025-09-19,115.79,117.36,115.72,117.19,4535900
2025-09-22,116.57,117.89,115.83,117.79,4849100
2025-09-23,117.82,117.99,116.059998,116.4,4560200
2025-09-24,116.78,117.010002,114.67,115.22,2475500
2025-09-25,113.8,114.47,112.91,113.9,3525200
2025-09-26,114.18,115.15,113.66,114.97,3483600
2025-09-29,115.62,116.46,115.59,115.98,2788600
2025-09-30,115.96,116.040001,114.019997,115.010002,3514900
2025-10-01,114.77,115.49,114.25,115.07,3476700
2025-10-02,115.69,115.9,115.029999,115.72,3377300
2025-10-03,115.79,116.29,114.51,114.83,3534900
2025-10-06,115.72,117.32,115.22,115.62,5353600
2025-10-07,115.86,116.019997,113.14,114.37,5962100
2025-10-08,114.59,115.81,114.59,115.69,4220600
2025-10-09,115.55,115.81,114.65,115.67,2723000
2025-10-10,115.85,116.43,112.029999,112.089996,5285800
2025-10-13,113.43,114.79,112.88,114.64,3941900
2025-10-14,113.080002,114.57,111.65,113.59,3272300
2025-10-15,114.7,114.81,112.31,113.29,2243100
2025-10-16,114.52,115.029999,112.21,112.8,3690800
2025-10-17,111.85,113.17,111.47,112.68,2925300
2025-10-20,113.14,114.16,112.95,113.89,3334100
2025-10-21,113.83,115.41,113.29,115.010002,3546000
2025-10-22,114.93,114.95,112.6,113.51,3127900
2025-10-23,113.31,114.87,113.31,114.79,1860900
2025-10-24,116.040001,116.77,115.76,116.0,2045100
2025-10-27,117.75,117.75,116.77,117.080002,2454800
2025-10-28,117.44,117.76,116.65,116.72,2247900
2025-10-29,116.15,116.22,114.5,115.22,5760200
2025-10-30,114.17,115.74,113.75,113.97,4082700
2025-10-31,114.66,115.85,114.5,115.51,3249000
2025-11-03,116.040001,116.32,113.96,115.7,3228500
2025-11-04,113.4,113.94,111.61,112.0,3630800
2025-11-05,111.92,112.16,111.080002,111.75,6207600
2025-11-06,111.5,111.59,108.5,109.31,7338400
2025-11-07,108.019997,109.54,106.88,109.48,7537900
2025-11-10,110.7,111.94,110.37,111.78,6825300
2025-11-11,111.029999,111.48,110.29,111.029999,6646700
2025-11-12,111.5,111.53,109.25,109.85,5185200
2025-11-13,109.11,109.24,106.52,106.84,6434000
2025-11-14,105.16,108.57,104.75,107.44,6437900
2025-11-17,106.84,107.43,104.71,105.49,4256500
2025-11-18,104.57,105.45,103.47,104.41,7837700
2025-11-19,104.23,105.2,103.24,103.89,4603600
2025-11-20,105.46,105.98,100.64,100.8,10513400
2025-11-21,100.81,101.99,98.7,100.92,8921400
2025-11-24,101.4,102.57,100.8,102.23,5769300
2025-11-25,101.53,103.42,100.64,103.19,4399900
2025-11-26,103.97,103.97,102.39,102.97,4301900
2025-11-28,103.25,104.17,103.21,104.089996,2751100
2025-12-01,103.059998,104.56,102.59,104.07,3903800
2025-12-02,104.92,106.019997,104.78,105.22,4386800
2025-12-03,104.57,106.73,104.12,106.68,3927300
2025-12-04,107.32,108.050003,106.65,107.95,4835000
2025-12-05,108.39,109.86,108.29,109.46,4144200
2025-12-08,109.96,110.33,108.93,109.4,7700100
2025-12-09,109.0,110.37,109.0,109.95,3291300
2025-12-10,109.72,110.85,109.2,110.080002,7544600
2025-12-11,108.55,110.33,108.37,109.78,8112800
2025-12-12,109.56,109.68,107.39,107.97,6165500
2025-12-15,107.65,107.83,105.35,105.39,5911800
2025-12-16,104.96,106.5,104.94,106.31,5923600
2025-12-17,106.34,107.11,104.67,104.7,3623000
2025-12-18,105.86,106.87,105.64,106.18,3676400
2025-12-19,106.95,108.040001,106.75,107.76,3551100
2025-12-22,108.35,109.19,108.19,108.95,2801800
2025-12-23,108.48,108.78,107.33,108.07,2428800
2025-12-24,107.93,108.32,107.66,108.23,766700
2025-12-26,108.099998,108.47,107.73,108.099998,1213000
2025-12-29,107.31,108.17,107.050003,107.39,1665200
2025-12-30,107.22,107.71,106.92,106.99,1573200
2025-12-31,107.080002,107.080002,105.66,105.69,1921500
2026-01-02,106.49,106.49,101.93,102.62,6019800
2026-01-05,103.47,104.59,102.99,103.63,4848500
2026-01-06,103.55,104.96,103.34,104.92,3910200
2026-01-07,105.0,107.3,105.0,106.24,3216300
2026-01-08,105.63,105.7,104.25,104.44,3038000
2026-01-09,104.46,105.28,103.53,105.0,3407400
2026-01-12,104.41,105.61,104.2,105.35,3232700
2026-01-13,104.97,105.46,102.94,103.35,7434700
2026-01-14,102.92,103.099998,100.089996,101.07,7742400
2026-01-15,101.5,101.66,99.47,99.78,9024200
2026-01-16,100.0,100.089996,98.089996,98.31,7824500
2026-01-20,96.3,97.27,95.8,95.93,10577900
2026-01-21,96.089996,96.4,94.23,95.4,9514000
2026-01-22,96.42,96.96,95.81,96.94,7214700
2026-01-23,96.89,98.56,96.78,97.71,9745900
2026-01-26,98.0,99.34,97.82,98.81,8478800
2026-01-27,99.080002,99.28,97.42,97.76,9684400
2026-01-28,98.099998,98.95,96.94,97.059998,9073800
2026-01-29,94.49,94.49,90.65,92.27,23323000
2026-01-30,91.94,92.15,89.73,90.31,14835600
2026-02-02,91.14,91.36,89.29,89.52,9660700
2026-02-03,89.37,89.37,84.3,85.39,26636300
2026-02-04,84.050003,84.78,81.53,83.84,45280300
2026-02-05,83.040001,83.93,79.27,79.67,44959000
2026-02-06,81.57,82.53,80.21,82.46,38552200
2026-02-09,82.6,85.44,81.78,85.059998,29011400
2026-02-10,85.71,87.080002,85.28,85.41,26404800
2026-02-11,85.34,85.54,81.93,83.23,34726300
2026-02-12,82.91,83.17,79.71,80.96,30633500
2026-02-13,81.52,83.4,80.94,82.77,27101100
2026-02-17,82.11,82.49,79.91,80.96,21446600
2026-02-18,80.97,82.7,80.11,82.0,19962600
2026-02-19,81.83,82.23,80.99,81.78,12386300
2026-02-20,81.18,83.010002,80.4,80.78,21967400
2026-02-23,79.49,79.49,76.43,76.94,44121400
2026-02-24,76.9,79.14,76.26,78.41,50584600
2026-02-25,78.66,80.87,78.26,80.85,36737000
2026-02-26,81.44,83.059998,81.13,82.6,44117900
2026-02-27,80.3,81.63,80.0,81.57,25153400
2026-03-02,80.72,83.29,80.51,82.77,33334800
2026-03-03,81.089996,84.67,80.89,84.12,44914800
2026-03-04,84.17,86.21,84.080002,85.65,32063200
2026-03-05,85.65,88.35,85.59,87.62,42023300
2026-03-06,86.93,88.58,86.47,87.97,29347000
2026-03-09,87.050003,88.13,86.34,87.71,31948900
2026-03-10,87.79,88.0,84.92,85.65,35674100
2026-03-11,86.57,87.72,84.79,85.74,26081700
2026-03-12,85.59,86.94,84.97,84.99,32457600
2026-03-13,84.95,85.87,83.62,84.19,19114100
2026-03-16,84.94,85.38,84.53,84.95,13689700
2026-03-17,84.99,87.089996,84.86,85.53,13394400
2026-03-18,84.74,85.93,84.33,84.34,11633700
2026-03-19,83.89,85.4,83.61,84.46,20521900
2026-03-20,83.84,83.84,82.31,82.99,18578300
2026-03-23,83.85,85.32,83.55,84.44,18036600
2026-03-24,83.88,83.95,80.67,80.82,26148100
2026-03-25,82.080002,82.55,79.94,80.4,28215700
2026-03-26,79.54,81.24,79.32,79.75,20723300
2026-03-27,78.44,78.67,76.61,76.89,17244300
2026-03-30,77.74,78.99,76.98,77.62,23523200
2026-03-31,78.48,80.25,77.9,80.050003,25627900
2026-04-01,80.75,80.83,78.67,79.77,19061900
2026-04-02,78.94,80.71,77.92,80.34,19202000
2026-04-06,80.42,80.93,79.76,80.46,6841100
2026-04-07,79.83,80.65,78.86,80.5,10652600
2026-04-08,83.14,83.69,79.28,79.75,27044100
2026-04-09,79.15,79.29,75.85,76.64,38649200
2026-04-10,76.5,76.5,73.93,74.67,49422500
2026-04-13,75.050003,78.73,74.85,78.7,37739600
2026-04-14,80.12,81.24,78.88,79.48,28354200
2026-04-15,80.68,83.25,80.13,82.98,29219500
2026-04-16,85.13,85.33,83.26,84.36,34648100
2026-04-17,86.23,86.52,84.76,85.080002,28710000
2026-04-20,85.029999,86.35,84.5,86.3,15906400
2026-04-21,86.76,88.85,85.87,86.68,29962800
2026-04-22,87.87,89.040001,87.48,88.74,23478300
2026-04-23,85.43,85.57,82.32,83.57,49153500
2026-04-24,84.36,85.4,83.42,85.2,21746900
2026-04-27,84.72,86.099998,84.12,85.43,17131500
2026-04-28,85.24,86.019997,84.56,85.0,18507400
2026-04-29,84.49,84.55,83.26,84.5,11182900
2026-04-30,83.9,84.11,82.18,83.91,26292700
2026-05-01,86.12,87.040001,84.87,86.63,23314400
2026-05-04,87.23,89.36,87.019997,88.44,18374400
2026-05-05,88.59,88.83,87.099998,88.27,18348900
2026-05-06,88.27,88.42,86.33,87.82,23584700
2026-05-07,90.010002,91.98,89.92,90.85,29902800
2026-05-08,89.83,91.15,88.28,91.15,17106600
2026-05-11,90.099998,90.79,89.81,90.69,13442600
2026-05-12,90.7,90.87,88.76,89.44,25300700
2026-05-13,88.82,89.019997,87.5,88.6,17058900
2026-05-14,88.7,91.080002,87.66,90.64,17069900
2026-05-15,90.36,92.71,89.9,91.78,28612300
2026-05-18,91.059998,93.29,90.73,92.87,31004700
2026-05-19,93.81,94.78,91.85,91.95,26334000
2026-05-20,90.93,93.32,90.040001,93.32,18689500
2026-05-21,92.12,92.97,91.58,92.48,12795500
2026-05-22,93.2,94.92,93.13,94.010002,11681300
2026-05-26,93.97,94.87,93.010002,94.050003,18696000
2026-05-27,92.57,94.33,92.27,93.050003,13180000
2026-05-28,93.4,96.14,92.96,95.68,17442600
2026-05-29,96.89,101.69,96.53,101.66,37721000
2026-06-01,104.019997,108.059998,102.95,107.7,40104400
2026-06-02,104.57,105.77,102.96,104.73,24586000
2026-06-03,103.33,103.5,99.93,100.2,24946400
2026-06-04,100.050003,101.26,99.059998,100.059998,17144700
2026-06-05,99.41,100.0,95.080002,95.85,19514000
2026-06-08,96.040001,96.62,95.050003,95.65,12374800
2026-06-09,95.07,96.4,90.34,92.95,25503700
2026-06-10,91.22,93.84,91.07,91.58,12974500
2026-06-11,90.0,91.33,88.95,90.92,20571500
2026-06-12,90.63,91.2,88.96,90.7,14992900
2026-06-15,92.18,93.63,91.6,92.68,13410300
2026-06-16,92.28,92.98,90.87,91.37,11964900
2026-06-17,90.84,92.11,89.029999,89.16,19569600
2026-06-18,89.56,89.56,87.3,89.089996,24331300
2026-06-22,88.18,90.61,86.62,87.31,23332400
2026-06-23,87.48,88.3,87.16,87.32,15950800
2026-06-24,86.76,88.11,86.11,86.17,19229300
2026-06-25,85.75,86.07,84.29,84.76,14970300
2026-06-26,85.15,88.42,85.089996,88.2,19832900
2026-06-29,89.84,91.2,89.39,89.89,18377100
2026-06-30,89.089996,90.79,88.81,90.6,17842500
2026-07-01,92.4,94.64,91.85,93.34,26990000
2026-07-02,93.37,94.97,93.2,93.57,24892500
2026-07-06,92.37,95.36,92.17,94.79,18295400
2026-07-07,95.84,96.2,93.6,94.13,10710800
2026-07-08,92.89,93.2,91.2,92.48,11698500
2026-07-09,90.7,94.040001,90.35,93.88,13605500
2026-07-10,94.97,95.22,92.14,92.41,10399400
2026-07-13,92.55,93.56,91.49,92.7,6795400
2026-07-14,90.37,94.32,90.23,93.63,17202800
2026-07-15,94.66,95.58,93.71,93.94,9173300
2026-07-16,94.17,94.44,92.099998,93.7,8071900
2026-07-17,91.74,93.77,91.71,92.8,10121100
2026-07-20,92.19,94.23,92.010002,92.98,11822000
2026-07-21,91.98,93.11,91.44,91.82,9746600
2026-07-22,91.82,91.85,88.73,89.019997,15887200
2026-07-23,89.63,89.81,86.78,87.099998,13723600
2026-07-24,88.29,88.71,87.28,87.98,14461400
2026-07-27,89.91,91.86,89.59,90.91,26170300
2026-07-28,90.97,92.73,89.63,91.78,24515300
2026-07-29,91.84,94.27,91.8,92.37,13726400
2026-07-30,92.46,93.48,91.71,93.31,18432600
2026-07-31,93.25,94.75,92.25,94.58,11006000
2026-08-03,96.75,97.85,96.14,97.42,13356900
2026-08-04,98.18,102.38,98.14,102.0,12306800
2026-08-05,103.35,103.72,101.21,101.31,9771500
2026-08-06,97.61,99.62,97.61,99.42,16800700
2026-08-07,101.66,103.010002,101.29,102.69,8175300
2026-08-10,102.21,105.48,102.15,105.010002,9120500
2026-08-11,104.4,104.87,103.17,103.92,8259500
2026-08-12,103.07,104.15,102.42,103.080002,16041000
2026-08-13,103.73,106.58,103.34,106.28,25265200
2026-08-14,106.47,106.75,104.07,104.080002,9198200
2026-08-17,103.25,104.099998,101.84,101.99,13169700
2026-08-18,102.0,103.099998,101.62,101.96,8370500
2026-08-19,102.12,103.51,101.23,102.81,7195600
2026-08-20,102.5,103.010002,101.77,101.91,6636300
2026-08-21,102.5,103.75,101.3,103.37,9539500
