date,open,high,low,close,volume
2006-10-05,134.92,135.41,134.75,135.17999,60505900
2006-10-06,134.95,135.10001,134.39999,135.0099945,64983600
2006-10-09,134.85001,135.3,134.64,135.089996,41176800
2006-10-10,135.10001,135.45,134.84,135.27,56403700
2006-10-11,134.84,135.42999,134.3,135.11,104071800
2006-10-12,135.45,136.39,135.39999,136.28,59158600
2006-10-13,136.16,136.71001,136.039993,136.63,53944000
2006-10-16,136.52,137.050003,136.42,136.84,42273000
2006-10-17,136.47,136.7,135.67,136.41,90500600
2006-10-18,137.039993,137.37,136.10001,136.59,86848600
2006-10-19,136.39,136.88,136.23,136.81,64063200
2006-10-20,136.84,136.95,136.33,136.84,48094500
2006-10-23,136.56,137.8,136.39,137.47,66219900
2006-10-24,137.28,137.92999,137.22,137.88,53234900
2006-10-25,137.74001,138.41,137.50999,138.35001,78105400
2006-10-26,138.66,139.0,137.98,138.78,66843700
2006-10-27,138.61,138.75,137.63,137.91,80238000
2006-10-30,137.66,138.2,137.39999,137.81,49717800
2006-10-31,138.070007,138.25999,137.25,137.78999,71274100
2006-11-01,138.22,138.31,136.72,136.86,83005600
2006-11-02,136.50999,137.0099945,136.36,136.78,60693100
2006-11-03,137.27,137.39,135.62,136.53999,71346400
2006-11-06,136.96001,138.28,136.95,138.080002,63303300
2006-11-07,138.2,138.98,138.0,138.61,63318900
2006-11-08,138.0,139.050003,136.86,138.91,87517800
2006-11-09,139.0099945,139.14,137.89999,138.17999,95916300
2006-11-10,138.14,138.34,137.72,138.24001,48991500
2006-11-13,138.17999,139.039993,138.070007,138.58,59398200
2006-11-14,138.97,139.74001,138.12,139.62,96704000
2006-11-15,139.57001,140.45,139.53,140.020004,76509600
2006-11-16,140.44,140.67999,139.49001,140.38,76728800
2006-11-17,139.92999,140.42999,139.73,140.42,56353800
2006-11-20,140.3,140.74001,139.94,140.5,69174200
2006-11-21,140.49001,140.67,140.28999,140.64,51367900
2006-11-22,140.75,141.16,140.5,140.92,45505300
2006-11-24,140.24001,140.84,140.2,140.35001,30998000
2006-11-27,140.28,140.35001,138.38,138.42,84545100
2006-11-28,138.24001,139.16,138.11,139.020004,106652900
2006-11-29,139.47,140.53,139.080002,140.47,90034900
2006-11-30,140.44,141.050003,139.75999,140.53,83994300
2006-12-01,140.53,140.66,138.97,140.22,126080000
2006-12-04,140.25,141.55,140.23,141.28999,87813200
2006-12-05,141.56,141.96001,141.25999,141.89999,73374400
2006-12-06,141.87,142.070007,141.5,141.78,53253200
2006-12-07,142.029999,142.3,141.11,141.16,62857400
2006-12-08,141.13,141.89999,140.78,141.42,79625500
2006-12-11,141.42,142.089996,141.34,141.83,39779400
2006-12-12,141.69,141.87,140.89,141.72,77451600
2006-12-13,142.23,142.34,141.56,141.87,55520200
2006-12-14,141.86,143.24001,141.84,143.12,64755200
2006-12-15,142.64,142.89,142.24001,142.34,70857400
2006-12-18,142.53999,142.88,141.75,141.95,48954600
2006-12-19,141.55,142.56,141.19,142.22,65023600
2006-12-20,142.28,142.66,142.0099945,142.14,41469600
2006-12-21,142.27,142.42999,141.32001,141.62,48698400
2006-12-22,141.64,141.64999,140.67,140.75,62069100
2006-12-26,140.81,141.61,140.78,141.58,32696900
2006-12-27,141.87,142.60001,141.83,142.50999,39727100
2006-12-28,142.41,142.7,141.99001,142.21001,37288800
2006-12-29,142.059998,142.53999,141.42999,141.62,45461200
2007-01-03,142.25,142.86,140.57001,141.37,94807600
2007-01-04,141.23,142.050003,140.61,141.67,69620600
2007-01-05,141.33,141.39999,140.38,140.53999,76645300
2007-01-08,140.82001,141.41,140.25,141.19,71655000
2007-01-09,141.31,141.60001,140.39999,141.070007,75680100
2007-01-10,140.58,141.57001,140.3,141.53999,72428000
2007-01-11,141.58,142.62,141.5,142.16,54476800
2007-01-12,142.14999,143.24001,142.11,143.24001,55370600
2007-01-16,143.070007,143.44,142.73,142.96001,44871300
2007-01-17,142.85001,143.46001,142.73,143.020004,50241400
2007-01-18,143.17,143.25999,142.31,142.53999,68177300
2007-01-19,142.53999,143.10001,142.46001,142.82001,56973000
2007-01-22,143.070007,143.10001,141.92999,142.38,60253600
2007-01-23,142.25999,143.080002,142.059998,142.8,54064400
2007-01-24,142.97,143.98,142.91,143.95,55834700
2007-01-25,143.86,143.92,142.0099945,142.25999,73583800
2007-01-26,142.57001,142.64999,141.58,142.13,67255600
2007-01-29,142.19,142.8,141.74001,142.050003,66114600
2007-01-30,142.35001,142.86,142.059998,142.78999,70407600
2007-01-31,142.63,144.13,142.39999,143.75,91868600
2007-02-01,144.14999,144.66,143.91,144.61,69312400
2007-02-02,144.73,144.95,144.38,144.81,49607000
2007-02-05,144.7,144.94,144.34,144.85001,45705300
2007-02-06,144.97,145.029999,144.33,144.89,57081300
2007-02-07,145.12,145.36,144.57001,145.21001,55669700
2007-02-08,144.78,145.12,144.27,145.020004,70641000
2007-02-09,145.059998,145.33,143.39,143.94,79084400
2007-02-12,143.94,144.039993,143.19,143.45,65657000
2007-02-13,143.77,144.89999,143.75999,144.66,64081800
2007-02-14,144.8,145.89999,144.78,145.61,66039400
2007-02-15,145.67,145.95,145.42999,145.8,38715200
2007-02-16,145.44,145.75999,145.23,145.73,39841800
2007-02-20,145.56,146.2,145.0,146.039993,56911800
2007-02-21,145.61,146.070007,145.35001,145.98,63971600
2007-02-22,146.050003,146.42,145.17,145.87,79067400
2007-02-23,145.74001,145.78999,145.029999,145.3,71966200
2007-02-26,145.83,145.95,144.75,145.17,69192800
2007-02-27,143.88,144.2,139.0,139.5,274466500
2007-02-28,140.39,141.98,139.8,140.92999,177536300
2007-03-01,139.34,141.25,138.050003,140.50999,212828600
2007-03-02,140.050003,140.66,138.66,138.67,162574000
2007-03-05,137.92999,139.58,137.33,137.35001,143750400
2007-03-06,138.78,140.12,137.72,139.7,143333300
2007-03-07,139.59,140.46001,139.39999,139.56,115144900
2007-03-08,140.53999,141.16,140.070007,140.74001,117891600
2007-03-09,141.31,141.42,140.080002,140.78,107765100
2007-03-12,140.42,141.34,140.16,140.99001,80366900
2007-03-13,140.17999,140.77,138.039993,138.25,190605200
2007-03-14,138.42999,139.36,136.75,139.28,231853800
2007-03-15,138.97,139.99001,138.8,139.47,132435900
2007-03-16,139.31,139.63,138.12,138.53,121531600
2007-03-19,139.25999,140.33,139.14999,140.2,96161200
2007-03-20,140.080002,141.050003,139.96001,140.97,82147400
2007-03-21,141.10001,143.64999,140.82001,143.28999,152368700
2007-03-22,143.48,143.67999,142.78999,143.17999,118942200
2007-03-23,143.28,143.81,143.14999,143.39,74416800
2007-03-26,143.5,143.64999,142.089996,143.2,113787500
2007-03-27,143.12,143.16,142.39,142.86,99864600
2007-03-28,142.14,142.47,141.25999,141.82001,152907900
2007-03-29,142.53999,142.61,141.19,141.97,139432700
2007-03-30,142.24001,142.84,140.56,142.0,128194100
2007-04-02,142.16,142.46001,141.48,142.16,79416400
2007-04-03,142.97,143.98,142.91,143.69,82417800
2007-04-04,143.69,143.95,143.16,143.85001,63995200
2007-04-05,143.67,144.44,143.61,144.24001,46822800
2007-04-09,144.64999,144.8,144.14999,144.44,50967400
2007-04-10,144.33,144.85001,144.27,144.61,56620000
2007-04-11,144.82001,144.86,143.53999,144.020004,106365700
2007-04-12,143.74001,144.92,143.34,144.66,115534400
2007-04-13,144.89999,145.32001,144.36,145.32001,84287000
2007-04-16,145.83,146.86,145.82001,146.7,83064600
2007-04-17,146.97,147.39999,146.64999,147.089996,108424100
2007-04-18,146.60001,147.7,146.57001,147.27,88345300
2007-04-19,146.55,147.39999,146.36,147.23,102947700
2007-04-20,148.22,148.62,147.039993,148.62,124114100
2007-04-23,148.37,148.73,147.97,148.059998,77270800
2007-04-24,148.23,148.39999,147.32001,148.12,114471000
2007-04-25,148.73,149.66,148.020004,149.48,108418800
2007-04-26,149.49001,149.8,149.10001,149.64999,88741600
2007-04-27,149.089996,149.74001,148.84,149.53,108191100
2007-04-30,149.64,149.74001,148.21001,148.28999,100874100
2007-05-01,148.42,149.47,147.67,148.67,134342700
2007-05-02,148.89999,149.95,148.75,149.53999,87129800
2007-05-03,149.97,150.39999,149.73,150.35001,86569700
2007-05-04,150.75,151.12,150.22,150.92,96409000
2007-05-07,150.88,151.2,150.81,150.95,63461400
2007-05-08,150.58,150.92,150.13,150.75,80584000
2007-05-09,150.64,152.82001,150.37,151.16,102070100
2007-05-10,150.73,151.020004,149.27,149.58,153617800
2007-05-11,149.75,150.92999,149.72,150.86,113408900
2007-05-14,150.86,151.3,149.78999,150.53,108027500
2007-05-15,150.7,151.66,150.19,150.57001,180673300
2007-05-16,150.8,151.63,150.38,151.60001,114166500
2007-05-17,151.38,151.96001,151.11,151.3,101132800
2007-05-18,152.0099945,152.62,151.81,152.62,99182000
2007-05-21,152.58,153.23,152.5,152.53999,174664600
2007-05-22,152.7,153.16,152.38,152.42,82148800
2007-05-23,152.95,153.5,152.36,152.44,133786600
2007-05-24,152.53,153.21001,150.74001,151.059998,187593000
2007-05-25,151.5,152.020004,151.17999,151.69,83309200
2007-05-29,151.94,152.5,151.45,152.24001,82020000
2007-05-30,151.46001,153.53999,151.34,153.48,129013600
2007-05-31,153.67,153.89,153.12,153.32001,114866700
2007-06-01,153.88,154.39999,153.50999,154.080002,107771700
2007-06-04,153.53999,154.39,153.48,154.10001,78008800
2007-06-05,153.74001,153.89999,152.86,153.49001,126917900
2007-06-06,152.86,152.95,151.75,151.84,164096800
2007-06-07,151.56,152.5,149.059998,149.10001,232414600
2007-06-08,149.58,151.19,149.089996,151.039993,175886000
2007-06-11,150.92999,151.95,150.7,151.3,102015600
2007-06-12,150.67,151.53999,149.55,149.64999,233898000
2007-06-13,150.5,152.070007,149.72,151.89,193208200
2007-06-14,152.059998,153.12,152.029999,152.86,146396500
2007-06-15,153.14,153.66,152.92999,153.070007,154030800
2007-06-18,153.38,153.39,152.66,152.89,88537500
2007-06-19,152.55,153.38,152.36,153.27,110851700
2007-06-20,153.58,153.58,150.96001,151.14,177119700
2007-06-21,151.080002,152.11,150.25,151.98,205262000
2007-06-22,151.52,151.77,149.85001,150.55,204964700
2007-06-25,150.24001,151.25,149.020004,149.83,232014400
2007-06-26,150.21001,150.46001,148.28,148.28999,198445700
2007-06-27,148.13,150.57001,148.059998,150.39999,213638000
2007-06-28,150.38,151.41,149.67,150.38,157705000
2007-06-29,150.89999,151.64999,149.14999,150.42999,199701800
2007-07-02,150.87,151.92,150.77,151.78999,103357000
2007-07-03,152.17999,152.5,151.99001,152.34,54048400
2007-07-05,152.39999,152.56,151.63,152.17999,89279000
2007-07-06,152.38,153.17,151.92999,152.98,81109000
2007-07-09,153.16,153.36,152.62,153.10001,72348100
2007-07-10,152.28999,152.61,150.77,150.92,180362600
2007-07-11,150.75,152.050003,150.52,151.99001,175607600
2007-07-12,152.37,154.75,152.34,154.39,133882500
2007-07-13,154.57001,155.46001,154.39,154.85001,111794300
2007-07-16,154.99001,155.53,154.58,154.83,98378700
2007-07-17,154.92999,155.48,154.67999,154.75,126201300
2007-07-18,154.23,154.8,153.3,154.47,237887400
2007-07-19,155.2,155.53,154.75,155.070007,145212700
2007-07-20,154.89,154.99001,152.83,153.5,245502500
2007-07-23,154.17999,154.72,153.3,153.97,121183900
2007-07-24,153.12,154.28,150.75999,151.3,256732400
2007-07-25,152.020004,152.39,150.25,151.61,265214500
2007-07-26,150.19,150.8,146.39,148.020004,467592500
2007-07-27,148.21001,148.87,145.050003,145.11,422987600
2007-07-30,145.92999,147.81,145.28999,147.38,283017500
2007-07-31,148.33,149.46001,145.039993,145.72,316976700
2007-08-01,145.17999,147.0099945,143.95,146.42999,467670000
2007-08-02,146.75999,147.75999,145.25999,147.60001,294758400
2007-08-03,147.28,147.58,143.2,143.8,359398200
2007-08-06,144.21001,146.83,142.53,146.21001,324980000
2007-08-07,145.94,149.0,145.23,147.77,232568700
2007-08-08,148.41,150.59,147.34,149.83,274930600
2007-08-09,147.42999,148.95,145.28999,145.39,357622100
2007-08-10,144.39,146.5,143.12,144.71001,411018400
2007-08-13,146.5,146.89,145.020004,145.23,181917200
2007-08-14,145.7,146.059998,142.72,143.0099945,264134500
2007-08-15,142.72,144.46001,140.62,141.039993,323834000
2007-08-16,139.78999,142.94,137.0,142.10001,546743700
2007-08-17,145.5,145.81,141.39,144.71001,388218100
2007-08-20,145.17,145.47,143.28999,144.64,187320400
2007-08-21,144.60001,145.97,144.14,144.92999,157066400
2007-08-22,146.0099945,146.8,145.33,146.64999,173156700
2007-08-23,147.34,147.64999,145.61,146.52,203915300
2007-08-24,146.48,148.33,146.28,148.33,128901900
2007-08-27,147.85001,148.33,146.73,146.95,113024300
2007-08-28,146.16,146.25,143.46001,143.72,219790700
2007-08-29,144.37,146.74001,143.96001,146.53999,207654200
2007-08-30,145.45,147.19,145.31,146.14999,191817300
2007-08-31,147.64999,148.5,146.83,147.59,185477500
2007-09-04,147.45,149.98,147.39999,149.080002,120062000
2007-09-05,148.2,148.36,147.0,147.78999,166261800
2007-09-06,147.95,148.61,147.12,148.13,127878400
2007-09-07,146.48,146.89,145.25999,146.070007,235447600
2007-09-10,146.52,146.72,144.33,145.78999,192305900
2007-09-11,146.24001,147.7,146.13,147.49001,162081900
2007-09-12,147.28999,148.44,146.98,147.87,149554600
2007-09-13,148.55,149.45,148.2,148.91,154079000
2007-09-14,147.96001,149.089996,147.74001,148.89999,121911000
2007-09-17,148.31,148.64999,147.63,148.10001,109870800
2007-09-18,148.83,152.5,148.13,152.46001,263759500
2007-09-19,153.41,154.39,152.71001,153.36,193779900
2007-09-20,153.34,153.42999,152.11,152.28,175186800
2007-09-21,152.71001,153.12,151.74001,151.97,141457500
2007-09-24,152.42,152.82001,151.36,151.69,139450200
2007-09-25,150.81,151.66,150.47,151.39,142289900
2007-09-26,152.25,152.77,151.39,152.19,135547000
2007-09-27,152.91,153.10001,152.19,153.089996,102713300
2007-09-28,152.85001,153.19,151.98,152.58,133372100
2007-10-01,152.60001,154.75,152.5,154.3,148162300
2007-10-02,154.61,154.64999,153.81,154.089996,112978800
2007-10-03,153.81,154.41,153.0099945,153.78,119055900
2007-10-04,154.11,154.25999,153.59,154.020004,76864400
2007-10-05,155.029999,156.10001,154.63,155.85001,134579700
2007-10-08,155.39,155.49001,154.77,155.020004,71280400
2007-10-09,155.60001,156.5,155.029999,156.48,94054300
2007-10-10,156.039993,156.44,155.41,156.22,101711100
2007-10-11,156.92999,157.52,154.53999,155.47,233529100
2007-10-12,155.46001,156.35001,155.27,156.33,124546700
2007-10-15,156.27,156.36,153.94,155.0099945,161151900
2007-10-16,154.41,154.52,153.47,153.78,166525700
2007-10-17,154.98,155.089996,152.47,154.25,216687300
2007-10-18,153.45,154.19,153.080002,153.69,148367500
2007-10-19,153.089996,156.48,149.66,149.67,297169900
2007-10-22,148.86,150.75999,148.66,150.53999,261989800
2007-10-23,151.46001,151.95,150.25,151.75999,180085100
2007-10-24,151.21001,151.74001,148.84,151.48,326694200
2007-10-25,151.64999,152.28999,149.88,151.84,237374500
2007-10-26,153.059998,153.62,151.89999,153.62,176484000
2007-10-29,153.92999,154.44,153.55,154.13,106841000
2007-10-30,153.45,153.75,152.87,153.059998,132981600
2007-10-31,153.98,155.27,152.84,154.64999,220954400
2007-11-01,153.28999,153.41,150.59,151.029999,333040800
2007-11-02,151.53,152.0,149.21001,151.2,331228200
2007-11-05,149.64,151.16,148.97,150.050003,226841000
2007-11-06,150.86,152.11,149.89999,152.070007,177800500
2007-11-07,150.44,151.13,147.55,147.91,306639700
2007-11-08,147.99001,148.39999,145.070007,147.16,374509900
2007-11-09,145.69,147.53999,144.89,145.14,277745100
2007-11-12,145.21001,146.61,143.7,143.7,243087800
2007-11-13,145.37,148.31,145.22,148.080002,191117400
2007-11-14,149.22,149.39999,146.78,147.67,230558800
2007-11-15,146.57001,147.49001,144.52,145.53999,263111100
2007-11-16,146.31,146.47,144.57001,145.78999,308770600
2007-11-19,145.28,145.36,143.19,143.75999,267746000
2007-11-20,144.020004,145.53,142.11,144.64,414767500
2007-11-21,143.080002,143.91,141.67,141.67999,259012400
2007-11-23,143.070007,144.34,142.7,144.13,77688400
2007-11-26,144.42999,144.88,140.66,140.95,214232000
2007-11-27,141.74001,143.23,140.95,142.57001,293897900
2007-11-28,144.19,147.47,144.14,147.13,258596900
2007-11-29,146.62,147.72,146.10001,147.17999,199409900
2007-11-30,149.039993,149.87,147.33,148.66,222908000
2007-12-03,148.19,148.45,147.28999,147.67999,146430400
2007-12-04,146.66,147.53999,146.31,146.36,136533900
2007-12-05,147.92999,149.2,147.83,148.81,171130000
2007-12-06,148.63,151.21001,148.57001,150.94,154457400
2007-12-07,151.42,151.5,150.55,150.91,148980100
2007-12-10,151.28,152.25,150.86,152.080002,123914300
2007-12-11,152.14,152.89,147.83,147.91,250346400
2007-12-12,151.059998,151.77,147.2,149.37,322435600
2007-12-13,148.32001,149.39,147.3,149.059998,237551300
2007-12-14,147.92999,149.10001,147.10001,147.17,159152900
2007-12-17,146.61,146.87,144.86,145.070007,177269400
2007-12-18,146.10001,146.48,143.96001,145.88,245569300
2007-12-19,145.94,146.89,144.94,145.88,198917200
2007-12-20,146.84,146.86,145.17999,146.8,214813800
2007-12-21,147.37,148.42,147.089996,148.13,146084400
2007-12-24,148.82001,149.48,148.48,149.23,45601400
2007-12-26,148.64999,149.67999,148.5,149.55,67093100
2007-12-27,149.020004,149.029999,147.32001,147.67,122981700
2007-12-28,148.53999,148.61,146.89999,147.3,116398100
2007-12-31,147.10001,147.61,146.059998,146.21001,108126800
2008-01-02,146.53,146.99001,143.88,144.92999,204935600
2008-01-03,144.91,145.49001,144.070007,144.86,125133300
2008-01-04,143.34,143.44,140.91,141.31,232330900
2008-01-07,141.81,142.23,140.10001,141.19,234991000
2008-01-08,142.080002,142.89999,138.44,138.91,326365700
2008-01-09,139.089996,140.78999,137.7,140.37,301824900
2008-01-10,139.67999,142.8,139.37,141.28999,335701200
2008-01-11,140.78,141.89999,139.0,140.14999,267076600
2008-01-14,141.16,141.86,140.39999,141.28,170365500
2008-01-15,139.78999,141.49001,137.89999,138.17,239940100
2008-01-16,137.36,139.12,136.28,136.98,378802600
2008-01-17,137.81,137.88,132.92999,133.42999,397892600
2008-01-18,134.74001,135.020004,131.10001,132.059998,348561500
2008-01-22,127.21,132.42999,126.0,130.72,435923700
2008-01-23,127.089996,134.19,126.84,133.86,511913000
2008-01-24,134.48,135.46001,133.31,134.99001,259949300
2008-01-25,136.50999,136.75999,132.60001,133.039993,269603900
2008-01-28,133.25999,135.52,132.059998,135.24001,217934600
2008-01-29,136.10001,136.45,134.88,135.91,168968300
2008-01-30,135.58,138.53999,134.60001,134.91,334939200
2008-01-31,133.39999,138.53999,133.2,137.37,343680800
2008-02-01,137.94,139.61,137.52,139.58,206843600
2008-02-04,139.21001,139.3,137.64,137.82001,124694300
2008-02-05,135.94,136.25,133.67,134.13,286882500
2008-02-06,134.58,135.25,132.41,133.050003,250792900
2008-02-07,131.8,134.78999,131.73,133.92999,297368100
2008-02-08,133.089996,134.22,132.10001,133.070007,221643500
2008-02-11,133.10001,134.23,132.039993,133.75,188576300
2008-02-12,134.91,136.31,133.98,134.99001,256654400
2008-02-13,136.0099945,137.059998,135.14,136.37,181967800
2008-02-14,136.95,137.0,134.78999,135.17,215207200
2008-02-15,134.5,135.22,133.91,135.14,154110300
2008-02-19,136.72,136.89,134.61,135.52,145190000
2008-02-20,133.99001,136.55,133.75999,135.92,220085700
2008-02-21,136.66,137.0099945,134.070007,134.78999,201051200
2008-02-22,134.97,135.85001,132.86,135.62,205491000
2008-02-25,135.53999,137.64999,134.78,137.33,190107000
2008-02-26,136.75,138.95,136.5,138.36,212420700
2008-02-27,137.56,139.14,137.41,138.22,168395800
2008-02-28,137.24001,137.96001,136.55,136.87,170831100
2008-02-29,135.60001,135.67999,132.78,133.82001,252715200
2008-03-03,133.14,133.81,132.24001,133.5,189483500
2008-03-04,132.23,133.39999,130.99001,132.99001,282513100
2008-03-05,133.42,134.77,132.34,133.83,270681400
2008-03-06,132.98,133.22,130.55,131.059998,247911700
2008-03-07,129.77,131.74001,128.58,129.71001,326434600
2008-03-10,129.84,129.92999,127.59,128.0,235683600
2008-03-11,130.72,132.72,128.95,132.60001,341440600
2008-03-12,132.74001,133.77,131.16,131.36,229161100
2008-03-13,129.61,132.64,128.60001,131.64999,351504200
2008-03-14,132.77,132.81,127.78,129.61,484687800
2008-03-17,126.57,129.25999,126.07,128.3,405311100
2008-03-18,130.62,133.69,129.98,133.63,334416600
2008-03-19,134.14,134.64999,130.039993,130.32001,345971600
2008-03-20,130.050003,132.91,129.25999,132.080002,245320700
2008-03-24,133.31,135.81,133.24001,134.72,208977300
2008-03-25,134.86,135.55,133.77,134.85001,192947200
2008-03-26,134.46001,135.089996,133.11,133.2,196934300
2008-03-27,134.2,134.44,132.36,132.78,225153200
2008-03-28,132.99001,133.36,131.059998,131.50999,180896100
2008-03-31,131.28999,132.73,131.089996,131.97,166692100
2008-04-01,133.61,136.84,133.50999,136.61,254547300
2008-04-02,137.050003,137.67,135.98,136.7,210910800
2008-04-03,135.96001,137.44,135.71001,137.039993,175884800
2008-04-04,137.12,137.96001,136.12,136.89,204446800
2008-04-07,137.87,138.57001,136.74001,136.96001,154245500
2008-04-08,136.19,136.92,135.95,136.82001,148937300
2008-04-09,136.61,136.8,134.89,135.83,195610600
2008-04-10,135.42,136.67,134.89999,136.020004,192967800
2008-04-11,134.49001,135.12,133.0099945,133.38,222973300
2008-04-14,133.19,133.53999,132.55,132.92999,160522000
2008-04-15,133.58,133.69,132.33,133.24001,172389200
2008-04-16,134.53999,136.91,134.52,136.85001,189268900
2008-04-17,136.020004,137.25,135.66,137.050003,179665700
2008-04-18,138.94,139.56,138.25999,138.48,218530600
2008-04-21,138.23,138.98,137.85001,138.55,118587400
2008-04-22,138.19,138.31,136.89999,137.94,162166000
2008-04-23,138.089996,138.78,137.12,137.72,193309000
2008-04-24,138.080002,139.74001,137.039993,138.32001,229381300
2008-04-25,139.39999,139.89,137.91,139.60001,190788100
2008-04-28,139.88,140.25,139.38,139.63,105610200
2008-04-29,139.39,139.73,138.61,139.080002,125514100
2008-04-30,139.28999,140.59,138.25999,138.25999,208395900
2008-05-01,138.38,141.12,138.27,141.12,187279500
2008-05-02,142.34,142.37,140.56,141.50999,181585500
2008-05-05,141.050003,141.61,140.41,140.83,118504500
2008-05-06,140.020004,142.2,139.69,142.050003,179339800
2008-05-07,141.89,142.039993,139.13,139.52,199267300
2008-05-08,139.74001,140.32001,138.98,139.16,178321200
2008-05-09,138.60001,139.39,138.45,138.89999,152588200
2008-05-12,139.25,140.56,138.73,140.46001,147865900
2008-05-13,140.8,140.89,139.73,140.48,159132200
2008-05-14,141.070007,142.2,140.46001,140.77,181910800
2008-05-15,141.039993,142.63,140.83,142.53,166927000
2008-05-16,142.86,142.87,141.61,142.66,204236800
2008-05-19,142.81,144.3,142.3,143.050003,165664400
2008-05-20,142.27,142.34,141.0,141.89,178552100
2008-05-21,141.81,142.12,139.0,139.49001,252724800
2008-05-22,139.42999,140.17,139.0,139.50999,170820400
2008-05-23,139.050003,139.66,137.52,137.64,181376400
2008-05-27,137.8,139.0,137.53,138.66,168322900
2008-05-28,139.17,140.0,138.0,139.3,181288100
2008-05-29,139.13,140.92999,139.080002,140.0,173927200
2008-05-30,140.47,140.74001,139.94,140.35001,117362000
2008-06-02,139.83,139.86,138.0,138.89999,181069900
2008-06-03,139.3,139.62,137.23,138.089996,271965700
2008-06-04,137.7,139.16,137.46001,138.020004,246637700
2008-06-05,138.58,140.89,138.32001,140.78,237867100
2008-06-06,139.55,139.8,136.22,136.28999,384276300
2008-06-09,136.86,137.5,135.41,136.62,228263900
2008-06-10,135.67,137.10001,135.35001,135.94,260234900
2008-06-11,135.97,136.25999,133.92999,133.94,283890100
2008-06-12,134.60001,135.87,133.52,134.45,252791800
2008-06-13,135.17,136.52,134.42,136.14999,244726900
2008-06-16,135.55,136.92999,135.46001,136.23,185832500
2008-06-17,137.070007,137.12,135.37,135.57001,191707700
2008-06-18,134.69,135.52,133.71001,134.25,265893000
2008-06-19,134.14999,135.24001,133.5,134.42,304204900
2008-06-20,132.84,133.089996,131.22,131.58,289275700
2008-06-23,132.089996,132.23,131.32001,131.45,165096400
2008-06-24,131.050003,132.44,130.19,131.19,267300600
2008-06-25,131.72,133.39999,131.24001,131.81,287853900
2008-06-26,130.57001,131.42,128.080002,128.23,297775000
2008-06-27,128.28,128.86,127.040001,127.53,303423400
2008-06-30,127.89,128.91,127.3,127.98,258842600
2008-07-01,126.52,128.47,125.93,128.38,388622000
2008-07-02,128.78999,129.16,125.95,126.18,288064600
2008-07-03,127.11,127.11,124.99,126.31,239352500
2008-07-07,126.79,127.34,123.92,125.019997,372427300
2008-07-08,124.99,127.39,124.2,127.24,375973700
2008-07-09,127.5,127.74,124.39,124.79,336729400
2008-07-10,124.43,125.79,123.58,125.3,436475700
2008-07-11,123.97,125.9,122.49,123.84,481124600
2008-07-14,125.26,125.5,122.4,122.72,322720800
2008-07-15,121.8,123.49,120.019997,120.99,502502500
2008-07-16,121.45,124.57,121.099998,123.96,371642900
2008-07-17,125.14,126.26,124.089996,125.2,375490600
2008-07-18,126.17,126.42,125.15,125.98,267030100
2008-07-21,126.51,126.8,125.19,126.050003,222863000
2008-07-22,125.15,127.8,124.85,127.48,296904200
2008-07-23,127.89,129.14999,127.55,128.17,311698400
2008-07-24,128.34,128.41,125.16,125.51,248634500
2008-07-25,125.89,126.49,125.17,125.48,219131000
2008-07-28,125.51,126.059998,123.42,123.64,205201300
2008-07-29,123.98,126.38,123.64,126.28,261505600
2008-07-30,127.11,128.60001,126.28,128.53,354710000
2008-07-31,127.4,128.57001,126.63,126.83,277402100
2008-08-01,127.12,127.28,125.46,126.16,248690900
2008-08-04,126.040001,126.14,124.76,124.99,188239600
2008-08-05,126.019997,128.56,124.97,128.36,251577600
2008-08-06,128.020004,129.3,127.48,128.92999,209555400
2008-08-07,127.96,128.44,126.54,127.010002,246312500
2008-08-08,126.58,129.92999,126.38,129.37,260811700
2008-08-11,129.47,131.50999,129.23,130.71001,249425800
2008-08-12,130.28,130.7,128.73,129.35001,213200800
2008-08-13,128.78999,129.64999,127.67,128.57001,256393200
2008-08-14,127.84,130.28,127.75,129.53999,239555300
2008-08-15,129.92999,130.5,129.3,130.17,181000800
2008-08-18,130.42999,130.48,127.66,128.39,172275100
2008-08-19,127.42,127.69,126.53,126.99,194673700
2008-08-20,127.39,127.95,126.34,127.58,225498200
2008-08-21,126.75,128.44,126.6,127.8,180609800
2008-08-22,128.67,129.64999,127.8,129.64999,167715300
2008-08-25,128.8,129.64999,126.75,127.019997,171936900
2008-08-26,127.019997,127.87,126.58,127.39,159117200
2008-08-27,127.55,128.83,127.3,128.63,171032800
2008-08-28,129.28,130.34,129.11,130.19,167537100
2008-08-29,129.73,130.14,128.50999,128.78999,189195800
2008-09-02,130.029999,130.71001,127.52,127.99,252364900
2008-09-03,127.88,128.5,126.93,127.88,251947000
2008-09-04,126.97,127.23,123.96,124.029999,340042500
2008-09-05,123.29,124.95,122.0,124.42,289503400
2008-09-08,128.039993,128.24001,124.42,126.99,364075300
2008-09-09,127.099998,127.36,122.8,123.22,377326800
2008-09-10,123.89,124.9,122.55,123.72,298916600
2008-09-11,122.12,125.74,121.6,125.51,375369400
2008-09-12,124.29,126.21,123.83,126.089996,297851200
2008-09-15,121.63,125.65,119.89,120.089996,483607000
2008-09-16,117.2,122.32,117.0,122.099998,581744300
2008-09-17,119.64,121.85,116.0,116.61,624095600
2008-09-18,118.050003,121.79,113.8,120.07,776114700
2008-09-19,126.7,128.0,123.33,124.12,501087800
2008-09-22,124.45,124.75,120.36,121.31,249966500
2008-09-23,120.85,122.019997,118.28,118.55,327470400
2008-09-24,119.35,120.0,117.79,118.93,311818400
2008-09-25,119.4,121.91,118.44,120.79,328253000
2008-09-26,118.83,121.5,118.51,120.85,285917400
2008-09-29,119.14,119.34,110.97,111.38,459562300
2008-09-30,113.51,116.8,110.53,115.99,328154400
2008-10-01,115.27,116.69,113.95,116.059998,332783000
2008-10-02,114.95,115.11,111.059998,111.85,365337800
2008-10-03,112.86,115.45,109.68,110.34,461798000
2008-10-06,107.15,107.62,100.64,104.72,610637500
2008-10-07,106.84,107.33,99.65,100.029999,540012100
2008-10-08,97.52,102.18,96.81,97.51,725414800
2008-10-09,99.66,100.62,90.25,90.7,534485200
2008-10-10,86.76,93.94,83.58,88.5,871026300
2008-10-13,93.87,101.35,89.95,101.35,455584000
2008-10-14,104.7,105.53,97.11,99.85,546268300
2008-10-15,97.46,97.8,89.71,90.019997,484627500
2008-10-16,91.29,94.77,86.54,93.77,708811200
2008-10-17,91.99,98.59,91.65,93.21,476649000
2008-10-20,95.35,99.099998,94.089996,98.81,321294200
2008-10-21,96.97,98.64,95.22,95.86,356502000
2008-10-22,93.2,95.86,87.53,90.64,516168000
2008-10-23,90.29,92.45,85.81,91.69,634666400
2008-10-24,84.059998,89.92,84.0,87.040001,545812600
2008-10-27,85.97,89.51,83.7,83.95,397288600
2008-10-28,87.34,94.24,84.53,93.76,639939500
2008-10-29,93.77,97.17,92.099998,93.080002,531270100
2008-10-30,95.78,96.54,92.9,96.3,414582100
2008-10-31,95.080002,98.57,94.48,96.83,411394000
2008-11-03,96.78,97.69,95.95,97.11,205419400
2008-11-04,99.059998,100.86,96.71,100.41,346793400
2008-11-05,99.2,100.71,95.0,96.19,387844100
2008-11-06,94.46,95.44,90.059998,90.86,477721900
2008-11-07,91.65,94.0,90.5,93.86,380391000
2008-11-10,95.21,95.53,90.92,92.63,301773000
2008-11-11,90.76,92.14,88.65,89.77,418498200
2008-11-12,88.23,88.95,85.12,85.82,454330600
2008-11-13,86.13,91.73,82.089996,91.17,753141900
2008-11-14,89.41,92.059998,86.52,86.62,540352300
2008-11-17,86.38,88.56,85.16,85.47,415254900
2008-11-18,85.15,87.22,82.91,87.080002,523811800
2008-11-19,85.91,86.87,80.92,81.5,558327600
2008-11-20,80.13,82.51,75.050003,75.45,814180400
2008-11-21,77.46,80.9,74.34,79.52,718536500
2008-11-24,81.92,86.99,80.36,85.029999,523305300
2008-11-25,87.3,87.51,83.82,85.66,454112400
2008-11-26,84.3,89.19,84.24,88.97,370134200
2008-11-28,88.63,90.13,88.48,90.089996,118308100
2008-12-01,87.51,87.55,81.86,82.11,369927100
2008-12-02,83.47,85.49,82.040001,85.27,469508400
2008-12-03,83.4,87.83,83.14,87.32,519863500
2008-12-04,86.059998,88.050003,83.74,85.3,444173800
2008-12-05,83.65,88.42,82.24,87.93,471905300
2008-12-08,90.34,92.38,88.080002,91.0,412859300
2008-12-09,90.37,92.13,88.98,89.5,370790000
2008-12-10,90.32,91.36,89.0,90.11,396187400
2008-12-11,89.54,91.0,87.37,87.94,365061000
2008-12-12,85.55,89.07,85.2,88.99,415060400
2008-12-15,89.019997,89.15,86.29,87.75,256694200
2008-12-16,91.88,92.019997,88.18,91.88,377699500
2008-12-17,90.84,92.43,90.059998,90.99,281819800
2008-12-18,91.4,91.67,88.21,89.29,374673300
2008-12-19,89.099998,90.62,88.089996,88.19,301451300
2008-12-22,88.58,88.67,85.49,87.059998,243759500
2008-12-23,87.53,87.93,85.8,86.16,221625200
2008-12-24,86.45,86.87,86.0,86.66,62061600
2008-12-26,87.24,87.3,86.5,87.16,74767700
2008-12-29,87.24,87.33,85.6,86.91,127795900
2008-12-30,87.51,89.050003,86.88,88.97,168256300
2008-12-31,89.080002,90.97,88.87,90.24,193987200
2009-01-02,90.44,93.44,89.85,92.96,227566300
2009-01-05,92.63,93.66,91.89,92.85,240349700
2009-01-06,93.64,94.45,92.68,93.47,328260900
2009-01-07,92.0,92.26,90.2,90.67,280899200
2009-01-08,90.16,91.089996,89.67,91.040001,263834400
2009-01-09,91.16,91.32,85.36,89.089996,330953600
2009-01-12,88.84,88.91,86.41,86.95,277858500
2009-01-13,86.73,87.88,86.2,87.11,356432300
2009-01-14,85.54,85.75,83.16,84.37,435491600
2009-01-15,84.12,85.25,81.72,84.4,532647300
2009-01-16,85.86,85.99,83.050003,85.059998,399237200
2009-01-20,84.23,85.059998,80.050003,80.57,419855200
2009-01-21,81.94,84.24,80.47,84.050003,364360700
2009-01-22,82.42,84.040001,81.17,82.75,427940300
2009-01-23,80.9,83.99,80.57,83.11,386800600
2009-01-26,83.59,85.36,82.81,83.68,317978800
2009-01-27,84.13,85.15,83.3,84.53,273789700
2009-01-28,86.4,87.95,86.07,87.39,330007000
2009-01-29,86.11,87.49,84.47,84.55,294392500
2009-01-30,84.98,85.4,82.21,82.83,383383600
2009-02-02,81.57,83.18,81.31,82.58,288233300
2009-02-03,83.099998,84.36,82.22,83.74,278385800
2009-02-04,84.3,85.37,83.040001,83.33,322989300
2009-02-05,82.7,85.29,77.73,84.57,417679400
2009-02-06,84.86,87.34,84.68,86.98,366101700
2009-02-09,86.96,87.74,86.32,87.099998,240075200
2009-02-10,86.27,87.029999,82.45,83.11,536212800
2009-02-11,83.45,84.050003,82.4,83.6,324442500
2009-02-12,82.17,83.82,81.050003,83.66,469302200
2009-02-13,83.55,84.24,82.74,82.76,293998400
2009-02-17,80.16,82.96,79.17,79.22,478910100
2009-02-18,79.79,79.94,78.28,79.029999,362964800
2009-02-19,79.84,80.15,78.019997,78.18,316867500
2009-02-20,76.73,78.34,75.77,77.42,477176600
2009-02-23,78.27,78.27,74.59,74.65,379641400
2009-02-24,75.29,77.95,74.7,77.48,426260900
2009-02-25,77.14,78.42,75.63,76.87,461985800
2009-02-26,77.82,79.67,75.53,75.62,363353900
2009-02-27,74.010002,75.69,73.81,73.93,470510900
2009-03-02,72.52,73.92,70.37,70.6,426452600
2009-03-03,71.61,71.7,69.64,70.07,443761000
2009-03-04,71.23,72.87,70.07,71.73,462753100
2009-03-05,70.099998,71.73,68.17,68.8,485549400
2009-03-06,69.4,70.45,67.099998,68.92,490470000
2009-03-09,67.95,70.0,67.73,68.11,379905300
2009-03-10,69.51,72.37,69.37,72.17,406227900
2009-03-11,73.0,73.75,71.83,72.64,356648300
2009-03-12,72.62,75.75,71.97,75.5,409702700
2009-03-13,76.010002,76.98,74.73,76.089996,337474700
2009-03-16,76.96,77.97,75.81,75.86,360644900
2009-03-17,76.07,78.36,75.45,78.18,356814300
2009-03-18,77.81,80.9,77.07,79.93,473273200
2009-03-19,80.93,81.0,78.69,78.94,428520400
2009-03-20,78.76,78.91,76.53,76.71,371078200
2009-03-23,78.74,82.29,78.31,82.22,419933300
2009-03-24,81.24,82.36,80.51,80.6,330271000
2009-03-25,81.23,82.7,79.059998,81.45,441775100
2009-03-26,82.25,83.3,81.32,83.11,422025200
2009-03-27,82.050003,82.53,81.31,81.61,322332300
2009-03-30,79.8,79.87,77.96,78.79,324108500
2009-03-31,79.56,81.080002,79.050003,79.52,364238300
2009-04-01,78.53,81.42,78.33,81.059998,377018300
2009-04-02,83.080002,84.61,81.13,83.43,476230700
2009-04-03,83.49,84.28,82.67,84.26,284646300
2009-04-06,83.34,84.28,82.29,83.6,264866600
2009-04-07,82.25,82.65,81.51,81.65,258947800
2009-04-08,82.059998,82.94,81.54,82.53,230402800
2009-04-09,84.67,85.82,84.33,85.81,269653500
2009-04-13,84.92,86.54,84.58,85.83,224847500
2009-04-14,85.029999,85.76,84.080002,84.35,276598800
2009-04-15,83.84,85.42,83.61,85.25,250726100
2009-04-16,85.93,87.15,84.77,86.5,335202900
2009-04-17,86.83,87.65,86.14,87.080002,262649000
2009-04-20,85.54,87.050003,83.34,83.43,293690100
2009-04-21,82.82,85.13,82.75,85.059998,114090900
2009-04-22,84.29,86.34,84.07,84.54,340395200
2009-04-23,84.71,85.42,83.63,85.37,324903700
2009-04-24,86.029999,87.31,85.69,86.66,287703000
2009-04-27,85.68,87.010002,85.54,85.84,289581600
2009-04-28,84.97,86.59,84.76,85.57,247926300
2009-04-29,86.52,88.36,86.3,87.39,311505700
2009-04-30,88.55,89.019997,86.92,87.42,301419800
2009-05-01,87.44,88.21,86.72,87.89,236110300
2009-05-04,88.55,90.94,88.38,90.88,287120000
2009-05-05,90.57,90.93,89.84,90.57,243036300
2009-05-06,91.68,92.2,90.61,92.14,291941000
2009-05-07,93.010002,93.15,90.28,90.86,317728000
2009-05-08,92.029999,93.22,91.44,92.98,299081700
2009-05-11,91.7,92.11,91.040001,91.24,247923600
2009-05-12,91.63,91.83,89.85,90.97,282431300
2009-05-13,89.74,90.010002,88.5,88.68,269619100
2009-05-14,88.72,90.12,88.5,89.44,260098700
2009-05-15,89.37,90.0,88.15,88.71,271502700
2009-05-18,89.55,91.34,88.57,91.23,241447400
2009-05-19,91.18,91.97,90.81,91.12,206102200
2009-05-20,91.95,92.8,90.41,90.51,285722200
2009-05-21,89.46,89.8,88.26,89.21,258988400
2009-05-22,89.46,90.0,88.68,89.019997,166811900
2009-05-26,88.36,91.56,88.32,91.3,236318500
2009-05-27,91.44,91.75,89.53,89.67,246015800
2009-05-28,90.46,91.34,89.099998,90.92,289095000
2009-05-29,91.42,93.7,90.68,92.53,258641500
2009-06-01,93.67,95.17,93.43,94.77,276246800
2009-06-02,94.4,95.37,94.23,94.85,230874500
2009-06-03,94.040001,94.13,92.76,93.65,235310500
2009-06-04,94.0,94.67,93.3,94.53,210102300
2009-06-05,95.49,95.67,93.8,94.55,284257900
2009-06-08,93.84,95.099998,93.040001,94.16,238565100
2009-06-09,94.69,95.14,94.019997,94.64,225125500
2009-06-10,95.48,95.49,93.19,94.4,296100400
2009-06-11,94.58,96.11,94.56,94.82,275414200
2009-06-12,94.4,95.14,94.0,95.080002,184361800
2009-06-15,93.96,94.019997,92.4,92.9,224190500
2009-06-16,93.23,93.29,91.58,91.64,227319000
2009-06-17,91.6,92.33,90.83,91.55,223445200
2009-06-18,91.69,92.67,91.25,92.22,211725100
2009-06-19,92.58,92.7,91.52,92.040001,215655600
2009-06-22,91.14,91.19,89.25,89.28,251913600
2009-06-23,89.47,89.88,88.85,89.35,188309800
2009-06-24,90.16,91.080002,89.6,90.12,211577700
2009-06-25,89.67,92.17,89.57,92.080002,279411000
2009-06-26,91.77,92.24,91.27,91.84,167579000
2009-06-29,92.11,92.82,91.6,92.7,168481300
2009-06-30,92.72,93.059998,91.27,91.95,228888200
2009-07-01,92.34,93.23,92.21,92.33,173041100
2009-07-02,91.13,92.36,89.76,89.81,212309900
2009-07-06,88.94,89.93,88.66,89.8,174499600
2009-07-07,89.71,89.82,88.0,88.059998,197088900
2009-07-08,88.59,88.8,87.0,88.0,248050500
2009-07-09,88.61,88.9,87.91,88.17,163777600
2009-07-10,87.7,88.49,87.35,87.96,173520300
2009-07-13,88.31,90.17,87.59,90.099998,217413500
2009-07-14,90.38,90.69,89.73,90.61,181487400
2009-07-15,91.81,93.51,90.68,93.26,220877900
2009-07-16,93.0,94.51,92.82,93.11,231174500
2009-07-17,94.059998,94.32,93.54,94.13,138561700
2009-07-20,94.68,95.29,94.19,95.13,164179400
2009-07-21,95.87,95.9,94.42,95.57,217718300
2009-07-22,94.96,96.13,94.89,95.55,196068100
2009-07-23,95.61,98.080002,95.53,97.66,258795500
2009-07-24,97.2,98.14,96.69,98.059998,154003100
2009-07-27,97.88,98.4,97.34,98.35,159259400
2009-07-28,97.66,98.37,97.059998,97.89,186685200
2009-07-29,97.44,98.089996,96.98,97.65,194399300
2009-07-30,98.83,99.83,98.6,98.67,225575400
2009-07-31,98.65,99.47,98.38,98.81,207358000
2009-08-03,99.85,100.53,99.31,100.44,175776900
2009-08-04,99.99,100.84,99.78,100.7,176714600
2009-08-05,100.77,100.86,99.58,100.41,184726400
2009-08-06,100.87,101.019997,99.42,99.89,193203800
2009-08-07,100.94,102.029999,100.39,101.2,220640900
2009-08-10,100.74,101.22,100.27,100.99,130898700
2009-08-11,100.54,100.61,99.46,99.73,157301000
2009-08-12,99.56,101.56,99.51,100.8,219052400
2009-08-13,101.26,101.61,100.26,101.57,176449500
2009-08-14,101.52,101.6,99.7,100.79,199616100
2009-08-17,98.85,98.95,98.11,98.31,237667500
2009-08-18,98.53,99.44,98.35,99.089996,173461500
2009-08-19,98.31,100.3,98.21,99.96,192812800
2009-08-20,100.089996,101.22,99.87,100.99,174131300
2009-08-21,101.82,103.13,101.62,102.97,224605000
2009-08-24,103.39,103.95,102.59,102.96,191279000
2009-08-25,103.37,104.26,102.94,103.16,215310600
2009-08-26,102.84,103.64,102.49,103.17,194620700
2009-08-27,103.11,103.72,101.94,103.4,196230100
2009-08-28,104.23,104.35,102.67,103.38,147024400
2009-08-31,102.37,102.58,101.79,102.46,176051600
2009-09-01,101.95,103.24,99.99,100.2,321276800
2009-09-02,99.78,100.44,99.57,99.82,171805000
2009-09-03,100.4,100.77,99.59,100.65,143572300
2009-09-04,100.85,102.089996,100.55,102.059998,142687900
2009-09-08,103.0,103.050003,102.39,102.94,132909100
2009-09-09,103.12,104.080002,102.8,103.73,154612500
2009-09-10,103.8,104.86,103.22,104.79,162902400
2009-09-11,104.99,105.3,104.28,104.77,152360100
2009-09-14,103.88,105.46,103.15,105.28,149593800
2009-09-15,105.45,106.11,104.76,105.72,196795900
2009-09-16,106.099998,107.34,105.73,107.32,206406300
2009-09-17,107.17,108.059998,106.57,107.16,229170900
2009-09-18,107.15,107.16,106.36,106.72,153799100
2009-09-21,105.89,107.0,105.66,106.45,151892000
2009-09-22,107.080002,107.37,106.6,107.07,143126700
2009-09-23,107.32,108.029999,105.99,106.18,225947400
2009-09-24,106.41,106.64,104.55,105.010002,228636800
2009-09-25,104.78,105.36,104.089996,104.45,204059000
2009-09-28,104.85,106.55,104.83,106.32,118285800
2009-09-29,106.51,107.019997,105.78,106.0,133733900
2009-09-30,106.36,106.46,104.62,105.59,254383000
2009-10-01,103.0,105.73,102.95,102.97,281840600
2009-10-02,102.019997,103.099998,101.99,102.49,224748800
2009-10-05,102.9,104.32,102.6,104.019997,149875000
2009-10-06,104.77,106.11,104.71,105.51,202491100
2009-10-07,105.27,105.91,105.07,105.8,159200300
2009-10-08,106.55,107.17,105.85,106.61,183305800
2009-10-09,106.64,107.26,106.36,107.26,135008300
2009-10-12,107.76,108.089996,107.28,107.68,118031000
2009-10-13,107.39,107.71,106.76,107.46,157692700
2009-10-14,108.72,109.42,107.42,109.31,191421600
2009-10-15,108.78,109.71,108.73,109.71,173873600
2009-10-16,108.8,109.27,108.23,108.89,192069400
2009-10-19,109.07,110.13,108.73,109.79,159530400
2009-10-20,109.95,109.99,108.68,109.21,180921100
2009-10-21,109.040001,110.31,108.15,108.23,225379300
2009-10-22,108.19,109.68,107.5,109.33,238444000
2009-10-23,109.69,109.76,107.63,108.080002,240033200
2009-10-26,108.2,109.31,106.61,106.91,242028200
2009-10-27,107.029999,107.39,106.16,106.42,253266300
2009-10-28,106.15,106.48,104.35,104.41,248821400
2009-10-29,105.19,106.86,104.94,106.65,198110600
2009-10-30,106.3,106.62,103.44,103.56,325608100
2009-11-02,104.13,105.41,103.080002,104.32,254222900
2009-11-03,103.74,104.8,103.54,104.65,228362600
2009-11-04,105.51,106.33,104.65,104.92,247996700
2009-11-05,105.66,106.88,105.44,106.85,180015300
2009-11-06,106.26,107.4,106.050003,107.13,170954100
2009-11-09,107.95,109.63,107.87,109.57,159495700
2009-11-10,109.31,109.93,108.97,109.59,171899800
2009-11-11,110.31,110.82,109.62,110.15,169466200
2009-11-12,110.0,110.57,108.75,109.029999,157144500
2009-11-13,109.31,110.089996,108.75,109.62,150963000
2009-11-16,110.38,111.69,110.32,111.21,210922200
2009-11-17,110.92,111.39,110.5,111.34,147134100
2009-11-18,111.26,111.43,110.57,111.27,156486800
2009-11-19,110.51,111.31,109.13,109.82,208734600
2009-11-20,109.25,109.76,109.010002,109.43,134196000
2009-11-23,110.72,111.74,110.6,110.82,148010200
2009-11-24,111.0,111.2,110.010002,110.99,138420100
2009-11-25,111.17,111.5,110.82,111.38,109564800
2009-11-27,108.4,110.32,108.29,109.57,126001800
2009-11-30,109.48,110.2,108.12,109.94,160874800
2009-12-01,110.92,111.66,110.73,111.3,159613700
2009-12-02,111.28,112.010002,110.92,111.25,132315100
2009-12-03,111.55,112.18,110.29,110.38,167324900
2009-12-04,111.84,112.38,110.040001,111.010002,274907800
2009-12-07,110.91,111.53,110.49,110.84,127973800
2009-12-08,110.040001,110.77,109.27,109.61,169863700
2009-12-09,109.58,110.18,109.019997,110.019997,155063400
2009-12-10,110.7,111.12,110.45,110.64,138014600
2009-12-11,111.11,111.36,110.61,111.11,124854000
2009-12-14,111.87,112.0,111.13,111.87,107141500
2009-12-15,111.46,111.92,111.0,111.35,120408800
2009-12-16,111.8,112.13,111.27,111.52,155358200
2009-12-17,110.72,110.93,110.080002,110.18,183390100
2009-12-18,110.2,110.3,109.28,110.21,174591200
2009-12-21,110.76,111.7,110.76,111.33,118039600
2009-12-22,111.57,111.97,111.43,111.73,91707500
2009-12-23,112.0,112.11,111.5,111.95,111783100
2009-12-24,112.19,112.6,112.0,112.48,39677500
2009-12-28,112.9,112.99,112.32,112.72,87508500
2009-12-29,113.010002,113.029999,112.55,112.56,80572500
2009-12-30,112.23,112.65,112.17,112.52,73138400
2009-12-31,112.77,112.8,111.39,111.44,90637900
2010-01-04,112.37,113.39,111.51,113.33,118944600
2010-01-05,113.26,113.68,112.85,113.63,111579900
2010-01-06,113.52,113.99,113.43,113.71,116074400
2010-01-07,113.5,114.33,113.18,114.19,131091100
2010-01-08,113.89,114.62,113.66,114.57,126402800
2010-01-11,115.080002,115.13,114.24,114.73,106375700
2010-01-12,113.97,114.21,113.22,113.66,163333500
2010-01-13,113.95,114.94,113.37,114.62,161822000
2010-01-14,114.49,115.14,114.42,114.93,115718800
2010-01-15,114.73,114.84,113.2,113.64,212283100
2010-01-19,113.62,115.13,113.59,115.059998,139172700
2010-01-20,114.28,114.45,112.98,113.89,216490200
2010-01-21,113.92,114.27,111.56,111.7,344859600
2010-01-22,111.2,111.74,109.089996,109.21,345942400
2010-01-25,110.21,110.41,109.41,109.77,186937500
2010-01-26,109.34,110.47,109.040001,109.31,211168800
2010-01-27,109.17,110.080002,108.33,109.83,271863600
2010-01-28,110.19,110.25,107.91,108.57,316104000
2010-01-29,109.040001,109.8,107.22,107.39,310677600
2010-02-01,108.15,109.07,107.5,109.059998,187865000
2010-02-02,109.26,110.59,108.88,110.38,216327900
2010-02-03,109.88,110.48,109.51,109.83,172730700
2010-02-04,108.98,109.029999,106.42,106.44,356715700
2010-02-05,106.56,106.88,104.58,106.66,493585800
2010-02-08,106.74,107.33,105.81,105.89,224166900
2010-02-09,107.13,108.15,106.27,107.22,337820500
2010-02-10,107.050003,107.6,106.11,107.010002,240511500
2010-02-11,106.87,108.25,106.25,108.13,223591600
2010-02-12,106.99,108.099998,106.51,108.040001,304622100
2010-02-16,108.86,109.85,107.82,109.74,159317500
2010-02-17,110.27,110.41,109.74,110.26,168845100
2010-02-18,110.080002,111.14,110.040001,110.91,193708600
2010-02-19,110.62,111.57,110.36,111.14,222684900
2010-02-22,111.55,111.58,110.83,111.16,132346900
2010-02-23,110.86,111.2,109.52,109.81,207497000
2010-02-24,110.14,111.0,109.86,110.82,176350700
2010-02-25,109.24,110.75,108.94,110.67,259634700
2010-02-26,110.77,111.12,110.11,110.74,173589300
2010-03-01,111.2,112.0,111.17,111.89,147709700
2010-03-02,112.37,112.74,112.0,112.2,160992400
2010-03-03,112.49,112.97,112.019997,112.3,150785000
2010-03-04,112.45,112.8,112.029999,112.64,135770400
2010-03-05,113.37,114.34,113.099998,114.25,176118800
2010-03-08,114.26,114.52,114.07,114.27,114631200
2010-03-09,113.93,114.99,113.87,114.46,154556700
2010-03-10,114.51,115.28,114.41,114.97,186088800
2010-03-11,114.7,115.48,114.35,115.45,160791100
2010-03-12,115.95,115.97,115.14,115.46,162074800
2010-03-15,115.26,115.57,114.6,115.49,146816800
2010-03-16,115.81,116.52,115.49,116.41,168673000
2010-03-17,116.76,117.48,116.42,117.099998,177468100
2010-03-18,117.11,117.27,116.57,117.040001,196509100
2010-03-19,115.97,117.29,115.52,115.97,226641100
2010-03-22,115.31,116.8,115.24,116.59,184477800
2010-03-23,116.76,117.51,116.38,117.41,182941600
2010-03-24,116.97,117.43,115.58,116.84,196072600
2010-03-25,117.63,118.17,116.51,116.65,223396300
2010-03-26,116.87,117.42,116.12,116.58,205808500
2010-03-29,117.17,117.53,116.69,117.32,134513500
2010-03-30,117.46,117.83,116.91,117.4,145772500
2010-03-31,116.95,117.52,116.61,117.0,161078700
2010-04-01,117.8,118.25,117.099998,117.8,161215200
2010-04-05,118.25,118.84,117.92,118.76,105847600
2010-04-06,118.42,119.25,118.29,119.040001,110384200
2010-04-07,118.8,119.36,117.81,118.36,184576300
2010-04-08,117.95,118.97,117.6,118.77,158704000
2010-04-09,119.019997,119.6,118.8,119.55,133006500
2010-04-12,119.7,120.050003,119.56,119.74,110279000
2010-04-13,119.62,120.040001,119.0,119.83,125043600
2010-04-14,120.27,121.19,120.080002,121.19,161609000
2010-04-15,120.99,121.57,120.95,121.29,144615300
2010-04-16,120.86,121.29,118.75,119.36,366786700
2010-04-19,119.010002,119.93,118.47,119.81,217947800
2010-04-20,120.56,120.98,119.87,120.88,157708000
2010-04-21,120.95,121.23,119.99,120.66,192910100
2010-04-22,119.81,121.17,119.12,121.019997,115360300
2010-04-23,120.94,121.86,120.63,121.81,177335500
2010-04-26,121.85,122.12,121.23,121.35,143457300
2010-04-27,120.65,121.34,118.25,118.48,355853300
2010-04-28,119.050003,119.68,118.27,119.38,300674100
2010-04-29,120.099998,121.11,120.07,120.86,193775000
2010-04-30,120.88,121.010002,118.78,118.81,270000900
2010-05-03,119.38,120.68,119.2,120.35,182747900
2010-05-04,119.010002,119.029999,116.92,117.52,360353400
2010-05-05,116.56,117.8,115.97,116.82,328973200
2010-05-06,116.26,117.0,105.0,112.94,647356600
2010-05-07,112.64,113.77,109.41,111.26,637558800
2010-05-10,115.81,116.65,114.91,116.16,396159600
2010-05-11,115.07,117.36,114.91,115.83,317849800
2010-05-12,116.29,117.62,116.089996,117.45,235607100
2010-05-13,117.13,117.68,115.89,115.99,234452500
2010-05-14,115.12,115.33,112.87,113.89,345601400
2010-05-17,114.2,114.52,111.77,113.95,325739800
2010-05-18,114.88,115.22,112.029999,112.4,360556800
2010-05-19,111.77,112.77,110.36,111.76,394742700
2010-05-20,109.38,109.89,107.47,107.54,530418300
2010-05-21,105.91,109.38,105.36,109.11,500909400
2010-05-24,108.52,109.39,107.61,107.71,269823000
2010-05-25,105.11,107.87,104.38,107.82,396505200
2010-05-26,108.48,109.47,106.85,107.17,349719300
2010-05-27,109.19,110.8,108.78,110.76,300870500
2010-05-28,110.64,110.72,108.85,109.37,297933500
2010-06-01,108.35,109.95,107.37,107.53,277909400
2010-06-02,108.080002,110.34,107.51,110.33,240243700
2010-06-03,110.65,111.059998,109.58,110.71,226618300
2010-06-04,108.61,109.33,106.46,106.82,398475600
2010-06-07,107.2,107.61,105.41,105.49,264609100
2010-06-08,105.57,106.83,104.65,106.62,357774300
2010-06-09,107.24,108.28,105.6,106.050003,268023300
2010-06-10,107.86,109.28,106.040001,109.15,317890600
2010-06-11,108.19,109.75,108.12,109.68,214128200
2010-06-14,110.52,111.12,109.4,109.51,207196100
2010-06-15,110.28,112.099998,110.089996,112.0,238268700
2010-06-16,111.42,112.42,111.2,111.96,216374000
2010-06-17,112.28,112.33,111.050003,112.14,263185800
2010-06-18,111.83,112.13,111.37,111.73,174006600
2010-06-21,113.12,113.2,110.79,111.41,213140700
2010-06-22,111.41,111.9,109.41,109.57,239355400
2010-06-23,109.64,110.029999,108.48,109.23,254639900
2010-06-24,108.69,108.83,107.14,107.42,268523600
2010-06-25,107.74,108.42,106.77,107.87,238726500
2010-06-28,108.029999,108.32,107.14,107.53,169218600
2010-06-29,106.019997,107.51,103.55,104.21,373649500
2010-06-30,103.92,104.88,102.88,103.22,284101700
2010-07-01,103.15,103.49,101.13,102.76,382924800
2010-07-02,103.11,103.42,101.62,102.2,233385200
2010-07-06,103.64,104.37,101.88,102.87,256935300
2010-07-07,103.13,106.24,103.019997,106.11,253769400
2010-07-08,107.0,107.28,105.91,107.16,210842100
2010-07-09,107.13,107.97,106.93,107.96,144999900
2010-07-12,107.6,108.24,107.15,108.029999,131283600
2010-07-13,109.15,110.089996,108.93,109.66,213025900
2010-07-14,109.31,110.080002,108.86,109.65,184426800
2010-07-15,109.61,110.059998,108.17,109.68,232337900
2010-07-16,109.089996,109.21,106.45,106.66,282693400
2010-07-19,107.050003,107.63,106.22,107.29,186709000
2010-07-20,105.87,108.56,105.82,108.48,258162400
2010-07-21,109.040001,109.07,106.63,107.07,264527000
2010-07-22,108.34,109.94,108.33,109.46,274781300
2010-07-23,109.24,110.57,108.93,110.41,222020800
2010-07-26,110.6,111.67,110.29,111.56,184445700
2010-07-27,112.17,112.29,111.11,111.55,204855600
2010-07-28,111.32,111.66,110.46,110.83,163056200
2010-07-29,111.52,111.82,109.41,110.29,220149100
2010-07-30,109.17,110.86,108.98,110.27,220070600
2010-08-02,111.99,112.94,111.54,112.76,188263200
2010-08-03,112.48,112.77,111.85,112.22,146657300
2010-08-04,112.53,113.11,112.16,112.97,158171700
2010-08-05,112.25,112.91,112.080002,112.85,140473800
2010-08-06,111.74,112.57,110.92,112.39,239728300
2010-08-09,112.92,113.18,112.32,112.99,120800400
2010-08-10,112.029999,112.98,111.37,112.38,242916300
2010-08-11,110.65,110.69,109.12,109.3,273406900
2010-08-12,107.65,109.019997,107.6,108.63,239542600
2010-08-13,108.29,108.96,108.18,108.31,158698500
2010-08-16,107.57,108.61,107.18,108.26,147895300
2010-08-17,109.19,110.39,108.88,109.59,172270300
2010-08-18,109.54,110.38,108.91,109.79,182922100
2010-08-19,109.22,109.49,107.43,107.88,265847600
2010-08-20,107.56,107.94,106.75,107.53,209714200
2010-08-23,108.040001,108.57,107.07,107.12,163490300
2010-08-24,105.95,106.39,104.97,105.53,280677800
2010-08-25,104.95,106.34,104.29,105.94,272234800
2010-08-26,106.44,106.58,104.88,105.23,224439500
2010-08-27,105.89,106.97,104.31,106.86,272649000
2010-08-30,106.58,106.91,105.3,105.31,167238600
2010-08-31,104.92,105.98,104.49,105.31,273933100
2010-09-01,106.73,108.61,106.66,108.46,256828100
2010-09-02,108.72,109.49,108.49,109.47,156112200
2010-09-03,110.54,110.99,109.95,110.89,212197300
2010-09-07,110.37,110.51,109.55,109.64,141973700
2010-09-08,109.86,110.85,109.81,110.41,149924400
2010-09-09,111.65,111.68,110.62,110.92,147017900
2010-09-10,111.12,111.61,110.87,111.48,127819000
2010-09-13,112.58,112.95,112.13,112.72,178503500
2010-09-14,112.5,113.29,112.080002,112.65,209823600
2010-09-15,112.32,113.21,111.98,113.080002,168608400
2010-09-16,112.73,113.12,112.35,113.050003,199962900
2010-09-17,113.040001,113.15,112.18,112.49,195836900
2010-09-20,112.88,114.46,112.52,114.21,214555200
2010-09-21,114.3,114.84,113.51,113.98,268389100
2010-09-22,113.8,114.44,113.099998,113.42,191322400
2010-09-23,112.49,113.67,112.18,112.5,202354300
2010-09-24,113.75,114.9,113.65,114.82,209671800
2010-09-27,114.86,114.99,114.16,114.27,128761800
2010-09-28,114.42,115.040001,113.18,114.67,209207500
2010-09-29,114.38,114.91,114.019997,114.47,179665800
2010-09-30,115.050003,115.79,113.59,114.13,287106700
2010-10-01,114.99,115.12,113.93,114.61,174638700
2010-10-04,114.37,114.85,113.18,113.75,166153200
2010-10-05,114.8,116.32,114.67,116.040001,229634100
2010-10-06,116.019997,116.33,115.56,116.029999,148626600
2010-10-07,116.5,116.53,115.19,115.89,164860000
2010-10-08,116.050003,116.86,115.61,116.54,177760100
2010-10-11,116.72,116.97,116.25,116.65,103098300
2010-10-12,116.27,117.35,115.65,117.010002,182210000
2010-10-13,117.66,118.55,117.38,117.92,194347200
2010-10-14,117.81,118.010002,116.72,117.46,217764300
2010-10-15,118.28,118.35,116.76,117.7,243705000
2010-10-18,117.74,118.67,117.31,118.28,141204800
2010-10-19,117.19,117.85,116.019997,116.73,280604700
2010-10-20,116.94,118.44,116.87,117.87,200051800
2010-10-21,118.4,119.089996,117.21,118.13,221585500
2010-10-22,118.31,118.53,118.0,118.35,108212400
2010-10-25,119.14,119.76,118.61,118.7,151145700
2010-10-26,118.099998,118.84,117.87,118.72,158982900
2010-10-27,117.89,118.51,117.26,118.38,190024000
2010-10-28,119.059998,119.11,117.83,118.4,168576000
2010-10-29,118.28,118.72,118.07,118.49,144305500
2010-11-01,119.07,119.75,117.85,118.53,174074800
2010-11-02,119.42,119.75,119.099998,119.47,158345900
2010-11-03,119.68,120.019997,118.45,119.95,226702800
2010-11-04,121.28,122.32,119.97,122.26,215039400
2010-11-05,122.34,122.92,122.18,122.72,180654100
2010-11-08,122.34,122.69,121.94,122.49,156107100
2010-11-09,122.82,122.95,121.12,121.61,186621600
2010-11-10,121.58,122.16,120.66,122.099998,221387400
2010-11-11,121.050003,121.82,120.68,121.64,158017600
2010-11-12,120.82,121.35,119.65,120.2,239068800
2010-11-15,120.58,121.050003,119.98,120.029999,163940800
2010-11-16,119.29,119.49,117.59,118.16,299566200
2010-11-17,118.21,118.71,117.86,118.22,172308900
2010-11-18,119.36,120.39,119.35,119.96,197723700
2010-11-19,119.9,120.34,119.25,120.29,156852900
2010-11-22,119.69,120.24,118.77,120.19,181361000
2010-11-23,118.77,119.019997,117.99,118.45,222309000
2010-11-24,119.2,120.23,119.18,120.2,140046100
2010-11-26,119.16,119.81,118.8,118.8,76007800
2010-11-29,118.5,119.48,117.74,119.16,223642300
2010-11-30,117.98,119.17,117.81,118.49,233930700
2010-12-01,120.2,121.24,120.19,121.010002,221037200
2010-12-02,121.2,122.65,121.13,122.56,191213600
2010-12-03,122.14,123.029999,122.11,122.89,151288900
2010-12-06,122.63,123.040001,122.5,122.76,103050500
2010-12-07,123.94,124.010002,122.76,122.83,206581000
2010-12-08,122.98,123.38,122.41,123.28,138019200
2010-12-09,123.97,124.019997,123.15,123.76,123705100
2010-12-10,124.14,124.6,123.73,124.48,117571700
2010-12-13,125.050003,125.2,124.52,124.56,133812700
2010-12-14,124.75,125.23,124.29,124.67,147249600
2010-12-15,124.44,124.93,123.89,124.099998,160823100
2010-12-16,124.18,124.91,123.75,124.82,185035200
2010-12-17,124.080002,124.46,123.82,124.3,141075300
2010-12-20,124.64,124.9,123.98,124.6,119085500
2010-12-21,124.99,125.47,124.87,125.39,94965500
2010-12-22,125.48,125.82,125.41,125.78,78878100
2010-12-23,125.64,125.78,125.29,125.6,70053700
2010-12-27,125.13,125.77,125.040001,125.65,58126000
2010-12-28,125.9,125.95,125.5,125.83,55309100
2010-12-29,125.98,126.2,125.9,125.92,58033100
2010-12-30,125.8,126.13,125.53,125.72,76616900
2010-12-31,125.53,125.87,125.33,125.75,91218900
2011-01-03,126.71,127.6,125.7,127.050003,138725200
2011-01-04,127.33,127.37,126.19,126.98,137409700
2011-01-05,126.58,127.72,126.46,127.64,133975300
2011-01-06,127.69,127.83,127.010002,127.39,122519000
2011-01-07,127.56,127.77,126.15,127.14,156034600
2011-01-10,126.58,127.16,126.2,126.98,122401700
2011-01-11,127.44,127.74,126.95,127.43,110287000
2011-01-12,128.21001,128.72,127.46,128.58,107929200
2011-01-13,128.63,128.69,128.050003,128.37,129048400
2011-01-14,128.19,129.33,128.10001,129.3,117677900
2011-01-18,129.17999,129.64,129.029999,129.52,114401300
2011-01-19,129.41,129.53999,127.91,128.25,151958400
2011-01-20,127.96,128.39999,127.13,128.080002,175745700
2011-01-21,128.88,129.17,128.23,128.37,151462900
2011-01-24,128.28999,129.25,128.25999,129.10001,113715500
2011-01-25,128.75999,129.28,128.11,129.17,167552200
2011-01-26,129.49001,130.050003,129.23,129.67,141281500
2011-01-27,129.7,130.21001,129.47,129.99001,123302700
2011-01-28,130.14,130.35001,127.51,127.72,295637300
2011-01-31,128.070007,128.78,127.75,128.67999,149249200
2011-02-01,129.46001,130.97,129.38,130.74001,167194300
2011-02-02,130.39999,130.84,130.33,130.49001,118323600
2011-02-03,130.25999,130.98,129.57001,130.78,145886700
2011-02-04,130.83,131.2,130.23,131.14999,134634800
2011-02-07,131.44,132.39999,131.42999,131.97,112439100
2011-02-08,132.089996,132.64,131.73,132.57001,99072800
2011-02-09,132.21001,132.63,131.61,132.27,146436700
2011-02-10,131.60001,132.47,131.3,132.32001,162708500
2011-02-11,131.8,133.28,131.77,133.11,137710300
2011-02-14,133.029999,133.53999,132.88,133.42999,101690700
2011-02-15,133.020004,133.22,132.32001,133.0099945,119575400
2011-02-16,133.46001,134.0099945,133.19,133.85001,130183500
2011-02-17,133.46001,134.42999,133.34,134.25,109810500
2011-02-18,134.37,134.69,134.059998,134.53,130002400
2011-02-22,133.12,134.56,131.47,131.83,233116400
2011-02-23,131.75,132.070007,130.21001,131.020004,227584000
2011-02-24,130.88,131.44,129.7,130.92999,260431400
2011-02-25,131.48,132.41,131.39999,132.33,141686900
2011-02-28,132.82001,133.32001,132.38,133.14999,141585500
2011-03-01,133.57001,133.69,130.89,130.92999,258565500
2011-03-02,130.75,131.82001,130.35001,131.21001,200277400
2011-03-03,132.39999,133.62,132.39,133.47,176480100
2011-03-04,133.37,133.63,131.60001,132.47,277202300
2011-03-07,132.86,133.16,130.74001,131.42999,216790400
2011-03-08,131.64,133.0,131.070007,132.58,174615000
2011-03-09,132.32001,132.8,131.60001,132.39,153806000
2011-03-10,131.0,131.17999,129.81,129.94,301291800
2011-03-11,129.52,131.31,129.49001,130.84,225621800
2011-03-14,129.99001,130.48,129.059998,130.050003,234974100
2011-03-15,126.59,129.33,126.5,128.56,359585400
2011-03-16,128.14999,128.57001,125.28,126.18,468670300
2011-03-17,128.0,128.39,127.099998,127.85,254303700
2011-03-18,128.84,128.88,127.51,127.76,230435400
2011-03-21,129.35001,130.0099945,129.2,129.74001,153992600
2011-03-22,129.72,129.89,129.17,129.28999,129538600
2011-03-23,128.92999,130.0,128.32001,129.66,148603100
2011-03-24,130.39999,131.089996,129.67,130.89999,159129800
2011-03-25,131.24001,131.87,130.89,131.3,155642800
2011-03-28,131.58,131.92,130.94,130.98,109762400
2011-03-29,130.87,131.89999,130.44,131.86,129798800
2011-03-30,132.55,133.16,132.36,132.77,135835000
2011-03-31,132.60001,132.96001,132.45,132.59,132537100
2011-04-01,133.41,133.77,132.83,133.14999,153850100
2011-04-04,133.42999,133.67,132.88,133.25999,100768900
2011-04-05,133.0,133.83,132.94,133.24001,120791500
2011-04-06,133.88,134.0,133.12,133.66,120411600
2011-04-07,133.42,133.98,132.66,133.32001,170731500
2011-04-08,133.91,133.99001,132.31,132.86,147945400
2011-04-11,133.0,133.45,132.14,132.46001,121385400
2011-04-12,131.72,131.98,130.99001,131.47,161187400
2011-04-13,132.080002,132.17999,130.96001,131.46001,162059000
2011-04-14,130.7,131.75999,130.27,131.56,161220400
2011-04-15,131.8,132.37,131.41,132.039993,170006700
2011-04-18,130.59,132.029999,129.50999,130.56,210759300
2011-04-19,130.75999,131.35001,130.44,131.31,124258800
2011-04-20,132.88,133.39,132.78999,133.10001,156133800
2011-04-21,133.78999,133.84,133.10001,133.78,135935400
2011-04-25,133.67999,133.86,133.2,133.64,65757100
2011-04-26,134.050003,135.059998,133.91,134.78999,146600000
2011-04-27,135.050003,135.87,134.5,135.67,143031000
2011-04-28,135.42999,136.28999,135.41,136.11,124791100
2011-04-29,136.16,136.57001,135.98,136.42999,115094100
2011-05-02,137.070007,137.17999,135.95,136.22,126278700
2011-05-03,135.96001,136.19,135.039993,135.73,138375000
2011-05-04,135.67,135.73,134.23,134.83,182678500
2011-05-05,134.080002,134.95,133.020004,133.61,226900000
2011-05-06,134.94,135.63,133.67999,134.2,222787200
2011-05-09,134.19,135.11,133.98,134.72,114104500
2011-05-10,135.17,136.11,135.0,135.87,114806900
2011-05-11,135.67,135.69,133.82001,134.44,193564200
2011-05-12,134.080002,135.36,133.39,135.080002,171550700
2011-05-13,135.14999,135.34,133.56,134.039993,157444900
2011-05-16,133.56,134.61,132.97,133.19,141675400
2011-05-17,132.69,133.35001,132.12,133.17,192686200
2011-05-18,133.24001,134.5,132.95,134.36,135217900
2011-05-19,134.8,135.029999,133.94,134.67999,119489500
2011-05-20,134.33,134.67999,133.36,133.61,182594900
2011-05-23,131.98,132.72,131.59,132.059998,168700000
2011-05-24,132.44,132.73,131.7,131.95,147199600
2011-05-25,131.42,132.94,131.38,132.39,151050100
2011-05-26,132.029999,133.24001,131.78,133.0,164850000
2011-05-27,133.37,133.87,132.96001,133.50999,120921900
2011-05-31,134.77,134.92,133.84,134.89999,164731200
2011-06-01,134.50999,134.92,131.75999,131.87,233094300
2011-06-02,131.96001,132.24001,130.96001,131.73,200466800
2011-06-03,130.14999,131.42,130.080002,130.42,234690200
2011-06-06,130.089996,130.36,128.87,129.039993,179951200
2011-06-07,129.7,130.070007,128.85001,128.96001,161660500
2011-06-08,128.75999,129.19,128.17999,128.42,198696400
2011-06-09,128.77,129.92999,128.46001,129.39999,160964400
2011-06-10,128.85001,128.92999,127.26,127.6,238629400
2011-06-13,127.89,128.24001,127.050003,127.7,207599800
2011-06-14,128.87,129.77,128.82001,129.32001,160570400
2011-06-15,128.24001,129.3,126.68,127.019997,300958000
2011-06-16,127.059998,127.97,126.32,127.3,308032800
2011-06-17,127.93,127.94,126.62,127.050003,233284900
2011-06-20,126.62,127.97,126.58,127.7,159479000
2011-06-21,128.36,129.7,127.75,129.45,193157300
2011-06-22,129.050003,129.81,128.59,128.67,176703000
2011-06-23,127.16,128.64,126.19,128.3,334286500
2011-06-24,128.27,128.37,126.62,126.81,226129300
2011-06-27,126.89,128.42999,126.64,127.94,168904700
2011-06-28,128.45,129.63,128.27,129.61,165556300
2011-06-29,130.2,130.92999,129.63,130.72,244295500
2011-06-30,131.14,132.17999,130.71001,131.97,223322700
2011-07-01,132.089996,134.10001,131.78,133.92,202385700
2011-07-05,133.78,134.080002,133.39,133.81,165936000
2011-07-06,133.49001,134.14,133.11,133.97,143331600
2011-07-07,135.16,135.7,134.88,135.36,170464200
2011-07-08,133.83,135.36,133.39,134.39999,194100500
2011-07-11,132.75,133.17999,131.66,131.97,195918600
2011-07-12,131.69,132.78,131.36,131.39999,214675700
2011-07-13,132.089996,133.22,131.52,131.84,204062600
2011-07-14,132.17,132.78,130.67999,130.92999,226111800
2011-07-15,131.66,131.87,130.77,131.69,220012800
2011-07-18,131.080002,131.28,129.63,130.61,196872100
2011-07-19,131.34,132.89,131.31,132.73,166554900
2011-07-20,133.070007,133.14999,132.42,132.64999,137145400
2011-07-21,133.39999,134.82001,132.67,134.49001,245246300
2011-07-22,134.52,134.72,133.75999,134.58,126019400
2011-07-25,133.3,134.49001,133.16,133.83,136653800
2011-07-26,133.74001,133.96001,133.029999,133.33,131278200
2011-07-27,132.59,132.63,130.42999,130.60001,249020100
2011-07-28,130.60001,131.77,130.0099945,130.22,207939900
2011-07-29,128.91,130.55,127.97,129.33,307038400
2011-08-01,130.84,130.96001,127.53,128.78,325790900
2011-08-02,127.81,128.5,125.49,125.49,346653800
2011-08-03,125.66,126.31,123.53,126.17,370830800
2011-08-04,124.42,124.62,120.059998,120.26,520721800
2011-08-05,121.76,122.07,116.86,120.080002,655619200
2011-08-08,116.91,120.12,112.019997,112.26,702263900
2011-08-09,114.07,117.64,110.27,117.48,717828700
2011-08-10,115.26,116.28,111.95,112.29,662607400
2011-08-11,113.26,118.92,112.32,117.33,487979700
2011-08-12,118.4,119.21,117.28,118.12,313731600
2011-08-15,119.19,120.74,119.0,120.62,258810600
2011-08-16,119.47,120.69,118.31,119.59,294095200
2011-08-17,120.25,121.2,118.72,119.67,238201100
2011-08-18,116.5,119.71,113.39,114.51,512956300
2011-08-19,112.96,115.88,112.5,112.64,428281300
2011-08-22,115.17,115.23,112.41,112.73,275090600
2011-08-23,113.15,116.57,112.58,116.44,331136600
2011-08-24,116.19,118.24,115.92,118.080002,246869700
2011-08-25,118.73,119.4,115.87,116.28,312365400
2011-08-26,115.69,118.51,113.85,117.97,314495900
2011-08-29,119.56,121.43,118.059998,121.36,190977200
2011-08-30,120.83,122.43,119.26,121.68,241315700
2011-08-31,122.46,123.51,121.3,122.22,301828400
2011-09-01,122.29,123.4,120.78,120.94,254585900
2011-09-02,118.42,120.87,117.43,117.85,255517200
2011-09-06,114.39,117.16,114.38,116.99,285130500
2011-09-07,118.76,120.34,118.36,120.29,209803200
2011-09-08,119.57,120.94,118.77,119.040001,250568200
2011-09-09,117.68,119.059998,115.28,115.92,380195100
2011-09-12,114.47,116.76,114.050003,116.67,305793500
2011-09-13,117.050003,118.18,116.22,117.74,272514700
2011-09-14,118.34,120.8,116.72,119.37,319389500
2011-09-15,120.65,121.47,119.4,121.43,326777200
2011-09-16,121.29,121.97,120.32,121.52,284528300
2011-09-19,119.53,120.93,118.72,120.31,241517000
2011-09-20,120.82,121.99,120.010002,120.17,218932200
2011-09-21,120.23,120.6,116.44,116.63,316251300
2011-09-22,113.25,114.21,111.3,112.86,513911300
2011-09-23,112.11,114.16,112.019997,113.54,307242500
2011-09-26,114.61,116.4,112.98,116.24,260673700
2011-09-27,118.53,119.56,116.84,117.54,311753900
2011-09-28,117.78,118.49,114.97,115.14,286696800
2011-09-29,117.050003,117.63,113.93,116.050003,298108900
2011-09-30,114.45,115.45,113.07,113.15,288392300
2011-10-03,112.49,113.95,109.81,109.93,365136800
2011-10-04,108.35,112.58,107.43,112.34,459177500
2011-10-05,112.62,114.72,111.58,114.42,284108000
2011-10-06,114.36,116.66,113.51,116.49,257800800
2011-10-07,117.17,117.25,115.059998,115.71,312657900
2011-10-10,117.68,119.63,117.67,119.58,230666300
2011-10-11,118.87,120.040001,118.75,119.7,209088000
2011-10-12,120.6,122.14,120.33,120.75,281544900
2011-10-13,120.040001,120.87,119.12,120.51,212538800
2011-10-14,121.91,122.6,121.23,122.57,211397600
2011-10-17,121.99,122.55,119.93,120.23,202311600
2011-10-18,120.14,123.5,119.2,122.58,318857900
2011-10-19,122.38,123.080002,120.71,121.13,226601300
2011-10-20,121.43,122.099998,119.82,121.66,262075600
2011-10-21,123.089996,124.12,122.72,123.97,278999400
2011-10-24,124.17,125.8,124.059998,125.49,203215600
2011-10-25,124.89,124.95,122.78,123.050003,268596800
2011-10-26,124.35,124.77,122.21,124.3,289053800
2011-10-27,127.63,129.42,126.61,128.63,393220200
2011-10-28,128.0,128.85001,127.8,128.60001,225906500
2011-10-31,127.16,128.62,125.32,125.5,228146700
2011-11-01,122.029999,123.51,121.52,122.0,416565800
2011-11-02,123.83,124.4,122.79,123.99,244717600
2011-11-03,125.27,126.5,123.6,126.25,291174800
2011-11-04,125.23,125.7,124.010002,125.48,249401600
2011-11-07,125.39,126.39,124.2,126.26,196617200
2011-11-08,126.92,128.020004,125.71,127.88,224426300
2011-11-09,124.89,125.8,122.86,123.16,337982000
2011-11-10,124.79,124.94,123.019997,124.32,231866500
2011-11-11,125.83,126.99,125.79,126.66,189924400
2011-11-14,126.19,127.45,124.92,125.46,159258300
2011-11-15,125.17,126.75,124.72,126.080002,184709400
2011-11-16,124.81,126.34,123.9,124.080002,235782500
2011-11-17,123.85,124.16,121.23,122.11,331219600
2011-11-18,122.5,122.75,121.47,121.98,215580400
2011-11-21,120.2,120.35,118.65,119.66,229611600
2011-11-22,119.4,120.099998,118.52,119.19,216494900
2011-11-23,118.07,119.19,116.56,116.56,224329100
2011-11-25,116.38,117.7,116.2,116.34,99557000
2011-11-28,119.54,120.18,118.82,119.71,210686000
2011-11-29,120.050003,121.0,119.61,120.050003,199241500
2011-11-30,123.49,125.22,120.0,124.99,324439500
2011-12-01,124.85,125.64,124.43,124.97,176954800
2011-12-02,126.12,126.5,124.78,124.86,221109700
2011-12-05,126.84,127.18,125.44,126.22,225263900
2011-12-06,126.21,127.11,125.76,126.26,178842100
2011-12-07,125.84,127.26,124.97,126.73,237802500
2011-12-08,125.9,126.18,123.65,123.95,240862800
2011-12-09,124.51,126.37,124.4,126.050003,209111400
2011-12-12,124.95,124.97,123.16,124.21,215826100
2011-12-13,124.86,125.57,122.45,123.050003,245159800
2011-12-14,122.56,123.029999,121.47,121.74,238618800
2011-12-15,123.029999,123.2,121.99,122.18,199109200
2011-12-16,122.23,122.95,121.3,121.59,220481400
2011-12-19,122.059998,122.32,120.029999,120.29,183903000
2011-12-20,122.18,124.14,120.37,123.93,225418100
2011-12-21,123.93,124.36,122.75,124.17,194230900
2011-12-22,124.63,125.4,124.23,125.27,119465400
2011-12-23,125.67,126.43,125.41,126.39,92187200
2011-12-27,126.17,126.82,126.059998,126.49,86075700
2011-12-28,126.51,126.53,124.73,124.83,119107100
2011-12-29,125.24,126.25,124.86,126.12,123507200
2011-12-30,126.019997,126.33,125.5,125.5,95599000
2012-01-03,127.76,128.38,127.43,127.5,193697900
2012-01-04,127.2,127.81,126.71,127.7,127186500
2012-01-05,127.010002,128.23,126.43,128.039993,173895000
2012-01-06,128.2,128.22,127.29,127.71,148050000
2012-01-09,128.0,128.17999,127.41,128.020004,99530200
2012-01-10,129.39,129.64999,128.95,129.13,115282000
2012-01-11,128.73,129.37,128.52,129.2,111540700
2012-01-12,129.57001,129.7,128.53999,129.50999,118983700
2012-01-13,128.64,129.050003,127.72,128.84,179836200
2012-01-17,130.080002,130.32001,128.89999,129.34,132209200
2012-01-18,129.31,130.84,129.080002,130.77,163395200
2012-01-19,131.22,131.57001,130.8,131.46001,126328900
2012-01-20,131.24001,131.95,130.92,131.95,138230200
2012-01-23,131.50999,132.25,130.98,131.61,129295800
2012-01-24,130.8,131.5,130.60001,131.46001,103083300
2012-01-25,131.25999,132.87,130.75,132.56,198613200
2012-01-26,133.14999,133.39999,131.36,131.88,184880500
2012-01-27,131.24001,132.050003,131.14999,131.82001,135259100
2012-01-30,130.50999,131.44,130.059998,131.37,147311800
2012-01-31,132.020004,132.17999,130.67999,131.32001,157212000
2012-02-01,132.28999,133.14,132.13,132.47,166234500
2012-02-02,132.73,133.020004,132.21001,132.67999,113090400
2012-02-03,134.0,134.62,133.77,134.53999,160598500
2012-02-06,133.98,134.50999,133.83,134.45,107694500
2012-02-07,134.17,135.020004,133.64,134.78999,135528100
2012-02-08,134.86,135.22,134.31,135.19,139361400
2012-02-09,135.41,135.59,134.56,135.36,148602900
2012-02-10,134.16,134.47,133.84,134.36,167907500
2012-02-13,135.32001,135.52,134.74001,135.36,115841900
2012-02-14,135.0,135.27,134.25,135.19,165329500
2012-02-15,135.63,135.83,134.28999,134.56,195195100
2012-02-16,134.57001,136.17,134.33,136.050003,186567800
2012-02-17,136.52,136.63,135.96001,136.41,129869400
2012-02-21,136.73,137.050003,136.050003,136.47,134042300
2012-02-22,136.25999,136.55,135.78999,136.029999,124455300
2012-02-23,135.96001,136.73,135.5,136.63,137704300
2012-02-24,136.92999,137.2,136.63,136.92999,105539100
2012-02-27,136.020004,137.53,135.8,137.16,145728900
2012-02-28,137.2,137.72,136.92999,137.56,129355900
2012-02-29,137.75999,138.19,136.53999,137.020004,185934700
2012-03-01,137.31,137.99001,136.92999,137.73,145023500
2012-03-02,137.64,137.82001,137.0,137.31,120638300
2012-03-05,137.10001,137.2,136.28,136.75,140765000
2012-03-06,135.35001,135.42999,134.36,134.75,202129900
2012-03-07,135.059998,135.91,134.92999,135.69,143692200
2012-03-08,136.52,137.32001,136.24001,137.039993,116968900
2012-03-09,137.3,137.92999,137.13,137.57001,122836800
2012-03-12,137.55,137.75999,137.089996,137.58,104003500
2012-03-13,138.32001,140.13,138.089996,140.059998,184090500
2012-03-14,140.10001,140.45,139.48,139.91,145163600
2012-03-15,140.12,140.78,139.75999,140.72,165118500
2012-03-16,140.36,140.48,140.0,140.3,152893500
2012-03-19,140.21001,141.28,140.11,140.85001,125291100
2012-03-20,140.050003,140.61,139.64,140.44,121729700
2012-03-21,140.52,140.64999,139.92,140.21001,122388400
2012-03-22,139.17999,139.55,138.74001,139.2,135216700
2012-03-23,139.32001,139.81,138.55,139.64999,120521000
2012-03-26,140.64999,141.61,140.60001,141.61,120164000
2012-03-27,141.74001,141.83,141.080002,141.17,119868500
2012-03-28,141.10001,141.32001,139.64,140.47,148562100
2012-03-29,139.64,140.49001,139.089996,140.23,164963700
2012-03-30,140.92,141.050003,140.050003,140.81,135486800
2012-04-02,140.64,142.21001,140.36,141.84,151741100
2012-04-03,141.64,141.88,140.42999,141.25999,155806700
2012-04-04,140.22,140.34,139.34,139.86,146896000
2012-04-05,139.38,140.2,139.25999,139.78999,137439400
2012-04-09,138.029999,139.84,137.84,138.22,127555900
2012-04-10,137.95,138.34,135.75999,135.89999,235360300
2012-04-11,137.28999,137.53999,136.75,137.0,154133000
2012-04-12,137.13,138.89999,137.029999,138.78999,154321500
2012-04-13,138.47,138.82001,137.0099945,137.14,169246700
2012-04-16,137.84,138.039993,136.58,137.050003,147825300
2012-04-17,137.84,139.36,137.7,139.080002,147877600
2012-04-18,138.46001,139.080002,138.38,138.61,123884200
2012-04-19,138.63,139.14999,137.070007,137.72,198666700
2012-04-20,138.33,138.83,137.87,137.95,143199600
2012-04-23,136.53999,136.91,135.94,136.78999,171844900
2012-04-24,136.91,137.66,136.8,137.31,137484200
2012-04-25,138.64999,139.25,138.53,139.19,150252200
2012-04-26,138.89,140.32001,138.81,140.16,136291600
2012-04-27,140.58,140.78999,139.8,140.39,130725000
2012-04-30,140.11,140.21001,139.49001,139.87,115092200
2012-05-01,139.78999,141.66,139.63,140.74001,138832200
2012-05-02,139.92,140.46001,139.46001,140.32001,121081000
2012-05-03,140.34,140.45,138.99001,139.25,143759700
2012-05-04,138.52,139.3,136.92,137.0,193927300
2012-05-07,136.50999,137.56,136.46001,137.10001,127765900
2012-05-08,136.28,136.77,134.92,136.55,213377700
2012-05-09,135.10001,136.61,134.49001,135.74001,220752500
2012-05-10,136.67999,136.85001,135.71001,136.020004,150600000
2012-05-11,135.17,136.87,135.11,135.61,153032400
2012-05-14,134.31,135.61,133.91,134.11,163910000
2012-05-15,134.020004,134.81,133.13,133.34,207629300
2012-05-16,133.94,134.55,132.8,132.83,207265500
2012-05-17,132.86,133.020004,130.78999,130.86,247992900
2012-05-18,131.37,131.60001,129.55,129.74001,319615900
2012-05-21,130.16,132.020004,129.95,131.97,177861100
2012-05-22,132.31,133.23,131.34,132.2,197531200
2012-05-23,131.25,132.46001,129.99001,132.27,204958400
2012-05-24,132.63,132.84,131.42,132.53,167357600
2012-05-25,132.48,132.85001,131.78,132.10001,135465600
2012-05-29,133.16,133.92999,131.17,133.7,152883500
2012-05-30,132.56,133.69,131.49001,131.75999,162370400
2012-05-31,131.71001,132.45,130.34,131.47,196186000
2012-06-01,129.41,131.5,128.16,128.16,253240900
2012-06-04,128.39,128.74001,127.14,128.10001,202545800
2012-06-05,127.85,129.25999,127.78,129.070007,164149400
2012-06-06,129.97,132.029999,129.92999,131.97,184202800
2012-06-07,133.47,133.53,131.78,132.050003,184772700
2012-06-08,131.71001,133.13,131.28999,133.10001,143915400
2012-06-11,134.17,134.25,131.28,131.41,169756100
2012-06-12,131.78999,133.0099945,131.16,132.92,181931800
2012-06-13,132.53,133.36,131.62,132.070007,172223900
2012-06-14,132.34,134.0,131.98,133.47,230615500
2012-06-15,133.38,134.25999,133.10001,134.14,169444500
2012-06-18,133.58,134.73,133.28,134.39999,131360900
2012-06-19,135.080002,136.25,134.37,135.7,137382600
2012-06-20,135.71001,136.10001,134.27,135.48,206451800
2012-06-21,135.64,135.78,132.33,132.44,205272200
2012-06-22,133.13,133.71001,132.62,133.46001,130029200
2012-06-25,132.050003,132.10001,130.85001,131.32001,146375700
2012-06-26,131.7,132.38,130.92999,131.98,141634000
2012-06-27,132.42,133.42999,131.97,133.17,108088000
2012-06-28,132.28999,132.99001,131.28,132.78999,169242100
2012-06-29,135.2,136.27,134.85001,136.10001,212250900
2012-07-02,136.48,136.64999,135.52,136.50999,129524500
2012-07-03,136.48,137.50999,136.34,137.41,80450000
2012-07-05,136.89999,137.8,136.28999,136.78999,126177500
2012-07-06,135.47,135.77,134.85001,135.49001,151192100
2012-07-09,135.38,135.57001,134.7,135.32001,103780500
2012-07-10,136.0099945,136.23,133.67999,134.14,167884800
2012-07-11,134.21001,134.60001,133.38,134.16,141733400
2012-07-12,133.38,134.23,132.60001,133.50999,143583200
2012-07-13,133.86,135.89,133.84,135.75,129642600
2012-07-16,135.44,135.83,134.89999,135.42999,97525200
2012-07-17,135.97,136.64,134.55,136.36,138860300
2012-07-18,136.039993,137.64,135.96001,137.37,113349700
2012-07-19,137.64999,138.17999,137.21001,137.73,129847300
2012-07-20,136.95,137.16,136.32001,136.47,142904500
2012-07-23,134.47,136.38,133.84,135.089996,145210900
2012-07-24,135.19,135.25,133.029999,133.92999,173301200
2012-07-25,134.21001,134.56,133.25,133.96001,129122300
2012-07-26,135.89,136.46001,135.25999,136.17,156526500
2012-07-27,136.89,139.070007,136.14,138.67999,236768900
2012-07-30,138.52,139.34,138.27,138.67999,106782000
2012-07-31,138.49001,138.87,137.71001,137.71001,120575900
2012-08-01,138.7,138.73,137.39999,137.59,138293800
2012-08-02,136.55,137.57001,135.58,136.64,199556600
2012-08-03,138.56,139.64,136.67999,139.35001,157825000
2012-08-06,139.72,140.17,139.56,139.62,86326200
2012-08-07,140.17999,140.92,140.029999,140.32001,109545100
2012-08-08,139.85001,140.64999,139.81,140.49001,89754700
2012-08-09,140.28999,140.89,140.14999,140.61,90291700
2012-08-10,140.039993,140.89,139.81,140.84,99792700
2012-08-13,140.60001,140.84,140.039993,140.77,79426900
2012-08-14,141.28999,141.38,140.37,140.78999,102379400
2012-08-15,140.64,141.19,140.55,140.95,71085900
2012-08-16,141.14999,142.16,140.8,141.99001,112014200
2012-08-17,142.23,142.3,141.86,142.17999,90813700
2012-08-20,141.98,142.22,141.59,142.19,78255700
2012-08-21,142.53999,143.089996,141.45,141.75999,105581100
2012-08-22,141.39999,142.050003,141.070007,141.82001,133243500
2012-08-23,141.47,141.48,140.44,140.66,111466400
2012-08-24,140.31,141.83,140.22,141.50999,99481200
2012-08-27,141.89,142.080002,141.34,141.53999,68785900
2012-08-28,141.17999,141.84,140.97,141.39999,75689600
2012-08-29,141.52,141.89,141.12,141.50999,65421300
2012-08-30,140.89999,140.94,140.19,140.49001,96589900
2012-08-31,141.28999,141.82001,140.36,141.16,151970400
2012-09-04,141.039993,141.46001,140.13,141.029999,120226200
2012-09-05,141.089996,141.47,140.63,140.91,100660300
2012-09-06,141.75999,143.78,141.75,143.77,158272500
2012-09-07,144.0099945,144.39,143.88,144.33,107272100
2012-09-10,144.19,144.44,143.46001,143.50999,86458500
2012-09-11,143.60001,144.37,143.56,143.91,88760000
2012-09-12,144.39,144.55,143.89999,144.39,87640900
2012-09-13,144.37,147.039993,143.99001,146.59,225470200
2012-09-14,146.88,148.11,146.75999,147.24001,169777000
2012-09-17,146.94,147.19,146.37,146.74001,119427800
2012-09-18,146.49001,146.81,146.25,146.62,98326600
2012-09-19,146.78999,147.17,146.41,146.7,128318300
2012-09-20,146.029999,146.78999,145.63,146.71001,154009800
2012-09-21,146.64,146.67,145.81,145.87,108737500
2012-09-24,145.14999,145.98,145.039993,145.64999,95682000
2012-09-25,145.96001,146.24001,144.059998,144.10001,133165200
2012-09-26,144.070007,144.11,142.95,143.28999,146502200
2012-09-27,143.89,144.97,143.50999,144.64,111830300
2012-09-28,144.089996,144.56,143.46001,143.97,150696100
2012-10-01,144.52,145.69,144.0099945,144.35001,135911200
2012-10-02,144.92,145.14999,143.83,144.5,113422200
2012-10-03,144.89,145.42999,144.13,145.089996,121283100
2012-10-04,145.64,146.34,145.44,146.13,124311600
2012-10-05,146.91,147.16,145.7,146.14,124842100
2012-10-08,145.60001,146.12,145.31,145.64,78415400
2012-10-09,145.53,145.64999,144.14999,144.2,148872900
2012-10-10,144.17999,144.32001,143.089996,143.28,124247500
2012-10-11,144.28,144.49001,143.33,143.36,123601500
2012-10-12,143.46001,143.95,142.58,142.89,124181900
2012-10-15,143.23,144.23,142.77,144.080002,107689100
2012-10-16,144.75999,145.64,144.66,145.53999,108815500
2012-10-17,145.64,146.32001,145.42,146.2,128834100
2012-10-18,145.82001,146.52,145.33,145.82001,148108500
2012-10-19,145.55,145.56,143.050003,143.39,185645200
2012-10-22,143.14999,143.67,142.28,143.41,125578600
2012-10-23,141.86,142.059998,140.83,141.42,192056300
2012-10-24,141.92999,142.10001,140.8,141.020004,120179400
2012-10-25,142.020004,142.28,140.57001,141.42999,134457400
2012-10-26,141.3,141.84,140.39,141.35001,146023500
2012-10-31,141.85001,142.029999,140.67999,141.35001,103438500
2012-11-01,141.64999,143.0099945,141.52,142.83,100995600
2012-11-02,143.67999,143.72,141.41,141.56,137702200
2012-11-05,141.35001,142.17,140.92999,141.85001,98378500
2012-11-06,142.28,143.52,142.13,142.96001,107068100
2012-11-07,141.66,141.67999,139.059998,139.72,264304500
2012-11-08,139.7,140.41,137.92999,138.039993,181517300
2012-11-09,137.62,139.44,137.55,138.16,201055300
2012-11-12,138.59,138.81,137.96001,138.27,97677500
2012-11-13,137.53999,139.25,137.36,137.78999,123018300
2012-11-14,138.21001,138.42999,135.62,135.92999,191505000
2012-11-15,135.98,136.49001,135.17999,135.7,178128400
2012-11-16,135.89999,136.64,134.7,136.37,239483900
2012-11-19,137.89999,139.14999,136.41,139.13,151495800
2012-11-20,138.91,139.42,138.080002,139.19,119807400
2012-11-21,139.31,139.57001,139.029999,139.45,81710800
2012-11-23,140.13,141.39999,140.039993,141.35001,65409200
2012-11-26,140.64999,141.36,140.19,141.050003,100124400
2012-11-27,140.91,141.39,140.24001,140.33,128646200
2012-11-28,139.75999,141.53999,139.0,141.46001,177086500
2012-11-29,141.99001,142.50999,141.37,142.12,151085900
2012-11-30,142.14,142.42,141.66,142.14999,136568300
2012-12-03,142.8,142.92,141.34,141.45,124656300
2012-12-04,141.44,141.87,140.87,141.25,127512200
2012-12-05,141.37,142.16,140.37,141.5,147300500
2012-12-06,141.37,142.039993,141.16,141.98,103220600
2012-12-07,142.53,142.69,141.67,142.41,108726400
2012-12-10,142.21001,142.81,142.14999,142.47,98840700
2012-12-11,143.059998,144.11,142.99001,143.44,152570400
2012-12-12,144.0,144.55,143.31,143.50999,145880100
2012-12-13,143.42,143.83,142.27,142.63,135715000
2012-12-14,142.32001,142.58,141.88,142.10001,137701700
2012-12-17,142.47,143.85001,142.42999,143.77,143238200
2012-12-18,144.0,145.5,143.78999,145.37,177762800
2012-12-19,145.53,145.58,144.24001,144.28999,150895400
2012-12-20,144.38,145.14,143.98,145.12,168487000
2012-12-21,142.17,144.089996,141.94,142.78999,245883800
2012-12-24,142.48,142.56,142.19,142.35001,53874600
2012-12-26,142.64,142.71001,141.35001,141.75,106947700
2012-12-27,141.78999,142.080002,139.92,141.56,167920600
2012-12-28,140.64,141.42,139.87,140.029999,148806700
2012-12-31,139.66,142.56,139.53999,142.41,243935200
2013-01-02,145.11,146.14999,144.73,146.059998,192059000
2013-01-03,145.99001,146.37,145.34,145.73,144761800
2013-01-04,145.97,146.61,145.67,146.37,116817700
2013-01-07,145.85001,146.11,145.42999,145.97,110002500
2013-01-08,145.71001,145.91,144.98,145.55,121265100
2013-01-09,145.87,146.32001,145.64,145.92,90745600
2013-01-10,146.73,147.089996,145.97,147.080002,130735400
2013-01-11,147.039993,147.14999,146.61,147.070007,113917300
2013-01-14,146.89,147.070007,146.42999,146.97,89567200
2013-01-15,146.28999,147.21001,146.2,147.070007,93172600
2013-01-16,146.77,147.28,146.61,147.050003,104849500
2013-01-17,147.7,148.42,147.14999,148.0,133833500
2013-01-18,147.97,148.49001,147.42999,148.33,169906000
2013-01-22,148.33,149.13,147.98,149.13,111797300
2013-01-23,149.13,149.5,148.86,149.37,104596100
2013-01-24,149.14999,150.14,149.0099945,149.41,146426400
2013-01-25,149.88,150.25,149.37,150.25,147211600
2013-01-28,150.28999,150.33,149.50999,150.070007,113357700
2013-01-29,149.77,150.85001,149.67,150.66,105694400
2013-01-30,150.64,150.94,149.92999,150.070007,137447700
2013-01-31,149.89,150.38,149.60001,149.7,108975800
2013-02-01,150.64999,151.42,150.39,151.24001,131173000
2013-02-04,150.32001,151.27,149.42999,149.53999,159073600
2013-02-05,150.35001,151.48,150.28999,151.050003,113912400
2013-02-06,150.52,151.25999,150.41,151.16,138762800
2013-02-07,151.21001,151.35001,149.86,150.96001,162490000
2013-02-08,151.22,151.89,151.22,151.8,103133700
2013-02-11,151.74001,151.89999,151.39,151.77,73775000
2013-02-12,151.78,152.3,151.61,152.020004,65392700
2013-02-13,152.33,152.61,151.72,152.14999,82322600
2013-02-14,151.69,152.47,151.52,152.28999,80834300
2013-02-15,152.42999,152.59,151.55,152.11,215226500
2013-02-19,152.37,153.28,152.16,153.25,95105400
2013-02-20,153.14,153.19,151.25999,151.34,160574800
2013-02-21,150.96001,151.42,149.94,150.42,183257000
2013-02-22,151.14999,151.89,150.49001,151.89,106356600
2013-02-25,152.63,152.86,149.0,149.0,245824800
2013-02-26,149.72,150.2,148.73,150.020004,186596200
2013-02-27,149.89,152.33,149.75999,151.91,150781900
2013-02-28,151.89999,152.87,151.41,151.61,126866000
2013-03-01,151.089996,152.34,150.41,152.11,170634800
2013-03-04,151.75999,152.92,151.52,152.92,99010200
2013-03-05,153.66,154.7,153.64,154.28999,121431900
2013-03-06,154.84,154.92,154.16,154.5,94469900
2013-03-07,154.7,154.98,154.52,154.78,86101400
2013-03-08,155.46001,155.64999,154.66,155.44,123477800
2013-03-11,155.32001,156.039993,155.13,156.029999,83746800
2013-03-12,155.92,156.10001,155.21001,155.67999,105755800
2013-03-13,155.75999,156.12,155.23,155.89999,92550900
2013-03-14,156.31,156.8,155.91,156.73,126329900
2013-03-15,155.85001,156.039993,155.31,155.83,138601100
2013-03-18,154.34,155.64,154.2,154.97,126704300
2013-03-19,155.3,155.50999,153.59,154.61,167567300
2013-03-20,155.52,155.95,155.25999,155.69,113759300
2013-03-21,154.75999,155.64,154.10001,154.36,128605000
2013-03-22,154.85001,155.60001,154.73,155.60001,111163600
2013-03-25,156.0099945,156.27,154.35001,154.95,151322300
2013-03-26,155.59,156.23,155.42,156.19,86856600
2013-03-27,155.25999,156.24001,155.0,156.19,99950600
2013-03-28,156.089996,156.85001,155.75,156.67,102932800
2013-04-01,156.59,156.91,155.67,156.050003,99194100
2013-04-02,156.61,157.21001,156.37,156.82001,101504300
2013-04-03,156.91,157.029999,154.82001,155.23,154167400
2013-04-04,155.42999,156.17,155.089996,155.86,131885000
2013-04-05,153.95,155.35001,153.77,155.16,159666000
2013-04-08,155.27,156.22,154.75,156.21001,86571200
2013-04-09,156.5,157.32001,155.98,156.75,101922200
2013-04-10,157.17,158.87,157.13,158.67,135711100
2013-04-11,158.7,159.71001,158.53999,159.19,110142500
2013-04-12,158.67999,159.039993,157.92,158.8,116359900
2013-04-15,158.0,158.13,155.10001,155.12,217259000
2013-04-16,156.28999,157.49001,155.91,157.41,147507800
2013-04-17,156.28999,156.32001,154.28,155.11,226834800
2013-04-18,155.37,155.41,153.55,154.14,167583200
2013-04-19,154.5,155.55,154.12,155.48,149687600
2013-04-22,155.78,156.53999,154.75,156.17,106553500
2013-04-23,156.95,157.92999,156.17,157.78,166141300
2013-04-24,157.83,158.3,157.53999,157.88,96781200
2013-04-25,158.34,159.27,158.10001,158.52,131060600
2013-04-26,158.33,158.60001,157.73,158.24001,95918800
2013-04-29,158.67,159.64999,158.42,159.3,88572800
2013-04-30,159.27,159.72,158.61,159.67999,116010700
2013-05-01,159.33,159.41,158.10001,158.28,138874200
2013-05-02,158.67999,159.89,158.53,159.75,96407600
2013-05-03,161.14,161.88,159.78,161.37,144202300
2013-05-06,161.49001,162.0099945,161.42,161.78,66882100
2013-05-07,162.13,162.64999,161.67,162.60001,90359200
2013-05-08,162.42,163.39,162.33,163.34,97419200
2013-05-09,163.27,163.7,162.47,162.88,106738600
2013-05-10,162.99001,163.55,162.50999,163.41,103203000
2013-05-13,163.2,163.81,162.82001,163.53999,81843200
2013-05-14,163.67,165.35001,163.67,165.23,119000900
2013-05-15,164.96001,166.45,164.91,166.12,120718500
2013-05-16,165.78,166.36,165.089996,165.34,109913600
2013-05-17,165.95,167.039993,165.73,166.94,129801000
2013-05-20,166.78,167.58,166.61,166.92999,85071200
2013-05-21,167.080002,167.8,166.5,167.17,95804200
2013-05-22,167.34,169.070007,165.17,165.92999,244031800
2013-05-23,164.16,165.91,163.94,165.45,211064400
2013-05-24,164.47,165.38,163.98,165.31,151573900
2013-05-28,167.039993,167.78,165.81,166.3,143679800
2013-05-29,165.42,165.8,164.34,165.22,160363400
2013-05-30,165.35001,166.59,165.22,165.83,107793800
2013-05-31,165.37,166.31,163.13,163.45,176850100
2013-06-03,163.83,164.46001,162.66,164.35001,168390700
2013-06-04,164.44,165.10001,162.73,163.56,157631500
2013-06-05,163.089996,163.42,161.13,161.27,211737800
2013-06-06,161.2,162.74001,160.25,162.73,200225500
2013-06-07,163.85001,164.95,163.14,164.8,188337800
2013-06-10,165.31,165.39999,164.37,164.8,105667100
2013-06-11,163.3,164.53999,162.74001,163.10001,159505400
2013-06-12,164.22,164.39,161.60001,161.75,177361500
2013-06-13,161.66,164.5,161.3,164.21001,163587800
2013-06-14,164.029999,164.67,162.91,163.17999,141197500
2013-06-17,164.28999,165.22,163.22,164.44,136295600
2013-06-18,164.53,165.99001,164.52,165.74001,114695600
2013-06-19,165.60001,165.89,163.38,163.45,206149500
2013-06-20,161.86,163.47,158.98,159.39999,321255900
2013-06-21,159.64,159.75999,157.47,159.070007,271956800
2013-06-24,157.41,158.42999,155.73,157.059998,222329000
2013-06-25,158.48,160.10001,157.42,158.57001,162262200
2013-06-26,159.87,160.5,159.25,160.14,134848000
2013-06-27,161.10001,161.82001,160.95,161.080002,129483700
2013-06-28,160.63,161.39999,159.86,160.42,160402900
2013-07-01,161.25999,162.48,161.080002,161.36,131954800
2013-07-02,161.12,162.3,160.5,161.21001,154863700
2013-07-03,160.48,161.77,160.22,161.28,75216400
2013-07-05,162.47,163.080002,161.3,163.020004,122416900
2013-07-08,163.86,164.39,163.080002,163.95,108092500
2013-07-09,164.98,165.33,164.27,165.13,119298000
2013-07-10,164.97,165.75,164.63,165.19,121410100
2013-07-11,167.11,167.61,165.17999,167.44,135592200
2013-07-12,167.39,167.92999,167.13,167.50999,104212700
2013-07-15,167.97,168.39,167.67999,168.14999,69450600
2013-07-16,168.25999,168.36,167.070007,167.52,88702100
2013-07-17,168.16,168.48,167.73,167.95,92873900
2013-07-18,168.31,169.27,168.2,168.87,103620100
2013-07-19,168.52,169.23,168.31,169.17,103831700
2013-07-22,169.41,169.74001,169.0099945,169.5,79428600
2013-07-23,169.8,169.83,169.050003,169.14,80829700
2013-07-24,169.78999,169.86,168.17999,168.52,112914000
2013-07-25,168.22,169.080002,167.94,168.92999,111088600
2013-07-26,168.22,169.16,167.52,169.11,107814600
2013-07-29,168.67999,169.059998,168.11,168.59,79695000
2013-07-30,169.10001,169.28,168.19,168.59,85209600
2013-07-31,168.94,169.85001,168.49001,168.71001,142388700
2013-08-01,169.99001,170.81,169.89999,170.66,110438400
2013-08-02,170.28,170.97,170.050003,170.95,91116700
2013-08-05,170.57001,170.96001,170.35001,170.7,54072700
2013-08-06,170.37,170.74001,169.35001,169.73,87495000
2013-08-07,169.19,169.42999,168.55,169.17999,84854700
2013-08-08,169.98,170.17999,168.92999,169.8,102181300
2013-08-09,169.58,170.10001,168.72,169.31,91757700
2013-08-12,168.46001,169.31,168.38,169.11,68593300
2013-08-13,169.41,169.89999,168.41,169.61,80806000
2013-08-14,169.53,169.8,168.7,168.74001,79829200
2013-08-15,167.41,167.42999,166.089996,166.38,152931800
2013-08-16,166.059998,166.63,165.5,165.83,130868200
2013-08-19,165.64,166.21001,164.75999,164.77,96437600
2013-08-20,165.039993,166.2,164.86,165.58,89294400
2013-08-21,165.12,166.029999,164.19,164.56,159530500
2013-08-22,164.89999,166.3,164.89,166.059998,101471400
2013-08-23,166.55,166.83,165.77,166.62,90888900
2013-08-26,166.78999,167.3,165.89,166.0,89702100
2013-08-27,164.36,166.0,163.21001,163.33,158619400
2013-08-28,163.25999,164.49001,163.050003,163.91,108113000
2013-08-29,163.55,165.039993,163.39999,164.17,119200500
2013-08-30,164.50999,164.53,163.17,163.64999,134928900
2013-09-03,165.23,165.58,163.7,164.39,142375100
2013-09-04,164.42999,166.029999,164.13,165.75,97389400
2013-09-05,165.85001,166.39999,165.73,165.96001,63090500
2013-09-06,166.50999,166.98,164.48,166.039993,159756500
2013-09-09,166.45,167.73,166.45,167.63,87559300
2013-09-10,168.64,168.89999,168.25999,168.87,105847200
2013-09-11,168.64,169.39999,168.35001,169.39999,94545900
2013-09-12,169.34,169.56,168.72,168.95,83209000
2013-09-13,169.13,169.46001,168.74001,169.33,72727800
2013-09-16,171.16,171.24001,170.039993,170.31,106299200
2013-09-17,170.46001,171.11,170.46001,171.070007,82523300
2013-09-18,171.0099945,173.52,170.58,173.050003,203460600
2013-09-19,173.52,173.60001,172.59,172.75999,146616900
2013-09-20,172.33,172.33,170.58,170.72,132867100
2013-09-23,170.49001,170.64999,169.39,169.92999,104616500
2013-09-24,169.89999,170.53,169.21001,169.53,106333100
2013-09-25,169.64,169.98,168.89,169.039993,117306500
2013-09-26,169.32001,170.17,169.050003,169.69,77146900
2013-09-27,168.84,169.14,168.47,168.91,99141800
2013-09-30,167.48,168.53999,167.14999,168.0099945,143937000
2013-10-01,168.14,169.5,167.97,169.34,127160000
2013-10-02,168.35001,169.34,167.83,169.17999,113350000
2013-10-03,168.78999,168.94,166.84,167.62,176698000
2013-10-04,167.75,169.059998,167.53,168.89,96878000
2013-10-07,167.42,168.45,167.25,167.42999,96295000
2013-10-08,167.39999,167.62,165.36,165.48,178015000
2013-10-09,165.8,166.2,164.53,165.60001,168973000
2013-10-10,167.28999,169.25999,167.23,169.17,195955000
2013-10-11,168.91,170.32001,168.77,170.25999,105040000
2013-10-14,169.21001,171.080002,169.080002,170.94,112106000
2013-10-15,170.50999,171.14999,169.47,169.7,155485000
2013-10-16,170.72,172.16,170.64,172.070007,161676000
2013-10-17,171.37,173.32001,171.34,173.22,129389000
2013-10-18,173.86,174.50999,173.50999,174.39,138316000
2013-10-21,174.45,174.75,174.0099945,174.39999,104104000
2013-10-22,174.91,175.92999,174.42999,175.41,126663000
2013-10-23,174.81,174.89,173.96001,174.57001,105484000
2013-10-24,174.92,175.37,174.50999,175.14999,70350000
2013-10-25,175.50999,176.0,175.17,175.95,93625000
2013-10-28,175.89,176.47,175.7,176.23,84979000
2013-10-29,176.63,177.24001,176.38,177.17,87401000
2013-10-30,177.38,177.50999,175.66,176.28999,140002000
2013-10-31,176.14999,176.89,175.53,175.78999,133795000
2013-11-01,176.020004,176.61,175.22,176.21001,142805000
2013-11-04,176.69,176.89999,175.98,176.83,85677000
2013-11-05,176.14,176.75,175.57001,176.27,85825000
2013-11-06,177.029999,177.5,176.53999,177.17,87348000
2013-11-07,177.5,177.64,174.75999,174.92999,157000000
2013-11-08,174.87,177.31,174.85001,177.28999,136713000
2013-11-11,177.12,177.53,176.91,177.32001,62614000
2013-11-12,176.94,177.36,176.37,176.96001,83990000
2013-11-13,176.089996,178.42999,176.089996,178.38,103844000
2013-11-14,178.53999,179.42,178.25,179.27,103435000
2013-11-15,179.56,180.12,179.33,180.050003,102818000
2013-11-18,180.35001,180.5,179.020004,179.42,104796000
2013-11-19,179.33,179.87,178.72,179.029999,93891000
2013-11-20,179.39,179.92999,177.98,178.47,124909000
2013-11-21,178.97,180.050003,178.86,179.91,92841000
2013-11-22,179.98,180.83,179.77,180.81,81296000
2013-11-25,181.13,181.17,180.37,180.63,79486000
2013-11-26,180.72,181.22,180.41,180.67999,86994000
2013-11-27,180.87,181.24001,180.64999,181.12,58800000
2013-11-29,181.32001,181.75,180.8,181.0,55870900
2013-12-02,181.089996,181.42999,180.25,180.53,99726000
2013-12-03,179.94,180.39,179.17,179.75,116563000
2013-12-04,179.10001,180.48,178.35001,179.73,123033000
2013-12-05,179.41,179.74001,178.77,178.94,106934000
2013-12-06,180.67,181.11,180.14999,180.94,127728000
2013-12-09,181.47,181.67,181.16,181.39999,70124000
2013-12-10,180.98,181.36,180.64,180.75,80976000
2013-12-11,180.82001,180.85001,178.5,178.72,130591000
2013-12-12,178.64,178.86,177.75999,178.13,115565000
2013-12-13,178.5,178.66,177.77,178.11,107808000
2013-12-16,178.95,179.81,178.89999,179.22,96195000
2013-12-17,179.38,179.41,178.25,178.64999,89886000
2013-12-18,178.92,181.73,177.32001,181.7,234906000
2013-12-19,181.17999,181.7,180.71001,181.49001,136531200
2013-12-20,180.69,181.99001,180.57001,181.56,197087000
2013-12-23,182.45,182.64,182.070007,182.53,85598000
2013-12-24,182.53999,183.0099945,182.53,182.92999,45368800
2013-12-26,183.34,183.96001,183.32001,183.86,63365000
2013-12-27,184.10001,184.17999,183.66,183.85001,61814000
2013-12-30,183.87,184.020004,183.58,183.82001,56857000
2013-12-31,184.070007,184.69,183.92999,184.69,86119900
2014-01-02,183.98,184.070007,182.48,182.92,119636900
2014-01-03,183.23,183.60001,182.63,182.89,81390600
2014-01-06,183.49001,183.56,182.080002,182.36,108028200
2014-01-07,183.089996,183.78999,182.95,183.48,86144200
2014-01-08,183.45,183.83,182.89,183.52,96582300
2014-01-09,184.11,184.13,182.8,183.64,90683400
2014-01-10,183.95,184.22,183.0099945,184.14,102026400
2014-01-13,183.67,184.17999,181.34,181.69,149892000
2014-01-14,182.28999,183.77,181.95,183.67,105016100
2014-01-15,184.10001,184.94,183.71001,184.66,98525800
2014-01-16,184.28,184.66,183.83,184.42,72290600
2014-01-17,184.10001,184.45,183.32001,183.64,107848700
2014-01-21,184.7,184.77,183.050003,184.17999,88621200
2014-01-22,184.49001,184.57001,183.91,184.3,61270900
2014-01-23,183.37,183.39999,181.82001,182.78999,132496900
2014-01-24,181.60001,181.66,178.83,178.89,208677100
2014-01-27,179.059998,179.52,177.12,178.0099945,180843100
2014-01-28,178.14,179.3,178.12,179.070007,110463200
2014-01-29,177.58,178.55,176.88,177.35001,216597300
2014-01-30,178.83,179.81,178.25999,179.23,118938100
2014-01-31,177.0099945,179.28999,176.92,178.17999,194677900
2014-02-03,177.97,178.37,173.83,174.17,254837100
2014-02-04,174.95,175.84,174.11,175.39,165012400
2014-02-05,174.78,175.56,173.71001,175.17,164230500
2014-02-06,175.58,177.48,175.22,177.48,132877600
2014-02-07,178.31,179.87,177.73,179.67999,170787200
2014-02-10,179.7,180.070007,179.21001,180.0099945,92218800
2014-02-11,180.16,182.44,180.039993,181.98,117814100
2014-02-12,182.25,182.83,181.71001,182.070007,94717700
2014-02-13,180.84,183.2,180.83,183.0099945,100542200
2014-02-14,182.84,184.36,182.67,184.020004,96498400
2014-02-18,184.17999,184.49001,183.64999,184.24001,80460900
2014-02-19,183.75999,184.95,182.87,183.020004,126524300
2014-02-20,183.27,184.52,182.60001,184.10001,104998100
2014-02-21,184.45,184.89,183.8,183.89,118116400
2014-02-24,184.28,186.14999,184.2,184.91,114063900
2014-02-25,185.059998,185.59,184.23,184.84,117085000
2014-02-26,185.11,185.60001,184.33,184.85001,98677200
2014-02-27,184.58,185.87,184.37,185.82001,93880800
2014-02-28,185.78999,187.14999,185.050003,186.28999,150842000
2014-03-03,184.64999,185.45,183.75,184.98,167748500
2014-03-04,186.78999,187.98,186.75,187.58,167545900
2014-03-05,187.74001,188.070007,187.45,187.75,88376900
2014-03-06,188.21001,188.61,187.78,188.17999,82516500
2014-03-07,188.96001,188.96001,187.42999,188.25999,114513500
2014-03-10,187.97,188.23,187.080002,188.16,74939200
2014-03-11,188.44,188.71001,186.8,187.23,99009100
2014-03-12,186.32001,187.35001,185.89999,187.28,104824400
2014-03-13,187.84,187.99001,184.66,185.17999,155014300
2014-03-14,184.85001,185.8,184.44,184.66,153919600
2014-03-17,185.59,186.77,185.50999,186.33,98359500
2014-03-18,186.71001,187.91,186.50999,187.66,101804600
2014-03-19,187.67999,187.94,185.47,186.66,176267300
2014-03-20,186.25,187.89,185.92,187.75,117241000
2014-03-21,187.71001,189.020004,186.029999,186.2,163128000
2014-03-24,186.84,187.070007,184.62,185.42999,121411000
2014-03-25,186.37,186.94,185.27,186.31,103852000
2014-03-26,187.039993,187.34,184.92,184.97,119843000
2014-03-27,184.75,185.34,183.89999,184.58,142383000
2014-03-28,185.11,186.42,185.0,185.49001,101642000
2014-03-31,186.67,187.3,185.52,187.0099945,99745000
2014-04-01,187.62,188.36,187.0,188.25,89193000
2014-04-02,188.49001,189.13,188.14,188.88,78774000
2014-04-03,189.17,189.22,188.050003,188.63,77435000
2014-04-04,189.66,189.7,186.10001,186.39999,169381000
2014-04-07,185.95,186.25999,183.96001,184.34,140803000
2014-04-08,184.25999,185.39999,183.59,185.10001,112660000
2014-04-09,185.60001,187.14999,185.059998,187.089996,100254000
2014-04-10,187.080002,187.17,182.92999,183.16,172959000
2014-04-11,182.14,183.42,181.31,181.50999,167251000
2014-04-14,182.92999,183.37,181.44,182.94,132382000
2014-04-15,183.32001,184.33,181.50999,184.2,157093000
2014-04-16,185.47,186.14,184.64999,186.13,105197000
2014-04-17,185.88,186.91,185.56,186.39,105255000
2014-04-21,186.44,187.10001,186.21001,187.039993,68329000
2014-04-22,187.23,188.39999,187.13,187.89,85790000
2014-04-23,187.82001,187.92,187.3,187.45,73869000
2014-04-24,188.37,188.39,186.92999,187.83,88170000
2014-04-25,187.22,187.33,185.87,186.28999,100380000
2014-04-28,187.050003,187.69,184.96001,186.88,135121000
2014-04-29,187.48,188.039993,187.080002,187.75,84098000
2014-04-30,187.44,188.5,187.17999,188.31,101508000
2014-05-01,188.22,188.84,187.73,188.33,93019000
2014-05-02,188.31,189.14,187.78,188.059998,98122000
2014-05-05,187.14,188.55,186.62,188.42,75883000
2014-05-06,188.0,188.13,186.74001,186.78,85454000
2014-05-07,187.41,187.97,186.0099945,187.88,106500000
2014-05-08,187.71001,189.050003,187.080002,187.67999,93618000
2014-05-09,187.71001,188.039993,186.83,187.96001,83679000
2014-05-12,188.8,189.88,188.0,189.78999,86940000
2014-05-13,190.039993,190.42,189.77,189.96001,66454000
2014-05-14,189.78999,189.88,188.78999,189.059998,72367000
2014-05-15,188.67999,188.72,186.48,187.39999,154956000
2014-05-16,187.50999,188.13,186.72,188.050003,97458000
2014-05-19,187.69,188.89,187.52,188.74001,63839000
2014-05-20,188.64999,188.67,187.070007,187.55,111644000
2014-05-21,188.089996,189.22,188.059998,189.13,89093000
2014-05-22,189.17999,189.98,188.86,189.59,61549000
2014-05-23,189.75999,190.48,189.59,190.35001,61092800
2014-05-27,191.059998,191.58,190.95,191.52,72010000
2014-05-28,191.52,191.82001,191.059998,191.38,66723000
2014-05-29,191.82001,192.39999,191.33,192.37,64377000
2014-05-30,192.19,192.8,192.029999,192.67999,76316000
2014-06-02,192.95,192.99001,191.97,192.89999,64656000
2014-06-03,192.42999,192.89999,192.25,192.8,65047000
2014-06-04,192.47,193.3,192.27,193.19,55529000
2014-06-05,193.41,194.64999,192.7,194.45,92103000
2014-06-06,194.87,195.42999,194.78,195.38,78696000
2014-06-09,195.35001,196.050003,195.17,195.58,65119000
2014-06-10,195.34,195.64,194.92,195.60001,57129000
2014-06-11,194.89999,195.12,194.48,194.92,68772000
2014-06-12,194.69,194.8,193.11,193.53999,106350000
2014-06-13,193.92,194.32001,193.3,194.13,82017000
2014-06-16,193.89,194.7,193.66,194.28999,87424000
2014-06-17,194.020004,194.97,193.81,194.83,84834000
2014-06-18,194.83,196.37,194.39999,196.25999,105267000
2014-06-19,196.42999,196.60001,195.8,196.48,85929000
2014-06-20,196.029999,196.10001,195.7,195.94,100587000
2014-06-23,195.99001,196.050003,195.52,195.88,70611000
2014-06-24,195.53,196.5,194.48,194.7,96237000
2014-06-25,194.28999,195.78,194.25,195.58,82782000
2014-06-26,195.61,195.63,194.13,195.44,84312000
2014-06-27,194.98,195.88,194.89,195.82001,71445100
2014-06-30,195.7,196.17,195.53,195.72,70201200
2014-07-01,196.2,197.63,196.13,197.029999,90470000
2014-07-02,197.050003,197.48,196.96001,197.23,52475000
2014-07-03,197.78999,198.28999,197.64,198.2,52938800
2014-07-07,197.82001,197.98,197.22,197.50999,61696000
2014-07-08,197.14999,197.22,195.75999,196.24001,108143000
2014-07-09,196.73,197.3,196.31,197.12,72992000
2014-07-10,195.22,196.86,195.059998,196.34,99040000
2014-07-11,196.22,196.75,195.78,196.61,64243000
2014-07-14,197.61,197.86,197.44,197.60001,58658000
2014-07-15,197.72,198.10001,196.36,197.23,111307000
2014-07-16,198.11,198.25999,197.42,197.96001,79986400
2014-07-17,197.35001,198.10001,195.42999,195.71001,145398000
2014-07-18,196.35001,197.91,196.24001,197.71001,124330000
2014-07-21,197.089996,197.5,196.42999,197.34,67592000
2014-07-22,198.0099945,198.56,197.87,198.2,67678000
2014-07-23,198.5,198.85001,198.10001,198.64,65612000
2014-07-24,198.83,199.059998,198.45,198.64999,56888000
2014-07-25,198.089996,198.25999,197.33,197.72,76837000
2014-07-28,197.75999,198.089996,196.62,197.8,69259000
2014-07-29,198.17,198.45,196.92,196.95,80466000
2014-07-30,197.64999,197.91,196.16,196.98,104222000
2014-07-31,195.61,195.78,192.97,193.089996,183479000
2014-08-01,192.56,193.75999,191.57001,192.5,189261000
2014-08-04,192.87,194.3,192.050003,193.89,91340000
2014-08-05,193.10001,193.60001,191.31,192.0099945,152690000
2014-08-06,191.11,192.89,191.080002,192.070007,94818000
2014-08-07,192.94,193.13,190.55,191.029999,135733000
2014-08-08,191.46001,193.37,190.95,193.24001,117014000
2014-08-11,193.97,194.66,193.71001,193.8,74544000
2014-08-12,193.61,194.14999,192.94,193.53,73632000
2014-08-13,194.28999,195.059998,193.96001,194.84,69047000
2014-08-14,195.16,195.75999,194.98,195.75999,57371000
2014-08-15,196.47,196.64999,194.31,195.72,139951000
2014-08-18,196.8,197.45,196.69,197.36,75424000
2014-08-19,197.84,198.53999,197.44,198.39,59135000
2014-08-20,198.12,199.16,198.080002,198.92,72763000
2014-08-21,199.089996,199.75999,198.92999,199.5,67791000
2014-08-22,199.34,199.69,198.74001,199.19,76107000
2014-08-25,200.14,200.59,199.14999,200.2,63855000
2014-08-26,200.33,200.82001,200.28,200.33,47298000
2014-08-27,200.42999,200.57001,199.94,200.25,47874000
2014-08-28,199.59,200.27,199.39,200.14,58330000
2014-08-29,200.45,200.73,199.82001,200.71001,65907000
2014-09-02,200.97,201.0,199.86,200.61,72426000
2014-09-03,201.38,201.41,200.22,200.5,57462000
2014-09-04,200.84,201.58,199.66,200.21001,85236000
2014-09-05,200.17,201.19,199.41,201.11,102177000
2014-09-08,200.92,201.21001,200.0,200.59,64146000
2014-09-09,200.41,200.55,198.91,199.32001,88591000
2014-09-10,199.42999,200.2,198.77,200.070007,67251000
2014-09-11,199.27,200.33,199.12,200.3,66774400
2014-09-12,200.10001,200.12,198.56,199.13,117409300
2014-09-15,199.16,199.32001,198.38,198.98,76401000
2014-09-16,198.61,200.84,198.5,200.48,116201000
2014-09-17,200.77,201.67999,199.75,200.75,151266000
2014-09-18,201.36,201.85001,201.10001,201.82001,94990000
2014-09-19,201.52,201.89999,200.28999,200.7,121649000
2014-09-22,200.35001,200.38,198.73,199.14999,125553000
2014-09-23,198.42999,199.25999,197.95,198.0099945,111393000
2014-09-24,198.039993,199.69,197.52,199.56,107276000
2014-09-25,199.039993,199.050003,196.27,196.34,150300000
2014-09-26,196.7,198.39,196.42,197.89999,103547000
2014-09-29,196.2,197.89,196.050003,197.53999,95112000
2014-09-30,197.69,198.3,196.61,197.020004,131302000
2014-10-01,196.7,196.77,193.91,194.35001,177798000
2014-10-02,194.17999,195.059998,192.35001,194.38,157285000
2014-10-03,195.67999,196.94,195.080002,196.52,121569000
2014-10-06,197.34,197.60001,195.58,196.28999,104778000
2014-10-07,195.28,195.72,193.22,193.25999,147913000
2014-10-08,193.37,196.92,192.36,196.64,186461000
2014-10-09,196.33,196.60001,192.58,192.74001,210705000
2014-10-10,192.69,193.64999,190.49001,190.53999,221909000
2014-10-13,190.46001,191.14999,187.3,187.41,230939000
2014-10-14,188.42,189.82001,187.039993,187.7,215847000
2014-10-15,185.16,187.69,181.92,186.42999,380715000
2014-10-16,183.059998,187.58,182.89,186.27,270391000
2014-10-17,188.42,189.75,187.62,188.47,214625000
2014-10-20,188.13,190.45,188.070007,190.3,130011000
2014-10-21,191.67999,194.2,191.48,194.070007,154949000
2014-10-22,194.41,194.91,192.61,192.69,151822000
2014-10-23,194.62,196.2,194.25999,194.92999,154944000
2014-10-24,195.25,196.49001,194.49001,196.42999,117927000
2014-10-27,195.73,196.45,195.029999,196.16,82954000
2014-10-28,196.82001,198.42,196.73,198.41,106736000
2014-10-29,198.55,199.12,196.8,198.11,142557000
2014-10-30,197.58,199.95,197.39999,199.38,113330000
2014-10-31,201.78,201.82001,200.77,201.66,146903000
2014-11-03,201.92,202.45,201.31,201.77,93600000
2014-11-04,201.23,201.60001,200.059998,201.070007,93343000
2014-11-05,202.53999,202.59,201.45,202.34,91709000
2014-11-06,202.39,203.25999,201.64,203.14999,107089000
2014-11-07,203.17,203.60001,202.61,203.34,89540000
2014-11-10,203.38,204.039993,203.13,203.98,66319000
2014-11-11,204.059998,204.31,203.64999,204.17999,54499400
2014-11-12,203.35001,204.24001,203.31,203.96001,90120300
2014-11-13,204.16,204.83,203.21001,204.19,85357900
2014-11-14,204.10001,204.49001,203.72,204.24001,80417500
2014-11-17,203.85001,204.58,203.64999,204.37,80441000
2014-11-18,204.44,205.92,204.44,205.55,76068100
2014-11-19,205.31,205.55,204.3,205.22,82373000
2014-11-20,204.25999,205.71001,204.17999,205.58,72840300
2014-11-21,207.64,207.84,205.98,206.67999,142327300
2014-11-24,207.17,207.39,206.91,207.25999,65880800
2014-11-25,207.53999,207.78999,206.8,207.11,79108300
2014-11-26,207.28999,207.75999,207.029999,207.64,62167800
2014-11-28,207.49001,207.87,206.91,207.2,57890100
2014-12-01,206.39999,206.53999,205.38,205.75999,103968400
2014-12-02,205.81,207.34,205.78,207.089996,74507200
2014-12-03,207.3,208.14999,207.10001,207.89,68952000
2014-12-04,207.53999,208.27,206.7,207.66,91316600
2014-12-05,207.87,208.47,207.55,208.0,91025500
2014-12-08,207.52,208.12,205.92999,206.61,108588200
2014-12-09,204.37,206.60001,203.91,206.47,125180100
2014-12-10,205.91,205.98,202.92999,203.16,159856400
2014-12-11,203.88,206.19,203.71001,204.19,159012800
2014-12-12,202.64,203.82001,200.85001,200.89,202330200
2014-12-15,201.98,202.53,198.78,199.50999,189965800
2014-12-16,198.58,202.39999,197.86,197.91,259543800
2014-12-17,198.44,202.34,198.28999,201.78999,253910100
2014-12-18,204.74001,212.97,203.92,206.78,257633900
2014-12-19,206.42999,207.33,205.61,206.52,245084600
2014-12-22,206.75,207.47,206.46001,207.47,148318900
2014-12-23,208.17,208.23,207.39999,207.75,122167900
2014-12-24,208.020004,208.34,207.72,207.77,42963400
2014-12-26,208.31,208.85001,208.25,208.44,57326700
2014-12-29,208.22,208.97,208.14,208.72,79643900
2014-12-30,208.21001,208.37,207.50999,207.60001,73540800
2014-12-31,207.99001,208.19,205.39,205.53999,130333800
2015-01-02,206.38,206.88,204.17999,205.42999,121465900
2015-01-05,204.17,204.37,201.35001,201.72,169632600
2015-01-06,202.089996,202.72,198.86,199.82001,209151400
2015-01-07,201.42,202.72,200.88,202.31,125346700
2015-01-08,204.0099945,206.16,203.99001,205.89999,147217800
2015-01-09,206.39999,206.42,203.50999,204.25,158567300
2015-01-12,204.41,204.60001,201.92,202.64999,144396100
2015-01-13,204.12,205.48,200.50999,202.080002,214553300
2015-01-14,199.64999,201.10001,198.57001,200.86,192991100
2015-01-15,201.63,202.0099945,198.88,199.020004,176613900
2015-01-16,198.77,201.82001,198.55,201.63,211879600
2015-01-20,202.39999,202.72,200.17,202.059998,130991100
2015-01-21,201.5,203.66,200.94,203.080002,122942700
2015-01-22,203.99001,206.25999,202.33,206.10001,174356000
2015-01-23,205.78999,206.10001,204.81,204.97,117516800
2015-01-26,204.71001,205.56,203.85001,205.45,92009700
2015-01-27,202.97,204.12,201.74001,202.74001,134044600
2015-01-28,204.17,204.28999,199.91,200.14,168514300
2015-01-29,200.38,202.3,198.67999,201.99001,173585400
2015-01-30,200.57001,202.17,199.13,199.45,197729700
2015-02-02,200.050003,202.029999,197.86,201.92,163107000
2015-02-03,203.0,204.85001,202.55,204.84,124212900
2015-02-04,203.92,205.38,203.50999,204.059998,134306700
2015-02-05,204.86,206.3,204.77,206.12,97953200
2015-02-06,206.56,207.24001,204.92,205.55,125672000
2015-02-09,204.77,205.64,204.14,204.63,87219000
2015-02-10,205.88,207.12,204.67999,206.81,96164200
2015-02-11,206.61,207.45,205.83,206.92999,91087800
2015-02-12,207.89,208.99001,206.97,208.92,97545900
2015-02-13,209.070007,209.84,208.75999,209.78,93670400
2015-02-17,209.39999,210.32001,209.10001,210.11,76968200
2015-02-18,209.66,210.22,209.34,210.13,80652900
2015-02-19,209.41,210.42,209.24001,209.98,91462500
2015-02-20,209.48,211.33,208.73,211.24001,140896400
2015-02-23,210.94,211.21001,210.48,211.21001,74411100
2015-02-24,211.12,212.050003,210.75999,211.81,72472300
2015-02-25,211.66,212.24001,211.22,211.63,73061700
2015-02-26,211.52,211.71001,210.64999,211.38,72697900
2015-02-27,211.25999,211.58,210.60001,210.66,108076000
2015-03-02,210.78,212.059998,210.72,211.99001,87491400
2015-03-03,211.47,212.050003,210.080002,211.12,110325800
2015-03-04,210.39999,210.49001,209.059998,210.23,114497200
2015-03-05,210.62,210.8,209.85001,210.46001,76873000
2015-03-06,209.42,209.94,207.10001,207.5,188128000
2015-03-09,207.74001,208.78999,207.55,208.36,89818900
2015-03-10,206.71001,206.81,204.92999,204.98,157121300
2015-03-11,205.28999,205.5,204.39999,204.5,110145700
2015-03-12,205.25999,207.17999,205.2,207.10001,93993500
2015-03-13,206.77,207.92999,204.58,205.83,162410900
2015-03-16,206.71001,208.69,205.86,208.58,136099200
2015-03-17,207.69,208.42,206.98,207.96001,94510400
2015-03-18,207.39,211.27,206.62,210.46001,228808500
2015-03-19,209.96001,210.47,209.029999,209.5,117917300
2015-03-20,209.71001,211.020004,209.49001,210.41,177715100
2015-03-23,210.42,211.11,210.0,210.0,71784500
2015-03-24,209.85001,210.39999,208.74001,208.82001,77805300
2015-03-25,209.070007,209.35001,205.71001,205.75999,159521700
2015-03-26,204.96001,206.37,204.12,205.27,153067200
2015-03-27,205.13,205.95,204.89999,205.74001,118939000
2015-03-30,206.98,208.61,206.96001,208.25,96180400
2015-03-31,207.25999,208.10001,206.36,206.42999,126768700
2015-04-01,206.39,206.42,204.50999,205.7,137303600
2015-04-02,205.62,206.98,205.39999,206.44,86900900
2015-04-06,205.37,208.45,205.21001,207.83,114368200
2015-04-07,207.86,208.75999,207.24001,207.28,81236300
2015-04-08,207.55,208.50999,207.080002,207.98,89351900
2015-04-09,207.78,209.17999,207.19,208.89999,85548900
2015-04-10,209.2,210.089996,208.96001,210.039993,72722900
2015-04-13,209.87,210.63,209.029999,209.089996,74436600
2015-04-14,208.85001,209.71001,208.10001,209.49001,75099900
2015-04-15,210.050003,211.039993,209.95,210.42999,99529300
2015-04-16,210.029999,210.98,209.78999,210.37,68934900
2015-04-17,208.94,209.23,207.0099945,207.95,191113200
2015-04-20,209.059998,210.25,208.96001,209.85001,92189500
2015-04-21,210.67,210.86,209.24001,209.60001,72559800
2015-04-22,210.0099945,210.85001,208.89999,210.63,78264600
2015-04-23,210.14999,211.94,210.0099945,211.16,102585900
2015-04-24,211.66,211.97,211.11,211.64999,61327400
2015-04-27,212.33,212.48,210.53999,210.77,79358100
2015-04-28,210.74001,211.5,209.33,211.44,86863500
2015-04-29,210.37,211.28999,209.60001,210.57001,125684900
2015-04-30,209.88,210.35001,207.62,208.46001,161304900
2015-05-01,209.39999,210.77,209.28,210.72,103399700
2015-05-04,211.23,212.020004,211.10001,211.32001,70927200
2015-05-05,211.029999,211.46001,208.73,208.89999,113326200
2015-05-06,209.56,209.92999,206.75999,208.039993,135060200
2015-05-07,207.92,209.38,207.52,208.87,88244900
2015-05-08,210.88,211.86,210.78,211.62,155877300
2015-05-11,211.57001,211.89,210.52,210.61,75708100
2015-05-12,209.61,210.63,208.62,209.98,119727600
2015-05-13,210.47,211.22,209.74001,210.020004,94667900
2015-05-14,211.24001,212.32001,210.91,212.21001,95934000
2015-05-15,212.44,212.61,211.86,212.44,76510100
2015-05-18,212.24001,213.39999,212.16,213.10001,74549700
2015-05-19,213.24001,213.57001,212.69,213.029999,72114600
2015-05-20,213.14999,213.78,212.5,212.88,76857500
2015-05-21,212.71001,213.75,212.50999,213.5,64764600
2015-05-22,213.039993,213.53999,212.91,212.99001,57433500
2015-05-26,212.39999,212.91,210.2,210.7,124308600
2015-05-27,211.25,212.98,210.75999,212.7,93214000
2015-05-28,212.33,212.59,211.63,212.46001,74974600
2015-05-29,212.38,212.42999,210.82001,211.14,124919600
2015-06-01,211.94,212.34,210.62,211.57001,93338800
2015-06-02,211.020004,212.19,210.27,211.36,91531000
2015-06-03,212.0,212.67,211.33,211.92,87820900
2015-06-04,211.070007,211.86,209.75,210.13,151882800
2015-06-05,209.95,210.58,208.98,209.77,121704700
2015-06-08,209.64,209.82001,208.39,208.48,89063300
2015-06-09,208.45,209.10001,207.69,208.45,105034700
2015-06-10,209.37,211.41,209.3,210.95,134551300
2015-06-11,211.48,212.089996,211.2,211.63,73876400
2015-06-12,210.64,211.48,209.67999,210.0099945,135382400
2015-06-15,208.64,209.45,207.78999,209.11,124384200
2015-06-16,208.92999,210.35001,208.72,210.25,85308200
2015-06-17,210.59,211.32001,209.36,210.59,126708600
2015-06-18,211.31,213.34,210.63,212.78,165867900
2015-06-19,211.46001,211.55,210.36,210.81,130478700
2015-06-22,211.91,212.59,211.64,211.89,70696000
2015-06-23,212.14,212.44,211.57001,212.039993,68476800
2015-06-24,211.72,212.17,210.47,210.5,92307300
2015-06-25,211.10001,211.25,209.77,209.86,97107400
2015-06-26,210.28999,210.58,209.16,209.82001,104174800
2015-06-29,208.050003,209.83,205.33,205.42,202621300
2015-06-30,207.25999,207.32001,205.28,205.85001,182925100
2015-07-01,207.73,208.029999,206.56,207.5,135979900
2015-07-02,208.070007,208.27,206.81,207.31,104373700
2015-07-06,205.77,207.64999,205.53,206.72,117975400
2015-07-07,206.96001,208.17,204.11,208.020004,173820200
2015-07-08,206.42,206.75999,204.25,204.53,164020100
2015-07-09,207.039993,207.35001,204.77,204.89999,144113100
2015-07-10,207.28999,207.98,204.95,207.48,129456900
2015-07-13,208.99001,209.89999,208.94,209.77,106069400
2015-07-14,209.72,211.050003,209.64999,210.67999,81709600
2015-07-15,210.73,211.28,210.039993,210.61,97914100
2015-07-16,211.87,212.3,211.58,212.3,106683300
2015-07-17,212.28999,212.55,211.8,212.48,89030000
2015-07-20,212.75,213.17999,212.21001,212.59,70446800
2015-07-21,212.42999,212.74001,211.39,211.75,77965000
2015-07-22,210.92999,211.77,210.89,211.37,88667900
2015-07-23,211.53,211.64999,209.75,210.17999,90509100
2015-07-24,210.3,210.37,207.60001,208.0,117755000
2015-07-27,206.94,207.55,206.25999,206.78999,132361100
2015-07-28,207.78999,209.5,206.8,209.33,123544800
2015-07-29,209.48,211.039993,209.31,210.77,105791300
2015-07-30,210.16,211.020004,209.42,210.82001,91304400
2015-07-31,211.42,211.45,210.16,210.5,103266900
2015-08-03,210.46001,210.53,208.64999,209.78999,113965700
2015-08-04,209.7,210.25,208.8,209.38,81820800
2015-08-05,210.45,211.31,209.73,210.070007,85786800
2015-08-06,210.28999,210.42,207.64999,208.35001,116030800
2015-08-07,208.16,208.34,206.87,207.95,117858000
2015-08-10,209.28,210.67,209.28,210.57001,80270700
2015-08-11,208.97,209.47,207.75999,208.67,126081400
2015-08-12,207.11,209.14,205.36,208.92,172123700
2015-08-13,208.73,209.55,208.0099945,208.66,89383300
2015-08-14,208.42999,209.50999,208.25999,209.42,72786500
2015-08-17,208.71001,210.59,208.16,210.59,79072600
2015-08-18,210.25999,210.67999,209.7,209.98,71692700
2015-08-19,209.089996,210.0099945,207.35001,208.32001,172946000
2015-08-20,206.50999,208.28999,203.89999,203.97,194327900
2015-08-21,201.73,203.94,197.52,197.83,346588500
2015-08-24,187.49001,197.48,182.39999,189.5,507244300
2015-08-25,195.42999,195.45,186.92,187.27,369833100
2015-08-26,192.080002,194.78999,188.37,194.46001,339257000
2015-08-27,197.020004,199.42,195.21001,199.27,274143900
2015-08-28,198.5,199.84,197.92,199.28,160414400
2015-08-31,198.11,199.13,197.0099945,197.67,163298800
2015-09-01,193.12,194.77,190.73,191.77,256000400
2015-09-02,194.62,195.46001,192.42,195.41,160269300
2015-09-03,196.25999,198.050003,194.96001,195.55,152087800
2015-09-04,192.85001,193.86,191.61,192.59,207081000
2015-09-08,195.94,197.61,195.17,197.42999,116025700
2015-09-09,199.32001,199.47,194.35001,194.78999,149347700
2015-09-10,194.56,197.22,194.25,195.85001,158611100
2015-09-11,195.38,196.82001,194.53,196.74001,119691200
2015-09-14,196.95,197.0099945,195.42999,196.0099945,79452000
2015-09-15,196.61,198.99001,195.96001,198.46001,113806200
2015-09-16,198.82001,200.41,198.41,200.17999,99581600
2015-09-17,200.020004,202.89,199.28,199.73,276046600
2015-09-18,195.71001,198.67999,194.96001,195.45,223657500
2015-09-21,196.44,197.67999,195.21001,196.46001,105726200
2015-09-22,193.88,194.46001,192.56,193.91,153890900
2015-09-23,194.11,194.67,192.91,193.60001,92790600
2015-09-24,192.14999,193.45,190.56,192.89999,159378800
2015-09-25,194.64,195.0,191.81,192.85001,155054800
2015-09-28,191.78,191.91,187.64,188.0099945,178515900
2015-09-29,188.27,189.74001,186.92999,188.12,159045600
2015-09-30,190.37,191.83,189.44,191.63,163452000
2015-10-01,192.080002,192.49001,189.82001,192.13,131079000
2015-10-02,189.77,195.029999,189.12,195.0,211003300
2015-10-05,196.46001,198.74001,196.33,198.47,126320800
2015-10-06,198.31,198.98,197.0,197.78999,110274500
2015-10-07,198.89999,199.83,197.48,199.41,124307300
2015-10-08,198.95,201.55,198.59,201.21001,153055200
2015-10-09,201.38,201.89999,200.58,201.33,107069200
2015-10-12,201.42,201.75999,200.91,201.52,56395600
2015-10-13,200.64999,202.16,200.050003,200.25,88038700
2015-10-14,200.17999,200.87,198.94,199.28999,99106200
2015-10-15,200.080002,202.36,199.64,202.35001,134142200
2015-10-16,202.83,203.28999,201.92,203.27,114580100
2015-10-19,202.5,203.37,202.13,203.37,76523900
2015-10-20,202.85001,203.84,202.55,203.11,78448500
2015-10-21,203.61,203.78999,201.64999,201.85001,102038000
2015-10-22,202.98,205.50999,201.85001,205.25999,174911700
2015-10-23,207.25,207.95,206.3,207.50999,144442300
2015-10-26,207.3,207.37,206.56,207.0,69033000
2015-10-27,206.2,207.0,205.78999,206.60001,77905800
2015-10-28,207.0,208.98,206.21001,208.95,135906700
2015-10-29,208.35001,209.27,208.21001,208.83,90525500
2015-10-30,209.059998,209.44,207.74001,207.92999,131076900
2015-11-02,208.32001,210.62,208.17,210.39,86270800
2015-11-03,209.97,211.66,209.7,211.0,95246100
2015-11-04,211.35001,211.5,209.72,210.36,96224500
2015-11-05,210.42999,210.98,209.089996,210.14999,78408700
2015-11-06,209.74001,210.32001,208.46001,210.039993,110471500
2015-11-09,209.31,209.49001,206.95,208.080002,131008700
2015-11-10,207.50999,208.60001,207.19,208.56,75874600
2015-11-11,208.88,208.94,207.66,207.74001,67846000
2015-11-12,206.5,207.059998,204.82001,204.84,121315200
2015-11-13,204.35001,204.67,202.44,202.53999,153577100
2015-11-16,202.32001,205.69,202.17999,205.62,117645200
2015-11-17,205.99001,207.039993,204.88,205.47,121123700
2015-11-18,206.039993,208.89999,205.99001,208.73,121342500
2015-11-19,208.59,209.050003,208.2,208.55,88220500
2015-11-20,209.45,210.12,208.86,209.31,94011500
2015-11-23,209.38,209.98,208.52,209.070007,64931200
2015-11-24,207.87,209.83,207.41,209.35001,98874400
2015-11-25,209.5,209.74001,209.0099945,209.32001,51980100
2015-11-27,209.42999,209.8,208.86,209.56,37317800
2015-11-30,209.75,209.89,208.56,208.69,112822700
2015-12-01,209.44,210.82001,209.11,210.67999,97858400
2015-12-02,210.62,211.0,208.23,208.53,108441300
2015-12-03,208.83,209.14999,204.75,205.61,166224200
2015-12-04,205.61,209.97,205.61,209.62,192913900
2015-12-07,209.23,209.73,207.2,208.35001,102027100
2015-12-08,206.49001,208.28999,205.78,206.95,103372400
2015-12-09,206.19,208.67999,204.17999,205.34,162401500
2015-12-10,205.42,207.42999,205.14,205.87,116128900
2015-12-11,203.35001,204.14,201.50999,201.88,211173300
2015-12-14,202.070007,203.050003,199.95,202.89999,182385200
2015-12-15,204.7,206.11,202.87,205.029999,154069600
2015-12-16,206.37,208.39,204.8,208.029999,197017000
2015-12-17,208.39999,208.48,204.84,204.86,173092500
2015-12-18,202.77,202.92999,199.83,200.020004,251393500
2015-12-21,201.41,201.88,200.089996,201.67,99094300
2015-12-22,202.72,203.85001,201.55,203.5,111026200
2015-12-23,204.69,206.070007,204.58,206.020004,110987200
2015-12-24,205.72,206.33,205.42,205.67999,48539600
2015-12-28,204.86,205.25999,203.94,205.21001,65899900
2015-12-29,206.50999,207.78999,206.47,207.39999,92640700
2015-12-30,207.11,207.21001,205.75999,205.92999,63317700
2015-12-31,205.13,205.89,203.87,203.87,114877900
2016-01-04,200.49001,201.029999,198.59,201.020004,222353500
2016-01-05,201.39999,201.89999,200.050003,201.36,110845800
2016-01-06,198.34,200.059998,197.60001,198.82001,152112600
2016-01-07,195.33,197.44,193.59,194.050003,213436100
2016-01-08,195.19,195.85001,191.58,191.92,209817200
2016-01-11,193.0099945,193.41,189.82001,192.11,187941300
2016-01-12,193.82001,194.55,191.14,193.66,172330500
2016-01-13,194.45,194.86,188.38,188.83,221168900
2016-01-14,189.55,193.25999,187.66,191.92999,240795600
2016-01-15,186.77,188.75999,185.52,187.81,324846400
2016-01-19,189.96001,190.11,186.2,188.059998,195244400
2016-01-20,185.029999,187.5,181.020004,185.64999,286547800
2016-01-21,186.21001,188.87,184.64,186.69,195772900
2016-01-22,189.78,190.75999,188.88,190.52,168319600
2016-01-25,189.92,190.14999,187.41,187.64,130371700
2016-01-26,188.42,190.53,188.020004,190.2,141036800
2016-01-27,189.58,191.56,187.059998,188.13,185681700
2016-01-28,189.96001,190.2,187.16,189.11,143798800
2016-01-29,190.020004,193.88,189.88,193.72,210529300
2016-02-01,192.53,194.58,191.84,193.64999,136061600
2016-02-02,191.96001,191.97,189.53999,190.16,182564900
2016-02-03,191.41,191.78,187.10001,191.3,205054900
2016-02-04,190.71001,192.75,189.96001,191.60001,139531800
2016-02-05,190.99001,191.67,187.2,187.95,180788300
2016-02-08,185.77,186.12,182.8,185.42,191526700
2016-02-09,183.36,186.94,183.2,185.42999,184513100
2016-02-10,186.41,188.34,185.12,185.27,148214100
2016-02-11,182.34,184.10001,181.089996,182.86,219058900
2016-02-12,184.96001,186.64999,183.96001,186.63,127632400
2016-02-16,188.77,189.81,187.63,189.78,120250700
2016-02-17,191.16,193.32001,191.0099945,192.88,136009500
2016-02-18,193.2,193.27,191.72,192.089996,102343000
2016-02-19,191.17,192.17999,190.45,192.0,114793000
2016-02-22,193.87,194.95,193.78999,194.78,103640300
2016-02-23,194.0,194.32001,192.17999,192.32001,111455300
2016-02-24,190.63,193.53,189.32001,193.2,150812200
2016-02-25,193.73,195.55,192.83,195.53999,110728300
2016-02-26,196.57001,196.67999,194.89999,195.089996,129833700
2016-02-29,195.11,196.23,193.33,193.56,125918100
2016-03-01,195.0099945,198.21001,194.45,198.11,141799700
2016-03-02,197.74001,199.059998,197.25,199.0,102415000
2016-03-03,198.78999,199.8,198.11,199.78,95172200
2016-03-04,200.0099945,201.35001,199.029999,200.42999,129293600
2016-03-07,199.34,201.070007,199.25,200.59,100219000
2016-03-08,199.32001,199.92,198.21001,198.39999,123974900
2016-03-09,199.36,199.78999,198.42999,199.38,94801200
2016-03-10,199.96001,201.070007,197.38,199.53999,156838700
2016-03-11,201.25999,202.81,199.52,202.75999,137964500
2016-03-14,202.16,203.039993,201.77,202.5,73612000
2016-03-15,201.36,202.53,201.050003,202.17,93169100
2016-03-16,201.60001,203.82001,201.55,203.34,129303200
2016-03-17,203.24001,205.23,202.77,204.63,134278500
2016-03-18,204.17,204.78,203.8,204.38,138372400
2016-03-21,204.070007,204.94,203.8,204.67,72926700
2016-03-22,203.75999,205.23,203.57001,204.56,97471900
2016-03-23,204.11,204.33,203.0099945,203.21001,81052500
2016-03-24,202.0,203.16,201.74001,203.12,84360900
2016-03-28,203.61,203.86,202.71001,203.24001,62408200
2016-03-29,202.75999,205.25,202.39999,205.12,92922900
2016-03-30,206.3,206.87,205.59,206.020004,86365300
2016-03-31,205.91,206.41,205.33,205.52,94584100
2016-04-01,204.35001,207.14,203.98,206.92,114423500
2016-04-04,206.83,207.070007,205.89,206.25,63497000
2016-04-05,204.67,206.25999,203.89,204.19,99662200
2016-04-06,204.19,206.49001,203.98,206.42,91839800
2016-04-07,205.14,205.56,203.089996,203.95,113859000
2016-04-08,205.34,205.85001,203.87,204.5,95040600
2016-04-11,205.25,206.070007,203.91,204.020004,83757500
2016-04-12,204.22,206.25,203.7,205.92,115350600
2016-04-13,207.0,208.10001,206.84,208.0,96336400
2016-04-14,208.070007,208.60001,207.60001,208.0099945,65212900
2016-04-15,208.0099945,208.17,207.39999,207.78,75761600
2016-04-18,207.78,209.28,207.0,209.24001,82531000
2016-04-19,209.74001,210.2,208.94,209.89999,88316100
2016-04-20,209.95,210.92,209.39,210.10001,81100300
2016-04-21,210.12,210.25,208.64999,208.97,85695000
2016-04-22,208.55,209.28999,207.91,208.97,99251700
2016-04-25,208.25999,208.66,207.53999,208.61,66166500
2016-04-26,209.039993,209.52,208.36,208.92,75864200
2016-04-27,208.47,209.81,208.050003,209.35001,77329400
2016-04-28,208.46001,209.75999,206.96001,207.45,97216200
2016-04-29,206.72,207.13,205.029999,206.33,142424100
2016-05-02,206.92,208.17999,206.41,207.97,62188000
2016-05-03,206.52,206.8,205.28,206.16,106422100
2016-05-04,204.99001,205.85001,204.42,205.0099945,92243800
2016-05-05,205.56,205.98,204.47,204.97,67619200
2016-05-06,204.059998,205.77,203.88,205.72,89315000
2016-05-09,205.57001,206.39999,205.36,205.89,74374900
2016-05-10,206.72,208.47,206.64,208.45,77472200
2016-05-11,207.91,208.53999,206.5,206.5,81727000
2016-05-12,207.28999,207.49001,205.37,206.56,89586300
2016-05-13,206.21001,206.86,204.38,204.75999,96474600
2016-05-16,204.96001,207.34,204.89,206.78,77486800
2016-05-17,206.46001,206.8,204.23,204.85001,114924900
2016-05-18,204.44,206.3,203.63,204.91,120062100
2016-05-19,204.059998,204.53999,202.78,204.2,115430500
2016-05-20,204.92,206.10001,204.86,205.49001,104990400
2016-05-23,205.50999,205.84,204.99001,205.21001,58682600
2016-05-24,206.17,208.24001,206.14,207.87,93537800
2016-05-25,208.67,209.77,207.87,209.28,76621400
2016-05-26,209.44,209.71001,208.97,209.34,55280700
2016-05-27,209.53,210.25,209.47,210.24001,64211200
2016-05-31,210.56,210.69,209.17999,209.84,109879400
2016-06-01,209.12,210.48,208.89,210.27,69936200
2016-06-02,209.8,210.92999,209.24001,210.91,63044700
2016-06-03,210.25,210.69,208.86,210.28,101757100
2016-06-06,210.7,211.77,210.50999,211.35001,64887000
2016-06-07,211.53,212.34,211.5,211.67999,60974800
2016-06-08,211.84,212.52,211.69,212.37,66170900
2016-06-09,211.50999,212.22,211.19,212.080002,73786900
2016-06-10,210.46001,210.86,209.42999,210.070007,113829200
2016-06-13,209.36,210.37,208.35001,208.45,117751200
2016-06-14,208.0,208.74001,206.92,208.039993,125059300
2016-06-15,208.039993,209.36,207.53,207.75,109124500
2016-06-16,207.75,208.57001,205.59,208.37,149533100
2016-06-17,207.17,207.2,205.75,206.52,117055700
2016-06-20,208.82001,209.61,207.75,207.85001,82789600
2016-06-21,208.3,208.92,207.78,208.44,72461700
2016-06-22,208.64999,209.5,207.92999,208.10001,95560500
2016-06-23,209.81,210.87,209.27,210.81,102731400
2016-06-24,203.63,210.85001,202.72,203.24001,333444400
2016-06-27,201.59,201.60001,198.64999,199.60001,230775800
2016-06-28,201.48,203.23,201.12,203.2,159382400
2016-06-29,204.84,206.92999,204.72,206.66,137328600
2016-06-30,207.21001,209.53999,206.56,209.48,165021900
2016-07-01,209.48,210.49001,209.28999,209.92,106055300
2016-07-05,208.95,209.080002,207.71001,208.41,109803700
2016-07-06,207.83,209.8,207.059998,209.66,96021500
2016-07-07,209.87,210.64999,208.63,209.53,85593800
2016-07-08,211.050003,212.94,210.78,212.64999,133971000
2016-07-11,213.19,214.070007,212.95,213.39999,73633900
2016-07-12,214.53,215.3,213.42999,214.95,101275600
2016-07-13,215.44,215.45,214.35001,214.92,87324100
2016-07-14,216.39999,216.67,215.66,216.12,91230900
2016-07-15,216.78,217.0099945,215.31,215.83,107155400
2016-07-18,215.97,216.60001,215.67,216.41,58725900
2016-07-19,215.92,216.23,215.63,216.19,54345700
2016-07-20,216.19,217.37,216.19,217.089996,58159500
2016-07-21,216.96001,217.22,215.75,216.27,67777300
2016-07-22,216.41,217.3,216.10001,217.24001,62787500
2016-07-25,217.0,217.059998,215.97,216.64999,55873100
2016-07-26,216.53,217.17,215.75999,216.75,70080500
2016-07-27,217.19,217.27,215.62,216.52,84083900
2016-07-28,216.28999,217.11,215.75,216.77,65035700
2016-07-29,216.46001,217.53999,216.13,217.12,79519400
2016-08-01,217.19,217.64999,216.41,216.94,73311400
2016-08-02,216.64999,216.83,214.57001,215.55,92295500
2016-08-03,215.48,216.25,215.13,216.17999,53993600
2016-08-04,216.31,216.78,214.25,216.41,46585500
2016-08-05,216.41,218.23,216.41,218.17999,71892200
2016-08-08,218.39999,218.52,217.74001,218.050003,39906500
2016-08-09,218.13,218.75999,217.8,218.17999,51251700
2016-08-10,218.31,218.39999,217.23,217.64,57941100
2016-08-11,218.25999,218.94,217.95,218.64999,72504300
2016-08-12,218.28999,218.71001,217.99001,218.46001,61313500
2016-08-15,218.89,219.5,218.88,219.089996,49813500
2016-08-16,218.60001,218.67999,217.96001,217.96001,53213600
2016-08-17,218.0,218.53,217.020004,218.37,75134300
2016-08-18,218.34,218.89999,218.21001,218.86,52989300
2016-08-19,218.31,218.75,217.74001,218.53999,75443000
2016-08-22,218.25999,218.8,217.83,218.53,61368800
2016-08-23,219.25,219.60001,218.89999,218.97,53399200
2016-08-24,218.8,218.91,217.36,217.85001,71728900
2016-08-25,217.39999,218.19,217.22,217.7,69224800
2016-08-26,217.92,219.12,216.25,217.28999,122506300
2016-08-29,217.44,218.67,217.39999,218.36,70502200
2016-08-30,218.25999,218.59,217.35001,218.0,58114500
2016-08-31,217.61,217.75,216.47,217.38,85269500
2016-09-01,217.37,217.73,216.029999,217.39,97844200
2016-09-02,218.39,218.87,217.7,218.37,79293900
2016-09-06,218.7,219.12,217.86,219.029999,56702100
2016-09-07,218.84,219.22,218.3,219.0099945,76554900
2016-09-08,218.62,218.94,218.14999,218.50999,74102900
2016-09-09,216.97,217.029999,213.25,213.28,221589100
2016-09-12,212.39,216.81,212.31,216.34,168110900
2016-09-13,214.84,215.14999,212.5,213.23,182828800
2016-09-14,213.28999,214.7,212.5,213.14999,134185500
2016-09-15,212.96001,215.73,212.75,215.28,134427900
2016-09-16,213.48,213.69,212.57001,213.37,155236400
2016-09-19,214.13,214.88,213.029999,213.41,80250500
2016-09-20,214.41,214.59,213.38,213.42,69665300
2016-09-21,214.24001,216.029999,213.44,215.82001,110284400
2016-09-22,217.0,217.53,216.71001,217.17999,76678700
2016-09-23,216.72,216.88,215.88,215.99001,73630900
2016-09-26,215.020004,215.23,214.0099945,214.24001,89827300
2016-09-27,214.050003,215.67999,213.62,215.57001,78494800
2016-09-28,215.83,216.82001,214.71001,216.64,87411000
2016-09-29,216.39999,216.87,214.039993,214.67999,128070600
2016-09-30,215.64999,217.12,215.36,216.3,117202900
2016-10-03,215.82001,216.039993,215.039993,215.78,83512100
2016-10-04,215.91,216.17,213.99001,214.67999,119948100
2016-10-05,215.41,216.13,215.33,215.63,72816000
2016-10-06,215.37,216.039993,214.74001,215.78,62927400
2016-10-07,216.10001,216.3,214.19,215.039993,89788300
2016-10-10,216.16,216.7,215.99001,216.16,51855000
2016-10-11,215.66,215.74001,212.58,213.42999,130367400
2016-10-12,213.59,214.32001,213.0099945,213.71001,73866100
2016-10-13,212.16,213.59,211.21001,213.0099945,101357000
2016-10-14,214.14999,214.69,213.029999,213.12,93346200
2016-10-17,213.089996,213.39,212.17,212.38,58275700
2016-10-18,214.24001,214.31,213.27,213.71001,76869700
2016-10-19,214.020004,214.64,213.60001,214.28,66519200
2016-10-20,213.87,214.53,213.11,213.88,73639800
2016-10-21,213.88,214.080002,212.75999,213.98,89089100
2016-10-24,215.0,215.32001,214.48,214.89,60146600
2016-10-25,214.67999,214.98,213.98,214.17,66542300
2016-10-26,213.21001,214.42,212.92999,213.74001,75705500
2016-10-27,214.58,214.62,213.080002,213.17,77220200
2016-10-28,213.14,213.92999,211.71001,212.53999,140623200
2016-10-31,212.92999,213.19,212.36,212.55,61272500
2016-11-01,212.92999,212.99001,209.60001,211.0099945,122781800
2016-11-02,210.64999,211.10001,209.23,209.74001,103330800
2016-11-03,209.99001,210.24001,208.46001,208.78,88939300
2016-11-04,208.91,209.89,208.38,208.55,109122100
2016-11-07,208.55,213.19,208.55,213.14999,109794900
2016-11-08,212.69,214.77,212.38,214.11,106772100
2016-11-09,212.37,217.10001,212.34,216.38,258429000
2016-11-10,217.3,218.31,215.22,216.92,172113300
2016-11-11,216.080002,216.7,215.32001,216.42,100552700
2016-11-14,217.029999,217.27,215.72,216.59,94580000
2016-11-15,217.039993,218.28,216.8,218.28,91652600
2016-11-16,217.56,218.14,217.42,217.87,65617700
2016-11-17,218.050003,219.059998,217.92,218.99001,69797200
2016-11-18,219.070007,219.27,218.28999,218.5,86265800
2016-11-21,219.17,220.17999,219.0,220.14999,72402600
2016-11-22,220.50999,220.78999,219.73,220.58,67429000
2016-11-23,219.98,220.75999,219.75,220.7,56620200
2016-11-25,221.10001,221.56,221.0099945,221.52,37872300
2016-11-28,221.16,221.48,220.36,220.48,76572500
2016-11-29,220.52,221.44,220.17,220.91,69886700
2016-11-30,221.63,221.82001,220.31,220.38,113291800
2016-12-01,220.73,220.73,219.14999,219.57001,79040500
2016-12-02,219.67,220.25,219.25999,219.67999,74840300
2016-12-05,220.64999,221.39999,220.42,221.0,67837800
2016-12-06,221.22,221.74001,220.66,221.7,59877400
2016-12-07,221.52,224.67,221.38,224.60001,110738100
2016-12-08,224.57001,225.7,224.25999,225.14999,99714400
2016-12-09,225.41,226.53,225.37,226.50999,88005800
2016-12-12,226.39999,226.96001,225.75999,226.25,102016100
2016-12-13,227.020004,228.34,227.0,227.75999,110477500
2016-12-14,227.41,228.23,225.37,225.88,142501800
2016-12-15,226.16,227.81,225.89,226.81,124972600
2016-12-16,226.0099945,226.080002,224.67,225.039993,156420200
2016-12-19,225.25,226.020004,225.080002,225.53,90341100
2016-12-20,226.14999,226.57001,225.88,226.39999,89838800
2016-12-21,226.25,226.45,225.77,225.77,67909000
2016-12-22,225.60001,225.74001,224.92,225.38,56219100
2016-12-23,225.42999,225.72,225.21001,225.71001,36697800
2016-12-27,226.020004,226.73,226.0,226.27,42672500
2016-12-28,226.57001,226.59,224.27,224.39999,64095000
2016-12-29,224.48,224.89,223.84,224.35001,48696100
2016-12-30,224.73,224.83,222.73,223.53,108998300
2017-01-03,225.039993,225.83,223.88,225.24001,91366500
2017-01-04,225.62,226.75,225.61,226.58,78744400
2017-01-05,226.27,226.58,225.48,226.39999,78379000
2017-01-06,226.53,227.75,225.89999,227.21001,71559900
2017-01-09,226.91,227.070007,226.42,226.46001,46939700
2017-01-10,226.48,227.45,226.0099945,226.46001,63771900
2017-01-11,226.36,227.10001,225.59,227.10001,74650000
2017-01-12,226.5,226.75,224.96001,226.53,72113200
2017-01-13,226.73,227.39999,226.69,227.050003,62717900
2017-01-17,226.31,226.78,225.8,226.25,61240800
2017-01-18,226.53999,226.8,225.89999,226.75,54793300
2017-01-19,226.84,227.0,225.41,225.91,66608800
2017-01-20,226.7,227.31,225.97,226.74001,129168600
2017-01-23,226.74001,226.81,225.27,226.14999,75061600
2017-01-24,226.39999,228.080002,226.27,227.60001,95555300
2017-01-25,228.7,229.57001,228.50999,229.57001,84437700
2017-01-26,229.39999,229.71001,229.0099945,229.33,59970700
2017-01-27,229.42,229.59,228.75999,228.97,59711100
2017-01-30,228.17,228.2,226.41,227.55,79737300
2017-01-31,226.98,227.60001,226.32001,227.53,75880800
2017-02-01,227.53,228.59,226.94,227.62,79117700
2017-02-02,227.62,228.10001,226.82001,227.77,69657600
2017-02-03,228.82001,229.55,228.46001,229.34,80563200
2017-02-06,228.87,229.33,228.53999,228.92999,57790100
2017-02-07,229.38,229.66,228.72,228.94,57931200
2017-02-08,228.94,229.39,228.31,229.24001,51566200
2017-02-09,229.24001,230.95,229.24001,230.60001,65955200
2017-02-10,231.0,231.77,230.62,231.50999,66015900
2017-02-13,232.080002,233.070007,232.050003,232.77,55182100
2017-02-14,232.56,233.71001,232.16,233.7,71109000
2017-02-15,233.45,235.14,233.39,234.92,86785800
2017-02-16,234.95,235.16,233.85001,234.72,84722400
2017-02-17,233.95,235.089996,233.92999,235.089996,77204100
2017-02-21,235.52,236.69,235.50999,236.49001,88946100
2017-02-22,236.020004,236.53999,235.83,236.28,62115200
2017-02-23,236.88,236.89999,235.56,236.44,74615900
2017-02-24,235.46001,236.78999,235.41,236.74001,82381600
2017-02-27,236.64,237.31,236.35001,237.11,56515400
2017-02-28,236.67,236.95,236.020004,236.47,96961900
2017-03-01,238.39,240.32001,238.37,239.78,149158200
2017-03-02,239.56,239.57001,238.21001,238.27,70246000
2017-03-03,238.17,238.61,237.73,238.42,81974300
2017-03-06,237.5,238.12,237.0099945,237.71001,55391500
2017-03-07,237.36,237.77,236.75999,237.0,65103700
2017-03-08,237.34,237.64,236.39999,236.56,78168800
2017-03-09,236.7,237.24001,235.74001,236.86,90683900
2017-03-10,237.97,238.020004,236.59,237.69,81991700
2017-03-13,237.62,237.86,237.24001,237.81,57256800
2017-03-14,237.17999,237.24001,236.19,236.89999,59880800
2017-03-15,237.56,239.44,237.28999,238.95,96081800
2017-03-16,239.11,239.2,238.10001,238.48,78344000
2017-03-17,237.75,237.97,237.029999,237.029999,89002100
2017-03-20,237.029999,237.36,236.32001,236.77,52537000
2017-03-21,237.47,237.61,233.58,233.73,131809300
2017-03-22,233.77,234.61,233.050003,234.28,97569200
2017-03-23,234.28,235.34,233.60001,234.029999,100410300
2017-03-24,234.38,235.039993,232.96001,233.86,112504900
2017-03-27,231.92999,233.92,231.61,233.62,87454500
2017-03-28,233.27,235.81,233.14,235.32001,93483900
2017-03-29,234.99001,235.81,234.73,235.53999,61950400
2017-03-30,235.47,236.52,235.27,236.28999,56737900
2017-03-31,235.89999,236.50999,235.67999,235.74001,73733100
2017-04-03,235.8,236.029999,233.91,235.33,85546500
2017-04-04,235.0,235.58,234.56,235.48,56466200
2017-04-05,236.25999,237.39,234.53999,234.78,108800600
2017-04-06,234.94,236.039993,234.42999,235.44,69135800
2017-04-07,235.14999,236.0,234.64,235.2,74412300
2017-04-10,235.36,236.25999,234.73,235.34,67615300
2017-04-11,234.89999,235.17999,233.34,235.059998,88045300
2017-04-12,234.74001,234.96001,233.77,234.029999,81864400
2017-04-13,233.64,234.49001,232.50999,232.50999,92880400
2017-04-17,233.11,234.57001,232.88,234.57001,68405400
2017-04-18,233.72,234.49001,233.080002,233.87,83225800
2017-04-19,234.52,234.95,233.17999,233.44,68699900
2017-04-20,234.14999,235.85001,233.78,235.34,92572200
2017-04-21,235.25,235.31,234.13,234.59,110389800
2017-04-24,237.17999,237.41,234.56,237.17,119209900
2017-04-25,237.91,238.95,237.81,238.55,76698300
2017-04-26,238.50999,239.53,238.35001,238.39999,84702500
2017-04-27,238.77,238.95,237.98,238.60001,57410300
2017-04-28,238.89999,238.92999,237.92999,238.080002,63532800
2017-05-01,238.67999,239.17,238.2,238.67999,66882500
2017-05-02,238.84,238.98,238.3,238.77,57375700
2017-05-03,238.77,238.88,237.7,238.48,73137700
2017-05-04,238.83,238.92,237.78,238.75999,61462700
2017-05-05,239.19,239.72,238.67999,239.7,62001300
2017-05-08,239.75,239.92,239.17,239.66,48385700
2017-05-09,239.96001,240.19,239.039993,239.44,51363200
2017-05-10,239.39,239.87,239.14999,239.87,54293800
2017-05-11,239.35001,239.57001,238.13,239.38,62358300
2017-05-12,239.089996,239.42999,238.67,238.98,53912700
2017-05-15,239.47,240.44,239.45,240.3,61918900
2017-05-16,240.64,240.67,239.63,240.080002,51241800
2017-05-17,240.080002,240.080002,235.75,235.82001,172174100
2017-05-18,235.73,237.75,235.42999,236.77,107047700
2017-05-19,237.33,239.080002,237.27,238.31,115011400
2017-05-22,238.89999,239.71001,238.82001,239.52,61010600
2017-05-23,239.95,240.24001,239.50999,240.050003,48341700
2017-05-24,240.32001,240.73,239.92999,240.61,46927700
2017-05-25,241.2,242.080002,240.96001,241.75999,64071700
2017-05-26,241.53999,241.89999,241.45,241.71001,46629900
2017-05-30,241.34,241.78999,241.16,241.5,35201900
2017-05-31,241.84,241.88,240.64,241.44,91796000
2017-06-01,241.97,243.38,241.64,243.36,68962000
2017-06-02,243.42,244.35001,243.080002,244.17,88666100
2017-06-05,243.97,244.3,243.75999,243.99001,44698800
2017-06-06,243.34,243.98,243.12,243.21001,50375400
2017-06-07,243.60001,243.92,242.83,243.66,54144300
2017-06-08,243.77,244.33,243.17,243.78,65950700
2017-06-09,244.089996,245.0099945,241.95,243.41,132256400
2017-06-12,243.13,243.42,242.38,243.36,86108100
2017-06-13,243.98,244.61,243.58,244.55,60067000
2017-06-14,244.86,244.87,243.28999,244.24001,78602300
2017-06-15,242.67999,243.91,242.36,243.77,66464900
2017-06-16,242.77,242.83,241.63,242.64,84553100
2017-06-19,243.59,244.73,243.48,244.66,65123800
2017-06-20,244.25,244.25999,242.99001,243.0099945,56906400
2017-06-21,243.46001,243.59,242.41,242.95,55977600
2017-06-22,242.96001,243.53,242.64,242.84,44148100
2017-06-23,242.91,243.50999,242.47,243.13,66986800
2017-06-26,243.89999,244.38,243.050003,243.28999,56700500
2017-06-27,243.039993,243.38,241.31,241.33,82247700
2017-06-28,242.5,243.72,242.23,243.49001,70042600
2017-06-29,243.66,243.72,239.96001,241.35001,106949700
2017-06-30,242.28,242.71001,241.58,241.8,86820700
2017-07-03,242.88,243.38,242.21001,242.21001,39153800
2017-07-05,242.63,243.0099945,241.7,242.77,54427600
2017-07-06,241.89,242.029999,240.34,240.55,65400800
2017-07-07,241.21001,242.28,240.56,242.11,57972300
2017-07-10,242.11,242.8,241.75999,242.37,36663300
2017-07-11,242.37,242.55,240.85001,242.19,50354600
2017-07-12,243.3,244.2,243.3,244.0099945,59610400
2017-07-13,244.020004,244.55,243.75999,244.42,39471600
2017-07-14,244.42,245.97,244.31,245.56,60262700
2017-07-17,245.47,245.91,245.33,245.53,33531900
2017-07-18,245.059998,245.72,244.67,245.66,42742500
2017-07-19,246.020004,247.0,246.0099945,246.99001,51034300
2017-07-20,247.28,247.42,246.47,247.10001,47135200
2017-07-21,246.44,246.91,246.17999,246.88,82340800
2017-07-24,246.78999,246.98,246.28,246.82001,46622300
2017-07-25,247.67999,247.8,247.16,247.42,54915600
2017-07-26,247.75,247.78999,247.13,247.42999,47575400
2017-07-27,247.96001,248.0,245.67999,247.2,70766600
2017-07-28,246.64999,247.059998,246.13,246.91,50088400
2017-07-31,247.37,247.48,246.53,246.77,65838700
2017-08-01,247.46001,247.5,246.72,247.32001,55050400
2017-08-02,247.47,247.60001,246.37,247.44,47211200
2017-08-03,247.31,247.34,246.64,246.96001,40856000
2017-08-04,247.52,247.78999,246.97,247.41,60191800
2017-08-07,247.49001,247.87,247.37,247.87,31995000
2017-08-08,247.50999,248.91,246.83,247.25999,61719400
2017-08-09,246.47,247.31,246.059998,247.25,62632600
2017-08-10,246.28999,246.44,243.7,243.75999,120479500
2017-08-11,244.020004,244.8,243.75,244.12,74869900
2017-08-14,245.59,246.78999,245.55,246.53999,73291900
2017-08-15,246.98,247.0,246.16,246.50999,55242700
2017-08-16,247.11,247.57001,246.45,246.94,56715500
2017-08-17,246.24001,246.60001,243.089996,243.089996,128490400
2017-08-18,242.89999,244.19,242.2,242.71001,136748000
2017-08-21,242.64,243.2,241.83,242.89999,65469700
2017-08-22,243.57001,245.62,243.55,245.44,63140100
2017-08-23,244.33,245.050003,244.16,244.56,50203800
2017-08-24,245.0,245.17999,243.75,243.99001,50741700
2017-08-25,244.89999,245.61,244.39,244.56,64445900
2017-08-28,245.17,245.2,244.089996,244.57001,40565600
2017-08-29,243.059998,245.14999,242.92999,244.85001,51135700
2017-08-30,244.83,246.32001,244.62,246.0099945,62030800
2017-08-31,246.72,247.77,246.050003,247.49001,103803900
2017-09-01,247.92,248.33,247.67,247.84,62007000
2017-09-05,247.25999,247.52,244.95,246.059998,91398800
2017-09-06,246.84,247.28,246.23,246.89999,57916900
2017-09-07,247.25,247.27,246.39999,246.87,58034700
2017-09-08,246.53999,247.11,246.3,246.58,63832800
2017-09-11,248.039993,249.3,248.020004,249.21001,71364800
2017-09-12,249.63,250.089996,249.42,250.050003,56896000
2017-09-13,249.72,250.21001,249.59,250.17,59228000
2017-09-14,249.8,250.32001,249.60001,250.089996,95446300
2017-09-15,248.69,249.28999,248.57001,249.19,95432400
2017-09-18,249.61,250.12,249.28,249.72,46235200
2017-09-19,250.0,250.070007,249.60001,249.97,47108100
2017-09-20,250.070007,250.19,248.92,250.059998,59574100
2017-09-21,249.88,249.98,249.19,249.39,48211400
2017-09-22,249.050003,249.63,249.020004,249.44,51214000
2017-09-25,249.14999,249.55,248.080002,248.92999,57064400
2017-09-26,249.42,249.7,248.81,249.080002,54082000
2017-09-27,249.88,250.49001,248.87,250.050003,81001400
2017-09-28,249.73,250.44,249.63,250.35001,44778800
2017-09-29,250.34,251.32001,250.13,251.23,85578000
2017-10-02,251.49001,252.32001,251.28999,252.32001,59023000
2017-10-03,252.32001,252.89,252.23,252.86,66810200
2017-10-04,252.69,253.44,252.56,253.16,55953600
2017-10-05,253.53999,254.67999,253.2,254.66,63522800
2017-10-06,254.14999,254.7,253.85001,254.37,80646000
2017-10-09,254.63,254.7,253.64999,253.95,35803100
2017-10-10,254.60001,255.050003,253.98,254.62,43057400
2017-10-11,254.50999,255.020004,254.32001,255.020004,47674300
2017-10-12,254.66,255.059998,254.37,254.64,47065100
2017-10-13,255.14,255.27,254.64,254.95,54800400
2017-10-16,255.21001,255.50999,254.82001,255.28999,38221700
2017-10-17,255.23,255.52,254.98,255.47,31561000
2017-10-18,255.89999,255.95,255.5,255.72,40888300
2017-10-19,254.83,255.83,254.35001,255.78999,61903800
2017-10-20,256.70001,257.14001,255.77,257.10999,89176400
2017-10-23,257.48001,257.51001,256.019989,256.10999,63915300
2017-10-24,256.60001,256.82999,256.14999,256.56,66935900
2017-10-25,256.17999,256.31,254.0,255.28999,103715300
2017-10-26,255.99001,256.29999,255.48,255.62,69798000
2017-10-27,256.47,257.89001,255.63,257.70999,85562500
2017-10-30,256.47,257.60001,256.41,256.75,54285700
2017-10-31,257.17999,257.44,256.81,257.14999,60304800
2017-11-01,258.040009,258.42999,257.070007,257.48999,54202700
2017-11-02,257.41,257.75,256.19,257.59,56449500
2017-11-03,257.76999,258.5,257.29999,258.45001,59589700
2017-11-06,258.29999,259.0,258.22,258.85001,49652600
2017-11-07,258.97,259.35001,258.089996,258.67001,57502200
2017-11-08,258.47,259.22,258.14999,259.10999,50469600
2017-11-09,257.73001,258.39001,256.35999,258.17001,95085500
2017-11-10,257.73001,258.29001,257.37,258.089996,59984700
2017-11-13,257.31,258.59,257.26999,258.32999,50228600
2017-11-14,257.41,257.85001,256.51999,257.73001,61315200
2017-11-15,256.62,257.22,255.63,256.44,80811500
2017-11-16,257.51999,259.040009,257.47,258.62,67777000
2017-11-17,258.22,258.59,257.76999,257.85999,75756800
2017-11-20,258.14001,258.51999,257.85999,258.29999,48075500
2017-11-21,259.17999,260.20001,258.26001,259.98999,69176800
2017-11-22,260.0,260.14999,259.57001,259.76001,45033400
2017-11-24,260.32001,260.48001,260.16,260.35999,27856500
2017-11-27,260.41,260.75,260.0,260.23001,52274900
2017-11-28,260.76001,262.89999,260.64999,262.87,98971700
2017-11-29,263.019989,263.63,262.20001,262.70999,77512100
2017-11-30,263.76001,266.049988,263.67001,265.01001,127894400
2017-12-01,264.76001,265.31,260.76001,264.45999,164390900
2017-12-04,266.31,266.79999,264.079987,264.14001,94040600
2017-12-05,263.19,265.14999,263.040009,263.19,77994500
2017-12-06,263.29999,263.73001,262.70999,263.23999,75898600
2017-12-07,264.070007,264.42999,262.94,264.070007,77218600
2017-12-08,265.16,265.51999,264.029999,265.51001,76563900
2017-12-11,266.31,266.38,265.48001,266.31,83077500
2017-12-12,267.20999,267.32001,266.35001,266.78,85195800
2017-12-13,267.059998,267.56,266.64999,266.75,102905400
2017-12-14,267.089996,267.22,265.60001,265.66,100666700
2017-12-15,265.45001,267.040009,265.39001,266.51001,144610300
2017-12-18,268.10001,268.60001,267.98001,268.20001,83653600
2017-12-19,268.48001,268.53,267.089996,267.17001,82382900
2017-12-20,268.26999,268.32999,266.69,267.029999,76751500
2017-12-21,267.73999,268.39001,267.29999,267.57999,67032300
2017-12-22,267.60001,267.64001,266.89999,267.51001,78720900
2017-12-26,267.049988,267.44,266.89001,267.19,45244400
2017-12-27,267.38,267.73001,267.01001,267.32001,57751000
2017-12-28,267.89001,267.92001,267.45001,267.87,45116100
2017-12-29,268.53,268.54999,266.64001,266.85999,96007400
2018-01-02,267.84,268.81,267.39999,268.76999,86655700
2018-01-03,268.95999,270.64001,268.95999,270.47,90070400
2018-01-04,271.20001,272.16,270.54001,271.60999,80636400
2018-01-05,272.51001,273.56,271.95001,273.42001,83524000
2018-01-08,273.31,274.10001,272.98001,273.92001,57319200
2018-01-09,274.39999,275.25,274.079987,274.54001,57254000
2018-01-10,273.67999,274.42001,272.92001,274.12,69574300
2018-01-11,274.75,276.12,274.56,276.12,62361500
2018-01-12,276.42001,278.10999,276.079987,277.92001,90816100
2018-01-16,279.35001,280.089996,276.17999,276.97,106555100
2018-01-17,278.029999,280.049988,276.97,279.60999,113258800
2018-01-18,279.48001,279.95999,278.57999,279.14001,100728000
2018-01-19,279.79999,280.41,279.14001,280.41,140920100
2018-01-22,280.17001,282.69,280.10999,282.69,91322400
2018-01-23,282.73999,283.62,282.37,283.29001,97084700
2018-01-24,284.019989,284.70001,281.84,283.17999,134816100
2018-01-25,284.16,284.26999,282.39999,283.29999,84587300
2018-01-26,284.25,286.63,283.95999,286.57999,107743100
2018-01-29,285.92999,286.42999,284.5,284.67999,90118300
2018-01-30,282.60001,284.73999,281.22,281.76001,131796400
2018-01-31,282.73001,283.29999,280.67999,281.89999,108364800
2018-02-01,281.070007,283.059998,280.67999,281.57999,90102500
2018-02-02,280.079987,280.23001,275.41,275.45001,173174800
2018-02-05,273.45001,275.85001,263.31,263.92999,294681800
2018-02-06,259.94,269.70001,258.70001,269.13,355026800
2018-02-07,268.5,272.35999,267.57999,267.67001,167376100
2018-02-08,268.01001,268.17001,257.59,257.63,246449500
2018-02-09,260.79999,263.60999,252.92,261.5,283565300
2018-02-12,263.82999,267.01001,261.66,265.34,143736000
2018-02-13,263.97,266.62,263.31,266.0,81223600
2018-02-14,264.31,270.0,264.29999,269.59,120735700
2018-02-15,271.57001,273.040009,268.76999,273.029999,111200300
2018-02-16,272.32001,275.32001,272.26999,273.10999,160420100
2018-02-20,272.029999,273.67001,270.5,271.39999,86369700
2018-02-21,271.89999,274.72,269.94,270.049988,98883700
2018-02-22,271.10001,273.049988,269.64001,270.39999,110511300
2018-02-23,271.79001,274.70999,271.25,274.70999,92766400
2018-02-26,275.92999,278.01001,275.26001,277.89999,86491400
2018-02-27,278.10999,278.92001,274.35999,274.42999,99099200
2018-02-28,275.67999,276.19,271.29001,271.64999,121907800
2018-03-01,271.41,273.17001,266.0,267.70001,176855100
2018-03-02,265.79999,269.72,264.82001,269.079987,139083200
2018-03-05,267.73001,272.89001,267.60999,272.19,97307400
2018-03-06,273.29999,273.39001,271.17999,272.88,79213200
2018-03-07,270.42001,273.17999,270.20001,272.78,87063500
2018-03-08,273.54999,274.23999,272.42001,274.10001,66901200
2018-03-09,275.70001,278.87,275.34,278.87,113625300
2018-03-12,279.20001,279.91,278.079987,278.51999,71924800
2018-03-13,279.84,280.41,276.029999,276.72,91968900
2018-03-14,277.81,278.019989,274.67001,275.29999,105895100
2018-03-15,275.88,276.60999,274.42999,275.0,83433000
2018-03-16,274.5,275.39001,274.14001,274.20001,100343700
2018-03-19,273.35001,274.39999,268.62,270.48999,109208400
2018-03-20,270.94,271.67001,270.17999,270.95001,59757300
2018-03-21,270.89999,273.26999,270.19,270.42999,78709600
2018-03-22,267.91,268.87,263.35999,263.67001,148785900
2018-03-23,264.17001,264.54001,257.82999,258.049988,183534800
2018-03-26,262.13,265.42999,259.41,265.10999,141956100
2018-03-27,266.17001,266.76999,258.84,260.60001,129941400
2018-03-28,260.75,262.64001,258.57999,259.82999,146452300
2018-03-29,261.12,265.26001,259.84,263.14999,111601600
2018-04-02,262.54999,263.13,254.67,257.47,186286300
2018-04-03,258.87,261.31,256.84,260.76999,119956900
2018-04-04,256.75,264.35999,256.60001,263.56,123715300
2018-04-05,265.54999,266.64001,264.32001,265.64001,82652600
2018-04-06,263.42001,265.10999,258.0,259.72,179521200
2018-04-09,261.37,264.84,259.94,261.0,105442900
2018-04-10,264.26999,266.040009,262.98001,265.14999,103529000
2018-04-11,263.47,265.64001,263.39001,263.76001,91140200
2018-04-12,265.26001,267.0,265.059998,265.92999,68890500
2018-04-13,267.41,267.54001,264.01001,265.14999,85079200
2018-04-16,267.0,268.20001,266.070007,267.32999,63405300
2018-04-17,269.32999,270.87,268.75,270.19,64682000
2018-04-18,270.69,271.29999,269.87,270.39001,57303900
2018-04-19,269.64999,269.88,267.72,268.89001,77655900
2018-04-20,268.81,269.059998,265.60999,266.60999,99953100
2018-04-23,267.26001,267.89001,265.35001,266.57001,65558000
2018-04-24,267.73001,267.98001,261.28,262.98001,112885500
2018-04-25,262.91,264.13,260.85001,263.63,103840900
2018-04-26,264.79001,267.25,264.29001,266.31,67731900
2018-04-27,267.0,267.34,265.5,266.56,57053600
2018-04-30,267.26001,267.89001,264.42999,264.51001,82182300
2018-05-01,263.87,265.10001,262.10999,264.98001,74203400
2018-05-02,264.76001,265.67999,262.76001,263.20001,86368900
2018-05-03,262.26001,263.35999,259.049988,262.62,136311500
2018-05-04,261.51999,266.79001,261.14999,266.019989,91222100
2018-05-07,266.89001,268.019989,266.10999,266.92001,55304900
2018-05-08,266.5,267.32999,265.14999,266.92001,67499200
2018-05-09,267.67999,269.87,267.089996,269.5,59666100
2018-05-10,270.34,272.39001,270.22,272.019989,72063900
2018-05-11,272.16,273.14999,271.57999,272.85001,59871500
2018-05-14,273.34,274.079987,272.35999,272.98001,54790600
2018-05-15,271.59,271.60999,270.029999,271.10001,87036100
2018-05-16,271.14001,272.76001,271.10999,272.23999,53942600
2018-05-17,271.94,273.23001,271.13,272.01001,56536400
2018-05-18,271.62,272.029999,270.92999,271.32999,64368000
2018-05-21,273.01001,273.98001,272.57001,273.37,58025900
2018-05-22,273.95999,274.25,272.23999,272.60999,52966400
2018-05-23,271.17001,273.39001,270.98999,273.35999,64694200
2018-05-24,272.91,273.22,270.78,272.79999,76043800
2018-05-25,272.14999,272.85999,271.57999,272.14999,56374800
2018-05-29,270.31,271.17001,267.76001,269.019989,115908600
2018-05-30,270.5,273.10999,270.42001,272.60999,69678400
2018-05-31,272.14999,272.48999,270.26001,270.94,93519900
2018-06-01,272.41,273.94,272.32999,273.60001,71258400
2018-06-04,274.53,275.19,274.26001,274.89999,45385200
2018-06-05,275.049988,275.53,274.17999,275.10001,51135000
2018-06-06,275.79001,277.51999,275.089996,277.39999,62732200
2018-06-07,277.95001,278.28,276.34,277.37,72969400
2018-06-08,276.85001,278.25,276.66,278.19,72139700
2018-06-11,278.44,279.37,278.31,278.56,58892500
2018-06-12,279.029999,279.32999,278.19,278.92001,72329000
2018-06-13,279.19,279.48001,277.79999,278.029999,79070600
2018-06-14,279.01001,279.32999,278.059998,278.73001,77097600
2018-06-15,276.60001,277.51001,275.35001,277.13,120041600
2018-06-18,275.48999,276.70001,274.95001,276.56,52917600
2018-06-19,274.0,275.75,273.53,275.5,97531500
2018-06-20,276.26999,276.72,275.59,275.97,53785500
2018-06-21,275.95999,275.98001,273.67999,274.23999,71061400
2018-06-22,275.66,275.79001,274.48999,274.73999,54898500
2018-06-25,273.44,273.62,269.10001,271.0,137854200
2018-06-26,271.64001,272.56,270.79001,271.60001,68547400
2018-06-27,272.26001,273.87,269.17999,269.35001,105110700
2018-06-28,269.29001,271.75,268.48999,270.89001,76650500
2018-06-29,272.12,273.66,271.14999,271.28,97592500
2018-07-02,269.51001,272.040009,269.23999,271.85999,63554800
2018-07-03,272.87,272.98001,270.42001,270.89999,42187100
2018-07-05,272.17001,273.17999,270.95999,273.10999,56925900
2018-07-06,273.14001,275.84,272.70999,275.42001,66493700
2018-07-09,276.54999,277.95999,276.5,277.89999,50550400
2018-07-10,278.41,279.01001,278.079987,278.89999,51966800
2018-07-11,277.14999,278.040009,276.51999,276.85999,77054700
2018-07-12,278.28,279.42999,277.60001,279.37,60124700
2018-07-13,279.17001,279.92999,278.66,279.59,48216000
2018-07-16,279.64001,279.79999,278.84,279.34,48201000
2018-07-17,278.47,280.91,278.41,280.47,52315500
2018-07-18,280.56,281.17999,280.059998,281.059998,44593500
2018-07-19,280.31,280.73999,279.45999,280.0,61412100
2018-07-20,279.76999,280.48001,279.5,279.67999,82337700
2018-07-23,279.45001,280.42999,279.059998,280.20001,47047600
2018-07-24,281.79001,282.56,280.63,281.60999,68026900
2018-07-25,281.32999,284.37,281.28,284.01001,78882900
2018-07-26,283.20001,284.10999,283.089996,283.34,57919500
2018-07-27,283.70999,283.82001,280.38,281.42001,76768700
2018-07-30,281.51001,281.69,279.35999,279.95001,63742500
2018-07-31,280.81,282.019989,280.38,281.32999,68570500
2018-08-01,281.56,282.13,280.13,280.85999,53853300
2018-08-02,279.39001,282.57999,279.16,282.39001,63426400
2018-08-03,282.53,283.66,282.32999,283.60001,53935400
2018-08-06,283.64001,284.98999,283.20001,284.64001,39400900
2018-08-07,285.39001,286.01001,285.23999,285.57999,43196600
2018-08-08,285.39001,285.91,284.94,285.45999,42114600
2018-08-09,285.53,285.97,284.92001,285.070007,35717000
2018-08-10,283.45001,284.059998,282.35999,283.16,77076000
2018-08-13,283.47,284.16,281.76999,282.10001,65732900
2018-08-14,282.92001,284.17001,282.48001,283.89999,43842000
2018-08-15,282.38,282.54001,280.16,281.78,102925400
2018-08-16,283.39999,285.040009,283.35999,284.059998,69967900
2018-08-17,283.82999,285.56,283.37,285.059998,65618500
2018-08-20,285.57001,285.97,285.059998,285.67001,39807500
2018-08-21,286.25,287.31,285.70999,286.34,67272000
2018-08-22,285.88,286.76001,285.57999,286.17001,44993300
2018-08-23,285.97,286.94,285.42999,285.79001,49204900
2018-08-24,286.44,287.67001,286.38,287.51001,57487400
2018-08-27,288.85999,289.89999,288.67999,289.78,57072400
2018-08-28,290.29999,290.42001,289.39999,289.92001,46943500
2018-08-29,290.16,291.73999,289.89001,291.48001,61485500
2018-08-30,290.94,291.35999,289.63,290.29999,61229500
2018-08-31,289.84,290.81,289.29001,290.31,66140800
2018-09-04,289.84,290.20999,288.67999,289.81,57594400
2018-09-05,289.41,289.64001,287.89001,289.029999,72452400
2018-09-06,289.14999,289.48999,287.0,288.16,65909900
2018-09-07,286.98001,288.70001,286.70999,287.60001,73524800
2018-09-10,288.73999,289.040009,287.88,288.10001,50210900
2018-09-11,287.37,289.54999,286.98001,289.049988,50530500
2018-09-12,289.059998,289.79999,288.23001,289.12,59810800
2018-09-13,290.32001,291.040009,290.0,290.82999,51034200
2018-09-14,291.059998,291.26999,290.0,290.88,55079900
2018-09-17,290.82001,290.85999,289.029999,289.34,68244000
2018-09-18,289.57999,291.57999,289.54999,290.91,61930400
2018-09-19,290.97,291.69,290.82999,291.22,49080600
2018-09-20,292.64001,293.94,291.23999,293.57999,100360600
2018-09-21,293.089996,293.22,291.81,291.98999,105479700
2018-09-24,291.34,291.5,290.37,291.019989,53409600
2018-09-25,291.53,291.64999,290.48001,290.75,44370000
2018-09-26,290.91,292.23999,289.41,289.88,79739700
2018-09-27,290.41,291.91,290.10001,290.69,59249500
2018-09-28,289.98999,291.28,289.95001,290.72,70091400
2018-10-01,292.10999,292.92999,290.98001,291.73001,62078900
2018-10-02,291.56,292.35999,291.14001,291.56,47258200
2018-10-03,292.73999,293.20999,291.32001,291.72,64694600
2018-10-04,291.17999,291.23999,287.66,289.44,111545900
2018-10-05,289.69,290.26999,286.22,287.82001,105951700
2018-10-08,287.049988,288.22,285.5,287.82001,87742200
2018-10-09,287.39001,288.85999,286.76999,287.39999,74339000
2018-10-10,286.82999,286.91,277.88,278.29999,214731000
2018-10-11,277.079987,278.89999,270.35999,272.17001,274840500
2018-10-12,276.76999,277.089996,272.37,275.95001,183186500
2018-10-15,275.54999,277.040009,274.29999,274.39999,102263700
2018-10-16,276.60001,280.82001,276.070007,280.39999,118255800
2018-10-17,280.44,281.14999,277.56,280.45001,110626000
2018-10-18,279.39999,280.070007,274.97,276.39999,134557500
2018-10-19,277.13,279.29999,275.47,276.25,139901600
2018-10-22,277.0,277.35999,274.41,275.01001,82415800
2018-10-23,270.95001,274.87,268.60999,273.60999,146352700
2018-10-24,273.32999,273.76001,264.70001,265.32001,177806700
2018-10-25,267.38,271.81,266.23001,270.079987,138061500
2018-10-26,265.92001,271.0,262.29001,265.32999,201574600
2018-10-29,268.79999,270.25,259.85001,263.85999,160749100
2018-10-30,263.67001,268.12,263.12,267.76999,157116000
2018-10-31,270.64999,273.23001,270.12,270.63,128296300
2018-11-01,271.60001,273.73001,270.38,273.51001,99495000
2018-11-02,274.75,275.23001,269.59,271.89001,122634100
2018-11-05,272.44,274.01001,271.35001,273.39001,65622500
2018-11-06,273.32001,275.29999,273.25,275.12,60085900
2018-11-07,277.56,281.10001,277.079987,281.01001,102752100
2018-11-08,280.10999,281.22,279.22,280.5,65584900
2018-11-09,279.029999,279.23999,276.17999,277.76001,98812600
2018-11-12,277.19,277.45999,271.98999,272.57001,99673600
2018-11-13,273.089996,275.32999,271.25,272.059998,98176600
2018-11-14,274.16,274.60999,268.45001,270.20001,125335900
2018-11-15,268.78,273.54001,267.01001,273.019989,135101400
2018-11-16,271.79001,274.75,271.20999,273.73001,126668000
2018-11-19,273.049988,273.38,268.070007,269.10001,103061700
2018-11-20,265.35999,267.0,263.14999,264.12,136021300
2018-11-21,265.85999,267.14999,265.01001,265.019989,75563700
2018-11-23,263.17999,264.82001,263.070007,263.25,42807900
2018-11-26,265.78,267.75,265.34,267.5,79981400
2018-11-27,266.34,268.39999,265.66,268.39999,75502400
2018-11-28,269.60001,274.57999,268.32999,274.57999,127629600
2018-11-29,273.70999,275.54999,272.42999,273.98001,82346400
2018-11-30,273.81,276.28,273.45001,275.64999,98204200
2018-12-03,280.28,280.39999,277.51001,279.29999,103176300
2018-12-04,278.37,278.85001,269.89999,270.25,177986000
2018-12-06,265.92001,269.97,262.44,269.84,204185400
2018-12-07,269.45999,271.22,262.63,263.57001,161018900
2018-12-10,263.37,265.16,258.62,264.070007,151445900
2018-12-11,267.66,267.87,262.48001,264.13,121504400
2018-12-12,267.47,269.0,265.37,265.45999,97976700
2018-12-13,266.51999,267.48999,264.12,265.37,96662700
2018-12-14,262.95999,264.029999,259.85001,260.47,116961100
2018-12-17,259.39999,260.64999,253.53,255.36,165492300
2018-12-18,257.20001,257.95001,253.28,255.080002,134515100
2018-12-19,255.17,259.39999,249.35001,251.25999,214992800
2018-12-20,249.86,251.62,244.64999,247.17,252053400
2018-12-21,246.74001,249.71001,239.98,240.7,255345600
2018-12-24,239.039993,240.84,234.27,234.34,147311600
2018-12-26,235.97,246.17999,233.75999,246.17999,218485400
2018-12-27,242.57001,248.28999,238.96001,248.070007,186267300
2018-12-28,249.58,251.39999,246.45,247.75,153100200
2018-12-31,249.56,250.19,247.47,249.92,144299400
2019-01-02,245.98,251.21001,245.95,250.17999,126925200
2019-01-03,248.23,248.57001,243.67,244.21001,144140700
2019-01-04,247.59,253.11,247.17,252.39,142628800
2019-01-07,252.69,255.95,251.69,254.38,103139100
2019-01-08,256.82001,257.31,254.0,256.76999,102512600
2019-01-09,257.56,258.91,256.19,257.97,95006600
2019-01-10,256.26001,259.16,255.5,258.88,96823900
2019-01-11,257.67999,259.01001,257.029999,258.98001,73858100
2019-01-14,256.85999,258.29999,256.41,257.39999,70908200
2019-01-15,257.82001,260.70001,257.81,260.35001,85208300
2019-01-16,260.82999,261.97,260.60001,260.98001,77636700
2019-01-17,260.01001,263.92001,259.95999,262.95999,96118400
2019-01-18,264.98001,266.98001,263.0,266.45999,127900300
2019-01-22,264.82001,265.059998,261.059998,262.85999,115531200
2019-01-23,264.01001,264.79001,260.66,263.41,86030300
2019-01-24,263.20999,264.20001,262.079987,263.54999,59204100
2019-01-25,265.60999,266.70001,263.66,265.78,96883400
2019-01-28,263.39001,263.82999,261.79001,263.76001,85613700
2019-01-29,263.92001,264.54999,262.48001,263.41,66136300
2019-01-30,265.10001,268.51999,264.25,267.57999,92473700
2019-01-31,267.51001,270.47,267.26999,269.92999,104012100
2019-02-01,270.14999,271.20001,269.17999,270.059998,85782500
2019-02-04,270.10999,272.029999,269.35999,271.95999,60744800
2019-02-05,272.44,273.44,271.88,273.10001,79552800
2019-02-06,272.79001,273.34,271.92001,272.73999,58347800
2019-02-07,270.94,271.54999,268.29001,270.14001,95482000
2019-02-08,268.75,270.57999,267.82999,270.47,75788900
2019-02-11,271.20001,271.48999,270.029999,270.62,68021400
2019-02-12,272.42001,274.51999,272.34,274.10001,72270200
2019-02-13,275.029999,275.92999,274.56,274.98999,65277200
2019-02-14,273.78,275.64001,272.87,274.38,83234400
2019-02-15,276.35999,277.41,276.13,277.37,97088700
2019-02-19,276.48001,278.57999,276.47,277.85001,59120800
2019-02-20,277.81,278.92001,277.25,278.41,76610800
2019-02-21,277.70001,278.10001,276.35001,277.42001,64214700
2019-02-22,278.10999,279.35999,277.39999,279.14001,78114600
2019-02-25,280.73001,281.31,279.42999,279.51999,69030700
2019-02-26,279.13,280.29999,278.89999,279.32001,56844100
2019-02-27,278.51999,279.59,277.48001,279.20001,56921600
2019-02-28,278.95999,279.45001,278.32001,278.67999,69268300
2019-03-01,280.44,280.88,278.82001,280.42001,78880500
2019-03-04,281.60001,281.87,276.84,279.39999,106494600
2019-03-05,279.54001,279.76001,278.41,279.019989,59114600
2019-03-06,279.14999,279.16,276.97,277.32999,75039800
2019-03-07,276.82999,276.98999,274.070007,275.01001,94885100
2019-03-08,272.94,274.64999,272.42001,274.45999,85795800
2019-03-11,275.26001,278.62,275.23001,278.44,65098900
2019-03-12,279.059998,280.070007,278.85001,279.48999,79667500
2019-03-13,280.48001,282.38,280.29999,281.34,80639200
2019-03-14,281.37,281.84,280.67001,281.16,67518400
2019-03-15,280.54001,282.20999,280.32999,281.31,81309000
2019-03-18,281.54999,282.66,281.29999,282.32999,62199800
2019-03-19,283.51001,284.35999,281.41,282.39999,90268100
2019-03-20,282.16,283.5,280.32001,281.54999,84609200
2019-03-21,280.64001,285.17999,280.59,284.73001,79550400
2019-03-22,283.22,283.79999,279.17999,279.25,122659300
2019-03-25,278.87,280.19,277.64001,279.040009,85575200
2019-03-26,280.98999,282.17999,279.56,281.12,68125900
2019-03-27,281.10999,281.76001,277.92999,279.64999,72224700
2019-03-28,280.35001,281.20999,279.070007,280.70999,56238500
2019-03-29,282.39001,282.84,281.14001,282.48001,82186800
2019-04-01,284.70001,286.16,284.39999,285.82999,77617900
2019-04-02,286.040009,286.23001,285.089996,285.97,40070400
2019-04-03,287.32001,287.76001,285.75,286.42001,68243200
2019-04-04,286.78,287.45999,286.01001,287.17999,48997500
2019-04-05,287.92001,288.63,287.60001,288.57001,58621700
2019-04-08,288.10001,288.91,287.37,288.79001,53566300
2019-04-09,287.72,288.079987,286.70001,287.31,66142300
2019-04-10,287.76999,288.39001,287.31,288.29001,52601500
2019-04-11,288.82999,288.84,287.57999,288.20999,55093100
2019-04-12,290.0,290.47,288.26001,290.16,69727800
2019-04-15,290.23999,290.35001,289.079987,289.97,49596700
2019-04-16,290.95001,291.01001,289.5,290.16,52153200
2019-04-17,291.39999,291.42999,288.98999,289.45001,58268300
2019-04-18,290.10001,290.32001,288.66,290.019989,68708500
2019-04-22,289.17001,290.44,289.070007,290.26999,40160100
2019-04-23,290.67999,293.14001,290.42001,292.88,52246600
2019-04-24,292.79001,293.16,292.070007,292.23001,50392900
2019-04-25,292.12,292.78,290.73001,292.049988,57770900
2019-04-26,292.10001,293.48999,291.23999,293.41,50916400
2019-04-29,293.51001,294.45001,293.41,293.87,57197700
2019-04-30,293.48999,294.34,291.92001,294.019989,81111700
2019-05-01,294.72,294.95001,291.79999,291.81,71671900
2019-05-02,291.67999,292.70001,289.51999,291.17999,65030200
2019-05-03,292.82001,294.34,291.29999,294.029999,56543700
2019-05-06,289.25,293.31,288.89999,292.82001,107198100
2019-05-07,290.14999,290.81,285.81,287.92999,144729900
2019-05-08,287.53,289.42999,286.87,287.53,91568300
2019-05-09,285.23001,287.32999,283.29999,286.66,103471100
2019-05-10,285.62,288.94,282.29999,288.10001,112429300
2019-05-13,282.42001,283.48999,279.92999,280.85999,127290500
2019-05-14,281.98999,285.10001,281.85001,283.39999,77003200
2019-05-15,281.59,285.76999,281.35999,285.059998,73956400
2019-05-16,285.84,289.20999,285.76001,287.70001,76749600
2019-05-17,285.14001,288.60001,285.12,285.84,100353000
2019-05-20,284.059998,285.95999,283.12,283.95001,62877600
2019-05-21,285.82999,286.92999,285.54999,286.51001,46847100
2019-05-22,285.45001,286.69,285.10001,285.63,49482500
2019-05-23,283.16,283.20999,280.57001,282.14001,98733800
2019-05-24,283.73999,284.20001,282.089996,282.78,55268100
2019-05-28,283.089996,284.14999,280.13,280.14999,70029400
2019-05-29,278.91,279.35999,276.70999,278.26999,104972900
2019-05-30,279.10999,280.040009,277.81,279.029999,62523800
2019-05-31,276.20001,277.12,275.23999,275.26999,86862800
2019-06-03,275.31,276.54999,273.089996,274.57001,96428000
2019-06-04,277.12,280.67999,276.62,280.53,77231900
2019-06-05,282.32999,282.98999,280.32001,282.95999,71169700
2019-06-06,283.29001,285.54999,282.57001,284.79999,69430400
2019-06-07,285.92999,288.85001,285.73999,287.64999,74272200
2019-06-10,289.37,290.82001,288.87,288.97,60799100
2019-06-11,290.98999,291.39999,288.17999,288.89999,58641300
2019-06-12,288.64001,289.26001,287.82001,288.39001,47096300
2019-06-13,289.39999,289.98001,288.62,289.57999,48945200
2019-06-14,289.26001,289.92999,288.41,289.26001,52324700
2019-06-17,289.51999,290.22,289.17999,289.37,39205700
2019-06-18,291.39001,293.57001,290.98999,292.39999,85434800
2019-06-19,292.54999,293.64999,291.47,293.059998,78674400
2019-06-20,296.040009,296.31,293.13,295.85999,116570000
2019-06-21,294.13,295.51999,293.76001,294.0,83309500
2019-06-24,294.23001,294.57999,293.47,293.64001,47582700
2019-06-25,293.70001,293.73001,290.64001,290.76001,82028700
2019-06-26,291.75,292.31,290.35001,290.47,51584900
2019-06-27,291.31,292.059998,290.89001,291.5,40355200
2019-06-28,292.57999,293.54999,292.01001,293.0,59350900
2019-07-01,296.67999,296.92001,294.32999,295.66,78705600
2019-07-02,295.60999,296.48999,294.67999,296.42999,61504500
2019-07-03,297.17999,298.82001,297.019989,298.79999,40898900
2019-07-05,297.44,298.64001,296.01001,298.45999,51677300
2019-07-08,297.01001,298.26001,296.22,296.82001,45841800
2019-07-09,295.54001,297.51999,295.48001,297.19,41101300
2019-07-10,298.37,299.66,297.78,298.60999,58448500
2019-07-11,299.32001,299.57999,298.20001,299.31,50826100
2019-07-12,299.85001,300.73001,299.51001,300.64999,40326000
2019-07-15,301.13,301.13,300.19,300.75,33900000
2019-07-16,300.64999,300.88,299.44,299.78,36650100
2019-07-17,299.75,299.92999,297.73999,297.73999,36036300
2019-07-18,297.19,299.25,296.70001,298.82999,51392600
2019-07-19,300.040009,300.070007,296.98001,297.17001,58678600
2019-07-22,297.60999,298.5,297.040009,297.89999,43638100
2019-07-23,299.14001,300.029999,298.22,300.029999,44564500
2019-07-24,299.19,301.44,299.089996,301.44,47213200
2019-07-25,300.94,301.0,299.10999,300.0,55394100
2019-07-26,300.76001,302.23001,300.62,302.01001,45084100
2019-07-29,301.88,302.01001,300.85001,301.45999,38126500
2019-07-30,299.91,301.17001,299.48999,300.72,45849000
2019-07-31,300.98999,301.20001,295.20001,297.42999,104245200
2019-08-01,297.60001,300.87,293.95999,294.84,142646600
2019-08-02,293.85001,294.12,290.89999,292.62,116749700
2019-08-05,288.089996,288.20999,281.72,283.82001,178745400
2019-08-06,285.91,288.040009,284.28,287.79999,120711700
2019-08-07,284.39999,288.82001,282.040009,287.97,140572300
2019-08-08,289.62,293.62,289.01001,293.62,87713900
2019-08-09,292.57999,293.23999,289.64999,291.62,93730000
2019-08-12,289.95999,291.60999,287.019989,288.070007,65527600
2019-08-13,287.73999,294.14999,287.35999,292.54999,94299800
2019-08-14,288.070007,288.73999,283.76001,283.89999,135622100
2019-08-15,284.88,285.64001,282.39001,284.64999,99556600
2019-08-16,286.48001,289.32999,284.70999,288.85001,83018300
2019-08-19,292.19,293.079987,291.44,292.32999,53571800
2019-08-20,291.76999,292.35999,289.95001,290.089996,51596400
2019-08-21,292.48001,292.85999,291.72,292.45001,49524700
2019-08-22,293.23001,293.92999,290.39999,292.35999,51666400
2019-08-23,290.92001,292.76001,283.47,284.85001,149161500
2019-08-26,287.26999,288.0,285.57999,288.0,72423800
2019-08-27,289.54001,289.95001,286.029999,286.87,66668900
2019-08-28,286.14001,289.070007,285.25,288.89001,59696700
2019-08-29,291.72,293.16,290.60999,292.57999,57899400
2019-08-30,294.22,294.23999,291.42001,292.45001,62901200
2019-09-03,290.57001,291.57999,289.26999,290.73999,69101400
2019-09-04,293.14001,294.059998,292.31,294.040009,46887300
2019-09-05,296.79001,298.82999,294.0,297.82001,83258100
2019-09-06,298.17001,298.76001,297.42001,298.049988,49584300
2019-09-09,299.14001,299.23999,297.16,298.20001,51260300
2019-09-10,297.35999,298.20001,295.97,298.13,57947100
2019-09-11,298.47,300.34,297.75,300.25,68821100
2019-09-12,301.25,302.45999,300.41,301.29001,72908700
2019-09-13,301.78,302.17001,300.67999,301.089996,62104800
2019-09-16,299.84,301.14001,299.45001,300.16,58191200
2019-09-17,299.94,301.019989,299.75,300.92001,41475500
2019-09-18,300.48999,301.22,298.23999,301.10001,73375800
2019-09-19,301.53,302.63,300.70999,301.079987,76560500
2019-09-20,300.35999,300.67001,297.41,298.28,89565000
2019-09-23,297.54999,299.0,297.26999,298.20999,43476800
2019-09-24,299.41,299.84,294.81,295.87,94869400
2019-09-25,295.95999,298.10999,294.32999,297.62,71854000
2019-09-26,297.63,297.85999,295.45001,297.0,56179700
2019-09-27,297.82999,297.95001,293.69,295.39999,84746600
2019-09-30,295.97,297.54999,295.92001,296.76999,51662400
2019-10-01,297.73999,298.45999,293.0,293.23999,88242400
2019-10-02,291.5,291.51001,286.64001,288.059998,122539500
2019-10-03,287.81,290.45001,284.82001,290.42001,85278800
2019-10-04,291.14001,294.63,291.079987,294.35001,65091200
2019-10-07,293.47,295.26001,292.76999,293.079987,59610500
2019-10-08,291.040009,291.85001,288.48999,288.53,95708100
2019-10-09,290.75,292.29999,290.059998,291.26999,62359400
2019-10-10,291.17999,294.20999,291.0,293.23999,55296300
2019-10-11,296.26999,298.73999,296.14001,296.28,98720400
2019-10-14,295.92999,296.67001,295.57001,295.95001,40394800
2019-10-15,297.10001,299.70001,296.97,298.88,46754500
2019-10-16,298.37,299.16,297.92001,298.39999,48928200
2019-10-17,299.67999,300.23999,298.51999,299.28,45736600
2019-10-18,298.69,299.39999,297.029999,297.97,64304000
2019-10-21,299.42001,300.20999,298.94,299.98999,39048600
2019-10-22,300.57999,300.89999,298.91,299.01001,48594700
2019-10-23,298.73001,299.94,298.5,299.88,34352200
2019-10-24,300.91,301.070007,299.45999,300.37,35453100
2019-10-25,299.73999,302.20001,299.67999,301.60001,45205400
2019-10-28,302.94,303.85001,302.91,303.29999,42147000
2019-10-29,303.0,304.23001,302.85999,303.20999,44284900
2019-10-30,303.42999,304.54999,301.98999,304.14001,49643900
2019-10-31,304.13,304.13,301.73001,303.32999,69053800
2019-11-01,304.92001,306.19,304.73999,306.14001,71141500
2019-11-04,307.85001,308.0,306.95999,307.37,60606900
2019-11-05,307.59,307.92001,306.70999,307.029999,42933200
2019-11-06,307.029999,307.39999,306.059998,307.10001,46487100
2019-11-07,308.57001,309.64999,307.66,308.17999,54272300
2019-11-08,307.79999,309.0,307.029999,308.94,49032100
2019-11-11,307.42001,308.54001,307.26999,308.35001,35797300
2019-11-12,308.75,309.98999,308.14999,309.0,46484600
2019-11-13,307.91,309.54001,307.66,309.10001,53917700
2019-11-14,308.79001,309.64001,308.089996,309.54999,51219900
2019-11-15,311.019989,311.84,310.26001,311.79001,62023600
2019-11-18,311.53,312.28,311.029999,312.019989,49228000
2019-11-19,312.67999,312.69,311.22,311.92999,67804700
2019-11-20,311.28,311.85001,309.059998,310.76999,79406200
2019-11-21,310.89001,311.01001,309.39001,310.26999,54664700
2019-11-22,311.089996,311.23999,309.85001,310.95999,44850200
2019-11-25,311.98001,313.37,311.98001,313.37,48647200
2019-11-26,313.41,314.28,313.059998,314.079987,37569000
2019-11-27,314.60999,315.48001,314.37,315.48001,44444600
2019-11-29,314.85999,315.13,314.059998,314.31,36592700
2019-12-02,314.59,314.66,311.17001,311.64001,75767800
2019-12-03,308.64999,309.64001,307.13,309.54999,73941700
2019-12-04,310.70001,312.12,310.32001,311.45999,49080000
2019-12-05,312.23001,312.25,310.57999,312.019989,40709000
2019-12-06,314.12,315.31,314.10999,314.87,48927000
2019-12-09,314.44,315.17999,313.79999,313.88,34838500
2019-12-10,313.82001,314.54999,312.81,313.53,52649800
2019-12-11,314.029999,314.70001,313.44,314.42001,53429100
2019-12-12,314.42999,317.98999,314.17001,317.13,96389600
2019-12-13,316.87,318.67001,316.019989,317.32001,81503900
2019-12-16,319.22,320.14999,317.25,319.5,82749700
2019-12-17,319.92001,320.25,319.48001,319.57001,61097700
2019-12-18,320.0,320.25,319.53,319.59,48133000
2019-12-19,319.79999,320.98001,319.51999,320.89999,85310500
2019-12-20,320.45999,321.97,319.39001,320.73001,147142100
2019-12-23,321.59,321.64999,321.059998,321.22,52990000
2019-12-24,321.47,321.51999,320.89999,321.23001,20270000
2019-12-26,321.64999,322.95001,321.64001,322.94,30911200
2019-12-27,323.73999,323.79999,322.28,322.85999,42528800
2019-12-30,322.95001,323.10001,320.54999,321.079987,49729100
2019-12-31,320.53,322.13,320.14999,321.85999,57077300
2020-01-02,323.54001,324.89001,322.53,324.87,59151200
2020-01-03,321.16,323.64001,321.10001,322.41,77709700
2020-01-06,320.48999,323.73001,320.35999,323.64001,55653900
2020-01-07,323.019989,323.54001,322.23999,322.73001,40496400
2020-01-08,322.94,325.78,322.67001,324.45001,68296000
2020-01-09,326.16,326.73001,325.51999,326.64999,48473300
2020-01-10,327.29001,327.45999,325.20001,325.70999,53029300
2020-01-13,326.39001,327.95999,325.92001,327.95001,47086800
2020-01-14,327.47,328.62,326.84,327.45001,62832800
2020-01-15,327.35001,329.019989,327.26001,328.19,72056600
2020-01-16,329.70001,330.92001,329.45001,330.92001,54050300
2020-01-17,331.70001,332.17999,330.85001,331.95001,95846000
2020-01-21,330.89999,332.17999,330.82001,331.29999,77742400
2020-01-22,332.23999,332.95001,331.17001,331.34,48914900
2020-01-23,330.63,332.17001,329.41,331.72,51963000
2020-01-24,332.44,332.53,327.35999,328.76999,87578400
2020-01-27,323.029999,325.12,322.66,323.5,84062500
2020-01-28,325.059998,327.85001,323.60001,326.89001,63834000
2020-01-29,328.38,328.63,326.39999,326.62,53888900
2020-01-30,324.35999,327.91,323.54001,327.67999,75491800
2020-01-31,327.0,327.17001,320.73001,321.73001,113845600
2020-02-03,323.35001,326.16,323.22,324.12,69083000
2020-02-04,328.070007,330.01001,327.72,329.059998,62573200
2020-02-05,332.26999,333.089996,330.67001,332.85999,65951100
2020-02-06,333.91,334.19,332.79999,333.98001,50359700
2020-02-07,332.82001,333.98999,331.60001,332.20001,64139400
2020-02-10,331.23001,334.75,331.19,334.67999,42070000
2020-02-11,336.16,337.019989,334.67999,335.26001,54864500
2020-02-12,336.82999,337.64999,336.42999,337.42001,43992700
2020-02-13,335.85999,338.12,335.56,337.059998,54501900
2020-02-14,337.51001,337.73001,336.20001,337.60001,64582200
2020-02-18,336.51001,337.67001,335.20999,336.73001,57226200
2020-02-19,337.79001,339.079987,337.48001,338.34,48814700
2020-02-20,337.73999,338.64001,333.67999,336.95001,74163400
2020-02-21,335.47,335.81,332.57999,333.48001,113788200
2020-02-24,323.14001,333.56,321.23999,322.42001,161088400
2020-02-25,323.94,324.60999,311.69,312.64999,218913200
2020-02-26,314.17999,318.10999,310.70001,311.5,194773800
2020-02-27,305.45999,311.56,297.51001,297.51001,284353500
2020-02-28,288.70001,297.89001,285.54001,296.26001,384975800
2020-03-02,298.20999,309.16,294.45999,309.089996,238703600
2020-03-03,309.5,313.84,297.57001,300.23999,300139100
2020-03-04,306.12,313.10001,303.32999,312.85999,176613400
2020-03-05,304.98001,308.47,300.01001,302.45999,186366800
2020-03-06,293.14999,298.78,290.23001,297.45999,228667200
2020-03-09,275.29999,284.19,273.45001,274.23001,309417300
2020-03-10,284.64001,288.51999,273.5,288.42001,276444100
2020-03-11,280.70001,281.94,270.88,274.35999,255316300
2020-03-12,256.0,266.66,247.67999,248.11,392220700
2020-03-13,263.089996,271.48001,248.52,269.32001,329566100
2020-03-16,241.17999,256.89999,237.36,239.85001,297240000
2020-03-17,245.039993,256.17001,237.070007,252.8,262070500
2020-03-18,236.25,248.37,228.020004,240.0,327597100
2020-03-19,239.25,247.38,232.22,240.50999,289322000
2020-03-20,242.53,244.47,228.5,228.8,347158800
2020-03-23,228.19,229.67999,218.25999,222.95,326025200
2020-03-24,234.42,244.10001,233.8,243.14999,235494500
2020-03-25,244.87,256.35001,239.75,246.78999,299430300
2020-03-26,249.52,262.79999,249.050003,261.20001,257632800
2020-03-27,253.27,260.81,251.050003,253.42,224341200
2020-03-30,255.7,262.42999,253.53,261.64999,171369500
2020-03-31,260.56,263.32999,256.22,257.75,194881100
2020-04-01,247.98,257.66,243.89999,246.14999,189554600
2020-04-02,245.19,252.67999,244.59,251.83,177660400
2020-04-03,250.75999,253.32001,245.22,248.19,135561200
2020-04-06,257.84,267.0,248.17,264.85999,188061200
2020-04-07,274.20999,275.029999,264.89001,265.13,201427200
2020-04-08,267.95999,276.0,265.25,274.029999,153774500
2020-04-09,277.57999,281.20001,275.47,278.20001,189999200
2020-04-13,277.14001,277.51001,271.41,275.66,114839100
2020-04-14,280.98001,284.89999,275.51001,283.79001,134143400
2020-04-15,277.57001,283.94,275.45999,277.76001,121775000
2020-04-16,279.14999,280.029999,275.76001,279.10001,131798300
2020-04-17,285.38,287.29999,282.39999,286.64001,146684800
2020-04-20,282.60999,286.79001,281.35001,281.59,100109300
2020-04-21,276.73001,278.040009,272.019989,273.040009,126385700
2020-04-22,278.35001,281.0,276.91,279.10001,92951600
2020-04-23,280.48999,283.94,278.75,279.079987,104709700
2020-04-24,280.73001,283.70001,278.5,282.97,85063200
2020-04-27,285.12,288.26999,284.62,287.049988,77896600
2020-04-28,291.019989,291.39999,285.39999,285.73001,105270000
2020-04-29,291.53,294.88,290.41,293.20999,118745600
2020-04-30,291.70999,293.32001,288.59,290.48001,122901700
2020-05-01,285.31,290.66,281.51999,282.79001,125180000
2020-05-04,280.73999,283.89999,279.13,283.57001,80873200
2020-05-05,286.64001,289.25,283.70999,286.19,79569900
2020-05-06,288.040009,288.45999,283.78,284.25,73632600
2020-05-07,287.75,289.78,287.13,287.67999,75250400
2020-05-08,291.089996,292.95001,289.85999,292.44,76452400
2020-05-11,290.34,294.0,289.88,292.5,79514200
2020-05-12,293.79001,294.23999,286.51999,286.67001,95870800
2020-05-13,286.059998,287.19,278.95999,281.60001,144721100
2020-05-14,278.95001,285.10999,272.98999,284.97,121977900
2020-05-15,282.37,286.32999,281.34,286.28,111146300
2020-05-18,293.049988,296.75,292.70001,295.0,119703800
2020-05-19,294.35001,296.20999,291.95001,291.97,95189300
2020-05-20,295.82001,297.87,295.57001,296.92999,85861700
2020-05-21,296.79001,297.67001,293.69,294.88,78293900
2020-05-22,294.57001,295.63,293.22,295.44,63958200
2020-05-26,301.92999,302.19,295.45999,299.079987,88951400
2020-05-27,302.12,303.57001,296.87,303.53,104817400
2020-05-28,304.64999,306.84,302.23999,302.97,90405200
2020-05-29,302.45999,304.95999,299.47,304.32001,119090800
2020-06-01,303.62,306.20999,303.059998,305.54999,55758300
2020-06-02,306.54999,308.13,305.10001,308.079987,74267200
2020-06-03,310.23999,313.22,309.94,312.17999,92567600
2020-06-04,311.10999,313.0,309.079987,311.35999,75794400
2020-06-05,317.23001,321.26999,317.16,319.34,150524700
2020-06-08,320.22,323.41,319.63,323.20001,73641200
2020-06-09,320.29999,323.28,319.35999,320.79001,77479200
2020-06-10,321.42001,322.39001,318.22,319.0,95000800
2020-06-11,311.45999,312.14999,300.01001,300.60999,209243600
2020-06-12,308.23999,309.079987,298.60001,304.20999,194678900
2020-06-15,298.019989,308.28,296.73999,307.049988,135782700
2020-06-16,315.48001,315.64001,307.67001,312.95999,137627500
2020-06-17,314.070007,314.39001,310.85999,311.66,83398900
2020-06-18,310.01001,312.29999,309.51001,311.78,80828700
2020-06-19,314.17001,314.38,306.53,308.64001,135549600
2020-06-22,307.98999,311.049988,306.75,310.62,74649400
2020-06-23,313.48999,314.5,311.60999,312.049988,68471200
2020-06-24,309.84,310.51001,302.10001,304.089996,132813500
2020-06-25,303.47,307.64001,301.28,307.35001,89468000
2020-06-26,306.16,306.39001,299.42001,300.049988,127961000
2020-06-29,301.41,304.60999,298.92999,304.45999,79773300
2020-06-30,303.98999,310.20001,303.82001,308.35999,113394800
2020-07-01,309.57001,311.89001,309.070007,310.51999,72396500
2020-07-02,314.23999,315.70001,311.51001,312.23001,69344200
2020-07-06,316.37,317.67999,315.56,317.049988,61713800
2020-07-07,315.38,317.51999,313.37,313.78,82910000
2020-07-08,314.60999,316.29999,312.70001,316.17999,54638600
2020-07-09,316.84,317.10001,310.67999,314.38,83354200
2020-07-10,314.31,317.88,312.76001,317.59,57550400
2020-07-13,320.13,322.70999,314.13,314.84,102997500
2020-07-14,313.29999,319.76001,312.0,318.92001,93657000
2020-07-15,322.41,323.040009,319.26999,321.85001,87196500
2020-07-16,319.79001,321.28,319.089996,320.79001,54622500
2020-07-17,321.88,322.57001,319.73999,321.72,62774900
2020-07-20,321.42999,325.13,320.62,324.32001,56308800
2020-07-21,326.45001,326.92999,323.94,325.01001,57292200
2020-07-22,324.62,327.20001,324.5,326.85999,57792900
2020-07-23,326.47,327.23001,321.48001,322.95999,75738000
2020-07-24,320.95001,321.98999,319.25,320.88,73766600
2020-07-27,321.63,323.41,320.76999,323.22,48293000
2020-07-28,322.42999,323.64001,320.85001,321.17001,57495000
2020-07-29,322.12,325.73001,322.079987,325.12,48454200
2020-07-30,321.89999,324.41,319.64001,323.95999,61861700
2020-07-31,325.89999,326.63,321.32999,326.51999,84986800
2020-08-03,328.32001,329.62,327.73001,328.79001,53077900
2020-08-04,327.85999,330.059998,327.85999,330.059998,41917900
2020-08-05,331.47,332.39001,331.17999,332.10999,42697700
2020-08-06,331.48001,334.45999,331.13,334.32999,43679400
2020-08-07,333.28,334.88,332.29999,334.57001,57308300
2020-08-10,335.059998,335.76999,332.95999,335.57001,44282100
2020-08-11,336.85001,337.54001,332.01001,332.79999,69601100
2020-08-12,335.44,338.28,335.41,337.44,53774400
2020-08-13,336.60999,338.25,335.82999,336.82999,41816100
2020-08-14,336.41,337.42001,335.62,336.84,47260400
2020-08-17,337.94,338.34,336.85001,337.91,35481000
2020-08-18,338.34,339.10001,336.60999,338.64001,38733900
2020-08-19,339.049988,339.60999,336.62,337.23001,68054200
2020-08-20,335.35999,338.79999,335.22,338.28,42207800
2020-08-21,337.92001,339.72,337.54999,339.48001,55106600
2020-08-24,342.12,343.0,339.45001,342.92001,48588700
2020-08-25,343.53,344.20999,342.26999,344.12,38463400
2020-08-26,344.76001,347.85999,344.17001,347.57001,50790200
2020-08-27,348.51001,349.89999,346.53,348.32999,58034100
2020-08-28,349.44,350.72,348.14999,350.57999,48588900
2020-08-31,350.35001,351.29999,349.059998,349.31,66099200
2020-09-01,350.20999,352.70999,349.23999,352.60001,54908700
2020-09-02,354.67001,358.75,353.42999,357.70001,69540000
2020-09-03,355.87,356.38,342.59,345.39001,148011100
2020-09-04,346.13,347.82999,334.87,342.57001,139156300
2020-09-08,336.70999,342.64001,332.88,333.20999,114465300
2020-09-09,337.54999,342.45999,336.60999,339.79001,91462300
2020-09-10,341.82001,342.53,332.85001,333.89001,90569500
2020-09-11,335.82001,336.97,331.0,334.059998,84680200
2020-09-14,337.48999,340.38,334.22,338.45999,65605700
2020-09-15,341.12,342.019989,338.47,340.17001,52920900
2020-09-16,341.51001,343.059998,338.51999,338.82001,82096000
2020-09-17,333.56,337.70001,332.98999,335.84,91523300
2020-09-18,335.37,335.48999,327.97,330.64999,105877900
2020-09-21,325.70001,327.13,321.73001,326.97,99450800
2020-09-22,328.57001,330.89999,325.85999,330.29999,63612100
2020-09-23,330.89999,331.20001,322.10001,322.64001,93112200
2020-09-24,321.22,326.79999,319.79999,323.5,76681300
2020-09-25,322.57999,329.57999,321.64001,328.73001,71069400
2020-09-28,333.22,334.95999,332.14999,334.19,64584600
2020-09-29,333.97,334.76999,331.62,332.37,51304000
2020-09-30,333.089996,338.29001,332.88,334.89001,104081100
2020-10-01,337.69,338.73999,335.01001,337.040009,88698700
2020-10-02,331.70001,337.01001,331.19,333.84,89431100
2020-10-05,336.059998,339.95999,336.01001,339.76001,45713100
2020-10-06,339.91,342.17001,334.38,334.92999,90128900
2020-10-07,338.12,341.63,338.089996,340.76001,56999600
2020-10-08,342.85001,343.85001,341.85999,343.78,45242500
2020-10-09,345.56,347.35001,344.89001,346.85001,59528600
2020-10-12,349.59,354.019989,349.059998,352.42999,80388500
2020-10-13,352.28,352.47,349.089996,350.13,73255500
2020-10-14,350.75,351.92999,347.14001,347.92999,57727900
2020-10-15,343.70999,348.019989,343.13,347.5,60357700
2020-10-16,348.95999,350.75,347.10001,347.29001,89501900
2020-10-19,348.64999,349.32999,341.040009,342.01001,68425600
2020-10-20,343.45999,346.88,342.64001,343.38,60051900
2020-10-21,343.32999,345.67001,342.39999,342.73001,63575000
2020-10-22,342.95999,345.23999,340.64999,344.60999,55399300
2020-10-23,345.92999,345.98999,343.13,345.78,49143900
2020-10-26,342.13,342.98001,335.62,339.39001,91473000
2020-10-27,339.76001,340.12,337.98999,338.22,65994100
2020-10-28,332.10001,338.25,326.13,326.66,127094300
2020-10-29,326.91,333.39999,325.089996,329.98001,90597700
2020-10-30,328.28,329.69,322.60001,326.54001,120287300
2020-11-02,330.20001,332.35999,327.23999,330.20001,86068300
2020-11-03,333.69,338.25,330.29001,336.029999,93294200
2020-11-04,340.85999,347.94,339.59,343.54001,126959700
2020-11-05,349.23999,352.19,348.85999,350.23999,82039700
2020-11-06,349.92999,351.51001,347.64999,350.16,74973000
2020-11-09,363.97,364.38,354.059998,354.56,172304200
2020-11-10,353.48999,355.17999,350.51001,354.040009,85552000
2020-11-11,356.39999,357.56,355.059998,356.67001,58649000
2020-11-12,355.57999,356.72,351.26001,353.20999,67546200
2020-11-13,355.26999,358.89999,354.70999,358.10001,62892200
2020-11-16,360.98001,362.78,359.59,362.57001,74541100
2020-11-17,359.97,361.92001,358.34,360.62,66111000
2020-11-18,360.91,361.5,356.23999,356.28,70591300
2020-11-19,355.60001,358.17999,354.14999,357.78,59940900
2020-11-20,357.5,357.72,355.25,355.32999,70417300
2020-11-23,357.28,358.82001,354.87,357.45999,63230600
2020-11-24,360.20999,363.81,359.29001,363.22,62415900
2020-11-25,363.13,363.16,361.48001,362.66,45330900
2020-11-27,363.84,364.17999,362.57999,363.67001,28514100
2020-11-30,362.82999,363.12,359.17001,362.059998,83872700
2020-12-01,365.57001,367.67999,364.92999,366.019989,74231400
2020-12-02,364.82001,366.95999,364.20001,366.79001,45927000
2020-12-03,366.67999,368.19,365.5,366.69,62882000
2020-12-04,367.32001,369.85001,367.22,369.85001,50749900
2020-12-07,369.019989,369.62,367.72,369.089996,48944300
2020-12-08,367.72,370.78,367.67001,370.17001,42458900
2020-12-09,370.88,371.049988,365.95001,366.85001,74098300
2020-12-10,365.37,367.85999,364.42999,366.73001,57735400
2020-12-11,364.89999,366.73999,363.26001,366.29999,57698600
2020-12-14,368.64001,369.79999,364.47,364.66,69216200
2020-12-15,367.39999,369.59,365.92001,369.59,63865300
2020-12-16,369.82001,371.16,368.87,370.17001,58420500
2020-12-17,371.94,372.45999,371.049988,372.23999,64119500
2020-12-18,370.97,371.14999,367.019989,369.17999,136542300
2020-12-21,364.97,378.45999,362.029999,367.85999,96386700
2020-12-22,368.20999,368.32999,366.029999,367.23999,47949000
2020-12-23,368.28,369.62,367.22,367.57001,46201400
2020-12-24,368.079987,369.029999,367.45001,369.0,26457900
2020-12-28,371.73999,372.59,371.070007,372.17001,39000400
2020-12-29,373.81,374.0,370.82999,371.45999,53680500
2020-12-30,372.34,373.10001,371.57001,371.98999,49455300
2020-12-31,371.78,374.66,371.23001,373.88,78520700
2021-01-04,375.31,375.45001,364.82001,368.79001,110210800
2021-01-05,368.10001,372.5,368.049988,371.32999,66426200
2021-01-06,369.70999,376.98001,369.12,373.54999,107997700
2021-01-07,376.10001,379.89999,375.91,379.10001,68766800
2021-01-08,380.59,381.48999,377.10001,381.26001,71677200
2021-01-11,377.85001,380.57999,377.72,378.69,51034700
2021-01-12,378.89001,379.85999,376.35999,378.76999,52547700
2021-01-13,378.69,380.85999,377.85001,379.79001,45303600
2021-01-14,380.59,381.13,378.10001,378.45999,49989100
2021-01-15,376.72,377.57999,373.70001,375.70001,107160000
2021-01-19,378.34,379.23001,376.75,378.64999,51233300
2021-01-20,381.10999,384.79001,380.69,383.89001,61836100
2021-01-21,384.48999,384.95001,383.25,384.23999,47840100
2021-01-22,382.25,384.13,381.84,382.88,52860500
2021-01-25,383.67001,384.76999,378.45999,384.39001,70402000
2021-01-26,385.41,385.85001,383.54001,383.79001,42665300
2021-01-27,380.22,380.32001,372.01001,374.41,123351100
2021-01-28,376.35999,381.92999,375.89001,377.63,94198100
2021-01-29,375.63,376.67001,368.26999,370.070007,126765100
2021-02-01,373.72,377.34,370.38,376.23001,75817600
2021-02-02,379.64999,383.22,376.32001,381.54999,64450700
2021-02-03,382.44,383.70001,380.48001,381.85001,52427100
2021-02-04,382.95999,386.23999,381.97,386.19,47142600
2021-02-05,388.20001,388.47,386.14001,387.70999,48669800
2021-02-08,389.26999,390.56,388.35001,390.51001,38365200
2021-02-09,389.60999,390.89001,389.17001,390.25,35551100
2021-02-10,392.12,392.28,387.5,390.079987,59154400
2021-02-11,391.23999,391.69,388.10001,390.70999,42913300
2021-02-12,389.85001,392.89999,389.76999,392.64001,50593300
2021-02-16,393.95999,394.17001,391.53,392.29999,50972400
2021-02-17,390.42001,392.66,389.32999,392.39001,52290600
2021-02-18,389.59,391.51999,387.73999,390.72,59712800
2021-02-19,392.070007,392.38,389.54999,390.029999,83241000
2021-02-22,387.059998,389.62,386.73999,387.029999,67414200
2021-02-23,384.66,388.95001,380.20001,387.5,107284100
2021-02-24,386.32999,392.23001,385.26999,391.76999,72433900
2021-02-25,390.41,391.88,380.78,382.32999,146670500
2021-02-26,384.35001,385.57999,378.23001,380.35999,152701600
2021-03-01,385.59,390.92001,380.57001,389.57999,105348800
2021-03-02,389.82001,390.070007,386.0,386.54001,79595300
2021-03-03,385.79001,386.82999,381.31,381.42001,119940200
2021-03-04,381.22,384.0,371.88,376.70001,183433000
2021-03-05,380.45999,384.76001,372.64001,383.63,152039600
2021-03-08,384.66,387.67999,381.42001,381.72,123149200
2021-03-09,385.85001,389.91,385.31,387.17001,113633600
2021-03-10,389.69,391.39999,388.17001,389.57999,109899400
2021-03-11,392.23001,395.64999,391.73999,393.53,86245000
2021-03-12,392.070007,394.20999,391.20001,394.059998,64653600
2021-03-15,394.32999,396.69,392.029999,396.41,73427200
2021-03-16,397.070007,397.82999,395.079987,395.91,73722500
2021-03-17,394.53,398.12,393.29999,397.26001,97959300
2021-03-18,394.48001,396.72,390.75,391.48001,115349100
2021-03-19,389.88,391.57001,387.14999,389.48001,113624500
2021-03-22,390.029999,394.070007,389.97,392.59,73778600
2021-03-23,391.91,393.45999,388.66,389.5,90686600
2021-03-24,391.0,392.75,387.47,387.51999,97588600
2021-03-25,385.98001,390.54999,383.89999,389.70001,116128600
2021-03-26,390.92999,396.41,390.29001,395.98001,114409100
2021-03-29,394.39999,396.75,392.81,395.78,108107600
2021-03-30,394.42001,395.45001,393.019989,394.73001,76262200
2021-03-31,395.34,398.0,395.31,396.32999,112734200
2021-04-01,398.39999,400.67001,398.17999,400.60999,99682900
2021-04-05,403.45999,406.94,403.38,406.35999,91684800
2021-04-06,405.76001,407.23999,405.39999,406.12,62021000
2021-04-07,405.94,406.95999,405.45001,406.59,55836300
2021-04-08,407.92999,408.57999,406.92999,408.51999,57863100
2021-04-09,408.39001,411.67001,408.26001,411.48999,61104600
2021-04-12,410.85001,411.92999,410.20001,411.64001,56704900
2021-04-13,411.53,413.53,411.12,412.85999,56551000
2021-04-14,412.82999,413.95999,410.87,411.45001,61659900
2021-04-15,413.73999,416.16,413.69,415.87,60229800
2021-04-16,417.25,417.91,415.73001,417.26001,82037300
2021-04-19,416.26001,416.73999,413.79001,415.20999,78498500
2021-04-20,413.91,415.089996,410.59,412.17001,81851800
2021-04-21,411.51001,416.29001,411.35999,416.070007,66793000
2021-04-22,415.89001,416.78,411.13,412.26999,97582800
2021-04-23,412.87,418.25,412.79001,416.73999,73209200
2021-04-26,417.44,418.22,416.81,417.60999,52182400
2021-04-27,417.92999,418.14001,416.29999,417.51999,51303100
2021-04-28,417.81,419.01001,416.89999,417.39999,51238900
2021-04-29,420.32001,420.72,416.44,420.059998,78544300
2021-04-30,417.63,418.54001,416.34,417.29999,85527000
2021-05-03,419.42999,419.84,417.67001,418.20001,68128300
2021-05-04,416.070007,416.60001,411.67001,415.62,101591200
2021-05-05,417.38,417.63,415.14999,415.75,60162200
2021-05-06,415.82999,419.20999,413.67999,419.070007,74321400
2021-05-07,419.89001,422.82001,419.16,422.12,67733800
2021-05-10,422.5,422.73999,417.81,417.94,81852400
2021-05-11,413.10001,415.26999,410.059998,414.20999,116888000
2021-05-12,411.23001,412.59,404.0,405.41,134811000
2021-05-13,407.070007,412.35001,407.019989,410.28,106394000
2021-05-14,413.20999,417.48999,413.17999,416.57999,82201600
2021-05-17,415.39001,416.39001,413.35999,415.51999,65129200
2021-05-18,415.79999,416.059998,411.76999,411.94,59810200
2021-05-19,406.92001,411.049988,405.32999,410.85999,106467100
2021-05-20,411.79999,416.63,411.67001,415.28,78022200
2021-05-21,416.87,418.20001,414.45001,414.94,76578700
2021-05-24,417.34,420.32001,417.079987,419.17001,51376700
2021-05-25,420.32999,420.70999,417.62,418.23999,57451400
2021-05-26,418.87,419.60999,417.76001,419.070007,43088600
2021-05-27,420.17001,420.72,418.98999,419.29001,56707700
2021-05-28,420.97,421.25,419.79001,420.040009,58520200
2021-06-01,422.57001,422.72,419.20001,419.67001,54216600
2021-06-02,420.37,421.23001,419.29001,420.32999,49097100
2021-06-03,417.85001,419.98999,416.28,418.76999,58138800
2021-06-04,420.75,422.92001,418.84,422.60001,55938800
2021-06-07,422.59,422.78,421.19,422.19,51555000
2021-06-08,423.10999,423.20999,420.32001,422.28,47134300
2021-06-09,423.17999,423.26001,421.41,421.64999,48436300
2021-06-10,422.95999,424.63,421.54999,423.60999,51020100
2021-06-11,424.20001,424.42999,422.82001,424.31,45570800
2021-06-14,424.42999,425.37,423.10001,425.26001,42358500
2021-06-15,425.42001,425.45999,423.54001,424.48001,51508500
2021-06-16,424.63,424.87,419.92001,422.10999,80386100
2021-06-17,421.67001,423.019989,419.32001,421.97,90949700
2021-06-18,417.089996,417.82999,414.70001,414.92001,118676300
2021-06-21,416.79999,421.059998,415.92999,420.85999,72822000
2021-06-22,420.85001,424.0,420.079987,423.10999,57700300
2021-06-23,423.19,424.049988,422.51001,422.60001,49445400
2021-06-24,424.89001,425.54999,424.62,425.10001,45110300
2021-06-25,425.89999,427.089996,425.54999,426.60999,58129500
2021-06-28,427.17001,427.64999,425.89001,427.47,53159600
2021-06-29,427.88,428.56,427.13,427.70001,35970500
2021-06-30,427.20999,428.78,427.17999,428.059998,64827900
2021-07-01,428.87,430.60001,428.79999,430.42999,53441000
2021-07-02,431.67001,434.10001,430.51999,433.72,57697700
2021-07-06,433.78,434.01001,430.01001,432.92999,68710400
2021-07-07,433.66,434.76001,431.51001,434.45999,63549500
2021-07-08,428.78,431.73001,427.51999,430.92001,97595200
2021-07-09,432.53,435.84,430.70999,435.51999,76238600
2021-07-12,435.42999,437.35001,434.97,437.079987,52889600
2021-07-13,436.23999,437.84,435.31,435.59,52911300
2021-07-14,437.39999,437.92001,434.91,436.23999,64130400
2021-07-15,434.81,435.53,432.72,434.75,55126400
2021-07-16,436.01001,436.059998,430.92001,431.34,75874700
2021-07-19,426.19,431.41,421.97,424.97,147987000
2021-07-20,425.67999,432.42001,424.82999,431.059998,99608200
2021-07-21,432.34,434.70001,431.01001,434.54999,64724400
2021-07-22,434.73999,435.72,433.69,435.45999,47878500
2021-07-23,437.51999,440.29999,436.79001,439.94,63766600
2021-07-26,439.31,441.029999,439.26001,441.019989,43719200
2021-07-27,439.91,439.94,435.98999,439.01001,67397100
2021-07-28,439.67999,440.29999,437.31,438.82999,52472400
2021-07-29,439.82001,441.79999,439.81,440.64999,47435300
2021-07-30,437.91,440.059998,437.76999,438.51001,68951200
2021-08-02,440.34,440.92999,437.20999,437.59,58783300
2021-08-03,438.44,441.28,436.10001,441.14999,58053900
2021-08-04,439.78,441.12,438.73001,438.98001,46732200
2021-08-05,440.22,441.85001,439.88,441.76001,38969700
2021-08-06,442.10001,442.94,441.79999,442.48999,46930000
2021-08-09,442.45999,442.79999,441.31,442.13,41222600
2021-08-10,442.60999,443.44,441.88,442.67999,43339300
2021-08-11,443.82001,443.88,442.62,443.78,44034300
2021-08-12,443.62,445.26001,442.66,445.10999,38909400
2021-08-13,445.59,445.94,445.070007,445.92001,39470300
2021-08-16,444.53,447.10999,442.87,446.97,73740000
2021-08-17,444.23999,444.95999,440.85001,444.040009,92673900
2021-08-18,442.95999,444.63,438.92001,439.17999,89351900
2021-08-19,436.26999,441.14001,436.12,439.85999,92812200
2021-08-20,440.23001,443.70999,439.70999,443.35999,72008700
2021-08-23,445.16,448.23001,443.44,447.26001,54973000
2021-08-24,447.97,448.54001,447.42001,447.97,38744700
2021-08-25,448.17001,449.45999,447.76999,448.91,40529700
2021-08-26,448.60999,448.85999,446.16,446.26001,57829600
2021-08-27,447.12,450.64999,447.059998,450.25,77235100
2021-08-30,450.97,453.070007,450.70999,452.23001,48357400
2021-08-31,452.13,452.48999,450.92001,451.56,59300200
2021-09-01,452.56,453.10999,451.54999,451.79999,48721400
2021-09-02,453.32001,454.049988,451.91,453.19,42501000
2021-09-03,451.98001,453.63,451.54999,453.079987,47170500
2021-09-07,452.70999,452.81,450.73999,451.45999,51671500
2021-09-08,450.89001,451.67001,448.85999,450.91,56181900
2021-09-09,450.70001,452.57001,448.72,448.98001,57970400
2021-09-10,451.040009,451.48999,445.31,445.44,89948200
2021-09-13,448.64001,448.92001,444.10999,446.57999,83738600
2021-09-14,448.12,448.34,443.22,444.17001,78197100
2021-09-15,444.62,448.41,443.44,447.88,78792200
2021-09-16,447.32001,448.35999,444.019989,447.17001,77786700
2021-09-17,444.92001,445.37,441.019989,441.39999,118425000
2021-09-20,434.88,436.56,428.85999,434.040009,166445500
2021-09-21,436.53,437.91,433.070007,433.63,92526100
2021-09-22,436.049988,440.029999,433.75,437.85999,102350100
2021-09-23,439.85001,444.89001,439.60001,443.17999,76396000
2021-09-24,441.44,444.67001,441.20999,443.91,62094800
2021-09-27,442.81,444.049988,441.89999,442.64001,61371100
2021-09-28,439.69,440.040009,432.94,433.72,130436300
2021-09-29,435.19,437.040009,433.85001,434.45001,82329200
2021-09-30,436.019989,436.76999,428.78,429.14001,140506000
2021-10-01,430.98001,436.029999,427.23001,434.23999,129240100
2021-10-04,433.0,433.95999,426.35999,428.64001,128570000
2021-10-05,430.23999,435.48999,429.39001,433.10001,90682500
2021-10-06,429.26999,435.12,427.54001,434.89999,113032200
2021-10-07,438.39001,441.67999,438.20001,438.66,72437500
2021-10-08,439.48001,439.89001,437.19,437.85999,74557400
2021-10-11,437.16,440.26001,434.62,434.69,65233300
2021-10-12,435.67001,436.10001,432.78,433.62,71181200
2021-10-13,434.70999,436.049988,431.54001,435.17999,72974000
2021-10-14,439.079987,442.66,438.57999,442.5,70236800
2021-10-15,444.75,446.26001,444.089996,445.87,66260200
2021-10-18,443.97,447.54999,443.26999,447.19,62213200
2021-10-19,448.92001,450.70999,448.26999,450.64001,46996800
2021-10-20,451.13,452.73001,451.01001,452.41,49571600
2021-10-21,451.76999,453.82999,451.31,453.59,41305400
2021-10-22,453.13,454.67001,451.049988,453.12,58845100
2021-10-25,454.28,455.89999,452.39001,455.54999,45214500
2021-10-26,457.20001,458.48999,455.56,455.95999,56075100
2021-10-27,456.45001,457.16,453.85999,453.94,72438000
2021-10-28,455.45999,458.39999,455.45001,458.32001,51437900
2021-10-29,455.87,459.56,455.56,459.25,70162400
2021-11-01,460.29999,460.70001,458.20001,460.040009,48433600
2021-11-02,460.22,462.23001,460.079987,461.89999,48908400
2021-11-03,461.29999,465.14999,460.82999,464.72,52509800
2021-11-04,465.35999,467.0,464.98999,466.91,52847100
2021-11-05,469.28,470.64999,466.92001,468.53,66390600
2021-11-08,469.70001,470.23001,468.20001,468.92999,50405200
2021-11-09,469.32001,469.57001,465.88,467.38,51149100
2021-11-10,465.57999,467.38,462.040009,463.62,69429700
2021-11-11,465.20999,465.29001,463.75,463.76999,34848500
2021-11-12,465.12,467.85999,464.10999,467.26999,53466700
2021-11-15,468.64001,468.81,466.23001,467.42999,46980500
2021-11-16,467.14999,470.48999,467.070007,469.28,48857500
2021-11-17,469.0,469.19,467.48001,468.14001,47858300
2021-11-18,469.23999,470.01001,466.34,469.73001,50625600
2021-11-19,469.60999,470.94,468.5,468.89001,57315600
2021-11-22,470.89001,473.54001,467.35001,467.57001,72762000
2021-11-23,467.22,469.10001,464.45001,468.19,73206500
2021-11-24,466.059998,469.57001,465.19,469.44,61858800
2021-11-26,462.34,463.89999,457.76999,458.97,112669600
2021-11-29,464.070007,466.56,461.73001,464.60001,86268800
2021-11-30,462.0,464.029999,455.29999,455.56,148559600
2021-12-01,461.64001,464.67001,450.29001,450.5,131939200
2021-12-02,450.73001,459.070007,450.31,457.39999,127637800
2021-12-03,459.17001,460.29999,448.92001,453.42001,137331600
2021-12-06,456.13,460.79001,453.56,458.79001,98977500
2021-12-07,464.41,468.88,458.64999,468.28,95484700
2021-12-08,468.70001,470.0,466.82999,469.51999,72238800
2021-12-09,468.14999,469.63,466.14001,466.35001,61272600
2021-12-10,469.23001,470.89999,466.51001,470.73999,77159800
2021-12-13,470.19,470.56,466.26999,466.57001,87724700
2021-12-14,463.089996,465.73999,460.25,463.35999,97264100
2021-12-15,463.42001,470.85999,460.73999,470.60001,116899300
2021-12-16,472.57001,472.87,464.79999,466.45001,116568600
2021-12-17,461.54999,464.73999,458.059998,459.87,135511600
2021-12-20,454.48001,455.39999,451.14001,454.98001,107134800
2021-12-21,458.60999,463.20999,456.31,463.059998,69806300
2021-12-22,462.79001,467.81,462.57999,467.69,58890200
2021-12-23,468.75,472.19,468.64001,470.60001,56439700
2021-12-27,472.059998,477.31,472.01001,477.26001,56808600
2021-12-28,477.72,478.81,476.059998,476.87,47274600
2021-12-29,476.98001,478.56,475.92001,477.48001,54503000
2021-12-30,477.92999,479.0,475.67001,476.16,55329000
2021-12-31,475.64001,476.85999,474.67001,474.95999,65237400
2022-01-03,476.29999,477.85001,473.85001,477.70999,72668200
2022-01-04,479.22,479.98001,475.57999,477.54999,71178700
2022-01-05,477.16,477.98001,468.28,468.38,104538900
2022-01-06,467.89001,470.82001,465.42999,467.94,86858900
2022-01-07,467.95001,469.20001,464.64999,466.089996,85111600
2022-01-10,462.70001,465.73999,456.60001,465.51001,119362000
2022-01-11,465.23001,469.85001,462.049988,469.75,74303100
2022-01-12,471.59,473.20001,468.94,471.019989,67605400
2022-01-13,472.19,472.88,463.44,464.53,91173100
2022-01-14,461.19,465.089996,459.89999,464.72,95890900
2022-01-18,459.73999,459.95999,455.31,456.48999,109709100
2022-01-19,458.13,459.60999,451.45999,451.75,109357600
2022-01-20,453.75,458.73999,444.5,446.75,122379700
2022-01-21,445.56,448.059998,437.95001,437.98001,202271200
2022-01-24,432.029999,440.38,420.76001,439.84,251783900
2022-01-25,433.059998,439.72,427.14999,434.47,167997300
2022-01-26,440.72,444.040009,428.85999,433.38,186391100
2022-01-27,438.26001,441.59,429.45001,431.23999,149878300
2022-01-28,432.67999,442.0,427.82001,441.95001,164457400
2022-01-31,441.23999,450.28,439.81,449.91,152251400
2022-02-01,450.67999,453.63,446.94,452.95001,123155400
2022-02-02,455.5,458.12,453.049988,457.35001,117361000
2022-02-03,450.95001,452.97,445.70999,446.60001,118024400
2022-02-04,446.35001,452.78,443.82999,448.70001,118454400
2022-02-07,449.51001,450.98999,445.85001,447.26001,84472900
2022-02-08,446.73001,451.92001,445.22,450.94,81012000
2022-02-09,455.22,457.88,455.01001,457.54001,92589900
2022-02-10,451.34,457.70999,447.20001,449.32001,140103700
2022-02-11,449.41,451.60999,438.94,440.45999,153214600
2022-02-14,439.92001,441.60001,435.34,439.019989,123006300
2022-02-15,443.73001,446.28,443.17999,446.10001,88482700
2022-02-16,443.92999,448.059998,441.94,446.60001,84863600
2022-02-17,443.22,446.57001,436.42001,437.059998,102259100
2022-02-18,437.32999,438.66,431.82001,434.23001,132642900
2022-02-22,431.89001,435.5,425.85999,429.57001,124391800
2022-02-23,432.66,433.26001,421.35001,421.95001,132578000
2022-02-24,411.019989,428.76001,410.64001,428.29999,213942900
2022-02-25,429.60999,437.84,427.85999,437.75,121804500
2022-02-28,432.029999,438.20001,430.70001,436.63,145615000
2022-03-01,435.040009,437.17001,427.10999,429.98001,137785900
2022-03-02,432.37,439.72,431.57001,437.89001,117726500
2022-03-03,440.47,441.10999,433.79999,435.70999,105501700
2022-03-04,431.75,433.37,427.88,432.17001,113978200
2022-03-07,431.54999,432.29999,419.35999,419.42999,137896600
2022-03-08,419.62,427.20999,415.12,416.25,164772700
2022-03-09,425.14001,429.51001,422.82001,427.41,116990800
2022-03-10,422.51999,426.42999,420.44,425.48001,93972700
2022-03-11,428.12,428.76999,419.53,420.070007,95636300
2022-03-14,420.89001,424.54999,415.79001,417.0,95729200
2022-03-15,419.76999,426.84,418.42001,426.17001,106219100
2022-03-16,429.89001,435.67999,424.79999,435.62,144954800
2022-03-17,433.59,441.070007,433.19,441.070007,102676900
2022-03-18,438.0,444.85999,437.22,444.51999,106345500
2022-03-21,444.34,446.45999,440.67999,444.39001,88349800
2022-03-22,445.85999,450.57999,445.85999,449.59,74650400
2022-03-23,446.91,448.48999,443.70999,443.79999,79426100
2022-03-24,445.94,450.5,444.76001,450.48999,64736900
2022-03-25,451.16,452.98001,448.42999,452.69,77101300
2022-03-28,452.059998,455.91,450.059998,455.91,68529800
2022-03-29,460.019989,462.070007,457.17999,461.54999,86581500
2022-03-30,460.34,461.20001,456.47,458.70001,79666900
2022-03-31,457.89001,458.76001,451.16,451.64001,121699900
2022-04-01,453.31,453.45999,449.14001,452.92001,89048800
2022-04-04,453.13,456.91,452.26001,456.79999,59601000
2022-04-05,455.22,457.82999,449.82001,451.029999,74214500
2022-04-06,446.89001,448.92999,443.47,446.51999,106898000
2022-04-07,445.59,450.69,443.53,448.76999,78097200
2022-04-08,447.97,450.63,445.94,447.57001,79272700
2022-04-11,444.10999,445.0,439.39001,439.92001,89770500
2022-04-12,443.079987,445.75,436.64999,438.29001,84363600
2022-04-13,438.029999,444.10999,437.84,443.31,74070400
2022-04-14,443.54999,444.73001,437.67999,437.79001,97869500
2022-04-18,436.81,439.75,435.60999,437.97,66002500
2022-04-19,437.85999,445.79999,437.67999,445.040009,77821000
2022-04-20,446.92001,447.57001,443.48001,444.70999,65224400
2022-04-21,448.54001,450.01001,437.10001,438.059998,85417300
2022-04-22,436.91,438.079987,425.44,426.040009,132471800
2022-04-25,423.67001,428.69,418.84,428.51001,119647700
2022-04-26,425.82999,426.040009,416.070007,416.10001,103996300
2022-04-27,417.23999,422.92001,415.01001,417.26999,122030000
2022-04-28,422.29001,429.64001,417.60001,427.81,105449100
2022-04-29,423.59,425.87,411.20999,412.0,145491100
2022-05-02,412.070007,415.92001,405.019989,414.48001,158312500
2022-05-03,415.01001,418.92999,413.35999,416.38,100028200
2022-05-04,417.079987,429.66,413.70999,429.059998,144247900
2022-05-05,424.54999,425.0,409.44,413.81,172929100
2022-05-06,411.10001,414.79999,405.73001,411.34,151770800
2022-05-09,405.10001,406.41,396.5,398.17001,155586100
2022-05-10,404.48999,406.079987,394.82001,399.089996,132497200
2022-05-11,398.070007,404.040009,391.95999,392.75,142361000
2022-05-12,389.37,395.79999,385.14999,392.34,125090800
2022-05-13,396.70999,403.17999,395.60999,401.72,104174400
2022-05-16,399.98001,403.97,397.60001,400.089996,78622400
2022-05-17,406.53,408.57001,402.57999,408.32001,83029700
2022-05-18,403.5,403.79999,390.54999,391.85999,117674500
2022-05-19,388.62,394.14001,387.10999,389.45999,98510700
2022-05-20,393.25,397.029999,380.54001,389.63,131432200
2022-05-23,392.82999,397.73001,390.38,396.92001,76414900
2022-05-24,392.56,395.14999,386.95999,393.89001,91448800
2022-05-25,392.31,399.45001,391.89001,397.37,91472900
2022-05-26,398.67001,407.040009,398.45001,405.31,82168300
2022-05-27,407.91,415.38,407.70001,415.26001,84768700
2022-05-31,413.54999,416.45999,410.029999,412.92999,95937000
2022-06-01,415.17001,416.23999,406.92999,409.59,86585800
2022-06-02,409.42001,417.44,407.040009,417.39001,79609600
2022-06-03,412.39999,414.040009,409.51001,410.54001,71874300
2022-06-06,414.78,416.60999,410.54999,411.79001,57508900
2022-06-07,408.10001,416.22,407.60999,415.73999,59272400
2022-06-08,413.92999,415.82001,410.38,411.22,64350000
2022-06-09,409.34,411.73999,401.44,401.44,86289800
2022-06-10,394.88,395.78,389.75,389.79999,132893900
2022-06-13,379.85001,381.81,373.29999,375.0,170004900
2022-06-14,376.85001,377.94,370.59,373.87,104011800
2022-06-15,377.35999,383.89999,372.12,379.20001,125666800
2022-06-16,370.51001,370.94,364.079987,366.64999,134473300
2022-06-17,365.51001,369.38,362.17001,365.85999,111113900
2022-06-21,371.89001,376.53,371.81,375.070007,76811900
2022-06-22,370.62,378.72,370.17999,374.39001,90059400
2022-06-23,376.64001,378.82999,372.89001,378.059998,79292100
2022-06-24,381.39999,390.089996,381.37,390.079987,98050300
2022-06-27,391.049988,391.35999,387.44,388.59,66009600
2022-06-28,390.23001,393.16,380.53,380.64999,86548900
2022-06-29,381.23001,382.26999,378.42001,380.34,65676000
2022-06-30,376.23999,380.66,372.56,377.25,112508300
2022-07-01,376.56,381.70001,373.79999,381.23999,74839700
2022-07-05,375.88,381.98001,372.89999,381.95999,81438000
2022-07-06,382.10999,385.87,379.60001,383.25,70426200
2022-07-07,385.12,389.82999,383.26999,388.98999,64525900
2022-07-08,387.26999,390.64001,385.66,388.67001,72397800
2022-07-11,385.85001,386.87,383.5,384.23001,58366900
2022-07-12,383.64999,386.16,378.98999,380.82999,62219200
2022-07-13,375.10001,381.92001,374.66,378.82999,84224600
2022-07-14,373.60999,379.049988,371.040009,377.91,89704800
2022-07-15,382.54999,385.25,380.54001,385.13,79060400
2022-07-18,388.38,389.089996,380.66,381.95001,63203600
2022-07-19,386.079987,392.87,385.39001,392.26999,78506000
2022-07-20,392.47,396.26001,391.029999,394.76999,71843800
2022-07-21,394.16,398.84,391.63,398.79001,64903900
2022-07-22,398.92001,400.17999,392.75,395.089996,72197300
2022-07-25,395.75,396.47,393.20999,395.57001,53631500
2022-07-26,393.84,394.059998,389.95001,390.89001,52946400
2022-07-27,394.35999,402.88,394.049988,401.040009,82342100
2022-07-28,401.89001,406.79999,398.14999,406.070007,73966600
2022-07-29,407.57999,413.029999,406.76999,411.98999,87003700
2022-08-01,409.14999,413.41,408.39999,410.76999,69997500
2022-08-02,409.12,413.0,406.82001,408.059998,63435400
2022-08-03,410.29999,415.67999,410.0,414.45001,67820600
2022-08-04,414.37,415.089996,412.44,414.17001,45656600
2022-08-05,409.66,414.14999,409.60001,413.47,56814900
2022-08-08,415.25,417.62,411.82999,412.98999,53886100
2022-08-09,412.22,412.75,410.22,411.35001,44931800
2022-08-10,418.78,420.14001,416.72,419.98999,68665700
2022-08-11,422.98999,424.95001,419.20999,419.98999,59489700
2022-08-12,422.029999,427.20999,421.029999,427.10001,61694500
2022-08-15,424.76999,429.41,424.70999,428.85999,54048300
2022-08-16,427.73001,431.73001,426.88,429.70001,59289000
2022-08-17,425.91,429.5,424.54001,426.64999,63563400
2022-08-18,426.85999,428.60999,425.5,427.89001,49023200
2022-08-19,424.98001,425.26001,421.22,422.14001,68016900
2022-08-22,417.049988,417.23001,412.39999,413.35001,77695600
2022-08-23,412.89999,415.42001,411.76999,412.35001,49105200
2022-08-24,412.10999,415.10999,411.39001,413.67001,49177800
2022-08-25,415.23999,419.56,414.089996,419.51001,50942300
2022-08-26,419.39001,419.95999,405.25,405.31,103087000
2022-08-29,402.20001,405.84,401.20001,402.63,65370800
2022-08-30,403.85001,404.10001,396.0,398.20999,85652400
2022-08-31,399.92999,401.23999,395.040009,395.17999,76029700
2022-09-01,392.89001,396.78,390.040009,396.42001,78740100
2022-09-02,400.28,401.56,390.32999,392.23999,99632100
2022-09-06,393.13,394.12,388.42001,390.76001,76637400
2022-09-07,390.42999,398.59,390.20001,397.78,70964200
2022-09-08,395.39001,400.85999,394.12,400.38,80821700
2022-09-09,402.73999,407.51001,402.45999,406.60001,76706900
2022-09-12,408.78,411.73001,408.45999,410.97,69256300
2022-09-13,401.82999,403.10001,391.92001,393.10001,122947100
2022-09-14,394.47,396.20001,391.12,394.60001,85023700
2022-09-15,392.95999,395.95999,388.78,390.12,87633800
2022-09-16,384.14001,386.25,382.10999,385.56,103084800
2022-09-19,382.26001,388.54999,382.17999,388.54999,73278500
2022-09-20,385.059998,386.12,381.20001,384.089996,77274900
2022-09-21,386.10999,389.31,377.38,377.39001,106746600
2022-09-22,376.57999,378.29999,373.44,374.22,89472600
2022-09-23,370.57999,370.62,363.29001,367.95001,122346900
2022-09-26,366.41,370.20999,363.029999,364.31,92581200
2022-09-27,368.019989,370.39999,360.87,363.38,108294100
2022-09-28,364.38,372.29999,362.60001,370.53,110802200
2022-09-29,366.81,367.10999,359.70001,362.79001,112952300
2022-09-30,361.79999,365.91,357.040009,357.17999,153711200
2022-10-03,361.079987,368.54999,359.20999,366.60999,89756500
2022-10-04,372.39999,378.0,366.57001,377.97,103602800
2022-10-05,373.39001,379.45999,370.95001,377.089996,88065700
2022-10-06,375.62,378.72,372.67999,373.20001,82333500
2022-10-07,368.97,373.29001,360.94,362.79001,107789500
2022-10-10,363.95999,364.20999,357.67001,360.019989,76042800
2022-10-11,358.23999,363.029999,355.70999,357.73999,92482800
2022-10-12,358.17001,359.82001,356.29999,356.56,76991800
2022-10-13,349.20999,367.51001,348.10999,365.97,147254500
2022-10-14,368.54999,370.26001,356.95999,357.63,123737000
2022-10-17,364.01001,367.98001,357.28,366.82001,93168200
2022-10-18,375.13,375.45001,367.51999,371.13,97162900
2022-10-19,368.98999,371.85001,365.54999,368.5,79746900
2022-10-20,368.029999,372.67001,364.60999,365.41,88283100
2022-10-21,365.12,374.79999,363.54001,374.29001,131038400
2022-10-24,375.89001,380.059998,373.10999,378.87,85436900
2022-10-25,378.79001,385.25,378.67001,384.92001,78846300
2022-10-26,381.62,387.57999,381.35001,382.019989,104087300
2022-10-27,383.070007,385.0,379.32999,379.98001,81971800
2022-10-28,379.87,389.51999,379.67999,389.019989,100302000
2022-10-31,386.44,388.39999,385.26001,386.20999,96631300
2022-11-01,390.14001,390.39001,383.29001,384.51999,85407600
2022-11-02,383.89999,388.63,374.76001,374.87,126990400
2022-11-03,371.47,374.20001,368.79001,371.01001,87100100
2022-11-04,377.0,378.87,370.0,376.35001,103505200
2022-11-07,377.70999,380.57001,375.53,379.95001,68286900
2022-11-08,381.10999,385.12,377.72,382.0,84641100
2022-11-09,379.92999,381.14001,373.60999,374.13,78495500
2022-11-10,388.049988,395.040009,385.64001,394.69,141455800
2022-11-11,395.59,399.35001,393.60999,398.51001,93839900
2022-11-14,396.66,400.17999,394.82999,395.12,71903500
2022-11-15,401.14999,402.31,394.48999,398.48999,93194500
2022-11-16,396.78,397.78,394.79001,395.45001,68508500
2022-11-17,390.45999,394.95001,390.14001,394.23999,74496300
2022-11-18,397.73999,397.81,393.040009,396.029999,92922500
2022-11-21,394.64001,395.82001,392.66,394.59,51243200
2022-11-22,396.63,400.070007,395.14999,399.89999,60429000
2022-11-23,399.54999,402.92999,399.31,402.42001,68261600
2022-11-25,401.82999,402.91,401.54001,402.32999,30545400
2022-11-28,399.089996,400.81,395.10999,395.91,67881600
2022-11-29,396.049988,397.29999,393.29999,395.23001,52310000
2022-11-30,395.48999,407.67999,393.48001,407.67999,144566700
2022-12-01,408.76999,410.0,404.75,407.38,76398200
2022-12-02,402.25,407.85999,402.14001,406.91,85342700
2022-12-05,403.95001,404.92999,398.17001,399.59,77289800
2022-12-06,399.42001,399.98999,391.64001,393.82999,77972200
2022-12-07,392.94,395.64001,391.97,393.16,65927900
2022-12-08,395.14001,397.35999,393.26999,396.23999,60737900
2022-12-09,394.94,397.62,393.14999,393.28,81447700
2022-12-12,394.10999,398.95001,393.41,398.95001,75405800
2022-12-13,410.22,410.48999,399.070007,401.97,123782500
2022-12-14,401.60999,405.5,396.31,399.39999,108111300
2022-12-15,394.29999,395.25,387.89001,389.63,117705900
2022-12-16,385.17999,386.57999,381.040009,383.26999,119858000
2022-12-19,383.47,383.82001,378.28,380.019989,79878100
2022-12-20,379.23001,382.23001,377.85001,380.54001,74427200
2022-12-21,383.25,387.41,382.69,386.23001,78167400
2022-12-22,383.049988,386.20999,374.76999,380.72,100120900
2022-12-23,379.64999,383.059998,378.029999,382.91,59857300
2022-12-27,382.79001,383.14999,379.64999,381.39999,51638200
2022-12-28,381.32999,383.39001,376.42001,376.66,70911500
2022-12-29,379.63,384.35001,379.079987,383.44,66970900
2022-12-30,380.64001,382.57999,378.42999,382.42999,84022200
2023-01-03,384.37,386.42999,377.82999,380.82001,74850700
2023-01-04,383.17999,385.88,380.0,383.76001,85934100
2023-01-05,381.72,381.84,378.76001,379.38,76970500
2023-01-06,382.60999,389.25,379.41,388.079987,104189600
2023-01-09,390.37,393.70001,387.67001,387.85999,73978100
2023-01-10,387.25,390.64999,386.26999,390.57999,65358100
2023-01-11,392.23001,395.60001,391.38,395.51999,68881100
2023-01-12,396.67001,398.48999,392.42001,396.95999,90157700
2023-01-13,393.62,399.10001,393.34,398.5,63903900
2023-01-17,398.48001,400.23001,397.059998,397.76999,62677300
2023-01-18,399.01001,400.12,391.28,391.48999,99632300
2023-01-19,389.35999,391.079987,387.26001,388.64001,86958900
2023-01-20,390.10001,396.040009,388.38,395.88,91806400
2023-01-23,396.72,402.64999,395.72,400.63,84178800
2023-01-24,398.88,401.14999,397.64001,400.20001,59524900
2023-01-25,395.95001,400.70001,393.56,400.35001,84800300
2023-01-26,403.13,404.92001,400.029999,404.75,72287400
2023-01-27,403.66,408.16,403.44,405.67999,68346200
2023-01-30,402.79999,405.13,400.28,400.59,74202000
2023-01-31,401.13,406.53,400.76999,406.48001,86811800
2023-02-01,405.20999,413.67001,402.35001,410.79999,101459200
2023-02-02,414.85999,418.31,412.88,416.78,101654500
2023-02-03,411.59,416.97,411.089996,412.35001,94736800
2023-02-06,409.79001,411.29001,408.10001,409.82999,60295300
2023-02-07,408.87,416.48999,407.57001,415.19,90990700
2023-02-08,413.13,414.53,409.92999,410.64999,76227500
2023-02-09,414.41,414.57001,405.81,407.089996,78694900
2023-02-10,405.85999,408.44,405.01001,408.040009,70769700
2023-02-13,408.72,412.97,408.23999,412.82999,64913500
2023-02-14,411.23999,415.049988,408.51001,412.64001,88389300
2023-02-15,410.35001,414.059998,409.47,413.98001,61555700
2023-02-16,408.79001,412.91,408.14001,408.28,76431500
2023-02-17,406.059998,407.51001,404.049988,407.26001,89257800
2023-02-21,403.059998,404.16,398.82001,399.089996,82655900
2023-02-22,399.51999,401.13,397.019989,398.54001,83742300
2023-02-23,401.56,402.20001,396.25,400.66,96242400
2023-02-24,395.42001,397.25,393.64001,396.38,108194400
2023-02-27,399.87,401.29001,396.75,397.73001,80444700
2023-02-28,397.23001,399.28,396.14999,396.26001,96438600
2023-03-01,395.41,396.69,393.38,394.73999,99706800
2023-03-02,392.67999,398.69,392.32999,397.81,85127800
2023-03-03,399.70999,404.45001,399.029999,404.19,90120000
2023-03-06,405.049988,407.45001,404.01001,404.47,72795900
2023-03-07,404.42001,404.67001,397.63,398.26999,108310600
2023-03-08,398.39001,399.70999,396.59,398.92001,74746600
2023-03-09,399.73999,401.48001,390.53,391.56,111945300
2023-03-10,390.98999,393.16,384.32001,385.91,189253000
2023-03-13,381.81,390.39001,380.64999,385.35999,157790000
2023-03-14,390.5,393.45001,387.049988,391.73001,149752400
2023-03-15,385.89001,389.48999,383.70999,389.28,172996900
2023-03-16,386.82001,396.47,386.29001,396.10999,143254200
2023-03-17,393.22,394.39999,388.54999,389.98999,140553400
2023-03-20,390.79999,394.17001,390.070007,393.73999,93055800
2023-03-21,397.23999,399.41,395.57999,398.91,91524200
2023-03-22,398.73001,402.48999,392.070007,392.10999,111746600
2023-03-23,395.089996,399.29001,390.35001,393.17001,119351300
2023-03-24,391.84,395.84,389.39999,395.75,107682400
2023-03-27,398.12,398.92001,395.56,396.48999,74010400
2023-03-28,395.76999,396.48999,393.69,395.60001,62871700
2023-03-29,399.92999,401.60001,398.67999,401.35001,77497900
2023-03-30,404.089996,404.35001,401.76001,403.70001,69840000
2023-03-31,404.66,409.70001,404.54999,409.39001,112062600
2023-04-03,408.85001,411.37,408.44,410.95001,67391100
2023-04-04,411.62,411.92001,407.23999,408.67001,66601500
2023-04-05,407.91,408.70001,405.88,407.60001,65200200
2023-04-06,406.76999,409.48001,405.67999,409.19,63743300
2023-04-10,406.60999,409.69,405.97,409.60999,63681000
2023-04-11,410.26001,411.17999,408.92001,409.72,59297900
2023-04-12,411.87,412.17001,407.44,408.049988,86420400
2023-04-13,409.17999,413.84,407.98999,413.47,85814800
2023-04-14,412.81,415.089996,410.059998,412.45999,78161500
2023-04-17,412.37,413.95999,411.089996,413.94,66436400
2023-04-18,415.57999,415.72,412.78,414.20999,63560000
2023-04-19,412.22,415.079987,412.16,414.14001,55227300
2023-04-20,411.20999,413.70001,410.26999,411.88,75840400
2023-04-21,412.19,412.67999,410.17001,412.20001,73457400
2023-04-24,411.98999,413.070007,410.60001,412.63,64332100
2023-04-25,410.57999,411.16,406.019989,406.079987,97766700
2023-04-26,406.72,407.84,403.78,404.35999,80447000
2023-04-27,407.0,412.69,406.73999,412.41,92968400
2023-04-28,411.48999,415.94,411.42999,415.92999,89433100
2023-05-01,415.47,417.62,415.26999,415.51001,62122300
2023-05-02,414.76999,414.82001,407.82001,410.84,103998500
2023-05-03,411.35999,413.87,407.76999,408.019989,91531800
2023-05-04,406.92999,407.26999,403.73999,405.13,94901900
2023-05-05,408.91,413.72,408.64001,412.63,87891800
2023-05-08,412.97,413.23999,411.28,412.73999,50046800
2023-05-09,411.13,412.089996,410.69,410.92999,49220100
2023-05-10,413.88,414.54001,408.87,412.85001,96142900
2023-05-11,411.95001,412.42999,409.97,412.13,70157100
2023-05-12,413.42001,413.64001,409.070007,411.59,70481500
2023-05-15,412.22,413.42999,410.23001,413.01001,54289400
2023-05-16,411.85999,412.82001,410.23999,410.25,57705500
2023-05-17,412.35001,415.85999,410.64001,415.23001,87287000
2023-05-18,414.89999,419.67001,414.67001,419.23001,97177200
2023-05-19,420.17001,420.72,417.35001,418.62,103793300
2023-05-22,418.64001,420.39001,417.35001,418.79001,60745400
2023-05-23,417.079987,418.72,413.67999,414.089996,86383500
2023-05-24,412.42001,412.82001,409.88,411.089996,89213700
2023-05-25,414.73999,416.16,412.41,414.64999,90961600
2023-05-26,415.32999,420.76999,415.25,420.019989,93830000
2023-05-30,422.029999,422.57999,418.73999,420.17999,72216000
2023-05-31,418.28,419.22,416.22,417.85001,110811800
2023-06-01,418.089996,422.92001,416.79001,421.82001,88865000
2023-06-02,424.5,428.73999,423.95001,427.92001,91426200
2023-06-05,428.28,429.62,426.37,427.10001,65460200
2023-06-06,426.67001,428.57999,425.98999,428.029999,64022200
2023-06-07,428.44,429.62,426.10999,426.54999,85373300
2023-06-08,426.62,429.60001,425.82001,429.13,61952800
2023-06-09,429.95999,431.98999,428.87,429.89999,85742800
2023-06-12,430.92001,433.88,430.17001,433.79999,76104300
2023-06-13,435.32001,437.32999,434.63,436.66,95899700
2023-06-14,437.01001,439.059998,433.59,437.17999,100612100
2023-06-15,436.32999,443.89999,436.23001,442.60001,110303100
2023-06-16,443.019989,443.60999,438.97,439.45999,114165800
2023-06-20,437.45001,438.37,435.029999,437.17999,76160400
2023-06-21,436.16,436.98999,434.32999,434.94,76982300
2023-06-22,433.95001,436.62,433.60001,436.51001,70637200
2023-06-23,432.92999,435.059998,432.47,433.20999,92074500
2023-06-26,432.62,434.60999,431.19,431.44,72823600
2023-06-27,432.35001,436.81,431.88,436.17001,72813700
2023-06-28,435.049988,437.44,434.41,436.39001,75636000
2023-06-29,435.95999,438.28,435.54001,438.10999,67882300
2023-06-30,441.44,444.29999,441.10999,443.28,104964000
2023-07-03,442.92001,444.079987,442.63,443.79001,32793400
2023-07-05,441.91,443.89001,441.89999,443.13,58418400
2023-07-06,439.42001,440.10001,437.059998,439.66,80658300
2023-07-07,438.63,442.64001,438.29999,438.54999,86134200
2023-07-10,438.17999,439.84,437.59,439.66,62443500
2023-07-11,440.45001,442.97,439.44,442.45999,64463800
2023-07-12,446.39001,447.48001,444.91,446.019989,91924500
2023-07-13,447.89999,450.38,447.45001,449.56,72425200
2023-07-14,450.48001,451.35999,448.48999,449.28,69815800
2023-07-17,449.13,451.92999,449.079987,450.84,52680200
2023-07-18,450.5,454.85999,450.049988,454.19,80668200
2023-07-19,455.01001,456.42999,454.10999,455.20001,65891700
2023-07-20,454.17001,455.10001,451.44,452.17999,70591600
2023-07-21,453.95999,454.17001,452.17001,452.17999,71275600
2023-07-24,453.37,455.040009,452.29999,454.20001,54023400
2023-07-25,453.92001,456.73999,453.87,455.44,55191200
2023-07-26,454.47,456.98999,453.38,455.51001,71052900
2023-07-27,459.019989,459.44,451.54999,452.48999,92194400
2023-07-28,455.88,457.78,452.48999,456.92001,80011800
2023-07-31,457.41,458.16,456.049988,457.79001,62040400
2023-08-01,456.26999,457.25,455.48999,456.48001,55291500
2023-08-02,453.25,453.51999,449.35001,450.13,93933400
2023-08-03,448.040009,450.79001,447.37,448.84,64276100
2023-08-04,450.72,452.89999,446.26999,446.81,100128900
2023-08-07,448.70999,450.87,447.98999,450.70999,58357500
2023-08-08,448.079987,450.70001,445.26999,448.75,71361300
2023-08-09,449.029999,449.20001,444.95999,445.75,78789600
2023-08-10,448.19,451.70001,444.70001,445.91,93005500
2023-08-11,443.97,446.70001,443.35001,445.64999,68690900
2023-08-14,444.70001,448.10999,444.38,448.10999,47867400
2023-08-15,446.26999,446.64001,442.29999,442.89001,75707500
2023-08-16,442.45999,444.17999,439.53,439.64001,80107200
2023-08-17,441.16,441.42999,435.75,436.29001,95711300
2023-08-18,433.37,437.57001,433.01001,436.5,98852000
2023-08-21,437.54999,440.10999,435.32001,439.34,68719000
2023-08-22,441.17999,441.17999,437.57001,438.14999,64994200
2023-08-23,439.25,443.67001,439.10001,443.029999,68441000
2023-08-24,444.69,445.22,436.85999,436.89001,88517300
2023-08-25,438.67999,441.29999,435.0,439.97,102325100
2023-08-28,442.23999,443.39999,439.97,442.76001,61595400
2023-08-29,442.64999,449.45001,442.45999,449.16,83081900
2023-08-30,449.51001,451.67001,448.78,451.01001,69053900
2023-08-31,451.64999,452.82999,450.16,450.35001,66084600
2023-09-01,453.17001,453.67001,449.67999,451.19,58944100
2023-09-05,450.73001,451.059998,449.17001,449.23999,55166200
2023-09-06,448.39999,448.51001,443.81,446.22,70758500
2023-09-07,443.10999,445.54999,442.75,444.85001,70355400
2023-09-08,444.89999,447.10999,444.53,445.51999,61659700
2023-09-11,448.23999,448.76999,446.47,448.45001,60180100
2023-09-12,446.95001,448.53,445.39001,445.98999,67565400
2023-09-13,446.22,447.70999,445.079987,446.51001,60199300
2023-09-14,449.070007,451.079987,447.72,450.35999,83430800
2023-09-15,447.14001,447.48001,442.92001,443.37,111848900
2023-09-18,443.049988,444.97,442.56,443.63,55752200
2023-09-19,442.67999,443.29001,439.94,442.70999,66514600
2023-09-20,444.01001,444.44,438.42999,438.64001,82562600
2023-09-21,435.70001,435.97,431.23001,431.39001,104095800
2023-09-22,432.45001,434.10001,429.98999,430.42001,100829700
2023-09-25,429.17001,432.26999,428.72,432.23001,70874500
2023-09-26,429.089996,429.82001,425.019989,425.88,96168400
2023-09-27,427.089996,427.67001,422.29001,426.049988,104705800
2023-09-28,425.48001,430.25,424.87,428.51999,92258300
2023-09-29,431.67001,431.85001,425.91,427.48001,115111300
2023-10-02,426.62,428.60001,424.45999,427.31,83798600
2023-10-03,425.059998,427.37,420.17999,421.59,103760600
2023-10-04,422.070007,425.42999,420.56,424.66,87453000
2023-10-05,424.35999,425.37,421.17001,424.5,70142700
2023-10-06,421.97,431.13,420.60001,429.54001,113273300
2023-10-09,427.57999,432.88,427.01001,432.29001,80374400
2023-10-10,432.94,437.22,432.53,434.54001,78607300
2023-10-11,435.64001,436.57999,433.17999,436.32001,62451700
2023-10-12,436.95001,437.34,431.23001,433.66,81154200
2023-10-13,435.20999,436.45001,429.88,431.5,95143100
2023-10-16,433.82001,437.14001,433.57001,436.040009,75433200
2023-10-17,432.81,438.14001,432.45001,436.019989,75324700
2023-10-18,434.19,435.17999,429.089996,430.20999,93559800
2023-10-19,430.95001,432.82001,425.73001,426.42999,121323000
2023-10-20,425.98001,426.54001,421.079987,421.19,123919900
2023-10-23,419.60999,424.45001,417.79999,420.45999,92035100
2023-10-24,422.64999,424.82001,420.73999,423.63,78564200
2023-10-25,421.89001,421.92001,417.019989,417.54999,94223200
2023-10-26,416.45001,417.32999,411.60001,412.54999,115156800
2023-10-27,414.19,414.60001,409.20999,410.67999,107367700
2023-10-30,413.56,416.67999,412.22,415.59,86562700
2023-10-31,416.17999,418.53,414.20999,418.20001,79665200
2023-11-01,419.20001,423.5,418.64999,422.66,98068100
2023-11-02,426.57999,430.92001,426.56,430.76001,94938900
2023-11-03,433.14001,436.29001,433.01001,434.69,100167800
2023-11-06,435.47,436.14999,433.67999,435.69,67831700
2023-11-07,435.69,437.59,434.51001,436.92999,64256100
2023-11-08,437.54999,438.089996,434.87,437.25,61746000
2023-11-09,438.42999,438.47,433.39999,433.84,83174400
2023-11-10,435.98001,440.92999,433.82999,440.60999,89462200
2023-11-13,439.23001,441.32999,438.42001,440.19,52236100
2023-11-14,446.32001,450.059998,446.089996,448.73001,97176900
2023-11-15,450.10999,451.38,448.79999,449.67999,77327600
2023-11-16,449.22,450.56,448.12,450.23001,66665800
2023-11-17,450.23999,451.42001,449.29001,450.79001,83133200
2023-11-20,450.53,455.13,450.51999,454.26001,69936200
2023-11-21,453.17999,454.13,451.95999,453.26999,49244600
2023-11-22,454.98001,456.38,453.89001,455.019989,59394900
2023-11-24,455.070007,455.5,454.73001,455.29999,29737400
2023-11-27,454.64999,455.48999,454.079987,454.48001,50506000
2023-11-28,454.079987,456.26999,453.5,454.92999,62115000
2023-11-29,457.14999,458.32001,454.20001,454.60999,63146000
2023-11-30,455.48001,456.76001,453.34,456.39999,79752700
2023-12-01,455.76999,459.64999,455.16,459.10001,89183400
2023-12-04,455.60001,459.12,454.34,456.69,72430900
2023-12-05,455.26001,457.59,454.87,456.60001,69793500
2023-12-06,458.81,458.84,454.31,454.76001,69124700
2023-12-07,456.91,458.89999,456.29001,458.23001,66995400
2023-12-08,457.45999,460.75,457.20999,460.20001,83194400
2023-12-11,459.69,462.17001,459.47,461.98999,65002200
2023-12-12,461.63,464.20001,460.60001,464.10001,68327600
2023-12-13,464.48999,470.76001,464.12,470.5,93278000
2023-12-14,472.5,473.73001,469.25,472.01001,119026000
2023-12-15,469.48999,470.70001,467.42999,469.32999,141553700
2023-12-18,470.98001,472.98001,469.89001,471.97,70375300
2023-12-19,472.53,474.92001,472.45001,474.84,55761800
2023-12-20,473.95999,475.89999,467.82001,468.26001,102921000
2023-12-21,471.32999,472.98001,468.84,472.70001,86667500
2023-12-22,473.85999,475.38,471.70001,473.64999,67160400
2023-12-26,474.070007,476.57999,473.98999,475.64999,55387000
2023-12-27,475.44,476.66,474.89001,476.51001,68000300
2023-12-28,476.88,477.54999,476.26001,476.69,77158100
2023-12-29,476.48999,477.029999,473.29999,475.31,122283100
2024-01-02,472.16,473.67001,470.48999,472.64999,123623700
2024-01-03,470.42999,471.19,468.17001,468.79001,103585900
2024-01-04,468.29999,470.95999,467.049988,467.28,84232200
2024-01-05,467.48999,470.44,466.42999,467.92001,86118900
2024-01-08,468.42999,474.75,468.29999,474.60001,74879100
2024-01-09,471.87,474.92999,471.35001,473.88,65931400
2024-01-10,474.16,477.45001,473.87,476.56,67310600
2024-01-11,477.59,478.12,472.26001,476.35001,77940700
2024-01-12,477.84,478.60001,475.23001,476.67999,58026400
2024-01-16,475.26001,476.60999,473.059998,474.92999,85014900
2024-01-17,471.82001,472.79001,469.87,472.29001,68843900
2024-01-18,474.01001,477.059998,472.42001,476.48999,91856200
2024-01-19,477.64999,482.72,476.54001,482.42999,110834500
2024-01-22,484.01001,485.22,482.78,483.45001,75844900
2024-01-23,484.01001,485.10999,482.89001,484.85999,49945300
2024-01-24,487.81,488.76999,484.88,485.39001,81765000
2024-01-25,487.57999,488.31,485.39001,488.029999,72525000
2024-01-26,487.59,489.12,486.54001,487.41,76641600
2024-01-29,487.73001,491.42001,487.17001,491.26999,61322800
2024-01-30,490.56,491.62,490.10999,490.89001,58618400
2024-01-31,488.62,489.079987,482.85999,482.88,126011100
2024-02-01,484.63,489.23001,483.79999,489.20001,91891600
2024-02-02,489.64999,496.049988,489.29999,494.35001,99228200
2024-02-05,493.70001,494.38,490.23001,492.54999,75757100
2024-02-06,493.51999,494.32001,492.049988,493.98001,55918600
2024-02-07,496.29001,498.53,495.35999,498.10001,70556500
2024-02-08,498.10001,498.70999,497.26001,498.32001,52343600
2024-02-09,498.84,501.64999,498.48999,501.20001,63979400
2024-02-12,501.17001,503.5,500.23999,500.98001,56502300
2024-02-13,494.53,497.089996,490.72,494.079987,113099200
2024-02-14,496.79001,499.070007,494.39999,498.57001,68387800
2024-02-15,499.29001,502.20001,498.79999,502.01001,61683000
2024-02-16,501.70001,502.87,498.75,499.51001,75532900
2024-02-20,497.72,498.41,494.45001,496.76001,71736700
2024-02-21,495.42001,497.37,493.56,497.20999,59293400
2024-02-22,504.01001,508.48999,503.019989,507.5,76402500
2024-02-23,509.26999,510.13,507.10001,507.85001,61321800
2024-02-26,508.29999,508.75,505.85999,505.98999,50386700
2024-02-27,506.70001,507.16,504.75,506.92999,48854500
2024-02-28,505.32999,506.85999,504.95999,506.26001,56506600
2024-02-29,508.070007,509.73999,505.35001,508.079987,83924800
2024-03-01,508.98001,513.28998,508.56,512.84998,76844800
2024-03-04,512.030029,514.20001,512.0,512.29999,49799300
2024-03-05,510.23999,510.70001,504.91,507.17999,72855600
2024-03-06,510.54999,512.070007,508.42001,509.75,68382400
2024-03-07,513.14001,515.89001,509.81,514.81,58652100
2024-03-08,515.46002,518.21997,511.13,511.72,86532500
2024-03-11,510.48001,511.88,508.5,511.28,62557200
2024-03-12,513.45001,517.38,510.85999,516.78003,73114400
2024-03-13,517.10999,517.28998,514.48999,515.96997,55104100
2024-03-14,516.96997,517.13,511.82001,514.95001,110171800
2024-03-15,510.20999,511.70001,508.12,509.82999,107646300
2024-03-18,514.0,515.47998,512.44,512.85999,88893300
2024-03-19,512.15002,516.0,511.12,515.71002,60755300
2024-03-20,515.77002,520.62,515.080017,520.47998,69594600
2024-03-21,523.39001,524.10999,521.90997,522.20001,60256100
2024-03-22,522.10999,522.60999,520.96997,521.21002,79070800
2024-03-25,519.79999,520.95001,519.60999,519.77002,48512100
2024-03-26,521.22998,521.58002,518.40002,518.81,65463700
2024-03-27,521.71002,523.21002,519.48999,523.16998,82999800
2024-03-28,523.21002,524.60999,522.78003,523.070007,96294900
2024-04-01,523.83002,524.38,520.96997,522.15997,62477500
2024-04-02,518.23999,518.97998,516.47998,518.84003,74230300
2024-04-03,517.71997,520.95001,517.66998,519.40997,59155800
2024-04-04,523.52002,523.87,512.76001,513.070007,96858100
2024-04-05,514.46002,520.44,514.01001,518.42999,74546500
2024-04-08,519.15002,520.17999,517.89001,518.71997,48401800
2024-04-09,520.5,520.75,514.34998,519.32001,68049200
2024-04-10,513.47998,516.15997,512.090027,514.12,82652800
2024-04-11,515.67999,519.47998,512.080017,518.0,70099000
2024-04-12,514.37,515.82001,509.079987,510.85001,92561100
2024-04-15,515.13,515.29999,503.57999,504.45001,92101400
2024-04-16,504.94,506.5,502.20999,503.53,73484000
2024-04-17,506.049988,506.22,499.12,500.54999,75910300
2024-04-18,501.98001,504.13,498.56,499.51999,74548100
2024-04-19,499.44,500.45999,493.85999,495.16,102212600
2024-04-22,497.82999,502.38,495.42999,499.72,67961000
2024-04-23,501.78,506.089996,499.53,505.64999,64633600
2024-04-24,506.56,507.37,503.13,505.41,55928100
2024-04-25,499.17999,504.26999,497.48999,503.48999,69122400
2024-04-26,506.35001,509.88,505.70001,508.26001,64306100
2024-04-29,510.089996,510.75,507.25,510.059998,46415400
2024-04-30,508.56,509.56,501.98001,501.98001,77483600
2024-05-01,501.38,508.19,499.87,500.35001,80242800
2024-05-02,504.14999,505.89001,499.54999,505.029999,62550200
2024-05-03,511.16,512.54999,508.56,511.29001,72756700
2024-05-06,513.75,516.60999,513.29999,516.57001,47264700
2024-05-07,517.56,518.57001,516.45001,517.14001,52561300
2024-05-08,515.26001,517.73999,515.14001,517.19,42047200
2024-05-09,517.38,520.21002,516.71002,520.16998,43643700
2024-05-10,521.81,522.64001,519.59003,520.84003,52233200
2024-05-13,522.56,522.66998,519.73999,520.90997,36716400
2024-05-14,521.10999,523.83002,520.56,523.29999,57535900
2024-05-15,525.83002,530.080017,525.17999,529.78003,59504900
2024-05-16,529.88,531.52002,528.53998,528.69,50244800
2024-05-17,528.81,529.52002,527.32001,529.45001,59187600
2024-05-20,529.57001,531.56,529.16998,530.059998,37764200
2024-05-21,529.28003,531.52002,529.070007,531.35999,33437000
2024-05-22,530.65002,531.38,527.59998,529.83002,48390000
2024-05-23,532.96002,533.070007,524.71997,525.96002,57211200
2024-05-24,527.84998,530.27002,526.88,529.44,41291100
2024-05-28,530.27002,530.51001,527.10999,529.81,36269600
2024-05-29,525.67999,527.31,525.37,526.099976,45190300
2024-05-30,524.52002,525.20001,521.33002,522.60999,46377600
2024-05-31,523.59003,527.5,518.35999,527.37,90785800
2024-06-03,529.02002,529.31,522.59998,527.79999,46835700
2024-06-04,526.46002,529.15002,524.96002,528.39001,34632700
2024-06-05,530.77002,534.69,528.72998,534.66998,47610400
2024-06-06,534.97998,535.41998,532.67999,534.65997,30808500
2024-06-07,533.65997,536.89001,532.53998,534.01001,43224500
2024-06-10,533.17999,535.98999,532.57001,535.65997,35686100
2024-06-11,534.070007,537.01001,532.049988,536.95001,36383400
2024-06-12,541.63,544.12,540.29999,541.35999,63251300
2024-06-13,543.15002,543.33002,539.59003,542.45001,44760900
2024-06-14,540.88,542.81,539.84998,542.78003,40089900
2024-06-17,542.080017,548.53003,541.60999,547.099976,55839500
2024-06-18,547.15997,548.62,546.72998,548.48999,41376400
2024-06-20,549.44,550.12,545.17999,547.0,70328200
2024-06-21,544.40002,545.65002,543.02002,544.51001,64338600
2024-06-24,544.33002,546.95001,542.62,542.73999,45528700
2024-06-25,543.98999,545.20001,542.44,544.83002,37936200
2024-06-26,543.69,546.23999,543.030029,545.51001,38550600
2024-06-27,545.37,546.96002,544.60999,546.37,35041500
2024-06-28,547.15997,550.28003,542.95001,544.21997,76144500
2024-07-01,545.63,545.88,542.52002,545.34003,40297800
2024-07-02,543.70001,549.01001,543.65002,549.01001,40434800
2024-07-03,548.69,551.83002,548.65002,551.46002,32789900
2024-07-05,551.77002,555.049988,551.12,554.64001,41488400
2024-07-08,555.44,556.25,554.19,555.28003,36110500
2024-07-09,556.26001,557.17999,555.52002,555.82001,27289700
2024-07-10,557.070007,561.66998,556.77002,561.32001,38701200
2024-07-11,561.44,562.33002,555.83002,556.47998,53054200
2024-07-12,557.63,563.66998,557.15002,559.98999,53084400
2024-07-15,562.030029,564.84003,559.63,561.53003,40584300
2024-07-16,562.87,565.15997,562.099976,564.85999,36475300
2024-07-17,558.79999,560.51001,556.60999,556.94,57119000
2024-07-18,558.51001,559.52002,550.42999,552.65997,56270400
2024-07-19,552.41998,554.080017,547.90997,548.98999,65509100
2024-07-22,553.0,555.27002,551.02002,554.65002,43346700
2024-07-23,554.53998,556.73999,553.28003,553.78003,34439600
2024-07-24,548.85999,549.16998,540.28998,541.22998,74515300
2024-07-25,541.34998,547.46002,537.45001,538.40997,61158300
2024-07-26,542.28003,547.19,541.48999,544.44,53763800
2024-07-29,546.02002,547.049988,542.71997,544.76001,39515800
2024-07-30,546.26001,547.34003,538.52002,542.0,46853600
2024-07-31,548.97998,553.5,547.58002,550.81,65663400
2024-08-01,552.57001,554.87,539.42999,543.01001,76428700
2024-08-02,535.75,536.98999,528.59998,532.90002,82789100
2024-08-05,511.64001,523.58002,510.26999,517.38,146267400
2024-08-06,519.21997,529.75,517.87,522.15002,84826300
2024-08-07,528.46997,531.59003,518.049988,518.65997,70698300
2024-08-08,523.90997,531.28998,521.84003,530.65002,63276600
2024-08-09,529.81,534.51001,528.56,532.98999,45619600
2024-08-12,534.21002,535.72998,530.95001,533.27002,42542100
2024-08-13,536.53003,542.28003,536.28003,542.039978,52333100
2024-08-14,542.84998,544.96002,540.12,543.75,42446900
2024-08-15,549.5,553.35999,548.88,553.070007,60846800
2024-08-16,551.41998,555.02002,551.26001,554.31,44430700
2024-08-19,554.72998,559.60999,553.85999,559.60999,39121800
2024-08-20,559.15002,560.84003,557.33002,558.70001,33732300
2024-08-21,559.77002,562.10999,554.72998,560.62,41514600
2024-08-22,562.56,563.17999,554.97998,556.21997,56121500
2024-08-23,559.53003,563.090027,557.28998,562.13,50639400
2024-08-26,563.17999,563.90997,559.049988,560.78998,35788600
2024-08-27,559.48999,562.059998,558.32001,561.56,32693900
2024-08-28,561.21002,561.65002,555.039978,558.29999,41066000
2024-08-29,560.31,563.67999,557.17999,558.34998,38715200
2024-08-30,560.77002,564.20001,557.14001,563.67999,62700100
2024-09-03,560.46997,560.81,549.51001,552.080017,60600100
2024-09-04,550.20001,554.42999,549.46002,550.95001,47224900
2024-09-05,550.89001,553.79999,547.099976,549.60999,44264300
2024-09-06,549.94,551.59998,539.44,540.35999,68493800
2024-09-09,544.65002,547.71002,542.67999,546.40997,40445800
2024-09-10,548.35999,549.15002,543.38,548.78998,36394600
2024-09-11,548.70001,555.35999,539.96002,554.41998,75248600
2024-09-12,555.01001,559.40002,552.73999,559.090027,51819600
2024-09-13,559.71002,563.030029,559.45001,562.01001,39310500
2024-09-16,561.73999,563.10999,559.90002,562.84003,36656100
2024-09-17,565.099976,566.58002,560.78998,563.070007,49321000
2024-09-18,563.73999,568.69,560.83002,561.40002,59044900
2024-09-19,571.01001,572.88,568.080017,570.97998,75315500
2024-09-20,567.84003,569.31,565.16998,568.25,77503100
2024-09-23,569.34003,570.33002,568.099976,569.66998,44116900
2024-09-24,570.47998,571.35999,567.59998,571.29999,46805700
2024-09-25,571.14001,571.89001,568.90997,570.039978,38428600
2024-09-26,574.38,574.71002,569.90002,572.29999,48336000
2024-09-27,573.39001,574.21997,570.41998,571.46997,42100900
2024-09-30,570.41998,574.38,568.080017,573.76001,63557400
2024-10-01,573.40002,574.059998,566.0,568.62,72668800
2024-10-02,567.71002,569.90002,565.27002,568.85999,38097800
2024-10-03,567.35999,569.79999,565.48999,567.82001,40846500
2024-10-04,572.34998,573.35999,568.099976,572.97998,42939100
2024-10-07,571.29999,571.96002,566.63,567.79999,49964700
2024-10-08,570.41998,573.78003,569.53003,573.16998,37398700
2024-10-09,573.15997,577.71002,572.54999,577.14001,37912200
2024-10-10,575.77002,577.58002,574.48999,576.13,44138100
2024-10-11,576.049988,580.33002,575.90997,579.58002,42268000
2024-10-14,581.21997,585.27002,580.72998,584.32001,36217200
2024-10-15,584.59003,584.90002,578.53998,579.78003,54203600
2024-10-16,579.78003,582.83002,578.96002,582.29999,30725400
2024-10-17,585.90997,586.12,582.15997,582.34998,34393700
2024-10-18,584.070007,585.39001,582.58002,584.59003,37416800
2024-10-21,583.84998,584.84998,580.59998,583.63,36439000
2024-10-22,581.049988,584.5,580.38,583.32001,34183800
2024-10-23,581.26001,581.71002,574.41998,577.98999,49314600
2024-10-24,579.97998,580.059998,576.57001,579.23999,34979900
2024-10-25,581.51001,584.46002,578.080017,579.039978,47268200
2024-10-28,582.58002,582.71002,580.52002,580.83002,30174700
2024-10-29,579.84998,582.90997,578.42999,581.77002,42899700
2024-10-30,581.28998,583.32001,579.28998,580.01001,41435800
2024-10-31,575.56,575.63,568.44,568.64001,60182500
2024-11-01,571.32001,575.54999,570.62,571.039978,45667500
2024-11-04,571.17999,572.5,567.89001,569.81,38217000
2024-11-05,570.73999,576.73999,570.52002,576.70001,39478300
2024-11-06,589.20001,591.92999,585.39001,591.039978,68182000
2024-11-07,593.080017,596.65002,593.0,595.60999,47233200
2024-11-08,596.16998,599.64001,596.16998,598.19,46444900
2024-11-11,599.81,600.16998,597.0,598.76001,37586800
2024-11-12,598.67999,599.28998,594.37,596.90002,43006100
2024-11-13,597.37,599.22998,594.96002,597.19,47388600
2024-11-14,597.32001,597.81,592.65002,593.34998,38904100
2024-11-15,589.71997,590.20001,583.85999,585.75,75988800
2024-11-18,586.21997,589.48999,585.34003,588.15002,37001700
2024-11-19,584.71002,591.039978,584.030029,590.29999,49412000
2024-11-20,590.38,590.78998,584.63,590.5,50032600
2024-11-21,593.40002,595.12,587.45001,593.66998,46750300
2024-11-22,593.65997,596.15002,593.15002,595.51001,38226400
2024-11-25,599.52002,600.85999,595.20001,597.53003,42441400
2024-11-26,598.79999,601.33002,598.070007,600.65002,45621300
2024-11-27,600.46002,600.84998,597.28003,598.83002,34000200
2024-11-29,599.65997,603.34998,599.38,602.54999,30177400
2024-12-02,602.96997,604.32001,602.46997,603.63,31746000
2024-12-03,603.39001,604.15997,602.34003,603.90997,26906600
2024-12-04,605.63,607.90997,604.95001,607.65997,42787600
2024-12-05,607.65997,608.47998,606.29999,606.65997,28762200
2024-12-06,607.44,609.070007,607.02002,607.81,31241500
2024-12-09,607.69,607.85999,604.080017,604.67999,34742700
2024-12-10,605.37,605.79999,602.13,602.79999,37234500
2024-12-11,605.78003,608.42999,605.5,607.46002,28677700
2024-12-12,606.58002,607.15997,604.33002,604.33002,31543800
2024-12-13,606.40002,607.13,602.81,604.21002,35904700
2024-12-16,606.0,607.78003,605.21002,606.78998,43695200
2024-12-17,604.19,605.16998,602.89001,604.28998,55773500
2024-12-18,603.97998,606.40997,585.89001,586.28003,108248700
2024-12-19,591.35999,593.0,585.84998,586.099976,85919500
2024-12-20,581.77002,595.75,580.90997,591.15002,125716700
2024-12-23,590.89001,595.29999,587.65997,594.69,57635800
2024-12-24,596.059998,601.34003,595.46997,601.29999,33160100
2024-12-26,599.5,602.47998,598.080017,601.34003,41219100
2024-12-27,597.53998,597.78003,590.76001,595.01001,64969300
2024-12-30,587.89001,591.73999,584.40997,588.21997,56578800
2024-12-31,589.90997,590.64001,584.41998,586.080017,57052700
2025-01-02,589.39001,591.13,580.5,584.64001,50204000
2025-01-03,587.53003,592.59998,586.42999,591.95001,37888500
2025-01-06,596.27002,599.70001,593.59998,595.35999,47679400
2025-01-07,597.41998,597.75,586.78003,588.63,60393100
2025-01-08,588.70001,590.58002,585.20001,589.48999,47304700
2025-01-10,585.88,585.95001,578.54999,580.48999,73105000
2025-01-13,575.77002,581.75,575.34998,581.39001,47910100
2025-01-14,584.35999,585.0,578.34998,582.19,48420600
2025-01-15,590.33002,593.94,589.20001,592.78003,56900200
2025-01-16,594.16998,594.34998,590.92999,591.64001,43319700
2025-01-17,596.96002,599.35999,595.60999,597.58002,58070600
2025-01-21,600.66998,603.059998,598.66998,603.049988,42532900
2025-01-22,605.91998,607.82001,605.35999,606.44,48196000
2025-01-23,605.79999,609.75,605.52002,609.75,41152100
2025-01-24,609.81,610.78003,606.79999,607.96997,34604700
2025-01-27,594.81,599.69,594.64001,599.37,70361100
2025-01-28,600.62,605.37,597.25,604.52002,44433300
2025-01-29,603.71997,604.13,599.21997,601.81,37177400
2025-01-30,603.96002,606.59998,600.71997,605.039978,39281300
2025-01-31,607.5,609.96002,601.049988,601.82001,66566900
2025-02-03,592.66998,600.28998,590.48999,597.77002,65857200
2025-02-04,597.83002,602.29999,597.28003,601.78003,33457800
2025-02-05,600.64001,604.37,598.58002,604.21997,30653100
2025-02-06,605.98999,606.45001,602.63,606.32001,35771500
2025-02-07,606.89001,608.13,600.049988,600.77002,50788500
2025-02-10,604.030029,605.5,602.73999,604.84998,26048700
2025-02-11,602.54999,605.85999,602.42999,605.31,30056700
2025-02-12,599.20001,604.54999,598.51001,603.35999,45076100
2025-02-13,604.47998,609.94,603.20001,609.72998,40921300
2025-02-14,609.94,610.98999,609.070007,609.70001,26910400
2025-02-18,610.88,611.48999,608.38,611.48999,26749000
2025-02-19,610.080017,613.22998,609.56,612.92999,31011100
2025-02-20,611.53998,611.67999,607.02002,610.38,36554000
2025-02-21,610.15997,610.29999,599.46997,599.94,76519800
2025-02-24,602.02002,603.030029,596.48999,597.21002,50737200
2025-02-25,597.15002,597.89001,589.56,594.23999,58266500
2025-02-26,595.92999,599.58002,591.85999,594.53998,43321600
2025-02-27,596.84998,598.02002,584.65002,585.049988,74196700
2025-02-28,585.56,594.71997,582.44,594.17999,88744100
2025-03-03,596.17999,597.34003,579.90002,583.77002,74249200
2025-03-04,579.71002,585.39001,572.25,576.85999,109648200
2025-03-05,576.69,584.88,573.080017,583.059998,71230500
2025-03-06,575.47998,580.16998,570.12,572.71002,80094900
2025-03-07,570.90002,577.39001,565.63,575.91998,81158800
2025-03-10,567.59003,569.53998,555.59003,560.58002,99326600
2025-03-11,559.40002,564.02002,552.02002,555.91998,88102100
2025-03-12,562.16998,563.10999,553.69,558.87,69588200
2025-03-13,558.48999,559.10999,549.67999,551.41998,74079400
2025-03-14,556.10999,563.83002,551.48999,562.81,62660300
2025-03-17,562.78998,569.71002,562.34998,567.15002,49008700
2025-03-18,564.79999,565.02002,559.059998,561.02002,66041400
2025-03-19,562.83002,570.95001,561.63,567.13,66556000
2025-03-20,563.33002,570.57001,562.59998,565.48999,62958200
2025-03-21,559.28003,564.89001,558.030029,563.97998,83763000
2025-03-24,570.79999,575.15002,570.20001,574.080017,58766800
2025-03-25,575.29999,576.40997,573.69,575.46002,38355700
2025-03-26,575.19,576.33002,567.19,568.59003,51848300
2025-03-27,567.17999,570.90002,564.94,567.080017,42164200
2025-03-28,565.53003,566.27002,555.070007,555.65997,71662700
2025-03-31,549.83002,560.71002,546.87,559.39001,95328200
2025-04-01,557.45001,562.94,553.67999,560.96997,54609600
2025-04-02,555.049988,567.41998,554.81,564.52002,76014500
2025-04-03,545.10999,547.96997,536.70001,536.70001,125986000
2025-04-04,523.66998,525.87,505.059998,505.28,217965100
2025-04-07,489.19,523.16998,481.79999,504.38,256611400
2025-04-08,521.85999,524.97998,489.16,496.48001,165816600
2025-04-09,493.44,548.62,493.049988,548.62,241867300
2025-04-10,532.16998,533.5,509.32001,524.58002,162331200
2025-04-11,523.01001,536.42999,520.070007,533.94,97866300
2025-04-14,544.049988,544.28003,533.85999,539.12,68034000
2025-04-15,539.66998,543.22998,536.81,537.60999,56892900
2025-04-16,531.67999,537.89001,520.28998,525.65997,83484800
2025-04-17,527.64001,531.16998,523.90997,526.40997,79868100
2025-04-21,521.15997,521.70001,508.45999,513.88,69368100
2025-04-22,520.14001,529.29999,519.19,527.25,75948100
2025-04-23,540.42999,545.42999,533.88,535.41998,90590700
2025-04-24,536.71997,547.42999,535.45001,546.69,64150400
2025-04-25,546.65002,551.049988,543.69,550.64001,61119600
2025-04-28,551.39001,553.54999,545.02002,550.84998,47613800
2025-04-29,548.90997,555.45001,548.54999,554.32001,47775100
2025-04-30,547.57001,556.52002,541.52002,554.53998,93101500
2025-05-01,560.37,564.070007,557.85999,558.46997,63186100
2025-05-02,564.72998,568.38,562.38,566.76001,60717300
2025-05-05,562.57001,566.65002,561.70001,563.51001,38659200
2025-05-06,557.92999,563.34998,556.96002,558.79999,48264700
2025-05-07,560.15002,563.82001,556.039978,561.15002,55588000
2025-05-08,565.23999,570.31,561.70001,565.059998,65130800
2025-05-09,566.47998,567.5,562.76001,564.34003,37603400
2025-05-12,581.46997,583.0,577.039978,582.98999,78993600
2025-05-13,583.40997,589.080017,582.84003,586.84003,67947200
2025-05-14,587.81,588.97998,585.53998,587.59003,66283500
2025-05-15,585.56,590.96997,585.099976,590.46002,71268100
2025-05-16,591.25,594.5,589.28003,594.20001,76052100
2025-05-19,588.099976,595.53998,588.099976,594.84998,68168500
2025-05-20,593.090027,594.049988,589.59998,592.84998,60614500
2025-05-21,588.44,592.58002,581.82001,582.85999,95197700
2025-05-22,582.65997,586.62,581.40997,583.090027,70860400
2025-05-23,575.97998,581.81,575.59998,579.10999,76029000
2025-05-27,586.070007,591.31,578.42999,591.15002,72588500
2025-05-28,591.56,592.77002,586.98999,587.72998,68445500
2025-05-29,593.059998,593.20001,586.070007,590.049988,69973300
2025-05-30,588.92999,591.13,583.23999,589.39001,90601200
2025-06-02,587.76001,592.78998,585.059998,592.71002,61630500
2025-06-03,592.34003,597.080017,591.84998,596.090027,63606200
2025-06-04,596.96002,597.95001,595.48999,595.92999,57314200
2025-06-05,597.63,599.0,591.049988,593.049988,92278700
2025-06-06,598.65997,600.83002,596.85999,599.14001,66588700
2025-06-09,599.71997,601.25,598.48999,599.67999,53016400
2025-06-10,600.21997,603.46997,599.090027,603.080017,66247000
2025-06-11,604.19,605.059998,599.27002,601.35999,73658200
2025-06-12,600.01001,603.75,599.52002,603.75,64129000
2025-06-13,598.5,601.84998,595.47998,597.0,89506000
2025-06-16,600.40002,604.45001,600.21997,602.67999,79984100
2025-06-17,600.21002,601.75,596.76001,597.53003,82209400
2025-06-18,598.44,601.21997,596.46997,597.44,76605000
2025-06-20,598.38,599.46002,592.85999,594.28003,94051400
2025-06-23,595.039978,600.53998,591.89001,600.15002,87426000
2025-06-24,604.33002,607.84998,603.40997,606.78003,67735300
2025-06-25,607.90997,608.60999,605.53998,607.12,62114800
2025-06-26,608.98999,612.31,608.37,611.87,78548400
2025-06-27,612.88,616.39001,610.83002,614.90997,86258400
2025-06-30,617.38,619.21997,615.039978,617.84998,92502500
2025-07-01,616.35999,618.83002,615.52002,617.65002,70030100
2025-07-02,617.23999,620.48999,616.60999,620.45001,66510400
2025-07-03,622.45001,626.28003,622.42999,625.34003,51065800
2025-07-07,623.35999,624.030029,617.87,620.67999,74814500
2025-07-08,621.34998,622.10999,619.52002,620.34003,59024600
2025-07-09,622.77002,624.71997,620.90997,624.059998,66113300
2025-07-10,624.20001,626.87,623.01001,625.82001,57529000
2025-07-11,622.73999,624.85999,621.53003,623.62,63670200
2025-07-14,623.15997,625.15997,621.79999,624.81,51898500
2025-07-15,627.52002,627.85999,622.059998,622.14001,74317300
2025-07-16,623.73999,624.72998,618.049988,624.21997,88987500
2025-07-17,624.40002,628.40002,624.17999,628.039978,68885700
2025-07-18,629.29999,629.46997,626.46002,627.58002,65621600
2025-07-21,628.77002,631.53998,628.34003,628.77002,63375000
2025-07-22,629.099976,629.72998,626.19,628.85999,60046300
2025-07-23,631.54999,634.21002,629.72998,634.21002,70511000
2025-07-24,634.59998,636.15002,633.98999,634.41998,71307100
2025-07-25,635.090027,637.58002,634.84003,637.099976,56865400
2025-07-28,637.47998,638.039978,635.53998,636.94,54917100
2025-07-29,638.34998,638.66998,634.34003,635.26001,60556300
2025-07-30,635.91998,637.67999,631.53998,634.46002,80418900
2025-07-31,639.46002,639.84998,630.77002,632.080017,103385200
2025-08-01,626.29999,626.34003,619.28998,621.71997,140103600
2025-08-04,625.66998,631.21997,625.58002,631.16998,73218000
2025-08-05,631.78998,632.60999,627.039978,627.96997,68051400
2025-08-06,629.049988,633.44,628.13,632.78003,64357500
2025-08-07,636.23999,636.97998,629.10999,632.25,74205800
2025-08-08,634.059998,637.65002,633.73999,637.17999,64051600
2025-08-11,637.46002,638.95001,634.65997,635.91998,58742300
2025-08-12,638.28998,642.84998,636.78998,642.69,64730800
2025-08-13,644.90997,646.19,642.67999,644.89001,60092800
2025-08-14,642.78998,645.62,642.34003,644.95001,59327500
2025-08-15,645.98999,646.090027,642.52002,643.44,68592500
2025-08-18,642.85999,644.0,642.17999,643.29999,43804900
2025-08-19,643.12,644.10999,638.47998,639.81,69750700
2025-08-20,639.40002,639.65997,632.95001,638.10999,88890300
2025-08-21,636.28003,637.96997,633.81,635.54999,54805800
2025-08-22,637.76001,646.5,637.25,645.31,84083200
2025-08-25,644.039978,645.28998,642.34998,642.46997,51274300
2025-08-26,642.20001,645.51001,641.57001,645.15997,51581600
2025-08-27,644.57001,647.37,644.41998,646.63,48341100
2025-08-28,647.23999,649.47998,645.34003,648.91998,61519500
2025-08-29,647.46997,647.84003,643.14001,645.049988,74522200
2025-09-02,637.5,640.48999,634.91998,640.27002,81983500
2025-09-03,642.66998,644.21002,640.46002,643.73999,70820900
2025-09-04,644.41998,649.15002,643.51001,649.12,65219200
2025-09-05,651.47998,652.21002,643.33002,647.23999,85178900
2025-09-08,648.62,649.84003,647.22998,648.83002,63133100
2025-09-09,648.96997,650.85999,647.21997,650.33002,66133900
2025-09-10,653.62,654.54999,650.63,652.21002,78034500
2025-09-11,654.17999,658.33002,653.59003,657.63,69934400
2025-09-12,657.59998,659.10999,656.90002,657.40997,72780100
2025-09-15,659.64001,661.039978,659.34003,660.90997,63772400
2025-09-16,661.46997,661.78003,659.21002,660.0,61169000
2025-09-17,660.01001,661.71997,654.29999,659.17999,101952200
2025-09-18,661.89001,664.89001,660.27002,662.26001,90459200
2025-09-19,662.33002,664.54999,660.37,663.70001,97945600
2025-09-22,662.20001,667.28998,662.16998,666.84003,69452200
2025-09-23,666.71997,667.34003,661.97998,663.21002,81708900
2025-09-24,664.51001,664.60999,659.66998,661.099976,68082200
2025-09-25,657.94,659.40997,654.40997,658.049988,89622100
2025-09-26,659.51001,662.37,657.88,661.82001,69179200
2025-09-29,664.35999,665.28003,661.85999,663.67999,73499000
2025-09-30,662.92999,666.65002,661.60999,666.17999,86288000
2025-10-01,663.16998,669.37,663.059998,668.45001,72545400
2025-10-02,670.45001,670.57001,666.78003,669.21997,56896000
2025-10-03,669.98999,672.67999,668.15997,669.21002,70494400
2025-10-06,671.62,672.51001,669.46002,671.60999,54623300
2025-10-07,672.53998,672.98999,667.66998,669.12,72020100
2025-10-08,670.25,673.21002,669.41998,673.10999,60702200
2025-10-09,673.53003,673.94,669.21002,671.15997,66501900
2025-10-10,672.13,673.95001,652.84003,653.02002,159422600
2025-10-13,660.65002,665.13,659.77002,663.039978,79560500
2025-10-14,657.16998,665.83002,653.16998,662.22998,88779600
2025-10-15,666.82001,670.22998,658.92999,665.16998,81702600
2025-10-16,666.82001,668.71002,657.10999,660.64001,110563300
2025-10-17,659.5,665.76001,658.14001,664.39001,96500900
2025-10-20,667.32001,672.21002,667.27002,671.29999,60493400
2025-10-21,671.44,672.98999,669.97998,671.28998,56249000
2025-10-22,672.0,672.0,663.29999,667.79999,80564000
2025-10-23,668.12,672.71002,667.79999,671.76001,65604500
2025-10-24,676.46002,678.46997,675.65002,677.25,74356500
2025-10-27,682.72998,685.53998,682.12,685.23999,63339800
2025-10-28,687.049988,688.90997,684.83002,687.059998,61738100
2025-10-29,688.71997,689.70001,682.87,687.39001,85657100
2025-10-30,683.90002,685.94,679.83002,679.83002,76335800
2025-10-31,685.039978,685.080017,679.23999,682.059998,87164100
2025-11-03,685.66998,685.79999,679.94,683.34003,57315000
2025-11-04,676.10999,679.96002,674.58002,675.23999,78427000
2025-11-05,674.97998,680.85999,674.16998,677.58002,74402400
2025-11-06,676.46997,677.38,668.71997,670.31,85035300
2025-11-07,667.90997,671.080017,661.21002,670.96997,100592400
2025-11-10,677.23999,682.17999,675.030029,681.44,75842900
2025-11-11,679.95001,683.57001,678.72998,683.0,58953400
2025-11-12,684.78998,684.96002,680.95001,683.38,62312500
2025-11-13,680.5,680.85999,670.52002,672.039978,103457800
2025-11-14,665.38,675.65997,663.27002,671.92999,96846700
2025-11-17,669.70001,673.71002,662.16998,665.66998,90456100
2025-11-18,662.099976,665.12,655.85999,660.080017,114467500
2025-11-19,660.78003,667.34003,658.75,662.63,94703000
2025-11-20,672.90997,675.56,651.89001,652.53003,165293500
2025-11-21,655.049988,664.54999,650.84998,659.030029,123956200
2025-11-24,662.69,670.059998,661.59003,668.72998,80437900
2025-11-25,668.63,676.21002,664.47998,675.02002,81077100
2025-11-26,677.63,681.70001,676.71997,679.67999,71879600
2025-11-28,680.85999,683.66998,680.5,683.39001,49212000
2025-12-01,678.81,682.98999,678.73999,680.27002,61201200
2025-12-02,681.91998,683.82001,679.33002,681.53003,62953800
2025-12-03,680.57001,684.90997,679.69,683.89001,57238500
2025-12-04,685.29999,685.37,681.34003,684.39001,61970300
2025-12-05,685.46997,688.39001,684.58002,685.69,79241000
2025-12-08,686.59003,686.64001,681.57001,683.63,55231500
2025-12-09,683.15002,685.39001,682.59003,683.039978,58310100
2025-12-10,682.56,688.96997,681.31,687.57001,85671300
2025-12-11,685.14001,689.25,682.16998,689.16998,86173700
2025-12-12,688.16998,688.88,679.16998,681.76001,113160300
2025-12-15,685.73999,685.76001,679.25,680.72998,90811000
2025-12-16,679.22998,681.080017,674.97998,678.87,122030600
2025-12-17,679.89001,680.44,671.20001,671.40002,110625200
2025-12-18,677.59998,680.73999,674.90002,676.46997,108650100
2025-12-19,676.59003,681.090027,676.46997,680.59003,103599500
2025-12-22,683.94,685.35999,680.59003,684.83002,69556700
2025-12-23,683.91998,688.20001,683.87,687.96002,64840000
2025-12-24,687.95001,690.83002,687.79999,690.38,39445600
2025-12-26,690.64001,691.65997,689.27002,690.31,41613300
2025-12-29,687.53998,689.20001,686.070007,687.84998,62559500
2025-12-30,687.45001,688.56,686.58002,687.01001,47160700
2025-12-31,687.14001,687.35999,681.71002,681.91998,74144800
2026-01-02,685.71002,686.87,679.82001,683.16998,89377200
2026-01-05,686.53998,689.42999,686.38,687.71997,71927200
2026-01-06,687.92999,692.32001,687.78003,691.81,69273800
2026-01-07,692.19,693.96002,689.32001,689.58002,75588300
2026-01-08,688.82001,690.62,687.48999,689.51001,64019200
2026-01-09,690.63,695.31,689.17999,694.070007,80125500
2026-01-12,690.67999,696.090027,690.63,695.15997,63976000
2026-01-13,695.48999,696.090027,691.34998,693.77002,78309700
2026-01-14,691.0,691.71997,686.039978,690.35999,94676700
2026-01-15,694.57001,695.45001,691.25,692.23999,77862000
2026-01-16,693.65997,694.25,690.099976,691.65997,79289200
2026-01-20,681.48999,684.77002,676.57001,677.58002,111623300
2026-01-21,679.65002,688.73999,678.13,685.40002,127844500
2026-01-22,689.84998,691.13,686.91998,688.97998,77112200
2026-01-23,688.15002,690.96002,687.15997,689.22998,63059600
2026-01-26,690.48999,694.13,689.91998,692.72998,60473800
2026-01-27,694.17999,696.53003,693.57001,695.48999,55506100
2026-01-28,697.049988,697.84003,693.94,695.41998,61172200
2026-01-29,696.39001,697.059998,684.83002,694.039978,97486200
2026-01-30,691.78998,694.21002,687.12,691.96997,101835100
2026-02-02,689.58002,696.92999,689.41998,695.40997,79286500
2026-02-03,696.21002,696.96002,684.030029,689.53003,107904600
2026-02-04,690.34998,691.45001,681.76001,686.19,105204600
2026-02-05,680.94,683.69,675.78998,677.62,113610800
2026-02-06,681.46002,692.31,680.84998,690.62,89127600
2026-02-09,689.41998,695.87,688.34003,693.95001,73885200
2026-02-10,694.95001,696.53998,691.65997,692.12,65185700
2026-02-11,696.39001,697.14001,689.17999,691.96002,76353900
2026-02-12,694.23999,695.34998,680.37,681.27002,118829000
2026-02-13,681.69,686.28003,677.52002,681.75,96267500
2026-02-17,680.14001,684.94,675.78003,682.84998,81354700
2026-02-18,684.02002,689.15002,682.83002,686.28998,73570300
2026-02-19,683.84003,686.17999,681.54999,684.47998,58649400
2026-02-20,682.32001,690.059998,681.72998,689.42999,100034000
2026-02-23,687.83002,690.0,680.37,682.39001,90558100
2026-02-24,681.90002,688.34998,680.0,687.34998,73798700
2026-02-25,690.17999,693.67999,690.099976,693.15002,56369500
2026-02-26,693.28003,693.29999,684.34998,689.29999,71671000
2026-02-27,683.090027,686.85999,681.64001,685.98999,83308900
2026-03-02,678.70001,688.62,678.02002,686.38,87477200
2026-03-03,675.059998,682.60999,669.65997,680.33002,105003100
2026-03-04,681.63,687.090027,679.62,685.13,79182200
2026-03-05,682.080017,685.53003,675.60999,681.31,106606500
2026-03-06,673.40997,676.10999,669.76001,672.38,100687000
2026-03-09,666.39001,679.91998,662.39001,678.27002,102667700
2026-03-10,677.71997,683.35999,674.76001,677.17999,81505300
2026-03-11,677.58002,680.080017,673.34003,676.33002,68441700
2026-03-12,671.15997,671.65002,665.87,666.059998,108882200
2026-03-13,669.27002,672.34003,661.35999,662.28998,97200200
2026-03-16,668.38,672.070007,667.12,669.030029,82023100
2026-03-17,672.39001,674.44,669.70001,670.78998,87128000
2026-03-18,668.35999,669.71997,661.19,661.42999,82062600
2026-03-19,656.96997,662.97998,655.16998,659.79999,111272500
2026-03-20,656.51001,656.69,644.71997,648.57001,163617500
2026-03-23,658.070007,662.62,653.94,655.38,134802700
2026-03-24,651.32001,657.030029,649.88,653.17999,96457500
2026-03-25,658.66998,660.89001,654.23999,656.82001,90653800
2026-03-26,652.059998,654.84998,644.82001,645.090027,96494400
2026-03-27,642.5,642.65997,633.10999,634.090027,103649400
2026-03-30,640.10999,640.37,629.28003,631.96997,99275900
2026-03-31,638.94,651.53998,637.97998,650.34003,152534100
2026-04-01,653.90002,658.52002,653.0,655.23999,97841500
2026-04-02,646.41998,658.20001,645.10999,655.83002,68358700
2026-04-06,655.85999,659.71997,655.52002,658.92999,39105800
2026-04-07,656.65002,659.60999,651.059998,659.21997,69980400
2026-04-08,676.39001,677.080017,671.46002,676.01001,93606100
2026-04-09,674.84003,681.15997,673.77002,679.90997,57134400
2026-04-10,681.32001,682.030029,678.45001,679.46002,42253500
2026-04-13,677.40997,686.29999,676.58002,686.099976,54185800
2026-04-14,687.69,694.58002,687.65997,694.46002,63480500
2026-04-15,695.26001,700.28003,694.20001,699.94,58240400
2026-04-16,701.059998,702.78003,698.53003,701.65997,49972400
2026-04-17,706.14001,712.39001,705.76001,710.14001,70661900
2026-04-20,708.78003,709.90997,706.14001,708.71997,43546800
2026-04-21,710.28003,711.28003,702.64001,704.080017,58941400
2026-04-22,709.15002,711.45001,708.21997,711.21002,42518500
2026-04-23,709.5,712.35999,702.28003,708.45001,56174000
2026-04-24,710.75,714.46997,709.01001,713.94,45182000
2026-04-27,713.16998,715.63,712.29999,715.16998,33135900
2026-04-28,711.82001,712.88,709.25,711.69,43117400
2026-04-29,711.0,712.20001,708.37,711.58002,41859200
2026-04-30,714.63,719.78998,710.45001,718.65997,67240900
2026-05-01,721.25,724.87,720.46997,720.65002,43049800
2026-05-04,720.070007,722.12,714.98999,718.01001,51950600
2026-05-05,721.77002,725.039978,721.48999,723.77002,36933200
2026-05-06,728.15997,734.59003,727.82001,733.83002,53288900
2026-05-07,735.049988,736.13,729.75,731.58002,51724600
2026-05-08,734.92999,738.080017,734.57001,737.62,47227100
2026-05-11,736.45001,740.78998,736.45001,739.29999,44024000
2026-05-12,736.89001,738.84003,731.83002,738.17999,54185300
2026-05-13,738.46997,743.90997,735.46997,742.31,44200200
2026-05-14,743.65002,749.53003,743.56,748.16998,45307600
2026-05-15,741.78998,743.46002,737.96002,739.16998,60410800
2026-05-18,739.83002,741.41998,733.39001,738.65002,47843900
2026-05-19,734.78003,737.65002,731.53003,733.72998,54255900
2026-05-20,735.71002,741.87,733.89001,741.25,45768000
2026-05-21,738.64001,744.87,737.030029,742.71997,43332200
2026-05-22,746.23999,748.94,744.47998,745.64001,41762000
2026-05-26,750.01001,752.13,748.37,750.59003,41123600
2026-05-27,750.88,751.38,748.21997,750.46002,42106300
2026-05-28,750.25,755.15002,749.22998,754.59998,41562600
2026-05-29,755.90002,758.080017,754.69,756.47998,55075700
2026-06-01,755.35999,760.28003,754.69,758.53998,43634900
2026-06-02,757.030029,760.40002,756.75,759.57001,31581900
2026-06-03,758.15002,758.79999,753.57001,754.23999,51402500
2026-06-04,752.099976,758.31,751.46997,757.090027,49923000
2026-06-05,752.31,752.82001,735.53003,737.54999,93989400
2026-06-08,743.35999,745.34003,738.19,739.21997,49319100
2026-06-09,743.63,746.90002,722.59003,737.049988,87683500
2026-06-10,733.39001,738.38,725.33002,725.42999,60341300
2026-06-11,728.76001,740.0,724.40997,737.76001,86330500
2026-06-12,740.71002,744.44,735.030029,741.75,57079500
2026-06-15,751.84998,756.67999,751.76001,754.83002,60176400
2026-06-16,754.54999,755.44,749.88,750.33002,67093100
2026-06-17,751.28998,752.15002,739.21997,740.96002,85945200
2026-06-18,747.76001,748.22998,743.85999,746.73999,80875700
2026-06-22,747.70001,750.17999,743.13,744.39001,46628100
2026-06-23,733.81,739.63,732.29999,733.58002,66846800
2026-06-24,735.16998,739.95001,730.84003,733.23999,57439500
2026-06-25,738.90997,739.37,729.59998,734.29999,53934400
2026-06-26,728.95001,736.53003,716.58002,728.98999,71034000
2026-06-29,736.53003,741.56,732.090027,741.0,58035200
2026-06-30,741.28998,748.02002,740.89001,746.77002,55626000
2026-07-01,745.0,749.44,742.38,745.76001,47100900
2026-07-02,747.40002,751.31,740.030029,744.78003,57447800
2026-07-06,748.73999,752.40997,747.40997,751.28003,50673300
2026-07-07,750.21997,750.96002,745.21002,747.71002,43721500
2026-07-08,743.15997,746.15002,739.51001,745.40002,43767400
2026-07-09,747.34998,751.96997,745.59003,751.71002,41441700
2026-07-10,752.049988,755.41998,748.099976,754.95001,42191300
2026-07-13,752.46997,753.90997,748.0,749.16998,44013600
2026-07-14,750.90997,753.34003,748.65997,751.83002,35143100
2026-07-15,754.23999,755.58002,750.20001,754.81,43844800
2026-07-16,752.76001,754.57001,747.88,750.71997,46409800
2026-07-17,742.080017,747.28998,740.79999,743.28998,62651000
2026-07-20,747.059998,748.72998,741.51001,742.090027,50422300
2026-07-21,746.28998,749.039978,744.17999,748.28003,34324300
2026-07-22,746.62,750.02002,746.37,747.40997,32836200
2026-07-23,739.37,742.56,735.21002,738.17999,55437300
2026-07-24,738.51001,743.71997,737.28998,738.92999,44782000
2026-07-27,744.90997,745.53003,735.87,739.090027,41461200
2026-07-28,739.19,742.78998,735.97998,740.85999,47322200
2026-07-29,739.96997,742.67999,729.099976,729.46002,70697200
2026-07-30,736.049988,742.45001,734.59003,741.69,66811300
2026-07-31,744.67999,748.90002,737.67999,747.030029,62445900
2026-08-03,749.44,758.58002,748.79999,757.66998,59927500
2026-08-04,760.63,773.40997,760.52002,771.33002,69154800
2026-08-05,775.84998,776.84998,769.51001,769.78998,44689100
2026-08-06,770.21002,771.82001,767.46002,768.56,38416900
2026-08-07,771.02002,773.91998,769.60999,773.26001,43586300
2026-08-10,772.59998,775.049988,771.62,773.030029,39249500
2026-08-11,774.53003,774.60999,769.20001,770.56,36740600
2026-08-12,774.71002,774.90002,771.28003,772.48999,33179100
2026-08-13,774.87,779.37,774.10999,777.88,35634500
2026-08-14,778.53998,778.79999,775.42999,776.34003,31367900
2026-08-17,776.17999,776.78003,772.51001,772.66998,34356600
2026-08-18,768.70001,769.5,766.91998,767.45001,43920900
2026-08-19,770.35999,772.46997,768.099976,769.059998,40306000
2026-08-20,765.96002,768.15002,762.039978,762.59998,45520300
2026-08-21,766.049988,767.84998,764.16998,765.71997,39030400
