date,open,high,low,close,volume
2006-10-05,28.73274,28.95207,28.55402,28.65963,10687542
2006-10-06,28.57027,28.60276,28.48903,28.56215,6333126
2006-10-09,28.55402,28.684,28.45654,28.64338,4485395
2006-10-10,28.69212,28.73274,28.56215,28.64338,6821710
2006-10-11,28.23721,28.64338,28.23721,28.57027,7388216
2006-10-12,28.62713,28.77336,28.62713,28.72461,6476045
2006-10-13,28.64338,28.83022,28.64338,28.83022,4953544
2006-10-16,28.73274,28.75711,28.63526,28.67587,6320200
2006-10-17,28.6515,28.74899,28.52965,28.67587,6891754
2006-10-18,28.79773,28.91145,28.58652,28.75711,7018177
2006-10-19,28.70837,28.70837,28.44029,28.57027,8025012
2006-10-20,28.57027,28.57839,28.41592,28.53777,8718681
2006-10-23,28.44842,28.76523,28.43217,28.72461,4841769
2006-10-24,28.66775,28.72461,28.57839,28.71649,3734362
2006-10-25,28.74899,28.83834,28.62713,28.83834,5660261
2006-10-26,28.88708,29.049553,28.75711,29.04143,11989201
2006-10-27,29.00081253,29.00081253,28.74086,28.8221,5312134
2006-10-30,28.78148,28.91958,28.73274,28.83022,9933801
2006-10-31,28.91145,28.98457,28.78148,28.78148,9728224
2006-11-01,28.91145,28.9602,28.5459,28.60276,11319784
2006-11-02,28.57839,28.62713,28.43217,28.52153,4528357
2006-11-03,28.61089,28.67587,28.38343,28.52153,4709191
2006-11-06,28.59464,28.89521,28.53777,28.85459,9460727
2006-11-07,28.87896,29.025183,28.86271,28.91958,4722239
2006-11-08,28.79773,29.090172,28.79773,29.04143,3910518
2006-11-09,29.04143,29.04143,28.79773,28.84647,4959084
2006-11-10,28.9277,29.082047,28.87896,29.082047,6402431
2006-11-13,28.95207,29.17141,28.95207,29.049553,4200541
2006-11-14,28.98457,29.25264,28.87084,29.22015,7786321
2006-11-15,29.17141,29.25264,29.12267,29.17953,4036203
2006-11-16,29.37449,29.46385,29.26076,29.46385,11170217
2006-11-17,29.39886,29.39886,29.24452,29.24452,12754637
2006-11-20,29.32575,29.48822,29.29326,29.43136,13273750
2006-11-21,29.4476,29.4476,29.31763,29.38262,4275632
2006-11-22,29.38262,29.48822,29.30138,29.41511,2484035
2006-11-24,29.24452,29.36637,29.2039,29.26889,2504100
2006-11-27,29.27701,29.27701,28.80585,28.81397,9614110
2006-11-28,28.87084,28.91958,28.67587,28.86271,8988270
2006-11-29,28.9602,29.13079,28.87896,29.04143,5148781
2006-11-30,28.95207,29.13079,28.84647,28.98457,4428276
2006-12-01,28.96832,29.057676,28.61901,28.81397,10386439
2006-12-04,28.91958,29.26889,28.90333,29.22015,8233544
2006-12-05,29.24452,29.37449,29.13891,29.35825,10037943
2006-12-06,29.342,29.43948,29.32575,29.39886,3267566
2006-12-07,29.45573,29.57758,29.27701,29.32575,5468471
2006-12-08,29.26076,29.4801,29.22015,29.41511,6413387
2006-12-11,29.4801,29.63444,29.46385,29.57758,10900874
2006-12-12,29.48822,29.65069,29.4476,29.60195,7699043
2006-12-13,29.65069,29.7563,29.5857,29.63444,4945666
2006-12-14,29.64257,29.88627,29.59383,29.88627,7145586
2006-12-15,29.83753,29.85378,29.67506,29.73192,8292755
2006-12-18,29.82128,29.94314,29.78067,29.87815,6471367
2006-12-19,29.78067,29.92689,29.70756,29.85378,13315481
2006-12-20,29.88627,29.95938,29.76442,29.95126,5199498
2006-12-21,29.97563,30.0081234,29.79691,29.82128,6326109
2006-12-22,29.81316,29.82128,29.59383,29.67506,4097137
2006-12-26,29.73192,29.94314,29.71568,29.94314,5110497
2006-12-27,30.032494,30.17059,30.016247,30.15435,5211439
2006-12-28,30.089357,30.17059,29.96751,30.016247,8430380
2006-12-29,29.98375,30.056864,29.82941,29.84565,4283265
2007-01-03,30.02437,30.21121,29.76442,29.99188,9365079
2007-01-04,29.97563,29.99188,29.76442,29.8944,6646292
2007-01-05,29.81316,29.87815,29.60195,29.65881,7977372
2007-01-08,29.66694,29.81316,29.47197,29.78879,4427415
2007-01-09,29.78879,29.90252,29.57758,29.74005,5997309
2007-01-10,29.59383,29.8619,29.5857,29.83753,3614216
2007-01-11,29.84565,30.02437,29.82128,30.02437,4623513
2007-01-12,29.91064,30.089357,29.91064,30.056864,8028582
2007-01-16,30.056864,30.1381,30.016247,30.1381,5315827
2007-01-17,30.097483,30.18684,29.99188,30.056864,4927693
2007-01-18,30.11373,30.1381,29.91876,29.93501,5029004
2007-01-19,29.97563,30.04874,29.91064,30.02437,4202880
2007-01-22,30.056864,30.089357,29.91876,30.0,5728582
2007-01-23,29.90252,30.040617,29.85378,29.98375,7704706
2007-01-24,29.97563,30.29244,29.94314,30.29244,5148904
2007-01-25,30.30057,30.31682,29.81316,29.85378,15347739
2007-01-26,29.87002,29.99188,29.69131,29.91064,9816486
2007-01-29,29.8944,29.95126,29.7238,29.76442,13643419
2007-01-30,29.78067,29.92689,29.74817,29.87815,7687718
2007-01-31,29.87815,30.19496,29.78879,30.12185,15289143
2007-02-01,30.20309,30.33306,30.17872,30.31682,18404066
2007-02-02,30.32494,30.4143,30.29244,30.37368,7704460
2007-02-05,30.39805,30.42242,30.2437,30.36556,5309672
2007-02-06,30.39805,30.52803,30.35743,30.50366,9894778
2007-02-07,30.52803,30.66612,30.50366,30.61738,5616561
2007-02-08,30.53615,30.5524,30.35743,30.5199,6929176
2007-02-09,30.47116,30.62551,30.016247,30.19496,21979751
2007-02-12,30.2437,30.2762,30.040617,30.12185,11936268
2007-02-13,30.16247,30.40617,30.1381,30.34119,12937195
2007-02-14,30.39805,30.71487,30.3818,30.63363,12212751
2007-02-15,30.66612,30.73111,30.58489,30.68237,12006928
2007-02-16,30.59301,30.68237,30.5524,30.67425,6764837
2007-02-20,30.62551,30.86109,29.95126,30.83672,6508666
2007-02-21,30.70674,30.78798,30.64175,30.70674,5231258
2007-02-22,30.77985,30.82859,30.56052,30.58489,11642552
2007-02-23,30.60114,30.61738,30.21933,30.30057,20234563
2007-02-26,30.43867,30.47928,29.95938,30.081236,21959686
2007-02-27,29.71568,29.88627,28.36718,28.67587,37054454
2007-02-28,29.0089359,29.39074,28.87084,29.2039,26681186
2007-03-01,28.83834,29.28513,28.59464,29.17141,32203945
2007-03-02,29.13891,29.23639,28.83834,28.83834,15158657
2007-03-05,28.57027,28.91145,28.050365,28.38343,21501508
2007-03-06,28.684,29.0658,28.61089,28.97644,23815665
2007-03-07,28.95207,29.0658,28.77336,28.80585,14010257
2007-03-08,29.39074,29.39074,28.98457,29.0658,24346841
2007-03-09,29.25264,29.29326,29.00081253,29.13891,11761343
2007-03-12,29.04143,29.24452,28.93583,29.13891,17742649
2007-03-13,28.90333,28.93583,28.10723,28.2697,55831266
2007-03-14,28.2697,28.46466,27.76604,28.33469,49895631
2007-03-15,28.36718,28.81397,28.35093,28.67587,38821062
2007-03-16,28.64338,28.684,28.25345,28.44842,23623136
2007-03-19,28.63526,28.75711,28.46466,28.63526,19648360
2007-03-20,28.6515,28.94395,28.62713,28.89521,17005896
2007-03-21,28.91958,29.71568,28.87084,29.55321,41179658
2007-03-22,29.6182,29.65069,29.31763,29.37449,20898072
2007-03-23,29.32575,29.52072,29.29326,29.40699,15015984
2007-03-26,29.36637,29.48822,29.049553,29.26076,20591183
2007-03-27,29.22015,29.23639,29.04143,29.082047,7700028
2007-03-28,28.91958,29.0658,28.61901,28.71649,21499784
2007-03-29,28.9277,29.082047,28.70837,28.86271,17217135
2007-03-30,28.96832,29.090172,28.61089,28.94395,14556206
2007-04-02,28.91958,28.91958,28.52965,28.67587,14561130
2007-04-03,28.9277,29.12267,28.87084,29.033306,16612222
2007-04-04,29.025183,29.13891,28.94395,29.033306,14399623
2007-04-05,29.025183,29.11454,28.9277,29.049553,6649862
2007-04-09,29.12267,29.13079,28.97644,29.04143,7637370
2007-04-10,29.04143,29.17953,29.04143,29.17141,11994372
2007-04-11,29.16328,29.16328,28.83834,28.9277,13683427
2007-04-12,28.87896,28.94395,28.70024,28.87896,12340406
2007-04-13,28.91958,29.090172,28.89521,29.00081253,19034461
2007-04-16,29.26076,29.71568,29.26076,29.70756,39918991
2007-04-17,29.70756,29.84565,29.60195,29.69943,15461483
2007-04-18,29.81316,30.14622,29.74005,30.040617,31112540
2007-04-19,29.93501,30.073111,29.77254,30.0,17748558
2007-04-20,30.17872,30.25183,30.040617,30.15435,20996552
2007-04-23,30.15435,30.2762,30.040617,30.073111,11672834
2007-04-24,30.097483,30.12185,29.78067,29.98375,15632223
2007-04-25,30.073111,30.40617,30.02437,30.38993,19044801
2007-04-26,30.34119,30.40617,30.17059,30.34119,9484363
2007-04-27,30.22746,30.33306,30.11373,30.30057,11863393
2007-04-30,30.29244,30.3818,30.032494,30.064987,18614690
2007-05-01,30.056864,30.21933,29.87002,30.12185,14056789
2007-05-02,30.17872,30.35743,30.064987,30.25183,10986183
2007-05-03,30.43054,30.53615,30.29244,30.53615,12545244
2007-05-04,30.60114,30.66612,30.51178,30.64175,10915031
2007-05-07,30.66612,30.75548,30.60114,30.68237,5842449
2007-05-08,30.60926,30.64175,30.47928,30.61738,7468477
2007-05-09,30.64175,30.81235,30.54427,30.77985,14572824
2007-05-10,30.63363,30.74736,30.34119,30.34119,15886547
2007-05-11,30.47116,30.66612,30.47116,30.66612,16812136
2007-05-14,30.6905,30.70674,30.35743,30.5199,37213869
2007-05-15,30.5524,30.71487,30.3818,30.44679,20241333
2007-05-16,30.59301,30.7961,30.49553,30.7961,19635558
2007-05-17,30.6905,30.71487,30.57677,30.64175,7514024
2007-05-18,30.78798,30.78798,30.64175,30.72299,12362071
2007-05-21,30.73924,30.82047,30.64175,30.75548,16396428
2007-05-22,30.78798,30.86921,30.658,30.77985,15239165
2007-05-23,30.73111,30.95045,30.71487,30.75548,20107400
2007-05-24,30.81235,30.86921,30.37368,30.47928,24805266
2007-05-25,30.46304,30.57677,30.38993,30.53615,11255895
2007-05-29,30.60114,30.68237,30.50366,30.66612,9929985
2007-05-30,30.47928,30.87733,30.47928,30.87733,16626748
2007-05-31,30.95857,30.99106,30.70674,30.78798,13721342
2007-06-01,30.83672,30.94232,30.77173,30.88546,8891390
2007-06-04,30.78798,30.84484,30.74736,30.84484,12312831
2007-06-05,30.61738,30.77173,30.57677,30.658,17915974
2007-06-06,30.54427,30.54427,30.32494,30.39805,18752069
2007-06-07,30.28432,30.43054,29.80504,29.88627,31728533
2007-06-08,29.91876,30.2437,29.82941,30.23558,22664803
2007-06-11,30.21933,30.44679,30.064987,30.37368,24159975
2007-06-12,30.17059,30.42242,29.8944,29.95938,25845214
2007-06-13,30.064987,30.54427,30.064987,30.52803,15413228
2007-06-14,30.44679,30.64175,30.42242,30.47928,23017607
2007-06-15,30.63363,30.63363,30.39805,30.42242,11822770
2007-06-18,30.51178,30.59301,30.34119,30.4143,9990181
2007-06-19,30.30057,30.54427,30.25995,30.54427,10070934
2007-06-20,30.53615,30.60926,29.8944,30.0081234,25588058
2007-06-21,29.97563,30.097483,29.65069,30.056864,47156286
2007-06-22,29.96751,29.96751,29.48822,29.67506,47396331
2007-06-25,29.52072,29.81316,29.23639,29.43948,40562066
2007-06-26,29.46385,29.60195,29.16328,29.16328,36617449
2007-06-27,29.16328,29.60195,29.082047,29.60195,36680599
2007-06-28,29.60195,29.76442,29.37449,29.55321,32559827
2007-06-29,29.5857,29.73192,29.082047,29.39074,37310133
2007-07-02,29.80504,29.82941,29.39886,29.64257,18315064
2007-07-03,29.74817,29.92689,29.74817,29.90252,18100132
2007-07-05,29.65069,29.85378,29.5857,29.65069,24871247
2007-07-06,29.65069,29.80504,29.52884,29.79691,16083138
2007-07-09,29.77254,29.81316,29.6182,29.67506,19663255
2007-07-10,29.47197,29.50447,28.91958,29.049553,52127187
2007-07-11,28.93583,29.25264,28.87084,29.14704,55021761
2007-07-12,29.28513,29.78879,29.26076,29.68318,40793370
2007-07-13,29.77254,29.8944,29.63444,29.79691,26303516
2007-07-16,29.7238,30.0,29.65881,29.69131,29971649
2007-07-17,29.69131,29.93501,29.69131,29.78879,34954984
2007-07-18,29.48822,30.04874,29.057676,29.40699,62410223
2007-07-19,29.49634,29.65069,29.18765,29.3095,40433180
2007-07-20,29.342,29.37449,28.65963,28.79773,86443405
2007-07-23,28.75711,29.0658,28.65963,28.78148,44589774
2007-07-24,28.35093,28.57027,27.84728,28.058489,94807681
2007-07-25,28.22096,28.41592,27.82291,28.18847,91805026
2007-07-26,27.70106,27.87165,27.083672,27.52234,105488206
2007-07-27,27.4411,27.79041,27.083672,27.091795,95817101
2007-07-30,27.38424,27.63607,26.80747,27.60357,103138720
2007-07-31,27.8554,28.0016251,26.72624,26.72624,121875278
2007-08-01,26.88058,27.1974,26.40942,27.026808,123089167
2007-08-02,27.3355,27.53859,26.96182,27.20552,81025282
2007-08-03,26.96994,27.22177,26.011374,26.043867,165871095
2007-08-06,26.14947,27.41673,25.96263,27.37612,141115193
2007-08-07,27.23802,27.95288,27.10804,27.57108,122980347
2007-08-08,27.77417,28.58652,27.63607,28.22908,134714239
2007-08-09,27.41673,27.97725,26.9212,27.21365,124364360
2007-08-10,26.77498,27.53859,26.68562,27.091795,94954662
2007-08-13,27.72543,27.72543,26.55565,26.84809,70957671
2007-08-14,27.026808,27.051178,26.25508,26.37693,87599807
2007-08-15,26.15759,26.89683,25.96263,26.14135,100465603
2007-08-16,25.94638,27.20552,25.59708,26.92933,201536366
2007-08-17,28.74086,28.74899,27.31925,28.025995,217975263
2007-08-20,28.10723,28.1316,27.27864,27.65232,108917403
2007-08-21,27.48172,28.082859,27.48172,27.84728,58665521
2007-08-22,28.017872,28.26158,27.66856,27.92039,86213085
2007-08-23,28.22908,28.2697,27.78229,27.96101,63120017
2007-08-24,27.89602,28.19659,27.70106,28.058489,43523236
2007-08-27,27.9935,28.017872,27.69293,27.73355,24216232
2007-08-28,27.45735,27.48172,26.8156,26.90495,76694378
2007-08-29,27.051178,27.37612,26.69374,27.22989,61839654
2007-08-30,26.90495,27.28676,26.88058,27.059301,58436186
2007-08-31,27.6117,27.61982,27.15678,27.41673,68156531
2007-09-04,27.48985,27.94476,27.34362,27.62794,45012131
2007-09-05,27.5792,27.59545,27.13241,27.29488,55575588
2007-09-06,27.28676,27.55483,26.9212,27.091795,39227662
2007-09-07,26.80747,27.083672,26.65313,26.8156,92815307
2007-09-10,26.88058,27.043055,26.44192,26.72624,73733576
2007-09-11,26.86434,27.20552,26.83997,27.0024376,62354089
2007-09-12,27.051178,27.20552,26.87246,27.059301,40071266
2007-09-13,27.22989,27.53859,27.20552,27.50609,67115967
2007-09-14,27.20552,27.60357,27.17303,27.60357,37334014
2007-09-17,27.37612,27.37612,27.10804,27.34362,50504853
2007-09-18,27.52234,28.5134,27.25426,28.37531,170892836
2007-09-19,28.69212,28.97644,28.47279,28.55402,92064397
2007-09-20,28.63526,28.66775,28.066612,28.20471,79679183
2007-09-21,28.30219,28.30219,27.79041,28.10723,66584544
2007-09-24,28.14785,28.14785,27.60357,27.7173,60979432
2007-09-25,27.57108,27.67669,27.35987,27.66044,44182190
2007-09-26,27.73355,27.91227,27.51422,27.66856,65135164
2007-09-27,27.79041,28.0097485,27.70918,27.9935,44072139
2007-09-28,27.79854,28.058489,27.7498,27.87977,37877378
2007-10-01,27.72543,28.47279,27.70106,28.4078,61713354
2007-10-02,28.55402,28.78148,28.47279,28.73274,36303175
2007-10-03,28.57027,28.83834,28.52965,28.66775,52086564
2007-10-04,28.76523,28.87896,28.64338,28.83834,37413783
2007-10-05,28.91958,29.22015,28.87896,29.15516,48745754
2007-10-08,29.11454,29.11454,28.63526,28.75711,25838567
2007-10-09,28.89521,29.10642,28.69212,29.00081253,39621212
2007-10-10,28.94395,29.033306,28.684,28.83834,40195843
2007-10-11,29.16328,29.16328,28.60276,28.684,77485418
2007-10-12,28.57839,28.87896,28.57839,28.87084,41217081
2007-10-15,28.75711,28.76523,27.98538,28.28595,94871077
2007-10-16,28.099106,28.1316,27.61982,27.75792,83487897
2007-10-17,27.98538,28.090982,27.23802,27.74167,91551809
2007-10-18,27.17303,27.4736,27.13241,27.39236,88868475
2007-10-19,27.24614,27.40049,26.44192,26.48253,110383770
2007-10-22,26.21446,26.96994,26.21446,26.80747,80609696
2007-10-23,27.10804,27.10804,26.65313,26.9537,60804137
2007-10-24,26.88871,26.9212,26.076361,26.75061,128715083
2007-10-25,26.7831,26.98619,26.14135,26.72624,96815442
2007-10-26,27.22989,27.37612,26.61251,27.37612,97460117
2007-10-29,27.38424,27.45735,27.12429,27.45735,46984685
2007-10-30,27.32738,27.32738,27.010561,27.034931,35125231
2007-10-31,27.14054,27.53046,26.88871,27.40049,104572465
2007-11-01,26.60439,27.17303,25.99513,25.99513,112372574
2007-11-02,26.051991,26.10885,25.17466,25.86515,196502191
2007-11-05,25.15028,25.63769,24.9472,25.40211,124899599
2007-11-06,25.50772,25.83266,25.14216,25.83266,101354877
2007-11-07,25.34525,25.45085,24.41917,24.41917,125349037
2007-11-08,24.7766,24.79285,23.79366,24.671,146019004
2007-11-09,24.16734,25.18278,23.92364,24.48416,165222358
2007-11-12,24.66288,25.329,24.51665,24.57352,134098862
2007-11-13,25.12591,25.87327,24.99594,25.72705,161815812
2007-11-14,26.27132,26.39318,25.61332,25.62957,118725765
2007-11-15,25.37774,25.61332,24.67912,24.97969,134429139
2007-11-16,24.97969,25.10154,24.45979,24.78473,100659855
2007-11-19,24.45979,24.5329,23.83428,24.1186,168176266
2007-11-20,23.67994,24.24858,23.11129,23.59058,179939948
2007-11-21,23.26564,23.62307,22.94882,23.22502,134808533
2007-11-23,23.43623,23.93989,23.43623,23.77742,88425684
2007-11-26,23.88302,23.88302,22.82697,22.98132,127731884
2007-11-27,23.23314,23.53371,22.9407,23.39561,122877928
2007-11-28,23.96426,24.79285,23.8749,24.79285,205239337
2007-11-29,24.61414,24.7766,24.19171,24.57352,107091214
2007-11-30,25.47522,25.73517,25.036556,25.18278,144984226
2007-12-03,25.052803,25.16653,24.78473,24.97969,72568927
2007-12-04,24.57352,24.69537,24.41105,24.51665,75393703
2007-12-05,24.89846,25.10154,24.60601,24.88221,107066841
2007-12-06,24.92283,25.68643,24.85784,25.68643,122098951
2007-12-07,25.73517,25.79204,25.34525,25.34525,100382387
2007-12-10,25.62145,26.068237,25.41836,25.8814,97746201
2007-12-11,25.93014,26.10885,24.56539,24.57352,168317584
2007-12-12,25.40211,25.4671,23.92364,24.38668,175881956
2007-12-13,24.1186,24.40292,23.69618,24.37855,167576892
2007-12-14,24.053616,24.46791,23.83428,23.84241,86534622
2007-12-17,23.72055,24.04549,23.57433,23.59058,85712684
2007-12-18,23.93989,23.97238,23.20877,23.60682,103492386
2007-12-19,23.7368,24.1186,23.4931,23.74492,135631334
2007-12-20,23.95613,24.10236,23.23314,23.57433,120949197
2007-12-21,23.67994,23.84241,23.42811,23.79366,76997942
2007-12-24,23.89927,24.26483,23.88302,24.22421,53981935
2007-12-26,24.18359,24.19171,23.89115,24.053616,29007653
2007-12-27,23.98863,23.98863,23.54996,23.56621,44473322
2007-12-28,23.80179,23.80179,23.33875,23.50934,39842546
2007-12-31,23.43623,23.82616,23.26564,23.50122,61056985
2008-01-02,23.62307,23.69618,23.013809,23.038179,80446096
2008-01-03,23.13566,23.25751,22.87571,22.89196,55290488
2008-01-04,22.67262,22.68887,22.20146,22.24208,93318540
2008-01-07,22.40455,22.60764,21.99025,22.29894,112017799
2008-01-08,22.45329,22.59951,21.4866,21.4866,148535168
2008-01-09,21.60845,21.98213,21.04793,21.89277,164102394
2008-01-10,21.67344,22.76198,21.47035,22.26645,275365714
2008-01-11,22.15272,22.83509,21.93339,22.33956,224602351
2008-01-14,22.61576,22.6645,22.25833,22.64825,108263988
2008-01-15,22.22583,22.25833,21.71405,21.71405,141844191
2008-01-16,21.84403,22.50203,21.63282,22.079611,176283632
2008-01-17,22.12023,22.12835,20.94232,20.95857,208394513
2008-01-18,21.12104,21.28351,20.28432,20.71487,220297790
2008-01-22,19.66694,21.65719,19.5857,21.16166,314363301
2008-01-23,20.60114,22.6645,20.47928,22.6645,301912352
2008-01-24,22.6645,22.88383,22.37206,22.67262,197313666
2008-01-25,23.062551,23.078798,21.93339,22.079611,166188693
2008-01-28,22.20146,23.54996,21.87652,22.86759,113301609
2008-01-29,23.038179,23.23314,22.64013,23.2169,124376916
2008-01-30,22.98944,23.81803,22.74574,22.74574,263688448
2008-01-31,22.39643,24.31357,22.30707,23.67181,223878523
2008-02-01,23.55808,24.11048,23.46873,24.11048,162903277
2008-02-04,23.85053,23.95613,23.29813,23.41186,93362610
2008-02-05,22.89196,23.0056858,22.30707,22.46141,154453447
2008-02-06,22.57514,22.69699,22.055241,22.20146,129122052
2008-02-07,21.99025,22.69699,21.93339,22.40455,159071913
2008-02-08,22.32331,22.3883,21.72218,22.030869,128474177
2008-02-11,21.99025,21.99025,21.3485,21.54346,134895811
2008-02-12,21.79529,22.17709,21.55971,22.13647,189322753
2008-02-13,22.063362,22.12023,21.57595,22.055241,106347813
2008-02-14,21.96588,22.1121,21.4541,21.4541,128028801
2008-02-15,21.49472,21.79529,21.25914,21.79529,125203287
2008-02-19,22.063362,22.13647,21.42161,21.76279,117432107
2008-02-20,21.3485,22.014622,21.27539,22.014622,145489059
2008-02-21,21.98213,22.15272,21.53534,21.62469,93068155
2008-02-22,21.68156,22.095858,21.19415,22.095858,137697075
2008-02-25,21.84403,22.29082,21.54346,22.095858,184562476
2008-02-26,22.0064983,22.62388,21.94151,22.29082,127558805
2008-02-27,22.047115,22.67262,21.93339,22.3883,121404790
2008-02-28,22.18521,22.20146,21.68968,21.68968,109396139
2008-02-29,21.40536,21.42973,20.80422,20.98294,172356126
2008-03-03,20.85296,20.88546,20.40617,20.69862,136199687
2008-03-04,20.34119,20.64175,19.96751,20.58489,200666418
2008-03-05,20.64988,20.88546,20.16247,20.42242,225038495
2008-03-06,20.089357,20.22746,19.57758,19.71568,172225394
2008-03-07,19.39074,20.18684,19.33388,19.7563,245347286
2008-03-10,19.80504,19.91064,19.090172,19.19578,208597874
2008-03-11,20.064987,20.57677,19.52072,20.45491,280335753
2008-03-12,20.50366,21.04793,19.94314,20.11373,210871654
2008-03-13,19.5857,20.92608,19.04143,20.064987,258767525
2008-03-14,20.25995,20.38993,19.10642,19.49634,313442513
2008-03-17,18.10723,19.33388,18.10723,19.049553,261292799
2008-03-18,20.02437,20.74736,19.66694,20.64988,343693354
2008-03-19,20.91795,21.20227,20.1056,20.1056,266921300
2008-03-20,20.25995,21.55158,20.2437,21.38099,274151455
2008-03-24,21.61657,22.23396,21.56783,21.65719,182639531
2008-03-25,21.60845,21.81153,21.16978,21.5922,156227318
2008-03-26,21.26726,21.3485,20.73111,20.81235,158215752
2008-03-27,21.015434,21.04793,20.40617,20.48741,151309473
2008-03-28,20.53615,20.64988,19.94314,20.02437,109083465
2008-03-31,19.95938,20.5524,19.82941,20.20309,108253278
2008-04-01,20.92608,21.70593,20.86921,21.62469,206127626
2008-04-02,21.77092,22.071487,21.44598,21.60845,157608254
2008-04-03,21.36474,21.81153,21.26726,21.70593,121409591
2008-04-04,21.66531,21.71405,21.25914,21.41348,109628675
2008-04-07,21.73842,21.91714,21.46223,21.54346,121394696
2008-04-08,21.3485,21.51909,21.096668,21.29976,110939936
2008-04-09,21.36474,21.36474,20.78798,20.94232,120887401
2008-04-10,20.75548,21.10479,20.56864,20.81235,135427111
2008-04-11,20.40617,20.87733,20.35743,20.4143,113534638
2008-04-14,20.28432,20.30869,19.82128,19.93501,122993519
2008-04-15,20.12185,20.33306,19.79691,20.1381,115135922
2008-04-16,20.53615,20.78798,20.39805,20.68237,138142820
2008-04-17,20.52803,21.15353,20.49553,21.039804,155159918
2008-04-18,21.71405,21.84403,21.3485,21.50284,155040388
2008-04-21,21.27539,21.28351,20.96669,21.16978,80684295
2008-04-22,21.015434,21.072298,20.75548,20.87733,103538795
2008-04-23,20.92608,21.064175,20.59301,20.73924,100855461
2008-04-24,20.82047,21.63282,20.81235,21.4866,151581647
2008-04-25,21.72218,21.94963,21.25914,21.89277,102556949
2008-04-28,21.90902,22.063362,21.68968,21.94963,94327960
2008-04-29,21.85215,21.974,21.60845,21.68156,79175827
2008-04-30,21.70593,21.974,21.46223,21.61657,106284786
2008-05-01,21.55971,22.43704,21.4866,22.35581,125902987
2008-05-02,22.79448,22.88383,22.26645,22.51015,121243775
2008-05-05,22.33956,22.39643,22.038994,22.12023,78741654
2008-05-06,21.81153,22.37206,21.056051,22.35581,124571291
2008-05-07,22.38018,22.38018,21.46223,21.55158,118989199
2008-05-08,21.64094,21.64094,21.031681,21.11292,166583229
2008-05-09,20.98294,21.46223,20.9342,21.11292,142069218
2008-05-12,21.13729,21.42973,21.056051,21.36474,83396557
2008-05-13,21.43785,21.4541,21.031681,21.16978,92714119
2008-05-14,21.27539,21.42161,21.16166,21.316,80104494
2008-05-15,21.29976,21.60845,21.12104,21.52721,90097013
2008-05-16,21.5922,21.5922,21.13729,21.43785,64561765
2008-05-19,21.316,21.56783,21.064175,21.23477,85711945
2008-05-20,21.015434,21.023558,20.61738,20.73924,97189420
2008-05-21,20.68237,20.81235,20.097483,20.21121,133429075
2008-05-22,20.073111,20.52803,20.073111,20.32494,81729044
2008-05-23,20.23558,20.2437,19.92689,20.02437,89026043
2008-05-27,19.92689,20.22746,19.91876,20.12998,83667623
2008-05-28,20.29244,20.30869,19.73192,20.016247,139054252
2008-05-29,19.96751,20.46304,19.96751,20.37368,96678678
2008-05-30,20.48741,20.51178,19.94314,20.11373,79018259
2008-06-02,20.064987,20.064987,19.6182,19.81316,104662574
2008-06-03,19.97563,20.032494,19.4476,19.74817,151496831
2008-06-04,19.63444,19.98375,19.39074,19.62632,169059385
2008-06-05,19.70756,20.016247,19.65881,20.016247,138013073
2008-06-06,19.76442,19.77254,18.94395,18.95207,192620233
2008-06-09,19.057676,19.17141,18.36718,18.69212,210144379
2008-06-10,18.46466,18.99269,18.39155,18.74899,217348930
2008-06-11,18.8221,18.85459,18.13972,18.20471,214532033
2008-06-12,18.35093,18.83022,18.26158,18.70024,245193165
2008-06-13,18.80585,18.99269,18.42405,18.99269,157429513
2008-06-16,18.81397,19.29326,18.69212,19.17141,152712567
2008-06-17,19.36637,19.37449,18.53777,18.61089,150943989
2008-06-18,18.2697,18.76523,18.090982,18.30219,185416667
2008-06-19,18.34281,18.53777,17.93664,18.49716,204997568
2008-06-20,18.034119,18.27782,17.75792,18.017872,222510144
2008-06-23,17.92039,17.95288,17.32738,17.44923,150520894
2008-06-24,17.40861,17.84728,17.17303,17.65232,249743926
2008-06-25,17.75792,18.24533,17.60357,17.6117,270571830
2008-06-26,17.24614,17.40049,16.90495,16.97807,177928986
2008-06-27,16.94557,17.10804,16.53127,16.70999,179566216
2008-06-30,16.72624,16.75873,16.29569,16.45816,180520980
2008-07-01,16.19009,16.58002,15.89764,16.5069,292065583
2008-07-02,16.59626,16.83997,16.24695,16.25508,180299400
2008-07-03,16.45004,16.55565,16.076361,16.19821,102694575
2008-07-07,16.36068,16.53127,15.49959,15.66206,234991745
2008-07-08,15.78392,16.68562,15.58083,16.6775,305913840
2008-07-09,16.6775,16.75873,15.70268,15.72705,277344669
2008-07-10,15.58083,15.95451,15.39399,15.61332,287294227
2008-07-11,15.17465,15.67019,14.85784,15.17465,383739753
2008-07-14,15.59708,15.75955,14.3948,14.3948,291271342
2008-07-15,14.26482,14.80097,13.62307,13.94801,577518234
2008-07-16,14.41917,15.77579,14.21608,15.77579,448019742
2008-07-17,16.41755,16.96994,15.8489,16.45816,649620981
2008-07-18,16.9537,17.13241,16.40942,16.79123,316816931
2008-07-21,17.21365,17.44923,16.74249,16.85621,260827481
2008-07-22,16.4013,18.2697,16.16572,18.2697,407857505
2008-07-23,17.83916,18.75711,17.75792,18.24533,438753143
2008-07-24,18.36718,18.36718,16.96994,17.018684,335380780
2008-07-25,17.083672,17.40861,16.63688,16.9537,241407348
2008-07-28,16.87246,17.22177,16.084484,16.15759,209227038
2008-07-29,16.27132,17.46548,16.043867,17.46548,307696205
2008-07-30,17.76604,17.96913,17.11617,17.73355,334457776
2008-07-31,17.38424,17.87165,17.31113,17.57108,208456555
2008-08-01,17.5792,17.72543,17.091795,17.57108,233089604
2008-08-04,17.40861,17.67669,17.091795,17.42486,173696931
2008-08-05,17.70106,18.31032,17.57108,18.31032,222832666
2008-08-06,18.017872,18.25345,17.79854,18.12348,174735772
2008-08-07,17.75792,17.93664,17.067425,17.22989,232640658
2008-08-08,17.10804,17.97725,17.083672,17.82291,217414542
2008-08-11,17.76604,18.48903,17.62794,18.12348,198637484
2008-08-12,17.86353,17.87977,17.059301,17.20552,235358583
2008-08-13,17.0024376,17.043055,16.44192,16.70999,282142492
2008-08-14,16.62063,17.27051,16.55565,17.22989,159833779
2008-08-15,17.28676,17.5792,17.13241,17.35175,164707308
2008-08-18,17.28676,17.28676,16.61251,16.68562,199085937
2008-08-19,16.45004,16.51503,16.019497,16.19821,214356492
2008-08-20,16.22258,16.53127,15.93014,16.53127,210530790
2008-08-21,16.13322,16.41755,16.060114,16.23071,162472673
2008-08-22,16.62063,16.91308,16.45004,16.84809,181439675
2008-08-25,16.62063,16.62876,16.24695,16.25508,118690804
2008-08-26,16.27132,16.51503,16.092607,16.38505,130458179
2008-08-27,16.39318,16.72624,16.2632,16.70187,109374842
2008-08-28,16.88058,17.42486,16.8156,17.37612,190652725
2008-08-29,17.1974,17.49797,17.14866,17.40049,171501320
2008-09-02,17.83916,17.96913,17.32738,17.64419,200156538
2008-09-03,17.56296,17.93664,17.38424,17.92039,178467795
2008-09-04,17.66044,17.81479,17.034931,17.043055,226208068
2008-09-05,16.7831,17.66044,16.75873,17.66044,294009947
2008-09-08,19.0658,19.090172,17.7498,18.42405,518173693
2008-09-09,18.050365,18.44029,17.18928,17.24614,407839902
2008-09-10,17.36799,17.79041,16.76686,17.034931,310143310
2008-09-11,16.49066,17.4736,16.38505,17.42486,411572786
2008-09-12,16.98619,17.48172,16.88058,17.18115,313952147
2008-09-15,16.035744,16.84809,15.50772,15.50772,555804994
2008-09-16,14.7766,16.66937,14.62226,16.66937,594428727
2008-09-17,15.84078,15.97888,14.71162,15.06905,625337783
2008-09-18,15.29651,16.62876,13.93989,16.25508,1050592272
2008-09-19,19.65881,19.90252,17.27051,18.18034,519107037
2008-09-22,18.066612,18.082859,15.80016,16.69374,231788560
2008-09-23,16.68562,17.026808,16.24695,16.645,213533692
2008-09-24,16.79935,16.8156,16.20634,16.45816,168258373
2008-09-25,16.54752,17.043055,16.4013,16.91308,196826560
2008-09-26,16.1251,17.37612,16.019497,17.37612,252887038
2008-09-29,16.69374,16.79935,14.93907,15.085297,422434145
2008-09-30,15.35337,16.36881,15.16653,16.15759,212701043
2008-10-01,16.13322,16.79123,15.91389,16.79123,235842858
2008-10-02,16.645,16.8156,15.91389,15.95451,213501932
2008-10-03,16.4013,16.77498,15.25589,15.25589,322736194
2008-10-06,14.6385,15.036556,13.99675,14.45979,420354002
2008-10-07,14.71162,14.74411,12.93258,12.93258,436457082
2008-10-08,12.39643,13.54184,12.25833,12.41267,486205977
2008-10-09,13.062551,13.13566,11.11292,11.12104,485969133
2008-10-10,10.73111,12.26645,10.38993,12.26645,648326092
2008-10-13,12.98132,13.27376,12.071487,13.22502,274509061
2008-10-14,14.15922,14.51665,13.4931,14.077985,410632918
2008-10-15,13.46873,13.67181,12.55077,12.55077,256192889
2008-10-16,12.90008,13.062551,11.85215,12.83509,383211531
2008-10-17,12.56702,13.29813,12.45329,12.46954,292251095
2008-10-20,12.79448,13.086921,12.3883,13.086921,170736746
2008-10-21,12.69699,13.17628,12.68075,12.68887,162976768
2008-10-22,12.43704,12.57514,11.50284,11.89277,218857767
2008-10-23,11.94151,12.063363,11.047929,11.77092,248715672
2008-10-24,10.72299,11.61657,10.69862,11.0073109,252223775
2008-10-27,11.18603,11.55971,10.66613,10.70674,183470456
2008-10-28,11.316,12.48578,10.56052,12.3883,241738610
2008-10-29,12.10398,12.57514,11.62469,11.62469,214718037
2008-10-30,12.18521,12.29894,11.77904,12.030869,197687644
2008-10-31,11.8684,12.64013,11.8684,12.61576,173640182
2008-11-03,12.58327,12.79448,12.53452,12.68887,82914744
2008-11-04,12.92445,13.42811,12.86759,13.40374,138595705
2008-11-05,13.1844,13.27376,12.1446,12.17709,147492634
2008-11-06,12.030869,12.29894,11.33225,11.34037,201705259
2008-11-07,11.55158,11.72218,11.26726,11.55158,140329076
2008-11-10,11.83591,11.94151,10.97482,11.2104,140162645
2008-11-11,10.99106,11.1779,10.64176,10.82047,214783280
2008-11-12,10.63363,10.83672,10.12998,10.15435,233086157
2008-11-13,10.30869,10.98294,9.50447,10.89358,322958390
2008-11-14,10.658,10.94232,10.20309,10.34119,235483653
2008-11-17,10.16247,10.25183,9.62632,9.68318,227032345
2008-11-18,9.7238,9.83753,9.14703,9.54508,265910772
2008-11-19,9.48822,9.55321,8.48091,8.5459,254938500
2008-11-20,8.39968,8.59464,7.50609,7.62794,493582622
2008-11-21,7.98538,8.0016251,7.043054,7.86353,442404166
2008-11-24,8.29407,9.41511,8.18847,9.057677,378163323
2008-11-25,9.62632,9.76442,9.11454,9.5857,288533475
2008-11-26,9.31763,10.073111,9.26076,10.032494,168369286
2008-11-28,10.048741,10.37368,9.93501,10.28432,67060941
2008-12-01,9.88627,9.91064,8.55402,8.57027,205318859
2008-12-02,8.84647,9.33387,8.48091,9.26889,241340997
2008-12-03,8.89521,9.8619,8.84647,9.74817,257054343
2008-12-04,9.51259,10.19496,9.41511,9.64257,219393375
2008-12-05,9.40699,10.47116,9.39074,10.40617,275159275
2008-12-08,10.83672,11.22665,10.71487,11.10479,248535576
2008-12-09,10.90983,11.20228,10.56052,10.658,237956855
2008-12-10,10.73924,10.7961,10.2437,10.47116,191223909
2008-12-11,10.30869,10.38993,9.6182,9.66694,190928716
2008-12-12,9.31763,9.88627,9.2039,9.85378,164449290
2008-12-15,9.82941,9.8619,9.3095,9.4476,136861718
2008-12-16,10.50366,10.5199,9.61007,10.50366,274174721
2008-12-17,10.30869,10.70674,10.19496,10.40617,185359425
2008-12-18,10.45492,10.60114,9.99188,10.10561,182620327
2008-12-19,9.95938,10.19496,9.78879,9.93501,162598605
2008-12-22,9.95938,10.0081234,9.43948,9.5857,148061603
2008-12-23,9.63444,9.7238,9.33387,9.35824,73468296
2008-12-24,9.43136,9.57758,9.342,9.56133,22234938
2008-12-26,9.65881,9.67506,9.45573,9.56946,37218054
2008-12-29,9.59383,9.60195,9.3095,9.48822,47453450
2008-12-30,9.53696,9.90252,9.50447,9.85378,72357934
2008-12-31,9.87815,10.25995,9.80504,10.17059,109208165
2009-01-02,10.17872,10.40617,9.91877,10.28432,117919090
2009-01-05,10.23558,10.34931,10.056864,10.11373,127885266
2009-01-06,10.23558,10.4143,10.16247,10.2762,153337176
2009-01-07,10.040617,10.11373,9.7238,9.74005,131015946
2009-01-08,9.68318,9.84565,9.59383,9.69943,132274643
2009-01-09,9.78067,9.83753,9.37449,9.39074,125745788
2009-01-12,9.35824,9.38262,8.76523,8.89521,179488048
2009-01-13,8.76523,9.12267,8.67587,9.017059,253377222
2009-01-14,8.71649,8.73274,8.43217,8.49716,201367472
2009-01-15,8.47279,8.48091,7.79041,8.10723,326492960
2009-01-16,8.32656,8.41592,7.50609,7.86353,250760855
2009-01-20,7.42486,7.51422,6.55565,6.56377,300320300
2009-01-21,6.9537,7.54671,6.66937,7.53046,389759343
2009-01-22,7.22989,7.4411,6.87246,7.067425,289483314
2009-01-23,6.75061,7.38424,6.72624,7.30301,284052758
2009-01-26,7.44923,7.63607,7.067425,7.17303,248432049
2009-01-27,7.31925,7.45735,7.1974,7.42486,166844939
2009-01-28,8.074736,8.53777,7.95288,8.37531,385065663
2009-01-29,8.058489,8.1316,7.67669,7.7173,203495871
2009-01-30,7.82291,7.89602,7.37612,7.50609,282654711
2009-02-02,7.31113,7.5792,7.23802,7.50609,148428194
2009-02-03,7.62794,7.64419,7.20552,7.36799,226112665
2009-02-04,7.4411,7.60357,7.22989,7.28676,261722787
2009-02-05,7.1974,7.58733,6.93745,7.40049,474387516
2009-02-06,7.60357,8.034119,7.54671,7.95288,326797509
2009-02-09,8.025995,8.19659,7.90414,8.042242,208984531
2009-02-10,7.94476,8.025995,7.14866,7.22177,399645012
2009-02-11,7.34362,7.58733,7.31113,7.57108,225005627
2009-02-12,7.32738,7.51422,7.026807,7.4736,282216229
2009-02-13,7.31113,7.43298,7.16491,7.18928,209027739
2009-02-17,6.73436,6.82372,6.47441,6.47441,274266185
2009-02-18,6.66937,6.68562,6.27132,6.47441,269314979
2009-02-19,6.59626,6.62876,6.092608,6.13322,257146298
2009-02-20,5.83266,6.19821,5.56458,6.043867,503483309
2009-02-23,6.2632,6.31194,5.83266,5.83266,262755965
2009-02-24,5.91389,6.5394,5.84078,6.5394,327940739
2009-02-25,6.44192,6.79935,6.11698,6.49878,400245986
2009-02-26,6.80747,6.9537,6.5394,6.60439,388346771
2009-02-27,6.13322,6.48253,6.1251,6.17384,308811984
2009-03-02,5.93826,6.043867,5.71893,5.78392,230782341
2009-03-03,5.93014,5.97076,5.55646,5.67019,234076127
2009-03-04,5.87327,5.8814,5.44273,5.59708,285063778
2009-03-05,5.44273,5.45898,4.9472,5.06905,346455471
2009-03-06,5.14216,5.26401,4.7766,5.020309,265816601
2009-03-09,4.9147,5.23964,4.84972,5.085297,300571670
2009-03-10,5.41024,5.87327,5.3615,5.84078,435885036
2009-03-11,6.068237,6.22258,5.85703,5.99513,511086088
2009-03-12,5.97076,6.68562,5.89764,6.61251,476439962
2009-03-13,6.73436,6.82372,6.36881,6.65313,341559661
2009-03-16,6.8156,7.051178,6.49878,6.52315,353656206
2009-03-17,6.51503,6.96994,6.39318,6.94557,276164140
2009-03-18,6.86434,7.67669,6.79123,7.64419,509248328
2009-03-19,7.86353,7.87977,7.018684,7.034931,508014866
2009-03-20,6.96182,6.99431,6.57189,6.61251,375016395
2009-03-23,7.18928,7.81479,7.034931,7.70106,457828227
2009-03-24,7.48985,7.8554,7.27051,7.32738,368470429
2009-03-25,7.49797,7.76604,7.059301,7.57108,440502517
2009-03-26,7.70918,7.75792,7.40861,7.66044,306281294
2009-03-27,7.45735,7.70918,7.40861,7.42486,245167807
2009-03-30,7.010561,7.12429,6.71811,6.7831,273044294
2009-03-31,6.96182,7.27864,6.85621,7.15678,300060805
2009-04-01,6.9537,7.40861,6.93745,7.35987,214623004
2009-04-02,7.79041,7.81479,7.45735,7.56296,293319479
2009-04-03,7.48985,7.89602,7.44923,7.87165,224946170
2009-04-06,7.6117,7.76604,7.53859,7.66044,222197593
2009-04-07,7.42486,7.64419,7.41673,7.43298,212819958
2009-04-08,7.54671,7.62794,7.31925,7.4736,154755288
2009-04-09,8.14785,8.67587,8.034119,8.63526,384778225
2009-04-13,8.46466,9.14703,8.4078,9.00081158,307171184
2009-04-14,8.86271,9.04143,8.35093,8.4078,393041928
2009-04-15,8.29407,8.87896,8.17222,8.81397,237804457
2009-04-16,8.97644,9.057677,8.60276,8.91145,267621000
2009-04-17,8.87084,9.2039,8.70837,9.025183,281153137
2009-04-20,8.60276,8.6515,7.9935,8.017872,325535488
2009-04-21,7.67669,8.61901,7.64419,8.61088,356329199
2009-04-22,8.32656,8.8221,8.27782,8.30219,299510302
2009-04-23,8.42404,8.74899,8.30219,8.69212,208109536
2009-04-24,8.74086,9.057677,8.57839,8.88708,288261916
2009-04-27,8.63526,8.87084,8.55402,8.74086,157074123
2009-04-28,8.39968,8.6515,8.37531,8.47279,166197310
2009-04-29,8.58652,8.91958,8.57027,8.83834,192158977
2009-04-30,8.99269,9.057677,8.64338,8.71649,215537513
2009-05-01,8.72461,8.85459,8.57027,8.6515,137526705
2009-05-04,8.76523,9.53696,8.75711,9.52884,260737864
2009-05-05,9.35012,9.56133,9.29326,9.39074,200012388
2009-05-06,9.67506,10.20309,9.62632,10.1381,330286040
2009-05-07,10.61738,10.61738,9.69131,9.84565,350441326
2009-05-08,10.0,10.62551,9.91877,10.57677,368943749
2009-05-11,10.2437,10.36556,9.91877,9.95938,254006756
2009-05-12,10.032494,10.056864,9.43948,9.74817,254245447
2009-05-13,9.47197,9.54508,9.2039,9.25264,237690343
2009-05-14,9.1714,9.65069,9.16328,9.56133,214387267
2009-05-15,9.59383,9.67506,9.28513,9.36637,188082520
2009-05-18,9.63444,10.048741,9.56133,9.98375,168822171
2009-05-19,9.98375,10.14622,9.76442,9.78067,194454423
2009-05-20,10.0081234,10.048741,9.45573,9.52071,338297881
2009-05-21,9.38262,9.64257,9.35824,9.53696,267674180
2009-05-22,9.62632,9.65069,9.43136,9.47197,118089215
2009-05-26,9.35824,9.82128,9.35012,9.78067,185271163
2009-05-27,9.87002,9.90252,9.45573,9.48822,211276284
2009-05-28,9.56133,9.78879,9.39886,9.7563,228614303
2009-05-29,9.83753,10.032494,9.65069,9.93501,231964224
2009-06-01,10.064988,10.22746,9.94314,10.040617,236336489
2009-06-02,9.90252,10.032494,9.82128,9.87815,237238566
2009-06-03,9.81316,9.90252,9.65069,9.74817,172765434
2009-06-04,9.83753,10.11373,9.81316,10.097482,200735723
2009-06-05,10.26807,10.29245,9.93501,10.0081234,188049530
2009-06-08,9.91064,10.17872,9.90252,10.081235,114387228
2009-06-09,10.1381,10.18684,10.032494,10.15435,114763791
2009-06-10,10.21121,10.21933,9.87815,10.0,193137006
2009-06-11,10.0,10.22746,9.98375,10.081235,192736070
2009-06-12,10.073111,10.15435,10.048741,10.14622,101101415
2009-06-15,10.048741,10.073111,9.84565,9.88627,117569979
2009-06-16,9.91064,9.93501,9.67506,9.71568,139644394
2009-06-17,9.65069,9.66694,9.35012,9.43136,255798230
2009-06-18,9.46385,9.70755,9.45573,9.65881,149106352
2009-06-19,9.73193,9.83753,9.59383,9.78067,218644804
2009-06-22,9.65069,9.71568,9.2039,9.21202,163965753
2009-06-23,9.28513,9.41511,9.17953,9.31763,172708561
2009-06-24,9.4476,9.5857,9.35824,9.43136,133115662
2009-06-25,9.39886,9.63444,9.342,9.63444,156577784
2009-06-26,9.5857,9.7238,9.53696,9.68318,90023153
2009-06-29,9.70755,9.82941,9.60195,9.80504,137113950
2009-06-30,9.81316,9.83753,9.63444,9.70755,124690329
2009-07-01,9.7238,9.77254,9.64257,9.65069,71842391
2009-07-02,9.55321,9.56133,9.29326,9.31763,125072185
2009-07-06,9.22827,9.342,9.13891,9.32575,107628053
2009-07-07,9.33387,9.35824,9.14703,9.17953,119638920
2009-07-08,9.19578,9.22015,8.79772,9.025183,248119375
2009-07-09,9.15516,9.23639,9.0658,9.13891,160788419
2009-07-10,9.073924,9.098294,8.95207,9.017059,117735302
2009-07-13,9.22015,9.60195,9.16328,9.59383,278149374
2009-07-14,9.60195,9.6182,9.43948,9.55321,195259127
2009-07-15,9.70755,10.073111,9.69131,9.95938,222874027
2009-07-16,9.87002,10.02437,9.76442,9.92689,147851963
2009-07-17,9.95126,9.99188,9.78879,9.8619,173246139
2009-07-20,9.93501,10.0081234,9.87002,9.94314,135604252
2009-07-21,9.95126,9.98375,9.7563,9.85378,156874455
2009-07-22,9.67506,9.94314,9.65881,9.8619,123101477
2009-07-23,9.87815,10.20309,9.82128,10.14622,156626901
2009-07-24,10.056864,10.14622,9.95938,10.089358,89317544
2009-07-27,10.12185,10.2762,10.081235,10.25183,113482936
2009-07-28,10.16247,10.26807,10.12998,10.22746,73711911
2009-07-29,10.16247,10.2762,10.12998,10.22746,124764312
2009-07-30,10.32494,10.58489,10.32494,10.46304,161803625
2009-07-31,10.46304,10.57677,10.39805,10.56864,161635840
2009-08-03,10.76361,10.85297,10.6905,10.83672,141779933
2009-08-04,10.77985,11.11292,10.73924,11.056052,123182969
2009-08-05,11.12104,11.49472,11.064175,11.43785,205272204
2009-08-06,11.61657,11.65719,11.25914,11.35662,290627775
2009-08-07,11.51909,11.86028,11.4541,11.65719,233042703
2009-08-10,11.64094,11.73842,11.47035,11.60845,117157348
2009-08-11,11.53534,11.54346,11.16166,11.1779,157646661
2009-08-12,11.14541,11.49472,11.13729,11.40536,128570318
2009-08-13,11.58408,11.64907,11.37287,11.64094,166225254
2009-08-14,11.63282,11.64094,11.37287,11.56783,133410610
2009-08-17,11.22665,11.24289,11.064175,11.080422,141513667
2009-08-18,11.18603,11.35662,11.16978,11.30788,99642556
2009-08-19,11.12916,11.37287,11.10479,11.29976,96251028
2009-08-20,11.33225,11.61657,11.32413,11.5922,111257534
2009-08-21,11.72218,11.87652,11.65719,11.81966,134382361
2009-08-24,11.99025,12.071487,11.69781,11.7303,152575803
2009-08-25,11.81966,11.99025,11.81966,11.87652,116332824
2009-08-26,11.81153,11.92526,11.70593,11.84403,113992570
2009-08-27,11.83591,11.99025,11.70593,11.96588,100287847
2009-08-28,12.07961,12.10398,11.84403,11.98213,99309571
2009-08-31,11.76279,11.94963,11.74655,11.94151,101467637
2009-09-01,11.85215,11.98213,11.27539,11.29976,234730773
2009-09-02,11.20228,11.37287,11.16166,11.20228,129933281
2009-09-03,11.32413,11.46223,11.24289,11.42161,97488183
2009-09-04,11.49472,11.55158,11.38912,11.55158,89279383
2009-09-08,11.72218,11.73842,11.53534,11.60032,99369767
2009-09-09,11.63282,11.81966,11.60032,11.77904,111341365
2009-09-10,11.73842,11.90089,11.60032,11.87652,114235569
2009-09-11,11.91714,11.92526,11.79529,11.80341,80452005
2009-09-14,11.64907,11.99025,11.64094,11.95776,88924363
2009-09-15,11.99025,12.10398,11.83591,11.98213,129108388
2009-09-16,12.05524,12.39643,12.022746,12.39643,153591131
2009-09-17,12.3883,12.53452,12.26645,12.35581,137935027
2009-09-18,12.37206,12.3883,12.22583,12.29894,112413566
2009-09-21,12.18521,12.2502,12.1446,12.18521,103587296
2009-09-22,12.36393,12.47766,12.29082,12.46141,105834240
2009-09-23,12.48578,12.54265,12.19334,12.20959,134086798
2009-09-24,12.2827,12.31519,11.89277,11.96588,163284149
2009-09-25,11.90089,12.0064993,11.76279,11.85215,143733037
2009-09-28,11.91714,12.26645,11.90089,12.2502,96599401
2009-09-29,12.29894,12.3883,12.16897,12.19334,127167716
2009-09-30,12.26645,12.30707,11.99837,12.13647,180006914
2009-10-01,12.071487,12.095857,11.5922,11.60032,157511128
2009-10-02,11.40536,11.74655,11.3485,11.60845,158977372
2009-10-05,11.75467,11.99837,11.72218,11.974,121768797
2009-10-06,12.13647,12.25833,11.94963,12.12835,157014296
2009-10-07,12.071487,12.26645,12.047116,12.25833,120700289
2009-10-08,12.34768,12.4208,12.23396,12.27457,112612372
2009-10-09,12.24208,12.3883,12.21771,12.38018,73837719
2009-10-12,12.43704,12.49391,12.36393,12.47766,91643272
2009-10-13,12.39643,12.43704,12.2502,12.35581,91537160
2009-10-14,12.62388,12.8026,12.53452,12.77823,164466893
2009-10-15,12.64013,12.68887,12.55077,12.6645,103035685
2009-10-16,12.42892,12.46141,12.33144,12.36393,138771615
2009-10-19,12.41267,12.48578,12.30707,12.4208,114214273
2009-10-20,12.39643,12.46954,12.2502,12.32331,131393863
2009-10-21,12.29082,12.49391,12.07961,12.087734,105829686
2009-10-22,12.1446,12.46954,12.095857,12.44517,148468694
2009-10-23,12.46954,12.51015,12.18521,12.26645,108821016
2009-10-26,12.25833,12.29894,11.88465,11.94963,149608600
2009-10-27,11.95776,12.0064993,11.78716,11.86028,125341405
2009-10-28,11.81153,11.86028,11.46223,11.49472,145026326
2009-10-29,11.69781,11.99025,11.60845,11.974,147296659
2009-10-30,11.8684,11.8684,11.3485,11.41348,168815032
2009-11-02,11.50284,11.70593,11.19415,11.51097,209353831
2009-11-03,11.316,11.5922,11.30788,11.54346,135013126
2009-11-04,11.71405,11.74655,11.36474,11.38099,156933912
2009-11-05,11.47847,11.68968,11.39724,11.67344,128854925
2009-11-06,11.47847,11.68156,11.46223,11.62469,91056947
2009-11-09,11.78716,12.05524,11.71405,12.038993,123283911
2009-11-10,11.98213,12.07961,11.88465,11.99837,86729120
2009-11-11,12.12023,12.29082,12.07961,12.16084,123428800
2009-11-12,12.13647,12.21771,11.90902,11.93339,112801454
2009-11-13,11.94963,11.99837,11.81153,11.90902,92111052
2009-11-16,12.05524,12.20146,11.98213,12.038993,150075519
2009-11-17,12.014622,12.095857,11.96588,12.071487,70430557
2009-11-18,12.087734,12.17709,12.038993,12.16897,90591013
2009-11-19,12.095857,12.10398,11.88465,11.93339,95800113
2009-11-20,11.83591,11.93339,11.81153,11.86028,65219734
2009-11-23,11.99025,12.1121,11.96588,12.030869,91208237
2009-11-24,11.99837,12.038993,11.87652,11.94151,75278974
2009-11-25,12.0064993,12.014622,11.89277,11.91714,54272328
2009-11-27,11.57596,11.77904,11.53534,11.60032,93325557
2009-11-30,11.65719,11.93339,11.64907,11.90902,124414954
2009-12-01,11.99025,12.022746,11.85215,11.91714,106757244
2009-12-02,11.89277,11.96588,11.84403,11.90902,76497910
2009-12-03,12.0064993,12.13647,11.64094,11.66531,205411431
2009-12-04,11.88465,11.93339,11.68156,11.88465,240718603
2009-12-07,11.83591,11.90902,11.64907,11.68968,99919162
2009-12-08,11.61657,11.67344,11.55158,11.58408,133715775
2009-12-09,11.60845,11.68968,11.51909,11.62469,90631636
2009-12-10,11.65719,11.71405,11.55158,11.60845,86215178
2009-12-11,11.61657,11.69781,11.51909,11.68968,81270989
2009-12-14,11.72218,11.76279,11.60845,11.75467,72967894
2009-12-15,11.68156,11.7303,11.51909,11.56783,105373600
2009-12-16,11.64094,11.71405,11.5922,11.64094,112051283
2009-12-17,11.54346,11.57596,11.42161,11.42161,113375592
2009-12-18,11.46223,11.56783,11.38099,11.55158,116291955
2009-12-21,11.60845,11.72218,11.60032,11.72218,71633860
2009-12-22,11.71405,11.75467,11.68968,11.74655,32138456
2009-12-23,11.76279,11.77904,11.67344,11.69781,47493211
2009-12-24,11.73842,11.80341,11.7303,11.80341,22487785
2009-12-28,11.81966,11.85215,11.71405,11.76279,36303913
2009-12-29,11.79529,11.80341,11.71405,11.71405,32447806
2009-12-30,11.66531,11.7303,11.61657,11.72218,35503394
2009-12-31,11.73842,11.79529,11.68156,11.69781,40923487
2010-01-04,11.79529,11.96588,11.77092,11.93339,92942347
2010-01-05,11.91714,12.15272,11.90089,12.15272,96770018
2010-01-06,12.1446,12.22583,12.05524,12.17709,75492798
2010-01-07,12.20146,12.51015,12.17709,12.43704,117869112
2010-01-08,12.37206,12.43704,12.26645,12.36393,111866140
2010-01-11,12.48578,12.49391,12.29894,12.37206,72747299
2010-01-12,12.27457,12.33144,12.1121,12.19334,137613736
2010-01-13,12.19334,12.37206,12.095857,12.33144,100839458
2010-01-14,12.29082,12.42892,12.25833,12.3883,70844542
2010-01-15,12.31519,12.32331,12.12023,12.13647,118059301
2010-01-19,12.087734,12.29894,12.022746,12.29082,100437782
2010-01-20,12.20959,12.33956,12.12835,12.25833,99359426
2010-01-21,12.2502,12.33144,11.77904,11.90902,310007531
2010-01-22,11.8684,11.92526,11.4541,11.51909,260932239
2010-01-25,11.68156,11.7303,11.47035,11.58408,179396215
2010-01-26,11.51097,11.69781,11.36474,11.38099,151799780
2010-01-27,11.41348,11.68156,11.36474,11.65719,254674696
2010-01-28,11.74655,11.80341,11.4541,11.60032,275452007
2010-01-29,11.68156,11.83591,11.4866,11.51909,222839929
2010-02-01,11.5922,11.74655,11.5922,11.71405,155187738
2010-02-02,11.72218,11.86028,11.67344,11.82778,135155306
2010-02-03,11.76279,11.84403,11.66531,11.69781,131388692
2010-02-04,11.5922,11.60845,11.18603,11.19415,266891017
2010-02-05,11.25914,11.35662,10.97482,11.32413,315216015
2010-02-08,11.3485,11.3485,11.080422,11.096669,132199183
2010-02-09,11.23477,11.29163,11.047929,11.2104,190172389
2010-02-10,11.22665,11.42161,11.15353,11.29976,155220729
2010-02-11,11.29976,11.38099,11.031682,11.32413,92212240
2010-02-12,11.19415,11.33225,11.12104,11.33225,125390768
2010-02-16,11.41348,11.58408,11.34037,11.56783,134800901
2010-02-17,11.65719,11.65719,11.55158,11.60845,81067751
2010-02-18,11.55971,11.71405,11.55158,11.68156,73617370
2010-02-19,11.60845,11.78716,11.60032,11.74655,72633555
2010-02-22,11.78716,11.96588,11.77092,11.90089,86110666
2010-02-23,11.84403,11.93339,11.64094,11.68156,144519031
2010-02-24,11.68968,11.90089,11.68968,11.88465,87297473
2010-02-25,11.72218,11.8684,11.64907,11.85215,130407585
2010-02-26,11.85215,11.96588,11.78716,11.92526,129857821
2010-03-01,11.96588,11.99025,11.88465,11.95776,65465319
2010-03-02,11.99025,12.1121,11.98213,11.99837,71151554
2010-03-03,12.014622,12.095857,11.974,12.0064993,69710915
2010-03-04,12.038993,12.13647,12.022746,12.12835,65092695
2010-03-05,12.19334,12.3883,12.17709,12.36393,99635663
2010-03-08,12.3883,12.43704,12.36393,12.3883,66161942
2010-03-09,12.32331,12.51015,12.2827,12.42892,110608058
2010-03-10,12.51015,12.64013,12.48578,12.56702,123834045
2010-03-11,12.53452,12.68075,12.51828,12.67262,75285990
2010-03-12,12.77823,12.77823,12.56702,12.62388,125183468
2010-03-15,12.55077,12.64825,12.48578,12.62388,86475904
2010-03-16,12.6645,12.78635,12.63201,12.77823,92828356
2010-03-17,12.85134,12.97319,12.83509,12.93258,113668817
2010-03-18,12.90821,12.92445,12.77823,12.85946,91978843
2010-03-19,12.74574,12.89196,12.69699,12.74574,110142617
2010-03-22,12.61576,12.81885,12.60764,12.81072,78909193
2010-03-23,12.84322,12.92445,12.77011,12.91633,79992227
2010-03-24,12.83509,12.98944,12.83509,12.92445,86346279
2010-03-25,13.01381,13.25751,12.96507,12.98132,150906813
2010-03-26,13.03818,13.16003,12.92445,12.99756,218970526
2010-03-29,13.070674,13.11129,12.93258,13.01381,76076908
2010-03-30,13.021933,13.062551,12.90008,12.93258,59183033
2010-03-31,12.85134,13.0056858,12.84322,12.95695,72467985
2010-04-01,13.062551,13.10317,12.97319,13.062551,59488321
2010-04-05,13.13566,13.20877,13.10317,13.19253,55300582
2010-04-06,13.1844,13.36312,13.16003,13.33063,63364125
2010-04-07,13.36312,13.41186,13.20065,13.28189,91544300
2010-04-08,13.23314,13.42811,13.17628,13.38749,86447591
2010-04-09,13.43623,13.46873,13.355,13.43623,64967625
2010-04-12,13.47685,13.54996,13.4606,13.4931,56718325
2010-04-13,13.47685,13.57433,13.41186,13.50122,85280479
2010-04-14,13.67181,13.85865,13.65557,13.85053,155369926
2010-04-15,13.88302,13.90739,13.75305,13.79366,101626682
2010-04-16,13.7368,13.75305,13.054427,13.29001,468533372
2010-04-19,13.13566,13.44435,13.11942,13.41998,319699563
2010-04-20,13.52559,13.5987,13.44435,13.5987,151176894
2010-04-21,13.60682,13.72868,13.36312,13.51746,210131946
2010-04-22,13.37124,13.63119,13.31438,13.59058,123733596
2010-04-23,13.61495,13.68806,13.54184,13.63119,109054906
2010-04-26,13.62307,13.62307,13.38749,13.41998,128910443
2010-04-27,13.27376,13.41998,12.93258,12.96507,289883143
2010-04-28,13.14379,13.24127,13.030057,13.15191,194917032
2010-04-29,13.3225,13.52559,13.25751,13.45248,153177515
2010-04-30,13.38749,13.42811,13.10317,13.12754,206146707
2010-05-03,13.24127,13.41186,13.20065,13.37937,110817944
2010-05-04,13.1844,13.22502,12.93258,13.01381,195182313
2010-05-05,12.8026,13.16003,12.75386,12.9407,227201362
2010-05-06,12.88383,13.030057,11.82778,12.39643,385070710
2010-05-07,12.40455,12.62388,12.07961,12.25833,434082852
2010-05-10,12.89196,13.01381,12.72949,12.9407,220172844
2010-05-11,12.74574,13.10317,12.73761,12.89196,149938016
2010-05-12,12.97319,13.046304,12.86759,13.03818,108045855
2010-05-13,12.99756,13.030057,12.8026,12.8026,117497842
2010-05-14,12.65638,12.6645,12.33956,12.46954,185612150
2010-05-17,12.46954,12.58327,12.17709,12.47766,215164644
2010-05-18,12.62388,12.63201,12.030869,12.12023,245298293
2010-05-19,12.0064993,12.25833,11.89277,12.13647,282446426
2010-05-20,11.90902,11.94963,11.55158,11.57596,264759910
2010-05-21,11.33225,12.13647,11.33225,11.98213,256736868
2010-05-24,12.038993,12.038993,11.62469,11.64094,132667948
2010-05-25,11.316,11.75467,11.24289,11.74655,202843441
2010-05-26,11.93339,11.95776,11.60032,11.66531,153920670
2010-05-27,11.91714,12.20146,11.85215,12.19334,150171413
2010-05-28,12.16084,12.16897,11.88465,11.92526,156946837
2010-06-01,11.79529,11.96588,11.65719,11.67344,102271849
2010-06-02,11.79529,12.038993,11.68156,12.038993,97060780
2010-06-03,12.087734,12.1121,11.84403,11.974,126116689
2010-06-04,11.7303,11.79529,11.43785,11.49472,146914680
2010-06-07,11.54346,11.60032,11.22665,11.26726,128171597
2010-06-08,11.33225,11.51097,11.12916,11.50284,180966602
2010-06-09,11.58408,11.67344,11.33225,11.38099,153438734
2010-06-10,11.55158,11.77904,11.47035,11.75467,138725329
2010-06-11,11.64094,11.82778,11.60845,11.78716,66406172
2010-06-14,11.88465,11.94151,11.72218,11.73842,111620925
2010-06-15,11.81153,12.038993,11.73842,12.014622,124529437
2010-06-16,11.94151,12.087734,11.89277,12.022746,76874719
2010-06-17,12.05524,12.071487,11.87652,12.0064993,88713985
2010-06-18,12.038993,12.071487,11.95776,12.047116,82191162
2010-06-21,12.18521,12.22583,11.96588,12.030869,105541262
2010-06-22,12.038993,12.095857,11.82778,11.84403,102404305
2010-06-23,11.85215,11.90902,11.71405,11.78716,147406957
2010-06-24,11.71405,11.81966,11.52721,11.57596,180425454
2010-06-25,11.72218,11.91714,11.55971,11.89277,174342222
2010-06-28,11.90089,11.93339,11.74655,11.77904,97958795
2010-06-29,11.61657,11.63282,11.26726,11.35662,190216582
2010-06-30,11.34037,11.47035,11.16978,11.21852,152587990
2010-07-01,11.20228,11.29163,10.84484,11.11292,164533121
2010-07-02,11.19415,11.2104,10.89358,10.98294,82338882
2010-07-06,11.22665,11.28351,10.92608,11.047929,131649787
2010-07-07,11.12104,11.55971,11.10479,11.53534,135275082
2010-07-08,11.67344,11.68968,11.44598,11.62469,99375306
2010-07-09,11.58408,11.81153,11.57596,11.78716,99814035
2010-07-12,11.77092,11.82778,11.65719,11.80341,67070912
2010-07-13,11.95776,12.16084,11.94963,12.095857,103837681
2010-07-14,12.038993,12.047116,11.87652,12.0064993,95201847
2010-07-15,12.022746,12.047116,11.72218,11.98213,118284082
2010-07-16,11.83591,11.86028,11.44598,11.47847,174393677
2010-07-19,11.49472,11.54346,11.28351,11.47035,87813508
2010-07-20,11.25914,11.60845,11.24289,11.5922,113625609
2010-07-21,11.80341,11.80341,11.37287,11.40536,126180578
2010-07-22,11.55158,11.78716,11.55158,11.73842,103468874
2010-07-23,11.71405,11.86028,11.60845,11.82778,85939803
2010-07-26,11.84403,12.014622,11.77904,11.99025,97582109
2010-07-27,12.1446,12.20146,11.99837,12.022746,114958905
2010-07-28,11.99025,12.063363,11.87652,11.91714,60830850
2010-07-29,12.022746,12.07961,11.81153,11.95776,86025234
2010-07-30,11.80341,12.030869,11.80341,11.94963,72789892
2010-08-02,12.12023,12.25833,12.071487,12.2502,120011913
2010-08-03,12.18521,12.21771,12.095857,12.1121,81845251
2010-08-04,12.16084,12.20146,12.087734,12.16084,82030516
2010-08-05,12.071487,12.13647,12.038993,12.1121,50578959
2010-08-06,11.99025,12.05524,11.84403,12.0064993,101926554
2010-08-09,12.063363,12.10398,11.94963,12.071487,49583449
2010-08-10,11.95776,12.063363,11.88465,11.96588,81174971
2010-08-11,11.77904,11.78716,11.52721,11.54346,117411918
2010-08-12,11.42161,11.53534,11.38099,11.46223,88825636
2010-08-13,11.4541,11.56783,11.42973,11.42973,64041298
2010-08-16,11.39724,11.44598,11.34037,11.39724,68304497
2010-08-17,11.51909,11.60032,11.42161,11.4866,79810039
2010-08-18,11.47847,11.61657,11.43785,11.53534,68372325
2010-08-19,11.46223,11.51097,11.24289,11.26726,124471211
2010-08-20,11.22665,11.25914,11.12916,11.23477,81137426
2010-08-23,11.29163,11.30788,11.15353,11.16166,66239371
2010-08-24,11.023558,11.080422,10.94232,10.97482,116123431
2010-08-25,10.89358,11.047929,10.7961,11.0073109,90747843
2010-08-26,11.064175,11.13729,10.88546,10.91795,88256545
2010-08-27,10.96669,11.16166,10.84484,11.15353,107590139
2010-08-30,11.10479,11.12916,10.90983,10.91795,78521797
2010-08-31,10.90983,11.056052,10.8286,11.015435,131233463
2010-09-01,11.15353,11.4541,11.14541,11.43785,163002496
2010-09-02,11.42973,11.55158,11.42161,11.55158,82205072
2010-09-03,11.70593,11.79529,11.65719,11.79529,108976122
2010-09-07,11.68156,11.68968,11.51097,11.52721,69632992
2010-09-08,11.56783,11.72218,11.55971,11.64094,63465559
2010-09-09,11.81966,11.88465,11.71405,11.78716,100214233
2010-09-10,11.79529,11.84403,11.75467,11.80341,48934712
2010-09-13,11.98213,12.087734,11.98213,12.05524,93892679
2010-09-14,12.014622,12.038993,11.88465,11.94963,81324661
2010-09-15,11.86028,12.0064993,11.81966,11.99025,91766372
2010-09-16,11.94963,11.96588,11.87652,11.95776,65492647
2010-09-17,11.974,11.99837,11.85215,11.8684,80925078
2010-09-20,11.88465,12.12835,11.8684,12.095857,64263001
2010-09-21,12.12835,12.16084,11.94151,11.98213,103705472
2010-09-22,11.90089,12.014622,11.76279,11.78716,114854147
2010-09-23,11.67344,11.77092,11.53534,11.55971,127349658
2010-09-24,11.69781,11.8684,11.68968,11.8684,94600257
2010-09-27,11.8684,11.8684,11.71405,11.73842,76726384
2010-09-28,11.77904,11.79529,11.62469,11.76279,101337767
2010-09-29,11.72218,11.77904,11.61657,11.67344,82229692
2010-09-30,11.74655,11.88465,11.64907,11.65719,132373000
2010-10-01,11.77092,11.81966,11.64907,11.77904,162650799
2010-10-04,11.76279,11.85215,11.64094,11.69781,105309096
2010-10-05,11.80341,12.014622,11.71405,11.96588,163731125
2010-10-06,11.99025,12.022746,11.91714,11.95776,79712666
2010-10-07,12.014622,12.05524,11.84403,11.90902,88379153
2010-10-08,11.92526,11.96588,11.87652,11.94151,76830034
2010-10-11,11.94963,11.96588,11.87652,11.92526,50798200
2010-10-12,11.86028,12.07961,11.83591,12.063363,81038084
2010-10-13,12.13647,12.18521,12.038993,12.071487,138693077
2010-10-14,11.95776,11.98213,11.74655,11.86028,208325454
2010-10-15,11.90089,11.95776,11.57596,11.65719,163544136
2010-10-18,11.61657,11.93339,11.61657,11.91714,96393824
2010-10-19,11.82778,11.99837,11.70593,11.75467,180636325
2010-10-20,11.76279,11.93339,11.65719,11.8684,118915708
2010-10-21,11.91714,12.0064993,11.77092,11.8684,90587936
2010-10-22,11.89277,11.93339,11.82778,11.86028,50796353
2010-10-25,11.96588,11.98213,11.80341,11.81966,56338931
2010-10-26,11.77092,11.86028,11.74655,11.83591,58349523
2010-10-27,11.79529,11.88465,11.75467,11.84403,77185177
2010-10-28,11.90902,11.94151,11.77092,11.84403,71284256
2010-10-29,11.81153,11.85215,11.76279,11.82778,49026545
2010-11-01,11.85215,11.93339,11.71405,11.82778,80929756
2010-11-02,11.90089,11.90902,11.82778,11.86028,67197828
2010-11-03,11.8684,11.98213,11.77904,11.974,133181275
2010-11-04,12.095857,12.39643,12.087734,12.37206,204934664
2010-11-05,12.40455,12.73761,12.37206,12.65638,203857416
2010-11-08,12.64013,12.64825,12.44517,12.5589,110754301
2010-11-09,12.59951,12.60764,12.24208,12.32331,150410720
2010-11-10,12.32331,12.46954,12.21771,12.46141,149972115
2010-11-11,12.33956,12.39643,12.27457,12.33956,73585118
2010-11-12,12.27457,12.31519,12.10398,12.13647,109245218
2010-11-15,12.21771,12.34768,12.17709,12.19334,88027456
2010-11-16,12.12835,12.1446,11.89277,11.99025,166446464
2010-11-17,11.98213,12.014622,11.87652,11.90902,111420026
2010-11-18,12.05524,12.15272,12.022746,12.071487,105170116
2010-11-19,12.0064993,12.071487,11.95776,12.071487,53682925
2010-11-22,11.99025,11.99837,11.81153,11.89277,119643844
2010-11-23,11.76279,11.80341,11.69781,11.70593,104476201
2010-11-24,11.78716,11.89277,11.75467,11.88465,72325066
2010-11-26,11.77904,11.84403,11.71405,11.71405,39044858
2010-11-29,11.68968,11.86028,11.66531,11.81153,101123080
2010-11-30,11.71405,11.83591,11.69781,11.74655,94421024
2010-12-01,11.91714,11.99025,11.88465,11.98213,102218916
2010-12-02,12.038993,12.30707,12.022746,12.29082,139900073
2010-12-03,12.20959,12.35581,12.1446,12.33144,111832288
2010-12-06,12.29894,12.35581,12.2502,12.31519,64905337
2010-12-07,12.48578,12.48578,12.29894,12.33144,131973540
2010-12-08,12.33956,12.53452,12.32331,12.53452,119732230
2010-12-09,12.61576,12.71324,12.55077,12.68887,95687230
2010-12-10,12.72949,12.81072,12.64825,12.8026,69683833
2010-12-13,12.85946,12.88383,12.75386,12.79448,62184704
2010-12-14,12.79448,12.84322,12.63201,12.68075,85879730
2010-12-15,12.62388,12.72949,12.55077,12.57514,101531526
2010-12-16,12.60764,12.68075,12.5264,12.59139,108179541
2010-12-17,12.56702,12.62388,12.50203,12.61576,76205917
2010-12-20,12.64013,12.67262,12.58327,12.62388,49879628
2010-12-21,12.67262,12.85134,12.67262,12.84322,59296901
2010-12-22,12.89196,13.01381,12.86759,12.98944,87852408
2010-12-23,12.96507,12.97319,12.84322,12.89196,36235347
2010-12-27,12.82697,13.0056858,12.81885,13.0056858,29735790
2010-12-28,13.0056858,13.046304,12.97319,13.0056858,42018708
2010-12-29,13.021933,13.030057,12.96507,12.98132,31035357
2010-12-30,12.98132,12.98132,12.89196,12.9407,45377614
2010-12-31,12.90821,12.97319,12.89196,12.95695,27080400
2011-01-03,13.13566,13.27376,13.10317,13.24127,113566767
2011-01-04,13.29001,13.30626,13.11129,13.22502,65761128
2011-01-05,13.17628,13.40374,13.16003,13.37937,119644460
2011-01-06,13.38749,13.41186,13.28189,13.29001,82408064
2011-01-07,13.33875,13.355,13.01381,13.17628,219266212
2011-01-10,13.10317,13.1844,13.021933,13.14379,107038774
2011-01-11,13.22502,13.29001,13.13566,13.19253,61620659
2011-01-12,13.34687,13.41998,13.3225,13.41186,100785048
2011-01-13,13.43623,13.45248,13.3225,13.37124,74704466
2011-01-14,13.36312,13.61495,13.34687,13.58245,113359713
2011-01-18,13.54996,13.56621,13.43623,13.50122,75478150
2011-01-19,13.39561,13.44435,13.16003,13.20065,144544020
2011-01-20,13.20065,13.31438,13.15191,13.26564,115484911
2011-01-21,13.355,13.43623,13.30626,13.37124,93333928
2011-01-24,13.39561,13.41998,13.30626,13.355,54863208
2011-01-25,13.29001,13.37124,13.16816,13.33063,84937892
2011-01-26,13.37124,13.40374,13.30626,13.3225,68221281
2011-01-27,13.3225,13.44435,13.30626,13.43623,88248544
2011-01-28,13.44435,13.54184,13.1844,13.20065,139244565
2011-01-31,13.22502,13.34687,13.22502,13.3225,77839208
2011-02-01,13.40374,13.63932,13.39561,13.5987,78635911
2011-02-02,13.55808,13.5987,13.47685,13.4931,57381711
2011-02-03,13.4931,13.52559,13.37124,13.50122,63619065
2011-02-04,13.48497,13.50122,13.38749,13.4931,76650431
2011-02-07,13.54184,13.72055,13.53371,13.68806,61790537
2011-02-08,13.69618,13.80991,13.65557,13.78554,59912524
2011-02-09,13.69618,13.76117,13.59058,13.68806,68776339
2011-02-10,13.62307,13.71243,13.5987,13.68806,53665322
2011-02-11,13.63932,13.91552,13.60682,13.8749,90898394
2011-02-14,13.86677,13.90739,13.81803,13.88302,43128085
2011-02-15,13.85865,13.93176,13.81803,13.86677,60650508
2011-02-16,13.91552,13.95613,13.85865,13.93989,44080140
2011-02-17,13.89114,13.95613,13.85865,13.92364,43641043
2011-02-18,13.93989,13.97238,13.89114,13.95613,39684855
2011-02-22,13.7368,13.80991,13.4931,13.52559,125808569
2011-02-23,13.51746,13.62307,13.29813,13.46873,142391001
2011-02-24,13.43623,13.4931,13.27376,13.43623,98899648
2011-02-25,13.53371,13.65557,13.51746,13.62307,61174545
2011-02-28,13.71243,13.76117,13.63119,13.68806,68170072
2011-03-01,13.72868,13.72868,13.39561,13.39561,130762113
2011-03-02,13.37937,13.43623,13.26564,13.31438,82293212
2011-03-03,13.4606,13.61495,13.45248,13.59058,103454963
2011-03-04,13.56621,13.56621,13.3225,13.41998,129134485
2011-03-07,13.45248,13.51746,13.27376,13.33063,85241580
2011-03-08,13.38749,13.64744,13.38749,13.62307,98070200
2011-03-09,13.61495,13.68806,13.51746,13.62307,87131903
2011-03-10,13.4606,13.46873,13.31438,13.34687,114185344
2011-03-11,13.26564,13.47685,13.26564,13.43623,107898504
2011-03-14,13.33063,13.37124,13.20065,13.31438,86120391
2011-03-15,12.97319,13.22502,12.92445,13.16003,127169809
2011-03-16,13.17628,13.19253,12.82697,12.91633,214034093
2011-03-17,13.095045,13.11129,12.91633,13.070674,120224753
2011-03-18,13.20877,13.3225,13.16003,13.2169,207386693
2011-03-21,13.36312,13.37124,13.20877,13.28189,95996704
2011-03-22,13.28189,13.29001,13.20065,13.20877,56765349
2011-03-23,13.16816,13.2169,13.01381,13.17628,79906795
2011-03-24,13.20877,13.24939,13.086921,13.24127,76789780
2011-03-25,13.25751,13.3225,13.20877,13.27376,55517238
2011-03-28,13.28189,13.3225,13.22502,13.23314,39245265
2011-03-29,13.20877,13.26564,13.12754,13.25751,46897284
2011-03-30,13.3225,13.41186,13.28189,13.36312,75779991
2011-03-31,13.28189,13.34687,13.26564,13.31438,60843037
2011-04-01,13.40374,13.48497,13.37124,13.42811,80709407
2011-04-04,13.42811,13.48497,13.355,13.41186,47174874
2011-04-05,13.37937,13.44435,13.34687,13.40374,47211312
2011-04-06,13.4606,13.57433,13.41998,13.55808,81798227
2011-04-07,13.54996,13.60682,13.45248,13.4931,60873442
2011-04-08,13.55808,13.58245,13.33875,13.37124,73274290
2011-04-11,13.38749,13.46873,13.33875,13.37124,49493463
2011-04-12,13.29001,13.40374,13.23314,13.3225,78789416
2011-04-13,13.42811,13.42811,13.17628,13.22502,94654914
2011-04-14,13.11942,13.14379,13.03818,13.10317,72457522
2011-04-15,13.16003,13.20065,13.078798,13.11129,64317165
2011-04-18,12.96507,12.98132,12.85134,12.93258,102992477
2011-04-19,12.99756,13.0056858,12.88383,12.97319,72236188
2011-04-20,13.070674,13.078798,12.95695,13.0056858,78296032
2011-04-21,13.070674,13.10317,12.98944,13.078798,54159938
2011-04-25,13.054427,13.11129,13.046304,13.062551,37023310
2011-04-26,13.11129,13.16816,13.070674,13.14379,61796200
2011-04-27,13.17628,13.25751,13.078798,13.22502,69756092
2011-04-28,13.20877,13.355,13.20065,13.33063,53786206
2011-04-29,13.3225,13.3225,13.24939,13.30626,30507750
2011-05-02,13.355,13.37124,13.23314,13.24939,51127862
2011-05-03,13.2169,13.33875,13.20877,13.30626,85342891
2011-05-04,13.31438,13.3225,13.16003,13.19253,112329858
2011-05-05,13.12754,13.16003,12.98132,13.021933,103157800
2011-05-06,13.16003,13.2169,13.046304,13.086921,102177678
2011-05-09,13.046304,13.086921,12.98944,13.054427,47858203
2011-05-10,13.078798,13.20065,13.070674,13.17628,69163243
2011-05-11,13.14379,13.16003,12.98132,12.99756,97156183
2011-05-12,12.96507,13.01381,12.85134,12.99756,78830655
2011-05-13,12.99756,13.021933,12.79448,12.81072,82158787
2011-05-16,12.75386,12.9407,12.72949,12.79448,89906208
2011-05-17,12.74574,12.90008,12.73761,12.89196,98470152
2011-05-18,12.88383,12.95695,12.83509,12.94882,60153554
2011-05-19,12.99756,13.0056858,12.90008,12.94882,64194311
2011-05-20,12.90821,12.96507,12.75386,12.77011,89394728
2011-05-23,12.61576,12.68075,12.59139,12.59139,93564986
2011-05-24,12.63201,12.64825,12.50203,12.57514,79566054
2011-05-25,12.51015,12.65638,12.51015,12.58327,85723147
2011-05-26,12.55077,12.69699,12.5264,12.64825,84613647
2011-05-27,12.68887,12.79448,12.68075,12.73761,61971741
2011-05-31,12.87571,12.90821,12.77823,12.86759,80145486
2011-06-01,12.81885,12.82697,12.4208,12.43704,148857321
2011-06-02,12.45329,12.53452,12.35581,12.44517,165873188
2011-06-03,12.30707,12.50203,12.29082,12.36393,119706995
2011-06-06,12.30707,12.33144,12.095857,12.12835,145434772
2011-06-07,12.21771,12.25833,12.087734,12.10398,97768974
2011-06-08,12.071487,12.1446,11.96588,11.99025,102198851
2011-06-09,12.014622,12.17709,11.98213,12.12835,73352336
2011-06-10,12.071487,12.15272,11.87652,12.047116,181570161
2011-06-13,12.095857,12.20146,12.022746,12.16897,117670798
2011-06-14,12.2827,12.33956,12.20146,12.23396,104946689
2011-06-15,12.10398,12.15272,11.88465,11.96588,188730642
2011-06-16,11.95776,12.1121,11.90089,12.030869,165893253
2011-06-17,12.12023,12.1446,12.038993,12.095857,100420179
2011-06-20,12.038993,12.16084,11.99837,12.087734,66083650
2011-06-21,12.16084,12.2827,12.087734,12.25833,95554282
2011-06-22,12.20959,12.33956,12.16897,12.18521,106150238
2011-06-23,12.038993,12.095857,11.91714,12.063363,127233698
2011-06-24,12.071487,12.095857,11.92526,11.99025,91530513
2011-06-27,11.974,12.15272,11.974,12.1121,61283489
2011-06-28,12.16897,12.16897,12.087734,12.16897,58644594
2011-06-29,12.2827,12.43704,12.2502,12.4208,111616001
2011-06-30,12.46141,12.51828,12.35581,12.46954,92703779
2011-07-01,12.44517,12.72136,12.44517,12.69699,77715000
2011-07-05,12.6645,12.67262,12.5264,12.58327,100972036
2011-07-06,12.49391,12.5264,12.4208,12.51828,66252174
2011-07-07,12.67262,12.75386,12.65638,12.72136,55920391
2011-07-08,12.5264,12.5589,12.46954,12.5589,76580879
2011-07-11,12.3883,12.39643,12.16084,12.21771,107713485
2011-07-12,12.16897,12.33956,12.15272,12.16897,79766707
2011-07-13,12.24208,12.35581,12.16084,12.17709,105923365
2011-07-14,12.2827,12.29082,12.07961,12.087734,150775588
2011-07-15,12.18521,12.18521,11.96588,12.063363,132402790
2011-07-18,11.99837,12.014622,11.76279,11.90089,137133277
2011-07-19,11.94151,12.07961,11.90089,12.047116,134575505
2011-07-20,12.1121,12.24208,12.10398,12.18521,118538406
2011-07-21,12.31519,12.51828,12.30707,12.47766,189235844
2011-07-22,12.50203,12.51015,12.3883,12.44517,60323309
2011-07-25,12.32331,12.39643,12.2502,12.35581,78466525
2011-07-26,12.33144,12.40455,12.27457,12.33956,113040637
2011-07-27,12.2827,12.2827,12.030869,12.047116,151973351
2011-07-28,12.071487,12.19334,12.022746,12.05524,80068056
2011-07-29,11.92526,12.1446,11.88465,12.022746,98119563
2011-08-01,12.20959,12.20959,11.87652,11.98213,91890703
2011-08-02,11.90089,11.94151,11.64907,11.65719,142203889
2011-08-03,11.67344,11.7303,11.47847,11.71405,150485442
2011-08-04,11.57596,11.60845,11.096669,11.12104,228842654
2011-08-05,11.23477,11.29976,10.69862,10.90983,220311208
2011-08-08,10.5524,10.7961,9.78067,9.87815,320107763
2011-08-09,10.17872,10.64176,9.78067,10.64176,203780725
2011-08-10,10.38993,10.39805,9.8619,9.90252,333138883
2011-08-11,10.048741,10.658,9.94314,10.45492,342125552
2011-08-12,10.66613,10.82047,10.30869,10.3818,167083138
2011-08-15,10.51178,10.72299,10.51178,10.71487,140239829
2011-08-16,10.5524,10.68237,10.4143,10.50366,128292974
2011-08-17,10.58489,10.70674,10.47929,10.56864,117996766
2011-08-18,10.20309,10.21121,9.94314,10.056864,208364107
2011-08-19,9.88627,10.20309,9.82941,9.85378,155535619
2011-08-22,10.11373,10.12185,9.70755,9.73193,127443091
2011-08-23,9.74005,10.048741,9.59383,10.048741,170500517
2011-08-24,10.048741,10.34119,10.0,10.31682,161958977
2011-08-25,10.6905,10.8286,10.14622,10.28432,234626754
2011-08-26,10.17872,10.46304,10.0,10.37368,121201429
2011-08-29,10.56052,10.82047,10.5524,10.80422,119732353
2011-08-30,10.73111,10.82047,10.57677,10.73111,107048376
2011-08-31,10.8286,10.95045,10.76361,10.86921,107177384
2011-09-01,10.86109,10.90171,10.60926,10.62551,123459575
2011-09-02,10.30869,10.36556,10.16247,10.18684,131594516
2011-09-06,9.82941,10.032494,9.82128,10.0081234,138630665
2011-09-07,10.21933,10.50366,9.83753,10.48741,141058813
2011-09-08,10.34119,10.46304,10.22746,10.25995,104926993
2011-09-09,10.1381,10.20309,9.89439,9.93501,158558709
2011-09-12,9.76442,10.064988,9.74817,10.048741,144663304
2011-09-13,10.11373,10.22746,10.0,10.11373,121317389
2011-09-14,10.21933,10.35743,9.98375,10.23558,124639242
2011-09-15,10.34931,10.50366,10.29245,10.49553,128471592
2011-09-16,10.50366,10.59301,10.31682,10.48741,97875333
2011-09-19,10.26807,10.29245,10.11373,10.20309,127818546
2011-09-20,10.25183,10.34119,10.17059,10.17059,68153453
2011-09-21,10.19496,10.21933,9.66694,9.66694,147554800
2011-09-22,9.43948,9.51259,9.21202,9.39074,251432981
2011-09-23,9.32575,9.52884,9.3095,9.48822,146697901
2011-09-26,9.6182,9.92689,9.53696,9.91064,136811863
2011-09-27,10.1381,10.23558,9.87002,9.95938,173008556
2011-09-28,9.97563,10.032494,9.65881,9.67506,126402158
2011-09-29,9.92689,10.0081234,9.67506,9.94314,126952784
2011-09-30,9.76442,9.83753,9.5857,9.59383,118365943
2011-10-03,9.52071,9.69943,9.14703,9.16328,197426303
2011-10-04,9.04143,9.56133,8.89521,9.52884,275785977
2011-10-05,9.50447,9.7238,9.31763,9.66694,148534060
2011-10-06,9.6182,9.98375,9.48822,9.96751,171494180
2011-10-07,10.02437,10.02437,9.59383,9.61007,189703501
2011-10-10,9.84565,10.10561,9.83753,10.10561,121636587
2011-10-11,9.97563,10.17872,9.93501,10.097482,118209237
2011-10-12,10.21121,10.52803,10.19496,10.35743,156456284
2011-10-13,10.20309,10.22746,9.97563,10.11373,143400298
2011-10-14,10.25995,10.31682,10.064988,10.23558,149084564
2011-10-17,10.15435,10.17872,9.89439,9.91877,108158491
2011-10-18,10.0,10.5199,9.92689,10.38993,226470024
2011-10-19,10.39805,10.56864,10.20309,10.2437,163000772
2011-10-20,10.2437,10.43867,10.11373,10.39805,152230261
2011-10-21,10.54427,10.68237,10.49553,10.66613,210757910
2011-10-24,10.69862,10.92608,10.68237,10.90171,125120194
2011-10-25,10.76361,10.77173,10.50366,10.57677,169801678
2011-10-26,10.74736,10.8286,10.54427,10.76361,167673895
2011-10-27,11.28351,11.51097,11.11292,11.40536,286446930
2011-10-28,11.34037,11.4541,11.25101,11.41348,167421540
2011-10-31,11.13729,11.2104,10.95045,10.96669,135847497
2011-11-01,10.43054,10.72299,10.42242,10.44679,263955821
2011-11-02,10.70674,10.78798,10.56864,10.75548,141886414
2011-11-03,10.89358,10.98294,10.56052,10.94232,137635648
2011-11-04,10.81235,10.8286,10.658,10.7961,114088957
2011-11-07,10.76361,10.86109,10.658,10.85297,101449664
2011-11-08,10.95857,11.088546,10.81235,11.056052,140400105
2011-11-09,10.73924,10.76361,10.42242,10.45492,144136559
2011-11-10,10.63363,10.64176,10.42242,10.50366,175243190
2011-11-11,10.68237,10.80422,10.67425,10.75548,113960564
2011-11-14,10.66613,10.68237,10.46304,10.53615,77723247
2011-11-15,10.45492,10.66613,10.42242,10.58489,110939567
2011-11-16,10.46304,10.56052,10.30057,10.32494,112264861
2011-11-17,10.31682,10.35743,10.048741,10.12185,178507556
2011-11-18,10.17059,10.21121,10.089358,10.15435,104695565
2011-11-21,9.95938,9.98375,9.82941,9.90252,120345391
2011-11-22,9.91064,9.95126,9.79691,9.81316,81508942
2011-11-23,9.70755,9.70755,9.52884,9.54508,101619666
2011-11-25,9.54508,9.7238,9.52884,9.56946,39104069
2011-11-28,9.94314,9.95126,9.74817,9.85378,84348120
2011-11-29,9.84565,9.91877,9.77254,9.80504,78328776
2011-11-30,10.16247,10.45492,10.11373,10.40617,168795212
2011-12-01,10.34931,10.38993,10.22746,10.34931,84288047
2011-12-02,10.45492,10.68237,10.45492,10.48741,157736524
2011-12-05,10.68237,10.8286,10.60926,10.69862,124016480
2011-12-06,10.64176,10.77173,10.57677,10.70674,69770618
2011-12-07,10.61738,10.86921,10.54427,10.83672,112741751
2011-12-08,10.72299,10.72299,10.3818,10.4143,150280849
2011-12-09,10.5199,10.69862,10.49553,10.64176,120871398
2011-12-12,10.48741,10.49553,10.30057,10.38993,120333328
2011-12-13,10.47929,10.5199,10.11373,10.2437,149126787
2011-12-14,10.12998,10.32494,10.11373,10.20309,117957251
2011-12-15,10.35743,10.37368,10.19496,10.21121,75845726
2011-12-16,10.23558,10.33306,10.15435,10.18684,122441784
2011-12-19,10.21121,10.22746,9.91877,9.95938,81936099
2011-12-20,10.14622,10.3818,10.1381,10.33306,126622630
2011-12-21,10.33306,10.4143,10.2437,10.38993,98054074
2011-12-22,10.46304,10.63363,10.42242,10.60926,79959605
2011-12-23,10.658,10.69862,10.58489,10.68237,37730396
2011-12-27,10.64176,10.73111,10.61738,10.62551,33277869
2011-12-28,10.63363,10.63363,10.44679,10.45492,52844368
2011-12-29,10.48741,10.62551,10.47929,10.61738,46397867
2011-12-30,10.58489,10.61738,10.5524,10.56052,34132060
2012-01-03,10.78798,10.94232,10.77985,10.83672,103362023
2012-01-04,10.75548,10.84484,10.68237,10.80422,69833891
2012-01-05,10.70674,11.0073109,10.658,10.95045,89935260
2012-01-06,10.95857,10.95857,10.81235,10.88546,83878617
2012-01-09,10.92608,10.99106,10.86921,10.94232,69189586
2012-01-10,11.11292,11.1779,11.064175,11.13729,86035082
2012-01-11,11.088546,11.27539,11.047929,11.26726,80938989
2012-01-12,11.316,11.37287,11.16978,11.30788,94107119
2012-01-13,11.080422,11.23477,11.031682,11.22665,95008949
2012-01-17,11.23477,11.3485,11.096669,11.13729,89019642
2012-01-18,11.11292,11.32413,11.064175,11.30788,118473902
2012-01-19,11.42161,11.4541,11.36474,11.41348,131377244
2012-01-20,11.37287,11.50284,11.34037,11.4866,114827311
2012-01-23,11.49472,11.60845,11.4541,11.52721,99325943
2012-01-24,11.41348,11.52721,11.35662,11.51097,80650073
2012-01-25,11.44598,11.56783,11.40536,11.53534,103761975
2012-01-26,11.5922,11.64907,11.37287,11.43785,104215475
2012-01-27,11.37287,11.51909,11.35662,11.47847,103542364
2012-01-30,11.3485,11.39724,11.27539,11.37287,71714490
2012-01-31,11.44598,11.46223,11.34037,11.42161,82584343
2012-02-01,11.51909,11.68156,11.51909,11.60032,87912357
2012-02-02,11.64094,11.70593,11.57596,11.65719,65660186
2012-02-03,11.85215,11.974,11.83591,11.974,106830735
2012-02-06,11.90089,11.92526,11.84403,11.91714,55279655
2012-02-07,11.8684,11.94963,11.81966,11.90902,56189611
2012-02-08,11.92526,11.99837,11.88465,11.99837,66141999
2012-02-09,12.047116,12.071487,11.88465,11.94963,95860801
2012-02-10,11.81966,11.85215,11.77092,11.83591,79561623
2012-02-13,11.96588,11.98213,11.90902,11.94151,57901562
2012-02-14,11.88465,11.89277,11.71405,11.82778,99205059
2012-02-15,11.86028,11.91714,11.72218,11.75467,93529534
2012-02-16,11.7303,11.94151,11.68968,11.94151,96074380
2012-02-17,11.974,12.030869,11.94963,12.014622,75672648
2012-02-21,12.022746,12.07961,11.95776,12.0064993,78483021
2012-02-22,11.94963,11.99025,11.84403,11.85215,91890457
2012-02-23,11.85215,11.95776,11.81153,11.95776,63968915
2012-02-24,11.98213,11.99837,11.88465,11.91714,63090473
2012-02-27,11.81153,12.038993,11.76279,12.0064993,76146583
2012-02-28,12.030869,12.071487,11.94963,12.038993,64479411
2012-02-29,12.047116,12.15272,11.95776,11.99025,115620690
2012-03-01,12.022746,12.16084,12.014622,12.12023,81546487
2012-03-02,12.12023,12.15272,12.063363,12.07961,58846847
2012-03-05,12.047116,12.047116,11.96588,12.030869,63542127
2012-03-06,11.84403,11.87652,11.69781,11.73842,115379168
2012-03-07,11.78716,11.90089,11.76279,11.88465,82887662
2012-03-08,11.96588,12.022746,11.90089,11.99837,84296787
2012-03-09,12.038993,12.16084,12.014622,12.095857,91179308
2012-03-12,12.095857,12.10398,11.974,12.063363,69292990
2012-03-13,12.16084,12.54265,12.1446,12.5264,226592263
2012-03-14,12.55077,12.59139,12.41267,12.54265,160538280
2012-03-15,12.59139,12.78635,12.48578,12.76198,162857361
2012-03-16,12.77823,12.8026,12.69699,12.77011,102174477
2012-03-19,12.77011,12.97319,12.72136,12.83509,139045389
2012-03-20,12.75386,12.93258,12.72949,12.90008,108827047
2012-03-21,12.94882,12.95695,12.81072,12.84322,93343529
2012-03-22,12.72136,12.76198,12.61576,12.67262,130459287
2012-03-23,12.64825,12.79448,12.56702,12.77823,90967946
2012-03-26,12.90008,12.98132,12.85134,12.98132,95005010
2012-03-27,12.96507,13.0056858,12.84322,12.85946,104557816
2012-03-28,12.85946,12.92445,12.74574,12.89196,129709978
2012-03-29,12.79448,12.82697,12.64825,12.76198,126585577
2012-03-30,12.84322,12.85134,12.71324,12.83509,73690122
2012-04-02,12.77823,12.98944,12.75386,12.93258,110200843
2012-04-03,12.90008,12.92445,12.74574,12.85946,129060871
2012-04-04,12.71324,12.74574,12.59951,12.65638,104199472
2012-04-05,12.59139,12.70512,12.56702,12.62388,71652078
2012-04-09,12.38018,12.49391,12.34768,12.42892,109181083
2012-04-10,12.41267,12.46954,12.1446,12.16084,145531651
2012-04-11,12.33144,12.40455,12.29894,12.35581,91447666
2012-04-12,12.3883,12.59951,12.34768,12.58327,107650211
2012-04-13,12.5589,12.5589,12.26645,12.29082,114048334
2012-04-16,12.40455,12.46141,12.27457,12.38018,138138881
2012-04-17,12.49391,12.59139,12.42892,12.54265,81803766
2012-04-18,12.46141,12.56702,12.44517,12.46141,65399829
2012-04-19,12.53452,12.53452,12.31519,12.40455,131280980
2012-04-20,12.46141,12.46141,12.33144,12.33956,68882944
2012-04-23,12.1446,12.25833,12.12023,12.2502,91121944
2012-04-24,12.25833,12.3883,12.25833,12.3883,76151999
2012-04-25,12.47766,12.5264,12.38018,12.49391,91385378
2012-04-26,12.45329,12.63201,12.44517,12.59951,58432862
2012-04-27,12.65638,12.6645,12.51828,12.60764,59668663
2012-04-30,12.5589,12.58327,12.45329,12.53452,71007527
2012-05-01,12.53452,12.76198,12.51828,12.6645,103766530
2012-05-02,12.57514,12.59951,12.46954,12.56702,69602094
2012-05-03,12.57514,12.58327,12.41267,12.46141,104392985
2012-05-04,12.36393,12.40455,12.21771,12.26645,95088718
2012-05-07,12.18521,12.38018,12.18521,12.33956,101873252
2012-05-08,12.2502,12.31519,12.1446,12.25833,100957018
2012-05-09,12.10398,12.20959,12.022746,12.12023,116092656
2012-05-10,12.27457,12.29894,12.1446,12.16897,79928091
2012-05-11,11.90902,12.1446,11.89277,12.030869,123047067
2012-05-14,11.86028,11.91714,11.77904,11.78716,112880977
2012-05-15,11.79529,11.8684,11.69781,11.72218,122145975
2012-05-16,11.80341,11.86028,11.54346,11.55158,143225373
2012-05-17,11.53534,11.55158,11.30788,11.316,190024423
2012-05-18,11.35662,11.35662,11.14541,11.18603,151363760
2012-05-21,11.23477,11.36474,11.12916,11.29163,106559053
2012-05-22,11.36474,11.56783,11.29976,11.38099,121446767
2012-05-23,11.27539,11.44598,11.16978,11.42161,137010300
2012-05-24,11.47847,11.49472,11.30788,11.42973,99869922
2012-05-25,11.41348,11.4866,11.35662,11.38912,51386864
2012-05-29,11.50284,11.55971,11.44598,11.55158,90323886
2012-05-30,11.42161,11.43785,11.28351,11.28351,104857811
2012-05-31,11.30788,11.47847,11.19415,11.38099,110352133
2012-06-01,11.16166,11.1779,10.95045,10.95857,124009217
2012-06-04,11.0073109,11.0073109,10.80422,10.85297,97012771
2012-06-05,10.8286,11.056052,10.82047,11.031682,123895103
2012-06-06,11.14541,11.36474,11.096669,11.35662,120034933
2012-06-07,11.52721,11.56783,11.316,11.3485,114277300
2012-06-08,11.30788,11.4866,11.22665,11.4866,74612757
2012-06-11,11.63282,11.64094,11.25914,11.27539,126832761
2012-06-12,11.29976,11.4541,11.20228,11.44598,105210246
2012-06-13,11.38912,11.55971,11.3485,11.40536,118488551
2012-06-14,11.42973,11.60032,11.39724,11.54346,127557943
2012-06-15,11.55158,11.65719,11.47035,11.64907,104497005
2012-06-18,11.57596,11.68156,11.52721,11.58408,83680426
2012-06-19,11.65719,11.83591,11.64907,11.77904,79604585
2012-06-20,11.80341,11.88465,11.68968,11.80341,108411585
2012-06-21,11.82778,11.88465,11.51909,11.54346,88837454
2012-06-22,11.62469,11.68968,11.58408,11.64907,55259836
2012-06-25,11.47847,11.4866,11.3485,11.40536,62777553
2012-06-26,11.4541,11.52721,11.36474,11.46223,65826371
2012-06-27,11.51909,11.64094,11.4541,11.60032,69296314
2012-06-28,11.47847,11.60032,11.38912,11.5922,85956791
2012-06-29,11.87652,11.90089,11.78716,11.89277,76394260
2012-07-02,11.94963,11.98213,11.81966,11.96588,75570598
2012-07-03,11.94151,12.063363,11.91714,12.030869,39736188
2012-07-05,11.974,11.974,11.83591,11.85215,54074506
2012-07-06,11.69781,11.79529,11.68968,11.75467,55147815
2012-07-09,11.72218,11.77904,11.67344,11.73842,45911499
2012-07-10,11.82778,11.86028,11.60032,11.64907,79133604
2012-07-11,11.65719,11.78716,11.64094,11.74655,97988216
2012-07-12,11.64094,11.69781,11.57596,11.62469,66861519
2012-07-13,11.68156,11.96588,11.68156,11.94963,95969252
2012-07-16,11.95776,11.974,11.8684,11.92526,61542737
2012-07-17,12.0064993,12.0064993,11.80341,11.99025,77759685
2012-07-18,11.94963,12.0064993,11.89277,11.93339,68192230
2012-07-19,11.94963,11.98213,11.81153,11.86028,61045906
2012-07-20,11.77092,11.77904,11.66531,11.68156,69130498
2012-07-23,11.46223,11.61657,11.44598,11.58408,72823006
2012-07-24,11.61657,11.61657,11.44598,11.55158,55617072
2012-07-25,11.61657,11.65719,11.52721,11.5922,55276209
2012-07-26,11.77092,11.80341,11.69781,11.77092,69291513
2012-07-27,11.85215,12.063363,11.79529,11.99025,85430785
2012-07-30,11.96588,12.038993,11.93339,11.96588,45241343
2012-07-31,11.92526,11.96588,11.88465,11.90902,57458525
2012-08-01,11.95776,11.99837,11.85215,11.85215,99654866
2012-08-02,11.74655,11.84403,11.64907,11.76279,78094271
2012-08-03,11.94151,12.10398,11.92526,12.038993,98849054
2012-08-06,12.1121,12.17709,12.071487,12.087734,50850271
2012-08-07,12.12023,12.23396,12.1121,12.13647,43945346
2012-08-08,12.087734,12.18521,12.07961,12.13647,32388964
2012-08-09,12.12023,12.19334,12.095857,12.12835,32552810
2012-08-10,12.087734,12.16084,12.05524,12.13647,21702038
2012-08-13,12.1121,12.16084,12.063363,12.1446,20176829
2012-08-14,12.21771,12.23396,12.10398,12.12835,28338974
2012-08-15,12.13647,12.20959,12.1121,12.16897,24638834
2012-08-16,12.20959,12.2827,12.13647,12.2502,40100933
2012-08-17,12.29082,12.29894,12.2502,12.29082,29729389
2012-08-20,12.2827,12.33144,12.25833,12.32331,31691726
2012-08-21,12.37206,12.49391,12.31519,12.36393,50864181
2012-08-22,12.32331,12.39643,12.27457,12.34768,57712973
2012-08-23,12.32331,12.33956,12.20959,12.22583,50210028
2012-08-24,12.17709,12.33144,12.16084,12.29082,33998620
2012-08-27,12.33144,12.33956,12.2502,12.2827,22600791
2012-08-28,12.24208,12.33956,12.22583,12.26645,27816907
2012-08-29,12.29082,12.32331,12.2502,12.29082,22826310
2012-08-30,12.23396,12.26645,12.16084,12.22583,31546837
2012-08-31,12.29894,12.34768,12.22583,12.31519,64889457
2012-09-04,12.29082,12.34768,12.24208,12.31519,36182168
2012-09-05,12.31519,12.35581,12.27457,12.31519,32883211
2012-09-06,12.38018,12.61576,12.38018,12.60764,64472271
2012-09-07,12.64825,12.76198,12.64825,12.73761,57754827
2012-09-10,12.72136,12.76198,12.62388,12.63201,52705757
2012-09-11,12.63201,12.74574,12.60764,12.73761,70453823
2012-09-12,12.8026,12.85134,12.75386,12.78635,62693107
2012-09-13,12.77823,13.16003,12.73761,13.11942,172620053
2012-09-14,13.22502,13.355,13.1844,13.22502,150418352
2012-09-17,13.17628,13.22502,13.070674,13.10317,60313214
2012-09-18,13.054427,13.086921,12.99756,13.03818,81750341
2012-09-19,13.070674,13.11942,13.0056858,13.030057,80701652
2012-09-20,12.90821,12.96507,12.84322,12.95695,81109728
2012-09-21,13.01381,13.01381,12.85134,12.85946,42195603
2012-09-24,12.77011,12.92445,12.77011,12.86759,46410423
2012-09-25,12.90008,12.9407,12.6645,12.67262,88561833
2012-09-26,12.63201,12.65638,12.55077,12.59139,64955438
2012-09-27,12.6645,12.77011,12.62388,12.70512,57130095
2012-09-28,12.65638,12.73761,12.60764,12.6645,56713893
2012-10-01,12.75386,12.87571,12.68887,12.72136,66024193
2012-10-02,12.8026,12.8026,12.68887,12.74574,54014310
2012-10-03,12.8026,12.90821,12.72136,12.85946,68035400
2012-10-04,12.93258,13.070674,12.90821,13.054427,95948941
2012-10-05,13.14379,13.1844,13.0056858,13.046304,76084786
2012-10-08,12.98132,13.062551,12.96507,13.03818,36612525
2012-10-09,13.046304,13.095045,12.91633,12.95695,90105261
2012-10-10,12.94882,13.0056858,12.87571,12.94882,76931837
2012-10-11,13.078798,13.10317,12.99756,13.021933,75143933
2012-10-12,12.90821,12.98944,12.8026,12.84322,91271141
2012-10-15,12.89196,13.0056858,12.83509,12.98944,68673674
2012-10-16,13.054427,13.12754,13.030057,13.070674,94636818
2012-10-17,13.11942,13.24939,13.10317,13.24127,70444591
2012-10-18,13.20877,13.31438,13.19253,13.26564,63453495
2012-10-19,13.23314,13.23314,13.021933,13.086921,75531821
2012-10-22,13.070674,13.11942,12.96507,13.086921,129434726
2012-10-23,12.91633,12.92445,12.81885,12.86759,79617756
2012-10-24,12.94882,12.97319,12.85134,12.86759,64741983
2012-10-25,12.98944,13.01381,12.81072,12.90008,65027206
2012-10-26,12.88383,12.90821,12.74574,12.83509,69489581
2012-10-31,12.88383,12.92445,12.82697,12.91633,53059793
2012-11-01,12.93258,13.078798,12.90821,13.078798,72143001
2012-11-02,13.15191,13.16003,12.97319,12.99756,65960673
2012-11-05,12.95695,12.99756,12.83509,12.97319,54580447
2012-11-06,13.01381,13.16003,13.0056858,13.11942,49350790
2012-11-07,12.93258,12.94882,12.65638,12.68075,143868817
2012-11-08,12.73761,12.84322,12.56702,12.57514,114104714
2012-11-09,12.51828,12.72949,12.50203,12.59139,95030861
2012-11-12,12.64825,12.64825,12.56702,12.61576,41658271
2012-11-13,12.51828,12.69699,12.49391,12.5264,63960298
2012-11-14,12.55077,12.59139,12.26645,12.30707,84265766
2012-11-15,12.30707,12.42892,12.27457,12.33144,85757861
2012-11-16,12.36393,12.42892,12.23396,12.41267,77888940
2012-11-19,12.59139,12.6645,12.58327,12.64825,64199481
2012-11-20,12.61576,12.75386,12.57514,12.71324,49879012
2012-11-21,12.72136,12.73761,12.64013,12.71324,32286422
2012-11-23,12.81072,12.87571,12.77823,12.86759,25337304
2012-11-26,12.8026,12.82697,12.73761,12.81885,37321089
2012-11-27,12.79448,12.84322,12.68887,12.70512,61359564
2012-11-28,12.63201,12.77011,12.53452,12.75386,58569995
2012-11-29,12.81885,12.86759,12.75386,12.81885,48775790
2012-11-30,12.81072,12.85946,12.75386,12.8026,36530910
2012-12-03,12.84322,12.88383,12.74574,12.75386,62742593
2012-12-04,12.75386,12.78635,12.65638,12.72136,48549409
2012-12-05,12.76198,12.9407,12.72949,12.87571,57255164
2012-12-06,12.88383,12.92445,12.84322,12.91633,42609219
2012-12-07,12.98944,13.021933,12.93258,13.021933,44538688
2012-12-10,12.98132,13.030057,12.9407,12.98944,59304164
2012-12-11,13.046304,13.11129,13.0056858,13.054427,58723378
2012-12-12,13.11129,13.22502,13.078798,13.11129,68531370
2012-12-13,13.11129,13.13566,13.0056858,13.046304,50848055
2012-12-14,13.030057,13.054427,12.98132,12.99756,43026404
2012-12-17,13.078798,13.27376,13.070674,13.26564,85069486
2012-12-18,13.33875,13.47685,13.29001,13.4606,86535115
2012-12-19,13.4931,13.50934,13.37124,13.37937,90697864
2012-12-20,13.39561,13.56621,13.38749,13.56621,76288517
2012-12-21,13.24939,13.37937,13.23314,13.3225,72313987
2012-12-24,13.25751,13.33063,13.24939,13.29813,29586100
2012-12-26,13.3225,13.34687,13.24939,13.29813,36545928
2012-12-27,13.3225,13.34687,13.070674,13.24939,54714996
2012-12-28,13.16003,13.24939,13.12754,13.14379,39480386
2012-12-31,13.12754,13.33063,13.095045,13.31438,73574162
2013-01-02,13.64744,13.71243,13.5987,13.7043,86126792
2013-01-03,13.7043,13.72868,13.63119,13.68806,59026942
2013-01-04,13.71243,13.8749,13.67994,13.85053,54822954
2013-01-07,13.82616,13.83428,13.7368,13.81803,44491664
2013-01-08,13.79366,13.80179,13.71243,13.77742,51457154
2013-01-09,13.80991,13.88302,13.71243,13.76117,59736737
2013-01-10,13.8749,13.94801,13.80991,13.93176,75427432
2013-01-11,13.89927,13.90739,13.80991,13.89927,52621188
2013-01-14,13.88302,13.89927,13.77742,13.85865,47142130
2013-01-15,13.79366,13.93176,13.76929,13.91552,51769213
2013-01-16,13.90739,13.94801,13.84241,13.92364,71678176
2013-01-17,13.93176,13.96426,13.8749,13.91552,69721255
2013-01-18,13.90739,13.94801,13.83428,13.93176,70050794
2013-01-22,13.90739,14.061738,13.90739,14.061738,52164733
2013-01-23,14.053615,14.069862,13.9805,14.053615,46065374
2013-01-24,14.094232,14.20796,14.061738,14.12673,82546675
2013-01-25,14.19171,14.19984,14.10236,14.19171,56354565
2013-01-28,14.20796,14.21608,14.077985,14.13485,38270928
2013-01-29,14.10236,14.20796,14.086109,14.19171,46096888
2013-01-30,14.15922,14.18359,14.094232,14.12673,39875044
2013-01-31,14.10236,14.14297,14.053615,14.1186,43701239
2013-02-01,14.19171,14.34606,14.19171,14.30544,71294104
2013-02-04,14.20796,14.24045,14.11048,14.14297,61435148
2013-02-05,14.21608,14.32981,14.19171,14.28107,58311731
2013-02-06,14.19984,14.31357,14.18359,14.30544,36912889
2013-02-07,14.33794,14.35418,14.1511,14.26482,62169070
2013-02-08,14.2892,14.31357,14.2567,14.29732,54945808
2013-02-11,14.29732,14.38668,14.27295,14.36231,34986990
2013-02-12,14.37855,14.49228,14.32981,14.47604,68228421
2013-02-13,14.50853,14.51665,14.38668,14.44354,49634536
2013-02-14,14.38668,14.50041,14.37043,14.49228,38606376
2013-02-15,14.52478,14.5329,14.37855,14.42729,78615969
2013-02-19,14.47604,14.57352,14.45979,14.56539,54735061
2013-02-20,14.55727,14.56539,14.33794,14.34606,67902699
2013-02-21,14.32169,14.32169,14.17547,14.23233,64595863
2013-02-22,14.32981,14.41105,14.30544,14.41105,53303285
2013-02-25,14.50041,14.50041,14.012998,14.021121,88097007
2013-02-26,14.10236,14.13485,13.93989,14.094232,91502446
2013-02-27,14.069862,14.34606,14.061738,14.31357,77002374
2013-02-28,14.31357,14.41105,14.2567,14.2892,76742387
2013-03-01,14.18359,14.37043,14.10236,14.32981,63689232
2013-03-04,14.2892,14.45979,14.27295,14.45166,44648986
2013-03-05,14.54102,14.66288,14.51665,14.57352,81640166
2013-03-06,14.67912,14.72786,14.60601,14.671,81642628
2013-03-07,14.70349,14.79285,14.70349,14.7766,58971794
2013-03-08,14.86596,14.88221,14.71974,14.81722,75238474
2013-03-11,14.82535,14.95532,14.78473,14.93095,60897570
2013-03-12,14.9147,14.93095,14.8091,14.84972,40250869
2013-03-13,14.86596,14.90658,14.81722,14.89033,29836732
2013-03-14,14.9472,15.012185,14.92283,14.98781,82792382
2013-03-15,14.93907,15.0040617,14.86596,14.98781,61508885
2013-03-18,14.79285,14.90658,14.76036,14.84159,50767302
2013-03-19,14.90658,14.92283,14.671,14.76036,80060793
2013-03-20,14.84159,14.89033,14.81722,14.85784,77461167
2013-03-21,14.7766,14.83347,14.67912,14.67912,70564736
2013-03-22,14.76036,14.79285,14.68725,14.76848,54333878
2013-03-25,14.82535,14.86596,14.64663,14.72786,61043567
2013-03-26,14.78473,14.83347,14.72786,14.82535,59791763
2013-03-27,14.71974,14.76848,14.671,14.75223,39216336
2013-03-28,14.74411,14.80097,14.71162,14.79285,31685325
2013-04-01,14.78473,14.84159,14.671,14.71974,27318475
2013-04-02,14.76036,14.82535,14.75223,14.8091,49287270
2013-04-03,14.81722,14.81722,14.50853,14.56539,109156340
2013-04-04,14.57352,14.70349,14.57352,14.69537,68118247
2013-04-05,14.45979,14.671,14.43542,14.64663,73523198
2013-04-08,14.63038,14.80097,14.57352,14.79285,51458508
2013-04-09,14.83347,14.93095,14.7766,14.83347,62398898
2013-04-10,14.89033,15.052803,14.89033,15.036556,82560708
2013-04-11,15.044679,15.15028,14.99594,15.06905,60166233
2013-04-12,14.97157,15.044679,14.92283,15.0040617,56836255
2013-04-15,14.97969,15.052803,14.671,14.68725,88256176
2013-04-16,14.83347,14.93095,14.73599,14.9147,55160987
2013-04-17,14.7766,14.79285,14.51665,14.6385,97644397
2013-04-18,14.63038,14.6385,14.41917,14.48416,75975843
2013-04-19,14.5329,14.69537,14.51665,14.68725,66982034
2013-04-22,14.71974,14.72786,14.55727,14.70349,53919154
2013-04-23,14.81722,14.97969,14.80097,14.97157,92145028
2013-04-24,14.98781,15.085297,14.97157,15.060926,46441322
2013-04-25,15.11779,15.23964,15.085297,15.15028,44356254
2013-04-26,15.12591,15.15841,15.020309,15.085297,29434318
2013-04-29,15.15028,15.17465,15.085297,15.15028,36910920
2013-04-30,15.14216,15.19903,15.077173,15.1909,50558770
2013-05-01,15.16653,15.18278,15.012185,15.020309,49923082
2013-05-02,15.06905,15.17465,15.044679,15.15028,54011356
2013-05-03,15.30463,15.38587,15.28838,15.31275,50393078
2013-05-06,15.35337,15.49147,15.34525,15.47522,29340516
2013-05-07,15.53209,15.6052,15.44273,15.55646,48645304
2013-05-08,15.55646,15.70268,15.50772,15.68643,77939657
2013-05-09,15.69456,15.69456,15.53209,15.57271,46510750
2013-05-10,15.58895,15.63769,15.54021,15.63769,65637289
2013-05-13,15.61332,15.71893,15.57271,15.68643,38763821
2013-05-14,15.71893,16.051991,15.70268,15.95451,42067209
2013-05-15,15.95451,16.14135,15.91389,16.10073,58081658
2013-05-16,16.068237,16.15759,15.95451,15.99513,46165208
2013-05-17,16.068237,16.21446,16.060114,16.20634,59018818
2013-05-20,16.19009,16.32006,16.17384,16.23883,40420254
2013-05-21,16.27132,16.36068,16.23071,16.27945,44609840
2013-05-22,16.31194,16.53127,16.043867,16.10885,118123067
2013-05-23,15.8814,16.092607,15.83266,16.011374,73706248
2013-05-24,15.93014,16.035744,15.85703,16.02762,62105304
2013-05-28,16.24695,16.33631,16.11698,16.19009,58804501
2013-05-29,16.10073,16.27132,16.068237,16.19009,59443390
2013-05-30,16.21446,16.44192,16.18197,16.38505,68429074
2013-05-31,16.34443,16.40942,16.10885,16.11698,73854091
2013-06-03,16.18197,16.19821,15.8814,16.13322,123404549
2013-06-04,16.15759,16.24695,15.94639,15.987,77242788
2013-06-05,15.95451,16.019497,15.67019,15.72705,108448023
2013-06-06,15.7108,15.95451,15.61332,15.94639,87829880
2013-06-07,16.035744,16.24695,15.987,16.22258,65529331
2013-06-10,16.30382,16.32006,16.17384,16.23071,81226304
2013-06-11,16.068237,16.13322,15.93826,15.96263,86971873
2013-06-12,16.068237,16.076361,15.75955,15.79204,79029954
2013-06-13,15.78392,16.10885,15.7433,16.092607,85934756
2013-06-14,16.068237,16.10885,15.85703,15.8814,54618855
2013-06-17,16.0032482,16.10885,15.94639,16.035744,56877616
2013-06-18,16.051991,16.18197,16.035744,16.14135,42143039
2013-06-19,16.14947,16.16572,15.90577,15.92202,75429279
2013-06-20,15.77579,15.83266,15.51584,15.58083,126575852
2013-06-21,15.64582,15.65394,15.34525,15.53209,105462601
2013-06-24,15.33712,15.41836,15.09342,15.25589,96897057
2013-06-25,15.41024,15.61332,15.36962,15.54021,80205190
2013-06-26,15.68643,15.75142,15.59708,15.69456,82233016
2013-06-27,15.80016,15.92202,15.77579,15.89764,52961682
2013-06-28,15.84078,15.87327,15.7108,15.80016,63374219
2013-07-01,15.91389,16.24695,15.84078,15.8489,73513720
2013-07-02,15.85703,16.02762,15.79204,15.86515,74272877
2013-07-03,15.75955,15.85703,15.7108,15.81641,30829533
2013-07-05,15.99513,16.10073,15.88952,16.10073,46578332
2013-07-08,16.20634,16.27945,16.16572,16.22258,58673522
2013-07-09,16.32006,16.36881,16.20634,16.36068,93151001
2013-07-10,16.31194,16.34443,16.17384,16.2632,71055905
2013-07-11,16.48253,16.48253,16.29569,16.41755,74407918
2013-07-12,16.45816,16.5394,16.41755,16.53127,53045513
2013-07-15,16.63688,16.645,16.5069,16.60439,32258971
2013-07-16,16.60439,16.65313,16.46629,16.5394,44604916
2013-07-17,16.57189,16.66125,16.53127,16.61251,46074484
2013-07-18,16.66125,16.83997,16.65313,16.83184,57946248
2013-07-19,16.82372,16.83997,16.73436,16.83997,40687012
2013-07-22,16.84809,16.9537,16.82372,16.9537,32787439
2013-07-23,17.0024376,17.0024376,16.87246,16.88871,37173861
2013-07-24,16.9537,16.9537,16.73436,16.76686,45179670
2013-07-25,16.72624,16.79123,16.62876,16.7831,46240669
2013-07-26,16.70187,16.76686,16.59626,16.76686,37870484
2013-07-29,16.73436,16.73436,16.58002,16.645,35602736
2013-07-30,16.69374,16.74249,16.58814,16.63688,29564312
2013-07-31,16.645,16.79935,16.62063,16.645,56247221
2013-08-01,16.79935,16.92933,16.7831,16.91308,41956665
2013-08-02,16.89683,16.9212,16.84809,16.90495,38756558
2013-08-05,16.88871,16.92933,16.83997,16.87246,25892854
2013-08-06,16.83997,16.85621,16.70187,16.71811,31125712
2013-08-07,16.645,16.65313,16.52315,16.60439,47522016
2013-08-08,16.69374,16.74249,16.52315,16.645,53167013
2013-08-09,16.60439,16.68562,16.55565,16.58814,25617110
2013-08-12,16.51503,16.57189,16.46629,16.52315,33403185
2013-08-13,16.56377,16.65313,16.44192,16.60439,37451082
2013-08-14,16.58002,16.66125,16.53127,16.5394,37419446
2013-08-15,16.41755,16.41755,16.23883,16.29569,76359915
2013-08-16,16.2632,16.37693,16.23071,16.2632,40227972
2013-08-19,16.23071,16.24695,16.043867,16.051991,47041926
2013-08-20,16.084484,16.24695,16.019497,16.20634,52458696
2013-08-21,16.13322,16.27132,16.019497,16.092607,57591843
2013-08-22,16.15759,16.30382,16.14135,16.27945,39774718
2013-08-23,16.31194,16.32819,16.21446,16.29569,31125096
2013-08-26,16.32006,16.36068,16.19009,16.19009,36845430
2013-08-27,15.99513,16.051991,15.76767,15.80016,89691891
2013-08-28,15.75955,15.93014,15.71893,15.82453,63150423
2013-08-29,15.79204,15.97075,15.77579,15.86515,33458334
2013-08-30,15.87327,15.90577,15.7433,15.79204,32457777
2013-09-03,15.97888,16.068237,15.83266,15.92202,52539203
2013-09-04,15.93826,16.11698,15.89764,16.043867,38645768
2013-09-05,16.076361,16.18197,16.043867,16.084484,37273449
2013-09-06,16.17384,16.18197,15.90577,16.084484,48118067
2013-09-09,16.14947,16.27132,16.10885,16.27132,40325837
2013-09-10,16.4013,16.49066,16.39318,16.46629,45371583
2013-09-11,16.43379,16.49066,16.39318,16.48253,39921576
2013-09-12,16.46629,16.49066,16.34443,16.36068,42265400
2013-09-13,16.38505,16.43379,16.33631,16.40942,36197555
2013-09-16,16.60439,16.66125,16.55565,16.58814,48338416
2013-09-17,16.61251,16.66937,16.58002,16.66937,42906382
2013-09-18,16.63688,16.91308,16.58814,16.8156,62847843
2013-09-19,16.88871,16.90495,16.71811,16.75061,49697070
2013-09-20,16.72624,16.73436,16.57189,16.59626,54032652
2013-09-23,16.49878,16.51503,16.33631,16.36068,62269273
2013-09-24,16.34443,16.4013,16.23883,16.25508,49559198
2013-09-25,16.27945,16.39318,16.19821,16.34443,48181217
2013-09-26,16.36881,16.45004,16.27132,16.34443,35533800
2013-09-27,16.24695,16.32819,16.21446,16.28757,60591420
2013-09-30,16.092607,16.25508,16.076361,16.17384,49069260
2013-10-01,16.19821,16.32006,16.18197,16.28757,50421391
2013-10-02,16.17384,16.29569,16.13322,16.27945,46893960
2013-10-03,16.23883,16.2632,16.02762,16.15759,57469112
2013-10-04,16.16572,16.29569,16.14947,16.28757,36588767
2013-10-07,16.14947,16.20634,16.084484,16.10073,35878480
2013-10-08,16.10073,16.1251,15.87327,15.89764,90449818
2013-10-09,15.93826,16.019497,15.82453,15.95451,96983596
2013-10-10,16.16572,16.41755,16.15759,16.40942,94071174
2013-10-11,16.36881,16.51503,16.32006,16.49878,47829520
2013-10-14,16.39318,16.60439,16.36881,16.58002,45458737
2013-10-15,16.58002,16.62876,16.42567,16.45816,57169733
2013-10-16,16.57189,16.82372,16.56377,16.80747,92827371
2013-10-17,16.69374,16.97807,16.69374,16.9537,65763713
2013-10-18,17.0024376,17.026808,16.88058,16.98619,51511564
2013-10-21,16.99431,17.026808,16.93745,16.9537,35925381
2013-10-22,17.026808,17.091795,16.96182,16.98619,38892953
2013-10-23,16.90495,16.92933,16.80747,16.84809,44094297
2013-10-24,16.90495,16.90495,16.79123,16.87246,34263777
2013-10-25,16.88871,16.94557,16.84809,16.94557,34527334
2013-10-28,16.93745,16.94557,16.87246,16.90495,26414798
2013-10-29,16.93745,16.96994,16.89683,16.9537,27109328
2013-10-30,16.97807,17.0024376,16.83184,16.88871,43636119
2013-10-31,16.86434,16.88058,16.70187,16.70999,60161063
2013-11-01,16.70999,16.77498,16.66125,16.75061,41068991
2013-11-04,16.77498,16.79123,16.70999,16.75873,23064878
2013-11-05,16.70187,16.73436,16.645,16.66937,31916014
2013-11-06,16.75061,16.79123,16.70999,16.75061,35278244
2013-11-07,16.79935,16.82372,16.55565,16.56377,55046504
2013-11-08,16.58002,16.94557,16.56377,16.94557,78709894
2013-11-11,16.94557,16.98619,16.88058,16.9537,28828050
2013-11-12,16.91308,16.92933,16.74249,16.79123,35299294
2013-11-13,16.71811,17.0024376,16.69374,16.93745,52414257
2013-11-14,16.93745,17.091795,16.89683,17.083672,43016187
2013-11-15,17.099918,17.18115,17.067425,17.16491,45884171
2013-11-18,17.22989,17.27864,17.11617,17.15678,52683107
2013-11-19,17.16491,17.27051,17.13241,17.18115,35699492
2013-11-20,17.22177,17.27051,17.075548,17.13241,39271362
2013-11-21,17.18115,17.40049,17.17303,17.37612,45735589
2013-11-22,17.39236,17.46548,17.35987,17.45735,34106702
2013-11-25,17.51422,17.55483,17.44923,17.48172,34048598
2013-11-26,17.48985,17.55483,17.45735,17.46548,34307478
2013-11-27,17.50609,17.53859,17.46548,17.51422,19686029
2013-11-29,17.5792,17.5792,17.4411,17.44923,14792804
2013-12-02,17.4736,17.57108,17.39236,17.4411,37823829
2013-12-03,17.35175,17.39236,17.17303,17.26239,34143508
2013-12-04,17.18928,17.38424,17.15678,17.30301,53872745
2013-12-05,17.22989,17.27051,17.12429,17.14054,45227309
2013-12-06,17.34362,17.42486,17.26239,17.37612,37371314
2013-12-09,17.43298,17.48985,17.41673,17.44923,27234152
2013-12-10,17.40861,17.48985,17.38424,17.38424,37960839
2013-12-11,17.39236,17.40049,17.11617,17.14866,79264090
2013-12-12,17.14054,17.22989,17.10804,17.14866,48718056
2013-12-13,17.20552,17.24614,17.12429,17.16491,89187304
2013-12-16,17.23802,17.31113,17.23802,17.27051,84071637
2013-12-17,17.27051,17.27051,17.14054,17.15678,33255096
2013-12-18,17.21365,17.57108,17.059301,17.55483,122031246
2013-12-19,17.53046,17.5792,17.4736,17.53046,56205614
2013-12-20,17.48172,17.60357,17.4736,17.55483,81181865
2013-12-23,17.63607,17.67669,17.6117,17.63607,36429968
2013-12-24,17.66856,17.67669,17.61982,17.66856,9107923
2013-12-26,17.72543,17.72543,17.66856,17.70918,18352240
2013-12-27,17.7173,17.72543,17.66856,17.70106,14700479
2013-12-30,17.70106,17.73355,17.64419,17.66856,19989840
2013-12-31,17.70106,17.76604,17.69293,17.75792,22770053
2014-01-02,17.72543,17.74167,17.6117,17.66044,43679450
2014-01-03,17.68481,17.83916,17.67669,17.78229,30349074
2014-01-06,17.87165,17.92039,17.76604,17.79854,42798546
2014-01-07,17.89602,17.89602,17.7498,17.80666,58506229
2014-01-08,17.83916,17.8879,17.79041,17.86353,44270453
2014-01-09,17.92039,17.95288,17.81479,17.92851,35872817
2014-01-10,17.92039,17.94476,17.81479,17.89602,44795967
2014-01-13,17.87165,17.90414,17.59545,17.62794,52459804
2014-01-14,17.72543,17.79854,17.63607,17.77417,38581263
2014-01-15,17.8554,18.0016251,17.84728,17.98538,75928326
2014-01-16,17.93664,17.94476,17.83103,17.87165,57911287
2014-01-17,17.89602,17.92851,17.77417,17.81479,70660016
2014-01-21,17.91227,17.92851,17.72543,17.83103,51099056
2014-01-22,17.86353,17.87977,17.79041,17.83916,22301904
2014-01-23,17.75792,17.76604,17.46548,17.54671,64648058
2014-01-24,17.45735,17.45735,17.14866,17.14866,86803719
2014-01-27,17.17303,17.25426,16.94557,17.043055,79350014
2014-01-28,17.13241,17.28676,17.11617,17.27051,43538500
2014-01-29,17.083672,17.23802,17.026808,17.067425,79334380
2014-01-30,17.22177,17.34362,17.16491,17.31113,56607904
2014-01-31,17.051178,17.27051,17.018684,17.10804,65974214
2014-02-03,17.091795,17.13241,16.65313,16.6775,129496030
2014-02-04,16.75873,16.92933,16.70187,16.83997,67895066
2014-02-05,16.8156,16.88058,16.70187,16.82372,58062823
2014-02-06,16.85621,17.091795,16.84809,17.083672,49232368
2014-02-07,17.15678,17.31113,17.099918,17.29488,63056129
2014-02-10,17.30301,17.32738,17.21365,17.31113,53244320
2014-02-11,17.36799,17.53859,17.28676,17.48985,46243500
2014-02-12,17.51422,17.57108,17.42486,17.48985,47764154
2014-02-13,17.3355,17.56296,17.3355,17.55483,39783458
2014-02-14,17.53046,17.59545,17.49797,17.5792,37421046
2014-02-18,17.59545,17.64419,17.53046,17.6117,26168844
2014-02-19,17.55483,17.66044,17.35987,17.36799,78908823
2014-02-20,17.38424,17.45735,17.28676,17.41673,39164019
2014-02-21,17.44923,17.51422,17.38424,17.44923,53100785
2014-02-24,17.45735,17.66856,17.44923,17.5792,51914224
2014-02-25,17.57108,17.5792,17.43298,17.4736,49380703
2014-02-26,17.51422,17.53046,17.35987,17.44923,52231699
2014-02-27,17.42486,17.54671,17.36799,17.53859,47711837
2014-02-28,17.54671,17.72543,17.51422,17.62794,69264062
2014-03-03,17.46548,17.51422,17.37612,17.48985,61089483
2014-03-04,17.69293,17.84728,17.66044,17.84728,61500268
2014-03-05,17.8554,18.034119,17.81479,18.034119,58700112
2014-03-06,18.034119,18.1316,18.025995,18.090982,53457898
2014-03-07,18.20471,18.2697,18.099106,18.17222,81544764
2014-03-10,18.1316,18.27782,18.066612,18.18034,29071542
2014-03-11,18.20471,18.22096,18.017872,18.058489,55578050
2014-03-12,17.94476,18.034119,17.89602,18.025995,39319248
2014-03-13,18.082859,18.10723,17.78229,17.82291,70116160
2014-03-14,17.75792,17.90414,17.69293,17.70918,54433958
2014-03-17,17.8554,17.96101,17.83916,17.89602,46338656
2014-03-18,17.94476,18.0016251,17.91227,17.98538,44158186
2014-03-19,18.0016251,18.10723,17.84728,17.97725,69971394
2014-03-20,17.94476,18.30219,17.94476,18.26158,112214267
2014-03-21,18.31844,18.39968,18.17222,18.19659,82702027
2014-03-24,18.25345,18.30219,18.082859,18.18847,68496287
2014-03-25,18.24533,18.27782,18.082859,18.17222,42096507
2014-03-26,18.27782,18.28595,17.98538,17.98538,62505872
2014-03-27,17.94476,18.025995,17.79041,17.8879,81009033
2014-03-28,17.93664,18.074736,17.89602,17.96101,48922771
2014-03-31,18.090982,18.20471,18.074736,18.14785,41048557
2014-04-01,18.19659,18.23721,18.1316,18.18034,51651775
2014-04-02,18.19659,18.26158,18.16409,18.22096,44565278
2014-04-03,18.23721,18.26158,18.1316,18.18847,46626833
2014-04-04,18.28595,18.32656,17.9935,18.0097485,60202301
2014-04-07,17.9935,18.0016251,17.7173,17.73355,72897112
2014-04-08,17.7498,17.79854,17.6117,17.75792,56290676
2014-04-09,17.81479,17.92851,17.72543,17.91227,44907126
2014-04-10,17.92851,17.92851,17.48985,17.49797,94458692
2014-04-11,17.29488,17.49797,17.21365,17.28676,98050873
2014-04-14,17.48985,17.51422,17.24614,17.42486,69247689
2014-04-15,17.46548,17.61982,17.3355,17.58733,103855038
2014-04-16,17.66856,17.73355,17.56296,17.72543,49363100
2014-04-17,17.7498,17.79854,17.66856,17.75792,58956037
2014-04-21,17.76604,17.78229,17.70106,17.74167,37683618
2014-04-22,17.76604,17.91227,17.70106,17.86353,33032777
2014-04-23,17.84728,17.92039,17.82291,17.90414,32197667
2014-04-24,17.98538,17.98538,17.82291,17.89602,36918798
2014-04-25,17.8554,17.87165,17.7173,17.7498,35205738
2014-04-28,17.7498,17.79854,17.4736,17.64419,54068967
2014-04-29,17.68481,17.82291,17.66856,17.81479,34182162
2014-04-30,17.76604,17.87977,17.7498,17.83916,46774307
2014-05-01,17.83916,17.89602,17.78229,17.87165,33615533
2014-05-02,17.87977,18.025995,17.82291,17.86353,34600209
2014-05-05,17.70106,17.80666,17.63607,17.79041,23206197
2014-05-06,17.74167,17.74167,17.53859,17.53859,73906286
2014-05-07,17.62794,17.79041,17.5792,17.77417,50411420
2014-05-08,17.7498,17.92039,17.7498,17.82291,35858291
2014-05-09,17.81479,17.83916,17.70106,17.81479,29373014
2014-05-12,17.90414,18.0016251,17.86353,17.9935,25643084
2014-05-13,18.0016251,18.050365,17.95288,17.97725,28989311
2014-05-14,17.96101,17.97725,17.81479,17.84728,31432723
2014-05-15,17.76604,17.79041,17.51422,17.64419,49008449
2014-05-16,17.65232,17.66856,17.53046,17.66856,41206002
2014-05-19,17.61982,17.77417,17.6117,17.75792,24674780
2014-05-20,17.72543,17.76604,17.58733,17.65232,24000561
2014-05-21,17.7173,17.83916,17.70918,17.76604,39055814
2014-05-22,17.79041,17.87977,17.74167,17.84728,22555244
2014-05-23,17.87165,17.91227,17.83103,17.90414,20383390
2014-05-27,17.94476,18.1316,17.94476,18.058489,28444963
2014-05-28,18.017872,18.074736,17.98538,18.025995,40448075
2014-05-29,18.066612,18.082859,17.98538,18.066612,18361350
2014-05-30,18.025995,18.12348,18.017872,18.10723,33521607
2014-06-02,18.12348,18.17222,18.034119,18.15597,24982776
2014-06-03,18.10723,18.18034,18.074736,18.18034,19306758
2014-06-04,18.12348,18.24533,18.12348,18.22908,24081684
2014-06-05,18.26158,18.4078,18.18034,18.39968,38203470
2014-06-06,18.44842,18.5459,18.41592,18.52153,36753598
2014-06-09,18.52965,18.62713,18.5134,18.60276,39739634
2014-06-10,18.55402,18.59464,18.52153,18.59464,26550947
2014-06-11,18.52153,18.52965,18.41592,18.47279,25320439
2014-06-12,18.46466,18.47279,18.32656,18.35906,36993766
2014-06-13,18.4078,18.44842,18.31032,18.36718,34428485
2014-06-16,18.33469,18.33469,18.22908,18.27782,41736316
2014-06-17,18.25345,18.48091,18.24533,18.46466,30098442
2014-06-18,18.45654,18.60276,18.38343,18.57027,38125793
2014-06-19,18.57839,18.59464,18.48091,18.5459,28443117
2014-06-20,18.55402,18.57027,18.48903,18.5459,30669011
2014-06-23,18.5459,18.60276,18.48091,18.58652,23893956
2014-06-24,18.5459,18.62713,18.44029,18.46466,27761266
2014-06-25,18.37531,18.50528,18.35906,18.48091,31616881
2014-06-26,18.45654,18.48091,18.27782,18.41592,32902784
2014-06-27,18.35906,18.48903,18.35906,18.48903,22087464
2014-06-30,18.44842,18.50528,18.42405,18.47279,45984497
2014-07-01,18.5134,18.66775,18.5134,18.58652,34924332
2014-07-02,18.57839,18.64338,18.56215,18.57027,21714471
2014-07-03,18.70024,18.74086,18.65963,18.71649,27225904
2014-07-07,18.69212,18.69212,18.57839,18.63526,30418995
2014-07-08,18.60276,18.61901,18.43217,18.47279,42234379
2014-07-09,18.49716,18.53777,18.45654,18.52153,23890756
2014-07-10,18.31844,18.45654,18.24533,18.39968,31814580
2014-07-11,18.37531,18.44842,18.28595,18.43217,26102370
2014-07-14,18.61089,18.61901,18.52153,18.5459,26266093
2014-07-15,18.64338,18.71649,18.57839,18.67587,36321394
2014-07-16,18.69212,18.71649,18.58652,18.64338,32831509
2014-07-17,18.55402,18.63526,18.38343,18.39968,42034342
2014-07-18,18.45654,18.62713,18.45654,18.61089,25827980
2014-07-21,18.5134,18.58652,18.48091,18.56215,18265332
2014-07-22,18.61089,18.6515,18.57839,18.61901,15999553
2014-07-23,18.62713,18.69212,18.59464,18.65963,17625827
2014-07-24,18.70837,18.73274,18.66775,18.70024,25123971
2014-07-25,18.62713,18.684,18.57839,18.59464,44700318
2014-07-28,18.57839,18.6515,18.48091,18.60276,51911024
2014-07-29,18.62713,18.67587,18.49716,18.50528,34997453
2014-07-30,18.57839,18.65963,18.47279,18.58652,49021005
2014-07-31,18.45654,18.50528,18.19659,18.20471,61818850
2014-08-01,18.15597,18.22908,17.96913,18.050365,61016238
2014-08-04,18.11535,18.22096,18.034119,18.19659,32232135
2014-08-05,18.10723,18.16409,17.93664,18.0097485,49123055
2014-08-06,17.95288,18.18034,17.95288,18.082859,45635509
2014-08-07,18.16409,18.20471,17.95288,18.0016251,49004387
2014-08-08,17.9935,18.18847,17.95288,18.18034,62985100
2014-08-11,18.21284,18.27782,18.18034,18.19659,28040580
2014-08-12,18.13972,18.28595,18.13972,18.23721,27079046
2014-08-13,18.27782,18.35906,18.26158,18.31844,27864301
2014-08-14,18.34281,18.43217,18.33469,18.43217,26959269
2014-08-15,18.5134,18.5134,18.23721,18.34281,48988876
2014-08-18,18.43217,18.56215,18.42405,18.5459,30915826
2014-08-19,18.58652,18.62713,18.56215,18.57839,24872847
2014-08-20,18.5459,18.69212,18.52153,18.62713,32671479
2014-08-21,18.66775,18.87896,18.63526,18.84647,46030414
2014-08-22,18.84647,18.89521,18.75711,18.78148,30347351
2014-08-25,18.87084,19.00081253,18.87084,18.94395,33893123
2014-08-26,18.9277,19.04143,18.91958,18.98457,17016729
2014-08-27,19.033306,19.033306,18.91145,18.94395,21784145
2014-08-28,18.85459,18.91145,18.81397,18.88708,25850015
2014-08-29,18.94395,19.00081253,18.89521,18.97644,28003280
2014-09-02,19.033306,19.0658,18.94395,19.049553,36352415
2014-09-03,19.12267,19.13891,18.97644,19.017059,24151728
2014-09-04,19.033306,19.15516,18.96832,19.033306,31148855
2014-09-05,19.0089359,19.0658,18.89521,19.057676,30005256
2014-09-08,19.04143,19.13891,19.00081253,19.0658,26755908
2014-09-09,19.025183,19.025183,18.83834,18.87084,38428619
2014-09-10,18.87896,18.99269,18.87896,18.96832,38567107
2014-09-11,18.90333,19.033306,18.88708,19.017059,36650440
2014-09-12,19.017059,19.090172,18.9277,19.00081253,42971009
2014-09-15,19.00081253,19.04143,18.93583,18.99269,25694294
2014-09-16,18.94395,19.11454,18.93583,19.073923,39350392
2014-09-17,19.11454,19.26076,19.049553,19.15516,54889305
2014-09-18,19.25264,19.39074,19.22827,19.342,63655749
2014-09-19,19.36637,19.39886,19.16328,19.21202,62190612
2014-09-22,19.17141,19.22015,19.057676,19.082047,39775087
2014-09-23,19.04143,19.13891,18.94395,18.95207,39927485
2014-09-24,18.99269,19.0658,18.91145,19.057676,44279193
2014-09-25,18.99269,19.025183,18.74086,18.74086,66656804
2014-09-26,18.79773,18.96832,18.76523,18.91958,49182020
2014-09-29,18.73274,18.89521,18.72461,18.85459,47184969
2014-09-30,18.89521,18.93583,18.78148,18.8221,40730589
2014-10-01,18.78148,18.8221,18.56215,18.59464,63257889
2014-10-02,18.60276,18.71649,18.47279,18.64338,69509769
2014-10-03,18.81397,18.94395,18.74899,18.91145,62092379
2014-10-06,19.04143,19.04143,18.83022,18.85459,40801003
2014-10-07,18.80585,18.80585,18.52965,18.53777,63099706
2014-10-08,18.5459,18.88708,18.48903,18.88708,72327897
2014-10-09,18.87084,18.87084,18.47279,18.48903,110277904
2014-10-10,18.44842,18.65963,18.33469,18.34281,76225243
2014-10-13,18.35093,18.46466,18.16409,18.18034,70603882
2014-10-14,18.22908,18.39968,18.17222,18.25345,78074944
2014-10-15,17.9935,18.082859,17.50609,17.90414,134405258
2014-10-16,17.59545,18.042242,17.5792,17.90414,101397347
2014-10-17,18.13972,18.22096,18.0097485,18.1316,65796704
2014-10-20,18.090982,18.25345,18.090982,18.23721,60934746
2014-10-21,18.39968,18.60276,18.35093,18.57839,62988547
2014-10-22,18.61089,18.62713,18.4078,18.4078,56880817
2014-10-23,18.61901,18.70837,18.55402,18.58652,99572513
2014-10-24,18.61901,18.77336,18.58652,18.76523,32770205
2014-10-27,18.70024,18.79773,18.66775,18.7896,27325984
2014-10-28,18.83834,19.00081253,18.83834,18.99269,44604546
2014-10-29,19.025183,19.073923,18.89521,19.04143,55631844
2014-10-30,19.025183,19.23639,18.96832,19.14704,41918628
2014-10-31,19.36637,19.39074,19.28513,19.36637,46879927
2014-11-03,19.41511,19.48822,19.35825,19.43948,60885014
2014-11-04,19.36637,19.45573,19.29326,19.4476,36701526
2014-11-05,19.6182,19.6182,19.46385,19.57758,30312760
2014-11-06,19.54509,19.6182,19.48822,19.61007,33192561
2014-11-07,19.6182,19.66694,19.52072,19.6182,35459694
2014-11-10,19.6182,19.7238,19.59383,19.7238,37733474
2014-11-11,19.73192,19.74817,19.65881,19.65881,47698542
2014-11-12,19.59383,19.64257,19.54509,19.6182,23048629
2014-11-13,19.63444,19.67506,19.52884,19.61007,36133543
2014-11-14,19.60195,19.64257,19.52072,19.54509,14073777
2014-11-17,19.48822,19.56946,19.47197,19.54509,19907978
2014-11-18,19.53696,19.67506,19.52884,19.61007,15630130
2014-11-19,19.57758,19.60195,19.48822,19.56946,27164231
2014-11-20,19.47197,19.59383,19.43948,19.56946,19798912
2014-11-21,19.78879,19.78879,19.64257,19.66694,25110061
2014-11-24,19.73192,19.84565,19.7238,19.79691,23038411
2014-11-25,19.83753,19.83753,19.71568,19.78067,28864242
2014-11-26,19.78067,19.81316,19.7563,19.80504,10769280
2014-11-28,19.82128,19.91064,19.79691,19.82128,9621496
2014-12-01,19.71568,19.77254,19.63444,19.68318,33654309
2014-12-02,19.66694,19.88627,19.66694,19.87002,26767603
2014-12-03,19.88627,19.97563,19.84565,19.95938,17814417
2014-12-04,19.93501,20.0081234,19.85378,19.98375,20925400
2014-12-05,20.089357,20.23558,20.064987,20.16247,37209929
2014-12-08,20.1381,20.36556,20.12998,20.25995,52915889
2014-12-09,20.0,20.21121,19.94314,20.21121,55516992
2014-12-10,20.15435,20.21933,19.91876,19.95126,63708559
2014-12-11,20.0081234,20.17872,19.96751,20.0,71819494
2014-12-12,19.84565,19.96751,19.5857,19.61007,48320689
2014-12-15,19.7238,19.7563,19.33388,19.43136,45935750
2014-12-16,19.32575,19.63444,19.23639,19.24452,45497391
2014-12-17,19.33388,19.69131,19.29326,19.68318,53873361
2014-12-18,19.98375,20.15435,19.87815,20.1381,46183796
2014-12-19,20.097483,20.15435,19.98375,20.04874,49107421
2014-12-22,20.1056,20.18684,20.056864,20.18684,19475282
2014-12-23,20.25995,20.37368,20.21933,20.30057,22928360
2014-12-24,20.36556,20.36556,20.25995,20.26808,9773278
2014-12-26,20.33306,20.34119,20.25995,20.26808,18149002
2014-12-29,20.25183,20.42242,20.21121,20.34119,22126486
2014-12-30,20.30869,20.36556,20.25183,20.31682,20298451
2014-12-31,20.38993,20.40617,20.064987,20.089357,29869969
2015-01-02,20.19496,20.22746,19.93501,20.089357,40511471
2015-01-05,19.95938,20.0,19.6182,19.66694,50770502
2015-01-06,19.66694,19.73192,19.27701,19.36637,57454463
2015-01-07,19.52884,19.6182,19.41511,19.56946,36287049
2015-01-08,19.79691,19.91064,19.7563,19.8619,37995923
2015-01-09,19.90252,19.91064,19.5857,19.59383,36300590
2015-01-12,19.59383,19.64257,19.37449,19.43136,38356360
2015-01-13,19.56133,19.69131,19.22827,19.36637,45785445
2015-01-14,19.057676,19.16328,18.83834,19.090172,71356023
2015-01-15,19.025183,19.12267,18.8221,18.85459,58038203
2015-01-16,18.80585,19.090172,18.73274,19.082047,89499855
2015-01-20,19.13891,19.21202,18.93583,19.00081253,39330942
2015-01-21,18.99269,19.14704,18.87084,19.049553,49251571
2015-01-22,19.16328,19.54509,19.033306,19.52072,97345387
2015-01-23,19.50447,19.54509,19.3095,19.3095,34069402
2015-01-26,19.27701,19.41511,19.22827,19.40699,27588310
2015-01-27,19.13891,19.32575,19.12267,19.19578,35186781
2015-01-28,19.29326,19.29326,18.81397,18.84647,85405918
2015-01-29,18.8221,19.04143,18.74899,19.00081253,50409450
2015-01-30,18.78148,19.00081253,18.684,18.69212,64531113
2015-02-02,18.74086,19.017059,18.59464,18.99269,62984977
2015-02-03,19.0658,19.32575,19.0658,19.3095,66155787
2015-02-04,19.26889,19.42323,19.22827,19.26076,37523958
2015-02-05,19.31763,19.48822,19.30138,19.45573,30264135
2015-02-06,19.63444,19.80504,19.56133,19.61007,83237512
2015-02-09,19.52072,19.61007,19.46385,19.51259,37354080
2015-02-10,19.65881,19.70756,19.52072,19.66694,39742220
2015-02-11,19.64257,19.7238,19.53696,19.66694,36080733
2015-02-12,19.69943,19.88627,19.65881,19.8619,40635310
2015-02-13,19.87002,19.92689,19.77254,19.84565,23270085
2015-02-17,19.81316,19.95938,19.79691,19.91064,17869196
2015-02-18,19.88627,19.88627,19.74005,19.78879,36387868
2015-02-19,19.74005,19.78879,19.65881,19.70756,21550255
2015-02-20,19.67506,19.88627,19.55321,19.85378,40206183
2015-02-23,19.82941,19.82941,19.69943,19.80504,23616735
2015-02-24,19.85378,19.96751,19.81316,19.90252,33958612
2015-02-25,19.88627,19.98375,19.87815,19.90252,32659415
2015-02-26,19.92689,19.93501,19.78879,19.85378,33480738
2015-02-27,19.82941,19.87002,19.76442,19.78067,28937856
2015-03-02,19.78879,19.94314,19.74817,19.92689,27137641
2015-03-03,19.87002,19.92689,19.77254,19.87002,31729394
2015-03-04,19.78879,19.81316,19.67506,19.74817,47685247
2015-03-05,19.78067,19.87002,19.71568,19.82941,25112031
2015-03-06,19.90252,20.032494,19.65069,19.68318,74347599
2015-03-09,19.69943,19.81316,19.69131,19.77254,26666907
2015-03-10,19.60195,19.61007,19.35012,19.35012,49650662
2015-03-11,19.40699,19.54509,19.38262,19.47197,36531648
2015-03-12,19.63444,19.91064,19.61007,19.8944,50418806
2015-03-13,19.84565,19.88627,19.64257,19.7563,40917578
2015-03-16,19.83753,20.016247,19.83753,20.0,39676730
2015-03-17,19.93501,20.0,19.81316,19.95126,22247248
2015-03-18,19.90252,20.12998,19.82941,20.064987,58915168
2015-03-19,20.064987,20.064987,19.78879,19.87815,42486734
2015-03-20,19.90252,20.089357,19.83753,20.073111,47450742
2015-03-23,20.032494,20.12998,19.95938,19.95938,26417014
2015-03-24,19.94314,19.94314,19.78879,19.79691,22615686
2015-03-25,19.82128,19.87002,19.4801,19.4801,40570806
2015-03-26,19.39886,19.55321,19.31763,19.46385,40238682
2015-03-27,19.46385,19.48822,19.36637,19.43948,30154207
2015-03-30,19.5857,19.77254,19.57758,19.7238,43422048
2015-03-31,19.62632,19.68318,19.54509,19.5857,26132160
2015-04-01,19.53696,19.64257,19.43136,19.56946,32823015
2015-04-02,19.52072,19.69943,19.52072,19.66694,26472163
2015-04-06,19.50447,19.74817,19.46385,19.69943,19432443
2015-04-07,19.74005,19.7563,19.59383,19.59383,22346466
2015-04-08,19.61007,19.74817,19.61007,19.66694,22778055
2015-04-09,19.63444,19.71568,19.56133,19.69943,25595691
2015-04-10,19.70756,19.74005,19.65881,19.69131,18165005
2015-04-13,19.65881,19.82941,19.64257,19.76442,38112499
2015-04-14,19.74817,19.81316,19.65069,19.76442,32499016
2015-04-15,19.80504,19.91876,19.7563,19.83753,45762179
2015-04-16,19.82941,19.93501,19.7238,19.87002,27839065
2015-04-17,19.77254,19.77254,19.52884,19.60195,49064829
2015-04-20,19.67506,19.7563,19.66694,19.68318,19100196
2015-04-21,19.7563,19.78067,19.56946,19.5857,26714793
2015-04-22,19.60195,19.77254,19.53696,19.7238,26511555
2015-04-23,19.69131,19.80504,19.65881,19.7563,26294652
2015-04-24,19.71568,19.74817,19.65069,19.7238,23031271
2015-04-27,19.74817,19.82941,19.6182,19.65069,29486759
2015-04-28,19.6182,19.76442,19.53696,19.76442,31748721
2015-04-29,19.65069,19.84565,19.56946,19.7563,49893538
2015-04-30,19.69943,19.80504,19.52884,19.60195,42838185
2015-05-01,19.70756,19.79691,19.68318,19.77254,22565584
2015-05-04,19.85378,19.97563,19.82128,19.96751,27367961
2015-05-05,19.91064,20.02437,19.77254,19.78879,37717594
2015-05-06,19.87002,19.90252,19.55321,19.69131,36626312
2015-05-07,19.61007,19.87815,19.61007,19.82941,39290812
2015-05-08,19.93501,20.11373,19.93501,20.11373,40714217
2015-05-11,20.11373,20.15435,20.0081234,20.040617,38354636
2015-05-12,19.95126,20.016247,19.80504,19.96751,48760649
2015-05-13,19.96751,20.04874,19.93501,19.97563,29430379
2015-05-14,20.073111,20.16247,20.032494,20.15435,26445450
2015-05-15,20.16247,20.17059,20.0,20.064987,28494942
2015-05-18,20.073111,20.19496,20.04874,20.17872,19841750
2015-05-19,20.21933,20.35743,20.20309,20.29244,32513049
2015-05-20,20.33306,20.34119,20.20309,20.23558,37350263
2015-05-21,20.19496,20.23558,20.17059,20.18684,23172098
2015-05-22,20.14622,20.2437,20.14622,20.19496,16231966
2015-05-26,20.16247,20.16247,19.95126,19.96751,54832187
2015-05-27,20.02437,20.21121,20.0,20.18684,31773341
2015-05-28,20.1381,20.17872,20.040617,20.16247,21900598
2015-05-29,20.16247,20.16247,19.93501,19.98375,31521478
2015-06-01,20.089357,20.11373,19.94314,20.0,23062170
2015-06-02,19.98375,20.1056,19.90252,20.032494,26426862
2015-06-03,20.1056,20.25995,20.064987,20.20309,40898498
2015-06-04,20.14622,20.19496,19.99188,20.02437,37471271
2015-06-05,20.17059,20.26808,20.081236,20.1381,52402931
2015-06-08,20.17059,20.19496,20.0081234,20.016247,28272131
2015-06-09,20.032494,20.15435,19.95126,20.064987,31163011
2015-06-10,20.17872,20.42242,20.14622,20.34931,53968148
2015-06-11,20.43867,20.47116,20.35743,20.43054,60034147
2015-06-12,20.3818,20.42242,20.2762,20.34119,42206558
2015-06-15,20.21121,20.32494,20.12185,20.25183,40678641
2015-06-16,20.25995,20.3818,20.19496,20.36556,36228207
2015-06-17,20.43054,20.45491,20.29244,20.34119,55448179
2015-06-18,20.43054,20.56052,20.34119,20.52803,70136594
2015-06-19,20.3818,20.40617,20.097483,20.097483,47071470
2015-06-22,20.38993,20.48741,20.3818,20.40617,40678518
2015-06-23,20.46304,20.51178,20.4143,20.44679,33542288
2015-06-24,20.4143,20.44679,20.2762,20.2762,26541099
2015-06-25,20.33306,20.34119,20.1381,20.15435,43711579
2015-06-26,20.2437,20.2762,20.16247,20.21933,30737208
2015-06-29,20.0,20.089357,19.7238,19.73192,52912442
2015-06-30,19.92689,19.97563,19.74005,19.80504,77383245
2015-07-01,20.11373,20.15435,19.98375,20.1056,52375111
2015-07-02,20.097483,20.14622,19.93501,20.016247,24081438
2015-07-06,19.78879,19.98375,19.76442,19.93501,33223951
2015-07-07,19.90252,19.99188,19.60195,19.97563,63077548
2015-07-08,19.70756,19.83753,19.59383,19.62632,56789354
2015-07-09,19.90252,19.93501,19.74005,19.78067,31236625
2015-07-10,20.056864,20.064987,19.92689,20.016247,36120618
2015-07-13,20.18684,20.25995,20.14622,20.25995,41191230
2015-07-14,20.19496,20.34931,20.15435,20.30869,27691961
2015-07-15,20.40617,20.51178,20.33306,20.47928,62160945
2015-07-16,20.63363,20.68237,20.60926,20.68237,39781365
2015-07-17,20.66612,20.6905,20.53615,20.62551,22286763
2015-07-20,20.68237,20.71487,20.59301,20.64988,25354045
2015-07-21,20.658,20.73924,20.57677,20.62551,24390172
2015-07-22,20.63363,20.80422,20.60926,20.77985,36459143
2015-07-23,20.7961,20.81235,20.56052,20.60114,36561685
2015-07-24,20.57677,20.59301,20.37368,20.40617,32149658
2015-07-27,20.26808,20.31682,20.18684,20.25995,34805048
2015-07-28,20.42242,20.42242,20.21121,20.34119,29677194
2015-07-29,20.40617,20.5524,20.35743,20.54427,33091373
2015-07-30,20.51178,20.56052,20.43054,20.54427,20597954
2015-07-31,20.5199,20.56864,20.42242,20.47928,24137571
2015-08-03,20.47928,20.50366,20.31682,20.45491,42025601
2015-08-04,20.47116,20.52803,20.38993,20.42242,30678613
2015-08-05,20.56052,20.62551,20.44679,20.50366,24771536
2015-08-06,20.5199,20.5524,20.35743,20.43054,23921408
2015-08-07,20.4143,20.49553,20.30057,20.47116,30673812
2015-08-10,20.60926,20.67425,20.5524,20.66612,30165778
2015-08-11,20.47116,20.54427,20.39805,20.47928,65448208
2015-08-12,20.30869,20.32494,19.98375,20.29244,77509300
2015-08-13,20.34119,20.43867,20.21121,20.36556,27547564
2015-08-14,20.34119,20.51178,20.33306,20.51178,33603346
2015-08-17,20.42242,20.56052,20.34931,20.5524,28771055
2015-08-18,20.52803,20.58489,20.48741,20.53615,20245642
2015-08-19,20.47928,20.52803,20.2762,20.34931,57382080
2015-08-20,20.1381,20.16247,19.91876,19.91876,67731590
2015-08-21,19.66694,19.81316,19.2039,19.2039,127715881
2015-08-24,18.025995,19.033306,15.044679,18.38343,143651668
2015-08-25,19.057676,19.073923,18.074736,18.13972,84936661
2015-08-26,18.56215,18.8221,18.22096,18.8221,146056427
2015-08-27,19.0658,19.32575,18.91145,19.28513,96219884
2015-08-28,19.21202,19.26076,19.073923,19.19578,40348364
2015-08-31,19.073923,19.15516,19.017059,19.033306,58845124
2015-09-01,18.62713,18.72461,18.27782,18.41592,86294454
2015-09-02,18.65963,18.71649,18.42405,18.66775,52533664
2015-09-03,18.72461,18.96832,18.69212,18.77336,60273576
2015-09-04,18.50528,18.56215,18.27782,18.39968,54210039
2015-09-08,18.75711,18.88708,18.62713,18.87084,49726245
2015-09-09,19.04143,19.12267,18.57027,18.61089,43741739
2015-09-10,18.59464,18.83834,18.53777,18.70024,43653476
2015-09-11,18.61089,18.78148,18.57027,18.78148,26809949
2015-09-14,18.74086,18.79773,18.66775,18.74086,31837353
2015-09-15,18.81397,19.0658,18.74086,19.0089359,41048311
2015-09-16,19.025183,19.16328,18.9277,19.13079,28008328
2015-09-17,19.11454,19.24452,18.8221,18.86271,75221486
2015-09-18,18.5134,18.60276,18.37531,18.4078,85290820
2015-09-21,18.52965,18.69212,18.49716,18.61901,47097445
2015-09-22,18.34281,18.44842,18.24533,18.38343,65335941
2015-09-23,18.39155,18.45654,18.28595,18.39155,34891095
2015-09-24,18.18034,18.29407,18.099106,18.26158,51271027
2015-09-25,18.52153,18.6515,18.44029,18.52965,55416173
2015-09-28,18.39968,18.43217,18.042242,18.099106,58422891
2015-09-29,18.11535,18.18847,17.96913,18.1316,48264309
2015-09-30,18.37531,18.4078,18.18847,18.4078,49086741
2015-10-01,18.39968,18.48903,18.22096,18.41592,48512971
2015-10-02,18.017872,18.44029,17.8554,18.44029,75346063
2015-10-05,18.57027,18.85459,18.56215,18.83022,47975517
2015-10-06,18.7896,18.85459,18.70837,18.74086,36684908
2015-10-07,18.86271,18.99269,18.74899,18.88708,38597020
2015-10-08,18.81397,19.017059,18.77336,19.00081253,37237011
2015-10-09,19.04143,19.057676,18.79773,18.87896,58339183
2015-10-12,18.87084,18.9277,18.8221,18.89521,25312191
2015-10-13,18.83022,18.95207,18.74899,18.74899,42452020
2015-10-14,18.75711,18.7896,18.57027,18.59464,44763838
2015-10-15,18.70024,19.04143,18.684,19.017059,55652525
2015-10-16,19.073923,19.16328,19.033306,19.13079,36542235
2015-10-19,19.0089359,19.15516,19.00081253,19.11454,32690313
2015-10-20,19.11454,19.25264,19.098293,19.22827,23941473
2015-10-21,19.25264,19.31763,19.057676,19.090172,29215200
2015-10-22,19.13079,19.47197,19.12267,19.39886,61204335
2015-10-23,19.55321,19.6182,19.46385,19.61007,45903498
2015-10-26,19.61007,19.61007,19.45573,19.52884,24485698
2015-10-27,19.43136,19.45573,19.35012,19.41511,28664204
2015-10-28,19.45573,19.90252,19.45573,19.87002,112058299
2015-10-29,19.8619,19.94314,19.74817,19.84565,48479611
2015-10-30,19.79691,19.81316,19.53696,19.56133,62867662
2015-11-02,19.61007,19.91064,19.60195,19.82941,73531446
2015-11-03,19.82128,19.92689,19.73192,19.8619,42479225
2015-11-04,19.8619,19.91064,19.74817,19.80504,40100564
2015-11-05,19.80504,19.91876,19.77254,19.88627,45236788
2015-11-06,20.25995,20.28432,20.016247,20.089357,85556100
2015-11-09,20.11373,20.16247,19.7563,19.87002,59169369
2015-11-10,19.82128,19.96751,19.78879,19.95938,41119339
2015-11-11,20.04874,20.04874,19.87815,19.8944,27576370
2015-11-12,19.84565,19.85378,19.5857,19.59383,66597469
2015-11-13,19.49634,19.63444,19.37449,19.43136,53877793
2015-11-16,19.37449,19.66694,19.33388,19.66694,53560564
2015-11-17,19.74817,19.80504,19.5857,19.62632,46013180
2015-11-18,19.74005,20.0,19.67506,19.97563,83572836
2015-11-19,19.98375,20.04874,19.91064,20.0081234,35613076
2015-11-20,20.064987,20.12185,19.98375,20.040617,44189330
2015-11-23,20.032494,20.097483,19.93501,19.95938,31828859
2015-11-24,19.83753,19.96751,19.73192,19.90252,35916887
2015-11-25,19.91064,19.95938,19.8619,19.91876,24226080
2015-11-27,19.95126,19.99188,19.85378,19.96751,23191055
2015-11-30,20.032494,20.032494,19.91876,19.95126,30361138
2015-12-01,20.02437,20.17872,19.98375,20.17059,38268343
2015-12-02,20.21933,20.21933,19.8944,19.93501,43846620
2015-12-03,20.04874,20.04874,19.54509,19.61007,59308595
2015-12-04,19.73192,20.16247,19.68318,20.12998,52547451
2015-12-07,20.1056,20.12185,19.84565,19.94314,31381144
2015-12-08,19.7238,19.87002,19.64257,19.69131,35697769
2015-12-09,19.60195,19.82128,19.35012,19.46385,66624798
2015-12-10,19.45573,19.66694,19.39074,19.4801,58161303
2015-12-11,19.18765,19.3095,18.94395,19.049553,89542078
2015-12-14,19.0658,19.22015,18.87896,19.090172,71948873
2015-12-15,19.28513,19.64257,19.26889,19.53696,93332943
2015-12-16,19.71568,19.91876,19.52884,19.85378,102205375
2015-12-17,19.92689,19.92689,19.54509,19.56946,70913355
2015-12-18,19.3095,19.33388,18.9277,18.9277,113598773
2015-12-21,19.082047,19.17953,18.94395,19.11454,50728156
2015-12-22,19.22827,19.33388,19.057676,19.29326,57087748
2015-12-23,19.41511,19.55321,19.35825,19.52072,40627924
2015-12-24,19.54509,19.61007,19.45573,19.50447,13844688
2015-12-28,19.42323,19.49634,19.32575,19.48822,16747016
2015-12-29,19.65069,19.71568,19.5857,19.69131,38040239
2015-12-30,19.65069,19.68318,19.52072,19.55321,19339133
2015-12-31,19.35825,19.5857,19.31763,19.35825,59154720
2016-01-04,18.9602,19.00081253,18.76523,18.98457,93387476
2016-01-05,19.017059,19.11454,18.88708,19.057676,52096536
2016-01-06,18.78148,18.87896,18.66775,18.76523,77248574
2016-01-07,18.37531,18.5459,18.16409,18.23721,92006910
2016-01-08,18.39968,18.41592,17.91227,17.95288,83028242
2016-01-11,18.050365,18.082859,17.79854,17.97725,70986600
2016-01-12,18.16409,18.19659,17.87977,18.11535,80633578
2016-01-13,18.18847,18.2697,17.56296,17.64419,125524947
2016-01-14,17.68481,17.94476,17.51422,17.79854,95264013
2016-01-15,17.1974,17.48172,17.16491,17.40049,94362797
2016-01-19,17.58733,17.65232,17.27051,17.39236,83779398
2016-01-20,17.034931,17.21365,16.6775,17.051178,107682217
2016-01-21,17.067425,17.28676,16.9212,16.97807,91494814
2016-01-22,17.1974,17.35987,17.16491,17.28676,59334200
2016-01-25,17.21365,17.27864,16.89683,16.93745,78982191
2016-01-26,17.0024376,17.27051,16.97807,17.22177,63973716
2016-01-27,17.16491,17.45735,17.034931,17.15678,77206350
2016-01-28,17.26239,17.34362,17.051178,17.16491,79906672
2016-01-29,17.28676,17.65232,17.22989,17.64419,100518905
2016-02-01,17.56296,17.66044,17.4411,17.57108,84561575
2016-02-02,17.31925,17.34362,17.043055,17.083672,86157444
2016-02-03,17.18115,17.18115,16.61251,17.099918,151930266
2016-02-04,16.99431,17.36799,16.99431,17.24614,97011048
2016-02-05,17.26239,17.35175,16.96994,17.018684,81506726
2016-02-08,16.77498,16.83184,16.36068,16.58814,132312804
2016-02-09,16.2632,16.6775,16.2632,16.56377,168924221
2016-02-10,16.69374,16.88058,16.46629,16.47441,80836939
2016-02-11,16.035744,16.14947,15.86515,15.97075,155436893
2016-02-12,16.35256,16.645,16.27945,16.645,119640644
2016-02-16,16.92933,16.98619,16.75873,16.91308,97496185
2016-02-17,17.075548,17.22177,17.075548,17.14054,79846353
2016-02-18,17.20552,17.20552,16.96182,17.043055,79491948
2016-02-19,16.90495,17.11617,16.88058,17.043055,91481888
2016-02-22,17.24614,17.38424,17.24614,17.31113,52408225
2016-02-23,17.22177,17.24614,16.96994,17.0024376,71553352
2016-02-24,16.75873,17.010561,16.61251,16.96182,89023089
2016-02-25,16.96182,17.21365,16.96182,17.1974,87713797
2016-02-26,17.31113,17.4736,17.22177,17.31925,100096303
2016-02-29,17.30301,17.39236,17.12429,17.13241,70846020
2016-03-01,17.25426,17.74167,17.25426,17.70918,100224943
2016-03-02,17.72543,17.91227,17.70106,17.90414,89863616
2016-03-03,17.8879,18.034119,17.81479,18.025995,76643660
2016-03-04,18.11535,18.18847,17.96101,18.099106,70707286
2016-03-07,17.97725,18.11535,17.92039,18.090982,48251261
2016-03-08,17.92851,18.0016251,17.77417,17.79854,94684581
2016-03-09,17.86353,17.91227,17.75792,17.82291,59913509
2016-03-10,17.93664,18.017872,17.59545,17.80666,94740222
2016-03-11,17.98538,18.29407,17.98538,18.2697,79284278
2016-03-14,18.21284,18.26158,18.099106,18.21284,55347853
2016-03-15,18.090982,18.20471,18.025995,18.20471,75699114
2016-03-16,18.10723,18.27782,18.025995,18.16409,72379969
2016-03-17,18.16409,18.44029,18.034119,18.38343,65859485
2016-03-18,18.41592,18.53777,18.36718,18.46466,65031268
2016-03-21,18.4078,18.55402,18.35906,18.43217,47484348
2016-03-22,18.30219,18.44842,18.26158,18.37531,43482367
2016-03-23,18.34281,18.37531,18.22908,18.23721,55912266
2016-03-24,18.074736,18.12348,17.95288,18.12348,48500785
2016-03-28,18.14785,18.23721,18.090982,18.18034,36121356
2016-03-29,18.10723,18.22096,18.0016251,18.21284,44438115
2016-03-30,18.31032,18.45654,18.29407,18.31844,37636102
2016-03-31,18.2697,18.39155,18.23721,18.27782,39946073
2016-04-01,18.18847,18.46466,18.11535,18.44029,45753316
2016-04-04,18.42405,18.46466,18.31032,18.35093,38544826
2016-04-05,18.18034,18.21284,18.058489,18.090982,61644172
2016-04-06,18.058489,18.20471,18.0016251,18.18847,38129610
2016-04-07,18.058489,18.074736,17.7498,17.84728,51315220
2016-04-08,17.96913,18.090982,17.87977,17.91227,55956828
2016-04-11,17.9935,18.13972,17.96913,17.98538,45423161
2016-04-12,18.0097485,18.24533,17.96913,18.21284,48225902
2016-04-13,18.39968,18.64338,18.38343,18.62713,69649488
2016-04-14,18.53777,18.76523,18.53777,18.66775,52055051
2016-04-15,18.71649,18.74086,18.57027,18.60276,53901797
2016-04-18,18.5134,18.75711,18.49716,18.74086,52434076
2016-04-19,18.79773,18.97644,18.79773,18.97644,57169363
2016-04-20,18.96832,19.15516,18.9602,19.12267,74743119
2016-04-21,19.11454,19.19578,18.90333,18.95207,63436754
2016-04-22,18.96832,19.17141,18.96832,19.13079,46728145
2016-04-25,19.049553,19.10642,18.95207,19.090172,38189682
2016-04-26,19.10642,19.23639,19.082047,19.21202,41664795
2016-04-27,19.19578,19.3095,19.13079,19.24452,56916147
2016-04-28,19.082047,19.23639,18.97644,19.04143,74850832
2016-04-29,18.93583,19.0089359,18.76523,18.93583,60318138
2016-05-02,18.95207,19.13079,18.91145,19.10642,43564598
2016-05-03,18.88708,18.90333,18.70024,18.86271,44142060
2016-05-04,18.64338,18.81397,18.62713,18.71649,46466680
2016-05-05,18.75711,18.83022,18.65963,18.70837,47043157
2016-05-06,18.57027,18.79773,18.57027,18.7896,38964104
2016-05-09,18.75711,18.84647,18.66775,18.74086,31989258
2016-05-10,18.83022,19.017059,18.8221,19.0089359,37549070
2016-05-11,18.95207,19.00081253,18.7896,18.80585,31961192
2016-05-12,18.87084,18.95207,18.70024,18.81397,35254978
2016-05-13,18.77336,18.90333,18.55402,18.58652,45538875
2016-05-16,18.58652,18.76523,18.57027,18.684,33796243
2016-05-17,18.63526,18.71649,18.49716,18.57839,45457629
2016-05-18,18.52153,18.91958,18.52153,18.90333,96899150
2016-05-19,18.81397,18.90333,18.61089,18.72461,66203303
2016-05-20,18.8221,18.9602,18.7896,18.85459,35765351
2016-05-23,18.81397,18.90333,18.75711,18.83834,38575724
2016-05-24,18.96832,19.16328,18.94395,19.12267,47386483
2016-05-25,19.2039,19.42323,19.19578,19.32575,51504178
2016-05-26,19.33388,19.35825,19.18765,19.21202,36198417
2016-05-27,19.24452,19.35012,19.22015,19.342,37026264
2016-05-31,19.43948,19.43948,19.22827,19.29326,40884834
2016-06-01,19.15516,19.35825,19.073923,19.33388,38452378
2016-06-02,19.28513,19.37449,19.22015,19.37449,28227076
2016-06-03,19.13891,19.15516,18.89521,19.098293,86083215
2016-06-06,19.10642,19.30138,19.090172,19.21202,46925474
2016-06-07,19.22827,19.28513,19.15516,19.17141,26503799
2016-06-08,19.13891,19.23639,19.13891,19.18765,30469958
2016-06-09,19.073923,19.10642,18.95207,19.049553,39571234
2016-06-10,18.83022,18.90333,18.75711,18.81397,47349676
2016-06-13,18.70837,18.9277,18.67587,18.684,56062079
2016-06-14,18.61089,18.70837,18.31032,18.4078,66888232
2016-06-15,18.45654,18.64338,18.41592,18.43217,58034633
2016-06-16,18.28595,18.49716,18.18034,18.48091,71488109
2016-06-17,18.4078,18.45654,18.28595,18.36718,46524537
2016-06-20,18.65963,18.75711,18.46466,18.47279,70566829
2016-06-21,18.5459,18.61901,18.46466,18.57839,40308110
2016-06-22,18.57839,18.71649,18.52153,18.56215,54005201
2016-06-23,18.78148,18.95207,18.77336,18.95207,73745517
2016-06-24,17.96101,18.35093,17.87165,17.93664,165914672
2016-06-27,17.66856,17.69293,17.31925,17.42486,140642119
2016-06-28,17.74167,17.87165,17.58733,17.87165,109722231
2016-06-29,18.025995,18.27782,17.98538,18.27782,100009025
2016-06-30,18.33469,18.57027,18.24533,18.57027,72707045
2016-07-01,18.49716,18.60276,18.44029,18.47279,45095346
2016-07-05,18.29407,18.34281,18.10723,18.19659,59557011
2016-07-06,18.042242,18.2697,18.0016251,18.24533,58561132
2016-07-07,18.30219,18.42405,18.18034,18.2697,65731461
2016-07-08,18.52153,18.64338,18.49716,18.61901,55327418
2016-07-11,18.71649,18.78148,18.65963,18.72461,42557517
2016-07-12,18.86271,18.98457,18.83834,18.9602,55059306
2016-07-13,18.94395,19.00081253,18.85459,18.9602,57377156
2016-07-14,19.33388,19.33388,19.090172,19.13891,67039521
2016-07-15,19.21202,19.22827,18.98457,19.10642,62710956
2016-07-18,19.11454,19.19578,19.098293,19.17141,38953149
2016-07-19,19.082047,19.18765,19.057676,19.17953,30777585
2016-07-20,19.25264,19.25264,19.13079,19.21202,31817657
2016-07-21,19.18765,19.22015,19.090172,19.11454,36524509
2016-07-22,19.13891,19.24452,19.10642,19.23639,23484772
2016-07-25,19.2039,19.24452,19.13891,19.19578,37096308
2016-07-26,19.14704,19.23639,19.13079,19.21202,34484126
2016-07-27,19.17953,19.26076,19.13891,19.2039,50709937
2016-07-28,19.15516,19.28513,19.090172,19.24452,33001387
2016-07-29,19.17141,19.30138,19.17141,19.21202,54440606
2016-08-01,19.22827,19.3095,19.12267,19.16328,39409726
2016-08-02,19.10642,19.17953,18.95207,19.00081253,39709475
2016-08-03,19.00081253,19.2039,19.00081253,19.19578,33511513
2016-08-04,19.17953,19.21202,19.10642,19.14704,31363295
2016-08-05,19.35012,19.51259,19.29326,19.51259,51542339
2016-08-08,19.56946,19.59383,19.4801,19.53696,45019886
2016-08-09,19.52884,19.5857,19.50447,19.55321,32239890
2016-08-10,19.53696,19.56946,19.36637,19.39886,33545242
2016-08-11,19.43948,19.48822,19.36637,19.43948,25139605
2016-08-12,19.3095,19.41511,19.30138,19.38262,28861534
2016-08-15,19.45573,19.52884,19.43948,19.51259,26275941
2016-08-16,19.4801,19.51259,19.41511,19.46385,27637427
2016-08-17,19.46385,19.53696,19.41511,19.52884,25676567
2016-08-18,19.49634,19.55321,19.45573,19.51259,26595016
2016-08-19,19.45573,19.52072,19.38262,19.50447,31510153
2016-08-22,19.47197,19.52072,19.42323,19.50447,32517481
2016-08-23,19.57758,19.62632,19.52884,19.52884,29855443
2016-08-24,19.53696,19.5857,19.47197,19.52072,24299201
2016-08-25,19.49634,19.59383,19.47197,19.56133,27249662
2016-08-26,19.6182,19.73192,19.46385,19.5857,64953346
2016-08-29,19.63444,19.82941,19.61007,19.7563,40451522
2016-08-30,19.78879,19.93501,19.76442,19.93501,39359132
2016-08-31,19.94314,19.96751,19.78879,19.95126,56386078
2016-09-01,20.0,20.016247,19.71568,19.87002,62960480
2016-09-02,19.8944,20.016247,19.87002,19.95938,66918391
2016-09-06,19.95126,19.98375,19.77254,19.92689,60299920
2016-09-07,19.85378,19.94314,19.81316,19.91876,38671003
2016-09-08,19.91876,19.97563,19.8619,19.90252,72066064
2016-09-09,19.78879,19.8619,19.52884,19.52884,66476831
2016-09-12,19.43948,19.82128,19.35012,19.74817,87153077
2016-09-13,19.52072,19.56946,19.32575,19.39886,83230864
2016-09-14,19.39886,19.52884,19.29326,19.35012,82876829
2016-09-15,19.3095,19.52072,19.26889,19.46385,68626527
2016-09-16,19.29326,19.30138,19.13079,19.18765,75235766
2016-09-19,19.18,19.45,19.18,19.31,50396100
2016-09-20,19.45,19.48,19.29,19.32,39903200
2016-09-21,19.41,19.46,19.25,19.44,64029700
2016-09-22,19.54,19.56,19.44,19.48,38355700
2016-09-23,19.41,19.51,19.35,19.38,59009500
2016-09-26,19.26,19.27,19.02,19.07,54189000
2016-09-27,19.0,19.24,18.94,19.22,47620000
2016-09-28,19.3,19.34,19.12,19.31,42936400
2016-09-29,19.3,19.4,18.94,19.040001,62580800
2016-09-30,19.14,19.4,19.11,19.3,47336900
2016-10-03,19.24,19.31,19.16,19.21,33170500
2016-10-04,19.26,19.43,19.19,19.29,68471600
2016-10-05,19.37,19.64,19.34,19.6,58651900
2016-10-06,19.65,19.66,19.46,19.63,53337300
2016-10-07,19.55,19.66,19.49,19.62,55532800
2016-10-10,19.72,19.81,19.7,19.72,37997400
2016-10-11,19.66,19.72,19.41,19.54,78581200
2016-10-12,19.52,19.65,19.49,19.52,51378700
2016-10-13,19.36,19.37,19.11,19.33,73171100
2016-10-14,19.56,19.62,19.36,19.42,76176500
2016-10-17,19.43,19.47,19.28,19.33,41236100
2016-10-18,19.53,19.55,19.41,19.49,45958700
2016-10-19,19.55,19.71,19.53,19.66,49835900
2016-10-20,19.64,19.78,19.58,19.66,56238200
2016-10-21,19.5,19.67,19.47,19.65,39543100
2016-10-24,19.74,19.81,19.7,19.71,33808700
2016-10-25,19.75,19.76,19.64,19.69,36177800
2016-10-26,19.6,19.84,19.58,19.81,40419200
2016-10-27,19.92,19.95,19.77,19.86,45545800
2016-10-28,19.9,19.92,19.62,19.77,55749900
2016-10-31,19.87,19.87,19.74,19.74,38579100
2016-11-01,19.81,19.86,19.5,19.66,62758900
2016-11-02,19.62,19.63,19.44,19.53,66529900
2016-11-03,19.55,19.73,19.52,19.55,53462100
2016-11-04,19.56,19.65,19.4,19.49,64891400
2016-11-07,19.82,19.99,19.8,19.98,59001800
2016-11-08,19.92,20.09,19.79,19.99,63290400
2016-11-09,20.54,20.94,20.11,20.84,268936600
2016-11-10,21.16,21.7,21.08,21.61,241635500
2016-11-11,21.47,21.7,21.4,21.67,134954500
2016-11-14,21.88,22.33,21.85,22.2,261730900
2016-11-15,22.01,22.2,21.79,22.18,122754500
2016-11-16,21.98,22.030001,21.8,21.86,117887700
2016-11-17,21.86,22.18,21.81,22.16,98536400
2016-11-18,22.14,22.24,22.059999,22.16,92344300
2016-11-21,22.28,22.3,22.09,22.24,71943900
2016-11-22,22.34,22.35,22.12,22.25,98286500
2016-11-23,22.34,22.41,22.17,22.38,101948400
2016-11-25,22.43,22.45,22.32,22.41,33114800
2016-11-28,22.25,22.38,22.09,22.15,99791400
2016-11-29,22.19,22.28,22.11,22.21,74645700
2016-11-30,22.52,22.57,22.43,22.51,98843700
2016-12-01,22.63,22.95,22.6,22.9,120088300
2016-12-02,22.84,22.85,22.55,22.65,82108300
2016-12-05,22.85,23.0,22.79,22.92,95145700
2016-12-06,23.07,23.14,22.84,23.12,79142600
2016-12-07,23.18,23.5,23.1,23.48,120172500
2016-12-08,23.61,23.84,23.47,23.7,116856500
2016-12-09,23.7,23.75,23.53,23.75,95677300
2016-12-12,23.68,23.78,23.46,23.52,85143200
2016-12-13,23.58,23.72,23.38,23.58,113420700
2016-12-14,23.4,23.83,23.31,23.47,142995800
2016-12-15,23.59,23.87,23.5,23.67,110426000
2016-12-16,23.68,23.69,23.33,23.36,83096500
2016-12-19,23.39,23.43,23.18,23.37,73717600
2016-12-20,23.51,23.66,23.51,23.66,60793600
2016-12-21,23.66,23.67,23.52,23.6,37738000
2016-12-22,23.59,23.59,23.46,23.54,37796100
2016-12-23,23.54,23.58,23.47,23.58,18276700
2016-12-27,23.63,23.64,23.58,23.61,38241100
2016-12-28,23.65,23.67,23.35,23.37,30834400
2016-12-29,23.39,23.43,23.1,23.2,39251800
2016-12-30,23.29,23.33,23.17,23.25,44761200
2017-01-03,23.61,23.67,23.26,23.51,71259900
2017-01-04,23.58,23.73,23.51,23.7,45092200
2017-01-05,23.63,23.66,23.24,23.46,62201100
2017-01-06,23.55,23.64,23.42,23.54,38060800
2017-01-09,23.48,23.53,23.33,23.38,34022400
2017-01-10,23.42,23.63,23.31,23.43,46212100
2017-01-11,23.46,23.58,23.3,23.58,48001200
2017-01-12,23.47,23.5,23.18,23.38,57418100
2017-01-13,23.54,23.79,23.41,23.51,72479700
2017-01-17,23.34,23.35,22.94,22.95,96657800
2017-01-18,23.07,23.17,22.85,23.14,68289100
2017-01-19,23.19,23.25,22.96,23.040001,56729700
2017-01-20,23.11,23.23,23.030001,23.15,74805200
2017-01-23,23.049999,23.19,22.92,23.0,46651200
2017-01-24,23.11,23.38,23.01,23.29,45229500
2017-01-25,23.54,23.69,23.43,23.68,92850100
2017-01-26,23.72,23.8,23.61,23.74,70704400
2017-01-27,23.74,23.75,23.58,23.65,43944500
2017-01-30,23.5,23.51,23.25,23.46,46168800
2017-01-31,23.34,23.52,23.18,23.31,56477300
2017-02-01,23.49,23.61,23.27,23.34,72132200
2017-02-02,23.21,23.36,23.1,23.25,39396500
2017-02-03,23.65,23.74,23.44,23.72,86346600
2017-02-06,23.58,23.78,23.56,23.61,34952100
2017-02-07,23.75,23.76,23.52,23.55,50838500
2017-02-08,23.55,23.55,23.28,23.39,54341100
2017-02-09,23.39,23.74,23.33,23.71,76813700
2017-02-10,23.85,23.86,23.69,23.78,55078700
2017-02-13,23.93,24.16,23.89,24.049999,76687000
2017-02-14,24.030001,24.36,23.99,24.33,75954300
2017-02-15,24.45,24.57,24.27,24.52,76869400
2017-02-16,24.49,24.53,24.31,24.46,64048200
2017-02-17,24.28,24.47,24.25,24.47,54156600
2017-02-21,24.6,24.65,24.51,24.59,55216100
2017-02-22,24.49,24.68,24.45,24.61,50438900
2017-02-23,24.62,24.67,24.47,24.61,53509400
2017-02-24,24.35,24.48,24.31,24.42,61686800
2017-02-27,24.45,24.6,24.44,24.55,39655000
2017-02-28,24.46,24.55,24.38,24.54,48913000
2017-03-01,25.01,25.29,24.98,25.24,92150000
2017-03-02,25.29,25.3,24.84,24.85,69446200
2017-03-03,24.87,25.030001,24.86,24.97,57652800
2017-03-06,24.82,24.86,24.67,24.78,49017200
2017-03-07,24.82,24.82,24.65,24.71,53726500
2017-03-08,24.98,25.059999,24.71,24.72,104601000
2017-03-09,24.82,24.94,24.7,24.81,60804100
2017-03-10,24.93,24.95,24.63,24.79,62148600
2017-03-13,24.82,24.88,24.7,24.85,49418400
2017-03-14,24.75,24.8,24.6,24.78,49511100
2017-03-15,24.82,24.92,24.63,24.74,86455100
2017-03-16,24.84,24.97,24.77,24.78,89233700
2017-03-17,24.75,24.76,24.45,24.45,83056800
2017-03-20,24.4,24.47,24.25,24.25,78676400
2017-03-21,24.36,24.38,23.51,23.57,192257000
2017-03-22,23.4,23.63,23.23,23.52,133199500
2017-03-23,23.49,23.84,23.44,23.57,85238900
2017-03-24,23.61,23.73,23.38,23.54,97583400
2017-03-27,23.040001,23.46,22.98,23.45,103963000
2017-03-28,23.37,23.86,23.37,23.77,82301100
2017-03-29,23.73,23.77,23.6,23.62,76524100
2017-03-30,23.64,23.99,23.61,23.93,92566000
2017-03-31,23.84,23.91,23.73,23.73,70540000
2017-04-03,23.77,23.83,23.4,23.68,93489100
2017-04-04,23.58,23.7,23.54,23.65,105795900
2017-04-05,23.87,23.96,23.47,23.47,104651200
2017-04-06,23.45,23.72,23.33,23.62,80802100
2017-04-07,23.44,23.68,23.4,23.52,61525700
2017-04-10,23.52,23.67,23.38,23.46,60429000
2017-04-11,23.34,23.43,23.15,23.39,83801200
2017-04-12,23.36,23.38,23.14,23.2,74023000
2017-04-13,23.11,23.37,22.9,22.9,120159300
2017-04-17,22.96,23.31,22.89,23.3,86681200
2017-04-18,23.14,23.25,22.94,23.08,74890400
2017-04-19,23.23,23.32,22.98,23.01,55583800
2017-04-20,23.18,23.45,23.09,23.4,85720400
2017-04-21,23.34,23.43,23.15,23.16,94675300
2017-04-24,23.69,23.81,23.59,23.68,98770600
2017-04-25,23.89,24.01,23.86,23.89,71026100
2017-04-26,23.86,24.09,23.82,23.87,71691200
2017-04-27,23.92,23.92,23.62,23.76,68871800
2017-04-28,23.77,23.79,23.53,23.53,64091900
2017-05-01,23.65,23.8,23.55,23.68,69086600
2017-05-02,23.68,23.71,23.52,23.65,76511500
2017-05-03,23.57,23.84,23.55,23.84,78115400
2017-05-04,23.99,24.07,23.78,23.88,64482800
2017-05-05,23.95,23.96,23.76,23.84,46881500
2017-05-08,23.87,23.91,23.78,23.82,45893000
2017-05-09,23.88,23.96,23.65,23.73,65737900
2017-05-10,23.69,23.81,23.65,23.81,51192700
2017-05-11,23.72,23.76,23.47,23.66,77266700
2017-05-12,23.55,23.57,23.43,23.56,55787200
2017-05-15,23.61,23.79,23.6,23.74,52192100
2017-05-16,23.79,23.83,23.67,23.81,51529600
2017-05-17,23.31,23.49,22.97,23.059999,141192800
2017-05-18,23.030001,23.29,23.0,23.15,101656900
2017-05-19,23.19,23.48,23.18,23.35,69775600
2017-05-22,23.48,23.48,23.25,23.41,79181900
2017-05-23,23.43,23.66,23.32,23.59,65577800
2017-05-24,23.62,23.64,23.48,23.58,59441200
2017-05-25,23.63,23.73,23.56,23.62,49362400
2017-05-26,23.56,23.68,23.56,23.61,42601700
2017-05-30,23.54,23.57,23.4,23.45,46584200
2017-05-31,23.45,23.46,23.1,23.25,115877900
2017-06-01,23.38,23.56,23.22,23.54,81187600
2017-06-02,23.37,23.57,23.32,23.45,83704500
2017-06-05,23.46,23.64,23.46,23.49,44055800
2017-06-06,23.31,23.45,23.26,23.39,60397300
2017-06-07,23.43,23.63,23.39,23.57,83049100
2017-06-08,23.57,24.01,23.55,23.84,77987000
2017-06-09,23.99,24.33,23.97,24.29,133216200
2017-06-12,24.34,24.51,24.2,24.34,86644400
2017-06-13,24.47,24.55,24.4,24.47,94978600
2017-06-14,24.26,24.54,24.13,24.51,117605800
2017-06-15,24.33,24.54,24.31,24.41,59547700
2017-06-16,24.31,24.37,24.22,24.29,53818800
2017-06-19,24.45,24.59,24.42,24.54,58041300
2017-06-20,24.46,24.48,24.32,24.33,45689600
2017-06-21,24.37,24.37,24.12,24.13,51938200
2017-06-22,24.040001,24.11,23.95,23.98,58380200
2017-06-23,24.08,24.09,23.81,23.89,85352600
2017-06-26,23.94,24.12,23.86,24.02,60302300
2017-06-27,24.11,24.32,24.049999,24.14,75943400
2017-06-28,24.3,24.56,24.28,24.52,90097600
2017-06-29,25.02,25.02,24.51,24.69,119176700
2017-06-30,24.87,24.88,24.62,24.67,72754900
2017-07-03,24.81,25.19,24.78,25.030001,61454400
2017-07-05,25.1,25.13,24.92,25.07,78100200
2017-07-06,25.059999,25.17,24.88,24.88,97648100
2017-07-07,25.01,25.1,24.88,25.049999,59432400
2017-07-10,25.01,25.08,24.93,25.02,55022500
2017-07-11,25.0,25.01,24.73,24.8,49857200
2017-07-12,24.8,24.9,24.73,24.88,47818600
2017-07-13,24.88,25.030001,24.86,25.030001,48875900
2017-07-14,24.72,24.96,24.59,24.92,61742300
2017-07-17,24.85,24.9,24.74,24.84,43257000
2017-07-18,24.67,24.84,24.64,24.8,63210700
2017-07-19,24.85,24.92,24.72,24.81,48259400
2017-07-20,24.83,24.94,24.75,24.8,40163500
2017-07-21,24.73,24.88,24.73,24.8,39108400
2017-07-24,24.79,24.94,24.79,24.91,26364800
2017-07-25,25.19,25.32,25.15,25.22,75786800
2017-07-26,25.25,25.29,24.99,25.049999,56086500
2017-07-27,25.1,25.11,24.8,24.91,67826200
2017-07-28,24.87,24.98,24.77,24.91,43735800
2017-07-31,25.0,25.18,24.97,25.09,43039300
2017-08-01,25.26,25.29,25.14,25.27,60987500
2017-08-02,25.3,25.33,25.18,25.31,43341500
2017-08-03,25.27,25.31,25.18,25.22,40816800
2017-08-04,25.45,25.49,25.34,25.39,50792900
2017-08-07,25.39,25.4,25.31,25.35,39486800
2017-08-08,25.31,25.59,25.27,25.28,52736500
2017-08-09,25.07,25.3,25.07,25.28,46567000
2017-08-10,25.12,25.18,24.83,24.83,71130300
2017-08-11,24.83,24.96,24.67,24.73,50477800
2017-08-14,24.93,25.14,24.92,25.07,49472900
2017-08-15,25.28,25.31,25.09,25.09,48535000
2017-08-16,25.2,25.24,25.0,25.040001,35084100
2017-08-17,24.98,25.02,24.6,24.61,76613100
2017-08-18,24.49,24.8,24.48,24.62,71725900
2017-08-21,24.6,24.63,24.45,24.55,45047200
2017-08-22,24.65,24.84,24.62,24.82,42644000
2017-08-23,24.64,24.88,24.62,24.74,36612700
2017-08-24,24.85,24.85,24.69,24.74,31067200
2017-08-25,24.79,24.92,24.78,24.81,37177300
2017-08-28,24.83,24.84,24.59,24.65,36486900
2017-08-29,24.37,24.61,24.35,24.57,42814200
2017-08-30,24.61,24.78,24.59,24.67,35176100
2017-08-31,24.75,24.78,24.62,24.7,44225200
2017-09-01,24.73,24.91,24.67,24.77,42132600
2017-09-05,24.58,24.62,24.17,24.24,96579200
2017-09-06,24.33,24.42,24.22,24.3,77593900
2017-09-07,24.34,24.36,23.79,23.88,87667800
2017-09-08,23.9,24.19,23.85,24.1,68639500
2017-09-11,24.38,24.59,24.33,24.52,73305700
2017-09-12,24.61,24.83,24.59,24.81,66350600
2017-09-13,24.77,24.86,24.68,24.85,51049400
2017-09-14,24.86,24.92,24.75,24.8,47163200
2017-09-15,24.66,24.79,24.63,24.77,59250200
2017-09-18,24.86,25.07,24.84,25.059999,44010400
2017-09-19,25.059999,25.31,25.02,25.25,58443300
2017-09-20,25.27,25.49,25.15,25.4,70595500
2017-09-21,25.34,25.52,25.32,25.46,51050100
2017-09-22,25.36,25.46,25.29,25.43,42306600
2017-09-25,25.4,25.49,25.23,25.4,39774600
2017-09-26,25.44,25.48,25.32,25.39,46811000
2017-09-27,25.71,25.83,25.6,25.7,65919100
2017-09-28,25.79,25.8,25.61,25.74,37718900
2017-09-29,25.74,25.86,25.7,25.86,42740800
2017-10-02,25.81,26.08,25.81,26.08,52774000
2017-10-03,26.059999,26.17,26.01,26.17,48062900
2017-10-04,26.1,26.18,26.040001,26.049999,39283800
2017-10-05,26.08,26.41,26.01,26.32,61260400
2017-10-06,26.39,26.46,26.21,26.35,66077800
2017-10-09,26.42,26.42,26.19,26.25,31340200
2017-10-10,26.29,26.37,26.22,26.37,35822500
2017-10-11,26.31,26.35,26.21,26.32,33748600
2017-10-12,26.39,26.4,26.09,26.12,53834800
2017-10-13,25.99,26.22,25.89,26.13,69561400
2017-10-16,26.15,26.31,26.14,26.3,42000700
2017-10-17,26.39,26.4,26.11,26.17,37844200
2017-10-18,26.28,26.35,26.17,26.31,52201500
2017-10-19,26.12,26.34,26.08,26.33,34671600
2017-10-20,26.61,26.66,26.52,26.64,56083800
2017-10-23,26.65,26.7,26.56,26.62,43555200
2017-10-24,26.71,26.86,26.69,26.81,61259200
2017-10-25,26.89,26.92,26.5,26.65,68653500
2017-10-26,26.75,26.92,26.75,26.8,41832600
2017-10-27,26.75,26.83,26.61,26.78,56694400
2017-10-30,26.75,26.79,26.6,26.67,48157500
2017-10-31,26.67,26.77,26.57,26.6,39890800
2017-11-01,26.71,26.83,26.61,26.64,40921900
2017-11-02,26.67,26.93,26.54,26.89,51098300
2017-11-03,26.8,26.82,26.7,26.78,42387000
2017-11-06,26.71,26.8,26.66,26.75,33642100
2017-11-07,26.77,26.85,26.31,26.38,70325500
2017-11-08,26.33,26.34,26.16,26.25,55844900
2017-11-09,26.08,26.25,25.89,26.16,94577000
2017-11-10,26.18,26.23,26.059999,26.08,53209600
2017-11-13,25.92,26.18,25.9,26.12,50579200
2017-11-14,26.02,26.12,25.93,26.11,54101800
2017-11-15,25.88,26.27,25.86,26.18,64952300
2017-11-16,26.3,26.36,26.17,26.19,53648100
2017-11-17,26.059999,26.22,26.030001,26.16,41938700
2017-11-20,26.21,26.32,26.13,26.28,35232400
2017-11-21,26.37,26.4,26.3,26.36,35972400
2017-11-22,26.36,26.43,26.23,26.23,30959400
2017-11-24,26.33,26.38,26.2,26.22,12172500
2017-11-27,26.2,26.34,26.18,26.2,42346400
2017-11-28,26.23,26.91,26.21,26.88,86507000
2017-11-29,27.14,27.52,27.07,27.34,135340600
2017-11-30,27.58,27.88,27.38,27.52,135241700
2017-12-01,27.56,27.71,26.95,27.58,148119600
2017-12-04,28.040001,28.2,28.0,28.0,99820400
2017-12-05,28.12,28.15,27.78,27.85,77706200
2017-12-06,27.75,27.91,27.67,27.75,60299100
2017-12-07,27.84,27.94,27.58,27.84,59625500
2017-12-08,27.98,28.01,27.78,28.01,55001600
2017-12-11,28.01,28.049999,27.86,27.94,43278400
2017-12-12,28.049999,28.33,27.96,28.22,69517100
2017-12-13,28.19,28.25,27.85,27.87,97335300
2017-12-14,27.97,28.01,27.66,27.69,76970000
2017-12-15,27.73,28.0,27.63,27.81,111826100
2017-12-18,28.040001,28.2,27.99,28.059999,61275500
2017-12-19,28.22,28.24,27.94,27.94,57366300
2017-12-20,28.17,28.22,27.87,27.89,69680300
2017-12-21,28.040001,28.21,28.01,28.13,46123500
2017-12-22,28.21,28.25,27.92,28.049999,43020300
2017-12-26,28.049999,28.14,27.86,27.97,33710100
2017-12-27,27.99,28.01,27.91,28.0,29421000
2017-12-28,28.07,28.12,28.0,28.11,28129700
2017-12-29,28.2,28.2,27.91,27.91,55169800
2018-01-02,28.09,28.09,27.79,27.92,55436100
2018-01-03,27.97,28.09,27.88,28.07,56906200
2018-01-04,28.23,28.54,28.18,28.33,62247000
2018-01-05,28.48,28.48,28.23,28.41,37989500
2018-01-08,28.38,28.43,28.27,28.37,44252100
2018-01-09,28.49,28.74,28.44,28.59,51418700
2018-01-10,28.68,28.95,28.63,28.83,64670900
2018-01-11,28.95,29.0,28.81,28.97,42361700
2018-01-12,29.14,29.25,28.96,29.23,44537500
2018-01-16,29.48,29.53,28.99,29.15,67563800
2018-01-17,29.23,29.45,28.99,29.37,54312000
2018-01-18,29.47,29.48,29.29,29.33,49247400
2018-01-19,29.43,29.55,29.37,29.54,60727800
2018-01-22,29.55,29.79,29.51,29.78,46868900
2018-01-23,29.71,29.86,29.57,29.81,60862000
2018-01-24,29.95,30.08,29.77,30.01,66371000
2018-01-25,30.13,30.13,29.85,29.95,45423700
2018-01-26,30.040001,30.18,29.9,30.17,33871900
2018-01-29,30.19,30.33,30.030001,30.049999,41037700
2018-01-30,29.83,30.02,29.66,29.66,67316900
2018-01-31,29.74,29.89,29.64,29.74,49504500
2018-02-01,29.68,30.049999,29.67,30.02,60824200
2018-02-02,29.96,30.040001,29.34,29.36,73086000
2018-02-05,28.73,29.21,27.6,27.88,147871500
2018-02-06,27.24,28.46,27.17,28.39,159006400
2018-02-07,28.34,28.81,28.22,28.41,102699400
2018-02-08,28.46,28.51,27.14,27.16,135270500
2018-02-09,27.57,27.89,26.76,27.68,149504900
2018-02-12,27.96,28.35,27.71,28.07,83571800
2018-02-13,27.91,28.25,27.83,28.19,43365500
2018-02-14,28.17,28.87,28.07,28.86,57379700
2018-02-15,29.1,29.14,28.7,29.02,66976000
2018-02-16,28.88,29.23,28.84,28.98,47508200
2018-02-20,28.92,29.21,28.8,28.89,58236100
2018-02-21,28.9,29.4,28.87,28.93,44578800
2018-02-22,29.0,29.16,28.62,28.69,47602700
2018-02-23,28.78,29.12,28.77,29.12,41187300
2018-02-26,29.33,29.56,29.14,29.56,55124200
2018-02-27,29.58,29.77,29.26,29.28,72752100
2018-02-28,29.43,29.54,28.87,28.87,65254700
2018-03-01,28.88,29.11,28.21,28.37,82467900
2018-03-02,28.17,28.52,27.89,28.44,78991200
2018-03-05,28.22,29.0,28.21,28.84,58952100
2018-03-06,29.0,29.02,28.66,28.96,49746100
2018-03-07,28.6,28.97,28.57,28.91,41530200
2018-03-08,28.98,29.040001,28.69,29.0,50803000
2018-03-09,29.31,29.72,29.19,29.7,54595700
2018-03-12,29.7,29.81,29.55,29.6,51784500
2018-03-13,29.74,29.77,29.2,29.27,47049400
2018-03-14,29.4,29.4,28.85,28.94,57278900
2018-03-15,29.049999,29.11,28.86,28.95,47451600
2018-03-16,28.91,29.15,28.87,28.87,61278200
2018-03-19,28.83,28.93,28.39,28.66,52145000
2018-03-20,28.77,28.85,28.66,28.73,37146500
2018-03-21,28.78,29.1,28.62,28.72,53291400
2018-03-22,28.34,28.45,27.56,27.66,85160300
2018-03-23,27.69,27.73,26.77,26.82,89289500
2018-03-26,27.36,27.77,27.1,27.69,84145000
2018-03-27,27.78,27.9,26.93,27.15,78827400
2018-03-28,27.22,27.47,26.85,27.2,84244500
2018-03-29,27.32,27.76,27.2,27.57,58290000
2018-04-02,27.57,27.6,26.55,26.96,74363900
2018-04-03,27.13,27.39,26.89,27.33,75160400
2018-04-04,26.84,27.7,26.82,27.62,70327000
2018-04-05,27.87,28.040001,27.75,27.84,45378300
2018-04-06,27.52,27.7,26.92,27.17,88521000
2018-04-09,27.32,27.87,27.27,27.32,54633200
2018-04-10,27.76,27.89,27.55,27.73,67801500
2018-04-11,27.48,27.61,27.33,27.4,52480800
2018-04-12,27.61,28.059999,27.59,27.88,63289100
2018-04-13,28.22,28.24,27.31,27.46,70103900
2018-04-16,27.62,27.78,27.5,27.58,44633600
2018-04-17,27.82,27.85,27.48,27.58,50750100
2018-04-18,27.65,27.76,27.39,27.45,66795500
2018-04-19,27.5,27.93,27.48,27.87,76142000
2018-04-20,27.92,28.040001,27.76,27.88,49800400
2018-04-23,27.96,27.99,27.76,27.85,45689200
2018-04-24,28.0,28.17,27.48,27.67,69592900
2018-04-25,27.64,27.79,27.37,27.65,51819000
2018-04-26,27.63,27.81,27.52,27.66,33456200
2018-04-27,27.61,27.77,27.57,27.7,47185200
2018-04-30,27.77,27.92,27.44,27.45,41731400
2018-05-01,27.39,27.48,27.17,27.46,46372400
2018-05-02,27.36,27.47,27.11,27.15,45430300
2018-05-03,27.02,27.059999,26.46,26.92,68947900
2018-05-04,26.76,27.42,26.67,27.27,40575600
2018-05-07,27.37,27.56,27.26,27.45,36873600
2018-05-08,27.47,27.83,27.46,27.64,47718500
2018-05-09,27.77,28.12,27.67,28.049999,43817000
2018-05-10,28.0,28.34,27.96,28.28,41445500
2018-05-11,28.3,28.45,28.2,28.26,25894000
2018-05-14,28.34,28.39,28.19,28.24,31292900
2018-05-15,28.2,28.34,28.08,28.19,54655800
2018-05-16,28.16,28.32,28.1,28.24,31984900
2018-05-17,28.21,28.28,28.0,28.18,45070400
2018-05-18,28.18,28.19,27.94,27.95,33266100
2018-05-21,28.11,28.26,28.1,28.15,29647900
2018-05-22,28.17,28.5,28.17,28.34,52841400
2018-05-23,28.15,28.24,27.86,28.16,44968500
2018-05-24,28.07,28.09,27.66,27.94,43245200
2018-05-25,27.81,27.9,27.72,27.85,39312500
2018-05-29,27.46,27.5,26.72,26.92,126469700
2018-05-30,27.18,27.52,27.11,27.41,65843700
2018-05-31,27.35,27.39,27.1,27.18,66686900
2018-06-01,27.51,27.63,27.4,27.48,62934300
2018-06-04,27.61,27.67,27.52,27.57,44196900
2018-06-05,27.48,27.52,27.31,27.45,44996800
2018-06-06,27.61,27.97,27.58,27.95,61960000
2018-06-07,28.07,28.18,27.85,28.040001,65166100
2018-06-08,28.01,28.11,27.86,28.08,47713400
2018-06-11,28.17,28.27,28.02,28.02,47319600
2018-06-12,28.1,28.17,27.81,27.95,55517200
2018-06-13,27.96,28.18,27.82,27.85,61095800
2018-06-14,27.9,27.95,27.51,27.59,70635500
2018-06-15,27.3,27.56,27.11,27.47,63387600
2018-06-18,27.23,27.46,27.14,27.42,49824600
2018-06-19,27.14,27.42,27.13,27.35,50214700
2018-06-20,27.6,27.6,27.25,27.28,42833600
2018-06-21,27.19,27.36,27.01,27.2,75190900
2018-06-22,27.39,27.42,27.049999,27.07,61389400
2018-06-25,26.95,27.0,26.6,26.78,80746100
2018-06-26,26.8,26.83,26.52,26.69,56387800
2018-06-27,26.68,26.88,26.35,26.36,78099200
2018-06-28,26.36,26.7,26.31,26.59,78544800
2018-06-29,26.92,27.07,26.55,26.59,77149900
2018-07-02,26.37,26.73,26.35,26.72,66202800
2018-07-03,26.79,26.87,26.42,26.48,30717800
2018-07-05,26.62,26.68,26.45,26.54,40668500
2018-07-06,26.47,26.78,26.37,26.67,41285000
2018-07-09,26.81,27.31,26.78,27.28,73447400
2018-07-10,27.3,27.39,27.1,27.18,51260600
2018-07-11,27.030001,27.19,26.99,27.049999,46023700
2018-07-12,27.22,27.24,26.94,27.1,64876800
2018-07-13,26.99,27.07,26.7,26.98,64146900
2018-07-16,27.059999,27.48,27.040001,27.46,55812000
2018-07-17,27.49,27.6,27.34,27.49,55502200
2018-07-18,27.6,27.98,27.56,27.93,59109200
2018-07-19,27.79,27.8,27.47,27.51,61765100
2018-07-20,27.46,27.64,27.36,27.56,51562300
2018-07-23,27.56,27.98,27.55,27.94,81516200
2018-07-24,28.049999,28.19,27.95,28.02,63133700
2018-07-25,28.0,28.13,27.85,28.08,44197200
2018-07-26,28.15,28.26,28.040001,28.07,40056800
2018-07-27,28.059999,28.27,27.97,28.13,63149400
2018-07-30,28.15,28.36,28.11,28.15,56474100
2018-07-31,28.23,28.24,27.89,27.95,84500100
2018-08-01,28.13,28.27,27.88,27.95,64046900
2018-08-02,27.77,28.01,27.68,27.96,38330700
2018-08-03,27.92,28.12,27.92,28.12,34894300
2018-08-06,28.16,28.34,28.1,28.27,38230100
2018-08-07,28.35,28.56,28.33,28.4,44608600
2018-08-08,28.36,28.52,28.34,28.47,47522000
2018-08-09,28.4,28.47,28.3,28.3,29357800
2018-08-10,27.93,28.07,27.83,27.97,83301400
2018-08-13,27.97,28.040001,27.69,27.7,74413500
2018-08-14,27.8,28.01,27.72,27.96,43659000
2018-08-15,27.73,27.88,27.61,27.74,55681100
2018-08-16,27.87,28.19,27.87,28.11,49534200
2018-08-17,28.030001,28.21,28.030001,28.17,43193100
2018-08-20,28.17,28.31,28.13,28.26,30053700
2018-08-21,28.28,28.51,28.22,28.37,47940000
2018-08-22,28.25,28.38,28.23,28.27,27323300
2018-08-23,28.26,28.29,28.1,28.14,31767800
2018-08-24,28.25,28.3,28.19,28.24,22064500
2018-08-27,28.35,28.72,28.34,28.62,52254500
2018-08-28,28.7,28.72,28.54,28.59,28896800
2018-08-29,28.59,28.66,28.44,28.58,34015300
2018-08-30,28.45,28.56,28.31,28.36,43264100
2018-08-31,28.26,28.35,28.17,28.33,34107800
2018-09-04,28.27,28.5,28.2,28.47,43145600
2018-09-05,28.45,28.64,28.43,28.49,32727700
2018-09-06,28.45,28.53,28.27,28.36,38328900
2018-09-07,28.42,28.44,28.21,28.33,43644300
2018-09-10,28.4,28.44,28.27,28.3,29927200
2018-09-11,28.22,28.41,28.12,28.33,32065200
2018-09-12,28.33,28.39,28.049999,28.07,47963400
2018-09-13,28.14,28.28,27.97,28.030001,44977100
2018-09-14,28.07,28.26,28.059999,28.23,34151000
2018-09-17,28.23,28.31,28.08,28.11,26907900
2018-09-18,28.18,28.28,28.059999,28.25,36405600
2018-09-19,28.23,28.82,28.23,28.73,75551800
2018-09-20,28.94,29.07,28.87,28.98,78555500
2018-09-21,28.95,29.0,28.7,28.74,64710000
2018-09-24,28.71,28.75,28.4,28.42,47985100
2018-09-25,28.53,28.55,28.3,28.31,32964400
2018-09-26,28.35,28.39,27.9,27.97,60288100
2018-09-27,28.0,28.1,27.84,27.87,57492200
2018-09-28,27.76,27.77,27.54,27.58,66454900
2018-10-01,27.74,27.89,27.6,27.69,49855000
2018-10-02,27.65,27.74,27.47,27.69,47629500
2018-10-03,27.87,28.07,27.79,27.95,79591400
2018-10-04,27.94,28.35,27.92,28.14,94700800
2018-10-05,28.21,28.31,27.93,28.0,58148700
2018-10-08,27.92,28.28,27.9,28.19,56594900
2018-10-09,28.059999,28.2,27.88,28.08,47963500
2018-10-10,28.07,28.14,27.21,27.21,101604400
2018-10-11,27.049999,27.22,26.32,26.4,178628200
2018-10-12,26.88,26.92,26.030001,26.43,137933000
2018-10-15,26.44,26.63,26.31,26.31,82196400
2018-10-16,26.49,26.77,26.31,26.75,75137300
2018-10-17,26.69,27.19,26.56,27.02,79472100
2018-10-18,26.87,27.07,26.49,26.57,81706000
2018-10-19,26.55,26.88,26.42,26.67,73614300
2018-10-22,26.7,26.76,26.1,26.1,58645800
2018-10-23,25.57,26.040001,25.42,25.89,93698200
2018-10-24,25.85,25.85,25.14,25.24,98050700
2018-10-25,25.36,25.84,25.33,25.63,72439400
2018-10-26,25.32,25.52,25.02,25.26,115308900
2018-10-29,25.57,25.93,25.21,25.48,97946100
2018-10-30,25.62,25.94,25.44,25.92,82719100
2018-10-31,26.17,26.61,26.13,26.28,93781100
2018-11-01,26.35,26.51,26.22,26.4,62346600
2018-11-02,26.66,26.81,26.18,26.38,73034200
2018-11-05,26.49,26.88,26.49,26.8,58705800
2018-11-06,26.78,26.94,26.65,26.94,51010900
2018-11-07,27.09,27.32,26.82,27.29,59990800
2018-11-08,27.13,27.52,27.040001,27.37,46730100
2018-11-09,27.3,27.38,26.98,27.12,47051200
2018-11-12,27.059999,27.18,26.53,26.58,47135500
2018-11-13,26.62,26.99,26.6,26.73,69820600
2018-11-14,26.94,26.98,26.08,26.37,104274200
2018-11-15,26.19,26.78,26.030001,26.76,93998000
2018-11-16,26.62,26.91,26.47,26.79,80518300
2018-11-19,26.77,26.9,26.54,26.78,65491300
2018-11-20,26.47,26.58,26.11,26.19,103778300
2018-11-21,26.34,26.59,26.13,26.21,48618000
2018-11-23,26.07,26.22,25.93,26.0,24252300
2018-11-26,26.27,26.63,26.26,26.53,50168800
2018-11-27,26.48,26.63,26.42,26.55,47174300
2018-11-28,26.63,27.059999,26.4,27.059999,61375300
2018-11-29,26.86,27.01,26.72,26.83,43664100
2018-11-30,26.75,27.08,26.71,26.97,45435200
2018-12-03,27.36,27.47,26.95,27.14,65332700
2018-12-04,27.0,27.01,25.83,25.96,110918600
2018-12-06,25.38,25.61,24.93,25.6,134687100
2018-12-07,25.54,25.9,24.99,25.11,86740000
2018-12-10,25.01,25.08,24.3,24.76,101121800
2018-12-11,25.07,25.22,24.43,24.52,92308200
2018-12-12,24.86,25.02,24.54,24.66,86748900
2018-12-13,24.65,24.78,24.39,24.48,67232900
2018-12-14,24.24,24.58,24.19,24.24,66817000
2018-12-17,24.1,24.47,23.89,24.0,101180400
2018-12-18,24.14,24.4,23.76,23.91,90844000
2018-12-19,23.86,24.39,23.42,23.61,129331700
2018-12-20,23.38,23.75,23.27,23.4,107016900
2018-12-21,23.23,23.67,22.74,22.79,118502300
2018-12-24,22.49,22.75,22.28,22.31,71752700
2018-12-26,22.37,23.33,22.049999,23.32,108133500
2018-12-27,22.93,23.6,22.71,23.6,98005000
2018-12-28,23.71,23.9,23.49,23.59,76348400
2018-12-31,23.72,23.92,23.52,23.82,56435400
2019-01-02,23.47,24.07,23.4,24.02,62945000
2019-01-03,23.84,23.9,23.42,23.48,65729700
2019-01-04,23.88,24.31,23.82,24.26,64638400
2019-01-07,24.21,24.51,24.059999,24.29,48167000
2019-01-08,24.51,24.55,24.030001,24.31,90114700
2019-01-09,24.37,24.52,24.2,24.43,61037100
2019-01-10,24.29,24.52,24.21,24.44,48630500
2019-01-11,24.32,24.55,24.18,24.5,44961600
2019-01-14,24.26,24.75,24.23,24.67,50610600
2019-01-15,24.57,24.93,24.5,24.89,59156500
2019-01-16,25.18,25.57,25.11,25.42,72982400
2019-01-17,25.32,25.65,25.17,25.56,55771300
2019-01-18,25.74,26.030001,25.53,26.0,58400200
2019-01-22,25.78,25.91,25.57,25.7,79651700
2019-01-23,25.8,25.83,25.44,25.73,44072000
2019-01-24,25.64,25.86,25.56,25.79,25496900
2019-01-25,25.97,26.17,25.9,26.0,63140000
2019-01-28,25.75,25.95,25.71,25.92,66894900
2019-01-29,25.91,26.01,25.82,25.83,29442100
2019-01-30,25.91,26.14,25.73,25.98,62076800
2019-01-31,25.76,25.98,25.72,25.94,64021500
2019-02-01,25.98,26.17,25.95,26.049999,42920300
2019-02-04,26.059999,26.17,25.92,26.16,30362500
2019-02-05,26.21,26.23,25.99,26.09,39094900
2019-02-06,26.01,26.2,25.97,26.059999,51542800
2019-02-07,25.98,26.049999,25.59,25.8,80395700
2019-02-08,25.66,25.78,25.34,25.67,54911100
2019-02-11,25.75,25.8,25.62,25.75,53115700
2019-02-12,25.94,26.23,25.93,26.13,37671300
2019-02-13,26.25,26.43,26.19,26.2,42969600
2019-02-14,26.0,26.08,25.73,25.88,47630100
2019-02-15,26.09,26.43,25.88,26.43,46880800
2019-02-19,26.3,26.55,26.22,26.47,23868300
2019-02-20,26.46,26.65,26.4,26.64,27509100
2019-02-21,26.59,26.68,26.41,26.5,46619900
2019-02-22,26.5,26.58,26.36,26.46,26343700
2019-02-25,26.58,26.82,26.54,26.57,33835900
2019-02-26,26.38,26.69,26.36,26.49,35659700
2019-02-27,26.44,26.64,26.41,26.59,42542400
2019-02-28,26.6,26.65,26.51,26.52,39835900
2019-03-01,26.75,26.94,26.61,26.69,82657300
2019-03-04,26.76,26.94,26.3,26.52,76611900
2019-03-05,26.57,26.58,26.22,26.42,39868100
2019-03-06,26.42,26.51,26.23,26.25,43158900
2019-03-07,26.15,26.15,25.83,25.98,62622100
2019-03-08,25.69,25.99,25.68,25.97,55826400
2019-03-11,26.1,26.32,25.98,26.24,63343500
2019-03-12,26.28,26.39,26.24,26.3,32521100
2019-03-13,26.4,26.58,26.32,26.48,42817500
2019-03-14,26.44,26.68,26.43,26.58,37665700
2019-03-15,26.45,26.71,26.43,26.63,70020400
2019-03-18,26.68,26.98,26.68,26.9,43980700
2019-03-19,27.049999,27.1,26.62,26.69,45029300
2019-03-20,26.63,26.64,26.11,26.14,65860300
2019-03-21,25.96,26.17,25.78,26.059999,104914100
2019-03-22,25.75,25.89,25.23,25.34,121855900
2019-03-25,25.31,25.53,25.08,25.23,72835600
2019-03-26,25.43,25.59,25.28,25.53,51171500
2019-03-27,25.47,25.6,25.3,25.42,73148100
2019-03-28,25.47,25.65,25.35,25.64,52089300
2019-03-29,25.86,25.88,25.61,25.71,50234400
2019-04-01,25.92,26.36,25.91,26.34,62485300
2019-04-02,26.27,26.46,26.23,26.32,41002400
2019-04-03,26.5,26.62,26.29,26.4,52030900
2019-04-04,26.4,26.67,26.4,26.56,54378900
2019-04-05,26.61,26.7,26.52,26.6,37088800
2019-04-08,26.53,26.64,26.47,26.63,34998000
2019-04-09,26.51,26.51,26.29,26.41,65954800
2019-04-10,26.41,26.53,26.28,26.49,48232700
2019-04-11,26.59,26.75,26.51,26.65,62205000
2019-04-12,27.040001,27.33,26.9,27.14,84627600
2019-04-15,27.15,27.16,26.91,26.97,40030400
2019-04-16,27.030001,27.38,27.01,27.35,56093400
2019-04-17,27.45,27.46,27.2,27.42,58834000
2019-04-18,27.37,27.45,27.3,27.34,52495700
2019-04-22,27.26,27.34,27.17,27.26,39324100
2019-04-23,27.25,27.46,27.14,27.43,54250300
2019-04-24,27.34,27.52,27.28,27.4,39505200
2019-04-25,27.27,27.56,27.2,27.45,44532300
2019-04-26,27.45,27.72,27.41,27.7,41527900
2019-04-29,27.8,28.13,27.73,27.98,61643200
2019-04-30,28.02,28.059999,27.78,28.02,38800300
2019-05-01,28.049999,28.14,27.77,27.79,67969500
2019-05-02,27.77,27.95,27.62,27.82,50972900
2019-05-03,27.94,28.12,27.89,28.07,34598900
2019-05-06,27.58,27.98,27.53,27.88,42517000
2019-05-07,27.62,27.89,27.23,27.42,60090800
2019-05-08,27.31,27.59,27.24,27.36,44254200
2019-05-09,27.030001,27.36,26.9,27.3,56468300
2019-05-10,27.15,27.53,26.91,27.48,63453600
2019-05-13,26.93,26.99,26.59,26.68,54962500
2019-05-14,26.74,27.12,26.71,26.89,52398400
2019-05-15,26.62,26.92,26.52,26.79,49061700
2019-05-16,26.88,27.21,26.86,27.059999,44872600
2019-05-17,26.79,27.14,26.75,26.88,62711500
2019-05-20,26.78,27.030001,26.78,26.91,44357300
2019-05-21,27.02,27.19,27.02,27.19,36851400
2019-05-22,27.049999,27.11,26.95,27.030001,25867600
2019-05-23,26.77,26.78,26.42,26.65,51832900
2019-05-24,26.75,26.87,26.67,26.86,30582000
2019-05-28,26.78,26.86,26.55,26.55,35177700
2019-05-29,26.34,26.55,26.22,26.5,39700600
2019-05-30,26.56,26.71,26.28,26.41,40641200
2019-05-31,26.07,26.2,25.99,26.01,49259200
2019-06-03,25.97,26.29,25.92,26.18,63329300
2019-06-04,26.5,26.92,26.43,26.89,45454400
2019-06-05,26.94,27.08,26.71,27.059999,46599700
2019-06-06,27.07,27.27,26.92,27.16,37297600
2019-06-07,27.16,27.25,27.08,27.12,33054800
2019-06-10,27.28,27.55,27.28,27.35,37081400
2019-06-11,27.5,27.61,27.28,27.36,34273400
2019-06-12,27.33,27.38,27.030001,27.09,36866000
2019-06-13,27.14,27.27,27.07,27.18,31020000
2019-06-14,27.21,27.33,27.0,27.24,29724100
2019-06-17,27.23,27.31,26.96,26.99,40981600
2019-06-18,26.93,27.46,26.93,27.35,46237400
2019-06-19,27.4,27.59,27.27,27.3,58118500
2019-06-20,27.45,27.53,27.12,27.42,50583800
2019-06-21,27.3,27.48,27.18,27.22,65322300
2019-06-24,27.17,27.36,27.08,27.11,48377800
2019-06-25,27.11,27.15,26.89,27.02,47748500
2019-06-26,27.08,27.21,26.96,26.97,31448000
2019-06-27,27.07,27.29,27.07,27.21,59459800
2019-06-28,27.53,27.7,27.24,27.6,76728100
2019-07-01,27.92,28.049999,27.78,27.93,48971100
2019-07-02,27.89,27.98,27.71,27.86,56626800
2019-07-03,27.95,28.09,27.87,28.08,23706800
2019-07-05,28.17,28.27,28.030001,28.16,40683100
2019-07-08,28.01,28.13,27.94,28.02,26286700
2019-07-09,27.83,28.12,27.81,28.07,25895800
2019-07-10,28.08,28.23,27.93,27.97,36566700
2019-07-11,28.01,28.17,27.96,28.13,40907500
2019-07-12,28.17,28.32,28.1,28.32,31109900
2019-07-15,28.33,28.35,28.08,28.16,28346100
2019-07-16,28.21,28.26,28.030001,28.09,47287700
2019-07-17,27.99,28.08,27.81,27.85,35062600
2019-07-18,27.81,28.11,27.78,28.059999,46369800
2019-07-19,28.13,28.18,27.92,27.94,29338500
2019-07-22,27.88,28.049999,27.83,28.0,26683300
2019-07-23,28.07,28.33,28.059999,28.29,45307600
2019-07-24,28.23,28.58,28.21,28.58,36374200
2019-07-25,28.57,28.61,28.32,28.38,34180400
2019-07-26,28.44,28.71,28.38,28.69,33642800
2019-07-29,28.64,28.72,28.44,28.47,35955100
2019-07-30,28.25,28.42,28.19,28.39,30726100
2019-07-31,28.39,28.53,28.2,28.25,64485400
2019-08-01,28.23,28.42,27.57,27.61,107976300
2019-08-02,27.56,27.74,27.23,27.6,66036400
2019-08-05,26.99,27.12,26.48,26.68,85527900
2019-08-06,26.85,27.13,26.59,27.11,53445000
2019-08-07,26.6,26.87,26.24,26.75,82354600
2019-08-08,27.01,27.27,26.88,27.26,66653200
2019-08-09,27.11,27.31,26.9,27.17,53782700
2019-08-12,26.85,26.95,26.57,26.65,56837600
2019-08-13,26.6,27.17,26.5,26.98,72255900
2019-08-14,26.38,26.52,25.96,25.98,92067300
2019-08-15,26.11,26.28,25.92,26.11,59504500
2019-08-16,26.24,26.64,26.24,26.57,48451800
2019-08-19,26.98,27.030001,26.79,26.84,38297700
2019-08-20,26.69,26.74,26.45,26.48,40579300
2019-08-21,26.65,26.69,26.53,26.6,44913500
2019-08-22,26.74,26.85,26.57,26.78,43896700
2019-08-23,26.59,26.79,25.92,26.1,86245300
2019-08-26,26.27,26.37,26.11,26.35,34175500
2019-08-27,26.45,26.53,26.030001,26.19,54240800
2019-08-28,26.049999,26.47,26.030001,26.43,51870400
2019-08-29,26.67,26.92,26.62,26.83,49818300
2019-08-30,26.98,27.059999,26.82,26.92,40561000
2019-09-03,26.7,26.73,26.41,26.64,59997200
2019-09-04,26.84,26.95,26.78,26.9,43945700
2019-09-05,27.28,27.68,27.27,27.45,68639200
2019-09-06,27.48,27.56,27.34,27.44,35660800
2019-09-09,27.63,27.97,27.57,27.86,67797700
2019-09-10,27.95,28.08,27.7,27.96,77540100
2019-09-11,27.98,28.15,27.73,28.12,53285900
2019-09-12,28.040001,28.38,27.95,28.27,72872200
2019-09-13,28.49,28.6,28.36,28.49,56248700
2019-09-16,28.25,28.43,28.21,28.39,36693600
2019-09-17,28.29,28.42,28.19,28.42,40868800
2019-09-18,28.31,28.59,28.23,28.52,57268900
2019-09-19,28.5,28.67,28.38,28.39,42335000
2019-09-20,28.29,28.4,28.059999,28.08,82921100
2019-09-23,27.94,28.21,27.89,28.13,35827300
2019-09-24,28.21,28.27,27.78,27.86,61659700
2019-09-25,27.92,28.14,27.81,28.09,53544400
2019-09-26,28.049999,28.08,27.92,27.96,53107500
2019-09-27,28.19,28.29,27.92,28.07,73386900
2019-09-30,28.14,28.17,27.98,28.0,30608000
2019-10-01,28.13,28.15,27.41,27.41,54786200
2019-10-02,27.24,27.25,26.79,26.85,78141700
2019-10-03,26.81,26.96,26.45,26.96,81128700
2019-10-04,26.99,27.48,26.97,27.46,40697200
2019-10-07,27.35,27.57,27.29,27.32,36922900
2019-10-08,27.049999,27.059999,26.76,26.78,60008900
2019-10-09,26.95,27.16,26.93,27.030001,45131000
2019-10-10,27.1,27.51,27.1,27.31,54305400
2019-10-11,27.74,27.99,27.64,27.65,78702500
2019-10-14,27.56,27.75,27.53,27.69,35821000
2019-10-15,27.85,28.26,27.74,28.09,65130200
2019-10-16,28.09,28.16,27.95,28.02,44595200
2019-10-17,28.17,28.25,27.97,28.040001,32013600
2019-10-18,27.96,28.22,27.96,28.11,40523700
2019-10-21,28.35,28.54,28.34,28.5,44145400
2019-10-22,28.45,28.61,28.33,28.42,50423000
2019-10-23,28.36,28.54,28.35,28.54,30615400
2019-10-24,28.57,28.62,28.39,28.5,33469600
2019-10-25,28.47,28.73,28.23,28.64,28330200
2019-10-28,28.75,28.92,28.74,28.79,50104600
2019-10-29,28.73,29.0,28.7,28.86,48458100
2019-10-30,28.86,28.92,28.64,28.84,51106700
2019-10-31,28.74,28.75,28.47,28.7,56795500
2019-11-01,28.92,29.15,28.86,29.12,42302300
2019-11-04,29.37,29.42,29.29,29.37,37319100
2019-11-05,29.46,29.62,29.41,29.48,39516100
2019-11-06,29.46,29.63,29.42,29.63,40179900
2019-11-07,29.81,30.030001,29.74,29.85,61738600
2019-11-08,29.82,29.85,29.64,29.84,53808800
2019-11-11,29.66,29.82,29.62,29.76,19702400
2019-11-12,29.77,29.89,29.69,29.8,44640600
2019-11-13,29.57,29.71,29.45,29.61,43495400
2019-11-14,29.53,29.67,29.47,29.67,46158400
2019-11-15,29.77,29.8,29.66,29.75,30097000
2019-11-18,29.75,29.82,29.66,29.81,25440500
2019-11-19,29.88,29.97,29.79,29.87,30770900
2019-11-20,29.75,29.81,29.52,29.73,46719500
2019-11-21,29.79,29.84,29.6,29.7,37192700
2019-11-22,29.74,29.95,29.74,29.92,35195000
2019-11-25,29.96,30.15,29.95,30.11,50094100
2019-11-26,30.11,30.11,29.93,30.08,33516200
2019-11-27,30.16,30.21,30.059999,30.2,31012300
2019-11-29,30.14,30.24,30.09,30.15,19444200
2019-12-02,30.2,30.26,29.93,29.96,52427800
2019-12-03,29.61,29.62,29.35,29.54,66912000
2019-12-04,29.57,29.9,29.55,29.82,41793900
2019-12-05,29.94,30.01,29.83,29.96,44933500
2019-12-06,30.29,30.46,30.28,30.36,40811300
2019-12-09,30.3,30.42,30.28,30.29,21627500
2019-12-10,30.21,30.36,30.13,30.3,37362100
2019-12-11,30.29,30.34,30.2,30.23,24490200
2019-12-12,30.27,30.91,30.25,30.82,68427500
2019-12-13,30.79,30.97,30.53,30.71,48135700
2019-12-16,30.96,31.02,30.79,30.82,45914900
2019-12-17,30.84,31.040001,30.83,30.94,30911900
2019-12-18,31.040001,31.040001,30.81,30.81,39079700
2019-12-19,30.82,30.89,30.77,30.8,36946900
2019-12-20,30.8,30.88,30.64,30.68,97416000
2019-12-23,30.76,30.77,30.57,30.61,38293100
2019-12-24,30.67,30.69,30.6,30.68,12315900
2019-12-26,30.71,30.85,30.71,30.85,15891300
2019-12-27,30.9,30.91,30.75,30.77,19417400
2019-12-30,30.91,30.96,30.65,30.68,18819300
2019-12-31,30.66,30.79,30.62,30.78,15788100
2020-01-02,30.89,31.08,30.8,31.08,28843300
2020-01-03,30.68,30.88,30.59,30.75,51363600
2020-01-06,30.47,30.75,30.46,30.73,27956100
2020-01-07,30.66,30.71,30.53,30.53,39627500
2020-01-08,30.56,30.9,30.56,30.73,47966600
2020-01-09,30.95,30.98,30.83,30.92,27705300
2020-01-10,30.94,30.95,30.65,30.69,33458200
2020-01-13,30.76,30.93,30.68,30.9,27542700
2020-01-14,30.9,31.08,30.8,30.84,37575400
2020-01-15,30.69,30.79,30.57,30.67,41457300
2020-01-16,30.82,30.94,30.75,30.94,34444000
2020-01-17,31.030001,31.1,30.91,31.030001,38819400
2020-01-21,30.88,31.02,30.77,30.77,41276500
2020-01-22,30.87,30.94,30.82,30.86,27391000
2020-01-23,30.7,30.85,30.49,30.78,43072300
2020-01-24,30.79,30.79,30.2,30.39,58924900
2020-01-27,29.79,30.059999,29.75,29.92,50289300
2020-01-28,30.08,30.4,30.030001,30.27,34257900
2020-01-29,30.37,30.48,30.17,30.22,41167500
2020-01-30,29.95,30.62,29.93,30.6,51210000
2020-01-31,30.34,30.38,29.85,29.96,58958800
2020-02-03,30.17,30.47,30.15,30.17,40168200
2020-02-04,30.58,30.75,30.45,30.46,79273300
2020-02-05,30.87,31.1,30.8,31.07,51086900
2020-02-06,31.24,31.27,30.97,31.030001,37044400
2020-02-07,30.86,31.01,30.79,30.92,27982500
2020-02-10,30.82,31.01,30.81,31.01,17723700
2020-02-11,31.09,31.26,31.09,31.12,27997400
2020-02-12,31.28,31.38,31.1,31.14,26964200
2020-02-13,31.040001,31.2,30.95,31.13,22758700
2020-02-14,31.1,31.19,31.02,31.17,22080200
2020-02-18,31.08,31.16,30.72,30.9,37768900
2020-02-19,31.01,31.21,30.97,31.13,25643300
2020-02-20,31.02,31.28,30.86,31.07,50344300
2020-02-21,30.92,30.99,30.6,30.77,51128200
2020-02-24,29.8,30.059999,29.63,29.77,70455400
2020-02-25,29.78,29.84,28.62,28.76,111826900
2020-02-26,28.95,29.22,28.55,28.55,95015700
2020-02-27,27.94,28.39,27.31,27.33,143536200
2020-02-28,26.4,26.85,25.97,26.59,192063500
2020-03-02,26.64,27.95,26.36,27.95,127115500
2020-03-03,27.86,28.25,26.63,26.9,256525000
2020-03-04,27.26,27.8,26.8,27.79,124408000
2020-03-05,26.87,26.94,26.15,26.45,130265700
2020-03-06,25.25,25.84,25.030001,25.55,160606600
2020-03-09,23.0,23.88,22.52,22.81,134165700
2020-03-10,23.87,24.17,22.84,24.15,149282300
2020-03-11,23.41,23.65,22.52,22.84,146915400
2020-03-12,20.94,22.21,20.3,20.37,161437500
2020-03-13,21.9,23.09,20.9,23.049999,160945700
2020-03-16,19.35,21.34,18.93,19.89,110661600
2020-03-17,20.35,21.19,19.54,20.97,122295100
2020-03-18,19.65,20.049999,18.28,19.19,145056400
2020-03-19,18.79,19.89,18.11,19.61,105652800
2020-03-20,19.82,19.92,18.67,18.91,157840900
2020-03-23,18.44,18.6,17.49,17.66,144547900
2020-03-24,18.71,19.96,18.58,19.85,158551100
2020-03-25,20.14,21.23,19.39,20.39,162949600
2020-03-26,20.66,21.82,20.63,21.67,129753900
2020-03-27,20.79,21.67,20.55,21.01,109305600
2020-03-30,21.040001,21.53,20.6,21.41,67297200
2020-03-31,21.21,21.45,20.64,20.82,83819900
2020-04-01,19.72,19.94,19.37,19.55,79185000
2020-04-02,19.43,20.2,19.36,20.040001,68398300
2020-04-03,19.85,20.14,19.36,19.64,68418100
2020-04-06,20.62,21.22,20.47,21.049999,69015100
2020-04-07,22.2,22.22,21.25,21.26,70950900
2020-04-08,21.58,22.33,21.34,22.19,80003400
2020-04-09,22.77,23.66,22.73,23.38,147845500
2020-04-13,23.31,23.33,22.33,22.53,66236300
2020-04-14,23.07,23.14,22.21,22.63,96169000
2020-04-15,21.73,21.86,21.54,21.65,63482000
2020-04-16,21.6,21.64,21.059999,21.27,68907600
2020-04-17,22.1,22.52,21.92,22.39,88698600
2020-04-20,21.95,22.36,21.75,22.0,59063100
2020-04-21,21.33,21.71,21.21,21.29,71957900
2020-04-22,21.73,21.79,21.47,21.52,47507800
2020-04-23,21.58,21.86,21.4,21.43,71740200
2020-04-24,21.66,21.83,21.33,21.74,33825300
2020-04-27,21.96,22.6,21.92,22.48,109435100
2020-04-28,23.16,23.33,22.67,22.72,46452300
2020-04-29,23.42,23.66,23.18,23.38,70064400
2020-04-30,22.91,23.16,22.68,22.79,56745700
2020-05-01,22.25,22.31,21.91,22.059999,37534300
2020-05-04,21.77,21.89,21.44,21.86,50177200
2020-05-05,22.16,22.28,21.79,21.79,65123000
2020-05-06,21.99,22.049999,21.3,21.32,63738400
2020-05-07,21.6,22.18,21.6,21.82,61339000
2020-05-08,22.24,22.32,22.01,22.29,42218300
2020-05-11,21.98,22.049999,21.74,21.86,54994900
2020-05-12,21.95,22.030001,21.27,21.29,62202700
2020-05-13,21.11,21.14,20.5,20.66,86848300
2020-05-14,20.3,21.21,20.09,21.19,103763100
2020-05-15,20.99,21.23,20.8,21.049999,70285000
2020-05-18,21.83,22.3,21.68,22.13,79548500
2020-05-19,22.0,22.11,21.58,21.59,56673200
2020-05-20,21.95,22.2,21.93,22.07,50402600
2020-05-21,22.0,22.21,21.88,22.0,49939900
2020-05-22,21.99,22.02,21.7,21.92,37584500
2020-05-26,22.75,23.3,22.73,23.059999,108349200
2020-05-27,24.09,24.1,23.54,24.059999,121521200
2020-05-28,24.33,24.34,23.61,23.68,101590100
2020-05-29,23.4,23.62,23.17,23.41,86969000
2020-06-01,23.5,23.79,23.34,23.68,52619200
2020-06-02,23.89,24.040001,23.7,23.87,52572800
2020-06-03,24.4,24.87,24.34,24.76,77622900
2020-06-04,24.72,25.3,24.52,25.3,97575100
2020-06-05,26.78,26.83,26.15,26.24,135859300
2020-06-08,26.67,26.8,26.37,26.74,80298400
2020-06-09,26.11,26.4,25.92,26.17,92833100
2020-06-10,26.02,26.16,25.17,25.19,110848900
2020-06-11,24.0,24.36,23.09,23.13,233116600
2020-06-12,24.059999,24.059999,23.22,23.83,127502900
2020-06-15,23.01,24.24,22.96,24.16,92469500
2020-06-16,25.12,25.12,23.95,24.54,108121300
2020-06-17,24.61,24.61,24.13,24.17,56320900
2020-06-18,23.93,24.37,23.86,24.14,61206500
2020-06-19,24.6,24.61,23.71,23.98,99903900
2020-06-22,23.68,23.88,23.53,23.71,47929500
2020-06-23,24.07,24.22,23.8,23.82,47218900
2020-06-24,23.51,23.52,22.91,22.98,90217500
2020-06-25,22.9,23.64,22.86,23.59,110208900
2020-06-26,23.19,23.26,22.52,22.58,123959100
2020-06-29,22.82,22.98,22.63,22.83,69107100
2020-06-30,22.71,23.3,22.69,23.14,60653100
2020-07-01,23.24,23.35,22.87,22.94,60500300
2020-07-02,23.45,23.53,22.92,22.97,50841900
2020-07-06,23.48,23.66,23.28,23.41,60271700
2020-07-07,23.22,23.23,22.87,22.93,43810900
2020-07-08,22.92,23.23,22.84,23.17,53046100
2020-07-09,23.16,23.21,22.49,22.68,71163700
2020-07-10,22.67,23.49,22.67,23.46,94440600
2020-07-13,23.76,23.91,23.42,23.56,102487100
2020-07-14,23.46,23.75,23.25,23.68,102468300
2020-07-15,24.25,24.26,23.89,24.15,90561800
2020-07-16,23.94,24.4,23.85,24.15,74678500
2020-07-17,24.2,24.22,23.94,23.95,47033200
2020-07-20,23.82,23.98,23.75,23.84,40127600
2020-07-21,24.0,24.43,23.97,24.31,46491300
2020-07-22,24.19,24.33,24.11,24.31,44437400
2020-07-23,24.26,24.47,24.18,24.33,49916100
2020-07-24,24.35,24.48,24.19,24.27,41245600
2020-07-27,24.16,24.18,23.86,24.07,43060200
2020-07-28,23.98,24.12,23.9,24.01,35370500
2020-07-29,23.97,24.49,23.93,24.46,36491600
2020-07-30,24.0,24.07,23.71,24.02,53994600
2020-07-31,24.01,24.059999,23.71,24.030001,50115900
2020-08-03,24.13,24.29,23.96,24.1,42982100
2020-08-04,24.0,24.040001,23.87,24.0,30754400
2020-08-05,24.16,24.39,24.13,24.33,34860700
2020-08-06,24.25,24.42,24.15,24.32,33115400
2020-08-07,24.2,24.86,24.15,24.84,63302800
2020-08-10,24.98,25.11,24.87,25.02,45436100
2020-08-11,25.49,25.72,25.25,25.31,73758600
2020-08-12,25.76,25.77,25.059999,25.24,58793600
2020-08-13,25.049999,25.26,24.93,25.08,35222500
2020-08-14,24.96,25.3,24.93,25.18,28276900
2020-08-17,25.09,25.11,24.75,24.76,53397000
2020-08-18,24.78,24.84,24.58,24.6,35502500
2020-08-19,24.69,24.94,24.52,24.59,59847200
2020-08-20,24.31,24.5,24.29,24.36,45586100
2020-08-21,24.32,24.53,24.23,24.31,35349200
2020-08-24,24.45,24.89,24.39,24.89,51010900
2020-08-25,25.1,25.17,24.8,24.96,55236900
2020-08-26,24.9,24.96,24.75,24.84,30646600
2020-08-27,24.82,25.38,24.82,25.26,66463900
2020-08-28,25.44,25.45,25.15,25.36,49170600
2020-08-31,25.34,25.34,25.059999,25.059999,52259000
2020-09-01,24.93,25.22,24.85,25.13,42036100
2020-09-02,25.12,25.58,25.049999,25.49,48432500
2020-09-03,25.64,26.01,24.94,25.1,98405500
2020-09-04,25.55,25.69,24.89,25.29,111105500
2020-09-08,25.040001,25.1,24.55,24.64,84687600
2020-09-09,24.87,25.07,24.71,24.89,52321200
2020-09-10,24.97,25.14,24.49,24.54,55515300
2020-09-11,24.58,24.84,24.5,24.71,69285700
2020-09-14,24.93,25.27,24.86,25.049999,51021000
2020-09-15,25.1,25.12,24.69,24.71,48459900
2020-09-16,24.76,25.27,24.71,24.99,62119900
2020-09-17,24.65,24.88,24.58,24.73,47334200
2020-09-18,24.73,24.93,24.63,24.68,61707200
2020-09-21,24.030001,24.17,23.56,23.93,72307300
2020-09-22,23.87,24.1,23.53,23.73,84561500
2020-09-23,23.78,23.95,23.2,23.2,54282500
2020-09-24,23.21,23.58,22.94,23.25,56512300
2020-09-25,23.08,23.57,23.030001,23.49,46026600
2020-09-28,23.82,24.22,23.82,24.049999,62803500
2020-09-29,23.98,24.02,23.62,23.75,53250800
2020-09-30,23.85,24.27,23.84,24.07,66732200
2020-10-01,24.17,24.33,23.92,24.11,65766100
2020-10-02,23.79,24.44,23.73,24.3,63368100
2020-10-05,24.53,24.78,24.47,24.7,58911700
2020-10-06,24.91,25.08,24.36,24.45,88404900
2020-10-07,24.68,24.98,24.68,24.86,53815200
2020-10-08,25.0,25.26,24.94,25.2,57646300
2020-10-09,25.34,25.37,25.030001,25.23,52031600
2020-10-12,25.21,25.59,25.21,25.51,45931400
2020-10-13,25.43,25.51,24.94,25.02,60377800
2020-10-14,25.040001,25.13,24.75,24.78,48982200
2020-10-15,24.55,24.98,24.51,24.97,41637200
2020-10-16,25.02,25.15,24.87,24.99,40103600
2020-10-19,25.08,25.09,24.57,24.61,42989000
2020-10-20,24.77,25.1,24.76,24.81,67293900
2020-10-21,24.77,24.93,24.68,24.68,44307200
2020-10-22,24.67,25.2,24.66,25.17,39511800
2020-10-23,25.33,25.41,25.049999,25.25,45092700
2020-10-26,24.89,24.93,24.45,24.68,54015100
2020-10-27,24.67,24.67,24.21,24.23,46083300
2020-10-28,23.72,23.93,23.47,23.61,89288300
2020-10-29,23.55,23.96,23.25,23.79,60908400
2020-10-30,23.65,23.9,23.47,23.86,66221600
2020-11-02,24.26,24.42,23.96,24.31,65136000
2020-11-03,24.76,25.1,24.73,24.85,79834200
2020-11-04,24.41,25.0,24.19,24.56,87397400
2020-11-05,24.77,25.34,24.77,25.16,65942300
2020-11-06,25.28,25.31,24.88,24.96,60783500
2020-11-09,26.98,27.44,26.66,27.01,162966800
2020-11-10,27.040001,27.25,26.79,27.15,85851200
2020-11-11,27.3,27.32,26.88,27.040001,65062400
2020-11-12,26.71,26.77,26.35,26.59,62733800
2020-11-13,26.84,27.14,26.77,27.030001,45031800
2020-11-16,27.71,27.73,27.36,27.63,67556100
2020-11-17,27.32,27.64,27.13,27.59,63679700
2020-11-18,27.72,27.94,27.32,27.33,71578400
2020-11-19,27.19,27.45,27.02,27.42,47194800
2020-11-20,27.28,27.39,27.12,27.18,39974700
2020-11-23,27.53,27.77,27.39,27.69,51870500
2020-11-24,28.17,28.69,28.1,28.66,60983200
2020-11-25,28.5,28.58,28.22,28.56,45204600
2020-11-27,28.56,28.59,28.36,28.47,26981200
2020-11-30,28.3,28.38,27.83,27.88,72524200
2020-12-01,28.4,28.57,28.29,28.31,53972100
2020-12-02,28.27,28.67,28.22,28.62,57471800
2020-12-03,28.64,28.8,28.46,28.63,49566000
2020-12-04,28.82,29.030001,28.8,28.98,52713100
2020-12-07,28.81,28.86,28.61,28.78,34631600
2020-12-08,28.51,28.84,28.51,28.77,31628500
2020-12-09,28.93,28.95,28.59,28.7,47589600
2020-12-10,28.48,28.78,28.39,28.75,41298300
2020-12-11,28.43,28.53,28.23,28.46,48216300
2020-12-14,28.84,28.84,28.11,28.13,38302900
2020-12-15,28.35,28.69,28.19,28.61,38604200
2020-12-16,28.66,28.68,28.52,28.66,55602800
2020-12-17,28.71,28.79,28.58,28.74,38510900
2020-12-18,28.78,28.78,28.32,28.49,56080100
2020-12-21,28.67,28.86,28.23,28.72,77688100
2020-12-22,28.74,28.78,28.42,28.44,42317900
2020-12-23,28.61,29.07,28.6,28.91,52681400
2020-12-24,28.97,28.98,28.71,28.95,16071000
2020-12-28,29.15,29.32,28.99,29.09,32824800
2020-12-29,29.21,29.22,28.96,28.99,23607000
2020-12-30,29.09,29.21,29.02,29.12,16616700
2020-12-31,29.08,29.52,29.0,29.48,26239300
2021-01-04,29.59,29.6,28.83,29.08,47086300
2021-01-05,29.07,29.34,28.92,29.21,35265400
2021-01-06,29.77,30.74,29.77,30.5,102254900
2021-01-07,30.95,31.26,30.88,30.94,64342700
2021-01-08,31.09,31.1,30.51,30.92,54266400
2021-01-11,30.62,31.07,30.49,31.02,56590400
2021-01-12,31.2,31.49,31.11,31.34,60546600
2021-01-13,31.29,31.4,31.09,31.32,55394700
2021-01-14,31.41,31.62,31.29,31.46,49828800
2021-01-15,31.0,31.19,30.71,30.94,68732700
2021-01-19,31.1,31.18,30.83,31.02,97457200
2021-01-20,31.12,31.12,30.78,30.89,56113100
2021-01-21,30.87,30.93,30.56,30.56,43713800
2021-01-22,30.25,30.46,30.2,30.34,37928000
2021-01-25,30.040001,30.16,29.74,30.12,68321500
2021-01-26,30.24,30.28,29.86,29.88,55504600
2021-01-27,29.47,29.5,28.94,29.0,84059200
2021-01-28,29.37,29.88,29.28,29.54,62985900
2021-01-29,29.46,29.54,28.82,28.95,78260700
2021-02-01,29.27,29.37,29.02,29.33,41947400
2021-02-02,29.67,30.19,29.66,30.040001,54263000
2021-02-03,30.0,30.22,29.94,30.21,46195200
2021-02-04,30.31,30.89,30.3,30.88,63061800
2021-02-05,31.1,31.13,30.82,30.89,38461900
2021-02-08,30.99,31.29,30.99,31.29,48756300
2021-02-09,31.19,31.4,31.08,31.3,33572000
2021-02-10,31.46,31.5,31.15,31.3,38899600
2021-02-11,31.32,31.44,30.99,31.2,31909500
2021-02-12,31.17,31.55,31.14,31.52,38271800
2021-02-16,31.84,32.21,31.7,32.060001,71330600
2021-02-17,31.96,32.26,31.85,32.22,60460900
2021-02-18,31.99,32.2,31.77,32.029999,45188200
2021-02-19,32.24,32.52,32.2,32.41,54361800
2021-02-22,32.3,32.83,32.29,32.71,65930200
2021-02-23,32.94,32.95,32.57,32.91,94331400
2021-02-24,32.96,33.64,32.94,33.55,66000600
2021-02-25,33.82,33.84,32.85,32.94,92189400
2021-02-26,32.89,32.99,32.19,32.31,103105700
2021-03-01,32.86,33.52,32.86,33.32,67590700
2021-03-02,33.28,33.47,33.17,33.2,49987000
2021-03-03,33.33,33.96,33.29,33.46,72541700
2021-03-04,33.37,33.69,32.6,33.080002,101311800
2021-03-05,33.64,33.8,32.78,33.71,109299800
2021-03-08,33.96,34.58,33.82,34.14,90538200
2021-03-09,33.87,34.33,33.52,33.83,117224600
2021-03-10,33.99,34.65,33.93,34.52,73269300
2021-03-11,34.34,34.69,34.14,34.42,50904800
2021-03-12,34.82,34.95,34.66,34.77,68126000
2021-03-15,34.9,34.91,34.25,34.57,57836400
2021-03-16,34.39,34.43,33.94,34.21,67373600
2021-03-17,34.46,34.64,34.080002,34.44,64051100
2021-03-18,34.79,35.29,34.5,34.62,96690500
2021-03-19,34.35,34.38,33.86,34.22,98510500
2021-03-22,33.82,33.89,33.51,33.63,68170600
2021-03-23,33.43,33.66,33.040001,33.16,70441900
2021-03-24,33.4,33.8,33.28,33.28,63357100
2021-03-25,33.26,33.89,33.0,33.84,60532600
2021-03-26,34.19,34.43,33.95,34.37,53779900
2021-03-29,33.89,34.29,33.72,34.07,71777800
2021-03-30,34.25,34.47,34.21,34.31,55011400
2021-03-31,34.24,34.38,34.029999,34.049999,51138300
2021-04-01,34.0,34.47,34.0,34.47,51690100
2021-04-05,34.84,34.91,34.63,34.74,51790700
2021-04-06,34.66,34.83,34.55,34.67,41336800
2021-04-07,34.77,34.92,34.6,34.84,38660800
2021-04-08,34.71,34.89,34.47,34.85,39927400
2021-04-09,35.09,35.17,34.89,35.15,40133700
2021-04-12,35.22,35.31,35.14,35.3,44435500
2021-04-13,35.099998,35.14,34.78,34.97,39950900
2021-04-14,34.88,35.43,34.83,35.18,44065300
2021-04-15,35.26,35.3,34.82,35.15,55483500
2021-04-16,35.46,35.53,35.24,35.4,39115700
2021-04-19,35.39,35.49,35.18,35.3,31172300
2021-04-20,35.09,35.11,34.52,34.64,50227700
2021-04-21,34.52,35.15,34.42,35.12,39680000
2021-04-22,35.080002,35.13,34.67,34.73,43611200
2021-04-23,34.73,35.53,34.67,35.38,50437700
2021-04-26,35.51,35.85,35.48,35.52,43749700
2021-04-27,35.57,35.85,35.49,35.8,50852400
2021-04-28,35.94,36.040001,35.83,35.94,35771700
2021-04-29,36.22,36.61,36.19,36.58,48573000
2021-04-30,36.38,36.51,36.2,36.26,43940900
2021-05-03,36.57,36.64,36.3,36.44,33317300
2021-05-04,36.28,36.73,36.040001,36.73,66939700
2021-05-05,36.84,37.17,36.84,37.029999,38954200
2021-05-06,37.18,37.59,36.96,37.58,43332900
2021-05-07,37.15,37.79,37.060001,37.78,64616700
2021-05-10,37.98,38.26,37.72,37.75,56341100
2021-05-11,37.37,37.71,36.94,37.080002,82723700
2021-05-12,37.37,37.51,36.55,36.7,97911900
2021-05-13,36.56,37.52,36.54,37.29,66882600
2021-05-14,37.5,37.98,37.46,37.88,44850200
2021-05-17,37.76,37.99,37.61,37.95,40376700
2021-05-18,37.92,38.049999,37.4,37.42,40299200
2021-05-19,36.99,37.21,36.59,37.19,63573900
2021-05-20,37.25,37.47,36.95,37.21,59216100
2021-05-21,37.36,37.78,37.34,37.58,44950300
2021-05-24,37.74,37.85,37.55,37.76,29159600
2021-05-25,37.81,38.099998,37.33,37.38,38755900
2021-05-26,37.52,37.66,37.22,37.49,38601900
2021-05-27,37.83,38.02,37.61,37.92,39789500
2021-05-28,38.09,38.09,37.71,37.99,39265000
2021-06-01,38.37,38.48,38.12,38.22,35710700
2021-06-02,38.34,38.38,38.07,38.28,37537500
2021-06-03,38.16,38.6,38.040001,38.37,54877500
2021-06-04,38.42,38.5,38.13,38.47,27250900
2021-06-07,38.53,38.53,38.15,38.22,37401800
2021-06-08,38.0099983,38.24,37.73,38.12,47747700
2021-06-09,37.97,38.02,37.66,37.76,40776200
2021-06-10,38.080002,38.18,37.29,37.32,53775500
2021-06-11,37.39,37.58,37.38,37.56,40416700
2021-06-14,37.49,37.55,36.95,37.17,50613400
2021-06-15,37.18,37.43,37.0,37.24,51315100
2021-06-16,37.12,37.45,36.74,37.2,84961100
2021-06-17,37.39,37.41,35.99,36.099998,97659900
2021-06-18,35.62,35.74,35.18,35.23,180960000
2021-06-21,35.44,35.93,35.38,35.91,89831400
2021-06-22,35.99,36.11,35.63,35.97,42576400
2021-06-23,36.0,36.21,35.95,36.040001,48094900
2021-06-24,36.25,36.58,36.080002,36.49,42942800
2021-06-25,36.68,37.029999,36.47,36.93,56845000
2021-06-28,36.86,36.89,36.45,36.66,70250700
2021-06-29,36.85,37.049999,36.43,36.53,61051200
2021-06-30,36.42,36.77,36.41,36.69,42414100
2021-07-01,36.87,37.0,36.68,36.98,36615600
2021-07-02,36.98,37.02,36.79,36.94,27018400
2021-07-06,36.85,36.87,36.12,36.36,49225300
2021-07-07,36.14,36.49,36.060001,36.41,43747100
2021-07-08,35.83,36.040001,35.51,35.68,75084200
2021-07-09,36.2,36.76,36.09,36.71,70546500
2021-07-12,36.49,37.14,36.33,37.07,62953400
2021-07-13,36.95,37.0099983,36.53,36.67,44476200
2021-07-14,36.69,36.93,36.099998,36.5,69632700
2021-07-15,36.14,36.85,36.14,36.62,53977600
2021-07-16,36.81,36.81,36.040001,36.12,56160700
2021-07-19,35.42,35.61,34.9,35.11,89972200
2021-07-20,35.07,36.22,35.0,35.98,70635800
2021-07-21,36.27,36.78,36.24,36.6,59975000
2021-07-22,36.47,36.56,36.049999,36.2,35292300
2021-07-23,36.55,36.65,36.16,36.26,36766900
2021-07-26,36.19,36.54,36.17,36.47,25396000
2021-07-27,36.19,36.62,36.02,36.46,38988400
2021-07-28,36.59,36.64,36.16,36.41,42908200
2021-07-29,36.65,36.97,36.49,36.81,41434200
2021-07-30,36.71,36.98,36.43,36.52,52385300
2021-08-02,36.77,37.19,36.48,36.53,47589900
2021-08-03,36.66,36.99,36.12,36.94,42169600
2021-08-04,36.59,37.02,36.43,36.63,52346400
2021-08-05,36.86,37.11,36.85,37.11,37168200
2021-08-06,37.46,37.93,37.45,37.86,58081000
2021-08-09,37.81,38.14,37.6,37.96,48015600
2021-08-10,37.93,38.47,37.89,38.36,40907400
2021-08-11,38.47,38.81,38.29,38.8,48372100
2021-08-12,38.84,38.92,38.6,38.87,44566400
2021-08-13,38.9,38.95,38.49,38.58,43077200
2021-08-16,38.33,38.52,37.99,38.48,48011800
2021-08-17,38.22,38.5,37.83,38.21,52414800
2021-08-18,38.060001,38.33,37.71,37.74,39550400
2021-08-19,37.33,37.74,37.22,37.46,48961300
2021-08-20,37.46,37.75,37.32,37.69,33898600
2021-08-23,37.88,38.16,37.88,38.0,28807400
2021-08-24,38.07,38.32,38.040001,38.23,37677300
2021-08-25,38.33,38.92,38.25,38.68,47904800
2021-08-26,38.85,38.9,38.45,38.49,38484300
2021-08-27,38.54,39.0099983,38.53,39.0,38511100
2021-08-30,39.02,39.040001,38.43,38.45,30096500
2021-08-31,38.42,38.69,38.26,38.4,49876200
2021-09-01,38.43,38.45,38.049999,38.18,43976200
2021-09-02,38.27,38.45,38.16,38.31,29611500
2021-09-03,38.24,38.32,37.98,38.07,34847500
2021-09-07,38.2,38.2,37.84,37.84,39214900
2021-09-08,37.75,37.93,37.55,37.75,32523900
2021-09-09,37.7,38.22,37.67,37.86,33421000
2021-09-10,38.07,38.11,37.57,37.58,39350500
2021-09-13,37.85,38.07,37.74,38.0099983,40357300
2021-09-14,38.14,38.28,37.38,37.5,45670600
2021-09-15,37.48,37.95,37.44,37.86,36371300
2021-09-16,38.0,38.19,37.58,37.75,42630200
2021-09-17,37.7,37.94,37.48,37.58,82987200
2021-09-20,36.59,36.69,36.029999,36.55,95008800
2021-09-21,36.78,36.92,36.41,36.5,45837600
2021-09-22,36.96,37.37,36.88,37.11,58347800
2021-09-23,37.47,38.2,37.41,38.02,71805000
2021-09-24,37.99,38.35,37.94,38.22,48066100
2021-09-27,38.56,38.85,38.49,38.74,58794500
2021-09-28,38.73,38.92,38.040001,38.099998,96152700
2021-09-29,38.22,38.3,37.95,38.13,49882500
2021-09-30,38.35,38.36,37.52,37.53,73319300
2021-10-01,37.63,38.41,37.49,38.15,70444000
2021-10-04,38.09,38.59,37.76,37.82,69772700
2021-10-05,38.099998,38.75,37.96,38.56,56058400
2021-10-06,38.21,38.63,37.93,38.6,63405900
2021-10-07,39.0,39.24,38.78,38.83,53295600
2021-10-08,38.87,39.16,38.69,39.02,38607500
2021-10-11,39.11,39.4,38.61,38.63,50748300
2021-10-12,38.58,38.77,38.41,38.51,58527700
2021-10-13,38.5,38.54,37.74,38.29,72105100
2021-10-14,38.72,38.94,38.35,38.93,51893500
2021-10-15,39.31,39.71,39.18,39.51,58411100
2021-10-18,39.43,39.75,39.32,39.52,56312700
2021-10-19,39.7,39.91,39.55,39.91,33082600
2021-10-20,39.84,40.23,39.73,40.23,44670200
2021-10-21,40.22,40.31,39.85,40.060001,35067600
2021-10-22,40.25,40.69,40.21,40.62,41458200
2021-10-25,40.72,40.77,40.47,40.57,33121000
2021-10-26,40.67,40.86,40.54,40.6,41586900
2021-10-27,40.5,40.68,39.92,39.93,62449500
2021-10-28,40.09,40.44,40.060001,40.42,44566600
2021-10-29,40.47,40.55,40.18,40.26,42092000
2021-11-01,40.54,40.63,40.12,40.28,37503800
2021-11-02,40.27,40.5,40.16,40.38,31436800
2021-11-03,40.25,40.68,40.17,40.53,42946800
2021-11-04,40.38,40.48,39.69,40.0,48279700
2021-11-05,40.32,40.49,39.89,40.02,57866300
2021-11-08,40.27,40.53,40.14,40.24,32864600
2021-11-09,40.029999,40.16,39.76,40.02,48420400
2021-11-10,39.98,40.2,39.85,39.95,60695100
2021-11-11,40.0099983,40.19,39.84,40.060001,31438900
2021-11-12,40.12,40.16,39.79,40.15,39218800
2021-11-15,40.26,40.36,40.07,40.15,30081100
2021-11-16,40.2,40.35,40.0,40.11,32599500
2021-11-17,40.049999,40.049999,39.54,39.65,53557200
2021-11-18,39.69,39.77,39.27,39.45,42990100
2021-11-19,39.11,39.25,38.72,39.02,71858100
2021-11-22,39.54,39.96,39.22,39.57,81965800
2021-11-23,39.83,40.22,39.66,40.19,61571200
2021-11-24,40.11,40.26,39.95,40.099998,40410300
2021-11-26,38.84,39.0099983,38.33,38.77,76492200
2021-11-29,39.22,39.36,38.6,38.89,79316500
2021-11-30,38.42,38.58,37.9,37.96,121263700
2021-12-01,38.63,38.88,37.54,37.54,101946500
2021-12-02,37.89,38.87,37.75,38.66,98076400
2021-12-03,38.71,38.81,37.73,38.029999,97178200
2021-12-06,38.63,38.98,38.33,38.61,69716600
2021-12-07,39.060001,39.41,38.87,39.3,115475500
2021-12-08,39.32,39.48,38.99,39.09,53033200
2021-12-09,38.9,39.21,38.76,39.0099983,45521100
2021-12-10,39.28,39.29,38.8,39.049999,38900900
2021-12-13,38.96,38.97,38.5,38.63,44343000
2021-12-14,38.57,39.15,38.54,38.86,51734400
2021-12-15,38.96,39.09,38.48,38.97,70424900
2021-12-16,39.42,39.74,39.22,39.46,71156600
2021-12-17,39.2,39.25,38.35,38.59,97654400
2021-12-20,37.81,37.86,37.21,37.66,85242300
2021-12-21,38.040001,38.61,38.040001,38.44,57667900
2021-12-22,38.33,38.65,38.27,38.62,49702700
2021-12-23,38.84,39.17,38.8,38.82,39057300
2021-12-27,38.94,39.22,38.74,39.22,36120300
2021-12-28,39.15,39.49,39.14,39.24,34055200
2021-12-29,39.32,39.43,39.14,39.19,27150500
2021-12-30,39.31,39.53,39.0,39.12,30089100
2021-12-31,39.040001,39.24,38.97,39.049999,28497800
2022-01-03,39.34,39.68,39.32,39.53,49884400
2022-01-04,39.99,40.7,39.97,40.57,74210200
2022-01-05,40.69,40.9,40.07,40.099998,76288400
2022-01-06,40.52,40.72,40.15,40.69,57725200
2022-01-07,40.78,41.27,40.64,41.17,62185500
2022-01-10,41.43,41.46,40.6,41.029999,73620000
2022-01-11,41.18,41.41,40.8,41.39,60706300
2022-01-12,41.5,41.66,41.22,41.42,51560600
2022-01-13,41.48,41.7,41.12,41.26,51659600
2022-01-14,40.6,40.87,40.34,40.83,81135500
2022-01-18,40.56,40.6,39.67,39.92,82526700
2022-01-19,40.22,40.24,39.22,39.25,85975100
2022-01-20,39.36,39.87,38.92,39.0,80314000
2022-01-21,38.84,38.95,38.040001,38.2,117914300
2022-01-24,37.54,38.39,36.82,38.31,169153300
2022-01-25,37.88,38.75,37.26,38.47,97364900
2022-01-26,38.89,39.21,38.11,38.57,106682000
2022-01-27,38.94,39.34,37.97,38.22,91498900
2022-01-28,38.07,38.73,37.59,38.72,79753600
2022-01-31,38.45,39.09,38.22,39.060001,58740900
2022-02-01,39.11,39.7,38.91,39.6,64601500
2022-02-02,39.58,39.94,39.33,39.87,46649400
2022-02-03,39.86,40.0,39.37,39.43,50677000
2022-02-04,39.5,40.44,39.48,40.099998,77792400
2022-02-07,40.15,40.48,39.92,40.22,52710400
2022-02-08,40.5,40.88,40.4,40.78,56921200
2022-02-09,41.0,41.31,40.9,41.040001,67505300
2022-02-10,40.85,41.39,40.51,40.68,67260800
2022-02-11,40.55,41.040001,39.87,40.11,77962800
2022-02-14,40.09,40.23,39.33,39.66,71521600
2022-02-15,40.14,40.41,40.0,40.2,55439600
2022-02-16,40.0,40.41,39.95,40.23,41168800
2022-02-17,39.81,39.94,39.12,39.23,59107800
2022-02-18,39.19,39.55,39.02,39.22,47816500
2022-02-22,39.040001,39.4,38.69,39.02,60719700
2022-02-23,39.31,39.43,38.24,38.34,64169800
2022-02-24,37.07,38.0,36.8,37.88,143075700
2022-02-25,38.13,39.2,38.12,39.099998,99127100
2022-02-28,38.17,38.77,38.12,38.52,107370200
2022-03-01,38.15,38.26,36.85,37.099998,129873100
2022-03-02,37.41,38.28,37.39,38.060001,88182500
2022-03-03,38.23,38.43,37.62,37.94,71952600
2022-03-04,37.27,37.28,36.8,37.23,105904100
2022-03-07,36.89,36.93,35.85,35.87,116046200
2022-03-08,36.02,36.67,35.49,35.66,114915000
2022-03-09,36.85,37.28,36.7,36.97,88716400
2022-03-10,36.36,36.9,36.25,36.66,71547300
2022-03-11,36.98,37.21,36.38,36.4,76788200
2022-03-14,36.95,37.46,36.69,36.86,70969700
2022-03-15,37.23,37.44,36.91,37.38,51828700
2022-03-16,37.86,38.49,37.74,38.43,87007600
2022-03-17,38.21,38.92,37.96,38.91,58266400
2022-03-18,38.9,39.099998,38.53,39.0,82342500
2022-03-21,39.02,39.14,38.61,38.81,46828600
2022-03-22,39.27,39.69,39.22,39.44,61053100
2022-03-23,39.19,39.28,38.69,38.71,42142600
2022-03-24,38.98,39.060001,38.7,39.02,30421500
2022-03-25,39.15,39.6,39.09,39.52,48613100
2022-03-28,39.4,39.44,38.96,39.41,44761000
2022-03-29,39.89,40.0099983,39.27,39.5,67968600
2022-03-30,39.5,39.52,38.99,39.22,47405300
2022-03-31,39.17,39.33,38.31,38.32,66619600
2022-04-01,38.58,38.66,37.95,38.22,68422500
2022-04-04,38.13,38.36,37.78,38.049999,134312400
2022-04-05,37.9,38.31,37.72,37.81,56165700
2022-04-06,37.51,37.71,37.41,37.55,55835100
2022-04-07,37.52,37.69,36.98,37.51,53346900
2022-04-08,37.66,38.060001,37.56,37.89,44672300
2022-04-11,37.79,38.16,37.66,37.72,54435500
2022-04-12,37.69,38.040001,37.15,37.31,67215400
2022-04-13,36.96,37.33,36.89,37.31,57445600
2022-04-14,37.23,37.49,36.88,36.89,68544200
2022-04-18,36.66,37.28,36.65,37.11,52748400
2022-04-19,37.21,37.68,37.2,37.62,41519100
2022-04-20,37.91,38.15,37.79,37.88,54635800
2022-04-21,38.14,38.32,37.21,37.28,54998100
2022-04-22,37.22,37.23,36.13,36.17,73170900
2022-04-25,35.87,36.31,35.33,36.23,91392800
2022-04-26,35.82,36.2,35.3,35.32,81457500
2022-04-27,35.27,35.65,35.16,35.29,81603000
2022-04-28,35.65,35.87,35.12,35.74,62680000
2022-04-29,35.56,35.69,34.43,34.51,74631700
2022-05-02,34.67,34.79,33.84,34.52,104408800
2022-05-03,34.76,35.32,34.64,34.97,73896300
2022-05-04,35.029999,36.099998,34.91,36.040001,87794900
2022-05-05,35.62,35.69,34.56,34.99,101093900
2022-05-06,34.85,34.9,34.24,34.74,99281900
2022-05-09,34.27,34.48,33.75,33.91,85922800
2022-05-10,34.22,34.44,33.19,33.61,107581200
2022-05-11,33.65,34.33,33.25,33.3,110212200
2022-05-12,33.02,33.36,32.41,33.049999,114304100
2022-05-13,33.45,33.81,33.23,33.53,64036200
2022-05-16,33.4,33.55,32.99,33.25,55662200
2022-05-17,33.9,34.24,33.71,34.14,62859300
2022-05-18,33.82,33.87,33.07,33.2,74279300
2022-05-19,32.75,33.22,32.7,32.98,71525400
2022-05-20,33.21,33.38,32.23,32.92,77984600
2022-05-23,33.55,34.24,33.38,33.99,78189300
2022-05-24,33.79,34.029999,33.22,33.92,77871200
2022-05-25,33.84,34.4,33.74,34.19,72192600
2022-05-26,34.56,35.099998,34.53,34.98,50803200
2022-05-27,35.13,35.64,35.07,35.57,43862500
2022-05-31,35.28,35.74,35.09,35.47,64778900
2022-06-01,35.38,35.47,34.57,34.9,48642400
2022-06-02,34.93,35.41,34.66,35.38,45334700
2022-06-03,35.049999,35.2,34.83,34.87,36699400
2022-06-06,35.16,35.52,34.96,34.97,32829600
2022-06-07,34.73,35.27,34.7,35.24,32031400
2022-06-08,34.97,35.07,34.49,34.62,38251800
2022-06-09,34.58,34.6,33.73,33.75,49715100
2022-06-10,33.02,33.14,32.5,32.53,74190900
2022-06-13,31.71,32.099998,31.37,31.56,104065100
2022-06-14,31.69,31.91,31.049999,31.29,75592200
2022-06-15,31.62,32.09,31.1,31.64,87858800
2022-06-16,31.0,31.01,30.58,30.84,100838500
2022-06-17,30.91,31.28,30.63,30.93,116937700
2022-06-21,31.47,31.58,31.19,31.38,58065800
2022-06-22,31.02,31.6,30.98,31.31,48035800
2022-06-23,31.33,31.39,30.68,31.19,69348900
2022-06-24,31.32,32.37,31.27,32.34,65489300
2022-06-27,32.59,32.59,32.080002,32.23,47244800
2022-06-28,32.56,32.87,31.89,31.91,42459900
2022-06-29,31.94,32.060001,31.62,31.73,64507500
2022-06-30,31.23,31.73,30.85,31.45,75294300
2022-07-01,31.35,31.98,31.14,31.88,77308400
2022-07-05,31.38,31.79,31.02,31.77,51536800
2022-07-06,31.7,31.95,31.39,31.69,48001700
2022-07-07,31.96,32.24,31.93,32.15,33120100
2022-07-08,32.24,32.34,31.95,32.080002,29062200
2022-07-11,31.9,32.060001,31.73,31.82,30564300
2022-07-12,31.58,32.2,31.56,31.62,38211000
2022-07-13,31.28,31.55,30.95,31.34,51441600
2022-07-14,30.7,30.84,30.37,30.74,57782300
2022-07-15,31.18,31.96,31.1,31.78,59650200
2022-07-18,32.23,32.45,31.52,31.66,38671600
2022-07-19,32.080002,32.71,31.99,32.61,40568000
2022-07-20,32.54,32.79,32.44,32.73,38507700
2022-07-21,32.64,32.94,32.39,32.94,40561800
2022-07-22,32.99,33.16,32.5,32.75,25741200
2022-07-25,32.95,33.11,32.72,32.96,24699300
2022-07-26,32.8,32.99,32.42,32.5,26357800
2022-07-27,32.63,33.16,32.52,33.0,44817200
2022-07-28,33.029999,33.25,32.5,33.24,40974600
2022-07-29,33.32,33.82,33.29,33.71,38724000
2022-08-01,33.39,33.62,33.2,33.43,35131300
2022-08-02,33.27,33.49,33.02,33.060001,36806900
2022-08-03,33.31,33.64,33.12,33.56,27314900
2022-08-04,33.53,33.62,33.39,33.45,24505800
2022-08-05,33.36,33.85,33.24,33.69,34366100
2022-08-08,33.94,34.049999,33.64,33.67,24369100
2022-08-09,33.73,33.93,33.67,33.84,26425400
2022-08-10,34.43,34.73,34.36,34.6,45366000
2022-08-11,34.92,35.23,34.88,35.0099983,46985200
2022-08-12,35.18,35.57,35.0,35.56,36370300
2022-08-15,35.2,35.65,35.13,35.55,25366000
2022-08-16,35.39,35.97,35.39,35.81,41300800
2022-08-17,35.4,35.79,35.38,35.63,33158000
2022-08-18,35.6,35.72,35.43,35.67,15966200
2022-08-19,35.46,35.46,34.84,34.96,33587400
2022-08-22,34.45,34.46,34.099998,34.19,36810100
2022-08-23,34.15,34.4,34.049999,34.049999,23244000
2022-08-24,33.99,34.34,33.92,34.23,20682200
2022-08-25,34.3,34.79,34.21,34.76,26402600
2022-08-26,34.91,34.92,33.69,33.72,38230600
2022-08-29,33.47,33.72,33.28,33.48,34872100
2022-08-30,33.59,33.7,33.099998,33.3,41870700
2022-08-31,33.47,33.59,33.0,33.049999,39768200
2022-09-01,32.91,33.2,32.51,33.15,40604600
2022-09-02,33.53,33.81,32.73,32.89,43208800
2022-09-06,33.060001,33.14,32.48,32.81,45877100
2022-09-07,32.71,33.52,32.66,33.46,35023000
2022-09-08,33.29,34.07,33.15,34.049999,50760900
2022-09-09,34.2,34.45,34.19,34.36,41327100
2022-09-12,34.5,34.82,34.42,34.64,41969600
2022-09-13,33.96,34.080002,33.24,33.35,60771600
2022-09-14,33.42,33.58,32.95,33.25,39233200
2022-09-15,33.29,33.79,33.2,33.36,47653000
2022-09-16,33.029999,33.12,32.71,33.060001,53893300
2022-09-19,32.5,33.28,32.5,33.26,36491400
2022-09-20,32.99,33.060001,32.47,32.77,42193600
2022-09-21,32.98,33.099998,32.07,32.09,49644600
2022-09-22,32.16,32.21,31.49,31.55,52299500
2022-09-23,31.24,31.31,30.6,31.049999,56801000
2022-09-26,30.82,31.11,30.34,30.56,49969700
2022-09-27,30.8,30.96,30.12,30.43,60630400
2022-09-28,30.52,31.21,30.44,31.030001,46088700
2022-09-29,30.7,30.82,30.26,30.64,41860000
2022-09-30,30.66,31.040001,30.28,30.36,37984300
2022-10-03,30.66,31.34,30.3,31.18,47086100
2022-10-04,31.66,32.37,31.62,32.34,53441800
2022-10-05,31.84,32.27,31.73,32.09,41766800
2022-10-06,31.91,32.13,31.57,31.64,34717900
2022-10-07,31.36,31.46,30.72,30.89,36380700
2022-10-10,31.059999,31.19,30.57,30.75,31011700
2022-10-11,30.55,30.87,30.23,30.36,50431900
2022-10-12,30.37,30.69,30.18,30.29,48265700
2022-10-13,29.68,31.62,29.59,31.54,83086100
2022-10-14,31.82,32.19,30.94,31.01,60886900
2022-10-17,31.67,32.0,31.58,31.79,47222200
2022-10-18,32.62,32.66,31.93,32.3,48150700
2022-10-19,32.02,32.29,31.59,31.77,35205700
2022-10-20,31.73,32.049999,31.17,31.26,43124400
2022-10-21,31.35,32.22,31.12,32.19,54487300
2022-10-24,32.38,32.77,32.28,32.62,40117200
2022-10-25,32.45,33.07,32.39,33.0099983,33950300
2022-10-26,33.11,33.46,33.02,33.09,38012100
2022-10-27,33.4,33.73,33.3,33.36,41232200
2022-10-28,33.45,34.23,33.39,34.19,36421300
2022-10-31,33.97,34.21,33.93,33.98,40083800
2022-11-01,34.26,34.35,33.92,34.07,38946100
2022-11-02,34.0,34.6,33.61,33.64,58039800
2022-11-03,33.22,33.56,33.080002,33.3,40828100
2022-11-04,33.78,34.09,33.43,33.91,41825600
2022-11-07,34.16,34.27,33.94,34.25,30060300
2022-11-08,34.26,34.62,34.09,34.45,34839600
2022-11-09,34.22,34.35,33.8,33.87,42126200
2022-11-10,34.9,35.63,34.81,35.58,67677700
2022-11-11,35.76,36.029999,35.63,35.87,46076100
2022-11-14,35.77,35.8,35.33,35.36,38002700
2022-11-15,35.74,35.88,35.080002,35.44,57802100
2022-11-16,35.42,35.51,35.15,35.27,32852400
2022-11-17,34.86,35.099998,34.76,35.080002,35706900
2022-11-18,35.55,35.6,35.080002,35.37,39455400
2022-11-21,35.32,35.55,35.28,35.48,24630900
2022-11-22,35.67,35.88,35.67,35.84,29582300
2022-11-23,35.78,36.080002,35.78,35.99,27916900
2022-11-25,36.029999,36.16,35.96,36.11,11266500
2022-11-28,35.91,36.060001,35.43,35.49,34196600
2022-11-29,35.45,35.78,35.41,35.7,31489600
2022-11-30,35.65,36.32,35.14,36.31,58607000
2022-12-01,36.49,36.49,35.82,36.099998,58157600
2022-12-02,35.72,35.96,35.61,35.93,40483300
2022-12-05,35.66,35.72,34.85,35.040001,53402000
2022-12-06,35.0,35.2,34.45,34.73,45102200
2022-12-07,34.59,34.98,34.51,34.59,37775900
2022-12-08,34.69,34.86,34.5,34.62,46600900
2022-12-09,34.49,34.78,34.48,34.53,40885600
2022-12-12,34.55,35.029999,34.39,34.99,72570900
2022-12-13,35.9,35.9,34.85,35.080002,55659000
2022-12-14,34.99,35.33,34.49,34.64,54685100
2022-12-15,34.099998,34.24,33.74,33.96,70330100
2022-12-16,33.6,33.8,33.39,33.7,59619300
2022-12-19,33.4,33.74,33.19,33.4,37456800
2022-12-20,33.53,33.77,33.41,33.54,45446400
2022-12-21,33.86,34.16,33.84,34.060001,31318100
2022-12-22,33.84,33.87,33.21,33.76,25605100
2022-12-23,33.74,34.0,33.57,33.95,17116200
2022-12-27,34.02,34.099998,33.8,33.94,25601100
2022-12-28,34.0,34.09,33.78,33.82,24395100
2022-12-29,34.0,34.35,33.92,34.29,26624200
2022-12-30,34.040001,34.27,33.92,34.2,24735700
2023-01-03,34.45,34.69,34.07,34.32,37396500
2023-01-04,34.67,35.12,34.57,34.87,44669300
2023-01-05,34.75,34.75,34.37,34.61,45585700
2023-01-06,34.84,35.49,34.6,35.38,41229700
2023-01-09,35.5,35.7,35.16,35.25,48726600
2023-01-10,35.19,35.48,35.07,35.45,34663700
2023-01-11,35.54,35.78,35.47,35.78,32014700
2023-01-12,35.9,36.060001,35.62,35.85,56642400
2023-01-13,35.39,36.17,35.26,36.12,65920900
2023-01-17,36.029999,36.049999,35.77,35.88,65345200
2023-01-18,35.68,35.9,35.18,35.21,53693000
2023-01-19,34.78,34.98,34.56,34.8,61169500
2023-01-20,34.9,35.37,34.74,35.35,42330100
2023-01-23,35.38,35.91,35.27,35.76,44997300
2023-01-24,35.7,35.94,35.3,35.78,34333500
2023-01-25,35.47,36.07,35.46,36.060001,38458700
2023-01-26,36.15,36.31,35.91,36.25,29944200
2023-01-27,36.2,36.46,36.15,36.25,30787400
2023-01-30,36.060001,36.33,36.0099983,36.07,31595000
2023-01-31,36.14,36.57,35.97,36.56,30282100
2023-02-01,36.18,36.88,36.099998,36.56,51418700
2023-02-02,36.76,36.81,36.37,36.66,42107300
2023-02-03,36.37,36.9,36.36,36.59,43155000
2023-02-06,36.38,36.59,36.3,36.58,32273600
2023-02-07,36.35,37.11,36.35,37.0,33000500
2023-02-08,36.73,37.099998,36.68,36.78,34555500
2023-02-09,36.93,37.040001,36.29,36.37,44329600
2023-02-10,36.19,36.52,36.07,36.49,28108900
2023-02-13,36.47,36.91,36.44,36.91,32209000
2023-02-14,36.84,37.080002,36.48,36.71,33525300
2023-02-15,36.42,36.77,36.37,36.75,28510000
2023-02-16,36.4,36.66,36.31,36.38,34379100
2023-02-17,36.2,36.44,36.09,36.39,35889800
2023-02-21,36.080002,36.13,35.48,35.64,36425200
2023-02-22,35.64,35.78,35.41,35.6,31065200
2023-02-23,35.75,35.92,35.3,35.63,42357600
2023-02-24,35.32,35.77,35.26,35.66,48732600
2023-02-27,35.99,36.049999,35.58,35.65,31664600
2023-02-28,35.7,35.9,35.61,35.72,32531400
2023-03-01,35.56,35.76,35.46,35.6,32790300
2023-03-02,35.39,35.47,35.0099983,35.43,38401900
2023-03-03,35.57,36.0,35.5,35.99,33091600
2023-03-06,36.0099983,36.24,35.91,36.02,30111100
2023-03-07,35.89,35.92,35.0,35.09,53804400
2023-03-08,35.049999,35.24,34.78,34.96,50860300
2023-03-09,34.76,34.82,33.37,33.54,107108500
2023-03-10,33.15,33.72,32.53,32.93,166569400
2023-03-13,31.76,32.32,31.37,31.63,165965900
2023-03-14,32.84,32.85,31.87,32.27,128115500
2023-03-15,31.36,31.54,30.96,31.41,132235000
2023-03-16,31.2,32.34,30.9,32.0099983,133892600
2023-03-17,31.71,31.71,30.9,30.98,136760600
2023-03-20,31.07,31.44,31.02,31.17,75384500
2023-03-21,31.88,32.040001,31.81,31.96,115899200
2023-03-22,31.96,32.049999,31.2,31.22,67874100
2023-03-23,31.28,31.6,30.79,31.01,82366300
2023-03-24,30.63,31.02,30.39,30.99,76619100
2023-03-27,31.52,31.59,31.24,31.42,61393300
2023-03-28,31.38,31.52,31.22,31.41,42980100
2023-03-29,31.75,31.88,31.61,31.87,52147200
2023-03-30,32.099998,32.12,31.62,31.8,45061700
2023-03-31,31.98,32.16,31.86,32.15,49034400
2023-04-03,32.12,32.34,32.02,32.21,51213500
2023-04-04,32.29,32.34,31.7,31.91,45939300
2023-04-05,31.67,31.96,31.66,31.87,57965300
2023-04-06,31.81,32.049999,31.78,31.99,36762300
2023-04-10,31.87,32.07,31.8,32.060001,27900700
2023-04-11,32.14,32.48,32.12,32.34,53912600
2023-04-12,32.5,32.67,32.19,32.27,63645800
2023-04-13,32.29,32.58,32.07,32.56,58550300
2023-04-14,32.9,33.15,32.72,32.88,65276200
2023-04-17,32.86,33.27,32.72,33.26,69670600
2023-04-18,33.33,33.43,33.080002,33.36,49507500
2023-04-19,33.31,33.53,33.25,33.44,39478900
2023-04-20,33.22,33.43,33.21,33.34,39291800
2023-04-21,33.24,33.26,33.029999,33.22,41545000
2023-04-24,33.2,33.32,33.060001,33.14,32774200
2023-04-25,32.93,32.99,32.56,32.57,58534300
2023-04-26,32.48,32.66,32.12,32.26,54294200
2023-04-27,32.38,32.84,32.38,32.78,46398800
2023-04-28,32.62,33.2,32.55,33.17,54577500
2023-05-01,33.26,33.43,33.040001,33.080002,31950600
2023-05-02,32.95,32.96,32.029999,32.33,76096700
2023-05-03,32.37,32.53,31.93,31.96,65642400
2023-05-04,31.68,31.85,31.26,31.55,76076600
2023-05-05,32.07,32.38,32.02,32.33,54989500
2023-05-08,32.51,32.62,32.34,32.38,34323600
2023-05-09,32.14,32.39,32.07,32.26,29736200
2023-05-10,32.47,32.54,31.8,32.080002,39706100
2023-05-11,31.88,32.080002,31.74,32.029999,36693200
2023-05-12,32.24,32.24,31.69,31.9,36217700
2023-05-15,31.96,32.22,31.9,32.16,33208500
2023-05-16,32.099998,32.19,31.84,31.86,31241400
2023-05-17,32.11,32.59,32.040001,32.5,46818800
2023-05-18,32.44,32.78,32.32,32.74,42232500
2023-05-19,32.82,32.92,32.45,32.6,40131500
2023-05-22,32.71,32.78,32.46,32.66,35286200
2023-05-23,32.52,32.69,32.26,32.28,42217200
2023-05-24,32.040001,32.07,31.79,31.86,46610700
2023-05-25,31.78,31.96,31.66,31.85,41658900
2023-05-26,31.92,32.19,31.87,32.11,44183000
2023-05-30,32.16,32.23,31.89,32.099998,57900500
2023-05-31,31.91,31.94,31.49,31.76,67667900
2023-06-01,31.94,32.17,31.72,32.099998,48643400
2023-06-02,32.41,32.92,32.41,32.8,65747500
2023-06-05,32.84,32.84,32.48,32.63,53591100
2023-06-06,32.6,33.09,32.58,33.040001,46236100
2023-06-07,33.07,33.24,32.87,33.17,48467100
2023-06-08,33.060001,33.19,32.88,33.14,36261200
2023-06-09,33.080002,33.29,33.060001,33.15,34021700
2023-06-12,33.18,33.27,32.89,33.14,33655200
2023-06-13,33.11,33.48,33.07,33.34,46054400
2023-06-14,33.42,33.59,33.099998,33.21,57195400
2023-06-15,33.099998,33.73,33.07,33.65,52241800
2023-06-16,33.8,33.83,33.54,33.58,49842000
2023-06-20,33.21,33.27,32.98,33.18,50683100
2023-06-21,33.099998,33.3,33.0,33.14,35967600
2023-06-22,33.080002,33.09,32.77,32.88,38690000
2023-06-23,32.63,32.85,32.52,32.74,35529600
2023-06-26,32.69,32.94,32.58,32.67,25728300
2023-06-27,32.73,33.0,32.71,32.93,34348100
2023-06-28,32.89,32.9,32.7,32.85,36663200
2023-06-29,33.02,33.42,32.98,33.42,47471000
2023-06-30,33.64,33.85,33.58,33.71,44727600
2023-07-03,33.71,34.0,33.66,33.9,19128000
2023-07-05,33.7,33.92,33.6,33.83,39831600
2023-07-06,33.55,33.58,33.25,33.54,45808400
2023-07-07,33.4,33.87,33.4,33.59,33479500
2023-07-10,33.6,33.93,33.57,33.74,27254400
2023-07-11,33.86,34.18,33.79,34.14,33754200
2023-07-12,34.42,34.6,34.27,34.36,46546000
2023-07-13,34.41,34.53,34.35,34.48,40453700
2023-07-14,34.73,34.74,34.2,34.25,47547500
2023-07-17,34.21,34.68,34.21,34.58,38568900
2023-07-18,34.66,35.0,34.61,34.97,47176500
2023-07-19,34.97,35.26,34.96,35.12,45599800
2023-07-20,35.060001,35.39,35.049999,35.38,45591500
2023-07-21,35.44,35.46,35.17,35.26,30609200
2023-07-24,35.28,35.71,35.27,35.6,32299800
2023-07-25,35.5,35.58,35.34,35.37,36218600
2023-07-26,35.33,35.69,35.28,35.58,35638700
2023-07-27,35.58,35.67,35.080002,35.13,44072800
2023-07-28,35.41,35.42,35.0099983,35.2,32422700
2023-07-31,35.27,35.44,35.18,35.33,28627000
2023-08-01,35.26,35.36,35.14,35.33,26480300
2023-08-02,35.029999,35.16,34.83,35.029999,48923800
2023-08-03,34.82,35.13,34.72,35.049999,31861600
2023-08-04,35.02,35.36,34.88,34.91,36191800
2023-08-07,35.13,35.46,35.12,35.4,33119300
2023-08-08,34.94,35.11,34.67,35.080002,37254800
2023-08-09,35.060001,35.16,34.78,34.82,38304200
2023-08-10,35.0,35.26,34.76,34.85,38097500
2023-08-11,34.74,34.98,34.66,34.92,27516100
2023-08-14,34.82,34.92,34.69,34.85,23773800
2023-08-15,34.56,34.6,34.17,34.21,57472100
2023-08-16,34.15,34.42,34.12,34.16,33566500
2023-08-17,34.27,34.32,33.89,33.99,38205400
2023-08-18,33.75,34.080002,33.72,33.98,40858300
2023-08-21,34.029999,34.099998,33.67,33.94,32308300
2023-08-22,33.95,33.99,33.57,33.62,43148900
2023-08-23,33.68,33.96,33.63,33.95,30240500
2023-08-24,33.9,34.31,33.83,33.83,35784900
2023-08-25,33.97,34.12,33.71,33.99,40347200
2023-08-28,34.099998,34.3,34.07,34.18,34905300
2023-08-29,34.15,34.5,34.099998,34.49,43394300
2023-08-30,34.54,34.71,34.44,34.51,33799900
2023-08-31,34.61,34.62,34.34,34.38,27999700
2023-09-01,34.59,34.8,34.56,34.69,41069200
2023-09-05,34.65,34.79,34.33,34.34,38612300
2023-09-06,34.25,34.39,34.07,34.32,35672800
2023-09-07,34.18,34.38,34.13,34.23,47632600
2023-09-08,34.26,34.37,34.13,34.3,39720800
2023-09-11,34.46,34.64,34.37,34.46,28965100
2023-09-12,34.45,34.94,34.41,34.69,48615200
2023-09-13,34.85,34.89,34.56,34.69,31994900
2023-09-14,34.93,35.060001,34.76,35.0099983,65685500
2023-09-15,34.78,35.040001,34.76,34.83,51766400
2023-09-18,34.63,34.82,34.52,34.77,32458700
2023-09-19,34.8,34.87,34.51,34.73,36112900
2023-09-20,34.85,34.96,34.48,34.49,31618000
2023-09-21,34.37,34.37,33.92,33.92,48103300
2023-09-22,33.97,34.0,33.66,33.66,41688300
2023-09-25,33.59,33.76,33.48,33.74,40141700
2023-09-26,33.49,33.64,33.23,33.29,46165400
2023-09-27,33.38,33.38,32.95,33.24,49360900
2023-09-28,33.27,33.6,33.26,33.48,63638100
2023-09-29,33.64,33.69,33.09,33.17,52853400
2023-10-02,33.060001,33.14,32.71,32.89,49350600
2023-10-03,32.73,32.82,32.24,32.37,52921800
2023-10-04,32.38,32.63,32.21,32.61,40136000
2023-10-05,32.52,32.82,32.45,32.76,41407800
2023-10-06,32.62,33.23,32.51,33.040001,54048800
2023-10-09,32.74,33.13,32.71,33.060001,61396600
2023-10-10,33.16,33.51,33.15,33.3,44743400
2023-10-11,33.4,33.53,33.099998,33.35,35746400
2023-10-12,33.45,33.45,32.91,33.14,41991200
2023-10-13,33.35,33.66,33.029999,33.21,53213800
2023-10-16,33.46,33.72,33.39,33.56,45589300
2023-10-17,33.41,33.94,33.4,33.72,41925200
2023-10-18,33.55,33.58,33.07,33.14,46942100
2023-10-19,33.080002,33.26,32.68,32.7,66656200
2023-10-20,32.69,32.75,32.17,32.2,59901700
2023-10-23,32.13,32.36,31.97,32.0,55913700
2023-10-24,32.15,32.37,32.049999,32.22,35825000
2023-10-25,32.099998,32.32,32.0099983,32.099998,59240100
2023-10-26,32.02,32.35,31.97,32.029999,56046100
2023-10-27,31.99,32.029999,31.36,31.45,73057300
2023-10-30,31.67,32.09,31.59,32.0099983,48978100
2023-10-31,32.07,32.37,32.0099983,32.36,41050100
2023-11-01,32.42,32.7,32.35,32.57,51764100
2023-11-02,32.87,33.36,32.81,33.34,47417000
2023-11-03,33.66,33.94,33.65,33.78,58794800
2023-11-06,33.87,33.92,33.5,33.68,40599700
2023-11-07,33.58,33.71,33.52,33.63,27442000
2023-11-08,33.62,33.7,33.46,33.67,30165800
2023-11-09,33.78,33.83,33.47,33.53,34336600
2023-11-10,33.69,33.94,33.49,33.91,35146100
2023-11-13,33.79,33.95,33.74,33.86,28327300
2023-11-14,34.23,34.69,34.2,34.5,54296300
2023-11-15,34.56,34.79,34.55,34.69,35000200
2023-11-16,34.79,34.87,34.68,34.83,33222500
2023-11-17,34.96,35.02,34.87,35.0099983,31336100
2023-11-20,34.96,35.23,34.89,35.15,37285400
2023-11-21,35.099998,35.22,35.07,35.13,27285700
2023-11-22,35.21,35.34,35.15,35.27,32719200
2023-11-24,35.27,35.44,35.26,35.38,13168500
2023-11-27,35.25,35.32,35.18,35.26,35017000
2023-11-28,35.22,35.37,35.16,35.25,39329300
2023-11-29,35.35,35.71,35.35,35.5,36651300
2023-11-30,35.58,35.9,35.47,35.9,37334500
2023-12-01,35.84,36.21,35.78,36.17,51261600
2023-12-04,35.96,36.27,35.92,36.13,41366600
2023-12-05,36.02,36.029999,35.79,35.95,39510900
2023-12-06,36.15,36.28,35.72,35.77,35616100
2023-12-07,35.86,35.96,35.77,35.94,26050900
2023-12-08,35.9,36.19,35.86,36.13,33210100
2023-12-11,36.14,36.42,36.14,36.35,31165700
2023-12-12,36.44,36.62,36.29,36.61,37245700
2023-12-13,36.62,37.24,36.55,37.2,56989000
2023-12-14,37.5,37.71,37.37,37.57,66865700
2023-12-15,37.26,37.44,37.19,37.35,69241700
2023-12-18,37.35,37.42,37.25,37.29,43434000
2023-12-19,37.27,37.58,37.17,37.57,32509000
2023-12-20,37.47,37.56,36.9,36.9,52985700
2023-12-21,37.060001,37.27,36.92,37.26,27522200
2023-12-22,37.37,37.49,37.2,37.34,30327700
2023-12-26,37.37,37.56,37.31,37.49,17837600
2023-12-27,37.41,37.61,37.35,37.61,32640800
2023-12-28,37.55,37.8,37.54,37.72,25308000
2023-12-29,37.71,37.77,37.49,37.6,30211300
2024-01-02,37.5,37.78,37.43,37.76,31351900
2024-01-03,37.59,37.65,37.38,37.44,46909000
2024-01-04,37.57,37.89,37.52,37.59,36904200
2024-01-05,37.59,37.95,37.57,37.75,44845700
2024-01-08,37.76,38.0099983,37.56,37.99,39098300
2024-01-09,37.79,37.8,37.63,37.75,36338100
2024-01-10,37.69,37.84,37.57,37.81,37095500
2024-01-11,37.76,37.81,37.37,37.67,49043500
2024-01-12,37.85,37.99,37.45,37.6,41279800
2024-01-16,37.28,37.41,37.13,37.34,44042100
2024-01-17,37.02,37.42,37.0,37.27,38715900
2024-01-18,37.22,37.37,36.95,37.33,42064900
2024-01-19,37.47,37.98,37.35,37.93,59407900
2024-01-22,38.09,38.3,38.02,38.11,51828800
2024-01-23,38.09,38.2,38.0099983,38.17,46255500
2024-01-24,38.33,38.53,38.29,38.32,43975500
2024-01-25,38.47,38.55,38.27,38.51,50693800
2024-01-26,38.45,38.72,38.41,38.65,38620200
2024-01-29,38.53,38.78,38.43,38.75,44175600
2024-01-30,38.79,39.28,38.77,39.24,43229300
2024-01-31,39.16,39.45,38.74,38.76,65780900
2024-02-01,38.69,38.85,38.25,38.82,63445600
2024-02-02,38.69,39.16,38.67,38.98,61775600
2024-02-05,38.76,38.88,38.58,38.75,37351300
2024-02-06,38.7,38.89,38.65,38.83,41055700
2024-02-07,39.040001,39.17,38.77,39.12,39018700
2024-02-08,38.94,39.09,38.72,38.97,47331500
2024-02-09,38.92,39.099998,38.82,39.080002,50680400
2024-02-12,39.080002,39.43,38.99,39.26,39952700
2024-02-13,38.96,39.060001,38.42,38.73,62948300
2024-02-14,38.96,39.13,38.81,39.099998,58722500
2024-02-15,39.22,39.85,39.21,39.77,58107900
2024-02-16,39.73,39.81,39.55,39.63,37884500
2024-02-20,39.35,39.66,39.32,39.52,39952200
2024-02-21,39.47,39.64,39.33,39.64,40259000
2024-02-22,39.86,40.24,39.79,40.099998,55188200
2024-02-23,40.25,40.47,40.22,40.3,42190500
2024-02-26,40.26,40.53,40.029999,40.099998,38370000
2024-02-27,40.14,40.22,39.94,40.21,42599500
2024-02-28,40.13,40.5,40.12,40.36,40040800
2024-02-29,40.46,40.55,40.17,40.34,37629700
2024-03-01,40.33,40.42,40.16,40.29,40760400
2024-03-04,40.22,40.5,40.21,40.39,53413200
2024-03-05,40.25,40.63,40.25,40.4,50770200
2024-03-06,40.46,40.73,40.28,40.61,58459500
2024-03-07,40.76,40.84,40.4,40.55,35505100
2024-03-08,40.61,40.83,40.57,40.62,47264300
2024-03-11,40.47,40.73,40.4,40.69,36233100
2024-03-12,40.78,40.98,40.64,40.86,53199300
2024-03-13,40.94,41.17,40.91,41.16,43471400
2024-03-14,41.17,41.25,40.61,40.83,65563400
2024-03-15,40.6,40.98,40.52,40.79,67555700
2024-03-18,40.78,40.92,40.58,40.87,39140600
2024-03-19,40.9,41.09,40.88,41.07,36748300
2024-03-20,41.02,41.59,40.95,41.56,52255300
2024-03-21,41.66,42.0,41.61,41.9,49209200
2024-03-22,41.95,42.040001,41.39,41.42,32025600
2024-03-25,41.39,41.46,41.26,41.26,31784000
2024-03-26,41.41,41.53,41.27,41.4,30135500
2024-03-27,41.6,41.9,41.49,41.89,36670300
2024-03-28,41.94,42.22,41.87,42.12,41490200
2024-04-01,42.16,42.2,41.81,41.89,37537700
2024-04-02,41.76,41.82,41.6,41.67,36359800
2024-04-03,41.68,41.96,41.54,41.65,39715900
2024-04-04,42.0,42.080002,41.13,41.18,52657500
2024-04-05,41.34,41.68,41.2,41.57,47539900
2024-04-08,41.58,41.82,41.56,41.75,35165700
2024-04-09,41.77,41.88,41.18,41.51,51971400
2024-04-10,41.11,41.27,40.76,40.89,59492800
2024-04-11,40.87,40.93,40.35,40.6,56870800
2024-04-12,40.33,40.5,39.91,40.060001,81224300
2024-04-15,40.58,40.74,39.74,39.86,71800600
2024-04-16,39.89,39.98,39.53,39.59,66751300
2024-04-17,39.77,39.95,39.53,39.69,41561900
2024-04-18,39.87,40.18,39.74,39.83,48893400
2024-04-19,40.049999,40.46,39.97,40.38,55508000
2024-04-22,40.6,41.099998,40.43,40.87,50701200
2024-04-23,41.060001,41.23,40.95,41.13,36488600
2024-04-24,41.02,41.18,40.91,41.12,33957500
2024-04-25,40.92,41.029999,40.53,40.88,50365700
2024-04-26,40.81,41.049999,40.72,40.82,35796900
2024-04-29,40.81,40.99,40.61,40.76,36596100
2024-04-30,40.67,40.76,40.36,40.36,34481600
2024-05-01,40.33,40.85,40.28,40.36,54717600
2024-05-02,40.64,40.7,40.17,40.46,37085100
2024-05-03,40.7,40.79,40.35,40.55,45012600
2024-05-06,40.86,41.07,40.77,41.07,42335600
2024-05-07,41.17,41.29,41.099998,41.21,42601200
2024-05-08,41.17,41.43,41.060001,41.36,28390900
2024-05-09,41.26,41.67,41.25,41.67,31594800
2024-05-10,41.82,41.91,41.77,41.83,34306800
2024-05-13,41.95,42.02,41.66,41.66,29570100
2024-05-14,41.82,41.9,41.66,41.87,30638300
2024-05-15,41.97,42.22,41.96,42.18,36138300
2024-05-16,42.22,42.38,42.16,42.18,36032700
2024-05-17,42.25,42.49,42.2,42.49,29813200
2024-05-20,42.4,42.46,41.89,41.91,35719600
2024-05-21,41.99,42.22,41.97,42.18,33413400
2024-05-22,42.09,42.27,41.85,41.94,38661100
2024-05-23,41.9,41.94,41.2,41.36,51768500
2024-05-24,41.44,41.62,41.44,41.61,23474500
2024-05-28,41.52,41.52,41.0,41.15,31004900
2024-05-29,40.82,40.95,40.7,40.82,40620200
2024-05-30,40.86,41.13,40.76,41.040001,32772600
2024-05-31,41.12,41.68,41.0,41.64,38664000
2024-06-03,41.63,41.68,41.02,41.38,37855000
2024-06-04,41.16,41.5,41.0,41.19,27586400
2024-06-05,41.32,41.36,41.0099983,41.31,23817300
2024-06-06,41.38,41.5,41.13,41.29,39040200
2024-06-07,41.3,41.71,41.22,41.48,42273300
2024-06-10,41.3,41.37,41.049999,41.32,31619000
2024-06-11,41.12,41.14,40.65,40.85,54584900
2024-06-12,41.27,41.32,40.75,40.81,46399800
2024-06-13,40.81,40.82,40.5,40.78,39497900
2024-06-14,40.5,40.73,40.37,40.65,29083000
2024-06-17,40.55,41.02,40.48,41.0099983,36076900
2024-06-18,40.96,41.27,40.92,41.27,38900300
2024-06-20,41.18,41.6,41.14,41.49,42869100
2024-06-21,41.39,41.43,41.09,41.33,42532800
2024-06-24,41.34,41.85,41.24,41.59,45252000
2024-06-25,41.51,41.64,41.16,41.28,32852900
2024-06-26,41.09,41.11,40.82,41.02,37978500
2024-06-27,40.9,41.02,40.72,40.97,25466100
2024-06-28,41.060001,41.37,40.94,41.11,44045100
2024-07-01,41.28,41.55,41.029999,41.2,36131100
2024-07-02,41.12,41.68,41.099998,41.68,27033100
2024-07-03,41.72,41.76,41.53,41.55,21113200
2024-07-05,41.64,41.64,41.3,41.54,21421100
2024-07-08,41.6,41.85,41.38,41.43,27779300
2024-07-09,41.47,42.02,41.42,41.75,33140000
2024-07-10,41.55,41.92,41.53,41.91,28445400
2024-07-11,41.95,42.31,41.82,42.24,45836600
2024-07-12,42.19,42.56,42.080002,42.38,39041200
2024-07-15,42.53,43.040001,42.5,43.0,46561200
2024-07-16,43.029999,43.51,42.95,43.49,52243100
2024-07-17,43.44,43.9,43.37,43.82,54773300
2024-07-18,43.67,44.11,43.19,43.29,58731300
2024-07-19,43.27,43.36,42.8,42.85,47220000
2024-07-22,42.95,43.17,42.75,43.09,29071100
2024-07-23,43.2,43.39,43.099998,43.17,23800400
2024-07-24,43.040001,43.13,42.58,42.58,47786900
2024-07-25,42.66,43.37,42.65,42.74,44862000
2024-07-26,42.97,43.54,42.95,43.41,32636300
2024-07-29,43.51,43.54,43.13,43.35,35195700
2024-07-30,43.62,44.0,43.6,43.85,31418700
2024-07-31,43.95,44.11,43.71,43.74,38694800
2024-08-01,43.9,43.96,42.93,43.12,47060900
2024-08-02,42.63,42.78,41.8,42.060001,78599800
2024-08-05,41.14,41.23,40.66,40.84,107913600
2024-08-06,41.02,41.99,40.91,41.5,57668900
2024-08-07,41.96,42.36,41.49,41.55,43912600
2024-08-08,41.82,42.27,41.76,42.22,41260500
2024-08-09,42.21,42.51,42.040001,42.4,23838800
2024-08-12,42.48,42.59,42.09,42.18,20509300
2024-08-13,42.43,42.56,42.12,42.53,24922000
2024-08-14,42.63,43.13,42.6,43.049999,30673000
2024-08-15,43.46,43.69,43.31,43.45,33329000
2024-08-16,43.4,43.77,43.4,43.77,25338900
2024-08-19,43.78,44.02,43.78,44.0099983,24458600
2024-08-20,43.96,44.0,43.78,43.87,19620400
2024-08-21,43.94,43.99,43.57,43.8,19914100
2024-08-22,43.85,44.049999,43.81,44.049999,24738700
2024-08-23,44.18,44.54,44.09,44.43,32762500
2024-08-26,44.58,44.81,44.47,44.57,23716300
2024-08-27,44.66,44.82,44.58,44.8,21583500
2024-08-28,44.68,45.16,44.64,44.91,24726200
2024-08-29,45.060001,45.46,44.75,45.31,33726600
2024-08-30,45.44,45.78,45.23,45.74,28967700
2024-09-03,45.5,45.88,45.19,45.4,39893900
2024-09-04,45.48,45.77,45.22,45.45,32006100
2024-09-05,45.64,45.66,44.75,44.95,39523500
2024-09-06,44.95,45.2,44.19,44.29,51331300
2024-09-09,44.71,45.2,44.65,44.95,41010900
2024-09-10,45.099998,45.14,43.98,44.49,59115000
2024-09-11,44.32,44.35,43.38,44.28,59397500
2024-09-12,44.36,44.52,44.0,44.38,37739400
2024-09-13,44.51,44.69,44.41,44.51,32912300
2024-09-16,44.7,45.099998,44.7,45.09,37063700
2024-09-17,45.19,45.48,45.14,45.33,27893300
2024-09-18,45.35,45.69,45.09,45.19,41783900
2024-09-19,45.65,45.81,45.34,45.69,46457700
2024-09-20,45.59,45.66,45.34,45.66,48699200
2024-09-23,45.49,45.67,45.36,45.44,31615300
2024-09-24,45.3,45.3,44.9,45.060001,40341400
2024-09-25,45.080002,45.14,44.65,44.79,32546900
2024-09-26,44.92,45.11,44.77,45.02,31445200
2024-09-27,45.12,45.44,45.049999,45.15,23226100
2024-09-30,45.040001,45.34,44.84,45.32,23593400
2024-10-01,45.2,45.31,44.78,45.080002,32703000
2024-10-02,45.060001,45.23,44.83,45.13,37709400
2024-10-03,44.96,45.049999,44.67,44.89,23545700
2024-10-04,45.33,45.69,45.15,45.65,40432000
2024-10-07,45.65,45.67,44.9,45.09,26599300
2024-10-08,45.26,45.46,45.18,45.35,28763000
2024-10-09,45.35,45.86,45.26,45.77,28334300
2024-10-10,45.82,45.86,45.44,45.63,34127400
2024-10-11,45.92,46.6,45.89,46.51,52850300
2024-10-14,46.59,46.85,46.46,46.8,35850800
2024-10-15,47.12,47.39,46.84,46.9,42356800
2024-10-16,47.080002,47.5,46.99,47.48,44973700
2024-10-17,47.68,47.81,47.58,47.61,45823400
2024-10-18,47.61,47.72,47.35,47.62,34279600
2024-10-21,47.54,47.65,47.15,47.24,26207400
2024-10-22,47.0,47.23,46.78,47.15,30018700
2024-10-23,47.099998,47.22,46.88,47.11,20697200
2024-10-24,47.12,47.21,46.86,47.15,19617500
2024-10-25,47.34,47.42,46.52,46.63,25526500
2024-10-28,46.87,47.25,46.86,47.21,31415900
2024-10-29,47.09,47.22,46.88,46.92,27930900
2024-10-30,46.98,47.43,46.94,47.13,28704300
2024-10-31,47.07,47.21,46.48,46.48,53417100
2024-11-01,46.63,47.0,46.52,46.64,40139900
2024-11-04,46.61,46.65,46.029999,46.28,41705600
2024-11-05,46.32,46.73,46.23,46.71,35221800
2024-11-06,49.040001,49.68,48.7,49.55,153473400
2024-11-07,49.44,49.44,48.66,48.75,70611400
2024-11-08,49.099998,49.47,48.85,49.19,60376500
2024-11-11,49.68,50.14,49.67,49.89,63654700
2024-11-12,49.87,49.94,49.59,49.74,58512400
2024-11-13,49.84,50.13,49.69,49.77,31880700
2024-11-14,49.88,49.99,49.55,49.64,38252800
2024-11-15,49.64,50.0099983,49.61,49.87,40741500
2024-11-18,49.91,50.11,49.7,50.02,27146800
2024-11-19,49.62,49.88,49.42,49.69,27014700
2024-11-20,49.89,49.92,49.3,49.54,33932500
2024-11-21,49.79,50.4,49.66,50.17,50881800
2024-11-22,50.14,50.78,50.13,50.73,42050800
2024-11-25,51.0099983,51.25,50.86,51.060001,47492500
2024-11-26,51.080002,51.26,50.76,51.16,28418400
2024-11-27,51.23,51.62,51.21,51.26,31803700
2024-11-29,51.44,51.57,51.25,51.34,15178400
2024-12-02,51.42,51.49,50.7,50.83,55483600
2024-12-03,51.13,51.13,50.45,50.45,46924300
2024-12-04,50.4,50.44,50.09,50.26,41017400
2024-12-05,50.34,50.67,50.3,50.41,33599300
2024-12-06,50.4,50.57,50.26,50.4,23439400
2024-12-09,50.44,50.49,49.69,49.71,41998300
2024-12-10,49.75,49.98,49.39,49.7,38861800
2024-12-11,49.9,49.92,49.58,49.8,35035900
2024-12-12,49.93,49.97,49.58,49.58,23107300
2024-12-13,49.78,49.8,49.43,49.54,39160400
2024-12-16,49.57,49.63,49.36,49.45,35242800
2024-12-17,49.26,49.27,48.93,49.099998,46103300
2024-12-18,49.19,49.3,47.59,47.63,72399500
2024-12-19,48.17,48.53,47.79,47.8,63641000
2024-12-20,47.7,48.89,47.6,48.51,56066100
2024-12-23,48.060001,48.46,47.87,48.42,43033300
2024-12-24,48.52,49.0099983,48.43,48.99,18350500
2024-12-26,48.77,49.13,48.74,49.11,20805600
2024-12-27,48.85,49.17,48.49,48.75,33852400
2024-12-30,48.25,48.5,47.86,48.28,34819800
2024-12-31,48.4,48.57,48.16,48.33,25170500
2025-01-02,48.58,48.77,47.94,48.21,35879100
2025-01-03,48.49,48.62,48.080002,48.59,25198100
2025-01-06,48.8,49.02,48.35,48.44,54289900
2025-01-07,48.65,48.76,48.12,48.33,57682700
2025-01-08,48.34,48.5,48.02,48.49,36422000
2025-01-10,48.099998,48.14,47.15,47.32,53128700
2025-01-13,47.080002,47.68,47.040001,47.66,36002800
2025-01-14,47.85,48.29,47.74,48.25,39353300
2025-01-15,49.28,49.61,49.0099983,49.48,61176900
2025-01-16,49.46,49.85,49.46,49.81,33830400
2025-01-17,49.91,50.32,49.73,50.23,43693100
2025-01-21,50.4,50.71,50.39,50.65,33267500
2025-01-22,50.65,50.66,50.21,50.41,37226400
2025-01-23,50.49,50.79,50.48,50.7,32048800
2025-01-24,50.53,50.9,50.48,50.85,39088700
2025-01-27,50.76,51.44,50.62,51.41,61707400
2025-01-28,51.35,51.55,51.11,51.32,39885300
2025-01-29,51.18,51.74,51.17,51.28,43612200
2025-01-30,51.75,52.040001,51.43,51.77,64250500
2025-01-31,51.83,51.97,51.44,51.47,40429500
2025-02-03,50.75,51.4,50.41,51.26,77416200
2025-02-04,51.32,51.39,51.0,51.14,41742700
2025-02-05,51.36,51.69,51.14,51.68,34758600
2025-02-06,51.98,52.13,51.76,52.11,34355900
2025-02-07,52.17,52.26,51.78,51.82,40601400
2025-02-10,51.91,51.98,51.19,51.41,37921500
2025-02-11,51.33,51.64,51.02,51.54,45162900
2025-02-12,51.28,51.38,50.92,51.36,45473100
2025-02-13,51.5,51.77,51.28,51.7,36372200
2025-02-14,51.77,52.02,51.75,51.8,29574300
2025-02-18,51.88,52.2,51.75,52.17,33496800
2025-02-19,52.040001,52.25,51.9,52.19,31748500
2025-02-20,52.11,52.15,51.040001,51.39,47078900
2025-02-21,51.41,51.5,50.65,50.75,51789900
2025-02-24,50.99,51.41,50.68,50.97,56673900
2025-02-25,51.27,51.41,50.31,50.96,50132800
2025-02-26,50.97,51.32,50.75,50.85,31250500
2025-02-27,51.029999,51.8,50.99,51.13,44378600
2025-02-28,51.39,52.26,51.17,52.18,63537100
2025-03-03,52.32,52.64,51.37,51.74,76100100
2025-03-04,51.22,51.28,49.64,49.92,99342400
2025-03-05,49.94,50.45,49.56,50.21,75561700
2025-03-06,49.62,49.96,49.060001,49.38,55477700
2025-03-07,49.2,49.33,48.25,49.12,87351400
2025-03-10,48.29,48.61,47.46,48.02,78221400
2025-03-11,47.95,48.080002,47.28,47.61,72972200
2025-03-12,48.12,48.19,47.22,47.68,60700100
2025-03-13,47.8,48.080002,47.28,47.42,49986300
2025-03-14,47.87,48.6,47.62,48.52,49535700
2025-03-17,48.33,49.33,48.32,49.09,43570500
2025-03-18,49.13,49.29,48.85,49.029999,32714200
2025-03-19,49.060001,49.83,48.86,49.57,44290700
2025-03-20,49.29,49.98,49.2,49.64,46326000
2025-03-21,49.39,49.64,49.029999,49.46,53382800
2025-03-24,49.79,50.27,49.66,50.15,43158200
2025-03-25,50.33,50.51,50.080002,50.43,24873700
2025-03-26,50.58,50.91,50.09,50.28,39729200
2025-03-27,50.19,50.45,49.79,50.18,32299800
2025-03-28,50.029999,50.3,49.02,49.21,45365400
2025-03-31,48.72,50.060001,48.58,49.81,38042300
2025-04-01,49.62,49.97,49.2,49.75,37959100
2025-04-02,49.35,50.33,49.27,50.16,41792100
2025-04-03,48.2,48.65,47.6,47.69,101160600
2025-04-04,46.07,46.41,44.09,44.2,128135300
2025-04-07,42.84,45.65,42.21,44.09,179993200
2025-04-08,45.8,46.22,43.24,43.92,98804200
2025-04-09,43.24,47.61,43.07,47.23,177242900
2025-04-10,46.53,46.6,44.54,45.91,93318200
2025-04-11,45.6,46.97,45.37,46.67,63647400
2025-04-14,47.35,47.62,46.87,47.15,52008900
2025-04-15,47.42,47.9,47.23,47.27,41840100
2025-04-16,47.17,47.34,46.18,46.53,47934300
2025-04-17,46.5,47.21,46.43,46.65,61856800
2025-04-21,46.41,46.55,45.14,45.65,43082300
2025-04-22,46.34,47.28,46.2,47.16,38154800
2025-04-23,48.040001,48.73,47.56,47.72,50290900
2025-04-24,47.55,48.34,47.36,48.25,26817900
2025-04-25,48.0099983,48.23,47.7,48.02,28113000
2025-04-28,48.22,48.57,47.83,48.17,33922800
2025-04-29,48.18,48.76,47.96,48.67,42475300
2025-04-30,48.15,48.93,47.5,48.76,33759900
2025-05-01,48.58,49.07,48.44,48.75,34420200
2025-05-02,49.49,49.94,49.33,49.76,35032100
2025-05-05,49.34,49.83,49.099998,49.44,24139900
2025-05-06,49.0,49.56,48.97,49.16,28949100
2025-05-07,49.32,49.72,49.26,49.45,30070100
2025-05-08,49.84,50.37,49.73,49.86,31294200
2025-05-09,49.96,50.040001,49.72,49.86,22075000
2025-05-12,51.11,51.2,50.55,50.87,44274100
2025-05-13,51.0,51.32,50.91,51.080002,33986100
2025-05-14,51.11,51.17,50.79,50.94,38764200
2025-05-15,50.87,51.36,50.83,51.28,34742500
2025-05-16,51.27,51.67,51.16,51.59,53401000
2025-05-19,51.32,51.77,51.24,51.62,26348400
2025-05-20,51.38,51.52,51.11,51.34,26903000
2025-05-21,51.02,51.17,50.25,50.29,40022000
2025-05-22,50.18,50.52,49.97,50.23,33662800
2025-05-23,49.59,50.29,49.57,50.049999,33645600
2025-05-27,50.44,50.96,50.26,50.93,38636400
2025-05-28,50.89,51.02,50.51,50.59,31730200
2025-05-29,50.76,50.86,50.36,50.85,34098400
2025-05-30,50.68,51.049999,50.46,50.96,37953200
2025-06-02,50.61,51.0,50.29,50.98,30142300
2025-06-03,50.82,51.13,50.41,51.080002,33705400
2025-06-04,51.15,51.21,50.78,50.79,24600500
2025-06-05,50.8,50.88,50.45,50.65,42014400
2025-06-06,51.17,51.44,51.049999,51.28,34982800
2025-06-09,51.34,51.36,50.69,51.0,28322100
2025-06-10,50.99,51.080002,50.88,51.060001,27728600
2025-06-11,51.11,51.34,50.81,51.0,39368400
2025-06-12,50.7,51.0099983,50.5,51.0,25500900
2025-06-13,50.35,50.46,49.81,49.96,54921900
2025-06-16,50.32,50.88,50.31,50.53,35632400
2025-06-17,50.27,50.48,50.09,50.24,31130700
2025-06-18,50.22,50.77,50.15,50.22,45728200
2025-06-20,50.37,50.58,50.22,50.36,44456100
2025-06-23,50.2,50.84,49.84,50.82,43022700
2025-06-24,51.32,51.77,51.28,51.58,41225000
2025-06-25,51.59,51.6,51.3,51.41,33123900
2025-06-26,51.44,51.83,51.41,51.79,37866000
2025-06-27,51.75,52.23,51.7,51.94,38954100
2025-06-30,52.18,52.44,52.14,52.37,42472900
2025-07-01,52.24,52.77,52.21,52.66,33844800
2025-07-02,52.75,52.76,52.34,52.62,40791100
2025-07-03,52.75,53.27,52.7,53.19,25904800
2025-07-07,53.13,53.25,52.42,52.68,34049000
2025-07-08,52.56,52.6,52.18,52.21,53715000
2025-07-09,52.48,52.5,52.14,52.4,36634900
2025-07-10,52.28,52.76,52.28,52.71,27992600
2025-07-11,52.36,52.41,52.080002,52.16,30289900
2025-07-14,52.15,52.58,52.02,52.55,27636500
2025-07-15,52.34,52.45,51.65,51.65,47704600
2025-07-16,51.93,52.060001,51.33,52.0099983,46726500
2025-07-17,51.87,52.6,51.81,52.51,48213900
2025-07-18,52.58,52.65,52.43,52.54,29791300
2025-07-21,52.57,52.94,52.37,52.39,36871400
2025-07-22,52.5,52.75,52.47,52.68,32289100
2025-07-23,52.8,53.099998,52.56,53.099998,32111300
2025-07-24,53.12,53.44,53.0099983,53.07,32371900
2025-07-25,53.099998,53.49,52.99,53.44,28964700
2025-07-28,53.38,53.44,52.96,53.07,29119300
2025-07-29,53.25,53.3,52.68,52.8,37883200
2025-07-30,52.78,53.029999,52.44,52.7,37260100
2025-07-31,52.48,52.99,52.27,52.37,46179400
2025-08-01,51.72,51.76,51.049999,51.4,63060800
2025-08-04,51.6,51.91,51.49,51.91,40053100
2025-08-05,52.049999,52.09,51.36,51.7,33551000
2025-08-06,51.81,52.029999,51.66,51.95,34198700
2025-08-07,52.18,52.25,51.22,51.37,43119400
2025-08-08,51.67,51.97,51.5,51.85,39484400
2025-08-11,51.96,52.029999,51.72,51.83,29351200
2025-08-12,52.049999,52.55,52.040001,52.46,37510000
2025-08-13,52.66,52.91,52.49,52.76,41154900
2025-08-14,52.71,53.049999,52.53,53.0099983,35841500
2025-08-15,53.13,53.16,52.42,52.46,46108500
2025-08-18,52.39,52.56,52.29,52.5,25405100
2025-08-19,52.45,52.87,52.45,52.6,24870800
2025-08-20,52.64,53.0099983,52.51,52.87,39138800
2025-08-21,52.72,52.8,52.35,52.7,29037000
2025-08-22,52.97,53.68,52.95,53.57,47249800
2025-08-25,53.47,53.58,53.24,53.26,24756500
2025-08-26,53.099998,53.69,53.099998,53.67,27907000
2025-08-27,53.54,53.94,53.51,53.78,39530100
2025-08-28,53.89,53.91,53.7,53.85,28837300
2025-08-29,53.9,54.14,53.8,53.99,36062400
2025-09-02,53.7,53.7,53.12,53.59,38733100
2025-09-03,53.5,53.6,53.13,53.5,36420100
2025-09-04,53.69,54.080002,53.57,54.060001,32730000
2025-09-05,54.11,54.25,52.87,53.07,58377100
2025-09-08,53.09,53.17,52.84,53.11,49490900
2025-09-09,52.98,53.59,52.96,53.34,38884500
2025-09-10,53.17,53.4,52.93,53.16,32915900
2025-09-11,53.19,54.07,53.18,54.029999,36635400
2025-09-12,53.96,54.07,53.71,53.8,25705900
2025-09-15,53.89,54.09,53.62,53.68,31922000
2025-09-16,53.61,53.67,53.27,53.56,28482500
2025-09-17,53.67,54.33,53.65,54.080002,47976100
2025-09-18,54.11,54.5,53.99,54.13,36609100
2025-09-19,54.26,54.41,53.92,54.25,46731400
2025-09-22,53.7,54.060001,53.64,54.0,32393000
2025-09-23,53.95,54.49,53.63,53.76,28698900
2025-09-24,53.83,53.96,53.5,53.61,23893400
2025-09-25,53.47,53.71,53.24,53.47,24757500
2025-09-26,53.71,54.099998,53.64,53.86,30686100
2025-09-29,54.040001,54.15,53.74,54.13,20713800
2025-09-30,54.060001,54.24,53.42,53.87,32442200
2025-10-01,53.61,53.76,53.37,53.39,33210100
2025-10-02,53.31,53.48,53.060001,53.35,32443400
2025-10-03,53.42,53.97,53.38,53.72,32111600
2025-10-06,53.93,54.07,53.3,53.7,32001300
2025-10-07,53.88,54.049999,53.52,53.77,31250500
2025-10-08,53.93,53.95,53.34,53.51,26848700
2025-10-09,53.63,53.81,53.19,53.32,33922400
2025-10-10,53.46,53.68,52.16,52.16,73596200
2025-10-13,52.55,52.82,52.34,52.66,39651900
2025-10-14,52.45,53.65,52.25,53.24,62588700
2025-10-15,53.43,53.76,52.86,53.24,39526600
2025-10-16,53.09,53.12,51.54,51.76,85420100
2025-10-17,51.9,52.36,51.73,52.18,52288900
2025-10-20,52.36,52.9,52.29,52.79,39479600
2025-10-21,52.66,53.13,52.66,52.73,31213600
2025-10-22,52.78,52.82,52.12,52.43,53727500
2025-10-23,52.59,52.68,52.29,52.54,29483700
2025-10-24,52.85,53.28,52.81,53.11,31947800
2025-10-27,53.37,53.43,53.2,53.33,27154100
2025-10-28,53.33,53.4,52.94,52.99,33648000
2025-10-29,52.45,52.58,51.87,52.09,61846300
2025-10-30,52.02,52.82,52.02,52.23,48568700
2025-10-31,52.0099983,52.5,51.94,52.37,40425800
2025-11-03,52.33,52.34,51.65,52.15,38693200
2025-11-04,51.95,52.54,51.84,52.42,44675200
2025-11-05,52.49,52.82,52.18,52.6,38036300
2025-11-06,52.51,52.7,52.17,52.41,42625700
2025-11-07,52.28,52.8,52.09,52.78,46218700
2025-11-10,52.93,53.15,52.65,52.97,42010600
2025-11-11,53.07,53.34,52.88,53.21,29995800
2025-11-12,53.22,53.89,53.22,53.67,46052700
2025-11-13,53.57,53.76,52.88,52.98,50455300
2025-11-14,52.81,52.81,52.27,52.45,46154600
2025-11-17,52.47,52.49,51.25,51.45,70048500
2025-11-18,51.28,51.75,51.15,51.37,66043600
2025-11-19,51.38,51.65,51.19,51.56,46003900
2025-11-20,52.029999,52.39,51.080002,51.11,70096400
2025-11-21,51.46,51.97,51.14,51.67,68942900
2025-11-24,51.74,51.97,51.33,51.89,43789100
2025-11-25,52.11,52.66,51.91,52.54,50989800
2025-11-26,52.67,53.15,52.6,52.95,35268500
2025-11-28,53.099998,53.55,53.029999,53.33,16136100
2025-12-01,53.07,53.4,52.84,52.89,29296300
2025-12-02,52.99,53.14,52.64,52.84,29771500
2025-12-03,52.94,53.6,52.88,53.55,32018000
2025-12-04,53.59,53.91,53.47,53.66,33678700
2025-12-05,53.54,53.93,53.45,53.68,28532300
2025-12-08,53.7,53.71,53.28,53.48,31164200
2025-12-09,53.5,53.95,53.25,53.28,46335400
2025-12-10,53.28,54.080002,53.21,53.89,45437500
2025-12-11,53.96,54.98,53.93,54.87,51786500
2025-12-12,55.16,55.21,54.71,54.95,64428900
2025-12-15,55.18,55.31,54.82,54.99,35356800
2025-12-16,55.040001,55.16,54.48,54.64,37342300
2025-12-17,54.8,55.07,54.58,54.63,41112400
2025-12-18,54.77,55.02,54.36,54.54,35021600
2025-12-19,54.56,55.02,54.56,54.84,46595300
2025-12-22,54.75,55.44,54.74,55.32,37987800
2025-12-23,55.31,55.56,55.31,55.43,24732900
2025-12-24,55.51,55.89,55.41,55.73,15685800
2025-12-26,55.71,55.8,55.44,55.62,20410100
2025-12-29,55.59,55.68,55.26,55.32,34223800
2025-12-30,55.4,55.4,55.14,55.18,16160900
2025-12-31,55.22,55.26,54.75,54.77,22996200
2026-01-02,54.83,55.0,54.34,54.93,36087100
2026-01-05,54.82,56.51,54.82,56.13,58044100
2026-01-06,56.040001,56.52,55.99,56.4,38950800
2026-01-07,56.23,56.34,55.54,55.61,44720900
2026-01-08,55.45,56.25,55.41,55.9,35358300
2026-01-09,55.98,56.16,55.72,55.73,29544900
2026-01-12,55.029999,55.36,54.84,55.29,42021600
2026-01-13,55.15,55.23,54.15,54.23,77045100
2026-01-14,54.049999,54.18,53.69,54.15,59754600
2026-01-15,54.22,54.7,54.21,54.37,48490800
2026-01-16,54.37,54.76,54.29,54.44,44363200
2026-01-20,53.61,54.11,53.099998,53.2,57030800
2026-01-21,53.37,53.83,53.24,53.46,49360300
2026-01-22,53.65,54.049999,53.64,53.81,46919300
2026-01-23,53.49,53.51,52.88,53.07,47057500
2026-01-26,53.099998,53.55,53.09,53.41,31072700
2026-01-27,53.32,53.43,52.84,53.0,38633700
2026-01-28,52.93,53.21,52.76,52.99,45450800
2026-01-29,53.32,53.63,52.99,53.55,51975400
2026-01-30,53.38,53.66,53.02,53.44,42767000
2026-02-02,53.45,54.09,53.2,54.029999,48031500
2026-02-03,53.72,54.17,53.16,53.53,66887100
2026-02-04,53.51,54.18,53.4,53.96,59506400
2026-02-05,53.94,54.060001,53.18,53.29,64475000
2026-02-06,53.83,54.35,53.83,54.26,53073800
2026-02-09,54.080002,54.39,53.9,53.94,31699900
2026-02-10,53.7,54.26,53.12,53.55,57920800
2026-02-11,53.67,53.93,52.69,52.74,60339900
2026-02-12,52.9,53.11,51.43,51.69,94645100
2026-02-13,51.55,51.93,51.25,51.65,56449300
2026-02-17,51.82,52.41,51.82,52.2,54064700
2026-02-18,52.35,52.78,52.28,52.59,45224000
2026-02-19,52.14,52.38,51.74,52.15,47344400
2026-02-20,52.040001,52.5,51.72,52.49,52934100
2026-02-23,52.19,52.47,50.64,50.73,94600400
2026-02-24,50.45,51.18,50.24,50.98,64114100
2026-02-25,51.24,51.89,51.17,51.87,47652800
2026-02-26,52.07,52.66,51.98,52.5,60884300
2026-02-27,51.88,52.060001,51.0099983,51.43,81998700
2026-03-02,50.61,51.63,50.46,51.3,70107200
2026-03-03,50.29,51.55,50.080002,51.21,94738700
2026-03-04,51.33,51.65,51.080002,51.5,51472400
2026-03-05,51.24,51.82,50.91,51.23,58430700
2026-03-06,50.44,50.62,49.75,50.57,75632700
2026-03-09,49.92,50.52,49.18,50.33,78178700
2026-03-10,50.33,50.69,49.75,50.060001,70834200
2026-03-11,49.98,50.12,49.22,49.64,56301200
2026-03-12,48.98,49.22,48.79,48.83,67871700
2026-03-13,49.11,49.46,48.85,48.89,47595200
2026-03-16,49.25,49.75,49.11,49.3,45720100
2026-03-17,49.7,50.19,49.51,49.56,46974000
2026-03-18,49.37,49.71,48.92,48.97,49239100
2026-03-19,48.77,49.18,48.52,48.99,58374000
2026-03-20,48.96,49.34,48.79,49.080002,82914000
2026-03-23,49.7,49.86,49.22,49.27,81044800
2026-03-24,48.8,49.59,48.78,49.28,43296400
2026-03-25,49.59,49.95,48.99,49.34,40438800
2026-03-26,49.11,49.49,48.88,49.049999,45035700
2026-03-27,48.79,48.84,47.67,47.81,64823900
2026-03-30,48.23,48.72,48.09,48.36,58128900
2026-03-31,48.92,49.46,48.51,49.37,85361900
2026-04-01,49.8,49.85,49.14,49.44,61558300
2026-04-02,48.83,49.81,48.6,49.53,39519800
2026-04-06,49.51,50.0099983,49.45,49.88,27345800
2026-04-07,49.62,50.02,49.5,49.88,31750000
2026-04-08,51.19,51.48,50.96,51.2,48175400
2026-04-09,50.94,51.54,50.8,51.33,30330500
2026-04-10,51.23,51.29,50.64,50.77,35427500
2026-04-13,50.5,51.67,50.42,51.66,33635900
2026-04-14,51.51,51.91,51.44,51.78,36498400
2026-04-15,52.07,52.33,51.82,52.17,33804700
2026-04-16,52.09,52.41,51.92,52.029999,25432000
2026-04-17,52.37,52.98,52.3,52.43,45183400
2026-04-20,52.34,52.76,52.26,52.63,26160600
2026-04-21,52.71,53.19,52.2,52.3,34150100
2026-04-22,52.48,52.65,52.07,52.21,31838400
2026-04-23,52.080002,52.17,51.3,51.8,44647900
2026-04-24,51.58,51.67,51.32,51.42,27225300
2026-04-27,51.31,51.9,51.27,51.81,25764300
2026-04-28,52.2,52.4,51.8,51.85,24337500
2026-04-29,52.13,52.3,51.7,51.92,22153100
2026-04-30,51.51,52.25,51.2,52.13,31406400
2026-05-01,52.4,52.61,51.92,51.92,39618200
2026-05-04,51.78,52.19,51.49,51.58,44456300
2026-05-05,51.57,51.77,51.38,51.59,27419600
2026-05-06,51.92,52.24,51.78,51.84,39084600
2026-05-07,51.78,52.080002,51.42,51.55,36983100
2026-05-08,51.68,51.74,51.14,51.24,29627700
2026-05-11,51.26,51.46,50.96,51.18,30759200
2026-05-12,51.18,51.7,50.81,51.58,44193700
2026-05-13,51.14,51.33,50.96,50.99,33440200
2026-05-14,51.27,51.49,51.099998,51.29,37059700
2026-05-15,51.32,51.5,51.040001,51.099998,29789800
2026-05-18,51.0099983,51.8,50.97,51.74,32974600
2026-05-19,51.63,51.79,51.049999,51.099998,35956300
2026-05-20,51.23,51.71,50.78,51.66,42148400
2026-05-21,51.46,51.83,51.21,51.73,33344200
2026-05-22,51.9,52.17,51.84,51.94,23308000
2026-05-26,52.0,52.23,51.72,51.85,24530200
2026-05-27,51.74,51.99,51.3,51.42,45239100
2026-05-28,51.19,51.5,51.02,51.27,40564600
2026-05-29,51.28,51.79,51.17,51.58,34240300
2026-06-01,51.23,51.6,51.19,51.43,34507600
2026-06-02,51.23,51.66,50.98,51.46,30988800
2026-06-03,51.14,51.16,50.52,50.87,44906700
2026-06-04,51.54,52.3,51.48,52.19,57368100
2026-06-05,52.38,52.48,52.060001,52.3,42101700
2026-06-08,52.24,52.47,51.96,51.97,39102700
2026-06-09,52.18,52.7,52.040001,52.46,41695100
2026-06-10,52.5,52.81,52.21,52.23,31128400
2026-06-11,52.35,52.77,52.040001,52.62,41295600
2026-06-12,52.96,53.55,52.81,53.34,51023300
2026-06-15,53.76,53.97,53.48,53.56,37492400
2026-06-16,54.0099983,54.43,53.85,54.35,37478300
2026-06-17,54.29,54.89,53.9,54.049999,49571900
2026-06-18,54.55,54.61,53.46,53.57,37816800
2026-06-22,53.62,54.02,53.57,53.7,27962800
2026-06-23,53.63,54.029999,53.49,53.88,33375300
2026-06-24,53.86,54.099998,53.54,53.72,30809600
2026-06-25,53.92,54.68,53.4,53.45,31634800
2026-06-26,53.56,53.94,53.2,53.57,26643000
2026-06-29,53.7,54.029999,53.68,53.72,31628000
2026-06-30,53.66,53.85,53.4,53.61,27725300
2026-07-01,53.83,55.080002,53.75,54.78,47809800
2026-07-02,55.28,55.64,55.0099983,55.62,46246100
2026-07-06,55.85,56.16,55.58,56.14,32043700
2026-07-07,56.31,56.59,56.0099983,56.049999,27116500
2026-07-08,55.79,55.8,54.95,54.97,41648100
2026-07-09,55.07,55.69,54.97,55.54,26542000
2026-07-10,55.99,56.029999,55.36,55.71,24046300
2026-07-13,55.98,56.16,55.61,56.07,33391000
2026-07-14,55.6,56.8,55.59,56.18,43208800
2026-07-15,56.3,56.82,56.18,56.56,49425400
2026-07-16,56.76,56.84,56.39,56.75,27591200
2026-07-17,56.43,56.94,56.12,56.26,42881800
2026-07-20,56.3,56.38,55.89,56.040001,38162600
2026-07-21,55.99,56.34,55.72,56.11,26399000
2026-07-22,56.14,56.28,55.91,56.049999,25430900
2026-07-23,55.68,55.86,55.45,55.83,24311000
2026-07-24,55.83,56.38,55.69,56.31,32212900
2026-07-27,56.76,57.13,56.59,56.88,29805900
2026-07-28,57.13,57.6,56.95,57.6,34204400
2026-07-29,57.29,57.47,56.59,56.68,49038800
2026-07-30,56.82,57.049999,56.18,57.0,33184200
2026-07-31,56.81,57.12,56.69,56.94,32543500
2026-08-03,57.29,57.55,57.0,57.38,31019400
2026-08-04,57.22,58.02,57.19,57.88,31466100
2026-08-05,58.18,58.41,57.8,58.0,34275600
2026-08-06,58.38,58.38,57.59,57.81,27704200
2026-08-07,57.61,57.79,57.34,57.6,20816700
2026-08-10,57.54,58.02,57.46,57.81,26070800
2026-08-11,57.78,58.099998,57.72,57.8,19797000
2026-08-12,57.83,58.0,57.68,57.92,18531700
2026-08-13,58.19,58.31,57.75,58.26,23193500
2026-08-14,58.22,58.29,58.060001,58.16,28130100
2026-08-17,57.96,58.27,57.55,57.58,45636700
2026-08-18,57.73,57.98,57.57,57.84,25389400
2026-08-19,57.88,58.2,57.42,57.48,35648300
2026-08-20,57.47,57.66,56.91,56.95,30704200
2026-08-21,57.32,57.7,57.25,57.48,27273100
