date,open,high,low,close,volume,SMA_20,SMA_50,SMA_200,EMA_20,EMA_50,EMA_100,EMA_200,RSI_14,MACD,MACD_Signal,MACD_Hist,MACD_Hist_Subiendo,ATR_14,BB_PctB,BB_Width,Vol_SMA_10,Vol_SMA_20,VolRel10,VolRel20,Stoch_K,Stoch_D,Body,Mecha_Sup,Mecha_Inf,Position_52w_Pct,RS_vs_SPY,Dist_EMA_20_pct,Dist_SMA_20_pct,Dist_SMA_50_pct,Dist_SMA_200_pct,Dist_BUY_ZONE,High_52W,Low_52W,Ret_1,Ret_5,Ret_20,Swing_High_20,Dist_EMA_20,TP_Dinamico,VWAP,ADX_14,Plus_DI,Minus_DI,Tenkan,Kijun,Senkou_A,Senkou_B,Chikou,Fib_236,Fib_382,Fib_500,Fib_618,Fib_786,Pivot_PP,Pivot_R1,Pivot_R2,Pivot_R3,Pivot_S1,Pivot_S2,Pivot_S3,Vol_Dryup,Vol_Climax,BB_Squeeze,BB_Breakout,MACD_Cross_Up,Golden_Cross,SMA20_Cross_Up,Oversold,Overbought,Trend_Up,Breakout_Vol,TP_Agotamiento,Vol_Climax_Up,MACD_Divergence,Trend_Weakness,Overextended,Exhaustion_Gap,Stoch_Extreme,Stop_Loss_Triggered,BUY_ZONE,ACC,REB,ROIC,ROE,Net_Margin,Gross_Margin,Operating_Margin,EBITDA_Margin,Current_PE,Current_PB,Current_EV_EBITDA,Current_EV_Sales,Current_FCF_Yield,Market_Cap,PE_5y_mean,PE_5y_max,PE_5y_min,PE_5y_pct,PE_5y_signal,Currency,FX_Rate,Asset_Type,Risk_Score
2025-08-22,2.18,2.24,2.18,2.23,16213101,,,,2.23,2.23,2.23,2.23,,0.0,0.0,0.0,0,,0.5,0.05,,,,,,,0.04999999999999982,0.010000000000000231,0.0,,0,0.0,,,,0,,,,,,,0.0,,0,25,20,20,,,,,2.23,,,,,,2.216666666666667,2.2533333333333334,2.276666666666667,2.3133333333333335,2.1933333333333334,2.1566666666666667,2.1333333333333333,0,0,0,0,0,0,0,0,0,0,0,0,0,0,0,0,0,0,0,0,0,0,,,,,,,,,,,,,,,,,,USD,1.0,stock,25.0
2025-08-25,2.22,2.23,2.2,2.2,14712176,,,,2.2271428571428573,2.228823529411765,2.2294059405940594,2.2297014925373135,,-0.0023931623931625623,-0.00047863247863251247,-0.0019145299145300499,0,,0.5,0.05,,,,,,,0.020000000000000018,0.009999999999999787,0.0,,0,-1.2337662337662334,,,,0,,,-1.3452914798206206,,,,-1.2187299550994224,,0,25,20,20,,,,,2.2,,,,,,2.21,2.2199999999999998,2.2399999999999998,2.2499999999999996,2.19,2.18,2.16,0,0,0,0,0,0,0,0,0,0,0,0,0,0,0,0,0,0,0,0,0,0,,,,,,,,,,,,,,,,,,USD,1.0,stock,25.0
2025-08-26,2.21,2.22,2.18,2.2,30245515,,,,2.224557823129252,2.2276931949250294,2.2288236447407117,2.2294059552981365,,-0.004240874668225203,-0.0012310809165510506,-0.0030097937516741524,0,,0.5,0.05,,,,,,,0.009999999999999787,0.010000000000000231,0.020000000000000018,,0,-1.1162646876932742,,,,0,,,0.0,,,,-1.1039417754808867,,0,25,20,20,,,,,2.2,,,,,,2.2,2.22,2.24,2.2600000000000002,2.18,2.16,2.14,0,0,0,0,0,0,0,0,0,0,0,0,0,0,0,0,0,0,0,0,0,0,,,,,,,,,,,,,,,,,,USD,1.0,stock,25.0
2025-08-27,2.2,2.22,2.18,2.21,34046053,,,,2.223171363783609,2.226999344143656,2.2284508993003014,2.229212861215568,,-0.004842462636798661,-0.0019533572606005726,-0.0028891053761980886,1,,0.5,0.05,,,,,,,0.009999999999999787,0.010000000000000231,0.020000000000000018,,0,-0.595989311475513,,,,0,,,0.4545454545454408,,,,-0.5924583231943277,,0,25,20,20,,,,,2.21,,,,,,2.2033333333333336,2.226666666666667,2.2433333333333336,2.266666666666667,2.186666666666667,2.1633333333333336,2.146666666666667,0,0,0,0,0,0,0,0,0,0,0,0,0,0,0,0,0,0,0,0,0,0,,,,,,,,,,,,,,,,,,USD,1.0,stock,25.0
2025-08-28,2.22,2.25,2.2,2.23,30687392,,,,2.223821710089932,2.227117016922336,2.2284815745616817,2.2292206934422794,,-0.0036631658869707984,-0.002295318985874618,-0.0013678469010961806,1,,0.5,0.05,,,,,,,0.009999999999999787,0.020000000000000018,0.020000000000000018,,0,0.277053359195883,,,,0,,,0.9049773755656076,,,,0.27782307736434225,,0,25,20,20,,,,,2.23,,,,,,2.2266666666666666,2.253333333333333,2.2766666666666664,2.303333333333333,2.203333333333333,2.1766666666666667,2.1533333333333333,0,0,0,0,0,0,0,0,0,0,0,0,0,0,0,0,0,0,0,0,0,0,,,,,,,,,,,,,,,,,,USD,1.0,stock,25.0
2025-08-29,2.23,2.27,2.23,2.24,26810041,,,,2.2253624996051764,2.2276222319449897,2.228709662194124,2.229327950223948,,-0.0018997491640346809,-0.0022162050215066304,0.00031645585747194956,1,,0.5,0.05,,,,,,,0.010000000000000231,0.029999999999999805,0.0,,0,0.6534598390546343,,,,0,,,0.4484304932735439,0.4484304932735439,,,0.6577580235768687,,0,25,20,20,,,,,2.24,,,,,,2.2466666666666666,2.263333333333333,2.2866666666666666,2.3033333333333332,2.223333333333333,2.2066666666666666,2.183333333333333,0,0,0,0,0,0,0,0,0,0,0,0,0,0,0,0,0,0,0,0,0,0,,,,,,,,,,,,,,,,,,USD,1.0,stock,25.0
2025-09-02,2.2,2.22,2.18,2.19,30552820,,,,2.2219946424999217,2.226146850300088,2.227943134229884,2.228936627336148,,-0.00448510929091972,-0.0026699858753892487,-0.0018151234155304712,0,,0.5,0.05,,,,,,,0.010000000000000231,0.020000000000000018,0.009999999999999787,,0,-1.4609425799051046,,,,0,,,-2.2321428571428714,-0.454545454545463,,,-1.4399063745682688,,0,25,20,20,,,,,2.19,,,,,,2.1966666666666668,2.2133333333333334,2.236666666666667,2.2533333333333334,2.1733333333333333,2.1566666666666667,2.1333333333333333,0,0,0,0,0,0,0,0,0,0,0,0,0,0,0,0,0,0,0,0,0,0,,,,,,,,,,,,,,,,,,USD,1.0,stock,25.0
2025-09-03,2.16,2.17,2.11,2.15,60316633,,,,2.215138009880882,2.223160699307928,2.226399705829292,2.2281511882581766,,-0.00965044717618957,-0.004066078135549313,-0.005584369040640256,0,,0.5,0.05,,,,,,,0.010000000000000231,0.009999999999999787,0.040000000000000036,,0,-3.02967487818056,,,,0,,,-1.82648401826484,-2.272727272727282,,,-2.940584721598669,,0,25,20,20,,,,,2.15,,,,,,2.143333333333333,2.1766666666666663,2.203333333333333,2.2366666666666664,2.1166666666666663,2.083333333333333,2.056666666666666,0,0,0,0,0,0,0,0,0,0,0,0,0,0,0,0,0,0,0,0,0,0,,,,,,,,,,,,,,,,,,USD,1.0,stock,25.0
2025-09-04,2.16,2.2,2.16,2.19,28328392,,,,2.2127439137017504,2.221860279727225,2.225678919575247,2.2277715744446627,,-0.010396504525888695,-0.00533216341361719,-0.005064341112271505,1,,0.5,0.05,,,,,,,0.029999999999999805,0.010000000000000231,0.0,,0,-1.0385348722260475,,,,0,,,1.8604651162790642,-0.9049773755656076,,,-1.0278601857592107,,0,25,20,20,2.19,,,,2.19,,,,,,2.1833333333333336,2.206666666666667,2.2233333333333336,2.246666666666667,2.166666666666667,2.1433333333333335,2.126666666666667,0,0,0,0,0,0,0,0,0,0,0,0,0,0,0,0,0,0,0,0,0,0,,,,,,,,,,,,,,,,,,USD,1.0,stock,25.0
2025-09-05,2.25,2.26,2.21,2.23,37929858,,,,2.2143873504920597,2.2221794844438043,2.2257644855242518,2.227793747833273,,-0.0076716605175231045,-0.005800062834398373,-0.0018715976831247313,1,,0.5,0.05,30984198.1,,1.2241678121726183,,,,0.020000000000000018,0.009999999999999787,0.020000000000000018,,0,0.7001188120152592,,,,0,,,1.82648401826484,0.0,,,0.7050550349500049,,0,25,20,20,2.19,,,,2.23,,,,,,2.233333333333333,2.256666666666666,2.2833333333333328,2.3066666666666658,2.206666666666666,2.183333333333333,2.1566666666666663,0,0,0,0,0,0,0,0,0,0,0,0,0,0,0,0,0,0,0,0,0,0,,,,,,,,,,,,,,,,,,USD,1.0,stock,25.0
2025-09-08,2.22,2.23,2.17,2.2,71328423,,,,2.2130171266356733,2.221309700740126,2.2252542976920884,2.2275171931284645,,-0.00784254728569822,-0.006208559724658343,-0.0016339875610398777,1,,0.5,0.05,36495730.3,,1.9544319955696299,,,,0.020000000000000018,0.009999999999999787,0.03000000000000025,,0,-0.591687574348778,,,,0,,,-1.3452914798206206,-1.7857142857142905,,,-0.5882072252853429,,0,25,20,20,2.19,,,,2.2,,,,,,2.2,2.2300000000000004,2.2600000000000002,2.2900000000000005,2.1700000000000004,2.14,2.1100000000000003,0,0,0,0,0,0,0,0,0,0,0,0,0,0,0,0,0,0,0,0,0,0,,,,,,,,,,,,,,,,,,USD,1.0,stock,25.0
2025-09-09,2.2,2.24,2.2,2.22,66028288,,,,2.2136821621941807,2.221258339926788,2.225150252193235,2.227442395186888,,-0.006291617576596575,-0.00622517129504599,-6.644628155058532e-05,1,,0.5,0.05,41627341.5,,1.5861759512074534,,,,0.020000000000000018,0.020000000000000018,0.0,,0,0.2845872885504286,,,,0,,,0.9090909090909038,1.3698630136986356,,,0.28539949924687175,,0,25,20,20,2.19,,,,2.22,,,,,,2.22,2.24,2.2600000000000002,2.2800000000000002,2.2,2.18,2.16,0,0,0,0,0,0,0,0,0,0,0,0,0,0,0,0,0,0,0,0,0,0,,,,,,,,,,,,,,,,,,USD,1.0,stock,25.0
2025-09-10,2.25,2.27,2.24,2.26,41055716,,,,2.2180933848423536,2.2227776207139724,2.2258403462092105,2.227766351453685,,-0.0018139191711568081,-0.005342920870268154,0.0035290016991113456,1,,0.5,0.05,42708361.6,,0.9613039335135721,,,,0.009999999999999787,0.010000000000000231,0.009999999999999787,,0,1.8542750069754939,,,,0,,,1.8018018018017834,5.116279069767438,,,1.889307972514628,,0,25,20,20,2.19,,,,2.26,,,,,,2.2566666666666664,2.2733333333333325,2.286666666666666,2.3033333333333323,2.2433333333333327,2.2266666666666666,2.213333333333333,0,0,0,0,0,0,0,0,0,0,0,0,0,0,0,0,0,0,0,0,0,0,,,,,,,,,,,,,,,,,,USD,1.0,stock,25.0
2025-09-11,2.26,2.3,2.25,2.29,36907540,,,,2.2249416339049866,2.2254137924506794,2.2271108344030877,2.228385591737728,58.33333333333334,0.004108082931921775,-0.003452720109830168,0.007560803041751943,1,0.051428571428571414,0.5,0.05,42994510.3,,0.8584244765778855,,94.73684210526326,,0.03000000000000025,0.009999999999999787,0.009999999999999787,,0,2.8409766853717677,,,,0,,,1.3274336283185972,4.566210045662111,,,2.9240482133830086,,0,25,20,20,2.205,,,,2.29,,,,,,2.28,2.3099999999999996,2.3299999999999996,2.3599999999999994,2.26,2.23,2.21,0,0,0,0,0,0,0,0,0,0,0,0,0,0,0,0,0,0,0,0,0,0,,,,,,,,,,,,,,,,,,USD,1.0,stock,25.0
2025-09-12,2.27,2.31,2.27,2.3,38457509,,,,2.2320900497235594,2.2283387417663394,2.228554184216888,2.229098172914467,59.459459459459445,0.00949873320718897,-0.0008624294464263402,0.01036116265361531,1,0.04999999999999998,0.5,0.05,43771522.0,,0.8785965678780829,,94.99999999999989,,0.029999999999999805,0.010000000000000231,0.0,,0,2.9526065337582796,,,,0,,,0.4366812227074135,3.139013452914785,,,3.0424377495366266,,0,25,20,20,2.21,,,,2.3,,,,,,2.2933333333333334,2.316666666666667,2.3333333333333335,2.356666666666667,2.276666666666667,2.2533333333333334,2.236666666666667,0,0,0,0,0,0,0,0,0,0,0,0,0,0,0,0,0,0,0,0,0,0,,,,,,,,,,,,,,,,,,USD,1.0,stock,25.0
2025-09-15,2.32,2.35,2.31,2.33,40685138,,,,2.241414806892744,2.2323254577755027,2.230563012252197,2.2301021711939253,67.56756756756755,0.016007091876333757,0.0025114748181256793,0.013495617058208077,1,0.05142857142857144,0.5,0.05,45159031.7,,0.9009302562171633,,91.66666666666667,93.80116959064327,0.010000000000000231,0.020000000000000018,0.009999999999999787,,0,3.8019396183371716,,,,0,,,1.3043478260869712,5.909090909090908,,,3.9521998710297215,,0,25,20,20,2.23,,,,2.33,,,,,,2.33,2.35,2.37,2.39,2.31,2.29,2.27,0,0,0,0,0,0,0,0,0,0,0,0,0,0,0,0,0,0,0,0,0,0,,,,,,,,,,,,,,,,,,USD,1.0,stock,25.0
2025-09-16,2.35,2.38,2.33,2.36,42342436,,,,2.2527086348077208,2.2373323025686207,2.2331261209204705,2.2313946869034385,69.99999999999997,0.02331697867550586,0.0066725755896017164,0.016644403085904147,1,0.052142857142857144,0.5,0.05,46337993.3,,0.9137736225621148,,92.59259259259258,93.08641975308637,0.009999999999999787,0.020000000000000018,0.020000000000000018,,0,4.546244287808436,,,,0,,,1.2875536480686511,6.306306306306286,,,4.762771515786237,,0,25,20,20,2.27,,,,2.36,,,,,,2.356666666666667,2.3833333333333337,2.4066666666666667,2.4333333333333336,2.333333333333334,2.306666666666667,2.283333333333334,0,0,0,0,0,0,0,0,0,0,0,0,0,0,0,0,0,0,0,0,0,0,,,,,,,,,,,,,,,,,,USD,1.0,stock,25.0
2025-09-17,2.36,2.4,2.355,2.36,41235334,,,,2.2629268600641286,2.2421428005071062,2.2356384749616494,2.2326743417601205,69.23076923076921,0.028778377407900013,0.011093735953261376,0.017684641454638637,1,0.05249999999999999,0.5,0.05,44429863.4,,0.9280994998512645,,86.20689655172413,90.15538527032778,0.0,0.040000000000000036,0.004999999999999893,,0,4.113268641350479,,,,0,,,0.0,4.424778761061954,,,4.289716192290915,,0,25,20,20,2.285,,,,2.36,,,,,,2.3716666666666666,2.388333333333333,2.4166666666666665,2.433333333333333,2.3433333333333333,2.3266666666666667,2.2983333333333333,0,0,0,0,0,0,0,0,0,0,0,0,0,0,0,0,0,0,0,0,0,0,,,,,,,,,,,,,,,,,,USD,1.0,stock,25.0
2025-09-18,2.35,2.35,2.29,2.3,44834692,,,,2.2664576352961165,2.2444117102911414,2.236912960605973,2.2333442488072834,58.139534883720906,0.027942967555412146,0.01446358227369153,0.013479385281720616,0,0.05392857142857142,0.5,0.05,46080493.4,,0.9729646688201476,,65.5172413793103,81.43891017454233,0.050000000000000266,0.0,0.009999999999999787,,0,1.458363682777534,,,,0,,,-2.5423728813559365,0.4366812227074135,,,1.479946687796832,,0,25,20,20,2.285,,,,2.3,,,,,,2.3133333333333335,2.336666666666667,2.3733333333333335,2.396666666666667,2.276666666666667,2.2533333333333334,2.216666666666667,0,0,0,0,0,0,0,0,0,0,0,0,0,0,0,0,0,0,0,0,0,0,,,,,,,,,,,,,,,,,,USD,1.0,stock,25.0
2025-09-19,2.31,2.32,2.27,2.3,50256676,2.2495000000000003,,,2.269652146220296,2.2465916432209005,2.2381622089108055,2.234007490112684,57.142857142857096,0.026970005790011076,0.01696486697695544,0.010005138813055637,0,0.05464285714285712,0.5,0.05,47313175.2,39148686.65,1.0622131317029002,1.2837384929233635,65.5172413793103,72.41379310344824,0.010000000000000231,0.009999999999999787,0.029999999999999805,,0,1.3194719034653795,2.195652173913024,,,0,,,0.0,0.0,,2.4,1.3371147570010984,2.4,0,25,20,20,2.3,,,,2.3,,,,,,2.2966666666666664,2.323333333333333,2.3466666666666662,2.3733333333333326,2.273333333333333,2.2466666666666666,2.223333333333333,0,0,0,0,0,0,0,0,0,0,0,0,0,0,0,0,0,0,0,0,0,0,,,,,,,,,,,,,,,,,,USD,1.0,stock,25.0
2025-09-22,2.28,2.29,2.27,2.27,27338298,2.2515,,,2.2696852751516965,2.2475096179965512,2.2387926602195023,2.2343656245394237,60.00000000000002,0.02350720092207581,0.018273333765979515,0.005233867156096295,0,0.052499999999999956,0.5,0.05,42914162.7,39704946.5,0.6370460537961282,0.6885363263239758,55.17241379310349,62.06896551724136,0.009999999999999787,0.010000000000000231,0.0,,0,0.01386453076226991,0.8149779735682803,,,0,,,-1.304347826086949,-2.5751072961373467,1.7937219730941756,2.4,0.013866453280950684,2.4,0,25,20,20,2.3200000000000003,,,,2.27,,,,,,2.276666666666667,2.2833333333333337,2.296666666666667,2.3033333333333337,2.2633333333333336,2.256666666666667,2.2433333333333336,0,0,0,0,0,0,0,0,0,0,0,0,0,0,0,0,0,0,0,0,0,0,,,,,,,,,,,,,,,,,,USD,1.0,stock,25.0
2025-09-23,2.28,2.34,2.28,2.32,57483250,2.2575,,,2.2744771537086774,2.250352378075118,2.2404007263537697,2.23521770787734,70.7317073170732,0.02451489282415409,0.019521645577614433,0.004993247246539656,0,0.05178571428571423,0.5,0.05,42059658.9,41843500.2,1.3667074698981927,1.373767723188702,66.6666666666666,62.45210727969347,0.040000000000000036,0.020000000000000018,0.0,,0,1.9621916504880352,2.6939655172413794,,,0,,,2.2026431718061623,-1.6949152542372947,5.454545454545445,2.4,2.0014642141863046,2.4,0,25,20,20,2.325,,,,2.32,,,,,,2.313333333333333,2.3466666666666662,2.373333333333333,2.4066666666666663,2.286666666666666,2.253333333333333,2.226666666666666,0,0,0,0,0,0,0,0,0,0,0,0,0,0,0,0,0,0,0,0,0,0,,,,,,,,,,,,,,,,,,USD,1.0,stock,27.0
2025-09-24,2.3,2.32,2.28,2.29,35177662,2.2619999999999996,,,2.2759555200221366,2.2519071867780545,2.2413828901883486,2.235762805311396,62.50000000000004,0.022631860635478507,0.020143688589187247,0.0024881720462912593,0,0.0510714285714285,0.5,0.05,41471853.5,42090107.55,0.8482298000015842,0.8357703044168154,52.17391304347831,58.00433116774946,0.009999999999999787,0.020000000000000018,0.010000000000000231,,0,0.6132960689023318,1.2227074235808064,,,0,,,-1.2931034482758563,-2.9661016949152463,4.090909090909078,2.4,0.6170805999638692,2.4,0,25,20,20,2.335,,,,2.29,,,,,,2.2966666666666664,2.313333333333333,2.3366666666666664,2.353333333333333,2.273333333333333,2.2566666666666664,2.233333333333333,0,0,0,0,0,0,0,0,0,0,0,0,0,0,0,0,0,0,0,0,0,0,,,,,,,,,,,,,,,,,,USD,1.0,stock,25.0
2025-09-25,2.28,2.33,2.27,2.3,47390239,2.2664999999999997,,,2.278245470496219,2.253793179453425,2.242543625036104,2.2364019813779494,59.45945945945947,0.02169635837215189,0.020454222545780176,0.001242135826371716,0,0.0503571428571428,0.5,0.05,42520123.4,42757316.85,1.114536723098974,1.1083539027075315,56.52173913043474,58.45410628019321,0.020000000000000018,0.03000000000000025,0.009999999999999787,,0,0.945849108860038,1.4565217391304386,,,0,,,0.4366812227074135,0.0,4.072398190045234,2.4,0.9548808407832617,2.4,0,25,20,20,2.335,,,,2.3,,,,,,2.3,2.3299999999999996,2.36,2.3899999999999997,2.2699999999999996,2.2399999999999998,2.2099999999999995,0,0,0,0,0,0,0,0,0,0,0,0,0,0,0,0,0,0,0,0,0,0,,,,,,,,,,,,,,,,,,USD,1.0,stock,25.0
2025-09-26,2.3,2.31,2.27,2.3,26937420,2.27,,,2.2803173304489603,2.255605211631722,2.2436813750353894,2.2370347974836418,64.70588235294116,0.020716163056187398,0.020506610647861623,0.00020955240832577424,0,0.04892857142857137,0.5,0.05,41368114.5,42569818.25,0.6511638329564187,0.632782123752666,49.999999999999886,52.89855072463765,0.0,0.010000000000000231,0.029999999999999805,,0,0.8557682413495425,1.304347826086948,,,0,,,0.0,0.0,3.139013452914785,2.4,0.8631548463986919,2.4,0,25,20,20,2.335,,,,2.3,,,,,,2.2933333333333334,2.316666666666667,2.3333333333333335,2.356666666666667,2.276666666666667,2.2533333333333334,2.236666666666667,0,0,0,0,0,0,0,0,0,0,0,0,0,0,0,0,0,0,0,0,0,0,,,,,,,,,,,,,,,,,,USD,1.0,stock,25.0
2025-09-29,2.32,2.33,2.28,2.29,43648798,2.2725,,,2.2812394894538213,2.256954026861851,2.244598575529738,2.237561814424103,60.60606060606062,0.01891440133506217,0.020188168785301736,-0.0012737674502395664,0,0.0496428571428571,0.5,0.05,41664480.5,43411756.1,1.0476261188472036,1.0054603158520923,31.249999999999947,45.923913043478194,0.029999999999999805,0.010000000000000231,0.010000000000000231,,0,0.38255504568466236,0.7641921397379944,,,0,,,-0.43478260869563856,0.8810572687224738,2.232142857142838,2.4,0.3840241494450119,2.4,0,25,20,20,2.335,2.255,2.295,,2.29,,,,,,2.3,2.32,2.35,2.37,2.2699999999999996,2.2499999999999996,2.2199999999999993,0,0,0,0,0,0,0,0,0,0,0,0,0,0,0,0,0,0,0,0,0,0,,,,,,,,,,,,,,,,,,USD,1.0,stock,25.0
2025-09-30,2.28,2.285,2.22,2.23,49283734,2.2745,,,2.276359538077267,2.255897006200602,2.2443094948261786,2.2374865724895354,45.71428571428573,0.012500891139478831,0.018650713256137156,-0.006149822116658325,0,0.05107142857142853,0.5,0.05,42358610.3,44348301.8,1.1634879815686494,1.1112879636802688,5.555555555555446,28.93518518518509,0.04999999999999982,0.0050000000000003375,0.009999999999999787,,0,-2.0789030527922425,-1.9955156950672737,,,0,,,-2.6200873362445476,-3.87931034482758,1.82648401826484,2.4,-2.0365648440766395,2.4,0,25,20,20,2.285,2.255,2.27,,2.23,,,,,,2.2450000000000006,2.270000000000001,2.3100000000000005,2.335000000000001,2.205000000000001,2.1800000000000006,2.140000000000001,0,0,0,0,0,0,0,0,0,0,0,0,0,0,0,0,0,0,0,0,0,0,,,,,,,,,,,,,,,,,,USD,1.0,stock,25.0
2025-10-01,2.24,2.24,2.19,2.21,49824204,2.2775,,,2.270039582069908,2.2540971236044998,2.2436300988890263,2.2372130742558087,38.23529411764701,0.0057381593208369885,0.016068202469077125,-0.010330043148240136,0,0.05107142857142856,0.5,0.05,43217497.3,43823680.35,1.1528711080639091,1.1369242291399655,9.523809523809534,15.443121693121642,0.03000000000000025,0.0,0.020000000000000018,,0,-2.7167231705840726,-3.054298642533932,,,0,,,-0.8968609865470878,-3.493449781659397,2.7906976744185963,2.4,-2.6448693910069023,2.4,0,25,20,20,2.2649999999999997,2.255,2.26,,2.21,,,,,,2.2133333333333334,2.236666666666667,2.2633333333333336,2.286666666666667,2.1866666666666665,2.163333333333333,2.1366666666666663,0,0,0,0,0,0,0,0,0,0,0,0,0,0,0,0,0,0,0,0,0,0,,,,,,,,,,,,,,,,,,USD,1.0,stock,25.0
2025-10-02,2.22,2.24,2.17,2.19,57601251,2.2775,,,2.2624167647299167,2.251583510914127,2.2425681167328078,2.236743292422418,34.28571428571428,-0.0012211110136641778,0.012610339772528864,-0.013831450786193042,0,0.05321428571428572,0.5,0.05,44494153.2,45287323.3,1.2945802281275913,1.2719067236194992,8.695652173913052,7.925005751092677,0.03000000000000025,0.020000000000000018,0.020000000000000018,,0,-3.306701585840948,-3.995433789954334,,,0,,,-0.9049773755656076,-4.7826086956521685,0.0,2.4,-3.2008587391528525,2.4,0,25,20,20,2.255,2.255,2.255,,2.19,,,,,,2.1999999999999997,2.2299999999999995,2.27,2.3,2.1599999999999993,2.1299999999999994,2.089999999999999,0,0,0,0,0,0,0,0,0,0,0,0,0,0,0,0,0,0,0,0,0,0,,,,,,,,,,,,,,,,,,USD,1.0,stock,25.0
2025-10-03,2.18,2.2,2.17,2.17,28175901,2.2745,,,2.253615168088972,2.2483841575449457,2.241131124322257,2.2360791800600057,26.47058823529403,-0.00825505659182113,0.008437260499658865,-0.016692317091479995,0,0.05178571428571429,0.5,0.05,42286075.7,44799625.45,0.6663162881298063,0.6289316197843345,0.0,6.073153899240862,0.010000000000000231,0.020000000000000018,0.0,,0,-3.8532335524871923,-4.815668202764989,,,0,,,-0.91324200913242,-5.6521739130434785,-2.6905829596412634,2.4,-3.7102682513393064,2.4,0,25,20,20,2.255,2.255,2.255,,2.17,,,,,,2.18,2.1900000000000004,2.2100000000000004,2.2200000000000006,2.16,2.15,2.13,0,0,0,0,0,0,0,0,0,0,0,0,0,0,0,0,0,0,0,0,0,0,,,,,,,,,,,,,,,,,,USD,1.0,stock,27.0
2025-10-06,2.2,2.21,2.16,2.18,32518901,2.2735,,,2.2466041996995463,2.2457024258765164,2.239920607008945,2.235521178268364,21.874999999999986,-0.012874187097877687,0.004174970980151555,-0.01704915807802924,0,0.05178571428571429,0.5,0.05,42804136.0,42859149.35,0.7597139911900103,0.7587388339054844,8.333333333333348,5.676328502415466,0.020000000000000018,0.009999999999999787,0.020000000000000018,,0,-3.0552385183278035,-4.288990825688059,,,0,,,0.4608294930875667,-4.803493449781648,-0.909090909090915,2.4,-2.964661051931335,2.4,0,25,20,20,2.245,2.255,2.25,,2.18,,,,,,2.1833333333333336,2.206666666666667,2.2333333333333334,2.256666666666667,2.156666666666667,2.1333333333333337,2.1066666666666674,0,0,0,0,0,0,0,0,0,0,0,0,0,0,0,0,0,0,0,0,0,0,,,,,,,,,,,,,,,,,,USD,1.0,stock,27.0
2025-10-07,2.18,2.18,2.14,2.16,39676493,2.2704999999999997,,,2.2383561806805417,2.242341546430379,2.23833802073154,2.234769723758231,20.588235294117638,-0.01794189120264722,-0.0002484014564082004,-0.017693489746239018,0,0.05142857142857144,0.5,0.05,41023460.3,41541559.6,0.9671659267611806,0.9551035970252787,9.523809523809534,5.9523809523809605,0.020000000000000018,0.0,0.020000000000000018,,0,-3.6276009574324775,-5.115740740740722,,,0,,,-0.9174311926605561,-3.139013452914796,-2.7027027027027084,2.4,-3.5006126976948946,2.4,0,25,20,20,2.2350000000000003,2.255,2.245,,2.16,,,,,,2.16,2.18,2.2,2.22,2.14,2.12,2.1,0,0,0,0,0,0,0,0,0,0,0,0,0,0,0,0,0,0,0,0,0,0,,,,,,,,,,,,,,,,,,USD,1.0,stock,27.0
2025-10-08,2.16,2.19,2.145,2.17,42572939,2.266,,,2.2318460682347756,2.2395046230409523,2.2369847925982422,2.234125248894965,27.586206896551673,-0.020910127852223237,-0.004380746735571209,-0.016529381116652028,1,0.04964285714285716,0.5,0.05,41762988.0,41617420.75,1.0193939906790195,1.02295957396639,14.999999999999922,10.952380952380935,0.009999999999999787,0.020000000000000018,0.015000000000000124,,0,-2.8500492274090172,-4.423963133640557,,,0,,,0.4629629629629539,-1.8099547511312264,-3.9823008849557473,2.4,-2.7710723026562185,2.4,0,25,20,20,2.2350000000000003,2.255,2.245,,2.17,,,,,,2.1683333333333334,2.191666666666667,2.2133333333333334,2.236666666666667,2.146666666666667,2.1233333333333335,2.101666666666667,0,0,0,0,0,0,0,0,0,0,0,0,0,0,0,0,0,0,0,0,0,0,,,,,,,,,,,,,,,,,,USD,1.0,stock,27.0
2025-10-09,2.18,2.19,2.13,2.15,59739030,2.259,,,2.2240512045933687,2.2359946378236604,2.2352623214576828,2.233288181741782,25.806451612903174,-0.024592818926936655,-0.008423161173844299,-0.016169657753092356,1,0.05035714285714289,0.5,0.05,42997867.1,42758995.25,1.3893486823675494,1.3971102372897781,9.523809523809534,11.349206349206328,0.03000000000000025,0.009999999999999787,0.020000000000000018,,0,-3.444242074110176,-5.069767441860465,,,0,,,-0.9216589861751112,-1.82648401826484,-6.113537117903933,2.4,-3.3295638356000814,2.4,0,25,20,20,2.23,2.2649999999999997,2.2474999999999996,,2.15,,,,,,2.1566666666666667,2.1833333333333336,2.216666666666667,2.2433333333333336,2.1233333333333335,2.0966666666666667,2.0633333333333335,0,0,0,0,0,0,0,0,0,0,0,0,0,0,0,0,0,0,0,0,0,0,,,,,,,,,,,,,,,,,,USD,1.0,stock,27.0
2025-10-10,2.15,2.16,2.11,2.11,59933409,2.2495,,,2.213189185108286,2.231053671634497,2.23278187944862,2.2320614336647497,24.99999999999993,-0.030388741348128523,-0.012816277208701144,-0.01757246413942738,0,0.05178571428571436,0.5,0.05,46297466.0,43832790.25,1.2945289273499332,1.3673190471829477,0.0,8.174603174603151,0.040000000000000036,0.010000000000000231,0.0,,0,-4.890482706553839,-6.611374407582938,,,0,,,-1.8604651162790753,-2.7649769585253448,-8.260869565217387,2.4,-4.6624656311628065,2.4,0,25,20,20,2.1975,2.255,2.22625,,2.11,,,,,,2.1266666666666665,2.143333333333333,2.1766666666666667,2.1933333333333334,2.093333333333333,2.076666666666666,2.0433333333333326,0,0,0,0,0,0,0,0,0,0,0,0,0,0,0,0,0,0,0,0,0,0,,,,,,,,,,,,,,,,,,USD,1.0,stock,27.0
2025-10-13,2.13,2.16,2.12,2.14,28801417,2.2399999999999998,,,2.2062187865265446,2.2274829394135365,2.2309446145090432,2.2311453994989314,20.00000000000003,-0.03219023337216065,-0.016691068441393047,-0.015499164930767601,1,0.050357142857142954,0.5,0.05,44812727.9,43238604.2,0.6427061763405838,0.6661042263709336,13.636363636363738,7.720057720057757,0.010000000000000231,0.020000000000000018,0.009999999999999787,,0,-3.094335818997404,-4.672897196261665,,,0,,,1.4218009478673022,-1.834862385321101,-8.154506437768239,2.4,-3.0014605501025056,2.4,0,25,20,20,2.175,2.255,2.215,,2.14,,,,,,2.14,2.16,2.18,2.2,2.12,2.1,2.08,0,0,0,0,0,0,0,0,0,0,0,0,0,0,0,0,0,0,0,0,0,0,,,,,,,,,,,,,,,,,,USD,1.0,stock,27.0
2025-10-14,2.11,2.17,2.1,2.16,30125028,2.23,,,2.20181699733354,2.224836549632614,2.229539770657379,2.2304374850760564,27.586206896551744,-0.03163937688532359,-0.019680730130179156,-0.011958646755144433,1,0.05250000000000009,0.5,0.05,42896857.3,42627733.8,0.702266550421632,0.7067001999529237,26.086956521739154,13.24110671936763,0.050000000000000266,0.009999999999999787,0.009999999999999787,,0,-1.9359720987750022,-3.240740740740733,,,0,,,0.9345794392523477,0.0,-8.474576271186429,2.4,-1.899204038491008,2.4,0,25,20,20,2.17,2.25,2.21,,2.16,,,,,,2.143333333333333,2.186666666666666,2.213333333333333,2.256666666666666,2.1166666666666663,2.0733333333333333,2.0466666666666664,0,0,0,0,0,0,0,0,0,0,0,0,0,0,0,0,0,0,0,0,0,0,,,,,,,,,,,,,,,,,,USD,1.0,stock,27.0
2025-10-15,2.16,2.19,2.15,2.17,30103538,2.2205,,,2.1987868071112984,2.2226860967058446,2.2283607652978272,2.2298361170653496,27.586206896551744,-0.0300495106704477,-0.021754486238232864,-0.008295024432214835,1,0.051071428571428656,0.5,0.05,40924790.7,42071144.0,0.7355819659695901,0.7155388500963986,30.434782608695585,23.386034255599494,0.009999999999999787,0.020000000000000018,0.010000000000000231,,0,-1.326580972870896,-2.3271889400921655,,,0,,,0.4629629629629539,0.0,-8.05084745762712,2.35,-1.3092131996697625,2.35,0,25,20,20,2.1550000000000002,2.25,2.2025,,2.17,,,,,,2.17,2.19,2.21,2.23,2.15,2.13,2.11,0,0,0,0,0,0,0,0,0,0,0,0,0,0,0,0,0,0,0,0,0,0,,,,,,,,,,,,,,,,,,USD,1.0,stock,27.0
2025-10-16,2.18,2.23,2.16,2.23,26545963,2.217,,,2.2017594921483177,2.2229729164428704,2.2283932253909398,2.2298377477413167,40.00000000000003,-0.023675119639756215,-0.022138612918537533,-0.001536506721218682,1,0.05321428571428578,0.5,0.05,37819261.9,41156707.55,0.7019164750013274,0.6449972454125525,56.52173913043474,37.68115942028982,0.04999999999999982,0.0,0.020000000000000018,,0,1.266390486622525,0.582959641255601,,,0,,,2.764976958525356,3.7209302325581506,-3.0434782608695587,2.34,1.2826336369794533,2.34,0,25,20,20,2.165,2.25,2.2075,,2.23,,,,,,2.206666666666667,2.253333333333334,2.276666666666667,2.3233333333333337,2.183333333333334,2.136666666666667,2.113333333333334,0,0,0,0,0,0,0,0,0,0,0,0,0,0,0,0,0,0,0,0,0,0,,,,,,,,,,,,,,,,,,USD,1.0,stock,25.0
2025-10-17,2.22,2.27,2.2019,2.25,38702090,2.2145,,,2.20635382622943,2.224032802072562,2.2288210823138916,2.2300383671667765,44.444444444444436,-0.0168156951041456,-0.02107402935565915,0.004258334251513549,1,0.0545071428571429,0.5,0.05,38871880.8,40578978.25,0.9956320405263231,0.9537472767688526,81.08108108108101,56.01253427340378,0.029999999999999805,0.020000000000000018,0.018100000000000005,,0,1.9398299453586572,1.5777777777777717,,,0,,,0.8968609865470878,6.635071090047395,-2.1739130434782483,2.34,1.978203733766462,2.34,0,25,20,20,2.185,2.25,2.2175000000000002,,2.25,,,,,,2.2406333333333333,2.2793666666666663,2.308733333333333,2.347466666666666,2.2112666666666665,2.1725333333333334,2.1431666666666667,0,0,0,0,0,0,0,0,0,0,0,0,0,0,0,0,0,0,0,0,0,0,,,,,,,,,,,,,,,,,,USD,1.0,stock,25.0
2025-10-20,2.27,2.29,2.25,2.27,28865054,2.2145,,,2.212415366588532,2.2258354372854026,2.229636506426488,2.230435995354172,56.25,-0.009654428643435242,-0.01879010921321437,0.009135680569779127,1,0.052364285714285766,0.5,0.05,38506496.1,40655316.05,0.7496151798657162,0.7099945789254294,89.4736842105263,75.69216814068068,0.0,0.020000000000000018,0.020000000000000018,,0,2.5367679916946266,2.4449339207048406,,,0,,,0.8888888888888946,6.074766355140171,0.0,2.34,2.602794858555947,2.34,0,25,20,20,2.1950000000000003,2.25,2.2225,,2.27,,,,,,2.27,2.29,2.31,2.33,2.25,2.23,2.21,0,0,0,0,0,0,0,0,0,0,0,0,0,0,0,0,0,0,0,0,0,0,,,,,,,,,,,,,,,,,,USD,1.0,stock,25.0
2025-10-21,2.25,2.25,2.21,2.22,55592364,2.2095,,,2.213137712627719,2.225606596607544,2.2294456845170525,2.2303321546043793,51.428571428571466,-0.007922331802212579,-0.016616553731014012,0.008694221928801434,0,0.05307857142857147,0.5,0.05,40098083.2,40560771.75,1.3864095129614573,1.3705943353999421,63.15789473684218,77.90422000948315,0.029999999999999805,0.0,0.010000000000000231,,0,0.3091120437964417,0.47297297297299085,,,0,,,-2.2026431718061623,2.77777777777779,-4.310344827586188,2.33,0.31007050908428213,2.33,0,25,20,20,2.1950000000000003,2.25,2.2225,,2.22,,,,,,2.2266666666666666,2.243333333333333,2.2666666666666666,2.283333333333333,2.203333333333333,2.1866666666666665,2.163333333333333,0,0,0,0,0,0,0,0,0,0,0,0,0,0,0,0,0,0,0,0,0,0,,,,,,,,,,,,,,,,,,USD,1.0,stock,25.0
2025-10-22,2.2,2.23,2.18,2.2,51906184,2.205,,,2.21188650190127,2.2246024163484246,2.2288626016553286,2.2300303421207537,51.428571428571466,-0.008070434484420463,-0.014907329881695304,0.006836895397274841,0,0.05165000000000001,0.5,0.05,41031407.7,41397197.85,1.265035418221832,1.253857427453873,52.63157894736848,68.42105263157899,0.0,0.029999999999999805,0.020000000000000018,,0,-0.5402955409668154,-0.2272727272727224,,,0,,,-0.9009009009009028,1.382488479262678,-3.9301310043668103,2.33,-0.5373920357600929,2.33,0,25,20,20,2.1950000000000003,2.25,2.2225,,2.2,,,,,,2.2033333333333336,2.226666666666667,2.2533333333333334,2.276666666666667,2.176666666666667,2.1533333333333338,2.1266666666666674,0,0,0,0,0,0,0,0,0,0,0,0,0,0,0,0,0,0,0,0,0,0,,,,,,,,,,,,,,,,,,USD,1.0,stock,25.0
2025-10-23,2.22,2.22,2.18,2.21,61317754,2.2005,,,2.21170683505353,2.224029772570055,2.2284890847908665,2.22983103523398,55.88235294117648,-0.00729677778832194,-0.01338521946302063,0.006088441674698691,0,0.052364285714285703,0.5,0.05,41189280.1,42093573.6,1.4886823428603695,1.456701077049918,57.89473684210521,57.89473684210529,0.010000000000000231,0.0,0.029999999999999805,,0,-0.0772323553633423,0.42986425339366807,,,0,,,0.4545454545454408,-0.8968609865470878,-3.913043478260869,2.33,-0.07717275302847967,2.33,0,25,20,20,2.1950000000000003,2.225,2.21,,2.21,,,,,,2.2033333333333336,2.226666666666667,2.2433333333333336,2.266666666666667,2.186666666666667,2.1633333333333336,2.146666666666667,0,0,0,0,0,0,0,0,0,0,0,0,0,0,0,0,0,0,0,0,0,0,,,,,,,,,,,,,,,,,,USD,1.0,stock,25.0
2025-10-24,2.23,2.24,2.18,2.19,67435522,2.195,,,2.2096395174293844,2.222695271684955,2.2277269246959976,2.2294347065251845,51.4285714285714,-0.00820292393481692,-0.01234876035737989,0.004145836422562971,0,0.05307857142857143,0.5,0.05,41939491.4,44118478.7,1.6079241723947086,1.5285096854438909,47.36842105263152,52.6315789473684,0.040000000000000036,0.010000000000000231,0.009999999999999787,,0,-0.8967816177801102,-0.22831050228310015,,,0,,,-0.9049773755656076,-2.6666666666666727,-4.7826086956521685,2.33,-0.8888109247897741,2.33,0,25,20,20,2.1950000000000003,2.2199999999999998,2.2075,,2.19,,,,,,2.203333333333333,2.226666666666666,2.263333333333333,2.286666666666666,2.166666666666666,2.143333333333333,2.106666666666666,0,0,0,0,0,0,0,0,0,0,0,0,0,0,0,0,0,0,0,0,0,0,,,,,,,,,,,,,,,,,,USD,1.0,stock,25.0
2025-10-27,2.24,2.25,2.2,2.22,87810023,2.1915,,,2.210626230055157,2.222589574756133,2.227573916286176,2.229340828848317,58.33333333333334,-0.006426224489081367,-0.011164253183720187,0.0047380286946388205,1,0.054507142857142865,0.5,0.05,47840352.0,46326539.95,1.835480286599898,1.8954582641995907,63.15789473684218,56.140350877192965,0.020000000000000018,0.009999999999999787,0.020000000000000018,,0,0.42224188940734547,1.2837837837837924,,,0,,,1.3698630136986356,-2.2026431718061623,-3.056768558951961,2.29,0.42403233153571984,2.29,0,25,20,20,2.2199999999999998,2.2199999999999998,2.2199999999999998,,2.22,,,,,,2.223333333333333,2.246666666666666,2.273333333333333,2.296666666666666,2.1966666666666663,2.1733333333333333,2.1466666666666665,0,0,0,0,0,0,0,0,0,0,0,0,0,0,0,0,0,0,0,0,0,0,,,,,,,,,,,,,,,,,,USD,1.0,stock,25.0
2025-10-28,2.21,2.215,2.19,2.21,36054776,2.1904999999999997,,,2.210566589097523,2.2220958659421672,2.2272259179438754,2.229148382790125,55.55555555555556,-0.005758710969042458,-0.01008314474078464,0.004324433771742183,0,0.053435714285714316,0.5,0.05,48433326.8,45665092.05,0.7444208024132672,0.7895478664648833,57.89473684210521,56.140350877192965,0.0,0.004999999999999893,0.020000000000000018,,0,-0.025637515725014902,0.8823529411764839,,,0,,,-0.45045045045045695,-0.45045045045045695,-0.8968609865470878,2.29,-0.025630944587565797,2.29,0,25,20,20,2.225,2.2199999999999998,2.2225,,2.21,,,,,,2.2049999999999996,2.2199999999999993,2.2299999999999995,2.244999999999999,2.1949999999999994,2.1799999999999997,2.1699999999999995,0,0,0,0,0,0,0,0,0,0,0,0,0,0,0,0,0,0,0,0,0,0,,,,,,,,,,,,,,,,,,USD,1.0,stock,25.0
2025-10-29,2.21,2.23,2.18,2.18,78378772,2.1889999999999996,,,2.2076554853739494,2.2204450476699256,2.226290751251917,2.2286593441553975,54.054054054054085,-0.007563266348282305,-0.009579169062284175,0.0020159027140018698,0,0.052721428571428586,0.5,0.05,53260850.2,47092820.45,1.4716019685318504,1.6643465235474124,42.10526315789479,54.38596491228072,0.029999999999999805,0.020000000000000018,0.0,,0,-1.268600246511433,-0.4128440366972226,,,0,,,-1.3574660633484115,-0.909090909090915,-1.3574660633484115,2.29,-1.2527083848531169,2.29,0,25,20,20,2.2350000000000003,2.215,2.225,,2.18,,,,,,2.1966666666666668,2.2133333333333334,2.2466666666666666,2.263333333333333,2.1633333333333336,2.146666666666667,2.1133333333333337,0,0,0,0,0,0,0,0,0,0,0,0,0,0,0,0,0,0,0,0,0,0,,,,,,,,,,,,,,,,,,USD,1.0,stock,25.0
2025-10-30,2.27,2.325,2.24,2.3,129866890,2.1945,,,2.216450201052621,2.2235648497220857,2.2277503403360375,2.2293692014274833,71.11111111111111,0.0006817488542880668,-0.007526985478969727,0.008208734333257793,1,0.059507142857142856,0.5,0.05,63592942.9,50706102.4,2.0421588320612223,2.5611688505563386,88.88888888888873,62.96296296296291,0.029999999999999805,0.025000000000000355,0.029999999999999805,,0,3.6325999542338705,4.586956521739118,,,0,,,5.504587155963292,4.072398190045234,5.022831050228316,2.325,3.7695319708829973,2.325,0,25,20,20,2.2525000000000004,2.215,2.23375,,2.3,,,,,,2.2883333333333336,2.336666666666667,2.3733333333333335,2.421666666666667,2.251666666666667,2.2033333333333336,2.166666666666667,0,0,0,0,0,0,0,0,0,0,0,0,0,0,0,0,0,0,0,0,0,0,,,,,,,,,,,,,,,,,,USD,1.0,stock,27.0
2025-10-31,2.31,2.36,2.29,2.31,38027637,2.2015000000000002,2.2318000000000002,,2.225359705714276,2.226954463458475,2.2293790464679972,2.2301714979306926,69.76744186046513,0.007931470179899591,-0.004435294347195863,0.012366764527095455,1,0.06093571428571425,0.5,0.05,63525497.6,51198689.2,0.598620057090273,0.742746300622087,80.76923076923082,70.58779427200479,0.0,0.04999999999999982,0.020000000000000018,,0,3.664082003710998,4.696969696969689,3.3852813852813775,,0,,,0.43478260869567187,5.47945205479452,6.451612903225823,2.36,3.803443284624271,2.36,0,25,20,20,2.27,2.23,2.25,,2.31,,,,,,2.3200000000000003,2.3500000000000005,2.39,2.4200000000000004,2.2800000000000007,2.2500000000000004,2.210000000000001,0,0,0,0,0,0,0,0,0,0,0,0,0,0,0,0,0,0,0,0,0,0,,,,,,,,,,,,,,,,,,USD,1.0,stock,25.0
2025-11-03,2.36,2.37,2.34,2.35,30177177,2.21,2.2342,,2.237230209931964,2.231779778616966,2.2317675802013044,2.2313638213343676,71.11111111111111,0.016711947341790268,-0.00020584600939863723,0.016917793351188905,1,0.06022142857142855,0.5,0.05,63656709.9,51081603.0,0.47406121125967904,0.5907640956373276,90.9090909090909,86.85573685573682,0.009999999999999787,0.010000000000000231,0.010000000000000231,,0,4.798714470980255,5.957446808510643,4.92765957446809,,0,,,1.7316017316017396,5.8558558558558405,7.7981651376146655,2.37,5.040598395614612,2.37,0,25,20,20,2.2750000000000004,2.2350000000000003,2.2550000000000003,,2.35,,,,,,2.3533333333333335,2.366666666666667,2.3833333333333337,2.3966666666666674,2.336666666666667,2.3233333333333333,2.3066666666666666,0,0,0,0,0,0,0,0,0,0,0,0,0,0,0,0,0,0,0,0,0,0,,,,,,,,,,,,,,,,,,USD,1.0,stock,27.0
2025-11-04,2.35,2.4,2.35,2.39,25447751,2.2215,2.238,,2.2517797137479674,2.2379844931810067,2.234900895444843,2.2329422907738268,72.91666666666669,0.026591672214020257,0.005153657635285141,0.021438014578735114,1,0.06093571428571425,0.5,0.05,60642248.6,50370165.9,0.41963732525577885,0.5052147545140406,95.83333333333343,89.17055167055172,0.040000000000000036,0.009999999999999787,0.0,,0,5.783275575398859,7.050209205020934,6.359832635983269,,0,,,1.7021276595744705,8.144796380090513,10.64814814814814,2.4,6.138268561891095,2.4,0,25,20,20,2.29,2.25,2.27,2.25,2.39,,,,,,2.3800000000000003,2.4100000000000006,2.43,2.4600000000000004,2.3600000000000008,2.3300000000000005,2.310000000000001,0,0,0,0,0,0,0,0,0,0,0,0,0,0,0,0,0,0,0,0,0,0,,,,,,,,,,,,,,,,,,USD,1.0,stock,27.0
2025-11-05,2.4,2.43,2.4,2.42,26431843,2.234,2.2424,,2.2678006933910178,2.2451223561935163,2.2385662242479154,2.2348035615123956,71.11111111111111,0.03642232079238816,0.011407390266705746,0.02501493052568242,1,0.058792857142857126,0.5,0.05,58094814.5,49563111.1,0.4549776641424683,0.5332966880684776,95.99999999999991,94.24747474747475,0.020000000000000018,0.010000000000000231,0.0,,0,6.289227545825709,7.685950413223138,7.338842975206611,,0,,,1.2552301255229992,11.009174311926584,11.520737327188947,2.43,6.711317579738465,2.43,0,25,20,20,2.305,2.265,2.285,2.265,2.42,,,,,,2.4166666666666665,2.433333333333333,2.4466666666666668,2.4633333333333334,2.403333333333333,2.3866666666666663,2.3733333333333326,0,0,0,0,0,0,0,0,0,0,0,0,0,0,0,0,0,0,0,0,0,0,,,,,,,,,,,,,,,,,,USD,1.0,stock,27.0
2025-11-06,2.42,2.43,2.395,2.4,28746864,2.2465,2.2462,,2.2803911035442543,2.251195989283967,2.24176293267865,2.2364473071689885,66.66666666666666,0.04211388511113956,0.01754868923559251,0.02456519587554705,0,0.05642857142857143,0.5,0.05,54837725.5,48013502.8,0.5242169279978616,0.598724573788022,87.9999999999999,93.27777777777776,0.020000000000000018,0.010000000000000231,0.004999999999999893,,0,4.983704018989399,6.395833333333323,6.408333333333331,,0,,,-0.8264462809917328,4.347826086956519,11.627906976744185,2.43,5.245104502900653,2.43,0,25,20,20,2.305,2.265,2.285,2.265,2.4,,,,,,2.408333333333333,2.4216666666666664,2.4433333333333334,2.4566666666666666,2.3866666666666663,2.373333333333333,2.351666666666666,0,0,0,0,0,0,0,0,0,0,0,0,0,0,0,0,0,0,0,0,0,0,,,,,,,,,,,,,,,,,,USD,1.0,stock,25.0
2025-11-07,2.41,2.44,2.41,2.43,38793720,2.2625,2.2502,,2.294639569873373,2.258207911272831,2.2454903993582804,2.2383732046100935,67.39130434782611,0.048486320003481076,0.023736215389170225,0.02475010461431085,1,0.05642857142857143,0.5,0.05,51973545.3,46956518.35,0.7464128101340048,0.8261626151846072,96.15384615384623,93.38461538461536,0.020000000000000018,0.009999999999999787,0.0,,0,5.570388071054614,6.893004115226336,7.399176954732517,,0,,,1.2500000000000178,5.1948051948051965,15.165876777251208,2.44,5.898984394054393,2.44,0,25,20,20,2.31,2.27,2.29,2.27,2.43,,,,,,2.4266666666666663,2.4433333333333325,2.456666666666666,2.4733333333333323,2.4133333333333327,2.3966666666666665,2.383333333333333,0,0,0,0,0,0,0,0,0,0,0,0,0,0,0,0,0,0,0,0,0,0,,,,,,,,,,,,,,,,,,USD,1.0,stock,25.0
2025-11-10,2.44,2.4596,2.43,2.44,22336410,2.2775000000000003,2.2542,,2.308483420361623,2.2653370127915435,2.2493420746185127,2.240379441380142,76.19047619047616,0.05372413856581737,0.029733800024499657,0.023990338541317713,0,0.054257142857142844,0.5,0.05,45426184.0,46633268.0,0.4917078220790018,0.47898015639821767,92.98998569384833,92.38127728256482,0.0,0.019600000000000062,0.009999999999999787,,0,5.390023755671181,6.659836065573756,7.614754098360654,,0,,,0.411522633744843,3.8297872340425476,14.018691588785037,2.4596,5.697098730636531,2.4596,0,25,20,20,2.3198,2.2798,2.2998,2.2798,2.44,,,,,,2.4431999999999996,2.456399999999999,2.4727999999999994,2.485999999999999,2.426799999999999,2.4135999999999997,2.3971999999999993,0,0,0,0,0,0,0,0,0,0,0,0,0,0,0,0,0,0,0,0,0,0,,,,,,,,,,,,,,,,,,USD,1.0,stock,27.0
2025-11-11,2.51,2.54,2.5,2.53,21364851,2.296,2.261,,2.32958023747004,2.275715953466385,2.254899657299334,2.2432612379833246,83.67346938775508,0.06439508885179857,0.03666605778995944,0.027729031061839125,1,0.05782857142857144,0.5,0.05,43957191.5,46195259.15,0.4860376714467757,0.4624901211318348,97.22222222222216,95.4553513566389,0.020000000000000018,0.010000000000000231,0.009999999999999787,,0,7.921729744267184,9.24901185770751,10.632411067193665,,0,,,3.688524590163933,5.8577405857740406,17.129629629629605,2.54,8.6032564711151,2.54,0,25,20,20,2.39,2.3200000000000003,2.3550000000000004,2.3200000000000003,2.53,,,,,,2.5233333333333334,2.546666666666667,2.5633333333333335,2.586666666666667,2.506666666666667,2.4833333333333334,2.466666666666667,0,0,0,0,0,0,0,0,0,0,0,0,0,0,0,0,0,0,0,0,0,0,,,,,,,,,,,,,,,,,,USD,1.0,stock,28.75
2025-11-12,2.53,2.54,2.52,2.53,27053394,2.314,2.2685999999999997,,2.3486678339014646,2.28568787685986,2.260347188837961,2.246114359993441,83.33333333333331,0.07202167282113647,0.04373718079619485,0.028284492024941627,1,0.056400000000000006,0.5,0.05,38824653.7,46042751.95,0.6968096665856416,0.5875711779647437,97.22222222222216,95.8114767127642,0.0,0.010000000000000231,0.009999999999999787,,0,7.167279292432221,8.537549407114616,10.332015810276683,,0,,,0.0,4.545454545454541,16.589861751152068,2.54,7.720639056793195,2.54,0,25,20,20,2.415,2.3200000000000003,2.3675,2.3200000000000003,2.53,,,,,,2.53,2.5399999999999996,2.55,2.5599999999999996,2.5199999999999996,2.51,2.4999999999999996,0,0,0,0,0,0,0,0,0,0,0,0,0,0,0,0,0,0,0,0,0,0,,,,,,,,,,,,,,,,,,USD,1.0,stock,28.75
2025-11-13,2.53,2.56,2.52,2.52,25906610,2.3285,2.2752,,2.3649851830537063,2.294876587571238,2.265488828662952,2.2488395902422624,85.10638297872343,0.07637843606980699,0.05026543185091728,0.026113004218889707,0,0.054971428571428574,0.5,0.05,28428625.7,46010784.3,0.9112860492584417,0.563055170524446,89.4736842105263,94.63937621832353,0.009999999999999787,0.03000000000000025,0.0,,0,6.151381624852926,7.59920634920635,9.714285714285719,,0,,,-0.39525691699603405,5.000000000000004,13.004484304932728,2.56,6.554578779480391,2.56,0,25,20,20,2.45,2.33,2.39,2.33,2.52,,,,,,2.533333333333333,2.5466666666666664,2.5733333333333333,2.5866666666666664,2.5066666666666664,2.493333333333333,2.4666666666666663,0,0,0,0,0,0,0,0,0,0,0,0,0,0,0,0,0,0,0,0,0,0,,,,,,,,,,,,,,,,,,USD,1.0,stock,28.75
2025-11-14,2.54,2.5899,2.54,2.55,27283400,2.3434999999999997,2.2816,,2.382605641810496,2.3048814272743265,2.2711227132438836,2.251836211234877,85.10638297872342,0.08131460743477881,0.05647526696768959,0.024839340467089216,0,0.05567857142857143,0.5,0.05,27354202.0,45439849.8,0.9974116590935462,0.6004289213121475,90.26591851671132,92.3206083164866,0.009999999999999787,0.03990000000000027,0.0,,0,6.564484634882496,8.09803921568628,10.525490196078422,,0,,,1.1904761904761862,4.938271604938249,13.33333333333333,2.5899,7.0256846224163185,2.5899,0,25,20,20,2.46995,2.34495,2.40745,2.34495,2.55,,,,,,2.5599666666666665,2.579933333333333,2.6098666666666666,2.629833333333333,2.530033333333333,2.5100666666666664,2.480133333333333,0,0,0,0,0,0,0,0,0,0,0,0,0,0,0,0,0,0,0,0,0,0,,,,,,,,,,,,,,,,,,USD,1.0,stock,28.75
2025-11-17,2.54,2.57,2.53,2.54,25450514,2.357,2.2884,,2.397595580685687,2.314101763459647,2.2764470159519257,2.2547035126156247,85.1063829787235,0.08345759517161166,0.061871732608474006,0.02158586256313766,0,0.05639285714285713,0.5,0.05,26881535.7,45269122.8,0.9467656269355177,0.5622047087689537,87.8262990973408,89.18863394152613,0.0,0.029999999999999805,0.010000000000000231,,0,5.606473201350906,7.204724409448812,9.905511811023615,,0,,,-0.39215686274508554,4.098360655737698,11.894273127753308,2.5899,5.93946787612892,2.5899,0,25,20,20,2.49245,2.34495,2.4187,2.34495,2.54,,,,,,2.5466666666666664,2.563333333333333,2.5866666666666664,2.603333333333333,2.523333333333333,2.5066666666666664,2.483333333333333,0,0,0,0,0,0,0,0,0,0,0,0,0,0,0,0,0,0,0,0,0,0,,,,,,,,,,,,,,,,,,USD,1.0,stock,28.75
2025-11-18,2.54,2.55,2.52,2.53,42095039,2.3725,2.2946,,2.4102055253822883,2.3225683609710335,2.2814678671211945,2.2574427811468127,88.88888888888891,0.0833877696643257,0.06617494001964434,0.017212829644681363,0,0.0549642857142857,0.5,0.05,28546264.5,44594256.55,1.4746251300235798,0.9439565149561845,82.880823092312,86.99101356878803,0.010000000000000231,0.009999999999999787,0.009999999999999787,,0,4.734959471055792,6.225296442687737,9.30434782608695,,0,,,-0.3937007874015852,0.0,13.963963963963955,2.5899,4.970301219382967,2.5899,0,25,20,20,2.49245,2.34495,2.4187,2.34495,2.53,,,,,,2.533333333333333,2.5466666666666664,2.563333333333333,2.576666666666666,2.5166666666666666,2.5033333333333334,2.486666666666667,0,0,0,0,0,0,0,0,0,0,0,0,0,0,0,0,0,0,0,0,0,0,,,,,,,,,,,,,,,,,,USD,1.0,stock,28.75
2025-11-19,2.53,2.545,2.455,2.47,90189431,2.386,2.2988,,2.415900237250642,2.32834999387413,2.285201176683151,2.259557778349332,71.79487179487188,0.07759645031059037,0.06845924207783355,0.009137208232756822,0,0.05103571428571426,0.5,0.05,34922023.3,46508418.9,2.582594663121939,1.9392065594386396,60.020006668889664,76.90904295284749,0.05999999999999961,0.015000000000000124,0.015000000000000124,,0,2.1902737955205764,3.400809716599193,6.931174089068835,,0,,,-2.371541501976271,-2.371541501976271,12.27272727272728,2.5899,2.2393210578481995,2.5899,0,25,20,20,2.49995,2.3699500000000002,2.43495,2.34495,2.47,,,,,,2.49,2.5250000000000004,2.58,2.615,2.4350000000000005,2.4000000000000004,2.3450000000000006,0,0,0,0,0,0,0,0,0,0,0,0,0,0,0,0,0,0,0,0,0,0,,,,,,,,,,,,,,,,,,USD,1.0,stock,27.0
2025-11-20,2.48,2.49,2.42,2.43,45052651,2.397,2.3016,,2.4172430717982,2.332336268624164,2.288068480115168,2.261253720853319,64.28571428571433,0.06898391861965125,0.06856417738619709,0.00041974123345416003,0,0.051035714285714295,0.5,0.05,36552602.0,45695163.75,1.232542925398307,0.9859391520399137,36.01440576230501,59.638411841168896,0.04999999999999982,0.010000000000000231,0.010000000000000231,,0,0.5249764692098888,1.3580246913580394,5.283950617283953,,0,,,-1.619433198380571,-3.57142857142857,9.954751131221728,2.5899,0.5277470168653893,2.5899,0,25,20,20,2.50495,2.37495,2.43995,2.34495,2.43,,,,,,2.4466666666666668,2.4733333333333336,2.516666666666667,2.543333333333334,2.4033333333333333,2.3766666666666665,2.333333333333333,0,0,0,0,0,0,0,0,0,0,0,0,0,0,0,0,0,0,0,0,0,0,,,,,,,,,,,,,,,,,,USD,1.0,stock,25.0
2025-11-21,2.44,2.5,2.43,2.48,38507618,2.4115,2.3051999999999997,,2.423219922103133,2.3381270031879224,2.2918691042713033,2.263430300745326,65.11627906976747,0.06543867107125578,0.06793907612320883,-0.00250040505195305,0,0.05175,0.5,0.05,36523991.8,44248768.55,1.0543102246562217,0.870252873963879,54.18924551896619,50.07455265005362,0.040000000000000036,0.020000000000000018,0.009999999999999787,,0,2.28951927003496,2.76209677419354,7.0483870967742055,,0,,,2.0576131687242816,-2.7450980392156765,13.242009132420085,2.5899,2.3431665190168585,2.5899,0,25,20,20,2.50495,2.38495,2.44495,2.34495,2.48,,,,,,2.47,2.5100000000000002,2.54,2.58,2.4400000000000004,2.4000000000000004,2.3700000000000006,0,0,0,0,0,0,0,0,0,0,0,0,0,0,0,0,0,0,0,0,0,0,,,,,,,,,,,,,,,,,,USD,1.0,stock,25.0
2025-11-24,2.5,2.5399,2.49,2.52,38693664,2.4265,2.309,,2.4324370723790247,2.3452592775727097,2.2963865477510796,2.2659832330762186,65.11627906976747,0.06510619882027635,0.06737250066262233,-0.002266301842345983,1,0.052457142857142855,0.5,0.05,38159717.2,41792950.6,1.0139924202582926,0.9258418810946552,64.13545407901485,51.44636845342868,0.020000000000000018,0.019899999999999807,0.009999999999999787,,0,3.474719350038702,3.710317460317466,8.373015873015866,,0,,,1.6129032258064502,-0.7874015748031482,13.513513513513509,2.5899,3.599802379896105,2.5899,0,25,20,20,2.50495,2.38495,2.44495,2.34495,2.52,,,,,,2.516633333333333,2.543266666666666,2.5665333333333327,2.5931666666666655,2.4933666666666663,2.4667333333333334,2.4434666666666667,0,0,0,0,0,0,0,0,0,0,0,0,0,0,0,0,0,0,0,0,0,0,,,,,,,,,,,,,,,,,,USD,1.0,stock,25.0
2025-11-25,2.52,2.53,2.5,2.51,15615634,2.4415000000000004,2.312,,2.4398240178667367,2.3517196980600548,2.3006165171025432,2.268411260607799,60.97560975609756,0.06330604308152887,0.06655920914640365,-0.003253166064874774,0,0.051742857142857125,0.5,0.05,37584795.5,40770993.5,0.41547742357677586,0.38300842484988745,59.00461775269355,59.10977245022486,0.010000000000000231,0.009999999999999787,0.009999999999999787,,0,2.79585586188299,2.7290836653386195,7.888446215139441,,0,,,-0.3968253968254065,-0.7905138339920903,13.574660633484159,2.5899,2.876272289286729,2.5899,0,25,20,20,2.50495,2.38495,2.44495,2.34495,2.51,,,,,,2.513333333333333,2.5266666666666664,2.543333333333333,2.556666666666666,2.4966666666666666,2.4833333333333334,2.466666666666667,0,0,0,0,0,0,0,0,0,0,0,0,0,0,0,0,0,0,0,0,0,0,,,,,,,,,,,,,,,,,,USD,1.0,stock,25.0
2025-11-26,2.49,2.52,2.48,2.51,28516980,2.458,2.315,,2.4465074447365716,2.357926768724367,2.304762724684671,2.270815128661453,64.10256410256412,0.06117422826534202,0.06548221297019133,-0.004307984704849305,0,0.05209999999999997,0.5,0.05,37731154.1,38277903.9,0.7557940031312215,0.7449984741719361,55.586436909393925,59.57550291370078,0.019999999999999574,0.010000000000000231,0.010000000000000231,,0,2.5295838750369817,2.071713147410343,7.7689243027888395,,0,,,0.0,1.6194331983805599,15.13761467889907,2.5899,2.5952324567835032,2.5899,0,25,20,20,2.50495,2.38495,2.44495,2.34495,2.51,,,,,,2.5033333333333334,2.526666666666667,2.5433333333333334,2.566666666666667,2.486666666666667,2.4633333333333334,2.4466666666666668,0,0,0,0,0,0,0,0,0,0,0,0,0,0,0,0,0,0,0,0,0,0,,,,,,,,,,,,,,,,,,USD,1.0,stock,25.0
2025-11-28,2.53,2.56,2.53,2.54,11064345,2.4699999999999998,2.3198,,2.455411497618803,2.3650668954410583,2.3094208885523013,2.273493585092682,64.10256410256412,0.061200023172713,0.06462577501069566,-0.00342575183798266,1,0.0528142857142857,0.5,0.05,36246927.6,32337776.65,0.30524918200239404,0.3421492182270979,70.62978222483814,61.74027896230854,0.010000000000000231,0.020000000000000018,0.0,,0,3.330255999259732,2.7559055118110347,8.669291338582683,,0,,,1.195219123505975,4.526748971193406,10.43478260869566,2.5899,3.4449827437571674,2.5899,0,25,20,20,2.495,2.38495,2.439975,2.34495,2.54,,,,,,2.5433333333333334,2.556666666666667,2.5733333333333337,2.5866666666666673,2.526666666666667,2.513333333333333,2.4966666666666666,0,0,0,0,0,0,0,0,0,0,0,0,0,0,0,0,0,0,0,0,0,0,,,,,,,,,,,,,,,,,,USD,1.0,stock,25.0
2025-12-01,2.55,2.57,2.54,2.57,18810584,2.483,2.3252,,2.466324688321774,2.373103487776703,2.314580870957206,2.2764438976788246,65.85365853658539,0.06291595908962444,0.06428381182648142,-0.001367852736856981,1,0.05284285714285713,0.5,0.05,35399646.0,31376924.0,0.5313777431559626,0.5995037627015318,88.28722778104753,71.50114897175986,0.020000000000000018,0.0,0.009999999999999787,,0,4.0340588201644305,3.3852140077820914,9.525291828793762,,0,,,1.1811023622047223,3.629032258064502,11.255411255411252,2.5899,4.203635967686492,2.5899,0,25,20,20,2.495,2.38495,2.439975,2.34495,2.57,,,,,,2.56,2.58,2.59,2.61,2.5500000000000003,2.5300000000000002,2.5200000000000005,0,0,0,0,0,0,0,0,0,0,0,0,0,0,0,0,0,0,0,0,0,0,,,,,,,,,,,,,,,,,,USD,1.0,stock,25.0
2025-12-02,2.62,2.63,2.55,2.58,38633711,2.4945,2.3314,,2.477150908481605,2.381217076491342,2.319836695294687,2.2794643564083885,57.57575757575763,0.06434108313746556,0.06429526608867825,4.5817048787311077e-05,1,0.0514142857142857,0.5,0.05,36717965.7,31799750.7,1.0521746034530448,1.2149060967323873,76.19047619047628,78.36916206545398,0.040000000000000036,0.009999999999999787,0.03000000000000025,,0,3.9863988960618233,3.3139534883720985,9.635658914728689,,0,,,0.3891050583657574,2.3809523809523725,9.787234042553195,2.63,4.151910614982979,2.63,0,25,20,20,2.525,2.4050000000000002,2.465,2.365,2.58,,,,,,2.5866666666666664,2.623333333333333,2.6666666666666665,2.703333333333333,2.543333333333333,2.5066666666666664,2.463333333333333,0,0,0,0,0,0,0,0,0,0,0,0,0,0,0,0,0,0,0,0,0,0,,,,,,,,,,,,,,,,,,USD,1.0,stock,25.0
2025-12-03,2.58,2.62,2.58,2.62,19328487,2.5060000000000002,2.3374,,2.4907555838643094,2.390581112707368,2.325780523110634,2.282852770772484,62.16216216216221,0.0679152847916149,0.06501926982926559,0.0028960149623493137,1,0.05284285714285713,0.5,0.05,34441310.5,31493787.5,0.5612006836964,0.6137238018767988,95.23809523809534,86.57193306987305,0.040000000000000036,0.0,0.0,,0,4.932992982278271,4.351145038167934,10.786259541984732,,0,,,1.5503875968992276,4.382470119521931,9.623430962343104,2.63,5.188964223264857,2.63,0,25,20,20,2.525,2.4050000000000002,2.465,2.365,2.62,,,,,,2.606666666666667,2.6333333333333337,2.646666666666667,2.673333333333334,2.5933333333333337,2.566666666666667,2.5533333333333337,0,0,0,0,0,0,0,0,0,0,0,0,0,0,0,0,0,0,0,0,0,0,,,,,,,,,,,,,,,,,,USD,1.0,stock,25.0
2025-12-04,2.61,2.61,2.57,2.58,18796491,2.5140000000000002,2.3432,,2.499255052067708,2.3980093043659023,2.330814572157948,2.2858094596205194,57.50000000000001,0.06675073868256787,0.06536556359992605,0.0013851750826418124,0,0.05355714285714286,0.5,0.05,27302016.5,31112019.9,0.6884653007223843,0.6041552769770503,76.19047619047628,82.53968253968263,0.029999999999999805,0.0,0.010000000000000231,,0,3.1296491446624772,2.558139534883715,9.178294573643415,,0,,,-1.526717557251911,2.788844621513964,6.6115702479338845,2.63,3.2307606166681233,2.63,0,25,20,20,2.5300000000000002,2.4050000000000002,2.4675000000000002,2.365,2.58,,,,,,2.5866666666666664,2.603333333333333,2.6266666666666665,2.643333333333333,2.563333333333333,2.5466666666666664,2.523333333333333,0,0,0,0,0,0,0,0,0,0,0,0,0,0,0,0,0,0,0,0,0,0,,,,,,,,,,,,,,,,,,USD,1.0,stock,25.0
2025-12-05,2.59,2.6,2.45,2.46,58623817,2.5170000000000003,2.3464,,2.4955164756803074,2.400440312037828,2.333372699441949,2.2875426988282754,40.816326530612265,0.05550500325602048,0.06339345153114495,-0.007888448275124471,0,0.05927857142857142,0.5,0.05,28659133.1,32605867.55,2.045554441421677,1.797952988372487,19.04761904761907,63.49206349206357,0.1299999999999999,0.010000000000000231,0.009999999999999787,,0,-1.4437591739962385,-2.3170731707317227,4.617886178861785,,0,,,-4.651162790697683,-3.149606299212604,2.5000000000000133,2.63,-1.423211428432876,2.63,0,25,20,20,2.54,2.435,2.4875,2.365,2.46,,,,,,2.5033333333333334,2.5566666666666666,2.6533333333333333,2.7066666666666666,2.4066666666666667,2.3533333333333335,2.256666666666667,0,0,0,0,0,0,0,0,0,0,0,0,0,0,0,0,0,0,0,0,0,0,,,,,,,,,,,,,,,,,,USD,1.0,stock,25.0
2025-12-08,2.49,2.5,2.45,2.47,36051092,2.519,2.3498,,2.493086335139326,2.403168142938305,2.3360781905421084,2.2893581943623227,42.85714285714289,0.04685942703002466,0.0600866466309209,-0.013227219600896241,0,0.05999285714285712,0.5,0.05,28413480.5,32468736.15,1.268802391174851,1.1103324697780084,23.80952380952394,39.68253968253976,0.020000000000000018,0.009999999999999787,0.020000000000000018,,0,-0.9346694388391006,-1.9838056680161915,4.866396761133606,,0,,,0.40650406504065817,-3.8910505836575737,1.6460905349794164,2.63,-0.92601426649092,2.63,0,25,20,20,2.54,2.46,2.5,2.365,2.47,,,,,,2.473333333333333,2.496666666666666,2.523333333333333,2.546666666666666,2.4466666666666663,2.4233333333333333,2.3966666666666665,0,0,0,0,0,0,0,0,0,0,0,0,0,0,0,0,0,0,0,0,0,0,,,,,,,,,,,,,,,,,,USD,1.0,stock,25.0
2025-12-09,2.45,2.49,2.44,2.47,36252663,2.5204999999999997,2.3533999999999997,,2.4908876365546284,2.4057890000779794,2.3387301075610765,2.2911556252641905,43.75000000000004,0.03955181685831821,0.05597968067640036,-0.01642786381808215,0,0.06142142857142858,0.5,0.05,28169380.4,33164548.8,1.286952800708389,1.0931149167330145,23.80952380952394,22.222222222222317,0.020000000000000018,0.020000000000000018,0.010000000000000231,,0,-0.8456533018068104,-2.044534412955447,4.720647773279371,,0,,,0.0,-4.263565891472865,1.2295081967213184,2.63,-0.8385619747793921,2.63,0,25,20,20,2.535,2.485,2.51,2.365,2.47,,,,,,2.466666666666667,2.4933333333333336,2.516666666666667,2.543333333333334,2.4433333333333334,2.4166666666666665,2.393333333333333,0,0,0,0,0,0,0,0,0,0,0,0,0,0,0,0,0,0,0,0,0,0,,,,,,,,,,,,,,,,,,USD,1.0,stock,25.0
2025-12-10,2.41,2.46,2.39,2.45,51782768,2.5165,2.3578,,2.486993575930378,2.4075227647808037,2.3409334717677877,2.2927361663063377,47.72727272727273,0.031780306702613004,0.051139805881642894,-0.01935949917902989,0,0.06070714285714288,0.5,0.05,31786093.8,34685444.65,1.6291013399073275,1.4929250157385543,25.000000000000046,24.206349206349312,0.040000000000000036,0.009999999999999787,0.020000000000000018,,0,-1.5099418747093014,-2.7142857142857144,3.7632653061224515,,0,,,-0.8097165991902799,-6.488549618320604,-3.162055335968361,2.63,-1.4874817646659453,2.63,0,25,20,20,2.51,2.49,2.5,2.365,2.45,,,,,,2.433333333333333,2.476666666666666,2.503333333333333,2.546666666666666,2.4066666666666663,2.3633333333333333,2.3366666666666664,0,0,0,0,0,0,0,0,0,0,0,0,0,0,0,0,0,0,0,0,0,0,,,,,,,,,,,,,,,,,,USD,1.0,stock,25.0
2025-12-11,2.46,2.53,2.455,2.5,26153732,2.515,2.3636,,2.4882322829846277,2.411149323024694,2.3440833040100095,2.294798493009757,57.77777777777775,0.02931795194583442,0.046775435094481205,-0.017457483148646785,1,0.06142142857142855,0.5,0.05,31549769.0,34640461.55,0.8289674640723994,0.7550052981323513,45.83333333333333,31.547619047619104,0.040000000000000036,0.029999999999999805,0.004999999999999893,,0,0.4707086806148908,-0.600000000000005,5.456000000000003,,0,,,2.0408163265306145,-3.100775193798455,-1.1857707509881354,2.63,0.4729348258940249,2.63,0,25,20,20,2.51,2.51,2.51,2.365,2.5,,,,,,2.4949999999999997,2.5349999999999993,2.5699999999999994,2.609999999999999,2.4599999999999995,2.42,2.385,0,0,0,0,0,0,0,0,0,0,0,0,0,0,0,0,0,0,0,0,0,0,,,,,,,,,,,,,,,,,,USD,1.0,stock,25.0
2025-12-12,2.53,2.5566,2.5,2.55,26077022,2.5164999999999997,2.3708,,2.4941149227003776,2.416594447611961,2.348160862346445,2.2973378114872722,57.77777777777775,0.031043252897693385,0.043628998655123645,-0.01258574575743026,1,0.0604642857142857,0.5,0.05,33051036.7,34648982.15,0.7889925582878918,0.7526057154322497,66.6666666666666,45.83333333333332,0.020000000000000018,0.006600000000000161,0.029999999999999805,,0,2.191571658808715,1.313725490196082,7.02745098039215,,0,,,2.0000000000000018,3.658536585365857,1.1904761904761862,2.63,2.240677716611208,2.63,0,25,20,20,2.51,2.51,2.51,2.365,2.55,,,,,,2.535533333333333,2.571066666666666,2.592133333333333,2.627666666666666,2.514466666666666,2.478933333333333,2.457866666666666,0,0,0,0,0,0,0,0,0,0,0,0,0,0,0,0,0,0,0,0,0,0,,,,,,,,,,,,,,,,,,USD,1.0,stock,25.0
2025-12-15,2.56,2.6,2.56,2.59,20838800,2.5185000000000004,2.3792,,2.503246834824151,2.4233946653526686,2.352949756161367,2.3002498730645136,57.77777777777775,0.0352320983397747,0.04194961859205386,-0.0067175202522791605,1,0.05975714285714288,0.5,0.05,33253858.3,34326752.15,0.6266581102259644,0.6070717063163811,83.3333333333333,65.27777777777773,0.029999999999999805,0.010000000000000231,0.0,,0,3.349543056982582,2.7606177606177393,8.138996138996134,,0,,,1.5686274509803866,4.85829959514168,1.5686274509803866,2.63,3.4656256813740516,2.63,0,25,20,20,2.505,2.51,2.5075,2.365,2.59,,,,,,2.5833333333333335,2.606666666666667,2.6233333333333335,2.646666666666667,2.566666666666667,2.5433333333333334,2.526666666666667,0,0,0,0,0,0,0,0,0,0,0,0,0,0,0,0,0,0,0,0,0,0,,,,,,,,,,,,,,,,,,USD,1.0,stock,25.0
2025-12-16,2.56,2.57,2.53,2.55,55522661,2.519,2.3866,,2.507699517221851,2.4283595804368776,2.3568517411878744,2.302734948954419,54.166666666666664,0.03492156871929941,0.04054400861750297,-0.00562243989820356,1,0.06190000000000003,0.5,0.05,34942753.3,35830359.5,1.588960678722475,1.5495982115390163,66.6666666666666,72.22222222222217,0.010000000000000231,0.009999999999999787,0.020000000000000018,,0,1.6588424618881967,1.215686274509792,6.4078431372548925,,0,,,-1.5444015444015413,3.2388663967611198,0.3937007874015741,2.63,1.686824218278413,2.63,0,25,20,20,2.5,2.51,2.505,2.365,2.55,,,,,,2.55,2.57,2.59,2.61,2.53,2.51,2.4899999999999998,0,0,0,0,0,0,0,0,0,0,0,0,0,0,0,0,0,0,0,0,0,0,,,,,,,,,,,,,,,,,,USD,1.0,stock,25.0
2025-12-17,2.52,2.53,2.49,2.52,22641042,2.5185,2.3938,,2.5088709917721506,2.4319533223805294,2.3600823997782134,2.3048967902583555,50.98039215686277,0.03188714729335107,0.0388126363526726,-0.006925489059321527,0,0.06332857142857143,0.5,0.05,35274008.8,34857659.65,0.6418618912404422,0.6495284602390109,54.16666666666667,68.05555555555553,0.0,0.009999999999999787,0.029999999999999805,,0,0.44162731062894667,0.05952380952381178,5.007936507936503,,0,,,-1.17647058823529,2.857142857142847,-0.39525691699603405,2.63,0.4435863089153277,2.63,0,25,20,20,2.495,2.51,2.5025,2.365,2.52,,,,,,2.513333333333333,2.536666666666666,2.553333333333333,2.5766666666666658,2.4966666666666666,2.4733333333333336,2.456666666666667,0,0,0,0,0,0,0,0,0,0,0,0,0,0,0,0,0,0,0,0,0,0,,,,,,,,,,,,,,,,,,USD,1.0,stock,25.0
2025-12-18,2.51,2.53,2.48,2.48,43111521,2.519,2.4,,2.5061213735081362,2.433837505816587,2.3624570057231993,2.3066391107532973,44.23076923076923,0.0259554821044361,0.0362412055030253,-0.0102857233985892,0,0.0633285714285714,0.5,0.05,37705511.8,32503764.15,1.143374507914782,1.3263547200578614,37.49999999999998,52.77777777777775,0.029999999999999805,0.020000000000000018,0.0,,0,-1.0532811898442038,-1.572580645161296,3.2258064516129057,,0,,,-1.5873015873015928,-0.8000000000000007,0.4048582995951344,2.63,-1.0423028104010323,2.63,0,25,20,20,2.495,2.51,2.5025,2.365,2.48,,,,,,2.4966666666666666,2.513333333333333,2.5466666666666664,2.563333333333333,2.4633333333333334,2.4466666666666668,2.4133333333333336,0,0,0,0,0,0,0,0,0,0,0,0,0,0,0,0,0,0,0,0,0,0,,,,,,,,,,,,,,,,,,USD,1.0,stock,25.0
2025-12-19,2.5,2.51,2.48,2.49,29901643,2.5220000000000002,2.4068,,2.5045860046025994,2.4360399565688775,2.364982609570265,2.3084635972134633,42.00000000000004,0.02181009790110444,0.03335498398264113,-0.011544886081536691,0,0.0633285714285714,0.5,0.05,34833294.4,31746213.75,0.8584213326661403,0.9418963544904627,41.66666666666674,44.444444444444464,0.009999999999999787,0.009999999999999787,0.010000000000000231,,0,-0.5857833173734609,-1.285140562248997,3.341365461847396,,0,,,0.40322580645162365,-2.3529411764705688,2.4691358024691468,2.63,-0.5823718800550245,2.63,0,25,20,20,2.495,2.51,2.5025,2.365,2.49,,,,,,2.4933333333333336,2.5066666666666673,2.5233333333333334,2.536666666666667,2.4766666666666675,2.463333333333334,2.4466666666666677,0,0,0,0,0,0,0,0,0,0,0,0,0,0,0,0,0,0,0,0,0,0,,,,,,,,,,,,,,,,,,USD,1.0,stock,25.0
2025-12-22,2.31,2.34,2.28,2.3,40459668,2.513,2.4106,,2.4851016232118757,2.430705056311275,2.363695825222339,2.308379382315817,29.411764705882362,0.003157046483666992,0.027315396482846307,-0.024158349999179315,0,0.07261428571428571,0.5,0.05,35274152.0,31843816.25,1.1470061137118193,1.270565929735259,5.882352941176471,28.349673202614397,0.010000000000000231,0.029999999999999805,0.020000000000000018,,0,-8.047896661385908,-9.260869565217396,-4.808695652173924,,0,,,-7.63052208835343,-11.196911196911197,-7.258064516129037,2.63,-7.448452871421845,2.63,0,25,20,20,2.44,2.455,2.4475,2.365,2.3,,,,,,2.306666666666666,2.3333333333333326,2.3666666666666663,2.3933333333333326,2.2733333333333325,2.246666666666666,2.2133333333333325,0,0,0,0,0,0,0,0,0,0,0,0,0,0,0,0,0,0,0,0,0,0,,,,,,,,,,,,,,,,,,USD,1.0,stock,27.0
2025-12-23,2.34,2.4,2.34,2.37,48393599,2.5055,2.4152,,2.4741395638583636,2.4283244658676955,2.363820660366451,2.3089925227902866,32.39436619718312,-0.005909099743484081,0.02067049723758023,-0.02657959698106431,0,0.0769,0.5,0.05,36488245.6,32328813.0,1.3262791401513696,1.4969185228050284,27.27272727272736,24.940582293523523,0.03000000000000025,0.029999999999999805,0.0,,0,-4.394074424403525,-5.71729957805907,-1.9071729957805867,,0,,,3.04347826086957,-7.05882352941175,-5.952380952380953,2.63,-4.209122451280003,2.63,0,25,20,20,2.44,2.455,2.4475,2.365,2.37,,,,,,2.37,2.4000000000000004,2.43,2.4600000000000004,2.3400000000000003,2.31,2.2800000000000002,0,0,0,0,0,0,0,0,0,0,0,0,0,0,0,0,0,0,0,0,0,0,,,,,,,,,,,,,,,,,,USD,1.0,stock,25.0
2025-12-24,2.38,2.39,2.354,2.37,11541215,2.4985,2.4194,,2.464221510157567,2.4260372319120993,2.3639430235275114,2.3095995623645127,34.32835820895524,-0.012944865593890853,0.013947424671286015,-0.026892290265176866,0,0.07589999999999998,0.5,0.05,32464090.3,32125092.05,0.3555071124232303,0.3592585814863058,28.12500000000007,20.426693404634634,0.009999999999999787,0.010000000000000231,0.016000000000000014,,0,-3.9755911458889015,-5.421940928270035,-2.0843881856540034,,0,,,0.0,-5.952380952380953,-5.577689243027873,2.63,-3.8235811906187878,2.63,0,25,20,20,2.44,2.455,2.4475,2.365,2.37,,,,,,2.3713333333333333,2.3886666666666665,2.4073333333333333,2.4246666666666665,2.3526666666666665,2.3353333333333333,2.3166666666666664,0,0,0,0,0,0,0,0,0,0,0,0,0,0,0,0,0,0,0,0,0,0,,,,,,,,,,,,,,,,,,USD,1.0,stock,25.0
2025-12-26,2.39,2.44,2.39,2.43,31253056,2.4945,2.4246,,2.4609623187139893,2.426192634582213,2.3652510824675606,2.310797576669344,47.5409836065574,-0.013523373133737415,0.008453265110281329,-0.021976638244018742,1,0.07018571428571427,0.5,0.05,32974022.7,32261895.85,0.9478084091935801,0.9687296786682794,46.87500000000007,34.09090909090917,0.040000000000000036,0.009999999999999787,0.0,,0,-1.2741694944028448,-2.654320987654312,0.22222222222223428,,0,,,2.5316455696202445,-2.0161290322580627,-3.1872509960159223,2.63,-1.258138675206085,2.63,0,25,20,20,2.44,2.455,2.4475,2.365,2.43,,,,,,2.42,2.4499999999999997,2.4699999999999998,2.4999999999999996,2.4,2.37,2.35,0,0,0,0,0,0,0,0,0,0,0,0,0,0,0,0,0,0,0,0,0,0,,,,,,,,,,,,,,,,,,USD,1.0,stock,25.0
2025-12-29,2.39,2.43,2.38,2.415,21664553,2.48825,2.4282999999999997,,2.4565849550269427,2.4257537077358515,2.3662362095474108,2.3118344167024847,45.52845528455284,-0.015019088464002461,0.0037587943954245713,-0.018777882859427032,1,0.0701857142857143,0.5,0.05,32532775.8,32791906.25,0.6659300495348448,0.660667691436816,42.187500000000036,39.06250000000006,0.02499999999999991,0.015000000000000124,0.010000000000000231,,0,-1.7219443075338594,-3.0331262939958514,-0.5507246376811447,,0,,,-0.6172839506172867,-3.0120481927710885,-4.921259842519687,2.63,-1.6927953149695414,2.63,0,25,20,20,2.425,2.455,2.44,2.3899999999999997,2.415,,,,,,2.4083333333333337,2.4366666666666674,2.458333333333334,2.4866666666666677,2.386666666666667,2.3583333333333334,2.336666666666667,0,0,0,0,0,0,0,0,0,0,0,0,0,0,0,0,0,0,0,0,0,0,,,,,,,,,,,,,,,,,,USD,1.0,stock,25.0
2025-12-30,2.49,2.503,2.48,2.485,26025829,2.484,2.4330000000000003,,2.4592911497862815,2.4280770917462107,2.3685879677741943,2.3135574573323106,51.09489051094888,-0.010435741916898778,0.0009198871329599016,-0.011355629049858679,1,0.07289999999999999,0.5,0.05,33051478.7,33152668.5,0.7874331202010638,0.7850296877308685,64.06249999999997,51.04166666666669,0.0050000000000003375,0.0129999999999999,0.004999999999999893,,0,1.034561376809593,0.04024144869214849,2.0925553319919357,,0,,,2.898550724637672,8.043478260869573,-3.3073929961089488,2.63,1.0453764376760573,2.63,0,25,20,20,2.405,2.455,2.4299999999999997,2.395,2.485,,,,,,2.489333333333333,2.4986666666666664,2.5123333333333333,2.5216666666666665,2.4756666666666662,2.466333333333333,2.452666666666666,0,0,0,0,0,0,0,0,0,0,0,0,0,0,0,0,0,0,0,0,0,0,,,,,,,,,,,,,,,,,,USD,1.0,stock,25.0
2025-12-31,2.47,2.48,2.45,2.47,18068026,2.4785,2.4370000000000003,,2.460311040282826,2.4297211273640063,2.3705961268281706,2.31511409954791,51.470588235294116,-0.007922456252736687,-0.0008485815441794162,-0.007073874708557271,1,0.06968571428571425,0.5,0.05,29306015.2,32124384.25,0.6165296058401007,0.5624396053599067,59.37500000000007,55.20833333333335,0.0,0.009999999999999787,0.020000000000000018,,0,0.39226557559410186,-0.3441295546558595,1.3360323886639642,,0,,,-0.6036217303822755,4.219409282700415,-4.263565891472865,2.62,0.3938103580619026,2.62,0,25,20,20,2.405,2.455,2.4299999999999997,2.4050000000000002,2.47,,,,,,2.466666666666667,2.4833333333333334,2.4966666666666666,2.513333333333333,2.4533333333333336,2.436666666666667,2.423333333333334,0,0,0,0,0,0,0,0,0,0,0,0,0,0,0,0,0,0,0,0,0,0,,,,,,,,,,,,,,,,,,USD,1.0,stock,25.0
2026-01-02,2.49,2.5,2.44,2.47,24167313,2.471,2.442,,2.4612337983511283,2.4313006909967902,2.3725645203563257,2.3166552527862394,47.619047619047635,-0.005863073396167984,-0.0018514799145771298,-0.004011593481590854,1,0.06825714285714286,0.5,0.05,29458642.3,32366325.55,0.8203810872845284,0.7466807735918605,59.37500000000007,60.937500000000036,0.020000000000000018,0.009999999999999787,0.03000000000000025,,0,0.3549069493470394,-0.04048582995950971,1.1336032388663977,,0,,,0.0,4.219409282700415,-5.725190839694649,2.61,0.3561710250665612,2.61,0,25,20,20,2.3949999999999996,2.455,2.425,2.4050000000000002,2.47,,,,,,2.47,2.5000000000000004,2.5300000000000002,2.5600000000000005,2.4400000000000004,2.41,2.3800000000000003,0,0,0,0,0,0,0,0,0,0,0,0,0,0,0,0,0,0,0,0,0,0,,,,,,,,,,,,,,,,,,USD,1.0,stock,25.0
2026-01-05,2.48,2.52,2.45,2.51,33657574,2.4675000000000002,2.4482,,2.4658781985081637,2.434386938408681,2.375286015002735,2.3185790811167246,46.774193548387096,-0.000991897957019372,-0.0016795635230655785,0.0006876655660462065,1,0.0692142857142857,0.5,0.05,28513247.6,33109379.7,1.1804188169712382,1.0165570694759951,71.87499999999994,63.54166666666669,0.029999999999999805,0.010000000000000231,0.029999999999999805,,0,1.7578406968859002,1.693227091633448,2.462151394422305,,0,,,1.6194331983805599,3.2921810699588328,-2.7131782945736593,2.6,1.7892936284740024,2.6,0,25,20,20,2.4,2.455,2.4275,2.4050000000000002,2.51,,,,,,2.4933333333333336,2.536666666666667,2.5633333333333335,2.606666666666667,2.4666666666666672,2.423333333333334,2.3966666666666674,0,0,0,0,0,0,0,0,0,0,0,0,0,0,0,0,0,0,0,0,0,0,,,,,,,,,,,,,,,,,,USD,1.0,stock,25.0
2026-01-06,2.52,2.54,2.5,2.51,31313006,2.4699999999999998,2.4541999999999997,,2.47008027484072,2.4373521565103013,2.377953618666047,2.3204837668767575,43.103448275862064,0.0028358537170372067,-0.0007764800750450216,0.0036123337920822285,1,0.06849999999999998,0.5,0.05,28654383.9,31743839.15,1.0927823857347008,0.9864278183881864,79.31034482758619,70.18678160919539,0.010000000000000231,0.020000000000000018,0.009999999999999787,,0,1.5904272971824702,1.5936254980079698,2.223107569721119,,0,,,0.0,3.9337474120082705,2.0325203252032464,2.6,1.6161306806862448,2.6,0,25,20,20,2.44,2.455,2.4475,2.4050000000000002,2.51,,,,,,2.5166666666666666,2.533333333333333,2.5566666666666666,2.5733333333333333,2.493333333333333,2.4766666666666666,2.453333333333333,0,0,0,0,0,0,0,0,0,0,0,0,0,0,0,0,0,0,0,0,0,0,,,,,,,,,,,,,,,,,,USD,1.0,stock,25.0
2026-01-07,2.5,2.51,2.48,2.51,23749226,2.472,2.4606,,2.473882153427318,2.4402010915491132,2.380568398494442,2.3223695005396756,46.29629629629629,0.005802487037542825,0.0005393133474725477,0.005263173690070277,1,0.06635714285714281,0.5,0.05,26983339.7,31128745.85,0.8801440542217241,0.7629355231476503,88.46153846153838,79.88229442970817,0.009999999999999787,0.0,0.020000000000000018,,0,1.4389580307841312,1.5139442231075624,1.9681274900398362,,0,,,0.0,1.0060362173038184,1.6194331983805599,2.6,1.4599663335880408,2.6,0,25,20,20,2.447,2.455,2.451,2.4050000000000002,2.51,,,,,,2.5,2.52,2.53,2.55,2.49,2.47,2.4600000000000004,0,0,0,0,0,0,0,0,0,0,0,0,0,0,0,0,0,0,0,0,0,0,,,,,,,,,,,,,,,,,,USD,1.0,stock,25.0
2026-01-08,2.47,2.51,2.4549,2.5,24252189,2.4735,2.4662,,2.4763695673866213,2.4425461467824814,2.382933380702473,2.3241369681959974,48.07692307692307,0.007262926396485181,0.0018840359572750744,0.0053788904392101065,1,0.06600714285714283,0.5,0.05,24569198.7,30528722.15,0.9870972715117486,0.7944056381016917,84.61538461538463,84.12908930150307,0.029999999999999805,0.009999999999999787,0.015100000000000335,,0,0.9452173045351486,1.0599999999999987,1.3519999999999932,,0,,,-0.3984063745019806,1.2145748987854255,1.2145748987854255,2.6,0.9542369170009039,2.6,0,25,20,20,2.46,2.455,2.4575,2.4050000000000002,2.5,,,,,,2.4883,2.5217000000000005,2.5434,2.5768000000000004,2.4666000000000006,2.4332000000000003,2.4115000000000006,0,0,0,0,0,0,0,0,0,0,0,0,0,0,0,0,0,0,0,0,0,0,,,,,,,,,,,,,,,,,,USD,1.0,stock,25.0
2026-01-09,2.54,2.57,2.53,2.56,18215742,2.479,2.4732,,2.4843343704926575,2.447152180241992,2.386439650391533,2.3264838640348433,57.40740740740742,0.01311070166179329,0.004129369098178718,0.008981332563614572,1,0.06743571428571427,0.5,0.05,25236651.4,28850370.85,0.7217971081535802,0.6313867539071859,96.5517241379311,89.87621573828471,0.020000000000000018,0.009999999999999787,0.010000000000000231,,0,2.955688652630569,3.1640624999999987,3.390625000000008,,0,,,2.400000000000002,3.6437246963562764,4.489795918367334,2.6,3.045710368380793,2.6,0,25,20,20,2.4749999999999996,2.45,2.4625,2.4050000000000002,2.56,,,,,,2.5533333333333332,2.5766666666666667,2.5933333333333333,2.6166666666666667,2.5366666666666666,2.513333333333333,2.4966666666666666,0,0,0,0,0,0,0,0,0,0,0,0,0,0,0,0,0,0,0,0,0,0,,,,,,,,,,,,,,,,,,USD,1.0,stock,25.0
2026-01-12,2.55,2.58,2.545,2.57,14804624,2.4825,2.481,,2.492493001874309,2.4519697418011295,2.3900745087996214,2.32890691016385,57.40740740740737,0.01834060306154406,0.006971615890851786,0.011368987170692273,1,0.06779285714285714,0.5,0.05,23591808.2,28282915.45,0.6275323991486164,0.5234475924581531,96.66666666666659,92.61125847332744,0.020000000000000018,0.010000000000000231,0.004999999999999893,,0,3.0158365029451604,3.404669260700386,3.4630350194552517,,0,,,0.390625,2.39043824701195,2.8000000000000025,2.6,3.109617482071435,2.6,0,25,20,20,2.51,2.445,2.4775,2.4050000000000002,2.57,,,,,,2.565,2.585,2.6,2.62,2.55,2.53,2.5149999999999997,0,0,0,0,0,0,0,0,0,0,0,0,0,0,0,0,0,0,0,0,0,0,,,,,,,,,,,,,,,,,,USD,1.0,stock,25.0
2026-01-13,2.57,2.58,2.54,2.57,15950911,2.4835000000000003,2.4863999999999997,,2.499874620743423,2.4565983793775557,2.3936373898134904,2.331305846381125,88.57142857142865,0.022229094436715613,0.010023111600024552,0.01220598283669106,1,0.05564999999999998,0.5,0.05,23020444.0,27776609.9,0.6929019700923231,0.5742569398290754,95.83333333333324,96.35057471264365,0.0,0.010000000000000231,0.029999999999999805,,0,2.7286139788551287,3.3657587548637973,3.2529182879377476,,0,,,0.0,2.39043824701195,0.7843137254901933,2.6,2.805155853605275,2.6,0,25,20,20,2.51,2.44,2.4749999999999996,2.4050000000000002,2.57,,,,,,2.563333333333333,2.586666666666666,2.603333333333333,2.626666666666666,2.546666666666666,2.523333333333333,2.506666666666666,0,0,0,0,0,0,0,0,0,0,0,0,0,0,0,0,0,0,0,0,0,0,,,,,,,,,,,,,,,,,,USD,1.0,stock,28.75
2026-01-14,2.58,2.61,2.58,2.61,18377861,2.4844999999999997,2.4924,,2.510362752101192,2.462614129205887,2.3979217979359957,2.334078922536537,87.50000000000009,0.028213193440776774,0.013661127968174997,0.014552065472601777,1,0.05136428571428569,0.5,0.05,22255647.2,27653562.95,0.8257616970132416,0.6645747975849889,100.0,97.49999999999994,0.029999999999999805,0.0,0.0,,0,3.81751907658267,4.808429118773953,4.50574712643678,,0,,,1.5564202334630295,3.984063745019917,0.7722007722007707,2.61,3.9690378538086004,2.61,0,25,20,20,2.525,2.445,2.485,2.435,2.61,,,,,,2.5999999999999996,2.619999999999999,2.6299999999999994,2.649999999999999,2.5899999999999994,2.57,2.5599999999999996,0,0,0,0,0,0,0,0,0,0,0,0,0,0,0,0,0,0,0,0,0,0,,,,,,,,,,,,,,,,,,USD,1.0,stock,28.75
2026-01-15,2.59,2.6,2.57,2.6,14824086,2.487,2.4974000000000003,,2.5188996328534596,2.4680018104134995,2.4019233464917185,2.3367249034068203,84.84848484848499,0.031782351424690436,0.017285372659478087,0.014496978765212349,0,0.051649999999999974,0.5,0.05,21931253.2,25618634.2,0.6759342872389983,0.5786446648276042,95.65217391304358,97.16183574879229,0.010000000000000231,0.0,0.020000000000000018,,0,3.1192448902515557,4.346153846153846,3.9461538461538384,,0,,,-0.3831417624520994,4.0000000000000036,1.9607843137255054,2.61,3.2196744200827223,2.61,0,25,20,20,2.5300000000000002,2.445,2.4875,2.455,2.6,,,,,,2.59,2.61,2.62,2.64,2.5799999999999996,2.5599999999999996,2.5499999999999994,0,0,0,0,0,0,0,0,0,0,0,0,0,0,0,0,0,0,0,0,0,0,,,,,,,,,,,,,,,,,,USD,1.0,stock,28.75
2026-01-16,2.58,2.6,2.56,2.59,15283856,2.4905,2.5014000000000003,,2.5256710963912252,2.4727860531423818,2.4056476366601993,2.339245053621678,78.57142857142863,0.033418787435737674,0.020512055614730004,0.01290673182100767,0,0.04950714285714285,0.5,0.05,21042907.5,25250774.9,0.7263186420412674,0.605282652137539,91.30434782608695,95.65217391304351,0.009999999999999787,0.010000000000000231,0.020000000000000018,,0,2.4837414520762406,3.8416988416988387,3.4208494208494042,,0,,,-0.38461538461539435,1.171875,2.777777777777768,2.61,2.5470024066352193,2.61,0,25,20,20,2.53245,2.445,2.4887249999999996,2.455,2.59,,,,,,2.5833333333333335,2.606666666666667,2.6233333333333335,2.646666666666667,2.566666666666667,2.5433333333333334,2.526666666666667,0,0,0,0,0,0,0,0,0,0,0,0,0,0,0,0,0,0,0,0,0,0,,,,,,,,,,,,,,,,,,USD,1.0,stock,27.0
2026-01-20,2.59,2.62,2.57,2.6,30745267,2.4965,2.505,,2.532750039592061,2.4777748353720925,2.4094961983104923,2.341839630202557,83.63636363636377,0.03511777533686278,0.02343319955915656,0.011684575777706218,0,0.04950714285714285,0.5,0.05,20751676.8,24632462.2,1.4815798885225506,1.248160526965104,88.88888888888889,91.9484702093398,0.010000000000000231,0.020000000000000018,0.020000000000000018,,0,2.586536938766896,3.980769230769228,3.653846153846161,,0,,,0.38610038610038533,1.1673151750972943,4.8387096774193505,2.62,2.65521505702043,2.62,0,25,20,20,2.5374499999999998,2.45,2.493725,2.455,2.6,,,,,,2.5966666666666662,2.6233333333333326,2.6466666666666665,2.673333333333333,2.5733333333333324,2.546666666666666,2.523333333333332,0,0,0,0,0,0,0,0,0,0,0,0,0,0,0,0,0,0,0,0,0,0,,,,,,,,,,,,,,,,,,USD,1.0,stock,28.75
2026-01-21,2.62,2.66,2.6,2.65,31117445,2.5044999999999997,2.51,,2.543916702488055,2.4845287633967166,2.4142586498290965,2.34490590253885,82.35294117647072,0.0400372926344752,0.02675401817422029,0.013283274460254908,1,0.047507142857142845,0.5,0.05,20732120.7,24693252.3,1.5009291837665213,1.260159845367959,95.45454545454535,91.88259405650706,0.029999999999999805,0.010000000000000231,0.020000000000000018,,0,4.003143302337539,5.4905660377358565,5.283018867924533,,0,,,1.9230769230769162,3.112840466926081,6.425702811244971,2.66,4.170077479667119,2.66,0,25,20,20,2.5574500000000002,2.4699999999999998,2.513725,2.4699999999999998,2.65,,,,,,2.6366666666666667,2.6733333333333333,2.6966666666666668,2.7333333333333334,2.6133333333333333,2.5766666666666667,2.5533333333333332,0,0,0,0,0,0,0,0,0,0,0,0,0,0,0,0,0,0,0,0,0,0,,,,,,,,,,,,,,,,,,USD,1.0,stock,28.75
2026-01-22,2.68,2.76,2.67,2.74,25959782,2.5265,2.5162,,2.5625913022510973,2.494547243263512,2.420708973594857,2.3488371870907025,90.90909090909096,0.05061483703990399,0.031526181947357027,0.019088655092546966,1,0.05286428571428571,0.5,0.05,20953176.3,23968258.0,1.2389425654763377,1.0830900601954467,93.75000000000014,92.69781144781147,0.06000000000000005,0.019999999999999574,0.010000000000000231,,0,6.474769990835871,7.7919708029197166,8.16788321167884,,0,,,3.396226415094361,4.9808429118774145,19.130434782608717,2.76,6.923019585411804,2.76,0,25,20,20,2.6449999999999996,2.5199999999999996,2.5824999999999996,2.5199999999999996,2.74,,,,,,2.723333333333333,2.7766666666666664,2.813333333333333,2.8666666666666663,2.6866666666666665,2.6333333333333333,2.5966666666666667,0,0,0,0,0,0,0,0,0,0,0,0,0,0,0,0,0,0,0,0,0,0,,,,,,,,,,,,,,,,,,USD,1.0,stock,28.75
2026-01-23,2.74,2.81,2.71,2.78,25889013,2.547,2.523,,2.583296892512897,2.505741469017884,2.427823647385058,2.3531273643335813,91.89189189189193,0.06151616286136674,0.03752417813015897,0.02399198473120777,1,0.055721428571428575,0.5,0.05,21116858.7,22843028.7,1.225987888056475,1.1333441523890395,91.6666666666666,93.62373737373736,0.03999999999999959,0.03000000000000025,0.03000000000000025,,0,7.07565134845693,8.381294964028765,9.244604316546752,,0,,,1.4598540145985162,6.923076923076921,17.29957805907172,2.81,7.614421248181043,2.81,0,25,20,20,2.675,2.545,2.61,2.545,2.78,,,,,,2.766666666666666,2.8233333333333324,2.8666666666666663,2.9233333333333325,2.7233333333333323,2.666666666666666,2.623333333333332,0,0,0,0,0,0,0,0,0,0,0,0,0,0,0,0,0,0,0,0,0,0,,,,,,,,,,,,,,,,,,USD,1.0,stock,28.75
2026-01-26,2.77,2.82,2.75,2.8,26489585,2.5685,2.5284,,2.603935283702145,2.517281019252477,2.4351934761497103,2.3575738582208094,91.42857142857147,0.07095149035269666,0.04420964057466651,0.026741849778030145,1,0.055721428571428575,0.5,0.05,21944243.0,23590447.2,1.2071314102746675,1.1228945672551727,94.52204875376609,93.31290514014428,0.029999999999999805,0.020000000000000018,0.020000000000000018,,0,7.00231129635195,8.267857142857144,9.699999999999994,,0,,,0.7194244604316502,8.108108108108114,18.143459915611793,2.82,7.529554114689809,2.82,0,25,20,20,2.6799999999999997,2.55,2.6149999999999998,2.55,2.8,,,,,,2.7900000000000005,2.830000000000001,2.8600000000000003,2.900000000000001,2.760000000000001,2.7200000000000006,2.6900000000000013,0,0,0,0,0,0,0,0,0,0,0,0,0,0,0,0,0,0,0,0,0,0,,,,,,,,,,,,,,,,,,USD,1.0,stock,28.75
2026-01-27,2.85,2.86,2.82,2.83,22046465,2.5885,2.5343999999999998,,2.625465256682893,2.529544508693556,2.443011427117043,2.362274615850453,92.10526315789478,0.079928439351856,0.05135340033010441,0.028575039021751597,1,0.05715,0.5,0.05,22668427.1,23130117.65,0.972562626544124,0.953149713010647,92.59442113058509,92.9277121836726,0.020000000000000018,0.009999999999999787,0.010000000000000231,,0,7.227376088943717,8.533568904593649,10.44522968197881,,0,,,1.0714285714285898,8.846153846153836,16.46090534979423,2.86,7.79041896656152,2.86,0,25,20,20,2.71,2.57,2.6399999999999997,2.57,2.83,,,,,,2.8366666666666664,2.853333333333333,2.8766666666666665,2.893333333333333,2.813333333333333,2.7966666666666664,2.773333333333333,0,0,0,0,0,0,0,0,0,0,0,0,0,0,0,0,0,0,0,0,0,0,,,,,,,,,,,,,,,,,,USD,1.0,stock,28.75
2026-01-28,2.85,2.87,2.79,2.83,31324671,2.6092500000000003,2.5406,,2.644944756046427,2.5413270769800835,2.450674567174131,2.366928599772339,92.10526315789478,0.08605079609647559,0.05829287948337865,0.027757916613096942,0,0.06072142857142859,0.5,0.05,24205803.1,23613123.55,1.2940975711729226,1.3265788803277574,90.36376776680318,92.49341255038479,0.020000000000000018,0.020000000000000018,0.040000000000000036,,0,6.539054556663359,7.800353356890452,10.226148409893996,,0,,,0.0,6.792452830188678,17.18426501035197,2.87,6.996563672285819,2.87,0,25,20,20,2.715,2.575,2.645,2.575,2.83,,,,,,2.83,2.87,2.91,2.95,2.79,2.75,2.71,0,0,0,0,0,0,0,0,0,0,0,0,0,0,0,0,0,0,0,0,0,0,,,,,,,,,,,,,,,,,,USD,1.0,stock,28.75
2026-01-29,2.83,2.84,2.77,2.8,36189141,2.625,2.5456,,2.6597119221372436,2.551471113176943,2.4575919024776134,2.3712377679338084,87.49999999999994,0.08747371609757026,0.06412904680621698,0.023344669291353287,0,0.0617857142857143,0.5,0.05,25986931.1,24121289.15,1.3925900238370201,1.5002987931099032,79.41176470588228,87.45665120109017,0.03000000000000025,0.009999999999999787,0.029999999999999805,,0,5.010288495098436,6.249999999999994,9.085714285714284,,0,,,-1.0600706713780994,2.1897810218977964,12.676056338028175,2.87,5.274559124058293,2.87,0,25,20,20,2.715,2.575,2.645,2.575,2.8,,,,,,2.8033333333333332,2.8366666666666664,2.873333333333333,2.9066666666666663,2.7666666666666666,2.7333333333333334,2.6966666666666668,0,0,0,0,0,0,0,0,0,0,0,0,0,0,0,0,0,0,0,0,0,0,,,,,,,,,,,,,,,,,,USD,1.0,stock,28.75
2026-01-30,2.8,2.83,2.76,2.78,29534062,2.6405000000000003,2.5504,,2.6711679295527446,2.560433030307259,2.463976221240433,2.3753050538250142,80.55555555555549,0.08599624639931047,0.06850248672483568,0.017493759674474793,0,0.06178571428571433,0.5,0.05,27457928.7,24694590.95,1.0756114316809338,1.195972918109826,72.72727272727265,80.83426839998603,0.020000000000000018,0.03000000000000025,0.020000000000000018,,0,3.9148226779588193,5.017985611510775,8.258992805755398,,0,,,-0.7142857142857117,0.0,12.550607287449367,2.87,4.074325288319773,2.87,0,25,20,20,2.7199999999999998,2.605,2.6624999999999996,2.575,2.78,,,,,,2.7899999999999996,2.8199999999999994,2.86,2.8899999999999997,2.749999999999999,2.7199999999999993,2.679999999999999,0,0,0,0,0,0,0,0,0,0,0,0,0,0,0,0,0,0,0,0,0,0,,,,,,,,,,,,,,,,,,USD,1.0,stock,28.75
2026-02-02,2.81,2.85,2.81,2.83,18626315,2.6585,2.5564,,2.6862947934048638,2.5710042840206997,2.4712242168594343,2.3798293816476512,82.49999999999997,0.08784727445452845,0.07237144427077424,0.015475830183754202,0,0.06428571428571435,0.5,0.05,27792174.6,24417541.05,0.670199984998655,0.7628251739951513,87.87878787878788,80.0059417706476,0.020000000000000018,0.020000000000000018,0.0,,0,5.077922494527785,6.060070671378091,9.667844522968199,,0,,,1.7985611510791477,1.0714285714285898,14.574898785425106,2.87,5.349569486861521,2.87,0,25,20,20,2.7350000000000003,2.612,2.6735,2.575,2.83,,,,,,2.83,2.85,2.87,2.89,2.81,2.79,2.77,0,0,0,0,0,0,0,0,0,0,0,0,0,0,0,0,0,0,0,0,0,0,,,,,,,,,,,,,,,,,,USD,1.0,stock,28.75
2026-02-03,2.89,2.92,2.85,2.9,27661967,2.678,2.565,,2.706647670223448,2.583906076804202,2.4797148264265743,2.3850052086959335,85.10638297872336,0.09388044715357902,0.0766732448473352,0.017207202306243813,1,0.06785714285714291,0.5,0.05,27483844.6,24117760.7,1.0064809855605135,1.146954202924818,94.44444444444444,85.01683501683499,0.009999999999999787,0.020000000000000018,0.040000000000000036,,0,6.667321716432821,7.655172413793103,11.551724137931034,,0,,,2.473498233215543,2.473498233215543,15.537848605577697,2.92,7.143609118529621,2.92,0,25,20,20,2.795,2.65,2.7225,2.5999999999999996,2.9,,,,,,2.89,2.93,2.96,3.0,2.8600000000000003,2.8200000000000003,2.7900000000000005,0,0,0,0,0,0,0,0,0,0,0,0,0,0,0,0,0,0,0,0,0,0,,,,,,,,,,,,,,,,,,USD,1.0,stock,28.75
2026-02-04,2.9,2.92,2.86,2.9,34427374,2.6975,2.5744,,2.725062177821215,2.5963019169295274,2.4880373051111966,2.3901295349775658,83.72093023255809,0.09753742921518782,0.08084608172090572,0.016691347494282097,0,0.06928571428571433,0.5,0.05,27814837.5,24273479.1,1.2377341409957905,1.4183123011814156,94.44444444444444,92.25589225589226,0.0,0.020000000000000018,0.040000000000000036,,0,6.0323386958201715,6.982758620689659,11.227586206896556,,0,,,0.0,2.473498233215543,15.537848605577697,2.92,6.419590114404436,2.92,0,25,20,20,2.815,2.65,2.7325,2.5999999999999996,2.9,,,,,,2.893333333333333,2.9266666666666663,2.953333333333333,2.9866666666666664,2.8666666666666663,2.833333333333333,2.806666666666666,0,0,0,0,0,0,0,0,0,0,0,0,0,0,0,0,0,0,0,0,0,0,,,,,,,,,,,,,,,,,,USD,1.0,stock,28.75
2026-02-05,2.9,2.9299,2.88,2.91,52696216,2.7175000000000002,2.583,,2.742675303743004,2.6086038025401344,2.496393002039688,2.3953023754255502,86.0465116279069,0.1000887692439103,0.08469461922550664,0.015394150018403663,0,0.06999285714285719,0.5,0.05,30488480.9,25720828.6,1.7283975601421324,2.0487759869446815,94.62016761286839,94.5030188339191,0.010000000000000231,0.019899999999999807,0.020000000000000018,,0,5.7499895620960935,6.615120274914085,11.237113402061853,,0,,,0.34482758620690834,3.928571428571437,15.936254980079688,2.9299,6.100784005625592,2.9299,0,25,20,20,2.83995,2.6849499999999997,2.76245,2.6049499999999997,2.91,,,,,,2.906633333333333,2.9332666666666665,2.9565333333333332,2.9831666666666665,2.8833666666666664,2.856733333333333,2.8334666666666664,0,0,0,0,0,0,0,0,0,0,0,0,0,0,0,0,0,0,0,0,0,0,,,,,,,,,,,,,,,,,,USD,1.0,stock,28.75
2026-02-06,2.93,2.94,2.9,2.94,28358726,2.7395,2.5913999999999997,,2.7614681319579555,2.621599731852286,2.505177299029001,2.4007222522869873,88.88888888888884,0.1033402320100727,0.08842374178241985,0.014916490227652845,0,0.06999285714285719,0.5,0.05,30735452.2,25926155.45,0.9226715070097457,1.0938268905581217,100.00000000000001,96.35487068577095,0.009999999999999787,0.0,0.03000000000000025,,0,6.072512518436887,6.819727891156459,11.857142857142867,,0,,,1.0309278350515427,5.755395683453246,17.599999999999994,2.94,6.4651069471317975,2.94,0,25,20,20,2.8499999999999996,2.69,2.7699999999999996,2.61,2.94,,,,,,2.9266666666666663,2.9533333333333327,2.9666666666666663,2.9933333333333327,2.9133333333333327,2.8866666666666663,2.8733333333333326,0,0,0,0,0,0,0,0,0,0,0,0,0,0,0,0,0,0,0,0,0,0,,,,,,,,,,,,,,,,,,USD,1.0,stock,28.75
2026-02-09,2.92,2.95,2.88246,2.94,19279755,2.7584999999999997,2.6,,2.7784711670095787,2.6340860168776867,2.513787649543278,2.406088200025425,88.63636363636358,0.10471000788658102,0.0916809950032521,0.01302901288332893,0,0.07124571428571433,0.5,0.05,30014469.2,25979356.1,0.6423486909440331,0.7421182775195879,97.14285714285708,97.25434158524183,0.020000000000000018,0.010000000000000231,0.03753999999999991,,0,5.49417799287147,6.17346938775511,11.56462585034013,,0,,,0.0,3.886925795053009,14.84375,2.95,5.813586799400619,2.95,0,25,20,20,2.855,2.6950000000000003,2.7750000000000004,2.615,2.94,,,,,,2.9241533333333334,2.9658466666666667,2.9916933333333335,3.033386666666667,2.8983066666666666,2.8566133333333332,2.8307666666666664,0,0,0,0,0,0,0,0,0,0,0,0,0,0,0,0,0,0,0,0,0,0,,,,,,,,,,,,,,,,,,USD,1.0,stock,28.75
2026-02-10,2.95,3.03,2.94,3.0,22358179,2.78,2.6098000000000003,,2.7995691511039045,2.6484355848432677,2.523415616879055,2.411997770174426,88.88888888888884,0.10937624245778732,0.09522004449415913,0.014156197963628186,1,0.07338857142857146,0.5,0.05,30045640.6,26357033.85,0.7441405326535124,0.8482813023363021,91.66666666666671,96.26984126984127,0.04999999999999982,0.029999999999999805,0.010000000000000231,,0,6.6810282965365175,7.33333333333334,13.006666666666655,,0,,,2.0408163265306145,3.4482758620689724,16.731517509727635,3.03,7.15934624501285,3.03,0,25,20,20,2.8949999999999996,2.74,2.8175,2.655,3.0,,,,,,2.9899999999999998,3.0399999999999996,3.0799999999999996,3.1299999999999994,2.9499999999999997,2.9,2.86,0,0,0,0,0,0,0,0,0,0,0,0,0,0,0,0,0,0,0,0,0,0,,,,,,,,,,,,,,,,,,USD,1.0,stock,28.75
2026-02-11,3.04,3.06,3.01,3.05,23176836,2.804,2.62,,2.823419708141628,2.6641832089670614,2.5338430304062025,2.418346051068213,87.80487804878042,0.11577427532744711,0.09933089066081674,0.016443384666630367,1,0.0698171428571429,0.5,0.05,29230857.1,26718330.1,0.7928893744275463,0.867450769312862,97.14285714285708,95.3174603174603,0.009999999999999787,0.010000000000000231,0.03000000000000025,,0,7.4288620281433415,8.065573770491802,14.098360655737697,,0,,,1.6666666666666607,5.1724137931034475,18.67704280155642,3.06,8.025030469434062,3.06,0,25,20,20,2.91,2.75745,2.8337250000000003,2.67,3.05,,,,,,3.0400000000000005,3.070000000000001,3.0900000000000007,3.1200000000000014,3.020000000000001,2.99,2.9700000000000006,0,0,0,0,0,0,0,0,0,0,0,0,0,0,0,0,0,0,0,0,0,0,,,,,,,,,,,,,,,,,,USD,1.0,stock,28.75
2026-02-12,3.15,3.23,3.1301,3.2,36485615,2.8335,2.6326000000000005,,2.8592844978424257,2.685195632144824,2.547034257526872,2.426123702301365,90.38461538461536,0.1314334261475234,0.10575139775815807,0.025682028389365327,1,0.07553142857142861,0.5,0.05,29260504.5,27623717.8,1.24692364753998,1.3208075489389772,93.75000000000003,94.18650793650794,0.050000000000000266,0.029999999999999805,0.019899999999999807,,0,10.647359442424204,11.453125000000009,17.73124999999999,,0,,,4.918032786885251,9.965635738831624,22.60536398467434,3.23,11.91611056593611,3.23,0,25,20,20,3.02,2.84245,2.931225,2.755,3.2,,,,,,3.1867,3.2433,3.2866,3.3432,3.1434,3.0868,3.0435000000000003,0,0,0,0,0,0,0,0,0,0,0,0,0,0,0,0,0,0,0,0,0,0,,,,,,,,,,,,,,,,,,USD,1.0,stock,30.25
2026-02-13,3.12,3.14,3.07,3.11,20791609,2.8589999999999995,2.6431999999999998,,2.8831621647145758,2.701854626962674,2.5581820940114883,2.4329284415819488,76.27118644067792,0.135024687603166,0.11160605572715966,0.023418631876006332,0,0.07981714285714293,0.5,0.05,28386259.2,27922093.95,0.7324532920491335,0.7446292902398891,74.46808510638296,88.45364741641338,0.010000000000000231,0.020000000000000018,0.040000000000000036,,0,7.293821070270873,8.07073954983924,15.009646302250806,,0,,,-2.8125000000000067,5.782312925170063,19.615384615384613,3.23,7.867675223460084,3.23,0,25,20,20,3.04,2.84245,2.941225,2.755,3.11,,,,,,3.106666666666667,3.143333333333334,3.176666666666667,3.2133333333333343,3.0733333333333337,3.0366666666666666,3.0033333333333334,0,0,0,0,0,0,0,0,0,0,0,0,0,0,0,0,0,0,0,0,0,0,,,,,,,,,,,,,,,,,,USD,1.0,stock,27.0
2026-02-17,3.11,3.11,3.04,3.08,16087979,2.8835,2.6524,,2.9019086252179496,2.7166838572778635,2.568515121852845,2.439366964551283,71.18644067796608,0.13390644871396162,0.11606613432452006,0.01784031438944156,0,0.08053142857142863,0.5,0.05,28132425.6,27962300.1,0.5718660462750854,0.5753453379180349,68.08510638297875,78.76773049645391,0.029999999999999805,0.0,0.040000000000000036,,0,5.782187492923717,6.379870129870126,13.883116883116884,,0,,,-0.9646302250803762,4.761904761904767,18.918918918918926,3.23,6.137042815008513,3.23,0,25,20,20,3.045,2.88,2.9625,2.755,3.08,,,,,,3.0766666666666667,3.1133333333333333,3.1466666666666665,3.183333333333333,3.0433333333333334,3.006666666666667,2.9733333333333336,0,0,0,0,0,0,0,0,0,0,0,0,0,0,0,0,0,0,0,0,0,0,,,,,,,,,,,,,,,,,,USD,1.0,stock,27.0
2026-02-18,3.07,3.13,3.041,3.05,24891586,2.9059999999999997,2.6618,,2.9160125656733826,2.7297550785610847,2.5780494758755608,2.4454429151527632,67.74193548387092,0.12911117381542336,0.11867514222270073,0.010436031592722633,0,0.08117428571428577,0.5,0.05,27855387.5,27669616.05,0.8936004211034579,0.8995999783668844,61.70212765957445,68.08510638297872,0.020000000000000018,0.06000000000000005,0.008999999999999897,,0,4.39303063365958,4.72131147540984,12.727868852459013,,0,,,-0.9740259740259827,1.6666666666666607,17.307692307692292,3.23,4.594885354881042,3.23,0,25,20,20,3.0549999999999997,2.885,2.9699999999999998,2.755,3.05,,,,,,3.0736666666666665,3.106333333333333,3.1626666666666665,3.195333333333333,3.017333333333333,2.9846666666666666,2.9283333333333332,0,0,0,0,0,0,0,0,0,0,0,0,0,0,0,0,0,0,0,0,0,0,,,,,,,,,,,,,,,,,,USD,1.0,stock,25.0
2026-02-19,3.07,3.11,3.0503,3.08,21101237,2.9274999999999998,2.6742000000000004,,2.931630416561632,2.7434901735194734,2.5879890902146587,2.4517569159970147,72.5806451612903,0.1262760020423186,0.1201953141866243,0.0060806878556942945,0,0.08046000000000007,0.5,0.05,26522773.8,27168805.65,0.795589373838418,0.776671498623643,68.08510638297875,65.95744680851065,0.010000000000000231,0.029999999999999805,0.01969999999999983,,0,4.817194267479481,4.951298701298711,13.175324675324665,,0,,,0.9836065573770592,0.9836065573770592,16.226415094339618,3.23,5.060992088231353,3.23,0,25,20,20,3.0562300000000002,2.885,2.970615,2.755,3.08,,,,,,3.0801,3.1098999999999997,3.1397999999999997,3.1695999999999995,3.0502,3.0204,2.9905,0,0,0,0,0,0,0,0,0,0,0,0,0,0,0,0,0,0,0,0,0,0,,,,,,,,,,,,,,,,,,USD,1.0,stock,27.0
2026-02-20,3.06,3.08,3.0,3.07,18572770,2.944,2.6862,,2.9448084721271908,2.7562944804402787,2.5975338607054574,2.4579085884746563,73.77049180327865,0.12181795006005869,0.12051984136131119,0.0012981086987474966,0,0.08117428571428577,0.5,0.05,23110429.2,26799455.05,0.8036531835592219,0.6930278979683955,61.90476190476186,63.89733198243835,0.009999999999999787,0.010000000000000231,0.06000000000000005,,0,4.077899930710394,4.104234527687293,12.501628664495112,,0,,,-0.32467532467532756,-4.062500000000013,12.043795620437937,3.23,4.251262146851154,3.23,0,25,20,20,3.0562300000000002,2.895,2.9756150000000003,2.755,3.07,,,,,,3.0500000000000003,3.1000000000000005,3.1300000000000003,3.1800000000000006,3.0200000000000005,2.97,2.9400000000000004,0,0,0,0,0,0,0,0,0,0,0,0,0,0,0,0,0,0,0,0,0,0,,,,,,,,,,,,,,,,,,USD,1.0,stock,27.0
2026-02-23,3.08,3.15,3.07,3.13,19560711,2.9615,2.6994,,2.96244576049603,2.7709495988543855,2.608077744651884,2.464596065206252,74.19354838709673,0.12172326032968384,0.12076052515498573,0.0009627351746981094,0,0.08188857142857146,0.5,0.05,22230627.7,26483039.95,0.8798991762162434,0.7386127512902838,73.68421052631575,67.89135960468546,0.04999999999999982,0.020000000000000018,0.010000000000000231,,0,5.353170591181149,5.383386581469645,13.75718849840256,,0,,,1.9543973941368087,0.6430868167202508,12.589928057553967,3.23,5.655942861074182,3.23,0,25,20,20,3.085,2.895,2.99,2.755,3.13,,,,,,3.1166666666666667,3.1633333333333336,3.1966666666666668,3.2433333333333336,3.0833333333333335,3.0366666666666666,3.0033333333333334,0,0,0,0,0,0,0,0,0,0,0,0,0,0,0,0,0,0,0,0,0,0,,,,,,,,,,,,,,,,,,USD,1.0,stock,27.0
2026-02-24,3.15,3.24,3.14,3.23,22786499,2.9829999999999997,2.715,,2.9879271166392654,2.7889515753698997,2.620393036836995,2.472212024756439,75.38461538461534,0.12823912153432238,0.12225624443085306,0.005982877103469314,1,0.08331714285714294,0.5,0.05,22581302.1,26297885.65,1.0090870269168402,0.8664764651906531,97.36842105263153,77.65246449456971,0.08000000000000007,0.010000000000000231,0.009999999999999787,,0,7.494516512716243,7.647058823529422,15.944272445820436,,0,,,3.194888178913735,4.870129870129869,15.357142857142868,3.24,8.10169973734203,3.24,0,25,20,20,3.12,2.9000000000000004,3.0100000000000002,2.76,3.23,,,,,,3.2033333333333336,3.266666666666667,3.3033333333333337,3.366666666666667,3.166666666666667,3.1033333333333335,3.066666666666667,0,0,0,0,0,0,0,0,0,0,0,0,0,0,0,0,0,0,0,0,0,0,,,,,,,,,,,,,,,,,,USD,1.0,stock,27.0
2026-02-25,3.19,3.22,3.18,3.2,20402539,3.0015,2.7289999999999996,,3.0081245341021923,2.805071121433825,2.6318704024441835,2.4794536961518974,72.05882352941175,0.12948956411306423,0.1237029083672953,0.0057866557457689205,0,0.0826028571428572,0.5,0.05,22385738.1,26215689.35,0.9114079200274392,0.7782568189457127,88.88888888888889,86.64717348927873,0.010000000000000231,0.020000000000000018,0.009999999999999787,,0,5.996108309306497,6.2031250000000036,14.718750000000016,,0,,,-0.9287925696594312,4.918032786885251,13.07420494699647,3.24,6.378574547781322,3.24,0,25,20,20,3.12,2.9050000000000002,3.0125,2.76,3.2,,,,,,3.2000000000000006,3.220000000000001,3.2400000000000007,3.260000000000001,3.180000000000001,3.1600000000000006,3.140000000000001,0,0,0,0,0,0,0,0,0,0,0,0,0,0,0,0,0,0,0,0,0,0,,,,,,,,,,,,,,,,,,USD,1.0,stock,27.0
2026-02-26,3.23,3.23,3.17,3.19,16942286,3.0195,2.7418,,3.025446007044841,2.820166371573675,2.6429224736829124,2.486523808627998,70.5882352941176,0.12819587024611767,0.12460150074305978,0.003594369503057887,0,0.08332428571428577,0.5,0.05,21762283.1,25496570.1,0.7785160188454675,0.664492750732774,86.01555070761306,90.75762021637782,0.040000000000000036,0.0,0.020000000000000018,,0,5.158432381039471,5.3448275862068995,14.05015673981191,,0,,,-0.31250000000000444,3.5714285714285587,12.720848056537104,3.24,5.438999492041514,3.24,0,25,20,20,3.12,2.92,3.02,2.76,3.19,,,,,,3.1966666666666668,3.2233333333333336,3.256666666666667,3.2833333333333337,3.1633333333333336,3.1366666666666667,3.1033333333333335,0,0,0,0,0,0,0,0,0,0,0,0,0,0,0,0,0,0,0,0,0,0,,,,,,,,,,,,,,,,,,USD,1.0,stock,27.0
2026-02-27,3.2,3.22,3.15,3.16,18198855,3.0375,2.7532,,3.03826067304057,2.83349318053157,2.6531616326198844,2.4932250642635405,66.17647058823528,0.12332820843872527,0.1243468422821929,-0.00101863384346762,0,0.08546714285714294,0.5,0.05,19933607.1,24597055.8,0.912973497907461,0.7398794045911787,77.624881132181,84.17644024289432,0.040000000000000036,0.020000000000000018,0.010000000000000231,,0,3.852510346817405,3.8765822784810138,12.873417721518987,,0,,,-0.940438871473348,2.931596091205213,12.857142857142879,3.24,4.006875645650186,3.24,0,25,20,20,3.12,2.955,3.0375,2.76,3.16,,,,,,3.176666666666667,3.2033333333333345,3.2466666666666675,3.2733333333333348,3.133333333333334,3.106666666666667,3.063333333333334,0,0,0,0,0,0,0,0,0,0,0,0,0,0,0,0,0,0,0,0,0,0,,,,,,,,,,,,,,,,,,USD,1.0,stock,25.0
2026-03-02,3.1,3.11,3.0501,3.08,15253114,3.0524999999999998,2.7638,,3.0422358470367064,2.843160114628371,2.6616138775185005,2.499063620838033,59.210526315789465,0.11172729723989949,0.12182293327373422,-0.010095636033834732,0,0.08849285714285722,0.5,0.05,19379757.6,23883008.4,0.7870642303596201,0.6386596589732808,46.666666666666664,70.10236616882024,0.020000000000000018,0.009999999999999787,0.029900000000000038,,0,1.2261088624446013,0.8928571428571527,10.266233766233775,,0,,,-2.5316455696202556,-1.5974440894568676,10.79136690647482,3.24,1.2413289061753032,3.24,0,25,20,20,3.12,2.975,3.0475000000000003,2.76,3.08,,,,,,3.080033333333333,3.1099666666666663,3.139933333333333,3.169866666666666,3.0500666666666665,3.0201333333333333,2.9901666666666666,0,0,0,0,0,0,0,0,0,0,0,0,0,0,0,0,0,0,0,0,0,0,,,,,,,,,,,,,,,,,,USD,1.0,stock,25.0
2026-03-03,2.92,2.97,2.88,2.94,26565343,3.058,2.7722,,3.032499099699877,2.8469577571919644,2.6671264740032825,2.503451047496361,46.42857142857143,0.0901969275286838,0.11549773212472415,-0.025300804596040352,0,0.09635000000000009,0.5,0.05,20427494.0,24279959.8,1.3004699940188453,1.0941263172931612,16.666666666666668,46.986071488504784,0.020000000000000018,0.03000000000000025,0.040000000000000036,,0,-3.1462278809481945,-4.013605442176867,5.707482993197269,,0,,,-4.545454545454552,-8.978328173374617,3.886925795053009,3.24,-3.050259758000635,3.24,0,25,20,20,3.06,2.995,3.0275,2.76,2.94,,,,,,2.9299999999999997,2.9799999999999995,3.02,3.07,2.8899999999999992,2.8399999999999994,2.799999999999999,0,0,0,0,0,0,0,0,0,0,0,0,0,0,0,0,0,0,0,0,0,0,,,,,,,,,,,,,,,,,,USD,1.0,stock,25.0
2026-03-04,3.0,3.01,2.9401,2.98,17238996,3.0620000000000003,2.7821999999999996,,3.0274991854427458,2.8521751000471816,2.6733219893695543,2.508192828118288,45.7831325301205,0.07549140222754724,0.10749646614528878,-0.032005063917741536,0,0.0970642857142858,0.5,0.05,19662235.0,23758811.25,0.8767566861040975,0.7255832717640702,27.77777777777778,30.37037037037037,0.020000000000000018,0.009999999999999787,0.039899999999999824,,0,-1.5939323974075765,-2.7516778523490033,6.637583892617465,,0,,,1.3605442176870763,-6.875000000000009,2.758620689655178,3.24,-1.5689247967807276,3.24,0,25,20,20,3.06,3.0,3.0300000000000002,2.76,2.98,,,,,,2.9766999999999997,3.013299999999999,3.0465999999999993,3.083199999999999,2.9433999999999996,2.9068,2.8735,0,0,0,0,0,0,0,0,0,0,0,0,0,0,0,0,0,0,0,0,0,0,,,,,,,,,,,,,,,,,,USD,1.0,stock,25.0
2026-03-05,2.93,2.9599,2.8801,2.92,20880844,3.063,2.7908000000000004,,3.017261167781532,2.854834900045331,2.6782067024513454,2.512290411918106,31.081081081081095,0.05832335360440544,0.09766184363711213,-0.03933849003270669,0,0.0913428571428572,0.5,0.05,19640195.7,23081484.75,1.063168835939858,0.9046577473747653,11.11111111111111,18.51851851851852,0.010000000000000231,0.029900000000000038,0.039899999999999824,,0,-3.3308619103264476,-4.897260273972611,4.42465753424656,,0,,,-2.0134228187919434,-8.463949843260188,0.6896551724137945,3.24,-3.223491848173169,3.24,0,25,20,20,3.06,3.0,3.0300000000000002,2.76,2.92,,,,,,2.92,2.9598999999999998,2.9998,3.0397,2.8800999999999997,2.8402,2.8002999999999996,0,0,0,0,0,0,0,0,0,0,0,0,0,0,0,0,0,0,0,0,0,0,,,,,,,,,,,,,,,,,,USD,1.0,stock,25.0
2026-03-06,2.86,2.93,2.83,2.92,20205700,3.0635,2.8032,,3.0079981994213862,2.8573903941612,2.682994688541418,2.5163472237398166,35.3846153846154,0.0442079496563097,0.08697106484095164,-0.042763115184641945,0,0.08920000000000004,0.5,0.05,19803488.7,21456958.95,1.020310123437998,0.9416851682982784,21.95121951219508,20.280036133694654,0.06000000000000005,0.010000000000000231,0.029999999999999805,,0,-3.0136369664858327,-4.9143835616438345,4.000000000000001,,0,,,0.0,-7.594936708860766,0.3436426116838476,3.24,-2.9254738064109715,3.24,0,25,20,20,3.035,3.0,3.0175,2.76,2.92,,,,,,2.893333333333333,2.956666666666666,2.993333333333333,3.056666666666666,2.856666666666666,2.793333333333333,2.756666666666666,0,0,0,0,0,0,0,0,0,0,0,0,0,0,0,0,0,0,0,0,0,0,,,,,,,,,,,,,,,,,,USD,1.0,stock,25.0
2026-03-09,2.92,3.0,2.905,3.0,20414219,3.0665,2.8158,,3.007236466143159,2.862982927723506,2.689272021441588,2.5211596891752417,44.28571428571429,0.03902684457268668,0.07738222078729866,-0.03835537621461198,1,0.09098571428571435,0.5,0.05,19888839.5,21059733.6,1.0264157946470431,0.9693483966957682,41.46341463414631,24.841915085817504,0.08000000000000007,0.0,0.015000000000000124,,0,-0.2412155381052994,-2.216666666666667,6.140000000000004,,0,,,2.7397260273972712,-2.5974025974025983,2.0408163265306145,3.24,-0.24063508888078544,3.24,0,25,20,20,3.0300000000000002,3.0,3.015,2.76,3.0,,,,,,2.9683333333333333,3.0316666666666667,3.0633333333333335,3.126666666666667,2.9366666666666665,2.873333333333333,2.8416666666666663,0,0,0,0,0,0,0,0,0,0,0,0,0,0,0,0,0,0,0,0,0,0,,,,,,,,,,,,,,,,,,USD,1.0,stock,25.0
2026-03-10,2.99,3.07,2.97,3.02,20886343,3.0705,2.8287999999999998,,3.0084520407961914,2.8691404599696435,2.695821090323933,2.5261232743575777,47.826086956521756,0.03611826543796548,0.06912942971743202,-0.03301116427946654,1,0.09177142857142861,0.5,0.05,19698823.9,21140063.0,1.06028375633126,0.9879981436195342,46.34146341463411,36.5853658536585,0.029999999999999805,0.04999999999999982,0.020000000000000018,,0,0.3823827550929993,-1.672185430463576,6.331125827814578,,0,,,0.6666666666666599,2.7210884353741527,2.7210884353741527,3.24,0.38385053333781555,3.24,0,25,20,20,3.0300000000000002,3.0250000000000004,3.0275000000000003,2.79,3.02,,,,,,3.02,3.07,3.1199999999999997,3.1699999999999995,2.97,2.9200000000000004,2.8700000000000006,0,0,0,0,0,0,0,0,0,0,0,0,0,0,0,0,0,0,0,0,0,0,,,,,,,,,,,,,,,,,,USD,1.0,stock,25.0
2026-03-11,3.01,3.0299,2.97,2.99,19392058,3.0700000000000003,2.84,,3.006694703577507,2.8738800497747556,2.7016464152680135,2.53073896316994,43.47826086956523,0.031034697563890656,0.061510483286723754,-0.030475785722833097,1,0.09176428571428574,0.5,0.05,19597775.8,20991756.95,0.9895030026825798,0.9237939466519977,39.02439024390246,42.276422764227625,0.019999999999999574,0.01990000000000025,0.020000000000000018,,0,-0.5583512902176149,-2.6755852842809387,5.016722408026767,,0,,,-0.9933774834437026,0.3355704697986628,-0.33333333333332993,3.24,-0.5552510388780924,3.24,0,25,20,20,3.0250000000000004,3.035,3.0300000000000002,2.797,2.99,,,,,,2.9966333333333335,3.0232666666666668,3.0565333333333333,3.0831666666666666,2.963366666666667,2.9367333333333336,2.903466666666667,0,0,0,0,0,0,0,0,0,0,0,0,0,0,0,0,0,0,0,0,0,0,,,,,,,,,,,,,,,,,,USD,1.0,stock,25.0
2026-03-12,2.93,2.93,2.85,2.865,33833323,3.0607499999999996,2.8489999999999998,,2.9931999699034586,2.873531812528687,2.7048811397181516,2.534064943635911,37.26708074534164,0.01672666350227825,0.05255371932983466,-0.03582705582755641,0,0.09605000000000004,0.5,0.05,21286879.5,21524581.3,1.5893979669495475,1.5718458133259947,8.536585365853691,31.30081300813009,0.06499999999999995,0.0,0.015000000000000124,,0,-4.474693539387728,-6.8324607329842735,0.5584642233857053,,0,,,-4.180602006688961,-1.8835616438356073,-6.0655737704917945,3.24,-4.28304059843998,3.24,0,25,20,20,2.9699999999999998,3.035,3.0025,2.81,2.865,,,,,,2.8816666666666664,2.9133333333333327,2.9616666666666664,2.9933333333333327,2.8333333333333326,2.8016666666666663,2.7533333333333325,0,0,0,0,0,0,0,0,0,0,0,0,0,0,0,0,0,0,0,0,0,0,,,,,,,,,,,,,,,,,,USD,1.0,stock,25.0
2026-03-13,2.9,2.93,2.85,2.86,30555583,3.04375,2.8565000000000005,,2.9805142584840816,2.8730011532138366,2.707952800317792,2.537308078525106,32.0,0.0049271876591081565,0.043028412995689366,-0.03810122533658121,0,0.09605000000000004,0.5,0.05,22522552.3,21228079.7,1.3566660915246271,1.4393945864071729,7.317073170731657,18.29268292682927,0.040000000000000036,0.03000000000000025,0.009999999999999787,,0,-4.213785261681179,-6.424825174825186,0.12237762237760114,,0,,,-0.17452006980803736,-2.0547945205479423,-10.625000000000007,3.24,-4.043404863474011,3.24,0,25,20,20,2.95,3.035,2.9925,2.81,2.86,,,,,,2.8800000000000003,2.9100000000000006,2.9600000000000004,2.9900000000000007,2.8300000000000005,2.8000000000000003,2.7500000000000004,0,0,0,0,0,0,0,0,0,0,0,0,0,0,0,0,0,0,0,0,0,0,,,,,,,,,,,,,,,,,,USD,1.0,stock,25.0
2026-03-16,2.9,2.94,2.89,2.9,23046410,3.0332500000000002,2.8651,,2.97284623386655,2.8740599315191764,2.7117557151629845,2.540916953365652,26.08695652173914,-0.0011826830175527547,0.03418619379304094,-0.0353688768105937,1,0.09390714285714287,0.5,0.05,23301881.9,21340819.75,0.9890364262810895,1.0799214964551678,17.499999999999964,11.117886178861772,0.0,0.040000000000000036,0.009999999999999787,,0,-2.5119390988465473,-4.5948275862069075,1.2034482758620666,,0,,,1.3986013986013957,-3.3333333333333326,-6.7524115755627,3.24,-2.4503868729128464,3.24,0,25,20,20,2.95,3.035,2.9925,2.84,2.9,,,,,,2.91,2.93,2.96,2.98,2.8800000000000003,2.8600000000000003,2.8300000000000005,0,0,0,0,0,0,0,0,0,0,0,0,0,0,0,0,0,0,0,0,0,0,,,,,,,,,,,,,,,,,,USD,1.0,stock,27.0
2026-03-17,2.92,2.94,2.88,2.9,14883066,3.02425,2.8737,,2.9659084973078307,2.8750771891066598,2.7154833247637176,2.5444899190038046,27.272727272727266,-0.005956140863739634,0.02615772686168483,-0.03211386772542446,1,0.0946214285714286,0.5,0.05,22133654.2,21280574.1,0.6724179326882228,0.699373331286208,17.499999999999964,14.10569105691053,0.020000000000000018,0.020000000000000018,0.020000000000000018,,0,-2.2727068037183025,-4.284482758620689,0.9068965517241376,,0,,,0.0,-3.9735099337748325,-5.844155844155852,3.24,-2.222202652834915,3.24,0,25,20,20,2.95,3.035,2.9925,2.84,2.9,,,,,,2.9066666666666667,2.9333333333333336,2.966666666666667,2.9933333333333336,2.8733333333333335,2.8466666666666667,2.8133333333333335,0,0,0,0,0,0,0,0,0,0,0,0,0,0,0,0,0,0,0,0,0,0,,,,,,,,,,,,,,,,,,USD,1.0,stock,27.0
2026-03-18,2.88,2.885,2.825,2.83,29688565,3.01325,2.8801,,2.952964830897561,2.8733094562005164,2.7177509816990897,2.547330815332125,25.000000000000014,-0.01521219882455549,0.01788374172443677,-0.03309594054899226,0,0.09569285714285715,0.5,0.05,23378611.1,21520423.05,1.2699028557774332,1.3795530381081424,1.2658227848100996,12.088607594936676,0.04999999999999982,0.004999999999999893,0.004999999999999893,,0,-4.345047028182369,-6.475265017667849,-1.7703180212014145,,0,,,-2.4137931034482696,-5.35117056856188,-7.213114754098349,3.24,-4.164114303392688,3.24,0,25,20,20,2.9475,3.0325,2.99,2.84,2.83,,,,,,2.8466666666666662,2.8683333333333323,2.906666666666666,2.928333333333332,2.8083333333333327,2.7866666666666666,2.748333333333333,0,0,0,0,0,0,0,0,0,0,0,0,0,0,0,0,0,0,0,0,0,0,,,,,,,,,,,,,,,,,,USD,1.0,stock,27.0
2026-03-19,2.77,2.83,2.75,2.8,24637942,2.99925,2.8859,,2.93839675176446,2.870434575565202,2.719379675130791,2.5498449365726015,25.000000000000014,-0.024683900089302657,0.009370213361688886,-0.03405411345099155,0,0.09640714285714284,0.5,0.05,23754320.9,21697258.3,1.0371983313570543,1.135532501818444,13.888888888888845,10.884903891232971,0.029999999999999805,0.03000000000000025,0.020000000000000018,,0,-4.942741134445008,-7.116071428571434,-3.067857142857146,,0,,,-1.0600706713780994,-2.2687609075043746,-9.090909090909093,3.24,-4.709940945903755,3.24,0,25,20,20,2.91,2.995,2.9525,2.845,2.8,,,,,,2.793333333333333,2.836666666666666,2.873333333333333,2.916666666666666,2.756666666666666,2.713333333333333,2.676666666666666,0,0,0,0,0,0,0,0,0,0,0,0,0,0,0,0,0,0,0,0,0,0,,,,,,,,,,,,,,,,,,USD,1.0,stock,27.0
2026-03-20,2.78,2.78,2.7,2.71,27591719,2.98125,2.8899,,2.916644680167845,2.8641430235822534,2.719193938989587,2.5514385192932725,24.657534246575352,-0.03900293783132103,-0.0003044168769130969,-0.03869852095440793,0,0.09569999999999997,0.5,0.05,24492922.8,22148205.75,1.1265180242188164,1.2457767148925822,2.7027027027026476,5.952471458800531,0.06999999999999984,0.0,0.009999999999999787,,0,-7.625264950842989,-10.00922509225093,-6.638376383763836,,0,,,-3.214285714285714,-5.24475524475524,-11.726384364820841,3.24,-7.085013871348673,3.24,0,25,20,20,2.885,2.97,2.9275,2.8474500000000003,2.71,,,,,,2.7300000000000004,2.7600000000000007,2.81,2.8400000000000003,2.680000000000001,2.650000000000001,2.6000000000000014,0,0,0,0,0,0,0,0,0,0,0,0,0,0,0,0,0,0,0,0,0,0,,,,,,,,,,,,,,,,,,USD,1.0,stock,27.0
2026-03-23,2.8,2.83,2.77,2.8,36830149,2.96475,2.8959,,2.9055356630090023,2.861627610892753,2.720794059009595,2.5539117678575187,39.70588235294117,-0.042597592041376586,-0.008763051909805796,-0.03383454013157079,1,0.08998571428571424,0.5,0.05,26134515.8,23011677.65,1.4092531609099106,1.6004982148704834,27.027027027026957,14.539539539539485,0.0,0.03000000000000025,0.029999999999999805,,0,-3.7691308217500907,-5.883928571428578,-3.4250000000000114,,0,,,3.3210332103321027,-3.4482758620689724,-10.543130990415339,3.24,-3.6322274185995957,3.24,0,25,20,20,2.8649500000000003,2.97,2.9174750000000005,2.8474500000000003,2.8,,,,,,2.7999999999999994,2.8299999999999987,2.8599999999999994,2.889999999999999,2.7699999999999987,2.7399999999999993,2.7099999999999986,0,0,0,0,0,0,0,0,0,0,0,0,0,0,0,0,0,0,0,0,0,0,,,,,,,,,,,,,,,,,,USD,1.0,stock,25.0
2026-03-24,2.76,2.8,2.75,2.78,25944184,2.94225,2.9003,,2.893579885579573,2.8584265281126453,2.7219664538806922,2.55616140200819,34.848484848484844,-0.046523915516019976,-0.016315224631048633,-0.030208690884971343,1,0.0885571428571428,0.5,0.05,26640299.9,23169561.9,0.9738698174339997,1.119752894421366,21.62162162162154,17.117117117117047,0.020000000000000018,0.020000000000000018,0.009999999999999787,,0,-4.08560739494868,-5.836330935251807,-4.327338129496414,,0,,,-0.7142857142857117,-4.137931034482767,-13.931888544891645,3.23,-3.9252375974000007,3.23,0,25,20,20,2.8200000000000003,2.97,2.8950000000000005,2.8474500000000003,2.78,,,,,,2.776666666666667,2.8033333333333337,2.8266666666666667,2.8533333333333335,2.753333333333334,2.726666666666667,2.703333333333334,0,0,0,0,0,0,0,0,0,0,0,0,0,0,0,0,0,0,0,0,0,0,,,,,,,,,,,,,,,,,,USD,1.0,stock,25.0
2026-03-25,2.83,2.88,2.81,2.85,23474501,2.92475,2.9059000000000004,,2.8894294202862802,2.8580960760297964,2.7245017716256292,2.5590851691523873,44.77611940298509,-0.04348586222104256,-0.02174935214904742,-0.02173651007199514,1,0.08856428571428568,0.5,0.05,27048544.2,23323160.0,0.8678655984746122,1.006488872005337,40.540540540540555,29.729729729729684,0.020000000000000018,0.029999999999999805,0.020000000000000018,,0,-1.3834884310975495,-2.622807017543855,-1.9614035087719397,,0,,,2.517985611510798,0.7067137809187329,-10.9375,3.23,-1.3646092204035754,3.23,0,25,20,20,2.8200000000000003,2.97,2.8950000000000005,2.885,2.85,,,,,,2.8466666666666662,2.8833333333333324,2.916666666666666,2.9533333333333323,2.8133333333333326,2.7766666666666664,2.7433333333333327,0,0,0,0,0,0,0,0,0,0,0,0,0,0,0,0,0,0,0,0,0,0,,,,,,,,,,,,,,,,,,USD,1.0,stock,25.0
2026-03-26,2.83,2.87,2.8,2.82,20734397,2.90625,2.9109,,2.88281709454473,2.856602112263922,2.7263928256528445,2.561681336623508,42.857142857142854,-0.043003218047244385,-0.026000125328686813,-0.017003092718557572,1,0.08642142857142855,0.5,0.05,25738651.6,23512765.55,0.8055743293094654,0.8818357396499451,32.43243243243237,31.53153153153149,0.010000000000000231,0.040000000000000036,0.020000000000000018,,0,-2.227556544139368,-3.058510638297878,-3.2234042553191484,,0,,,-1.0526315789473717,0.7142857142857117,-11.598746081504707,3.22,-2.179017692922713,3.22,0,25,20,20,2.8200000000000003,2.97,2.8950000000000005,2.89,2.82,,,,,,2.83,2.8600000000000003,2.9000000000000004,2.9300000000000006,2.79,2.76,2.7199999999999998,0,0,0,0,0,0,0,0,0,0,0,0,0,0,0,0,0,0,0,0,0,0,,,,,,,,,,,,,,,,,,USD,1.0,stock,25.0
2026-03-27,2.82,2.87,2.795,2.81,24920385,2.88875,2.9149000000000003,,2.8758821331595175,2.8547745784496508,2.728048413263679,2.564152169094916,34.920634920634924,-0.04293273365982708,-0.029386646994914868,-0.013546086664912214,1,0.08499285714285712,0.5,0.05,25175131.8,23848842.05,0.9898810142475599,1.0449306070187168,29.729729729729723,34.234234234234215,0.009999999999999787,0.050000000000000266,0.015000000000000124,,0,-2.34455989891521,-2.8024911032028426,-3.7330960854092607,,0,,,-0.35460992907800915,3.690036900368998,-11.075949367088612,3.11,-2.290849558814763,3.11,0,25,20,20,2.8200000000000003,2.97,2.8950000000000005,2.89,2.81,,,,,,2.8249999999999997,2.8549999999999995,2.9,2.9299999999999997,2.7799999999999994,2.7499999999999996,2.704999999999999,0,0,0,0,0,0,0,0,0,0,0,0,0,0,0,0,0,0,0,0,0,0,,,,,,,,,,,,,,,,,,USD,1.0,stock,25.0
2026-03-30,2.84,2.8499,2.79,2.82,20522366,2.87575,2.9193000000000002,,2.8705600252395636,2.853410869490841,2.7298692367634083,2.5666979186561605,33.87096774193546,-0.04159052812940223,-0.03182742322181234,-0.009763104907589887,1,0.08212857142857143,0.5,0.05,24922727.4,24112304.65,0.8234398134130376,0.8511159052562818,36.374658987571905,32.84560704991134,0.020000000000000018,0.00990000000000002,0.029999999999999805,,0,-1.7929086964384295,-1.9769503546099358,-3.5212765957446948,,0,,,0.3558718861209842,0.7142857142857117,-8.441558441558449,3.07,-1.7613296637245621,3.07,0,25,20,20,2.7925,2.97,2.88125,2.9000000000000004,2.82,,,,,,2.8199666666666663,2.8499333333333325,2.879866666666666,2.9098333333333324,2.7900333333333327,2.7600666666666664,2.730133333333333,0,0,0,0,0,0,0,0,0,0,0,0,0,0,0,0,0,0,0,0,0,0,,,,,,,,,,,,,,,,,,USD,1.0,stock,25.0
2026-03-31,2.88,2.93,2.86,2.92,38150915,2.87475,2.9259000000000004,,2.875268594264367,2.85602220794218,2.7336342023720537,2.570213362251622,44.92753623188405,-0.0320877684901304,-0.03187949227547595,-0.0002082762146544473,1,0.08570714285714288,0.5,0.05,27249512.3,24691583.25,1.4000586351778486,1.545097963695787,91.66666666666666,52.5903517946561,0.040000000000000036,0.010000000000000231,0.020000000000000018,,0,1.531897456699751,1.5496575342465684,-0.20205479452056369,,0,,,3.546099290780136,5.035971223021596,-0.6802721088435382,3.07,1.5557296394800701,3.07,0,25,20,20,2.8150000000000004,2.97,2.8925,2.9000000000000004,2.92,,,,,,2.9033333333333338,2.9466666666666677,2.973333333333334,3.016666666666668,2.8766666666666674,2.8333333333333335,2.806666666666667,0,0,0,0,0,0,0,0,0,0,0,0,0,0,0,0,0,0,0,0,0,0,,,,,,,,,,,,,,,,,,USD,1.0,stock,25.0
2026-04-01,2.95,2.99,2.94,2.97,27701923,2.87425,2.9333000000000005,,2.884290632905856,2.860491925277781,2.7383147132161714,2.574191338746631,58.53658536585365,-0.0202883098725799,-0.02956125579489674,0.009272945922316839,1,0.0807071428571429,0.5,0.05,27050848.1,25214729.6,1.0240685577617805,1.0986404946416717,93.10344827586206,73.71492464336687,0.020000000000000018,0.020000000000000018,0.010000000000000231,,0,2.8858372758971043,3.223905723905731,1.2356902356902266,,0,,,1.7123287671233056,4.210526315789487,-0.3355704697986517,3.07,2.9715926029199697,3.07,0,25,20,20,2.845,2.965,2.9050000000000002,2.9000000000000004,2.97,,,,,,2.966666666666667,2.9933333333333336,3.016666666666667,3.043333333333334,2.9433333333333334,2.9166666666666665,2.893333333333333,0,0,0,0,0,0,0,0,0,0,0,0,0,0,0,0,0,0,0,0,0,0,,,,,,,,,,,,,,,,,,USD,1.0,stock,25.0
2026-04-02,2.94,2.98,2.91,2.93,42960466,2.8747499999999997,2.9389,,2.8886439059624416,2.863217732129633,2.7421104614693164,2.5777317234357198,55.3846153846154,-0.01400339716797383,-0.02644968406951216,0.012446286901538331,1,0.07999285714285717,0.5,0.05,28883100.5,26318710.7,1.4873910783920168,1.6323165100940906,79.31034482758619,88.02681992337163,0.009999999999999787,0.040000000000000036,0.020000000000000018,,0,1.4114707862647977,1.8856655290102546,-0.30375426621159335,,0,,,-1.3468013468013518,3.900709219858167,0.34246575342467,3.07,1.4316785101893517,3.07,0,25,20,20,2.87,2.965,2.9175,2.9050000000000002,2.93,,,,,,2.94,2.9699999999999998,3.01,3.0399999999999996,2.9,2.87,2.83,0,0,0,0,0,0,0,0,0,0,0,0,0,0,0,0,0,0,0,0,0,0,,,,,,,,,,,,,,,,,,USD,1.0,stock,25.0
2026-04-06,2.95,3.0,2.95,2.99,20489531,2.8782500000000004,2.9438999999999997,,2.8982968672993517,2.868189585771608,2.7470191652025973,2.5818338953418323,56.71641791044779,-0.004133412602622233,-0.021986429776134176,0.017853017173511943,1,0.07927857142857143,0.5,0.05,28172881.7,26332902.25,0.7272784949081017,0.7780961933278737,96.66666666666674,89.69348659003833,0.040000000000000036,0.009999999999999787,0.0,,0,3.0669944047039652,3.7374581939799256,1.5418060200669053,,0,,,2.0477815699658786,6.4056939501779375,2.3972602739726234,3.07,3.164035186847441,3.07,0,25,20,20,2.875,2.96,2.9175,2.92,2.99,,,,,,2.9800000000000004,3.0100000000000007,3.0300000000000002,3.0600000000000005,2.960000000000001,2.9300000000000006,2.910000000000001,0,0,0,0,0,0,0,0,0,0,0,0,0,0,0,0,0,0,0,0,0,0,,,,,,,,,,,,,,,,,,USD,1.0,stock,25.0
2026-04-07,2.95,2.98,2.92,2.97,29863527,2.8767500000000004,2.9476999999999998,,2.905125737080366,2.872182151035467,2.7514346272777934,2.585696244641914,55.07246376811596,0.0020511441092931904,-0.0171789149990487,0.019230059108341892,1,0.07999285714285717,0.5,0.05,27476219.5,26805367.65,1.0868863163653208,1.114087573426735,90.00000000000006,88.65900383141768,0.020000000000000018,0.009999999999999787,0.03000000000000025,,0,2.184318616822699,3.139730639730634,0.7508417508417653,,0,,,-0.6688963210702337,5.319148936170226,-0.9999999999999898,3.07,2.2330965607303597,3.07,0,25,20,20,2.895,2.9050000000000002,2.9000000000000004,2.955,2.97,,,,,,2.956666666666667,2.993333333333334,3.016666666666667,3.053333333333334,2.933333333333334,2.896666666666667,2.873333333333334,0,0,0,0,0,0,0,0,0,0,0,0,0,0,0,0,0,0,0,0,0,0,,,,,,,,,,,,,,,,,,USD,1.0,stock,25.0
2026-04-08,3.1,3.13,3.0701,3.08,25423950,2.87975,2.9533,,2.921780428786998,2.8803318706027032,2.7579408722821936,2.5906146899688602,67.12328767123287,0.01564814843789586,-0.010613502311659789,0.026261650749555648,1,0.08606428571428573,0.5,0.05,27424196.1,27032248.0,0.9270627261887177,0.9405044671090618,88.37209302325584,91.67958656330757,0.020000000000000018,0.029999999999999805,0.00990000000000002,,0,5.1369990653572115,6.501623376623378,4.113636363636364,,0,,,3.703703703703698,5.47945205479452,1.9867549668874274,3.13,5.415176638673301,3.13,0,25,20,20,2.96,2.915,2.9375,2.97,3.08,,,,,,3.093366666666667,3.1166333333333336,3.1532666666666667,3.1765333333333334,3.0567333333333337,3.033466666666667,2.996833333333334,0,0,0,0,0,0,0,0,0,0,0,0,0,0,0,0,0,0,0,0,0,0,,,,,,,,,,,,,,,,,,USD,1.0,stock,25.0
2026-04-09,3.11,3.19,3.1,3.15,36540869,2.8877499999999996,2.9597,,2.9435156260453788,2.8909070913633816,2.7657044193657145,2.596180712954245,72.72727272727273,0.03170679116329245,-0.0021494436166693415,0.03385623477996179,1,0.08820714285714286,0.5,0.05,28730832.9,27889688.55,1.2718346567669467,1.3101927952508454,91.83673469387753,90.06960923904448,0.040000000000000036,0.040000000000000036,0.009999999999999787,,0,6.555059490622894,8.325396825396837,6.041269841269831,,0,,,2.2727272727272707,6.060606060606055,5.351170568561869,3.19,7.014889682513202,3.19,0,25,20,20,2.99,2.9450000000000003,2.9675000000000002,2.97,3.15,,,,,,3.1466666666666665,3.193333333333333,3.2366666666666664,3.2833333333333328,3.103333333333333,3.0566666666666666,3.013333333333333,0,0,0,0,0,0,0,0,0,0,0,0,0,0,0,0,0,0,0,0,0,0,,,,,,,,,,,,,,,,,,USD,1.0,stock,27.0
2026-04-10,3.2,3.23,3.1601,3.19,31531764,2.9040000000000004,2.9669,,2.9669903283267716,2.902636225035406,2.774106312051542,2.602089362576591,83.33333333333333,0.047117901091585424,0.0077040253249816126,0.03941387576660381,1,0.08677857142857147,0.5,0.05,29810569.6,27774610.6,1.0577377226633067,1.1352729460048667,91.66666666666666,90.62516479460002,0.010000000000000231,0.029999999999999805,0.029900000000000038,,0,6.990898798533805,8.965517241379297,6.993730407523513,,0,,,1.2698412698412653,8.87372013651877,11.343804537521795,3.23,7.516359913414152,3.23,0,25,20,20,3.01,2.965,2.9875,2.97,3.19,,,,,,3.1933666666666665,3.226633333333333,3.2632666666666665,3.296533333333333,3.156733333333333,3.1234666666666664,3.086833333333333,0,0,0,0,0,0,0,0,0,0,0,0,0,0,0,0,0,0,0,0,0,0,,,,,,,,,,,,,,,,,,USD,1.0,stock,28.75
2026-04-13,3.16,3.18,3.13,3.16,23353475,2.919,2.9741000000000004,,2.9853722018194597,2.912728922092841,2.7817477712188383,2.6076407122026946,77.2727272727273,0.05626201398592823,0.017415623057170936,0.03884639092875729,0,0.08249285714285717,0.5,0.05,29653878.6,27414505.2,0.787535260227308,0.851865639362333,85.4166666666667,89.64002267573697,0.0,0.020000000000000018,0.03000000000000025,,0,5.52619614495381,7.626582278481016,5.882911392405054,,0,,,-0.940438871473348,5.685618729096986,10.4895104895105,3.23,5.849448121547861,3.23,0,25,20,20,3.045,2.965,3.005,2.97,3.16,,,,,,3.1566666666666667,3.1833333333333336,3.206666666666667,3.233333333333334,3.1333333333333333,3.1066666666666665,3.083333333333333,0,0,0,0,0,0,0,0,0,0,0,0,0,0,0,0,0,0,0,0,0,0,,,,,,,,,,,,,,,,,,USD,1.0,stock,27.0
2026-04-14,3.185,3.2,3.14,3.14,23380982,2.931,2.9813,,3.0000986587890353,2.921641513383318,2.7888418747590595,2.612937819543961,77.2727272727273,0.06118960085202607,0.026170418616141965,0.03501918223588411,0,0.08320714285714291,0.5,0.05,29939740.2,27431233.8,0.7809346989590779,0.8523489016378111,79.54545454545458,85.54292929292933,0.04499999999999993,0.015000000000000124,0.0,,0,4.45545672646385,6.656050955414015,5.0541401273885365,,0,,,-0.6329113924050667,5.723905723905731,8.275862068965534,3.23,4.663224684332044,3.23,0,25,20,20,3.0700000000000003,2.965,3.0175,2.97,3.14,,,,,,3.16,3.18,3.22,3.24,3.12,3.1,3.06,0,0,0,0,0,0,0,0,0,0,0,0,0,0,0,0,0,0,0,0,0,0,,,,,,,,,,,,,,,,,,USD,1.0,stock,27.0
2026-04-15,3.16,3.17,3.13,3.13,15379532,2.9425,2.9872999999999994,,3.0124702150948415,2.929812434427109,2.7955974811994744,2.618082716861932,73.33333333333331,0.06355520764623934,0.033647376422161444,0.029907831224077898,0,0.07892142857142861,0.5,0.05,27662601.9,27456057.1,0.5559683812678518,0.5601507872738216,77.27272727272725,80.74494949494951,0.03000000000000025,0.009999999999999787,0.0,,0,3.754945204637649,5.9904153354632586,4.55910543130992,,0,,,-0.31847133757962887,1.6233766233766156,7.931034482758625,3.23,3.90144222227466,3.23,0,25,20,20,3.0700000000000003,2.965,3.0175,2.97,3.13,,,,,,3.143333333333333,3.1566666666666663,3.183333333333333,3.1966666666666663,3.1166666666666663,3.103333333333333,3.076666666666666,0,0,0,0,0,0,0,0,0,0,0,0,0,0,0,0,0,0,0,0,0,0,,,,,,,,,,,,,,,,,,USD,1.0,stock,27.0
2026-04-16,3.07,3.09,3.02,3.05,24925511,2.9535,2.9902999999999995,,3.016044480323904,2.934525672292713,2.800635154839089,2.622380401271266,67.6923076923077,0.058302561030352695,0.038578413343799696,0.019724147686553,0,0.08177857142857145,0.5,0.05,27384960.7,27217904.4,0.9101897670424629,0.9157762711518673,59.09090909090905,71.96969696969695,0.020000000000000018,0.020000000000000018,0.029999999999999805,,0,1.113295727085104,3.1639344262295017,1.957377049180338,,0,,,-2.5559105431309903,-3.1746031746031744,7.773851590105996,3.23,1.1258295392397217,3.23,0,25,20,20,3.075,2.965,3.02,2.97,3.05,,,,,,3.0533333333333332,3.0866666666666664,3.123333333333333,3.1566666666666663,3.0166666666666666,2.9833333333333334,2.9466666666666668,0,0,0,0,0,0,0,0,0,0,0,0,0,0,0,0,0,0,0,0,0,0,,,,,,,,,,,,,,,,,,USD,1.0,stock,25.0
2026-04-17,3.125,3.136,3.05,3.05,33409095,2.966,2.9933000000000005,,3.019278339340675,2.939054077300842,2.8055730725650476,2.626635322651652,68.74999999999997,0.05352282295773092,0.041567295266585945,0.011955527691144975,0,0.08256428571428574,0.5,0.05,26429823.6,27656462.05,1.2640680280590295,1.2080032123993243,59.09090909090905,65.15151515151513,0.07500000000000018,0.01100000000000012,0.0,,0,1.0072675626008132,2.7540983606557257,1.8590163934426003,,0,,,0.0,-4.3887147335423204,8.92857142857142,3.23,1.0175166780427916,3.23,0,25,20,20,3.075,2.965,3.02,2.97,3.05,,,,,,3.078666666666667,3.107333333333334,3.164666666666667,3.1933333333333342,3.0213333333333336,2.9926666666666666,2.9353333333333333,0,0,0,0,0,0,0,0,0,0,0,0,0,0,0,0,0,0,0,0,0,0,,,,,,,,,,,,,,,,,,USD,1.0,stock,25.0
2026-04-20,3.08,3.09,3.05,3.07,15508231,2.984,2.9965,,3.024108973689182,2.9441892115243387,2.8108092493459376,2.631046911480989,69.23076923076923,0.05076350882154346,0.04340653797757745,0.007356970843966006,0,0.08114285714285718,0.5,0.05,25931693.6,27052287.65,0.5980415795133411,0.5732687453513752,56.75675675675673,58.31285831285828,0.010000000000000231,0.009999999999999787,0.020000000000000018,,0,1.4948217039354286,2.8013029315960867,2.3941368078175795,,0,,,0.6557377049180246,-2.848101265822789,13.284132841328411,3.23,1.5175057086264356,3.23,0,25,20,20,3.125,2.965,3.045,2.97,3.07,,,,,,3.07,3.09,3.11,3.13,3.05,3.03,3.01,0,0,0,0,0,0,0,0,0,0,0,0,0,0,0,0,0,0,0,0,0,0,,,,,,,,,,,,,,,,,,USD,1.0,stock,25.0
2026-04-21,3.07,3.11,3.05,3.07,30012681,2.9974999999999996,2.9991,,3.028479547623546,2.9491229679351494,2.8159417394578994,2.6354146039040636,63.63636363636362,0.048023151491805915,0.04432986068042315,0.0036932908113827684,0,0.0775714285714286,0.5,0.05,25946609.0,26711414.25,1.1567091869307469,1.1235901146641833,49.99999999999993,55.28255528255524,0.0,0.040000000000000036,0.020000000000000018,,0,1.3524577321320475,2.361563517915317,2.3094462540716605,,0,,,0.0,-2.2292993630573354,9.642857142857153,3.23,1.3709999266475166,3.23,0,25,20,20,3.125,2.965,3.045,2.97,3.07,,,,,,3.0766666666666667,3.1033333333333335,3.1366666666666667,3.1633333333333336,3.0433333333333334,3.0166666666666666,2.9833333333333334,0,0,0,0,0,0,0,0,0,0,0,0,0,0,0,0,0,0,0,0,0,0,,,,,,,,,,,,,,,,,,USD,1.0,stock,25.0
2026-04-22,3.07,3.07,3.01,3.01,28707879,3.0090000000000003,3.0004999999999997,,3.026719590707018,2.951510302525928,2.8197844772904164,2.6391418217756653,53.571428571428534,0.04054255071788848,0.043572398687916215,-0.003029847970027734,0,0.07685714285714286,0.5,0.05,26275001.9,26849599.0,1.0925928420199278,1.0692107170762588,31.249999999999904,46.00225225225219,0.06000000000000005,0.0,0.0,,0,-0.5554681298012664,0.03322259136210784,0.31561461794020146,,0,,,-1.9543973941368087,-3.833865814696491,8.273381294964022,3.23,-0.5523997253776837,3.23,0,25,20,20,3.12,2.965,3.0425,2.97,3.01,,,,,,3.03,3.05,3.09,3.11,2.9899999999999998,2.9699999999999998,2.9299999999999997,0,0,0,0,0,0,0,0,0,0,0,0,0,0,0,0,0,0,0,0,0,0,,,,,,,,,,,,,,,,,,USD,1.0,stock,25.0
2026-04-23,3.0,3.005,2.93,2.94,22933928,3.0135,2.9992999999999994,,3.018460582068254,2.9510589181131466,2.822164982690606,2.6421354354893403,50.84745762711862,0.02863561221162403,0.040585041392657784,-0.011949429181033755,0,0.07757142857142856,0.5,0.05,24914307.8,26822570.35,0.9205123491329749,0.8550235007585691,6.451612903225811,29.233870967741883,0.06000000000000005,0.004999999999999893,0.009999999999999787,,0,-2.6687272812331373,-2.5000000000000044,-2.0170068027210704,,0,,,-2.3255813953488302,-3.60655737704918,3.157894736842093,3.23,-2.5993575180131363,3.23,0,25,20,20,3.0650000000000004,2.965,3.015,2.97,2.94,,,,,,2.9583333333333335,2.986666666666667,3.033333333333333,3.0616666666666665,2.911666666666667,2.8833333333333337,2.8366666666666673,0,0,0,0,0,0,0,0,0,0,0,0,0,0,0,0,0,0,0,0,0,0,,,,,,,,,,,,,,,,,,USD,1.0,stock,25.0
2026-04-24,2.9,2.9194,2.87,2.88,25853679,3.0164999999999997,2.9959000000000002,,3.0052738599665156,2.948272293873415,2.823310230558119,2.6445022470765114,40.67796610169489,0.014194157687209774,0.03530686465156818,-0.021112706964358408,0,0.07757142857142856,0.5,0.05,24346499.3,27078534.45,1.061905396805856,0.9547665531064219,2.7777777777777195,13.493130227001151,0.020000000000000018,0.019400000000000084,0.009999999999999787,,0,-4.349786804392908,-4.739583333333329,-4.024305555555567,,0,,,-2.0408163265306145,-5.573770491803276,2.127659574468077,3.23,-4.168467361171255,3.23,0,25,20,20,3.035,2.965,3.0,2.97,2.88,,,,,,2.8897999999999997,2.9095999999999993,2.9391999999999996,2.958999999999999,2.8601999999999994,2.8404,2.8107999999999995,0,0,0,0,0,0,0,0,0,0,0,0,0,0,0,0,0,0,0,0,0,0,,,,,,,,,,,,,,,,,,USD,1.0,stock,25.0
2026-04-27,2.92,2.94,2.89,2.89,14336276,3.0204999999999997,2.9896999999999996,,2.9942953971125617,2.9459871058783795,2.824630820052018,2.6469450107871926,43.103448275862064,0.0035155918041254175,0.02894861008207963,-0.025433018277954213,0,0.07685714285714283,0.5,0.05,23444779.4,26549329.0,0.6114911876714012,0.539986377810151,5.5555555555555625,4.928315412186369,0.029999999999999805,0.020000000000000018,0.0,,0,-3.6088372703308487,-4.515570934256042,-3.4498269896193583,,0,,,0.3472222222222321,-5.863192182410415,2.8469750889679846,3.23,-3.483136540674475,3.23,0,25,20,20,3.02,2.965,2.9924999999999997,2.97,2.89,,,,,,2.9066666666666667,2.9233333333333333,2.9566666666666666,2.973333333333333,2.8733333333333335,2.856666666666667,2.8233333333333337,0,0,0,0,0,0,0,0,0,0,0,0,0,0,0,0,0,0,0,0,0,0,,,,,,,,,,,,,,,,,,USD,1.0,stock,25.0
2026-04-28,2.89,2.92,2.86,2.91,12088240,3.025,2.9857,,2.9862672640542223,2.9445758468243257,2.8263212988628688,2.6495624733664247,32.65306122448982,-0.0032954280963437554,0.022499802446394955,-0.02579523054273871,0,0.06971428571428571,0.5,0.05,22315505.2,26127622.7,0.5416969005030637,0.46266130442858855,13.513513513513582,7.282282282282293,0.020000000000000018,0.009999999999999787,0.03000000000000025,,0,-2.620868180557461,-3.9518900343642533,-2.601374570446731,,0,,,0.6920415224913601,-5.2117263843648125,3.191489361702149,3.23,-2.5539329641473554,3.23,0,25,20,20,2.998,2.99,2.994,2.97,2.91,,,,,,2.8966666666666665,2.933333333333333,2.9566666666666666,2.993333333333333,2.873333333333333,2.8366666666666664,2.813333333333333,0,0,0,0,0,0,0,0,0,0,0,0,0,0,0,0,0,0,0,0,0,0,,,,,,,,,,,,,,,,,,USD,1.0,stock,25.0
2026-04-29,2.88,2.885,2.84,2.85,24388552,3.0215,2.9810999999999996,,2.9732894293823917,2.940866990086117,2.826790184033901,2.65155687661651,18.750000000000043,-0.01338046729931719,0.015323748497252527,-0.028704215796569718,0,0.06685714285714288,0.5,0.05,23216407.2,25439504.55,1.0504877774542136,0.9586881675335143,2.5641025641026225,7.211057211057262,0.029999999999999805,0.004999999999999893,0.010000000000000231,,0,-4.3259448906102325,-6.017543859649122,-4.599999999999984,,0,,,-2.0618556701030966,-5.31561461794019,-2.397260273972601,3.23,-4.14656670030274,3.23,0,25,20,20,2.988,2.99,2.989,2.97,2.85,,,,,,2.858333333333333,2.876666666666666,2.903333333333333,2.921666666666666,2.831666666666666,2.813333333333333,2.786666666666666,0,0,0,0,0,0,0,0,0,0,0,0,0,0,0,0,0,0,0,0,0,0,,,,,,,,,,,,,,,,,,USD,1.0,stock,28.75
2026-04-30,2.89,2.95,2.88,2.92,24125588,3.0189999999999997,2.9785000000000004,,2.968214245631688,2.9400486767494067,2.828635922963923,2.6542279524710723,23.5294117647059,-0.015545321748378083,0.009149934448126406,-0.02469525619650449,1,0.06828571428571431,0.5,0.05,23136414.9,25260687.8,1.042753948884276,0.9550645727073195,22.22222222222222,12.766612766612814,0.029999999999999805,0.03000000000000025,0.010000000000000231,,0,-1.6511727956057562,-3.390410958904101,-2.0034246575342616,,0,,,2.4561403508771784,-0.6802721088435382,-1.683501683501687,3.23,-1.6243519382957223,3.23,0,25,20,20,2.9749999999999996,3.01,2.9924999999999997,2.97,2.92,,,,,,2.9166666666666665,2.953333333333333,2.986666666666667,3.0233333333333334,2.883333333333333,2.8466666666666662,2.8133333333333326,0,0,0,0,0,0,0,0,0,0,0,0,0,0,0,0,0,0,0,0,0,0,,,,,,,,,,,,,,,,,,USD,1.0,stock,27.0
2026-05-01,2.92,2.94,2.895,2.9,12510817,3.0175,2.9749,,2.9617176508096223,2.9384781404062927,2.830049073004241,2.6566734454813106,24.0,-0.018659719715609757,0.003588003615379173,-0.02224772333098893,1,0.06721428571428574,0.5,0.05,21046587.1,23738205.35,0.5944344772174487,0.5270329755572697,16.666666666666668,13.817663817663842,0.020000000000000018,0.020000000000000018,0.004999999999999893,,0,-2.128194855504222,-4.05172413793104,-2.582758620689654,,0,,,-0.6849315068493178,0.694444444444442,-1.0238907849829393,3.23,-2.083846540629933,3.23,0,25,20,20,2.9749999999999996,3.01,2.9924999999999997,2.97,2.9,,,,,,2.9116666666666666,2.9283333333333332,2.9566666666666666,2.973333333333333,2.8833333333333333,2.8666666666666667,2.8383333333333334,0,0,0,0,0,0,0,0,0,0,0,0,0,0,0,0,0,0,0,0,0,0,,,,,,,,,,,,,,,,,,USD,1.0,stock,27.0
2026-05-04,2.921,2.94,2.89,2.9,24719837,3.013,2.9715,,2.955839779303944,2.936969193723693,2.831434239875444,2.6590946052277653,25.0,-0.02088712872451648,-0.0013070228525999578,-0.019580105871916522,1,0.0665,0.5,0.05,21967747.7,23949720.65,1.125278628359338,1.0321555462485112,18.181818181818194,19.023569023569035,0.020999999999999908,0.019000000000000128,0.009999999999999787,,0,-1.9255096311704911,-3.896551724137931,-2.465517241379307,,0,,,0.0,0.34602076124565784,-3.0100334448160626,3.23,-1.8891341707666462,3.23,0,25,20,20,2.955,3.01,2.9825,2.97,2.9,,,,,,2.91,2.93,2.96,2.98,2.8800000000000003,2.8600000000000003,2.8300000000000005,0,0,0,0,0,0,0,0,0,0,0,0,0,0,0,0,0,0,0,0,0,0,,,,,,,,,,,,,,,,,,USD,1.0,stock,27.0
2026-05-05,3.24,3.42,3.24,3.37,52859791,3.033,2.9763,,2.9952836098464255,2.953950793969823,2.842098908392762,2.6661682907478874,62.765957446808514,0.015098657706961394,0.0019741132593123125,0.013124544447649081,1,0.10078571428571428,0.5,0.05,24252458.7,25099533.85,2.1795642105350748,2.1060068810799843,91.37931034482763,42.07593173110417,0.1299999999999999,0.04999999999999982,0.0,,0,11.119180716723282,10.000000000000005,11.682492581602371,,0,,,16.206896551724135,15.807560137457033,13.468013468013474,3.42,12.510214021863094,3.42,0,25,20,20,3.13,3.105,3.1174999999999997,3.06,3.37,,,,,,3.3433333333333337,3.446666666666667,3.5233333333333334,3.626666666666667,3.2666666666666675,3.163333333333334,3.086666666666668,0,0,0,0,0,0,0,0,0,0,0,0,0,0,0,0,0,0,0,0,0,0,,,,,,,,,,,,,,,,,,USD,1.0,stock,26.5
2026-05-06,3.43,3.4499,3.3801,3.43,33385935,3.0505,2.9802999999999997,,3.0366851708134326,2.9726193902847324,2.853740514167163,2.6737686062628336,70.65217391304348,0.04790691023638782,0.011160672654727415,0.03674623758166041,1,0.09863571428571428,0.5,0.05,24720264.3,25497633.1,1.3505492738603122,1.309373888512028,96.73717002787345,68.76609951817309,0.0,0.019899999999999807,0.049900000000000055,,0,11.466904641007801,11.064139941690966,13.110787172011673,,0,,,1.7804154302670572,20.350877192982452,11.363636363636376,3.4499,12.95211084003189,3.4499,0,25,20,20,3.1449499999999997,3.1449499999999997,3.1449499999999997,3.0749500000000003,3.43,,,,,,3.42,3.4598999999999998,3.4898,3.5296999999999996,3.3901,3.3502,3.3203,0,0,0,0,0,0,0,0,0,0,0,0,0,0,0,0,0,0,0,0,0,0,,,,,,,,,,,,,,,,,,USD,1.0,stock,28.5
2026-05-07,3.4,3.4,3.26,3.28,38894995,3.057,2.9819,,3.059858011688344,2.9846735318421937,2.862181296064843,2.679800759434348,60.74766355140186,0.06109962193053775,0.021148462509889485,0.039951159420648266,1,0.10463571428571429,0.5,0.05,26316371.0,25615339.4,1.4779771496609468,1.5184259085007479,72.14297425807507,86.75315154359207,0.1200000000000001,0.0,0.020000000000000018,,0,6.711645985111464,6.7987804878048745,9.088414634146336,,0,,,-4.373177842565612,12.328767123287676,4.1269841269841345,3.4499,7.1945164602650244,3.4499,0,25,20,20,3.1449499999999997,3.1449499999999997,3.1449499999999997,3.0749500000000003,3.28,,,,,,3.313333333333333,3.3666666666666663,3.453333333333333,3.5066666666666664,3.226666666666666,3.173333333333333,3.086666666666666,0,0,0,0,0,0,0,0,0,0,0,0,0,0,0,0,0,0,0,0,0,0,,,,,,,,,,,,,,,,,,USD,1.0,stock,25.0
2026-05-08,3.34,3.355,3.26,3.29,73517002,3.062,2.9838999999999998,,3.081776296289454,2.996647118828774,2.8706529535685092,2.6858723936688325,60.37735849056604,0.07153722087119085,0.03122621418214976,0.0403110066890411,1,0.10856428571428574,0.5,0.05,31082703.3,27714601.3,2.3652061820504526,2.6526451239260656,73.782587309395,80.88757719844784,0.04999999999999982,0.015000000000000124,0.03000000000000025,,0,6.328987954727845,6.93009118541034,9.303951367781163,,0,,,0.3048780487804992,13.448275862068982,3.1347962382445083,3.4499,6.756613189648235,3.4499,0,25,20,20,3.1449499999999997,3.1449499999999997,3.1449499999999997,3.0749500000000003,3.29,,,,,,3.301666666666667,3.3433333333333346,3.3966666666666674,3.438333333333335,3.2483333333333344,3.206666666666667,3.153333333333334,0,0,0,0,0,0,0,0,0,0,0,0,0,0,0,0,0,0,0,0,0,0,,,,,,,,,,,,,,,,,,USD,1.0,stock,25.0
2026-05-11,3.29,3.34,3.27,3.28,25767692,3.068,2.9863,,3.100654744261887,3.0077589965217633,2.8787588356760634,2.6917841111447647,59.81308411214952,0.07810186709681677,0.04060134476508316,0.03750052233173361,0,0.10927857142857143,0.5,0.05,32225844.9,27835312.15,0.7995970960562775,0.9257195270935735,72.14297425807507,72.68951194184838,0.010000000000000231,0.04999999999999982,0.009999999999999787,,0,5.467843162747347,6.463414634146335,8.954268292682922,,0,,,-0.3039513677811634,13.103448275862073,3.797468354430378,3.4499,5.784109181133815,3.4499,0,25,20,20,3.1449499999999997,3.1449499999999997,3.1449499999999997,3.0749500000000003,3.28,,,,,,3.2966666666666664,3.323333333333333,3.3666666666666663,3.3933333333333326,3.253333333333333,3.2266666666666666,3.183333333333333,0,0,0,0,0,0,0,0,0,0,0,0,0,0,0,0,0,0,0,0,0,0,,,,,,,,,,,,,,,,,,USD,1.0,stock,25.0
2026-05-12,3.29,3.3,3.25,3.26,18987739,3.074,2.9899,,3.1158304829036116,3.0176508005797333,2.886308165662676,2.6974380005861103,62.13592233009708,0.0807596170787539,0.04863299922781731,0.03212661785093659,0,0.1085642857142857,0.5,0.05,32915794.8,27615650.0,0.5768579830859804,0.6875716848960644,68.86374815543529,71.59643657430179,0.03000000000000025,0.009999999999999787,0.009999999999999787,,0,4.422377825042582,5.705521472392636,8.285276073619626,,0,,,-0.6097560975609762,-3.264094955489627,3.821656050955413,3.4499,4.627001304706345,3.4499,0,25,20,20,3.16495,3.1449499999999997,3.15495,3.0749500000000003,3.26,,,,,,3.2699999999999996,3.289999999999999,3.3199999999999994,3.339999999999999,3.2399999999999993,3.2199999999999998,3.1899999999999995,0,0,0,0,0,0,0,0,0,0,0,0,0,0,0,0,0,0,0,0,0,0,,,,,,,,,,,,,,,,,,USD,1.0,stock,25.0
2026-05-13,3.24,3.29,3.135,3.15,27503381,3.0749999999999997,2.9940999999999995,,3.1190847226270773,3.022840965262881,2.8915297861446034,2.7019411050578905,59.81308411214952,0.07314663353663864,0.05353572608958158,0.019610907447057062,0,0.1139214285714286,0.5,0.05,33227277.7,28221842.45,0.8277350088177703,0.974542361956953,50.82800459091655,63.944909001475644,0.0900000000000003,0.04999999999999982,0.015000000000000124,,0,0.9814373769181796,2.3809523809523867,4.949206349206362,,0,,,-3.3742331288343475,-8.163265306122458,0.6389776357827559,3.4499,0.9911650410984664,3.4499,0,25,20,20,3.16995,3.1449499999999997,3.15745,3.0749500000000003,3.15,,,,,,3.1916666666666664,3.248333333333333,3.3466666666666667,3.4033333333333333,3.093333333333333,3.036666666666666,2.9383333333333326,0,0,0,0,0,0,0,0,0,0,0,0,0,0,0,0,0,0,0,0,0,0,,,,,,,,,,,,,,,,,,USD,1.0,stock,25.0
2026-05-14,3.18,3.21,3.13,3.15,21183560,3.08,2.9975,,3.1220290347578317,3.0278275940761015,2.896648008201146,2.706399402520001,63.36633663366336,0.06634846542202855,0.056098273956070976,0.01025019146595757,0,0.11463571428571433,0.5,0.05,32933074.9,28034744.9,0.6432305536097997,0.7556180759112241,50.82800459091655,56.8399191124228,0.03000000000000025,0.029999999999999805,0.020000000000000018,,0,0.8879671505450236,2.222222222222217,4.8412698412698365,,0,,,0.0,-3.963414634146334,3.2786885245901676,3.4499,0.8959226493656837,3.4499,0,25,20,20,3.16995,3.1449499999999997,3.15745,3.0749500000000003,3.15,,,,,,3.1633333333333336,3.196666666666667,3.2433333333333336,3.2766666666666673,3.116666666666667,3.0833333333333335,3.036666666666667,0,0,0,0,0,0,0,0,0,0,0,0,0,0,0,0,0,0,0,0,0,0,,,,,,,,,,,,,,,,,,USD,1.0,stock,25.0
2026-05-15,3.08,3.13,3.05,3.07,28487339,3.0810000000000004,3.0004999999999997,,3.117073888590419,3.0294814139162547,2.900080720910034,2.710017318912837,58.33333333333331,0.0538843910824105,0.05565549738133888,-0.0017711062989283835,0,0.11749285714285719,0.5,0.05,34530727.1,27788657.1,0.8249852057126246,1.0251427011203071,37.71110018035743,46.455703120730185,0.010000000000000231,0.04999999999999982,0.020000000000000018,,0,-1.5333514198833604,-0.35830618892509986,2.263843648208473,,0,,,-2.5396825396825418,-6.686930091185417,0.6557377049180246,3.4499,-1.5101948260747384,3.4499,0,25,20,20,3.24995,3.1449499999999997,3.19745,3.0749500000000003,3.07,,,,,,3.0833333333333335,3.116666666666667,3.1633333333333336,3.196666666666667,3.036666666666667,3.0033333333333334,2.956666666666667,0,0,0,0,0,0,0,0,0,0,0,0,0,0,0,0,0,0,0,0,0,0,,,,,,,,,,,,,,,,,,USD,1.0,stock,25.0
2026-05-18,3.13,3.15,3.11,3.14,31234880,3.0845,3.0049,,3.119257327772284,3.0338154761156173,2.9048315977236965,2.71429575355052,60.17699115044246,0.049089069123080975,0.054342211729687305,-0.00525314260660633,0,0.11892142857142862,0.5,0.05,35182231.4,28574989.55,0.8878026991772898,1.0930845642251512,49.188391539596694,45.9091654369569,0.010000000000000231,0.009999999999999787,0.020000000000000018,,0,0.6605946569336297,1.7675159235668894,4.302547770700637,,0,,,2.28013029315961,-4.2682926829268215,2.28013029315961,3.4499,0.6649875290196083,3.4499,0,25,20,20,3.24995,3.1449499999999997,3.19745,3.0749500000000003,3.14,,,,,,3.1333333333333333,3.1566666666666667,3.1733333333333333,3.1966666666666668,3.1166666666666667,3.0933333333333333,3.0766666666666667,0,0,0,0,0,0,0,0,0,0,0,0,0,0,0,0,0,0,0,0,0,0,,,,,,,,,,,,,,,,,,USD,1.0,stock,25.0
2026-05-19,3.08,3.15,3.06,3.15,34308875,3.0885000000000002,3.0079000000000002,,3.1221852013177807,3.0383717319542205,2.909686417570752,2.7186311191868335,63.88888888888887,0.04557035170055146,0.052587839723860136,-0.007017488023308677,0,0.12035000000000003,0.5,0.05,33327139.8,28789799.25,1.0294575293857051,1.1917024742713342,47.37673276013335,44.75874149336249,0.06999999999999984,0.0,0.020000000000000018,,0,0.8830094819752144,1.952380952380942,4.5111111111111,,0,,,0.31847133757960666,-3.3742331288343475,2.6058631921824116,3.4499,0.8908760015414673,3.4499,0,25,20,20,3.2249999999999996,3.1449499999999997,3.1849749999999997,3.0749500000000003,3.15,,,,,,3.1199999999999997,3.1799999999999993,3.2099999999999995,3.269999999999999,3.0899999999999994,3.03,2.9999999999999996,0,0,0,0,0,0,0,0,0,0,0,0,0,0,0,0,0,0,0,0,0,0,,,,,,,,,,,,,,,,,,USD,1.0,stock,25.0
2026-05-20,3.15,3.24,3.145,3.23,32355389,3.0995,3.0120999999999998,,3.132453277382754,3.0458865659952314,2.9160292607871727,2.723719366757114,64.22018348623851,0.04867596794557194,0.051805465368202505,-0.0031294974226305644,1,0.11999285714285716,0.5,0.05,33224085.2,28972174.75,0.9738534200484172,1.1167746045712361,60.72512948740846,52.430084595712835,0.08000000000000007,0.010000000000000231,0.004999999999999893,,0,3.0200223720509585,4.040247678018578,6.746130030959758,,0,,,2.539682539682553,2.539682539682553,7.3089700996677776,3.4499,3.1140679199131984,3.4499,0,25,20,20,3.2024999999999997,3.1449499999999997,3.1737249999999997,3.0749500000000003,3.23,,,,,,3.205,3.265,3.3000000000000003,3.3600000000000003,3.17,3.11,3.0749999999999997,0,0,0,0,0,0,0,0,0,0,0,0,0,0,0,0,0,0,0,0,0,0,,,,,,,,,,,,,,,,,,USD,1.0,stock,25.0
2026-05-21,3.2,3.3,3.19,3.27,30973598,3.116,3.0177000000000005,,3.145552965251063,3.0546753281130656,2.9230385823557437,2.7291549949485856,66.66666666666666,0.05374531437177765,0.052193435168917536,0.0015518792028601167,1,0.12463571428571431,0.5,0.05,32431945.5,29374158.25,0.9550336103025333,1.0544505730645064,67.86926236828005,58.657041538607295,0.06999999999999984,0.029999999999999805,0.010000000000000231,,0,3.8057197170928756,4.709480122324156,7.715596330275215,,0,,,1.238390092879249,3.809523809523818,11.22448979591837,3.4499,3.956284828890308,3.4499,0,25,20,20,3.195,3.1449499999999997,3.169975,3.0749500000000003,3.27,,,,,,3.2533333333333334,3.316666666666667,3.3633333333333333,3.4266666666666667,3.206666666666667,3.1433333333333335,3.096666666666667,0,0,0,0,0,0,0,0,0,0,0,0,0,0,0,0,0,0,0,0,0,0,,,,,,,,,,,,,,,,,,USD,1.0,stock,25.0
2026-05-22,3.23,3.24,3.18,3.2,26066305,3.132,3.0244,,3.1507383971319145,3.06037433485373,2.9285229668635506,2.7338400198744703,62.71186440677966,0.051520496735650845,0.0520588474822642,-0.0005383507466133544,0,0.12749285714285716,0.5,0.05,27686875.8,29384789.55,0.9414679066101058,0.8870679490709505,37.50937734433616,55.367923066674884,0.029999999999999805,0.010000000000000231,0.020000000000000018,,0,1.5394250896276773,2.1250000000000018,5.487500000000006,,0,,,-2.1406727828746086,4.234527687296419,11.111111111111116,3.4499,1.5634939071085054,3.4499,0,25,20,20,3.175,3.1449499999999997,3.1599749999999998,3.0749500000000003,3.2,,,,,,3.206666666666667,3.233333333333334,3.266666666666667,3.293333333333334,3.173333333333334,3.146666666666667,3.1133333333333337,0,0,0,0,0,0,0,0,0,0,0,0,0,0,0,0,0,0,0,0,0,0,,,,,,,,,,,,,,,,,,USD,1.0,stock,25.0
2026-05-26,3.3,3.31,3.235,3.27,26919850,3.1510000000000002,3.0326,,3.1620966450241133,3.0685949491731916,2.9352848883117972,2.739174945049849,43.589743589743584,0.054774323411213466,0.052601942668054055,0.0021723807431594105,1,0.09820714285714287,0.5,0.05,27802091.6,30013968.25,0.968267078150336,0.8969107242258777,55.01375343835962,53.46413105032528,0.029999999999999805,0.010000000000000231,0.03500000000000014,,0,3.2997967882534183,3.639143730886843,7.25993883792049,,0,,,2.1874999999999867,4.14012738853502,13.14878892733564,3.4499,3.4123990215695614,3.4499,0,25,20,20,3.1799999999999997,3.1449499999999997,3.1624749999999997,3.0749500000000003,3.27,,,,,,3.2716666666666665,3.308333333333333,3.3466666666666667,3.3833333333333333,3.233333333333333,3.1966666666666663,3.1583333333333328,0,0,0,0,0,0,0,0,0,0,0,0,0,0,0,0,0,0,0,0,0,0,,,,,,,,,,,,,,,,,,USD,1.0,stock,25.0
2026-05-27,3.27,3.3296,3.25,3.27,36069395,3.1689999999999996,3.04,,3.1723731550218166,3.076493186460518,2.941912910325425,2.7444567863926363,38.888888888888886,0.056699409001341294,0.053421435934711506,0.0032779730666297885,1,0.09818571428571432,0.5,0.05,29510257.2,31213026.0,1.2222663718430757,1.1555878946180995,62.857142857142904,51.7934245466129,0.0,0.0596000000000001,0.020000000000000018,,0,2.9855304274673826,3.0886850152905327,7.033639143730887,,0,,,0.0,3.809523809523818,12.371134020618557,3.4499,3.0774073605950694,3.4499,0,25,20,20,3.1898,3.1449499999999997,3.167375,3.0749500000000003,3.27,,,,,,3.2832000000000003,3.3164000000000007,3.3628000000000005,3.396000000000001,3.2368000000000006,3.2036000000000002,3.1572000000000005,0,0,0,0,0,0,0,0,0,0,0,0,0,0,0,0,0,0,0,0,0,0,,,,,,,,,,,,,,,,,,USD,1.0,stock,25.0
2026-05-28,3.26,3.2884,3.2,3.2,35487779,3.1864999999999997,3.0460000000000003,,3.175004283114977,3.081336590913047,2.9470235457645257,2.748989554687237,43.75000000000003,0.051977474247153044,0.05313264359719982,-0.0011551693500467738,0,0.09235714285714287,0.5,0.05,30308697.0,31767987.35,1.1708777516895563,1.1170924556541035,49.18032786885255,55.683741388118364,0.05999999999999961,0.028400000000000425,0.0,,0,0.7811161526569688,0.421875000000016,4.812499999999997,,0,,,-2.1406727828746086,-0.9287925696594312,12.280701754385959,3.4499,0.7872656115128089,3.4499,0,25,20,20,3.1898,3.1449499999999997,3.167375,3.0749500000000003,3.2,,,,,,3.229466666666667,3.258933333333334,3.317866666666667,3.347333333333334,3.170533333333334,3.141066666666667,3.082133333333334,0,0,0,0,0,0,0,0,0,0,0,0,0,0,0,0,0,0,0,0,0,0,,,,,,,,,,,,,,,,,,USD,1.0,stock,25.0
2026-05-29,3.17,3.235,3.15,3.21,35031498,3.2009999999999996,3.0535999999999994,,3.1783372085325983,3.08638221479881,2.952231000303842,2.7535767232973143,43.74999999999999,0.04848333762495827,0.05220278240275151,-0.003719444777793242,0,0.09164285714285714,0.5,0.05,31693490.8,32313282.85,1.1053215381374146,1.0841206745417387,55.17241379310349,55.73662817303298,0.040000000000000036,0.02499999999999991,0.020000000000000018,,0,0.9863797964922647,0.28037383177571157,4.872274143302198,,0,,,0.31249999999998224,-1.834862385321101,9.931506849315074,3.4499,0.9962061729132901,3.4499,0,25,20,20,3.1948,3.1449499999999997,3.1698749999999998,3.0749500000000003,3.21,,,,,,3.198333333333333,3.2466666666666657,3.2833333333333328,3.3316666666666657,3.1616666666666657,3.113333333333333,3.0766666666666658,0,0,0,0,0,0,0,0,0,0,0,0,0,0,0,0,0,0,0,0,0,0,,,,,,,,,,,,,,,,,,USD,1.0,stock,25.0
2026-06-01,3.19,3.27,3.18,3.24,31917209,3.218,3.0624000000000002,,3.1842098553390175,3.0924064416694446,2.9579293963374296,2.758416755901321,46.969696969697004,0.047586411922385,0.05127950830667821,-0.003693096384293215,1,0.09307142857142857,0.5,0.05,32036477.8,33283602.45,0.9962770938570531,0.9589469483643589,67.95422031473541,57.43565399223049,0.050000000000000266,0.029999999999999805,0.009999999999999787,,0,1.7219180450920604,0.6790123456790197,5.48148148148148,,0,,,0.9345794392523477,1.2499999999999956,11.724137931034484,3.4499,1.7520875569001362,3.4499,0,25,20,20,3.1948,3.1449499999999997,3.1698749999999998,3.0749500000000003,3.24,,,,,,3.2300000000000004,3.2800000000000007,3.3200000000000003,3.3700000000000006,3.190000000000001,3.1400000000000006,3.100000000000001,0,0,0,0,0,0,0,0,0,0,0,0,0,0,0,0,0,0,0,0,0,0,,,,,,,,,,,,,,,,,,USD,1.0,stock,25.0
2026-06-02,3.27,3.3,3.25,3.25,24839094,3.2354999999999996,3.0732,,3.190475583401968,3.098586581211819,2.9637129726475795,2.763308131464492,49.23076923076924,0.047139117859999136,0.0504514302173424,-0.003312312357343264,1,0.09378571428571426,0.5,0.05,31396899.2,33289565.3,0.7911320745967169,0.7461525488889457,71.53075822603718,64.88579744462537,0.020000000000000018,0.029999999999999805,0.0,,0,1.8315205107086834,0.4461538461538585,5.440000000000002,,0,,,0.30864197530864335,-0.6116207951070374,12.068965517241391,3.4499,1.8656910244886435,3.4499,0,25,20,20,3.2373000000000003,3.1449499999999997,3.191125,3.0749500000000003,3.25,,,,,,3.266666666666667,3.283333333333334,3.316666666666667,3.333333333333334,3.2333333333333343,3.2166666666666672,3.1833333333333345,0,0,0,0,0,0,0,0,0,0,0,0,0,0,0,0,0,0,0,0,0,0,,,,,,,,,,,,,,,,,,USD,1.0,stock,25.0
2026-06-03,3.18,3.21,3.1301,3.14,29502602,3.224,3.08,,3.185668384982733,3.1002106368505715,2.96720380487238,2.767056309260865,49.23076923076924,0.037476547094768,0.04785645359282752,-0.010379906498059525,0,0.09127857142857139,0.5,0.05,30916271.9,32121705.85,0.9542742441723706,0.9184631145608975,32.18884120171681,57.2246065808298,0.040000000000000036,0.029999999999999805,0.00990000000000002,,0,-1.4544071650551862,-2.675159235668792,1.9108280254777086,,0,,,-3.384615384615386,-3.9755351681957207,-6.824925816023741,3.4499,-1.4335574034640264,3.4499,0,25,20,20,3.22985,3.1449499999999997,3.1874,3.0749500000000003,3.14,,,,,,3.1600333333333332,3.1899666666666664,3.239933333333333,3.2698666666666663,3.1100666666666665,3.0801333333333334,3.0301666666666667,0,0,0,0,0,0,0,0,0,0,0,0,0,0,0,0,0,0,0,0,0,0,,,,,,,,,,,,,,,,,,USD,1.0,stock,25.0
2026-06-04,3.14,3.155,3.1,3.11,16814554,3.2079999999999997,3.0866,,3.1784618721272344,3.1005945334446667,2.9700314523006495,2.7704686842930952,47.05882352941176,0.027085911343151636,0.04370234514289235,-0.01661643379974071,0,0.08949285714285707,0.5,0.05,29362188.4,31293136.8,0.5726601086722815,0.5373240179616637,21.459227467811154,41.72627563185505,0.03000000000000025,0.01499999999999968,0.009999999999999787,,0,-2.201346370650628,-3.1511254019292565,0.7524115755627038,,0,,,-0.9554140127388644,-2.8125000000000067,-9.329446064139946,3.4,-2.1539308911519326,3.4,0,25,20,20,3.2148000000000003,3.1449499999999997,3.179875,3.0999499999999998,3.11,,,,,,3.1216666666666666,3.143333333333333,3.1766666666666663,3.198333333333333,3.0883333333333334,3.066666666666667,3.0333333333333337,0,0,0,0,0,0,0,0,0,0,0,0,0,0,0,0,0,0,0,0,0,0,,,,,,,,,,,,,,,,,,USD,1.0,stock,25.0
2026-06-05,3.11,3.145,3.1,3.12,21996894,3.2,3.092,,3.1728940747817838,3.1013555321331117,2.973001126512518,2.7739466078324675,54.09836065573773,0.01943414930022458,0.0388487059743588,-0.01941455667413422,0,0.08556428571428563,0.5,0.05,28464518.0,30448231.75,0.7727829433120912,0.7224358439139902,22.255192878338292,25.301087182622087,0.010000000000000231,0.02499999999999991,0.009999999999999787,,0,-1.6953229096725526,-2.5641025641025665,0.8974358974358982,,0,,,0.3215434083601254,-2.8037383177570097,-4.8780487804877986,3.355,-1.6670608452449345,3.355,0,25,20,20,3.2148000000000003,3.16495,3.1898750000000002,3.0999499999999998,3.12,,,,,,3.1216666666666666,3.143333333333333,3.1666666666666665,3.188333333333333,3.098333333333333,3.0766666666666667,3.0533333333333332,0,0,0,0,0,0,0,0,0,0,0,0,0,0,0,0,0,0,0,0,0,0,,,,,,,,,,,,,,,,,,USD,1.0,stock,25.0
2026-06-08,3.1,3.12,3.0501,3.07,21551272,3.189,3.097,,3.1630946390882806,3.1001259034220094,2.974921896284547,2.776892412729657,44.06779661016946,0.009229103263171279,0.032924785432121295,-0.023695682168950016,0,0.08484285714285707,0.5,0.05,28013014.7,27849945.25,0.7693306925655524,0.7738353453316035,7.119856887298677,16.944759077816045,0.03000000000000025,0.020000000000000018,0.019899999999999807,,0,-3.0323986673707086,-3.8762214983713426,-0.879478827361568,,0,,,-1.602564102564108,-5.246913580246925,-6.686930091185417,3.34,-2.9431506075681004,3.34,0,25,20,20,3.18985,3.16995,3.1799,3.1199500000000002,3.07,,,,,,3.080033333333333,3.1099666666666663,3.1499333333333333,3.1798666666666664,3.0400666666666663,3.010133333333333,2.970166666666666,0,0,0,0,0,0,0,0,0,0,0,0,0,0,0,0,0,0,0,0,0,0,,,,,,,,,,,,,,,,,,USD,1.0,stock,25.0
2026-06-09,3.13,3.15,3.1,3.12,26700979,3.181,3.1031999999999997,2.685575,3.1589903877465395,3.1009052797584014,2.9777947300214866,2.780306418573143,47.619047619047635,0.005117125846525905,0.02736325351500222,-0.022246127668476313,1,0.08412857142857136,0.5,0.05,27991127.6,27896609.6,0.9539086592567282,0.9571406483747043,25.008944543828285,18.12799810315509,0.009999999999999787,0.020000000000000018,0.020000000000000018,,0,-1.249691914953186,-1.9551282051282033,0.5384615384615503,13.923878205128206,0,,,1.6286644951140072,-3.9999999999999925,-4.8780487804877986,3.3296,-1.2342673753544762,3.3296,0,25,20,20,3.1750499999999997,3.16995,3.1725,3.1199500000000002,3.12,,,,,,3.1233333333333335,3.146666666666667,3.1733333333333333,3.1966666666666668,3.096666666666667,3.0733333333333337,3.0466666666666673,0,0,0,0,0,0,0,0,0,0,0,0,0,0,0,0,0,0,0,0,0,0,,,,,,,,,,,,,,,,,,USD,1.0,stock,25.0
2026-06-10,3.12,3.14,3.1,3.11,30412282,3.1734999999999998,3.1090000000000004,2.689975,3.1543246365325834,3.1012619354541506,2.980412656159675,2.783586951721669,39.285714285714285,0.0010394554962021019,0.022098493911242197,-0.021059038415040095,1,0.08019999999999992,0.5,0.05,27425416.3,28467836.75,1.1089086731565858,1.0683032317164036,21.4311270125223,17.853309481216424,0.010000000000000231,0.020000000000000018,0.009999999999999787,,0,-1.425229470501079,-2.041800643086813,0.03215434083599504,13.505627009646298,0,,,-0.3205128205128305,-0.9554140127388644,-4.601226993865026,3.3296,-1.4052021158262193,3.3296,0,25,20,20,3.1750499999999997,3.24995,3.2125,3.1199500000000002,3.11,,,,,,3.1166666666666667,3.1333333333333333,3.1566666666666667,3.1733333333333333,3.0933333333333333,3.0766666666666667,3.0533333333333332,0,0,0,0,0,0,0,0,0,0,0,0,0,0,0,0,0,0,0,0,0,0,,,,,,,,,,,,,,,,,,USD,1.0,stock,25.0
2026-06-11,3.16,3.24,3.14,3.22,31931258,3.1770000000000005,3.115,2.6950750000000006,3.16057943305329,3.1059183301422233,2.9851569599980974,2.787929370112498,46.031746031746046,0.006607782651975036,0.019000351659388764,-0.012392569007413728,1,0.08162857142857138,0.5,0.05,27069764.2,28689230.6,1.179591287315314,1.1130050312328696,60.78711985688734,35.742397137745975,0.06000000000000005,0.020000000000000018,0.020000000000000018,,0,1.8453592219475239,1.3354037267080654,3.2608695652173907,16.30201863354036,0,,,3.536977491961424,3.536977491961424,2.2222222222222365,3.3296,1.8800529524836782,3.3296,0,25,20,20,3.1750499999999997,3.24995,3.2125,3.1199500000000002,3.22,,,,,,3.2000000000000006,3.260000000000001,3.3000000000000007,3.360000000000001,3.160000000000001,3.1000000000000005,3.060000000000001,0,0,0,0,0,0,0,0,0,0,0,0,0,0,0,0,0,0,0,0,0,0,,,,,,,,,,,,,,,,,,USD,1.0,stock,25.0
2026-06-12,3.27,3.28,3.23,3.25,20444843,3.182,3.1206,2.7003250000000003,3.169095677524405,3.1115685917052733,2.9904013766317985,2.7925270878228217,54.237288135593204,0.013288292159751247,0.01785793975946126,-0.004569647599710014,1,0.07948571428571423,0.5,0.05,25611098.7,28652294.75,0.7982805907502907,0.7135499330293605,71.52057245080496,51.246273106738194,0.020000000000000018,0.009999999999999787,0.020000000000000018,,0,2.4893637684798455,2.092307692307694,3.98153846153846,16.913076923076915,0,,,0.9316770186335255,4.166666666666674,3.1746031746031855,3.3296,2.552915112326139,3.3296,0,25,20,20,3.1750499999999997,3.2249999999999996,3.2000249999999997,3.1449499999999997,3.25,,,,,,3.2533333333333334,3.276666666666667,3.3033333333333332,3.3266666666666667,3.226666666666667,3.2033333333333336,3.176666666666667,0,0,0,0,0,0,0,0,0,0,0,0,0,0,0,0,0,0,0,0,0,0,,,,,,,,,,,,,,,,,,USD,1.0,stock,25.0
2026-06-15,3.31,3.32,3.24,3.25,24416030,3.191,3.1270000000000007,2.705525,3.1768008510935095,3.116997274383498,2.995541943431169,2.797079057098217,48.07692307692308,0.01837087605148824,0.017960527017866657,0.00041034903362158204,1,0.07734285714285706,0.5,0.05,24860980.8,28448729.3,0.9821024438424408,0.8582467688635921,71.52057245080496,67.94275491949908,0.06000000000000005,0.009999999999999787,0.009999999999999787,,0,2.252281504815092,1.8153846153846205,3.784615384615364,16.753076923076918,0,,,0.0,5.863192182410426,5.863192182410426,3.3296,2.3041780815846256,3.3296,0,25,20,20,3.18505,3.2024999999999997,3.1937749999999996,3.1449499999999997,3.25,,,,,,3.27,3.3,3.3499999999999996,3.3799999999999994,3.22,3.1900000000000004,3.1400000000000006,0,0,0,0,0,0,0,0,0,0,0,0,0,0,0,0,0,0,0,0,0,0,,,,,,,,,,,,,,,,,,USD,1.0,stock,25.0
2026-06-16,3.23,3.2385,3.19,3.2,28777346,3.194,3.1312,2.7103749999999995,3.179010293846509,3.120252283231204,2.9995906178186704,2.8010882207091803,43.85964912280704,0.018154998746706674,0.01799942136363466,0.00015557738307201557,0,0.07594285714285706,0.5,0.05,25254806.0,28325852.6,1.139479986502371,1.015939269556179,55.539088551315395,66.19341115097511,0.029999999999999805,0.008500000000000174,0.010000000000000231,,0,0.6559283172966057,0.1875000000000071,2.149999999999999,15.30078125000002,0,,,-1.538461538461533,2.564102564102577,1.9108280254777066,3.3296,0.6602591439895735,3.3296,0,25,20,20,3.18505,3.195,3.190025,3.1449499999999997,3.2,,,,,,3.2095,3.2289999999999996,3.258,3.2775,3.1804999999999994,3.1609999999999996,3.1319999999999992,0,0,0,0,0,0,0,0,0,0,0,0,0,0,0,0,0,0,0,0,0,0,,,,,,,,,,,,,,,,,,USD,1.0,stock,25.0
2026-06-17,3.25,3.29,3.13,3.14,36751578,3.1935,3.1346000000000003,2.714875,3.175295027765889,3.1210267034966472,3.0023710016242413,2.8044604772195365,44.642857142857146,0.012992644747271243,0.016998066040361977,-0.004005421293090734,0,0.08105714285714279,0.5,0.05,25979703.6,28447987.75,1.4146265317668982,1.2918867345898657,33.30863282697301,53.456097943031125,0.10999999999999988,0.040000000000000036,0.010000000000000231,,0,-1.1240454702512348,-1.7038216560509447,0.17197452229298882,13.5390127388535,0,,,-1.8750000000000044,0.9646302250803984,-0.31746031746030523,3.3296,-1.1115511301235548,3.3296,0,25,20,20,3.18505,3.1898,3.187425,3.1449499999999997,3.14,,,,,,3.186666666666667,3.243333333333334,3.346666666666667,3.403333333333334,3.083333333333334,3.026666666666667,2.923333333333334,0,0,0,0,0,0,0,0,0,0,0,0,0,0,0,0,0,0,0,0,0,0,,,,,,,,,,,,,,,,,,USD,1.0,stock,25.0
2026-06-18,3.14,3.16,3.1,3.12,30511442,3.188,3.1353999999999997,2.719525,3.1700288346453283,3.120986440614426,3.004700288720791,2.8076001739636207,42.10526315789476,0.007204559479938588,0.015039364728277299,-0.007834805248338711,0,0.0792714285714285,0.5,0.05,27349392.4,28355790.4,1.1156168134835787,1.0760215663041437,25.898480918858883,38.2487340990491,0.020000000000000018,0.020000000000000018,0.020000000000000018,,0,-1.6034882899143634,-2.1794871794871815,-0.4935897435897319,12.835737179487182,0,,,-0.6369426751592355,-3.105590062111807,-3.4055727554179516,3.3296,-1.578182321200416,3.3296,0,25,20,20,3.18505,3.1898,3.187425,3.1449499999999997,3.12,,,,,,3.1266666666666665,3.153333333333333,3.1866666666666665,3.213333333333333,3.093333333333333,3.0666666666666664,3.0333333333333328,0,0,0,0,0,0,0,0,0,0,0,0,0,0,0,0,0,0,0,0,0,0,,,,,,,,,,,,,,,,,,USD,1.0,stock,25.0
2026-06-22,3.13,3.17,3.11,3.14,22736765,3.1814999999999998,3.1351999999999998,2.724475,3.1671689456314875,3.1217320703942524,3.0073794909243396,2.8109076349192064,41.071428571428584,0.004183073193795295,0.0128681064213809,-0.008685033227585605,0,0.07712857142857137,0.5,0.05,27423379.5,27943948.75,0.829101497136777,0.8136561229557795,33.30863282697301,30.83858219093497,0.010000000000000231,0.029999999999999805,0.020000000000000018,,0,-0.8652530455887711,-1.3216560509554027,0.15286624203822802,13.233280254777075,0,,,0.6410256410256387,-3.384615384615386,-3.9755351681957207,3.3296,-0.8578306398514628,3.3296,0,25,20,20,3.21,3.1898,3.1999,3.1449499999999997,3.14,,,,,,3.14,3.1700000000000004,3.2,3.2300000000000004,3.1100000000000003,3.08,3.0500000000000003,0,0,0,0,0,0,0,0,0,0,0,0,0,0,0,0,0,0,0,0,0,0,,,,,,,,,,,,,,,,,,USD,1.0,stock,25.0
2026-06-23,3.11,3.17,3.11,3.16,37898184,3.1795,3.1346,2.7293250000000002,3.166486188904679,3.1232327735160466,3.0104016792228676,2.814381190790657,42.10526315789476,0.0033635831041527453,0.01096720175793527,-0.007603618653782524,1,0.07712857142857141,0.5,0.05,29058070.7,28535542.7,1.3042223068168115,1.3281045466151236,40.71878473508714,33.30863282697302,0.050000000000000266,0.009999999999999787,0.0,,0,-0.20525914255312594,-0.6170886075949319,0.8037974683544401,13.628955696202528,0,,,0.6369426751592355,-2.7692307692307683,-1.2499999999999956,3.3296,-0.20483869240946923,3.3296,0,25,20,20,3.21,3.1898,3.1999,3.1449499999999997,3.16,,,,,,3.1466666666666665,3.183333333333333,3.2066666666666666,3.243333333333333,3.123333333333333,3.0866666666666664,3.063333333333333,0,0,0,0,0,0,0,0,0,0,0,0,0,0,0,0,0,0,0,0,0,0,,,,,,,,,,,,,,,,,,USD,1.0,stock,25.0
2026-06-24,3.15,3.16,3.12,3.13,26646743,3.1725000000000003,3.134,2.733825,3.1630113137709,3.1234981549467897,3.0127699628026128,2.8175216764544317,48.97959183673467,0.0002900386395707777,0.00883176913426237,-0.008541730494691592,0,0.07142142857142855,0.5,0.05,29052647.1,28521887.35,0.9171881277558354,0.934255951333459,29.603556872915863,34.543658144992015,0.020000000000000018,0.010000000000000231,0.009999999999999787,,0,-1.0546745613706088,-1.3578274760383524,-0.12779552715654963,12.6573482428115,0,,,-0.9493670886076,-2.187500000000009,-4.281345565749239,3.3296,-1.0436672681876817,3.3296,0,25,20,20,3.21,3.18985,3.199925,3.1449499999999997,3.13,,,,,,3.1366666666666667,3.1533333333333333,3.1766666666666667,3.1933333333333334,3.1133333333333333,3.0966666666666667,3.0733333333333333,0,0,0,0,0,0,0,0,0,0,0,0,0,0,0,0,0,0,0,0,0,0,,,,,,,,,,,,,,,,,,USD,1.0,stock,25.0
2026-06-25,3.13,3.16,3.11,3.14,21952151,3.1660000000000004,3.1340000000000003,2.738525,3.1608197600784336,3.124145286125347,3.0152893694797887,2.8207304159921986,53.191489361702146,-0.0013235935037867463,0.006800696606652547,-0.008124290110439292,1,0.07106428571428573,0.5,0.05,28206634.0,27816025.15,0.7782619861696366,0.7891907949328267,33.30863282697301,34.543658144992015,0.010000000000000231,0.020000000000000018,0.020000000000000018,,0,-0.6630496840265429,-0.8280254777070142,0.19108280254776377,12.785828025477707,0,,,0.31948881789138905,0.0,-3.9755351681957207,3.32,-0.6586822931629869,3.32,0,25,20,20,3.21,3.18985,3.199925,3.1449499999999997,3.14,,,,,,3.1366666666666667,3.1633333333333336,3.186666666666667,3.213333333333334,3.1133333333333333,3.0866666666666664,3.063333333333333,0,0,0,0,0,0,0,0,0,0,0,0,0,0,0,0,0,0,0,0,0,0,,,,,,,,,,,,,,,,,,USD,1.0,stock,25.0
2026-06-26,3.15,3.23,3.15,3.23,16917900,3.1675,3.136,2.7435750000000003,3.1674083543566782,3.1282964513753333,3.0195410651336543,2.8248027501614303,59.99999999999997,0.004606735654594907,0.00636190441624102,-0.001755168761646113,1,0.07427857142857144,0.5,0.05,26705298.2,26887531.2,0.6335035045592563,0.6292098695918947,66.65431641348651,43.18883537112513,0.08000000000000007,0.0,0.0,,0,1.9378218465424695,1.9349845201238391,2.9102167182662493,15.059597523219804,0,,,2.8662420382165488,3.525641025641013,0.9374999999999911,3.32,1.9761154433159451,3.32,0,25,20,20,3.21,3.18985,3.199925,3.1449499999999997,3.23,,,,,,3.203333333333333,3.2566666666666664,3.283333333333333,3.3366666666666664,3.1766666666666663,3.123333333333333,3.0966666666666662,0,0,0,0,0,0,0,0,0,0,0,0,0,0,0,0,0,0,0,0,0,0,,,,,,,,,,,,,,,,,,USD,1.0,stock,25.0
2026-06-29,3.24,3.24,3.165,3.18,27881279,3.166,3.1386000000000003,2.748175,3.1686075587036613,3.130324041517477,3.022718469784473,2.8283370511548487,60.000000000000014,0.005211902537605173,0.006131904040513851,-0.0009200015029086775,1,0.07464285714285716,0.5,0.05,27448941.8,26530020.25,1.0157505962579585,1.050933197082652,36.36363636363644,45.44219520136533,0.06000000000000005,0.0,0.015000000000000124,,0,0.3582528709540526,0.44025157232705137,1.3018867924528266,13.57940251572328,0,,,-1.5479876160990669,1.273885350318471,-0.9345794392523255,3.32,0.35954093668197085,3.32,0,25,20,20,3.1950000000000003,3.18985,3.192425,3.1449499999999997,3.18,,,,,,3.1950000000000003,3.2250000000000005,3.2700000000000005,3.3000000000000007,3.1500000000000004,3.12,3.075,0,0,0,0,0,0,0,0,0,0,0,0,0,0,0,0,0,0,0,0,0,0,,,,,,,,,,,,,,,,,,USD,1.0,stock,25.0
2026-06-30,3.15,3.17,3.11,3.14,20754403,3.161,3.1403999999999996,2.752425,3.1658830293033127,3.130703490869733,3.025040876323394,2.831438175023955,51.85185185185185,0.002435758043807912,0.005392674841172664,-0.002956916797364752,0,0.07392857142857147,0.5,0.05,27082779.1,25971879.95,0.7663321006816468,0.7991105395510655,18.18181818181822,40.3999236529804,0.009999999999999787,0.020000000000000018,0.03000000000000025,,0,-0.8243002962838389,-0.6687898089171944,-0.012738853503169167,12.343152866242038,0,,,-1.2578616352201255,-0.6329113924050667,-3.0864197530864224,3.32,-0.8175611374059005,3.32,0,25,20,20,3.1950000000000003,3.18985,3.192425,3.1449499999999997,3.14,,,,,,3.14,3.1700000000000004,3.2,3.2300000000000004,3.1100000000000003,3.08,3.0500000000000003,0,0,0,0,0,0,0,0,0,0,0,0,0,0,0,0,0,0,0,0,0,0,,,,,,,,,,,,,,,,,,USD,1.0,stock,25.0
2026-07-01,3.1,3.13,3.09,3.11,19583820,3.154,3.1412,2.756475,3.1605608360363306,3.1298915892669985,3.0267232352080793,2.8342099344764526,50.0,-0.002160204258099263,0.0038820990213182787,-0.006042303279417542,0,0.0746428571428572,0.5,0.05,26163426.5,25709116.25,0.748518929659309,0.7617461374231407,8.695652173913052,21.080368906455913,0.009999999999999787,0.020000000000000018,0.010000000000000231,,0,-1.6257503548659413,-1.414790996784567,-1.003215434083605,11.367363344051443,0,,,-0.9554140127388644,-0.6389776357827448,-4.307692307692312,3.32,-1.5997425349274175,3.32,0,25,20,20,3.165,3.18985,3.177425,3.1449499999999997,3.11,,,,,,3.11,3.13,3.15,3.17,3.09,3.07,3.05,0,0,0,0,0,0,0,0,0,0,0,0,0,0,0,0,0,0,0,0,0,0,,,,,,,,,,,,,,,,,,USD,1.0,stock,25.0
2026-07-02,3.14,3.17,3.085,3.1,18766237,3.152,3.1418,2.7603250000000004,3.154793137366204,3.1287193700800575,3.028174260253464,2.8368546117453435,36.95652173913042,-0.006534132508788648,0.0017988527152968934,-0.008332985224085541,0,0.07142857142857147,0.5,0.05,24364892.4,25172298.0,0.7702162887450306,0.7455114745582624,6.382978723404312,11.08681635971187,0.040000000000000036,0.029999999999999805,0.015000000000000124,,0,-1.7675205602001236,-1.677419354838711,-1.3483870967741884,10.95725806451612,0,,,-0.3215434083601254,-1.273885350318471,-1.273885350318471,3.32,-1.7368218764399934,3.32,0,25,20,20,3.1625,3.18985,3.1761749999999997,3.1449499999999997,3.1,,,,,,3.1183333333333336,3.1516666666666673,3.2033333333333336,3.2366666666666672,3.0666666666666673,3.0333333333333337,2.9816666666666674,0,0,0,0,0,0,0,0,0,0,0,0,0,0,0,0,0,0,0,0,0,0,,,,,,,,,,,,,,,,,,USD,1.0,stock,25.0
2026-07-06,3.05,3.09,3.02,3.07,34410590,3.15,3.1430000000000002,2.763875,3.1467176004741844,3.1264166496847614,3.0290024927236923,2.8391744663548426,30.434782608695656,-0.012279698716493481,-0.0010168575710611815,-0.011262841145432299,0,0.07285714285714293,0.5,0.05,24754807.2,26052099.8,1.390056877518319,1.3208374858137155,16.666666666666618,10.581765854661336,0.020000000000000018,0.020000000000000018,0.029999999999999805,,0,-2.498944640852916,-2.605863192182413,-2.3778501628664626,9.971498371335498,0,,,-0.967741935483879,-4.95356037151703,-1.2861736334405127,3.32,-2.438019873871866,3.32,0,25,20,20,3.13,3.17,3.15,3.1449499999999997,3.07,,,,,,3.06,3.1,3.13,3.17,3.0300000000000002,2.99,2.9600000000000004,0,0,0,0,0,0,0,0,0,0,0,0,0,0,0,0,0,0,0,0,0,0,,,,,,,,,,,,,,,,,,USD,1.0,stock,25.0
2026-07-07,3.11,3.13,3.0,3.0,20868365,3.144,3.1442,2.7670749999999997,3.132744495667119,3.1214591340108493,3.0284281859370843,2.840774720420964,26.415094339622655,-0.022225316700120068,-0.005258549396872959,-0.01696676730324711,0,0.07642857142857151,0.5,0.05,24567967.2,25995673.35,0.849413581112238,0.8027630105607555,0.0,7.683215130023652,0.10999999999999988,0.020000000000000018,0.0,,0,-4.424816522237304,-4.800000000000004,-4.80666666666667,7.764166666666676,0,,,-2.280130293159599,-5.660377358490576,-3.8461538461538547,3.32,-4.237322764455169,3.32,0,25,20,20,3.12,3.16,3.14,3.1449499999999997,3.0,,,,,,3.043333333333333,3.086666666666666,3.173333333333333,3.216666666666666,2.956666666666666,2.913333333333333,2.826666666666666,0,0,0,0,0,0,0,0,0,0,0,0,0,0,0,0,0,0,0,0,0,0,,,,,,,,,,,,,,,,,,USD,1.0,stock,27.0
2026-07-08,3.01,3.0451,3.0,3.02,19459313,3.1414999999999997,3.147,2.7706749999999998,3.122006924651203,3.1174803444417964,3.028261291166053,2.8425580565361783,32.0,-0.02816874598415664,-0.009840588714329697,-0.018328157269826943,0,0.0753642857142858,0.5,0.05,22724080.1,25891075.4,0.8563300654797462,0.7515838063644124,6.896551724137936,7.8544061302681945,0.010000000000000231,0.025100000000000122,0.009999999999999787,,0,-3.377712736794801,-4.023178807947011,-4.2052980132450255,8.255794701986762,0,,,0.6666666666666599,-3.821656050955413,-1.6286644951139961,3.32,-3.2673510057188424,3.32,0,25,20,20,3.12,3.16,3.14,3.1449499999999997,3.02,,,,,,3.0216999999999996,3.043399999999999,3.0667999999999997,3.0884999999999994,2.998299999999999,2.9765999999999995,2.953199999999999,0,0,0,0,0,0,0,0,0,0,0,0,0,0,0,0,0,0,0,0,0,0,,,,,,,,,,,,,,,,,,USD,1.0,stock,25.0
2026-07-09,3.03,3.07,3.015,3.04,28802023,3.1375,3.15,2.774375,3.1141967413510887,3.1144418995617262,3.028493740845933,2.844522652988555,39.130434782608695,-0.03090882595331168,-0.014054236162126095,-0.016854589791185585,1,0.06786428571428578,0.5,0.05,22939608.1,25996127.6,1.2555586335409104,1.107935129538293,16.666666666666668,7.85440613026821,0.010000000000000231,0.029999999999999805,0.01499999999999968,,0,-2.4406822812858118,-3.2072368421052677,-3.6184210526315748,8.73766447368421,0,,,0.6622516556291425,-2.2508038585209,-2.564102564102566,3.32,-2.382532239080648,3.32,0,25,20,20,3.12,3.16,3.14,3.1449499999999997,3.04,,,,,,3.0416666666666665,3.068333333333333,3.0966666666666662,3.1233333333333326,3.013333333333333,2.986666666666667,2.9583333333333335,0,0,0,0,0,0,0,0,0,0,0,0,0,0,0,0,0,0,0,0,0,0,,,,,,,,,,,,,,,,,,USD,1.0,stock,25.0
2026-07-10,3.09,3.0999,3.05,3.07,28545725,3.1355,3.1532,2.7783749999999996,3.1099875278890803,3.1126990799710708,3.0293156469677958,2.846766208680211,44.68085106382976,-0.030310212527968172,-0.017305431435294512,-0.01300478109267366,1,0.06785714285714291,0.5,0.05,23598965.5,25902799.75,1.2096176419258717,1.1020324163993123,29.166666666666575,17.576628352490403,0.020000000000000018,0.00990000000000002,0.020000000000000018,,0,-1.3025253384065292,-2.133550488599352,-2.7100977198697125,9.499185667752451,0,,,0.9868421052631415,-0.967741935483879,-1.2861736334405127,3.32,-1.2857777573218174,3.32,0,25,20,20,3.12,3.16,3.14,3.1449499999999997,3.07,,,,,,3.0732999999999997,3.0965999999999996,3.1231999999999998,3.1464999999999996,3.0466999999999995,3.0233999999999996,2.9967999999999995,0,0,0,0,0,0,0,0,0,0,0,0,0,0,0,0,0,0,0,0,0,0,,,,,,,,,,,,,,,,,,USD,1.0,stock,25.0
2026-07-13,3.04,3.11,3.04,3.06,21175731,3.1275,3.1574,2.782075,3.105226810947263,3.1106324493839703,3.0299232579189286,2.8488879379470746,41.30434782608694,-0.030293518675883924,-0.019903048883412395,-0.010390469792471529,1,0.0685714285714286,0.5,0.05,24024748.6,25365023.4,0.8814132190336426,0.8348397975457812,25.0,23.61111111111109,0.020000000000000018,0.04999999999999982,0.0,,0,-1.4780003577536962,-2.2058823529411726,-3.18300653594771,9.082516339869287,0,,,-0.32573289902279035,-0.32573289902279035,-4.968944099378891,3.32,-1.4564736716757405,3.32,0,25,20,20,3.085,3.16,3.1225,3.1449499999999997,3.06,,,,,,3.0700000000000003,3.1000000000000005,3.14,3.1700000000000004,3.0300000000000007,3.0000000000000004,2.960000000000001,0,0,0,0,0,0,0,0,0,0,0,0,0,0,0,0,0,0,0,0,0,0,,,,,,,,,,,,,,,,,,USD,1.0,stock,25.0
2026-07-14,3.12,3.14,3.08,3.09,18133869,3.1195,3.1608,2.7860750000000003,3.103776638476095,3.1098233337218537,3.0311128963759795,2.8512870629426263,42.553191489361666,-0.02754205176982527,-0.02143084946069497,-0.006111202309130301,1,0.07000000000000003,0.5,0.05,23050007.6,25249474.7,0.786718569238129,0.718187970857073,37.49999999999991,30.555555555555504,0.03000000000000025,0.020000000000000018,0.009999999999999787,,0,-0.4458459053752465,-0.954692556634307,-2.291262135922336,9.835760517799338,0,,,0.9803921568627416,3.0000000000000027,-4.9230769230769305,3.32,-0.44386694278552297,3.32,0,25,20,20,3.085,3.16,3.1225,3.1449499999999997,3.09,,,,,,3.1033333333333335,3.126666666666667,3.1633333333333336,3.186666666666667,3.066666666666667,3.0433333333333334,3.006666666666667,0,0,0,0,0,0,0,0,0,0,0,0,0,0,0,0,0,0,0,0,0,0,,,,,,,,,,,,,,,,,,USD,1.0,stock,25.0
2026-07-15,3.04,3.07,3.01,3.03,30204703,3.1085,3.1633999999999998,2.7897250000000002,3.0967502919545624,3.106693006909232,3.0310908588239798,2.8530653011223017,39.99999999999998,-0.029858799330380048,-0.023116439434631986,-0.006742359895748062,0,0.07285714285714288,0.5,0.05,23995037.6,25538908.35,1.2587895673895506,1.182693582124077,12.499999999999908,24.999999999999947,0.010000000000000231,0.029999999999999805,0.020000000000000018,,0,-2.202979932493816,-2.5907590759075916,-4.4026402640264015,7.929867986798667,0,,,-1.9417475728155331,0.3311258278145601,-6.769230769230772,3.29,-2.1554948142890824,3.29,0,25,20,20,3.085,3.16,3.1225,3.16495,3.03,,,,,,3.0366666666666666,3.0633333333333335,3.0966666666666667,3.1233333333333335,3.0033333333333334,2.9766666666666666,2.9433333333333334,0,0,0,0,0,0,0,0,0,0,0,0,0,0,0,0,0,0,0,0,0,0,,,,,,,,,,,,,,,,,,USD,1.0,stock,25.0
2026-07-16,3.01,3.07,3.005,3.05,16705300,3.101,3.1664000000000003,2.7934749999999995,3.0922978831969847,3.1044697517363207,3.031465297263109,2.8550248503648663,41.176470588235254,-0.02973820212761913,-0.024440791973229414,-0.005297410154389715,1,0.07392857142857144,0.5,0.05,23707185.6,24935306.05,0.7046513357536628,0.6699456572340727,20.83333333333324,23.61111111111103,0.040000000000000036,0.020000000000000018,0.004999999999999893,,0,-1.3868158425240953,-1.6721311475409888,-3.8163934426229673,8.410655737704928,0,,,0.660066006600668,0.3289473684210398,-4.687500000000011,3.29,-1.3678463328783534,3.29,0,25,20,20,3.0700000000000003,3.16,3.115,3.16995,3.05,,,,,,3.0416666666666665,3.078333333333333,3.1066666666666665,3.143333333333333,3.013333333333333,2.9766666666666666,2.9483333333333333,0,0,0,0,0,0,0,0,0,0,0,0,0,0,0,0,0,0,0,0,0,0,,,,,,,,,,,,,,,,,,USD,1.0,stock,25.0
2026-07-17,3.04,3.06,3.01,3.03,15456268,3.0955000000000004,3.1596,2.797175,3.0863647514639387,3.1015493693152885,3.0314362814757208,2.8567658966298928,27.272727272727224,-0.030900261844799104,-0.025732685947543354,-0.0051675758972557495,1,0.0710714285714286,0.5,0.05,23376188.7,23870540.55,0.6611970924071126,0.6475038957590761,12.499999999999908,15.277777777777695,0.010000000000000231,0.020000000000000018,0.020000000000000018,,0,-1.8602228205920441,-2.16171617161718,-4.27722772277229,7.683993399339922,0,,,-0.6557377049180357,-1.3029315960912058,-3.5031847133758065,3.24,-1.8262504921754223,3.24,0,25,20,20,3.0700000000000003,3.16,3.115,3.16995,3.03,,,,,,3.033333333333333,3.0566666666666666,3.0833333333333335,3.106666666666667,3.0066666666666664,2.983333333333333,2.956666666666666,0,0,0,0,0,0,0,0,0,0,0,0,0,0,0,0,0,0,0,0,0,0,,,,,,,,,,,,,,,,,,USD,1.0,stock,27.0
2026-07-20,3.06,3.09,3.045,3.08,20760385,3.0934999999999997,3.1526,2.801425,3.0857585846578495,3.1007042960088067,3.032397939268281,2.858987131489297,38.636363636363626,-0.0274699637674356,-0.026080141511521805,-0.001389822255913796,1,0.07000000000000003,0.5,0.05,22011168.2,23382987.7,0.9431750651017242,0.8878414198541447,47.058823529411825,26.797385620914998,0.020000000000000018,0.009999999999999787,0.015000000000000124,,0,-0.18696703434575965,-0.43831168831167605,-2.3571428571428568,9.044642857142858,0,,,1.650165016501659,0.6535947712418277,-1.2820512820512886,3.24,-0.18661811998127883,3.24,0,25,20,20,3.0700000000000003,3.16,3.115,3.2249499999999998,3.08,,,,,,3.0716666666666668,3.0983333333333336,3.1166666666666667,3.1433333333333335,3.0533333333333337,3.026666666666667,3.0083333333333337,0,0,0,0,0,0,0,0,0,0,0,0,0,0,0,0,0,0,0,0,0,0,,,,,,,,,,,,,,,,,,USD,1.0,stock,25.0
2026-07-21,3.11,3.116,3.08,3.11,13926813,3.092,3.1492,2.805925,3.0880672908809115,3.1010688334202263,3.033934613738216,2.8614847719719907,46.51162790697671,-0.022076197880413595,-0.025279352785300163,0.003203154904886568,1,0.06757142857142859,0.5,0.05,21317013.0,22942490.1,0.6533191587395476,0.6070314486046133,64.70588235294113,41.42156862745096,0.0,0.006000000000000227,0.029999999999999805,,0,0.7052318044722959,0.5787781350482248,-1.2604501607717082,9.777331189710614,0,,,0.9740259740259605,0.6472491909385036,-0.9554140127388644,3.24,0.7102406474060936,3.24,0,25,20,20,3.0725,3.16,3.11625,3.2249499999999998,3.11,,,,,,3.102,3.1239999999999997,3.138,3.1599999999999997,3.0879999999999996,3.066,3.0519999999999996,0,0,0,0,0,0,0,0,0,0,0,0,0,0,0,0,0,0,0,0,0,0,,,,,,,,,,,,,,,,,,USD,1.0,stock,25.0
2026-07-22,3.13,3.17,3.12,3.14,13522492,3.091,3.1462,2.810675,3.093013263177968,3.1025955458351193,3.0360349184166675,2.8642560677732645,53.48837209302328,-0.015205569930405893,-0.023264596214321313,0.00805902628391542,1,0.06828571428571428,0.5,0.05,20723330.9,21723705.5,0.6525250243434564,0.6224763081970522,82.3529411764707,64.70588235294123,0.010000000000000231,0.029999999999999805,0.009999999999999787,,0,1.4963928924214092,1.560509554140125,-0.19745222929935546,10.488057324840774,0,,,0.9646302250803984,3.630363036303641,-0.6329113924050667,3.24,1.519124970507076,3.24,0,25,20,20,3.0875,3.16,3.1237500000000002,3.2,3.14,,,,,,3.143333333333333,3.166666666666666,3.193333333333333,3.216666666666666,3.1166666666666663,3.0933333333333333,3.0666666666666664,0,0,0,0,0,0,0,0,0,0,0,0,0,0,0,0,0,0,0,0,0,0,,,,,,,,,,,,,,,,,,USD,1.0,stock,25.0
2026-07-23,3.11,3.15,3.08,3.09,19580122,3.0889999999999995,3.1424000000000003,2.815275,3.0927262857324473,3.102101602861193,3.037103533893565,2.8665022760541277,48.93617021276594,-0.013637920454697472,-0.021339261062396545,0.007701340607699073,0,0.0672142857142857,0.5,0.05,19801140.8,21370374.45,0.9888380774505678,0.9162273710182931,52.941176470588175,66.66666666666667,0.020000000000000018,0.040000000000000036,0.009999999999999787,,0,-0.08822931172969212,0.032362459546936374,-1.6957928802589142,8.890776699029116,0,,,-1.5923566878981,1.3114754098360715,-1.2779552715655007,3.24,-0.08815153623599195,3.24,0,25,20,20,3.0875,3.145,3.11625,3.1775,3.09,,,,,,3.106666666666667,3.1333333333333337,3.1766666666666667,3.2033333333333336,3.063333333333334,3.036666666666667,2.993333333333334,0,0,0,0,0,0,0,0,0,0,0,0,0,0,0,0,0,0,0,0,0,0,,,,,,,,,,,,,,,,,,USD,1.0,stock,25.0
2026-07-24,3.1,3.11,3.05,3.06,16440706,3.085,3.1384,2.8196749999999997,3.0896094966150716,3.1004505596117347,3.0375569292620095,2.8684276265411515,48.93617021276599,-0.014647449549744174,-0.020000898759866072,0.005353449210121899,0,0.06578571428571427,0.5,0.05,18590638.9,21094802.2,0.8843540067899442,0.779372370697081,35.29411764705887,56.862745098039255,0.040000000000000036,0.009999999999999787,0.010000000000000231,,0,-0.96763060833567,-0.8169934640522847,-2.5620915032679674,7.853758169934652,0,,,-0.9708737864077555,0.990099009900991,-2.547770700636942,3.24,-0.9583572502450945,3.24,0,25,20,20,3.0875,3.145,3.11625,3.17,3.06,,,,,,3.0733333333333337,3.0966666666666676,3.1333333333333337,3.1566666666666676,3.0366666666666675,3.0133333333333336,2.9766666666666675,0,0,0,0,0,0,0,0,0,0,0,0,0,0,0,0,0,0,0,0,0,0,,,,,,,,,,,,,,,,,,USD,1.0,stock,25.0
2026-07-27,3.05,3.08,3.03,3.07,9237599,3.077,3.1368,2.824225,3.0877419255088743,3.0992564200191177,3.0381993663063263,2.8704333217994487,58.53658536585365,-0.014473747848715135,-0.01889546857763589,0.004421720728920754,0,0.06007142857142859,0.5,0.05,17396825.7,20710787.15,0.5309933639215573,0.4460283876752604,41.17647058823522,43.137254901960766,0.020000000000000018,0.010000000000000231,0.020000000000000018,,0,-0.5779128830252259,-0.22801302931596476,-2.175895765472319,8.005700325732887,0,,,0.32679738562091387,-0.32467532467532756,-4.95356037151703,3.24,-0.5745922404428434,3.24,0,25,20,20,3.0875,3.12,3.10375,3.1648,3.07,,,,,,3.06,3.0900000000000003,3.1100000000000003,3.1400000000000006,3.04,3.01,2.9899999999999998,0,0,0,0,0,0,0,0,0,0,0,0,0,0,0,0,0,0,0,0,0,0,,,,,,,,,,,,,,,,,,USD,1.0,stock,25.0
2026-07-28,3.12,3.17,3.11,3.13,15170120,3.0745,3.1364,2.8290249999999997,3.0917665040318387,3.100462050606603,3.040017200636894,2.87301607481637,62.222222222222214,-0.009386388990658912,-0.016993652660240496,0.007607263669581584,1,0.06399285714285716,0.5,0.05,17100450.8,20075229.2,0.8871181337511874,0.7556636015891665,75.75757575757574,50.74272133095661,0.009999999999999787,0.040000000000000036,0.010000000000000231,,0,1.2215174430722417,1.773162939297121,-0.20447284345048508,9.61581469648563,0,,,1.9543973941368087,0.6430868167202508,-1.572327044025168,3.17,1.2366230088301469,3.17,0,25,20,20,3.0875,3.12,3.10375,3.1648,3.13,,,,,,3.1366666666666667,3.1633333333333336,3.1966666666666668,3.2233333333333336,3.1033333333333335,3.0766666666666667,3.0433333333333334,0,0,0,0,0,0,0,0,0,0,0,0,0,0,0,0,0,0,0,0,0,0,,,,,,,,,,,,,,,,,,USD,1.0,stock,25.0
2026-07-30,2.98,3.12,2.97,3.12,59900897,3.0735,3.1374,2.833875,3.094455408409759,3.101228244700462,3.0416010184460642,2.8754736263107343,59.09090909090911,-0.006091319925336958,-0.014813186113259788,0.00872186618792283,1,0.07149285714285715,0.5,0.05,20070070.2,22032553.9,2.9845883149925405,2.7187450566046274,75.00000000000006,63.978015448603685,0.14000000000000012,0.0,0.009999999999999787,,0,0.8187369099436298,1.490384615384615,-0.5576923076923032,9.170673076923084,0,,,-0.31948881789136685,-0.6369426751592355,-0.6369426751592355,3.17,0.8254955466741924,3.17,0,25,20,20,3.0700000000000003,3.1050000000000004,3.0875000000000004,3.1498,3.12,,,,,,3.0700000000000003,3.1700000000000004,3.22,3.3200000000000003,3.0200000000000005,2.9200000000000004,2.8700000000000006,0,0,0,0,0,0,0,0,0,0,0,0,0,0,0,0,0,0,0,0,0,0,,,,,,,,,,,,,,,,,,USD,1.0,stock,25.0
2026-07-31,3.1,3.16,3.085,3.11,57167519,3.0735,3.1368,2.838875,3.0959358457040675,3.1015722351043657,3.04295545372436,2.8778072220688364,54.761904761904766,-0.004238017154211349,-0.012698152321450102,0.008460135167238753,0,0.0725714285714286,0.5,0.05,24116292.1,23911738.85,2.370493721130538,2.3907721374265507,69.99999999999993,73.58585858585859,0.009999999999999787,0.050000000000000266,0.015000000000000124,,0,0.4522236108016826,1.1736334405144617,-0.8617363344051499,8.71784565916399,0,,,-0.3205128205128305,0.6472491909385036,0.0,3.17,0.45427796300907863,3.17,0,25,20,20,3.0700000000000003,3.1050000000000004,3.0875000000000004,3.1498,3.11,,,,,,3.1183333333333336,3.1516666666666673,3.193333333333334,3.2266666666666675,3.076666666666667,3.0433333333333334,3.001666666666667,0,0,0,0,0,0,0,0,0,0,0,0,0,0,0,0,0,0,0,0,0,0,,,,,,,,,,,,,,,,,,USD,1.0,stock,25.0
2026-08-03,3.12,3.13,3.04,3.05,40800117,3.0709999999999997,3.1348,2.843425,3.091561003256061,3.0995497945120376,3.043094949690214,2.879520583043276,48.93617021276594,-0.0075240276081247615,-0.011663327378785036,0.004139299770660274,0,0.07400000000000004,0.5,0.05,26650677.0,25013432.85,1.530922347676196,1.6311282519544292,39.999999999999865,61.66666666666662,0.07000000000000028,0.009999999999999787,0.009999999999999787,,0,-1.362655844461029,-0.6885245901639314,-2.780327868852459,6.77295081967213,0,,,-1.9292604501607746,-0.326797385620925,-1.6129032258064613,3.17,-1.3443371556404333,3.17,0,25,20,20,3.0700000000000003,3.1050000000000004,3.0875000000000004,3.1498,3.05,,,,,,3.073333333333333,3.1066666666666656,3.1633333333333327,3.1966666666666654,3.0166666666666657,2.983333333333333,2.926666666666666,0,0,0,0,0,0,0,0,0,0,0,0,0,0,0,0,0,0,0,0,0,0,,,,,,,,,,,,,,,,,,USD,1.0,stock,25.0
2026-08-04,3.08,3.08,3.02,3.04,33113494,3.0695,3.1310000000000002,2.8478250000000003,3.0866504315173886,3.097214508452742,3.0430336635577344,2.8811173931622487,44.444444444444464,-0.010810514116368797,-0.011492764726301789,0.0006822506099329918,0,0.0725714285714286,0.5,0.05,27885987.9,24948578.05,1.1874599572640567,1.327269792035302,34.999999999999964,48.33333333333326,0.040000000000000036,0.0,0.020000000000000018,,0,-1.5345536683351502,-0.970394736842108,-2.993421052631585,6.321546052631572,0,,,-0.3278688524590123,-0.9771986970683932,-0.9771986970683932,3.17,-1.5113610223252703,3.17,0,25,20,20,3.0700000000000003,3.1050000000000004,3.0875000000000004,3.1498,3.04,,,,,,3.046666666666667,3.0733333333333337,3.106666666666667,3.1333333333333337,3.0133333333333336,2.986666666666667,2.9533333333333336,0,0,0,0,0,0,0,0,0,0,0,0,0,0,0,0,0,0,0,0,0,0,,,,,,,,,,,,,,,,,,USD,1.0,stock,25.0
2026-08-05,3.06,3.08,3.03,3.03,51329734,3.0709999999999997,3.1262,2.8521250000000005,3.0812551523252565,3.0945786453761635,3.0427755712100564,2.882598812135759,50.0,-0.014059920763952238,-0.01200619593383188,-0.0020537248301203577,0,0.07042857142857148,0.5,0.05,31626280.0,26471646.5,1.6230089027226724,1.939045763549313,29.999999999999844,34.9999999999999,0.03000000000000025,0.020000000000000018,0.0,,0,-1.6915891856520358,-1.3531353135313509,-3.1749174917491776,5.870462046204599,0,,,-0.328947368421062,-3.194888178913746,1.0000000000000009,3.17,-1.663450437935242,3.17,0,25,20,20,3.0700000000000003,3.1050000000000004,3.0875000000000004,3.1498,3.03,,,,,,3.0466666666666664,3.063333333333333,3.0966666666666667,3.1133333333333333,3.0133333333333328,2.996666666666666,2.9633333333333325,0,0,0,0,0,0,0,0,0,0,0,0,0,0,0,0,0,0,0,0,0,0,,,,,,,,,,,,,,,,,,USD,1.0,stock,25.0
2026-08-06,3.05,3.055,3.005,3.01,32932118,3.0705,3.1224000000000003,2.8560250000000003,3.0744689473418987,3.091261835753569,3.042126549997976,2.883866485646846,45.0,-0.018040966761187605,-0.013213150099303026,-0.004827816661884579,0,0.06935714285714292,0.5,0.05,33567242.6,27145286.75,0.9810790356667545,1.213179963921361,19.999999999999822,28.33333333333322,0.040000000000000036,0.0050000000000003375,0.004999999999999893,,0,-2.1418254930863423,-2.0099667774086454,-3.734219269103007,5.115448504983373,0,,,-0.660066006600657,-3.5256410256410353,-0.33112582781458233,3.17,-2.096913270099442,3.17,0,25,20,20,3.0700000000000003,3.0700000000000003,3.0700000000000003,3.1498,3.01,,,,,,3.0233333333333334,3.041666666666667,3.0733333333333337,3.0916666666666672,2.9916666666666667,2.973333333333333,2.9416666666666664,0,0,0,0,0,0,0,0,0,0,0,0,0,0,0,0,0,0,0,0,0,0,,,,,,,,,,,,,,,,,,USD,1.0,stock,25.0
2026-08-07,3.03,3.04,2.99,3.0,37789041,3.0685000000000002,3.117,2.8597750000000004,3.0673766666426703,3.087682940233821,3.041292360889105,2.885022043003594,46.15384615384618,-0.02175214562783978,-0.014920949205010378,-0.006831196422829403,0,0.0693571428571429,0.5,0.05,35388134.5,27594637.65,1.0678449580324727,1.3694342168685807,14.999999999999922,21.66666666666654,0.029999999999999805,0.010000000000000231,0.009999999999999787,,0,-2.2458888880890093,-2.283333333333341,-3.9,4.674166666666654,0,,,-0.33222591362125353,-3.5369774919614128,-1.3157894736842146,3.17,-2.196556666006589,3.17,0,25,20,20,3.0700000000000003,3.0700000000000003,3.0700000000000003,3.1498,3.0,,,,,,3.0100000000000002,3.0300000000000002,3.06,3.08,2.9800000000000004,2.9600000000000004,2.9300000000000006,0,0,0,0,0,0,0,0,0,0,0,0,0,0,0,0,0,0,0,0,0,0,,,,,,,,,,,,,,,,,,USD,1.0,stock,25.0
2026-08-10,2.99,2.995,2.94,2.94,36765666,3.0620000000000003,3.1104000000000003,2.863125,3.0552455555338445,3.081891452381514,3.0392865715645683,2.885569087351817,32.49999999999997,-0.029198201484871067,-0.017776399660982517,-0.01142180182388855,0,0.0693571428571429,0.5,0.05,37420630.5,28005634.7,0.9824972350479236,1.3127953140087198,0.0,11.666666666666591,0.050000000000000266,0.004999999999999893,0.0,,0,-3.919916854892671,-4.1496598639455895,-5.79591836734695,2.6147959183673404,0,,,-2.0000000000000018,-3.60655737704918,-4.234527687296419,3.17,-3.7720554187569264,3.17,0,25,20,20,3.0549999999999997,3.0549999999999997,3.0549999999999997,3.1348000000000003,2.94,,,,,,2.9583333333333335,2.976666666666667,3.0133333333333336,3.031666666666667,2.921666666666667,2.9033333333333333,2.8666666666666667,0,0,0,0,0,0,0,0,0,0,0,0,0,0,0,0,0,0,0,0,0,0,,,,,,,,,,,,,,,,,,USD,1.0,stock,25.0
2026-08-11,2.93,2.9462,2.84,2.84,19919696,3.0509999999999997,3.1031999999999997,2.866225,3.034745978816335,3.072405513072435,3.0353403028207153,2.885115663597073,21.27659574468086,-0.04267647087160675,-0.022756413903107366,-0.019920056968499387,0,0.07437142857142863,0.5,0.05,38488840.2,27942832.95,0.5175447193651732,0.712873173441063,0.0,4.999999999999983,0.0900000000000003,0.016199999999999992,0.0,,0,-6.857252775223073,-7.4295774647887285,-9.267605633802813,-0.9234154929577524,0,,,-3.401360544217691,-6.578947368421062,-7.189542483660139,3.17,-6.4172085629484386,3.17,0,25,20,20,3.0,3.005,3.0025,3.0848,2.84,,,,,,2.8754000000000004,2.910800000000001,2.9816000000000007,3.0170000000000012,2.8046000000000006,2.7692,2.6984000000000004,0,0,0,0,0,0,0,0,0,0,0,0,0,0,0,0,0,0,0,0,0,0,,,,,,,,,,,,,,,,,,USD,1.0,stock,27.0
2026-08-12,2.85,2.86,2.81,2.82,17639272,3.0374999999999996,3.0954,2.869325,3.014293980833827,3.06250725765783,3.031076138408424,2.884467746546356,15.2173913043478,-0.05434546858632361,-0.029074224839750615,-0.025271243746572993,0,0.0736571428571429,0.5,0.05,38735755.4,27918103.1,0.4553744161653809,0.6318220094258481,2.7777777777777195,0.9259259259259159,0.03000000000000025,0.009999999999999787,0.009999999999999787,,0,-6.889857476376848,-7.712765957446802,-9.765957446808523,-1.7491134751773072,0,,,-0.7042253521126751,-6.930693069306926,-8.737864077669899,3.17,-6.445754198801826,3.17,0,25,20,20,2.9850000000000003,2.99,2.9875000000000003,3.065,2.82,,,,,,2.83,2.85,2.88,2.9,2.8000000000000003,2.7800000000000002,2.7500000000000004,0,0,0,0,0,0,0,0,0,0,0,0,0,0,0,0,0,0,0,0,0,0,,,,,,,,,,,,,,,,,,USD,1.0,stock,28.75
2026-08-13,2.82,2.88,2.82,2.84,23606564,3.028,3.0874,2.872475,2.997694554087748,3.053781482847719,3.027292452499346,2.8840252814065916,20.930232558139522,-0.061273082538466195,-0.035513996379493734,-0.02575908615897246,0,0.0729428571428572,0.5,0.05,35106322.1,27588196.15,0.672430564863985,0.8556762418118447,8.333333333333282,3.703703703703677,0.020000000000000018,0.040000000000000036,0.0,,0,-5.552625143934802,-6.619718309859161,-8.711267605633813,-1.1434859154929666,0,,,0.7092198581560183,-5.647840531561455,-6.270627062706269,3.17,-5.260527756996163,3.17,0,25,20,20,2.9699999999999998,2.99,2.98,3.065,2.84,,,,,,2.8466666666666662,2.8733333333333326,2.9066666666666663,2.9333333333333327,2.8133333333333326,2.786666666666666,2.7533333333333325,0,0,0,0,0,0,0,0,0,0,0,0,0,0,0,0,0,0,0,0,0,0,,,,,,,,,,,,,,,,,,USD,1.0,stock,27.0
2026-08-14,2.81,2.82,2.76,2.8,38427580,3.0155,3.0784000000000002,2.875525,2.9788665013174866,3.043829267834083,3.0227916118557947,2.8831892089547853,20.454545454545425,-0.0691933147512449,-0.04224986005384397,-0.026943454697400934,0,0.07437142857142863,0.5,0.05,33232328.2,28674310.15,1.156331261798263,1.3401396511015977,9.756097560975615,6.9557362240288825,0.010000000000000231,0.009999999999999787,0.040000000000000036,,0,-6.388089332767387,-7.696428571428572,-9.942857142857159,-2.697321428571439,0,,,-1.4084507042253502,-6.666666666666677,-8.196721311475407,3.17,-6.00451551750903,3.17,0,25,20,20,2.92,2.965,2.9425,3.04,2.8,,,,,,2.793333333333333,2.826666666666666,2.853333333333333,2.8866666666666663,2.766666666666666,2.733333333333333,2.706666666666666,0,0,0,0,0,0,0,0,0,0,0,0,0,0,0,0,0,0,0,0,0,0,,,,,,,,,,,,,,,,,,USD,1.0,stock,27.0
2026-08-17,2.79,2.81,2.76,2.78,26961939,3.0029999999999997,3.0712,2.878325,2.959926834525345,3.033483022036668,3.017983857165581,2.8821624506567276,17.777777777777786,-0.0762055386814704,-0.049040995779369254,-0.027164542902101144,0,0.07437142857142863,0.5,0.05,31848510.4,29249593.7,0.8465682903650025,0.9217884965014062,4.878048780487807,7.655826558265578,0.010000000000000231,0.020000000000000018,0.020000000000000018,,0,-6.472188292278608,-8.021582733812945,-10.474820143884905,-3.5368705035971226,0,,,-0.7142857142857117,-5.442176870748305,-8.25082508250825,3.17,-6.0787595296827135,3.17,0,25,20,20,2.92,2.965,2.9425,3.04,2.78,,,,,,2.783333333333333,2.8066666666666666,2.8333333333333335,2.856666666666667,2.7566666666666664,2.733333333333333,2.706666666666666,0,0,0,0,0,0,0,0,0,0,0,0,0,0,0,0,0,0,0,0,0,0,,,,,,,,,,,,,,,,,,USD,1.0,stock,28.75
2026-08-18,2.79,2.82,2.77,2.78,12823114,2.988,3.0646,2.8811750000000003,2.9427909455229315,3.0235425113685634,3.0132713055385394,2.8811459088591485,5.128205128205138,-0.08083100713185853,-0.055398998049867115,-0.02543200908199142,1,0.07080000000000004,0.5,0.05,29819472.4,28852730.15,0.43002484510758815,0.4444332974153574,5.0,6.544715447154483,0.010000000000000231,0.029999999999999805,0.009999999999999787,,0,-5.855789407299702,-7.482014388489215,-10.237410071942453,-3.6393884892086494,0,,,0.0,-2.1126760563380254,-9.740259740259749,3.17,-5.531855593432374,3.17,0,25,20,20,2.9074999999999998,2.965,2.93625,3.04,2.78,,,,,,2.7899999999999996,2.809999999999999,2.8399999999999994,2.859999999999999,2.7599999999999993,2.7399999999999998,2.7099999999999995,0,0,0,0,0,0,0,0,0,0,0,0,0,0,0,0,0,0,0,0,0,0,,,,,,,,,,,,,,,,,,USD,1.0,stock,28.75
2026-08-19,2.84,2.85,2.785,2.81,43163877,2.973,3.0584,2.884325,2.930144188806462,3.0151682952364633,3.0092461311714396,2.8804379893680125,12.195121951219562,-0.08114063617838063,-0.06054732567556982,-0.02059331050281081,1,0.06437142857142865,0.5,0.05,29002886.7,30314583.35,1.4882614081307983,1.4238650916506823,12.500000000000055,7.459349593495964,0.029999999999999805,0.010000000000000231,0.02499999999999991,,0,-4.275593907703268,-5.800711743772235,-8.839857651245541,-2.645017793594305,0,,,1.0791366906474975,-0.35460992907800915,-9.646302250803851,3.17,-4.100282479798384,3.17,0,25,20,20,2.9,2.965,2.9325,3.04,2.81,,,,,,2.815,2.8449999999999998,2.88,2.9099999999999997,2.78,2.75,2.715,0,0,0,0,0,0,0,0,0,0,0,0,0,0,0,0,0,0,0,0,0,0,,,,,,,,,,,,,,,,,,USD,1.0,stock,28.75
2026-08-20,2.79,2.85,2.75,2.83,107935708,2.9575,3.0536000000000003,2.886975,2.9206066470153704,3.0079067934624844,3.005696702831411,2.8799361188270374,16.66666666666673,-0.07886310182818157,-0.06421048090609217,-0.014652620922089396,1,0.06615714285714293,0.5,0.05,36503245.7,35035244.15,2.956879749462936,3.0807751057159396,21.052631578947395,12.850877192982495,0.040000000000000036,0.020000000000000018,0.040000000000000036,,0,-3.201648304430048,-4.505300353356889,-7.901060070671387,-2.0132508833922262,0,,,0.7117437722419906,-0.35211267605632646,-9.87261146496815,3.17,-3.10232283789271,3.17,0,25,20,20,2.8725,2.96,2.91625,3.035,2.83,,,,,,2.81,2.87,2.91,2.97,2.77,2.71,2.67,0,0,0,0,0,0,0,0,0,0,0,0,0,0,0,0,0,0,0,0,0,0,,,,,,,,,,,,,,,,,,USD,1.0,stock,28.75
2026-08-21,2.85,2.88,2.83,2.88,25099770,2.947,3.0488,2.8898249999999996,2.916739347299621,3.002890840777681,3.0032076592109873,2.8799367544605996,29.268292682926855,-0.07219138002300385,-0.06580666072947451,-0.006384719293529337,1,0.06330000000000006,0.5,0.05,35234318.6,35311226.55,0.712367118119889,0.7108155805479943,39.393939393939355,24.315523657628944,0.029999999999999805,0.0,0.020000000000000018,,0,-1.2756717812368374,-2.326388888888895,-5.861111111111113,-0.3411458333333247,0,,,1.7667844522968101,2.857142857142869,-6.796116504854366,3.17,-1.259603376408488,3.17,0,25,20,20,2.8481,2.96,2.90405,3.035,2.88,,,,,,2.8633333333333333,2.8966666666666665,2.913333333333333,2.9466666666666663,2.8466666666666667,2.8133333333333335,2.796666666666667,0,0,0,0,0,0,0,0,0,0,0,0,0,0,0,0,0,0,0,0,0,0,,,,,,,,,,,,,,,,,,USD,1.0,stock,27.0
