date,open,high,low,close,volume,SMA_20,SMA_50,SMA_200,EMA_20,EMA_50,EMA_100,EMA_200,RSI_14,MACD,MACD_Signal,MACD_Hist,MACD_Hist_Subiendo,ATR_14,BB_PctB,BB_Width,Vol_SMA_10,Vol_SMA_20,VolRel10,VolRel20,Stoch_K,Stoch_D,Body,Mecha_Sup,Mecha_Inf,Position_52w_Pct,RS_vs_SPY,Dist_EMA_20_pct,Dist_SMA_20_pct,Dist_SMA_50_pct,Dist_SMA_200_pct,Dist_BUY_ZONE,High_52W,Low_52W,Ret_1,Ret_5,Ret_20,Swing_High_20,Dist_EMA_20,TP_Dinamico,VWAP,ADX_14,Plus_DI,Minus_DI,Tenkan,Kijun,Senkou_A,Senkou_B,Chikou,Fib_236,Fib_382,Fib_500,Fib_618,Fib_786,Pivot_PP,Pivot_R1,Pivot_R2,Pivot_R3,Pivot_S1,Pivot_S2,Pivot_S3,Vol_Dryup,Vol_Climax,BB_Squeeze,BB_Breakout,MACD_Cross_Up,Golden_Cross,SMA20_Cross_Up,Oversold,Overbought,Trend_Up,Breakout_Vol,TP_Agotamiento,Vol_Climax_Up,MACD_Divergence,Trend_Weakness,Overextended,Exhaustion_Gap,Stoch_Extreme,Stop_Loss_Triggered,BUY_ZONE,ACC,REB,ROIC,ROE,Net_Margin,Gross_Margin,Operating_Margin,EBITDA_Margin,Current_PE,Current_PB,Current_EV_EBITDA,Current_EV_Sales,Current_FCF_Yield,Market_Cap,PE_5y_mean,PE_5y_max,PE_5y_min,PE_5y_pct,PE_5y_signal,Currency,FX_Rate,Asset_Type,Risk_Score
2025-08-22,88.7,90.535,88.14,90.01,4256864,,,,90.01,90.01,90.01,90.01,,0.0,0.0,0.0,0,,0.5,0.05,,,,,,,1.3100000000000023,0.5249999999999915,0.5600000000000023,,0,0.0,,,,0,,,,,,,0.0,,0,25,20,20,,,,,90.01,,,,,,89.56166666666667,90.98333333333333,91.95666666666666,93.37833333333333,88.58833333333334,87.16666666666667,86.19333333333334,0,0,0,0,0,0,0,0,0,0,0,0,0,0,0,0,0,0,0,0,0,0,,,,,,,,,,,,,,,,,,USD,1.0,stock,25.0
2025-08-25,92.13,93.25,91.72,91.93,6425965,,,,90.19285714285715,90.08529411764707,90.0480198019802,90.02910447761195,,0.15316239316238978,0.030632478632477957,0.12252991452991183,1,,0.5,0.05,,,,,,,0.19999999999998863,1.1200000000000045,0.21000000000000796,,0,1.8896365246849303,,,,0,,,2.133096322630812,,,,1.9260315197592452,,0,25,20,20,,,,,91.93,,,,,,92.3,92.88,93.83,94.41,91.35,90.77,89.82,0,0,0,0,0,0,0,0,0,0,0,0,0,0,0,0,0,0,0,0,0,0,,,,,,,,,,,,,,,,,,USD,1.0,stock,25.0
2025-08-26,91.975,93.06,91.88,92.48,4429757,,,,90.41068027210885,90.17920415224914,90.09617782570336,90.05349149773521,,0.3152906226410437,0.0875641074341911,0.22772651520685258,1,,0.5,0.05,,,,,,,0.5050000000000097,0.5799999999999983,0.09499999999999886,,0,2.2375862109549693,,,,0,,,0.5982813009898891,,,,2.2888000860773614,,0,25,20,20,,,,,92.48,,,,,,92.47333333333334,93.06666666666669,93.65333333333335,94.2466666666667,91.88666666666668,91.29333333333334,90.70666666666668,0,0,0,0,0,0,0,0,0,0,0,0,0,0,0,0,0,0,0,0,0,0,,,,,,,,,,,,,,,,,,USD,1.0,stock,25.0
2025-08-27,90.1,90.6,89.195,89.86,4298255,,,,90.358234531908,90.16668634235702,90.09150103707557,90.05156620920054,,0.22971825972385318,0.11599493789212352,0.11372332183172966,0,,0.5,0.05,,,,,,,0.23999999999999488,0.5,0.6650000000000063,,0,-0.5544564120943655,,,,0,,,-2.8330449826989623,,,,-0.5513991441832082,,0,25,20,20,,,,,89.86,,,,,,89.88499999999999,90.57499999999999,91.28999999999999,91.97999999999999,89.16999999999999,88.47999999999999,87.76499999999999,0,0,0,0,0,0,0,0,0,0,0,0,0,0,0,0,0,0,0,0,0,0,,,,,,,,,,,,,,,,,,USD,1.0,stock,25.0
2025-08-28,89.235,90.98,88.66,90.97,2642573,,,,90.41649790982152,90.19818883873518,90.10889705614339,90.06070485388511,,0.24860352228476756,0.14251665477065234,0.10608686751411522,0,,0.5,0.05,,,,,,,1.7349999999999994,0.010000000000005116,0.5750000000000028,,0,0.6084446412866695,,,,0,,,1.2352548408635755,,,,0.61216935291005,,0,25,20,20,,,,,90.97,,,,,,90.20333333333333,91.74666666666667,92.52333333333334,94.06666666666668,89.42666666666666,87.88333333333333,87.10666666666665,0,0,0,0,0,0,0,0,0,0,0,0,0,0,0,0,0,0,0,0,0,0,,,,,,,,,,,,,,,,,,USD,1.0,stock,25.0
2025-08-29,92.5,96.2849,92.49,95.3,10905131,,,,90.88159334698138,90.39825986466712,90.21169117384352,90.1128371438962,,0.6059796850058774,0.23520926081769736,0.37077042418818007,1,,0.5,0.05,,,,,,,2.799999999999997,0.9848999999999961,0.010000000000005116,,0,4.636313381971272,,,,0,,,4.75981092667912,5.877124763915109,,,4.861717857596714,,0,25,20,20,,,,,95.3,,,,,,94.69163333333334,96.89326666666669,98.48653333333334,100.68816666666669,93.09836666666669,90.89673333333334,89.3034666666667,0,0,0,0,0,0,0,0,0,0,0,0,0,0,0,0,0,0,0,0,0,0,,,,,,,,,,,,,,,,,,USD,1.0,stock,25.0
2025-09-02,92.61,96.39,92.56,96.29,7145446,,,,91.39667969488792,90.62930849742528,90.33205372485652,90.17430145092212,,0.9580438616676616,0.3797761809876903,0.5782676806799714,1,,0.5,0.05,,,,,,,3.680000000000007,0.09999999999999432,0.04999999999999716,,0,5.081857207510732,,,,0,,,1.0388247639034676,4.74273904057434,,,5.353936621601125,,0,25,20,20,,,,,96.29,,,,,,95.08,97.6,98.91,101.42999999999999,93.77,91.25,89.94,0,0,0,0,0,0,0,0,0,0,0,0,0,0,0,0,0,0,0,0,0,0,,,,,,,,,,,,,,,,,,USD,1.0,stock,25.0
2025-09-03,96.91,97.6,95.8802,96.4,4299667,,,,91.87318639061287,90.85561012497723,90.45221107683956,90.23624870016667,,1.231734668320982,0.5501678784543487,0.6815667898666333,1,,0.5,0.05,,,,,,,0.5099999999999909,0.6899999999999977,0.5198000000000036,,0,4.695864740028147,,,,0,,,0.11423823865406302,4.238754325259508,,,4.927241328215933,,0,25,20,20,,,,,96.4,,,,,,96.62673333333333,97.37326666666667,98.34653333333333,99.09306666666666,95.65346666666667,94.90693333333334,93.93366666666668,0,0,0,0,0,0,0,0,0,0,0,0,0,0,0,0,0,0,0,0,0,0,,,,,,,,,,,,,,,,,,USD,1.0,stock,25.0
2025-09-04,98.03,98.68,96.75,98.21,4236546,,,,92.47669244864974,91.14401757105655,90.6058306594764,90.31558950912023,,1.5765153895642356,0.7554373806763262,0.8210780088879095,1,,0.5,0.05,,,,,,,0.1799999999999926,0.4700000000000131,1.2800000000000011,,0,5.837804247378323,,,,0,,,1.877593360995844,9.292232361451136,,,6.1997324942539755,,0,25,20,20,93.41,,,,98.21,,,,,,97.88,99.00999999999999,99.81,100.94,97.07999999999998,95.94999999999999,95.14999999999998,0,0,0,0,0,0,0,0,0,0,0,0,0,0,0,0,0,0,0,0,0,0,,,,,,,,,,,,,,,,,,USD,1.0,stock,25.0
2025-09-05,99.715,102.0,99.54,101.96,7276326,,,,93.37986459639738,91.5681737447406,90.8306656959224,90.43145429012401,,2.1278220470674825,1.0299143139545575,1.097907733112925,1,,0.5,0.05,5591653.0,,1.3012835381594674,,,,2.2449999999999903,0.04000000000000625,0.17499999999999716,,0,8.415197531975885,,,,0,,,3.8183484370227117,12.080905793118601,,,9.188421337605618,,0,25,20,20,95.33,,,,101.96,,,,,,101.16666666666667,102.79333333333334,103.62666666666667,105.25333333333333,100.33333333333334,98.70666666666668,97.87333333333335,0,0,0,0,0,0,0,0,0,0,0,0,0,0,0,0,0,0,0,0,0,0,,,,,,,,,,,,,,,,,,USD,1.0,stock,25.0
2025-09-08,109.64,111.31,107.65,108.65,13860317,,,,94.8341632062643,92.23804928416254,91.18352380095364,90.61273335191382,,3.0691839918683996,1.437768249537326,1.6314157423310736,1,,0.5,0.05,6551998.3,,2.115433546434223,,,,0.9899999999999949,1.6700000000000017,1.0,,0,12.715910532660574,,,,0,,,6.561396626127913,14.008394543546698,,,14.568417463320966,,0,25,20,20,99.985,,,,108.65,,,,,,109.20333333333333,110.75666666666666,112.86333333333333,114.41666666666666,107.09666666666666,105.54333333333334,103.43666666666667,0,0,0,0,0,0,0,0,0,0,0,0,0,0,0,0,0,0,0,0,0,0,,,,,,,,,,,,,,,,,,USD,1.0,stock,26.5
2025-09-09,109.045,110.545,107.76,108.47,5395638,,,,96.13281432947721,92.87459637105813,91.52583026034068,90.79041759716841,,3.75738284899883,1.901691169429627,1.8556916795692031,1,,0.5,0.05,6448965.6,,0.8366672013260545,,,,0.5750000000000028,1.5,0.7099999999999937,,0,11.373822873165656,,,,0,,,-0.1656695812241149,12.64928860733201,,,12.833480176955387,,0,25,20,20,99.985,,,,108.47,,,,,,108.925,110.08999999999999,111.71,112.87499999999999,107.30499999999999,106.14,104.52,0,0,0,0,0,0,0,0,0,0,0,0,0,0,0,0,0,0,0,0,0,0,,,,,,,,,,,,,,,,,,USD,1.0,stock,26.5
2025-09-10,110.88,111.14,106.81,107.6,4710966,,,,97.2249272504794,93.45206318003625,91.84413065122503,90.95767712356475,,4.184349100608131,2.358222755665328,1.8261263449428027,0,,0.5,0.05,6477086.5,,0.7273279428953126,,,,3.280000000000001,0.2600000000000051,0.789999999999992,,0,9.642260919628809,,,,0,,,-0.8020650871208623,11.618257261410768,,,10.671206492951569,,0,25,20,20,99.985,,,,107.6,,,,,,108.51666666666665,110.2233333333333,112.84666666666665,114.5533333333333,105.8933333333333,104.18666666666665,101.5633333333333,0,0,0,0,0,0,0,0,0,0,0,0,0,0,0,0,0,0,0,0,0,0,,,,,,,,,,,,,,,,,,USD,1.0,stock,25.0
2025-09-11,109.89,112.78,109.5,111.82,8221120,,,,98.61493417900517,94.17237442787797,92.2396924205077,91.16526242581784,87.40994854202397,4.807820105708203,2.848142225673903,1.9596778800342998,1,3.6428357142857157,0.5,0.05,6869373.0,,1.1967788035385472,,96.10389610389606,,1.9299999999999926,0.960000000000008,0.39000000000000057,,0,11.809216438020764,,,,0,,,3.921933085501861,13.858059260767753,,,13.390533524085784,,0,25,20,20,102.63499999999999,,,,111.82,,,,,,111.36666666666667,113.23333333333335,114.64666666666668,116.51333333333335,109.95333333333335,108.08666666666667,106.67333333333335,0,0,0,0,0,0,0,0,0,0,0,0,0,0,0,0,0,0,0,0,0,0,,,,,,,,,,,,,,,,,,USD,1.0,stock,30.25
2025-09-12,116.095,116.91,113.03,114.78,10571889,,,,100.15446425719516,94.98051660717688,92.68603514485407,91.40023493899379,88.57053877296788,5.477629923314154,3.374039765201953,2.103590158112201,1,3.835335714285716,0.5,0.05,7662304.6,,1.3797270601849998,,92.46017699115046,,1.3149999999999977,0.8149999999999977,1.75,,0,12.742233614571216,,,,0,,,2.6471114290824715,12.57355825814046,,,14.602979359209279,,0,25,20,20,104.735,,,,114.78,,,,,,114.90666666666668,116.78333333333336,118.78666666666668,120.66333333333336,112.90333333333336,111.02666666666669,109.02333333333337,0,0,0,0,0,0,0,0,0,0,0,0,0,0,0,0,0,0,0,0,0,0,,,,,,,,,,,,,,,,,,USD,1.0,stock,30.25
2025-09-15,114.94,115.59,113.69,114.82,4278487,,,,101.55118194698609,95.75853556375819,93.12433147861934,91.63326742716302,87.85974197816734,5.943177445104425,3.887867301182448,2.055310143921977,0,3.7396214285714313,0.5,0.05,6999640.2,,0.611243846505139,,92.6017699115044,93.7219476688503,0.12000000000000455,0.6500000000000057,1.1299999999999955,,0,11.556190605307354,,,,0,,,0.034849276877491064,5.67878508973767,,,13.066138471870051,,0,25,20,20,106.3951,,,,114.82,,,,,,114.7,115.71000000000001,116.60000000000001,117.61000000000001,113.81,112.8,111.91,0,0,0,0,0,0,0,0,0,0,0,0,0,0,0,0,0,0,0,0,0,0,,,,,,,,,,,,,,,,,,USD,1.0,stock,30.25
2025-09-16,117.015,124.79,116.86,123.79,11801140,,,,103.6691646187017,96.85780867890493,93.73157243943876,91.95323491544995,90.50452781371277,6.955749692146895,4.501443779375338,2.4543059127715576,1,4.367478571428575,0.5,0.05,7465209.6,,1.58081830682959,,97.23221699418765,94.09805463228084,6.775000000000006,1.0,0.15500000000000114,,0,16.254007093705717,,,,0,,,7.812227834871988,14.12372084447313,,,19.408698290666607,,0,25,20,20,110.77000000000001,,,,123.79,,,,,,121.81333333333333,126.76666666666667,129.74333333333334,134.69666666666666,118.83666666666666,113.88333333333333,110.90666666666665,0,0,0,0,0,0,0,0,0,0,0,0,0,0,0,0,0,0,0,0,0,0,,,,,,,,,,,,,,,,,,USD,1.0,stock,31.75
2025-09-17,133.85,138.0,130.68,137.83,19885237,,,,106.92257751215868,98.4645612797322,94.60480862875681,92.40972014017184,97.90293588975432,8.789807723964813,5.359116568293233,3.43069115567158,1,5.1478357142857165,0.5,0.05,9023766.6,,2.203651521749244,,99.65545196595058,96.49647962388087,3.980000000000018,0.1699999999999875,3.1699999999999875,,0,22.42430710864204,,,,0,,,11.34178851280394,28.09479553903347,,,28.906357485000488,,0,25,20,20,118.77000000000001,,,,137.83,,,,,,135.50333333333333,140.32666666666665,142.82333333333332,147.64666666666665,133.00666666666666,128.18333333333334,125.68666666666667,0,0,0,0,0,0,0,0,0,0,0,0,0,0,0,0,0,0,0,0,0,0,,,,,,,,,,,,,,,,,,USD,1.0,stock,31.75
2025-09-18,133.616,137.08,132.0,135.25,9266815,,,,109.62042727290547,99.90712750405642,95.4096639034349,92.83599158156316,92.95692665890566,9.920767062580396,6.2714466671506655,3.64932039542973,1,5.398550000000002,0.5,0.05,9526793.5,,0.9727108076815143,,93.9573720061525,96.94834698876359,1.6339999999999861,1.8300000000000125,1.6160000000000139,,0,18.949776508018136,,,,0,,,-1.871871145614168,20.95331783223038,,,23.380289025227423,,0,25,20,20,122.405,,,,135.25,,,,,,134.77666666666667,137.55333333333334,139.85666666666668,142.63333333333335,132.47333333333333,129.69666666666666,127.39333333333332,0,0,0,0,0,0,0,0,0,0,0,0,0,0,0,0,0,0,0,0,0,0,,,,,,,,,,,,,,,,,,USD,1.0,stock,31.75
2025-09-19,136.77,138.18,134.86,135.35,7664873,107.0885,,,112.070862770724,101.2970440725248,96.20056164792133,93.2590165409506,92.32720355104625,10.701766349956344,7.157510603711803,3.5442557462445414,0,5.256057142857145,0.5,0.05,9565648.2,7578650.6,0.8012915423755601,1.0113770121556998,93.79658044717226,95.80313480642512,1.420000000000016,1.4099999999999966,0.4899999999999807,,0,17.1992147981352,20.880310306612486,,,0,,,0.07393715341958984,17.92124063425684,,138.18,20.771801567103793,138.18,0,25,20,20,122.495,,,,135.35,,,,,,136.13,137.39999999999998,139.45,140.71999999999997,134.07999999999998,132.81,130.76,0,0,0,0,0,0,0,0,0,0,0,0,0,0,0,0,0,0,0,0,0,0,,,,,,,,,,,,,,,,,,USD,1.0,stock,31.75
2025-09-22,139.275,141.6,136.59,136.63,6907671,109.4195,,,114.40982822113125,102.68265018732775,97.00114458558625,93.69056861517001,92.37394957983189,11.293811189353946,7.984770720840231,3.3090404685137145,0,5.428914285714288,0.5,0.05,8870383.6,7711190.95,0.7787341913826591,0.8957982035187444,89.12943626175093,92.29446290502523,2.6450000000000102,2.3249999999999886,0.03999999999999204,,0,16.26302552797244,19.915465124789574,,,0,,,0.9456963428149168,18.99494861522384,51.79424508387955,141.6,19.421558553450154,141.6,0,25,20,20,124.205,,,,136.63,,,,,,138.27333333333334,139.95666666666668,143.28333333333333,144.96666666666667,134.9466666666667,133.26333333333335,129.9366666666667,0,0,0,0,0,0,0,0,0,0,0,0,0,0,0,0,0,0,0,0,0,0,,,,,,,,,,,,,,,,,,USD,1.0,stock,31.75
2025-09-23,132.405,132.405,124.9,125.57,11610013,111.10149999999999,,,115.47270172388066,103.58019331723646,97.56686449478255,94.00777688765588,74.91033304867632,10.746680380456311,8.537152652763448,2.2095277276928638,0,6.143928571428574,0.5,0.05,9491821.1,7970393.35,1.2231596948239996,1.4566424127612223,64.25863991081381,82.39488553991234,6.835000000000008,0.0,0.6699999999999875,,0,8.041170881675027,11.522258501234377,,,0,,,-8.094854717119226,1.4379190564665967,36.59305993690849,141.6,8.744316297599134,141.6,0,25,20,20,125.55,,,,125.57,,,,,,127.625,130.35,135.13,137.855,122.845,120.12,115.34,0,0,0,0,0,0,0,0,0,0,0,0,0,0,0,0,0,0,0,0,0,0,,,,,,,,,,,,,,,,,,USD,1.0,stock,27.0
2025-09-24,130.39,139.27,129.3,132.92,12114905,113.12349999999999,,,117.13434917874916,104.7307739714625,98.26692658399477,94.39496318728119,77.07910750507097,10.781872135531316,8.986096549317022,1.795775586214294,0,6.95964285714286,0.5,0.05,10232215.0,8354650.75,1.1839963292405409,1.4500791669837305,79.3628150261531,77.58363039957261,2.530000000000001,6.350000000000023,1.089999999999975,,0,11.876053882975345,14.893544989467348,,,0,,,5.8533089113641745,-3.5623594282812365,43.72837370242213,141.6,13.476534365817521,141.6,0,25,20,20,127.315,,,,132.92,,,,,,133.83,138.36,143.8,148.33,128.39000000000001,123.86000000000001,118.42000000000002,0,0,0,0,0,0,0,0,0,0,0,0,0,0,0,0,0,0,0,0,0,0,,,,,,,,,,,,,,,,,,USD,1.0,stock,28.5
2025-09-25,133.49,136.5,131.1,135.4,5341501,115.4005,,,118.87393497124924,105.93348871767967,99.00223496847012,94.80297350382567,76.61572747532631,10.88440844351851,9.36575892815732,1.51864951536119,0,7.074642857142861,0.5,0.05,9944253.1,8406813.05,0.5371445141515958,0.6353776357617468,82.17878700776089,75.26674731490927,1.9099999999999966,1.0999999999999943,2.390000000000015,,0,12.205365604690371,14.770679468242253,,,0,,,1.8657839301835732,0.11090573012939586,50.67883374137547,141.6,13.902177153257142,141.6,0,25,20,20,127.645,,,,135.4,,,,,,134.33333333333334,137.5666666666667,139.73333333333335,142.9666666666667,132.16666666666669,128.93333333333334,126.76666666666668,0,0,0,0,0,0,0,0,0,0,0,0,0,0,0,0,0,0,0,0,0,0,,,,,,,,,,,,,,,,,,USD,1.0,stock,28.5
2025-09-26,132.91,133.16,130.9,131.34,3769509,117.41900000000001,,,120.06117925970169,106.92982249345694,99.64258675127269,95.16652600627516,68.84864595447746,10.51682967121765,9.595973076769386,0.9208565944482636,0,6.728214285714288,0.5,0.05,9264015.1,8463159.85,0.4068979766667263,0.4454020799335369,70.50876688703651,77.35012297365017,1.5699999999999932,0.25,0.4399999999999977,,0,8.587498660193631,10.599208162022226,,,0,,,-2.998522895125555,-2.9626893239748764,44.377267230955276,141.6,9.394227851036966,141.6,0,25,20,20,129.23,,,,131.34,,,,,,131.79999999999998,132.69999999999996,134.05999999999997,134.95999999999995,130.43999999999997,129.54,128.17999999999998,0,0,0,0,0,0,0,0,0,0,0,0,0,0,0,0,0,0,0,0,0,0,,,,,,,,,,,,,,,,,,USD,1.0,stock,25.0
2025-09-29,134.975,135.83,133.04,134.86,3899411,119.39699999999998,,,121.47059075877772,108.0251235721449,100.33996127104946,95.56148594651124,70.7697150952306,10.389788414614799,9.75473614433847,0.6350522702763293,0,6.850000000000003,0.5,0.05,9226107.5,8112873.85,0.42264963853932985,0.4806448457225796,80.62661684392071,77.77139024623938,0.11499999999998067,0.8550000000000182,1.8200000000000216,,0,9.928377014105216,11.465964704137651,,,0,,,2.680067001675046,-1.2954695162116558,41.51101783840505,141.6,11.022757984121148,141.6,0,25,20,20,133.25,114.87,124.06,,134.86,,,,,,134.57666666666668,136.11333333333337,137.3666666666667,138.9033333333334,133.32333333333335,131.78666666666666,130.53333333333333,0,0,0,0,0,0,0,0,0,0,0,0,0,0,0,0,0,0,0,0,0,0,,,,,,,,,,,,,,,,,,USD,1.0,stock,27.0
2025-09-30,136.365,137.85,130.03,131.77,5488335,121.171,,,122.45148687698936,108.95629519676667,100.96233827558314,95.9217696684365,68.38022813688212,9.92535679289331,9.788860274049437,0.13649651884387382,0,7.099285714285718,0.5,0.05,8594827.0,8030018.3,0.6385625911958437,0.6834772717765787,69.37694704049848,73.50411025715191,4.594999999999999,1.4849999999999852,1.740000000000009,,0,7.071801717394434,8.043560749791306,,,0,,,-2.2912650155717085,4.937485068089531,36.847024613147795,141.6,7.609963227618224,141.6,0,25,20,20,133.25,115.13,124.19,,131.77,,,,,,133.21666666666667,136.40333333333334,141.03666666666666,144.22333333333333,128.58333333333334,125.39666666666668,120.76333333333335,0,0,0,0,0,0,0,0,0,0,0,0,0,0,0,0,0,0,0,0,0,0,,,,,,,,,,,,,,,,,,USD,1.0,stock,25.0
2025-10-01,131.75,137.69,131.7,137.44,3972759,123.22299999999998,,,123.8789643172761,110.07330322826603,101.68466821072009,96.33488638815355,69.06249999999999,9.900684077380532,9.811225034715656,0.08945904266487581,0,7.15714285714286,0.5,0.05,7003579.2,8013672.9,0.5672469585265774,0.49574758660289214,85.43927196359819,78.48094528267245,5.689999999999998,0.25,0.05000000000001137,,0,9.866876951923674,10.344150174621662,,,0,,,4.302952113531133,3.4005416792055376,42.5726141078838,141.6,10.947004406649437,141.6,0,25,20,20,133.25,115.13,124.19,,137.44,,,,,,135.60999999999999,139.51999999999998,141.6,145.51,133.52999999999997,129.61999999999998,127.53999999999996,0,0,0,0,0,0,0,0,0,0,0,0,0,0,0,0,0,0,0,0,0,0,,,,,,,,,,,,,,,,,,USD,1.0,stock,25.0
2025-10-02,143.51,145.2,139.13,140.23,7704618,125.324,,,125.43620581086886,111.25591878794188,102.4479421075375,96.7716536877739,68.98403699835893,9.991089396253642,9.847197907023254,0.14389148923038775,1,7.347857142857145,0.5,0.05,6847359.5,8187076.5,1.125195485938777,0.9410707228642605,84.22722945096794,79.68114948502154,3.280000000000001,1.6899999999999977,1.0999999999999943,,0,10.54966425809822,10.629679811737853,,,0,,,2.0299767171129135,3.567208271787292,42.78586701965177,145.2,11.793878883292303,145.2,0,25,20,20,135.05,116.92999999999999,125.99000000000001,,140.23,,,,,,141.51999999999998,143.90999999999997,147.58999999999997,149.97999999999996,137.83999999999997,135.45,131.76999999999998,0,0,0,0,0,0,0,0,0,0,0,0,0,0,0,0,0,0,0,0,0,0,,,,,,,,,,,,,,,,,,USD,1.0,stock,26.5
2025-10-03,142.2,144.46,141.47,142.0,4809284,127.326,,,127.01371001935753,112.461569031552,103.23115117471498,97.22168698441297,69.76439790575915,10.089257786866426,9.89560988299189,0.19364790387453645,1,7.514285714285718,0.5,0.05,6561800.6,8063724.4,0.7329213874618501,0.5964097681711443,88.7085391672548,86.12501352727365,0.19999999999998863,2.2600000000000193,0.5300000000000011,,0,10.55372533848061,10.333802816901413,,,0,,,1.262212080154046,8.116339272118168,39.270302079246775,145.2,11.79895459975028,145.2,0,25,20,20,135.05,116.92999999999999,125.99000000000001,,142.0,,,,,,142.64333333333335,143.8166666666667,145.63333333333335,146.8066666666667,140.82666666666668,139.65333333333334,137.83666666666667,0,0,0,0,0,0,0,0,0,0,0,0,0,0,0,0,0,0,0,0,0,0,,,,,,,,,,,,,,,,,,USD,1.0,stock,26.5
2025-10-06,142.72,149.51,141.47,144.91,6012261,129.139,,,128.71811858894253,113.73405652051075,104.05647491382955,97.6961975616825,66.84210526315788,10.283329799034675,9.973153866200448,0.31017593283422684,1,7.3764285714285736,0.5,0.05,6472259.6,7671321.6,0.9289276653859806,0.7837321016498644,81.30841121495328,84.74805994439201,2.1899999999999977,4.599999999999994,1.25,,0,11.173750197403537,10.883306880132487,,,0,,,2.0492957746478746,7.452172623461362,33.373216751035415,149.51,12.579333499090176,149.51,0,25,20,20,139.405,121.0,130.2025,,144.91,,,,,,145.29666666666665,149.1233333333333,153.33666666666664,157.1633333333333,141.08333333333331,137.25666666666666,133.04333333333332,0,0,0,0,0,0,0,0,0,0,0,0,0,0,0,0,0,0,0,0,0,0,,,,,,,,,,,,,,,,,,USD,1.0,stock,26.5
2025-10-07,145.28,146.5,138.63,138.94,4051305,130.6625,,,129.69163110428136,114.72252489225544,104.74723778682302,98.10658365559611,51.015925315760555,9.841952261000841,9.946913545160527,-0.10496128415968542,0,6.923571428571431,0.5,0.05,5716388.8,7604104.95,0.7087175385970947,0.5327786802837328,57.04997968305567,75.68897668842125,6.340000000000003,1.2199999999999989,0.3100000000000023,,0,6.656376058527884,5.957607600403055,,,0,,,-4.119798495617966,5.441299233512931,28.090716327095056,149.51,7.1310452470771155,149.51,0,25,20,20,139.76999999999998,121.035,130.40249999999997,,138.94,,,,,,141.35666666666665,144.08333333333331,149.22666666666666,151.95333333333332,136.2133333333333,133.48666666666665,128.3433333333333,0,0,0,0,0,0,0,0,0,0,0,0,0,0,0,0,0,0,0,0,0,0,,,,,,,,,,,,,,,,,,USD,1.0,stock,25.0
2025-10-08,138.18,139.05,136.41,137.9,3379091,132.17749999999998,,,130.47338052292122,115.63144548471601,105.40372812767802,98.50253804708272,52.495761913731414,9.301021685492856,9.817735173226993,-0.5167134877341368,0,6.695714285714288,0.5,0.05,4842807.4,7537511.2,0.6977545710366263,0.44830328079645176,52.82405526208861,63.72748205336586,0.28000000000000114,0.8700000000000045,1.490000000000009,,0,5.385510860825807,4.149746192893419,,,0,,,-0.7485245429681875,0.3346915017462315,28.159851301115246,149.51,5.692057220648237,149.51,0,25,20,20,139.76999999999998,122.6951,131.23255,,137.9,,,,,,137.78666666666666,139.16333333333333,140.42666666666668,141.80333333333334,136.5233333333333,135.14666666666665,133.8833333333333,0,0,0,0,0,0,0,0,0,0,0,0,0,0,0,0,0,0,0,0,0,0,,,,,,,,,,,,,,,,,,USD,1.0,stock,25.0
2025-10-09,136.24,136.24,130.8,132.4,4558230,133.2065,,,130.65686809216683,116.2890358578644,105.93830776871411,98.83982622571872,47.47820140194906,8.332474691171853,9.520683076815965,-1.1882083856441117,0,6.965714285714289,0.5,0.05,4764480.3,7354366.7,0.9567108504992664,0.6197991188010791,30.475416497358815,46.783150480834365,3.8400000000000034,0.0,1.5999999999999943,,0,1.316564885070373,-0.6091389728096674,,,0,,,-3.9883973894126123,-5.583683947800033,18.40457878733681,149.51,1.3341295664637767,149.51,0,25,20,20,139.76999999999998,123.13,131.45,,132.4,,,,,,133.14666666666668,135.49333333333334,138.58666666666667,140.93333333333334,130.05333333333334,127.70666666666668,124.61333333333334,0,0,0,0,0,0,0,0,0,0,0,0,0,0,0,0,0,0,0,0,0,0,,,,,,,,,,,,,,,,,,USD,1.0,stock,25.0
2025-10-10,128.975,131.045,120.31,121.69,9779647,133.552,,,129.8028806548176,116.50083837324227,106.25022246636334,99.06719113889565,39.00176678445229,6.624325625066561,8.941411586466085,-2.317085961399524,0,7.382857142857146,0.5,0.05,5365494.1,7314754.6,1.822692713425964,1.3369754058461512,4.72602739726026,29.3418330522359,7.284999999999997,2.069999999999993,1.3799999999999955,,0,-6.666842513614607,-9.747719615416218,,,0,,,-8.089123867069492,-14.302816901408455,6.020212580588957,149.51,-6.250154552726799,149.51,0,25,20,20,134.91,124.525,129.7175,,121.69,,,,,,124.34833333333331,128.38666666666663,135.08333333333331,139.1216666666666,117.65166666666664,113.61333333333333,106.91666666666666,0,0,0,0,0,0,0,0,0,0,0,0,0,0,0,0,0,0,0,0,0,0,,,,,,,,,,,,,,,,,,USD,1.0,stock,25.0
2025-10-13,126.59,128.2,123.42,125.72,5246084,134.09699999999998,,,129.4140348781683,116.86237412331121,106.63576261554427,99.3323932171156,50.123172934800465,5.532022788373624,8.259533826847594,-2.7275110384739705,0,7.010000000000003,0.5,0.05,5500161.4,7363134.45,0.9538054646905452,0.7124797239034525,18.52739726027397,17.90961371829768,0.8700000000000045,1.6099999999999852,2.299999999999997,,0,-2.938303275666807,-6.663219853643001,,,0,,,3.3116936477935788,-13.242702366986403,9.493119665563498,149.51,-2.8544314236442068,149.51,0,25,20,20,134.91,128.16,131.535,,125.72,,,,,,125.78000000000002,128.14000000000004,130.56,132.92000000000002,123.36000000000004,121.00000000000003,118.58000000000006,0,0,0,0,0,0,0,0,0,0,0,0,0,0,0,0,0,0,0,0,0,0,,,,,,,,,,,,,,,,,,USD,1.0,stock,25.0
2025-10-14,120.155,121.9,119.1,119.94,7618155,133.90449999999998,,,128.5117458421523,116.98306533416175,106.899212860781,99.53744403087565,39.05933917734324,4.152104351780864,7.438047931834249,-3.2859435800533854,0,6.504285714285716,0.5,0.05,5713143.4,7153985.2,1.3334436870602617,1.0648826894414039,2.7622492601118167,8.671891305882015,0.2150000000000034,1.7450000000000045,0.8400000000000034,,0,-7.146694882568198,-11.642904785726186,,,0,,,-4.5975182946229705,-13.67496761191881,-3.110105824380005,149.51,-6.670009644628712,149.51,0,25,20,20,134.305,128.16,131.23250000000002,,119.94,,,,,,120.31333333333333,121.52666666666667,123.11333333333334,124.32666666666668,118.72666666666666,117.51333333333332,115.92666666666665,0,0,0,0,0,0,0,0,0,0,0,0,0,0,0,0,0,0,0,0,0,0,,,,,,,,,,,,,,,,,,USD,1.0,stock,25.0
2025-10-15,123.48,123.73,120.48,121.58,4334093,133.092,,,127.85157957147112,117.16333728184168,107.18992151700317,99.75677294599132,38.18399452804377,3.154480455854568,6.581334436638313,-3.4268539807837453,0,6.389285714285717,0.5,0.05,5749276.8,6376428.0,0.7538501190271445,0.679705471464588,8.155212101282487,9.814952873889425,1.9000000000000057,0.25,1.0999999999999943,,0,-5.158397410323344,-9.468662608981752,,,0,,,1.367350341837592,-11.834662799129813,-11.789886091562074,149.51,-4.9053594742372395,149.51,0,25,20,20,134.305,128.16,131.23250000000002,,121.58,,,,,,121.93,123.38000000000001,125.18,126.63000000000001,120.13000000000001,118.68,116.88000000000001,0,0,0,0,0,0,0,0,0,0,0,0,0,0,0,0,0,0,0,0,0,0,,,,,,,,,,,,,,,,,,USD,1.0,stock,25.0
2025-10-16,121.16,122.83,120.04,120.89,2654845,132.374,,,127.18857199323578,117.30948091784788,107.46121019983478,99.96705381220036,40.51896207584831,2.2818750621134,5.721442561733331,-3.4395674996199306,0,6.267142857142859,0.5,0.05,5244299.5,6045829.5,0.5062344360767344,0.4391200578845302,5.886221637619226,5.601227666337844,0.269999999999996,1.6700000000000017,0.8499999999999943,,0,-5.210167915655375,-9.499545040946309,,,0,,,-0.5675275538739921,-8.693353474320242,-10.617375231053606,149.51,-4.952152457196199,149.51,0,25,20,20,134.305,129.505,131.905,,120.89,,,,,,121.25333333333333,122.46666666666665,124.04333333333332,125.25666666666665,119.67666666666666,118.46333333333334,116.88666666666667,0,0,0,0,0,0,0,0,0,0,0,0,0,0,0,0,0,0,0,0,0,0,,,,,,,,,,,,,,,,,,USD,1.0,stock,25.0
2025-10-17,117.8,120.74,117.73,120.01,3877494,131.607,,,126.50489847007047,117.41538362695188,107.70970108696677,100.16648611257648,35.849056603773576,1.5020061631753094,4.877555282021727,-3.3755491188464175,1,6.172142857142858,0.5,0.05,5151120.5,5856460.55,0.7527476788787992,0.6620882983664937,7.174323473882952,7.071919070928222,2.210000000000008,0.7299999999999898,0.06999999999999318,,0,-5.411964394692498,-9.663361386551115,,,0,,,-0.7279344858962644,-1.3805571534226235,-11.333579608422607,149.51,-5.134108282460763,149.51,0,25,20,20,132.115,131.26999999999998,131.6925,,120.01,,,,,,119.49333333333334,121.25666666666667,122.50333333333333,124.26666666666667,118.24666666666668,116.48333333333335,115.2366666666667,0,0,0,0,0,0,0,0,0,0,0,0,0,0,0,0,0,0,0,0,0,0,,,,,,,,,,,,,,,,,,USD,1.0,stock,25.0
2025-10-20,120.6,123.35,119.3101,122.12,5270831,130.88150000000002,,,126.08728909196851,117.59987838667925,107.99505354069021,100.38492903682945,40.629248397747126,1.0421999755380398,4.11048422072499,-3.06828424518695,1,5.9021357142857145,0.5,0.05,5076977.5,5774618.55,1.0381828558428712,0.9127582981217002,13.813719320327257,8.958088143943145,1.5200000000000102,1.2299999999999898,1.2898999999999887,,0,-3.248680881074771,-7.174500491320022,,,0,,,1.7581868177651838,-2.863506204263433,-10.61992241820976,149.51,-3.146462359956645,149.51,0,25,20,20,128.39000000000001,131.6,129.995,,122.12,,,,,,121.59336666666667,123.87663333333333,125.63326666666666,127.91653333333332,119.83673333333334,117.55346666666668,115.79683333333335,0,0,0,0,0,0,0,0,0,0,0,0,0,0,0,0,0,0,0,0,0,0,,,,,,,,,,,,,,,,,,USD,1.0,stock,25.0
2025-10-21,120.19,120.4999,117.61,119.14,2779076,130.56,,,125.42564251178104,117.66027531269184,108.21574554978544,100.57154665835353,31.25,0.4323552419129726,3.3748584249625866,-2.942503183049614,1,5.796421428571429,0.5,0.05,4949754.6,5333071.7,0.5614573296219575,0.5211023133253581,4.796238244514112,8.59476034624144,1.0499999999999972,0.30989999999999895,1.5300000000000011,,0,-5.2758456536688225,-9.585361759274805,,,0,,,-2.440222731739272,-0.6670001667500425,-5.120649836744439,149.51,-5.011449322406807,149.51,0,25,20,20,126.92500000000001,133.185,130.055,,119.14,,,,,,119.0833,120.55659999999999,121.97319999999999,123.44649999999999,117.66669999999999,116.1934,114.7768,0,0,0,0,0,0,0,0,0,0,0,0,0,0,0,0,0,0,0,0,0,0,,,,,,,,,,,,,,,,,,USD,1.0,stock,25.0
2025-10-22,118.87,120.93,116.43,117.03,3901823,129.7655,,,124.62605751065904,117.63555863376276,108.3902852418689,100.73531236324554,25.89359933499587,-0.21868955214557673,2.656148829540954,-2.874838381686531,1,5.563564285714286,0.5,0.05,5002027.8,4922417.6,0.7800482436343117,0.7926639543950924,1.8137847642079643,6.807914109683111,1.8400000000000034,2.0600000000000023,0.5999999999999943,,0,-6.490692566571851,-10.882252413910965,,,0,,,-1.7710256840691607,-3.7423918407632817,-11.954559133313259,149.51,-6.095079682681416,149.51,0,25,20,20,123.7375,132.97,128.35375,,117.03,,,,,,118.13,119.82999999999998,122.63,124.32999999999998,115.32999999999998,113.63,110.82999999999998,0,0,0,0,0,0,0,0,0,0,0,0,0,0,0,0,0,0,0,0,0,0,,,,,,,,,,,,,,,,,,USD,1.0,stock,27.0
2025-10-23,120.15,121.7077,119.02,120.48,3674526,129.0195,,,124.23119489059627,117.74710535400735,108.62968553410911,100.9317769168451,28.393574297188763,-0.4510615184063056,2.034706759951502,-2.4857682783578077,1,5.595542857142857,0.5,0.05,4913657.4,4839068.85,0.7478189260814154,0.7593456745299254,12.243047158403867,6.284356722375314,0.3299999999999983,1.2276999999999987,1.1300000000000097,,0,-3.113541575860115,-7.087898406374493,,,0,,,2.947962061010001,-0.3391512945653097,-11.019202363367796,149.51,-3.0195273368333475,149.51,0,25,20,20,122.315,132.97,127.6425,,120.48,,,,,,120.40256666666666,121.78513333333332,123.09026666666666,124.47283333333333,119.09743333333331,117.71486666666665,116.4097333333333,0,0,0,0,0,0,0,0,0,0,0,0,0,0,0,0,0,0,0,0,0,0,,,,,,,,,,,,,,,,,,USD,1.0,stock,27.0
2025-10-24,122.44,123.25,121.58,122.76,2826720,128.5905,,,124.09108109149187,117.94368945777177,108.90949374135448,101.14897316642873,27.476103315029505,-0.4460986826458395,1.538545671432034,-1.9846443540778735,1,5.219114285714285,0.5,0.05,4218364.7,4791929.4,0.670098533680599,0.5898918293746147,21.050881277020284,11.702571066544039,0.3200000000000074,0.4899999999999949,0.8599999999999994,,0,-1.0842954476147504,-4.749511241446714,,,0,,,1.8924302788844605,2.29147571035746,-6.5326633165829096,149.51,-1.0726645942511104,149.51,0,25,20,20,120.08000000000001,132.97,126.525,,122.76,,,,,,122.52999999999999,123.47999999999998,124.19999999999999,125.14999999999998,121.80999999999997,120.85999999999999,120.13999999999997,0,0,0,0,0,0,0,0,0,0,0,0,0,0,0,0,0,0,0,0,0,0,,,,,,,,,,,,,,,,,,USD,1.0,stock,27.0
2025-10-27,129.17,130.028,128.1405,128.66,5081505,128.2805,,,124.52621622563551,118.36393693001602,109.30059287518904,101.42271472696179,39.531568228105904,0.03352859531631225,1.2375422562088898,-1.2040136608925776,1,5.176114285714284,0.5,0.05,4201906.8,4851034.1,1.209333105627188,1.0475096433562485,54.06719717064539,29.120375202023183,0.5099999999999909,0.8580000000000041,0.5194999999999936,,0,3.2129517910496572,0.29496346960983,,,0,,,4.806125773867698,5.355388142810336,-4.597360225418967,149.51,3.319609235435429,149.51,0,25,20,20,123.229,132.97,128.0995,,128.66,,,,,,128.9428333333333,129.74516666666662,130.8303333333333,131.6326666666666,127.85766666666663,127.05533333333332,125.97016666666664,0,0,0,0,0,0,0,0,0,0,0,0,0,0,0,0,0,0,0,0,0,0,,,,,,,,,,,,,,,,,,USD,1.0,stock,25.0
2025-10-28,126.6196,127.875,125.89,126.82,2429036,128.033,,,124.74467182319404,118.69554724648599,109.64751182815559,101.67542403316116,38.89779559118235,0.2621422336591195,1.042462251698936,-0.7803200180398164,1,5.185399999999997,0.5,0.05,3682994.9,4698069.15,0.6595273862583954,0.5170285754521088,52.448258455325515,42.522112300997065,0.2003999999999877,1.0550000000000068,0.7296000000000049,,0,1.636436032807092,-0.9564737423119333,,,0,,,-1.430125913259761,6.446197750545579,-3.7565454959399114,149.51,1.6636607772293515,149.51,0,25,20,20,123.229,132.97,128.0995,,126.82,,,,,,126.86166666666666,127.83333333333333,128.84666666666666,129.81833333333333,125.84833333333333,124.87666666666667,123.86333333333333,0,0,0,0,0,0,0,0,0,0,0,0,0,0,0,0,0,0,0,0,0,0,,,,,,,,,,,,,,,,,,USD,1.0,stock,25.0
2025-10-29,128.545,129.1,125.085,127.6,3208119,127.54100000000001,,,125.0166078400327,119.04474147211398,110.00300664343963,101.93338001293071,44.6879150066401,0.5004903294130543,0.9340678672417596,-0.43357753782870534,1,4.965042857142855,0.5,0.05,3570397.5,4659837.15,0.8985327263981111,0.6884616128698832,76.42832706123846,60.981260895736455,0.9449999999999932,0.5550000000000068,2.5150000000000006,,0,2.024602006243957,0.04623824451409349,,,0,,,0.6150449455921692,9.031872169529166,-7.159487776484285,149.51,2.066439175243753,149.51,0,25,20,20,123.229,132.97,128.0995,,127.6,,,,,,127.26166666666666,129.43833333333333,131.27666666666664,133.45333333333332,125.42333333333332,123.24666666666666,121.40833333333332,0,0,0,0,0,0,0,0,0,0,0,0,0,0,0,0,0,0,0,0,0,0,,,,,,,,,,,,,,,,,,USD,1.0,stock,25.0
2025-10-30,122.95,124.04,121.595,121.81,3274507,126.62,,,124.71121661717244,119.15318298301148,110.23680849208439,102.1311573262349,50.14903129657229,0.2196463550959038,0.7911835648125884,-0.5715372097166846,0,4.5303999999999975,0.5,0.05,3632363.7,4438331.6,0.9014810383662847,0.7377788085955543,39.56464185909694,56.14707579188698,1.1400000000000006,1.0900000000000034,0.2150000000000034,,0,-2.38175569918105,-3.9487726787620083,,,0,,,-4.53761755485893,1.1039176626826075,-13.135563003636875,149.51,-2.3263477783865567,149.51,0,25,20,20,123.229,132.97,128.0995,,121.81,,,,,,122.48166666666667,123.36833333333334,124.92666666666668,125.81333333333335,120.92333333333333,120.03666666666666,118.47833333333332,0,0,0,0,0,0,0,0,0,0,0,0,0,0,0,0,0,0,0,0,0,0,,,,,,,,,,,,,,,,,,USD,1.0,stock,25.0
2025-10-31,121.035,122.59,120.03,120.87,2671585,125.5635,120.024,,124.34538646315602,119.22050914054043,110.44736673976588,102.31761347224251,43.47592144202314,-0.07787694506819776,0.6173714628364313,-0.695248407904629,0,4.248257142857141,0.5,0.05,3511772.8,4331446.65,0.7607510941482319,0.6167881578317488,32.651860567730566,49.54827649602199,0.16499999999999204,1.5550000000000068,0.8400000000000034,,0,-2.8753093928650726,-3.883097542814594,0.6999255398361907,,0,,,-0.7716936212133652,-1.539589442815248,-14.88028169014084,149.51,-2.794946046659948,149.51,0,25,20,20,123.229,132.97,128.0995,,120.87,,,,,,121.16333333333334,122.29666666666668,123.72333333333334,124.85666666666668,119.73666666666668,118.60333333333334,117.17666666666668,0,0,0,0,0,0,0,0,0,0,0,0,0,0,0,0,0,0,0,0,0,0,,,,,,,,,,,,,,,,,,USD,1.0,stock,25.0
2025-11-03,121.405,121.86,120.4,121.23,1844851,124.37949999999998,120.6484,,124.04868299047449,119.2993127036565,110.66088423006755,102.50579642276747,52.03149606299213,-0.28137381049512555,0.43762240817011994,-0.7189962186652454,0,3.8796857142857113,0.5,0.05,3169174.8,4123076.15,0.5821234600249883,0.4474452891198723,35.29930872187088,35.8386037162328,0.17499999999999716,0.4549999999999983,0.8299999999999983,,0,-2.3250705192398624,-2.5979543017404723,0.4797492369875515,,0,,,0.29784065524944836,-5.774910617130413,-16.34117728245117,146.5,-2.2722393519413084,146.5,0,25,20,20,123.229,132.97,128.0995,,121.23,,,,,,121.16333333333334,121.92666666666668,122.62333333333333,123.38666666666667,120.46666666666668,119.70333333333335,119.00666666666669,0,0,0,0,0,0,0,0,0,0,0,0,0,0,0,0,0,0,0,0,0,0,,,,,,,,,,,,,,,,,,USD,1.0,stock,25.0
2025-11-04,123.02,128.0,122.0,124.99,5742737,123.68199999999999,121.3096,,124.13833222947693,119.52247691135625,110.94462909679888,102.72951984144642,55.033953351048126,-0.13765911747640303,0.32256610304081534,-0.46022522051721837,1,4.0925428571428535,0.5,0.05,3465540.9,4207647.75,1.6570968762769471,1.3648331184567435,62.95043388733636,43.633867725645935,1.9699999999999989,3.010000000000005,1.019999999999996,,0,0.6813887275166532,1.0464837186975016,2.944555564445149,,0,,,3.101542522477918,-1.442990064658567,-10.040305167698293,139.05,0.6860634867791742,139.05,0,25,20,20,124.524,132.97,128.747,118.82499999999999,124.99,,,,,,124.99666666666667,127.99333333333334,130.99666666666667,133.99333333333334,121.99333333333334,118.99666666666667,115.99333333333334,0,0,0,0,0,0,0,0,0,0,0,0,0,0,0,0,0,0,0,0,0,0,,,,,,,,,,,,,,,,,,USD,1.0,stock,25.0
2025-11-05,125.12,125.12,123.0428,123.33,3656095,122.9535,121.9266,,124.06134820762199,119.67179154228347,111.18988396616919,102.93449974352158,53.501722158438575,-0.1559150233167088,0.22686987776931053,-0.38278490108601937,1,4.041628571428569,0.5,0.05,3440968.1,4221497.95,1.0625192950786146,0.8660658001740827,50.74275628768935,49.66416629896554,1.7900000000000063,0.0,0.28719999999999857,,0,-0.5930010602627027,0.30527852104110353,1.137922646558019,,0,,,-1.3281062484998718,-3.3463949843260177,-10.56562726613488,136.24,-0.5895052876565945,136.24,0,25,20,20,125.029,132.97,128.9995,119.085,123.33,,,,,,123.83093333333333,124.61906666666667,125.90813333333334,126.69626666666667,122.54186666666666,121.75373333333333,120.46466666666666,0,0,0,0,0,0,0,0,0,0,0,0,0,0,0,0,0,0,0,0,0,0,,,,,,,,,,,,,,,,,,USD,1.0,stock,25.0
2025-11-06,127.275,130.95,125.9,127.04,5307196,122.6855,122.67020000000001,,124.34502933070561,119.96074089356648,111.50374765000743,103.17435546746664,59.3310326519777,0.12751314188894014,0.20699853059323645,-0.0794853887042963,1,4.360199999999997,0.5,0.05,3604235.1,4258946.25,1.4724888506856837,1.2461288986683032,73.07162534435271,62.254938506459474,0.23499999999999943,3.674999999999983,1.1400000000000006,,0,2.1213560054269456,3.427660579345089,3.439704030226699,,0,,,3.0081894105246088,4.293571956325426,-4.048338368580062,131.045,2.167332851019642,131.045,0,25,20,20,125.49,132.97,129.23,119.085,127.04,,,,,,127.96333333333335,130.0266666666667,133.01333333333332,135.07666666666668,124.97666666666672,122.91333333333337,119.92666666666673,0,0,0,0,0,0,0,0,0,0,0,0,0,0,0,0,0,0,0,0,0,0,,,,,,,,,,,,,,,,,,USD,1.0,stock,25.0
2025-11-07,125.86,126.61,124.26,125.96,3048571,122.899,123.37,,124.4988360611146,120.19600595656388,111.79001007277955,103.40107829863612,55.24017467248907,0.2619652583105818,0.21799187613670554,0.04397338217387628,1,4.27020714285714,0.5,0.05,3626420.2,3922392.45,0.8406557519175522,0.777222330213286,65.63360881542698,63.149330149156356,0.09999999999999432,0.6500000000000057,1.5999999999999943,,0,1.160022180760076,2.430136551286117,2.0562083201016113,,0,,,-0.8501259445843901,4.21113593116571,3.508916098282522,130.95,1.1736366259425335,130.95,0,25,20,20,125.49,132.97,129.23,119.085,125.96,,,,,,125.61,126.96,127.96,129.31,124.61,123.26,122.26,0,0,0,0,0,0,0,0,0,0,0,0,0,0,0,0,0,0,0,0,0,0,,,,,,,,,,,,,,,,,,USD,1.0,stock,25.0
2025-11-10,130.02,132.55,129.02,132.32,4267527,123.22900000000001,124.11039999999998,,125.24370881719892,120.6714567033653,112.19654452678391,103.68882876332631,66.46676661669164,0.8716703038453915,0.34872756167844277,0.5229427421669487,1,4.41877857142857,0.5,0.05,3545022.4,3873464.6,1.2038081903234237,1.1017338328069397,98.57320099255571,79.09281171744514,2.299999999999983,0.2300000000000182,1.0,,0,5.34786213935994,6.870465538089466,6.204353083434106,,0,,,5.049221975230234,9.147900684649013,5.249761374482964,132.55,5.650017274024808,132.55,0,25,20,20,126.29,132.97,129.63,119.085,132.32,,,,,,131.29666666666668,133.57333333333335,134.82666666666668,137.10333333333335,130.04333333333335,127.76666666666668,126.51333333333335,0,0,0,0,0,0,0,0,0,0,0,0,0,0,0,0,0,0,0,0,0,0,,,,,,,,,,,,,,,,,,USD,1.0,stock,25.0
2025-11-11,133.02,133.51,130.3075,131.95,3450071,123.82950000000001,124.8236,,125.88240321556093,121.1137525189196,112.58770206090699,103.97003444727332,69.48798328108671,1.3099102078530365,0.5409640909133615,0.768946116939675,1,4.326099999999998,0.5,0.05,3647125.9,3665060.4,0.9459698114616772,0.941340830290273,89.23395445134574,84.48025475310949,1.0700000000000216,0.4899999999999807,1.642499999999984,,0,4.598406051109558,6.154225085259553,5.4008336491095035,,0,,,-0.27962515114873243,5.56844547563804,10.013340003335003,133.51,4.820051595336096,133.51,0,25,20,20,126.77,131.465,129.1175,121.0,131.95,,,,,,131.92249999999999,133.53749999999997,135.12499999999997,136.73999999999995,130.33499999999998,128.72,127.1325,0,0,0,0,0,0,0,0,0,0,0,0,0,0,0,0,0,0,0,0,0,0,,,,,,,,,,,,,,,,,,USD,1.0,stock,25.0
2025-11-12,129.38,129.58,126.83,128.94,2767997,124.19749999999999,125.4744,,126.17360290931703,121.42066418484433,112.91150994088903,104.21849181595717,61.17864693446088,1.3982188482253974,0.7124150423757687,0.6858038058496287,0,4.357692857142854,0.5,0.05,3603113.7,3586755.6,0.7682236061548654,0.7717272400717796,66.09792284866471,84.63502609752207,0.4399999999999977,0.20000000000001705,2.1099999999999994,,0,2.145491771896209,3.6780673181324697,2.6877617496509965,,0,,,-2.2811671087533125,4.548771588421308,6.05362724132259,133.51,2.1925323735672553,133.51,0,25,20,20,126.77,127.74000000000001,127.255,121.035,128.94,,,,,,128.45000000000002,130.07000000000005,131.20000000000005,132.82000000000005,127.32000000000002,125.7,124.57000000000001,0,0,0,0,0,0,0,0,0,0,0,0,0,0,0,0,0,0,0,0,0,0,,,,,,,,,,,,,,,,,,USD,1.0,stock,25.0
2025-11-13,127.53,127.8988,119.33,120.65,6033800,124.1855,125.9232,,125.64754548938207,121.39044205994848,113.06474736780213,104.38198940982824,47.59407069555302,0.790161870189749,0.7279644079385648,0.06219746225118428,0,4.846264285714283,0.5,0.05,3879043.0,3755703.35,1.5554867527892833,1.6065699118648442,9.308885754583978,54.880254351531484,6.8799999999999955,0.36879999999999313,1.3200000000000074,,0,-4.142184408936645,-2.9303771239121414,-4.370658930791536,,0,,,-6.429346983092909,-5.029911838790935,-0.19852758706261353,133.51,-3.977431847090386,133.51,0,25,20,20,126.41999999999999,126.33500000000001,126.3775,122.6951,120.65,,,,,,122.62626666666665,125.9225333333333,131.19506666666666,134.4913333333333,117.35373333333331,114.05746666666666,108.78493333333331,0,0,0,0,0,0,0,0,0,0,0,0,0,0,0,0,0,0,0,0,0,0,,,,,,,,,,,,,,,,,,USD,1.0,stock,25.0
2025-11-14,117.865,120.2916,115.34,116.0,5102001,123.98500000000001,126.204,,124.72873163325045,121.17905217524462,113.12287118230108,104.49759150525284,35.14084507042254,-0.06618091169217166,0.5691353440124175,-0.6353162557045892,0,4.706407142857141,0.5,0.05,4122084.6,3816928.7,1.2377235052381022,1.3366770513685517,3.632361034672521,26.346389879307072,1.8649999999999949,2.4266000000000076,0.6599999999999966,,0,-7.524768649353835,-6.883620689655184,-8.796551724137926,,0,,,-3.854123497720685,-7.907272149888844,-3.341388217648533,133.51,-6.998172368910327,133.51,0,25,20,20,124.425,124.425,124.425,123.13,116.0,,,,,,117.21053333333333,119.08106666666666,122.16213333333333,124.03266666666666,114.12946666666666,112.25893333333333,109.17786666666666,0,0,0,0,0,0,0,0,0,0,0,0,0,0,0,0,0,0,0,0,0,0,,,,,,,,,,,,,,,,,,USD,1.0,stock,25.0
2025-11-17,116.565,118.2499,113.98,114.11,3861249,123.58449999999998,126.3132,,123.71742385865517,120.90183444288209,113.14241828760204,104.59323736092198,35.09964830011724,-0.8871197759963394,0.2778843200106661,-1.1650040960070056,0,4.813542857142855,0.5,0.05,4323724.4,3746449.6,0.8930377246061288,1.0306421845365277,0.6656426011264492,4.53562979679432,2.4549999999999983,1.684899999999999,0.12999999999999545,,0,-8.419440766501769,-8.302953290684407,-10.69424239768644,,0,,,-1.6293103448275836,-13.762091898428054,-6.559122174909926,133.51,-7.765619068847948,133.51,0,25,20,20,123.745,123.745,123.745,124.525,114.11,,,,,,115.44663333333334,116.91326666666667,119.71653333333333,121.18316666666666,112.64336666666668,111.17673333333335,108.37346666666669,0,0,0,0,0,0,0,0,0,0,0,0,0,0,0,0,0,0,0,0,0,0,,,,,,,,,,,,,,,,,,USD,1.0,stock,25.0
2025-11-18,109.4,118.055,108.01,117.14,6784195,123.4845,126.4866,,123.09100253878324,120.75431152355338,113.2215783215109,104.71808077026604,38.351893095768375,-1.2784864671064753,-0.03338983741276216,-1.2450966296937132,0,5.244257142857141,0.5,0.05,4427870.2,3946705.55,1.5321576048006105,1.7189513922567647,35.80392156862745,13.367308401475478,7.739999999999995,0.9150000000000063,1.3900000000000006,,0,-5.0802480269619625,-5.416168687041145,-7.978999487792381,,0,,,2.6553325738322586,-11.223948465327771,-1.6786973308712483,133.51,-4.834636501484512,133.51,0,25,20,20,120.75999999999999,120.75999999999999,120.75999999999999,128.16,117.14,,,,,,114.40166666666666,120.79333333333331,124.44666666666666,130.8383333333333,110.7483333333333,104.35666666666665,100.7033333333333,0,0,0,0,0,0,0,0,0,0,0,0,0,0,0,0,0,0,0,0,0,0,,,,,,,,,,,,,,,,,,USD,1.0,stock,25.0
2025-11-19,115.07,116.509,113.225,115.49,3033729,123.4075,126.6444,,122.3670975350896,120.54786793439443,113.2664975626691,104.8252640461838,42.24730127576054,-1.7021670773254556,-0.3671452853953009,-1.3350217919301546,0,5.094971428571427,0.5,0.05,4365633.6,3903300.85,0.6949115015057609,0.777221412487331,29.33333333333331,21.93429916769574,0.4200000000000017,1.0190000000000055,1.8449999999999989,,0,-5.954712559606549,-6.855571910987967,-9.658325396138203,,0,,,-1.408570940754661,-10.431208313944474,-1.315901905494321,133.51,-5.620054470212101,133.51,0,25,20,20,120.75999999999999,120.75999999999999,120.75999999999999,128.16,115.49,,,,,,115.07466666666666,116.92433333333332,118.35866666666666,120.20833333333333,113.64033333333332,111.79066666666665,110.35633333333331,0,0,0,0,0,0,0,0,0,0,0,0,0,0,0,0,0,0,0,0,0,0,,,,,,,,,,,,,,,,,,USD,1.0,stock,25.0
2025-11-20,116.96,117.37,110.3,110.45,4847942,122.90600000000002,126.617,,121.23213586508106,120.15187311343779,113.21072533370535,104.88123156811233,38.38609005795809,-2.4167639420004434,-0.7770690167163294,-1.639694925284114,0,5.417114285714285,0.5,0.05,4319708.2,3961971.65,1.1222846024645832,1.2236185486082416,9.568627450980388,24.90196078431372,6.509999999999991,0.4100000000000108,0.15000000000000568,,0,-9.762006215555509,-11.277501131733832,-14.637392485287462,,0,,,-4.364014200363664,-8.454206382096974,-8.325033200531207,133.51,-8.89379353761487,133.51,0,25,20,20,120.75999999999999,120.75999999999999,120.75999999999999,128.16,110.45,,,,,,112.70666666666666,115.11333333333333,119.77666666666667,122.18333333333334,108.04333333333332,105.63666666666666,100.97333333333331,0,0,0,0,0,0,0,0,0,0,0,0,0,0,0,0,0,0,0,0,0,0,,,,,,,,,,,,,,,,,,USD,1.0,stock,25.0
2025-11-21,109.23,112.99,108.98,110.95,2758078,122.3155,126.5404,,120.25288483031143,119.79101534428337,113.16595849541416,104.9416173236535,38.577777777777776,-2.9092057711104644,-1.2034963675951564,-1.705709403515308,0,5.599257142857142,0.5,0.05,4290658.9,3958539.55,0.6428098957015669,0.6967413019784027,11.52941176470588,16.810457516339863,1.7199999999999989,2.039999999999992,0.25,,0,-8.384754240929633,-10.243803515096888,-14.051735015772874,,0,,,0.45269352648256156,-4.353448275862071,-9.620397523623335,133.51,-7.736101169995803,133.51,0,25,20,20,120.75999999999999,120.75999999999999,120.75999999999999,128.76,110.95,,,,,,110.97333333333334,112.96666666666668,114.98333333333333,116.97666666666667,108.95666666666669,106.96333333333335,104.9466666666667,0,0,0,0,0,0,0,0,0,0,0,0,0,0,0,0,0,0,0,0,0,0,,,,,,,,,,,,,,,,,,USD,1.0,stock,25.0
2025-11-24,115.89,120.0,115.425,119.21,4433731,121.843,126.62819999999999,,120.15356246551985,119.76823042882127,113.28564248560397,105.08359128063208,44.16161616161616,-2.6029512979503977,-1.4833873536662048,-1.119563944284193,1,5.762114285714285,0.5,0.05,4307279.3,3926150.85,1.0293576736479568,1.1292818766757269,43.92156862745096,21.67320261437908,3.319999999999993,0.7900000000000063,0.4650000000000034,,0,-0.7915128475126759,-2.208707323211148,-6.222800100662695,,0,,,7.444794952681377,4.469371658925603,-7.344940152339497,133.51,-0.7852971199173828,133.51,0,25,20,20,118.79500000000002,120.75999999999999,119.7775,128.76,119.21,,,,,,118.21166666666666,120.99833333333332,122.78666666666666,125.57333333333332,116.42333333333332,113.63666666666666,111.84833333333331,0,0,0,0,0,0,0,0,0,0,0,0,0,0,0,0,0,0,0,0,0,0,,,,,,,,,,,,,,,,,,USD,1.0,stock,25.0
2025-11-25,120.39,120.43,117.5,117.88,2529970,121.396,126.51,,119.9370327068989,119.69418217671064,113.37661986212667,105.21091873057604,44.45800284726459,-2.4394419380905106,-1.674598270551066,-0.7648436675394445,1,5.823028571428571,0.5,0.05,4215269.2,3931197.55,0.6001917979520738,0.6435621633921704,38.70588235294116,31.38562091503267,2.510000000000005,0.04000000000000625,0.37999999999999545,,0,-1.7450226560051822,-2.9826942653546027,-7.321004411265703,,0,,,-1.1156782149148503,0.6317227249445168,-7.049361299479573,133.51,-1.7150938792406742,133.51,0,25,20,20,117.95439999999999,120.75999999999999,119.35719999999999,128.76,117.88,,,,,,118.60333333333334,119.70666666666668,121.53333333333335,122.63666666666668,116.77666666666667,115.67333333333333,113.84666666666666,0,0,0,0,0,0,0,0,0,0,0,0,0,0,0,0,0,0,0,0,0,0,,,,,,,,,,,,,,,,,,USD,1.0,stock,25.0
2025-11-26,117.5,118.4,113.595,116.34,2789339,120.833,126.0802,,119.59445816338472,119.5626456207612,113.43530065693605,105.321655857635,38.617021276595736,-2.4063854089912553,-1.820955698239104,-0.5854297107521513,1,5.621957142857143,0.5,0.05,4217403.4,3910258.55,0.6613877629064366,0.7133387637500339,32.66666666666668,38.431372549019606,1.1599999999999966,0.9000000000000057,2.7450000000000045,,0,-2.797368199574275,-3.861956334880518,-8.372184975073063,,0,,,-1.306413301662701,0.7359944583946731,-8.824451410658297,133.51,-2.721244958473421,133.51,0,25,20,20,114.22,120.75999999999999,117.49,128.76,116.34,,,,,,116.11166666666668,118.62833333333336,120.91666666666669,123.43333333333337,113.82333333333335,111.30666666666667,109.01833333333335,0,0,0,0,0,0,0,0,0,0,0,0,0,0,0,0,0,0,0,0,0,0,,,,,,,,,,,,,,,,,,USD,1.0,stock,25.0
2025-11-28,117.0,118.2,116.78,116.89,1161157,120.58700000000002,125.713,,119.33689071925284,119.45783598857449,113.50371054491751,105.43676375954908,40.2410157090596,-2.3091885795375475,-1.9186022744987927,-0.3905863050387548,1,5.556242857142857,0.5,0.05,3730139.1,3804591.05,0.3112905360553444,0.3051988991037552,34.82352941176471,35.39869281045752,0.10999999999999943,1.2000000000000028,0.10999999999999943,,0,-2.0933276749532337,-3.162802634955956,-7.5481221661391,,0,,,0.4727522778064319,5.830692621095523,-4.03907725145719,133.51,-2.0504059595530197,133.51,0,25,20,20,114.22,120.75999999999999,117.49,128.76,116.89,,,,,,117.29,117.80000000000001,118.71000000000001,119.22000000000001,116.38000000000001,115.87,114.96000000000001,0,0,0,0,0,0,0,0,0,0,0,0,0,0,0,0,0,0,0,0,0,0,,,,,,,,,,,,,,,,,,USD,1.0,stock,25.0
2025-12-01,118.13,120.2,117.27,119.71,2379752,120.529,125.40019999999998,,119.37242493646684,119.46772477333627,113.62660736581023,105.57878601069785,35.31330072210574,-1.9817644131047416,-1.9312347022199827,-0.05052971088475888,1,5.321957142857142,0.5,0.05,3457914.2,3789999.4,0.6882044673057532,0.6279030017788394,45.88235294117645,37.79084967320262,1.5799999999999983,0.4900000000000091,0.8599999999999994,,0,0.28199403853742494,-0.6841533706457295,-4.753320524601111,,0,,,2.4125245957737906,7.8954484001802605,-0.9597087780259916,133.51,0.28279149369112483,133.51,0,25,20,20,114.22,120.75999999999999,117.49,128.76,119.71,,,,,,119.06,120.85000000000001,121.99000000000001,123.78000000000002,117.92,116.13,114.99,0,0,0,0,0,0,0,0,0,0,0,0,0,0,0,0,0,0,0,0,0,0,,,,,,,,,,,,,,,,,,USD,1.0,stock,25.0
2025-12-02,118.36,119.15,116.9,118.99,1308894,120.417,125.0474,,119.3360035139462,119.44899046849956,113.73281316054667,105.7122309260143,35.02772643253235,-1.7600871953798247,-1.8970052008519511,0.1369180054721264,1,5.293921428571428,0.5,0.05,3202678.7,3763201.55,0.4086872654443919,0.3478139511289264,50.904033379693956,43.86997191087838,0.6299999999999955,0.1600000000000108,1.4599999999999937,,0,-0.29078369102126295,-1.1992604420539599,-5.090679889066309,,0,,,-0.6014535126555809,-0.18454827615133063,-1.847727460199633,133.51,-0.2899405910687843,133.51,0,25,20,20,114.70500000000001,120.75999999999999,117.7325,128.76,118.99,,,,,,118.34666666666668,119.79333333333335,120.59666666666668,122.04333333333335,117.54333333333335,116.09666666666668,115.29333333333335,0,0,0,0,0,0,0,0,0,0,0,0,0,0,0,0,0,0,0,0,0,0,,,,,,,,,,,,,,,,,,USD,1.0,stock,25.0
2025-12-03,117.23,118.3,116.96,117.28,1158727,120.03150000000001,124.88159999999999,,119.14019365547513,119.36393201875448,113.80305448410019,105.82733310585496,36.11243449261552,-1.7027607462178054,-1.858156309925122,0.15539556370731655,1,5.073207142857143,0.5,0.05,2640131.9,3534001.05,0.4388898145581287,0.3278796422542093,46.609146856522266,47.798511059130895,0.04999999999999716,1.019999999999996,0.27000000000001023,,0,-1.5861132805892983,-2.3460948158253814,-6.4815825375170455,,0,,,-1.4370955542482466,-0.5089921954529952,-6.168493479478354,133.51,-1.5613485242892613,133.51,0,25,20,20,114.70500000000001,120.75999999999999,117.7325,128.76,117.28,,,,,,117.51333333333332,118.06666666666665,118.85333333333332,119.40666666666665,116.72666666666665,116.17333333333332,115.38666666666664,0,0,0,0,0,0,0,0,0,0,0,0,0,0,0,0,0,0,0,0,0,0,,,,,,,,,,,,,,,,,,USD,1.0,stock,25.0
2025-12-04,118.69,119.77,117.47,118.72,1397149,119.801,124.59759999999999,,119.10017521209656,119.3386797827249,113.90041974184078,105.95561834858277,47.25306006262453,-1.5235703858063232,-1.7912391251013622,0.267668739295039,1,4.564635714285714,0.5,0.05,2476473.9,3421053.75,0.5641686754703936,0.40839726648550906,86.23188405797094,61.24835476472905,0.030000000000001137,1.0499999999999972,1.2199999999999989,,0,-0.3202284468468331,-0.9105458221024284,-4.950808625336916,,0,,,1.2278308321964415,2.0457280385078214,-3.73793886321252,133.51,-0.31920625760586396,133.51,0,25,20,20,114.70500000000001,120.75999999999999,117.7325,128.76,118.72,,,,,,118.65333333333335,119.8366666666667,120.95333333333335,122.1366666666667,117.5366666666667,116.35333333333335,115.23666666666671,0,0,0,0,0,0,0,0,0,0,0,0,0,0,0,0,0,0,0,0,0,0,,,,,,,,,,,,,,,,,,USD,1.0,stock,25.0
2025-12-05,125.8,126.8794,122.6307,125.66,5079257,119.732,124.40280000000001,,119.72492042999212,119.58657469320627,114.13328271724987,106.15168184760185,62.9075360769642,-0.8121982186941352,-1.595430943819917,0.7832327251257818,1,4.768164285714286,0.5,0.05,2499605.4,3409656.8,2.0320235345947006,1.4896681097053524,93.53768535300536,75.4595720891662,0.14000000000000057,1.0794000000000068,3.029299999999992,,0,4.723125553086003,4.7174916441190495,1.0004774789113347,,0,,,5.845687331536387,7.502780391821373,-1.0862720403022719,133.51,4.957263323869442,133.51,0,25,20,20,120.2372,120.75999999999999,120.4986,128.76,125.66,,,,,,125.05670000000002,127.48270000000004,129.30540000000002,131.73140000000004,123.23400000000004,120.80800000000002,118.98530000000004,0,0,0,0,0,0,0,0,0,0,0,0,0,0,0,0,0,0,0,0,0,0,,,,,,,,,,,,,,,,,,USD,1.0,stock,25.0
2025-12-08,129.0,131.2356,128.53,130.06,4197198,119.93699999999998,124.37719999999999,,120.70921372237383,119.997297254257,114.44866325750235,106.38957556056104,69.97245179063363,0.10539761843017459,-1.2552652313698989,1.3606628498000735,1,4.861428571428573,0.5,0.05,2643517.4,3467088.15,1.5877323145291196,1.210583007530397,94.93834389639017,91.56930443578882,1.0600000000000023,1.1756000000000029,0.46999999999999886,,0,7.189594246983062,7.78333077041367,4.3693679840073925,,0,,,3.5015120165525992,8.645894244424035,3.2550015878056504,133.51,7.746538966886646,133.51,0,25,20,20,122.4153,120.75999999999999,121.58765,128.76,130.06,,,,,,129.94186666666667,131.35373333333334,132.64746666666667,134.05933333333334,128.64813333333333,127.23626666666667,125.94253333333333,0,0,0,0,0,0,0,0,0,0,0,0,0,0,0,0,0,0,0,0,0,0,,,,,,,,,,,,,,,,,,USD,1.0,stock,25.0
2025-12-09,125.585,127.24,123.4801,123.94,5389478,119.51799999999999,124.15880000000001,,121.01690765357633,120.15191304820772,114.63661051973001,106.5642066495107,57.903300790330086,0.3349054951693802,-0.9372310860620431,1.2721365812314231,0,4.61392142857143,0.5,0.05,2739092.1,3523185.7,1.9676147435860225,1.529717266960978,67.21903700641633,85.23168875193728,1.644999999999996,1.6550000000000011,0.45990000000000464,,0,2.3584737344067066,3.5678554139099656,-0.17653703404874607,,0,,,-4.705520528986629,4.160013446508115,-6.3331318016928595,133.51,2.415441282627493,133.51,0,25,20,20,122.4153,120.75999999999999,121.58765,128.76,123.94,,,,,,124.8867,126.29330000000002,128.6466,130.0532,122.53340000000001,121.1268,118.77350000000001,0,0,0,0,0,0,0,0,0,0,0,0,0,0,0,0,0,0,0,0,0,0,,,,,,,,,,,,,,,,,,USD,1.0,stock,25.0
2025-12-10,126.3,126.71,124.6748,126.07,1870791,119.224,124.0448,,121.4981545437119,120.38399488945447,114.86301427181456,106.75829414553547,62.1609195402299,0.6808173017864902,-0.6136214084923364,1.2944387102788266,1,4.532135714285715,0.5,0.05,2673174.2,3444221.7,0.6998387909025906,0.5431679964155617,76.78966192778441,79.64901427686364,0.23000000000000398,0.4099999999999966,1.3951999999999884,,0,3.6264340892266897,5.430316490838415,1.6064091377805967,,0,,,1.7185735033080407,7.494884038199179,-4.456233421750655,131.2356,3.7628929208494735,131.2356,0,25,20,20,124.0078,120.75999999999999,122.3839,128.76,126.07,,,,,,125.81826666666666,126.96173333333331,127.85346666666665,128.9969333333333,124.92653333333332,123.78306666666667,122.89133333333334,0,0,0,0,0,0,0,0,0,0,0,0,0,0,0,0,0,0,0,0,0,0,,,,,,,,,,,,,,,,,,USD,1.0,stock,25.0
2025-12-11,126.88,128.9199,126.22,128.31,2244616,119.1925,123.86220000000002,,122.14690173002505,120.69481861927979,115.12929121692714,106.97273897990826,71.94103194103195,1.1227616824490667,-0.2663447903040558,1.3891064727531224,1,4.2307000000000015,0.5,0.05,2618701.9,3418052.65,0.85714834514001,0.6566943900059585,86.85454447419974,76.95441446946684,1.4300000000000068,0.6099000000000103,0.6599999999999966,,0,4.803287561355274,7.105837424986366,3.4664484451718387,,0,,,1.7767906718489712,8.077830188679247,-0.48859934853420217,131.2356,5.0456443697580875,131.2356,0,25,20,20,124.0678,120.75999999999999,122.4139,128.76,128.31,,,,,,127.81663333333334,129.4132666666667,130.51653333333337,132.1131666666667,126.71336666666667,125.11673333333333,124.01346666666666,0,0,0,0,0,0,0,0,0,0,0,0,0,0,0,0,0,0,0,0,0,0,,,,,,,,,,,,,,,,,,USD,1.0,stock,27.0
2025-12-12,129.01,129.14,124.6284,125.01,3146774,119.4105,123.55779999999999,,122.41957775573695,120.86404141852373,115.32494881659196,107.15221421393902,66.1609195402299,1.1929715341653235,0.025518474589820067,1.1674530595755035,0,4.266528571428573,0.5,0.05,2817263.6,3273701.35,1.1169611533688222,0.9612281828945698,64.7086833781164,76.11762992670019,3.999999999999986,0.12999999999999545,0.38160000000000593,,0,2.07217202164871,4.479241660667151,1.1616670666346844,,0,,,-2.5718961889174663,-0.5172688206270815,3.613758806464973,131.2356,2.1160195875137773,131.2356,0,25,20,20,124.0678,120.75999999999999,122.4139,128.76,125.01,,,,,,126.25946666666665,127.89053333333331,130.77106666666663,132.4021333333333,123.37893333333332,121.74786666666667,118.86733333333333,0,0,0,0,0,0,0,0,0,0,0,0,0,0,0,0,0,0,0,0,0,0,,,,,,,,,,,,,,,,,,USD,1.0,stock,25.0
2025-12-15,121.88,122.42,118.15,118.83,2999145,119.55199999999999,123.0944,,122.07771320757152,120.78427508838554,115.39435577071885,107.26841108743217,49.541284403669735,0.7413926825565085,0.16869331618315778,0.5726993663733507,0,4.110100000000002,0.5,0.05,2879202.9,3168558.55,1.0416580922449057,0.9465329274095314,29.675861365259674,60.41302973919195,3.049999999999997,0.5400000000000063,0.6799999999999926,,0,-2.7330751557447797,-0.6075906757552758,-3.588656063283678,,0,,,-4.9436045116390765,-8.634476395509772,2.4396551724138016,131.2356,-2.660365370744913,131.2356,0,25,20,20,124.0978,120.75999999999999,122.4289,128.76,118.83,,,,,,119.8,121.44999999999999,124.07,125.71999999999998,117.17999999999999,115.53,112.91,0,0,0,0,0,0,0,0,0,0,0,0,0,0,0,0,0,0,0,0,0,0,,,,,,,,,,,,,,,,,,USD,1.0,stock,25.0
2025-12-16,119.5,119.81,118.02,119.31,1765005,119.81200000000001,122.58239999999999,,121.81412147351709,120.72646037903709,115.47189328020957,107.38822789253234,51.76238599950703,0.41743326682248494,0.2184413063110232,0.19899196051146173,0,4.02867142857143,0.5,0.05,2924814.0,3063746.35,0.6034588866163797,0.5760937095853251,32.39685724975342,42.260467331043166,0.18999999999999773,0.3100000000000023,1.2900000000000063,,0,-2.0988362027634633,-0.42075266113486676,-2.7427709328639596,,0,,,0.40393839939409926,-3.735678554139099,4.5570063973359165,131.2356,-2.055690623735685,131.2356,0,25,20,20,124.3528,120.75999999999999,122.5564,128.76,119.31,,,,,,119.04666666666667,120.07333333333334,120.83666666666667,121.86333333333334,118.28333333333333,117.25666666666666,116.49333333333333,0,0,0,0,0,0,0,0,0,0,0,0,0,0,0,0,0,0,0,0,0,0,,,,,,,,,,,,,,,,,,USD,1.0,stock,25.0
2025-12-17,122.5,123.16,119.43,119.5,2483511,119.92999999999999,122.1936,,121.59372895222975,120.67836389358466,115.55165776971037,107.50874303788028,54.02855685874553,0.1740185306568094,0.20955675118018047,-0.03553822052337108,0,3.960457142857144,0.5,0.05,3057292.4,2848712.15,0.8123236756811354,0.8718013155523628,18.81623730595754,26.962985306990216,3.0,0.6599999999999966,0.06999999999999318,,0,-1.7520744370123458,-0.35983263598325743,-2.2540585774058606,,0,,,0.15924901517057055,-5.211390497342738,2.014683284958174,131.2356,-1.7219053731400176,131.2356,0,25,20,20,124.62780000000001,120.75999999999999,122.6939,128.76,119.5,,,,,,120.69666666666667,121.96333333333334,124.42666666666666,125.69333333333333,118.23333333333335,116.96666666666668,114.50333333333336,0,0,0,0,0,0,0,0,0,0,0,0,0,0,0,0,0,0,0,0,0,0,,,,,,,,,,,,,,,,,,USD,1.0,stock,25.0
2025-12-18,121.63,122.04,120.05,120.49,1661888,120.17999999999999,121.84539999999998,,121.48861190916026,120.67097707422839,115.64944672476561,107.63790977382176,54.538577912254155,0.060300221345741534,0.17970544521329268,-0.11940522386755115,0,4.009028571428573,0.5,0.05,3083766.3,2780120.1,0.5389150273806417,0.5977756140822837,25.042551410474548,25.41854865539517,1.1400000000000006,0.4100000000000108,0.4399999999999977,,0,-0.8287923555151965,0.2572827620549442,-1.1249066312556966,,0,,,0.8284518828451937,-6.094614605252913,4.329379167027447,131.2356,-0.821979849359827,131.2356,0,25,20,20,124.62780000000001,119.62280000000001,122.12530000000001,127.255,120.49,,,,,,120.86,121.67,122.85000000000001,123.66000000000001,119.67999999999999,118.86999999999999,117.68999999999998,0,0,0,0,0,0,0,0,0,0,0,0,0,0,0,0,0,0,0,0,0,0,,,,,,,,,,,,,,,,,,USD,1.0,stock,25.0
2025-12-19,122.41,125.37,122.355,123.82,2340254,120.84849999999999,121.67379999999999,,121.71064887019261,120.79446816935669,115.81123985892867,107.79892559696782,55.11575802837938,0.2361585234940975,0.19099606086945364,0.04516246262464385,1,4.12117142857143,0.5,0.05,2809866.0,2654735.7,0.8328703219299426,0.8815393562530537,48.271436144981635,30.71007495380458,1.4099999999999966,1.5500000000000114,0.05499999999999261,,0,1.7035625341684537,2.3998546276853547,1.7333225650137358,,0,,,2.763714831106312,-0.9519238460923174,12.105024898143956,131.2356,1.7330867507386751,131.2356,0,25,20,20,123.57999999999998,119.62280000000001,121.6014,123.53,123.82,,,,,,123.84833333333334,125.34166666666668,126.86333333333334,128.35666666666668,122.32666666666668,120.83333333333334,119.31166666666668,0,0,0,0,0,0,0,0,0,0,0,0,0,0,0,0,0,0,0,0,0,0,,,,,,,,,,,,,,,,,,USD,1.0,stock,25.0
2025-12-22,124.21,124.85,122.2,124.41,1915084,121.52149999999999,121.7282,,121.96772993017427,120.9362537313427,115.98151233696969,107.96420991938605,56.768231768231765,0.41831350639102993,0.23645954997376892,0.18185395641726101,1,4.10974285714286,0.5,0.05,2581654.6,2612586.0,0.7418048874547354,0.7330223770624201,52.18694835943845,41.83364530496488,0.20000000000000284,0.4399999999999977,2.009999999999991,,0,1.9630818019658585,2.321758701069052,2.1556145004420832,,0,,,0.4764981424648651,4.695783892956329,12.131590806669657,131.2356,2.002390362781949,131.2356,0,25,20,20,123.57999999999998,119.62280000000001,121.6014,122.125,124.41,,,,,,123.82000000000001,125.44000000000001,126.47,128.09,122.79000000000002,121.17000000000002,120.14000000000003,0,0,0,0,0,0,0,0,0,0,0,0,0,0,0,0,0,0,0,0,0,0,,,,,,,,,,,,,,,,,,USD,1.0,stock,25.0
2025-12-23,123.23,123.885,121.8,123.83,1007992,121.75249999999998,121.69040000000001,,122.14508898444339,121.04973397717241,116.13692793425741,108.12207847740211,58.41685941917244,0.5099926125764682,0.2911661624943088,0.2188264500821594,1,4.1511714285714305,0.5,0.05,2143506.0,2441299.05,0.47025387379368194,0.4128916529091346,46.202127041320374,48.886837181913485,0.5999999999999943,0.05500000000000682,1.4300000000000068,,0,1.3606646334140418,1.677703302915299,1.7278527012840081,,0,,,-0.4662004662004615,3.7884502556365662,3.875513799177921,131.2356,1.37943410542785,131.2356,0,25,20,20,123.57999999999998,119.62280000000001,121.6014,120.75999999999999,123.83,,,,,,123.17166666666667,124.54333333333334,125.25666666666667,126.62833333333334,122.45833333333333,121.08666666666666,120.37333333333332,0,0,0,0,0,0,0,0,0,0,0,0,0,0,0,0,0,0,0,0,0,0,,,,,,,,,,,,,,,,,,USD,1.0,stock,25.0
2025-12-24,123.35,124.16,122.955,123.36,477311,122.02649999999998,121.7588,,122.26079479544877,121.14033264473429,116.2799590642721,108.2736995870797,56.114918292040066,0.5385162130057779,0.34063617259660267,0.19788004040917523,0,4.059385714285717,0.5,0.05,2004158.0,2338666.1,0.23816036460199247,0.20409540293075612,40.40679197312267,46.265289124627174,0.010000000000005116,0.7999999999999972,0.394999999999996,,0,0.8910548026517714,1.0809824902723857,1.297989623865115,,0,,,-0.37955261245256056,3.2301255230125614,4.6487953851374275,131.2356,0.8990659731848429,131.2356,0,25,20,20,123.57999999999998,119.62280000000001,121.6014,120.75999999999999,123.36,,,,,,123.49166666666667,124.02833333333335,124.69666666666667,125.23333333333335,122.82333333333335,122.28666666666668,121.61833333333335,0,0,0,0,0,0,0,0,0,0,0,0,0,0,0,0,0,0,0,0,0,0,,,,,,,,,,,,,,,,,,USD,1.0,stock,25.0
2025-12-26,123.56,124.9,123.12,124.8,1015412,122.44950000000001,121.8232,,122.50262386254889,121.28384901160746,116.4486727461677,108.43814038720828,48.674475955610355,0.6695986211711329,0.40642866231150876,0.26316995885962413,1,3.6037142857142874,0.5,0.05,1881237.6,2249969.75,0.5397574447799682,0.4513002897038949,51.303005538908536,45.97064151778387,1.2399999999999949,0.10000000000000853,0.4399999999999977,,0,1.840846263983261,1.8834134615384475,2.385256410256408,,0,,,1.1673151750972721,3.577060336957416,7.271789582258892,131.2356,1.8753689227333004,131.2356,0,25,20,20,121.695,120.1078,120.9014,120.75999999999999,124.8,,,,,,124.27333333333333,125.42666666666665,126.05333333333333,127.20666666666665,123.64666666666665,122.49333333333333,121.86666666666665,0,0,0,0,0,0,0,0,0,0,0,0,0,0,0,0,0,0,0,0,0,0,,,,,,,,,,,,,,,,,,USD,1.0,stock,25.0
2025-12-29,121.63,127.0,121.348,126.81,2342856,122.9455,121.9416,,122.91285016135376,121.50056081507383,116.65384754327329,108.62094496046988,44.59234608985025,0.9250096404326342,0.5101448579357338,0.4148647824969004,1,3.60917142857143,0.5,0.05,1800845.8,2309054.7,1.3009753528036658,1.0146385878169104,79.04676258992819,56.918853367319805,5.180000000000007,0.18999999999999773,0.2819999999999965,,0,3.073219650379499,3.047472596798365,3.8391294061982557,,0,,,1.610576923076934,2.4147956711355167,8.48661134399864,131.2356,3.170661028143324,131.2356,0,25,20,20,122.50999999999999,120.1078,121.3089,120.75999999999999,126.81,,,,,,125.05266666666667,128.75733333333335,130.70466666666667,134.40933333333334,123.10533333333333,119.40066666666667,117.45333333333333,0,0,0,0,0,0,0,0,0,0,0,0,0,0,0,0,0,0,0,0,0,0,,,,,,,,,,,,,,,,,,USD,1.0,stock,25.0
2025-12-30,132.765,135.13,132.12,132.38,5125453,123.579,122.189,,123.81448347932007,121.9272054889925,116.96525650281242,108.85735346832591,64.30508474576271,1.5589070527835958,0.7198972969053062,0.8390097558782895,1,3.733464285714286,0.5,0.05,2013476.6,2446339.75,2.545573661000083,2.095151746604289,83.92752776154296,71.42576529679324,0.3849999999999909,2.365000000000009,0.2599999999999909,,0,6.470400755914732,6.648285239462156,7.698292793473336,,0,,,4.392398075861514,6.406237440720197,10.58391111853647,135.13,6.91802467690346,135.13,0,25,20,20,127.28,122.055,124.6675,121.57,132.38,,,,,,133.21,134.3,136.22,137.31,131.29000000000002,130.20000000000002,128.28000000000003,0,0,0,0,0,0,0,0,0,0,0,0,0,0,0,0,0,0,0,0,0,0,,,,,,,,,,,,,,,,,,USD,1.0,stock,25.0
2025-12-31,132.1,132.3,129.3,130.66,2362967,124.1625,122.35979999999999,,124.46643743367054,122.26966801883593,117.23643954236069,109.07429522485998,57.889309040907534,1.9005770248217004,0.9560332424885851,0.9445437823331153,1,3.755607142857142,0.5,0.05,2073272.8,2499043.4,1.1397279701928276,0.9455486047181094,73.87492694330801,78.94973909825973,1.4399999999999977,0.20000000000001705,1.3599999999999852,,0,4.740213199394965,4.972830246441147,6.352517985611514,,0,,,-1.2992899229490873,5.515626261810547,9.807546852676708,135.13,4.976090497994751,135.13,0,25,20,20,127.59,124.3625,125.97625,121.57,130.66,,,,,,130.75333333333333,132.20666666666665,133.75333333333333,135.20666666666665,129.20666666666665,127.75333333333333,126.20666666666665,0,0,0,0,0,0,0,0,0,0,0,0,0,0,0,0,0,0,0,0,0,0,,,,,,,,,,,,,,,,,,USD,1.0,stock,25.0
2026-01-02,144.54,151.08,143.5,150.3,11990594,125.81349999999998,122.98299999999999,,126.92677672570191,123.36889672397962,117.89116351181889,109.48450124252307,73.65024736502474,3.7133318231441876,1.507492958619706,2.2058388645244817,1,5.010614285714285,0.5,0.05,3023981.1,3040636.75,3.9651683008203986,3.9434483583085025,97.64065335753175,85.14770268746092,5.760000000000019,0.7800000000000011,1.039999999999992,,0,15.551046756020023,16.29174983366602,18.174983366600145,,0,,,15.03137915199757,21.83852140077822,28.15484311050478,151.08,18.41473003352898,151.08,0,25,20,20,136.214,132.3375,134.27575000000002,129.54500000000002,150.3,,,,,,148.29333333333335,153.0866666666667,155.87333333333336,160.6666666666667,145.5066666666667,140.71333333333334,137.92666666666668,0,0,0,0,0,0,0,0,0,0,0,0,0,0,0,0,0,0,0,0,0,0,,,,,,,,,,,,,,,,,,USD,1.0,stock,30.0
2026-01-05,144.672,150.0,143.8,149.68,5756694,127.3615,123.63600000000001,,129.09375037087315,124.40070469558827,118.52064542247595,109.88445645404025,78.15567222095412,5.04180544777698,2.2143554564511607,2.8274499913258193,1,5.152642857142857,0.5,0.05,3433461.7,3258614.0,1.6766443033280376,1.7666081346241072,95.76527525710827,89.09361851931601,5.00800000000001,0.3199999999999932,0.8719999999999857,,0,13.753507234852252,14.910809727418492,17.399786210582572,,0,,,-0.41250831669993326,19.935897435897452,26.07816711590296,151.08,15.946743796647525,151.08,0,25,20,20,136.214,132.3375,134.27575000000002,129.54500000000002,149.68,,,,,,147.82666666666668,151.85333333333335,154.02666666666667,158.05333333333334,145.65333333333336,141.6266666666667,139.45333333333338,0,0,0,0,0,0,0,0,0,0,0,0,0,0,0,0,0,0,0,0,0,0,,,,,,,,,,,,,,,,,,USD,1.0,stock,28.5
2026-01-06,149.68,151.425,146.35,146.42,3528170,128.39950000000002,124.1548,,130.74386938317093,125.26420647223186,119.07310788935762,110.24799420076621,83.73685497676689,5.765118909266761,2.924508147014281,2.8406107622524797,1,5.025142857142859,0.5,0.05,3552253.3,3181059.65,0.9932202751419782,1.109117837510529,85.01721299206699,92.80771386890234,3.2600000000000193,1.7450000000000045,0.06999999999999318,,0,10.706276886237575,12.307403360196675,15.206392569321128,,0,,,-2.1779796900053605,15.464080119864354,16.52077033264363,151.425,11.989954627155049,151.425,0,25,20,20,136.3865,134.10250000000002,135.24450000000002,129.7175,146.42,,,,,,148.06499999999997,149.77999999999994,153.14,154.85499999999996,144.70499999999993,142.98999999999995,139.6299999999999,0,0,0,0,0,0,0,0,0,0,0,0,0,0,0,0,0,0,0,0,0,0,,,,,,,,,,,,,,,,,,USD,1.0,stock,30.25
2026-01-07,146.211,149.8,144.899,146.81,3836296,129.23700000000002,124.6358,,132.27397706096417,126.10913955175218,119.62235327768717,110.61179525349492,83.70098039215684,6.29722924052777,3.5990523657169793,2.6981768748107906,0,5.247357142857145,0.5,0.05,3744374.5,3163014.55,1.0245492271139012,1.2128606869671215,85.57587122987964,88.78611982635164,0.5989999999999895,2.990000000000009,1.3120000000000118,,0,9.90124851102502,11.969893059055908,15.104011988284178,,0,,,0.26635705504713947,10.90043813264845,12.878671382438878,151.425,10.989329316329757,151.425,0,25,20,20,136.3865,134.16250000000002,135.27450000000002,129.7175,146.81,,,,,,147.16966666666667,149.44033333333334,152.07066666666668,154.34133333333335,144.53933333333333,142.26866666666666,139.63833333333332,0,0,0,0,0,0,0,0,0,0,0,0,0,0,0,0,0,0,0,0,0,0,,,,,,,,,,,,,,,,,,USD,1.0,stock,28.75
2026-01-08,144.01,144.61,140.21,141.26,3934129,130.103,124.88779999999998,,133.12978876944376,126.70329094187954,120.05082152961415,110.91675251465418,73.57019064124779,6.199626460284634,4.11916718463051,2.080459275654124,0,5.443785714285716,0.5,0.05,4036988.2,3090247.1,0.9745208073682256,1.2730791010207565,67.60159362549797,79.3982259491482,2.75,0.6000000000000227,1.049999999999983,,0,5.755494287523877,7.898201897210805,11.590117513804337,,0,,,-3.7803964307608573,8.112658809122909,13.974503792157499,151.425,6.106981244172372,151.425,0,25,20,20,136.3865,134.16250000000002,135.27450000000002,129.7175,141.26,,,,,,142.02666666666667,143.84333333333333,146.42666666666668,148.24333333333334,139.44333333333333,137.62666666666667,135.04333333333332,0,0,0,0,0,0,0,0,0,0,0,0,0,0,0,0,0,0,0,0,0,0,,,,,,,,,,,,,,,,,,USD,1.0,stock,27.0
2026-01-09,142.0,144.9,141.56,143.54,3093260,130.9765,125.22219999999999,,134.12123745806815,127.36355404219799,120.5159537765525,111.24136194236907,74.28872497365646,6.2343863736522,4.542211022434848,1.6921753512173519,0,5.522357142857145,0.5,0.05,4298583.1,3151370.55,0.719599907234549,0.9815602294055836,73.78395451674031,75.65380645737265,1.539999999999992,1.3600000000000136,0.4399999999999977,,0,6.5617685257989695,8.752612512191728,12.761460220147699,,0,,,1.614045023361177,-4.497671324018637,13.857380820179266,151.425,7.022573546472485,151.425,0,25,20,20,136.3865,134.1925,135.2895,129.7175,143.54,,,,,,143.33333333333334,145.10666666666668,146.67333333333335,148.4466666666667,141.76666666666668,139.99333333333334,138.42666666666668,0,0,0,0,0,0,0,0,0,0,0,0,0,0,0,0,0,0,0,0,0,0,,,,,,,,,,,,,,,,,,USD,1.0,stock,27.0
2026-01-12,148.645,153.14,147.57,152.26,4869472,132.174,125.71539999999999,,135.84873865253786,128.33988525622945,121.14454875127423,111.64950759468381,76.91143073429217,6.886185321462648,5.011005882240408,1.87517943922224,1,5.8595000000000015,0.5,0.05,4683989.1,3282613.35,1.0395993449258882,1.4834132079551798,97.23200805234023,79.53918539819284,3.6149999999999807,0.8799999999999955,1.075000000000017,,0,10.778445650507114,13.191908577433328,17.43373177459609,,0,,,6.074961683154512,1.7236771779796767,18.665731431688858,153.14,12.080540099409706,153.14,0,25,20,20,141.22,135.305,138.2625,130.575,152.26,,,,,,150.98999999999998,154.40999999999997,156.55999999999997,159.97999999999996,148.83999999999997,145.42,143.26999999999998,0,0,0,0,0,0,0,0,0,0,0,0,0,0,0,0,0,0,0,0,0,0,,,,,,,,,,,,,,,,,,USD,1.0,stock,28.5
2026-01-13,147.77,149.9998,145.68,149.35,3456853,133.391,126.26620000000001,,137.13457306658188,129.1638113246126,121.70307253837771,112.02463687234865,72.60696156635241,7.086242214231959,5.426053148638719,1.66018906559324,0,6.140214285714286,0.5,0.05,4795388.8,3298117.3,0.7208702243288386,1.0481291857024007,88.07876195269252,86.36490817392435,1.579999999999984,0.649799999999999,2.0900000000000034,,0,8.179060551334526,10.685637763642452,15.456176765985926,,0,,,-1.9112045185866289,2.0010927468925077,19.47044236461082,153.14,8.907620201280135,153.14,0,25,20,20,141.22,135.57999999999998,138.39999999999998,130.575,149.35,,,,,,148.34326666666666,151.00653333333332,152.66306666666665,155.3263333333333,146.68673333333334,144.02346666666668,142.36693333333335,0,0,0,0,0,0,0,0,0,0,0,0,0,0,0,0,0,0,0,0,0,0,,,,,,,,,,,,,,,,,,USD,1.0,stock,27.0
2026-01-14,150.05,154.2928,149.77,150.5,5380825,134.97449999999998,126.85880000000002,,138.40747086976455,130.00052460600034,122.27330872573656,112.40747630645464,73.9278664991925,7.2539649397437245,5.79163550685972,1.4623294328840046,0,6.3068428571428585,0.5,0.05,4820926.0,3417201.3,1.1161393060171427,1.5746292148490053,88.48740924212623,91.266059749053,0.44999999999998863,3.7927999999999997,0.28000000000000114,,0,8.034903076568405,10.315946843853835,15.708438538205968,,0,,,0.7700033478406532,2.5134527620734204,26.65151897668938,154.2928,8.736904918675954,154.2928,0,25,20,20,147.2514,136.1564,141.70389999999998,131.1514,150.5,,,,,,151.52093333333335,153.27186666666668,156.04373333333334,157.79466666666667,148.7490666666667,146.99813333333336,144.2262666666667,0,0,0,0,0,0,0,0,0,0,0,0,0,0,0,0,0,0,0,0,0,0,,,,,,,,,,,,,,,,,,USD,1.0,stock,27.0
2026-01-15,150.27,151.13,147.9001,149.4,3104781,136.47899999999998,127.42219999999999,,139.45437840597745,130.7612883469415,122.81047092918732,112.77556111932574,73.10149041873667,7.2149560786518805,6.076299621218152,1.1386564574337283,0,6.451478571428572,0.5,0.05,4895107.4,3484190.1,0.6342620797247471,0.8911055111487746,85.14849080886819,87.23822066789565,0.8700000000000045,0.8599999999999852,1.4998999999999967,,0,6.657042566280157,8.648594377510053,14.710709504685418,,0,,,-0.7308970099667689,5.762423899192992,25.220015086748802,154.2928,7.13181020754258,154.2928,0,25,20,20,147.2514,136.1564,141.70389999999998,131.1514,149.4,,,,,,149.47670000000002,151.05330000000004,152.7066,154.28320000000002,147.82340000000005,146.24680000000004,144.59350000000006,0,0,0,0,0,0,0,0,0,0,0,0,0,0,0,0,0,0,0,0,0,0,,,,,,,,,,,,,,,,,,USD,1.0,stock,27.0
2026-01-16,148.66,149.66,145.64,149.53,3292793,137.98049999999998,127.913,,140.41396141493198,131.4973162549046,123.33957051474796,113.1412769290837,72.46139872842869,7.112542229321775,6.283548142838877,0.828994086482898,0,6.611478571428572,0.5,0.05,4025327.3,3524654.2,0.8180186987527698,0.9342173198153736,85.5430902600714,86.39299677035528,0.8700000000000045,0.12999999999999545,3.0200000000000102,,0,6.096461302125343,7.723868120109692,14.456630776432824,,0,,,0.08701472556893464,4.17305280757978,25.129707112970713,154.2928,6.492259383046367,154.2928,0,25,20,20,147.2514,136.1564,141.70389999999998,131.1514,149.53,,,,,,148.27666666666664,150.9133333333333,152.29666666666665,154.9333333333333,146.8933333333333,144.25666666666663,142.87333333333328,0,0,0,0,0,0,0,0,0,0,0,0,0,0,0,0,0,0,0,0,0,0,,,,,,,,,,,,,,,,,,USD,1.0,stock,27.0
2026-01-20,150.915,155.415,149.74,150.02,4028756,139.45700000000002,128.4468,,141.3288222325575,132.22369600961423,123.86789585108959,113.50822939745103,71.67943209415279,6.990337165267448,6.424905947324591,0.5654312179428569,0,6.628121428571428,0.5,0.05,3852533.5,3642997.6,1.0457419773247916,1.1058903799442525,79.34137468887619,83.3443185859386,0.8949999999999818,4.5,0.28000000000000114,,0,5.793346065486267,7.041061191841079,14.380215971203846,,0,,,0.3276934394435882,-1.471167739393131,24.50825794671758,155.415,6.149614516097153,155.415,0,25,20,20,147.8125,136.7175,142.265,131.7125,150.02,,,,,,151.725,153.70999999999998,157.39999999999998,159.38499999999996,148.035,146.05,142.36,0,0,0,0,0,0,0,0,0,0,0,0,0,0,0,0,0,0,0,0,0,0,,,,,,,,,,,,,,,,,,USD,1.0,stock,27.0
2026-01-21,158.51,163.68,158.0219,162.28,5763212,141.38,129.1516,,143.32417249612345,133.40237459747252,124.62853157681057,113.99352064722765,74.82563932248421,7.792936192971126,6.698511996453899,1.0944241965172274,1,7.00955,0.5,0.05,4076037.7,3814145.5,1.4139250969145845,1.5110100021092536,95.92786503781267,86.93744332892008,3.7700000000000102,1.4000000000000057,0.48810000000000286,,0,11.680938811853924,12.878974611782109,20.414345575548435,,0,,,8.172243700839887,8.657515902243063,31.06121789694718,163.68,13.2258412337174,163.68,0,25,20,20,151.945,140.85,146.39749999999998,135.845,162.28,,,,,,161.3273,164.63270000000003,166.98540000000003,170.29080000000005,158.9746,155.6692,153.3165,0,0,0,0,0,0,0,0,0,0,0,0,0,0,0,0,0,0,0,0,0,0,,,,,,,,,,,,,,,,,,USD,1.0,stock,28.5
2026-01-22,164.36,165.3,160.3,162.52,3167533,143.2855,129.8828,,145.1523465441117,134.54424226031674,125.37885768420045,114.47637118805127,77.11950970377934,8.352090004499956,7.029227598063111,1.3228624064368457,1,7.146692857142859,0.5,0.05,4009161.4,3876767.95,0.7900737046904622,0.817055093534809,88.91988840175368,88.06304270948085,1.8400000000000034,0.9399999999999977,2.219999999999999,,0,10.6864714840563,11.835158749692344,20.081959143490035,,0,,,0.14789253142717396,7.986710963455157,30.632585804999614,165.3,11.965120695179587,165.3,0,25,20,20,153.43,141.66,147.54500000000002,136.655,162.52,,,,,,162.70666666666668,165.11333333333334,167.70666666666668,170.11333333333334,160.11333333333334,157.70666666666668,155.11333333333334,0,0,0,0,0,0,0,0,0,0,0,0,0,0,0,0,0,0,0,0,0,0,,,,,,,,,,,,,,,,,,USD,1.0,stock,28.5
2026-01-23,163.25,163.7499,160.94,161.44,2214881,145.166,130.4652,,146.7035516351487,135.59897785795138,126.09293971025589,114.9436709772249,63.86261821801888,8.608839116045345,7.345149901659559,1.2636892143857867,0,5.888828571428571,0.5,0.05,3837236.6,3937112.4,0.5772073059034202,0.5625648381285736,84.61538461538457,89.82104601831698,1.8100000000000023,0.4998999999999967,0.5,,0,9.128127084273599,10.080525272547076,19.186570862239837,,0,,,-0.6645335958651355,8.05890227576973,30.37228458370347,165.3,10.045052216254998,165.3,0,25,20,20,155.47,141.66,148.565,136.655,161.44,,,,,,162.0433,163.14659999999998,164.8532,165.95649999999998,160.33669999999998,159.2334,157.52679999999998,0,0,0,0,0,0,0,0,0,0,0,0,0,0,0,0,0,0,0,0,0,0,,,,,,,,,,,,,,,,,,USD,1.0,stock,25.0
2026-01-26,158.0,159.1,155.205,156.08,3045704,146.802,130.9478,,147.59654671751548,136.40215519685526,126.68674288431023,115.3529876839192,57.12377560106857,8.284311051118891,7.532982131551425,0.7513289195674657,0,5.8698999999999995,0.5,0.05,3832481.0,4065532.05,0.7947081798970432,0.7491526232095502,63.25229174970109,78.92918825561311,1.9199999999999875,1.0999999999999943,0.875,,0,5.435323733011617,5.944387493593042,16.102127114300366,,0,,,-3.3201189296332867,4.380391894603086,26.52399481193257,165.3,5.74773155006193,165.3,0,25,20,20,155.47,142.365,148.91750000000002,136.655,156.08,,,,,,156.795,158.38499999999996,160.68999999999997,162.27999999999994,154.48999999999998,152.9,150.595,0,0,0,0,0,0,0,0,0,0,0,0,0,0,0,0,0,0,0,0,0,0,,,,,,,,,,,,,,,,,,USD,1.0,stock,25.0
2026-01-27,159.37,161.79,157.1801,157.64,2037253,148.444,131.5218,,148.55306607775208,137.23501185580213,127.29967866877934,115.7737539756215,62.980101804720036,8.060087512488508,7.638403207738842,0.42168430474966545,0,5.915257142857139,0.5,0.05,3549259.1,4116624.1,0.5739938794550108,0.4948843883997084,69.46990833001186,72.44586156503253,1.7300000000000182,2.4199999999999875,0.4598999999999762,,0,5.764357981634046,5.833544785587414,16.56825678761734,,0,,,0.9994874423372435,5.079322756965721,26.31410256410256,165.3,6.116961542545237,165.3,0,25,20,20,155.47,142.675,149.0725,136.655,157.64,,,,,,158.87003333333334,160.55996666666667,163.47993333333332,165.16986666666665,155.9500666666667,154.26013333333336,151.3401666666667,0,0,0,0,0,0,0,0,0,0,0,0,0,0,0,0,0,0,0,0,0,0,,,,,,,,,,,,,,,,,,USD,1.0,stock,25.0
2026-01-28,160.1,160.48,156.01,157.67,1820300,149.987,132.2622,,149.42134549891855,138.03638393988834,127.90107117038767,116.19063204551583,62.66915538964068,7.7949541131343665,7.669713388817948,0.1252407243164182,0,5.884471428571424,0.5,0.05,3385603.8,4090496.3,0.5376588955860695,0.44500712541898646,69.58947787963324,67.43722598644874,2.430000000000007,0.37999999999999545,1.6599999999999966,,0,5.231594153029386,4.87283566943616,16.11454303291684,,0,,,0.019030702867284255,-2.8407690411634268,24.335620219225596,165.3,5.520399025680794,165.3,0,25,20,20,155.47,143.324,149.397,136.655,157.67,,,,,,158.0533333333333,160.09666666666664,162.5233333333333,164.56666666666663,155.62666666666664,153.58333333333331,151.15666666666664,0,0,0,0,0,0,0,0,0,0,0,0,0,0,0,0,0,0,0,0,0,0,,,,,,,,,,,,,,,,,,USD,1.0,stock,25.0
2026-01-29,158.71,161.93,153.1801,157.51,2079651,151.24349999999998,133.0924,,150.1916935466406,138.80005515793195,128.48738659275622,116.6017700351127,71.6840138777689,7.485633596681595,7.6328974303906785,-0.1472638337090837,0,6.03803571428571,0.5,0.05,3055486.4,3938206.2,0.6806284590237417,0.5280706226098573,67.18618365627626,68.74852328864047,1.200000000000017,3.219999999999999,4.329899999999981,,0,4.646248779988181,3.978477556980514,15.502253825153955,,0,,,-0.10147777002600389,-3.0826975141521107,18.98323009518055,165.3,4.872643939584284,165.3,0,25,20,20,155.47,143.324,149.397,136.655,157.51,,,,,,157.54003333333333,161.89996666666664,166.28993333333332,170.64986666666664,153.15006666666665,148.79013333333333,144.40016666666665,0,0,0,0,0,0,0,0,0,0,0,0,0,0,0,0,0,0,0,0,0,0,,,,,,,,,,,,,,,,,,USD,1.0,stock,27.0
2026-01-30,156.01,157.3999,152.54,153.18,2125654,152.3695,133.8738,,150.47629416124627,139.36397456350323,128.97634923448382,116.96573252232551,62.196356275303685,6.812568991521346,7.468831742616812,-0.6562627510954666,0,6.133035714285709,0.5,0.05,2957573.7,3926340.55,0.7187154795161993,0.5413829933829861,38.35198372329609,58.37588175306854,2.829999999999984,1.3899000000000115,0.6400000000000148,,0,1.765051468046569,0.5291160725943458,12.603603603603613,,0,,,-2.7490318075042763,-5.116451932606536,17.23557324353284,165.3,1.796765300357887,165.3,0,25,20,20,157.52,143.324,150.42200000000003,136.655,153.18,,,,,,154.3733,156.2066,159.2332,161.06650000000002,151.3467,149.5134,146.4868,0,0,0,0,0,0,0,0,0,0,0,0,0,0,0,0,0,0,0,0,0,0,,,,,,,,,,,,,,,,,,USD,1.0,stock,25.0
2026-02-02,150.02,150.9699,147.39,148.57,2708032,152.28300000000002,134.5024,,150.29474233636566,139.72499516885603,129.36434231894947,117.28020284548646,44.78960745552104,5.839853771050798,7.14303614830361,-1.3031823772528117,0,5.860892857142853,0.5,0.05,2899097.6,3462212.45,0.9340948024654292,0.7821680613504812,14.903357070193302,40.14717481658855,1.450000000000017,0.9498999999999853,1.1800000000000068,,0,-1.1608954273175371,-2.4991586457562245,9.468667967961231,,0,,,-3.009531270400845,-4.811635058944141,-1.151031270791758,165.3,-1.147573301337197,165.3,0,25,20,20,156.345,143.324,149.8345,136.655,148.57,,,,,,148.97663333333333,150.56326666666666,152.55653333333333,154.14316666666667,146.98336666666665,145.39673333333332,143.40346666666665,0,0,0,0,0,0,0,0,0,0,0,0,0,0,0,0,0,0,0,0,0,0,,,,,,,,,,,,,,,,,,USD,1.0,stock,25.0
2026-02-03,146.17,147.43,142.0,144.86,2406117,152.042,135.0898,,149.77714782814036,139.92636790733226,129.67118702550493,117.55462868781993,43.800055233360965,4.71524949551349,6.657478817745586,-1.9422293222320963,0,5.860178571428569,0.5,0.05,2736833.7,3294683.6,0.8791608346535633,0.7303029037446873,12.274678111588035,21.843339635025817,1.3099999999999739,1.2600000000000193,2.8600000000000136,,0,-3.3944137982468194,-4.957890376915634,6.744580974734237,,0,,,-2.497139395571102,-8.107079421466612,-3.2202030999465503,165.3,-3.2829760076500154,165.3,0,25,20,20,153.65,143.324,148.48700000000002,136.655,144.86,,,,,,144.76333333333335,147.5266666666667,150.19333333333336,152.9566666666667,142.0966666666667,139.33333333333334,136.66666666666669,0,0,0,0,0,0,0,0,0,0,0,0,0,0,0,0,0,0,0,0,0,0,,,,,,,,,,,,,,,,,,USD,1.0,stock,25.0
2026-02-04,140.772,141.49,136.31,137.95,3289176,151.61849999999998,135.6398,,148.6507527968889,139.8488632835153,129.835123916089,117.75756770585159,35.048844412675706,3.2291891714256735,5.971820888481604,-2.7426317170559305,0,6.117835714285712,0.5,0.05,2489430.1,3282733.9,1.3212566201396858,1.0019624191896883,5.657123145912335,10.9450527758979,2.8220000000000027,0.7180000000000177,1.6399999999999864,,0,-7.756979193105405,-9.908300108735046,1.6746647335991163,,0,,,-4.770122877260818,-12.507135155704951,-5.784728862177301,165.3,-7.198586347900999,165.3,0,25,20,20,150.02994999999999,143.324,146.676975,137.14000000000001,137.95,,,,,,138.58333333333334,140.85666666666668,143.76333333333335,146.0366666666667,135.67666666666668,133.40333333333334,130.49666666666667,0,0,0,0,0,0,0,0,0,0,0,0,0,0,0,0,0,0,0,0,0,0,,,,,,,,,,,,,,,,,,USD,1.0,stock,25.0
2026-02-05,140.82,142.37,138.08,138.96,3068028,151.226,136.2,,147.72782395908993,139.814005899848,130.015814531612,117.96853718141526,37.53581661891118,2.1086668186910913,5.199190074523501,-3.0905232558324096,0,6.202842857142857,0.5,0.05,2479479.6,3244320.5,1.237367712160245,0.9456611946939274,9.14108313211454,9.024294796538312,1.8599999999999852,1.5500000000000114,0.8799999999999955,,0,-6.309602733944965,-8.827000575705233,1.9861830742659896,,0,,,0.7321493294672132,-11.777030029839363,-5.347047203868938,165.3,-5.935120225908144,165.3,0,25,20,20,149.12,147.3,148.21,137.14000000000001,138.96,,,,,,139.80333333333337,141.52666666666673,144.09333333333336,145.81666666666672,137.23666666666674,135.51333333333338,132.94666666666674,0,0,0,0,0,0,0,0,0,0,0,0,0,0,0,0,0,0,0,0,0,0,,,,,,,,,,,,,,,,,,USD,1.0,stock,25.0
2026-02-06,142.45,146.13,141.22,145.93,2988168,151.4595,136.7344,,147.5566026296528,140.05384880573632,130.33094691712463,118.24676069204794,46.30541871921183,1.762745695395438,4.511901198697888,-2.7491555033024504,1,6.427842857142855,0.5,0.05,2556808.3,3197022.45,1.1687102236018243,0.9346721978758703,33.18385650224216,15.994020926756354,3.480000000000018,0.19999999999998863,1.2299999999999898,,0,-1.1146458093968203,-3.7891454807099185,6.301377372712953,,0,,,5.015831894070244,-4.732993863428647,3.305960639954697,165.3,-1.1023584174917156,165.3,0,25,20,20,149.12,147.3,148.21,137.14000000000001,145.93,,,,,,144.42666666666668,147.63333333333335,149.33666666666667,152.54333333333335,142.72333333333336,139.51666666666668,137.81333333333336,0,0,0,0,0,0,0,0,0,0,0,0,0,0,0,0,0,0,0,0,0,0,,,,,,,,,,,,,,,,,,USD,1.0,stock,25.0
2026-02-09,144.75,147.0,142.7,146.97,1787852,151.63100000000003,137.31619999999998,,147.500735712543,140.32507042119764,130.66043311678553,118.53256406824647,46.90481022934848,1.554599565230518,3.9204408720044146,-2.3658413067738966,1,6.314628571428571,0.5,0.05,2431023.1,3131752.05,0.7354319257599814,0.570879166503619,36.771300448430466,26.365413360929065,2.219999999999999,0.030000000000001137,2.0500000000000114,,0,-0.3611184000428602,-3.1713955228958493,6.5685514050486615,,0,,,0.7126704584389687,-1.0769334320522295,2.38957781802982,165.3,-0.3598190273283224,165.3,0,25,20,20,149.12,150.805,149.9625,139.4475,146.97,,,,,,145.55666666666664,148.4133333333333,149.85666666666665,152.7133333333333,144.1133333333333,141.25666666666663,139.81333333333328,0,0,0,0,0,0,0,0,0,0,0,0,0,0,0,0,0,0,0,0,0,0,,,,,,,,,,,,,,,,,,USD,1.0,stock,25.0
2026-02-10,147.0,149.58,145.94,147.66,1689740,151.401,137.94259999999997,,147.51590373991985,140.61271471840556,130.99705820358184,118.82238930139826,30.6100795755968,1.4288486135032201,3.422122420304176,-1.9932738068009557,1,5.598914285714287,0.5,0.05,2396271.8,2972765.45,0.7051537308914624,0.56840676751003,39.151431528113115,36.368862826261925,0.6599999999999966,1.920000000000016,1.0600000000000023,,0,0.09758652314787145,-2.5335229581471044,6.580929161587449,,0,,,0.46948356807512415,1.9329007317409719,-3.0211480362537735,165.3,0.09768184746656067,165.3,0,25,20,20,149.12,150.805,149.9625,139.4475,147.66,,,,,,147.72666666666666,149.51333333333332,151.36666666666667,153.15333333333334,145.8733333333333,144.08666666666664,142.2333333333333,0,0,0,0,0,0,0,0,0,0,0,0,0,0,0,0,0,0,0,0,0,0,,,,,,,,,,,,,,,,,,USD,1.0,stock,25.0
2026-02-11,147.0,148.06,142.82,145.12,1551146,151.1895,138.5072,,147.28772243135606,140.78947100395828,131.2767204173723,119.08405706954355,28.249999999999986,1.1114215303721267,2.9599822423177664,-1.8485607119456398,1,5.616057142857144,0.5,0.05,2369356.4,2877480.1,0.6546697660174721,0.5390640234140976,32.106531000477425,36.009754325673676,1.8799999999999955,1.0600000000000023,2.3000000000000114,,0,-1.4937447845617795,-4.182400771775086,4.556780595369345,,0,,,-1.7201679534064707,5.197535338890913,-2.832273183796441,165.3,-1.4717604397517443,165.3,0,25,20,20,146.85495,150.805,148.829975,139.4475,145.12,,,,,,145.33333333333334,147.8466666666667,150.57333333333335,153.0866666666667,142.60666666666668,140.09333333333333,137.36666666666667,0,0,0,0,0,0,0,0,0,0,0,0,0,0,0,0,0,0,0,0,0,0,,,,,,,,,,,,,,,,,,USD,1.0,stock,27.0
2026-02-12,144.27,144.6099,136.5,138.38,3334682,150.58350000000002,138.8806,,146.43936791408404,140.69498194497953,131.4173794190085,119.2760565016874,24.748138414367048,0.31239550762984436,2.4304648953801817,-2.1180693877503374,0,6.0310642857142875,0.5,0.05,2494859.5,2775172.95,1.3366211604300764,1.2016123175314173,8.079625292740019,26.445862607110197,5.890000000000015,0.3399000000000001,1.8799999999999955,,0,-5.824084343173904,-8.818832201185156,-0.36175747940453207,,0,,,-4.644432194046311,-0.4173862982153276,-8.053156146179408,165.3,-5.503552786988592,165.3,0,25,20,20,143.63995,150.805,147.222475,141.04000000000002,138.38,,,,,,139.82996666666668,143.15993333333336,147.9398666666667,151.26983333333337,135.05003333333335,131.72006666666667,126.94013333333334,0,0,0,0,0,0,0,0,0,0,0,0,0,0,0,0,0,0,0,0,0,0,,,,,,,,,,,,,,,,,,USD,1.0,stock,27.0
2026-02-13,133.96,138.06,131.5,137.01,4084793,149.964,139.241,,145.54133287464745,140.55047284909799,131.52812438100833,119.45251365092435,27.117830573554087,-0.42646984360845863,1.8590779475824537,-2.285547791190912,0,6.077135714285717,0.5,0.05,2690773.4,2824173.55,1.5180739485532302,1.446367557687806,18.10713112060463,19.431095804607367,3.049999999999983,1.0500000000000114,2.460000000000008,,0,-6.226795762825678,-9.454784322312246,-1.628348295744853,,0,,,-0.9900274606156945,-6.112519701226626,-8.293172690763061,165.3,-5.8617938328181785,165.3,0,25,20,20,140.54000000000002,148.4,144.47000000000003,141.10000000000002,137.01,,,,,,135.52333333333334,139.54666666666668,142.08333333333334,146.10666666666668,132.98666666666668,128.96333333333334,126.42666666666668,0,0,0,0,0,0,0,0,0,0,0,0,0,0,0,0,0,0,0,0,0,0,,,,,,,,,,,,,,,,,,USD,1.0,stock,27.0
2026-02-17,137.465,139.88,136.565,137.33,1943029,149.354,139.642,,144.7593011723001,140.42417979619216,131.643013007127,119.63039908723357,24.882512985406933,-0.9749658328281328,1.2922691915003364,-2.2672350243284694,1,5.906064285714289,0.5,0.05,2614273.1,2756685.35,0.7432387228403948,0.7048425022464025,19.158724942491,15.115160451945224,0.1349999999999909,2.414999999999992,0.7650000000000148,,0,-5.409816625864767,-8.75555231923105,-1.6835360081555257,,0,,,0.23355959419022465,-6.5591617336871355,-8.158897880024064,165.3,-5.13217535048566,165.3,0,25,20,20,140.54000000000002,148.4,144.47000000000003,141.10000000000002,137.33,,,,,,137.92499999999998,139.28499999999997,141.23999999999998,142.59999999999997,135.96999999999997,134.60999999999999,132.65499999999997,0,0,0,0,0,0,0,0,0,0,0,0,0,0,0,0,0,0,0,0,0,0,,,,,,,,,,,,,,,,,,USD,1.0,stock,27.0
2026-02-18,138.1,139.8,137.8,137.87,1473344,148.74650000000003,140.025,,144.10317725112867,140.324015882616,131.7663196802532,119.81188765352975,25.818270639960957,-1.3505115128967589,0.7637130506209173,-2.114224563517676,1,5.763207142857147,0.5,0.05,2520995.8,2628914.75,0.5844293750905892,0.5604381047350432,20.9332895169241,19.39971519333992,0.22999999999998977,1.700000000000017,0.06999999999999318,,0,-4.5210540734958045,-7.88895336186264,-1.5630666569957214,,0,,,0.3932134275103749,-6.6300961668698255,-8.098920143980804,165.3,-4.325496057776786,165.3,0,25,20,20,140.54000000000002,148.4,144.47000000000003,141.13,137.87,,,,,,138.49,139.18,140.49,141.18,137.18,136.49,135.18,0,0,0,0,0,0,0,0,0,0,0,0,0,0,0,0,0,0,0,0,0,0,,,,,,,,,,,,,,,,,,USD,1.0,stock,27.0
2026-02-19,137.27,137.95,135.67,137.11,1883572,147.488,140.254,,143.4371603700688,140.19797604408205,131.87213513212936,119.98400817439015,25.445353875782416,-1.6899787948548237,0.2729746815257691,-1.962953476380593,1,5.301071428571433,0.5,0.05,2380435.4,2434932.75,0.7912720504828655,0.7735622267185819,21.660315290792678,20.584109916735933,0.1599999999999966,0.6799999999999784,1.4400000000000261,,0,-4.614660032141187,-7.569105098096409,-2.293049376413082,,0,,,-0.551243925436995,-5.519570011025355,-15.5102292334237,165.3,-4.4111026415642,165.3,0,25,20,20,140.54000000000002,148.4,144.47000000000003,141.385,137.11,,,,,,136.91,138.15,139.19,140.43,135.87,134.63,133.59,0,0,0,0,0,0,0,0,0,0,0,0,0,0,0,0,0,0,0,0,0,0,,,,,,,,,,,,,,,,,,USD,1.0,stock,27.0
2026-02-20,132.105,136.63,131.1,135.86,2269909,146.155,140.37,,142.71552604910985,140.027859336471,131.9511027532753,120.14197824230668,27.483099323972993,-2.0363992716612813,-0.18890010911164098,-1.8474991625496404,1,5.3753571428571485,0.5,0.05,2300623.5,2390051.55,0.9866494887146897,0.9497322348549345,23.95583269165934,22.18314583312538,3.755000000000024,0.7699999999999818,1.0049999999999955,,0,-5.046022412122656,-7.577653466804053,-3.3195936993964303,,0,,,-0.9116767558894345,-1.821072409307689,-16.404134875707598,163.7499,-4.803630157766285,163.7499,0,25,20,20,140.34,148.2,144.26999999999998,141.66,135.86,,,,,,134.53,137.96,140.06,143.49,132.43,129.0,126.9,0,0,0,0,0,0,0,0,0,0,0,0,0,0,0,0,0,0,0,0,0,0,,,,,,,,,,,,,,,,,,USD,1.0,stock,27.0
2026-02-23,135.75,136.5646,133.61,133.935,1458441,144.77975,140.5699,,141.87928547300416,139.78892367621725,131.99038784726986,120.27922223989566,29.545772187281656,-2.4381657503938357,-0.63875323736808,-1.7994125130257557,1,5.1728285714285756,0.5,0.05,2147650.8,2352229.55,0.6790866559870907,0.6200249461197357,15.340909090909118,20.319019024453723,1.8149999999999977,0.8146000000000129,0.32499999999998863,,0,-5.931448443651142,-8.097024676148882,-4.953820883264261,,0,,,-1.4168997497423952,-2.2443617254214954,-17.037289395441025,161.93,-5.599327235486919,161.93,0,25,20,20,140.34,148.2,144.26999999999998,141.66,133.935,,,,,,134.7032,135.7964,137.6578,138.751,132.8418,131.7486,129.8872,0,0,0,0,0,0,0,0,0,0,0,0,0,0,0,0,0,0,0,0,0,0,,,,,,,,,,,,,,,,,,USD,1.0,stock,27.0
2026-02-24,132.0,133.92,130.52,133.63,1668631,143.65725,140.7211,,141.09363923747995,139.5473972575421,132.02285541465065,120.4120657996977,32.653691689836265,-2.7494851767467594,-1.0608996252438159,-1.6885855515029435,1,4.947471428571433,0.5,0.05,2135728.7,2283375.9,0.7812935229085979,0.7307736759418368,16.316894018887645,18.537878600485374,1.6299999999999955,0.28999999999999204,1.4799999999999898,,0,-5.585302130868781,-7.503741674773636,-5.3065179974556695,,0,,,-0.2277224026580149,-2.6942401514600034,-14.383649410558697,161.93,-5.2898481305153835,161.93,0,25,20,20,139.29000000000002,147.91000000000003,143.60000000000002,141.66,133.63,,,,,,132.69,134.85999999999999,136.08999999999997,138.25999999999996,131.46,129.29000000000002,128.06000000000003,0,0,0,0,0,0,0,0,0,0,0,0,0,0,0,0,0,0,0,0,0,0,,,,,,,,,,,,,,,,,,USD,1.0,stock,25.0
2026-02-25,132.8,133.88,131.5625,132.65,1817885,142.40775000000002,140.80790000000002,,140.28948311962472,139.27691109057963,132.03527411931103,120.53383628925295,39.97730711043877,-3.040239881989123,-1.4567676765928774,-1.5834722053962458,1,4.50229285714286,0.5,0.05,2148543.2,2272407.5,0.8461012094148257,0.7999819574614149,11.175236096537226,14.277679735444673,0.15000000000000568,1.079999999999984,1.0875000000000057,,0,-5.759127870052554,-7.356012061816823,-6.149943460233707,,0,,,-0.7333682556312171,-3.7861753826068045,-15.8525754884547,161.93,-5.445513768919181,161.93,0,25,20,20,137.56495,147.91000000000003,142.73747500000002,141.66,132.65,,,,,,132.6975,133.83249999999998,135.015,136.14999999999998,131.515,130.38,129.1975,0,0,0,0,0,0,0,0,0,0,0,0,0,0,0,0,0,0,0,0,0,0,,,,,,,,,,,,,,,,,,USD,1.0,stock,25.0
2026-02-26,129.2,129.4,122.97,125.15,5280391,140.78175000000002,140.8107,,138.84762758442238,138.72291457722358,131.89893205754248,120.57976826647432,29.031278469480725,-3.831683142426982,-1.9317507697596985,-1.8999323726672837,0,4.878007142857145,0.5,0.05,2521467.7,2445412.05,2.094173564071433,2.1593052181124244,8.19240886884632,11.894846328090408,4.049999999999983,0.20000000000001705,2.180000000000007,,0,-10.94496810581093,-12.490411506192576,-12.51354374750299,,0,,,-5.653976630229929,-8.722923200350085,-20.62535675778524,161.93,-9.865222634858432,161.93,0,25,20,20,131.425,144.135,137.78,141.66,125.15,,,,,,125.83999999999999,128.70999999999998,132.26999999999998,135.14,122.27999999999997,119.40999999999998,115.84999999999997,0,0,0,0,0,0,0,0,0,0,0,0,0,0,0,0,0,0,0,0,0,0,,,,,,,,,,,,,,,,,,USD,1.0,stock,28.5
2026-02-27,125.99,126.22,123.88,124.44,1702187,139.12825,140.9229,,137.47547257638217,138.16280028007756,131.75123043264065,120.61817853247956,9.711286089238854,-4.464732042856326,-2.4383470243790244,-2.026385018477302,0,4.533007142857146,0.5,0.05,2358218.2,2426538.85,0.721810645003079,0.7014876353617828,5.5242390078917625,8.297294657758446,1.5499999999999972,0.23000000000000398,0.5600000000000023,,0,-10.475307438429907,-11.803479588556742,-13.24566055930569,,0,,,-0.5673192169396768,-8.405711762108059,-20.99549234969208,157.3999,-9.48203510930984,157.3999,0,25,20,20,131.425,144.135,137.78,141.66,124.44,,,,,,124.84666666666665,125.8133333333333,127.18666666666665,128.1533333333333,123.4733333333333,122.50666666666665,121.1333333333333,0,0,0,0,0,0,0,0,0,0,0,0,0,0,0,0,0,0,0,0,0,0,,,,,,,,,,,,,,,,,,USD,1.0,stock,30.25
2026-03-02,119.248,124.08,119.22,123.56,1886516,137.64725,141.00789999999998,,136.15018947386957,137.5901414455647,131.5890278498161,120.64745038787778,5.846850245190538,-4.980029819057592,-2.946683583314738,-2.0333462357428536,0,4.598721428571431,0.5,0.05,2138390.5,2414581.95,0.8822130476168876,0.7813012931700247,14.295125164690386,9.337257680476165,4.311999999999998,0.519999999999996,0.028000000000005798,,0,-10.189535022555496,-11.401141146001951,-14.120993849142097,,0,,,-0.7071681131468943,-7.746294844514134,-19.33672803238021,150.9699,-9.24728017090709,150.9699,0,25,20,20,129.51,141.48495,135.497475,141.66,123.56,,,,,,122.28666666666668,125.35333333333335,127.14666666666668,130.21333333333337,120.49333333333335,117.42666666666668,115.63333333333335,0,0,0,0,0,0,0,0,0,0,0,0,0,0,0,0,0,0,0,0,0,0,,,,,,,,,,,,,,,,,,USD,1.0,stock,30.25
2026-03-03,117.753,119.1,115.6,118.71,3442946,136.15425,140.9921,,134.48921904778675,136.8497437418171,131.3339975953643,120.62817227456557,2.804043038800174,-5.713895258314352,-3.500125918314661,-2.213769339999691,0,4.907292857142859,0.5,0.05,2288382.2,2451327.65,1.504532765549391,1.4045229734996871,9.581022797288966,9.800128989957047,0.9569999999999936,0.39000000000000057,2.153000000000006,,0,-13.292240795035596,-14.694844579226684,-18.77019627664055,,0,,,-3.9252185173195286,-11.165157524507974,-20.09827017567477,149.58,-11.732701817667687,149.58,0,25,20,20,126.77499999999999,138.765,132.76999999999998,140.45,118.71,,,,,,117.80333333333333,120.00666666666666,121.30333333333333,123.50666666666666,116.50666666666666,114.30333333333333,113.00666666666666,0,0,0,0,0,0,0,0,0,0,0,0,0,0,0,0,0,0,0,0,0,0,,,,,,,,,,,,,,,,,,USD,1.0,stock,30.25
2026-03-04,120.01,120.71,118.31,118.98,2565242,134.86025,140.9619,,133.01215056704515,136.1489694774321,131.08936397961452,120.61177255044053,3.9788732394366946,-6.202206981284007,-4.0405421309085305,-2.1616648503754767,1,4.704435714285715,0.5,0.05,2397572.0,2459283.9,1.0699332491370437,1.0430849402950184,11.651194936900877,11.842447632960086,1.0300000000000011,0.6999999999999886,0.6700000000000017,,0,-11.793705300928853,-13.346991090939655,-18.475289964699957,,0,,,0.22744503411675776,-10.305314738032411,-17.86552533480602,149.58,-10.549525368340094,149.58,0,25,20,20,126.115,138.765,132.44,140.45,118.98,,,,,,119.33333333333333,120.35666666666665,121.73333333333332,122.75666666666665,117.95666666666666,116.93333333333334,115.55666666666667,0,0,0,0,0,0,0,0,0,0,0,0,0,0,0,0,0,0,0,0,0,0,,,,,,,,,,,,,,,,,,USD,1.0,stock,30.25
2026-03-05,117.4,120.0,116.53,117.93,2517750,133.85925,140.84410000000003,,131.5757552749456,135.43450008616026,130.82878251467164,120.58508824645605,4.975781594011536,-6.59786765333962,-4.552007235394749,-2.045860417944871,1,4.336578571428572,0.5,0.05,2460989.8,2420712.6,1.0230639720652235,1.040086295250415,9.596375617792473,10.276197783994116,0.5300000000000011,2.069999999999993,0.8700000000000045,,0,-11.57106357580395,-13.507377257695238,-19.430255236157056,,0,,,-0.8825012607160843,-5.769077107471032,-14.512504530627023,149.58,-10.371025609110827,149.58,0,25,20,20,126.0823,138.765,132.42365,140.45,117.93,,,,,,118.15333333333335,119.7766666666667,121.62333333333335,123.2466666666667,116.3066666666667,114.68333333333335,112.8366666666667,0,0,0,0,0,0,0,0,0,0,0,0,0,0,0,0,0,0,0,0,0,0,,,,,,,,,,,,,,,,,,USD,1.0,stock,30.25
2026-03-06,119.2,120.91,118.35,119.05,2604750,132.86375,140.7369,,130.38282620114126,134.7919706710167,130.59553929655934,120.56981373654108,10.017809439002733,-6.743324104057379,-4.9902706091272755,-1.7530534949301035,1,4.058007142857143,0.5,0.05,2494473.9,2397548.7,1.04420815948405,1.0864221444177546,14.209225700164756,11.818932084952712,0.15000000000000568,1.7099999999999937,0.7000000000000028,,0,-9.51938362128623,-11.603317933641339,-18.21663166736665,,0,,,0.9497159331806948,-4.331404693024754,-14.327864133563617,149.58,-8.691962378279895,149.58,0,25,20,20,124.75999999999999,138.765,131.7625,140.45,119.05,,,,,,119.43666666666667,120.52333333333334,121.99666666666667,123.08333333333334,117.96333333333334,116.87666666666667,115.40333333333334,0,0,0,0,0,0,0,0,0,0,0,0,0,0,0,0,0,0,0,0,0,0,,,,,,,,,,,,,,,,,,USD,1.0,stock,28.75
2026-03-09,118.885,122.93,118.14,122.48,2543412,131.69125000000003,140.7099,,129.63017608674684,134.30914829176118,130.43483554811263,120.58882056503322,20.96206491982791,-6.506820478790004,-5.293580583059821,-1.213239895730183,1,4.1633642857142865,0.5,0.05,2602971.0,2375310.9,0.9771188384350037,1.0707701463416852,28.42975206611572,17.41178446135766,3.594999999999999,0.45000000000000284,0.7450000000000045,,0,-5.837831553516361,-7.52061561071197,-14.88398105813194,,0,,,2.881142377152468,-0.8740692780835224,-16.06934831768656,149.58,-5.515826871948422,149.58,0,25,20,20,124.74,136.49995,130.619975,140.45,122.48,,,,,,121.18333333333334,124.22666666666667,125.97333333333334,129.01666666666668,119.43666666666667,116.39333333333333,114.64666666666666,0,0,0,0,0,0,0,0,0,0,0,0,0,0,0,0,0,0,0,0,0,0,,,,,,,,,,,,,,,,,,USD,1.0,stock,27.0
2026-03-10,124.37,128.21,124.11,125.5,3531420,130.61775,140.7527,,129.23682598324714,133.96369149600582,130.33711603230842,120.63768802209756,27.950089126559718,-6.006462134449009,-5.436156893337659,-0.5703052411113498,1,4.39622142857143,0.5,0.05,2789249.9,2462489.3,1.2660823255743416,1.434085419173192,44.295302013422855,28.97809325990112,1.1299999999999955,2.710000000000008,0.2600000000000051,,0,-2.9775505842606727,-4.07788844621514,-12.153545816733072,,0,,,2.465708687132584,5.719821413528781,-14.608423487786625,149.58,-2.8914560186827436,149.58,0,25,20,20,122.5,133.28494999999998,127.89247499999999,140.45,125.5,,,,,,125.94,127.77,130.04000000000002,131.87,123.66999999999999,121.83999999999999,119.56999999999998,0,0,0,0,0,0,0,0,0,0,0,0,0,0,0,0,0,0,0,0,0,0,,,,,,,,,,,,,,,,,,USD,1.0,stock,27.0
2026-03-11,125.21,125.625,123.2,125.15,1909915,129.49225,140.75969999999998,,128.84760446103314,133.61805653537814,130.2344008633518,120.68258664874337,28.364688856729373,-5.573914005584157,-5.463708315786959,-0.11020568979719858,1,4.406578571428573,0.5,0.05,2798452.9,2473498.05,0.6824895998785615,0.7721514071943578,45.41131716595345,39.37879041516402,0.05999999999998806,0.41500000000000625,1.9500000000000028,,0,-2.954538123078815,-3.4696364362764736,-12.472792648821395,,0,,,-0.2788844621513853,5.185745503445949,-15.244480563456586,148.06,-2.86975025767855,148.06,0,25,20,20,121.905,132.59,127.2475,140.45,125.15,,,,,,124.65833333333335,126.11666666666669,127.08333333333334,128.54166666666669,123.69166666666669,122.23333333333335,121.2666666666667,0,0,0,0,0,0,0,0,0,0,0,0,0,0,0,0,0,0,0,0,0,0,,,,,,,,,,,,,,,,,,USD,1.0,stock,27.0
2026-03-12,122.62,125.3452,122.07,123.16,1959653,128.39425,140.6867,,128.30592784569666,133.20793667124568,130.09431371754286,120.70723752786036,27.625088090204358,-5.330249072649195,-5.437016467159406,0.10676739451021078,1,4.211235714285714,0.5,0.05,2466379.1,2493923.4,0.7945465480144557,0.7857711267314786,36.0607881857989,41.92246912172508,0.539999999999992,2.185200000000009,0.5500000000000114,,0,-4.178246058539024,-4.24995940240338,-14.23083793439429,,0,,,-1.5900918897323257,4.434834223692019,-15.132304299889753,144.6099,-4.010670381406898,144.6099,0,25,20,20,121.905,132.59,127.2475,140.45,123.16,,,,,,123.52506666666666,124.98013333333333,126.80026666666667,128.25533333333334,121.70493333333332,120.24986666666665,118.4297333333333,0,0,0,0,0,0,0,0,0,0,0,0,0,0,0,0,0,0,0,0,0,0,,,,,,,,,,,,,,,,,,USD,1.0,stock,27.0
2026-03-13,125.126,128.1,124.03,124.07,2983414,127.67875,140.5205,,127.90250614610649,132.84958621354977,129.9750203766014,120.74069785096624,31.975150739996337,-5.006007326644308,-5.350814639056387,0.34480731241207874,1,4.3530500000000005,0.5,0.05,2594501.8,2476360.0,1.1498986048111435,1.2047577896590156,46.23362445414848,42.56857660196695,1.0560000000000116,2.9739999999999895,0.03999999999999204,,0,-3.08898698001652,-2.908640283710809,-13.259047312001297,,0,,,0.7388762585254893,4.216715665686688,-10.34108975285446,139.88,-2.996427717943635,139.88,0,25,20,20,121.905,132.59,127.2475,140.45,124.07,,,,,,125.39999999999999,126.76999999999998,129.46999999999997,130.83999999999997,122.69999999999999,121.33,118.63,0,0,0,0,0,0,0,0,0,0,0,0,0,0,0,0,0,0,0,0,0,0,,,,,,,,,,,,,,,,,,USD,1.0,stock,25.0
2026-03-16,125.99,126.705,121.335,121.8,2788810,126.91825000000001,140.34330000000003,,127.32131508457253,132.41626910713606,129.81313878498554,120.75123817085712,29.832935560859198,-4.876005875197237,-5.255852886284557,0.3798470110873202,1,4.492692857142858,0.5,0.05,2684731.2,2411560.85,1.0387669350287283,1.1564336019138808,33.9168490153173,38.73708721842157,4.189999999999998,0.7150000000000034,0.4650000000000034,,0,-4.533099412621129,-4.202175697865367,-15.22438423645323,,0,,,-1.8296123156282706,-0.5551926845199229,-11.101379461353178,139.88,-4.336520621786722,139.88,0,25,20,20,122.37,132.59,127.48,140.45,121.8,,,,,,123.27999999999999,125.22499999999998,128.64999999999998,130.59499999999997,119.85499999999998,117.90999999999998,114.48499999999997,0,0,0,0,0,0,0,0,0,0,0,0,0,0,0,0,0,0,0,0,0,0,,,,,,,,,,,,,,,,,,USD,1.0,stock,27.0
2026-03-17,122.215,122.344,120.47,120.69,1431607,126.08624999999999,139.7511,,126.6897612669942,131.95641541666012,129.63248257142146,120.75062883582373,29.701289884589258,-4.807132876197997,-5.166108884267245,0.3589760080692477,0,4.4610142857142865,0.5,0.05,2483597.3,2385989.75,0.576424769023545,0.6000055113396862,36.884057971014485,39.0115104801601,1.5250000000000057,0.12899999999999068,0.21999999999999886,,0,-4.97121656060502,-4.471165796669148,-15.793437733035057,,0,,,-0.9113300492610832,-3.83266932270917,-12.116798951430873,139.8,-4.735790175142815,139.8,0,25,20,20,122.37,132.59,127.48,140.45,120.69,,,,,,121.168,121.86600000000001,123.042,123.74000000000001,119.99200000000002,119.29400000000001,118.11800000000002,0,0,0,0,0,0,0,0,0,0,0,0,0,0,0,0,0,0,0,0,0,0,,,,,,,,,,,,,,,,,,USD,1.0,stock,27.0
2026-03-18,122.24,125.74,121.73,121.87,2774545,125.28625,139.1949,,126.23073638442332,131.560869714046,129.4787700452547,120.76176685735784,42.912705272255835,-4.604259354176378,-5.053738978249072,0.44947962407269415,1,4.1303,0.5,0.05,2504527.6,2451049.8,1.1078117086831065,1.1319823040723205,49.72244250594769,40.17444983075983,0.36999999999999034,3.5,0.14000000000000057,,0,-3.578186907707655,-2.80319192582259,-14.21588577992942,,0,,,0.9777114922528751,-2.6208549740311615,-11.605135272358014,137.95,-3.4545757311778043,137.95,0,25,20,20,123.17500000000001,132.59,127.88250000000001,140.45,121.87,,,,,,123.11333333333334,124.49666666666668,127.12333333333333,128.50666666666666,120.4866666666667,119.10333333333335,116.4766666666667,0,0,0,0,0,0,0,0,0,0,0,0,0,0,0,0,0,0,0,0,0,0,,,,,,,,,,,,,,,,,,USD,1.0,stock,25.0
2026-03-19,117.38,120.24,116.4737,119.01,1716701,124.38125,138.6467,,125.54304720495443,131.06867874486773,129.27146766812092,120.74433634136423,39.26453143534996,-4.620990818641786,-4.967189346327616,0.3461985276858295,0,4.348607142857143,0.5,0.05,2424422.7,2442706.25,0.7080865065320499,0.7027865098392408,27.042030134813697,37.88284353725863,1.6300000000000097,1.2299999999999898,0.9063000000000017,,0,-5.489494332370748,-4.513276195277698,-16.500042013276197,,0,,,-2.346762944120784,-3.3696005196492296,-13.201079425278984,136.63,-5.20383035970837,136.63,0,25,20,20,122.34185,131.82999999999998,127.08592499999999,140.45,119.01,,,,,,118.57456666666667,120.67543333333334,122.34086666666667,124.44173333333335,116.90913333333334,114.80826666666667,113.14283333333334,0,0,0,0,0,0,0,0,0,0,0,0,0,0,0,0,0,0,0,0,0,0,,,,,,,,,,,,,,,,,,USD,1.0,stock,25.0
2026-03-20,117.2,117.89,113.73,114.26,2149501,123.30125000000001,137.99570000000003,,124.46847128067306,130.40951487251996,128.9742108826136,120.67981558174868,34.05349794238684,-4.960356030759783,-4.96582268321405,0.005466652454266807,0,4.352892857142858,0.5,0.05,2378897.8,2436685.85,0.9035701323528905,0.882141208313743,3.660220994475145,26.80823121174552,2.9399999999999977,0.6899999999999977,0.5300000000000011,,0,-8.934422615677448,-7.9128741466830075,-20.773411517591477,,0,,,-3.99126123855138,-7.90682679132747,-15.898719269836603,136.5646,-8.20165233463278,136.5646,0,25,20,20,120.97,129.16995,125.069975,139.51500000000001,114.26,,,,,,115.29333333333334,116.85666666666667,119.45333333333333,121.01666666666667,112.69666666666667,111.13333333333334,108.53666666666668,0,0,0,0,0,0,0,0,0,0,0,0,0,0,0,0,0,0,0,0,0,0,,,,,,,,,,,,,,,,,,USD,1.0,stock,25.0
2026-03-23,114.35,116.24,113.53,114.53,1553315,122.33100000000002,137.46110000000002,,123.52195020632324,129.78678879908782,128.68818690474004,120.61862338690543,41.49715215622459,-5.148173720815066,-5.002292890734253,-0.14588083008081298,0,3.9778928571428573,0.5,0.05,2279888.1,2441429.55,0.6813119468451105,0.6362317520077531,6.811989100817436,12.50474674336877,0.18000000000000682,1.7099999999999937,0.8199999999999932,,0,-7.851174544943018,-6.811315812450901,-20.021915655286836,,0,,,0.23630316821283692,-5.9688013136289015,-14.488371224847874,133.92,-7.279637498682343,133.92,0,25,20,20,120.815,126.705,123.75999999999999,139.41500000000002,114.53,,,,,,114.76666666666665,116.0033333333333,117.47666666666665,118.7133333333333,113.29333333333331,112.05666666666666,110.58333333333331,0,0,0,0,0,0,0,0,0,0,0,0,0,0,0,0,0,0,0,0,0,0,,,,,,,,,,,,,,,,,,USD,1.0,stock,25.0
2026-03-24,113.6,114.41,111.8001,112.53,1358392,121.276,136.8409,,122.47509780572103,129.11005198343733,128.36822280761646,120.53813957211035,37.742303306727464,-5.3961998458348575,-5.081074281754375,-0.31512556408048287,0,4.001457142857143,0.5,0.05,2062585.3,2425917.6,0.65858706546585,0.5599497691100472,4.447924728365196,4.973378274552602,1.0699999999999932,0.8100000000000023,0.7299000000000007,,0,-8.8377302103626,-7.772149648982489,-21.6039278414645,,0,,,-1.7462673535318274,-6.761123539647029,-15.78986754471301,133.88,-8.12009786797368,133.88,0,25,20,20,119.95005,125.84004999999999,122.89505,138.55005,112.53,,,,,,112.91336666666666,114.02663333333332,115.52326666666666,116.63653333333332,111.41673333333333,110.30346666666667,108.80683333333333,0,0,0,0,0,0,0,0,0,0,0,0,0,0,0,0,0,0,0,0,0,0,,,,,,,,,,,,,,,,,,USD,1.0,stock,25.0
2026-03-25,114.85,115.92,113.88,115.6,1478989,120.42350000000002,136.1077,,121.82032658612856,128.58024602330255,128.11538671241613,120.48900385497492,45.88775150017647,-5.2841268686186424,-5.1216847991272285,-0.16244206949141393,1,3.995742857142858,0.5,0.05,2019492.7,2408972.8,0.7323566953225431,0.6139500620347395,23.156143547492626,11.472019125558427,0.75,0.3200000000000074,0.9699999999999989,,0,-5.380905351322288,-4.172577854671301,-17.74022491349481,,0,,,2.7281613791877657,-5.1448264544186495,-12.853373539389379,129.4,-5.10614834194416,129.4,0,25,20,20,119.95005,125.80005,122.87505,138.55005,115.6,,,,,,115.13333333333333,116.38666666666666,117.17333333333333,118.42666666666666,114.34666666666665,113.09333333333332,112.30666666666664,0,0,0,0,0,0,0,0,0,0,0,0,0,0,0,0,0,0,0,0,0,0,,,,,,,,,,,,,,,,,,USD,1.0,stock,25.0
2026-03-26,111.84,112.92,109.353,109.91,1965252,119.6615,135.31889999999999,,120.68600976840203,127.8480795125848,127.75488400523957,120.38374013502494,36.1094224924012,-5.59000556887807,-5.215348953077397,-0.37465661580067255,0,4.229100000000002,0.5,0.05,2020052.6,2243215.85,0.9728716965092888,0.8760868910586558,2.9538102561383135,10.18595951066539,1.9300000000000068,1.0799999999999983,0.5570000000000022,,0,-9.804394293878659,-8.872259121099088,-23.117914657446992,,0,,,-4.9221453287197185,-7.646416267540546,-12.177387135437478,128.21,-8.928963505448007,128.21,0,25,20,20,118.029,123.6515,120.84025,137.3265,109.91,,,,,,110.72766666666666,112.10233333333333,114.29466666666667,115.66933333333334,108.53533333333333,107.16066666666666,104.96833333333332,0,0,0,0,0,0,0,0,0,0,0,0,0,0,0,0,0,0,0,0,0,0,,,,,,,,,,,,,,,,,,USD,1.0,stock,25.0
2026-03-27,108.975,109.58,107.71,108.12,1328264,118.84549999999999,134.47129999999999,,119.48924693331612,127.07442933562069,127.3660744209774,120.26171286999981,27.03134996801022,-5.908742378837715,-5.354027638229462,-0.5547147406082535,0,4.044100000000001,0.5,0.05,1854537.6,2224519.7,0.7162238177322476,0.5971014776807775,2.0000000000000515,9.369984601210339,0.8549999999999898,0.605000000000004,0.4100000000000108,,0,-10.515396719678245,-9.919996300406938,-24.37227155012947,,0,,,-1.6286052224547265,-5.3737090845440205,-13.114754098360649,128.21,-9.514870354535756,128.21,0,25,20,20,116.725,122.16999999999999,119.44749999999999,136.505,108.12,,,,,,108.46999999999998,109.22999999999998,110.33999999999999,111.09999999999998,107.35999999999997,106.59999999999998,105.48999999999997,0,0,0,0,0,0,0,0,0,0,0,0,0,0,0,0,0,0,0,0,0,0,,,,,,,,,,,,,,,,,,USD,1.0,stock,28.5
2026-03-30,108.08,108.3,105.77,106.6,1548005,117.99749999999999,133.61530000000002,,118.26169960633364,126.27151053814538,126.9548650265026,120.12577542850728,18.24596774193546,-6.212382416511659,-5.525698593885901,-0.6866838226257581,0,3.8155285714285725,0.5,0.05,1730457.1,2207594.15,0.8945642165876287,0.7012181111278991,3.7169726824899163,2.89026097954277,1.480000000000004,0.21999999999999886,0.8299999999999983,,0,-10.939680681363642,-10.691838649155718,-25.34268292682929,,0,,,-1.4058453570107377,-6.923950056753691,-13.726124959533836,128.21,-9.860926779466888,128.21,0,25,20,20,115.755,121.16730000000001,118.46115,135.535,106.6,,,,,,106.88999999999999,108.00999999999998,109.41999999999999,110.53999999999998,105.47999999999998,104.35999999999999,102.94999999999997,0,0,0,0,0,0,0,0,0,0,0,0,0,0,0,0,0,0,0,0,0,0,,,,,,,,,,,,,,,,,,USD,1.0,stock,30.25
2026-03-31,107.75,111.72,107.5,111.42,1635829,117.633,132.8531,,117.6101091676352,125.6890983601789,126.64724393686889,120.03915079737786,29.944493134677188,-5.994979227606493,-5.619554720630019,-0.3754245069764739,1,4.008028571428573,0.5,0.05,1750879.3,2117238.3,0.9342899878935116,0.7726239412918234,25.302283922973604,10.3397522018212,3.6700000000000017,0.29999999999999716,0.25,,0,-5.555653534047029,-5.576198169089924,-19.236313049721783,,0,,,4.521575984990633,-0.9864036256998165,-6.141015921152382,128.21,-5.263245831029837,128.21,0,25,20,20,113.005,119.845,116.425,135.535,111.42,,,,,,110.21333333333332,112.92666666666665,114.43333333333332,117.14666666666665,108.70666666666665,105.99333333333333,104.48666666666665,0,0,0,0,0,0,0,0,0,0,0,0,0,0,0,0,0,0,0,0,0,0,,,,,,,,,,,,,,,,,,USD,1.0,stock,27.0
2026-04-01,111.85,113.19,111.13,111.9,1163888,117.279,132.0907,,117.06628924690804,125.14834940487778,126.35521930445564,119.95816422227958,32.79339853300735,-5.718039643961632,-5.639251705296342,-0.07878793866528966,1,3.921228571428572,0.5,0.05,1589813.6,2047170.6,0.7320908564375094,0.5685349330436847,27.451858486341287,18.823705030601612,0.05000000000001137,1.289999999999992,0.7199999999999989,,0,-4.616880470874027,-4.80697050938337,-18.043521000893648,,0,,,0.4308023694130414,-3.2006920415224793,-5.950579929399902,128.21,-4.413131466063351,128.21,0,25,20,20,111.83,119.82499999999999,115.82749999999999,135.535,111.9,,,,,,112.07333333333334,113.01666666666668,114.13333333333334,115.07666666666668,110.95666666666668,110.01333333333334,108.89666666666668,0,0,0,0,0,0,0,0,0,0,0,0,0,0,0,0,0,0,0,0,0,0,,,,,,,,,,,,,,,,,,USD,1.0,stock,25.0
2026-04-02,108.61,111.9418,108.5,110.96,955353,116.93050000000001,131.0643,,116.48473789005966,124.59194354586296,126.05036347664465,119.8686302499186,29.984732824427496,-5.510887096730343,-5.613578783583142,0.10269168685279872,1,3.8142142857142867,0.5,0.05,1513678.8,1969050.75,0.6311464492995476,0.48518454895080787,24.791019823262467,25.84838741085913,2.3499999999999943,0.9818000000000069,0.10999999999999943,,0,-4.9790355894553615,-5.3807678442682185,-18.11851117519828,,0,,,-0.8400357462019725,0.9553270857974638,-5.910285762740619,128.21,-4.742885626161612,128.21,0,25,20,20,111.005,117.58500000000001,114.295,135.535,110.96,,,,,,110.46726666666666,112.43453333333332,113.90906666666666,115.87633333333332,108.99273333333332,107.02546666666666,105.55093333333332,0,0,0,0,0,0,0,0,0,0,0,0,0,0,0,0,0,0,0,0,0,0,,,,,,,,,,,,,,,,,,USD,1.0,stock,27.0
2026-04-06,110.445,111.8222,110.445,111.28,871694,116.54199999999999,130.03949999999998,,115.98904856719685,124.06990654406441,125.75788103156258,119.78317124245673,32.922077922077946,-5.260258894805759,-5.542914805827666,0.2826559110219069,1,3.5290142857142865,0.5,0.05,1385898.1,1882397.95,0.6289740926840147,0.46307636490998094,27.591387080620954,26.61142179674158,0.835000000000008,0.542199999999994,0.0,,0,-4.231711508983506,-4.728612508986328,-16.857925952552097,,0,,,0.2883922134102379,2.9226785053644067,-6.526669466610668,128.21,-4.059907918348615,128.21,0,25,20,20,110.845,116.99000000000001,113.9175,135.535,111.28,,,,,,111.18239999999999,111.91979999999998,112.55959999999999,113.29699999999998,110.54259999999998,109.80519999999999,109.16539999999998,0,0,0,0,0,0,0,0,0,0,0,0,0,0,0,0,0,0,0,0,0,0,,,,,,,,,,,,,,,,,,USD,1.0,stock,25.0
2026-04-07,110.82,111.09,108.83,110.61,727643,115.9485,129.02290000000002,,115.47675822746382,123.54206707174816,125.45792299133362,119.6918959067109,33.39920948616603,-5.057399091077883,-5.445811662877709,0.3884125717998259,1,3.5701571428571444,0.5,0.05,1303330.9,1791609.5,0.558294904233453,0.4061392842580931,24.236354531797716,25.539587145227056,0.20999999999999375,0.27000000000001023,1.7800000000000011,,0,-4.399926071298996,-4.826417141307292,-16.646686556369243,,0,,,-0.6020848310567928,3.7617260787992546,-9.691378184193344,128.21,-4.214491558446225,128.21,0,25,20,20,110.845,116.99000000000001,113.9175,135.535,110.61,,,,,,110.17666666666668,111.52333333333335,112.43666666666668,113.78333333333336,109.26333333333335,107.91666666666667,107.00333333333334,0,0,0,0,0,0,0,0,0,0,0,0,0,0,0,0,0,0,0,0,0,0,,,,,,,,,,,,,,,,,,USD,1.0,stock,25.0
2026-04-08,114.93,116.48,113.18,113.51,2016513,115.349,128.1715,,115.28944792008632,123.14865267677766,125.22133045685176,119.63038450465409,36.970074812967596,-4.6094901384012985,-5.278547357982427,0.6690572195811288,1,3.6287285714285735,0.5,0.05,1369143.0,1715864.15,1.472828623452773,1.1752171638996014,53.48997926744996,35.10590695995622,1.4200000000000017,1.5499999999999972,0.3299999999999983,,0,-1.5676574047099923,-1.6201215751916118,-12.916483129239717,,0,,,2.621824428171049,1.875785316819245,-9.553784860557768,128.1,-1.5434612205964844,128.1,0,25,20,20,111.125,116.99000000000001,114.0575,134.75995,113.51,,,,,,114.39,115.6,117.69,118.89999999999999,112.3,111.09,109.0,0,0,0,0,0,0,0,0,0,0,0,0,0,0,0,0,0,0,0,0,0,0,,,,,,,,,,,,,,,,,,USD,1.0,stock,25.0
2026-04-09,111.85,111.85,107.51,108.23,3406665,114.503,127.1833,,114.61711954674476,122.56360747376678,124.88486846760716,119.51694784291625,34.376811594202906,-4.627231099826773,-5.148284106351296,0.5210530065245234,0,3.6718500000000014,0.5,0.05,1561910.6,1790701.65,2.181088341419797,1.902419088070869,20.297029702970356,32.67445450073935,3.6199999999999903,0.0,0.7199999999999989,,0,-5.9014317164785695,-5.795990021251036,-17.512057654993992,,0,,,-4.651572548674121,-3.279714030384273,-13.519776268477823,128.1,-5.572570286186499,128.1,0,25,20,20,111.125,116.99000000000001,114.0575,133.85,108.23,,,,,,109.19666666666667,110.88333333333334,113.53666666666666,115.22333333333333,106.54333333333335,104.85666666666668,102.20333333333336,0,0,0,0,0,0,0,0,0,0,0,0,0,0,0,0,0,0,0,0,0,0,,,,,,,,,,,,,,,,,,USD,1.0,stock,25.0
2026-04-10,110.7,111.36,108.12,108.41,2589508,113.7655,126.1981,,114.02596530419764,122.008564043423,124.55863344844661,119.4064309489569,40.22719679251586,-4.574039760774639,-5.033435237235965,0.45939547646132617,0,3.526135714285715,0.5,0.05,1624336.2,1822194.4,1.594194600846795,1.4210931610809474,24.649859943977578,32.81228963813265,2.2900000000000063,0.6599999999999966,0.28999999999999204,,0,-5.180301913289958,-4.940042431510014,-16.408172677797253,,0,,,0.16631248267577892,-2.2981254506128312,-11.976291003572593,128.1,-4.925163570609039,128.1,0,25,20,20,111.125,116.99000000000001,114.0575,133.85,108.41,,,,,,109.29666666666667,110.47333333333333,112.53666666666666,113.71333333333332,107.23333333333333,106.05666666666667,103.99333333333334,0,0,0,0,0,0,0,0,0,0,0,0,0,0,0,0,0,0,0,0,0,0,,,,,,,,,,,,,,,,,,USD,1.0,stock,25.0
2026-04-13,109.5,112.35,109.49,112.01,2055304,113.1625,125.28810000000001,,113.83396860855976,121.61646349270052,124.31014565738828,119.33283462110658,46.211665664461826,-4.193060338317565,-4.865360257452285,0.6722999191347201,1,3.613992857142858,0.5,0.05,1697040.2,1775788.9,1.2111109683789458,1.1574033377503374,58.26330532212889,34.40339832302562,2.510000000000005,0.3399999999999892,0.010000000000005116,,0,-1.6283980078205096,-1.0289259887509945,-11.85438800107134,,0,,,3.3207268702149406,0.6560028756290581,-9.720319174659453,126.705,-1.602306087413875,126.705,0,25,20,20,111.99000000000001,116.99000000000001,114.49000000000001,133.85,112.01,,,,,,111.28333333333332,113.07666666666664,114.14333333333332,115.93666666666664,110.21666666666664,108.42333333333332,107.35666666666664,0,0,0,0,0,0,0,0,0,0,0,0,0,0,0,0,0,0,0,0,0,0,,,,,,,,,,,,,,,,,,USD,1.0,stock,25.0
2026-04-14,114.3,119.324,113.97,118.23,2162776,112.984,124.5891,,114.25263826488741,121.4836610027907,124.1897467334796,119.32186114228962,57.60405549626468,-3.3506056872378736,-4.562409343409403,1.2118036561715293,1,3.9414285714285717,0.5,0.05,1758517.3,1744487.2,1.2298861091670807,1.2397775116951275,91.92858196842266,58.28058241150972,3.930000000000007,1.093999999999994,0.3299999999999983,,0,3.364088416740755,4.43711409963631,-5.378584115706672,,0,,,5.55307561824836,6.88906970436669,-2.93103448275861,125.74,3.481199030075207,125.74,0,25,20,20,113.417,116.99000000000001,115.2035,133.85,118.23,,,,,,117.17466666666667,120.37933333333334,122.52866666666667,125.73333333333333,115.02533333333334,111.82066666666667,109.67133333333334,0,0,0,0,0,0,0,0,0,0,0,0,0,0,0,0,0,0,0,0,0,0,,,,,,,,,,,,,,,,,,USD,1.0,stock,25.0
2026-04-15,118.04,121.35,117.45,120.94,1936757,112.9965,124.03650000000002,,114.88952985870766,121.46234096346558,124.12539531301465,119.33796202644595,57.19288793103448,-2.436196992662758,-4.137166873260075,1.7009698805973166,1,3.9778571428571428,0.5,0.05,1788610.1,1769744.7,1.0828279455651066,1.094370843432954,97.3684210526316,82.52010278106106,2.8999999999999915,0.4099999999999966,0.5900000000000034,,0,5.002869308163003,6.568132958491814,-2.560360509343493,,0,,,2.2921424342383423,6.5456787948198425,0.20714226530780255,125.74,5.266337279587851,125.74,0,25,20,20,114.43,116.99000000000001,115.71000000000001,131.58495,120.94,,,,,,119.91333333333334,122.37666666666668,123.81333333333333,126.27666666666667,118.47666666666669,116.01333333333335,114.5766666666667,0,0,0,0,0,0,0,0,0,0,0,0,0,0,0,0,0,0,0,0,0,0,,,,,,,,,,,,,,,,,,USD,1.0,stock,25.0
2026-04-16,126.97,127.23,122.955,125.03,2939938,113.15450000000001,123.6399,,115.85528891978312,121.60224916097674,124.14330827711336,119.39459922021267,71.28378378378376,-1.3657491893043243,-3.5828833364689245,2.2171341471646,1,3.9809285714285716,0.5,0.05,1966215.1,1778014.35,1.4952270481495131,1.6534950913078963,89.74836905871388,93.01512402658939,1.9399999999999977,0.2600000000000051,2.075000000000003,,0,7.338007742315349,9.498120451091728,1.1118131648404412,,0,,,3.38184223581941,15.522498383073092,2.592926889308278,127.23,7.919112856875568,127.23,0,25,20,20,117.37,116.935,117.1525,128.36995,125.03,,,,,,125.07166666666667,127.18833333333335,129.3466666666667,131.46333333333337,122.91333333333334,120.79666666666667,118.63833333333334,0,0,0,0,0,0,0,0,0,0,0,0,0,0,0,0,0,0,0,0,0,0,,,,,,,,,,,,,,,,,,USD,1.0,stock,27.0
2026-04-17,127.795,127.99,125.57,126.13,2621586,113.51050000000001,123.40350000000001,,116.83383283218473,121.77980801740904,124.18264870726954,119.46161813344439,75.85414872236574,-0.42376587682345246,-2.9510598445398304,2.527293967716378,1,4.035214285714285,0.5,0.05,2132838.4,1823258.6,1.2291536011354636,1.4378574712330987,91.62916291629163,92.91531767587905,1.6650000000000063,0.19499999999999318,0.5600000000000023,,0,7.370306166506993,10.005153413145159,2.1616586061999423,,0,,,0.8797888506758333,16.345355594502344,5.982690530207546,127.99,7.9567424456303675,127.99,0,25,20,20,117.75,116.935,117.3425,127.67500000000001,126.13,,,,,,126.56333333333333,127.55666666666667,128.98333333333335,129.9766666666667,125.13666666666667,124.14333333333333,122.71666666666667,0,0,0,0,0,0,0,0,0,0,0,0,0,0,0,0,0,0,0,0,0,0,,,,,,,,,,,,,,,,,,USD,1.0,stock,27.0
2026-04-20,124.49,127.8,123.4,127.75,2132542,114.18500000000002,123.1793,,117.87346780054808,122.01393319319693,124.25328932692756,119.54408959480315,80.27483538505581,0.4483152469358913,-2.2711848262446863,2.7195000731805776,1,4.168785714285713,0.5,0.05,2258923.2,1822410.65,0.9440524582686122,1.170176436359171,98.82869692532945,93.40207630011166,3.260000000000005,0.04999999999999716,1.0899999999999892,,0,7.731140664933006,10.618395303326796,3.5778473581213324,,0,,,1.2843891223341064,14.05231675743237,11.806406441449324,127.99,8.378927322443626,127.99,0,25,20,20,117.75,116.935,117.3425,127.67500000000001,127.75,,,,,,126.31666666666666,129.23333333333332,130.71666666666664,133.63333333333333,124.83333333333333,121.91666666666667,120.43333333333334,0,0,0,0,0,0,0,0,0,0,0,0,0,0,0,0,0,0,0,0,0,0,,,,,,,,,,,,,,,,,,USD,1.0,stock,28.75
2026-04-21,128.07,128.38,123.1111,123.49,1978657,114.633,122.73049999999999,,118.40837562906731,122.07181816601275,124.23817468679037,119.58335238490463,67.55891766075062,0.7866316231355484,-1.6596215363686395,2.446253159504188,0,4.179421428571428,0.5,0.05,2384024.6,1843677.75,0.8299650095892467,1.0732119536616418,76.56923814087206,89.00903266083105,4.579999999999998,0.3100000000000023,0.37890000000000157,,0,4.115008803087447,7.172240667260507,0.6150295570491561,,0,,,-3.3346379647749558,4.448955425864831,7.823277743822565,128.38,4.291608886563622,128.38,0,25,20,20,117.945,117.07499999999999,117.50999999999999,127.67500000000001,123.49,,,,,,124.99369999999999,126.87629999999999,130.2626,132.1452,121.60739999999998,119.72479999999999,116.33849999999998,0,0,0,0,0,0,0,0,0,0,0,0,0,0,0,0,0,0,0,0,0,0,,,,,,,,,,,,,,,,,,USD,1.0,stock,25.0
2026-04-22,124.1,124.34,122.61,123.29,939430,115.171,122.2569,,118.8732922358228,122.1195900026397,124.21939895041828,119.62023445072649,66.70577882076856,1.0267754321451434,-1.1223421426658828,2.1491175748110263,0,4.155849999999999,0.5,0.05,2276316.3,1822729.65,0.41269747969559417,0.5153973327860224,75.61092477240061,83.66961994620071,0.8099999999999881,0.2400000000000091,0.6800000000000068,,0,3.5823730750078706,6.585286722361911,0.8379430610755167,,0,,,-0.16195643371932356,1.943112287084503,9.56189460588288,128.38,3.7154752603429757,128.38,0,25,20,20,118.25,117.07499999999999,117.6625,127.67500000000001,123.29,,,,,,123.41333333333334,124.21666666666668,125.14333333333335,125.94666666666669,122.48666666666668,121.68333333333334,120.75666666666667,0,0,0,0,0,0,0,0,0,0,0,0,0,0,0,0,0,0,0,0,0,0,,,,,,,,,,,,,,,,,,USD,1.0,stock,25.0
2026-04-23,123.03,124.075,120.32,121.53,1555678,115.4675,121.7343,,119.12631202288729,122.09646882606559,124.16614352565752,119.63923709300782,65.13892867373247,1.062822286131052,-0.6853092569064959,1.7481315430375477,0,4.178221428571428,0.5,0.05,2091217.6,1826564.1,0.7439101507179358,0.8516963625859064,67.17776712985147,73.11931001437472,1.5,1.0450000000000017,1.210000000000008,,0,1.9778556546636308,4.988480210647577,-0.16810664033572242,,0,,,-1.4275285911266145,-2.799328161241299,5.129757785467137,128.38,2.0177641163363633,128.38,0,25,20,20,118.935,117.07499999999999,118.005,127.67500000000001,121.53,,,,,,121.97499999999998,123.62999999999997,125.72999999999999,127.38499999999998,119.87499999999996,118.21999999999997,116.11999999999995,0,0,0,0,0,0,0,0,0,0,0,0,0,0,0,0,0,0,0,0,0,0,,,,,,,,,,,,,,,,,,USD,1.0,stock,25.0
2026-04-24,123.95,129.01,121.97,128.71,3524897,116.4075,121.40609999999998,,120.03904421118374,122.3558229897493,124.25612088158508,119.72949344034109,70.86425664352406,1.6517157211783342,-0.21790426128952994,1.869619982467864,1,4.614135714285713,0.5,0.05,2184756.5,1904546.35,1.6134049721330501,1.8507803708741453,98.60465116279079,80.46444768834763,4.760000000000005,0.29999999999998295,1.980000000000004,,0,6.736815934128096,9.558309377670739,5.674695050889618,,0,,,5.908006253599929,2.0455086022358016,17.104904012373765,129.01,7.223446209352957,129.01,0,25,20,20,121.49,117.38999999999999,119.44,127.67500000000001,128.71,,,,,,126.56333333333333,131.15666666666667,133.60333333333332,138.19666666666666,124.11666666666667,119.52333333333334,117.07666666666668,0,0,0,0,0,0,0,0,0,0,0,0,0,0,0,0,0,0,0,0,0,0,,,,,,,,,,,,,,,,,,USD,1.0,stock,27.0
2026-04-27,128.75,130.34,125.19,128.01,2045205,117.402,121.1987,,120.79818285773767,122.57755542152384,124.33045512155368,119.8118865404372,70.81339712918657,2.038436039563777,0.23336379888113146,1.8050722406826456,0,4.806992857142856,0.5,0.05,2183746.6,1940393.4,0.936557840547983,1.0540156444564284,89.79413053000432,85.1921829408822,0.7400000000000091,1.5900000000000034,2.819999999999993,,0,5.6337920023922505,8.286852589641427,5.320912428716499,,0,,,-0.5438582860694763,0.20352250489235058,18.39622641509433,130.34,5.97013710939309,130.34,0,25,20,20,123.89500000000001,118.055,120.97500000000001,126.91499999999999,128.01,,,,,,127.84666666666665,130.5033333333333,132.99666666666667,135.6533333333333,125.3533333333333,122.69666666666664,120.20333333333329,0,0,0,0,0,0,0,0,0,0,0,0,0,0,0,0,0,0,0,0,0,0,,,,,,,,,,,,,,,,,,USD,1.0,stock,27.0
2026-04-28,125.34,127.5,123.89,125.76,1817779,118.36000000000001,120.97370000000001,,121.27073687128646,122.70235716969938,124.35876294092886,119.87107174899006,64.88456865127583,2.1387048241727484,0.6144320039394549,1.5242728202332936,0,4.681992857142855,0.5,0.05,2149246.9,1953882.1,0.8457748618830159,0.9303422146095713,79.93867717915025,89.44581962398179,0.4200000000000017,1.7399999999999949,1.4500000000000028,,0,3.569706686318023,5.8842239185750564,3.8059001272264608,,0,,,-1.757675181626428,1.838205522714409,17.973733583489683,130.34,3.701851942631742,130.34,0,25,20,20,125.33,118.055,121.6925,125.18995000000001,125.76,,,,,,125.71666666666665,127.54333333333331,129.32666666666665,131.1533333333333,123.93333333333331,122.10666666666665,120.32333333333331,0,0,0,0,0,0,0,0,0,0,0,0,0,0,0,0,0,0,0,0,0,0,,,,,,,,,,,,,,,,,,USD,1.0,stock,25.0
2026-04-29,122.7,122.8,119.0001,121.01,1821538,118.8395,120.64730000000002,,121.24590478830679,122.63599022186804,124.29245080348471,119.8824043684031,65.73116691285081,1.8139729052860787,0.8543401842087797,0.959632721077299,0,4.736271428571427,0.5,0.05,2137725.0,1963167.55,0.852091826591353,0.927856616211897,58.01080108010802,75.91453626308754,1.6899999999999977,0.09999999999999432,2.009900000000002,,0,-0.19494652368133467,1.7936534170729725,0.29972729526484554,,0,,,-3.7770356234096636,-1.8492984021412973,8.607072338897858,130.34,-0.1945672216465114,130.34,0,25,20,20,124.67005,118.055,121.362525,122.82499999999999,121.01,,,,,,120.93669999999999,122.87329999999997,124.73659999999998,126.67319999999997,119.07339999999998,117.1368,115.27349999999998,0,0,0,0,0,0,0,0,0,0,0,0,0,0,0,0,0,0,0,0,0,0,,,,,,,,,,,,,,,,,,USD,1.0,stock,25.0
2026-04-30,121.15,126.85,121.15,126.53,1615613,119.571,120.4205,,121.74915195132519,122.78869648767714,124.33675870836619,119.94854959856825,69.71279373368147,1.979223135157909,1.0793167743986056,0.8999063607593034,0,4.921985714285712,0.5,0.05,2005292.5,1985753.8,0.8056744838969876,0.8136018674621194,81.72661870503597,73.22536565476476,5.3799999999999955,0.3199999999999932,0.0,,0,3.7784304502290462,5.499881451039282,4.828499170157272,,0,,,4.561606478803393,4.114210483008307,13.074173369079523,130.34,3.926801930075189,130.34,0,25,20,20,124.67005,118.055,121.362525,122.82499999999999,126.53,,,,,,124.84333333333332,128.53666666666663,130.5433333333333,134.23666666666662,122.83666666666664,119.14333333333333,117.13666666666666,0,0,0,0,0,0,0,0,0,0,0,0,0,0,0,0,0,0,0,0,0,0,,,,,,,,,,,,,,,,,,USD,1.0,stock,25.0
2026-05-01,125.8,127.787,125.65,125.88,921067,120.31700000000001,120.1959,,122.14256605119898,122.9099240763957,124.36731794186389,120.00756900554768,66.12415717275051,2.0342855872209498,1.2703105369630745,0.7639750502578753,0,4.793199999999998,0.5,0.05,1835240.6,1984039.5,0.5018780643802234,0.4642382371923543,72.75503970678065,70.83081983064156,0.0799999999999983,1.9070000000000107,0.14999999999999147,,0,2.969045081665882,4.419288210994589,4.5154909437559585,,0,,,-0.5137121631233699,-2.1987413565379588,13.44628695025234,130.34,3.059894735824018,130.34,0,25,20,20,124.67005,118.055,121.362525,122.785,125.88,,,,,,126.43900000000001,127.22800000000001,128.57600000000002,129.365,125.09100000000001,124.302,122.95400000000001,0,0,0,0,0,0,0,0,0,0,0,0,0,0,0,0,0,0,0,0,0,0,,,,,,,,,,,,,,,,,,USD,1.0,stock,25.0
2026-05-04,125.88,129.43,125.87,127.48,1436427,121.12700000000002,120.0283,,122.65089309394195,123.08914274006646,124.42895521034183,120.08192155275617,62.047408179213335,2.181878270891744,1.4526240837488085,0.7292541871429354,0,4.525057142857142,0.5,0.05,1765629.1,2012276.15,0.8135496860580741,0.71383194597819,77.8122575640031,77.43130532527324,1.6000000000000085,1.9500000000000028,0.009999999999990905,,0,3.7881290446015514,4.983526827737669,5.845387511766553,,0,,,1.271051795360667,-0.41403015389421816,14.557872034507557,130.34,3.937278224594176,130.34,0,25,20,20,124.67005,118.055,121.362525,121.85999999999999,127.48,,,,,,127.59333333333335,129.3166666666667,131.15333333333336,132.8766666666667,125.75666666666669,124.03333333333335,122.19666666666669,0,0,0,0,0,0,0,0,0,0,0,0,0,0,0,0,0,0,0,0,0,0,,,,,,,,,,,,,,,,,,USD,1.0,stock,25.0
2026-05-05,128.78,129.15,125.38,126.24,1421118,121.9085,119.87439999999998,,122.99271279928081,123.21270576986778,124.46481748340436,120.14319596516657,57.17768147345611,2.17373147580885,1.5968455621608169,0.5768859136480333,0,4.515771428571428,0.5,0.05,1709875.2,2046949.9,0.831123815352138,0.694261251826437,63.84447834636982,71.47059187238453,2.5400000000000063,0.37000000000000455,0.8599999999999994,,0,2.5723124213555018,3.4311628643852914,5.042458808618516,,0,,,-0.9727016002510247,0.3816793893129722,14.13072959045294,130.34,2.6402273165716963,130.34,0,25,20,20,124.67005,118.055,121.362525,121.19999999999999,126.24,,,,,,126.92333333333333,128.46666666666667,130.69333333333333,132.23666666666668,124.69666666666666,123.15333333333332,120.92666666666665,0,0,0,0,0,0,0,0,0,0,0,0,0,0,0,0,0,0,0,0,0,0,,,,,,,,,,,,,,,,,,USD,1.0,stock,25.0
2026-05-06,134.79,141.3,133.61,140.59,4578312,123.2625,120.01359999999998,,124.66864491363502,123.8941682886965,124.78412802828744,120.34664675158282,66.49003815175921,3.287306135207615,1.9349376767701765,1.3523684584374385,1,5.142200000000001,0.5,0.05,2073763.4,2175039.85,2.207731123039398,2.1049324682488,96.81612922031036,79.4909550435611,5.800000000000011,0.710000000000008,1.1799999999999784,,0,11.32467109066433,12.324845294828936,14.635749342058482,,0,,,11.367237008871989,16.18048095198743,23.856928904942286,141.3,12.770937790648643,141.3,0,25,20,20,130.15005000000002,124.4,127.27502500000001,123.535,140.59,,,,,,138.5,143.39,146.19,151.07999999999998,135.7,130.81,128.01,0,0,0,0,0,0,0,0,0,0,0,0,0,0,0,0,0,0,0,0,0,0,,,,,,,,,,,,,,,,,,USD,1.0,stock,26.5
2026-05-07,140.81,140.81,137.19,139.87,2387402,124.8445,120.15799999999999,,126.11639301709835,124.52067149306136,125.08285816634115,120.54090897296011,64.67948717948718,4.064866838323951,2.3609235090809313,1.7039433292430197,1,5.189342857142859,0.5,0.05,2156935.8,2124076.7,1.106848891839989,1.1239716531893598,93.58741519020262,84.74934091896094,0.9399999999999977,0.0,2.680000000000007,,0,9.833135756703838,10.742475155501543,14.093086437406175,,0,,,-0.512127462835199,10.542954240101166,29.234038621454307,141.3,10.905487109068366,141.3,0,25,20,20,130.15005000000002,124.405,127.27752500000001,123.535,139.87,,,,,,139.29,141.39,142.91,145.01,137.76999999999998,135.67,134.14999999999998,0,0,0,0,0,0,0,0,0,0,0,0,0,0,0,0,0,0,0,0,0,0,,,,,,,,,,,,,,,,,,USD,1.0,stock,25.0
2026-05-08,147.31,149.38,138.445,141.05,5215554,126.47650000000002,120.476,,127.53864130118423,125.16888045411778,125.39903919275024,120.74497953044309,64.34426229508196,4.721874604716234,2.8331137282079917,1.8887608765082424,1,5.656128571428574,0.5,0.05,2326001.5,2255379.0,2.2422831627580635,2.3124955938669287,72.58055490636906,87.66136643896068,6.259999999999991,2.069999999999993,2.605000000000018,,0,9.579127046306828,10.33215171924849,14.586316908897562,,0,,,0.8436405233431143,12.051159834763281,30.107923623282005,149.38,10.593933384399577,149.38,0,25,20,20,134.19004999999999,128.445,131.317525,127.57499999999999,141.05,,,,,,142.95833333333334,147.4716666666667,153.89333333333335,158.4066666666667,136.5366666666667,132.02333333333334,125.60166666666669,0,0,0,0,0,0,0,0,0,0,0,0,0,0,0,0,0,0,0,0,0,0,,,,,,,,,,,,,,,,,,USD,1.0,stock,25.0
2026-05-11,143.5,149.92,143.5,145.78,3938444,128.16500000000002,120.90280000000001,,129.2759135582143,125.97715965199552,125.80262257507202,120.99408421173221,73.7988468930173,5.560135679756172,3.3785181185176274,2.1816175612385447,1,5.91335,0.5,0.05,2515325.4,2349536.0,1.5657791234486005,1.676264590114814,86.61056471722098,84.25951160459756,2.280000000000001,4.139999999999986,0.0,,0,11.321228180673405,12.083276169570572,17.064892303470973,,0,,,3.353420772775606,14.355192971446495,30.149093830907958,149.92,12.766559514084364,149.92,0,25,20,20,134.46005,128.715,131.587525,127.845,145.78,,,,,,146.39999999999998,149.29999999999995,152.81999999999996,155.71999999999994,142.87999999999997,139.98,136.45999999999998,0,0,0,0,0,0,0,0,0,0,0,0,0,0,0,0,0,0,0,0,0,0,,,,,,,,,,,,,,,,,,USD,1.0,stock,28.5
2026-05-12,142.16,142.66,137.15,139.94,3117827,129.25050000000002,121.2304,,130.29154083838438,126.52472201858393,126.08257064289236,121.18260078673985,65.86620926243566,5.687660616841498,3.8403466181824015,1.8473139986590965,0,6.406207142857142,0.5,0.05,2645330.2,2397288.55,1.1786154333398529,1.300563922519882,67.72305214441187,75.63805725600065,2.219999999999999,0.5,2.789999999999992,,0,6.894711420334157,7.6386308417893245,13.369729884236097,,0,,,-4.006036493346143,10.852344740177443,18.3625137443965,149.92,7.4052844102778055,149.92,0,25,20,20,135.535,128.715,132.125,127.845,139.94,,,,,,139.91666666666666,142.6833333333333,145.42666666666665,148.1933333333333,137.17333333333332,134.40666666666667,131.66333333333333,0,0,0,0,0,0,0,0,0,0,0,0,0,0,0,0,0,0,0,0,0,0,,,,,,,,,,,,,,,,,,USD,1.0,stock,25.0
2026-05-13,139.96,152.37,139.96,150.5,5063551,130.7285,121.8662,,132.2161559966335,127.46492899824732,126.56608409550834,121.47431620179717,73.64125999673574,6.565149834024112,4.385307261350744,2.179842572673368,1,7.025849999999999,0.5,0.05,2969531.5,2553628.25,1.7051683068524446,1.9828849402805597,94.39614742627337,82.90992142930209,10.539999999999992,1.8700000000000045,0.0,,0,12.148733557054161,13.137209302325584,19.025780730897004,,0,,,7.546091181935122,7.048865495412193,24.441872002645937,152.37,13.828751763008492,152.37,0,25,20,20,138.875,129.94,134.4075,129.07,150.5,,,,,,147.61,155.26000000000002,160.02,167.67000000000002,142.85000000000002,135.20000000000002,130.44000000000003,0,0,0,0,0,0,0,0,0,0,0,0,0,0,0,0,0,0,0,0,0,0,,,,,,,,,,,,,,,,,,USD,1.0,stock,28.5
2026-05-14,143.98,144.77,140.65,143.29,2989236,131.6415,122.3524,,133.27080780647793,128.0855200179239,126.89725074708242,121.69138768237632,61.89233278955952,6.602668168466039,4.828779442773802,1.7738887256922364,0,7.195135714285714,0.5,0.05,3106893.8,2556093.15,0.9621300863260921,1.1694550333582328,72.78984953506,78.30301636858177,0.6899999999999977,0.7900000000000205,2.6399999999999864,,0,6.992248023952865,8.12931816595714,14.612045502128543,,0,,,-4.79069767441861,2.4451276185028847,14.60449492121889,152.37,7.517919609274743,152.37,0,25,20,20,138.875,129.94,134.4075,129.07,143.29,,,,,,142.90333333333334,145.15666666666667,147.02333333333334,149.27666666666667,141.03666666666666,138.78333333333333,136.91666666666666,0,0,0,0,0,0,0,0,0,0,0,0,0,0,0,0,0,0,0,0,0,0,,,,,,,,,,,,,,,,,,USD,1.0,stock,25.0
2026-05-15,137.795,138.345,135.05,135.33,4665224,132.1015,122.70039999999999,,133.46692134871813,128.36961727212295,127.06423588080357,121.8270952676263,55.33838973162195,5.92183303825999,5.04739016187104,0.87444287638895,0,7.415849999999998,0.5,0.05,3481309.5,2658275.05,1.3400773473315142,1.7549816750527754,48.936017189143534,72.04067138349231,2.464999999999975,0.5500000000000114,0.28000000000000114,,0,1.3766930106272677,2.3856498928545222,9.332446611985535,,0,,,-5.555167841440422,-4.055299539170509,7.294061682391195,152.37,1.3959104116997567,152.37,0,25,20,20,138.875,130.245,134.56,129.07,135.33,,,,,,136.24166666666667,137.43333333333334,139.53666666666666,140.72833333333332,134.13833333333335,132.9466666666667,130.84333333333336,0,0,0,0,0,0,0,0,0,0,0,0,0,0,0,0,0,0,0,0,0,0,,,,,,,,,,,,,,,,,,USD,1.0,stock,25.0
2026-05-18,143.24,143.36,133.2,137.71,3918591,132.59949999999998,123.0736,,133.87102407741165,128.73590679086323,127.27504309108468,121.98513412068475,58.69850050953559,5.5107874742722345,5.14006962435128,0.3707178499209549,0,7.847278571428572,0.5,0.05,3729525.9,2747577.5,1.0506941378259365,1.4261985330714055,56.068193192068314,59.26468663875729,5.530000000000001,0.12000000000000455,4.510000000000019,,0,2.7877248729855206,3.711059472805192,10.628422046329248,,0,,,1.7586640065026193,-5.535738784469746,7.796477495107634,152.37,2.8676675546819244,152.37,0,25,20,20,142.785,130.93,136.85750000000002,129.07,137.71,,,,,,138.09,142.98000000000002,148.25000000000003,153.14000000000004,132.82,127.92999999999998,122.65999999999997,0,0,0,0,0,0,0,0,0,0,0,0,0,0,0,0,0,0,0,0,0,0,,,,,,,,,,,,,,,,,,USD,1.0,stock,25.0
2026-05-19,138.75,140.24,137.11,137.68,1853592,133.30900000000003,123.3776,,134.23378368908672,129.0866555441627,127.48108184175626,122.14130194037944,63.02954509926528,5.123549069731695,5.136765513427363,-0.013216443695668545,0,7.588,0.5,0.05,3772773.3,2741324.25,0.49130754821658645,0.6761666373468954,52.94682895579757,52.65034644566981,1.0699999999999932,1.490000000000009,0.5699999999999932,,0,2.5030623989782725,3.1747530505519905,10.388146426496228,,0,,,-0.021784910318789485,-1.6149778476489907,11.490808972386436,152.37,2.567324123780521,152.37,0,25,20,20,142.785,133.17000000000002,137.97750000000002,129.07,137.68,,,,,,138.34333333333333,139.57666666666665,141.47333333333333,142.70666666666665,136.44666666666666,135.21333333333334,133.31666666666666,0,0,0,0,0,0,0,0,0,0,0,0,0,0,0,0,0,0,0,0,0,0,,,,,,,,,,,,,,,,,,USD,1.0,stock,25.0
2026-05-20,136.65,136.855,133.77,135.22,2232698,133.90550000000002,123.572,,134.32770905203083,129.32717885615634,127.6343277458799,122.27143823948015,57.13347561976686,4.565529817516392,5.02251837424517,-0.4569885567287777,0,7.450142857142858,0.5,0.05,3538211.9,2805987.65,0.6310243883358145,0.7956906011329024,36.45794738792145,48.49098984526245,1.4300000000000068,0.20499999999998408,1.4499999999999886,,0,0.6598808962943148,0.9721195089483665,8.614110338707288,,0,,,-1.786751888436966,-10.152823920265785,9.676372779625275,152.37,0.6642642491755371,152.37,0,25,20,20,142.785,134.91,138.8475,129.07,135.22,,,,,,135.28166666666667,136.79333333333332,138.36666666666665,139.8783333333333,133.70833333333334,132.1966666666667,130.62333333333336,0,0,0,0,0,0,0,0,0,0,0,0,0,0,0,0,0,0,0,0,0,0,,,,,,,,,,,,,,,,,,USD,1.0,stock,25.0
2026-05-21,130.588,132.42,129.74,131.18,2095165,134.38799999999998,123.6926,,134.0279272375517,129.3998385088561,127.70453907764465,122.36008064505747,54.12130637636082,3.754027214583971,4.76882014231293,-1.0147929277289593,0,7.688928571428571,0.5,0.05,3508988.2,2832962.0,0.5970852224581433,0.739566926771344,21.48944053353097,36.96473895908334,0.592000000000013,1.2399999999999807,0.8479999999999848,,0,-2.1710071943525593,-2.445494740051814,5.707729836865381,,0,,,-2.987723709510426,-8.451392281387381,7.940426232206055,152.37,-2.124875983871636,152.37,0,25,20,20,141.055,135.68505,138.370025,129.07,131.18,,,,,,131.11333333333332,132.48666666666662,133.7933333333333,135.1666666666666,129.80666666666664,128.43333333333334,127.12666666666667,0,0,0,0,0,0,0,0,0,0,0,0,0,0,0,0,0,0,0,0,0,0,,,,,,,,,,,,,,,,,,USD,1.0,stock,25.0
2026-05-22,127.55,129.27,126.57,127.79,3689136,134.34199999999998,123.7852,,133.43383892921344,129.33670758694018,127.70623137313683,122.41410969336536,50.234528673021636,2.8050262896131812,4.37606137177298,-1.5710350821597991,0,7.763928571428572,0.5,0.05,3356346.4,2841173.95,1.0991523401756147,1.298454816538072,8.929233049277547,22.292206990243333,0.2400000000000091,1.480000000000004,0.980000000000004,,0,-4.4164949755172005,-5.127161749745659,3.1338915408091426,,0,,,-2.5842354017380664,-5.571565802113354,-0.7147851759770063,152.37,-4.229690889885498,152.37,0,25,20,20,139.47,135.68505,137.57752499999998,129.07,127.79,,,,,,127.87666666666667,129.18333333333334,130.57666666666668,131.88333333333335,126.48333333333332,125.17666666666665,123.7833333333333,0,0,0,0,0,0,0,0,0,0,0,0,0,0,0,0,0,0,0,0,0,0,,,,,,,,,,,,,,,,,,USD,1.0,stock,25.0
2026-05-26,128.527,129.55,124.85,126.83,2628503,134.28300000000002,123.84039999999999,,132.80490188833596,129.2384053286288,127.6888802568371,122.45804890039656,50.448260142835444,1.9529597382586985,3.8914410450701244,-1.938481306811426,0,7.830357142857144,0.5,0.05,3225352.3,2870338.85,0.8149506644591973,0.9157465851113711,7.194767441860477,12.537813674889675,1.6969999999999885,1.0230000000000246,1.980000000000004,,0,-4.710953156458223,-5.876369944019568,2.3571710163210677,,0,,,-0.7512324908052315,-7.900660808946347,-0.9218029841418618,152.37,-4.499007042194675,152.37,0,25,20,20,138.61,135.68505,137.147525,129.07,126.83,,,,,,127.07666666666667,129.30333333333334,131.7766666666667,134.00333333333336,124.60333333333332,122.37666666666665,119.90333333333331,0,0,0,0,0,0,0,0,0,0,0,0,0,0,0,0,0,0,0,0,0,0,,,,,,,,,,,,,,,,,,USD,1.0,stock,25.0
2026-05-27,129.7,132.08,127.9017,129.91,2713792,134.4905,124.00259999999999,,132.52919694658968,129.26474237456495,127.73286282600863,122.5321976675568,40.209020902090195,1.5088282836276221,3.4149184927816245,-1.9060902091540024,1,7.129642857142858,0.5,0.05,3184948.8,2915139.5,0.8520677004289677,0.9309304065894617,18.386627906976745,11.5035427993716,0.21000000000000796,2.170000000000016,1.7982999999999834,,0,-2.016162686929168,-3.5259025479177897,4.547301978292672,,0,,,2.4284475281873386,-5.643521208599656,3.299936386768443,152.37,-1.9763169225610258,152.37,0,25,20,20,134.81,135.68505,135.247525,129.07,129.91,,,,,,129.9639,132.02609999999999,134.1422,136.2044,127.84779999999998,125.78559999999999,123.66949999999997,0,0,0,0,0,0,0,0,0,0,0,0,0,0,0,0,0,0,0,0,0,0,,,,,,,,,,,,,,,,,,USD,1.0,stock,25.0
2026-05-28,127.1,132.885,126.1725,132.05,2384696,135.04250000000002,124.2298,,132.48355914215256,129.37396816379768,127.81835069084015,122.62690216837714,43.012866333095076,1.3143796706416992,2.9948107283536394,-1.6804310577119401,1,7.350535714285714,0.5,0.05,2917063.3,2943297.4,0.817498886637119,0.8102123828873019,26.16279069767447,17.248062015503905,4.950000000000017,0.8349999999999795,0.9274999999999949,,0,-0.32832952832453344,-2.2661870503597172,5.922150700492248,,0,,,1.6472942806558422,-2.3443277621653547,9.123212957606807,152.37,-0.32725505335144645,152.37,0,25,20,20,134.10500000000002,135.68505,134.895025,129.07,132.05,,,,,,130.36916666666667,134.56583333333333,137.08166666666665,141.27833333333334,127.85333333333335,123.65666666666668,121.14083333333336,0,0,0,0,0,0,0,0,0,0,0,0,0,0,0,0,0,0,0,0,0,0,,,,,,,,,,,,,,,,,,USD,1.0,stock,25.0
2026-05-29,133.22,138.64,131.74,135.31,2813598,135.4815,124.49860000000001,,132.75274398575706,129.6067537260017,127.96670018211064,122.75310214680125,45.0551343900758,1.4071121855884314,2.677271019800598,-1.2701588342121664,1,7.062321428571427,0.5,0.05,2899499.5,3003196.65,0.9703736800092567,0.9368677206003143,38.00872093023258,27.519379844961275,2.0900000000000034,3.329999999999984,1.4799999999999898,,0,1.8899238890273728,-0.12674599068805623,7.990096814721744,,0,,,2.4687618326391547,3.1483457844183604,6.939065834189528,152.37,1.9263300610323386,152.37,0,25,20,20,134.10500000000002,135.68505,134.895025,129.07,135.31,,,,,,135.23,138.71999999999997,142.12999999999997,145.61999999999995,131.82,128.33,124.92000000000002,0,0,0,0,0,0,0,0,0,0,0,0,0,0,0,0,0,0,0,0,0,0,,,,,,,,,,,,,,,,,,USD,1.0,stock,25.0
2026-06-01,131.0,133.34,129.81,132.4,1985705,135.80749999999998,124.76639999999999,,132.71914932044686,129.71629279557027,128.05448829731637,122.84909118016643,38.10032017075774,1.231593646750838,2.3881355451906456,-1.1565418984398077,1,6.821607142857142,0.5,0.05,2631547.6,3056428.55,0.754576888519896,0.6496814721875308,27.434593023255847,30.53536821705431,1.4000000000000057,0.9399999999999977,1.1899999999999977,,0,-0.24104933568493528,-2.5736404833836635,5.765558912386718,,0,,,-2.1506171014706976,3.60748102355426,5.179536066094692,152.37,-0.24046968510646247,152.37,0,25,20,20,132.54500000000002,135.68505,134.115025,129.07,132.4,,,,,,131.85,133.89,135.38,137.42,130.35999999999999,128.32,126.82999999999998,0,0,0,0,0,0,0,0,0,0,0,0,0,0,0,0,0,0,0,0,0,0,,,,,,,,,,,,,,,,,,USD,1.0,stock,25.0
2026-06-02,137.085,139.9,134.97,136.72,2356539,136.2695,125.2156,,133.10018271849952,129.9909479800577,128.2260825884586,122.9871101733986,47.05667276051189,1.424659251402261,2.195440286432969,-0.770781035030708,1,6.740892857142858,0.5,0.05,2475342.4,3102434.15,0.9520052660189556,0.7595774434084283,43.13226744186046,36.19186046511631,0.3650000000000091,2.8149999999999977,1.75,,0,2.6476135762876494,0.3295055588063233,8.414569923932127,,0,,,3.262839879154078,7.797839627848302,7.248195795418888,152.37,2.7196185666823713,152.37,0,25,20,20,132.375,135.68505,134.030025,129.07,136.72,,,,,,137.1966666666667,139.42333333333337,142.1266666666667,144.35333333333338,134.49333333333337,132.26666666666668,129.56333333333336,0,0,0,0,0,0,0,0,0,0,0,0,0,0,0,0,0,0,0,0,0,0,,,,,,,,,,,,,,,,,,USD,1.0,stock,25.0
2026-06-03,134.34,136.96,132.58,132.68,1898978,136.5915,125.57860000000001,,133.06016531673765,130.0964010004476,128.31427897284556,123.08355683833992,31.506849315068493,1.23740684192515,2.0038335975314054,-0.7664267556062554,1,6.165892857142857,0.5,0.05,2479881.0,3126327.15,0.765753679309612,0.6074149981392702,39.307228915662684,36.62469646025968,1.6599999999999966,2.6200000000000045,0.09999999999999432,,0,-0.286527974628916,-2.9480705456737937,5.352276153150435,,0,,,-2.9549444119367996,2.132245400662014,5.101394169835238,152.37,-0.285709337450992,152.37,0,25,20,20,132.375,135.68505,134.030025,129.07,132.68,,,,,,134.07333333333335,135.5666666666667,138.45333333333335,139.9466666666667,131.1866666666667,129.69333333333336,126.8066666666667,0,0,0,0,0,0,0,0,0,0,0,0,0,0,0,0,0,0,0,0,0,0,,,,,,,,,,,,,,,,,,USD,1.0,stock,25.0
2026-06-04,132.05,135.78,131.89,134.8,2860011,136.302,126.024,,133.22586385800074,130.28085586317516,128.44270909219514,123.20013836233655,40.14852634021817,1.2457144203470705,1.8522097620945386,-0.6064953417474681,1,5.740178571428572,0.5,0.05,2542612.3,3040412.1,1.1248317330959188,0.9406655762223811,53.7547271745003,45.39807451067449,2.75,0.9799999999999898,0.160000000000025,,0,1.1677567818985723,-1.1142433234421223,6.510385756676565,,0,,,1.597829363883041,2.082544490723204,-4.118358346966355,152.37,1.1815544642871105,152.37,0,25,20,20,132.375,135.68505,134.030025,129.07,134.8,,,,,,134.15666666666667,136.42333333333335,138.04666666666668,140.31333333333336,132.53333333333333,130.26666666666665,128.64333333333332,0,0,0,0,0,0,0,0,0,0,0,0,0,0,0,0,0,0,0,0,0,0,,,,,,,,,,,,,,,,,,USD,1.0,stock,25.0
2026-06-05,128.5,129.375,120.41,121.66,4559852,135.3915,126.1452,,132.12435301438163,129.94278308422713,128.30839802106257,123.1848136025123,35.840066293764224,0.18982190292439327,1.5197321902605097,-1.3299102873361164,0,6.179464285714289,0.5,0.05,2789081.0,3149034.6,1.6348940744281002,1.4480158458722556,5.4466230936819136,32.83619306128164,6.840000000000003,0.875,1.25,,0,-8.60130939863688,-11.286782837415759,-3.686667762617135,,0,,,-9.74777448071218,-10.08794619762028,-13.019232144133841,152.37,-7.920078907211446,152.37,0,25,20,20,130.155,136.39,133.27249999999998,129.07,121.66,,,,,,123.815,127.22,132.78,136.185,118.255,114.85,109.28999999999999,0,0,0,0,0,0,0,0,0,0,0,0,0,0,0,0,0,0,0,0,0,0,,,,,,,,,,,,,,,,,,USD,1.0,stock,25.0
2026-06-08,121.365,122.5,118.131,119.1,2783261,134.29399999999998,126.329,,130.88393844158338,129.5175759044535,128.126053505794,123.14416869104453,30.794633642930847,-0.843824051215023,1.0470209419654033,-1.8908449931804263,0,5.76582142857143,0.5,0.05,2698493.5,3027419.95,1.0314128976037926,0.9193508155351886,4.38283052150705,21.194726929896433,2.2650000000000006,1.1350000000000051,0.9689999999999941,,0,-9.894154862790417,-12.757346767422325,-6.069689336691855,,0,,,-2.1042248890350224,-10.045317220543815,-15.56185749734138,152.37,-9.003349518583475,152.37,0,25,20,20,129.0155,135.2505,132.13299999999998,129.07,119.1,,,,,,119.91033333333333,121.68966666666665,124.27933333333333,126.05866666666665,117.32066666666665,115.54133333333333,112.95166666666665,0,0,0,0,0,0,0,0,0,0,0,0,0,0,0,0,0,0,0,0,0,0,,,,,,,,,,,,,,,,,,USD,1.0,stock,25.0
2026-06-09,120.42,122.83,117.53,121.11,2467375,133.0605,126.5888,126.985725,129.9530871614326,129.18786704545533,127.98712175320402,123.12392820655653,33.571286932381526,-1.4837025161251916,0.5408762503472844,-2.0245787664724757,0,5.92082142857143,0.5,0.05,2682380.7,2953866.5,0.9198451957248275,0.8353034912038171,16.003576218149295,8.611009944446096,0.6899999999999977,1.7199999999999989,2.8900000000000006,,0,-7.301698589243326,-9.867475848402272,-4.523821319461653,-4.851560564775826,0,,,1.6876574307304937,-11.417495611468699,-16.922760323775556,152.37,-6.804830385019925,152.37,0,25,20,20,128.715,134.95,131.83249999999998,129.07,121.11,,,,,,120.49000000000001,123.45000000000002,125.79,128.75,118.15000000000002,115.19000000000001,112.85000000000002,0,0,0,0,0,0,0,0,0,0,0,0,0,0,0,0,0,0,0,0,0,0,,,,,,,,,,,,,,,,,,USD,1.0,stock,25.0
2026-06-10,118.01,122.22,117.245,117.48,2329542,131.9375,126.8064,127.12307500000001,128.76517409843902,128.7287350044571,127.7790599363089,123.06776971693905,32.81007751937986,-2.2576961565405895,-0.018838231030290364,-2.238857925510299,0,5.996892857142859,0.5,0.05,2643955.7,2914452.25,0.8810820846960483,0.7993069709754208,1.0372986095784569,7.14123511641161,0.5300000000000011,4.209999999999994,0.23499999999999943,,0,-9.606038558426128,-12.30635001702417,-7.938712972420831,-8.208269492679614,1,,,-2.997275204359673,-11.45613506180283,-16.049735600971836,152.37,-8.764150848591772,152.37,0,25,20,20,128.5725,134.8075,131.69,129.07,117.48,,,,,,118.98166666666667,120.71833333333333,123.95666666666666,125.69333333333333,115.74333333333334,114.00666666666667,110.76833333333335,0,0,0,0,0,0,0,0,0,0,0,0,0,0,0,0,0,0,0,0,0,0,,,,,,,,,,,,,,,,,,USD,1.0,stock,25.0
2026-06-11,115.112,116.41,112.74,116.11,2376368,130.21800000000002,126.90019999999998,127.243975,127.5599194223972,128.23388265134113,127.5479894425206,122.99853817746703,34.60044962190884,-2.9476604485293763,-0.6046026745301075,-2.3430577739992686,0,5.944035714285717,0.5,0.05,2643122.9,2780093.1,0.8990758621174975,0.854780007187529,12.407952871870409,9.816275899866064,0.9980000000000047,0.29999999999999716,2.372,,0,-9.861268988370684,-12.150546895185615,-9.293084144345865,-9.589161140297998,1,,,-1.1661559414368416,-13.864985163204757,-22.85049833887043,144.77,-8.976110579438641,144.77,0,25,20,20,126.32,132.555,129.4375,129.07,116.11,,,,,,115.08666666666666,117.43333333333332,118.75666666666666,121.10333333333332,113.76333333333332,111.41666666666666,110.09333333333332,0,0,0,0,0,0,0,0,0,0,0,0,0,0,0,0,0,0,0,0,0,0,,,,,,,,,,,,,,,,,,USD,1.0,stock,25.0
2026-06-12,116.83,117.38,114.65,115.77,1581483,128.842,126.9776,127.36042500000002,126.43706995359747,127.74510293952385,127.31476192880731,122.92661242445742,36.90061028770705,-3.481761697825121,-1.1800344791891102,-2.3017272186360107,1,5.809750000000001,0.5,0.05,2519911.4,2709705.45,0.6275946844797797,0.5836364982031533,11.156111929307805,8.200454470252232,1.0600000000000023,0.5499999999999972,1.1199999999999903,,0,-9.214019135870672,-11.29135354582363,-9.680919063660706,-10.011596268463355,1,,,-0.2928257686676483,-4.8413611704751,-19.20580640658803,143.36,-8.436663359497576,143.36,0,25,20,20,126.32,132.555,129.4375,129.935,115.77,,,,,,115.93333333333334,117.21666666666667,118.66333333333333,119.94666666666666,114.48666666666668,113.20333333333335,111.75666666666669,0,0,0,0,0,0,0,0,0,0,0,0,0,0,0,0,0,0,0,0,0,0,,,,,,,,,,,,,,,,,,USD,1.0,stock,25.0
2026-06-15,117.92,118.77,116.44,116.75,1692336,127.91300000000001,127.0934,127.49487500000001,125.51449186277867,127.31392243209154,127.10555872229628,122.8651535943633,39.01960784313726,-3.7823622584092504,-1.7005000350331385,-2.081862223376112,1,5.688321428571428,0.5,0.05,2490574.5,2561061.05,0.6794962367116503,0.6607948685955769,14.764359351988231,12.776141384388824,1.1700000000000017,0.8499999999999943,0.3100000000000023,,0,-7.507059411373593,-9.561456102783735,-8.85944325481799,-9.203319057815852,1,,,0.8465060032823768,-1.9731318219983196,-13.729402202024687,143.36,-6.9828525238030945,143.36,0,25,20,20,124.85,132.555,128.7025,129.94,116.75,,,,,,117.32,118.19999999999999,119.64999999999999,120.52999999999999,115.86999999999999,114.99,113.53999999999999,0,0,0,0,0,0,0,0,0,0,0,0,0,0,0,0,0,0,0,0,0,0,,,,,,,,,,,,,,,,,,USD,1.0,stock,25.0
2026-06-16,112.23,114.25,111.88,112.72,2276580,126.6635,127.1222,127.603625,124.29596882822831,126.74161174848011,126.82069617333991,122.76420679242935,31.65421558164357,-4.296253156206973,-2.2196506592679057,-2.076602496939067,1,5.661178571428571,0.5,0.05,2482578.6,2478960.5,0.9170223250937553,0.9183607403183713,2.9978586723768847,9.639443317890985,0.4899999999999949,1.5300000000000011,0.3500000000000085,,0,-10.269667164858333,-12.370031937544358,-12.776969481902064,-13.204067601135552,1,,,-3.4518201284796546,-6.927586491619186,-18.14683029554862,140.24,-9.31322949356934,140.24,0,25,20,20,123.83,132.125,127.97749999999999,129.94,112.72,,,,,,112.95,114.02000000000001,115.32000000000001,116.39000000000001,111.65,110.58,109.28,0,0,0,0,0,0,0,0,0,0,0,0,0,0,0,0,0,0,0,0,0,0,,,,,,,,,,,,,,,,,,USD,1.0,stock,26.5
2026-06-17,113.6,114.88,111.3,111.61,1589070,125.35999999999999,127.14219999999999,127.685175,123.08778132077799,126.14821520932404,126.51949426891733,122.65321966016639,27.695329550414655,-4.738461088598839,-2.723412745134093,-2.0150483434647466,1,5.437428571428571,0.5,0.05,2451587.8,2465734.4,0.6481799264949842,0.6444611390423883,1.0839160839160915,6.2820447027604125,1.9899999999999949,1.2800000000000011,0.3100000000000023,,0,-10.283828797399869,-12.319684616073816,-13.916494937729585,-14.402988083505065,1,,,-0.984740951029095,-4.996595165134499,-18.935212085996522,139.9,-9.324874652558606,139.9,0,25,20,20,120.3375,131.835,126.08625,129.94,111.61,,,,,,112.59666666666668,113.89333333333336,116.17666666666668,117.47333333333336,110.31333333333336,109.01666666666668,106.73333333333336,0,0,0,0,0,0,0,0,0,0,0,0,0,0,0,0,0,0,0,0,0,0,,,,,,,,,,,,,,,,,,USD,1.0,stock,28.5
2026-06-18,112.65,113.605,110.93,111.76,2135238,124.18700000000001,127.1072,127.76252500000001,122.00894500451342,125.58397147562505,126.22722705567143,122.5448294147916,22.430344181690486,-5.018954926357722,-3.182521181378819,-1.836433744978903,1,5.135642857142858,0.5,0.05,2379110.5,2460861.4,0.8974942525788525,0.8676790980589155,2.8650327925440053,2.3156025162790033,0.8900000000000006,0.9549999999999983,0.8299999999999983,,0,-9.170494814346291,-11.119362920544027,-13.73228346456693,-14.318651574803154,1,,,0.13439655944809115,-3.746447334424252,-17.34950451116698,139.9,-8.4001586966712,139.9,0,25,20,20,116.88,131.65,124.265,129.94,111.76,,,,,,112.09833333333334,113.26666666666668,114.77333333333334,115.94166666666668,110.59166666666668,109.42333333333335,107.91666666666669,0,0,0,0,0,0,0,0,0,0,0,0,0,0,0,0,0,0,0,0,0,0,,,,,,,,,,,,,,,,,,USD,1.0,stock,27.0
2026-06-22,110.762,113.25,108.9748,111.74,2784064,123.215,127.17739999999999,127.83922499999998,121.0309502421788,125.04107063344367,125.94035127239081,122.43731867434592,24.058262179809148,-5.183114429714578,-3.582639831045971,-1.6004745986686073,1,5.048157142857144,0.5,0.05,2201531.7,2495306.35,1.2646031851369661,1.1157203202724988,8.941575155536562,4.296841343998896,0.9779999999999944,1.5100000000000051,1.7871999999999986,,0,-8.314793486825495,-10.26937533560051,-13.815464471093609,-14.407754608913542,1,,,-0.017895490336439224,-3.4810399930897518,-14.819332215276726,139.9,-7.676507722684102,139.9,0,25,20,20,115.9024,126.8724,121.3874,129.94,111.74,,,,,,111.3216,113.6684,115.5968,117.9436,109.39320000000001,107.0464,105.11800000000001,0,0,0,0,0,0,0,0,0,0,0,0,0,0,0,0,0,0,0,0,0,0,,,,,,,,,,,,,,,,,,USD,1.0,stock,27.0
2026-06-23,108.21,110.71,108.16,110.14,1668594,122.33250000000001,127.212,127.89887499999999,119.99371688578081,124.45671492232823,125.62747302937318,122.31495729450168,14.177897574124032,-5.380297921749573,-3.9421714491866915,-1.4381264725628817,1,4.768157142857143,0.5,0.05,2090065.0,2394279.25,0.7983455060010095,0.6969086834795899,6.875000000000011,6.227202649360201,1.9300000000000068,0.5699999999999932,0.04999999999999716,,0,-8.946537938787737,-11.070001815870718,-15.500272380606503,-16.123910477573986,1,,,-1.431895471630562,-5.661670235546035,-13.81172235699194,139.9,-8.21186070530704,139.9,0,25,20,20,115.19,125.76,120.475,129.94,110.14,,,,,,109.67,111.18,112.22,113.73,108.63000000000001,107.12,106.08000000000001,0,0,0,0,0,0,0,0,0,0,0,0,0,0,0,0,0,0,0,0,0,0,,,,,,,,,,,,,,,,,,USD,1.0,stock,28.75
2026-06-24,108.5,109.89,106.96,107.82,1487390,121.38199999999999,127.12819999999999,127.928175,118.83431527761121,123.80429472929576,125.27484980106877,122.17072886371062,14.867156585641638,-5.6585437013012125,-4.285445899609596,-1.3730978016916167,1,4.682442857142859,0.5,0.05,1992066.5,2337223.6,0.7466568008648305,0.6363918283214323,2.9840388619014546,6.266871339146018,0.6800000000000068,1.3900000000000006,0.8599999999999994,,0,-10.215465848276033,-12.578371359673529,-17.90780931181599,-18.649763494713415,1,,,-2.106410023606331,-4.3470546486870205,-14.988567373649776,139.9,-9.268631919896587,139.9,0,25,20,20,112.865,125.16,119.01249999999999,129.665,107.82,,,,,,108.22333333333331,109.48666666666664,111.15333333333332,112.41666666666664,106.55666666666663,105.29333333333331,103.62666666666662,0,0,0,0,0,0,0,0,0,0,0,0,0,0,0,0,0,0,0,0,0,0,,,,,,,,,,,,,,,,,,USD,1.0,stock,30.25
2026-06-25,107.09,107.2,103.34,103.99,2145883,120.08599999999998,126.8434,127.90487499999999,117.42057096545777,123.02726356344102,124.85336762679017,121.98982608894732,8.46589377190621,-6.117584768456453,-4.651873673378968,-1.4657110950774852,0,4.724585714285714,0.5,0.05,1973700.6,2308828.15,1.08723835823934,0.929425171812809,2.49663913961971,4.118559333840401,3.1000000000000085,0.10999999999999943,0.6499999999999915,,0,-12.915252394901216,-15.478411385710157,-21.976536205404372,-22.997283392633904,1,,,-3.552216657391949,-6.827345219962377,-19.952274651681932,139.9,-11.43800515959739,139.9,0,25,20,20,111.055,121.79,116.42250000000001,127.855,103.99,,,,,,104.84333333333335,106.34666666666669,108.70333333333335,110.20666666666669,102.4866666666667,100.98333333333335,98.6266666666667,0,0,0,0,0,0,0,0,0,0,0,0,0,0,0,0,0,0,0,0,0,0,,,,,,,,,,,,,,,,,,USD,1.0,stock,30.25
2026-06-26,100.32,104.63,100.32,104.22,1666960,118.69449999999999,126.509,127.88362500000001,116.16337373065227,122.28972381585511,124.444786089626,121.81301189900755,13.937138130686577,-6.389168684108498,-4.999332675524874,-1.3898360085836234,1,4.004585714285713,0.5,0.05,1902759.8,2272941.35,0.8760748466516898,0.7333933187497337,17.325633051976922,7.6021036844993715,3.9000000000000057,0.4099999999999966,0.0,,0,-11.459771378480395,-13.888409134523116,-21.386490117060067,-22.705454807138757,1,,,0.22117511299164505,-6.746599856836077,-21.07535024611891,139.9,-10.281531387290231,139.9,0,25,20,20,109.54499999999999,120.11,114.82749999999999,126.345,104.22,,,,,,103.05666666666666,105.79333333333332,107.36666666666666,110.10333333333332,101.48333333333332,98.74666666666666,97.17333333333332,0,0,0,0,0,0,0,0,0,0,0,0,0,0,0,0,0,0,0,0,0,0,,,,,,,,,,,,,,,,,,USD,1.0,stock,30.25
2026-06-29,109.205,112.26,108.15,112.18,4221927,117.53799999999998,126.25200000000001,127.906525,115.78400480392348,121.8932640583706,124.20191903834629,121.7171610343408,38.302907369844526,-5.894151311082524,-5.178296402636405,-0.7158549084461194,1,4.266799999999999,0.5,0.05,2166804.2,2343357.8,1.9484580101884608,1.8016570068813222,52.68769435806313,24.169988849886597,2.9750000000000085,0.0799999999999983,1.0549999999999926,,0,-3.2126981671630173,-4.776252451417343,-12.544125512569087,-14.019009627384554,1,,,7.637689502974476,0.39377125469841623,-17.094080260143375,139.9,-3.112696619905954,139.9,0,25,20,20,107.6,120.11,113.85499999999999,126.345,112.18,,,,,,110.86333333333334,113.57666666666668,114.97333333333334,117.68666666666668,109.46666666666668,106.75333333333334,105.35666666666668,0,0,0,0,0,0,0,0,0,0,0,0,0,0,0,0,0,0,0,0,0,0,,,,,,,,,,,,,,,,,,USD,1.0,stock,25.0
2026-06-30,113.09,115.8,111.44,114.29,2628219,116.63249999999998,126.01520000000001,127.91887499999999,115.64171863212124,121.59509684039529,124.00564341382457,121.64325893449661,38.51078167115906,-5.270828283086871,-5.196802778726498,-0.0740255043603728,1,4.199657142857142,0.5,0.05,2260392.5,2375483.5,1.1627268273098588,1.1063932879348561,63.78995433789959,44.60109391597988,1.2000000000000028,1.509999999999991,1.6500000000000057,,0,-1.182709451501648,-2.0496106396009908,-10.259165281301952,-11.92481844430832,1,,,1.8809056872882923,3.7679317232613085,-13.67824773413897,139.9,-1.1688849388526583,139.9,0,25,20,20,108.06,120.11,114.08500000000001,126.345,114.29,,,,,,113.84333333333335,116.2466666666667,118.20333333333335,120.6066666666667,111.8866666666667,109.48333333333335,107.5266666666667,0,0,0,0,0,0,0,0,0,0,0,0,0,0,0,0,0,0,0,0,0,0,,,,,,,,,,,,,,,,,,USD,1.0,stock,25.0
2026-07-01,114.73,119.88,114.73,117.94,4178699,115.6935,125.819,127.93467500000001,115.86060257191922,121.4517597093994,123.88553166305577,121.6064105868897,50.77441077441077,-4.431235275020896,-5.0436892779853775,0.6124540029644816,1,4.243585714285714,0.5,0.05,2450604.4,2466591.5,1.7051707733814565,1.6941187869981713,90.08179959100205,68.85314942898826,3.2099999999999937,1.9399999999999977,0.0,,0,1.763097700594185,1.9047820925894503,-6.680515516364258,-8.474372562319836,1,,,3.19363023886603,9.386013726581343,-13.736102984201292,136.96,1.7947407331927332,136.96,0,25,20,20,110.1,120.11,115.10499999999999,126.345,117.94,,,,,,117.51666666666667,120.30333333333333,122.66666666666666,125.45333333333332,115.15333333333334,112.36666666666667,110.00333333333334,0,0,0,0,0,0,0,0,0,0,0,0,0,0,0,0,0,0,0,0,0,0,,,,,,,,,,,,,,,,,,USD,1.0,stock,25.0
2026-07-02,113.63,115.4,111.11,113.3,3160304,114.7245,125.6152,127.927075,115.61673566030785,121.1320828580504,123.67591717467843,121.52375973527886,45.738550197148925,-4.09307852767553,-4.853567127923409,0.7604886002478786,1,4.392871428571427,0.5,0.05,2607727.8,2529657.8,1.2118994934977494,1.2493009924109104,66.35991820040901,73.4105573764369,0.3299999999999983,1.7700000000000102,2.1899999999999977,,0,-2.044779929662715,-1.2572815533980664,-10.869549867608125,-12.910039717563995,1,,,-3.9342038324571837,8.952783921530916,-14.606572203798617,135.78,-2.003806496591142,135.78,0,25,20,20,110.1,120.11,115.10499999999999,126.345,113.3,,,,,,113.27,115.42999999999999,117.56,119.72,111.13999999999999,108.97999999999999,106.84999999999998,0,0,0,0,0,0,0,0,0,0,0,0,0,0,0,0,0,0,0,0,0,0,,,,,,,,,,,,,,,,,,USD,1.0,stock,25.0
2026-07-06,113.0,114.87,112.64,114.39,1585592,113.704,125.43720000000002,127.88007499999999,115.49990369265949,120.86768745185235,123.492037626665,121.45277705134573,47.95373665480428,-3.694544568613779,-4.621762616061483,0.9272180474477043,1,4.357157142857142,0.5,0.05,2552763.2,2465936.85,0.6211277254388499,0.6429978123730135,71.93251533742334,76.12474437627814,1.3900000000000006,0.480000000000004,0.35999999999999943,,0,-0.9702803502574405,0.5997027712212668,-9.657487542617377,-11.793054462802683,1,,,0.9620476610767925,9.758203799654574,-15.140949554896144,129.375,-0.9609563793342154,129.375,0,25,20,20,110.1,120.11,115.10499999999999,126.345,114.39,,,,,,113.96666666666665,115.29333333333331,116.19666666666666,117.52333333333331,113.0633333333333,111.73666666666665,110.8333333333333,0,0,0,0,0,0,0,0,0,0,0,0,0,0,0,0,0,0,0,0,0,0,,,,,,,,,,,,,,,,,,USD,1.0,stock,25.0
2026-07-07,112.79,114.9,111.17,112.09,1905509,113.22550000000001,125.2484,127.75137500000001,115.17515096002525,120.52346441452481,123.2662547033647,121.35961509063583,43.35045662100458,-3.523675574264942,-4.402145207702175,0.8784696334372333,0,4.4093,0.5,0.05,2464907.7,2333219.7,0.7730549099262418,0.8166864869176271,60.17382413087938,66.15541922290392,0.7000000000000028,2.1099999999999994,0.9200000000000017,,0,-2.752387331631051,-1.0130252475689243,-11.739138192523866,-13.972142920867167,1,,,-2.0106652679430015,-0.08022820467106229,-7.866184448462921,122.83,-2.6786602268887267,122.83,0,25,20,20,110.1,120.11,115.10499999999999,126.345,112.09,,,,,,112.71999999999998,114.26999999999997,116.44999999999999,117.99999999999997,110.53999999999996,108.98999999999998,106.80999999999996,0,0,0,0,0,0,0,0,0,0,0,0,0,0,0,0,0,0,0,0,0,0,,,,,,,,,,,,,,,,,,USD,1.0,stock,25.0
2026-07-08,117.76,119.83,116.4301,117.62,3233349,113.15150000000001,125.0266,127.663225,115.40799372573713,120.4096030649356,123.15444767953569,121.32240499023149,56.70498084291188,-2.9085084069060088,-4.103417847542942,1.1949094406369332,1,4.614299999999999,0.5,0.05,2621383.2,2355724.1,1.2334514846970865,1.3725499518385875,88.4458077709612,73.51738241308799,0.14000000000000057,2.069999999999993,1.1899000000000086,,0,1.880637879835807,3.799098792722319,-6.297058323414382,-8.538705152184995,1,,,4.933535551788748,2.9136407384723118,-1.2426532325776618,122.83,1.9166837606757363,122.83,0,25,20,20,110.1,120.11,115.10499999999999,126.345,117.62,,,,,,117.96003333333333,119.48996666666666,121.35993333333333,122.88986666666666,116.09006666666666,114.56013333333333,112.69016666666666,0,0,0,0,0,0,0,0,0,0,0,0,0,0,0,0,0,0,0,0,0,0,,,,,,,,,,,,,,,,,,USD,1.0,stock,25.0
2026-07-09,115.92,118.3195,115.6276,117.51,1467964,112.97150000000002,124.8166,127.574025,115.60818479947645,120.29589314082048,123.04267643835676,121.28447061221925,58.30050647158132,-2.4021693623153197,-3.763168150497418,1.3609987881820982,1,4.550864285714285,0.5,0.05,2619440.6,2305753.55,0.5604112572737858,0.6366526032237921,87.88343558282213,78.83435582822091,1.5900000000000034,0.8094999999999999,0.29240000000000066,,0,1.6184283895188136,3.8622244915326225,-6.217853799676614,-8.564398774572377,1,,,-0.09352150994729191,-0.3645921655078821,-2.9725043349021485,122.22,1.6450523843292542,122.22,0,25,20,20,110.1,120.11,115.10499999999999,126.345,117.51,,,,,,117.15236666666668,118.67713333333336,119.84426666666668,121.36903333333336,115.98523333333335,114.46046666666668,113.29333333333335,0,0,0,0,0,0,0,0,0,0,0,0,0,0,0,0,0,0,0,0,0,0,,,,,,,,,,,,,,,,,,USD,1.0,stock,25.0
2026-07-10,118.23,119.44,117.05,117.53,1309406,112.974,124.652,127.47852499999999,115.79121481857392,120.18742674314124,122.93351452868633,121.24711269567976,58.147415984185244,-1.9764943916267015,-3.4058333987232747,1.4293390070965732,1,4.530507142857142,0.5,0.05,2535792.9,2254746.75,0.5163694558810382,0.5807330690242707,87.98568507157468,88.10497614178603,0.7000000000000028,1.2099999999999937,0.480000000000004,,0,1.4794394464613982,3.876457074789413,-6.059729430783629,-8.464668595252267,1,,,0.01701982809974023,3.7334510150044187,0.04256043581885027,119.88,1.501655530733032,119.88,0,25,20,20,114.015,118.64,116.3275,126.345,117.53,,,,,,118.00666666666666,118.96333333333332,120.39666666666666,121.35333333333332,116.57333333333332,115.61666666666666,114.18333333333332,0,0,0,0,0,0,0,0,0,0,0,0,0,0,0,0,0,0,0,0,0,0,,,,,,,,,,,,,,,,,,USD,1.0,stock,25.0
2026-07-13,114.15,116.1467,111.9,113.39,2790637,112.838,124.49959999999999,127.41762499999999,115.56252769299545,119.92086098850827,122.74453404296976,121.16893246985211,52.08702251454593,-1.9507206181056773,-3.114810842599755,1.1640902244940778,0,4.627278571428571,0.5,0.05,2648160.6,2275460.2,1.053802023940693,1.2264055420525481,66.82004089979553,80.89638718473078,0.7600000000000051,1.99669999999999,1.4899999999999949,,0,-1.9159782105965646,0.4868154158215069,-9.797689390598805,-12.371130611164993,1,,,-3.522504892367906,-0.8742022904099978,-2.342606149341142,119.88,-1.8799586131994301,119.88,0,25,20,20,115.495,118.05,116.77250000000001,126.345,113.39,,,,,,113.81223333333332,115.72446666666664,118.05893333333331,119.97116666666663,111.47776666666665,109.56553333333333,107.23106666666666,0,0,0,0,0,0,0,0,0,0,0,0,0,0,0,0,0,0,0,0,0,0,,,,,,,,,,,,,,,,,,USD,1.0,stock,25.0
2026-07-14,110.455,111.32,106.17,109.73,3939567,112.53599999999999,124.1636,127.30167499999999,115.00704886509112,119.52121938111578,122.48682049756442,121.05511224627149,49.50709305121424,-2.2002628682746206,-2.9319012477347286,0.731638379460108,0,4.887278571428571,0.5,0.05,2619924.6,2393364.4,1.5036948009877842,1.6460372687084341,48.108384458077765,67.638036809816,0.7249999999999943,0.8649999999999949,3.5600000000000023,,0,-4.809121357050139,-2.557185819739345,-13.153741000637927,-16.01355600109358,1,,,-3.2277978657729967,-2.1054509768935636,-5.217241081454604,119.88,-4.5884568964823655,119.88,0,25,20,20,113.025,114.8475,113.93625,126.345,109.73,,,,,,109.07333333333334,111.97666666666667,114.22333333333333,117.12666666666667,106.82666666666668,103.92333333333335,101.67666666666669,0,0,0,0,0,0,0,0,0,0,0,0,0,0,0,0,0,0,0,0,0,0,,,,,,,,,,,,,,,,,,USD,1.0,stock,25.0
2026-07-15,111.51,114.11,110.8,111.48,2809213,112.2725,123.87559999999999,127.182075,114.67113944936816,119.20587744460144,122.2688636560285,120.95983749755239,54.4612384202828,-2.2310978179138345,-2.79174056177055,0.5606427438567154,0,4.972992857142856,0.5,0.05,2638024.0,2449208.25,1.0648928895264032,1.1469882154773894,57.05521472392643,57.32788002726659,0.030000000000001137,2.5999999999999943,0.6800000000000068,,0,-2.862521931618363,-0.7108898457122261,-11.11912450663795,-14.085104951560812,1,,,1.5948236580697994,-5.2202006461486095,-4.513918629550318,119.88,-2.7828618994207917,119.88,0,25,20,20,113.0,111.57499999999999,112.2875,126.345,111.48,,,,,,112.13,113.46,115.44,116.77,110.14999999999999,108.82,106.83999999999999,0,0,0,0,0,0,0,0,0,0,0,0,0,0,0,0,0,0,0,0,0,0,,,,,,,,,,,,,,,,,,USD,1.0,stock,25.0
2026-07-16,114.1,116.41,112.75,112.82,2702782,112.2775,123.58239999999999,127.08947500000001,114.49484045419024,118.95545087814648,122.08175744501804,120.87884408961655,61.45860368543992,-2.1229360511876934,-2.6579796596539786,0.5350436084662853,0,5.005135714285713,0.5,0.05,2490432.3,2470518.35,1.0852662005708809,1.0940141367498848,63.90593047034764,56.35650988411729,1.2800000000000011,2.3100000000000023,0.06999999999999318,,0,-1.4845244231432777,0.48085445842934743,-9.539443361106187,-12.648001240914745,1,,,1.202009329027609,-3.9911496893881515,0.08871540099359976,119.88,-1.4628086711561077,119.88,0,25,20,20,113.0,111.57499999999999,112.2875,126.345,112.82,,,,,,113.99333333333334,115.23666666666668,117.65333333333334,118.89666666666668,111.57666666666668,110.33333333333334,107.91666666666669,0,0,0,0,0,0,0,0,0,0,0,0,0,0,0,0,0,0,0,0,0,0,,,,,,,,,,,,,,,,,,USD,1.0,stock,25.0
2026-07-17,108.01,108.99,106.98,107.24,2428102,112.059,123.2024,126.95137499999998,113.8039032680769,118.49602143194465,121.78786125798797,120.74313419817757,53.441203281677296,-2.459129127955677,-2.6182095533143186,0.15908042535864153,0,5.1144214285714265,0.5,0.05,2417212.1,2512469.95,1.0045051487207102,0.9664203147981928,7.804522246535329,42.92188914693648,0.7700000000000102,0.9799999999999898,0.2599999999999909,,0,-6.120760227598749,-4.493659082431932,-14.884744498321526,-18.38061823946288,1,,,-4.9459315724162405,-8.755211435378207,-3.9154197652540135,119.88,-5.767731228528203,119.88,0,25,20,20,113.0,111.27,112.13499999999999,126.345,107.24,,,,,,107.73666666666666,108.49333333333333,109.74666666666666,110.50333333333332,106.48333333333333,105.72666666666667,104.47333333333334,0,0,0,0,0,0,0,0,0,0,0,0,0,0,0,0,0,0,0,0,0,0,,,,,,,,,,,,,,,,,,USD,1.0,stock,25.0
2026-07-20,111.37,112.64,109.68,109.81,1870383,111.9615,122.5868,126.841575,113.42353152826004,118.15539314049586,121.55067588654266,120.63434679322059,46.921278254091966,-2.489489753594924,-2.5924655933704397,0.10297583977551561,0,4.925849999999998,0.5,0.05,2445691.2,2499227.2,0.7647666230307407,0.7483845406291992,26.549963530269892,32.75347208238429,1.5600000000000023,1.269999999999996,0.12999999999999545,,0,-3.2907126202167745,-1.9592933248338027,-11.635370184864762,-15.510040069210456,1,,,2.3964938455800056,-3.1572449069582786,-1.7448103078024357,119.88,-3.1858746413302343,119.88,0,25,20,20,113.0,110.1,111.55,126.345,109.81,,,,,,110.71,111.73999999999998,113.66999999999999,114.69999999999997,108.77999999999999,107.75,105.82,0,0,0,0,0,0,0,0,0,0,0,0,0,0,0,0,0,0,0,0,0,0,,,,,,,,,,,,,,,,,,USD,1.0,stock,25.0
2026-07-21,109.01,109.24,107.83,108.22,1383611,111.7855,121.95380000000002,126.69547499999999,112.92795709699719,117.76576988008426,121.28670210661113,120.51082095448207,42.00684751119304,-2.6117439217898237,-2.5963212590543168,-0.015422662735506965,0,4.755849999999998,0.5,0.05,2393501.4,2429204.55,0.5780698519750187,0.5695736902847478,14.95258935083879,16.43569170921468,0.7900000000000063,0.22999999999998977,0.39000000000000057,,0,-4.350357694508586,-3.2946775087784146,-12.690630197745348,-17.072144705230077,1,,,-1.4479555596029536,-1.3761049849631002,-3.150170037587252,119.88,-4.1689916456678535,119.88,0,25,20,20,112.805,110.1,111.4525,126.345,108.22,,,,,,108.42999999999999,109.02999999999999,109.83999999999999,110.43999999999998,107.61999999999999,107.02,106.21,0,0,0,0,0,0,0,0,0,0,0,0,0,0,0,0,0,0,0,0,0,0,,,,,,,,,,,,,,,,,,USD,1.0,stock,25.0
2026-07-22,107.25,108.25,106.55,107.52,1221976,111.65450000000001,121.2832,126.53192499999999,112.41291356394983,117.36397498282606,121.01409414410398,120.38155905443747,35.122786978869215,-2.733604094343761,-2.623777826112206,-0.10982626823155517,0,4.477992857142857,0.5,0.05,2192364.1,2406873.65,0.5573782201596897,0.5077025958550005,9.882869692532903,17.128474191213872,0.269999999999996,0.730000000000004,0.7000000000000028,,0,-4.550700859328342,-3.845331101190492,-12.800595238095235,-17.682221912202372,1,,,-0.6468305304010324,-3.5522066738428504,-2.3787906301071415,119.88,-4.352625876177772,119.88,0,25,20,20,112.805,110.1,111.4525,126.345,107.52,,,,,,107.44,108.33,109.14,110.03,106.63,105.74,104.92999999999999,0,0,0,0,0,0,0,0,0,0,0,0,0,0,0,0,0,0,0,0,0,0,,,,,,,,,,,,,,,,,,USD,1.0,stock,25.0
2026-07-23,107.4,108.21,105.51,107.39,1128327,111.633,120.51539999999999,126.35887500000001,111.93454084357366,116.97283870898974,120.74431010164646,120.25228981011472,40.31465093411996,-2.8082967754690173,-2.660681615983568,-0.14761515948544934,0,4.182992857142856,0.5,0.05,2158400.4,2388920.5,0.5227607444846656,0.47231668027462614,13.128491620111706,12.654650221161143,0.010000000000005116,0.8099999999999881,1.8799999999999955,,0,-4.231810078753754,-3.9510196480119144,-12.222180836204474,-17.663539435701658,1,,,-0.12090773809523281,-4.812976422620096,-0.3988128362084842,119.88,-4.059998646820344,119.88,0,25,20,20,110.96000000000001,110.1,110.53,126.345,107.39,,,,,,107.03666666666668,108.56333333333335,109.73666666666666,111.26333333333334,105.86333333333336,104.33666666666669,103.16333333333337,0,0,0,0,0,0,0,0,0,0,0,0,0,0,0,0,0,0,0,0,0,0,,,,,,,,,,,,,,,,,,USD,1.0,stock,25.0
2026-07-24,106.27,106.71,105.2,105.34,1282886,111.7005,119.8234,126.161025,111.30648933466188,116.51664895569603,120.43927425804951,120.10390881697926,35.62122656498252,-2.9983460638096773,-2.7282145055487903,-0.270131558260887,0,4.180135714285712,0.5,0.05,2155748.4,2345770.65,0.5951000589864754,0.5468931926486504,0.9569377990430664,7.989433037229234,0.9299999999999926,0.4399999999999977,0.14000000000000057,,0,-5.664030125936844,-6.038067210936019,-13.749193089045,-19.765544902221368,1,,,-1.908930067976533,-1.771726967549414,1.298201750168304,119.88,-5.360414626610501,119.88,0,25,20,20,110.805,110.1,110.4525,126.345,105.34,,,,,,105.75,106.3,107.25999999999999,107.80999999999999,104.79,104.24000000000001,103.28000000000002,0,0,0,0,0,0,0,0,0,0,0,0,0,0,0,0,0,0,0,0,0,0,,,,,,,,,,,,,,,,,,USD,1.0,stock,25.0
2026-07-27,106.4,107.03,104.84,105.29,2316409,111.75399999999999,118.9192,125.992775,110.73349035040837,116.0763882123354,120.13928862917724,119.95650673919837,38.364134154688564,-3.1170644969676147,-2.8059845038325553,-0.3110799931350594,0,4.070135714285712,0.5,0.05,2108325.6,2378243.1,1.098696045810002,0.9740000927575486,3.002001334222835,5.695810251125878,1.1099999999999994,0.6299999999999955,0.45000000000000284,,0,-5.169997483529649,-6.1392344952037075,-12.944439168012153,-19.66262228131825,1,,,-0.04746535029428456,-4.116200710317819,1.0266743427365332,119.88,-4.915848252577268,119.88,0,25,20,20,110.625,110.1,110.3625,126.345,105.29,,,,,,105.72000000000001,106.60000000000002,107.91000000000001,108.79000000000002,104.41000000000003,103.53000000000002,102.22000000000003,0,0,0,0,0,0,0,0,0,0,0,0,0,0,0,0,0,0,0,0,0,0,,,,,,,,,,,,,,,,,,USD,1.0,stock,25.0
2026-07-28,103.915,105.155,102.62,104.92,1914732,111.391,118.15180000000001,125.827875,110.17982460275044,115.63888279224382,119.83791657711433,119.8068897567188,23.607647547797157,-3.2040710813851803,-2.8856018193430804,-0.3184692620420999,0,3.7079928571428553,0.5,0.05,1905842.1,2262883.35,1.0046645522207742,0.8461470185814041,13.674197384066575,5.877712172444169,1.0049999999999955,0.23499999999999943,1.2950000000000017,,0,-5.013176327440375,-6.167556233320629,-12.611322912695394,-19.927444719786507,1,,,-0.3514103903504595,-3.0493439290334434,-6.471741843465861,119.88,-4.773854579742306,119.88,0,25,20,20,109.515,110.1,109.8075,126.345,104.92,,,,,,104.23166666666667,105.84333333333333,106.76666666666667,108.37833333333333,103.30833333333334,101.69666666666667,100.77333333333334,0,0,0,0,0,0,0,0,0,0,0,0,0,0,0,0,0,0,0,0,0,0,,,,,,,,,,,,,,,,,,USD,1.0,stock,27.0
2026-07-30,104.31,107.92,102.94,107.48,2291326,111.05050000000001,117.59479999999999,125.70327499999999,109.92269845010755,115.3189266043127,119.59320535776553,119.68423413724898,31.08261033572235,-3.031508478505671,-2.9147831511755986,-0.11672532733007257,1,3.8714285714285697,0.5,0.05,1854053.4,2246038.7,1.2358468208089368,1.0201631877491693,28.894173602853755,15.190124107047732,3.1700000000000017,0.4399999999999977,1.3700000000000045,,0,-2.2727004559988297,-3.3220133978414683,-9.410867138072188,-16.955038146631917,1,,,2.43995425085779,-0.037202380952372494,-5.958526555254185,119.88,-2.2221965840988256,119.88,0,25,20,20,107.63,110.1,108.865,122.545,107.48,,,,,,106.11333333333334,109.28666666666669,111.09333333333335,114.2666666666667,104.30666666666669,101.13333333333334,99.32666666666668,0,0,0,0,0,0,0,0,0,0,0,0,0,0,0,0,0,0,0,0,0,0,,,,,,,,,,,,,,,,,,USD,1.0,stock,25.0
2026-07-31,109.99,111.205,107.77,111.11,2868704,110.70900000000002,117.06280000000001,125.650375,110.03577478819254,115.15387065904554,119.4252210932553,119.59891837468929,39.34262948207171,-2.5721901032752186,-2.846264541595523,0.2740744383203042,1,3.966785714285712,0.5,0.05,1870645.6,2180538.95,1.533536870907028,1.3155940186255328,61.56635242929659,34.71157447207232,1.1200000000000045,0.09499999999999886,2.219999999999999,,0,0.9668123587503006,0.36090360903607416,-5.357573575735767,-13.086468364683645,1,,,3.377372534425005,3.46400968432814,-5.791080210276411,119.83,0.9762508728413383,119.83,0,25,20,20,107.63,110.1,108.865,121.84,111.11,,,,,,110.02833333333332,112.28666666666665,113.46333333333332,115.72166666666665,108.85166666666665,106.59333333333332,105.41666666666664,0,0,0,0,0,0,0,0,0,0,0,0,0,0,0,0,0,0,0,0,0,0,,,,,,,,,,,,,,,,,,USD,1.0,stock,25.0
2026-08-03,111.28,113.94,110.83,113.06,2361518,110.697,116.57039999999999,125.58707499999998,110.3237962369361,115.07175808418101,119.29917711121064,119.53385451026453,49.4092373791622,-2.0274570160915317,-2.6825030364947247,0.6550460204031929,1,3.7867857142857124,0.5,0.05,1863987.2,2140599.65,1.2669174981459101,1.1032039550226032,75.70703408266863,55.389186704939675,1.7800000000000011,0.8799999999999955,0.45000000000000284,,0,2.4201342323225705,2.0900406863612235,-3.1049000530691577,-11.08002388112505,1,,,1.7550175501755083,7.328650085437638,-0.21182700794351028,119.83,2.4801573698456765,119.83,0,25,20,20,108.28,110.1,109.19,121.84,113.06,,,,,,112.61,114.39,115.72,117.5,111.28,109.5,108.17,0,0,0,0,0,0,0,0,0,0,0,0,0,0,0,0,0,0,0,0,0,0,,,,,,,,,,,,,,,,,,USD,1.0,stock,25.0
2026-08-04,111.79,113.38,111.55,112.58,2022628,110.60650000000001,116.11759999999998,125.550275,110.53867278579933,114.97404208087981,119.16612409910746,119.46466192807284,55.75757575757575,-1.615857508855413,-2.4691739309668628,0.8533164221114498,1,3.401785714285712,0.5,0.05,1879211.7,2162451.45,1.0763172664367724,0.93534030555923,72.22625090645394,69.8332124728064,0.789999999999992,0.7999999999999972,0.2400000000000091,,0,1.813223675786697,1.7529756617516319,-3.142298809735285,-11.520940664416415,1,,,-0.4245533345126562,6.923734447715835,-1.5823061456420984,119.83,1.846708633960465,119.83,0,25,20,20,108.28,110.1,109.19,120.28,112.58,,,,,,112.50333333333333,113.45666666666666,114.33333333333333,115.28666666666666,111.62666666666667,110.67333333333333,109.79666666666667,0,0,0,0,0,0,0,0,0,0,0,0,0,0,0,0,0,0,0,0,0,0,,,,,,,,,,,,,,,,,,USD,1.0,stock,25.0
2026-08-05,114.41,114.4469,111.04,111.11,1662262,110.5575,115.71620000000001,125.49792500000001,110.59308490143749,114.82251101888453,119.00659688922414,119.38153096361441,49.24397221087045,-1.3922298891250335,-2.253785122598497,0.8615552334734633,1,3.3322785714285694,0.5,0.05,1907076.8,2150289.1,0.8716282427640041,0.7730411692083636,61.56635242929659,69.8332124728064,3.299999999999997,0.03690000000000282,0.06999999999999318,,0,0.46522824098866583,0.4972549725497209,-4.145621456214576,-12.949261992619935,1,,,-1.3057381417658553,5.899733130003804,-0.8742974395575032,119.83,0.46740273049005776,119.83,0,25,20,20,108.53345,111.25,109.89172500000001,120.11,111.11,,,,,,112.19896666666666,113.35793333333332,115.60586666666666,116.76483333333331,109.95103333333333,108.79206666666667,106.54413333333333,0,0,0,0,0,0,0,0,0,0,0,0,0,0,0,0,0,0,0,0,0,0,,,,,,,,,,,,,,,,,,USD,1.0,stock,25.0
2026-08-06,108.86,109.75,107.62,109.33,1523538,110.143,115.34700000000001,125.440125,110.4727911013006,114.60711842990867,118.81498110923951,119.28151573014561,42.99478121236453,-1.3431514988619284,-2.0716583978511833,0.7285068989892549,0,3.2294214285714267,0.5,0.05,1937233.0,2064798.55,0.7864505715110159,0.7378627808509455,56.73507005216918,63.509224462639914,0.46999999999999886,0.4200000000000017,1.2399999999999949,,0,-1.0452676313002858,-0.7436202323241584,-5.503521448824668,-14.735319674380312,1,,,-1.6020160201602018,1.721250465202817,-7.048121067845614,119.44,-1.034454810010814,119.44,0,25,20,20,108.53345,111.25,109.89172500000001,120.11,109.33,,,,,,108.89999999999999,110.17999999999998,111.02999999999999,112.30999999999997,108.04999999999998,106.77,105.91999999999999,0,0,0,0,0,0,0,0,0,0,0,0,0,0,0,0,0,0,0,0,0,0,,,,,,,,,,,,,,,,,,USD,1.0,stock,25.0
2026-08-07,110.0,110.43,108.44,109.71,1658152,109.753,115.00460000000001,125.38862499999999,110.40014432974816,114.41507456991225,118.63468445361102,119.18627676765661,56.26585489599188,-1.259079808497816,-1.90914267998051,0.6500628714826939,0,2.954421428571428,0.5,0.05,1990215.5,2074307.95,0.8331519878123751,0.7993760039342278,59.948084451546826,59.416502311004216,0.29000000000000625,0.4300000000000068,1.269999999999996,,0,-0.6290623733006698,-0.03919423935831407,-4.8259958071278986,-14.29097165253851,1,,,0.34757157230402846,-1.2600126001260037,-6.637732958897125,119.44,-0.6251299162135245,119.44,0,25,20,20,108.53345,111.25,109.89172500000001,120.11,109.71,,,,,,109.52666666666666,110.61333333333332,111.51666666666667,112.60333333333332,108.6233333333333,107.53666666666665,106.6333333333333,0,0,0,0,0,0,0,0,0,0,0,0,0,0,0,0,0,0,0,0,0,0,,,,,,,,,,,,,,,,,,USD,1.0,stock,25.0
2026-08-10,109.37,109.9,107.63,109.5,2107432,109.35150000000002,114.59640000000002,125.325525,110.31441629834357,114.22232654756276,118.45379961294545,119.08989590429684,49.106628242074926,-1.195615323927683,-1.7664372087699447,0.5708218848422617,0,2.7308499999999998,0.5,0.05,2072670.1,2114209.25,1.0167715547206475,0.9967944279876744,58.17247123083816,58.28520857818473,0.12999999999999545,0.4000000000000057,1.740000000000009,,0,-0.7437591765694734,0.13561643835615006,-4.654246575342482,-14.452534246575341,1,,,-0.1914137270987104,-3.148770564302139,-6.8322981366459645,116.41,-0.7382682387957323,116.41,0,25,20,20,108.53345,111.225,109.87922499999999,120.11,109.5,,,,,,109.00999999999999,110.38999999999999,111.28,112.66,108.11999999999998,106.73999999999998,105.84999999999997,0,0,0,0,0,0,0,0,0,0,0,0,0,0,0,0,0,0,0,0,0,0,,,,,,,,,,,,,,,,,,USD,1.0,stock,25.0
2026-08-11,107.0,107.0,105.03,105.94,2014596,108.97900000000001,114.0742,125.25952500000001,109.89780522231085,113.8975294280505,118.20600160080791,118.95905116893071,44.099378881987576,-1.4162557952880803,-1.696400926073572,0.28014513078549164,0,2.9087071428571423,0.5,0.05,2042488.8,2075407.2,0.9863437194857567,0.9706991476178747,28.07159948929977,48.7307183905616,1.0600000000000023,0.0,0.9099999999999966,,0,-3.7358931681242713,-2.8686048706815326,-7.678119690390794,-18.236289409099506,1,,,-3.2511415525114162,-5.898028068928762,-6.570244289619898,116.41,-3.6013505586436962,116.41,0,25,20,20,108.69345,111.225,109.959225,120.11,105.94,,,,,,105.99000000000001,106.95000000000002,107.96000000000001,108.92000000000002,104.98000000000002,104.02000000000001,103.01000000000002,0,0,0,0,0,0,0,0,0,0,0,0,0,0,0,0,0,0,0,0,0,0,,,,,,,,,,,,,,,,,,USD,1.0,stock,25.0
2026-08-12,104.75,105.0,103.45,104.84,1938286,108.7345,113.4648,125.198575,109.41610948685268,113.54233219557794,117.94132830178201,118.81856309759807,43.20486815415823,-1.6607318820201442,-1.6892671172628866,0.028535235242742374,0,2.965135714285713,0.5,0.05,2044844.2,1975343.15,0.9478893306394688,0.981240145541295,18.7707683332065,35.00494635111482,0.09000000000000341,0.1599999999999966,1.2999999999999972,,0,-4.364850712373782,-3.7147081266692044,-8.226631056848523,-19.41870946203739,1,,,-1.038323579384548,-5.643056430564297,-4.45639296454935,116.41,-4.1822995793892055,116.41,0,25,20,20,108.94845000000001,111.225,110.086725,120.11,104.84,,,,,,104.42999999999999,105.40999999999998,105.97999999999999,106.95999999999998,103.85999999999999,102.88,102.30999999999999,0,0,0,0,0,0,0,0,0,0,0,0,0,0,0,0,0,0,0,0,0,0,,,,,,,,,,,,,,,,,,USD,1.0,stock,25.0
2026-08-13,104.28,105.2668,103.76,104.68,1968641,108.39450000000002,112.91040000000001,125.119575,108.96505144048575,113.19478975653567,117.67872774135068,118.67788087772148,43.13924050632913,-1.8461107889239514,-1.7206358515950997,-0.12547493732885173,0,2.8799071428571423,0.5,0.05,2012575.7,1933314.55,0.9781699143043414,1.0182724792507252,17.417920165047505,21.42009599585127,0.4000000000000057,0.5867999999999967,0.519999999999996,,0,-4.093476729543126,-3.5484333205961165,-7.862437905999238,-19.52576901031715,1,,,-0.15261350629530712,-4.253178450562512,-6.099748833871543,116.41,-3.9325007273787627,116.41,0,25,20,20,108.94845000000001,111.225,110.086725,120.11,104.68,,,,,,104.56893333333335,105.37786666666669,106.07573333333335,106.88466666666669,103.87106666666669,103.06213333333335,102.3642666666667,0,0,0,0,0,0,0,0,0,0,0,0,0,0,0,0,0,0,0,0,0,0,,,,,,,,,,,,,,,,,,USD,1.0,stock,25.0
2026-08-14,103.92,105.01,102.81,103.67,2745368,107.93699999999998,112.24940000000001,125.024125,108.46076082710616,112.8212685896127,117.401327192017,118.52854872968446,45.53714591127739,-2.0508821742312193,-1.7866851161223236,-0.2641970581088957,0,2.880621428571428,0.5,0.05,2000242.1,1935443.85,1.3725178567134448,1.4184694637356696,8.878066103543597,15.022251533932545,0.25,1.0900000000000034,0.8599999999999994,,0,-4.621164104472031,-4.115944824925226,-8.275682453940394,-20.598172084498888,1,,,-0.9648452426442522,-5.50542338893446,-8.110264137564249,114.4469,-4.417045197334503,114.4469,0,25,20,20,108.62845,111.03,109.82922500000001,120.11,103.67,,,,,,103.83,104.85,106.03,107.05,102.64999999999999,101.63,100.44999999999999,0,0,0,0,0,0,0,0,0,0,0,0,0,0,0,0,0,0,0,0,0,0,,,,,,,,,,,,,,,,,,USD,1.0,stock,25.0
2026-08-17,102.83,104.28,101.835,104.12,3703053,107.78100000000002,111.6782,124.901425,108.04735503404844,112.4800423704122,117.13833061395727,118.385180085608,46.93877551020408,-2.1520462832414182,-1.8597573495461428,-0.2922889336952754,0,2.8988357142857146,0.5,0.05,2134395.6,1999191.4,1.7349422009678055,1.852275374934086,18.117809370515225,14.804598546368785,1.2900000000000063,0.1599999999999966,0.9950000000000045,,0,-3.771950666585125,-3.51613522858242,-7.25912408759124,-19.959109681137146,1,,,0.4340696440628955,-4.9132420091324125,-2.9093621782916745,114.4469,-3.6348460661631408,114.4469,0,25,20,20,108.14095,110.63749999999999,109.389225,120.11,104.12,,,,,,103.41166666666668,104.98833333333336,105.85666666666668,107.43333333333337,102.54333333333335,100.96666666666667,100.09833333333334,0,0,0,0,0,0,0,0,0,0,0,0,0,0,0,0,0,0,0,0,0,0,,,,,,,,,,,,,,,,,,USD,1.0,stock,25.0
2026-08-18,94.35,97.44,89.6,90.87,16215738,106.83399999999999,110.79960000000001,124.72167500000002,106.41141645937716,111.63258972843526,116.61816565130464,118.11139719918404,28.040012503907477,-3.2637612258192803,-2.14055812480077,-1.1232031010185102,0,3.745264285714287,0.5,0.05,3553706.6,2716459.15,4.563049183632661,5.969439297476644,5.111301611066209,10.702392361708354,3.4799999999999898,3.0900000000000034,1.2700000000000102,,0,-17.102912357628654,-17.567954220314714,-21.9319907560251,-37.25286123032905,1,,,-12.72570111409912,-14.225033037568425,-17.24797377288043,114.4469,-14.605027333049492,114.4469,0,25,20,20,100.015,103.005,101.50999999999999,113.28,90.87,,,,,,92.63666666666666,95.67333333333332,100.47666666666666,103.51333333333332,87.83333333333331,84.79666666666665,79.99333333333331,0,0,0,0,0,0,0,0,0,0,0,0,0,0,0,0,0,0,0,0,0,0,,,,,,,,,,,,,,,,,,USD,1.0,stock,30.0
2026-08-19,91.76,93.04,90.14,92.87,4598017,106.06649999999999,110.2238,124.548025,105.12175774896029,110.8968018959476,116.1479049453382,117.86023901809763,26.757874642061722,-3.938024941789763,-2.5000514881985687,-1.4379734535911943,0,3.5966928571428585,0.5,0.05,3847282.1,2877179.45,1.1951338322708387,1.5980987908140383,13.160595486760963,12.129902156114142,1.1099999999999994,0.1700000000000017,1.6200000000000045,,0,-13.192374016324202,-14.209647894906844,-18.68612038333153,-34.11007322063098,1,,,2.2009464069549844,-11.417397939717667,-14.184069488079832,114.4469,-11.654825805156843,114.4469,0,25,20,20,100.015,103.005,101.50999999999999,112.69,92.87,,,,,,92.01666666666667,93.89333333333333,94.91666666666667,96.79333333333334,90.99333333333333,89.11666666666666,88.09333333333332,0,0,0,0,0,0,0,0,0,0,0,0,0,0,0,0,0,0,0,0,0,0,,,,,,,,,,,,,,,,,,USD,1.0,stock,28.5
2026-08-20,93.3,94.16,91.3,91.97,4327611,105.28900000000002,109.6812,124.398825,103.86920939191646,110.15457437061633,115.669134550381,117.6026246995096,16.65505226480836,-4.493211329609494,-2.8986834564807538,-1.5945278731287402,0,3.5349071428571444,0.5,0.05,4127689.4,3032461.2,1.0484342644579798,1.427095258465302,9.5384132426983,9.270103446841835,1.3299999999999983,0.8599999999999994,0.6700000000000017,,0,-12.938142211499901,-14.481896270523015,-19.257583994780912,-35.260220724149185,1,,,-0.9690965866264722,-12.141765380206348,-14.462425595238093,114.4469,-11.4559545235573,114.4469,0,25,20,20,99.75,103.005,101.3775,109.4875,91.97,,,,,,92.47666666666665,93.6533333333333,95.33666666666664,96.51333333333329,90.7933333333333,89.61666666666665,87.9333333333333,0,0,0,0,0,0,0,0,0,0,0,0,0,0,0,0,0,0,0,0,0,0,,,,,,,,,,,,,,,,,,USD,1.0,stock,30.25
2026-08-21,94.97,95.22,92.52,93.21,3504171,104.58,109.1232,124.260525,102.85404659268632,109.49008125804315,115.2243992127497,117.35991201593241,14.540907466952461,-4.778064353347347,-3.2745596358540725,-1.503504717493274,1,3.5449071428571446,0.5,0.05,4312291.3,3151253.4,0.8126007164682961,1.1119927708765027,14.528975445629026,12.409328058362775,1.7600000000000051,0.25,0.6899999999999977,,0,-10.34657932913456,-12.198261989056974,-17.072417122626334,-33.31243965239782,1,,,1.3482657388278696,-10.089707726439666,-13.20420895800355,114.4469,-9.376438664467758,114.4469,0,25,20,20,98.3,103.005,100.6525,106.215,93.21,,,,,,93.64999999999999,94.77999999999999,96.35,97.47999999999999,92.07999999999998,90.94999999999999,89.37999999999998,0,0,0,0,0,0,0,0,0,0,0,0,0,0,0,0,0,0,0,0,0,0,,,,,,,,,,,,,,,,,,USD,1.0,stock,30.25
