date,open,high,low,close,volume,SMA_20,SMA_50,SMA_200,EMA_20,EMA_50,EMA_100,EMA_200,RSI_14,MACD,MACD_Signal,MACD_Hist,MACD_Hist_Subiendo,ATR_14,BB_PctB,BB_Width,Vol_SMA_10,Vol_SMA_20,VolRel10,VolRel20,Stoch_K,Stoch_D,Body,Mecha_Sup,Mecha_Inf,Position_52w_Pct,RS_vs_SPY,Dist_EMA_20_pct,Dist_SMA_20_pct,Dist_SMA_50_pct,Dist_SMA_200_pct,Dist_BUY_ZONE,High_52W,Low_52W,Ret_1,Ret_5,Ret_20,Swing_High_20,Dist_EMA_20,TP_Dinamico,VWAP,ADX_14,Plus_DI,Minus_DI,Tenkan,Kijun,Senkou_A,Senkou_B,Chikou,Fib_236,Fib_382,Fib_500,Fib_618,Fib_786,Pivot_PP,Pivot_R1,Pivot_R2,Pivot_R3,Pivot_S1,Pivot_S2,Pivot_S3,Vol_Dryup,Vol_Climax,BB_Squeeze,BB_Breakout,MACD_Cross_Up,Golden_Cross,SMA20_Cross_Up,Oversold,Overbought,Trend_Up,Breakout_Vol,TP_Agotamiento,Vol_Climax_Up,MACD_Divergence,Trend_Weakness,Overextended,Exhaustion_Gap,Stoch_Extreme,Stop_Loss_Triggered,BUY_ZONE,ACC,REB,ROIC,ROE,Net_Margin,Gross_Margin,Operating_Margin,EBITDA_Margin,Current_PE,Current_PB,Current_EV_EBITDA,Current_EV_Sales,Current_FCF_Yield,Market_Cap,PE_5y_mean,PE_5y_max,PE_5y_min,PE_5y_pct,PE_5y_signal,Currency,FX_Rate,Asset_Type,Risk_Score
2025-08-22,48.84,49.11,47.72,47.92,11609088,,,,47.92,47.92,47.92,47.92,,0.0,0.0,0.0,0,,0.5,0.05,,,,,,,0.9200000000000017,0.269999999999996,0.20000000000000284,,0,0.0,,,,0,,,,,,,0.0,,0,25,20,20,,,,,47.92,,,,,,48.25,48.78,49.64,50.17,47.39,46.86,46.0,0,0,0,0,0,0,0,0,0,0,0,0,0,0,0,0,0,0,0,0,0,0,,,,,,,,,,,,,,,,,,USD,1.0,stock,25.0
2025-08-25,47.97,48.15,46.935,47.14,10859702,,,,47.84571428571429,47.88941176470589,47.90455445544554,47.91223880597015,,-0.06222222222222484,-0.01244444444444497,-0.04977777777777988,0,,0.5,0.05,,,,,,,0.8299999999999983,0.17999999999999972,0.2049999999999983,,0,-1.497060427904723,,,,0,,,-1.6277128547579345,,,,-1.4749790994864458,,0,25,20,20,,,,,47.14,,,,,,47.40833333333334,47.881666666666675,48.623333333333335,49.09666666666667,46.66666666666668,46.19333333333334,45.45166666666668,0,0,0,0,0,0,0,0,0,0,0,0,0,0,0,0,0,0,0,0,0,0,,,,,,,,,,,,,,,,,,USD,1.0,stock,25.0
2025-08-26,47.2,47.4,46.985,47.21,12198255,,,,47.78517006802721,47.86276816608998,47.89080090187236,47.90525135516448,,-0.10467869578981492,-0.03089129471351896,-0.07378740107629597,0,,0.5,0.05,,,,,,,0.00999999999999801,0.18999999999999773,0.2150000000000034,,0,-1.2183225334192167,,,,0,,,0.14849384811199684,,,,-1.2036580956150145,,0,25,20,20,,,,,47.21,,,,,,47.19833333333333,47.41166666666666,47.61333333333333,47.82666666666666,46.99666666666666,46.78333333333333,46.58166666666666,0,0,0,0,0,0,0,0,0,0,0,0,0,0,0,0,0,0,0,0,0,0,,,,,,,,,,,,,,,,,,USD,1.0,stock,25.0
2025-08-27,47.3,47.84,47.19,47.63,8562338,,,,47.770391966310335,47.8536400027139,47.88563652757786,47.90251253571011,,-0.10324512156738308,-0.04536206008429179,-0.05788306148309129,1,,0.5,0.05,,,,,,,0.3300000000000054,0.21000000000000085,0.10999999999999943,,0,-0.29475533552452726,,,,0,,,0.8896420249947079,,,,-0.29388908177547,,0,25,20,20,,,,,47.63,,,,,,47.553333333333335,47.91666666666667,48.20333333333334,48.56666666666668,47.266666666666666,46.90333333333333,46.61666666666666,0,0,0,0,0,0,0,0,0,0,0,0,0,0,0,0,0,0,0,0,0,0,,,,,,,,,,,,,,,,,,USD,1.0,stock,25.0
2025-08-28,47.625,47.65,46.65,46.88,7871975,,,,47.68559273142364,47.81545804182316,47.86572293297235,47.892338281623445,,-0.1607744281273895,-0.06844453369291134,-0.09232989443447817,0,,0.5,0.05,,,,,,,0.7449999999999974,0.02499999999999858,0.23000000000000398,,0,-1.7184145294872804,,,,0,,,-1.5746378332983424,,,,-1.6893839109034943,,0,25,20,20,,,,,46.88,,,,,,47.06,47.470000000000006,48.06,48.470000000000006,46.470000000000006,46.06,45.470000000000006,0,0,0,0,0,0,0,0,0,0,0,0,0,0,0,0,0,0,0,0,0,0,,,,,,,,,,,,,,,,,,USD,1.0,stock,25.0
2025-08-29,46.99,47.36,46.8201,47.18,10686964,,,,47.637441042716624,47.790538118614414,47.8521442610323,47.88525033852272,,-0.18008343551056072,-0.09077231405644122,-0.0893111214541195,1,,0.5,0.05,,,,,,,0.18999999999999773,0.17999999999999972,0.1699000000000055,,0,-0.9695655843930145,,,,0,,,0.639931740614319,-1.5442404006677846,,,-0.9602552796789307,,0,25,20,20,,,,,47.18,,,,,,47.12003333333333,47.41996666666667,47.659933333333335,47.95986666666667,46.880066666666664,46.58013333333333,46.34016666666666,0,0,0,0,0,0,0,0,0,0,0,0,0,0,0,0,0,0,0,0,0,0,,,,,,,,,,,,,,,,,,USD,1.0,stock,25.0
2025-09-02,47.3,47.86,47.04,47.41,9510322,,,,47.61577999102933,47.77561505513934,47.84338892913067,47.88052147943294,,-0.174811763967341,-0.10758020403862117,-0.06723155992871982,1,,0.5,0.05,,,,,,,0.10999999999999943,0.45000000000000284,0.259999999999998,,0,-0.43404343182731747,,,,0,,,0.48749470114455296,0.5727619855748767,,,-0.4321676365862316,,0,25,20,20,,,,,47.41,,,,,,47.43666666666667,47.833333333333336,48.25666666666667,48.653333333333336,47.013333333333335,46.61666666666667,46.193333333333335,0,0,0,0,0,0,0,0,0,0,0,0,0,0,0,0,0,0,0,0,0,0,,,,,,,,,,,,,,,,,,USD,1.0,stock,25.0
2025-09-03,47.32,48.51,47.3,47.5,8380235,,,,47.60475332521701,47.764806621604464,47.8365891483558,47.8767351960555,,-0.16150989294097684,-0.1183661418190923,-0.04314375112188454,1,,0.5,0.05,,,,,,,0.17999999999999972,1.009999999999998,0.020000000000003126,,0,-0.22053331624633937,,,,0,,,0.18983336848765742,0.614276636305866,,,-0.22004803701297965,,0,25,20,20,,,,,47.5,,,,,,47.77,48.24000000000001,48.980000000000004,49.45000000000001,47.03000000000001,46.56,45.82000000000001,0,0,0,0,0,0,0,0,0,0,0,0,0,0,0,0,0,0,0,0,0,0,,,,,,,,,,,,,,,,,,USD,1.0,stock,25.0
2025-09-04,47.6,47.685,46.31,46.69,10633066,,,,47.51763396091063,47.72265734232585,47.81388441274479,47.86492688564699,,-0.21386301515175177,-0.13746551648562422,-0.07639749866612755,0,,0.5,0.05,,,,,,,0.9100000000000037,0.08500000000000085,0.37999999999999545,,0,-1.7726150372898513,,,,0,,,-1.705263157894743,-1.9735460844006014,,,-1.7417406800840862,,0,25,20,20,47.71,,,,46.69,,,,,,46.895,47.480000000000004,48.27,48.855000000000004,46.105000000000004,45.52,44.730000000000004,0,0,0,0,0,0,0,0,0,0,0,0,0,0,0,0,0,0,0,0,0,0,,,,,,,,,,,,,,,,,,USD,1.0,stock,25.0
2025-09-05,46.72,47.17,46.5,47.14,8227251,,,,47.48166882177628,47.699808034783665,47.80054016694786,47.85771368280473,,-0.21654579733795032,-0.15328157265608944,-0.06326422468186088,1,,0.5,0.05,9853919.6,,0.8349216691396589,,,,0.4200000000000017,0.030000000000001137,0.21999999999999886,,0,-0.7247959732207915,,,,0,,,0.9638038123795267,0.5546075085324231,,,-0.7195804828569615,,0,25,20,20,47.41,,,,47.14,,,,,,46.93666666666667,47.373333333333335,47.60666666666667,48.04333333333334,46.70333333333333,46.266666666666666,46.03333333333333,0,0,0,0,0,0,0,0,0,0,0,0,0,0,0,0,0,0,0,0,0,0,,,,,,,,,,,,,,,,,,USD,1.0,stock,25.0
2025-09-08,46.65,46.805,45.85,46.72,10005640,,,,47.409128933988065,47.66138419028235,47.77914333195879,47.84639314864747,,-0.24968420734322905,-0.17256209959351737,-0.07712210774971168,0,,0.5,0.05,9693574.8,,1.032192994477125,,,,0.07000000000000028,0.08500000000000085,0.7999999999999972,,0,-1.4750191224059626,,,,0,,,-0.8909630886720477,-0.9749894022891059,,,-1.4535785606767868,,0,25,20,20,47.18,,,,46.72,,,,,,46.458333333333336,47.06666666666667,47.413333333333334,48.02166666666667,46.11166666666667,45.50333333333334,45.15666666666667,0,0,0,0,0,0,0,0,0,0,0,0,0,0,0,0,0,0,0,0,0,0,,,,,,,,,,,,,,,,,,USD,1.0,stock,25.0
2025-09-09,46.74,47.52,46.73,47.23,7891022,,,,47.39206903551301,47.644467163212454,47.76826920657347,47.8402598834868,,-0.2321181843292095,-0.1844733165406558,-0.0476448677885537,1,,0.5,0.05,9396706.8,,0.8397646290293956,,,,0.4899999999999949,0.29000000000000625,0.010000000000005116,,0,-0.34314849780439055,,,,0,,,1.091609589041087,-0.37966673697532594,,,-0.3419750156752347,,0,25,20,20,47.18,,,,47.23,,,,,,47.16,47.589999999999996,47.95,48.38,46.79999999999999,46.36999999999999,46.009999999999984,0,0,0,0,0,0,0,0,0,0,0,0,0,0,0,0,0,0,0,0,0,0,,,,,,,,,,,,,,,,,,USD,1.0,stock,25.0
2025-09-10,47.0,47.44,46.78,47.15,8513729,,,,47.36901484165463,47.62507629406687,47.756026251987855,47.83339162593967,,-0.22209217559368,-0.19199708835126064,-0.030095087242419355,1,,0.5,0.05,9028254.2,,0.9430094469426881,,,,0.14999999999999858,0.28999999999999915,0.21999999999999886,,0,-0.46450655706178917,,,,0,,,-0.16938386618674528,-0.736842105263158,,,-0.4623588697944372,,0,25,20,20,47.18,,,,47.15,,,,,,47.123333333333335,47.46666666666667,47.78333333333333,48.126666666666665,46.80666666666667,46.46333333333334,46.146666666666675,0,0,0,0,0,0,0,0,0,0,0,0,0,0,0,0,0,0,0,0,0,0,,,,,,,,,,,,,,,,,,USD,1.0,stock,25.0
2025-09-11,47.38,48.19,47.2201,47.54,9875815,,,,47.385299142449426,47.62173996880935,47.751748504423745,47.83047230627858,46.41509433962262,-0.18059496446932854,-0.18971666357487424,0.009121699105545694,1,0.933921428571429,0.5,0.05,9159601.9,,1.0781926013618561,,51.840490797545975,,0.1599999999999966,0.6499999999999986,0.15990000000000038,,0,0.32541198475088945,,,,0,,,0.8271474019088121,1.8205183122724344,,,0.3264743714828347,,0,25,20,20,47.18,,,,47.54,,,,,,47.65003333333333,48.079966666666664,48.61993333333333,49.04986666666666,47.11006666666667,46.68013333333334,46.14016666666667,0,0,0,0,0,0,0,0,0,0,0,0,0,0,0,0,0,0,0,0,0,0,,,,,,,,,,,,,,,,,,USD,1.0,stock,25.0
2025-09-12,47.42,47.9,46.185,46.2,11896406,,,,47.2724135098352,47.565985460228596,47.72102081126684,47.814248701240984,37.04819277108435,-0.25291942909305476,-0.20235721667851037,-0.050562212414544394,0,0.9571357142857144,0.5,0.05,9562045.0,,1.2441277990220712,,13.157894736842175,,1.2199999999999989,0.4799999999999969,0.015000000000000568,,0,-2.32124136327964,,,,0,,,-2.8186790071518697,-1.994060246075513,,,-2.268582097277674,,0,25,20,20,47.18,,,,46.2,,,,,,46.76166666666668,47.33833333333335,48.476666666666674,49.05333333333335,45.623333333333356,45.04666666666668,43.90833333333336,0,0,0,0,0,0,0,0,0,0,0,0,0,0,0,0,0,0,0,0,0,0,,,,,,,,,,,,,,,,,,USD,1.0,stock,25.0
2025-09-15,46.32,46.73,46.0,46.35,9669495,,,,47.18456460413661,47.51829975590591,47.69387188431106,47.79967906242267,43.42762063227954,-0.2947358110165652,-0.22083293554612132,-0.07390287547044389,0,0.9224928571428573,0.5,0.05,9460298.1,,1.0221131403882506,,18.79699248120303,27.93179267186373,0.030000000000001137,0.37999999999999545,0.3200000000000003,,0,-1.8005708827111315,,,,0,,,0.32467532467532756,-0.7919520547945202,,,-1.7687237577337829,,0,25,20,20,47.18,,,,46.35,,,,,,46.35999999999999,46.719999999999985,47.08999999999999,47.44999999999998,45.98999999999999,45.629999999999995,45.25999999999999,0,0,0,0,0,0,0,0,0,0,0,0,0,0,0,0,0,0,0,0,0,0,,,,,,,,,,,,,,,,,,USD,1.0,stock,25.0
2025-09-16,46.05,46.843,46.04,46.34,9050607,,,,47.104129879933126,47.47209192234097,47.66706254006727,47.78515489264733,42.68907563025211,-0.32493684174276893,-0.24165371678545086,-0.08328312495731807,0,0.9502071428571435,0.5,0.05,9414326.6,,0.9613653089112077,,18.421052631579045,16.79197994987475,0.29000000000000625,0.5030000000000001,0.00999999999999801,,0,-1.6489639187162761,,,,0,,,-0.021574973031279754,-1.8843955113275301,,,-1.6222141920058057,,0,25,20,20,47.019999999999996,,,,46.34,,,,,,46.40766666666667,46.77533333333334,47.210666666666675,47.57833333333335,45.97233333333334,45.60466666666667,45.169333333333334,0,0,0,0,0,0,0,0,0,0,0,0,0,0,0,0,0,0,0,0,0,0,,,,,,,,,,,,,,,,,,USD,1.0,stock,25.0
2025-09-17,46.24,46.8,46.01,46.15,14352599,,,,47.01326036755854,47.42024518028839,47.6370216976897,47.76888469471054,37.06293706293703,-0.36005232915796626,-0.26533343925995395,-0.0947188898980123,0,0.9602071428571429,0.5,0.05,10011563.0,,1.4336022257463694,,11.278195488721712,16.1654135338346,0.09000000000000341,0.5599999999999952,0.14000000000000057,,0,-1.8705533424887077,,,,0,,,-0.4100129477773051,-2.120890774125128,,,-1.8362061273976877,,0,25,20,20,47.019999999999996,,,,46.15,,,,,,46.32,46.63,47.11,47.42,45.84,45.53,45.050000000000004,0,0,0,0,0,0,0,0,0,0,0,0,0,0,0,0,0,0,0,0,0,0,,,,,,,,,,,,,,,,,,USD,1.0,stock,25.0
2025-09-18,46.1,46.3152,45.515,45.6,18963912,,,,46.87866414207677,47.348863016355516,47.59668463436911,47.747303752474615,38.40579710144926,-0.4273359466011257,-0.2977339407281883,-0.1296020058729374,0,0.9459357142857142,0.5,0.05,10844647.6,,1.7486886341977586,,2.8380634390651394,10.845770519788632,0.5,0.21519999999999584,0.08500000000000085,,0,-2.8040880308701115,,,,0,,,-1.1917659804983716,-4.080774084981065,,,-2.7276036241166763,,0,25,20,20,46.8525,,,,45.6,,,,,,45.810066666666664,46.10513333333333,46.61026666666666,46.905333333333324,45.30493333333333,45.00986666666667,44.504733333333334,0,0,0,0,0,0,0,0,0,0,0,0,0,0,0,0,0,0,0,0,0,0,,,,,,,,,,,,,,,,,,USD,1.0,stock,25.0
2025-09-19,45.68,45.93,45.0,45.02,28356209,46.85,,,46.70164850949803,47.25753505492981,47.54566117626279,47.72016640170372,31.3793103448276,-0.5214489124429065,-0.34247693507113197,-0.1789719773717745,0,0.9737999999999997,0.5,0.05,12857543.4,11355731.5,2.2054142162180064,2.4970834331544385,0.5698005698006592,4.895353165862503,0.6599999999999966,0.25,0.020000000000003126,,0,-3.7353365382008548,-4.064860062194576,,,0,,,-1.271929824561402,-2.554112554112553,,49.11,-3.6008332964006975,49.11,0,25,20,20,46.595,,,,45.02,,,,,,45.31666666666667,45.63333333333334,46.24666666666667,46.56333333333334,44.70333333333334,44.38666666666667,43.77333333333334,0,0,0,0,0,0,0,0,0,0,0,0,0,0,0,0,0,0,0,0,0,0,,,,,,,,,,,,,,,,,,USD,1.0,stock,25.0
2025-09-22,45.03,45.54,44.96,44.98,11546033,46.703,,,46.53768198478393,47.168219954736486,47.4948560044556,47.69290106437334,28.342245989304843,-0.592432587533267,-0.392468065563559,-0.199964521969708,0,0.9566571428571423,0.5,0.05,13011582.7,11352578.75,0.8873657621989368,1.0170405556534898,0.5633802816900292,1.3237480968519426,0.05000000000000426,0.509999999999998,0.01999999999999602,,0,-3.4630546571452494,-3.8305913739439887,,,0,,,-0.08884940026656629,-2.9557713052858814,-6.135225375626052,48.51,-3.3471413236551757,48.51,0,25,20,20,46.575,,,,44.98,,,,,,45.16,45.35999999999999,45.739999999999995,45.93999999999999,44.779999999999994,44.58,44.199999999999996,0,0,0,0,0,0,0,0,0,0,0,0,0,0,0,0,0,0,0,0,0,0,,,,,,,,,,,,,,,,,,USD,1.0,stock,27.0
2025-09-23,44.92,45.59,44.71,44.91,16358137,46.5915,,,46.38266465289975,47.0796623094527,47.443670737040634,47.665210506518875,26.833631484794267,-0.6468792550538325,-0.44335030346161375,-0.20352895159221873,0,0.933085714285714,0.5,0.05,13858294.2,11627500.5,1.180386039141816,1.4068489612191373,5.747126436781492,2.2934357627573934,0.010000000000005116,0.6700000000000017,0.19999999999999574,,0,-3.2791464103757564,-3.744154976619922,,,0,,,-0.1556247220987128,-3.0858869227449404,-4.730589732711077,48.51,-3.1750324478343313,48.51,0,25,20,20,46.45,,,,44.91,,,,,,45.07,45.43,45.95,46.31,44.55,44.19,43.669999999999995,0,0,0,0,0,0,0,0,0,0,0,0,0,0,0,0,0,0,0,0,0,0,,,,,,,,,,,,,,,,,,USD,1.0,stock,27.0
2025-09-24,44.75,44.86,44.05,44.16,19374155,46.439,,,46.170982305004536,46.9651657482977,47.37864755412894,47.63033279003611,27.124773960217,-0.7419941170137747,-0.5030790661720459,-0.23891505084172882,0,0.8962999999999995,0.5,0.05,14944336.8,11986295.5,1.2964211968242043,1.6163588658397416,2.6570048309178604,2.9891705164631275,0.5900000000000034,0.10999999999999943,0.10999999999999943,,0,-4.553854857347236,-5.160778985507255,,,0,,,-1.6700066800267255,-4.312026002166847,-6.460495657699649,48.51,-4.355511199047125,48.51,0,25,20,20,45.974999999999994,,,,44.16,,,,,,44.35666666666666,44.66333333333333,45.166666666666664,45.47333333333333,43.853333333333325,43.54666666666666,43.04333333333332,0,0,0,0,0,0,0,0,0,0,0,0,0,0,0,0,0,0,0,0,0,0,,,,,,,,,,,,,,,,,,USD,1.0,stock,27.0
2025-09-25,44.18,44.46,43.19,43.41,21345587,46.228,,,45.90803160928982,46.825747483658574,47.30006047384916,47.588339428941225,18.010291595197216,-0.8678875944238271,-0.5760407718224022,-0.2918468226014249,0,0.9391571428571426,0.5,0.05,16091314.0,12625457.95,1.3265285234008857,1.6906782379327476,4.399999999999977,4.268043755899776,0.7700000000000031,0.28000000000000114,0.21999999999999886,,0,-5.754507277792732,-6.491591799124638,,,0,,,-1.6983695652173947,-4.802631578947381,-8.859962208692018,48.51,-5.441382524412853,48.51,0,25,20,20,45.0165,,,,43.41,,,,,,43.68666666666667,44.18333333333334,44.95666666666667,45.45333333333334,42.913333333333334,42.416666666666664,41.64333333333333,0,0,0,0,0,0,0,0,0,0,0,0,0,0,0,0,0,0,0,0,0,0,,,,,,,,,,,,,,,,,,USD,1.0,stock,28.75
2025-09-26,43.96,44.135,43.25,44.12,14999609,46.09,,,45.737742884595555,46.71963973920138,47.23708897931749,47.553828588852255,28.758169934640506,-0.8999934517174708,-0.640831307801416,-0.25916214391605485,1,0.910228571428571,0.5,0.05,16401634.3,12981839.65,0.9145191708121427,1.1554301550782133,18.599999999999994,8.552334943639279,0.1599999999999966,0.015000000000000568,0.7100000000000009,,0,-3.666688315039795,-4.465095194922951,,,0,,,1.6355678415111763,-1.9991115059973419,-5.887372013651893,48.51,-3.5369976360167357,48.51,0,25,20,20,45.0165,,,,44.12,,,,,,43.835,44.42,44.72,45.305,43.535000000000004,42.95,42.650000000000006,0,0,0,0,0,0,0,0,0,0,0,0,0,0,0,0,0,0,0,0,0,0,,,,,,,,,,,,,,,,,,USD,1.0,stock,27.0
2025-09-29,44.0,44.675,43.785,44.15,20722430,45.9385,,,45.58652927653883,46.61886955335034,47.175958504479524,47.519959647669644,22.695035460992926,-0.9124981153894964,-0.6951646693190321,-0.21733344607046434,1,0.9166571428571422,0.5,0.05,17506927.8,13483612.95,1.1836702725192023,1.5368603412781885,19.200000000000017,14.066666666666663,0.14999999999999858,0.5249999999999986,0.2150000000000034,,0,-3.253746945727825,-4.050962627406567,,,0,,,0.06799637352674637,-1.8452645620275598,-6.422212802034766,48.51,-3.1512144033262612,48.51,0,25,20,20,44.995,46.15,45.5725,,44.15,,,,,,44.203333333333326,44.621666666666655,45.09333333333333,45.511666666666656,43.731666666666655,43.313333333333325,42.841666666666654,0,0,0,0,0,0,0,0,0,0,0,0,0,0,0,0,0,0,0,0,0,0,,,,,,,,,,,,,,,,,,USD,1.0,stock,27.0
2025-09-30,44.18,45.53,44.12,45.1,35920405,45.823,,,45.54019315496371,46.55930604145425,47.13485041528191,47.49588044719532,34.25499231950849,-0.8361129018517488,-0.7233543158255754,-0.11275858602617339,1,0.9702285714285713,0.5,0.05,20193907.6,14804117.1,1.7787743566777534,2.4263794157640106,38.200000000000074,25.33333333333336,0.9200000000000017,0.4299999999999997,0.060000000000002274,,0,-0.9760380376135439,-1.6031042128603081,,,0,,,2.1517553793884536,0.4230683589401041,-4.872389791183284,48.51,-0.9666036186228362,48.51,0,25,20,20,44.7526,45.849999999999994,45.3013,,45.1,,,,,,44.916666666666664,45.71333333333333,46.32666666666667,47.123333333333335,44.30333333333333,43.50666666666666,42.893333333333324,0,0,0,0,0,0,0,0,0,0,0,0,0,0,0,0,0,0,0,0,0,0,,,,,,,,,,,,,,,,,,USD,1.0,stock,25.0
2025-10-01,46.0,48.58,45.64,47.43,36615437,45.8195,,,45.720174759252885,46.59345090257369,47.14069496151395,47.49522492035756,49.34911242603551,-0.580869638802497,-0.6948573804209598,0.11398774161846281,1,1.1445142857142854,0.5,0.05,22420191.4,16215877.2,1.633145602851544,2.2579991540636484,78.66419294990727,45.35473098330245,1.4299999999999997,1.1499999999999986,0.35999999999999943,,0,3.60494463577296,3.395530255112802,,,0,,,5.166297117516616,7.404891304347827,-0.14736842105262937,48.58,3.7397609474383717,48.58,0,25,20,20,45.885,45.885,45.885,,47.43,,,,,,47.21666666666667,48.79333333333334,50.156666666666666,51.733333333333334,45.85333333333334,44.27666666666667,42.91333333333334,0,0,0,0,0,0,0,0,0,0,0,0,0,0,0,0,0,0,0,0,0,0,,,,,,,,,,,,,,,,,,USD,1.0,stock,25.0
2025-10-02,47.09,47.41,45.66,45.73,27612179,45.7715,,,45.72111049646689,46.55959008286492,47.1127604078206,47.47766049328932,47.33257661748011,-0.509885661897215,-0.6578630367162108,0.14797737481899587,1,1.1484428571428573,0.5,0.05,23285018.1,17064832.85,1.1858345517025817,1.6180749757534247,47.12430426716139,54.662832405689585,1.3600000000000065,0.3199999999999932,0.07000000000000028,,0,0.019439106785709412,-0.09075005466872144,,,0,,,-3.584229390681004,5.344390693388612,-2.056114799742992,48.58,0.01944288630914127,48.58,0,25,20,20,45.885,45.885,45.885,,45.73,,,,,,46.26666666666666,46.87333333333332,48.01666666666666,48.62333333333332,45.12333333333332,44.51666666666666,43.37333333333332,0,0,0,0,0,0,0,0,0,0,0,0,0,0,0,0,0,0,0,0,0,0,,,,,,,,,,,,,,,,,,USD,1.0,stock,25.0
2025-10-03,45.2,46.175,44.66,45.45,17893954,45.687,,,45.695290449184334,46.51607674628198,47.07983445915089,47.45748476698793,44.96644295302014,-0.4707969544996615,-0.620449820272901,0.14965286577323944,1,1.204514285714286,0.5,0.05,22238792.6,17548168.0,0.8046279454937675,1.0197049629340225,41.92949907235631,55.90599876314166,0.25,0.7249999999999943,0.5400000000000063,,0,-0.5396929575012789,-0.5214521452145099,,,0,,,-0.6122895254756067,3.0145058930190594,-3.5850657615613013,48.58,-0.5367959077907771,48.58,0,25,20,20,45.885,45.885,45.885,,45.45,,,,,,45.428333333333335,46.19666666666667,46.943333333333335,47.71166666666667,44.68166666666667,43.913333333333334,43.16666666666667,0,0,0,0,0,0,0,0,0,0,0,0,0,0,0,0,0,0,0,0,0,0,,,,,,,,,,,,,,,,,,USD,1.0,stock,25.0
2025-10-06,45.35,45.91,44.87,45.14,19162528,45.608000000000004,,,45.642405644500116,46.46211295231014,47.04142189560335,47.434425217067655,43.5064935064935,-0.45953603611695826,-0.5882670634417124,0.12873102732475417,0,1.2214428571428573,0.5,0.05,23000442.1,18006012.4,0.8331373769550281,1.064229412615533,36.178107606679085,41.74397031539893,0.21000000000000085,0.5599999999999952,0.2700000000000031,,0,-1.1129943387242247,-1.036774479397438,,,0,,,-0.6820682068206851,2.2423556058890126,-3.381849315068486,48.58,-1.100743130003391,48.58,0,25,20,20,45.885,45.885,45.885,,45.14,,,,,,45.30666666666667,45.74333333333335,46.34666666666667,46.783333333333346,44.70333333333335,44.26666666666667,43.66333333333335,0,0,0,0,0,0,0,0,0,0,0,0,0,0,0,0,0,0,0,0,0,0,,,,,,,,,,,,,,,,,,USD,1.0,stock,25.0
2025-10-07,45.03,45.17,44.25,44.66,13018126,45.4795,,,45.54884320216677,46.39144185614112,46.994265026383474,47.40681899600231,42.1825813221406,-0.4837670996505494,-0.5673670706834799,0.08359997103293049,0,1.2307285714285716,0.5,0.05,22666441.0,18262367.6,0.5743348062450563,0.7128388982817321,27.27272727272725,35.12677798392088,0.37000000000000455,0.14000000000000057,0.4099999999999966,,0,-1.990244518958297,-1.8349753694581397,,,0,,,-1.0633584404076246,-0.9756097560975729,-5.441456701249203,48.58,-1.9514067530138568,48.58,0,25,20,20,45.885,45.885,45.885,,44.66,,,,,,44.69333333333333,45.136666666666656,45.61333333333333,46.05666666666666,44.216666666666654,43.773333333333326,43.29666666666665,0,0,0,0,0,0,0,0,0,0,0,0,0,0,0,0,0,0,0,0,0,0,,,,,,,,,,,,,,,,,,USD,1.0,stock,25.0
2025-10-08,44.74,44.9,44.455,44.54,10822949,45.349000000000004,,,45.45276289719851,46.3188362931552,46.945665718930336,47.37829343385303,44.17582417582417,-0.5068111853290063,-0.5552558936125852,0.04844470828357894,0,1.2053571428571435,0.5,0.05,21811320.4,18377828.6,0.49620787744697936,0.5889133714088507,25.046382189239356,29.499072356215226,0.20000000000000284,0.1599999999999966,0.08500000000000085,,0,-2.049310501119245,-1.816344858554119,,,0,,,-0.268696820420955,-6.093189964157708,-5.535524920466594,48.58,-2.0081571262519886,48.58,0,25,20,20,45.915,45.885,45.9,,44.54,,,,,,44.63166666666666,44.80833333333332,45.07666666666666,45.25333333333332,44.36333333333332,44.18666666666666,43.91833333333332,0,0,0,0,0,0,0,0,0,0,0,0,0,0,0,0,0,0,0,0,0,0,,,,,,,,,,,,,,,,,,USD,1.0,stock,25.0
2025-10-09,44.82,45.19,44.53,44.68,13379380,45.206,,,45.37916643079865,46.25456820322754,46.90080105122874,47.35144474296892,48.03695150115472,-0.5079219511986892,-0.545789105129806,0.03786715393111684,0,1.1860714285714289,0.5,0.05,21014699.7,18553006.85,0.6366676750560466,0.7211434840816651,27.643784786641962,26.65429808286952,0.14000000000000057,0.36999999999999744,0.14999999999999858,,0,-1.5648308657087022,-1.1772605192479932,,,0,,,0.31432420296362285,-2.2960857205335583,-6.015986537652507,48.58,-1.5407211850505191,48.58,0,25,20,20,46.1825,45.885,46.03375,,44.68,,,,,,44.800000000000004,45.07000000000001,45.46,45.730000000000004,44.41000000000001,44.14000000000001,43.750000000000014,0,0,0,0,0,0,0,0,0,0,0,0,0,0,0,0,0,0,0,0,0,0,,,,,,,,,,,,,,,,,,USD,1.0,stock,25.0
2025-10-10,44.78,44.78,43.77,43.96,14024948,45.094,,,45.24400772310354,46.16458513643431,46.842567367045994,47.31769902413341,44.53961456102786,-0.5604398224504479,-0.5487192485939345,-0.011720573856513372,0,1.2167857142857146,0.5,0.05,20917233.6,18659433.95,0.6704972688166565,0.7516277309151707,14.285714285714342,22.32529375386522,0.8200000000000003,0.0,0.18999999999999773,,0,-2.920854693138176,-2.5796178343949054,,,0,,,-1.61145926589078,-3.2783278327832788,-4.8484848484848575,48.58,-2.8379619483794594,48.58,0,25,20,20,46.175,45.885,46.03,,43.96,,,,,,44.17000000000001,44.570000000000014,45.18000000000001,45.58000000000001,43.56000000000002,43.16000000000001,42.55000000000002,0,0,0,0,0,0,0,0,0,0,0,0,0,0,0,0,0,0,0,0,0,0,,,,,,,,,,,,,,,,,,USD,1.0,stock,25.0
2025-10-13,43.68,44.229,43.29,43.54,15509109,44.953500000000005,,,45.08172127328416,46.06166022912317,46.77716999344113,47.280109979117164,42.93085655314759,-0.6287037976767493,-0.5647161584104975,-0.06398763926625184,0,1.221,0.5,0.05,20395901.5,18951414.65,0.7604032114000943,0.8183615464294641,6.493506493506519,16.14100185528761,0.14000000000000057,0.5489999999999995,0.25,,0,-3.540930806807902,-3.2464400551217416,,,0,,,-0.9554140127388533,-3.544528134692071,-6.062567421790732,48.58,-3.4198367536551864,48.58,0,25,20,20,45.935,45.885,45.91,,43.54,,,,,,43.68633333333333,44.08266666666666,44.62533333333333,45.02166666666666,43.14366666666666,42.74733333333333,42.20466666666666,0,0,0,0,0,0,0,0,0,0,0,0,0,0,0,0,0,0,0,0,0,0,,,,,,,,,,,,,,,,,,USD,1.0,stock,25.0
2025-10-14,43.43,43.9,43.2745,43.8,16805617,44.826499999999996,,,44.95965258059043,45.97296767111834,46.71821613218487,47.24548201912595,48.04347826086957,-0.6542815127665733,-0.5826292292817127,-0.07165228348486063,0,1.2042499999999998,0.5,0.05,18484422.7,19339165.15,0.9091772717359466,0.8689939234527919,11.31725417439702,10.698824984539293,0.36999999999999744,0.10000000000000142,0.15549999999999642,,0,-2.6476086314850047,-2.3436073059360703,,,0,,,0.5971520440973821,-1.9256605463502052,-5.481225722917582,48.58,-2.5793183755407103,48.58,0,25,20,20,45.34225,45.885,45.613625,,43.8,,,,,,43.65816666666666,44.041833333333315,44.283666666666655,44.66733333333331,43.41633333333332,43.032666666666664,42.790833333333325,0,0,0,0,0,0,0,0,0,0,0,0,0,0,0,0,0,0,0,0,0,0,,,,,,,,,,,,,,,,,,USD,1.0,stock,25.0
2025-10-15,43.78,44.235,43.4,43.61,11941497,44.6995,,,44.83111423958182,45.88030227225096,46.656667297884184,47.20930806868689,51.157407407407426,-0.682021528717101,-0.6025076891687904,-0.0795138395483106,0,1.173178571428571,0.5,0.05,16017028.7,19218610.05,0.7455500782114476,0.6213507100114142,6.754221388367721,8.18832735209042,0.1700000000000017,0.4549999999999983,0.21000000000000085,,0,-2.8000785131433683,-2.4982802109607913,,,0,,,-0.43378995433789314,-2.0880107768298184,-5.503791982665218,48.58,-2.723809702913182,48.58,0,25,20,20,44.72475,45.885,45.304874999999996,,43.61,,,,,,43.748333333333335,44.09666666666667,44.583333333333336,44.93166666666667,43.26166666666667,42.913333333333334,42.42666666666667,0,0,0,0,0,0,0,0,0,0,0,0,0,0,0,0,0,0,0,0,0,0,,,,,,,,,,,,,,,,,,USD,1.0,stock,25.0
2025-10-16,43.73,43.93,43.22,43.39,12922142,44.589,,,44.69386526438355,45.782643359613665,46.591980816737966,47.17130500332682,45.52147239263806,-0.7135326918838416,-0.6247126897118007,-0.08882000217204089,0,1.1606785714285712,0.5,0.05,14548025.0,18916521.55,0.8882402937855826,0.6831140686116258,3.1716417910448085,7.081039117936516,0.3399999999999963,0.20000000000000284,0.1700000000000017,,0,-3.004990238265836,-2.7633095183221896,,,0,,,-0.5044714515019422,-2.887197851387646,-4.846491228070182,48.58,-2.9173249095163714,48.58,0,25,20,20,44.565,45.885,45.224999999999994,,43.39,,,,,,43.51333333333334,43.806666666666686,44.22333333333334,44.51666666666669,43.096666666666685,42.80333333333334,42.386666666666684,0,0,0,0,0,0,0,0,0,0,0,0,0,0,0,0,0,0,0,0,0,0,,,,,,,,,,,,,,,,,,USD,1.0,stock,25.0
2025-10-17,43.28,43.66,43.105,43.63,13966189,44.5195,,,44.592544763013684,45.69822597296215,46.533327731258005,47.136068137622075,46.889952153110066,-0.7109441993007053,-0.6419589916295817,-0.0689852076711236,1,1.1367499999999997,0.5,0.05,14155248.5,18197020.55,0.986643858636604,0.7674986661483987,9.589041095890511,6.5049680917676795,0.3500000000000014,0.02999999999999403,0.17500000000000426,,0,-2.2061534792887505,-2.038734815493922,,,0,,,0.5531228393639065,-0.7506824385805189,-3.087516659262546,48.58,-2.1585329299529987,48.58,0,25,20,20,44.147499999999994,45.8425,44.995,,43.63,,,,,,43.464999999999996,43.824999999999996,44.019999999999996,44.379999999999995,43.269999999999996,42.91,42.714999999999996,0,0,0,0,0,0,0,0,0,0,0,0,0,0,0,0,0,0,0,0,0,0,,,,,,,,,,,,,,,,,,USD,1.0,stock,25.0
2025-10-20,43.66,43.98,43.51,43.59,11511456,44.45,,,44.49706430939334,45.6155504446107,46.47504401380735,47.100783877546235,39.865771812080546,-0.7040051330398356,-0.6543682199116325,-0.049636913128203064,1,1.0696071428571423,0.5,0.05,13390141.3,18195291.7,0.8596963797536624,0.6326612504926206,8.858447488584591,7.206376791839969,0.06999999999999318,0.3200000000000003,0.0800000000000054,,0,-2.0808999986082455,-1.972929571002522,,,0,,,-0.09168003667201496,0.11483693155720509,-3.09026233881724,48.58,-2.038481242462219,48.58,0,25,20,20,44.147499999999994,45.8425,44.995,,43.59,,,,,,43.69333333333333,43.87666666666666,44.16333333333333,44.34666666666666,43.40666666666666,43.22333333333333,42.93666666666666,0,0,0,0,0,0,0,0,0,0,0,0,0,0,0,0,0,0,0,0,0,0,,,,,,,,,,,,,,,,,,USD,1.0,stock,25.0
2025-10-21,43.595,44.58,43.34,44.54,16468536,44.4315,,,44.50115342278445,45.57337199580244,46.43672631056364,47.07530344095374,26.194398682042802,-0.6147622163620596,-0.646447019201718,0.031684802839658355,1,0.9096071428571422,0.5,0.05,13735182.3,18200811.65,1.1990038166439188,0.9048242637025476,33.333333333333385,17.26027397260283,0.9450000000000003,0.03999999999999915,0.25499999999999545,,0,0.08721728157959428,0.24360125729681043,,,0,,,2.1793989447120854,1.689497716894972,-0.8238699621465062,48.58,0.08729341652448488,48.58,0,25,20,20,44.147499999999994,45.8425,44.995,,44.54,,,,,,44.153333333333336,44.96666666666667,45.39333333333333,46.20666666666666,43.726666666666674,42.91333333333334,42.48666666666668,0,0,0,0,0,0,0,0,0,0,0,0,0,0,0,0,0,0,0,0,0,0,,,,,,,,,,,,,,,,,,USD,1.0,stock,27.0
2025-10-22,44.59,45.225,44.33,44.39,14316510,44.443,,,44.49056738251926,45.52696525086901,46.396197076691095,47.048584003730326,35.176991150442475,-0.5498025270405833,-0.627118120769491,0.07731559372890773,1,0.8471071428571422,0.5,0.05,14084538.4,17947929.4,1.01646994693131,0.7976691729130605,41.85667752443008,28.01615278211602,0.20000000000000284,0.634999999999998,0.060000000000002274,,0,-0.22655413948920655,-0.11939626041900715,,,0,,,-0.3367759317467467,1.7885806007796434,0.5208333333333481,48.58,-0.22604203190893135,48.58,0,25,20,20,44.165,45.8425,45.00375,,44.39,,,,,,44.64833333333333,44.96666666666667,45.54333333333334,45.86166666666667,44.071666666666665,43.75333333333333,43.17666666666666,0,0,0,0,0,0,0,0,0,0,0,0,0,0,0,0,0,0,0,0,0,0,,,,,,,,,,,,,,,,,,USD,1.0,stock,25.0
2025-10-23,44.35,44.35,43.515,43.83,15379145,44.464,,,44.42765620323171,45.46041759397219,46.34538129299425,47.01655829225043,33.12499999999994,-0.5373149923637541,-0.6091574950883437,0.07184250272458959,0,0.8013928571428564,0.5,0.05,14284514.9,17649607.3,1.076630540670303,0.8713590471783471,25.846702317290607,33.67890439168469,0.5200000000000031,0.0,0.3149999999999977,,0,-1.363577922043611,-1.4464978325347944,,,0,,,-1.2615453931065557,1.0140585388338286,0.9675190048376026,48.58,-1.345234600037804,48.58,0,25,20,20,44.165,45.8425,45.00375,,43.83,,,,,,43.89833333333333,44.281666666666666,44.733333333333334,45.11666666666667,43.446666666666665,43.06333333333333,42.611666666666665,0,0,0,0,0,0,0,0,0,0,0,0,0,0,0,0,0,0,0,0,0,0,,,,,,,,,,,,,,,,,,USD,1.0,stock,25.0
2025-10-24,43.93,43.935,43.575,43.83,10105883,44.44949999999999,,,44.3707365648287,45.39647964911053,46.295571762439906,46.98485124456635,35.41202672605786,-0.5214080635729275,-0.5916076087852605,0.07019954521233307,0,0.7528214285714279,0.5,0.05,13892608.4,17404921.0,0.7274287670845166,0.5806336610203516,34.198113207547166,33.96716434975595,0.10000000000000142,0.005000000000002558,0.25499999999999545,,0,-1.233713358039467,-1.413415468856936,,,0,,,0.0,0.4584001833600526,-0.6572982774252001,48.58,-1.2186783603167035,48.58,0,25,20,20,44.165,45.8425,45.00375,,43.83,,,,,,43.78,43.985,44.14,44.345,43.625,43.42,43.265,0,0,0,0,0,0,0,0,0,0,0,0,0,0,0,0,0,0,0,0,0,0,,,,,,,,,,,,,,,,,,USD,1.0,stock,25.0
2025-10-27,43.82,43.82,43.21,43.39,21380710,44.411500000000004,,,44.277333082464054,45.31779417267483,46.23803568793615,46.949081580441316,35.7303370786517,-0.5381031129411014,-0.5809067096164288,0.042803596675327404,0,0.7313928571428561,0.5,0.05,14479768.5,17437835.0,1.4765919772819573,1.226110351428374,13.44339622641524,24.496070583751003,0.4299999999999997,0.0,0.17999999999999972,,0,-2.0450174751418606,-2.3542290850426437,,,0,,,-1.0038786219484286,-0.45882083046571154,-1.721404303510754,48.58,-2.004034617015991,48.58,0,25,20,20,44.165,45.8425,45.00375,,43.39,,,,,,43.473333333333336,43.73666666666667,44.083333333333336,44.34666666666667,43.12666666666667,42.86333333333334,42.51666666666667,0,0,0,0,0,0,0,0,0,0,0,0,0,0,0,0,0,0,0,0,0,0,,,,,,,,,,,,,,,,,,USD,1.0,stock,25.0
2025-10-28,43.39,43.39,42.75,42.82,17960554,44.2975,,,44.138539455562714,45.219841460020916,46.17035181292751,46.907996191581205,32.44897959183672,-0.59052113608778,-0.5828295949106991,-0.0076915411770809294,0,0.7453214285714276,0.5,0.05,14595262.2,16539842.45,1.2305742612832267,1.0858963169869855,2.828282828282838,16.82326408741508,0.5700000000000003,0.0,0.07000000000000028,,0,-3.0792607556345497,-3.4504904250350283,,,0,,,-1.3136667434892835,-3.861697350696003,-5.055432372505542,48.58,-2.9872747758003593,48.58,0,25,20,20,43.9875,45.665,44.82625,,42.82,,,,,,42.98666666666667,43.22333333333334,43.62666666666667,43.863333333333344,42.58333333333334,42.34666666666667,41.94333333333334,0,0,0,0,0,0,0,0,0,0,0,0,0,0,0,0,0,0,0,0,0,0,,,,,,,,,,,,,,,,,,USD,1.0,stock,25.0
2025-10-29,42.82,43.15,42.52,42.6,16147096,44.056,,,43.992011888366264,45.117102579235784,46.09965177702795,46.865130557834135,29.116465863453783,-0.6424096597942892,-0.5947456078874171,-0.04766405190687206,0,0.7431785714285704,0.5,0.05,15015822.1,15516425.4,1.0753387921397923,1.0406453537939222,2.9574861367836727,6.4097217304939145,0.21999999999999886,0.3299999999999983,0.0799999999999983,,0,-3.267633540765874,-3.4178403755868447,,,0,,,-0.5137786081270357,-4.032439738679883,-10.183428209993671,47.41,-3.164237843676301,47.41,0,25,20,20,43.8725,45.55,44.71125,,42.6,,,,,,42.75666666666667,42.99333333333333,43.38666666666666,43.62333333333333,42.36333333333334,42.12666666666667,41.73333333333334,0,0,0,0,0,0,0,0,0,0,0,0,0,0,0,0,0,0,0,0,0,0,,,,,,,,,,,,,,,,,,USD,1.0,stock,27.0
2025-10-30,43.27,45.82,43.195,45.62,41931628,44.0505,,,44.14705837518852,45.13682404671673,46.0901537220373,46.85274119904972,61.4010989010989,-0.4348304728430392,-0.5627625808785416,0.12793210803550237,1,0.9010357142857133,0.5,0.05,17916770.7,16232397.85,2.340356345577387,2.5832060295392525,93.93939393939385,33.24172096815345,2.3499999999999943,0.20000000000000284,0.07500000000000284,,0,3.228719037289513,3.4403770276194607,,,0,,,7.08920187793427,4.083960757472038,-0.2405423135797058,46.175,3.336443421198131,46.175,0,25,20,20,44.17,45.55,44.86,,45.62,,,,,,44.87833333333333,46.56166666666666,47.50333333333333,49.18666666666666,43.93666666666666,42.25333333333333,41.31166666666666,0,0,0,0,0,0,0,0,0,0,0,0,0,0,0,0,0,0,0,0,0,0,,,,,,,,,,,,,,,,,,USD,1.0,stock,25.0
2025-10-31,45.47,46.5,45.2,46.07,21482913,44.0815,45.3614,,44.330195672789614,45.173419182139604,46.0897546384326,46.84495272940743,67.30506155950755,-0.23134443779186142,-0.4964789522612056,0.26513451446934416,1,0.9268214285714274,0.5,0.05,18668443.1,16411845.8,1.1507608258987596,1.3089882309276875,89.19597989949749,62.030953325225006,0.6000000000000014,0.4299999999999997,0.269999999999996,,0,3.7764365687223496,4.316257868461042,1.5380942044714498,,0,,,0.9864094695309245,5.110654802646586,1.364136413641348,46.5,3.9246484271178126,46.5,0,25,20,20,44.510000000000005,45.55,45.03,,46.07,,,,,,45.92333333333334,46.646666666666675,47.223333333333336,47.94666666666667,45.34666666666668,44.62333333333334,44.04666666666668,0,0,0,0,0,0,0,0,0,0,0,0,0,0,0,0,0,0,0,0,0,0,,,,,,,,,,,,,,,,,,USD,1.0,stock,25.0
2025-11-03,46.2,46.66,45.51,46.02,20374696,44.1255,45.3234,,44.49112941823822,45.20661842989884,46.08837335846364,46.836744244537705,65.63380281690148,-0.07327025719288116,-0.41183721324754075,0.3385669560546596,1,0.9642857142857133,0.5,0.05,19554767.1,16472454.2,1.0419298729464284,1.2368949855693028,84.5410628019325,89.22547888027462,0.17999999999999972,0.45999999999999375,0.5100000000000051,,0,3.3221872702342017,4.1166883963494145,1.513689700130386,,0,,,-0.10853049706966988,6.061304448029503,1.9494904740806396,46.66,3.4363492268080083,46.66,0,25,20,20,44.59,45.55,45.07,,46.02,,,,,,46.06333333333333,46.61666666666667,47.21333333333333,47.766666666666666,45.46666666666667,44.913333333333334,44.31666666666667,0,0,0,0,0,0,0,0,0,0,0,0,0,0,0,0,0,0,0,0,0,0,,,,,,,,,,,,,,,,,,USD,1.0,stock,25.0
2025-11-04,45.49,46.595,45.38,45.59,16316828,44.172,45.2924,,44.5957837593584,45.22165300127536,46.078504579088126,46.82433882916917,63.48773841961857,0.017110029683159667,-0.3260477646614007,0.34315779434456034,1,0.9914285714285701,0.5,0.05,19539596.3,16637389.3,0.8350647449149192,0.9807324758578558,74.15458937198079,82.63054402447027,0.10000000000000142,1.0049999999999955,0.10999999999999943,,0,2.1807770139100806,3.1103312129853173,0.6527747313007298,,0,,,-0.9343763581051712,6.4689397477814214,2.0824003582624373,46.66,2.22939515091036,46.66,0,25,20,20,44.59,45.55,45.07,45.815,45.59,,,,,,45.855,46.32999999999999,47.06999999999999,47.54499999999999,45.114999999999995,44.64,43.9,0,0,0,0,0,0,0,0,0,0,0,0,0,0,0,0,0,0,0,0,0,0,,,,,,,,,,,,,,,,,,USD,1.0,stock,25.0
2025-11-05,45.55,46.63,45.425,46.47,11730681,44.2685,45.2776,,44.77428054418141,45.27060778553907,46.08625696366064,46.820813069674955,69.25000000000003,0.1579252398603117,-0.22925316375705818,0.3871784036173699,1,1.0267857142857133,0.5,0.05,19281013.4,16682775.9,0.6084058320295551,0.7031612167133409,95.41062801932371,84.70209339774566,0.9200000000000017,0.1600000000000037,0.125,,0,3.6490627411633105,4.737465031202918,2.5659565310953285,,0,,,1.9302478613731022,9.08450704225352,4.333183655141437,46.66,3.787262319369542,46.66,0,25,20,20,44.59,45.55,45.07,45.55,46.47,,,,,,46.175000000000004,46.92500000000001,47.38000000000001,48.13000000000002,45.720000000000006,44.97,44.515,0,0,0,0,0,0,0,0,0,0,0,0,0,0,0,0,0,0,0,0,0,0,,,,,,,,,,,,,,,,,,USD,1.0,stock,25.0
2025-11-06,46.41,47.0,45.96,46.63,11591200,44.366,45.257600000000004,,44.951015730449846,45.32391728414538,46.09702415249904,46.818914432165755,68.93939393939397,0.2792143619095313,-0.12755965862374027,0.4067740205332716,1,1.0614285714285703,0.5,0.05,18902218.9,16593366.9,0.613219012081169,0.6985441875572582,91.74107142857147,87.10209627329198,0.22000000000000597,0.36999999999999744,0.44999999999999574,,0,3.6006525188723058,4.855243405532924,2.9431696332832917,,0,,,0.3443081557994443,2.2139412538360492,4.364368845120858,47.0,3.7351420035049645,47.0,0,25,20,20,44.760000000000005,44.965,44.862500000000004,45.55,46.63,,,,,,46.53,47.1,47.57,48.14,46.06,45.49,45.02,0,0,0,0,0,0,0,0,0,0,0,0,0,0,0,0,0,0,0,0,0,0,,,,,,,,,,,,,,,,,,USD,1.0,stock,25.0
2025-11-07,46.72,46.99,46.32,46.69,9007501,44.502500000000005,45.25379999999999,,45.11663327993081,45.37748915535536,46.108766248489154,46.81763170149744,69.5214105793451,0.3758458465702077,-0.02687855758495067,0.40272440415515837,0,1.075714285714285,0.5,0.05,18792380.7,16342494.55,0.4793166519875792,0.5511705065858504,93.08035714285708,93.41068553025076,0.030000000000001137,0.2700000000000031,0.36999999999999744,,0,3.36981520683056,4.6851574212893405,3.07603341186551,,0,,,0.12867252841517463,1.345778163663991,6.210191082802541,47.0,3.487331845678892,47.0,0,25,20,20,44.760000000000005,44.760000000000005,44.760000000000005,45.55,46.69,,,,,,46.666666666666664,47.01333333333333,47.336666666666666,47.68333333333333,46.34333333333333,45.99666666666666,45.673333333333325,0,0,0,0,0,0,0,0,0,0,0,0,0,0,0,0,0,0,0,0,0,0,,,,,,,,,,,,,,,,,,USD,1.0,stock,25.0
2025-11-10,46.67,47.395,46.67,47.26,10739260,44.6885,45.2554,,45.32076344374693,45.45131311004731,46.131562956439865,46.82203337610941,67.989417989418,0.4927412166425853,0.07704539726055654,0.41569581938202876,1,1.038928571428571,0.5,0.05,17728235.7,16104002.1,0.6057715038163668,0.6668690138832012,97.23076923076913,94.01739926739923,0.5899999999999963,0.13500000000000512,0.0,,0,4.1033359209756055,5.441176470588236,4.241641980533213,,0,,,1.2208181623474035,2.6944806605823546,8.543867707854847,47.395,4.278914141991655,47.395,0,25,20,20,44.9575,44.9575,44.9575,45.55,47.26,,,,,,47.10833333333333,47.54666666666665,47.83333333333333,48.271666666666654,46.82166666666665,46.383333333333326,46.09666666666665,0,0,0,0,0,0,0,0,0,0,0,0,0,0,0,0,0,0,0,0,0,0,,,,,,,,,,,,,,,,,,USD,1.0,stock,25.0
2025-11-11,47.48,48.74,47.45,48.72,14446012,44.9345,45.2816,,45.64450025862817,45.5794969096533,46.18281913552026,46.84091861614812,74.40811724915447,0.6951778602418273,0.20067188985681067,0.4945059703850166,1,1.0807142857142853,0.5,0.05,17376781.5,15986021.85,0.8313399118242927,0.9036652230023069,99.67845659163982,96.66319432175534,1.240000000000002,0.020000000000003126,0.02999999999999403,,0,6.3126020964117995,7.769909688013134,7.057471264367819,,0,,,3.0892932712653476,6.865540688747518,11.232876712328776,48.74,6.737941535005562,48.74,0,25,20,20,45.9675,45.63,45.79875,45.63,48.72,,,,,,48.303333333333335,49.156666666666666,49.593333333333334,50.446666666666665,47.86666666666667,47.013333333333335,46.57666666666667,0,0,0,0,0,0,0,0,0,0,0,0,0,0,0,0,0,0,0,0,0,0,,,,,,,,,,,,,,,,,,USD,1.0,stock,27.0
2025-11-12,49.0,49.725,48.72,49.08,12717155,45.208,45.31320000000001,,45.971690710187396,45.71677154064729,46.240189053628775,46.86319803290287,80.27681660899658,0.8745777620903326,0.33545306430351507,0.5391246977868175,1,1.0899999999999999,0.5,0.05,17033787.4,16024804.75,0.746584109650212,0.793591884481463,91.04788341429558,95.98570307890151,0.0799999999999983,0.6450000000000031,0.28000000000000114,,0,6.333148512250617,7.889160554197229,7.674816625916849,,0,,,0.738916256157629,5.616526791478371,12.542994725980282,49.725,6.761355177054205,49.725,0,25,20,20,47.462500000000006,46.1225,46.792500000000004,46.1225,49.08,,,,,,49.17499999999999,49.62999999999998,50.17999999999999,50.634999999999984,48.62499999999998,48.16999999999999,47.619999999999976,0,0,0,0,0,0,0,0,0,0,0,0,0,0,0,0,0,0,0,0,0,0,,,,,,,,,,,,,,,,,,USD,1.0,stock,28.75
2025-11-13,49.02,49.99,48.48,48.63,14502621,45.47,45.352,,46.224863023502884,45.83101579395524,46.28751204266583,46.88077815197847,76.31578947368429,0.9692691067056458,0.46221627278394123,0.5070528339217046,0,1.1721428571428574,0.5,0.05,14290886.7,16103828.7,1.0148160365724543,0.9005697508444064,81.7938420348059,90.8400606802471,0.39000000000000057,0.9699999999999989,0.15000000000000568,,0,4.945788559525228,6.498046473370354,6.740695044211403,,0,,,-0.9168704156479079,4.289084280506117,12.076515326112002,49.99,5.2031240747522265,49.99,0,25,20,20,47.685,46.255,46.97,46.255,48.63,,,,,,49.03333333333333,49.586666666666666,50.54333333333334,51.09666666666667,48.07666666666666,47.523333333333326,46.566666666666656,0,0,0,0,0,0,0,0,0,0,0,0,0,0,0,0,0,0,0,0,0,0,,,,,,,,,,,,,,,,,,USD,1.0,stock,27.0
2025-11-14,48.27,48.3675,46.12,46.65,19779277,45.620999999999995,45.342200000000005,,46.26535225935975,45.86313282164327,46.29469002201898,46.87848185195878,65.29080675422139,0.8744629623819691,0.5446656107035468,0.3297973516784223,0,1.307142857142858,0.5,0.05,14120523.1,16394483.1,1.4007467612867686,1.2064593241125119,55.2878179384203,76.04318112917393,1.6200000000000045,0.09749999999999659,0.5300000000000011,,0,0.8245396369565854,2.20578778135049,2.8034297963558266,,0,,,-4.071560764959914,-0.08567144998928855,6.921842768737108,49.99,0.8313948167603773,49.99,0,25,20,20,47.685,46.255,46.97,46.255,46.65,,,,,,47.04583333333333,47.97166666666666,49.29333333333333,50.21916666666666,45.724166666666655,44.798333333333325,43.47666666666665,0,0,0,0,0,0,0,0,0,0,0,0,0,0,0,0,0,0,0,0,0,0,,,,,,,,,,,,,,,,,,USD,1.0,stock,25.0
2025-11-17,46.52,47.725,46.52,46.81,12851577,45.782,45.343999999999994,,46.317223472754065,45.90026486785334,46.304894179998804,46.87780044049651,69.46341463414636,0.8029827870584967,0.5963290459745368,0.20665374108395984,0,1.3475000000000006,0.5,0.05,13368211.2,16461489.15,0.9613535279873496,0.7807056143520283,57.429718875502004,64.83712628290941,0.28999999999999915,0.9149999999999991,0.0,,0,1.0527163581412877,2.19611194189277,3.1318094424268494,,0,,,0.3429796355841397,-0.9521794329242383,7.387015370497818,49.99,1.0639163799095401,49.99,0,25,20,20,47.707499999999996,46.255,46.98125,46.255,46.81,,,,,,47.01833333333334,47.51666666666667,48.223333333333336,48.72166666666667,46.311666666666675,45.81333333333334,45.106666666666676,0,0,0,0,0,0,0,0,0,0,0,0,0,0,0,0,0,0,0,0,0,0,,,,,,,,,,,,,,,,,,USD,1.0,stock,25.0
2025-11-18,46.81,47.64,46.76,47.06,14588773,45.908,45.340599999999995,,46.38796409439654,45.945744676957126,46.31984677049388,46.87961337143684,71.69260700389107,0.7577720196448539,0.6286176407086003,0.1291543789362536,0,1.365357142857144,0.5,0.05,13195405.7,16367501.0,1.1055948814063368,0.8913256214250422,56.880058866813854,56.53253189357872,0.25,0.5799999999999983,0.05000000000000426,,0,1.4280405983924038,2.447938801529964,3.6536336591585368,,0,,,0.5340739158299579,-3.4072249589490955,5.657835653345322,49.99,1.4487290372043817,49.99,0,25,20,20,47.975,46.255,47.115,46.255,47.06,,,,,,47.153333333333336,47.546666666666674,48.03333333333334,48.42666666666668,46.66666666666667,46.27333333333333,45.78666666666667,0,0,0,0,0,0,0,0,0,0,0,0,0,0,0,0,0,0,0,0,0,0,,,,,,,,,,,,,,,,,,USD,1.0,stock,27.0
2025-11-19,47.0,47.0,45.74,45.79,14825040,45.978,45.313399999999994,,46.33101513302544,45.93963704256665,46.309354755236576,46.868771447342944,50.99648300117234,0.6124043583419052,0.6253749842352613,-0.01297062589335607,0,1.2296428571428584,0.5,0.05,13504841.6,16392927.5,1.0977574146445377,0.9043558571219205,12.317327766179465,42.20903516949844,1.2100000000000009,0.0,0.04999999999999716,,0,-1.181513721392093,-0.41056999344835643,1.0408386110504582,,0,,,-2.6986825329366804,-6.703341483292579,3.1538634827663836,49.99,-1.1677169849874403,49.99,0,25,20,20,47.865,46.255,47.06,46.255,45.79,,,,,,46.17666666666667,46.61333333333334,47.43666666666667,47.873333333333335,45.35333333333334,44.91666666666667,44.09333333333334,0,0,0,0,0,0,0,0,0,0,0,0,0,0,0,0,0,0,0,0,0,0,,,,,,,,,,,,,,,,,,USD,1.0,stock,25.0
2025-11-20,45.9,46.2,45.265,45.94,12137612,46.0835,45.28139999999999,,46.29377559654683,45.93965127619149,46.30204079968733,46.85952994040421,49.21020656136086,0.5034991609297208,0.6009998195741532,-0.09750065864443236,0,1.2035714285714303,0.5,0.05,13559482.8,16230850.85,0.8951382717930805,0.7478111968480076,14.28571428571422,27.82770030623585,0.03999999999999915,0.2600000000000051,0.634999999999998,,0,-0.770081838369247,-0.31236395298215736,1.4336090552895233,,0,,,0.32758244158113126,-5.531564877647554,4.814054300707271,49.99,-0.7641968968571687,49.99,0,25,20,20,47.6275,46.255,46.94125,46.255,45.94,,,,,,45.80166666666667,46.33833333333334,46.73666666666667,47.27333333333334,45.403333333333336,44.86666666666667,44.468333333333334,0,0,0,0,0,0,0,0,0,0,0,0,0,0,0,0,0,0,0,0,0,0,,,,,,,,,,,,,,,,,,USD,1.0,stock,25.0
2025-11-21,46.17,46.99,45.52,46.25,14183520,46.2045,45.282399999999996,,46.2896064921138,45.95182181438006,46.30101028880243,46.853464965872824,51.35453474676087,0.4371660386161338,0.5682330633825493,-0.13106702476641552,0,1.226428571428573,0.5,0.05,14077084.7,16434732.7,1.00756089078586,0.8630210334969428,20.846560846560827,15.816534299484838,0.0799999999999983,0.740000000000002,0.6499999999999986,,0,-0.08563565862442755,0.09837837837837188,2.0921081081081176,,0,,,0.6747932085328756,-0.8574490889603381,5.521332420716418,49.99,-0.08556238671103278,49.99,0,25,20,20,47.6275,46.255,46.94125,46.255,46.25,,,,,,46.25333333333333,46.98666666666666,47.72333333333333,48.456666666666656,45.51666666666666,44.78333333333333,44.04666666666666,0,0,0,0,0,0,0,0,0,0,0,0,0,0,0,0,0,0,0,0,0,0,,,,,,,,,,,,,,,,,,USD,1.0,stock,25.0
2025-11-24,48.19,48.625,47.575,47.76,27383780,46.422999999999995,45.3106,,46.42964396905534,46.02273076283575,46.329901174172676,46.862485214968615,61.33751306165097,0.5006695349389219,0.5547203576938239,-0.05405082275490203,1,1.3092857142857162,0.5,0.05,15741536.7,16734886.2,1.7395874698815144,1.6363290238567623,52.80423280423273,29.31216931216926,0.4299999999999997,0.4350000000000023,0.18499999999999517,,0,2.785502577354809,2.7994137353433906,5.128559463986594,,0,,,3.264864864864858,2.0294808801538,10.071445033417836,49.99,2.865316029197465,49.99,0,25,20,20,47.6275,46.255,46.94125,46.255,47.76,,,,,,47.98666666666667,48.39833333333334,49.03666666666667,49.44833333333334,47.34833333333334,46.936666666666675,46.298333333333346,0,0,0,0,0,0,0,0,0,0,0,0,0,0,0,0,0,0,0,0,0,0,,,,,,,,,,,,,,,,,,USD,1.0,stock,25.0
2025-11-25,48.21,49.4,48.1,49.05,14999966,46.734500000000004,45.364799999999995,,46.67920168628817,46.141447203508854,46.38376451725836,46.88425153123759,62.92585170340679,0.647623333654046,0.5733009528858684,0.07432238076817765,1,1.3403571428571444,0.5,0.05,15796932.1,16586856.8,0.9495493115400553,0.9043284198366022,80.10582010582002,51.25220458553786,0.8399999999999963,0.3500000000000014,0.10999999999999943,,0,4.833431832236148,4.720693170234441,7.513149847094805,,0,,,2.7010050251256246,4.228644283892891,14.549276039233995,49.99,5.07891786505904,49.99,0,25,20,20,47.6275,46.255,46.94125,46.255,49.05,,,,,,48.85,49.6,50.15,50.9,48.300000000000004,47.550000000000004,47.00000000000001,0,0,0,0,0,0,0,0,0,0,0,0,0,0,0,0,0,0,0,0,0,0,,,,,,,,,,,,,,,,,,USD,1.0,stock,25.0
2025-11-26,49.02,49.5,48.8,49.25,11373482,47.067,45.42679999999999,,46.92403962092739,46.2633512347438,46.440521655530475,46.90779131699642,63.07385229540916,0.771332169300905,0.6129071961688757,0.1584249731320293,1,1.3160714285714303,0.5,0.05,15662564.8,16348176.1,0.7261570595385501,0.6957034185605574,84.3386243386243,72.41622574955902,0.22999999999999687,0.25,0.22000000000000597,,0,4.722762191010379,4.43248730964467,7.762842639593923,,0,,,0.4077471967380175,7.556234985804755,15.61032863849765,49.99,4.956863044747899,49.99,0,25,20,20,47.3825,46.255,46.81875,46.255,49.25,,,,,,49.18333333333334,49.56666666666668,49.88333333333334,50.26666666666668,48.866666666666674,48.483333333333334,48.16666666666667,0,0,0,0,0,0,0,0,0,0,0,0,0,0,0,0,0,0,0,0,0,0,,,,,,,,,,,,,,,,,,USD,1.0,stock,25.0
2025-11-28,49.23,49.3699,49.005,49.2,6187103,47.245999999999995,45.4988,,47.14079775226764,46.378513931420514,46.49516479106452,46.93059936359347,62.53746253746256,0.8554763320521346,0.6614210233455275,0.19405530870660703,1,1.294278571428573,0.5,0.05,14831013.0,14560949.85,0.41717332457331135,0.4249106729805817,83.2804232804233,82.57495590828921,0.02999999999999403,0.13990000000000435,0.19500000000000028,,0,4.185370422220255,3.97154471544717,7.522764227642275,,0,,,-0.10152284263958977,7.096212451023076,7.847435335379238,49.99,4.368195588360213,49.99,0,25,20,20,47.3825,46.255,46.81875,46.255,49.2,,,,,,49.191633333333336,49.37826666666667,49.556533333333334,49.74316666666667,49.01336666666667,48.82673333333334,48.64846666666667,0,0,0,0,0,0,0,0,0,0,0,0,0,0,0,0,0,0,0,0,0,0,,,,,,,,,,,,,,,,,,USD,1.0,stock,25.0
2025-12-01,49.23,49.86,48.76,49.18,11772868,47.401500000000006,45.582,,47.33500749014691,46.48837613018834,46.54832984470681,46.95298145947812,60.14799154334038,0.9100567862640432,0.7111481759292306,0.19890861033481255,1,1.3210642857142874,0.5,0.05,14030372.1,14075447.6,0.8390987720133238,0.8364116250200101,82.8571428571428,83.49206349206348,0.04999999999999716,0.6300000000000026,0.4200000000000017,,0,3.7515097800998225,3.6163074420496018,7.315982106547375,,0,,,-0.04065040650407248,6.335135135135128,6.750596917733875,49.99,3.89773363876015,49.99,0,25,20,20,47.5625,46.255,46.90875,46.255,49.18,,,,,,49.26666666666667,49.77333333333335,50.366666666666674,50.87333333333335,48.673333333333346,48.16666666666667,47.573333333333345,0,0,0,0,0,0,0,0,0,0,0,0,0,0,0,0,0,0,0,0,0,0,,,,,,,,,,,,,,,,,,USD,1.0,stock,25.0
2025-12-02,48.95,49.18,48.22,48.25,14475664,47.513,45.6474,,47.42214963394244,46.55745941920056,46.582026283425485,46.96588711659774,47.36842105263159,0.8682601986948555,0.7425705804823557,0.1256896182124998,0,1.28392142857143,0.5,0.05,14192780.8,13780496.0,1.019931485167445,1.0504457894694066,63.17460317460314,76.43738977072309,0.7000000000000028,0.22999999999999687,0.030000000000001137,,0,1.7157520540053075,1.5274611398963769,5.393989637305705,,0,,,-1.8910126067507083,1.0259631490787235,4.8457192524989035,49.99,1.74570400635113,49.99,0,25,20,20,47.5625,46.255,46.90875,46.255,48.25,,,,,,48.550000000000004,48.88000000000001,49.510000000000005,49.84000000000001,47.92000000000001,47.59,46.96000000000001,0,0,0,0,0,0,0,0,0,0,0,0,0,0,0,0,0,0,0,0,0,0,,,,,,,,,,,,,,,,,,USD,1.0,stock,25.0
2025-12-03,49.94,51.34,49.425,50.96,27120129,47.7815,45.7684,,47.75908776404316,46.73010806942799,46.66871883226854,47.005629533348014,58.33333333333334,1.0418012175657907,0.8024167078990427,0.23938450966674796,1,1.4328500000000015,0.5,0.05,15445916.4,14320661.05,1.7558122352649792,1.8937763351364285,93.74485596707815,79.92553399960804,1.0200000000000031,0.38000000000000256,0.5150000000000006,,0,6.2812249528195485,6.237244897959183,10.187598116169546,,0,,,5.6165803108808365,3.893985728848115,11.77889888133361,51.34,6.7022055609000635,51.34,0,25,20,20,48.3025,46.93000000000001,47.61625000000001,46.93000000000001,50.96,,,,,,50.574999999999996,51.724999999999994,52.49,53.64,49.80999999999999,48.65999999999999,47.89499999999998,0,0,0,0,0,0,0,0,0,0,0,0,0,0,0,0,0,0,0,0,0,0,,,,,,,,,,,,,,,,,,USD,1.0,stock,25.0
2025-12-04,50.8,52.08,50.225,51.95,20473113,48.0555,45.9242,,48.15822226270572,46.93480971376415,46.77329865737213,47.054827249434105,64.04399323181048,1.2448683837174812,0.8909070430627305,0.3539613406547507,1,1.457492857142858,0.5,0.05,16010723.7,14757782.65,1.2787125294030277,1.3872756826378656,98.09244314013213,85.00396742727114,1.1500000000000057,0.12999999999999545,0.5749999999999957,,0,7.298898435600158,7.496631376323388,11.599230028873924,,0,,,1.942700156985877,5.48223350253807,11.792554336130845,52.08,7.873583282642636,52.08,0,25,20,20,48.8,47.3,48.05,47.3,51.95,,,,,,51.41833333333333,52.61166666666666,53.273333333333326,54.466666666666654,50.75666666666666,49.56333333333333,48.901666666666664,0,0,0,0,0,0,0,0,0,0,0,0,0,0,0,0,0,0,0,0,0,0,,,,,,,,,,,,,,,,,,USD,1.0,stock,25.0
2025-12-05,51.99,52.51,51.69,52.15,15667697,48.3315,46.099,,48.53839157101947,47.13932697989105,46.87976799088952,47.10552548575815,77.39043824701193,1.4057344724834167,0.9938725289468677,0.4118619435365489,1,1.336778571428572,0.5,0.05,16363732.2,14961607.5,0.9574647646702505,1.0471934249043762,95.03105590062113,95.62278500261046,0.1599999999999966,0.35999999999999943,0.30000000000000426,,0,6.925423641381652,7.322147651006712,11.603068072866735,,0,,,0.38498556304138454,5.99593495934958,11.837872614196865,52.51,7.440725397124394,52.51,0,25,20,20,50.042500000000004,47.8525,48.947500000000005,47.515,52.15,,,,,,52.11666666666667,52.54333333333334,52.93666666666667,53.36333333333334,51.723333333333336,51.29666666666667,50.903333333333336,0,0,0,0,0,0,0,0,0,0,0,0,0,0,0,0,0,0,0,0,0,0,,,,,,,,,,,,,,,,,,USD,1.0,stock,27.0
2025-12-08,52.2,52.4052,51.66,51.67,15278685,48.5805,46.25,,48.83663999282714,47.31700043166003,46.97462407027785,47.150943142616285,73.45559845559845,1.477458793055213,1.0905897817685368,0.38686901128667617,0,1.3039357142857153,0.5,0.05,16473248.7,15275166.7,0.9274846314922691,1.0002303280919351,88.40579710144932,93.84309871406754,0.5300000000000011,0.20519999999999783,0.010000000000005116,,0,5.483568815894841,5.979291658602673,10.489645829301338,,0,,,-0.9204218600191716,5.063033753558366,10.666095523666751,52.51,5.801709551658371,52.51,0,25,20,20,50.305,48.855000000000004,49.58,47.515,51.67,,,,,,51.91173333333334,52.16346666666668,52.65693333333334,52.90866666666668,51.418266666666675,51.166533333333334,50.67306666666667,0,0,0,0,0,0,0,0,0,0,0,0,0,0,0,0,0,0,0,0,0,0,,,,,,,,,,,,,,,,,,USD,1.0,stock,27.0
2025-12-09,51.79,52.01,50.415,50.65,12715403,48.75,46.38,,49.00934094589122,47.447706297085126,47.04740379165849,47.185759628759406,66.12758310871516,1.4354484026991514,1.1595615059546598,0.2758868967444916,0,1.3550071428571435,0.5,0.05,15006411.0,15373973.85,0.8473313838998545,0.8270732813819636,74.3271221532091,85.92132505175987,1.1400000000000006,0.21999999999999886,0.23499999999999943,,0,3.23920839903017,3.75123395853899,8.430404738400782,,0,,,-1.974066189278112,4.974093264248691,7.173085061362672,52.51,3.347645617026663,52.51,0,25,20,20,50.364999999999995,48.8875,49.62625,47.515,50.65,,,,,,51.025,51.635,52.62,53.23,50.04,49.43,48.445,0,0,0,0,0,0,0,0,0,0,0,0,0,0,0,0,0,0,0,0,0,0,,,,,,,,,,,,,,,,,,USD,1.0,stock,25.0
2025-12-10,50.79,51.61,50.33,51.21,12132410,48.8745,46.5022,,49.21892752247301,47.5952472266112,47.129831439348415,47.22580182150807,76.00767754318619,1.4308482575176242,1.2138188562672527,0.2170294012503715,0,1.3521500000000006,0.5,0.05,14719655.4,15258293.75,0.8242319314078508,0.795135432492247,82.05659075224295,81.59650333563378,0.4200000000000017,0.3999999999999986,0.46000000000000085,,0,3.888054047113828,4.56063268892795,9.193126342511226,,0,,,1.105626850937802,0.49058084772370947,5.110837438423643,52.51,4.045339014381981,52.51,0,25,20,20,50.364999999999995,48.8875,49.62625,47.515,51.21,,,,,,51.050000000000004,51.77000000000001,52.330000000000005,53.05000000000001,50.49000000000001,49.77,49.21000000000001,0,0,0,0,0,0,0,0,0,0,0,0,0,0,0,0,0,0,0,0,0,0,,,,,,,,,,,,,,,,,,USD,1.0,stock,27.0
2025-12-11,51.11,51.48,50.44,51.2,9684307,48.9805,46.577600000000004,,49.40760109176129,47.73661008046958,47.21042883658904,47.26534608199058,75.58365758754866,1.4101404713210783,1.253083179278018,0.1570572920430604,0,1.3596500000000005,0.5,0.05,14550737.9,15106651.35,0.6655543565251079,0.6410624549165888,81.25894134477831,79.21421808341012,0.09000000000000341,0.27999999999999403,0.6700000000000017,,0,3.5007791176537295,4.334960937500007,9.028124999999998,,0,,,-0.0195274360476394,-1.443695861405192,4.319478402608001,52.51,3.627779670803713,52.51,0,25,20,20,50.364999999999995,48.8875,49.62625,47.515,51.2,,,,,,51.04,51.64,52.08,52.68,50.6,50.0,49.56,0,0,0,0,0,0,0,0,0,0,0,0,0,0,0,0,0,0,0,0,0,0,,,,,,,,,,,,,,,,,,USD,1.0,stock,27.0
2025-12-12,52.27,52.99,52.01,52.41,19046726,49.1695,46.711200000000005,,49.693543844926886,47.919880273392344,47.3133906418051,47.316536668239436,77.54919499105546,1.4743706619497488,1.2973406758123642,0.17702998613738452,1,1.3825071428571434,0.5,0.05,15836700.2,15333856.6,1.2026953695821052,1.242135393388249,89.28901200369334,84.2015147002382,0.13999999999999346,0.5800000000000054,0.2600000000000051,,0,5.183087492984375,6.182980347261968,10.87349742415568,,0,,,2.3632812499999822,0.49856184084371424,7.772979642196165,52.99,5.4664166507223815,52.99,0,25,20,20,50.605000000000004,49.1275,49.86625,47.755,52.41,,,,,,52.47,52.93,53.45,53.910000000000004,51.949999999999996,51.489999999999995,50.96999999999999,0,0,0,0,0,0,0,0,0,0,0,0,0,0,0,0,0,0,0,0,0,0,,,,,,,,,,,,,,,,,,USD,1.0,stock,27.0
2025-12-15,53.495,54.8,53.01,54.29,21936585,49.551500000000004,46.888000000000005,,50.131301573981474,48.16968889012206,47.45154132216539,47.38592436308282,78.26839826839829,1.6578630259813352,1.3694451458461585,0.28841788013517666,1,1.383578571428572,0.5,0.05,16853071.9,15441722.0,1.3016371810530283,1.4206048392789354,92.38805970149257,87.64533768332142,0.7950000000000017,0.509999999999998,0.48499999999999943,,0,7.66015550933602,8.728126726837345,13.634186774728299,,0,,,3.58710169814922,5.0706406038319995,16.37727759914256,54.8,8.295612312960413,54.8,0,25,20,20,52.1125,50.0325,51.0725,48.66,54.29,,,,,,54.03333333333333,55.056666666666665,55.82333333333333,56.846666666666664,53.266666666666666,52.24333333333333,51.47666666666667,0,0,0,0,0,0,0,0,0,0,0,0,0,0,0,0,0,0,0,0,0,0,,,,,,,,,,,,,,,,,,USD,1.0,stock,27.0
2025-12-16,54.25,54.72,53.4,54.23,18038372,49.9225,47.06980000000001,,50.52165380503086,48.40734814933296,47.58576822667697,47.45402461817653,75.09689922480621,1.7779454989293697,1.4511452164628007,0.326800282466569,1,1.360721428571429,0.5,0.05,17209342.7,15701061.75,1.0481732111709299,1.1488631971019412,91.33738601823707,91.00481924114099,0.020000000000003126,0.46999999999999886,0.8299999999999983,,0,6.8381821777044784,7.943020468375433,13.203392955928434,,0,,,-0.11051759071653011,7.068114511352408,15.851313821832935,54.8,7.340112438282588,54.8,0,25,20,20,52.5125,50.0325,51.2725,48.66,54.23,,,,,,54.11666666666667,54.833333333333336,55.43666666666667,56.153333333333336,53.513333333333335,52.79666666666667,52.193333333333335,0,0,0,0,0,0,0,0,0,0,0,0,0,0,0,0,0,0,0,0,0,0,,,,,,,,,,,,,,,,,,USD,1.0,stock,27.0
2025-12-17,54.07,54.49,53.495,53.55,14990510,50.247,47.247600000000006,,50.810067728361254,48.60902077092775,47.703871826148706,47.51468108963746,69.90740740740739,1.797520707091742,1.520420314588589,0.277100392503153,0,1.3817928571428577,0.5,0.05,15996380.8,15721148.6,0.9371188512841604,0.9535251132986555,81.00303951367779,88.2428284111358,0.5200000000000031,0.4200000000000017,0.054999999999999716,,0,5.116586875142377,6.168067226890751,11.769187675070013,,0,,,-1.253918495297801,4.569420035149374,13.790905227369299,54.8,5.392498758881525,54.8,0,25,20,20,52.565,50.0325,51.29875,48.66,53.55,,,,,,53.845,54.195,54.84,55.190000000000005,53.199999999999996,52.849999999999994,52.20499999999999,0,0,0,0,0,0,0,0,0,0,0,0,0,0,0,0,0,0,0,0,0,0,,,,,,,,,,,,,,,,,,USD,1.0,stock,25.0
2025-12-18,53.315,53.8,53.092,53.33,17296458,50.623999999999995,47.423399999999994,,51.050061278041134,48.794157211283526,47.81528030483883,47.57254495939232,68.82406563354601,1.7748229846310224,1.5713008485970759,0.20352213603394653,0,1.4063000000000005,0.5,0.05,15678715.3,15844719.5,1.1031808199234283,1.0916228589594155,77.65957446808511,83.33333333333331,0.015000000000000568,0.46999999999999886,0.22299999999999898,,0,4.275152300691663,5.074067129195581,11.075567222951443,,0,,,-0.4108309990662917,4.160156249999991,16.46647739681153,54.8,4.466084202213417,54.8,0,25,20,20,52.565,50.0325,51.29875,48.66,53.33,,,,,,53.40733333333333,53.722666666666655,54.115333333333325,54.43066666666665,53.014666666666656,52.69933333333333,52.30666666666666,0,0,0,0,0,0,0,0,0,0,0,0,0,0,0,0,0,0,0,0,0,0,,,,,,,,,,,,,,,,,,USD,1.0,stock,25.0
2025-12-19,53.41,54.855,53.29,54.19,40404134,51.036500000000004,47.6136,,51.34910306108483,49.00575888927241,47.94151237801034,47.63839028317946,71.21083827265029,1.8054179543882185,1.6181242697553044,0.18729368463291407,0,1.4395142857142862,0.5,0.05,18152359.0,17258045.6,2.225833788324702,2.341176685730857,89.97739261492089,82.8800021988946,0.7800000000000011,0.6649999999999991,0.11999999999999744,,0,5.2424745135913735,5.819339361505802,12.135818416682044,,0,,,1.612600787549212,3.3962984163327548,17.95820635611667,54.855,5.532515213626297,54.855,0,25,20,20,52.5925,50.06,51.32625,48.6875,54.19,,,,,,54.11166666666666,54.933333333333316,55.676666666666655,56.49833333333331,53.36833333333332,52.54666666666666,51.80333333333332,0,0,0,0,0,0,0,0,0,0,0,0,0,0,0,0,0,0,0,0,0,0,,,,,,,,,,,,,,,,,,USD,1.0,stock,27.0
2025-12-22,54.14,54.815,54.0375,54.66,25146303,51.45700000000001,47.827600000000004,,51.66442657907675,49.22749383479113,48.074551736861615,47.70825704653091,78.23788546255507,1.8463066861992559,1.6637607530440948,0.1825459331551611,0,1.4264785714285715,0.5,0.05,19139120.8,17806184.75,1.3138692870364244,1.412222963709281,96.40883977900553,88.01526895400384,0.519999999999996,0.15500000000000114,0.10249999999999915,,0,5.48037581581274,5.859860958653474,12.499817050859848,,0,,,0.8673186934858856,0.681525142751882,18.18378378378378,54.855,5.798135427552391,54.855,0,25,20,20,52.5925,50.06,51.32625,48.6875,54.66,,,,,,54.50416666666666,54.970833333333324,55.28166666666666,55.74833333333332,54.19333333333333,53.72666666666667,53.41583333333333,0,0,0,0,0,0,0,0,0,0,0,0,0,0,0,0,0,0,0,0,0,0,,,,,,,,,,,,,,,,,,USD,1.0,stock,27.0
2025-12-23,54.66,54.78,54.005,54.28,16579420,51.783,48.0424,,51.91352880964087,49.425631331465986,48.19743190048811,47.77364752367986,68.40354767184039,1.8269880950403916,1.6964062214433542,0.13058187359703743,0,1.2611214285714283,0.5,0.05,19525522.5,17265966.75,0.8491153053650677,0.9602369933904802,87.58099352051845,91.3224086381483,0.37999999999999545,0.12000000000000455,0.2749999999999986,,0,4.359747955709521,4.600221075902726,11.491525423728815,,0,,,-0.6952067325283529,0.0921998893601339,13.65159128978226,54.855,4.558486476688231,54.855,0,25,20,20,52.647499999999994,50.06,51.35375,48.6875,54.28,,,,,,54.355,54.70499999999999,55.129999999999995,55.47999999999999,53.92999999999999,53.58,53.154999999999994,0,0,0,0,0,0,0,0,0,0,0,0,0,0,0,0,0,0,0,0,0,0,,,,,,,,,,,,,,,,,,USD,1.0,stock,25.0
2025-12-24,54.405,54.745,54.195,54.71,10038136,52.065999999999995,48.260600000000004,,52.17985939919889,49.63286147533007,48.3263936450329,47.842665956280065,66.31205673758868,1.8253340638470945,1.7221917899241024,0.10314227392299213,0,1.1679071428571426,0.5,0.05,19316095.1,17017875.25,0.5196772923322375,0.589858360843255,96.79558011049731,93.59513780334044,0.3049999999999997,0.03499999999999659,0.21000000000000085,,0,4.624640103822173,4.832754523853054,11.788338512154994,,0,,,0.792188651436998,2.1661998132586513,11.53924566768605,54.855,4.848883515466039,54.855,0,25,20,20,53.4325,50.06,51.74625,48.6875,54.71,,,,,,54.550000000000004,54.90500000000001,55.1,55.455000000000005,54.35500000000001,54.00000000000001,53.805000000000014,0,0,0,0,0,0,0,0,0,0,0,0,0,0,0,0,0,0,0,0,0,0,,,,,,,,,,,,,,,,,,USD,1.0,stock,25.0
2025-12-26,54.76,55.04,54.375,54.64,9573039,52.3355,48.4812,,52.41415850403709,49.829219848846535,48.45141555305205,47.9103011208942,64.94597839135656,1.7976525970848556,1.737283951356253,0.060368645728602566,0,1.156835714285714,0.5,0.05,19304968.3,16927853.1,0.49588473035721065,0.5655199713423789,91.5074309978769,91.96133487629754,0.11999999999999744,0.28000000000000114,0.26500000000000057,,0,4.07364841867297,4.217606149341137,11.271595900439237,,0,,,-0.12794735880095054,2.456403525220341,10.944162436548233,55.04,4.246641669905794,55.04,0,25,20,20,54.025,50.1525,52.088750000000005,48.78,54.64,,,,,,54.685,54.995000000000005,55.35,55.660000000000004,54.330000000000005,54.02,53.665000000000006,0,0,0,0,0,0,0,0,0,0,0,0,0,0,0,0,0,0,0,0,0,0,,,,,,,,,,,,,,,,,,USD,1.0,stock,25.0
2025-12-29,54.64,54.73,54.0,54.11,9162766,52.581,48.695600000000006,,52.575667217938324,49.99709358026432,48.56346673021934,47.97198966695495,64.55847255369927,1.7131995664639064,1.732467074377784,-0.019267507913877546,0,1.1557499999999992,0.5,0.05,18316572.3,17076636.25,0.5002445790580587,0.5365673816469564,80.25477707006371,89.51926272614598,0.5300000000000011,0.0899999999999963,0.10999999999999943,,0,2.835580820664711,2.825725374237657,10.006283496581027,,0,,,-0.969985358711567,-0.1476287137848309,9.97967479674795,55.04,2.918332497239664,55.04,0,25,20,20,54.066,50.1525,52.10925,48.78,54.11,,,,,,54.279999999999994,54.55999999999999,55.00999999999999,55.289999999999985,53.82999999999999,53.55,53.099999999999994,0,0,0,0,0,0,0,0,0,0,0,0,0,0,0,0,0,0,0,0,0,0,,,,,,,,,,,,,,,,,,USD,1.0,stock,25.0
2025-12-30,54.2,54.35,53.92,54.21,7914029,52.832499999999996,48.9072,,52.73131795908706,50.16230559672454,48.67527927021499,48.03405942151261,73.86058981233248,1.635486228325398,1.7130709051673068,-0.07758467684190884,0,1.0725357142857135,0.5,0.05,16914316.7,16883694.3,0.4678893709019886,0.468737994148591,82.37791932059451,84.71337579617837,0.00999999999999801,0.14000000000000057,0.28000000000000114,,0,2.727692383163518,2.5410440878066867,9.781959048146094,,0,,,0.1848087229717299,-0.8232711306256801,10.227734851565673,55.04,2.8041818375566048,55.04,0,25,20,20,54.066,50.28,52.173,48.78,54.21,,,,,,54.160000000000004,54.400000000000006,54.59,54.830000000000005,53.970000000000006,53.730000000000004,53.540000000000006,0,0,0,0,0,0,0,0,0,0,0,0,0,0,0,0,0,0,0,0,0,0,,,,,,,,,,,,,,,,,,USD,1.0,stock,27.0
2025-12-31,54.21,54.35,53.91,53.94,7866758,53.117,49.114200000000004,,52.8464305344121,50.31045047528437,48.779531165854294,48.09282499940801,69.03765690376568,1.5344232286063288,1.6773413698551112,-0.14291814124878233,0,1.0125357142857137,0.5,0.05,15897155.3,16553249.0,0.49485318923694477,0.47523951340307874,76.08695652173911,79.57321763746579,0.2700000000000031,0.14000000000000057,0.030000000000001137,,0,2.0273812858507556,1.5257693733778281,8.946607341490534,,0,,,-0.49806308799115184,-0.6263817243920444,11.792746113989638,55.04,2.069334588030115,55.04,0,25,20,20,54.066,51.307500000000005,52.68675,48.78,53.94,,,,,,54.06666666666666,54.22333333333333,54.50666666666667,54.663333333333334,53.783333333333324,53.62666666666666,53.34333333333332,0,0,0,0,0,0,0,0,0,0,0,0,0,0,0,0,0,0,0,0,0,0,,,,,,,,,,,,,,,,,,USD,1.0,stock,25.0
2026-01-02,53.21,53.87,52.94,53.46,8865764,53.242000000000004,49.2926,,52.904865721610946,50.43396222135165,48.8722137170255,48.146229725782064,64.79057591623037,1.3994659128309124,1.6217662784502715,-0.22230036561935917,0,1.009678571428571,0.5,0.05,15284680.7,15640530.75,0.5800424735074774,0.5668454697421313,47.85478547854793,68.77322044029385,0.25,0.4099999999999966,0.2700000000000031,,0,1.0384105469305176,0.40778151889262326,7.795361017583241,,0,,,-0.8898776418242438,-2.2847742643026914,4.90580847723705,55.04,1.049306657936171,55.04,0,25,20,20,53.989999999999995,51.57,52.78,48.78,53.46,,,,,,53.42333333333334,53.90666666666668,54.35333333333334,54.83666666666668,52.97666666666668,52.49333333333334,52.04666666666668,0,0,0,0,0,0,0,0,0,0,0,0,0,0,0,0,0,0,0,0,0,0,,,,,,,,,,,,,,,,,,USD,1.0,stock,25.0
2026-01-05,53.0,53.36,52.06,53.06,14090559,53.2975,49.466,,52.919640414790855,50.53694409502413,48.9551401780745,48.19512296234144,54.75841874084923,1.2458729627182024,1.5465876153038578,-0.30071465258565544,0,0.9818214285714281,0.5,0.05,14964090.8,15321403.05,0.9416247995501337,0.9196650563931219,33.55704697986581,52.499596326717615,0.060000000000002274,0.29999999999999716,0.9399999999999977,,0,0.26452993820042786,-0.4476064832265306,6.773464003015456,,0,,,-0.7482229704451893,-2.8916544655929743,2.136669874879682,55.04,0.2652315550691403,55.04,0,25,20,20,53.55,51.629999999999995,52.589999999999996,48.78,53.06,,,,,,52.826666666666675,53.59333333333335,54.12666666666667,54.893333333333345,52.29333333333335,51.52666666666668,50.993333333333354,0,0,0,0,0,0,0,0,0,0,0,0,0,0,0,0,0,0,0,0,0,0,,,,,,,,,,,,,,,,,,USD,1.0,stock,25.0
2026-01-06,53.2,54.82,53.15,54.42,16769436,53.411,49.677800000000005,,53.0625318038584,50.68922079718005,49.063355224053225,48.25706203734302,51.03011093502379,1.2198286518012011,1.4812358226033266,-0.2614071708021255,1,0.9368214285714279,0.5,0.05,12600621.0,15376490.0,1.33084202754769,1.090589334757152,79.19463087248329,53.53548777696568,1.2199999999999989,0.3999999999999986,0.05000000000000426,,0,2.4944288793487748,1.8540977581771412,8.714075707460486,,0,,,2.5631360723709085,0.572907041212356,4.352828379674034,55.04,2.558242417002228,55.04,0,25,20,20,53.55,51.629999999999995,52.589999999999996,48.78,54.42,,,,,,54.129999999999995,55.10999999999999,55.8,56.779999999999994,53.43999999999999,52.459999999999994,51.76999999999999,0,0,0,0,0,0,0,0,0,0,0,0,0,0,0,0,0,0,0,0,0,0,,,,,,,,,,,,,,,,,,USD,1.0,stock,25.0
2026-01-07,55.24,56.74,55.23,56.72,18041587,53.6635,49.935599999999994,,53.410862108252836,50.92572194238868,49.214971952289794,48.341270375279905,64.56140350877196,1.3689981671590843,1.4587882915144783,-0.08979012435539402,1,1.0082499999999992,0.5,0.05,11890149.4,15514635.1,1.5173557869676557,1.162875367916323,99.57264957264951,70.77477580833288,1.4799999999999969,0.020000000000003126,0.010000000000005116,,0,5.83416412508315,5.388751763046544,11.961212976022576,,0,,,4.226387357589112,4.630142040213969,9.773562995935748,56.74,6.195627183549708,56.74,0,25,20,20,54.400000000000006,52.480000000000004,53.440000000000005,49.63,56.72,,,,,,56.23,57.23,57.74,58.74,55.71999999999999,54.71999999999999,54.20999999999999,0,0,0,0,0,0,0,0,0,0,0,0,0,0,0,0,0,0,0,0,0,0,,,,,,,,,,,,,,,,,,USD,1.0,stock,25.0
2026-01-08,56.575,56.97,55.8109,55.9,12073510,53.926,50.1858,,53.6479228598478,51.120791670138146,49.34734874531376,48.41648161532687,63.52128883774456,1.404854645947644,1.4480015624011116,-0.043146916453467465,1,1.0199714285714276,0.5,0.05,11439558.4,15482540.45,1.055417488842926,0.7798145297272581,78.20773930753563,85.65833991755615,0.6750000000000043,0.394999999999996,0.08910000000000196,,0,4.028760536944893,3.5313059033989207,10.222182468694093,,0,,,-1.445698166431597,3.6336670374490287,10.365251727541946,56.97,4.197883198638689,56.97,0,25,20,20,54.515,52.595,53.555,49.745000000000005,55.9,,,,,,56.22696666666667,56.64303333333334,57.38606666666667,57.802133333333344,55.48393333333334,55.06786666666667,54.32483333333334,0,0,0,0,0,0,0,0,0,0,0,0,0,0,0,0,0,0,0,0,0,0,,,,,,,,,,,,,,,,,,USD,1.0,stock,25.0
2026-01-09,55.72,56.33,55.615,55.86,9478865,54.15849999999999,50.4466,,53.85859687319563,51.30664297719155,49.476312136495665,48.49054647487586,64.8648648648649,1.4137467060133488,1.4411505911235591,-0.027403885110210302,1,1.0204714285714276,0.5,0.05,11383631.3,15349863.2,0.8326749830697696,0.6175211385597235,77.39307535641548,85.05782141220021,0.14000000000000057,0.46999999999999886,0.10499999999999687,,0,3.582891383466469,3.0460078768349623,9.69101324740423,,0,,,-0.07155635062611188,4.489337822671158,9.080257762155819,56.97,3.7160328025560365,56.97,0,25,20,20,54.515,53.1975,53.85625,49.745000000000005,55.86,,,,,,55.935,56.255,56.65,56.97,55.540000000000006,55.220000000000006,54.82500000000001,0,0,0,0,0,0,0,0,0,0,0,0,0,0,0,0,0,0,0,0,0,0,,,,,,,,,,,,,,,,,,USD,1.0,stock,25.0
2026-01-12,56.11,56.585,55.5121,55.77,13249559,54.386999999999986,50.71,,54.04063526622462,51.48167658592914,49.6009396189413,48.56297884826019,60.20671834625329,1.3974228589877455,1.4324050446963965,-0.03498218570865097,0,0.985321428571428,0.5,0.05,11751283.3,15528125.8,1.1274989004817881,0.853261956442934,75.56008146639519,77.05363204344876,0.3399999999999963,0.4750000000000014,0.25790000000000646,,0,3.100887096602804,2.479827864443279,9.072978303747538,,0,,,-0.16111707841029999,5.107425555974365,8.925781250000009,56.97,3.2001191793099375,56.97,0,25,20,20,54.515,53.5975,54.05625,49.745000000000005,55.77,,,,,,55.9557,56.399300000000004,57.028600000000004,57.47220000000001,55.3264,54.882799999999996,54.253499999999995,0,0,0,0,0,0,0,0,0,0,0,0,0,0,0,0,0,0,0,0,0,0,,,,,,,,,,,,,,,,,,USD,1.0,stock,25.0
2026-01-13,55.935,56.555,55.545,55.92,10924237,54.5625,50.916000000000004,,54.219622383727035,51.655728484520154,49.72606952747711,48.63618303882477,58.490566037735896,1.3806742852897713,1.4220588928150715,-0.041384607525300154,0,1.001928571428571,0.5,0.05,11927430.4,15122001.35,0.9158919091240306,0.7224068261308547,78.61507128309577,77.18940936863548,0.015000000000000568,0.6199999999999974,0.375,,0,3.040732504064675,2.4275751072961405,8.94849785407725,,0,,,0.2689618074233513,2.756339581036382,6.69719519175731,56.97,3.13609269396775,56.97,0,25,20,20,54.515,53.65,54.082499999999996,49.745000000000005,55.92,,,,,,56.00666666666666,56.46833333333332,57.01666666666666,57.47833333333332,55.45833333333332,54.99666666666666,54.44833333333332,0,0,0,0,0,0,0,0,0,0,0,0,0,0,0,0,0,0,0,0,0,0,,,,,,,,,,,,,,,,,,USD,1.0,stock,25.0
2026-01-14,56.11,57.04,55.73,57.02,13352616,54.699,51.135,,54.48632501384827,51.8660920733625,49.87050379425974,48.719604103115074,66.83046683046686,1.4395672912495883,1.4255605725019749,0.01400671874761339,1,1.040142857142857,0.5,0.05,12471289.1,14692802.9,1.0706684684264116,0.9087861649597164,99.59839357429728,84.59118210792941,0.9100000000000037,0.01999999999999602,0.38000000000000256,,0,4.443484717909032,4.0705015783935545,10.320940021045255,,0,,,1.9670958512160164,0.5289139633286366,5.02855037760177,57.04,4.650111721625142,57.04,0,25,20,20,54.55,53.685,54.1175,50.1175,57.02,,,,,,56.596666666666664,57.46333333333333,57.906666666666666,58.77333333333333,56.15333333333333,55.28666666666666,54.84333333333333,0,0,0,0,0,0,0,0,0,0,0,0,0,0,0,0,0,0,0,0,0,0,,,,,,,,,,,,,,,,,,USD,1.0,stock,25.0
2026-01-15,56.73,57.0,55.335,56.62,11845634,54.81850000000001,51.347,,54.68953215538654,52.052519835191426,50.00415718447242,48.79821500756169,61.77558569667075,1.4373943780699605,1.427927333615572,0.009467044454388507,0,1.121214285714286,0.5,0.05,12869176.7,14383166.0,0.9204655648251376,0.8235762557423032,91.56626506024092,89.92657663921132,0.10999999999999943,0.2700000000000031,1.2849999999999966,,0,3.4095157976217947,3.1817379018014664,9.312963617096425,,0,,,-0.70150824272186,1.2880143112701248,4.407154711414352,57.04,3.529867176644558,57.04,0,25,20,20,54.55,53.685,54.1175,51.120000000000005,56.62,,,,,,56.318333333333335,57.30166666666667,57.983333333333334,58.96666666666667,55.63666666666667,54.653333333333336,53.97166666666667,0,0,0,0,0,0,0,0,0,0,0,0,0,0,0,0,0,0,0,0,0,0,,,,,,,,,,,,,,,,,,USD,1.0,stock,25.0
2026-01-16,56.46,56.56,55.1003,55.26,13702877,54.90400000000001,51.5404,,54.74386242630211,52.17830337106627,50.1082332798294,48.862511375645646,53.29787234042551,1.3108213620110476,1.4045061392946672,-0.09368477728361957,0,1.182264285714286,0.5,0.05,13352888.0,14318784.35,1.0262107343370213,0.956986058666356,64.25702811244975,85.14056224899598,1.2000000000000028,0.10000000000000142,0.15970000000000084,,0,0.9340166009733799,0.6442272891784065,6.731089395584509,,0,,,-2.401978099611446,-1.074113856068748,3.1932773109243806,57.04,0.9428227217119183,57.04,0,25,20,20,55.095,53.685,54.39,51.1525,55.26,,,,,,55.6401,56.179899999999996,57.0998,57.6396,54.72019999999999,54.18039999999999,53.260499999999986,0,0,0,0,0,0,0,0,0,0,0,0,0,0,0,0,0,0,0,0,0,0,,,,,,,,,,,,,,,,,,USD,1.0,stock,25.0
2026-01-20,54.52,54.908,53.88,54.22,15349984,54.9485,51.6954,,54.69397076665429,52.25836990553426,50.18965440300109,48.91581972016659,50.55499495459132,1.1137533709448277,1.3463555856246994,-0.23260221467987163,0,1.2286928571428573,0.5,0.05,13478830.5,14221460.65,1.1388216507359448,1.079353547274344,43.37349397590357,66.39892904953142,0.30000000000000426,0.3879999999999981,0.3399999999999963,,0,-0.8741622402329211,-1.343600147547038,4.656215418664698,,0,,,-1.882012305465075,-2.779272010041245,1.668854303393963,57.04,-0.8665868650795774,57.04,0,25,20,20,55.46,53.739999999999995,54.599999999999994,51.1525,54.22,,,,,,54.336000000000006,54.79200000000001,55.364000000000004,55.82000000000001,53.76400000000001,53.30800000000001,52.73600000000001,0,0,0,0,0,0,0,0,0,0,0,0,0,0,0,0,0,0,0,0,0,0,,,,,,,,,,,,,,,,,,USD,1.0,stock,25.0
2026-01-21,54.1,54.615,53.545,54.5,15834800,54.96400000000001,51.852799999999995,,54.67549736030626,52.346276968062334,50.27500778115949,48.971383703050506,51.43706640237859,0.9689992084747701,1.2708843101947136,-0.30188510171994354,0,1.274407142857143,0.5,0.05,13385366.9,12992993.95,1.1829933477579908,1.21871833858585,48.995983935742956,52.20883534136542,0.3999999999999986,0.11500000000000199,0.5549999999999997,,0,-0.3220135051491,-0.8513761467890143,4.857247706422028,,0,,,0.5164146071560349,-2.539341917024318,0.5720612659162239,57.04,-0.3209799065013507,57.04,0,25,20,20,55.292500000000004,54.525,54.90875,51.1525,54.5,,,,,,54.22,54.894999999999996,55.29,55.964999999999996,53.824999999999996,53.15,52.754999999999995,0,0,0,0,0,0,0,0,0,0,0,0,0,0,0,0,0,0,0,0,0,0,,,,,,,,,,,,,,,,,,USD,1.0,stock,25.0
2026-01-22,54.61,55.525,54.36,54.94,12277497,54.977999999999994,52.01780000000001,,54.70068808789614,52.447991596765775,50.367383864700884,49.03077291993558,54.873294346978554,0.8796448166993684,1.1926364114956447,-0.31299159479627625,0,1.326192857142857,0.5,0.05,12808957.9,12349553.65,0.9585086543223005,0.9941652425632403,57.831325301204764,50.066934404283764,0.3299999999999983,0.5850000000000009,0.25,,0,0.435587754102399,-0.0691663633054181,5.318893338187094,,0,,,0.8073394495412778,-3.6478428621536385,0.5122575923893091,57.04,0.43749342187308177,57.04,0,25,20,20,55.292500000000004,54.55,54.92125,51.1525,54.94,,,,,,54.94166666666666,55.523333333333326,56.10666666666666,56.688333333333325,54.35833333333333,53.776666666666664,53.19333333333333,0,0,0,0,0,0,0,0,0,0,0,0,0,0,0,0,0,0,0,0,0,0,,,,,,,,,,,,,,,,,,USD,1.0,stock,25.0
2026-01-23,54.98,55.18,54.225,54.65,9701819,54.996500000000005,52.1656,,54.69586065095365,52.53434486748084,50.452188144607796,49.0866856271999,55.90863952333663,0.7764794691066825,1.1094050230178523,-0.33292555391116974,0,1.3229785714285711,0.5,0.05,12571788.8,12005673.6,0.7717134891734738,0.8081028456412475,52.00803212851402,52.94511378848725,0.3299999999999983,0.20000000000000284,0.42499999999999716,,0,-0.08391701912836129,-0.6340347666971748,4.546020128087833,,0,,,-0.527848562067712,-3.479335923701865,0.6816507000736882,57.04,-0.08384665751273783,57.04,0,25,20,20,55.292500000000004,54.55,54.92125,51.1525,54.65,,,,,,54.685,55.145,55.64,56.1,54.190000000000005,53.730000000000004,53.23500000000001,0,0,0,0,0,0,0,0,0,0,0,0,0,0,0,0,0,0,0,0,0,0,,,,,,,,,,,,,,,,,,USD,1.0,stock,25.0
2026-01-26,54.55,55.21,54.48,54.6,8565575,54.991,52.28320000000001,,54.68673106514854,52.61535095110904,50.534323032833385,49.141544476680494,57.92181069958848,0.6828145447066376,1.0240869273556095,-0.34127238264897186,0,1.2751214285714287,0.5,0.05,12480459.8,11932045.55,0.6863188646302919,0.7178630825793318,37.27506426735225,49.03814056569035,0.05000000000000426,0.6099999999999994,0.07000000000000028,,0,-0.15884810466765772,-0.7161172161172129,4.243223443223431,,0,,,-0.09149130832570851,-1.1943539630835942,-0.20106013525863498,57.04,-0.15859617764539266,57.04,0,25,20,20,55.292500000000004,54.55,54.92125,51.1525,54.6,,,,,,54.76333333333333,55.04666666666666,55.49333333333333,55.776666666666664,54.316666666666656,54.033333333333324,53.58666666666665,0,0,0,0,0,0,0,0,0,0,0,0,0,0,0,0,0,0,0,0,0,0,,,,,,,,,,,,,,,,,,USD,1.0,stock,25.0
2026-01-27,54.56,56.12,54.56,55.56,11346998,55.037,52.4128,,54.76989953513439,52.730827384398886,50.63384138861886,49.205409705768254,56.11587982832618,0.6782301789264764,0.954915577669783,-0.27668539874330655,1,1.260835714285714,0.5,0.05,12290203.7,12020743.5,0.9232554868069437,0.943951428628354,57.653791130186036,48.9789625086841,1.0,0.5599999999999952,0.0,,0,1.4220670713923862,0.9413246940244838,5.664506839452852,,0,,,1.758241758241752,2.471412762818148,1.683748169838939,57.04,1.4425815485726199,57.04,0,25,20,20,55.292500000000004,54.55,54.92125,51.1525,55.56,,,,,,55.413333333333334,56.266666666666666,56.97333333333333,57.82666666666666,54.70666666666667,53.85333333333334,53.146666666666675,0,0,0,0,0,0,0,0,0,0,0,0,0,0,0,0,0,0,0,0,0,0,,,,,,,,,,,,,,,,,,USD,1.0,stock,25.0
2026-01-28,55.01,55.465,54.255,54.62,7901692,55.0625,52.5326,,54.75562338893112,52.8049125850107,50.712775222507595,49.25928622610887,36.80904522613064,0.5919235655211992,0.8823171752400663,-0.2903936097188671,0,1.188335714285714,0.5,0.05,11987949.2,11957689.8,0.6591362599367705,0.6608042299274229,30.758226037195893,41.89569381157806,0.39000000000000057,0.4550000000000054,0.3649999999999949,,0,-0.248303531547277,-0.8101428048333991,3.821677041376777,,0,,,-1.6918646508279456,0.22018348623853434,0.9425244871557936,57.04,-0.24768851222418745,57.04,0,25,20,20,55.2725,54.55,54.911249999999995,51.1525,54.62,,,,,,54.78,55.305,55.99,56.515,54.095,53.57,52.885,0,0,0,0,0,0,0,0,0,0,0,0,0,0,0,0,0,0,0,0,0,0,,,,,,,,,,,,,,,,,,USD,1.0,stock,25.0
2026-01-29,54.64,55.17,54.21,54.28,16530095,55.065999999999995,52.6852,,54.710325923318635,52.86275915030439,50.783413336913384,49.309243577092865,39.17112299465242,0.4904363491436001,0.8039410100207731,-0.313504660877173,0,1.1741142857142854,0.5,0.05,12305697.1,12388493.1,1.3432879800039934,1.3343103851750946,21.030042918454935,36.480686695278955,0.35999999999999943,0.5300000000000011,0.07000000000000028,,0,-0.7927890997027152,-1.4480471628592377,2.9380987472365496,,0,,,-0.6224826071036138,-1.2013105205678887,0.1291274672569731,57.04,-0.7865533901621674,57.04,0,25,20,20,55.0525,54.55,54.801249999999996,51.1525,54.28,,,,,,54.553333333333335,54.89666666666667,55.513333333333335,55.85666666666667,53.93666666666667,53.593333333333334,52.97666666666667,0,0,0,0,0,0,0,0,0,0,0,0,0,0,0,0,0,0,0,0,0,0,,,,,,,,,,,,,,,,,,USD,1.0,stock,25.0
2026-01-30,54.53,55.07,54.33,55.05,16199328,55.12149999999999,52.85,,54.74267583538352,52.948533301272846,50.86790020152896,49.366365531549654,45.06699147381241,0.46675905598003453,0.7365046192126254,-0.2697455632325909,1,1.1794714285714285,0.5,0.05,12741066.5,12805121.6,1.2714263754921928,1.2650663153405743,43.061516452074294,31.616595135908373,0.519999999999996,0.020000000000003126,0.20000000000000284,,0,0.5582636959427332,-0.1298819255222402,3.996366939146223,,0,,,1.4185703758290202,0.7319304666056681,2.057842046718572,57.04,0.5613977759154993,57.04,0,25,20,20,54.832499999999996,54.55,54.69125,51.1525,55.05,,,,,,54.81666666666666,55.30333333333333,55.556666666666665,56.04333333333333,54.563333333333325,54.07666666666666,53.82333333333332,0,0,0,0,0,0,0,0,0,0,0,0,0,0,0,0,0,0,0,0,0,0,,,,,,,,,,,,,,,,,,USD,1.0,stock,25.0
2026-02-02,55.06,55.895,54.96,55.89,9424892,55.242999999999995,53.0266,,54.85194480344224,53.063884936517056,50.96734772229076,49.43127731730538,50.66964285714285,0.5098978256555284,0.6911832605012062,-0.18128543484567772,1,1.1696214285714284,0.5,0.05,12313268.0,12833078.0,0.7654257180140966,0.7344217809632264,67.09585121602291,43.72913686218404,0.8299999999999983,0.005000000000002558,0.10000000000000142,,0,1.857318297652109,1.1576310610127134,5.123277867239217,,0,,,1.5258855585831066,2.3626373626373542,4.545454545454541,57.04,1.8924674417243645,57.04,0,25,20,20,54.832499999999996,54.55,54.69125,51.1525,55.89,,,,,,55.58166666666667,56.20333333333334,56.51666666666667,57.13833333333334,55.26833333333334,54.64666666666667,54.333333333333336,0,0,0,0,0,0,0,0,0,0,0,0,0,0,0,0,0,0,0,0,0,0,,,,,,,,,,,,,,,,,,USD,1.0,stock,25.0
2026-02-03,55.55,56.53,55.49,55.99,11081292,55.3895,53.2306,,54.960331012638214,53.17863454684972,51.0668061832355,49.49653823952125,50.392817059483725,0.545862413570454,0.6621190911150558,-0.1162566775446019,1,1.1717642857142856,0.5,0.05,11886398.8,12682614.65,0.9322665498990325,0.8737387601696153,69.95708154506444,60.038149737720545,0.44000000000000483,0.5399999999999991,0.05999999999999517,,0,1.8390230172562743,1.0725129487408533,4.928380067869261,,0,,,0.1789228842368873,0.7739380849532074,5.522050508857901,57.04,1.87347668471104,57.04,0,25,20,20,55.370000000000005,54.55,54.96,51.1525,55.99,,,,,,56.00333333333334,56.51666666666667,57.04333333333334,57.55666666666667,55.476666666666674,54.96333333333334,54.436666666666675,0,0,0,0,0,0,0,0,0,0,0,0,0,0,0,0,0,0,0,0,0,0,,,,,,,,,,,,,,,,,,USD,1.0,stock,25.0
2026-02-04,56.57,57.965,56.4323,57.62,21793765,55.5495,53.4642,,55.21363282095839,53.35280574109091,51.19657239742885,49.577368704799646,53.177966101694885,0.6978476330072709,0.6692647994934988,0.02858283351377211,1,1.2192642857142855,0.5,0.05,12482295.3,12933831.1,1.7459741558910242,1.6850200711218504,92.19457013574647,76.4158342989446,1.0499999999999972,0.34500000000000597,0.13770000000000238,,0,4.1762707029531585,3.593370357514744,7.212426240888579,,0,,,2.911234148955155,5.492493592090808,5.880191106210941,57.965,4.358284460007825,57.965,0,25,20,20,56.087500000000006,55.0125,55.550000000000004,51.615,57.62,,,,,,57.3391,58.245900000000006,58.87180000000001,59.77860000000001,56.7132,55.8064,55.180499999999995,0,0,0,0,0,0,0,0,0,0,0,0,0,0,0,0,0,0,0,0,0,0,,,,,,,,,,,,,,,,,,USD,1.0,stock,25.0
2026-02-05,58.91,60.56,58.0,59.52,23929645,55.689499999999995,53.7296,,55.62376302848616,53.59465649634225,51.36139274599462,49.676300359478255,63.254113345521056,0.960538643870791,0.7275195683689573,0.23301907550183376,1,1.3089071428571428,0.5,0.05,13647510.1,13228234.0,1.753407385278286,1.808982589815088,85.17462580185318,82.44209249422137,0.6100000000000065,1.0399999999999991,0.9099999999999966,,0,6.546097062355248,6.435651881720443,9.728494623655923,,0,,,3.2974661575841724,9.653647752394988,4.936530324400579,60.56,7.004626726743559,60.56,0,25,20,20,57.385000000000005,56.31,56.847500000000004,52.9125,59.52,,,,,,59.36000000000001,60.72000000000001,61.92000000000001,63.280000000000015,58.16000000000001,56.800000000000004,55.60000000000001,0,0,0,0,0,0,0,0,0,0,0,0,0,0,0,0,0,0,0,0,0,0,,,,,,,,,,,,,,,,,,USD,1.0,stock,25.0
2026-02-06,60.0,62.05,59.77,61.99,17117629,55.99399999999999,54.0142,,56.23007131148748,53.92388565334844,51.571860216370965,49.798824734010815,77.92531120331952,1.3524414171243109,0.852503938120028,0.49993747900428287,1,1.381071428571428,0.5,0.05,14389091.1,13480439.95,1.1896254517423968,1.2698123402122348,99.29453262786602,92.22124285515524,1.990000000000002,0.05999999999999517,0.22999999999999687,,0,9.291706224411234,9.672527827068897,12.866268753024682,,0,,,4.14986559139785,12.606721162579483,10.89445438282648,62.05,10.243502371898652,62.05,0,25,20,20,58.129999999999995,57.055,57.5925,53.785,61.99,,,,,,61.27,62.77,63.55,65.05,60.49000000000001,58.99000000000001,58.210000000000015,0,0,0,0,0,0,0,0,0,0,0,0,0,0,0,0,0,0,0,0,0,0,,,,,,,,,,,,,,,,,,USD,1.0,stock,27.0
2026-02-09,61.37,61.63,60.355,60.77,14013540,56.23950000000001,54.2486,,56.662445472298195,54.19236072576615,51.754001598225,49.907990657055485,76.77841373671302,1.5467533743215185,0.9913538253603262,0.5553995489611923,1,1.3992857142857145,0.5,0.05,14933887.6,13707173.7,0.9383718677513014,1.0223508001507269,84.9500293944739,89.8063959413977,0.5999999999999943,0.2600000000000051,0.41500000000000625,,0,6.7591813850613915,7.455158795458279,10.731281882507815,,0,,,-1.9680593644136102,8.731436750760423,8.789831722162567,62.05,7.249165639541551,62.05,0,25,20,20,58.129999999999995,57.055,57.5925,54.8125,60.77,,,,,,60.91833333333333,61.48166666666666,62.193333333333335,62.75666666666667,60.206666666666656,59.643333333333324,58.93166666666665,0,0,0,0,0,0,0,0,0,0,0,0,0,0,0,0,0,0,0,0,0,0,,,,,,,,,,,,,,,,,,USD,1.0,stock,27.0
2026-02-10,60.94,61.45,59.95,60.86,12082761,56.49400000000001,54.4808,,57.06221257017456,54.45383677573611,51.93431839826015,50.01696587439822,76.41196013289037,1.688544755324223,1.1307920113531056,0.5577527439711174,1,1.4300000000000002,0.5,0.05,15007463.9,13648833.8,0.8051167792580863,0.8852595889914052,84.8214285714286,89.68866353125617,0.0799999999999983,0.5100000000000051,0.9099999999999966,,0,6.240202809440422,7.173841603680567,10.481761419651656,,0,,,0.1480993911469497,8.69798178246115,9.126770665232197,62.05,6.655520805743308,62.05,0,25,20,20,58.129999999999995,57.055,57.5925,55.075,60.86,,,,,,60.75333333333333,61.55666666666666,62.25333333333333,63.05666666666666,60.05666666666666,59.25333333333333,58.55666666666666,0,0,0,0,0,0,0,0,0,0,0,0,0,0,0,0,0,0,0,0,0,0,,,,,,,,,,,,,,,,,,USD,1.0,stock,27.0
2026-02-11,60.6,61.075,59.66,59.93,11866954,56.694500000000005,54.6954,,57.335335182538884,54.66858827472685,52.09264872700748,50.115603029876844,69.91221069433361,1.706204159183038,1.245874440919092,0.46032971826394586,0,1.4478571428571436,0.5,0.05,15403990.1,13695969.65,0.7703818246416557,0.8664559212132892,72.95918367346941,80.91021387979065,0.6700000000000017,0.4750000000000014,0.2700000000000031,,0,4.329492436944961,5.39879859836475,8.73452361087936,,0,,,-1.5280972724285191,4.009024644220771,7.17095851216023,62.05,4.5254201605353215,62.05,0,25,20,20,58.19,57.599999999999994,57.894999999999996,55.135,59.93,,,,,,60.221666666666664,60.78333333333333,61.63666666666667,62.19833333333334,59.368333333333325,58.80666666666666,57.95333333333332,0,0,0,0,0,0,0,0,0,0,0,0,0,0,0,0,0,0,0,0,0,0,,,,,,,,,,,,,,,,,,USD,1.0,stock,25.0
2026-02-12,60.0,60.93,59.25,59.86,14021477,56.8365,54.909000000000006,,57.57577945086852,54.87217304826697,52.246457663106334,50.21256220370892,71.16165718927702,1.69501190683102,1.3357019341014778,0.35930997272954235,0,1.499642857142858,0.5,0.05,15153128.3,13729412.7,0.9253189653254634,1.0212728910101159,72.06632653061226,76.61564625850342,0.14000000000000057,0.9299999999999997,0.6099999999999994,,0,3.8159381041287723,5.050952221850983,8.270965586368181,,0,,,-0.11680293675955244,0.5712365591397761,4.98070852332515,62.05,3.967328920107266,62.05,0,25,20,20,58.504999999999995,57.7975,58.15125,55.135,59.86,,,,,,60.01333333333334,60.776666666666685,61.69333333333334,62.456666666666685,59.096666666666685,58.33333333333334,57.416666666666686,0,0,0,0,0,0,0,0,0,0,0,0,0,0,0,0,0,0,0,0,0,0,,,,,,,,,,,,,,,,,,USD,1.0,stock,27.0
2026-02-13,60.11,60.945,60.02,60.74,10819612,57.0425,55.1588,,57.87713378888104,55.10228390911925,52.41464662027254,50.31731282854764,73.36377473363774,1.7371261033434777,1.4159867679498779,0.32113933539359985,0,1.5250000000000006,0.5,0.05,14615156.7,13678111.6,0.7403007865115808,0.7910165025996717,83.29081632653066,76.10544217687078,0.6300000000000026,0.2049999999999983,0.0899999999999963,,0,4.713312826998621,6.087421797826811,9.188673032597961,,0,,,1.4700968927497504,-2.0164542668172247,7.276580713528791,62.05,4.946454711392355,62.05,0,25,20,20,58.769999999999996,57.7975,58.28375,55.135,60.74,,,,,,60.568333333333335,61.11666666666667,61.49333333333333,62.041666666666664,60.19166666666667,59.64333333333334,59.26666666666667,0,0,0,0,0,0,0,0,0,0,0,0,0,0,0,0,0,0,0,0,0,0,,,,,,,,,,,,,,,,,,USD,1.0,stock,27.0
2026-02-17,60.85,61.3,59.475,60.35,12874351,57.297000000000004,55.346599999999995,,58.11264485660666,55.30807669699693,52.5717823307622,50.41714056159692,69.0533015115354,1.7192141364704057,1.4766322416539837,0.242581894816422,0,1.543928571428572,0.5,0.05,14960102.6,13636685.3,0.8605790577933603,0.9440968033485381,78.31632653061229,77.89115646258507,0.5,0.44999999999999574,0.875,,0,3.7072993262524347,5.05882352941176,8.290637945318984,,0,,,-0.6420810009878153,-0.6911304920190875,9.211002533478108,62.05,3.850031518809776,62.05,0,25,20,20,59.24115,57.7975,58.519324999999995,55.135,60.35,,,,,,60.375,61.275,62.199999999999996,63.099999999999994,59.45,58.550000000000004,57.62500000000001,0,0,0,0,0,0,0,0,0,0,0,0,0,0,0,0,0,0,0,0,0,0,,,,,,,,,,,,,,,,,,USD,1.0,stock,25.0
2026-02-18,60.225,60.41,59.3934,59.73,9436812,57.57249999999999,55.5022,,58.26667867978698,55.48148545397744,52.713529215301556,50.50980582964074,70.85714285714286,1.6361296708408375,1.5085317274913546,0.12759794334948293,0,1.5233285714285718,0.5,0.05,14795654.6,13341026.7,0.6378096985313513,0.7073527556915841,70.4081632653061,77.33843537414968,0.49500000000000455,0.18499999999999517,0.3365999999999971,,0,2.449893387264389,3.6120877281098376,7.078185166582948,,0,,,-1.0273405136702607,-1.8567203417679923,10.162301733677603,62.05,2.511420512322171,62.05,0,25,20,20,60.025,57.7975,58.911249999999995,55.7375,59.73,,,,,,59.84446666666667,60.29553333333334,60.861066666666666,61.312133333333335,59.27893333333334,58.82786666666667,58.262333333333345,0,0,0,0,0,0,0,0,0,0,0,0,0,0,0,0,0,0,0,0,0,0,,,,,,,,,,,,,,,,,,USD,1.0,stock,27.0
2026-02-19,59.85,60.36,59.23,60.3,13325223,57.8625,55.665200000000006,,58.46032832933107,55.670446808723426,52.86375635955301,50.607220697007506,74.11858974358972,1.5978597371328789,1.5263973294196593,0.07146240771321954,0,1.535471428571429,0.5,0.05,13948800.4,13215547.85,0.955295266824522,1.0082989484238445,77.33160621761658,75.35203200451166,0.44999999999999574,0.060000000000002274,0.6200000000000045,,0,3.050865125487442,4.042288557213931,7.68623548922055,,0,,,0.954294324460081,0.617386951443355,10.642201834862375,62.05,3.1468719441760578,62.05,0,25,20,20,60.64,57.7975,59.21875,56.1375,60.3,,,,,,59.96333333333333,60.696666666666665,61.093333333333334,61.82666666666667,59.56666666666666,58.83333333333333,58.43666666666666,0,0,0,0,0,0,0,0,0,0,0,0,0,0,0,0,0,0,0,0,0,0,,,,,,,,,,,,,,,,,,USD,1.0,stock,27.0
2026-02-20,60.62,60.93,59.65,60.66,9598890,58.1485,55.845,,58.669820869394776,55.8661155613225,53.01813742174007,50.70724835176365,73.23943661971829,1.5783848917818304,1.5367948418920938,0.04159004988973658,0,1.5704714285714292,0.5,0.05,12515724.9,13081617.5,0.7669463875799954,0.7337693522991328,80.39492242595202,76.04489730295823,0.03999999999999915,0.2700000000000031,0.9699999999999989,,0,3.2808755862268715,4.140290141773819,7.937685459940649,,0,,,0.5970149253731405,1.3364517206815751,10.411357844921731,62.05,3.3921684114829147,62.05,0,25,20,20,60.43,57.7975,59.113749999999996,56.19,60.66,,,,,,60.413333333333334,61.17666666666667,61.693333333333335,62.45666666666667,59.89666666666667,59.13333333333333,58.61666666666667,0,0,0,0,0,0,0,0,0,0,0,0,0,0,0,0,0,0,0,0,0,0,,,,,,,,,,,,,,,,,,USD,1.0,stock,27.0
2026-02-23,60.97,61.44,60.64,61.25,11029067,58.4785,56.056999999999995,,58.915552215166706,56.077248284407894,53.1811446015076,50.81215135323865,72.67343485617596,1.5922050569138335,1.547876884896442,0.04432817201739159,1,1.5608285714285717,0.5,0.05,11906868.7,13147979.9,0.9262777038937198,0.8388411819826406,87.80487804878052,81.84380223078304,0.28000000000000114,0.18999999999999773,0.3299999999999983,,0,3.811343322176807,4.524897959183679,8.478367346938784,,0,,,0.9726343554236738,0.8396443859071345,12.07685269899359,62.05,3.962362563126981,62.05,0,25,20,20,60.34,57.7975,59.06875,56.19,61.25,,,,,,61.10999999999999,61.579999999999984,61.90999999999999,62.37999999999998,60.77999999999999,60.309999999999995,59.97999999999999,0,0,0,0,0,0,0,0,0,0,0,0,0,0,0,0,0,0,0,0,0,0,,,,,,,,,,,,,,,,,,USD,1.0,stock,27.0
2026-02-24,61.105,61.9055,61.01,61.6,13237945,58.828500000000005,56.264799999999994,,59.171213908960354,56.29382678305856,53.34785460939854,50.91949313081837,73.23943661971829,1.6128082625652453,1.5608631604302026,0.051945102135042776,1,1.5505071428571437,0.5,0.05,11829309.2,13381598.4,1.1190801403686363,0.989264854936911,91.98960428645182,86.72980158706146,0.49500000000000455,0.3055000000000021,0.09499999999999886,,0,3.942834563376051,4.499188311688306,8.661038961038974,,0,,,0.5714285714285783,2.07125103562551,12.82051282051282,62.05,4.104675112422958,62.05,0,25,20,20,60.567750000000004,57.7975,59.182625,56.19,61.6,,,,,,61.50516666666667,62.00033333333334,62.40066666666667,62.89583333333334,61.10483333333333,60.60966666666666,60.209333333333326,0,0,0,0,0,0,0,0,0,0,0,0,0,0,0,0,0,0,0,0,0,0,,,,,,,,,,,,,,,,,,USD,1.0,stock,27.0
2026-02-25,61.5,62.12,60.905,61.3,16234065,59.1155,56.466800000000006,,59.373955441440316,56.490147301369994,53.505322834954995,51.022781756382365,67.13221601489755,1.5866391699836981,1.5660183623409016,0.0206208076427965,0,1.496221428571429,0.5,0.05,12244439.6,13625951.75,1.3258316044125042,1.1914077855148724,80.09708737864075,86.63052323795769,0.20000000000000284,0.6199999999999974,0.394999999999996,,0,3.1419976485476044,3.5636215334420878,7.88450244698204,,0,,,-0.48701298701299134,2.62849489368826,10.331173506119494,62.12,3.243921588581565,62.12,0,25,20,20,60.675,57.832499999999996,59.25375,56.224999999999994,61.3,,,,,,61.44166666666666,61.978333333333325,62.65666666666666,63.19333333333332,60.76333333333333,60.22666666666667,59.54833333333333,0,0,0,0,0,0,0,0,0,0,0,0,0,0,0,0,0,0,0,0,0,0,,,,,,,,,,,,,,,,,,USD,1.0,stock,25.0
2026-02-26,61.53,61.6,60.65,61.1,10672515,59.439499999999995,56.64059999999999,,59.53834063749362,56.67092583857117,53.65571248178757,51.123052584677076,58.73893805309733,1.5321005456536128,1.559234799003444,-0.027134253349831328,0,1.3540785714285717,0.5,0.05,12124995.7,13764492.9,0.8802077348365576,0.7753656511385174,64.70588235294132,78.93085800601129,0.4299999999999997,0.07000000000000028,0.45000000000000284,,0,2.555907303611101,2.7176759410802065,7.2985270049099995,,0,,,-0.32626427406198255,1.326699834162537,11.863786158916145,62.12,2.6229474079815804,62.12,0,25,20,20,60.675,57.832499999999996,59.25375,56.28,61.1,,,,,,61.11666666666667,61.583333333333336,62.06666666666667,62.53333333333334,60.63333333333333,60.166666666666664,59.68333333333333,0,0,0,0,0,0,0,0,0,0,0,0,0,0,0,0,0,0,0,0,0,0,,,,,,,,,,,,,,,,,,USD,1.0,stock,25.0
2026-02-27,61.18,62.675,61.18,62.37,20742639,59.84400000000001,56.80219999999999,,59.80802248154184,56.89441894294093,53.82827263066306,51.234962509207655,52.42346938775508,1.5732215602593485,1.5620321512546251,0.011189409004723316,1,1.2858642857142861,0.5,0.05,12797111.9,13975120.1,1.6208843965801376,1.4842547936314336,91.14658925979681,78.64985299712629,1.1899999999999977,0.3049999999999997,0.0,,0,4.107708062302641,4.0500240500240325,8.927048260381602,,0,,,2.0785597381342003,2.8189910979228516,14.904200442151794,62.675,4.283668665435048,62.675,0,25,20,20,60.9525,58.442499999999995,59.6975,57.3425,62.37,,,,,,62.074999999999996,62.96999999999999,63.56999999999999,64.46499999999999,61.474999999999994,60.58,59.98,0,0,0,0,0,0,0,0,0,0,0,0,0,0,0,0,0,0,0,0,0,0,,,,,,,,,,,,,,,,,,USD,1.0,stock,25.0
2026-03-02,62.37,62.8864,61.975,62.34,17627534,60.2085,56.9644,,60.04916319758548,57.107971141256975,53.996821687481614,51.345460394688175,61.8045112781955,1.585117266172567,1.5666491742382136,0.018468091934353392,1,1.2341785714285716,0.5,0.05,13477904.1,14046530.4,1.3078839164614624,1.2549386573071453,85.05633956897502,80.30293706057104,0.02999999999999403,0.5164000000000044,0.365000000000002,,0,3.67474623422285,3.419153031761313,8.623034969521985,,0,,,-0.04810004810004154,1.7795918367347063,13.242506811989108,62.8864,3.814935430285292,62.8864,0,25,20,20,61.0582,58.5482,59.803200000000004,57.473200000000006,62.34,,,,,,62.40046666666667,62.82593333333333,63.31186666666667,63.73733333333333,61.91453333333333,61.489066666666666,61.00313333333333,0,0,0,0,0,0,0,0,0,0,0,0,0,0,0,0,0,0,0,0,0,0,,,,,,,,,,,,,,,,,,USD,1.0,stock,25.0
2026-03-03,61.57,61.95,60.43,61.22,12425292,60.475,57.117799999999995,,60.1606714644821,57.26922717493317,54.13985492139287,51.44371452011416,52.34374999999999,1.4870285199088684,1.5507250433723447,-0.06369652346347632,0,1.2634642857142862,0.5,0.05,13432998.2,14196550.4,0.9249827786026206,0.8752331834077101,54.42511760201289,76.87601547692823,0.3500000000000014,0.38000000000000256,0.7899999999999991,,0,1.730363501336,1.2169225743221128,6.700751388435158,,0,,,-1.7965992941931463,-0.6168831168831157,9.53658972982645,62.8864,1.7608323007885804,62.8864,0,25,20,20,61.0582,58.5482,59.803200000000004,57.473200000000006,61.22,,,,,,61.199999999999996,61.96999999999999,62.72,63.489999999999995,60.44999999999999,59.67999999999999,58.929999999999986,0,0,0,0,0,0,0,0,0,0,0,0,0,0,0,0,0,0,0,0,0,0,,,,,,,,,,,,,,,,,,USD,1.0,stock,25.0
2026-03-04,61.7,62.585,61.47,62.33,12345037,60.791999999999994,57.29780000000001,,60.36727418215047,57.46768885434756,54.30203601205836,51.552035768670244,65.26717557251906,1.4817791771676951,1.536935870131415,-0.055156692963719944,1,1.2598928571428571,0.5,0.05,13723820.7,14259737.65,0.8995335387906955,0.8657267968741346,84.78284651569842,74.75476789556211,0.6299999999999955,0.25500000000000256,0.23000000000000398,,0,3.1489263883355227,2.467511631638062,8.073479865233416,,0,,,1.8131329630839632,1.6802610114192484,11.323450616181452,62.8864,3.251307673636644,62.8864,0,25,20,20,61.2682,58.5482,59.9082,57.473200000000006,62.33,,,,,,62.12833333333333,62.78666666666666,63.24333333333333,63.901666666666664,61.67166666666666,61.01333333333333,60.55666666666666,0,0,0,0,0,0,0,0,0,0,0,0,0,0,0,0,0,0,0,0,0,0,,,,,,,,,,,,,,,,,,USD,1.0,stock,25.0
2026-03-05,61.8,61.995,60.255,60.74,14758365,60.948,57.4288,,60.40277187908852,57.59601478162805,54.42952044746314,51.64345829833522,54.69083155650321,1.3339424650238456,1.496337189109901,-0.1623947240860555,0,1.2881071428571427,0.5,0.05,13867134.9,13907967.65,1.0642692312742987,1.0611446166255643,41.297451044743546,60.16847172081828,1.0599999999999952,0.19500000000000028,0.48499999999999943,,0,0.555199408810476,-0.3424432005268331,5.451432334540664,,0,,,-2.5509385528637796,-0.5891980360065441,5.414786532454019,62.8864,0.5582990820132077,62.8864,0,25,20,20,61.5707,58.5482,60.05945,57.473200000000006,60.74,,,,,,60.99666666666667,61.73833333333334,62.736666666666665,63.47833333333333,59.99833333333334,59.256666666666675,58.25833333333335,0,0,0,0,0,0,0,0,0,0,0,0,0,0,0,0,0,0,0,0,0,0,,,,,,,,,,,,,,,,,,USD,1.0,stock,25.0
2026-03-06,60.43,60.43,59.445,60.29,11401905,60.9865,57.541399999999996,,60.39203170012771,57.70166126077989,54.545569547513374,51.7294935391478,47.486033519553054,1.1670169217199842,1.4304731356319178,-0.26345621391193363,0,1.3031071428571426,0.5,0.05,14047436.4,13281580.65,0.8116715872797972,0.8584750038768917,28.99026364730338,51.69018706924845,0.14000000000000057,0.0,0.8449999999999989,,0,-0.1692348650318638,-1.1552496268037824,4.55896500248798,,0,,,-0.740862693447486,-3.3349366682699944,1.293682795698925,62.8864,-0.16894894451364337,62.8864,0,25,20,20,61.1657,58.5482,59.85695,57.473200000000006,60.29,,,,,,60.055,60.665,61.04,61.65,59.68,59.07,58.695,0,0,0,0,0,0,0,0,0,0,0,0,0,0,0,0,0,0,0,0,0,0,,,,,,,,,,,,,,,,,,USD,1.0,stock,25.0
2026-03-09,59.92,60.64,59.25,60.63,10964649,60.91850000000001,57.6684,,60.41469534773459,57.816498074082645,54.66605331884975,51.818055792489616,51.573033707865186,1.0500579698811237,1.354390102481759,-0.3043321326006354,0,1.2720357142857144,0.5,0.05,14040994.6,12973931.65,0.7809025864877123,0.8451292403717882,38.289027458702655,36.192247383583194,0.7100000000000009,0.00999999999999801,0.6700000000000017,,0,0.3551124068372248,-0.4758370443674851,4.884710539336969,,0,,,0.5639409520650229,-2.7430221366698815,-2.193902242297141,62.8864,0.35637794914988813,62.8864,0,25,20,20,61.068200000000004,58.6082,59.8382,57.473200000000006,60.63,,,,,,60.17333333333334,61.09666666666668,61.56333333333334,62.48666666666668,59.70666666666668,58.78333333333334,58.31666666666668,0,0,0,0,0,0,0,0,0,0,0,0,0,0,0,0,0,0,0,0,0,0,,,,,,,,,,,,,,,,,,USD,1.0,stock,25.0
2026-03-10,60.6,60.955,59.98,60.13,9693803,60.88649999999999,57.7768,,60.3875815050932,57.9072236398049,54.774250282832924,51.900761705002154,52.27790432801826,0.9065709509773825,1.2648262721808838,-0.35825532120350134,0,1.2690642857142862,0.5,0.05,13686580.4,12757944.8,0.7082706356658672,0.7598248112815161,24.614374794880334,30.631221966962126,0.46999999999999886,0.3549999999999969,0.15000000000000568,,0,-0.4283743640332602,-1.258107433893212,3.9135207051388674,,0,,,-0.8246742536697993,-1.7804639006860468,-1.053151225933846,62.8864,-0.4265471454118003,62.8864,0,25,20,20,61.068200000000004,58.9232,59.9957,57.473200000000006,60.13,,,,,,60.355,60.73,61.33,61.705,59.754999999999995,59.379999999999995,58.779999999999994,0,0,0,0,0,0,0,0,0,0,0,0,0,0,0,0,0,0,0,0,0,0,,,,,,,,,,,,,,,,,,USD,1.0,stock,25.0
2026-03-11,60.0,60.03,59.272,59.98,9043759,60.842499999999994,57.88360000000001,,60.34876421889385,57.98850898726353,54.87733443564811,51.981152135798155,48.08612440191388,0.7718552415687228,1.1662320660584518,-0.394376824489729,0,1.2496357142857148,0.5,0.05,12967549.8,12605994.7,0.6974146341817017,0.7174173252666844,20.074799252007384,27.65940050186346,0.020000000000003126,0.030000000000001137,0.7079999999999984,,0,-0.6148119688126894,-1.4379793264421428,3.4951650550183206,,0,,,-0.2494595044071235,-3.7702550938552903,-1.445941505093662,62.8864,-0.6110551287451207,62.8864,0,25,20,20,61.068200000000004,59.1882,60.12820000000001,57.473200000000006,59.98,,,,,,59.76066666666666,60.24933333333332,60.51866666666666,61.00733333333332,59.491333333333316,59.002666666666656,58.73333333333331,0,0,0,0,0,0,0,0,0,0,0,0,0,0,0,0,0,0,0,0,0,0,,,,,,,,,,,,,,,,,,USD,1.0,stock,25.0
2026-03-12,59.17,59.375,58.32,58.95,10235100,60.793499999999995,57.9804,,60.2155485789992,58.026214517174765,54.95798127850656,52.05049390559121,40.531561461794055,0.5753474322990471,1.048055139306571,-0.47270770700752385,0,1.2767785714285718,0.5,0.05,12923808.3,12524402.0,0.7919569651926823,0.8172126701139104,13.796426068675594,19.495200038521105,0.21999999999999886,0.2049999999999983,0.6300000000000026,,0,-2.1468169279036373,-3.1272264631043116,1.6447837150127222,,0,,,-1.7172390796932224,-2.9469871583799767,-1.6352411146337342,62.8864,-2.1016973337689855,62.8864,0,25,20,20,60.6032,59.65935,60.131275,57.473200000000006,58.95,,,,,,58.88166666666666,59.44333333333332,59.93666666666666,60.49833333333332,58.38833333333332,57.82666666666666,57.33333333333332,0,0,0,0,0,0,0,0,0,0,0,0,0,0,0,0,0,0,0,0,0,0,,,,,,,,,,,,,,,,,,USD,1.0,stock,25.0
2026-03-13,59.67,60.065,58.75,59.08,9395591,60.75449999999999,58.077799999999996,,60.107401095284985,58.06753943806988,55.039605411605436,52.120439239863934,37.33955659276543,0.4252020269476091,0.9234845168347786,-0.4982824898871695,0,1.313564285714286,0.5,0.05,11789103.5,12293107.7,0.7969724754727957,0.7642974607633186,16.64330763840219,16.838177653028392,0.5900000000000034,0.394999999999996,0.3299999999999983,,0,-1.7389998227572552,-2.8342924847664097,1.696343940419773,,0,,,0.22052586938081653,-2.0069663294078666,-1.303040427664548,62.8864,-1.7092755244172069,62.8864,0,25,20,20,60.4525,60.443200000000004,60.44785,57.473200000000006,59.08,,,,,,59.298333333333325,59.84666666666665,60.61333333333332,61.16166666666665,58.53166666666665,57.98333333333333,57.216666666666654,0,0,0,0,0,0,0,0,0,0,0,0,0,0,0,0,0,0,0,0,0,0,,,,,,,,,,,,,,,,,,USD,1.0,stock,25.0
2026-03-16,59.49,59.8,58.87,59.71,8436812,60.702999999999996,58.1932,,60.06955337192451,58.13194965618479,55.132088472761765,52.19595725737773,39.32203389830508,0.3529775409663074,0.8093831216610844,-0.456405580694777,1,1.3160285714285713,0.5,0.05,10870031.3,12173967.7,0.7761534228516894,0.6930207314415662,30.43973370707779,20.293155804718523,0.21999999999999886,0.0899999999999963,0.6200000000000045,,0,-0.6021660893058324,-1.6630380170825572,2.5402780103835263,,0,,,1.0663507109004877,-1.517400626752441,-1.6957523872242364,62.8864,-0.5985617534032834,62.8864,0,25,20,20,60.4525,60.6032,60.52785,57.473200000000006,59.71,,,,,,59.46,60.050000000000004,60.39,60.980000000000004,59.120000000000005,58.53,58.190000000000005,0,0,0,0,0,0,0,0,0,0,0,0,0,0,0,0,0,0,0,0,0,0,,,,,,,,,,,,,,,,,,USD,1.0,stock,25.0
2026-03-17,60.13,60.805,59.59,59.71,14258037,60.67100000000001,58.3182,,60.03531019364599,58.19383398339323,55.22274018617242,52.27072385183168,40.701754385964925,0.29236886914657845,0.7059802711581833,-0.41361140201160485,1,1.3160285714285713,0.5,0.05,11053305.8,12243152.0,1.2899341842148255,1.164572407497677,30.43973370707779,25.840925017519254,0.4200000000000017,0.6749999999999972,0.11999999999999744,,0,-0.5448169379433762,-1.6094456539943152,2.330932842070011,,0,,,0.0,-0.6984866123399325,-1.060480530240271,62.8864,-0.5418647669124895,62.8864,0,25,20,20,60.1575,60.6032,60.38035,57.473200000000006,59.71,,,,,,60.035000000000004,60.480000000000004,61.25,61.695,59.26500000000001,58.82000000000001,58.05000000000001,0,0,0,0,0,0,0,0,0,0,0,0,0,0,0,0,0,0,0,0,0,0,,,,,,,,,,,,,,,,,,USD,1.0,stock,25.0
2026-03-18,59.35,59.67,58.81,59.37,12538988,60.653000000000006,58.444399999999995,,59.97194731806066,58.23995814090723,55.304864142881875,52.34136341549505,40.04602991944762,0.21442909642004793,0.6076700362105563,-0.39324093979050834,1,1.3124571428571425,0.5,0.05,11072700.9,12398260.8,1.1324236167166766,1.011350559749477,22.994043447792503,27.957836953982692,0.01999999999999602,0.30000000000000426,0.5399999999999991,,0,-1.0138913896928745,-2.1610240862388554,1.5590365504463581,,0,,,-0.5694188578127646,-1.0170056685561812,-0.6027122049221512,62.8864,-1.0037148116405787,62.8864,0,25,20,20,59.6375,60.6032,60.12035,57.473200000000006,59.37,,,,,,59.28333333333333,59.75666666666666,60.14333333333333,60.61666666666666,58.89666666666666,58.42333333333333,58.03666666666666,0,0,0,0,0,0,0,0,0,0,0,0,0,0,0,0,0,0,0,0,0,0,,,,,,,,,,,,,,,,,,USD,1.0,stock,25.0
2026-03-19,59.21,59.64,58.09,58.11,12850610,60.543499999999995,58.5182,,59.79461900205488,58.23486174322459,55.36041138757729,52.398762784495105,25.460829493087573,0.0504087149799588,0.4962177719644368,-0.445809056984478,0,1.3106714285714283,0.5,0.05,10881925.4,12374530.15,1.1809132600743615,1.0384725597036102,0.41697940121749705,17.950252185362597,1.1000000000000014,0.4299999999999997,0.01999999999999602,,0,-2.899017384365652,-4.18774737566683,-0.7024608501118581,,0,,,-2.1222839818089922,-1.4249363867684495,-3.6318407960198917,62.8864,-2.817342145782361,62.8864,0,25,20,20,59.5225,60.488200000000006,60.00535000000001,57.473200000000006,58.11,,,,,,58.61333333333334,59.13666666666667,60.163333333333334,60.68666666666667,57.58666666666667,57.06333333333334,56.036666666666676,0,0,0,0,0,0,0,0,0,0,0,0,0,0,0,0,0,0,0,0,0,0,,,,,,,,,,,,,,,,,,USD,1.0,stock,27.0
2026-03-20,58.26,58.545,56.91,57.48,65847757,60.3845,58.5334,,59.57417909709727,58.20525932192167,55.40238343930843,52.44932235877874,23.81465517241378,-0.12892815042160066,0.3711885874872293,-0.50011673790883,0,1.3623571428571428,0.5,0.05,16326510.6,15186973.5,4.033180059920459,4.335805089802784,10.044052863436121,11.151691904148707,0.7800000000000011,0.2850000000000037,0.5700000000000003,,0,-3.643317844636873,-5.053061934585953,-1.8326374391092617,,0,,,-1.0841507485802815,-2.708192281652,-5.242334322453013,62.8864,-3.5152462507021145,62.8864,0,25,20,20,58.9325,59.8982,59.415350000000004,58.0182,57.48,,,,,,57.645,58.38000000000001,59.28000000000001,60.015000000000015,56.745000000000005,56.01,55.11,0,0,0,0,0,0,0,0,0,0,0,0,0,0,0,0,0,0,0,0,0,0,,,,,,,,,,,,,,,,,,USD,1.0,stock,27.0
2026-03-23,58.22,58.25,57.0,57.0,10129913,60.172000000000004,58.5554,,59.32901918308801,58.15799425047376,55.434019410807274,52.49460273331826,25.57870370370371,-0.3062555731672987,0.23569975535632376,-0.5419553285236225,0,1.3152142857142854,0.5,0.05,16243037.0,15142015.8,0.6236464892618295,0.668993688409703,1.5859030837004995,4.01564511611804,1.2199999999999989,0.030000000000001137,0.0,,0,-4.0859985668210665,-5.564912280701762,-2.728771929824559,,0,,,-0.8350730688935215,-4.53860324903701,-6.938775510204087,62.8864,-3.925598661762311,62.8864,0,25,20,20,58.8575,59.8982,59.37785,58.2157,57.0,,,,,,57.416666666666664,57.83333333333333,58.666666666666664,59.08333333333333,56.58333333333333,56.166666666666664,55.33333333333333,0,0,0,0,0,0,0,0,0,0,0,0,0,0,0,0,0,0,0,0,0,0,,,,,,,,,,,,,,,,,,USD,1.0,stock,27.0
2026-03-24,56.8,57.69,56.45,57.39,11997716,59.9615,58.58599999999999,,59.14435068946058,58.127876828886556,55.47275169970218,52.54331315388226,18.813131313131336,-0.41058611152170954,0.10644258198071711,-0.5170286935024266,1,1.3062857142857136,0.5,0.05,16473428.3,15080004.35,0.7283071733161942,0.7956042797825851,16.952209197475177,9.527388381537266,0.5900000000000034,0.29999999999999716,0.3499999999999943,,0,-3.056892645862659,-4.480745774525179,-2.0839867572747703,,0,,,0.6842105263157983,-3.8854463238988446,-6.834415584415588,62.8864,-2.9662185297660253,62.8864,0,25,20,20,58.6275,59.6682,59.14785,58.2157,57.39,,,,,,57.17666666666667,57.903333333333336,58.416666666666664,59.14333333333333,56.66333333333334,55.936666666666675,55.423333333333346,0,0,0,0,0,0,0,0,0,0,0,0,0,0,0,0,0,0,0,0,0,0,,,,,,,,,,,,,,,,,,USD,1.0,stock,28.75
2026-03-25,57.79,59.39,57.79,58.94,9052195,59.84349999999999,58.64939999999999,,59.12488871903576,58.159724796381205,55.5414100818863,52.60696177921677,38.57868020304566,-0.36400079414671893,0.012353906755229904,-0.37635470090194884,1,1.300928571428571,0.5,0.05,16474271.9,14720910.85,0.5494746629743315,0.6149208491402555,55.271920088790175,24.60334412332195,1.1499999999999986,0.45000000000000284,0.0,,0,-0.31368971672168566,-1.5329148286392842,0.49304377332881727,,0,,,2.7008189580066233,-0.7242715176014825,-3.8499184339314874,62.8864,-0.3127087814310508,62.8864,0,25,20,20,58.6275,59.6682,59.14785,58.2157,58.94,,,,,,58.70666666666667,59.62333333333334,60.30666666666667,61.22333333333334,58.02333333333334,57.10666666666667,56.42333333333334,0,0,0,0,0,0,0,0,0,0,0,0,0,0,0,0,0,0,0,0,0,0,,,,,,,,,,,,,,,,,,USD,1.0,stock,25.0
2026-03-26,58.77,59.5099,58.64,59.43,6474536,59.760000000000005,58.71959999999999,,59.153946936270444,58.20953951024861,55.618411862443004,52.67485270678675,44.57070707070708,-0.2842658498313,-0.046970044562076076,-0.23729580526922392,1,1.2705642857142851,0.5,0.05,16098215.5,14511011.9,0.40218967127132815,0.4461808759181019,66.14872364039955,46.1242843088883,0.6599999999999966,0.07990000000000208,0.13000000000000256,,0,0.46450120095836445,-0.5552751135790096,1.19535588086826,,0,,,0.8313539192399189,2.271553949406302,-2.7332242225859282,62.8864,0.46666888352684555,62.8864,0,25,20,20,58.6275,59.6682,59.14785,58.2157,59.43,,,,,,59.1933,59.7466,60.0632,60.6165,58.8767,58.3234,58.0068,0,0,0,0,0,0,0,0,0,0,0,0,0,0,0,0,0,0,0,0,0,0,,,,,,,,,,,,,,,,,,USD,1.0,stock,25.0
2026-03-27,59.61,59.69,58.365,58.54,7909293,59.56849999999999,58.75,,59.09547579948278,58.222498745140825,55.67626509288967,52.733212381346085,37.66233766233764,-0.28955310599636874,-0.09548665684893462,-0.19406644914743412,1,1.2659214285714278,0.5,0.05,15949585.7,13869344.6,0.49589331966158845,0.5702715757743881,46.39289678135402,55.93784683684791,1.0700000000000003,0.0799999999999983,0.17499999999999716,,0,-0.9488824726388422,-1.7569183464297815,-0.35872907413734345,,0,,,-1.4975601548039674,1.8441196938065563,-6.140772807439476,62.8864,-0.9399633253949362,62.8864,0,25,20,20,58.6275,59.6682,59.14785,58.2157,58.54,,,,,,58.865,59.365,60.19,60.69,58.040000000000006,57.540000000000006,56.71500000000001,0,0,0,0,0,0,0,0,0,0,0,0,0,0,0,0,0,0,0,0,0,0,,,,,,,,,,,,,,,,,,USD,1.0,stock,25.0
2026-03-30,59.65,60.06,59.08,59.73,17705241,59.438,58.812200000000004,,59.15590667572251,58.28161644140982,55.75653707124829,52.802832158646126,47.816593886462854,-0.1954670177382667,-0.11548272902680104,-0.07998428871146565,1,1.3048499999999994,0.5,0.05,16876428.6,13873229.95,1.0491106512902852,1.276216213802468,75.31572904707225,62.61911648960861,0.0799999999999983,0.3300000000000054,0.5700000000000003,,0,0.9611473702954704,0.4888665662146233,1.5365812824376237,,0,,,2.032798086778276,4.789473684210521,-4.186717998075085,62.585,0.9704750658704575,62.585,0,25,20,20,58.255,59.6682,58.961600000000004,58.2157,59.73,,,,,,59.623333333333335,60.16666666666667,60.60333333333334,61.146666666666675,59.18666666666667,58.64333333333333,58.20666666666666,0,0,0,0,0,0,0,0,0,0,0,0,0,0,0,0,0,0,0,0,0,0,,,,,,,,,,,,,,,,,,USD,1.0,stock,25.0
2026-03-31,60.2,61.13,59.92,60.65,12797240,59.4095,58.92,,59.298201278034654,58.37449422802119,55.85343732726317,52.8809134306994,53.37361530715007,-0.04613498827407625,-0.10161318087625608,0.05547819260217983,1,1.343564285714285,0.5,0.05,16730348.9,13891827.35,0.7649117227913877,0.9212063811029152,89.74358974358965,70.48407185733863,0.44999999999999574,0.480000000000004,0.28000000000000114,,0,2.2288519735619867,2.045342126957951,2.8524319868095582,,0,,,1.5402645236899382,5.680432131033286,-0.9310682783404078,62.585,2.2796622710815355,62.585,0,25,20,20,58.790000000000006,59.6682,59.2291,58.2157,60.65,,,,,,60.56666666666667,61.21333333333334,61.77666666666667,62.42333333333334,60.00333333333334,59.35666666666667,58.79333333333334,0,0,0,0,0,0,0,0,0,0,0,0,0,0,0,0,0,0,0,0,0,0,,,,,,,,,,,,,,,,,,USD,1.0,stock,25.0
2026-04-01,61.21,62.225,60.87,61.73,9881882,59.37950000000001,59.07019999999999,,59.52980115631707,58.50608268966742,55.96980490494113,52.96896404332926,63.92785571142282,0.15754264151438235,-0.0497820163981284,0.20732465791251076,1,1.337492857142857,0.5,0.05,16464638.3,13768669.6,0.6001882227804543,0.7177078314087805,91.42857142857136,85.4959634064111,0.519999999999996,0.49500000000000455,0.3400000000000034,,0,3.564229456800464,3.807710999513996,4.308763972136732,,0,,,1.7807089859851688,4.733627417712927,-0.9626183218353956,62.225,3.6959620239709974,62.225,0,25,20,20,59.337500000000006,59.6682,59.50285,58.2157,61.73,,,,,,61.60833333333333,62.34666666666666,62.96333333333333,63.70166666666666,60.99166666666665,60.25333333333332,59.63666666666665,0,0,0,0,0,0,0,0,0,0,0,0,0,0,0,0,0,0,0,0,0,0,,,,,,,,,,,,,,,,,,USD,1.0,stock,25.0
2026-04-02,60.23,60.5751,59.1,59.6,14752811,59.322500000000005,59.1722,,59.53648676047735,58.54898140771968,56.041689956328426,53.03494450060956,52.170283806343924,0.1454092444367987,-0.010743764231142976,0.15615300866794168,0,1.4314214285714282,0.5,0.05,16654858.4,13768391.9,0.8857962430950479,1.071498480516087,54.54545454545454,78.57253857253852,0.6299999999999955,0.3451000000000022,0.5,,0,0.10656583812525035,0.4656040268456314,0.717785234899337,,0,,,-3.4505102867325332,0.28605081608614746,-1.8768521567336216,62.225,0.10667952205203309,62.225,0,25,20,20,59.337500000000006,59.6682,59.50285,58.2157,59.6,,,,,,59.75836666666667,60.41673333333333,61.233466666666665,61.89183333333333,58.941633333333336,58.28326666666667,57.46653333333334,0,0,0,0,0,0,0,0,0,0,0,0,0,0,0,0,0,0,0,0,0,0,,,,,,,,,,,,,,,,,,USD,1.0,stock,25.0
2026-04-06,59.12,59.63,58.77,59.33,7954315,59.2745,59.26,,59.51682135471761,58.57960958780911,56.10680500669816,53.0975818687627,48.36488812392426,0.1127074747100707,0.013946483557099761,0.09876099115297093,0,1.4264214285714283,0.5,0.05,10865514.2,13596012.4,0.7320698177358234,0.5850476423513706,49.8701298701298,65.28138528138523,0.21000000000000085,0.30000000000000426,0.3499999999999943,,0,-0.31488514194776385,0.0935445811562363,0.11798415641328212,,0,,,-0.4530201342281881,1.3495046122309562,-1.5923038646541765,62.225,-0.3138967277908902,62.225,0,25,20,20,59.337500000000006,59.6682,59.50285,58.2157,59.33,,,,,,59.24333333333334,59.716666666666676,60.10333333333334,60.576666666666675,58.856666666666676,58.38333333333334,57.99666666666668,0,0,0,0,0,0,0,0,0,0,0,0,0,0,0,0,0,0,0,0,0,0,,,,,,,,,,,,,,,,,,USD,1.0,stock,25.0
2026-04-07,59.12,59.23,57.65,57.67,9003055,59.1265,59.3204,,59.340933606649266,58.5439386235813,56.137759363001166,53.143078566585956,42.31927710843374,-0.0466196380354873,0.0018332592385823503,-0.04845289727406965,0,1.4596357142857141,0.5,0.05,10752828.4,13497932.7,0.8372731959527969,0.6669951021462717,21.125541125541112,41.847041847041815,1.4499999999999957,0.10999999999999943,0.020000000000003126,,0,-2.8974052482213697,-2.5255765562684207,-2.8617998959597672,,0,,,-2.797909994943526,-3.448853172610067,-4.8820715817252225,62.225,-2.8158195449456707,62.225,0,25,20,20,59.9375,59.6682,59.80285,58.5482,57.67,,,,,,58.18333333333334,58.716666666666676,59.763333333333335,60.296666666666674,57.13666666666668,56.60333333333334,55.55666666666668,0,0,0,0,0,0,0,0,0,0,0,0,0,0,0,0,0,0,0,0,0,0,,,,,,,,,,,,,,,,,,USD,1.0,stock,25.0
2026-04-08,58.01,59.23,57.67,59.2,11587575,59.080000000000005,59.4124,,59.327511358396954,58.569666520695755,56.198397791456586,53.20334644154531,49.412577747062905,-0.048866012545140336,-0.008306595118162188,-0.04055941742697815,1,1.506778571428571,0.5,0.05,10711814.3,13592621.3,1.0817565237291313,0.8524900932831844,47.61904761904763,39.53823953823951,1.1900000000000048,0.02999999999999403,0.3399999999999963,,0,-0.2153908081029584,0.20270270270269838,-0.35878378378377573,,0,,,2.6530258366568527,-2.39076669414674,-1.5466489273241346,62.225,-0.21492787321999138,62.225,0,25,20,20,59.9375,59.5175,59.7275,58.5482,59.2,,,,,,58.70000000000001,59.73000000000002,60.260000000000005,61.29000000000001,58.17000000000002,57.140000000000015,56.61000000000003,0,0,0,0,0,0,0,0,0,0,0,0,0,0,0,0,0,0,0,0,0,0,,,,,,,,,,,,,,,,,,USD,1.0,stock,25.0
2026-04-09,58.7,59.69,58.54,59.47,6572371,59.054500000000004,59.49059999999999,,59.3410817052163,58.604973715962586,56.263181993605954,53.26570120332098,55.04451038575668,-0.028530653399762684,-0.012351406774482288,-0.016179246625280398,1,1.4782071428571426,0.5,0.05,10463831.9,13469051.9,0.6281036491039196,0.48796092321835954,52.29437229437224,40.34632034632032,0.769999999999996,0.21999999999999886,0.1600000000000037,,0,0.21677870318429793,0.6986715991256002,-0.03463931393979254,,0,,,0.45608108108108336,-3.6611048112749067,-0.8502834278092619,62.225,0.21724965416727413,62.225,0,25,20,20,59.9375,59.5175,59.7275,58.5482,59.47,,,,,,59.23333333333333,59.926666666666655,60.383333333333326,61.076666666666654,58.77666666666666,58.08333333333333,57.62666666666666,0,0,0,0,0,0,0,0,0,0,0,0,0,0,0,0,0,0,0,0,0,0,,,,,,,,,,,,,,,,,,USD,1.0,stock,25.0
2026-04-10,59.79,59.8,58.46,58.62,8060099,59.038,59.570600000000006,,59.27240725710046,58.60556298200327,56.3098516570989,53.31897780826306,54.16058394160585,-0.08007952411605856,-0.025897030242797547,-0.05418249387326102,0,1.4571357142857135,0.5,0.05,10622388.2,13360301.85,0.7587840745643245,0.6032871929461684,37.57575757575749,45.82972582972579,1.1700000000000017,0.00999999999999801,0.1599999999999966,,0,-1.112943120266912,-0.7130672125554406,-1.6216308427158113,,0,,,-1.4292920800403563,-1.644295302013432,-0.5597964376590436,62.225,-1.1006930328821924,62.225,0,25,20,20,59.9375,59.337500000000006,59.6375,58.5482,58.62,,,,,,58.96,59.46,60.3,60.8,58.120000000000005,57.620000000000005,56.78000000000001,0,0,0,0,0,0,0,0,0,0,0,0,0,0,0,0,0,0,0,0,0,0,,,,,,,,,,,,,,,,,,USD,1.0,stock,25.0
2026-04-13,58.11,58.9,57.553328,58.06,10529226,58.987,59.6462,,59.15693989928137,58.58416835525804,56.34450805992863,53.36615215842959,53.846153846153854,-0.16422659349075985,-0.05356294289239001,-0.11066365059836984,0,1.4640408571428563,0.5,0.05,10884381.5,13416983.6,0.9673701716537592,0.784768492971848,27.878787878787875,39.24963924963921,0.04999999999999716,0.7899999999999991,0.5066720000000018,,0,-1.8893212181904349,-1.596624181880812,-2.732001377884943,,0,,,-0.9553053565335978,-2.140569694926675,-1.72647257955314,62.225,-1.8542877659814383,62.225,0,25,20,20,59.889164,59.337500000000006,59.613332,58.5482,58.06,,,,,,58.171109333333334,58.78889066666667,59.51778133333333,60.135562666666665,57.44221866666667,56.824437333333336,56.09554666666667,0,0,0,0,0,0,0,0,0,0,0,0,0,0,0,0,0,0,0,0,0,0,,,,,,,,,,,,,,,,,,USD,1.0,stock,25.0
2026-04-14,57.9,58.6199,57.56,58.08,7612946,58.9055,59.7068,,59.05437419458791,58.564397047208715,56.378874236959746,53.413056117052186,52.57270693512304,-0.2266868148699075,-0.08818771728789351,-0.13849909758201398,0,1.4511765714285707,0.5,0.05,9875152.0,13375790.3,0.7709193742030502,0.5691585939411744,11.273736683568488,25.576094046037955,0.17999999999999972,0.5399000000000029,0.3399999999999963,,0,-1.677641519607282,-1.4213154269972543,-2.800964187327829,,0,,,0.03444712366516001,0.7109415640714323,-2.729860994808242,62.225,-1.6499610873485588,62.225,0,25,20,20,59.889164,59.337500000000006,59.613332,58.5482,58.08,,,,,,58.08663333333334,58.613266666666675,59.14653333333334,59.673166666666674,57.553366666666676,57.02673333333334,56.49346666666668,0,0,0,0,0,0,0,0,0,0,0,0,0,0,0,0,0,0,0,0,0,0,,,,,,,,,,,,,,,,,,USD,1.0,stock,25.0
2026-04-15,58.0,58.16,57.22,57.89,8701614,58.814499999999995,59.7468,,58.943481414150966,58.53795010418093,56.40879751939619,53.457602822355156,45.64315352697096,-0.28819625538211113,-0.12818942490673704,-0.1600068304753741,0,1.3754622857142849,0.5,0.05,9465589.4,13097969.15,0.9192891886901411,0.6643483352531793,13.386613386613414,17.513045982989926,0.10999999999999943,0.1599999999999966,0.6700000000000017,,0,-1.819798607965047,-1.596994299533589,-3.20746242874417,,0,,,-0.32713498622589654,-2.2128378378378444,-3.0480656506447823,62.225,-1.7872738237990287,62.225,0,25,20,20,58.897549999999995,59.337500000000006,59.117525,58.6082,57.89,,,,,,57.75666666666666,58.29333333333332,58.69666666666666,59.23333333333332,57.353333333333325,56.81666666666666,56.41333333333333,0,0,0,0,0,0,0,0,0,0,0,0,0,0,0,0,0,0,0,0,0,0,,,,,,,,,,,,,,,,,,USD,1.0,stock,25.0
2026-04-16,57.67,58.98,57.66,58.96,8220669,58.794,59.8062,,58.94505461280326,58.55450108048756,56.45931638039824,53.51235304302824,48.13935075217736,-0.24774699931182198,-0.15210093978775402,-0.09564605952406796,1,1.4076122857142848,0.5,0.05,9299468.1,12882053.2,0.8839934619486464,0.6381489714698586,34.76523476523479,19.808528278472227,1.2899999999999991,0.01999999999999602,0.010000000000005116,,0,0.02534835006231266,0.2815468113975643,-1.435210312075977,,0,,,1.8483330454309943,-0.8575752480242116,-0.6905844702711716,62.225,0.025354777079964412,62.225,0,25,20,20,58.51,59.337500000000006,58.92375,58.9232,58.96,,,,,,58.53333333333333,59.406666666666666,59.85333333333333,60.72666666666667,58.086666666666666,57.21333333333333,56.766666666666666,0,0,0,0,0,0,0,0,0,0,0,0,0,0,0,0,0,0,0,0,0,0,,,,,,,,,,,,,,,,,,USD,1.0,stock,25.0
2026-04-17,59.2,60.48,58.5382,60.17,11535869,58.897000000000006,59.857200000000006,,59.06171607825057,58.61785397929197,56.53279526395471,53.5785982863812,56.293436293436315,-0.11670844256943269,-0.14502244034408976,0.028313997774657068,1,1.4516694285714276,0.5,0.05,8977773.9,12816316.15,1.2849364584688416,0.9000924185223068,58.94105894105897,35.697635697635725,0.9699999999999989,0.30999999999999517,0.6617999999999995,,0,1.8419210931517906,2.1156722619245407,0.519860395545946,,0,,,2.0522388059701413,2.6441487546912334,3.5450008604370975,62.225,1.876484456159507,62.225,0,25,20,20,58.849999999999994,59.337500000000006,59.09375,59.1882,60.17,,,,,,59.7294,60.92059999999999,61.67119999999999,62.86239999999999,58.9788,57.787600000000005,57.037000000000006,0,0,0,0,0,0,0,0,0,0,0,0,0,0,0,0,0,0,0,0,0,0,,,,,,,,,,,,,,,,,,USD,1.0,stock,25.0
2026-04-20,60.0,60.12,58.905,59.13,7678094,58.979499999999994,59.8494,,59.068219308893376,58.6379381369668,56.584225060708086,53.63383611437741,47.656250000000014,-0.09567585888159158,-0.13515312405159013,0.039477265169998554,1,1.4334551428571416,0.5,0.05,8950151.8,9907833.0,0.857873047471664,0.7749518991690716,38.16183816183822,43.95604395604399,0.8699999999999974,0.11999999999999744,0.22500000000000142,,0,0.10448281939223196,0.2545239303230307,-1.2166412988330801,,0,,,-1.7284360977231183,1.8429211160868153,2.8705636743215024,62.225,0.10459210016734836,62.225,0,25,20,20,58.849999999999994,59.337500000000006,59.09375,59.65935,59.13,,,,,,59.385,59.864999999999995,60.599999999999994,61.07999999999999,58.65,58.17,57.435,0,0,0,0,0,0,0,0,0,0,0,0,0,0,0,0,0,0,0,0,0,0,,,,,,,,,,,,,,,,,,USD,1.0,stock,25.0
2026-04-21,59.15,59.73,57.79,59.39,9002378,59.099000000000004,59.797399999999996,,59.098865088998764,58.66743075904654,56.639784960496044,53.691111376920915,44.81054365733114,-0.05736627497935842,-0.1195957542371438,0.06222947925778538,1,1.4720265714285696,0.5,0.05,8950084.1,9851456.25,1.0058428389516474,0.9138119047120572,43.35664335664337,46.81984681984685,0.240000000000002,0.3399999999999963,1.3599999999999994,,0,0.49020863950368193,0.4899814783633554,-0.6859740697086977,,0,,,0.43970911550819114,2.255509641873288,4.192982456140348,62.225,0.49262352257155506,62.225,0,25,20,20,58.849999999999994,59.337500000000006,59.09375,59.6682,59.39,,,,,,58.97,60.15,60.91,62.089999999999996,58.21,57.03,56.27,0,0,0,0,0,0,0,0,0,0,0,0,0,0,0,0,0,0,0,0,0,0,,,,,,,,,,,,,,,,,,USD,1.0,stock,25.0
2026-04-22,59.4,59.7,58.68,58.8,7500202,59.16949999999999,59.758,,59.07040174718936,58.67262955280942,56.682561495931765,53.74194608958837,37.42489270386265,-0.07376342405903813,-0.11042928820152267,0.036665864142484544,0,1.4323837142857125,0.5,0.05,8541346.8,9626580.55,0.8781053123846931,0.7791138256252371,47.092486065989036,42.87032252815687,0.6000000000000014,0.30000000000000426,0.11999999999999744,,0,-0.45986691698870874,-0.6284013605442093,-1.6292517006802814,,0,,,-0.9934332379188504,1.5719467956469169,2.456874019864075,62.225,-0.4577618218115924,62.225,0,25,20,20,58.849999999999994,59.337500000000006,59.09375,59.6682,58.8,,,,,,59.06,59.440000000000005,60.080000000000005,60.46000000000001,58.42,58.04,57.4,0,0,0,0,0,0,0,0,0,0,0,0,0,0,0,0,0,0,0,0,0,0,,,,,,,,,,,,,,,,,,USD,1.0,stock,25.0
2026-04-23,58.84,59.25,58.6376,59.02,6512720,59.173500000000004,59.72120000000001,,59.06560158079037,58.68625192328748,56.72884740690341,53.7944640389457,47.022587268993846,-0.06821972690996603,-0.10198737594321135,0.03376764903324532,0,1.2882694285714271,0.5,0.05,8535381.7,9499606.8,0.7630262159218961,0.6855778493905663,55.214723926380536,48.55461778300431,0.17999999999999972,0.22999999999999687,0.20240000000000435,,0,-0.07726462350113224,-0.2600813283632685,-1.188071840054231,,0,,,0.37414965986395377,0.10176390773406485,0.1357312521208076,62.225,-0.07720497137067853,62.225,0,25,20,20,58.849999999999994,59.337500000000006,59.09375,59.6682,59.02,,,,,,58.9692,59.3008,59.5816,59.9132,58.6884,58.3568,58.076,0,0,0,0,0,0,0,0,0,0,0,0,0,0,0,0,0,0,0,0,0,0,,,,,,,,,,,,,,,,,,USD,1.0,stock,25.0
2026-04-24,58.86,59.21,58.345,58.71,6822839,59.1375,59.6968,,59.031734763572246,58.687183220413466,56.76807815132117,53.843374844528334,46.83026584867077,-0.08782828638679518,-0.09915555803192812,0.011327271645132933,0,1.2886265714285703,0.5,0.05,8411655.7,9517021.95,0.811117245324247,0.7169090326622606,45.705521472392725,49.33757715492077,0.14999999999999858,0.3500000000000014,0.365000000000002,,0,-0.5480067511024437,-0.7281553398058287,-1.6808039516266433,,0,,,-0.5252456794307081,-2.4264583679574514,-1.21150933871782,62.225,-0.5450200046819279,62.225,0,25,20,20,58.849999999999994,59.337500000000006,59.09375,59.6682,58.71,,,,,,58.755,59.165000000000006,59.620000000000005,60.03000000000001,58.300000000000004,57.89,57.435,0,0,0,0,0,0,0,0,0,0,0,0,0,0,0,0,0,0,0,0,0,0,,,,,,,,,,,,,,,,,,USD,1.0,stock,25.0
2026-04-27,58.21,59.125,57.71,57.78,10700336,59.0995,59.655199999999994,,58.91252192894632,58.65160740784823,56.78811620773065,53.882545244085264,50.60773480662982,-0.17637825992121492,-0.11460009840978548,-0.06177816151142944,0,1.2696979999999987,0.5,0.05,8428766.7,9656574.1,1.26950197826688,1.1080882194027797,17.177914110429526,39.366053169734265,0.4299999999999997,0.9149999999999991,0.07000000000000028,,0,-1.9600587209178222,-2.283662166839733,-3.245413637936989,,0,,,-1.5840572304547718,-2.2831050228310557,-1.2982576016398961,62.225,-1.9223789643774525,62.225,0,25,20,20,58.849999999999994,59.337500000000006,59.09375,59.6682,57.78,,,,,,58.205000000000005,58.70000000000001,59.620000000000005,60.11500000000001,57.28500000000001,56.790000000000006,55.87000000000001,0,0,0,0,0,0,0,0,0,0,0,0,0,0,0,0,0,0,0,0,0,0,,,,,,,,,,,,,,,,,,USD,1.0,stock,25.0
2026-04-28,58.58,58.73,57.91,58.26,6271039,59.025999999999996,59.6056,,58.85037698333238,58.63625025459928,56.817262421438954,53.92610200782571,44.124999999999964,-0.20545441286217425,-0.13277096130026325,-0.072683451561911,0,1.2261265714285703,0.5,0.05,8294576.0,9084864.0,0.7560409356668744,0.6902732941296644,31.90184049079754,31.595092024539934,0.3200000000000003,0.14999999999999858,0.3500000000000014,,0,-1.013348752716072,-1.314795743220045,-2.309646412633032,,0,,,0.8307372793354029,-1.902677218386939,-2.4610748367654423,62.225,-1.0031830101948034,62.225,0,25,20,20,59.06999999999999,59.337500000000006,59.20375,59.6682,58.26,,,,,,58.29999999999999,58.68999999999998,59.11999999999999,59.509999999999984,57.86999999999998,57.47999999999999,57.04999999999998,0,0,0,0,0,0,0,0,0,0,0,0,0,0,0,0,0,0,0,0,0,0,,,,,,,,,,,,,,,,,,USD,1.0,stock,25.0
2026-04-29,57.65,58.375,57.28,57.59,9462796,58.873000000000005,59.550399999999996,,58.73034108015787,58.595220832850295,56.83256415566789,53.96255870426526,38.809523809523824,-0.2793408071850223,-0.16208493047721506,-0.11725587670780724,0,1.2221979999999988,0.5,0.05,8370694.2,8918141.8,1.130467291470282,1.0610726104399908,11.349693251533889,20.143149284253653,0.05999999999999517,0.7250000000000014,0.3100000000000023,,0,-1.9801025875288543,-2.227817329397467,-3.4040632054175943,,0,,,-1.1500171644352797,-2.05782312925169,-5.045342126957952,62.225,-1.9416558105826038,62.225,0,25,20,20,58.879999999999995,59.337500000000006,59.10875,59.6682,57.59,,,,,,57.748333333333335,58.21666666666667,58.843333333333334,59.31166666666667,57.12166666666667,56.653333333333336,56.02666666666667,0,0,0,0,0,0,0,0,0,0,0,0,0,0,0,0,0,0,0,0,0,0,,,,,,,,,,,,,,,,,,USD,1.0,stock,25.0
2026-04-30,57.69,60.78,57.39,60.59,24880099,58.815999999999995,59.5676,,58.90745145347616,58.67344746685617,56.90696882585268,54.02850339377506,59.3364928909953,-0.09472939752702558,-0.1486138238871772,0.053884426360151616,1,1.3686265714285706,0.5,0.05,10036637.2,9668052.65,2.478927802630945,2.573434372019064,94.66292134831467,45.97148503021537,2.9000000000000057,0.18999999999999773,0.29999999999999716,,0,2.7769409911269847,2.927875887110097,1.6874071628981757,,0,,,5.209237714881065,2.6601152151813023,-1.8467519844483915,60.78,2.8562575786404216,60.78,0,25,20,20,59.03,59.7225,59.37625,59.6682,60.59,,,,,,59.586666666666666,61.78333333333333,62.97666666666667,65.17333333333333,58.39333333333333,56.196666666666665,55.00333333333333,0,0,0,0,0,0,0,0,0,0,0,0,0,0,0,0,0,0,0,0,0,0,,,,,,,,,,,,,,,,,,USD,1.0,stock,25.0
2026-05-01,60.02,60.085,58.03,58.22,18368451,58.747,59.525999999999996,,58.841979886478434,58.65566521325397,56.93296944316253,54.07020982766785,50.6472491909385,-0.1380711204727305,-0.14650528320428788,0.008434162731557365,0,1.4552928571428565,0.5,0.05,10719895.4,9848834.65,1.7134916260470228,1.8650380123906334,28.08988764044942,44.70083408009933,1.8000000000000043,0.06499999999999773,0.18999999999999773,,0,-1.0683268403958006,-0.9051872208862952,-2.2432153899003735,,0,,,-3.911536557187667,-0.8346107988417728,-2.3154362416107466,60.78,-1.0570342596873814,60.78,0,25,20,20,59.03,59.7225,59.37625,59.6682,58.22,,,,,,58.778333333333336,59.52666666666667,60.833333333333336,61.58166666666667,57.47166666666667,56.723333333333336,55.41666666666667,0,0,0,0,0,0,0,0,0,0,0,0,0,0,0,0,0,0,0,0,0,0,,,,,,,,,,,,,,,,,,USD,1.0,stock,25.0
2026-05-04,57.65,58.0,56.93,57.38,9447370,58.6495,59.4604,,58.70274370681383,58.6056391264597,56.94182153339693,54.10314306321345,47.344461305007606,-0.23746339776098324,-0.16469690611562696,-0.07276649164535628,0,1.4717285714285708,0.5,0.05,10896823.0,9923487.4,0.8669838906257356,0.9520211614316152,11.688311688311758,44.81370689235862,0.269999999999996,0.3500000000000014,0.45000000000000284,,0,-2.305234762659157,-2.2124433600557696,-3.62565353781805,,0,,,-1.442803160425965,-0.6922810661128431,-3.286701500084266,60.78,-2.253291112626971,60.78,0,25,20,20,58.855000000000004,59.5775,59.21625,59.6682,57.38,,,,,,57.43666666666667,57.943333333333335,58.50666666666667,59.013333333333335,56.873333333333335,56.36666666666667,55.803333333333335,0,0,0,0,0,0,0,0,0,0,0,0,0,0,0,0,0,0,0,0,0,0,,,,,,,,,,,,,,,,,,USD,1.0,stock,25.0
2026-05-05,57.0,57.48,56.732,56.922,11316685,58.6121,59.37384,,58.53314906806965,58.53961406267696,56.94142902778511,54.131191390942675,46.40095181439618,-0.34916431702942674,-0.2015903882983869,-0.14757392873103983,0,1.458014285714285,0.5,0.05,11128253.7,10039168.9,1.01693269268295,1.1272531733179625,4.693675889328005,14.823958406029726,0.07800000000000296,0.4799999999999969,0.18999999999999773,,0,-2.8304505605383694,-2.969150767717229,-4.307367977232009,,0,,,-0.7981875217845991,-2.2966014418125624,-1.2970348534766862,60.78,-2.752541241538202,60.78,0,25,20,20,58.756,59.4785,59.11725,59.6682,56.922,,,,,,57.044666666666664,57.35733333333333,57.79266666666666,58.10533333333333,56.60933333333333,56.29666666666667,55.861333333333334,0,0,0,0,0,0,0,0,0,0,0,0,0,0,0,0,0,0,0,0,0,0,,,,,,,,,,,,,,,,,,USD,1.0,stock,25.0
2026-05-06,57.23,57.3999,56.36,56.537,10439381,58.47895,59.272580000000005,,58.3430396330154,58.4610801778661,56.93342053218541,54.15512978506265,40.50771762124892,-0.463412452444544,-0.25395480112761837,-0.20945765131692562,0,1.4380071428571424,0.5,0.05,11422171.6,9981759.2,0.9139576400690741,1.045845806418572,4.004524886877817,6.795504154839193,0.6929999999999978,0.1699000000000055,0.1769999999999996,,0,-3.194438390815576,-3.434830288129895,-4.838565894900695,,0,,,-0.6763641474298088,-1.828442437923261,-4.498310810810812,60.78,-3.0955528617905483,60.78,0,25,20,20,58.57,59.292500000000004,58.931250000000006,59.6232,56.537,,,,,,56.765633333333334,57.17126666666667,57.80553333333334,58.21116666666667,56.131366666666665,55.72573333333333,55.09146666666666,0,0,0,0,0,0,0,0,0,0,0,0,0,0,0,0,0,0,0,0,0,0,,,,,,,,,,,,,,,,,,USD,1.0,stock,25.0
2026-05-07,56.44,56.9,55.57,56.25,10419792,58.317949999999996,59.171580000000006,,58.14370252510917,58.374371151283114,56.919887452340156,54.17597426481327,33.44594594594595,-0.5705366331550294,-0.3172711675331006,-0.25326546562192886,0,1.3943071428571427,0.5,0.05,11812878.8,10174130.25,0.8820705076564401,1.024145724888867,13.05182341650671,7.25000806423751,0.18999999999999773,0.46000000000000085,0.6799999999999997,,0,-3.366582266860746,-3.6763555555555487,-5.19392000000001,,0,,,-0.5076321700833053,-7.1628981680145305,-5.4144947032117035,60.78,-3.2569348749185356,60.78,0,25,20,20,58.175,58.8975,58.536249999999995,59.2282,56.25,,,,,,56.24,56.910000000000004,57.57,58.24,55.580000000000005,54.910000000000004,54.25000000000001,0,0,0,0,0,0,0,0,0,0,0,0,0,0,0,0,0,0,0,0,0,0,,,,,,,,,,,,,,,,,,USD,1.0,stock,25.0
2026-05-08,56.33,56.535,55.775,56.16,10033020,58.194950000000006,59.07278,,57.95477847509877,58.287533066919075,56.90484017605619,54.19571581441712,36.363636363636346,-0.6551434797725832,-0.38484562998099714,-0.2702978497915861,0,1.358235714285714,0.5,0.05,12133896.9,10272776.3,0.8268588469710831,0.9766610025373569,11.32437619961605,9.460241501000192,0.1700000000000017,0.2049999999999983,0.384999999999998,,0,-3.195830618053372,-3.6234864672364835,-5.186574074074083,,0,,,-0.16000000000000458,-3.5383029886636885,-4.196519959058342,60.78,-3.09686021122474,60.78,0,25,20,20,58.175,58.175,58.175,59.2282,56.16,,,,,,56.156666666666666,56.538333333333334,56.916666666666664,57.29833333333333,55.778333333333336,55.39666666666667,55.01833333333334,0,0,0,0,0,0,0,0,0,0,0,0,0,0,0,0,0,0,0,0,0,0,,,,,,,,,,,,,,,,,,USD,1.0,stock,25.0
2026-05-11,56.175,56.49,55.405,55.67,8390896,58.075450000000004,58.93878000000001,,57.73718052508936,58.18488471135362,56.88038789534221,54.21038530880103,33.27338129496404,-0.7530531917404986,-0.45848714233289745,-0.2945660494076011,0,1.2971642857142858,0.5,0.05,11902952.9,10165859.8,0.7049423845069571,0.8253995397418327,4.930232558139545,9.768810724754102,0.5049999999999955,0.31500000000000483,0.26500000000000057,,0,-3.7132755974301337,-4.320908927609128,-5.871708280941273,,0,,,-0.8725071225071157,-2.98013245033113,-4.116431277988286,60.78,-3.5803281460740437,60.78,0,25,20,20,58.0925,58.0925,58.0925,59.145700000000005,55.67,,,,,,55.855,56.30499999999999,56.94,57.38999999999999,55.21999999999999,54.769999999999996,54.13499999999999,0,0,0,0,0,0,0,0,0,0,0,0,0,0,0,0,0,0,0,0,0,0,,,,,,,,,,,,,,,,,,USD,1.0,stock,25.0
2026-05-12,56.01,57.02,55.45,56.45,9274358,57.99395,58.82098,,57.614591903652276,58.11685001679073,56.87186536276118,54.23267003209654,39.61096374889482,-0.7589590550573533,-0.5185815248777886,-0.24037753017956465,1,1.3364499999999997,0.5,0.05,12203284.8,10248930.4,0.7599886548579117,0.9049098430798203,19.44186046511631,11.898823074290634,0.44000000000000483,0.5700000000000003,0.5599999999999952,,0,-2.0630503164787823,-2.735075287865359,-4.200141718334803,,0,,,1.4011137057661216,-0.8292048768490101,-2.806473829201095,60.78,-2.021348872174251,60.78,0,25,20,20,58.0925,58.0925,58.0925,59.145700000000005,56.45,,,,,,56.30666666666667,57.16333333333334,57.87666666666667,58.73333333333334,55.59333333333334,54.73666666666667,54.02333333333334,0,0,0,0,0,0,0,0,0,0,0,0,0,0,0,0,0,0,0,0,0,0,,,,,,,,,,,,,,,,,,USD,1.0,stock,25.0
2026-05-13,55.9,56.83,55.85,56.39,7997461,57.91895000000001,58.724380000000004,,57.49796410330444,58.04913040828913,56.86232347438967,54.254136001926426,38.20627802690582,-0.7597233746924061,-0.5668098948407121,-0.19291347985169405,1,1.3627071428571422,0.5,0.05,12056751.3,10213722.75,0.6633180697689268,0.7830113657627921,18.325581395348827,14.232558139534893,0.490000000000002,0.4399999999999977,0.04999999999999716,,0,-1.964823733471253,-2.7113849973399695,-4.139705621564112,,0,,,-0.10628875110717528,-0.2600067212621848,-2.59112109172569,60.78,-1.9269623204637332,60.78,0,25,20,20,57.745000000000005,58.0925,57.91875,59.145700000000005,56.39,,,,,,56.35666666666666,56.86333333333332,57.33666666666666,57.84333333333332,55.883333333333326,55.376666666666665,54.90333333333333,0,0,0,0,0,0,0,0,0,0,0,0,0,0,0,0,0,0,0,0,0,0,,,,,,,,,,,,,,,,,,USD,1.0,stock,25.0
2026-05-14,56.69,57.045,56.1,56.77,7686960,57.809450000000005,58.61317999999999,,57.42863418870402,57.99896843149348,56.86049528677799,54.27916947454408,41.354723707664895,-0.7213509940681107,-0.5977181146861918,-0.1236328793819188,1,1.368421428571428,0.5,0.05,10337437.4,10187037.3,0.7436040193094664,0.7545824927920898,25.39534883720934,21.054263565891493,0.0800000000000054,0.2749999999999986,0.5899999999999963,,0,-1.1601800047631028,-1.8309846750044076,-3.2467500440373254,,0,,,0.673878347224699,0.924444444444461,-3.7143826322930784,60.78,-1.1468741996193323,60.78,0,25,20,20,56.7025,58.0925,57.3975,58.995000000000005,56.77,,,,,,56.63833333333334,57.176666666666684,57.58333333333334,58.121666666666684,56.23166666666668,55.69333333333334,55.28666666666668,0,0,0,0,0,0,0,0,0,0,0,0,0,0,0,0,0,0,0,0,0,0,,,,,,,,,,,,,,,,,,USD,1.0,stock,25.0
2026-05-15,56.64,57.105,56.1408,57.0,10824328,57.65095,58.53838,,57.387811885017925,57.9597931988859,56.86325775634674,54.30624241509588,46.29277566539923,-0.664719060598145,-0.6111183038685825,-0.05360075672956255,1,1.3362214285714278,0.5,0.05,9583025.1,10151460.25,1.1295314253116169,1.0662828532476398,29.67441860465114,24.465116279069765,0.35999999999999943,0.10499999999999687,0.49920000000000186,,0,-0.6803717281016226,-1.142017543859652,-2.698912280701748,,0,,,0.40514356174035093,1.4957264957265126,-5.268406182482965,60.78,-0.6757739531783226,60.78,0,25,20,20,56.442499999999995,58.0925,57.2675,58.995000000000005,57.0,,,,,,56.7486,57.35640000000001,57.7128,58.320600000000006,56.39220000000001,55.784400000000005,55.42800000000001,0,0,0,0,0,0,0,0,0,0,0,0,0,0,0,0,0,0,0,0,0,0,,,,,,,,,,,,,,,,,,USD,1.0,stock,25.0
2026-05-18,57.45,58.5,57.08,57.31,11659255,57.55995,58.47878000000001,,57.38040122930193,57.93431111265508,56.87210413740918,54.336130550269054,45.410628019323696,-0.5880448214339609,-0.6065036073816581,0.01845878594769723,1,1.3755071428571424,0.5,0.05,9804213.6,10350518.3,1.1892085868059832,1.1264416584819719,35.4418604651163,30.170542635658922,0.14000000000000057,1.0499999999999972,0.23000000000000398,,0,-0.12284283598312501,-0.43613679986040543,-2.0393997557145442,,0,,,0.543859649122802,2.9459313813544163,-3.0779638085574157,60.78,-0.12269211750645231,60.78,0,25,20,20,56.9525,58.0925,57.5225,58.815,57.31,,,,,,57.629999999999995,58.17999999999999,59.05,59.599999999999994,56.75999999999999,56.209999999999994,55.33999999999999,0,0,0,0,0,0,0,0,0,0,0,0,0,0,0,0,0,0,0,0,0,0,,,,,,,,,,,,,,,,,,USD,1.0,stock,25.0
2026-05-19,57.32,58.635,57.08,58.31,7998888,57.50595,58.43238,,57.468934445558894,57.94904401019802,56.90057732280702,54.37567153981861,53.37078651685393,-0.44149896657388155,-0.5735026792201028,0.13200371264622124,1,1.4083642857142853,0.5,0.05,9472433.9,10300343.8,0.8444385133159915,0.7765651472720745,54.046511627906995,39.720930232558146,0.990000000000002,0.32499999999999574,0.240000000000002,,0,1.4424036262066686,1.378922997770543,-0.20987823700908884,,0,,,1.7448961786773687,3.2949512843224005,-1.818487960936177,60.78,1.4635133965079195,60.78,0,25,20,20,57.019999999999996,58.0925,57.55625,58.815,58.31,,,,,,58.00833333333333,58.93666666666667,59.56333333333333,60.49166666666667,57.38166666666667,56.45333333333333,55.82666666666667,0,0,0,0,0,0,0,0,0,0,0,0,0,0,0,0,0,0,0,0,0,0,,,,,,,,,,,,,,,,,,USD,1.0,stock,25.0
2026-05-20,58.67,59.21,58.11,58.54,8547167,57.49294999999999,58.40058,,57.570940688838995,57.97221875489614,56.93304113819698,54.41710764390002,37.04171934260428,-0.3033049325202768,-0.5194631298801377,0.21615819735986086,1,1.2447928571428568,0.5,0.05,9283212.5,10352692.05,0.9207121995753087,0.8255984973492957,66.98717948717945,52.15851719340092,0.13000000000000256,0.5399999999999991,0.4299999999999997,,0,1.6553797594140829,1.7886060813119335,0.23816194055346981,,0,,,0.3944434916823836,3.812732754034398,-0.4421768707483009,60.78,1.683243837196621,60.78,0,25,20,20,57.307500000000005,58.0925,57.7,58.815,58.54,,,,,,58.62,59.129999999999995,59.72,60.23,58.029999999999994,57.519999999999996,56.92999999999999,0,0,0,0,0,0,0,0,0,0,0,0,0,0,0,0,0,0,0,0,0,0,,,,,,,,,,,,,,,,,,USD,1.0,stock,25.0
2026-05-21,58.23,59.61,57.83,59.55,8451148,57.519450000000006,58.39198,,57.75942252799719,58.03409252921394,56.984862105757436,54.46818119968211,60.15267175572518,-0.11100698638117024,-0.4377719011803442,0.32676491479917397,1,1.189078571428571,0.5,0.05,9086348.1,10449613.45,0.9300929159867869,0.8087522127433336,98.57312722948865,73.20227278152502,1.3200000000000003,0.060000000000002274,0.3999999999999986,,0,3.0068471402230212,3.409823677581849,1.9446179680940396,,0,,,1.725316023231982,4.896952615818195,0.8980006777363547,60.78,3.1000612430549825,60.78,0,25,20,20,57.5075,58.0925,57.8,58.815,59.55,,,,,,58.99666666666667,60.16333333333334,60.77666666666667,61.94333333333334,58.38333333333334,57.21666666666667,56.60333333333334,0,0,0,0,0,0,0,0,0,0,0,0,0,0,0,0,0,0,0,0,0,0,,,,,,,,,,,,,,,,,,USD,1.0,stock,25.0
2026-05-22,59.97,60.25,59.25,59.46,6489774,57.55695000000001,58.40218,,57.92138228723555,58.09001046924477,57.03387473732659,54.517851038491244,67.9310344827586,0.033739347333302305,-0.34346965147761493,0.37720899881091724,1,1.1683642857142853,0.5,0.05,8732023.5,10432960.2,0.7432153612504593,0.6220453136589172,83.69453044375646,83.08494572014152,0.509999999999998,0.28000000000000114,0.21000000000000085,,0,2.5876517200882083,3.2005549949545795,1.7790447359569452,,0,,,-0.15113350125943725,4.315789473684206,1.2774655084312636,60.78,2.6563898374081485,60.78,0,25,20,20,57.85,58.0925,57.97125,58.815,59.46,,,,,,59.653333333333336,60.05666666666667,60.653333333333336,61.05666666666667,59.05666666666667,58.653333333333336,58.05666666666667,0,0,0,0,0,0,0,0,0,0,0,0,0,0,0,0,0,0,0,0,0,0,,,,,,,,,,,,,,,,,,USD,1.0,stock,25.0
2026-05-26,59.62,59.78,58.03,58.03,8161595,57.56945,58.38118,,57.93172683130835,58.08765711750968,57.053599990052795,54.552797794327155,58.18074424099237,0.032686026484711306,-0.26823851588514974,0.30092454236986105,0,1.2399357142857141,0.5,0.05,8709093.4,10306023.15,0.9371348572286525,0.7919247687698042,54.1795665634675,78.81574141223753,1.5899999999999963,0.1600000000000037,0.0,,0,0.1693489034837981,0.7936412200585866,-0.6051697397897629,,0,,,-2.404978136562397,1.256325248647694,0.43267566632052556,60.78,0.16963618049537882,60.78,0,25,20,20,58.05,58.0925,58.07125,58.815,58.03,,,,,,58.61333333333334,59.19666666666667,60.36333333333334,60.94666666666667,57.44666666666667,56.86333333333334,55.69666666666667,0,0,0,0,0,0,0,0,0,0,0,0,0,0,0,0,0,0,0,0,0,0,,,,,,,,,,,,,,,,,,USD,1.0,stock,25.0
2026-05-27,58.03,58.8,57.1312,57.52,9348014,57.532450000000004,58.33738,,57.89251475213613,58.06539605407793,57.062835633814124,54.5823221943836,57.126286791358595,-0.0091954759064663,-0.21642990788941308,0.20723443198294678,0,1.2848571428571423,0.5,0.05,8716459.0,10459871.9,1.0724554546748857,0.8937025318637029,43.65325077399386,60.50911592707261,0.509999999999998,0.769999999999996,0.38880000000000337,,0,-0.6476264814605814,-0.021644645340753096,-1.4210361613351878,,0,,,-0.8788557642598671,-1.354827645343848,-1.2701682114658386,60.78,-0.6434592688381728,60.78,0,25,20,20,58.175,58.0925,58.13375,58.815,57.52,,,,,,57.81706666666667,58.50293333333334,59.485866666666666,60.171733333333336,56.83413333333334,56.14826666666667,55.16533333333334,0,0,0,0,0,0,0,0,0,0,0,0,0,0,0,0,0,0,0,0,0,0,,,,,,,,,,,,,,,,,,USD,1.0,stock,25.0
2026-05-28,57.6,57.69,56.26,56.91,12075828,57.49844999999999,58.28138,,57.798941918599354,58.02008640489841,57.059809185619784,54.605483167573816,54.570637119113556,-0.09056479571827936,-0.19125688545518635,0.10069208973690699,0,1.2919999999999996,0.5,0.05,9124295.7,10590523.5,1.3234805619024381,1.1402484494746647,31.062951496387942,42.96525627794977,0.6900000000000048,0.0899999999999963,0.6499999999999986,,0,-1.5620135628173564,-1.0340010542962477,-2.409734668775263,,0,,,-1.0605006954103047,-2.7844209087803273,-1.1807605487063833,60.78,-1.5379899511850774,60.78,0,25,20,20,58.1954,58.0925,58.143950000000004,58.815,56.91,,,,,,56.953333333333326,57.646666666666654,58.383333333333326,59.076666666666654,56.216666666666654,55.523333333333326,54.786666666666655,0,0,0,0,0,0,0,0,0,0,0,0,0,0,0,0,0,0,0,0,0,0,,,,,,,,,,,,,,,,,,USD,1.0,stock,25.0
2026-05-29,57.0,57.33,56.535,57.18,27567581,57.32795,58.23758000000001,,57.739995069208945,57.98714184000043,57.06218920174613,54.631100250483534,56.89189189189191,-0.1317451483261891,-0.17935453802938692,0.04760938970319781,0,1.2944999999999998,0.5,0.05,11112357.8,10724897.6,2.4808039388364547,2.5704283647426154,36.63570691434467,37.11730306157549,0.17999999999999972,0.14999999999999858,0.4650000000000034,,0,-0.9793547905018277,-0.25874431619447635,-1.8495627841902913,,0,,,0.4744333157617353,-3.9798488664987364,-5.627991417725708,60.25,-0.9698564548502604,60.25,0,25,20,20,58.254999999999995,58.0925,58.17375,58.815,57.18,,,,,,57.01499999999999,57.49499999999999,57.809999999999995,58.28999999999999,56.69999999999999,56.21999999999999,55.90499999999999,0,0,0,0,0,0,0,0,0,0,0,0,0,0,0,0,0,0,0,0,0,0,,,,,,,,,,,,,,,,,,USD,1.0,stock,25.0
2026-06-01,57.4,57.45,54.705,54.95,20579785,57.16445,58.17438,,57.47428125309381,57.868038238431794,57.02036367299868,54.63427338231953,46.06126914660832,-0.3403993260295195,-0.21156349562941346,-0.12883583040010604,0,1.4130714285714288,0.5,0.05,12087903.5,10835464.3,1.702510695920099,1.8992988606865697,4.418394950405852,24.039017787046152,2.4499999999999957,0.05000000000000426,0.24500000000000455,,0,-4.5937784405710715,-4.029936305732483,-5.867843494085526,,0,,,-3.899965022735219,-7.5849310460814,-5.616626588801088,60.25,-4.392018826608508,60.25,0,25,20,20,57.4775,57.7425,57.61,58.465,54.95,,,,,,55.701666666666675,56.69833333333335,58.44666666666668,59.44333333333336,53.95333333333335,52.95666666666667,51.20833333333334,0,0,0,0,0,0,0,0,0,0,0,0,0,0,0,0,0,0,0,0,0,0,,,,,,,,,,,,,,,,,,USD,1.0,stock,25.0
2026-06-02,54.78,55.585,54.2,54.46,13739876,57.01845000000001,58.11398,,57.187206848037256,57.734389680061916,56.969663402246226,54.63253931881386,38.757062146892636,-0.5390839458708214,-0.27706758567769507,-0.26201636019312635,0,1.3998571428571427,0.5,0.05,12295965.6,11050089.6,1.1174296063417744,1.2434176099350362,4.297520661156994,15.117207508635838,0.3200000000000003,0.8049999999999997,0.259999999999998,,0,-5.0077246566971265,-4.69785163422697,-6.709474843922139,,0,,,-0.8917197452229297,-6.151990349819059,-5.088881143255497,60.25,-4.768910737823274,60.25,0,25,20,20,57.225,57.49,57.3575,58.212500000000006,54.46,,,,,,54.748333333333335,55.29666666666667,56.13333333333333,56.681666666666665,53.91166666666667,53.36333333333334,52.52666666666667,0,0,0,0,0,0,0,0,0,0,0,0,0,0,0,0,0,0,0,0,0,0,,,,,,,,,,,,,,,,,,USD,1.0,stock,25.0
2026-06-03,54.56,55.085,54.31,54.72,11540668,56.908350000000006,58.06838,,56.952234767271804,57.61617832005949,56.925115612102736,54.63340957434806,40.77348066298341,-0.6678643865342906,-0.3552269458490142,-0.3126374406852764,0,1.3852142857142857,0.5,0.05,12650143.6,11061288.75,0.9122954145753729,1.0433384627085158,8.595041322313987,5.770318977958944,0.1599999999999966,0.365000000000002,0.25,,0,-4.079376402178006,-3.9991776315789602,-6.119115497076021,,0,,,0.4774146162320969,-4.86787204450626,-3.8684515652998797,60.25,-3.919485822450258,60.25,0,25,20,20,57.225,57.49,57.3575,58.212500000000006,54.72,,,,,,54.705000000000005,55.10000000000001,55.480000000000004,55.87500000000001,54.32500000000001,53.93000000000001,53.55000000000001,0,0,0,0,0,0,0,0,0,0,0,0,0,0,0,0,0,0,0,0,0,0,,,,,,,,,,,,,,,,,,USD,1.0,stock,25.0
2026-06-04,55.745,56.78,55.55,56.6,12659116,56.911500000000004,58.05258,,56.91868859896021,57.57632818986108,56.91867767918981,54.652977638284895,49.19431279620852,-0.611178243048002,-0.40641720528881176,-0.2047610377591902,1,1.464857142857143,0.5,0.05,13061338.5,11172275.5,0.9692051086494696,1.1330830500912727,39.6694214876033,17.52066115702476,0.855000000000004,0.17999999999999972,0.19500000000000028,,0,-0.5630540617671511,-0.5503533568904635,-2.56639575971731,,0,,,3.435672514619892,-0.5447197329116027,0.11143145196950144,60.25,-0.5599015135531941,60.25,0,25,20,20,57.225,57.49,57.3575,58.212500000000006,56.6,,,,,,56.31,57.07000000000001,57.540000000000006,58.30000000000001,55.84,55.08,54.61,0,0,0,0,0,0,0,0,0,0,0,0,0,0,0,0,0,0,0,0,0,0,,,,,,,,,,,,,,,,,,USD,1.0,stock,25.0
2026-06-05,57.03,57.815,56.79,57.27,9575913,56.9625,58.019180000000006,,56.95214682763067,57.564315319670456,56.92563455682962,54.67901766178455,51.22838944494997,-0.5063537346978109,-0.4264045111706116,-0.07994922352719924,1,1.4827714285714286,0.5,0.05,13173815.0,11130081.55,0.7268898948406365,0.8603632378596543,50.743801652892586,33.00275482093662,0.240000000000002,0.5449999999999946,0.240000000000002,,0,0.5550081584936835,0.536930330015723,-1.3081543565566658,,0,,,1.1837455830388643,0.15739769150053817,1.8133333333333335,60.25,0.5581056906095841,60.25,0,25,20,20,56.99,57.49,57.24,58.212500000000006,57.27,,,,,,57.291666666666664,57.79333333333333,58.31666666666666,58.81833333333333,56.76833333333333,56.266666666666666,55.74333333333333,0,0,0,0,0,0,0,0,0,0,0,0,0,0,0,0,0,0,0,0,0,0,,,,,,,,,,,,,,,,,,USD,1.0,stock,25.0
2026-06-08,57.16,57.42,55.53,55.57,12344654,56.93299999999999,57.94198,,56.82051379642775,57.48610687576181,56.89879030817953,54.68788315768719,42.97253634894991,-0.5540683935721873,-0.4519372876509268,-0.10213110592126051,0,1.5106285714285714,0.5,0.05,13759303.0,11245663.25,0.8971859984477412,1.097725738853153,22.644628099173524,37.68595041322314,1.5899999999999963,0.2600000000000051,0.03999999999999915,,0,-2.250339745236183,-2.4527622818067165,-4.268454201907505,,0,,,-2.968395320412087,1.1282984531392204,-1.0505698005697894,60.25,-2.200813954108182,60.25,0,25,20,20,56.5,57.225,56.8625,58.212500000000006,55.57,,,,,,56.17333333333334,56.81666666666668,58.06333333333334,58.70666666666668,54.92666666666668,54.28333333333334,53.036666666666676,0,0,0,0,0,0,0,0,0,0,0,0,0,0,0,0,0,0,0,0,0,0,,,,,,,,,,,,,,,,,,USD,1.0,stock,25.0
2026-06-09,56.03,56.53,55.26,56.48,11952670,56.9735,57.90078,53.286795000000005,56.788083911053675,57.446651704163315,56.890497430789836,54.705715166068416,42.55492270138321,-0.5125449109971498,-0.46405881232017143,-0.048486098676978395,1,1.490271428571429,0.5,0.05,14138410.5,11423751.95,0.8454040855582741,1.046299854226089,37.68595041322306,37.02479338842972,0.44999999999999574,0.05000000000000426,0.7700000000000031,,0,-0.5454743467664281,-0.8737606232294698,-2.515545325779038,5.653691572237946,0,,,1.6375742307000118,3.7091443261108914,1.4550026944494254,60.25,-0.5425150662526769,60.25,0,25,20,20,56.0075,57.225,56.61625,58.212500000000006,56.48,,,,,,56.089999999999996,56.919999999999995,57.36,58.19,55.64999999999999,54.81999999999999,54.37999999999999,0,0,0,0,0,0,0,0,0,0,0,0,0,0,0,0,0,0,0,0,0,0,,,,,,,,,,,,,,,,,,USD,1.0,stock,25.0
2026-06-10,56.64,56.7,55.6,55.6,8146820,56.931000000000004,57.81817999999999,53.325195,56.674933062381896,57.37423399027456,56.864943026219734,54.71461352262495,38.63987635239568,-0.5443707305067775,-0.4801211959574927,-0.06424953454928484,0,1.490271428571429,0.5,0.05,14018291.1,11367375.05,0.5811564292597691,0.7166843676896189,23.140495867768582,27.823691460055056,1.0399999999999991,0.060000000000002274,0.0,,0,-1.9333328460106023,-2.3938848920863363,-3.9895323741007007,4.091375899280576,0,,,-1.5580736543909235,1.6081871345029253,-1.5057573073516406,60.25,-1.8966640175802587,60.25,0,25,20,20,56.0075,57.225,56.61625,58.212500000000006,55.6,,,,,,55.96666666666667,56.333333333333336,57.06666666666667,57.43333333333334,55.233333333333334,54.86666666666667,54.13333333333333,0,0,0,0,0,0,0,0,0,0,0,0,0,0,0,0,0,0,0,0,0,0,,,,,,,,,,,,,,,,,,USD,1.0,stock,25.0
2026-06-11,55.94,57.41,55.74,56.9,8900748,56.95649999999999,57.74318,53.37399500000001,56.696368008821715,57.35563657889125,56.865637223720334,54.736358661703306,39.984882842025705,-0.45939813062962287,-0.4759765828919188,0.01657845226229593,1,1.4924142857142857,0.5,0.05,13700783.1,11412539.4,0.6496525005202075,0.7799095090090116,44.628099173553665,35.1515151515151,0.9600000000000009,0.509999999999998,0.19999999999999574,,0,0.3578769616490053,-0.09929701230227182,-1.4818629173989522,6.196845342706486,0,,,2.338129496402863,0.5300353356890497,0.9044156765383837,60.25,0.35916232085025224,60.25,0,25,20,20,56.0075,57.225,56.61625,58.212500000000006,56.9,,,,,,56.68333333333334,57.62666666666667,58.35333333333333,59.29666666666667,55.95666666666668,55.01333333333334,54.28666666666668,0,0,0,0,0,0,0,0,0,0,0,0,0,0,0,0,0,0,0,0,0,0,,,,,,,,,,,,,,,,,,USD,1.0,stock,25.0
2026-06-12,57.45,57.6,56.77,57.13,7840637,56.9745,57.651180000000004,53.423595,56.73766629369584,57.3467880856014,56.87087213018132,54.76017598845253,41.28646222887062,-0.36924127168735055,-0.45462952065100515,0.0853882489636546,1,1.4802714285714285,0.5,0.05,11728088.7,11420223.25,0.668534933573618,0.6865572439663121,52.50896057347672,40.092518538266326,0.3200000000000003,0.14999999999999858,0.35999999999999943,,0,0.6867385021952814,0.27218624190443463,-0.9122702608086838,6.487668475406973,0,,,0.40421792618630104,-0.2444560852104094,0.6341377488109812,60.25,0.6914872111117422,60.25,0,25,20,20,56.0075,57.225,56.61625,58.212500000000006,57.13,,,,,,57.166666666666664,57.563333333333325,57.99666666666666,58.393333333333324,56.73333333333333,56.336666666666666,55.90333333333333,0,0,0,0,0,0,0,0,0,0,0,0,0,0,0,0,0,0,0,0,0,0,,,,,,,,,,,,,,,,,,USD,1.0,stock,25.0
2026-06-15,56.95,57.24,56.01,56.24,13561210,56.9365,57.583980000000004,53.466645,56.69026950382005,57.303384631264095,56.85837961275198,54.774900605482856,43.02416212003118,-0.36539482924896305,-0.43678258237059675,0.0713877531216337,0,1.4431285714285715,0.5,0.05,11026231.2,11557067.35,1.229904375667363,1.1734127343300462,44.34782608695656,47.16162861132898,0.7100000000000009,0.28999999999999915,0.23000000000000398,,0,-0.8006214506046331,-1.2384423897581798,-2.3897226173541997,4.9312855618776705,0,,,-1.5578505163661882,1.2056865215044121,-1.3333333333333308,60.25,-0.7942624153333836,60.25,0,25,20,20,56.0625,57.225,56.64375,58.212500000000006,56.24,,,,,,56.49666666666667,56.98333333333334,57.726666666666674,58.213333333333345,55.75333333333334,55.266666666666666,54.52333333333333,0,0,0,0,0,0,0,0,0,0,0,0,0,0,0,0,0,0,0,0,0,0,,,,,,,,,,,,,,,,,,USD,1.0,stock,25.0
2026-06-16,56.41,56.62,55.445,55.92,11945740,56.867,57.51577999999999,53.511844999999994,56.61691050345623,57.24913425356747,56.839797838242035,54.7862946293089,43.67088607594936,-0.3837442566348628,-0.42617491722344997,0.04243066058858719,0,1.407857142857143,0.5,0.05,10846817.6,11571391.6,1.1013128864635835,1.0323511996603763,47.57952973720612,48.14543879921313,0.4899999999999949,0.21000000000000085,0.4750000000000014,,0,-1.246263418197837,-1.6934907010014228,-2.853683834048624,4.306428826895579,0,,,-0.5689900426742556,-0.9915014164305846,-2.4254056883615482,60.25,-1.230922876679551,60.25,0,25,20,20,56.537499999999994,57.225,56.881249999999994,57.49,55.92,,,,,,55.995000000000005,56.54500000000001,57.17,57.720000000000006,55.37000000000001,54.82000000000001,54.195000000000014,0,0,0,0,0,0,0,0,0,0,0,0,0,0,0,0,0,0,0,0,0,0,,,,,,,,,,,,,,,,,,USD,1.0,stock,25.0
2026-06-17,55.8,56.2099,55.01,55.28,8968566,56.715500000000006,57.467980000000004,53.552345,56.48958569360326,57.17191330244718,56.808910752336246,54.79120712055956,43.567482241515414,-0.4448015657647275,-0.4299002469317055,-0.014901318833022037,0,1.3914214285714286,0.5,0.05,10589607.4,11619875.5,0.8469214826604431,0.7718297842347794,29.875518672199163,40.60095816545395,0.519999999999996,0.4099000000000004,0.2700000000000031,,0,-2.188107260497936,-2.5967800289435683,-3.957995658465997,3.1252803907380584,0,,,-1.1444921316165924,-0.575539568345329,-5.196364259989716,60.25,-2.141254319272215,60.25,0,25,20,20,56.412499999999994,57.225,56.818749999999994,57.49,55.28,,,,,,55.499966666666666,55.98993333333333,56.699866666666665,57.18983333333333,54.790033333333334,54.300066666666666,53.590133333333334,0,0,0,0,0,0,0,0,0,0,0,0,0,0,0,0,0,0,0,0,0,0,,,,,,,,,,,,,,,,,,USD,1.0,stock,25.0
2026-06-18,55.2,55.325,53.44,54.0,31700381,56.48850000000001,57.36398,53.585294999999995,56.25248229421247,57.04752454548847,56.753288757240476,54.78333441289231,38.377192982456144,-0.589677787268009,-0.4618557549989662,-0.12782203226904282,0,1.4692785714285717,0.5,0.05,12493733.9,12777536.2,2.537302399245113,2.4809462875949437,12.800000000000052,30.085016136468443,1.2000000000000028,0.125,0.5600000000000023,,0,-4.17126350780087,-4.60833333333335,-6.229592592592589,0.7679722222222314,0,,,-2.315484804630974,-5.096660808435849,-7.755380936112055,60.25,-4.004236261844425,60.25,0,25,20,20,55.519999999999996,56.845,56.1825,57.11,54.0,,,,,,54.254999999999995,55.06999999999999,56.14,56.955,53.18499999999999,52.36999999999999,51.29999999999998,0,0,0,0,0,0,0,0,0,0,0,0,0,0,0,0,0,0,0,0,0,0,,,,,,,,,,,,,,,,,,USD,1.0,stock,25.0
2026-06-22,54.2,54.73,53.995,54.7,15961354,56.245999999999995,57.26858,53.621295,56.104626837620806,56.95546475939089,56.71262957392878,54.782505214754075,48.97119341563786,-0.6406243677931656,-0.4976094775578061,-0.14301489023535946,0,1.3257071428571428,0.5,0.05,13132278.0,13153046.5,1.2154291890561562,1.2135100411908375,28.800000000000118,23.82517289073311,0.5,0.02999999999999403,0.2050000000000054,,0,-2.5678735605499146,-2.826325411334538,-4.695758683729427,1.9720383912248614,0,,,1.2962962962963065,-4.2534570278312644,-8.144416456759018,60.25,-2.5035846716993664,60.25,0,25,20,20,55.519999999999996,56.845,56.1825,57.11,54.7,,,,,,54.475,54.955000000000005,55.21,55.690000000000005,54.220000000000006,53.74,53.48500000000001,0,0,0,0,0,0,0,0,0,0,0,0,0,0,0,0,0,0,0,0,0,0,,,,,,,,,,,,,,,,,,USD,1.0,stock,25.0
2026-06-23,55.39,55.935,54.96,55.53,13250980,56.04950000000001,57.20678,53.665495,56.04990047213311,56.899564180591256,56.689211166524245,54.78994297381125,54.283426741393114,-0.6070283910787708,-0.519493260261999,-0.08753513081677178,1,1.314992857142857,0.5,0.05,13222910.6,13491106.8,1.0021227852814796,0.9822011045083416,47.77142857142865,29.790476190476273,0.14000000000000057,0.40500000000000114,0.4299999999999997,,0,-0.9362515255413458,-0.9355303439582349,-3.019593012785883,3.357653520619487,0,,,1.5173674588665476,-1.2624466571835025,-6.609485368314838,59.78,-0.9275671638196635,59.78,0,25,20,20,55.519999999999996,56.845,56.1825,57.11,55.53,,,,,,55.475,55.99,56.45,56.965,55.015,54.5,54.04,0,0,0,0,0,0,0,0,0,0,0,0,0,0,0,0,0,0,0,0,0,0,,,,,,,,,,,,,,,,,,USD,1.0,stock,25.0
2026-06-24,56.0,56.59,54.775,55.0,18905777,55.898,57.14558,53.704795,55.94990995097758,56.82507146762689,56.65576144045446,54.79203309347483,51.09717868338558,-0.6160682567175897,-0.5388082595531172,-0.07725999716447252,1,1.3892785714285718,0.5,0.05,13918221.3,14028315.9,1.3583472048975107,1.3476868595466973,35.65714285714291,37.40952380952389,1.0,0.5900000000000034,0.22500000000000142,,0,-1.7271090017774136,-1.6327272727272788,-3.9010545454545498,2.354918181818187,0,,,-0.9544390419592985,-1.6452074391988591,-5.221437187661559,58.8,-1.697786380371074,58.8,0,25,20,20,55.519999999999996,56.845,56.1825,57.11,55.0,,,,,,55.455000000000005,56.13500000000001,57.27000000000001,57.95000000000002,54.32000000000001,53.64,52.505,0,0,0,0,0,0,0,0,0,0,0,0,0,0,0,0,0,0,0,0,0,0,,,,,,,,,,,,,,,,,,USD,1.0,stock,25.0
2026-06-25,55.37,56.185,55.02,55.39,15981429,55.7915,57.09178,53.748145,55.896585193741615,56.76879415517094,56.630696857475165,54.79798301294274,44.631765749778175,-0.5850189405460924,-0.5480503957517122,-0.036968544794380165,1,1.3267785714285718,0.5,0.05,14701682.2,14359986.65,1.0870476441124541,1.1129139176462952,44.57142857142863,42.666666666666735,0.020000000000003126,0.7950000000000017,0.3499999999999943,,0,-0.9145787935396537,-0.7248600830474791,-3.072359631702472,2.9641722332550997,0,,,0.7090909090909037,0.1989869753979745,-3.703059805285125,57.815,-0.906290056871548,57.815,0,25,20,20,55.519999999999996,56.845,56.1825,57.11,55.39,,,,,,55.53166666666667,56.043333333333344,56.69666666666667,57.20833333333334,54.878333333333345,54.366666666666674,53.713333333333345,0,0,0,0,0,0,0,0,0,0,0,0,0,0,0,0,0,0,0,0,0,0,,,,,,,,,,,,,,,,,,USD,1.0,stock,25.0
2026-06-26,55.4,57.74,55.4,57.52,24000913,55.822,57.08438,53.799595,56.051196127670984,56.79825320790933,56.64830682069348,54.82506775908261,50.98193244304792,-0.3841111408043645,-0.5152625447622426,0.13115140395787817,1,1.407850000000001,0.5,0.05,16211698.7,14956240.9,1.4804687308924636,1.604742338698222,94.8837209302326,58.370764119601375,2.1200000000000045,0.21999999999999886,0.0,,0,2.5535533246332043,2.9520166898470106,0.7573365785813632,6.468019819193335,0,,,3.845459469218282,6.5185185185185235,1.071867861535769,57.815,2.620468382125943,57.815,0,25,20,20,55.59,56.845,56.2175,57.11,57.52,,,,,,56.88666666666666,58.37333333333333,59.22666666666667,60.71333333333333,56.033333333333324,54.54666666666666,53.69333333333332,0,0,0,0,0,0,0,0,0,0,0,0,0,0,0,0,0,0,0,0,0,0,,,,,,,,,,,,,,,,,,USD,1.0,stock,25.0
2026-06-29,57.61,58.58,57.1669,58.56,11770946,55.891,57.07638,53.85664500000001,56.29012982979756,56.86734131740309,56.6861621311748,54.86223126396736,62.3860811930406,-0.13936444709442242,-0.44008292522867865,0.30071847813425623,1,1.373785714285715,0.5,0.05,16604729.6,14166409.15,0.708891158335996,0.8309054097876313,99.61089494163431,79.68868148109851,0.9500000000000028,0.01999999999999602,0.44310000000000116,,0,3.876144416329312,4.5577185792349795,2.533504098360659,8.031685450819664,0,,,1.8080667593880273,7.056672760511873,2.413431269674726,58.58,4.032447921271047,58.58,0,25,20,20,56.01,56.845,56.427499999999995,57.11,58.56,,,,,,58.10229999999999,59.03769999999999,59.51539999999999,60.45079999999999,57.62459999999999,56.68919999999999,56.21149999999999,0,0,0,0,0,0,0,0,0,0,0,0,0,0,0,0,0,0,0,0,0,0,,,,,,,,,,,,,,,,,,USD,1.0,stock,25.0
2026-06-30,58.69,58.88,57.27,57.62,11346260,56.0245,57.02538,53.907045,56.4167841317216,56.89685734417159,56.70465397016143,54.889671748903005,54.71074380165289,-0.021008895645387327,-0.3562681193120204,0.3352592236666331,1,1.398071428571429,0.5,0.05,16383234.6,13704732.9,0.6925531054777181,0.8279081455137297,76.83823529411758,90.44428372199484,1.0700000000000003,0.19000000000000483,0.3499999999999943,,0,2.088191371534881,2.7690038181186987,1.031968066643525,6.443864977438392,0,,,-1.605191256830607,3.7637313164055497,4.858962693357594,58.88,2.1327267883067154,58.88,0,25,20,20,56.16,56.845,56.5025,57.11,57.62,,,,,,57.92333333333334,58.576666666666675,59.53333333333334,60.186666666666675,56.966666666666676,56.31333333333334,55.356666666666676,0,0,0,0,0,0,0,0,0,0,0,0,0,0,0,0,0,0,0,0,0,0,,,,,,,,,,,,,,,,,,USD,1.0,stock,25.0
2026-07-01,57.62,57.7,56.3,56.44,11201803,56.1235,56.971579999999996,53.958245,56.41899516679573,56.878941369890356,56.699413297484966,54.905097900655214,53.38709677419353,-0.022171823762000997,-0.28944886020201654,0.26727703644001555,0,1.4195000000000009,0.5,0.05,16308840.9,13577829.25,0.686854637229308,0.8250069133841847,55.14705882352936,77.19872968642709,1.1799999999999997,0.0800000000000054,0.14000000000000057,,0,0.03721621758374566,0.5607725017717892,-0.9418497519489692,4.397156272147413,0,,,-2.0479000347101706,2.6181818181818084,3.6356959236136577,58.88,0.037230073208797634,58.88,0,25,20,20,56.16,56.61,56.385,57.11,56.44,,,,,,56.81333333333333,57.32666666666667,58.21333333333334,58.726666666666674,55.92666666666666,55.41333333333333,54.52666666666666,0,0,0,0,0,0,0,0,0,0,0,0,0,0,0,0,0,0,0,0,0,0,,,,,,,,,,,,,,,,,,USD,1.0,stock,25.0
2026-07-02,56.65,58.14,56.41,58.13,10003972,56.294,56.94638,54.017145,56.58194800805328,56.928002492639756,56.727741747039715,54.93718647875814,54.80844409695076,0.11198453539178388,-0.20916218108325646,0.32114671647504034,1,1.4137857142857158,0.5,0.05,16412381.5,13500994.45,0.6095381099933608,0.7409803801526635,86.21323529411765,72.73284313725486,1.480000000000004,0.00999999999999801,0.240000000000002,,0,2.6630861722806145,3.1584379838293577,2.0361603302941766,7.075270944434893,0,,,2.9943302622253753,4.9467412890413565,6.23172514619883,58.88,2.735946793006115,58.88,0,25,20,20,56.4375,56.16,56.29875,57.11,58.13,,,,,,57.56,58.71000000000001,59.290000000000006,60.44000000000001,56.980000000000004,55.83,55.25,0,0,0,0,0,0,0,0,0,0,0,0,0,0,0,0,0,0,0,0,0,0,,,,,,,,,,,,,,,,,,USD,1.0,stock,25.0
2026-07-06,57.74,58.11,56.49,56.7,9313029,56.299,56.90438,54.06894500000001,56.59319105490535,56.91906121841859,56.727192405514174,54.954726911805324,48.463187991422444,0.10174254287247209,-0.14698123629211077,0.24872377916458285,0,1.4716428571428588,0.5,0.05,14173646.3,13333690.1,0.6570665588007512,0.698458485997061,59.92647058823533,67.0955882352941,1.0399999999999991,0.36999999999999744,0.21000000000000085,,0,0.18837556454083929,0.7072310405643798,-0.3604585537918879,4.640308641975302,0,,,-2.4600034405642512,-1.4255910987482578,0.17667844522968323,58.88,0.1887310877929333,58.88,0,25,20,20,56.8275,56.16,56.49375,57.11,56.7,,,,,,57.1,57.71,58.72,59.33,56.09,55.480000000000004,54.470000000000006,0,0,0,0,0,0,0,0,0,0,0,0,0,0,0,0,0,0,0,0,0,0,,,,,,,,,,,,,,,,,,USD,1.0,stock,25.0
2026-07-07,57.79,58.49,57.45,57.97,10048425,56.334,56.883379999999995,54.128045,56.724315716342936,56.96027450397081,56.751802456890125,54.9847296291008,56.01948503827417,0.19386927189156467,-0.07881113465537569,0.27268040654694037,1,1.5116428571428584,0.5,0.05,13582353.4,13357315.7,0.7398147216519929,0.75227876810608,83.27205882352936,76.4705882352941,0.17999999999999972,0.5200000000000031,0.3399999999999963,,0,2.14884299406083,2.822149387614276,1.874452302915307,6.627488356046228,0,,,2.2398589065255603,-1.0075136612021862,1.222280426052036,58.88,2.196032279853782,58.88,0,25,20,20,56.8275,56.16,56.49375,57.11,57.97,,,,,,57.97,58.489999999999995,59.01,59.529999999999994,57.449999999999996,56.93,56.41,0,0,0,0,0,0,0,0,0,0,0,0,0,0,0,0,0,0,0,0,0,0,,,,,,,,,,,,,,,,,,USD,1.0,stock,25.0
2026-07-08,57.89,58.185,57.34,57.54,8004476,56.432500000000005,56.85997999999999,54.18774500000001,56.80199993383408,56.983008837148425,56.767410329030916,55.01015520493064,55.59392265193368,0.2295370023550518,-0.017141507253290188,0.246678509608342,0,1.48807142857143,0.5,0.05,13057703.0,13140306.8,0.613007969318953,0.6091544224827383,75.36764705882348,72.85539215686272,0.3500000000000014,0.2950000000000017,0.19999999999999574,,0,1.2825861421027402,1.924748001390328,1.181821341675367,5.82595585679526,0,,,-0.7417629808521675,-0.13884068031932983,3.5450782796472957,58.88,1.2992501444061433,58.88,0,25,20,20,56.95,56.16,56.555,57.11,57.54,,,,,,57.68833333333333,58.03666666666666,58.53333333333333,58.88166666666666,57.19166666666666,56.843333333333334,56.346666666666664,0,0,0,0,0,0,0,0,0,0,0,0,0,0,0,0,0,0,0,0,0,0,,,,,,,,,,,,,,,,,,USD,1.0,stock,25.0
2026-07-09,57.44,58.0,57.14,57.94,7628832,56.505500000000005,56.86318,54.252345,56.91038089251655,57.02053790235829,56.790629926475845,55.0393078894587,59.33988764044942,0.2867748310389331,0.04364176040515447,0.24313307063377862,0,1.4637928571428585,0.5,0.05,11930008.5,12924114.9,0.6394657640017608,0.5902788747258816,82.72058823529404,80.45343137254896,0.5,0.060000000000002274,0.29999999999999716,,0,1.777043678777094,2.475837072833954,1.8585088022091782,6.364609941318605,0,,,0.6951685783802564,2.657689581856837,2.5849858356940425,58.88,1.8091938436118222,58.88,0,25,20,20,57.14,56.16,56.65,57.11,57.94,,,,,,57.69333333333333,58.246666666666655,58.55333333333333,59.106666666666655,57.386666666666656,56.83333333333333,56.52666666666666,0,0,0,0,0,0,0,0,0,0,0,0,0,0,0,0,0,0,0,0,0,0,,,,,,,,,,,,,,,,,,USD,1.0,stock,25.0
2026-07-10,57.79,57.94,56.935,57.58,11203566,56.604499999999994,56.849579999999996,54.31534500000001,56.97415414084831,57.04247759246189,56.806261017040676,55.06458840797155,63.43843843843842,0.2996332457509254,0.09484005747430865,0.20479318827661677,0,1.400935714285715,0.5,0.05,11452222.2,13076952.2,0.9782875152387456,0.856741374339504,73.38792221084948,77.15871916832232,0.21000000000000085,0.14999999999999858,0.644999999999996,,0,1.0521810683426283,1.6941646405001805,1.2685307398402261,5.6697724904480555,0,,,-0.6213324128408693,-0.9461551694477932,3.561151079136682,58.88,1.0633696424065324,58.88,0,25,20,20,57.59,56.16,56.875,57.11,57.58,,,,,,57.48499999999999,58.03499999999998,58.48999999999999,59.03999999999998,57.02999999999999,56.48,56.02499999999999,0,0,0,0,0,0,0,0,0,0,0,0,0,0,0,0,0,0,0,0,0,0,,,,,,,,,,,,,,,,,,USD,1.0,stock,25.0
2026-07-13,57.9,59.44,57.54,59.34,12025226,56.7265,56.88458000000001,54.387495,57.199472794100856,57.13257651040457,56.85643406620819,55.107129816847454,66.13351877607788,0.44669173880731705,0.16521039374091034,0.2814813450664067,1,1.4841500000000007,0.5,0.05,10254653.5,13233176.1,1.172660392669533,0.9087180514434475,97.85637727759926,84.65496257458092,1.4400000000000048,0.09999999999999432,0.35999999999999943,,0,3.6072248161428155,4.404280417930573,4.137883383889444,8.345980788675433,0,,,3.056616880861429,4.656084656084647,4.288224956063269,59.44,3.7422149214632374,59.44,0,25,20,20,57.87,56.44,57.155,57.11,59.34,,,,,,58.77333333333333,60.00666666666667,60.67333333333333,61.906666666666666,58.10666666666667,56.873333333333335,56.20666666666667,0,0,0,0,0,0,0,0,0,0,0,0,0,0,0,0,0,0,0,0,0,0,,,,,,,,,,,,,,,,,,USD,1.0,stock,25.0
2026-07-14,59.0,59.14,56.78,56.95,14054689,56.717499999999994,56.81178,54.45144500000001,57.17571348037696,57.12541664725145,56.85828685697634,55.12546683359525,54.454203262233385,0.3661627320702152,0.20540086140677133,0.16076187066344388,0,1.578792857142858,0.5,0.05,10483027.8,13543878.7,1.34070893144059,1.0377152152137925,46.62379421221875,72.62269790022249,2.049999999999997,0.14000000000000057,0.1700000000000017,,0,-0.39633622542047453,0.4082528533801735,0.24270412642669711,4.387278314310792,0,,,-4.02763734411864,-1.7595307917888547,-0.31507089095046403,59.44,-0.3947716025518884,59.44,0,25,20,20,57.87,56.44,57.155,57.11,56.95,,,,,,57.623333333333335,58.46666666666667,59.983333333333334,60.82666666666667,56.10666666666667,55.263333333333335,53.74666666666667,0,0,0,0,0,0,0,0,0,0,0,0,0,0,0,0,0,0,0,0,0,0,,,,,,,,,,,,,,,,,,USD,1.0,stock,25.0
2026-07-15,57.05,59.185,57.04,58.72,12482839,56.841499999999996,56.82178000000001,54.527995000000004,57.322788387007726,57.1879493277514,56.89515246376889,55.16123333276345,60.82654249126892,0.44009399195345367,0.2523394875161078,0.18775450443734587,1,1.6087928571428576,0.5,0.05,10596685.7,13489960.15,1.1779946441178302,0.925342911409564,83.710407239819,76.06352624321234,1.6700000000000017,0.4650000000000034,0.00999999999999801,,0,2.379447569809728,3.199080381471394,3.232663487738399,7.1389730926430435,0,,,3.1079894644424844,2.0507473062217674,4.409672830725464,59.44,2.43744530283344,59.44,0,25,20,20,57.925,56.44,57.1825,57.11,58.72,,,,,,58.315,59.589999999999996,60.46,61.735,57.44499999999999,56.169999999999995,55.29999999999999,0,0,0,0,0,0,0,0,0,0,0,0,0,0,0,0,0,0,0,0,0,0,,,,,,,,,,,,,,,,,,USD,1.0,stock,25.0
2026-07-16,58.79,60.555,58.57,60.51,10165470,57.071000000000005,56.88438,54.609944999999996,57.62633235014985,57.318225824702324,56.966733603100195,55.21445489164143,63.778256189451014,0.6357940503582356,0.3290304000845333,0.3067636502737022,1,1.6659357142857145,0.5,0.05,10493052.4,13400946.65,0.9687810193342787,0.7585635750590799,99.12706110572256,76.48708751925344,1.7199999999999989,0.045000000000001705,0.21999999999999886,,0,4.7656051063463005,5.683358122624348,5.991769955379272,9.750545364402582,0,,,3.0483651226157926,4.435623058336202,8.20815450643777,60.555,5.0040797882613255,60.555,0,25,20,20,58.5225,56.9975,57.760000000000005,56.9975,60.51,,,,,,59.87833333333333,61.18666666666666,61.86333333333333,63.17166666666666,59.20166666666666,57.89333333333333,57.21666666666666,0,0,0,0,0,0,0,0,0,0,0,0,0,0,0,0,0,0,0,0,0,0,,,,,,,,,,,,,,,,,,USD,1.0,stock,25.0
2026-07-17,60.87,62.29,60.465,60.74,12260229,57.343999999999994,56.96074000000001,54.692895,57.92287212632606,57.45241304726302,57.041451749573454,55.26943543998331,59.65227817745803,0.8002223690473542,0.42326879387709754,0.3769535751702567,1,1.6284357142857142,0.5,0.05,10718678.1,13565529.8,1.1438191244870017,0.903778118566368,74.12353923205347,85.65366919253167,0.12999999999999545,1.4200000000000017,0.2749999999999986,,0,4.638010987280111,5.591043793217003,6.222028317418495,9.955721106354959,0,,,0.38010246240292034,5.488016672455731,9.876989869753983,62.29,4.8635845742075166,62.29,0,25,20,20,59.535,57.864999999999995,58.699999999999996,57.864999999999995,60.74,,,,,,61.165,61.864999999999995,62.989999999999995,63.68999999999999,60.04,59.34,58.215,0,0,0,0,0,0,0,0,0,0,0,0,0,0,0,0,0,0,0,0,0,0,,,,,,,,,,,,,,,,,,USD,1.0,stock,25.0
2026-07-20,60.76,61.35,60.025,60.16,10182289,57.652,57.033199999999994,54.768195,58.13593192381882,57.55859292776251,57.10320518027497,55.31809777391383,54.93218249075213,0.873660825353106,0.5133472001722993,0.3603136251808067,0,1.622142857142857,0.5,0.05,10805604.1,12489625.2,0.9423155712321536,0.8152597725670744,64.44073455759596,79.230444965124,0.6000000000000014,0.5900000000000034,0.134999999999998,,0,3.364474860673493,4.1688829787233965,5.197473404255324,8.962441821808508,0,,,-0.9548896937767615,1.381867205931897,11.4074074074074,62.29,3.4816128497492853,62.29,0,25,20,20,59.535,57.864999999999995,58.699999999999996,57.864999999999995,60.16,,,,,,60.51166666666666,60.99833333333333,61.836666666666666,62.32333333333333,59.673333333333325,59.18666666666666,58.34833333333332,0,0,0,0,0,0,0,0,0,0,0,0,0,0,0,0,0,0,0,0,0,0,,,,,,,,,,,,,,,,,,USD,1.0,stock,25.0
2026-07-21,60.08,61.02,59.8,60.93,7744416,57.963499999999996,57.126799999999996,54.835694999999994,58.402033645359886,57.69080496981104,57.17898329551705,55.37393759705896,60.31152647975078,0.9826663301470262,0.6072110261672448,0.37545530397978144,1,1.5942857142857148,0.5,0.05,10575203.2,12078778.3,0.7323184106760238,0.6411588827654863,77.29549248747914,71.95325542570951,0.8500000000000014,0.09000000000000341,0.28000000000000114,,0,4.148968249860682,4.868701788938131,6.2419169538815105,10.002141802067955,0,,,1.2799202127659726,6.988586479367864,11.389396709323574,62.29,4.328558779289981,62.29,0,25,20,20,59.535,57.864999999999995,58.699999999999996,57.864999999999995,60.93,,,,,,60.583333333333336,61.366666666666674,61.80333333333334,62.58666666666668,60.14666666666667,59.36333333333333,58.92666666666666,0,0,0,0,0,0,0,0,0,0,0,0,0,0,0,0,0,0,0,0,0,0,,,,,,,,,,,,,,,,,,USD,1.0,stock,25.0
2026-07-22,61.4,61.7,60.56,60.76,6796094,58.225,57.2188,54.910845,58.62660186961133,57.81116555923022,57.249894517388,55.427530257784746,64.36170212765956,1.0433097731605372,0.6944307755659033,0.3488789975946339,0,1.5757142857142858,0.5,0.05,10454365.0,11756034.0,0.6500723860320545,0.5780941089486471,73.97959183673468,71.90527296060326,0.6400000000000006,0.30000000000000426,0.19999999999999574,,0,3.51118849636055,4.17215273206056,5.828176431863062,9.626654048716254,0,,,-0.2790086985064888,3.474114441416898,9.41833243291914,62.29,3.638959213657753,62.29,0,25,20,20,59.535,57.864999999999995,58.699999999999996,57.864999999999995,60.76,,,,,,61.00666666666667,61.45333333333333,62.14666666666667,62.593333333333334,60.31333333333333,59.86666666666667,59.17333333333333,0,0,0,0,0,0,0,0,0,0,0,0,0,0,0,0,0,0,0,0,0,0,,,,,,,,,,,,,,,,,,USD,1.0,stock,25.0
2026-07-23,60.74,62.045,60.45,61.51,7609918,58.5505,57.33559999999999,54.991144999999996,58.90121121536263,57.9562178902408,57.33425304179616,55.488052344771965,61.98581560283686,1.1387619319527786,0.7832970068432784,0.35546492510950023,1,1.5660714285714283,0.5,0.05,10452473.6,11191241.05,0.728049482947271,0.6799887488796428,86.551724137931,79.27560282071494,0.769999999999996,0.5350000000000037,0.28999999999999915,,0,4.2412433500851385,4.811412778410013,6.786538774183069,10.598040968948142,0,,,1.2343647136273894,1.652619401751787,11.836363636363622,62.29,4.429091916461209,62.29,0,25,20,20,59.535,57.864999999999995,58.699999999999996,57.864999999999995,61.51,,,,,,61.335,62.22,62.93,63.815,60.625,59.74,59.03,0,0,0,0,0,0,0,0,0,0,0,0,0,0,0,0,0,0,0,0,0,0,,,,,,,,,,,,,,,,,,USD,1.0,stock,25.0
2026-07-24,61.94,62.82,61.6,62.09,12071238,58.8855,57.4484,55.075895,59.2049053853281,58.1183269925843,57.4284262488893,55.55374336621702,70.33962264150941,1.246836849160907,0.8760049753068042,0.37083187385410277,1,1.5425,0.5,0.05,10539240.8,10995731.5,1.145361248411745,1.097811273401865,87.91390728476826,82.81507441981131,0.15000000000000568,0.7299999999999969,0.3399999999999963,,0,4.646633297909336,5.16105653084233,7.475599935577394,11.296674182638107,0,,,0.9429361079499321,2.222588080342436,12.09604621772884,62.82,4.873066844536971,62.82,0,25,20,20,59.8,58.129999999999995,58.964999999999996,58.129999999999995,62.09,,,,,,62.169999999999995,62.73999999999999,63.38999999999999,63.95999999999999,61.51999999999999,60.949999999999996,60.29999999999999,0,0,0,0,0,0,0,0,0,0,0,0,0,0,0,0,0,0,0,0,0,0,,,,,,,,,,,,,,,,,,USD,1.0,stock,27.0
2026-07-27,62.4,63.44,62.2214,62.56,10317035,59.1375,57.5718,55.165395,59.524438205773045,58.292510247777074,57.53004157069348,55.62345736257308,68.43373493975903,1.3547948401454946,0.9717629482745423,0.3830318918709522,1,1.5110714285714282,0.5,0.05,10368421.7,10311537.6,0.9950439226444658,1.0005331309658416,86.78678678678685,87.08413940316204,0.1600000000000037,0.8799999999999955,0.17859999999999587,,0,4.852240719672246,5.470748081841431,7.973465473145779,11.82002078005116,0,,,0.7569656949589332,3.9893617021276695,8.762169680111253,63.44,5.099689952105336,63.44,0,25,20,20,60.239999999999995,58.44,59.339999999999996,58.44,62.56,,,,,,62.74046666666667,63.25953333333334,63.959066666666665,64.47813333333333,62.04093333333334,61.521866666666675,60.82233333333335,0,0,0,0,0,0,0,0,0,0,0,0,0,0,0,0,0,0,0,0,0,0,,,,,,,,,,,,,,,,,,USD,1.0,stock,25.0
2026-07-28,63.65,64.965,63.2,63.6,15141708,59.38950000000001,57.708400000000005,55.260695,59.912586948080374,58.50064710080542,57.650238767313404,55.70282594603007,73.20061255742723,1.5069010172400255,1.078790562067639,0.42811045517238644,1,1.6224999999999998,0.5,0.05,10477123.6,10480075.7,1.4452161278311157,1.44480902938516,83.32315210751372,86.00794872635628,0.04999999999999716,1.3150000000000048,0.3999999999999986,,0,5.797819264024571,6.620283018867908,9.26352201257861,13.112114779874219,0,,,1.662404092071612,4.382077794190065,8.606557377049185,64.965,6.154655039541359,64.965,0,25,20,20,61.7675,59.480000000000004,60.62375,59.2025,63.6,,,,,,63.921666666666674,64.64333333333335,65.68666666666667,66.40833333333335,62.878333333333345,62.15666666666667,61.113333333333344,0,0,0,0,0,0,0,0,0,0,0,0,0,0,0,0,0,0,0,0,0,0,,,,,,,,,,,,,,,,,,USD,1.0,stock,27.0
2026-07-30,62.69,65.56,62.23,64.86,18022066,59.7515,57.8656,55.36159500000001,60.38376914350129,58.750033489009134,57.79300631647551,55.793942105771066,74.85632183908044,1.709412682858364,1.2049149862257842,0.5044976966325798,1,1.7989285714285717,0.5,0.05,11031046.3,10813866.0,1.6337585311377034,1.6665701239501212,92.02733485193617,87.37909124874557,2.1700000000000017,0.7000000000000028,0.46000000000000085,,0,6.9013735067818525,7.876194881282762,10.783842121492443,14.644472710453272,0,,,1.9811320754717032,6.747860434496378,12.565081568899682,65.56,7.4129702732881775,65.56,0,25,20,20,62.68,60.167500000000004,61.42375,59.5,64.86,,,,,,64.21666666666665,66.20333333333332,67.54666666666665,69.53333333333332,62.873333333333306,60.88666666666665,59.5433333333333,0,0,0,0,0,0,0,0,0,0,0,0,0,0,0,0,0,0,0,0,0,0,,,,,,,,,,,,,,,,,,USD,1.0,stock,27.0
2026-07-31,65.0,65.658,63.53,65.31,14574103,60.19499999999999,58.0256,55.468345,60.852933986977355,59.00728707767544,57.941857676545304,55.888629248997226,77.58743754461096,1.884492618224776,1.3408305126255826,0.5436621055991935,1,1.8791428571428577,0.5,0.05,11471909.6,10982481.0,1.2704164788746244,1.327031933859025,96.0801982428475,90.47689506743245,0.3100000000000023,0.347999999999999,1.4699999999999989,,0,6.824477129111388,7.831878732200289,11.153575256469155,15.06913948859287,0,,,0.6938020351526353,6.177857258982278,15.715804394046785,65.658,7.324323941350911,65.658,0,25,20,20,62.729,60.216499999999996,61.47275,59.549,65.31,,,,,,64.83266666666667,66.13533333333334,66.96066666666667,68.26333333333334,64.00733333333334,62.70466666666667,61.879333333333335,0,0,0,0,0,0,0,0,0,0,0,0,0,0,0,0,0,0,0,0,0,0,,,,,,,,,,,,,,,,,,USD,1.0,stock,27.0
2026-08-03,66.12,68.1,64.14,65.47,32969246,60.562,58.168800000000005,55.577995,61.29265455964618,59.26072680011955,58.09092980176223,55.98396627139527,74.6978243352135,2.012951341167401,1.4752546783339464,0.5376966628334547,0,2.0262857142857142,0.5,0.05,13542811.3,12130744.7,2.4344462364324606,2.7178253945118476,76.76678445229685,88.29143918236018,0.6500000000000057,1.9799999999999898,1.3299999999999983,,0,6.380549015356374,7.496563311440356,11.15197800519321,15.109217962425534,0,,,0.24498545398865534,5.443710742470609,12.626870806812306,68.1,6.815409563129113,68.1,0,25,20,20,63.949999999999996,61.56,62.754999999999995,60.769999999999996,65.47,,,,,,65.90333333333334,67.66666666666667,69.86333333333333,71.62666666666667,63.70666666666668,61.94333333333334,59.746666666666684,0,0,0,0,0,0,0,0,0,0,0,0,0,0,0,0,0,0,0,0,0,0,,,,,,,,,,,,,,,,,,USD,1.0,stock,27.0
2026-08-04,64.89,66.31,63.8738,65.89,23291354,61.0215,58.315799999999996,55.688445,61.73049698253702,59.52069829815408,58.2453668353907,56.08253377118238,92.81609195402292,2.124160296849894,1.605035802037136,0.5191244948127578,0,2.017442857142857,0.5,0.05,14853717.8,12829660.95,1.5680487749673013,1.8154302043344335,80.01808318264018,84.28835529259483,1.0,0.4200000000000017,1.0161999999999978,,0,6.312798630236729,7.388829867961751,11.495219304902117,15.482706025193501,0,,,0.6415151978005129,5.322890025575444,16.208112874779545,68.1,6.738165446229383,68.1,0,25,20,20,64.275,61.75,63.0125,60.769999999999996,65.89,,,,,,65.35793333333334,66.84206666666667,67.79413333333333,69.27826666666667,64.40586666666667,62.921733333333336,61.96966666666667,0,0,0,0,0,0,0,0,0,0,0,0,0,0,0,0,0,0,0,0,0,0,,,,,,,,,,,,,,,,,,USD,1.0,stock,28.75
2026-08-05,64.81,65.41,63.26,63.63,14114236,61.3045,58.397400000000005,55.78854499999999,61.91140203181921,59.681847384500976,58.351993234689886,56.15763293763828,72.46111619396156,2.0067979652980057,1.68538823468931,0.3214097306086956,0,2.045657142857143,0.5,0.05,15490699.8,13032951.5,0.9111425682653794,1.0829654357265122,53.09548793284371,69.96011852259358,1.1799999999999997,0.5999999999999943,0.37000000000000455,,0,2.7009240424026326,3.6547226151186627,8.22347949080622,12.32351878044949,0,,,-3.429959022613449,0.04716981132075748,9.763670864240126,68.1,2.7758989649394885,68.1,0,25,20,20,64.275,62.199999999999996,63.2375,60.769999999999996,63.63,,,,,,64.1,64.94,66.25,67.08999999999999,62.78999999999999,61.949999999999996,60.63999999999999,0,0,0,0,0,0,0,0,0,0,0,0,0,0,0,0,0,0,0,0,0,0,,,,,,,,,,,,,,,,,,USD,1.0,stock,27.0
2026-08-06,64.9,64.94,63.2,64.15,9552106,61.635000000000005,58.4912,55.892345,62.124601838312614,59.85706905569702,58.46680524984454,56.237158978059796,68.84057971014494,1.9334594096342954,1.735002469678307,0.19845693995598834,0,2.0281571428571428,0.5,0.05,15766301.0,13110333.0,0.6058558694268237,0.7285936978107268,52.40963855421699,61.84106988990029,0.75,0.03999999999999204,0.9500000000000028,,0,3.1572847415236027,3.92049883086516,8.821200311769301,12.872416212003127,0,,,0.8172245796008282,-1.0946654332408157,11.487660757733753,68.1,3.260219143067918,68.1,0,25,20,20,64.85,62.199999999999996,63.52499999999999,60.769999999999996,64.15,,,,,,64.09666666666666,64.99333333333333,65.83666666666666,66.73333333333332,63.25333333333333,62.35666666666667,61.513333333333335,0,0,0,0,0,0,0,0,0,0,0,0,0,0,0,0,0,0,0,0,0,0,,,,,,,,,,,,,,,,,,USD,1.0,stock,25.0
2026-08-07,64.24,64.73,63.7867,64.72,7212318,61.974000000000004,58.625,55.997795,62.371782615616176,60.04777222998341,58.590630888461476,56.32156535638756,69.89999999999998,1.8994367872808482,1.7678893331988155,0.13154745408203272,0,1.9651785714285717,0.5,0.05,15726541.0,13089507.3,0.4586080308441634,0.5509999600978105,59.27710843373498,54.92741164026521,0.480000000000004,0.010000000000005116,0.4532999999999916,,0,3.6282716075151775,4.2428924598269395,9.417490729295425,13.476830964153269,0,,,0.8885424785658458,-0.903383861583229,11.701760441836395,68.1,3.7648713663602966,68.1,0,25,20,20,65.16069999999999,62.199999999999996,63.68034999999999,60.769999999999996,64.72,,,,,,64.41223333333333,65.03776666666667,65.35553333333334,65.98106666666666,64.09446666666666,63.46893333333333,63.15116666666666,0,0,0,0,0,0,0,0,0,0,0,0,0,0,0,0,0,0,0,0,0,0,,,,,,,,,,,,,,,,,,USD,1.0,stock,25.0
2026-08-10,64.33,65.25,64.12,64.84,9752777,62.337,58.7714,56.104045000000006,62.60685093793845,60.23570273076838,58.71438077185827,56.4063259001051,74.52830188679248,1.8607075328753737,1.7864529731341272,0.0742545597412465,0,1.9512499999999997,0.5,0.05,15494694.9,13016967.85,0.6294268498310347,0.7492356985424989,60.722891566265154,57.46987951807237,0.5100000000000051,0.4099999999999966,0.20999999999999375,,0,3.4440917058321356,3.8602714373843305,9.359346082665027,13.473095311536085,0,,,0.1854140914709479,-0.9622727967007694,12.60854463355332,68.1,3.5669404044539075,68.1,0,25,20,20,65.16499999999999,62.254999999999995,63.709999999999994,60.769999999999996,64.84,,,,,,64.73666666666666,65.35333333333332,65.86666666666666,66.48333333333332,64.22333333333333,63.60666666666667,63.093333333333334,0,0,0,0,0,0,0,0,0,0,0,0,0,0,0,0,0,0,0,0,0,0,,,,,,,,,,,,,,,,,,USD,1.0,stock,27.0
2026-08-11,64.56,65.02,63.54,63.61,9353408,62.550500000000014,58.9054,56.199394999999996,62.70238894384907,60.3680281138755,58.81132372687098,56.478004249357795,63.39999999999999,1.7110397975676577,1.7713703380208332,-0.06033054045317554,0,1.9698214285714275,0.5,0.05,15398332.2,12883376.95,0.6074299397177573,0.7260059250226316,41.30718954248366,53.76906318082792,0.9500000000000028,0.45999999999999375,0.07000000000000028,,0,1.4268370635920875,1.6656186134255395,7.39600691715139,11.650062883194472,0,,,-1.8969771745835917,-3.4603126422825925,7.195820694304,68.1,1.4474903930115104,68.1,0,25,20,20,65.16499999999999,62.295,63.73,60.769999999999996,63.61,,,,,,64.05666666666667,64.57333333333335,65.53666666666666,66.05333333333334,63.09333333333335,62.576666666666675,61.61333333333335,0,0,0,0,0,0,0,0,0,0,0,0,0,0,0,0,0,0,0,0,0,0,,,,,,,,,,,,,,,,,,USD,1.0,stock,25.0
2026-08-12,63.49,64.0,63.0,63.7,7505859,62.888,59.0358,56.295945,62.79739952062535,60.49869367803725,58.908129197626,56.54986490359304,64.81854838709678,1.5814592095337758,1.7333881123234218,-0.151928902789646,0,1.9598214285714275,0.5,0.05,14634747.3,12555935.45,0.512879303354968,0.5977936912697334,42.483660130719,48.17124707982259,0.21000000000000085,0.29999999999999716,0.490000000000002,,0,1.4169552266478103,1.2747252747252822,7.322135007849296,11.623320251177391,0,,,0.14148718754913858,0.11001100110010764,11.85250219490781,68.1,1.4373214277419284,68.1,0,25,20,20,65.55,62.44,63.995,60.769999999999996,63.7,,,,,,63.56666666666666,64.13333333333333,64.56666666666666,65.13333333333333,63.133333333333326,62.56666666666666,62.133333333333326,0,0,0,0,0,0,0,0,0,0,0,0,0,0,0,0,0,0,0,0,0,0,,,,,,,,,,,,,,,,,,USD,1.0,stock,25.0
2026-08-13,64.05,65.02,63.91,64.65,10523496,63.1845,59.2298,56.400045,62.973837661518175,60.66149000438873,59.021829609554196,56.63046326276127,65.51383399209487,1.5376971054099826,1.694249910940734,-0.15655280553075146,0,1.94017857142857,0.5,0.05,13884890.3,12457968.3,0.7579099130513116,0.8447200816845873,46.92307692307705,43.571308865426566,0.6000000000000085,0.36999999999999034,0.14000000000000057,,0,2.592671830598346,2.2668213457076654,8.383913379737058,12.760951276102098,0,,,1.491365777080067,0.7794232268121482,10.098773841961872,68.1,2.6616804703742774,68.1,0,25,20,20,65.55,62.44,63.995,60.769999999999996,64.65,,,,,,64.52666666666667,65.14333333333335,65.63666666666667,66.25333333333334,64.03333333333335,63.41666666666667,62.923333333333346,0,0,0,0,0,0,0,0,0,0,0,0,0,0,0,0,0,0,0,0,0,0,,,,,,,,,,,,,,,,,,USD,1.0,stock,25.0
2026-08-14,64.13,64.325,63.35,63.83,7528368,63.3505,59.4172,56.500045,63.05537693184978,60.78574529833427,59.11704090441451,56.70210044422633,58.39768339768336,1.4204738374450727,1.639494696241602,-0.21902085879652922,0,1.9394642857142845,0.5,0.05,13180316.8,12326113.2,0.5711826289334714,0.6107657684013481,27.363658013812778,38.92346502253627,0.29999999999999716,0.1950000000000074,0.4799999999999969,,0,1.2135720948616948,0.7512141626194605,6.913363622121254,11.483557888140371,0,,,-1.2683681361175703,-1.3751545117428932,5.486696413815895,68.1,1.2284805925233497,68.1,0,25,20,20,64.655,62.44,63.5475,60.769999999999996,63.83,,,,,,63.835,64.32,64.81,65.295,63.345,62.86,62.37,0,0,0,0,0,0,0,0,0,0,0,0,0,0,0,0,0,0,0,0,0,0,,,,,,,,,,,,,,,,,,USD,1.0,stock,25.0
2026-08-17,63.6,64.74,63.36,64.63,7288764,63.545,59.6154,56.60624500000001,63.20534103357837,60.9365003846741,59.22620841125779,56.7809850169206,59.681945743685645,1.3762621735130764,1.586848191695897,-0.21058601818282052,1,1.9416071428571418,0.5,0.05,10612268.6,12077539.95,0.6868243044658707,0.6034974034592202,40.88586030664395,38.390865081177914,1.029999999999994,0.10999999999999943,0.240000000000002,,0,2.2043307541724038,1.6787869410490388,7.758935478879769,12.41490793749031,0,,,1.2533291555694825,-0.32387415175818557,6.404346394468208,68.1,2.254016738339822,68.1,0,25,20,20,64.205,62.44,63.3225,60.769999999999996,64.63,,,,,,64.24333333333333,65.12666666666665,65.62333333333332,66.50666666666665,63.746666666666655,62.86333333333333,62.36666666666666,0,0,0,0,0,0,0,0,0,0,0,0,0,0,0,0,0,0,0,0,0,0,,,,,,,,,,,,,,,,,,USD,1.0,stock,25.0
2026-08-18,65.3,66.38,65.0,66.05,9413834,63.8395,59.80440000000001,56.722395,63.476260935142335,61.13702978135355,59.36133299717348,56.873214021727364,61.06594399277322,1.439215859338283,1.5573217252243743,-0.11810586588609118,1,1.8948214285714273,0.5,0.05,9224516.6,12039117.2,1.020523286824591,0.7819372337367062,65.07666098807499,44.442059769510564,0.75,0.3299999999999983,0.29999999999999716,,0,3.896652634152403,3.3467070401211148,9.455866767600286,14.122036336109007,0,,,2.197122079529623,3.8358748624430117,9.790558510638302,68.1,4.054648189639607,68.1,0,25,20,20,64.69,62.44,63.565,60.769999999999996,66.05,,,,,,65.81,66.62,67.19,68.0,65.24000000000001,64.43,63.860000000000014,0,0,0,0,0,0,0,0,0,0,0,0,0,0,0,0,0,0,0,0,0,0,,,,,,,,,,,,,,,,,,USD,1.0,stock,25.0
2026-08-19,66.8,68.64,66.61,67.61,13882138,64.1735,60.0112,56.84744500000001,63.86995036989069,61.39087175071223,59.52467293782351,56.980047713053466,62.09322779243622,1.5965816717729808,1.5651737145340956,0.03140795723888523,1,1.8419642857142844,0.5,0.05,9201306.8,12346003.3,1.5087137405308557,1.1244236424268572,81.73758865248224,62.56670331573372,0.8100000000000023,1.0300000000000011,0.18999999999999773,,0,5.53179948248678,5.082827984026025,11.239165803875162,15.91858452891583,0,,,2.3618470855412577,6.138147566718999,10.963400623666498,68.64,5.855726532507892,68.64,0,25,20,20,65.82,62.71,64.265,61.04,67.61,,,,,,67.62,68.63000000000001,69.65,70.66000000000001,66.60000000000001,65.59,64.57000000000001,0,0,0,0,0,0,0,0,0,0,0,0,0,0,0,0,0,0,0,0,0,0,,,,,,,,,,,,,,,,,,USD,1.0,stock,25.0
2026-08-20,67.225,67.54,65.45,65.47,9487615,64.40899999999999,60.2092,56.946695,64.02233604894872,61.55083756440979,59.64240218657948,57.064524850237014,50.61255742725879,1.5309670613241195,1.5583323838921006,-0.027365322567981076,0,1.8442499999999984,0.5,0.05,9194857.7,12480579.35,1.0318392420580909,0.7601902711351297,43.794326241134726,63.536191960563976,1.7549999999999955,0.31500000000001194,0.01999999999999602,,0,2.211186728350821,1.620589583015132,8.035436077592784,13.018642126164655,0,,,-3.1652122467090704,1.268368136117548,7.751810401579995,68.64,2.261185767955204,68.64,0,25,20,20,65.82,62.84,64.33,61.04,65.47,,,,,,66.15333333333334,66.85666666666667,68.24333333333334,68.94666666666667,64.76666666666667,64.06333333333333,62.67666666666666,0,0,0,0,0,0,0,0,0,0,0,0,0,0,0,0,0,0,0,0,0,0,,,,,,,,,,,,,,,,,,USD,1.0,stock,25.0
2026-08-21,65.79,67.55,65.13,67.01,6841266,64.684,60.4198,57.051395,64.30687547285837,61.76492236580548,59.788295212587805,57.163484801975954,55.332409972299175,1.58496168776648,1.5636582446669767,0.021303443099503383,1,1.734249999999999,0.5,0.05,9157752.5,12442146.75,0.7470463959361208,0.5498461107605888,71.09929078014193,65.54373522458629,1.2199999999999989,0.539999999999992,0.6600000000000108,,0,4.033912143175107,3.4711237128786863,9.834651544545595,14.861371437098947,0,,,2.3522223919352436,4.981983393388689,8.94163550642173,68.64,4.203476700220852,68.64,0,25,20,20,65.82,63.605000000000004,64.7125,61.04,67.01,,,,,,66.56333333333333,67.99666666666667,68.98333333333333,70.41666666666667,65.57666666666667,64.14333333333333,63.156666666666666,0,0,0,0,0,0,0,0,0,0,0,0,0,0,0,0,0,0,0,0,0,0,,,,,,,,,,,,,,,,,,USD,1.0,stock,25.0
