date,open,high,low,close,volume,SMA_20,SMA_50,SMA_200,EMA_20,EMA_50,EMA_100,EMA_200,RSI_14,MACD,MACD_Signal,MACD_Hist,MACD_Hist_Subiendo,ATR_14,BB_PctB,BB_Width,Vol_SMA_10,Vol_SMA_20,VolRel10,VolRel20,Stoch_K,Stoch_D,Body,Mecha_Sup,Mecha_Inf,Position_52w_Pct,RS_vs_SPY,Dist_EMA_20_pct,Dist_SMA_20_pct,Dist_SMA_50_pct,Dist_SMA_200_pct,Dist_BUY_ZONE,High_52W,Low_52W,Ret_1,Ret_5,Ret_20,Swing_High_20,Dist_EMA_20,TP_Dinamico,VWAP,ADX_14,Plus_DI,Minus_DI,Tenkan,Kijun,Senkou_A,Senkou_B,Chikou,Fib_236,Fib_382,Fib_500,Fib_618,Fib_786,Pivot_PP,Pivot_R1,Pivot_R2,Pivot_R3,Pivot_S1,Pivot_S2,Pivot_S3,Vol_Dryup,Vol_Climax,BB_Squeeze,BB_Breakout,MACD_Cross_Up,Golden_Cross,SMA20_Cross_Up,Oversold,Overbought,Trend_Up,Breakout_Vol,TP_Agotamiento,Vol_Climax_Up,MACD_Divergence,Trend_Weakness,Overextended,Exhaustion_Gap,Stoch_Extreme,Stop_Loss_Triggered,BUY_ZONE,ACC,REB,ROIC,ROE,Net_Margin,Gross_Margin,Operating_Margin,EBITDA_Margin,Current_PE,Current_PB,Current_EV_EBITDA,Current_EV_Sales,Current_FCF_Yield,Market_Cap,PE_5y_mean,PE_5y_max,PE_5y_min,PE_5y_pct,PE_5y_signal,Currency,FX_Rate,Asset_Type,Risk_Score
2025-08-22,105.71,106.685,105.42,106.17,9397527,,,,106.17,106.17,106.17,106.17,,0.0,0.0,0.0,0,,0.5,0.05,,,,,,,0.46000000000000796,0.5150000000000006,0.28999999999999204,,0,0.0,,,,0,,,,,,,0.0,,0,25,20,20,,,,,106.17,,,,,,106.09166666666668,106.76333333333336,107.35666666666668,108.02833333333336,105.49833333333336,104.82666666666668,104.23333333333336,0,0,0,0,0,0,0,0,0,0,0,0,0,0,0,0,0,0,0,0,0,0,,,,,,,,,,,,,,,,,,USD,1.0,stock,25.0
2025-08-25,106.16,106.2,105.1,105.11,4507934,,,,106.06904761904761,106.12843137254903,106.14900990099011,106.15945273631841,,-0.08455840455840757,-0.016911680911681517,-0.06764672364672605,0,,0.5,0.05,,,,,,,1.0499999999999972,0.04000000000000625,0.010000000000005116,,0,-0.912422813288564,,,,0,,,-0.9983987943863681,,,,-0.9041729331746977,,0,25,20,20,,,,,105.11,,,,,,105.47000000000001,105.84000000000003,106.57000000000002,106.94000000000004,104.74000000000002,104.37,103.64000000000001,0,0,0,0,0,0,0,0,0,0,0,0,0,0,0,0,0,0,0,0,0,0,,,,,,,,,,,,,,,,,,USD,1.0,stock,25.0
2025-08-26,105.05,106.46,104.665,106.39,5613693,,,,106.09961451247165,106.1386889657824,106.15378198215862,106.16174673894213,,-0.047735976169022365,-0.02307653996314969,-0.024659436205872676,1,,0.5,0.05,,,,,,,1.3400000000000034,0.06999999999999318,0.3849999999999909,,0,0.2729443439499523,,,,0,,,1.2177718580534735,,,,0.2736913690616854,,0,25,20,20,,,,,106.39,,,,,,105.83833333333332,107.01166666666664,107.63333333333331,108.80666666666663,105.21666666666665,104.04333333333334,103.42166666666667,0,0,0,0,0,0,0,0,0,0,0,0,0,0,0,0,0,0,0,0,0,0,,,,,,,,,,,,,,,,,,USD,1.0,stock,25.0
2025-08-27,106.43,107.01,105.82,105.87,5706509,,,,106.07774646366482,106.12815214359487,106.14816253696736,106.15884378631584,,-0.059823976990216465,-0.030426027368563046,-0.02939794962165342,0,,0.5,0.05,,,,,,,0.5600000000000023,0.5799999999999983,0.05000000000001137,,0,-0.19622788671466773,,,,0,,,-0.48876774132906586,,,,-0.19584358698266544,,0,25,20,20,,,,,105.87,,,,,,106.23333333333333,106.64666666666668,107.42333333333335,107.83666666666669,105.45666666666666,105.04333333333332,104.26666666666665,0,0,0,0,0,0,0,0,0,0,0,0,0,0,0,0,0,0,0,0,0,0,,,,,,,,,,,,,,,,,,USD,1.0,stock,25.0
2025-08-28,105.7,105.9,104.8,105.75,3936165,,,,106.04653251474436,106.11332264776762,106.14027813029475,106.15477568893957,,-0.0781855277533765,-0.03997792744552574,-0.03820760030785077,0,,0.5,0.05,,,,,,,0.04999999999999716,0.15000000000000568,0.9000000000000057,,0,-0.28040899739419056,,,,0,,,-0.11334655709833719,,,,-0.2796249040044073,,0,25,20,20,,,,,105.75,,,,,,105.48333333333333,106.16666666666667,106.58333333333334,107.26666666666668,105.06666666666666,104.38333333333333,103.96666666666665,0,0,0,0,0,0,0,0,0,0,0,0,0,0,0,0,0,0,0,0,0,0,,,,,,,,,,,,,,,,,,USD,1.0,stock,25.0
2025-08-29,105.64,105.72,104.885,105.5,4066889,,,,105.99448179905443,106.08927077922772,106.12759935543741,106.14826050795509,,-0.1116233749011144,-0.05430701693664347,-0.05731635796447093,0,,0.5,0.05,,,,,,,0.14000000000000057,0.0799999999999983,0.6149999999999949,,0,-0.4687031270658072,,,,0,,,-0.23640661938534313,-0.6310633889045847,,,-0.4665165494104409,,0,25,20,20,,,,,105.5,,,,,,105.36833333333334,105.85166666666667,106.20333333333333,106.68666666666667,105.01666666666668,104.53333333333335,104.18166666666669,0,0,0,0,0,0,0,0,0,0,0,0,0,0,0,0,0,0,0,0,0,0,,,,,,,,,,,,,,,,,,USD,1.0,stock,25.0
2025-09-02,105.47,106.87,104.24,106.66,7768098,,,,106.05786448485877,106.11165231729723,106.13814194245845,106.15335244319932,,-0.044013444604885876,-0.052248302470291955,0.008234857865406078,1,,0.5,0.05,,,,,,,1.1899999999999977,0.21000000000000796,1.230000000000004,,0,0.5645373290279655,,,,0,,,1.099526066350709,1.4746456093616134,,,0.5677424470744376,,0,25,20,20,,,,,106.66,,,,,,105.92333333333333,107.60666666666667,108.55333333333334,110.23666666666668,104.97666666666666,103.29333333333332,102.34666666666665,0,0,0,0,0,0,0,0,0,0,0,0,0,0,0,0,0,0,0,0,0,0,,,,,,,,,,,,,,,,,,USD,1.0,stock,25.0
2025-09-03,107.0,107.6893,105.17,107.53,7518768,,,,106.19806786725317,106.16727379505028,106.16570348815235,106.16705042883913,,0.07886058562269227,-0.02602652485169511,0.10488711047438738,1,,0.5,0.05,,,,,,,0.5300000000000011,0.15930000000000177,1.8299999999999983,,0,1.2386609622866445,,,,0,,,0.8156759797487423,1.0715292790675734,,,1.2541962010191507,,0,25,20,20,,,,,107.53,,,,,,106.79643333333335,108.4228666666667,109.31573333333336,110.94216666666671,105.9035666666667,104.27713333333335,103.3842666666667,0,0,0,0,0,0,0,0,0,0,0,0,0,0,0,0,0,0,0,0,0,0,,,,,,,,,,,,,,,,,,USD,1.0,stock,25.0
2025-09-04,107.59,108.465,106.6,107.29,7355307,,,,106.30206140370524,106.21130227367576,106.18796678541666,106.17822405641287,,0.15508541744632964,0.010195863607909843,0.1448895538384198,1,,0.5,0.05,,,,,,,0.29999999999999716,0.875,0.6900000000000119,,0,0.9208114421612154,,,,0,,,-0.2231935273876995,1.3412675923302197,,,0.9293691799097441,,0,25,20,20,106.35249999999999,,,,107.29,,,,,,107.45166666666667,108.30333333333334,109.31666666666668,110.16833333333335,106.43833333333333,105.58666666666666,104.57333333333332,0,0,0,0,0,0,0,0,0,0,0,0,0,0,0,0,0,0,0,0,0,0,,,,,,,,,,,,,,,,,,USD,1.0,stock,25.0
2025-09-05,107.11,108.25,106.715,107.22,4063376,,,,106.38948412716188,106.2508590472571,106.20840308669554,106.18858998619982,,0.20745432651102647,0.04964755618853317,0.1578067703224933,1,,0.5,0.05,5993426.6,,0.6779720969636969,,,,0.10999999999999943,1.0300000000000011,0.394999999999996,,0,0.7745904428633839,,,,0,,,-0.06524373194147781,1.3900709219858198,,,0.7806371838831808,,0,25,20,20,106.35249999999999,,,,107.22,,,,,,107.395,108.07499999999999,108.92999999999999,109.60999999999999,106.53999999999999,105.86,105.005,0,0,0,0,0,0,0,0,0,0,0,0,0,0,0,0,0,0,0,0,0,0,,,,,,,,,,,,,,,,,,USD,1.0,stock,25.0
2025-09-08,107.455,108.68,106.8,108.14,7455477,,,,106.55619992457503,106.32494300618819,106.24665253052335,106.20800700126252,,0.31951026009151917,0.10362009696913037,0.2158901631223888,1,,0.5,0.05,5799221.6,,1.2855996052987526,,,,0.6850000000000023,0.5400000000000063,0.6550000000000011,,0,1.4645830177778572,,,,0,,,0.8580488714792001,2.5023696682464402,,,1.4863518749223934,,0,25,20,20,106.46000000000001,,,,108.14,,,,,,107.87333333333333,108.94666666666667,109.75333333333334,110.82666666666668,107.06666666666666,105.99333333333333,105.18666666666665,0,0,0,0,0,0,0,0,0,0,0,0,0,0,0,0,0,0,0,0,0,0,,,,,,,,,,,,,,,,,,USD,1.0,stock,25.0
2025-09-09,107.89,109.5,107.88,108.09,5241086,,,,106.70227612223454,106.39416092751415,106.283154460612,106.22673329975741,,0.3996736238928662,0.16283080235387754,0.23684282153898867,1,,0.5,0.05,5872536.8,,0.8924739305167062,,,,0.20000000000000284,1.4099999999999966,0.010000000000005116,,0,1.283859633421655,,,,0,,,-0.046236360273721466,1.340708794299661,,,1.3005569592308763,,0,25,20,20,106.87,,,,108.09,,,,,,108.49000000000001,109.10000000000002,110.11000000000001,110.72000000000003,107.48000000000002,106.87,105.86000000000001,0,0,0,0,0,0,0,0,0,0,0,0,0,0,0,0,0,0,0,0,0,0,,,,,,,,,,,,,,,,,,USD,1.0,stock,25.0
2025-09-10,108.0,108.07,103.69,105.23,10385080,,,,106.5620593486884,106.34850755780772,106.2622999168375,106.21681555548122,,0.22977684483245753,0.17622001084959354,0.05355683398286398,0,,0.5,0.05,6349675.5,,1.635529248699402,,,,2.769999999999996,0.06999999999999318,1.5400000000000063,,0,-1.2658551256185397,,,,0,,,-2.6459431954852453,-2.1389379707988487,,,-1.2500315373313822,,0,25,20,20,106.595,,,,105.23,,,,,,105.66333333333334,107.63666666666668,110.04333333333334,112.01666666666668,103.25666666666669,101.28333333333335,98.8766666666667,0,0,0,0,0,0,0,0,0,0,0,0,0,0,0,0,0,0,0,0,0,0,,,,,,,,,,,,,,,,,,USD,1.0,stock,25.0
2025-09-11,105.41,105.72,103.52,104.34,8283248,,,,106.3504346488133,106.26974255554076,106.22423457194964,106.19814077383464,41.107871720116634,0.023051142208686315,0.14558623712141208,-0.12253509491272577,0,1.8545928571428607,0.5,0.05,6607349.4,,1.2536415888646664,,13.712374581939914,,1.0699999999999932,0.3100000000000023,0.8200000000000074,,0,-1.9268110492747765,,,,0,,,-0.8457664164211787,-2.7495572746761177,,,-1.8903868662616083,,0,25,20,20,106.50999999999999,,,,104.34,,,,,,104.52666666666669,105.53333333333337,106.72666666666669,107.73333333333338,103.33333333333337,102.32666666666668,101.13333333333337,0,0,0,0,0,0,0,0,0,0,0,0,0,0,0,0,0,0,0,0,0,0,,,,,,,,,,,,,,,,,,USD,1.0,stock,25.0
2025-09-12,103.76,104.43,102.48,102.71,10541915,,,,106.00372658702156,106.13014480826466,106.15464576854468,106.16343290543827,35.486577181208034,-0.26920462072685325,0.06262806555175901,-0.3318326862786123,0,1.9035214285714324,0.5,0.05,7267924.4,,1.4504711964257635,,3.2763532763531327,,1.0500000000000114,0.6700000000000017,0.22999999999998977,,0,-3.206821718451531,,,,0,,,-1.562200498370725,-4.206304793881744,,,-3.1071799955236954,,0,25,20,20,105.99000000000001,,,,102.71,,,,,,103.20666666666666,103.93333333333332,105.15666666666667,105.88333333333333,101.98333333333332,101.25666666666666,100.03333333333332,0,0,0,0,0,0,0,0,0,0,0,0,0,0,0,0,0,0,0,0,0,0,,,,,,,,,,,,,,,,,,USD,1.0,stock,25.0
2025-09-15,102.81,103.105,99.68,99.87,12020473,,,,105.41956215016236,105.88464893343075,106.0301973374844,106.10081168249859,30.87591240875915,-0.7216647811951162,-0.09423050379761605,-0.6274342773975001,0,2.0695928571428603,0.5,0.05,8063282.8,,1.4907666391162666,,1.934826883910365,6.307851580734471,2.9399999999999977,0.2950000000000017,0.18999999999999773,,0,-5.556785971925862,,,,0,,,-2.765066692629725,-7.6474939892731575,,,-5.26426218907779,,0,25,20,20,104.59,,,,99.87,,,,,,100.885,102.09,104.31,105.515,98.665,97.46000000000001,95.24000000000001,0,0,0,0,0,0,0,0,0,0,0,0,0,0,0,0,0,0,0,0,0,0,,,,,,,,,,,,,,,,,,USD,1.0,stock,25.0
2025-09-16,99.565,99.86,98.2,98.98,20889920,,,,104.80627051681357,105.6138783870217,105.89058946941539,106.02995783491154,22.163786626596547,-1.138929410836127,-0.30317028520531825,-0.8357591256308088,0,2.0606642857142896,0.5,0.05,9375465.0,,2.2281476172115195,,6.902654867256649,4.037945009173382,0.5849999999999937,0.2950000000000017,0.7800000000000011,,0,-5.886310887869837,,,,0,,,-0.8911585060578764,-8.428161717087612,,,-5.5590858143157424,,0,25,20,20,103.85,,,,98.98,,,,,,99.01333333333334,99.82666666666667,100.67333333333333,101.48666666666666,98.16666666666667,97.35333333333334,96.50666666666667,0,0,0,0,0,0,0,0,0,0,0,0,0,0,0,0,0,0,0,0,0,0,,,,,,,,,,,,,,,,,,USD,1.0,stock,27.0
2025-09-17,98.98,99.34,97.47,98.5,12061867,,,,104.20567332473608,105.33490276400124,105.74424116309034,105.95503288133034,22.230595327807094,-1.4911574892062873,-0.540767726005512,-0.9503897632007753,0,2.1092357142857177,0.5,0.05,9829774.9,,1.2270745894699988,,8.561928512053209,5.799803421073407,0.480000000000004,0.35999999999999943,1.0300000000000011,,0,-5.792561751001099,,,,0,,,-0.48494645382906043,-6.395514587094942,,,-5.475396053490769,,0,25,20,20,103.485,,,,98.5,,,,,,98.43666666666667,99.40333333333334,100.30666666666667,101.27333333333334,97.53333333333333,96.56666666666666,95.66333333333333,0,0,0,0,0,0,0,0,0,0,0,0,0,0,0,0,0,0,0,0,0,0,,,,,,,,,,,,,,,,,,USD,1.0,stock,27.0
2025-09-18,98.82,98.82,97.15,98.23,13867422,,,,103.63656157952312,105.05627912619728,105.59544430837568,105.87816688251114,21.982116244411344,-1.7716648726677562,-0.786947155337961,-0.9847177173297952,0,2.149950000000002,0.5,0.05,10480986.4,,1.3231027568168583,,8.74493927125505,8.069840883521636,0.5899999999999892,0.0,1.0799999999999983,,0,-5.503982062020883,,,,0,,,-0.27411167512689794,-5.855855855855852,,,-5.2168477003885485,,0,25,20,20,103.325,,,,98.23,,,,,,98.06666666666666,98.98333333333332,99.73666666666665,100.65333333333331,97.31333333333333,96.39666666666668,95.64333333333335,0,0,0,0,0,0,0,0,0,0,0,0,0,0,0,0,0,0,0,0,0,0,,,,,,,,,,,,,,,,,,USD,1.0,stock,27.0
2025-09-19,98.9,98.9,96.85,97.83,16834176,104.2705,,,103.08355571480664,104.7728956310523,105.44167313395239,105.7980856199986,21.73913043478261,-2.003154533525972,-1.0301886309755632,-0.9729659025504089,1,2.2345928571428604,0.5,0.05,11758066.4,8875746.5,1.4317129557968817,1.8966490311547317,7.747035573122558,8.351301118810271,1.0700000000000074,0.0,0.980000000000004,,0,-5.370086593894141,-6.583358887866709,,,0,,,-0.40720757406088604,-4.75124135916658,,109.5,-5.096405220383789,109.5,0,25,20,20,103.175,,,,97.83,,,,,,97.86,98.87,99.91000000000001,100.92000000000002,96.82,95.80999999999999,94.76999999999998,0,0,0,0,0,0,0,0,0,0,0,0,0,0,0,0,0,0,0,0,0,0,,,,,,,,,,,,,,,,,,USD,1.0,stock,27.0
2025-09-22,97.85,97.89,96.375,97.03,11013332,103.8135,,,102.50702659911076,104.46925266512868,105.27510534912165,105.71084098696379,13.550340651021997,-2.2255107688590243,-1.2692530585522555,-0.9562577103067689,1,2.1549500000000026,0.5,0.05,12113851.9,8956536.75,0.9091519436522085,1.2296418032338226,4.990476190476199,7.160817011617937,0.8199999999999932,0.04000000000000625,0.6550000000000011,,0,-5.644673399062927,-6.991136761826243,,,0,,,-0.8177450679750509,-2.8436968058476064,-8.608834887444662,109.5,-5.343074305072342,109.5,0,25,20,20,102.2225,,,,97.03,,,,,,97.09833333333331,97.82166666666663,98.61333333333332,99.33666666666663,96.30666666666663,95.58333333333331,94.79166666666663,0,0,0,0,0,0,0,0,0,0,0,0,0,0,0,0,0,0,0,0,0,0,,,,,,,,,,,,,,,,,,USD,1.0,stock,28.75
2025-09-23,96.17,98.3,96.02,97.69,14592980,103.4425,,,102.04826216110021,104.20339961943736,105.12490524319844,105.63103162390942,12.153846153846132,-2.3217099758138744,-1.4797444420045793,-0.8419655338092951,1,2.1378571428571456,0.5,0.05,13049041.3,9460789.05,1.1183181710061718,1.5424696526765913,12.388724035608318,8.375411933069024,1.519999999999996,0.6099999999999994,0.15000000000000568,,0,-4.461318621251115,-5.888524925785647,,,0,,,0.6802019993816355,-1.3032935946656,-7.059271239653697,109.5,-4.270785282183414,109.5,0,25,20,20,100.87,,,,97.69,,,,,,97.33666666666666,98.65333333333332,99.61666666666666,100.93333333333332,96.37333333333332,95.05666666666666,94.09333333333332,0,0,0,0,0,0,0,0,0,0,0,0,0,0,0,0,0,0,0,0,0,0,,,,,,,,,,,,,,,,,,USD,1.0,stock,28.75
2025-09-24,97.775,98.795,96.97,98.06,14130576,103.026,,,101.66842766956685,103.96248198730257,104.98500612947174,105.55569797591033,14.851485148514854,-2.34110582199429,-1.6520167180025216,-0.6890891039917686,1,2.135000000000002,0.5,0.05,13423590.9,9886633.2,1.0526673604154608,1.4292606708621496,15.133531157270072,10.837577127784863,0.2849999999999966,0.7349999999999994,0.8050000000000068,,0,-3.679816101944575,-5.064246379767483,,,0,,,0.37874910430955033,-0.4467005076142061,-7.8296832409060935,109.5,-3.549211640505175,109.5,0,25,20,20,100.225,,,,98.06,,,,,,97.94166666666666,98.91333333333333,99.76666666666667,100.73833333333333,97.08833333333332,96.11666666666666,95.26333333333332,0,0,0,0,0,0,0,0,0,0,0,0,0,0,0,0,0,0,0,0,0,0,,,,,,,,,,,,,,,,,,USD,1.0,stock,28.75
2025-09-25,98.06,98.3,96.02,98.14,9434294,102.6395,,,101.33238693913191,103.73414936034952,104.84946145364061,105.48190993634904,15.449010654490124,-2.3232409627682102,-1.7862615669556594,-0.5369793958125508,1,2.188214285714288,0.5,0.05,13538695.5,10073022.45,0.6968392191108811,0.9365901889755046,15.727002967359079,14.416419386745822,0.0799999999999983,0.1599999999999966,2.0400000000000063,,0,-3.2528907062685013,-4.584776849398815,,,0,,,0.08158270446665394,-0.09162170416370241,-7.301407386417303,109.5,-3.150411270830423,109.5,0,25,20,20,99.5625,,,,98.14,,,,,,97.48666666666666,98.95333333333333,99.76666666666667,101.23333333333333,96.67333333333333,95.20666666666666,94.39333333333333,0,0,0,0,0,0,0,0,0,0,0,0,0,0,0,0,0,0,0,0,0,0,,,,,,,,,,,,,,,,,,USD,1.0,stock,28.75
2025-09-26,98.95,100.0,98.105,98.18,8188453,102.261,,,101.03215961159553,103.51633958151228,104.71739291000416,105.40925411608686,9.38009787928226,-2.279577714511092,-1.884924796466746,-0.3946529180443459,1,2.189285714285716,0.5,0.05,13303349.3,10285636.85,0.6155181537629776,0.7961055906810477,16.023738872403637,15.62809099901093,0.769999999999996,1.0499999999999972,0.07500000000000284,,0,-2.905031179054313,-4.156651049093489,,,0,,,0.04075810067252217,0.3577634672391028,-7.15839243498817,109.5,-2.8230215236022533,109.5,0,25,20,20,98.00999999999999,,,,98.18,,,,,,98.76166666666667,99.41833333333334,100.65666666666667,101.31333333333333,97.52333333333334,96.86666666666667,95.62833333333334,0,0,0,0,0,0,0,0,0,0,0,0,0,0,0,0,0,0,0,0,0,0,,,,,,,,,,,,,,,,,,USD,1.0,stock,28.75
2025-09-29,98.11,98.48,96.8,97.04,12025277,101.838,,,100.65195393430072,103.26236548027651,104.56536532762784,105.3259779557278,8.614232209737864,-2.310330694201255,-1.9700059760136477,-0.34032471818760746,1,2.1935714285714303,0.5,0.05,13303829.7,10683556.25,0.9038958909704023,1.1255874653161488,8.464730290456519,13.405157376739746,1.0699999999999932,0.37000000000000455,0.2400000000000091,,0,-3.72212895125795,-4.944352844187951,,,0,,,-1.1611326135669175,0.010306090899736553,-8.018957345971556,109.5,-3.5885581880093174,109.5,0,25,20,20,98.00999999999999,102.75999999999999,100.38499999999999,,97.04,,,,,,97.44,98.08,99.12,99.76,96.39999999999999,95.75999999999999,94.71999999999998,0,0,0,0,0,0,0,0,0,0,0,0,0,0,0,0,0,0,0,0,0,0,,,,,,,,,,,,,,,,,,USD,1.0,stock,28.75
2025-09-30,97.35,98.89,95.84,97.63,13273917,101.3865,,,100.36414879770066,103.04148840261861,104.42803136074413,105.24940106064594,15.703971119133527,-2.261030827073043,-2.028210946225527,-0.23281988084751593,1,2.0971428571428583,0.5,0.05,12542229.4,10958847.2,1.058337921964655,1.2112512162775662,18.11740890688252,14.201959356580893,0.28000000000000114,1.2600000000000051,1.509999999999991,,0,-2.800521148930318,-3.84769025914166,,,0,,,0.6079967023907562,-0.06141877367181747,-8.466154134633419,109.5,-2.724228552181283,109.5,0,25,20,20,97.92,102.67,100.295,,97.63,,,,,,97.45333333333333,99.06666666666666,100.50333333333333,102.11666666666666,96.01666666666667,94.40333333333334,92.96666666666667,0,0,0,0,0,0,0,0,0,0,0,0,0,0,0,0,0,0,0,0,0,0,,,,,,,,,,,,,,,,,,USD,1.0,stock,28.75
2025-10-01,97.95,99.01,90.69,95.85,22363691,100.8025,,,99.93422986458633,102.75946924957475,104.25816935360068,105.15587468193304,14.53634085213028,-2.338633143971748,-2.0902953857747715,-0.24833775819697657,0,2.5342857142857156,0.5,0.05,13572411.8,11701093.35,1.6477315402410646,1.9112479775233997,37.55458515283838,21.378908116725807,2.1000000000000085,1.0600000000000023,5.159999999999997,,0,-4.261064021477657,-5.166927490871154,,,0,,,-1.8232100788691974,-2.2537222108912958,-10.862084999535016,109.5,-4.086917835981304,109.5,0,25,20,20,95.345,100.095,97.72,,95.85,,,,,,95.18333333333332,99.67666666666665,103.50333333333333,107.99666666666666,91.35666666666664,86.86333333333332,83.03666666666663,0,0,0,0,0,0,0,0,0,0,0,0,0,0,0,0,0,0,0,0,0,0,,,,,,,,,,,,,,,,,,USD,1.0,stock,28.75
2025-10-02,95.73,97.245,94.89,96.22,11943276,100.249,,,99.58049368700668,102.50301947508163,104.09899768323234,105.06696050599342,19.70121381886088,-2.343265920528026,-2.1408894927254227,-0.20237642780260323,1,2.563214285714287,0.5,0.05,13379997.2,11930491.8,0.8926217114604479,1.001071556832217,44.5428916633105,33.404961907677134,0.4899999999999949,1.0250000000000057,0.8400000000000034,,0,-3.4925105872029523,-4.187279151943459,,,0,,,0.3860198226395495,-1.9563888322804202,-10.3178301798863,109.5,-3.3746505591437534,109.5,0,25,20,20,95.345,100.095,97.72,,96.22,,,,,,96.11833333333334,97.34666666666668,98.47333333333334,99.70166666666668,94.99166666666667,93.76333333333334,92.63666666666667,0,0,0,0,0,0,0,0,0,0,0,0,0,0,0,0,0,0,0,0,0,0,,,,,,,,,,,,,,,,,,USD,1.0,stock,28.75
2025-10-03,96.16,98.48,96.1,97.32,10768117,99.75399999999999,,,99.36520857395843,102.29976380939215,103.96476010534656,104.98987632185418,35.78595317725747,-2.2324424158866236,-2.159200077357663,-0.07324233852896045,1,2.4885714285714307,0.5,0.05,12773391.3,12265728.85,0.8430115970846364,0.8779027428117328,71.21374865735761,51.10374182450217,1.1599999999999966,1.1600000000000108,0.060000000000002274,,0,-2.1015295663362448,-2.501027538018904,,,0,,,1.1432134691332196,-0.8759421470768136,-9.233351986569671,109.5,-2.0582743228845195,109.5,0,25,20,20,95.345,100.095,97.72,,97.32,,,,,,97.3,98.5,99.68,100.88000000000001,96.11999999999999,94.91999999999999,93.73999999999998,0,0,0,0,0,0,0,0,0,0,0,0,0,0,0,0,0,0,0,0,0,0,,,,,,,,,,,,,,,,,,USD,1.0,stock,25.0
2025-10-06,97.5,97.58,96.07,96.7,7797257,99.18199999999999,,,99.11137918596239,102.08016522863167,103.82090346959713,104.90738999029345,36.896551724137915,-2.1696326340064616,-2.161286588687423,-0.008346045319038708,1,2.4771428571428595,0.5,0.05,12451783.8,12282817.85,0.6261959832614504,0.6348101140325875,64.5542427497315,60.1036276901332,0.7999999999999972,0.0799999999999983,0.6300000000000097,,0,-2.4936703060624494,-2.566701137538764,,,0,,,-0.6370735717221465,-0.3503709810387501,-10.578879230626958,109.5,-2.4329993243640824,109.5,0,25,20,20,95.345,100.095,97.72,,96.7,,,,,,96.78333333333332,97.49666666666664,98.29333333333332,99.00666666666665,95.98666666666664,95.27333333333331,94.47666666666663,0,0,0,0,0,0,0,0,0,0,0,0,0,0,0,0,0,0,0,0,0,0,,,,,,,,,,,,,,,,,,USD,1.0,stock,25.0
2025-10-07,96.56,96.73,95.38,95.9,8180529,98.5725,,,98.80553354920406,101.83780580790102,103.66405389594173,104.81776421924576,35.587583148558764,-2.1595151965333343,-2.160932310256605,0.001417113723270802,1,2.4400000000000026,0.5,0.05,11810538.7,12429790.0,0.6926465598051003,0.65813895488178,55.961331901181595,63.90977443609023,0.6599999999999966,0.1700000000000017,0.5200000000000102,,0,-3.029753440254485,-2.786757038581855,,,0,,,-0.8273009307135482,-1.7719963126088145,-11.277639004533258,108.07,-2.940658731180403,108.07,0,25,20,20,95.345,100.095,97.72,,95.9,,,,,,96.00333333333333,96.62666666666667,97.35333333333334,97.97666666666667,95.27666666666666,94.65333333333332,93.92666666666665,0,0,0,0,0,0,0,0,0,0,0,0,0,0,0,0,0,0,0,0,0,0,,,,,,,,,,,,,,,,,,USD,1.0,stock,25.0
2025-10-08,96.29,96.82,95.5,96.79,7135896,98.1505,,,98.61357797308938,101.63985263896373,103.52793401681417,104.73788596830799,42.531120331950206,-2.055981418495591,-2.1399421319044025,0.0839607134088114,1,2.415000000000003,0.5,0.05,11111070.7,12267330.8,0.642232975801333,0.5816991582227488,65.52094522019343,62.01217329036884,0.5,0.029999999999986926,0.7900000000000063,,0,-1.8840561763502128,-1.4056204153321494,,,0,,,0.9280500521376522,0.9806990088680356,-8.020526465836742,105.72,-1.8492159097878051,105.72,0,25,20,20,95.345,100.095,97.72,,96.79,,,,,,96.37,97.24000000000001,97.69,98.56,95.92000000000002,95.05000000000001,94.60000000000002,0,0,0,0,0,0,0,0,0,0,0,0,0,0,0,0,0,0,0,0,0,0,,,,,,,,,,,,,,,,,,USD,1.0,stock,25.0
2025-10-09,97.18,97.66,96.675,97.28,7724255,97.7975,,,98.48657054708087,101.46887802567103,103.40421255113468,104.66367814772782,47.1736896197328,-1.9123469038677854,-2.094423086297079,0.1820761824292938,1,2.338928571428574,0.5,0.05,10940066.8,12239381.15,0.7060519045459576,0.6310984930802649,70.7841031149302,64.08879341210174,0.09999999999999432,0.37999999999999545,0.5050000000000097,,0,-1.2403068946143836,-0.5319695723684192,,,0,,,0.5062506457278682,1.1016420702556706,-6.766340808894,104.43,-1.2251117491232766,104.43,0,25,20,20,94.85,100.095,97.4725,,97.28,,,,,,97.205,97.735,98.19,98.72,96.75,96.22,95.765,0,0,0,0,0,0,0,0,0,0,0,0,0,0,0,0,0,0,0,0,0,0,,,,,,,,,,,,,,,,,,USD,1.0,stock,25.0
2025-10-10,97.3,97.78,95.37,95.41,8055978,97.4325,,,98.19356382831126,101.2312749658408,103.24591131249834,104.57160174824796,42.499999999999964,-1.9271934020497952,-2.0609771494476226,0.1337837473978274,0,2.402857142857145,0.5,0.05,10926819.3,12115084.3,0.7372665163411277,0.664954349512863,50.69817400644466,62.33440744718943,1.8900000000000006,0.480000000000004,0.03999999999999204,,0,-2.91747597559088,-2.119798763232374,,,0,,,-1.922286184210531,-1.9625976161117942,-7.107389738097558,103.105,-2.8347721783254993,103.105,0,25,20,20,94.85,100.095,97.4725,,95.41,,,,,,96.18666666666667,97.00333333333333,98.59666666666666,99.41333333333333,94.59333333333333,93.77666666666667,92.18333333333334,0,0,0,0,0,0,0,0,0,0,0,0,0,0,0,0,0,0,0,0,0,0,,,,,,,,,,,,,,,,,,USD,1.0,stock,25.0
2025-10-13,95.13,95.8,94.56,94.95,7105485,97.1865,,,97.88465298751971,100.98495045737646,103.08163584096371,104.47586441741963,37.07547169811321,-1.9535581125678902,-2.039493342071676,0.08593522950378585,0,2.32857142857143,0.5,0.05,10434840.1,11869334.9,0.6809385608122543,0.5986422204667929,45.75725026852851,55.74650912996779,0.1799999999999926,0.6700000000000017,0.39000000000000057,,0,-3.0907351106052783,-2.3554502369668167,,,0,,,-0.4821297557907944,-1.8097207859358866,-4.926404325623313,100.0,-2.9980726272727147,100.0,0,25,20,20,94.85,100.095,97.4725,,94.95,,,,,,95.10333333333334,95.64666666666668,96.34333333333333,96.88666666666667,94.40666666666668,93.86333333333334,93.16666666666669,0,0,0,0,0,0,0,0,0,0,0,0,0,0,0,0,0,0,0,0,0,0,,,,,,,,,,,,,,,,,,USD,1.0,stock,25.0
2025-10-14,94.71,96.41,94.53,96.24,6098268,97.0495,,,97.7280193696607,100.7988739688519,102.9461579035189,104.39391551774382,42.10069444444439,-1.849045471377579,-2.0014037679328567,0.15235829655527766,1,2.332500000000001,0.5,0.05,9717275.2,11129752.3,0.6275697532987438,0.5479248626225042,59.613319011815214,52.02291442892946,1.5300000000000011,0.1700000000000017,0.1799999999999926,,0,-1.5461547897555126,-0.8411263507896923,,,0,,,1.35860979462874,0.3545359749739241,-2.768236007274205,100.0,-1.5226128384247755,100.0,0,25,20,20,96.505,100.095,98.3,,96.24,,,,,,95.72666666666667,96.92333333333335,97.60666666666667,98.80333333333334,95.04333333333335,93.84666666666668,93.16333333333336,0,0,0,0,0,0,0,0,0,0,0,0,0,0,0,0,0,0,0,0,0,0,,,,,,,,,,,,,,,,,,USD,1.0,stock,25.0
2025-10-15,95.93,99.61,95.59,97.71,9149297,97.00999999999999,,,97.72630323921683,100.67774165634789,102.8424716083997,104.32740889567673,48.3346243222308,-1.6288256474093714,-1.9268881438281595,0.2980624964187881,1,2.456785714285715,0.5,0.05,8395835.8,10984123.8,1.0897422505571153,0.8329564712298672,75.40279269602571,60.25778732545647,1.779999999999987,1.9000000000000057,0.3400000000000034,,0,-0.016685333350566944,0.7164056903080575,,,0,,,1.5274314214463791,0.9505114164686246,-0.8020304568527981,100.0,-0.016682549811519516,100.0,0,25,20,20,97.07,99.38,98.225,,97.71,,,,,,97.63666666666666,99.68333333333331,101.65666666666665,103.7033333333333,95.66333333333331,93.61666666666666,91.64333333333332,0,0,0,0,0,0,0,0,0,0,0,0,0,0,0,0,0,0,0,0,0,0,,,,,,,,,,,,,,,,,,USD,1.0,stock,25.0
2025-10-16,98.01,99.3,97.245,97.78,8221041,96.9875,,,97.73141721643428,100.56410472864798,102.74222464585714,104.26226054845607,48.45440494590415,-1.432142587064945,-1.8279390324755167,0.3957964454105718,1,2.468214285714286,0.5,0.05,8023612.3,10701804.75,1.0246059620801968,0.7681920192012474,79.48430493273545,71.50013888019213,0.23000000000000398,1.289999999999992,0.5349999999999966,,0,0.04968580851474783,0.8104929433422009,,,0,,,0.0716405690308175,0.5139802631578982,-0.45810852081848985,100.0,0.04971050758235692,100.0,0,25,20,20,97.07,98.205,97.63749999999999,,97.78,,,,,,98.10833333333335,98.97166666666669,100.16333333333334,101.02666666666669,96.9166666666667,96.05333333333336,94.86166666666671,0,0,0,0,0,0,0,0,0,0,0,0,0,0,0,0,0,0,0,0,0,0,,,,,,,,,,,,,,,,,,USD,1.0,stock,25.0
2025-10-17,97.84,99.375,97.53,99.24,6499989,97.05799999999999,,,97.87509176725005,100.51217905301472,102.67287366277085,104.2122878066804,58.295625942684744,-1.1452582225550287,-1.6914028704914192,0.5461446479363905,1,2.48,0.5,0.05,7596799.5,10185095.4,0.8556220287240699,0.6381863639686673,95.85201793721968,83.57970518866028,1.3999999999999915,0.13500000000000512,0.3100000000000023,,0,1.3753609761688232,2.19871019750101,,,0,,,1.4931478830026546,4.0142542710407625,1.4412756823060313,100.0,1.3945409481666013,100.0,0,25,20,20,97.07,97.56,97.315,,99.24,,,,,,98.71499999999999,99.89999999999998,100.55999999999999,101.74499999999998,98.05499999999998,96.86999999999999,96.20999999999998,0,0,0,0,0,0,0,0,0,0,0,0,0,0,0,0,0,0,0,0,0,0,,,,,,,,,,,,,,,,,,USD,1.0,stock,25.0
2025-10-20,99.7,101.02,99.59,100.53,9309729,97.23299999999999,,,98.1279401703691,100.51287791368081,102.6304405209338,104.17564812701194,60.386819484240725,-0.804533911642082,-1.514029078721552,0.70949516707947,1,2.3892857142857147,0.5,0.05,7748046.7,10099915.25,1.2015581940155315,0.9217630811308045,95.25653436592454,90.19761907862654,0.8299999999999983,0.4899999999999949,0.10999999999999943,,0,2.389396030668358,3.2796180244703184,,,0,,,1.2998790810157201,5.876777251184828,3.6071318149025977,101.02,2.4478857147724282,101.02,0,25,20,20,97.775,96.89750000000001,97.33625,,100.53,,,,,,100.38,101.16999999999999,101.80999999999999,102.59999999999998,99.74,98.95,98.31,0,0,0,0,0,0,0,0,0,0,0,0,0,0,0,0,0,0,0,0,0,0,,,,,,,,,,,,,,,,,,USD,1.0,stock,25.0
2025-10-21,99.83,100.33,99.29,99.9,8955862,97.34349999999999,,,98.2967077731911,100.48884348569334,102.5763723918064,104.13310436455411,65.80796252927408,-0.5786725978311722,-1.3269577825434762,0.748285184712304,1,1.8835714285714278,0.5,0.05,7825580.0,9818059.35,1.1444342783538088,0.9121825078394948,82.74268104776593,91.28374445030339,0.07000000000000739,0.4299999999999926,0.539999999999992,,0,1.6048971239328365,2.5590590590590727,,,0,,,-0.6266786034019645,3.802992518703263,2.2622581635786787,101.02,1.631074186643489,101.02,0,25,20,20,97.775,95.85499999999999,96.815,,99.9,,,,,,99.83999999999999,100.38999999999997,100.87999999999998,101.42999999999996,99.34999999999998,98.8,98.30999999999999,0,0,0,0,0,0,0,0,0,0,0,0,0,0,0,0,0,0,0,0,0,0,,,,,,,,,,,,,,,,,,USD,1.0,stock,25.0
2025-10-22,103.1,105.0,101.52,103.85,17749315,97.633,,,98.8255927471729,100.62065354507791,102.6015927404835,104.13028740570283,73.27638804148876,-0.08002145341714595,-1.0775705167182101,0.9975490633010642,1,2.0796428571428556,0.5,0.05,8886921.9,9998996.3,1.9972398992276503,1.7751096677573526,89.01623686723968,89.00515076031006,0.75,1.1500000000000057,1.5799999999999983,,0,4.83813890498516,5.986519017814154,,,0,,,3.953953953953948,6.283901340702069,5.904548235773999,105.0,5.084115473692235,105.0,0,25,20,20,99.765,97.845,98.805,,103.85,,,,,,103.45666666666666,105.39333333333333,106.93666666666667,108.87333333333333,101.91333333333333,99.97666666666666,98.43333333333332,0,0,0,0,0,0,0,0,0,0,0,0,0,0,0,0,0,0,0,0,0,0,,,,,,,,,,,,,,,,,,USD,1.0,stock,27.0
2025-10-23,104.29,105.49,102.335,102.39,11114497,97.8455,,,99.16506010458501,100.69003968056506,102.5974027852264,104.11297111310878,65.13432835820902,0.19510433156156637,-0.8230355470622549,1.0181398786238214,1,2.134999999999998,0.5,0.05,9225946.1,10083006.45,1.2046999710956474,1.1022998998478277,71.71532846715333,81.15808212738631,1.9000000000000057,1.1999999999999886,0.05500000000000682,,0,3.14966295088875,4.438421720871178,,,0,,,-1.4058738565238316,4.714665575782373,4.330548196454043,105.49,3.2520929166117476,105.49,0,25,20,20,100.00999999999999,98.09,99.05,,102.39,,,,,,103.40499999999999,104.47499999999998,106.55999999999999,107.62999999999998,101.31999999999998,100.24999999999999,98.16499999999998,0,0,0,0,0,0,0,0,0,0,0,0,0,0,0,0,0,0,0,0,0,0,,,,,,,,,,,,,,,,,,USD,1.0,stock,25.0
2025-10-24,102.85,102.99,101.025,101.11,6798369,97.992,,,99.35029247557691,100.70650871269977,102.56794926472685,104.08309080352562,62.66513497989663,0.30632704820799006,-0.597163028008206,0.903490076216196,0,2.167499999999997,0.5,0.05,9100185.2,10013502.25,0.74705831261544,0.6789202049662495,60.03649635036498,73.58935389491933,1.7399999999999949,0.14000000000000057,0.08499999999999375,,0,1.7403892042558524,3.0837701513203393,,,0,,,-1.2501220822345949,1.8843208383716226,2.984314524343046,105.49,1.7712152431314458,105.49,0,25,20,20,100.00999999999999,98.09,99.05,,101.11,,,,,,101.70833333333333,102.39166666666665,103.67333333333332,104.35666666666664,100.42666666666666,99.74333333333334,98.46166666666667,0,0,0,0,0,0,0,0,0,0,0,0,0,0,0,0,0,0,0,0,0,0,,,,,,,,,,,,,,,,,,USD,1.0,stock,25.0
2025-10-27,101.39,102.57,100.545,102.43,6858023,98.2615,,,99.6435979540934,100.77409660631939,102.5652175961184,104.06664213881393,68.20970440602346,0.49527559203973226,-0.3786753039986184,0.8739508960383506,0,2.2157142857142813,0.5,0.05,9075439.0,9755139.55,0.7556684585726376,0.7030163909854062,72.08029197080302,67.94403892944044,1.0400000000000063,0.13999999999998636,0.8449999999999989,,0,2.720298785420885,4.069608513130927,,,0,,,1.3055088517456293,1.8899830896250025,5.5544105523495535,105.49,2.7963683599525684,105.49,0,25,20,20,100.53999999999999,98.09,99.315,,102.43,,,,,,101.84833333333334,103.15166666666669,103.87333333333333,105.17666666666668,101.1266666666667,99.82333333333335,99.1016666666667,0,0,0,0,0,0,0,0,0,0,0,0,0,0,0,0,0,0,0,0,0,0,,,,,,,,,,,,,,,,,,USD,1.0,stock,25.0
2025-10-28,102.31,102.86,100.915,100.97,5612362,98.4285,,,99.76992195846546,100.78177909234607,102.53362912886853,104.03582977922375,61.297297297297284,0.521200797696622,-0.19870008365957031,0.7199008813561922,0,2.2603571428571385,0.5,0.05,9026848.4,9372061.8,0.6217410275772439,0.5988396277967352,58.75912408759125,63.62530413625308,1.3400000000000034,0.5499999999999972,0.05499999999999261,,0,1.1885491151178953,2.517084282460136,,,0,,,-1.4253636629893651,1.0710710710710725,3.4210795861927767,105.49,1.2028455249610552,105.49,0,25,20,20,101.3675,98.09,99.72875,,100.97,,,,,,101.58166666666666,102.24833333333332,103.52666666666666,104.19333333333331,100.30333333333333,99.63666666666667,98.35833333333333,0,0,0,0,0,0,0,0,0,0,0,0,0,0,0,0,0,0,0,0,0,0,,,,,,,,,,,,,,,,,,USD,1.0,stock,25.0
2025-10-29,100.62,100.94,99.72,100.3,6969148,98.651,,,99.82040558146876,100.76288579460702,102.48939884908894,103.99865734360958,58.08351177730192,0.4821256648329637,-0.06253493396106352,0.5446605987940272,0,2.27928571428571,0.5,0.05,8808833.5,8602334.65,0.7911544701123027,0.810146115392058,52.64598540145984,61.161800486618034,0.3200000000000074,0.3199999999999932,0.5799999999999983,,0,0.4781599387150898,1.6440677966101702,,,0,,,-0.6635634346835673,-3.4183919114106898,4.642670839853946,105.49,0.48045729301291257,105.49,0,25,20,20,101.50999999999999,98.09,99.8,,100.3,,,,,,100.32,100.91999999999999,101.53999999999999,102.13999999999999,99.69999999999999,99.1,98.47999999999999,0,0,0,0,0,0,0,0,0,0,0,0,0,0,0,0,0,0,0,0,0,0,,,,,,,,,,,,,,,,,,USD,1.0,stock,25.0
2025-10-30,100.76,102.265,100.49,100.57,6834579,98.86850000000001,,,99.89179552609079,100.7553216457989,102.45139095108718,103.96454135014083,65.10538641686183,0.4675553964659116,0.043483132124331504,0.4240722643415801,0,2.247499999999996,0.5,0.05,8670187.3,8346899.8,0.7882850466217725,0.818816466444224,55.10948905109485,55.504866180048644,0.19000000000001194,1.5049999999999955,0.0799999999999983,,0,0.6743606183844133,1.691856418415016,,,0,,,0.269192422731801,-1.7775173356773144,4.520889627935976,105.49,0.6789391164082778,105.49,0,25,20,20,102.39,98.09,100.24000000000001,,100.57,,,,,,101.10833333333333,101.72666666666667,102.88333333333334,103.50166666666668,99.95166666666667,99.33333333333333,98.17666666666666,0,0,0,0,0,0,0,0,0,0,0,0,0,0,0,0,0,0,0,0,0,0,,,,,,,,,,,,,,,,,,USD,1.0,stock,25.0
2025-10-31,100.41,101.15,99.94,100.72,7273897,99.0385,100.7868,,99.97067214265357,100.75393648321855,102.41710598175872,103.93225735660711,67.20333929636254,0.46277748938098284,0.12734200357566178,0.33543548580532107,0,2.24535714285714,0.5,0.05,8747578.1,8172188.8,0.8315326730263775,0.8900794117727677,56.47810218978103,54.74452554744524,0.3100000000000023,0.4300000000000068,0.46999999999999886,,0,0.7439712642438736,1.6694797458300235,-0.0663224781572683,,0,,,0.14914984587850455,-0.3857185243793859,3.4936292642827826,105.49,0.7495476836218256,105.49,0,25,20,20,102.39,98.09,100.24000000000001,,100.72,,,,,,100.60333333333334,101.26666666666668,101.81333333333335,102.47666666666669,100.05666666666667,99.39333333333333,98.84666666666666,0,0,0,0,0,0,0,0,0,0,0,0,0,0,0,0,0,0,0,0,0,0,,,,,,,,,,,,,,,,,,USD,1.0,stock,25.0
2025-11-03,100.75,100.8,98.06,98.59,8031638,99.13300000000001,100.6352,,99.83917955763894,100.66907622897469,102.34132170489221,103.87910056698914,56.672345258375955,0.283845767426925,0.15864275634591443,0.1252030110810106,0,2.3067857142857116,0.5,0.05,8619769.0,8183907.85,0.931769517257365,0.9813939926022017,30.30303030303033,47.29687384796873,2.1599999999999966,0.04999999999999716,0.5300000000000011,,0,-1.2670448905963476,-0.5507657977482568,-2.0744497413530723,,0,,,-2.1147736298649633,-3.748901688958317,1.9544984488107486,105.49,-1.2511917297134496,105.49,0,25,20,20,101.775,98.09,99.9325,,98.59,,,,,,99.15000000000002,100.24000000000004,101.89000000000001,102.98000000000003,97.50000000000004,96.41000000000003,94.76000000000005,0,0,0,0,0,0,0,0,0,0,0,0,0,0,0,0,0,0,0,0,0,0,,,,,,,,,,,,,,,,,,USD,1.0,stock,25.0
2025-11-04,98.98,99.33,98.25,98.84,6945550,99.28,100.50980000000001,,99.74401959976856,100.59734774940705,102.27198860182503,103.82896026283998,53.447223917022605,0.1603654067230167,0.1589872864213349,0.001378120301681801,0,2.0967857142857116,0.5,0.05,8418737.8,8122158.9,0.8250108466378415,0.8551359417506594,19.345057610673145,35.3753967011615,0.14000000000000057,0.3499999999999943,0.5900000000000034,,0,-0.9146292996444354,-0.44516390125455046,-1.6893970052610372,,0,,,0.2535754133279333,-2.109537486382085,3.065693430656924,105.49,-0.9063396516362747,105.49,0,25,20,20,101.775,98.09,99.9325,100.095,98.84,,,,,,98.80666666666666,99.36333333333332,99.88666666666666,100.44333333333331,98.28333333333332,97.72666666666666,97.20333333333332,0,0,0,0,0,0,0,0,0,0,0,0,0,0,0,0,0,0,0,0,0,0,,,,,,,,,,,,,,,,,,USD,1.0,stock,25.0
2025-11-05,98.38,99.22,97.725,98.9,6443625,99.38550000000001,100.36,,99.66363678074299,100.53078509256756,102.20521655030373,103.7799158821152,53.418803418803435,0.06658033316043088,0.1405058957691541,-0.07392556260872321,0,2.0567857142857124,0.5,0.05,7288168.8,8087545.35,0.8841212623944714,0.7967343268127702,17.21105527638198,22.28638106336182,0.5200000000000102,0.3199999999999932,0.6550000000000011,,0,-0.7721302130869412,-0.4908998988877672,-1.4762386248736032,,0,,,0.0607041683528875,-1.395812562313048,2.179977270379174,105.49,-0.766214042964299,105.49,0,25,20,20,100.35749999999999,98.09,99.22375,100.095,98.9,,,,,,98.61500000000001,99.50500000000002,100.11000000000001,101.00000000000003,98.01000000000002,97.12,96.51500000000001,0,0,0,0,0,0,0,0,0,0,0,0,0,0,0,0,0,0,0,0,0,0,,,,,,,,,,,,,,,,,,USD,1.0,stock,25.0
2025-11-06,98.41,99.11,97.45,99.05,6809965,99.474,100.2236,,99.60519518257699,100.47271508893746,102.14273701465414,103.73285204249217,49.36960849369609,0.004309060903011641,0.11326652879592561,-0.10895746789291397,0,2.0435714285714264,0.5,0.05,6857715.6,8041830.85,0.9930369524218824,0.8468177367844041,19.90049751243776,18.818870133164296,0.6400000000000006,0.060000000000002274,0.9599999999999937,,0,-0.5605201237526449,-0.4280666330136362,-1.184856133266035,,0,,,0.15166835187057082,-1.5113851049020521,1.819490131578938,105.49,-0.5573958080794061,105.49,0,25,20,20,100.155,100.00999999999999,100.0825,100.095,99.05,,,,,,98.53666666666668,99.62333333333335,100.19666666666667,101.28333333333335,97.96333333333335,96.87666666666668,96.30333333333336,0,0,0,0,0,0,0,0,0,0,0,0,0,0,0,0,0,0,0,0,0,0,,,,,,,,,,,,,,,,,,USD,1.0,stock,25.0
2025-11-07,99.0,100.31,98.71,100.02,7046469,99.7045,100.109,,99.64470040328395,100.45496155603796,102.10070261832436,103.69590824107433,48.271186440677944,0.0328508383548467,0.09718339070770983,-0.06433255235286313,1,2.0307142857142844,0.5,0.05,6882525.6,7991355.4,1.0238202383148418,0.8817614343619357,31.96517412935318,23.02557563939097,1.019999999999996,0.29000000000000625,0.29000000000000625,,0,0.37522455180568615,0.31543691261747664,-0.08898220355928678,,0,,,0.9793033821302366,-0.6949960285941303,4.831778639555595,105.49,0.37663778926237673,105.49,0,25,20,20,100.155,100.00999999999999,100.0825,100.095,100.02,,,,,,99.67999999999999,100.64999999999999,101.28,102.25,99.04999999999998,98.07999999999998,97.44999999999997,0,0,0,0,0,0,0,0,0,0,0,0,0,0,0,0,0,0,0,0,0,0,,,,,,,,,,,,,,,,,,USD,1.0,stock,25.0
2025-11-10,99.34,101.3,98.84,100.91,8236383,100.0025,100.01719999999999,,99.76520512678071,100.47280620089921,102.07712434865456,103.66818776106365,53.36442371752163,0.12583541227461126,0.10291379502109013,0.022921617253521126,1,2.117857142857141,0.5,0.05,7020361.6,8047900.3,1.173213499430001,1.0234201087207804,43.03482587064673,31.633499170812556,1.5699999999999932,0.39000000000000057,0.5,,0,1.134471185431853,0.8993162223763739,0.8847487860469807,,0,,,0.889822035592891,2.353179835683128,6.276987888362284,105.49,1.1474891188410707,105.49,0,25,20,20,99.8575,100.00999999999999,99.93375,100.095,100.91,,,,,,100.34999999999998,101.85999999999996,102.80999999999997,104.31999999999995,99.39999999999996,97.88999999999999,96.93999999999997,0,0,0,0,0,0,0,0,0,0,0,0,0,0,0,0,0,0,0,0,0,0,,,,,,,,,,,,,,,,,,USD,1.0,stock,25.0
2025-11-11,101.4,102.61,101.33,102.5,6007084,100.3155,99.934,,100.02566178137303,100.55230399694238,102.08549812392873,103.6565640022471,44.66403162055338,0.32409015922287665,0.14714906786144744,0.17694109136142921,1,1.874999999999999,0.5,0.05,7059833.8,8043341.1,0.8508817870471682,0.7468393948877787,62.810945273631866,45.936981757877255,1.0999999999999943,0.10999999999999943,0.07000000000000739,,0,2.4139885059775303,2.131219512195122,2.5034146341463437,,0,,,1.5756614805272129,3.702954269526515,6.504571903574408,105.49,2.4737034222629304,105.49,0,25,20,20,100.03,100.00999999999999,100.02,100.095,102.5,,,,,,102.14666666666666,102.96333333333332,103.42666666666666,104.24333333333333,101.68333333333332,100.86666666666666,100.40333333333332,0,0,0,0,0,0,0,0,0,0,0,0,0,0,0,0,0,0,0,0,0,0,,,,,,,,,,,,,,,,,,USD,1.0,stock,25.0
2025-11-12,102.5,104.63,102.3,104.13,7530666,100.6365,99.866,,100.41655113552798,100.69260580098386,102.1259833095935,103.66127480819489,56.78627145085801,0.6057531072965929,0.23886987574847657,0.36688323154811636,1,1.8160714285714274,0.5,0.05,7115985.6,7962409.55,1.0582744855470196,0.9457772741669637,93.03621169916434,66.29399428114765,1.6299999999999955,0.5,0.20000000000000284,,0,3.566166200395673,3.3549409392105995,4.094881398252181,,0,,,1.5902439024390258,5.288169868554093,6.570463616825295,105.49,3.6980446176249653,105.49,0,25,20,20,101.03999999999999,100.00999999999999,100.52499999999999,100.095,104.13,,,,,,103.68666666666667,105.07333333333334,106.01666666666667,107.40333333333334,102.74333333333334,101.35666666666667,100.41333333333334,0,0,0,0,0,0,0,0,0,0,0,0,0,0,0,0,0,0,0,0,0,0,,,,,,,,,,,,,,,,,,USD,1.0,stock,25.0
2025-11-13,103.3,105.65,102.61,104.98,10338339,100.9965,99.8198,,100.85116531309674,100.86073890682763,102.18249849158174,103.67439645189445,65.61743341404357,0.8873323047071011,0.3685623615402015,0.5187699431668996,1,1.8928571428571428,0.5,0.05,7466361.6,8068274.45,1.3846555462837482,1.2813568829453985,91.82926829268291,82.55880842182637,1.6800000000000068,0.6700000000000017,0.6899999999999977,,0,3.9329726489838643,3.7945322918651234,4.9154124595161015,,0,,,0.8162873331412746,5.98687531549722,7.3634690120679025,105.65,4.093988080440238,105.65,0,25,20,20,101.55000000000001,100.09,100.82000000000001,100.095,104.98,,,,,,104.41333333333334,106.21666666666668,107.45333333333335,109.25666666666669,103.17666666666668,101.37333333333333,100.13666666666667,0,0,0,0,0,0,0,0,0,0,0,0,0,0,0,0,0,0,0,0,0,0,,,,,,,,,,,,,,,,,,USD,1.0,stock,25.0
2025-11-14,104.4,104.615,102.63,102.69,9709193,101.16900000000001,99.7292,,101.02629242613516,100.93247463597166,102.19254802640191,103.66460146232338,50.973053892215525,0.9151526752742285,0.47788042428700694,0.43727225098722156,0,1.9160714285714298,0.5,0.05,7709891.2,8228734.65,1.2593164738822773,1.1799132446201799,63.90243902439017,82.92263967207914,1.710000000000008,0.2149999999999892,0.060000000000002274,,0,1.6201261796327204,1.481156879929873,2.8832408218911207,,0,,,-2.181367879596119,2.6694661067786507,3.476420798065294,105.65,1.646806523243691,105.65,0,25,20,20,101.55000000000001,100.09,100.82000000000001,100.095,102.69,,,,,,103.31166666666667,103.99333333333334,105.29666666666667,105.97833333333334,102.00833333333334,101.32666666666667,100.02333333333334,0,0,0,0,0,0,0,0,0,0,0,0,0,0,0,0,0,0,0,0,0,0,,,,,,,,,,,,,,,,,,USD,1.0,stock,25.0
2025-11-17,102.27,102.705,101.26,101.76,6765389,101.23049999999999,99.6016,,101.09616933793181,100.96492661103159,102.1839827189484,103.64565020399179,53.078721745908055,0.8523321373963455,0.5527707669088746,0.2995613704874709,0,1.8803571428571442,0.5,0.05,7583266.3,8101517.65,0.8921470949793758,0.8350767463920787,52.560975609756106,69.43089430894305,0.5099999999999909,0.4350000000000023,0.5,,0,0.6523493141393406,0.5203419811320882,2.1210691823899372,,0,,,-0.9056383289512082,0.8423347537409587,1.2235153685467015,105.65,0.6566328540592095,105.65,0,25,20,20,101.55000000000001,100.09,100.82000000000001,100.095,101.76,,,,,,101.90833333333335,102.55666666666669,103.35333333333334,104.00166666666668,101.1116666666667,100.46333333333335,99.6666666666667,0,0,0,0,0,0,0,0,0,0,0,0,0,0,0,0,0,0,0,0,0,0,,,,,,,,,,,,,,,,,,USD,1.0,stock,25.0
2025-11-18,101.5,101.895,99.14,99.22,10109742,101.1965,99.4242,,100.91748654384307,100.89649811648133,102.1252899918405,103.60161388355407,46.3265306122449,0.5907794978920577,0.5603725131055113,0.030406984786546465,0,1.9878571428571437,0.5,0.05,7899685.5,8159211.65,1.2797651248268047,1.2390586779299932,21.58536585365848,46.01626016260158,2.280000000000001,0.394999999999996,0.0799999999999983,,0,-1.7108310258446582,-1.9920378955855689,-0.20580528119330796,,0,,,-2.4960691823899483,-3.200000000000003,-0.6806806806806898,105.65,-1.682053925417183,105.65,0,25,20,20,101.55000000000001,100.09,100.82000000000001,100.095,99.22,,,,,,100.085,101.02999999999999,102.83999999999999,103.78499999999998,98.27499999999999,97.33,95.52,0,0,0,0,0,0,0,0,0,0,0,0,0,0,0,0,0,0,0,0,0,0,,,,,,,,,,,,,,,,,,USD,1.0,stock,25.0
2025-11-19,99.34,99.44,95.985,97.01,16170277,100.8545,99.2598,,100.54534496823898,100.74408642563893,102.02399712071494,103.53602568570777,39.302884615384656,0.20283051254948248,0.48886411299430554,-0.28603360044482307,0,2.0942857142857148,0.5,0.05,8872350.7,8080259.75,1.8225470956642866,2.0012075725659684,10.60527677185727,28.250539411757288,2.3299999999999983,0.09999999999999432,1.0250000000000057,,0,-3.644309832222424,-3.962993505824138,-2.3191423564580904,,0,,,-2.2273735134045514,-6.837606837606824,-6.586422725084251,105.65,-3.516169713630944,105.65,0,25,20,20,100.8175,100.62,100.71875,100.095,97.01,,,,,,97.47833333333334,98.97166666666668,100.93333333333334,102.42666666666668,95.51666666666668,94.02333333333334,92.06166666666668,0,0,0,0,0,0,0,0,0,0,0,0,0,0,0,0,0,0,0,0,0,0,,,,,,,,,,,,,,,,,,USD,1.0,stock,25.0
2025-11-20,97.34,98.355,96.34,96.6,7939186,100.565,99.105,,100.1695978284067,100.58157323247661,101.91659123713642,103.46701050475546,37.810650887573956,-0.13613613422944582,0.36386406354955525,-0.5000001977790011,0,2.1517857142857144,0.5,0.05,8985272.8,7921494.2,0.8835776249331015,1.0022333917760111,6.363166063114273,12.851269562876674,0.7400000000000091,1.0150000000000006,0.2599999999999909,,0,-3.6952358472119045,-4.104554865424435,-2.5931677018633645,,0,,,-0.4226368415627402,-7.982472851971812,-5.654849106358051,105.65,-3.56355411800846,105.65,0,25,20,20,100.8175,100.8175,100.8175,99.38,96.6,,,,,,97.09833333333331,97.85666666666663,99.11333333333332,99.87166666666663,95.84166666666663,95.08333333333331,93.82666666666663,0,0,0,0,0,0,0,0,0,0,0,0,0,0,0,0,0,0,0,0,0,0,,,,,,,,,,,,,,,,,,USD,1.0,stock,25.0
2025-11-21,96.45,98.345,96.0701,96.88,13388514,100.35350000000001,98.9884,,99.85630279712987,100.4364134978697,101.81685675719312,103.40146811167332,44.31893687707638,-0.37782070211346763,0.21552711041695066,-0.5933478125304184,0,2.118564285714286,0.5,0.05,9619477.3,8251001.45,1.3918130458086324,1.6226532113868433,9.260217278841132,8.742886704604224,0.4299999999999926,1.4650000000000034,0.37990000000000634,,0,-3.072154001992027,-3.5853633360858956,-2.1763005780346854,,0,,,0.28985507246377384,-5.657805044308118,-4.183562456730295,105.65,-2.980585815576002,105.65,0,25,20,20,100.8175,100.8175,100.8175,98.205,96.88,,,,,,97.09836666666666,98.12663333333333,99.37326666666667,100.40153333333333,95.85173333333333,94.82346666666666,93.57683333333333,0,0,0,0,0,0,0,0,0,0,0,0,0,0,0,0,0,0,0,0,0,0,,,,,,,,,,,,,,,,,,USD,1.0,stock,25.0
2025-11-24,96.29,98.285,96.13,98.04,17698475,100.134,98.9518,,99.68332157835559,100.34243649795324,101.74206751447643,103.34812017026364,47.49373433583961,-0.4703334467278495,0.07835499898799063,-0.5486884457158401,1,2.195350000000001,0.5,0.05,10565686.5,8793024.05,1.6750899243508692,2.012785919765567,21.262286601138182,12.295223314364529,1.75,0.24499999999999034,0.1600000000000108,,0,-1.67617460052589,-2.135862913096689,-0.9300285597715212,,0,,,1.1973575557390648,-3.655660377358494,-4.285853753783075,105.65,-1.6485421556341875,105.65,0,25,20,20,100.8175,100.8175,100.8175,98.17,98.04,,,,,,97.485,98.84,99.64,100.995,96.685,95.33,94.53,0,0,0,0,0,0,0,0,0,0,0,0,0,0,0,0,0,0,0,0,0,0,,,,,,,,,,,,,,,,,,USD,1.0,stock,25.0
2025-11-25,98.85,101.765,98.74,101.36,8827638,100.1535,98.99939999999998,,99.84300523755982,100.3823409490139,101.73450182112046,103.32833788001226,56.399583766909444,-0.2726117116339708,0.008161656863598349,-0.2807733684975692,1,2.354635714285714,0.5,0.05,10847741.9,8953787.85,0.8137765519660825,0.9859110074849495,55.61303673047073,28.711846870150016,2.510000000000005,0.40500000000000114,0.10999999999999943,,0,1.4966404522890462,1.1903117600631465,2.3289265982636342,,0,,,3.3863729090167105,2.1568232211247818,0.38625334257700317,105.65,1.5193801096338602,105.65,0,25,20,20,100.8175,100.8175,100.8175,98.17,101.36,,,,,,100.62166666666667,102.50333333333334,103.64666666666668,105.52833333333335,99.47833333333334,97.59666666666666,96.45333333333333,0,0,0,0,0,0,0,0,0,0,0,0,0,0,0,0,0,0,0,0,0,0,,,,,,,,,,,,,,,,,,USD,1.0,stock,25.0
2025-11-26,100.915,101.69,100.9,100.96,5310193,100.1865,99.0486,,99.94938569112556,100.404994245131,101.7191651513953,103.30477232896736,54.904982023626076,-0.14650366605745546,-0.022771407720612414,-0.12373225833684305,1,2.292492857142857,0.5,0.05,10625694.6,8870840.1,0.4997501998598755,0.5986121878129671,51.474392136575176,42.7832384893947,0.044999999999987494,0.730000000000004,0.015000000000000568,,0,1.0010046640990862,0.7661450079239289,1.8932250396196517,,0,,,-0.39463299131807794,4.071745180909181,0.6580259222332963,105.65,1.011126083353376,105.65,0,25,20,20,100.3,100.8175,100.55875,98.17,100.96,,,,,,101.18333333333334,101.46666666666667,101.97333333333333,102.25666666666666,100.67666666666668,100.39333333333335,99.88666666666668,0,0,0,0,0,0,0,0,0,0,0,0,0,0,0,0,0,0,0,0,0,0,,,,,,,,,,,,,,,,,,USD,1.0,stock,25.0
2025-11-28,101.55,101.733335,100.5,101.58,2818974,100.237,99.1156,,100.10468229197075,100.45107290218468,101.71640940582311,103.28761041524629,54.07949790794979,0.003427180659841156,-0.017531690044521698,0.020958870704362854,1,2.2663024999999988,0.5,0.05,9873758.1,8670059.85,0.2855016267818026,0.32513893199941407,57.88929125711324,54.99224004138639,0.030000000000001137,0.15333499999999844,1.0499999999999972,,0,1.452370257953585,1.3221106517030945,2.4260681236463846,,0,,,0.614104595879561,5.155279503105592,1.0042756289151855,105.65,1.4737749266575364,105.65,0,25,20,20,99.345,100.8175,100.08125,98.17,101.58,,,,,,101.27111166666667,102.04222333333334,102.50444666666667,103.27555833333334,100.80888833333334,100.03777666666667,99.57555333333335,0,0,0,0,0,0,0,0,0,0,0,0,0,0,0,0,0,0,0,0,0,0,,,,,,,,,,,,,,,,,,USD,1.0,stock,25.0
2025-12-01,101.63,101.91,100.88,101.01,5614252,100.25150000000001,99.1792,,100.19090302606878,100.47299161190294,101.70242110075732,103.26494762504484,50.265957446808535,0.07538522659892521,0.0010516932841676836,0.07433353331475753,1,2.1641596428571424,0.5,0.05,9464264.0,8587077.6,0.5932053459201899,0.6538024065370039,51.99172271081223,53.785135368166884,0.6199999999999903,0.28000000000000114,0.13000000000000966,,0,0.8109068150987265,0.7509157509157488,1.812493812493823,,0,,,-0.5611340815121046,4.26300578034684,0.2879269261318651,105.65,0.8175362724479107,105.65,0,25,20,20,98.94749999999999,100.8175,99.8825,98.17,101.01,,,,,,101.26666666666667,101.65333333333334,102.29666666666667,102.68333333333334,100.62333333333333,100.23666666666666,99.59333333333333,0,0,0,0,0,0,0,0,0,0,0,0,0,0,0,0,0,0,0,0,0,0,,,,,,,,,,,,,,,,,,USD,1.0,stock,25.0
2025-12-02,101.06,101.82,98.99,99.02,7977843,100.273,99.21900000000001,,100.07938845215746,100.41601154869107,101.64930385123738,103.22270934021853,40.93750000000001,-0.027842916629424508,-0.0047272286985507546,-0.023115687930873752,0,2.2448739285714274,0.5,0.05,9585509.4,8584387.85,0.832281589541814,0.9293432612087769,31.401965856182045,47.094326608035836,2.0400000000000063,0.7599999999999909,0.030000000000001137,,0,-1.0698732096116579,-1.2654009291052315,-0.20096950111089912,,0,,,-1.9701019701019784,0.9995920032639605,0.43614971092402754,105.65,-1.0585480872156807,105.65,0,25,20,20,98.94749999999999,100.8175,99.8825,98.17,99.02,,,,,,99.94333333333333,100.89666666666666,102.77333333333333,103.72666666666666,98.06666666666666,97.11333333333333,95.23666666666666,0,0,0,0,0,0,0,0,0,0,0,0,0,0,0,0,0,0,0,0,0,0,,,,,,,,,,,,,,,,,,USD,1.0,stock,25.0
2025-12-03,99.0,99.34,97.64,98.57,9868971,100.2595,99.2366,,99.9356371709996,100.34361893893848,101.58832753735149,103.17641372489297,34.57269700332965,-0.144299804724227,-0.032641743903686,-0.11165806082054099,0,2.199873928571428,0.5,0.05,9561432.3,8730558.9,1.0321645011281415,1.1303939545038748,26.74599068804958,36.71322641834795,0.4300000000000068,0.3400000000000034,0.9299999999999926,,0,-1.3854490930299332,-1.7140103479760675,-0.6762706705894315,,0,,,-0.45445364572813673,-2.7525651144435725,-0.27316875758802706,105.65,-1.3665166998063634,105.65,0,25,20,20,98.99005,100.8175,99.903775,98.17,98.57,,,,,,98.51666666666667,99.39333333333333,100.21666666666667,101.09333333333333,97.69333333333333,96.81666666666666,95.99333333333333,0,0,0,0,0,0,0,0,0,0,0,0,0,0,0,0,0,0,0,0,0,0,,,,,,,,,,,,,,,,,,USD,1.0,stock,25.0
2025-12-04,98.65,99.265,97.15,97.72,9407689,100.2005,99.22980000000001,,99.72462410709488,100.2407319217252,101.5117269920574,103.12212105101344,29.855715871254176,-0.3017027819526561,-0.08645395151348002,-0.2152488304391761,0,2.1338024999999985,0.5,0.05,8885173.5,8878762.1,1.0588075742133791,1.0595721446348922,20.10428736964079,26.08408130462414,0.9300000000000068,0.6149999999999949,0.5699999999999932,,0,-2.0513959343991854,-2.5383749488334084,-1.5450266066312042,,0,,,-0.8623313381353248,-3.2091917591125174,-1.193124368048537,105.65,-2.010159602047841,105.65,0,25,20,20,98.99005,100.8175,99.903775,98.17,97.72,,,,,,98.045,98.94,100.16,101.05499999999999,96.825,95.93,94.71000000000001,0,0,0,0,0,0,0,0,0,0,0,0,0,0,0,0,0,0,0,0,0,0,,,,,,,,,,,,,,,,,,USD,1.0,stock,27.0
2025-12-05,98.05,98.685,97.02,97.52,8145496,100.124,99.2174,,99.51465990641918,100.13403655224579,101.43268289320478,103.0663785529934,33.77275580665413,-0.4375404104712004,-0.1566712433050241,-0.28086916716617627,0,2.084873928571427,0.5,0.05,8905804.5,8945538.65,0.9146277576607481,0.9105651787665128,22.84226190476186,23.230846654150742,0.5300000000000011,0.6350000000000051,0.5,,0,-2.0453854659753765,-2.6702214930270705,-1.740566037735851,,0,,,-0.20466639377814122,-3.996849773577482,-1.5446744068652207,105.65,-2.004388005038564,105.65,0,25,20,20,99.02,100.8175,99.91874999999999,98.17,97.52,,,,,,97.74166666666666,98.46333333333332,99.40666666666667,100.12833333333333,96.79833333333332,96.07666666666665,95.13333333333331,0,0,0,0,0,0,0,0,0,0,0,0,0,0,0,0,0,0,0,0,0,0,,,,,,,,,,,,,,,,,,USD,1.0,stock,25.0
2025-12-08,96.91,97.07,92.725,93.84,14721272,99.815,99.1306,,98.97421610580784,99.88721158941263,101.2823327369037,102.97457379127208,28.800856531049277,-0.832540940957557,-0.29184518283553074,-0.5406957581220263,0,2.324159642857142,0.5,0.05,9039080.3,9329278.8,1.6286249830085036,1.5779646332361725,12.13935764833978,18.36196897424748,3.069999999999993,0.1599999999999966,1.115000000000009,,0,-5.471244784535205,-6.367220801364018,-5.63789428815004,,0,,,-3.7735849056603654,-7.0983070983070995,-6.178764247150559,105.65,-5.187427905788243,105.65,0,25,20,20,97.3175,99.1875,98.2525,98.17,93.84,,,,,,94.545,96.36500000000001,98.89,100.71000000000001,92.02000000000001,90.2,87.67500000000001,0,0,0,0,0,0,0,0,0,0,0,0,0,0,0,0,0,0,0,0,0,0,,,,,,,,,,,,,,,,,,USD,1.0,stock,27.0
2025-12-09,94.45,94.84,92.26,92.53,12670425,99.39599999999999,99.04039999999999,,98.36048123858804,99.59869348786704,101.10901921736105,102.87064768389624,30.830945558739288,-1.2370280695043334,-0.4808817601692913,-0.7561463093350421,0,2.311659642857142,0.5,0.05,8536275.3,9550980.9,1.4843036985932259,1.326609814495598,2.7979274611398575,12.593182338080497,1.9200000000000017,0.39000000000000057,0.269999999999996,,0,-6.301179334905474,-7.420296120177223,-7.035988328109791,,0,,,-1.3959931798806502,-6.554231468390215,-8.304429689822612,105.65,-5.927666442018856,105.65,0,25,20,20,97.08500000000001,98.95500000000001,98.02000000000001,98.17,92.53,,,,,,93.21,94.15999999999998,95.78999999999999,96.73999999999998,91.57999999999998,90.63,88.99999999999999,0,0,0,0,0,0,0,0,0,0,0,0,0,0,0,0,0,0,0,0,0,0,,,,,,,,,,,,,,,,,,USD,1.0,stock,25.0
2025-12-10,92.35,93.55,91.86,92.7,11593553,98.90599999999999,98.9418,,97.82138778729393,99.32815648834284,100.9425039853341,102.76944720942961,36.015574302401056,-1.5262754999098576,-0.6899605081174046,-0.8363149917924529,0,2.1855882142857133,0.5,0.05,8812866.8,9830304.35,1.3155257265433762,1.179368673361573,8.358208955223917,7.765164688234518,0.3500000000000085,0.8499999999999943,0.4899999999999949,,0,-5.5246901696806106,-6.6947141316073235,-6.73333333333333,,0,,,0.18372419755754432,-5.955158770416958,-9.560975609756095,105.65,-5.235447894513664,105.65,0,25,20,20,96.88499999999999,98.755,97.82,98.17,92.7,,,,,,92.70333333333333,93.54666666666667,94.39333333333333,95.23666666666666,91.85666666666667,91.01333333333334,90.16666666666667,0,0,0,0,0,0,0,0,0,0,0,0,0,0,0,0,0,0,0,0,0,0,,,,,,,,,,,,,,,,,,USD,1.0,stock,25.0
2025-12-11,92.96,93.89,91.45,91.75,11749972,98.287,98.8598,,97.24316037898022,99.03097388095685,100.7604742034463,102.65980096853977,34.79623824451414,-1.8112838798582516,-0.914225182465574,-0.8970586973926775,0,2.2159453571428562,0.5,0.05,9456844.7,10041269.65,1.2424833411930727,1.1701679577940625,2.868068833651982,4.674735083338585,1.2099999999999937,0.9300000000000068,0.29999999999999716,,0,-5.987095780904873,-7.124795640326982,-7.749100817438699,,0,,,-1.024811218985977,-6.109291854277532,-11.88898492269278,105.65,-5.648891251139967,105.65,0,25,20,20,96.68,98.55000000000001,97.61500000000001,98.17,91.75,,,,,,92.36333333333334,93.27666666666669,94.80333333333334,95.71666666666668,90.83666666666669,89.92333333333335,88.39666666666669,0,0,0,0,0,0,0,0,0,0,0,0,0,0,0,0,0,0,0,0,0,0,,,,,,,,,,,,,,,,,,USD,1.0,stock,25.0
2025-12-12,92.21,93.375,91.53,92.58,7775384,97.667,98.787,,96.7990498666964,98.77799451307618,100.59848461525922,102.55950444148964,36.96969696969699,-1.947728805688385,-1.1209259071101363,-0.8268028985782487,1,2.185238214285713,0.5,0.05,9952485.7,9913121.9,0.7812504568582299,0.7843527072939555,10.803059273422525,7.343112354099475,0.37000000000000455,0.7950000000000017,0.6799999999999926,,0,-4.55719363436638,-5.494707280190109,-6.70447180816592,,0,,,0.9046321525885581,-5.065627563576703,-11.811773671175462,104.615,-4.358565370741261,104.615,0,25,20,20,96.63499999999999,98.55000000000001,97.5925,98.17,92.58,,,,,,92.495,93.46000000000001,94.34,95.305,91.61500000000001,90.65,89.77000000000001,0,0,0,0,0,0,0,0,0,0,0,0,0,0,0,0,0,0,0,0,0,0,,,,,,,,,,,,,,,,,,USD,1.0,stock,25.0
2025-12-15,92.8,93.115,91.77,92.19,11765271,97.142,98.68440000000001,,96.36009273653484,98.51964178707318,100.43197996941251,102.45632529281811,31.404958677685926,-2.0635448722995733,-1.3094497001480236,-0.7540951721515496,1,2.12738107142857,0.5,0.05,10567587.6,10015925.8,1.1133355544646728,1.17465636576501,7.074569789674907,6.915232632249804,0.6099999999999994,0.3149999999999977,0.4200000000000017,,0,-4.523367758471462,-5.371515348736303,-7.044581841848371,,0,,,-0.4212572909915724,-1.758312020460362,-10.224948875255624,102.705,-4.327613868052821,102.705,0,25,20,20,95.39500000000001,98.55000000000001,96.97250000000001,98.55000000000001,92.19,,,,,,92.35833333333333,92.94666666666667,93.70333333333333,94.29166666666667,91.60166666666667,91.01333333333334,90.25666666666667,0,0,0,0,0,0,0,0,0,0,0,0,0,0,0,0,0,0,0,0,0,0,,,,,,,,,,,,,,,,,,USD,1.0,stock,25.0
2025-12-16,91.59,93.165,90.42,92.95,14569690,96.7015,98.6094,,96.035321999722,98.30122446208992,100.28382195021622,102.36173499139704,18.07137433561128,-2.070140994319175,-1.461587958982254,-0.6085530353369208,1,2.0573810714285705,0.5,0.05,11226772.3,10406140.85,1.297763026689336,1.4001050158762747,22.019147084421256,13.298925382506228,1.3599999999999994,0.2150000000000034,1.1700000000000017,,0,-3.319335126112962,-4.036040882194721,-6.088649811726725,,0,,,0.8243844234732567,0.4539068410245317,-8.657625786163525,101.91,-3.212695012082043,101.91,0,25,20,20,94.8425,98.035,96.43875,98.035,92.95,,,,,,92.17833333333334,93.93666666666668,94.92333333333335,96.68166666666669,91.19166666666668,89.43333333333334,88.44666666666667,0,0,0,0,0,0,0,0,0,0,0,0,0,0,0,0,0,0,0,0,0,0,,,,,,,,,,,,,,,,,,USD,1.0,stock,28.75
2025-12-17,93.77,95.99,93.58,94.48,12335853,96.4645,98.581,,95.88719609498656,98.15137252240012,100.1688947828852,102.28330976760205,27.34265734265739,-1.9296662637725035,-1.555203619940304,-0.3744626438321994,1,2.2180953571428565,0.5,0.05,11473460.5,10517446.4,1.075164114610409,1.172894306359384,35.335073977371664,21.47626361715594,0.710000000000008,1.509999999999991,0.18999999999999773,,0,-1.4894116162008464,-2.100444538526669,-4.34060118543607,,0,,,1.646046261430878,1.9201725997842534,-4.7772626486595415,101.91,-1.4675537009055735,101.91,0,25,20,20,94.55250000000001,98.035,96.29375,98.035,94.48,,,,,,94.68333333333334,95.78666666666668,97.09333333333333,98.19666666666667,93.37666666666668,92.27333333333334,90.96666666666668,0,0,0,0,0,0,0,0,0,0,0,0,0,0,0,0,0,0,0,0,0,0,,,,,,,,,,,,,,,,,,USD,1.0,stock,27.0
2025-12-18,95.0,97.05,94.655,96.11,15707072,96.4195,98.56739999999999,,95.90841551451166,98.07131869799227,100.08852062876866,102.22188379976521,32.13585891574135,-1.6675887254379518,-1.5776806410398336,-0.08990808439811815,1,2.3135714285714277,0.5,0.05,12103398.8,10494286.15,1.2977405982854997,1.4967261017558589,49.521322889469104,35.62518131708734,1.1099999999999994,0.9399999999999977,0.34499999999999886,,0,0.20974350794749738,-0.3220268442409738,-2.5568619290396346,,0,,,1.7252328535139583,4.752043596730249,-0.9277394083084256,101.91,0.2101843559889054,101.91,0,25,20,20,93.745,98.035,95.89,98.035,96.11,,,,,,95.93833333333333,97.22166666666666,98.33333333333333,99.61666666666666,94.82666666666667,93.54333333333334,92.43166666666667,0,0,0,0,0,0,0,0,0,0,0,0,0,0,0,0,0,0,0,0,0,0,,,,,,,,,,,,,,,,,,USD,1.0,stock,25.0
2025-12-19,96.85,97.27,95.455,95.61,16423049,96.37,98.53399999999999,,95.87999498932007,97.97479639611022,99.99983705196135,102.15609391121033,32.283464566929126,-1.483139500526974,-1.5587724129372618,0.07563291241028769,1,2.369642857142856,0.5,0.05,12931154.1,10918479.3,1.2700373743129394,1.5041516816357383,45.5263157894737,43.46090421877148,1.2399999999999949,0.4200000000000017,0.15500000000000114,,0,-0.28239199803374976,-0.7948959313879355,-3.058257504445134,,0,,,-0.5202372281760459,3.272845106934552,-1.024844720496887,101.91,-0.28159679122860043,101.91,0,25,20,20,93.845,98.035,95.94,98.035,95.61,,,,,,96.11166666666666,96.76833333333333,97.92666666666666,98.58333333333333,94.95333333333333,94.29666666666667,93.13833333333334,0,0,0,0,0,0,0,0,0,0,0,0,0,0,0,0,0,0,0,0,0,0,,,,,,,,,,,,,,,,,,USD,1.0,stock,25.0
2025-12-22,95.76,96.57,95.2,96.43,8969245,96.3475,98.5544,,95.93237641890863,97.91421614528237,99.92914720934824,102.09911785239233,40.79601990049755,-1.2563130194653667,-1.4982805342428829,0.2419675147775162,1,2.265357142857141,0.5,0.05,12355951.4,10697515.85,0.7259048461456395,0.8384418518996632,67.37668161434982,54.14144009776421,0.6700000000000017,0.13999999999998636,0.5600000000000023,,0,0.51604643896233,0.08555428808463157,-2.2030488437208278,,0,,,0.8576508733396215,4.59919730990348,-0.4644921552435899,101.91,0.5187232920389653,101.91,0,25,20,20,93.845,97.5175,95.68125,98.035,96.43,,,,,,96.06666666666666,96.93333333333332,97.43666666666665,98.30333333333331,95.56333333333333,94.69666666666667,94.19333333333334,0,0,0,0,0,0,0,0,0,0,0,0,0,0,0,0,0,0,0,0,0,0,,,,,,,,,,,,,,,,,,USD,1.0,stock,25.0
2025-12-23,95.81,96.25,95.69,96.09,5824788,96.25,98.57719999999999,,95.94738818853638,97.84267825723208,99.85312449233145,102.0393256349556,41.1174785100287,-1.0914055141382875,-1.4169055302219637,0.3255000160836763,1,2.196785714285713,0.5,0.05,11671387.7,10103831.5,0.4990655909750989,0.5764929868436544,64.10401356698704,59.00233699027018,0.28000000000000114,0.1599999999999966,0.12000000000000455,,0,0.14841483137019865,-0.16651056301383765,-2.588406702050148,,0,,,-0.3525873690760184,3.378160301237232,-1.988984088127299,101.91,0.14863542839060095,101.91,0,25,20,20,93.845,96.5625,95.20375,98.035,96.09,,,,,,96.00999999999999,96.32999999999998,96.57,96.88999999999999,95.76999999999998,95.44999999999999,95.20999999999998,0,0,0,0,0,0,0,0,0,0,0,0,0,0,0,0,0,0,0,0,0,0,,,,,,,,,,,,,,,,,,USD,1.0,stock,25.0
2025-12-24,95.92,96.25,95.55,96.13,2079616,95.9885,98.575,,95.96477978962815,97.7755144040073,99.77939925485953,101.9805263749063,43.95437262357413,-0.9465759243334446,-1.32283960904426,0.3762636847108154,1,2.0957142857142848,0.5,0.05,10719994.0,9766430.4,0.1939941384295551,0.21293511701061218,69.08650937689042,66.85573485274243,0.20999999999999375,0.12000000000000455,0.37000000000000455,,0,0.17187164295416865,0.1471965047331671,-2.543430770831174,,0,,,0.04162764075346104,1.7464013547840773,-5.159826361483821,101.91,0.17216755015124754,101.91,0,25,20,20,93.845,96.16499999999999,95.005,98.035,96.13,,,,,,95.97666666666667,96.40333333333335,96.67666666666668,97.10333333333335,95.70333333333335,95.27666666666667,95.00333333333334,0,0,0,0,0,0,0,0,0,0,0,0,0,0,0,0,0,0,0,0,0,0,,,,,,,,,,,,,,,,,,USD,1.0,stock,25.0
2025-12-26,96.14,96.31,95.81,96.06,3295114,95.74350000000001,98.54199999999999,,95.97384838109214,97.70823932934034,99.70574778446627,101.92161566470824,44.39324116743474,-0.8279023035537705,-1.2238521479461621,0.39594984439239167,1,2.012499999999999,0.5,0.05,9874508.2,9665676.45,0.33369904943721657,0.3409087834716421,82.33576642335774,71.84209645574506,0.0799999999999983,0.1700000000000017,0.25,,0,0.0896852164354183,0.3294815740162301,-2.5838017905475588,,0,,,-0.07281805887859871,-0.05202372281760681,-4.853407290015843,101.91,0.08976572301839217,101.91,0,25,20,20,93.845,96.16499999999999,95.005,98.035,96.06,,,,,,96.06,96.31,96.56,96.81,95.81,95.56,95.31,0,0,0,0,0,0,0,0,0,0,0,0,0,0,0,0,0,0,0,0,0,0,,,,,,,,,,,,,,,,,,USD,1.0,stock,25.0
2025-12-29,96.46,96.64,95.531,95.76,5579430,95.4525,98.5016,,95.95348186860718,97.63183778701327,99.62761416497189,101.86030605610418,59.9585062240664,-0.7494212353810354,-1.128965965433137,0.37954473005210154,0,1.749214285714284,0.5,0.05,9654912.8,9803699.25,0.5778850742183813,0.5691147655309806,77.95620437956215,76.45949339327011,0.6999999999999886,0.18000000000000682,0.2289999999999992,,0,-0.2020487349699032,0.3211152882205561,-2.862990810359222,,0,,,-0.31230480949406836,0.15688735487919825,-5.729474305965732,101.91,-0.201641321231179,101.91,0,25,20,20,93.845,96.16499999999999,95.005,98.035,95.76,,,,,,95.97699999999999,96.42299999999997,97.08599999999998,97.53199999999997,95.31399999999998,94.868,94.20499999999998,0,0,0,0,0,0,0,0,0,0,0,0,0,0,0,0,0,0,0,0,0,0,,,,,,,,,,,,,,,,,,USD,1.0,stock,25.0
2025-12-30,95.56,96.168,95.5,96.01,3991724,95.2025,98.43700000000001,,95.95886454778746,97.56823630516962,99.55597824091305,101.80209405554594,70.27972027972031,-0.6594497861245543,-1.0350627295714205,0.37561294344686624,0,1.612642857142856,0.5,0.05,8877558.1,9722572.85,0.44964211498655243,0.41056251895299506,81.60583941605852,80.63260340632614,0.45000000000000284,0.15800000000000125,0.060000000000002274,,0,0.053260548080979755,0.8410582231017649,-2.527861681074895,,0,,,0.26106934001670634,-0.4355491029762515,-4.950004950004949,101.82,0.05328893005719471,101.82,0,25,20,20,95.425,96.16499999999999,95.79499999999999,98.035,96.01,,,,,,95.89266666666667,96.28533333333334,96.56066666666668,96.95333333333335,95.61733333333333,95.22466666666666,94.94933333333333,0,0,0,0,0,0,0,0,0,0,0,0,0,0,0,0,0,0,0,0,0,0,,,,,,,,,,,,,,,,,,USD,1.0,stock,27.0
2025-12-31,96.12,96.33,95.27,95.35,4219651,95.01899999999999,98.3334,,95.90087744799818,97.48124664614336,99.47269154307318,101.73789411469474,64.60859977949278,-0.634093809799694,-0.9548689456170752,0.32077513581738126,0,1.5676428571428562,0.5,0.05,7842554.2,9534663.25,0.5380455005334869,0.4425589965120163,71.97080291970798,77.17761557177622,0.7700000000000102,0.20999999999999375,0.0799999999999983,,0,-0.577742472992333,0.34714210802307616,-3.128893550078661,,0,,,-0.6874283928757552,-0.7701113539390292,-3.706321955160574,99.34,-0.5744237828239896,99.34,0,25,20,20,95.9625,96.16499999999999,96.06375,98.035,95.35,,,,,,95.64999999999999,96.02999999999999,96.71,97.08999999999999,94.96999999999998,94.58999999999999,93.90999999999998,0,0,0,0,0,0,0,0,0,0,0,0,0,0,0,0,0,0,0,0,0,0,,,,,,,,,,,,,,,,,,USD,1.0,stock,25.0
2026-01-02,95.72,95.84,94.2301,94.71,6030637,94.826,98.22959999999999,,95.78746054818883,97.37257030707892,99.37838081944797,101.66796482002115,66.89497716894972,-0.6580560071542862,-0.8955063579245175,0.23745035077023124,0,1.50835,0.5,0.05,7212032.6,9342746.55,0.8361910344110203,0.6454886652148344,62.62773722627731,72.06812652068128,1.0100000000000051,0.12000000000000455,0.47990000000000066,,0,-1.1376417993758194,-0.12247914686939043,-3.716186252771616,,0,,,-0.6712113266911346,-1.4771663372516453,-3.915998782591057,99.265,-1.1248450914374006,99.265,0,25,20,20,95.75004999999999,96.16499999999999,95.95752499999999,98.035,94.71,,,,,,94.9267,95.6233,96.5366,97.23320000000001,94.01339999999999,93.31679999999999,92.40349999999998,0,0,0,0,0,0,0,0,0,0,0,0,0,0,0,0,0,0,0,0,0,0,,,,,,,,,,,,,,,,,,USD,1.0,stock,25.0
2026-01-05,94.28,95.78,93.86,95.48,7533493,94.714,98.06219999999999,,95.75817859121847,97.29835186366407,99.30118515965692,101.60639303076722,66.66666666666666,-0.6079060933192295,-0.8379863050034599,0.23008021168423043,0,1.5137071428571431,0.5,0.05,6394674.7,9249036.75,1.1780885429559067,0.8145164954610004,73.86861313868623,69.48905109489051,1.2000000000000028,0.29999999999999716,0.4200000000000017,,0,-0.2913474981341256,0.8022622538751627,-2.704440720569738,,0,,,0.8130081300813163,-0.6037892983551951,-2.2922636103151817,98.685,-0.29050113035877395,98.685,0,25,20,20,95.25,96.16499999999999,95.7075,98.035,95.48,,,,,,95.04,96.22000000000001,96.96000000000001,98.14000000000001,94.30000000000001,93.12,92.38000000000001,0,0,0,0,0,0,0,0,0,0,0,0,0,0,0,0,0,0,0,0,0,0,,,,,,,,,,,,,,,,,,USD,1.0,stock,25.0
2026-01-06,95.85,98.09,95.1,97.79,6651334,94.72749999999999,97.9702,,95.9516853920548,97.31763218273606,99.27126070104985,101.56841897075958,76.3653483992467,-0.377413641245397,-0.7458717722518474,0.3684581310064504,1,1.631207142857144,0.5,0.05,5417503.2,9174328.65,1.2277489748413992,0.7249940844445332,96.0886571056063,77.52833582352328,1.940000000000012,0.29999999999999716,0.75,,0,1.8798595029606373,3.131710808876177,-0.18427242049289216,,0,,,2.4193548387096753,2.119883040935666,0.27686628383922773,98.09,1.9158752662174996,98.09,0,25,20,20,95.975,96.16499999999999,96.07,98.035,97.79,,,,,,96.99333333333334,98.88666666666668,99.98333333333335,101.8766666666667,95.89666666666668,94.00333333333333,92.90666666666667,0,0,0,0,0,0,0,0,0,0,0,0,0,0,0,0,0,0,0,0,0,0,,,,,,,,,,,,,,,,,,USD,1.0,stock,27.0
2026-01-07,98.28,99.15,98.12,98.65,9701126,94.968,97.92099999999999,,96.20866773566863,97.36988190106015,99.25895850894986,101.53937997602567,76.58582089552237,-0.12392338801096514,-0.621482095403671,0.4975587073927059,1,1.532278571428572,0.5,0.05,5490691.3,8923321.35,1.7668314370542013,1.0871653748074421,91.0233393177738,86.99353652068878,0.37000000000000455,0.5,0.1599999999999966,,0,2.474741271496583,3.7323872275722274,0.7389761784085286,,0,,,0.8794355251048103,2.7497135715029764,5.125745950554128,99.15,2.5375387912437266,99.15,0,25,20,20,96.505,96.16499999999999,96.335,98.035,98.65,,,,,,98.64,99.16,99.67,100.19,98.13,97.61,97.1,0,0,0,0,0,0,0,0,0,0,0,0,0,0,0,0,0,0,0,0,0,0,,,,,,,,,,,,,,,,,,USD,1.0,stock,27.0
2026-01-08,98.9,100.9,98.34,98.38,9736405,95.26050000000001,97.84,,96.41546128465257,97.40949437552838,99.24155338996076,101.5079433593488,70.61310782241006,0.0545538575489104,-0.4862749048131548,0.5408287623620651,1,1.4979928571428585,0.5,0.05,5881853.0,8776620.35,1.6553295364573035,1.1093569747493977,64.20454545454534,83.77218062597514,0.5200000000000102,2.0,0.03999999999999204,,0,1.99688830590306,3.1708680626143404,0.5488920512299167,,0,,,-0.2736948808920503,3.1777661248033606,6.322273857127403,100.9,2.0375764313852285,100.9,0,25,20,20,97.38,96.12,96.75,98.035,98.38,,,,,,99.20666666666666,100.07333333333332,101.76666666666667,102.63333333333333,97.51333333333332,96.64666666666666,94.95333333333332,0,0,0,0,0,0,0,0,0,0,0,0,0,0,0,0,0,0,0,0,0,0,,,,,,,,,,,,,,,,,,USD,1.0,stock,27.0
2026-01-09,98.95,99.09,97.235,97.64,9795705,95.50750000000001,97.7734,,96.53208401944755,97.41853381178217,99.20983946144668,101.46945636074832,58.92648774795798,0.13473342193286442,-0.362073239463951,0.4968066613968154,0,1.4469214285714307,0.5,0.05,6653461.9,8686727.95,1.4722719010384653,1.1276633798575448,53.693181818181785,69.64035553016697,1.3100000000000023,0.14000000000000057,0.40500000000000114,,0,1.1346947772966494,2.1840434248258838,-0.13662433428922025,,0,,,-0.7521854035372977,3.093654313166505,5.329018338727076,100.9,1.147717872048888,100.9,0,25,20,20,97.38,95.66,96.52,98.035,97.64,,,,,,97.98833333333333,98.74166666666666,99.84333333333333,100.59666666666666,96.88666666666666,96.13333333333333,95.03166666666665,0,0,0,0,0,0,0,0,0,0,0,0,0,0,0,0,0,0,0,0,0,0,,,,,,,,,,,,,,,,,,USD,1.0,stock,25.0
2026-01-12,97.9,97.9,95.34,95.72,7209801,95.706,97.68180000000001,,96.45474268426207,97.35192464269267,99.14073372953683,101.41224783974586,50.550550550550554,0.04285435218316991,-0.28108772113452685,0.32394207331769675,0,1.5001357142857168,0.5,0.05,7044930.6,8459719.4,1.023402700375785,0.8522506077447438,26.420454545454515,48.106060606060545,2.180000000000007,0.0,0.37999999999999545,,0,-0.767595783809103,0.014625992478056618,-2.049519431675732,,0,,,-1.9664072101597707,0.2513615416841253,4.326975476839245,100.9,-0.7617486334157801,100.9,0,25,20,20,97.38,95.66,96.52,98.035,95.72,,,,,,96.32000000000001,97.30000000000001,98.88000000000001,99.86000000000001,94.74000000000001,93.76,92.18,0,0,0,0,0,0,0,0,0,0,0,0,0,0,0,0,0,0,0,0,0,0,,,,,,,,,,,,,,,,,,USD,1.0,stock,25.0
2026-01-13,95.35,95.45,92.69,94.14,11108180,95.784,97.5532,,96.23429100004664,97.22596681356747,99.04170929924898,101.33988716472352,39.3488372093023,-0.15565892869973652,-0.2560019626475688,0.10034303394783228,0,1.618707142857146,0.5,0.05,7597805.6,8626359.2,1.4620247719946928,1.2877020006308109,17.66138855054813,32.59167497139481,1.2099999999999937,0.10000000000000853,1.4500000000000028,,0,-2.2246558317895033,-1.7463352453792282,-3.6256639048226083,,0,,,-1.6506477225240235,-3.7324879844564895,1.6850291639663117,100.9,-2.176241938588838,100.9,0,25,20,20,96.795,95.66,96.22749999999999,98.035,94.14,,,,,,94.09333333333332,95.49666666666664,96.85333333333332,98.25666666666665,92.73666666666664,91.33333333333331,89.97666666666663,0,0,0,0,0,0,0,0,0,0,0,0,0,0,0,0,0,0,0,0,0,0,,,,,,,,,,,,,,,,,,USD,1.0,stock,25.0
2026-01-14,93.92,93.99,92.79,93.74,7270389,95.8615,97.4136,,95.99673947623268,97.08926223264325,98.9367249566896,101.26426639691533,39.130434782608674,-0.34132421795330004,-0.2730664137087151,-0.06825780424458494,0,1.6622785714285737,0.5,0.05,7925672.1,8401615.1,0.9173214470984739,0.8653561146832351,12.789281364189964,18.95704148673087,0.18000000000000682,0.06999999999999318,0.9499999999999886,,0,-2.407445568842203,-2.263174738638801,-3.918924685299774,,0,,,-0.4248990864669677,-4.977192093259008,1.6813103373467753,100.9,-2.3508501315207853,100.9,0,25,20,20,96.795,95.66,96.22749999999999,98.035,93.74,,,,,,93.50666666666666,94.22333333333331,94.70666666666665,95.4233333333333,93.02333333333333,92.30666666666667,91.82333333333334,0,0,0,0,0,0,0,0,0,0,0,0,0,0,0,0,0,0,0,0,0,0,,,,,,,,,,,,,,,,,,USD,1.0,stock,25.0
2026-01-15,88.255,90.91,87.2165,90.03,27909054,95.71549999999999,97.2424,,95.42847857373434,96.81242841959842,98.76035416546802,101.1524826516724,28.936464088397827,-0.7788531571923869,-0.37422376240544947,-0.40462939478693744,0,2.078242857142859,0.5,0.05,10294612.4,9068583.3,2.7110349487271614,3.0775539107635477,20.561259911572353,17.00397660877015,1.7750000000000057,0.8799999999999955,1.038499999999999,,0,-5.996310756119446,-6.315117183161158,-8.011107408641568,,0,,,-3.957755493919346,-8.487497458833094,-3.141473910704684,100.9,-5.657093830289997,100.9,0,25,20,20,94.05825,94.05825,94.05825,96.43325,90.03,,,,,,89.3855,91.55449999999999,93.079,95.24799999999999,87.86099999999999,85.692,84.16749999999999,0,0,0,0,0,0,0,0,0,0,0,0,0,0,0,0,0,0,0,0,0,0,,,,,,,,,,,,,,,,,,USD,1.0,stock,27.0
2026-01-16,90.02,90.02,88.04,88.07,17377036,95.39500000000001,97.02699999999999,,94.72767109052154,96.4695880894181,98.5486639839736,101.02230869493934,25.595601710445962,-1.2691239425541454,-0.5532037984351886,-0.7159201441189568,0,2.18467142857143,0.5,0.05,11429252.3,9320642.45,1.5204000702653138,1.8643603263635546,6.237439251653424,13.195993509138582,1.9500000000000028,0.0,0.029999999999986926,,0,-7.55952207394294,-8.31724764391963,-10.1703190643806,,0,,,-2.1770520937465343,-9.801310938140118,-6.78450465707029,100.9,-7.028222074793216,100.9,0,25,20,20,94.05825,94.05825,94.05825,96.43325,88.07,,,,,,88.71,89.37999999999998,90.68999999999998,91.35999999999997,87.39999999999999,86.73,85.42,0,0,0,0,0,0,0,0,0,0,0,0,0,0,0,0,0,0,0,0,0,0,,,,,,,,,,,,,,,,,,USD,1.0,stock,27.0
2026-01-20,88.21,91.54,87.03,91.2,20605192,95.1495,96.87299999999999,,94.39170241523377,96.26293757610759,98.40314588528105,100.92457428006432,38.12500000000002,-1.3890896696318151,-0.7203809726745141,-0.6687086969573011,1,2.427600000000002,0.5,0.05,12736422.2,9565548.45,1.6178163440593232,2.154104608607152,30.064888248017304,18.95452913708103,2.990000000000009,0.3400000000000034,1.1799999999999926,,0,-3.499673700914214,-4.330592105263158,-6.220394736842091,,0,,,3.5539911434086635,-4.722106142916838,-5.108729580688786,100.9,-3.381337907428882,100.9,0,25,20,20,93.965,93.965,93.965,96.34,91.2,,,,,,89.92333333333333,92.81666666666666,94.43333333333334,97.32666666666667,88.30666666666666,85.41333333333333,83.79666666666665,0,0,0,0,0,0,0,0,0,0,0,0,0,0,0,0,0,0,0,0,0,0,,,,,,,,,,,,,,,,,,USD,1.0,stock,25.0
2026-01-21,91.7,92.29,90.44,91.71,14160872,94.9545,96.72619999999999,,94.1363021852115,96.08439100449553,98.27060834299824,100.83288697379503,38.95169578622816,-1.4265660692553013,-0.8616179919906715,-0.5649480772646298,1,2.5120285714285737,0.5,0.05,13487376.0,9452439.6,1.0499352876348964,1.4981182212473487,33.74188896899777,23.34807215622283,0.009999999999990905,0.5800000000000125,1.2600000000000051,,0,-2.645624452307831,-3.537782139352309,-5.46963253734598,,0,,,0.5592105263157787,-2.5812619502868173,-4.079071226859121,100.9,-2.5774351965066624,100.9,0,25,20,20,93.965,93.965,93.965,96.34,91.71,,,,,,91.48,92.52000000000001,93.33000000000001,94.37000000000002,90.67,89.63,88.82,0,0,0,0,0,0,0,0,0,0,0,0,0,0,0,0,0,0,0,0,0,0,,,,,,,,,,,,,,,,,,USD,1.0,stock,25.0
2026-01-22,91.92,93.065,90.92,91.29,11698700,94.69749999999999,96.5516,,93.86522578661993,95.8963756709859,98.13237847482006,100.73793287455328,39.4380853277836,-1.4731750311340193,-0.983929399819341,-0.48924563131467824,1,2.5895285714285734,0.5,0.05,13687133.4,9588912.35,0.8547224358900455,1.2200236661877508,30.713770728190365,31.50684931506848,0.6299999999999955,1.144999999999996,0.37000000000000455,,0,-2.8209286741372814,-3.7326103625807696,-5.763610472121796,,0,,,-0.45796532548249,-2.613612118625974,-5.330291403090326,100.9,-2.7435354946826447,100.9,0,25,20,20,93.06,93.965,93.5125,96.34,91.29,,,,,,91.75833333333334,92.59666666666668,93.90333333333334,94.74166666666667,90.45166666666668,89.61333333333334,88.30666666666669,0,0,0,0,0,0,0,0,0,0,0,0,0,0,0,0,0,0,0,0,0,0,,,,,,,,,,,,,,,,,,USD,1.0,stock,25.0
2026-01-23,91.5,92.595,90.89,92.51,13613136,94.51849999999999,96.3836,,93.7361566640847,95.76357662506489,98.0210442475959,100.65606289570201,44.44444444444448,-1.3955817672938622,-1.0662598733142452,-0.329321893979617,1,2.5963214285714296,0.5,0.05,14074806.5,9978329.75,0.9671988030528164,1.3642700072123795,39.50973323720262,34.65513097813025,1.0100000000000051,0.08499999999999375,0.6099999999999994,,0,-1.3254314820935011,-2.1711166360393297,-4.187223002918599,,0,,,1.336400481980493,2.7546373431078575,-3.725673847434696,100.9,-1.3080935977338866,100.9,0,25,20,20,92.465,93.965,93.215,96.34,92.51,,,,,,91.99833333333333,93.10666666666667,93.70333333333333,94.81166666666667,91.40166666666667,90.29333333333334,89.69666666666667,0,0,0,0,0,0,0,0,0,0,0,0,0,0,0,0,0,0,0,0,0,0,,,,,,,,,,,,,,,,,,USD,1.0,stock,25.0
2026-01-26,92.15,94.75,91.915,93.55,14662703,94.38950000000001,96.20460000000001,,93.71842745798139,95.67676969859176,97.93250871794052,100.58535580221243,45.191828599900326,-1.2359222954271587,-1.100192357736828,-0.1357299376903307,1,2.661678571428572,0.5,0.05,14561506.3,10607484.1,1.0069496038332242,1.3822979004041118,47.00793078586873,39.07714491708723,1.3999999999999915,1.2000000000000028,0.23499999999999943,,0,-0.18004004060010098,-0.8973810796365743,-2.837626937466613,,0,,,1.1242027888876738,6.222323152038167,-2.6838655986684667,100.9,-0.17971647897838322,100.9,0,25,20,20,91.24000000000001,93.965,92.6025,96.34,93.55,,,,,,93.40500000000002,94.89500000000002,96.24000000000001,97.73000000000002,92.06000000000003,90.57000000000002,89.22500000000004,0,0,0,0,0,0,0,0,0,0,0,0,0,0,0,0,0,0,0,0,0,0,,,,,,,,,,,,,,,,,,USD,1.0,stock,25.0
2026-01-27,93.23,93.915,92.7,93.61,9610647,94.267,95.9942,,93.70810103341174,95.59571990649012,97.84691448590209,100.5159492768173,38.27160493827159,-1.0919620562674623,-1.098546297442955,0.006584241175492611,1,2.5348928571428573,0.5,0.05,14801590.9,10923260.75,0.649298245366314,0.8798331578782462,47.44051910598411,44.65272770968516,0.37999999999999545,0.3050000000000068,0.5300000000000011,,0,-0.10479760005526882,-0.7018480931524372,-2.546950112167511,,0,,,0.0641368252271457,2.642543859649127,-2.550489277534873,100.9,-0.1046878896593573,100.9,0,25,20,20,90.89,93.965,92.42750000000001,96.34,93.61,,,,,,93.40833333333335,94.11666666666669,94.62333333333335,95.33166666666669,92.90166666666669,92.19333333333334,91.68666666666668,0,0,0,0,0,0,0,0,0,0,0,0,0,0,0,0,0,0,0,0,0,0,,,,,,,,,,,,,,,,,,USD,1.0,stock,25.0
2026-01-28,93.32,94.46,92.94,93.79,8507214,94.1685,95.7704,,93.71590093499157,95.52490736113756,97.76657954558719,100.44902440839125,35.82263710618436,-0.952369708706243,-1.0693109796956126,0.11694127098936957,1,2.5463214285714284,0.5,0.05,14541494.3,11069649.95,0.5850302468570923,0.7685169845863103,48.73828406633022,47.72891131939435,0.4700000000000131,0.6699999999999875,0.37999999999999545,,0,0.07900529375033573,-0.4035611472438301,-2.111525749013742,,0,,,0.19228714880890063,2.2680187547704955,-2.0572263993316575,100.9,0.07906776146754498,100.9,0,25,20,20,90.89,93.965,92.42750000000001,96.34,93.79,,,,,,93.73,94.52000000000001,95.25,96.04,93.00000000000001,92.21000000000001,91.48000000000002,0,0,0,0,0,0,0,0,0,0,0,0,0,0,0,0,0,0,0,0,0,0,,,,,,,,,,,,,,,,,,USD,1.0,stock,25.0
2026-01-29,93.06,93.32,91.45,92.33,19051377,93.9845,95.5632,,93.58391036975428,95.39961687638709,97.6589245050805,100.36823809586996,33.49699945444627,-0.9486165052471165,-1.0451720848059134,0.0965555795587969,0,2.530607142857143,0.5,0.05,15719593.1,11822632.6,1.2119510269003082,1.6114327193082192,43.946932006633475,46.70857839298261,0.730000000000004,0.2599999999999909,0.8799999999999955,,0,-1.3580746991815011,-1.7919419473627192,-3.501787068125199,,0,,,-1.5566691544940947,1.1392266403768225,-3.832934069367777,100.9,-1.3398781529859385,100.9,0,25,20,20,90.89,93.965,92.42750000000001,96.34,92.33,,,,,,92.36666666666666,93.28333333333332,94.23666666666665,95.15333333333331,91.41333333333333,90.49666666666667,89.54333333333334,0,0,0,0,0,0,0,0,0,0,0,0,0,0,0,0,0,0,0,0,0,0,,,,,,,,,,,,,,,,,,USD,1.0,stock,25.0
2026-01-30,93.05,94.245,92.02,93.53,14303365,93.8935,95.3986,,93.5787760488253,95.32629856750917,97.57716362379179,100.30019592576181,39.063331559340085,-0.8391390209956882,-1.0039654720438684,0.16482645104818028,1,2.5570357142857145,0.5,0.05,14359024.2,12326818.3,0.9961237477404628,1.1603452449688496,59.797608095676146,50.82760805621328,0.480000000000004,0.7150000000000034,1.0300000000000011,,0,-0.052150164466270785,-0.3886453544317352,-1.997861648668877,,0,,,1.2996859092386126,1.1025835044859988,-1.9087572102779116,100.9,-0.05212298224530513,100.9,0,25,20,20,90.89,93.965,92.42750000000001,95.82249999999999,93.53,,,,,,93.26499999999999,94.50999999999998,95.49,96.73499999999999,92.28499999999997,91.03999999999998,90.05999999999996,0,0,0,0,0,0,0,0,0,0,0,0,0,0,0,0,0,0,0,0,0,0,,,,,,,,,,,,,,,,,,USD,1.0,stock,25.0
2026-02-02,93.15,94.18,91.65,91.87,15424100,93.7515,95.2516,,93.4160354727467,95.19075744721471,97.46415048272661,100.21631337923682,39.6114409066379,-0.8762248778243986,-0.9784173531999745,0.10219247537557585,0,2.5548928571428573,0.5,0.05,14163730.6,12796491.45,1.0889856942068639,1.2053382022929418,57.482185273159175,53.74224179182293,1.2800000000000011,1.0300000000000011,0.21999999999999886,,0,-1.6828512819709314,-2.0480026123870556,-3.6808533797757605,,0,,,-1.7748316048326718,-1.795831106360224,-2.9986273888712778,100.9,-1.6550000917109537,100.9,0,25,20,20,92.595,93.965,93.28,94.8675,91.87,,,,,,92.56666666666668,93.48333333333335,95.09666666666668,96.01333333333335,90.95333333333335,90.03666666666668,88.42333333333335,0,0,0,0,0,0,0,0,0,0,0,0,0,0,0,0,0,0,0,0,0,0,,,,,,,,,,,,,,,,,,USD,1.0,stock,25.0
2026-02-03,91.54,93.13,90.83,91.62,20357382,93.55850000000001,95.14380000000001,,93.24498447534225,95.05072774340238,97.34842473059341,100.130777922727,42.67441860465117,-0.9152382998089905,-0.9657815425217777,0.050543242712787206,0,2.50275,0.5,0.05,14138949.6,13437685.9,1.4398086545269246,1.514947004379675,59.45595854922285,58.91191730601938,0.0799999999999983,1.509999999999991,0.710000000000008,,0,-1.7736132671275322,-2.115804409517578,-3.8461034708579005,,0,,,-0.2721236529879212,-2.1258412562760287,-4.0427314620863015,100.9,-1.742704430147615,100.9,0,25,20,20,92.78999999999999,93.965,93.3775,94.47,91.62,,,,,,91.86,92.89,94.16,95.19,90.59,89.56,88.29,0,0,0,0,0,0,0,0,0,0,0,0,0,0,0,0,0,0,0,0,0,0,,,,,,,,,,,,,,,,,,USD,1.0,stock,25.0
2026-02-04,81.38,81.78,75.0,75.5,78234469,92.444,94.7218,,91.55498595388109,94.28403253777876,96.91578265672028,99.8856955553367,22.29647630619685,-2.2213002309956806,-1.2168852802165584,-1.0044149507791222,0,3.5934642857142864,0.5,0.05,20546309.3,17016842.65,3.807713972260702,4.59747266923221,2.5316455696202533,39.82326313066743,5.8799999999999955,0.4000000000000057,0.5,,0,-21.264882058120644,-22.44238410596027,-25.459337748344375,,0,,,-17.59441170050208,-19.501012901162174,-22.793741691379488,100.9,-17.53589472666016,100.9,0,25,20,20,84.875,87.95,86.4125,88.455,75.5,,,,,,77.42666666666666,79.85333333333332,84.20666666666666,86.63333333333333,73.07333333333332,70.64666666666666,66.29333333333332,0,0,0,0,0,0,0,0,0,0,0,0,0,0,0,0,0,0,0,0,0,0,,,,,,,,,,,,,,,,,,USD,1.0,stock,30.0
2026-02-05,77.35,78.6263,74.86,77.64,38316880,91.39349999999999,94.337,,90.2297491963686,93.6313253794345,96.53408399025056,99.66434535080599,30.239234449760772,-3.0485419123414346,-1.5832166066415336,-1.465325305699901,0,3.3965214285714294,0.5,0.05,23208127.3,18447630.35,1.6510112817245706,2.07706243420039,13.976872800402218,25.32149230641511,0.29000000000000625,0.9863,2.489999999999995,,0,-16.215545075178518,-17.71445131375578,-21.50566718186502,,0,,,2.8344370860927226,-15.91032167226254,-21.297516472377097,100.9,-13.952991456253864,100.9,0,25,20,20,84.805,87.88,86.3425,88.38499999999999,77.64,,,,,,77.0421,79.22420000000001,80.8084,82.99050000000001,75.45790000000001,73.2758,71.69160000000001,0,0,0,0,0,0,0,0,0,0,0,0,0,0,0,0,0,0,0,0,0,0,,,,,,,,,,,,,,,,,,USD,1.0,stock,28.0
2026-02-06,77.24,79.169,75.115,76.27,34885737,90.288,93.9016,,88.90024927290493,92.95048909004491,96.1328150003446,99.43156579507658,30.81924577373212,-3.7712122676711033,-2.020815738847448,-1.7503965288236554,0,3.5439500000000015,0.5,0.05,25335387.4,19705096.95,1.3769569199482619,1.7703915432905293,7.088989441930601,7.865835937317691,0.9699999999999989,1.929000000000002,1.1550000000000011,,0,-16.559917756529348,-18.37944145797824,-23.117346269830875,,0,,,-1.7645543534260733,-18.453971987597573,-22.474080097580806,99.09,-14.207214688603115,99.09,0,25,20,20,84.66,87.88,86.27,88.38499999999999,76.27,,,,,,76.85133333333333,78.58766666666666,80.90533333333333,82.64166666666667,74.53366666666666,72.79733333333333,70.47966666666666,0,0,0,0,0,0,0,0,0,0,0,0,0,0,0,0,0,0,0,0,0,0,,,,,,,,,,,,,,,,,,USD,1.0,stock,28.0
2026-02-09,75.61,75.79,74.075,74.12,21133732,89.112,93.3568,,87.49260648500922,92.21203853749414,95.69691767360511,99.17970941900617,21.323035594358615,-4.465940184038544,-2.509840627885667,-1.9560995561528771,0,3.378592857142858,0.5,0.05,25982490.3,20271998.3,0.813383619352299,1.042508572033572,0.21765417170496595,7.094505471345929,1.4899999999999949,0.18000000000000682,0.045000000000001705,,0,-18.04183281841502,-20.226659471127885,-25.953588774959524,,0,,,-2.8189327389537056,-19.32077936214216,-24.08848832445718,97.9,-15.28427031980176,97.9,0,25,20,20,84.2675,87.48750000000001,85.8775,87.9925,74.12,,,,,,74.66166666666668,75.24833333333335,76.37666666666668,76.96333333333335,73.53333333333335,72.94666666666667,71.81833333333334,0,0,0,0,0,0,0,0,0,0,0,0,0,0,0,0,0,0,0,0,0,0,,,,,,,,,,,,,,,,,,USD,1.0,stock,30.0
2026-02-10,74.65,75.42,73.92,74.25,21080942,88.0385,92.82260000000001,,86.2314058673893,91.50764486935711,95.27222623452383,98.93165260886681,20.306122448979593,-4.94897840701546,-2.997668183711626,-1.951310223303834,1,3.353592857142857,0.5,0.05,27129519.8,20965555.35,0.7770481068374826,1.0055036295520785,1.584253480556881,2.9636323647308163,0.4000000000000057,0.769999999999996,0.3299999999999983,,0,-16.136573558773463,-18.57037037037037,-25.013602693602703,,0,,,0.17539125742038753,-18.958742632612967,-22.43000417885499,95.45,-13.894480493353973,95.45,0,25,20,20,84.08250000000001,87.41,85.74625,87.91499999999999,74.25,,,,,,74.53,75.14,76.03,76.64,73.64,73.03,72.14,0,0,0,0,0,0,0,0,0,0,0,0,0,0,0,0,0,0,0,0,0,0,,,,,,,,,,,,,,,,,,USD,1.0,stock,30.0
2026-02-11,74.12,74.5,72.69,73.47,20102918,87.00500000000001,92.2604,,85.0160338800189,90.80028624702938,94.84049898235503,98.67830283166417,20.06048387096773,-5.333250765108303,-3.4647846999909615,-1.868466065117342,1,3.329664285714286,0.5,0.05,28289090.2,21415292.25,0.710624408840126,0.9387178921174891,3.5358114233907574,1.7792396918842013,0.6500000000000057,0.37999999999999545,0.7800000000000011,,0,-15.715304042492034,-18.4224853681775,-25.57560909214646,,0,,,-1.0505050505050573,-2.688741721854304,-21.956660293180374,94.75,-13.5810074324492,94.75,0,25,20,20,83.4675,86.795,85.13125,87.3,73.47,,,,,,73.55333333333333,74.41666666666666,75.36333333333333,76.22666666666666,72.60666666666665,71.74333333333333,70.79666666666665,0,0,0,0,0,0,0,0,0,0,0,0,0,0,0,0,0,0,0,0,0,0,,,,,,,,,,,,,,,,,,USD,1.0,stock,30.0
2026-02-12,73.38,75.29,73.16,74.12,16871948,86.024,91.7226,,83.97831636763614,90.14615737459685,94.43019207181334,98.43394160945856,18.499486125385417,-5.521689213584381,-3.876165602709645,-1.6455236108747355,1,3.3600214285714296,0.5,0.05,28071147.3,21895370.2,0.6010423378740918,0.770571488213522,6.482320942883076,3.8674619489435713,0.7400000000000091,1.1700000000000017,0.21999999999999886,,0,-13.30048079821389,-16.0604425256341,-23.748785752833236,,0,,,0.8847148495984891,-4.533745492014418,-20.93023255813953,94.75,-11.739121232770234,94.75,0,25,20,20,83.435,86.795,85.11500000000001,87.3,74.12,,,,,,74.19,75.22,76.32000000000001,77.35000000000001,73.08999999999999,72.05999999999999,70.95999999999998,0,0,0,0,0,0,0,0,0,0,0,0,0,0,0,0,0,0,0,0,0,0,,,,,,,,,,,,,,,,,,USD,1.0,stock,30.25
2026-02-13,74.82,76.37,74.43,74.73,13452417,85.259,91.2368,,83.09752433262317,89.5416021834362,94.0400892585101,98.19808149394156,17.28094575799726,-5.557739972776929,-4.212480476723102,-1.3452594960538269,1,3.318235714285716,0.5,0.05,27986052.5,21172538.35,0.4806829044574972,0.6353710064244611,9.370693615066635,6.462941993780156,0.0899999999999892,1.5500000000000114,0.29999999999999716,,0,-11.197008340188896,-14.08938846514117,-22.08858557473571,,0,,,0.8229897463572611,-2.0191425199947433,-16.994335221592806,94.75,-10.069523009048496,94.75,0,25,20,20,82.91,86.795,84.85249999999999,87.3,74.73,,,,,,75.17666666666668,75.92333333333335,77.11666666666667,77.86333333333334,73.98333333333335,73.23666666666668,72.04333333333335,0,0,0,0,0,0,0,0,0,0,0,0,0,0,0,0,0,0,0,0,0,0,,,,,,,,,,,,,,,,,,USD,1.0,stock,30.25
2026-02-17,75.03,76.82,75.0,76.29,14259268,84.66999999999999,90.7912,,82.44918868189714,89.02193150957595,93.68860234249999,97.98009063330532,21.38136153337743,-5.398204357069915,-4.4496252527924645,-0.9485791042774503,1,3.380735714285715,0.5,0.05,27869569.3,21016649.95,0.5116429266095619,0.6784748299050392,16.536518144235227,10.796510900728313,1.2600000000000051,0.5299999999999869,0.030000000000001137,,0,-8.07338928024267,-10.984401625376826,-19.007995805479087,,0,,,2.0875150541951104,2.9276848354020446,-13.375723856023603,94.75,-7.470284159690549,94.75,0,25,20,20,77.235,85.89,81.5625,87.255,76.29,,,,,,76.03666666666668,77.07333333333335,77.85666666666667,78.89333333333335,75.25333333333336,74.21666666666668,73.43333333333337,0,0,0,0,0,0,0,0,0,0,0,0,0,0,0,0,0,0,0,0,0,0,,,,,,,,,,,,,,,,,,USD,1.0,stock,27.0
2026-02-18,76.215,76.36,75.31,76.28,9345226,83.924,90.3624,,81.86164690266884,88.52224792096513,93.34387754363861,97.76416933347144,20.903954802259904,-5.212491787988114,-4.602198559831594,-0.6102932281565199,1,3.3471642857142863,0.5,0.05,26768353.7,20453651.65,0.3491147085373427,0.456897680664274,16.65506842959871,14.187426729633524,0.06499999999999773,0.0799999999999983,0.9050000000000011,,0,-7.317313716136388,-10.020975353959106,-18.461457787100148,,0,,,-0.013107877834583892,2.734006734006744,-16.359649122807017,94.75,-6.8183906797101885,94.75,0,25,20,20,75.92949999999999,85.295,80.61224999999999,86.795,76.28,,,,,,75.98333333333333,76.65666666666667,77.03333333333333,77.70666666666666,75.60666666666667,74.93333333333334,74.55666666666667,0,0,0,0,0,0,0,0,0,0,0,0,0,0,0,0,0,0,0,0,0,0,,,,,,,,,,,,,,,,,,USD,1.0,stock,27.0
2026-02-19,76.1,76.87,75.52,75.72,10979942,83.1245,89.92640000000002,,81.2767281500337,88.02019898288806,92.99488986950715,97.5448243649792,21.54847550531005,-5.052261236280302,-4.692211095121335,-0.3600501411589665,1,3.276450000000001,0.5,0.05,20042901.0,20294605.15,0.5478219944308461,0.5410276237870043,14.057063326374392,15.74954996673611,0.37999999999999545,0.7700000000000102,0.20000000000000284,,0,-7.33852106449248,-9.778790279978868,-18.761753829899654,,0,,,-0.7341373885684344,3.062474479379329,-17.435394177298,94.75,-6.836800984134352,94.75,0,25,20,20,75.92949999999999,84.07,79.99974999999999,86.795,75.72,,,,,,76.03666666666666,76.55333333333333,77.38666666666667,77.90333333333334,75.20333333333332,74.68666666666665,73.85333333333331,0,0,0,0,0,0,0,0,0,0,0,0,0,0,0,0,0,0,0,0,0,0,,,,,,,,,,,,,,,,,,USD,1.0,stock,27.0
2026-02-20,75.46,75.58,74.46,74.58,12592647,82.28900000000002,89.5412,,80.63894451669717,87.49313235610813,92.63023858496244,97.3163186499048,17.473395125300385,-4.960089023560144,-4.745786680809097,-0.2143023427510471,1,3.2075214285714293,0.5,0.05,17470477.7,20339302.5,0.7207958028531756,0.6191287533090183,8.794788273615634,13.168973343196248,0.8799999999999955,0.12000000000000455,0.12000000000000455,,0,-8.12408757937405,-10.336551354250492,-20.06060606060607,,0,,,-1.5055467511885912,0.6206152185644909,-18.304304962208352,94.75,-7.513670414476466,94.75,0,25,20,20,74.78,83.72,79.25,86.795,74.58,,,,,,74.87333333333333,75.28666666666668,75.99333333333334,76.40666666666668,74.16666666666667,73.75333333333333,73.04666666666667,0,0,0,0,0,0,0,0,0,0,0,0,0,0,0,0,0,0,0,0,0,0,,,,,,,,,,,,,,,,,,USD,1.0,stock,28.75
2026-02-23,74.27,75.32,74.26,74.37,10224381,81.382,89.17800000000001,,80.04190218177362,86.97849971469213,92.26864970209189,97.08799707129879,18.38872832369944,-4.848101232698951,-4.7662495911870675,-0.08185164151188395,1,3.1025214285714284,0.5,0.05,15004342.1,20169864.75,0.6814281447235198,0.5069137114565927,8.219178082191815,10.357009894060615,0.10000000000000853,0.9499999999999886,0.009999999999990905,,0,-7.626599679674086,-9.428533010622562,-19.911254538120218,,0,,,-0.28157683024938596,-0.48173424327578873,-19.60869095232948,94.75,-7.086166154438504,94.75,0,25,20,20,74.78,83.72,79.25,86.795,74.37,,,,,,74.64999999999999,75.03999999999998,75.70999999999998,76.09999999999997,73.97999999999999,73.59,72.92,0,0,0,0,0,0,0,0,0,0,0,0,0,0,0,0,0,0,0,0,0,0,,,,,,,,,,,,,,,,,,USD,1.0,stock,28.75
2026-02-24,74.5,75.7,73.805,75.15,14189177,80.462,88.82699999999998,,79.57600673589042,86.51463698078264,91.92966653967423,96.86970854322617,20.808224034030488,-4.642890271395174,-4.741577727228689,0.0986874558335149,1,3.073592857142857,0.5,0.05,14309886.6,20146188.45,0.9915646012177344,0.7043107451921011,27.06270627062714,14.692224208811531,0.6500000000000057,0.5499999999999972,0.6949999999999932,,0,-5.889563188144259,-7.06852960745176,-18.19960079840316,,0,,,1.0488100040338955,-1.4942980731419642,-19.668626402993038,94.46,-5.561986479894814,94.46,0,25,20,20,74.78,83.72,79.25,86.795,75.15,,,,,,74.885,75.965,76.78,77.86,74.07000000000001,72.99000000000001,72.17500000000001,0,0,0,0,0,0,0,0,0,0,0,0,0,0,0,0,0,0,0,0,0,0,,,,,,,,,,,,,,,,,,USD,1.0,stock,27.0
2026-02-25,74.81,74.91,73.44,73.48,15587930,79.4555,88.4616,,78.9954346658056,86.00347474624215,91.56432660819553,96.63697512488561,42.65988372093025,-4.562421395485998,-4.705746460880151,0.14332506539415313,1,2.0085928571428573,0.5,0.05,13760585.4,20445052.6,1.1327955567936812,0.7624304180073374,12.193239697484278,15.82504135010108,1.3299999999999983,0.09999999999999432,0.04000000000000625,,0,-7.506035201150789,-8.132144801306474,-20.3886771910724,,0,,,-2.2222222222222254,-3.6706869428421607,-21.50411280846063,94.46,-6.981966349244029,94.46,0,25,20,20,75.015,83.72,79.3675,86.795,73.48,,,,,,73.94333333333333,74.44666666666666,75.41333333333333,75.91666666666666,72.97666666666666,72.47333333333333,71.50666666666666,0,0,0,0,0,0,0,0,0,0,0,0,0,0,0,0,0,0,0,0,0,0,,,,,,,,,,,,,,,,,,USD,1.0,stock,25.0
2026-02-26,74.0,75.87,73.66,75.75,13022359,78.55350000000001,88.125,,78.68634565001459,85.60137769736991,91.25117162585502,96.42914452662804,43.19654427645788,-4.266299952588668,-4.617857159221854,0.3515572066331867,1,1.9102857142857144,0.5,0.05,13052529.5,20670809.85,0.9976885323262438,0.629987847331487,47.22951072696408,28.828485565025165,1.75,0.12000000000000455,0.3400000000000034,,0,-3.8763638944086956,-3.7009900990099194,-16.33663366336634,,0,,,3.0892759934675995,0.03961965134706702,-19.234459963748808,94.245,-3.731709263860118,94.245,0,25,20,20,75.155,83.72,79.4375,86.795,75.75,,,,,,75.09333333333333,76.52666666666667,77.30333333333334,78.73666666666668,74.31666666666666,72.88333333333333,72.10666666666665,0,0,0,0,0,0,0,0,0,0,0,0,0,0,0,0,0,0,0,0,0,0,,,,,,,,,,,,,,,,,,USD,1.0,stock,25.0
2026-02-27,75.27,76.87,75.27,76.85,21487740,77.7795,87.81819999999999,,78.51145558810845,85.25818641512012,90.96599991049155,96.23432716815412,52.12922173274597,-3.897927882482904,-4.4738713038740645,0.5759434213911607,1,1.7350000000000005,0.5,0.05,13514108.7,20792628.0,1.590022729356913,1.0334306947635479,99.52153110047823,52.98142717497553,1.5799999999999983,0.020000000000010232,0.0,,0,-2.16194611334867,-1.2094990240728751,-14.272218607677289,,0,,,1.4521452145214386,3.043711450791098,-16.76594822917795,94.245,-2.1161951153025127,94.245,0,25,20,20,75.155,83.72,79.4375,86.795,76.85,,,,,,76.33,77.39,77.93,78.99000000000001,75.78999999999999,74.72999999999999,74.18999999999998,0,0,0,0,0,0,0,0,0,0,0,0,0,0,0,0,0,0,0,0,0,0,,,,,,,,,,,,,,,,,,USD,1.0,stock,25.0
2026-03-02,76.28,76.6782,75.33,76.22,11112104,76.914,87.48360000000001,,78.29322172257432,84.90374773217424,90.673999912264,96.03517963414265,58.677685950413206,-3.6151528659329983,-4.302127616285851,0.6869747503528529,1,1.686785714285715,0.5,0.05,13280077.4,20633064.95,0.8367499424363295,0.5385580875612956,84.44976076555012,77.06693419766414,0.060000000000002274,0.3982000000000028,0.8900000000000006,,0,-2.720049491700757,-0.9105221726580984,-14.777748622408831,,0,,,-0.8197787898503561,2.487562189054726,-18.507430770875654,94.18,-2.6480219832064265,94.18,0,25,20,20,75.155,83.72,79.4375,86.795,76.22,,,,,,76.07606666666666,76.82213333333333,77.42426666666667,78.17033333333333,75.47393333333332,74.72786666666666,74.12573333333332,0,0,0,0,0,0,0,0,0,0,0,0,0,0,0,0,0,0,0,0,0,0,,,,,,,,,,,,,,,,,,USD,1.0,stock,25.0
2026-03-03,75.52,76.37,72.89,73.85,16684887,76.013,87.071,,77.8700577489958,84.47026742895171,90.34085139914986,95.81443157808152,48.60529986052996,-3.541466994095515,-4.149995491847784,0.6085284977522694,0,1.8282142857142867,0.5,0.05,13522639.3,20696104.3,1.2338484100511355,0.8061849108481735,27.751196172248676,70.57416267942567,1.6700000000000017,0.8500000000000085,0.9599999999999937,,0,-5.4435446838128785,-2.92890995260665,-17.902505077860535,,0,,,-3.1094200997113686,-1.7298735861610237,-19.614672907369123,93.13,-5.1625205697855705,93.13,0,25,20,20,74.88,83.72,79.3,86.795,73.85,,,,,,74.36999999999999,75.84999999999998,77.85,79.32999999999998,72.36999999999998,70.88999999999999,68.88999999999997,0,0,0,0,0,0,0,0,0,0,0,0,0,0,0,0,0,0,0,0,0,0,,,,,,,,,,,,,,,,,,USD,1.0,stock,25.0
2026-03-04,73.53,73.77,71.83,72.21,15541715,75.04249999999999,86.59300000000002,,77.33100463004382,83.98947262781635,89.98182463877065,95.57956161213048,45.85526315789472,-3.5742035105294576,-4.034837095584119,0.46063358505466123,0,1.8432142857142861,0.5,0.05,14142288.2,20455320.95,1.0989533504203373,0.7597883718368155,7.53968253968244,39.913546492493744,1.3200000000000074,0.23999999999999488,0.37999999999999545,,0,-7.091821949929135,-3.922586899321418,-19.91829386511567,,0,,,-2.2207176709546417,-1.728361458900396,-21.18533071381795,81.78,-6.622188156668883,81.78,0,25,20,20,74.35,83.145,78.7475,86.36500000000001,72.21,,,,,,72.60333333333334,73.37666666666668,74.54333333333334,75.31666666666668,71.43666666666668,70.66333333333334,69.49666666666668,0,0,0,0,0,0,0,0,0,0,0,0,0,0,0,0,0,0,0,0,0,0,,,,,,,,,,,,,,,,,,USD,1.0,stock,25.0
2026-03-05,71.8,73.13,70.75,72.99,12824527,74.917,86.1406,,76.91757561765868,83.55812076005886,89.64535286374549,95.35478985479584,46.31441617742984,-3.496897892230919,-3.927249254913479,0.4303513626825599,0,1.861071428571428,0.5,0.05,14326746.7,17184823.85,0.8951457904954794,0.7462704949402201,36.601307189542375,23.96406196715783,1.1899999999999977,0.14000000000000057,1.0499999999999972,,0,-5.380977692367023,-2.6400876832442894,-18.016988628579274,,0,,,1.080182800166174,-3.643564356435647,-3.3245033112582867,79.169,-5.106213483875068,79.169,0,25,20,20,73.81,82.60499999999999,78.2075,85.825,72.99,,,,,,72.29,73.83000000000001,74.67,76.21000000000001,71.45000000000002,69.91000000000001,69.07000000000002,0,0,0,0,0,0,0,0,0,0,0,0,0,0,0,0,0,0,0,0,0,0,,,,,,,,,,,,,,,,,,USD,1.0,stock,25.0
2026-03-06,72.9,72.94,71.075,71.35,10031308,74.60249999999999,85.639,,76.38733032073881,83.07937092633105,89.2830686486218,95.11593622439986,39.66992665036672,-3.5273063349630576,-3.847260670923395,0.3199543359603374,0,1.837142857142856,0.5,0.05,14070612.8,15770545.25,0.7129261633864304,0.6360787050149709,9.80392156862735,17.981637099284054,1.5500000000000114,0.03999999999999204,0.2749999999999915,,0,-7.060028480362744,-4.558514365802379,-20.026629292221447,,0,,,-2.246883134675981,-7.1567989590110574,-8.101494075218962,79.169,-6.594457876178985,79.169,0,25,20,20,73.81,82.4975,78.15375,85.825,71.35,,,,,,71.78833333333333,72.50166666666665,73.65333333333332,74.36666666666665,70.63666666666666,69.92333333333333,68.77166666666666,0,0,0,0,0,0,0,0,0,0,0,0,0,0,0,0,0,0,0,0,0,0,,,,,,,,,,,,,,,,,,USD,1.0,stock,25.0
2026-03-09,70.32,72.37,69.52,71.9,11651131,74.384,85.15520000000001,,75.9599655282875,82.64096422333768,88.93884946746097,94.88493188385857,35.70032573289903,-3.4670587463917997,-3.7712202860170763,0.3041615396252766,0,1.8914285714285717,0.5,0.05,14213287.8,14608814.95,0.8197351073127499,0.7975411448414575,32.38095238095247,26.262060379707396,1.5800000000000125,0.46999999999999886,0.7999999999999972,,0,-5.646683627659932,-3.4547983310152914,-18.435605006954102,,0,,,0.7708479327260154,-5.6678037260561425,-5.729644683361734,76.87,-5.344875422271697,76.87,0,25,20,20,73.195,81.8825,77.53875,85.21000000000001,71.9,,,,,,71.26333333333334,73.00666666666667,74.11333333333334,75.85666666666668,70.15666666666667,68.41333333333333,67.30666666666666,0,0,0,0,0,0,0,0,0,0,0,0,0,0,0,0,0,0,0,0,0,0,,,,,,,,,,,,,,,,,,USD,1.0,stock,25.0
2026-03-10,71.39,71.71,69.78,69.96,14271239,74.176,84.6318,,75.38854023987918,82.143671508697,88.5630306661251,94.63692261138237,31.712962962962962,-3.535103413506718,-3.7239969115150044,0.18889349800828636,0,1.9678571428571436,0.5,0.05,14221494.0,14265690.3,1.0034978744146008,1.0003889541889186,5.9863945578230915,16.057089502467637,1.4300000000000068,0.3199999999999932,0.1799999999999926,,0,-7.759491480673504,-6.026300743281888,-20.971698113207555,,0,,,-2.6981919332406235,-5.26743398781313,-5.61252023745279,76.87,-7.200749905232391,76.87,0,25,20,20,73.195,81.85,77.5225,85.21000000000001,69.96,,,,,,70.48333333333333,71.18666666666667,72.41333333333333,73.11666666666666,69.25666666666667,68.55333333333334,67.32666666666668,0,0,0,0,0,0,0,0,0,0,0,0,0,0,0,0,0,0,0,0,0,0,,,,,,,,,,,,,,,,,,USD,1.0,stock,25.0
2026-03-11,70.14,70.4,68.19,69.63,12535411,73.945,84.10320000000002,,74.84010783608116,81.65293929266967,88.18811916778598,94.38809751077162,32.14076246334311,-3.5744534699243076,-3.6940882231968653,0.11963475327255768,0,2.0292857142857152,0.5,0.05,13916242.1,13838413.75,0.9007755764754912,0.9058416106398033,16.589861751152036,18.3190695633092,0.5100000000000051,0.2600000000000051,1.4399999999999977,,0,-7.4825618786172114,-6.197041505098374,-20.785868160275772,,0,,,-0.4716981132075415,-3.572912339011214,-6.2222222222222285,76.87,-6.961651962731833,76.87,0,25,20,20,72.53,80.66,76.595,84.545,69.63,,,,,,69.40666666666667,70.62333333333333,71.61666666666667,72.83333333333334,68.41333333333333,67.19666666666666,66.20333333333332,0,0,0,0,0,0,0,0,0,0,0,0,0,0,0,0,0,0,0,0,0,0,,,,,,,,,,,,,,,,,,USD,1.0,stock,25.0
2026-03-12,69.63,69.87,67.56,68.55,12436590,73.699,83.559,,74.24104994693057,81.1390985360944,87.79924552089912,94.131002013152,32.254267216009424,-3.6507026198819688,-3.685411102533886,0.03470848265191728,0,2.104285714285715,0.5,0.05,13857665.2,13455097.35,0.8974520469725304,0.924303234416955,10.633727175080502,11.06999449468521,1.0799999999999983,0.2400000000000091,0.9899999999999949,,0,-8.30204222746984,-7.51130561633844,-21.89496717724289,,0,,,-1.5510555794916003,-6.083025071927661,-6.696610861576158,76.87,-7.665637744884651,76.87,0,25,20,20,72.1191,74.67,73.39455000000001,84.23,68.55,,,,,,68.66000000000001,69.76000000000002,70.97000000000001,72.07000000000002,67.45000000000002,66.35000000000001,65.14000000000001,0,0,0,0,0,0,0,0,0,0,0,0,0,0,0,0,0,0,0,0,0,0,,,,,,,,,,,,,,,,,,USD,1.0,stock,25.0
2026-03-13,68.96,69.595,68.41,69.13,11660823,73.4495,83.0214,,73.75428328531814,80.66815349546323,87.42955749078232,93.88223582396641,34.90783410138248,-3.6225707274569885,-3.672843027518507,0.050272300061518393,1,2.1132142857142875,0.5,0.05,12874973.5,13194541.1,0.905696854444011,0.8837611639255875,16.86358754027919,14.695725488837242,0.1700000000000017,0.4650000000000034,0.5499999999999972,,0,-6.689256886038105,-6.248372631274418,-20.094604368580942,,0,,,0.8460977388767388,-3.111422564821298,-6.732325957906104,76.87,-6.269850480993927,76.87,0,25,20,20,71.965,73.36449999999999,72.66475,84.23,69.13,,,,,,69.045,69.68,70.23,70.86500000000001,68.495,67.86,67.31,0,0,0,0,0,0,0,0,0,0,0,0,0,0,0,0,0,0,0,0,0,0,,,,,,,,,,,,,,,,,,USD,1.0,stock,25.0
2026-03-16,69.22,70.03,69.02,69.79,8681587,73.2025,82.5102,,73.37673249624021,80.24155924073918,87.08025932264802,93.64251208442447,34.45475638051046,-3.506597641056132,-3.639593950226032,0.13299630916990024,1,2.050000000000002,0.5,0.05,12631921.8,12955999.6,0.6872736498416258,0.6700823763532688,23.952738990333014,17.15001790189757,0.5700000000000074,0.23999999999999488,0.20000000000000284,,0,-5.139321530649379,-4.8896690070210544,-18.226393466112608,,0,,,0.9547229856791795,-2.9346314325451983,-6.610464338284483,76.87,-4.888106044274982,76.87,0,25,20,20,70.66499999999999,73.36449999999999,72.01474999999999,84.23,69.79,,,,,,69.61333333333334,70.20666666666669,70.62333333333335,71.2166666666667,69.19666666666669,68.60333333333334,68.18666666666668,0,0,0,0,0,0,0,0,0,0,0,0,0,0,0,0,0,0,0,0,0,0,,,,,,,,,,,,,,,,,,USD,1.0,stock,25.0
2026-03-17,70.125,71.91,70.1,71.2,12769983,72.94800000000001,82.04,,73.16942463945543,79.88698829012196,86.76579874200152,93.41920350647,43.28621908127209,-3.2632956771687986,-3.5643342956145854,0.3010386184457867,1,2.079285714285715,0.5,0.05,12240431.4,12881535.35,1.0432624948169718,0.9913401355530186,39.097744360902254,26.63802363050482,1.0750000000000028,0.7099999999999937,0.025000000000005684,,0,-2.7660458419317773,-2.4550561797752875,-15.224719101123599,,0,,,2.0203467545493625,1.7724413950829243,-6.671909817800503,76.87,-2.6915950879207067,76.87,0,25,20,20,70.345,72.215,71.28,84.23,71.2,,,,,,71.07,72.03999999999999,72.88,73.85,70.22999999999999,69.25999999999999,68.41999999999999,0,0,0,0,0,0,0,0,0,0,0,0,0,0,0,0,0,0,0,0,0,0,,,,,,,,,,,,,,,,,,USD,1.0,stock,25.0
2026-03-18,70.73,71.94,70.1201,71.28,8988268,72.69800000000001,81.556,,72.98947943569777,79.54945933756817,86.4591492619619,93.19891292431608,34.88843813387426,-3.0291041592836194,-3.4572882683483925,0.4281841090647731,1,2.038564285714287,0.5,0.05,11585086.7,12863687.45,0.7758481427678915,0.6987318399126683,39.95703544575723,34.3358395989975,0.5499999999999972,0.6599999999999966,0.6099000000000103,,0,-2.398259589923924,-1.9893378226711649,-14.416386083052743,,0,,,0.11235955056179137,2.369668246445511,-6.5547981122181405,76.87,-2.3420901873999376,76.87,0,25,20,20,70.25,72.215,71.2325,84.23,71.28,,,,,,71.11336666666666,72.10663333333333,72.93326666666667,73.92653333333334,70.28673333333333,69.29346666666666,68.46683333333333,0,0,0,0,0,0,0,0,0,0,0,0,0,0,0,0,0,0,0,0,0,0,,,,,,,,,,,,,,,,,,USD,1.0,stock,25.0
2026-03-19,71.13,71.78,69.06,69.89,13040018,72.40650000000001,80.998,,72.69429091801227,79.1706570106047,86.13104729637848,92.96698344248209,26.92307692307699,-2.9219842616894454,-3.3502274670166035,0.4282432053271581,1,2.118564285714286,0.5,0.05,11606635.8,12966691.25,1.123496784485992,1.005655008558949,25.553289026342895,34.86935627766746,1.2399999999999949,0.6500000000000057,0.8299999999999983,,0,-4.012435138091673,-3.6006581771355095,-15.893547002432399,,0,,,-1.950056116722787,1.954777534646257,-7.699418911780242,76.87,-3.8576494558218744,76.87,0,25,20,20,69.965,72.215,71.09,84.23,69.89,,,,,,70.24333333333334,71.42666666666668,72.96333333333334,74.14666666666668,68.70666666666668,67.52333333333334,65.98666666666668,0,0,0,0,0,0,0,0,0,0,0,0,0,0,0,0,0,0,0,0,0,0,,,,,,,,,,,,,,,,,,USD,1.0,stock,27.0
2026-03-20,69.77,70.645,69.38,69.48,20129796,72.1515,80.41460000000001,,72.38816797343966,78.79063124548294,85.80132358753931,92.7332821146962,27.321668909825092,-2.837466002757367,-3.2476751741647565,0.41020917140738966,0,2.100350000000001,0.5,0.05,12616484.6,13343548.7,1.5955154417578412,1.508578898505463,21.7934165720772,29.10124701472577,0.28999999999999204,0.875,0.10000000000000853,,0,-4.1856188449045195,-3.844991364421408,-15.737766263673002,,0,,,-0.5866361425096556,0.5062924924056356,-6.838294448913906,76.87,-4.017463150202547,76.87,0,25,20,20,69.75,72.215,70.9825,84.23,69.48,,,,,,69.835,70.28999999999999,71.1,71.55499999999999,69.02499999999999,68.57,67.75999999999999,0,0,0,0,0,0,0,0,0,0,0,0,0,0,0,0,0,0,0,0,0,0,,,,,,,,,,,,,,,,,,USD,1.0,stock,27.0
2026-03-23,70.04,70.54,68.85,69.54,10959489,71.91,79.8378,,72.11691388073112,78.42786139271891,85.47931717986526,92.5025031881818,32.82868525896423,-2.73412587393301,-3.1449653141184077,0.41083944018539764,1,1.9724928571428586,0.5,0.05,12547320.4,13380304.1,0.8734525500759509,0.8190762271240158,31.884057971014588,26.410254523144896,0.5,0.5,0.6900000000000119,,0,-3.7056570042150017,-3.408110440034498,-14.808455565142356,,0,,,0.08635578583764403,-0.3582175096718765,-6.494554255748286,76.87,-3.5732448077199774,76.87,0,25,20,20,69.75,72.215,70.9825,84.23,69.54,,,,,,69.64333333333333,70.43666666666667,71.33333333333334,72.12666666666668,68.74666666666666,67.95333333333332,67.05666666666664,0,0,0,0,0,0,0,0,0,0,0,0,0,0,0,0,0,0,0,0,0,0,,,,,,,,,,,,,,,,,,USD,1.0,stock,25.0
2026-03-24,69.12,69.245,68.03,68.15,11771967,71.55999999999999,79.248,,71.73911255875673,78.02480800476916,85.13616238422436,92.26018972362279,33.49593495934968,-2.732886446803576,-3.062549540655442,0.3296630938518659,0,1.9360642857142878,0.5,0.05,12297393.2,13259443.6,0.957273367497105,0.8878175702636573,10.592459605027004,21.423311382706263,0.9699999999999989,0.125,0.12000000000000455,,0,-5.26648944791889,-5.003668378576643,-16.28466617754952,,0,,,-1.9988495829738273,-4.28370786516854,-9.31470392548237,76.87,-5.003006631587645,76.87,0,25,20,20,69.75,72.215,70.9825,84.23,68.15,,,,,,68.47500000000001,68.92000000000002,69.69000000000001,70.13500000000002,67.70500000000001,67.26,66.49000000000001,0,0,0,0,0,0,0,0,0,0,0,0,0,0,0,0,0,0,0,0,0,0,,,,,,,,,,,,,,,,,,USD,1.0,stock,25.0
2026-03-25,69.0,70.1,68.6,69.78,9440556,71.375,78.7292,,71.55253041030372,77.70148220066056,84.83207996077437,92.03650624378574,37.79467680608369,-2.5707428905420215,-2.964188210632758,0.3934453200907364,1,1.9053500000000017,0.5,0.05,11987907.7,12952074.9,0.7875065638017884,0.7288836787069537,41.26394052044611,27.91348603216257,0.7800000000000011,0.3199999999999932,0.4000000000000057,,0,-2.540169690890966,-2.2857552307251345,-12.824878188592725,,0,,,2.391782831988265,-2.1043771043771087,-5.035383777898749,76.87,-2.4772435022765706,76.87,0,25,20,20,69.985,72.215,71.1,83.325,69.78,,,,,,69.49333333333333,70.38666666666666,70.99333333333333,71.88666666666666,68.88666666666666,67.99333333333333,67.38666666666666,0,0,0,0,0,0,0,0,0,0,0,0,0,0,0,0,0,0,0,0,0,0,,,,,,,,,,,,,,,,,,USD,1.0,stock,25.0
2026-03-26,69.4,71.2,69.35,70.17,12968350,71.09599999999999,78.2498,,71.42086084741766,77.4061299574974,84.54174174372933,91.81892906723066,45.042016806722735,-2.383300014376502,-2.848010571381507,0.46471055700500496,1,1.9007071428571456,0.5,0.05,12041083.7,12949374.45,1.07700854201354,1.0014653642207405,54.26195426195422,35.37278479580912,0.769999999999996,1.0300000000000011,0.05000000000001137,,0,-1.7826148602218261,-1.319652273051144,-11.514607382072098,,0,,,0.5588993981083368,0.40062956073829703,-7.366336633663362,76.87,-1.751394246129256,76.87,0,25,20,20,69.985,72.215,71.1,82.73,70.17,,,,,,70.24000000000001,71.13000000000002,72.09000000000002,72.98000000000003,69.28000000000002,68.39,67.43,0,0,0,0,0,0,0,0,0,0,0,0,0,0,0,0,0,0,0,0,0,0,,,,,,,,,,,,,,,,,,USD,1.0,stock,25.0
2026-03-27,70.03,70.13,68.85,69.17,16012454,70.712,77.7584,,71.2064931476636,77.0831444689681,84.23735081811093,91.59356658894976,38.94736842105262,-2.2890550257638864,-2.7362194622579827,0.4471644364940963,0,1.7914214285714312,0.5,0.05,12476246.8,12675610.15,1.283435175392651,1.2632491699028783,36.757990867579935,44.09462854999342,0.8599999999999994,0.09999999999999432,0.3200000000000074,,0,-2.9441855539447617,-2.2292901546913426,-12.416365476362575,,0,,,-1.4251104460595743,-0.4461715601612015,-9.993493819128163,76.6782,-2.859982366271625,76.6782,0,25,20,20,69.985,72.215,71.1,81.505,69.17,,,,,,69.38333333333333,69.91666666666666,70.66333333333333,71.19666666666666,68.63666666666666,68.10333333333332,67.35666666666665,0,0,0,0,0,0,0,0,0,0,0,0,0,0,0,0,0,0,0,0,0,0,,,,,,,,,,,,,,,,,,USD,1.0,stock,25.0
2026-03-30,64.2,65.71,61.245,62.93,43461803,70.0475,77.2164,,70.41825570502897,76.52811919567523,83.81542307913844,91.30835697114927,28.888888888888914,-2.686908040090046,-2.7263571778243954,0.03944913773434955,0,2.2060642857142883,0.5,0.05,15954268.4,14293095.1,2.7241489180412684,3.0407551825496495,15.755025712949998,35.59165694749472,1.2700000000000031,1.509999999999991,1.6850000000000023,,0,-11.899341657443143,-11.310185920864452,-22.702049896710623,,0,,,-9.021251987856004,-9.505320678746054,-17.4363684072422,76.37,-10.633969316701194,76.37,0,25,20,20,66.5925,69.0575,67.825,77.9975,62.93,,,,,,63.294999999999995,65.345,67.75999999999999,69.80999999999999,60.879999999999995,58.83,56.415,0,0,0,0,0,0,0,0,0,0,0,0,0,0,0,0,0,0,0,0,0,0,,,,,,,,,,,,,,,,,,USD,1.0,stock,28.5
2026-03-31,63.48,63.91,61.435,62.75,29867318,69.4925,76.71,,69.68794563788336,75.98780079584483,83.39828598846243,91.02419421521743,29.15151515151517,-2.982355181911501,-2.7775567786418165,-0.20479840326968457,0,2.2249928571428588,0.5,0.05,17664001.9,14952216.65,1.690857947654546,1.9975177392844958,14.071996259934572,22.195004280154834,0.7299999999999969,0.4299999999999997,1.3149999999999977,,0,-11.056487072324078,-10.745019920318736,-22.247011952191226,,0,,,-0.2860320991577958,-7.923697725605294,-15.03046716316858,73.77,-9.955732766086584,73.77,0,25,20,20,66.5125,69.0575,67.785,77.9975,62.75,,,,,,62.69833333333333,63.96166666666666,65.17333333333332,66.43666666666665,61.486666666666665,60.223333333333336,59.01166666666667,0,0,0,0,0,0,0,0,0,0,0,0,0,0,0,0,0,0,0,0,0,0,,,,,,,,,,,,,,,,,,USD,1.0,stock,28.5
2026-04-01,63.72,64.23,61.955,62.0,19486641,68.982,76.12599999999999,,68.95576033903733,75.43925958816465,82.97455755304733,90.73539626282721,29.746444032158337,-3.2396729690147907,-2.8699800167164113,-0.3696929522983794,0,2.2224928571428593,0.5,0.05,18713839.2,15149462.95,1.0412957379691496,1.2862925282773803,7.059373539036957,12.29546517064051,1.7199999999999989,0.5100000000000051,0.045000000000001705,,0,-11.21896828876988,-11.261290322580644,-22.78387096774192,,0,,,-1.195219123505975,-11.149326454571506,-14.139315884226555,73.13,-10.08727959033108,73.13,0,25,20,20,66.2225,69.0575,67.64,77.9975,62.0,,,,,,62.72833333333333,63.501666666666665,65.00333333333333,65.77666666666667,61.22666666666666,60.453333333333326,58.951666666666654,0,0,0,0,0,0,0,0,0,0,0,0,0,0,0,0,0,0,0,0,0,0,,,,,,,,,,,,,,,,,,USD,1.0,stock,28.5
2026-04-02,62.05,63.2,61.8,62.82,13895817,68.4735,75.5482,,68.37140221150996,74.94438666313859,82.57545740348203,90.45763112588365,30.77391834247412,-3.3389427683804485,-2.9637725670492188,-0.3751702013312297,0,2.237850000000002,0.5,0.05,18799419.1,15203027.45,0.7391620414483977,0.9140164382193495,14.726507713885018,11.952625837618848,0.7700000000000031,0.38000000000000256,0.25,,0,-8.836998108102451,-8.999522445081185,-20.261381725565098,,0,,,1.3225806451612865,-10.474561778537838,-13.933415536374838,72.94,-8.119479829207615,72.94,0,25,20,20,66.2225,69.0575,67.64,77.9975,62.82,,,,,,62.60666666666666,63.41333333333333,64.00666666666666,64.81333333333333,62.01333333333332,61.206666666666656,60.613333333333316,0,0,0,0,0,0,0,0,0,0,0,0,0,0,0,0,0,0,0,0,0,0,,,,,,,,,,,,,,,,,,USD,1.0,stock,25.0
2026-04-06,62.32,63.3,62.18,62.59,11190142,68.0355,74.9742,,67.82079247708045,74.45990091164296,82.17970577172991,90.18034126393457,27.47183979974966,-3.3970152007224215,-3.0504210937838594,-0.3465941069385621,1,2.2457071428571447,0.5,0.05,17905453.7,15260969.15,0.6249571883230192,0.7332523832537857,12.575970079476447,11.453950444132808,0.2700000000000031,0.7099999999999937,0.14000000000000057,,0,-8.357233547020996,-8.7002716088832,-19.78622783192202,,0,,,-0.3661254377586687,-9.512794564117389,-12.277505255781351,72.37,-7.71266787961546,72.37,0,25,20,20,66.2225,69.0575,67.64,77.9975,62.59,,,,,,62.69,63.199999999999996,63.809999999999995,64.32,62.08,61.57,60.96,0,0,0,0,0,0,0,0,0,0,0,0,0,0,0,0,0,0,0,0,0,0,,,,,,,,,,,,,,,,,,USD,1.0,stock,27.0
2026-04-07,62.15,62.26,60.9,61.86,18325161,67.5335,74.3612,,67.25309795545374,73.96578715040206,81.77733536040851,89.89854682349741,19.477124183006524,-3.4620347394436664,-3.132743822915821,-0.3292909165278455,1,2.21499285714286,0.5,0.05,18642020.9,15594670.65,0.9830029211049753,1.1750912482399876,8.695652173913052,11.999376655758171,0.28999999999999915,0.10999999999999943,0.9600000000000009,,0,-8.718231418450923,-9.171516327190437,-20.208858713223403,,0,,,-1.1663204984821873,-1.70030192277133,-13.963838664812245,71.94,-8.019107103476411,71.94,0,25,20,20,66.05,68.7891,67.41955,77.825,61.86,,,,,,61.673333333333325,62.44666666666665,63.033333333333324,63.80666666666665,61.08666666666665,60.313333333333325,59.72666666666665,0,0,0,0,0,0,0,0,0,0,0,0,0,0,0,0,0,0,0,0,0,0,,,,,,,,,,,,,,,,,,USD,1.0,stock,28.75
2026-04-08,62.84,63.545,62.125,62.56,14972723,67.1635,73.7414,,66.80613624541053,73.51850137979807,81.39679406614299,89.62652148197007,22.613065326633176,-3.41768213029998,-3.1897314843926527,-0.22795064590732705,1,2.2053571428571455,0.5,0.05,18962096.5,15629744.85,0.7896132687648753,0.9579633668811939,15.257352941176501,12.176325064855334,0.28000000000000114,0.7049999999999983,0.4350000000000023,,0,-6.787302182561581,-7.358535805626593,-17.87308184143222,,0,,,1.1315874555447802,-0.30278884462151545,-10.57747284162377,71.94,-6.355907531925599,71.94,0,25,20,20,66.05,68.635,67.3425,77.825,62.56,,,,,,62.74333333333334,63.36166666666668,64.16333333333334,64.78166666666668,61.94166666666668,61.32333333333334,60.521666666666675,0,0,0,0,0,0,0,0,0,0,0,0,0,0,0,0,0,0,0,0,0,0,,,,,,,,,,,,,,,,,,USD,1.0,stock,27.0
2026-04-09,62.15,62.36,60.59,61.28,12702487,66.74600000000001,73.09479999999999,,66.27983755537143,73.03856014921776,80.99844170839758,89.34446654185096,22.77039848197343,-3.446093252705353,-3.241003838055193,-0.20508941465016006,1,2.1517857142857166,0.5,0.05,19288289.6,15638098.65,0.6585595334487304,0.8122782241177382,6.50329877474079,10.152101296610114,0.8699999999999974,0.21000000000000085,0.6899999999999977,,0,-8.159003843621782,-8.919712793733694,-19.280026109660557,,0,,,-2.0460358056266004,-1.1612903225806437,-11.991957489587811,71.94,-7.543527171735249,71.94,0,25,20,20,65.36,67.18,66.27000000000001,77.67,61.28,,,,,,61.410000000000004,62.230000000000004,63.18,64.0,60.46000000000001,59.64000000000001,58.69000000000001,0,0,0,0,0,0,0,0,0,0,0,0,0,0,0,0,0,0,0,0,0,0,,,,,,,,,,,,,,,,,,USD,1.0,stock,27.0
2026-04-10,61.52,61.79,60.84,61.79,14774150,66.40799999999999,72.45479999999999,,65.85223397866939,72.59744014336609,80.61807652605307,89.07029274541465,25.83280955373978,-3.3883972004280167,-3.270482510529758,-0.11791468989825882,1,2.1292857142857167,0.5,0.05,19468869.6,15754976.65,0.7588601856987115,0.9377449632716529,11.310084825636153,11.023578847184481,0.269999999999996,0.0,0.6799999999999997,,0,-6.574257936024259,-7.473701246156317,-17.259750768732793,,0,,,0.8322454308093974,-1.6396052212671153,-9.861415025528808,71.94,-6.168710965804461,71.94,0,25,20,20,63.15,66.86,65.005,77.525,61.79,,,,,,61.47333333333333,62.106666666666655,62.423333333333325,63.05666666666665,61.15666666666666,60.52333333333333,60.20666666666666,0,0,0,0,0,0,0,0,0,0,0,0,0,0,0,0,0,0,0,0,0,0,,,,,,,,,,,,,,,,,,USD,1.0,stock,27.0
2026-04-13,61.5,63.18,61.44,63.18,12227994,66.1105,71.87180000000001,,65.5977355045104,72.22812876519488,80.27276807999262,88.81267789222645,31.554524361948936,-3.193696336673092,-3.255125275758425,0.06142893908533287,1,2.1328571428571443,0.5,0.05,19090423.6,15783335.2,0.6405302604181082,0.7747408165037261,24.410933081998085,14.074772227458345,1.6799999999999997,0.0,0.060000000000002274,,0,-3.826741855825256,-4.638334916112697,-13.757201646090547,,0,,,2.2495549441657214,0.9426425946636785,-8.606972370895406,71.94,-3.685699644836302,71.94,0,25,20,20,62.410000000000004,66.765,64.5875,77.525,63.18,,,,,,62.6,63.760000000000005,64.34,65.5,62.02,60.86,60.28,0,0,0,0,0,0,0,0,0,0,0,0,0,0,0,0,0,0,0,0,0,0,,,,,,,,,,,,,,,,,,USD,1.0,stock,25.0
2026-04-14,63.5,64.48,63.14,63.82,12354689,65.812,71.2776,,65.4284273612237,71.89839822538332,79.94697069226999,88.56399453011475,36.8708308065494,-2.9537033939970314,-3.1948408994061466,0.24113750540911516,1,2.120714285714287,0.5,0.05,15979712.2,15966990.3,0.7731484050132017,0.7737644207123994,30.442978322337385,22.054665409990537,0.3200000000000003,0.6600000000000037,0.35999999999999943,,0,-2.5202559718328064,-3.1212785960513902,-11.685365089313706,,0,,,1.012978790756569,3.168444875525389,-8.554234130964334,71.94,-2.4583005065118453,71.94,0,25,20,20,62.535000000000004,66.48,64.50750000000001,77.4175,63.82,,,,,,63.81333333333333,64.48666666666666,65.15333333333334,65.82666666666667,63.14666666666666,62.47333333333333,61.80666666666666,0,0,0,0,0,0,0,0,0,0,0,0,0,0,0,0,0,0,0,0,0,0,,,,,,,,,,,,,,,,,,USD,1.0,stock,25.0
2026-04-15,64.04,65.15,63.7,64.61,12030730,65.4825,70.7324,,65.35048189825001,71.612578687133,79.64326830232405,88.32564632583501,33.48242811501598,-2.6689943546468697,-3.0896715904542913,0.42067723580742156,1,2.085000000000002,0.5,0.05,14196053.4,15930027.65,0.8474700440335058,0.7552234223523147,37.88878416588121,30.914231856738894,0.5699999999999932,0.5400000000000063,0.3400000000000034,,0,-1.1460793967652225,-1.350410153227058,-9.475932518186038,,0,,,1.2378564713255935,3.276854219948855,-9.255617977528097,71.94,-1.1330932484980487,71.94,0,25,20,20,62.870000000000005,66.265,64.5675,77.4175,64.61,,,,,,64.48666666666668,65.27333333333335,65.93666666666668,66.72333333333336,63.82333333333335,63.036666666666676,62.37333333333335,0,0,0,0,0,0,0,0,0,0,0,0,0,0,0,0,0,0,0,0,0,0,,,,,,,,,,,,,,,,,,USD,1.0,stock,25.0
2026-04-16,64.77,65.56,63.35,63.42,10656921,65.0895,70.1684,,65.16662647936906,71.29130109155915,79.32201546465426,88.07782894945855,29.483282674772042,-2.5104446018266913,-2.9738261927287715,0.4633815909020802,1,2.1107142857142875,0.5,0.05,13313081.4,16013460.3,0.8004849275540372,0.6654977000817244,29.664570230607975,32.66544423960886,1.3499999999999943,0.7900000000000063,0.07000000000000028,,0,-2.7540625660186935,-2.6324503311258267,-10.64080731630401,,0,,,-1.8418201516793076,3.49216710182767,-11.02693602693603,71.78,-2.680246889751176,71.78,0,25,20,20,63.075,66.265,64.67,77.385,63.42,,,,,,64.11,64.87,66.32,67.08,62.66,61.9,60.449999999999996,0,0,0,0,0,0,0,0,0,0,0,0,0,0,0,0,0,0,0,0,0,0,,,,,,,,,,,,,,,,,,USD,1.0,stock,27.0
2026-04-17,64.08,64.89,63.9,64.23,12090053,64.8065,69.943,,65.07742395752439,71.01438732326271,79.02316367327496,87.84053711911568,34.80934809348095,-2.293000270109161,-2.83766100820485,0.5446607380956889,1,2.1214285714285728,0.5,0.05,13132505.0,15965962.05,0.920620475682286,0.7572392419660048,71.09375000000014,46.215701465496444,0.15000000000000568,0.6599999999999966,0.17999999999999972,,0,-1.3193584890617844,-0.8975556593492072,-8.89459754009029,,0,,,1.2771996215704906,3.9488590386794087,-8.098440406352836,71.2,-1.302178091864073,71.2,0,25,20,20,63.075,66.265,64.67,76.86,64.23,,,,,,64.33999999999999,64.77999999999997,65.32999999999998,65.76999999999998,63.78999999999998,63.34999999999999,62.799999999999976,0,0,0,0,0,0,0,0,0,0,0,0,0,0,0,0,0,0,0,0,0,0,,,,,,,,,,,,,,,,,,USD,1.0,stock,25.0
2026-04-20,63.16,63.66,60.6,60.99,16505557,64.38199999999999,69.61,,64.68814548537921,70.62127409489946,78.66607132330911,87.5733675955424,42.684766214177984,-2.3549683832067245,-2.741122483205225,0.3861540999985005,0,1.8146428571428583,0.5,0.05,13664046.5,15784750.1,1.207955271522239,1.0456647647529118,8.048289738430556,36.26886998967956,2.1699999999999946,0.5,0.39000000000000057,,0,-6.063527603507472,-5.561567470077043,-14.133464502377436,,0,,,-5.044371788883706,-3.466286799620133,-12.21934369602764,71.2,-5.716882834761526,71.2,0,25,20,20,63.075,66.265,64.67,71.185,60.99,,,,,,61.75,62.9,64.81,65.96,59.84,58.690000000000005,56.78000000000001,0,0,0,0,0,0,0,0,0,0,0,0,0,0,0,0,0,0,0,0,0,0,,,,,,,,,,,,,,,,,,USD,1.0,stock,25.0
2026-04-21,60.74,61.68,59.385,59.52,26846556,63.88099999999999,69.275,,64.19594115343833,70.18593001274654,78.28694119809506,87.2942296095171,38.9003436426117,-2.493946609899041,-2.691687308543988,0.19774069864494725,0,1.8017857142857159,0.5,0.05,14516186.0,16579103.45,1.8494221553788301,1.6193008313727604,2.1862348178138467,27.109424852081517,1.2199999999999989,0.9399999999999977,0.13500000000000512,,0,-7.856083927147719,-7.326948924731165,-16.389448924731187,,0,,,-2.410231185440237,-6.737699780633022,-14.408973252804147,71.2,-7.283857934666139,71.2,0,25,20,20,62.4725,65.6625,64.0675,69.277,59.52,,,,,,60.195,61.005,62.49,63.300000000000004,58.71,57.9,56.415,0,0,0,0,0,0,0,0,0,0,0,0,0,0,0,0,0,0,0,0,0,0,,,,,,,,,,,,,,,,,,USD,1.0,stock,25.0
2026-04-22,62.51,65.32,61.78,64.87,40404746,63.717,69.09,,64.26013723406325,69.97746216910943,78.02125919417239,87.07110294673585,57.49347258485641,-2.1476310141747916,-2.5828760496701486,0.435245035495357,1,2.0535714285714293,0.5,0.05,17059388.3,18010742.4,2.3684756621666203,2.243369268331771,88.82591093117414,33.02014516247285,2.3600000000000065,0.44999999999998863,0.7299999999999969,,0,0.940130670474416,1.777400955757678,-6.505318328965622,,0,,,8.9885752688172,0.4024144869215318,-4.812912692589877,71.2,0.9490530088900516,71.2,0,25,20,20,62.4725,65.6625,64.0675,69.277,64.87,,,,,,63.99,66.2,67.53,69.74,62.66000000000001,60.45000000000001,59.12000000000002,0,0,0,0,0,0,0,0,0,0,0,0,0,0,0,0,0,0,0,0,0,0,,,,,,,,,,,,,,,,,,USD,1.0,stock,25.0
2026-04-23,65.57,66.88,64.93,65.69,31271631,63.5125,68.9188,,64.39631464034295,69.80932639777181,77.77707584379274,86.85835565373351,57.493472584856384,-1.7864135985597827,-2.4235835594480752,0.6371699608882926,1,2.0971428571428565,0.5,0.05,18916302.7,19102296.15,1.6531576754690018,1.6370613644789505,84.12274849899936,58.37829808266245,0.12000000000000455,1.1899999999999977,0.6399999999999864,,0,1.9693794484046998,3.3148119957375473,-4.915207794184818,,0,,,1.2640665947279084,3.579312519709865,-5.861278303238759,71.2,2.0089431621706195,71.2,0,25,20,20,63.13249999999999,65.6625,64.3975,68.1275,65.69,,,,,,65.83333333333333,66.73666666666665,67.78333333333332,68.68666666666664,64.78666666666666,63.88333333333334,62.83666666666667,0,0,0,0,0,0,0,0,0,0,0,0,0,0,0,0,0,0,0,0,0,0,,,,,,,,,,,,,,,,,,USD,1.0,stock,25.0
2026-04-24,65.8,65.97,61.96,62.07,17691301,63.1075,68.6908,,64.17476086507219,69.50582340178076,77.46604463896516,86.61170534872123,48.846495119787036,-1.7718254399034734,-2.293231935539155,0.5214064956356816,0,2.303571428571428,0.5,0.05,19208017.8,19338443.7,0.9210373076601376,0.914825477915785,35.8238825883923,69.59084733952194,3.729999999999997,0.1700000000000017,0.10999999999999943,,0,-3.390947100164632,-1.6714999194457891,-10.666666666666659,,0,,,-5.510732227127413,-3.362914525922467,-11.543394613082514,70.13,-3.279733086185485,70.13,0,25,20,20,63.13249999999999,65.5825,64.35749999999999,68.1275,62.07,,,,,,63.333333333333336,64.70666666666668,67.34333333333333,68.71666666666667,60.69666666666667,59.32333333333334,56.686666666666675,0,0,0,0,0,0,0,0,0,0,0,0,0,0,0,0,0,0,0,0,0,0,,,,,,,,,,,,,,,,,,USD,1.0,stock,25.0
2026-04-27,61.21,61.73,59.925,59.95,17643071,62.6465,68.4074,,63.77240268744627,69.1310852291619,77.11919226987673,86.34641474823646,46.00919348098622,-1.9093210370826696,-2.216449755847858,0.3071287187651883,0,2.336071428571428,0.5,0.05,19749525.5,19419974.55,0.893341513445475,0.908501242088394,7.538358905937359,42.49499666444301,1.259999999999998,0.519999999999996,0.025000000000005684,,0,-6.375984466132216,-4.497914929107591,-14.107422852376969,,0,,,-3.415498630578373,-1.7051975733726854,-13.329478097441083,66.88,-5.993819467929051,66.88,0,25,20,20,63.13249999999999,65.2925,64.2125,68.1275,59.95,,,,,,60.535000000000004,61.14500000000001,62.34,62.95000000000001,59.34000000000001,58.730000000000004,57.53500000000001,0,0,0,0,0,0,0,0,0,0,0,0,0,0,0,0,0,0,0,0,0,0,,,,,,,,,,,,,,,,,,USD,1.0,stock,25.0
2026-04-28,60.21,60.5175,58.02,58.45,16900213,62.4225,68.0818,,63.265507193403764,68.71221914174379,76.74950529423562,86.06883848208486,41.69025475131419,-2.1149449831680016,-2.1961488013118866,0.081203818143885,0,2.3941071428571417,0.5,0.05,20204077.9,18091895.05,0.8364753434255964,0.9341317177273809,4.853273137697518,16.071838210675725,1.759999999999998,0.30749999999999744,0.4299999999999997,,0,-8.23867783302611,-6.796407185628736,-16.4786997433704,,0,,,-2.5020850708924125,-1.7977150537634379,-7.119021134593984,66.88,-7.611583953136851,66.88,0,25,20,20,62.45,64.61,63.53,67.44500000000001,58.45,,,,,,58.99583333333334,59.97166666666667,61.49333333333333,62.469166666666666,57.474166666666676,56.49833333333334,54.97666666666668,0,0,0,0,0,0,0,0,0,0,0,0,0,0,0,0,0,0,0,0,0,0,,,,,,,,,,,,,,,,,,USD,1.0,stock,25.0
2026-04-29,57.71,57.825,56.17,57.15,20669111,62.1425,67.69900000000001,,62.68307793688912,68.25879878324403,76.36139627850817,85.7810888454472,41.65656565656565,-2.355648132002173,-2.228048667449944,-0.12759946455222915,0,2.416249999999999,0.5,0.05,21067916.0,17631984.7,0.9810705055023002,1.1722509604945381,9.150326797385597,7.180652947006824,0.5600000000000023,0.11500000000000199,0.9799999999999969,,0,-9.68167618003346,-8.73578302712161,-18.45844269466319,,0,,,-2.224123182207016,-11.900724525975036,-8.92430278884463,66.88,-8.827068036544027,66.88,0,25,20,20,61.525,63.685,62.605000000000004,66.52000000000001,57.15,,,,,,57.04833333333334,57.92666666666668,58.70333333333334,59.58166666666668,56.271666666666675,55.39333333333334,54.616666666666674,0,0,0,0,0,0,0,0,0,0,0,0,0,0,0,0,0,0,0,0,0,0,,,,,,,,,,,,,,,,,,USD,1.0,stock,25.0
2026-04-30,57.08,57.895,56.05,57.61,21709370,61.923,67.3256,,62.19992765718539,67.84119883095995,75.99008150071593,85.50077950370145,41.53846153846154,-2.480693070467659,-2.2785775480534873,-0.20211552241417152,0,2.480178571428571,0.5,0.05,22173160.9,17743121.15,0.9790832303029922,1.223537269258853,14.404432132964013,9.469344022682376,0.5300000000000011,0.2850000000000037,1.0300000000000011,,0,-7.967241203237966,-7.48654747439681,-16.864433258114904,,0,,,0.804899387576552,-12.300197899223619,-7.080645161290322,66.88,-7.379313497730666,66.88,0,25,20,20,61.464999999999996,63.625,62.545,66.46000000000001,57.61,,,,,,57.185,58.32000000000001,59.03000000000001,60.16500000000001,56.475,55.339999999999996,54.629999999999995,0,0,0,0,0,0,0,0,0,0,0,0,0,0,0,0,0,0,0,0,0,0,,,,,,,,,,,,,,,,,,USD,1.0,stock,25.0
2026-05-01,57.93,58.1699,56.5,56.5,18311888,61.607000000000006,66.9412,,61.657077404120116,67.3964459356282,75.60413929278097,85.21221453351538,36.322686322686316,-2.6389397536475414,-2.3506499891722985,-0.2882897644752429,0,2.475171428571428,0.5,0.05,22795344.4,17963924.7,0.8033170141531181,1.0193701157075101,4.155124653739639,9.236627861363083,1.4299999999999997,0.23989999999999867,0.0,,0,-9.127570626761267,-9.038938053097356,-18.47999999999999,,0,,,-1.9267488283284173,-8.973739326566776,-10.06049028971665,66.88,-8.364128857939518,66.88,0,25,20,20,61.464999999999996,63.625,62.545,66.46000000000001,56.5,,,,,,57.05663333333333,57.61326666666666,58.72653333333333,59.28316666666666,55.94336666666666,55.38673333333333,54.273466666666664,0,0,0,0,0,0,0,0,0,0,0,0,0,0,0,0,0,0,0,0,0,0,,,,,,,,,,,,,,,,,,USD,1.0,stock,25.0
2026-05-04,56.65,57.685,56.53,56.85,13975262,61.32000000000001,66.5866,,61.19926050848962,66.98285982050552,75.23277019787442,84.93000344362966,35.55739743058433,-2.7049285823081632,-2.4215057077994717,-0.2834228745086915,1,2.4640999999999993,0.5,0.05,22542314.9,18103180.7,0.619956826173163,0.7719782634661544,7.386888273314907,8.648815020006186,0.20000000000000284,0.8350000000000009,0.11999999999999744,,0,-7.650414262954479,-7.862796833773097,-17.126824978012316,,0,,,0.6194690265486802,-5.170975813177647,-9.170794056558563,66.88,-7.10672068968266,66.88,0,25,20,20,61.464999999999996,63.089999999999996,62.277499999999996,66.46000000000001,56.85,,,,,,57.02166666666667,57.513333333333335,58.17666666666667,58.66833333333334,56.358333333333334,55.86666666666667,55.20333333333333,0,0,0,0,0,0,0,0,0,0,0,0,0,0,0,0,0,0,0,0,0,0,,,,,,,,,,,,,,,,,,USD,1.0,stock,25.0
2026-05-05,57.005,57.005,55.88,55.98,12544097,61.025999999999996,66.21879999999999,,60.70218807910966,66.55137512166218,74.85152722365909,84.64194370787216,32.17678645187938,-2.795205543996019,-2.4962456750387814,-0.2989598689572377,0,2.4408857142857134,0.5,0.05,21112069.0,17814127.5,0.5941671088702865,0.7041656685122524,0.909090909090858,4.150367945381801,1.0250000000000057,0.0,0.09999999999999432,,0,-8.435491388191611,-9.013933547695604,-18.29010360843157,,0,,,-1.53034300791558,-4.225834046193333,-9.505334626576145,66.88,-7.779271602129907,66.88,0,25,20,20,61.379999999999995,61.379999999999995,61.379999999999995,66.375,55.98,,,,,,56.288333333333334,56.696666666666665,57.413333333333334,57.821666666666665,55.571666666666665,55.163333333333334,54.446666666666665,0,0,0,0,0,0,0,0,0,0,0,0,0,0,0,0,0,0,0,0,0,0,,,,,,,,,,,,,,,,,,USD,1.0,stock,25.0
2026-05-06,55.81,56.1,54.98,56.0,18680175,60.698,65.8358,,60.254360643003984,66.13759570512642,74.47822965487376,84.35694924311721,33.89756944444446,-2.832485721455207,-2.563493684322067,-0.26899203713314,1,2.363028571428571,0.5,0.05,18939611.9,17999500.1,0.9863018893222412,1.0378163224655332,8.5714285714286,5.622469251278122,0.18999999999999773,0.10000000000000142,0.8300000000000054,,0,-7.597072576792829,-8.389285714285714,-17.563928571428583,,0,,,0.035727045373357136,-2.01224846894138,-10.48593350383632,66.88,-7.060668468810564,66.88,0,25,20,20,60.474999999999994,60.92999999999999,60.70249999999999,65.925,56.0,,,,,,55.69333333333333,56.40666666666666,56.81333333333333,57.526666666666664,55.286666666666655,54.57333333333332,54.16666666666665,0,0,0,0,0,0,0,0,0,0,0,0,0,0,0,0,0,0,0,0,0,0,,,,,,,,,,,,,,,,,,USD,1.0,stock,25.0
2026-05-07,56.84,58.18,56.4,56.57,25541289,60.4625,65.4976,,59.90346915319408,65.76239587355283,74.12361124586636,84.08046218597178,33.201754385964904,-2.783944712667335,-2.6075838899911203,-0.17636082267621456,1,2.4137428571428567,0.5,0.05,18366577.7,18641440.2,1.3906395310651696,1.370134964142953,13.361344537815157,7.613954672778205,0.2700000000000031,1.3399999999999963,0.1700000000000017,,0,-5.892644782029486,-6.880855577161037,-15.781509634081678,,0,,,1.017857142857137,-1.8052421454608614,-7.686031331592691,66.88,-5.56473473125444,66.88,0,25,20,20,58.355,60.92999999999999,59.6425,65.925,56.57,,,,,,57.050000000000004,57.70000000000001,58.830000000000005,59.48000000000001,55.92000000000001,55.27,54.14000000000001,0,0,0,0,0,0,0,0,0,0,0,0,0,0,0,0,0,0,0,0,0,0,,,,,,,,,,,,,,,,,,USD,1.0,stock,25.0
2026-05-08,56.33,56.62,53.63,53.93,20841325,60.069500000000005,65.0612,,59.334567329080365,65.29838034909979,73.7237377558492,83.7804575871064,34.09909909909909,-2.9247864327034208,-2.6710243985335804,-0.25376203416984033,0,2.3680285714285705,0.5,0.05,18681580.1,18944798.95,1.1156082562844885,1.1001080061607094,2.2641509433962064,8.065641350879988,2.3999999999999986,0.28999999999999915,0.29999999999999716,,0,-10.021448783757398,-11.384201743000196,-20.640089004264787,,0,,,-4.666784514760469,-4.548672566371681,-12.720504936073795,66.88,-9.108631902724841,66.88,0,25,20,20,57.073750000000004,60.254999999999995,58.664375,65.25,53.93,,,,,,54.72666666666667,55.82333333333333,57.71666666666666,58.813333333333325,52.833333333333336,51.73666666666667,49.84333333333334,0,0,0,0,0,0,0,0,0,0,0,0,0,0,0,0,0,0,0,0,0,0,,,,,,,,,,,,,,,,,,USD,1.0,stock,26.5
2026-05-11,53.77,54.2,53.145,53.37,21607609,59.57899999999999,64.5916,,58.76651329773938,64.83060072756646,73.32069344385218,83.47786596932424,35.55659934241427,-3.046473974809146,-2.746114313788694,-0.300359661020452,0,2.2794571428571415,0.5,0.05,19078033.9,19413779.7,1.1325909741674167,1.1130037186936865,1.6381507098652672,5.754548730358877,0.4000000000000057,0.4299999999999997,0.22499999999999432,,0,-10.111510769607237,-11.633876709762033,-21.026044594341396,,0,,,-1.0383830891896983,-6.1213720316622755,-15.527065527065531,66.88,-9.182973422973138,66.88,0,25,20,20,55.6625,60.0125,57.837500000000006,65.00750000000001,53.37,,,,,,53.571666666666665,53.99833333333333,54.626666666666665,55.05333333333333,52.94333333333333,52.516666666666666,51.88833333333333,0,0,0,0,0,0,0,0,0,0,0,0,0,0,0,0,0,0,0,0,0,0,,,,,,,,,,,,,,,,,,USD,1.0,stock,26.5
2026-05-12,53.95,54.48,53.485,54.1,15917843,59.093,64.14920000000001,,58.322083459859435,64.4097928558972,72.9400856528848,83.18554889500261,17.696460707858435,-3.0488619468314795,-2.8066638403972513,-0.24219810643422823,1,1.9444571428571424,0.5,0.05,18979796.9,19591937.4,0.8386729891719759,0.8124690618907348,6.953039679650519,3.618447110970665,0.14999999999999858,0.37999999999999545,0.4650000000000034,,0,-7.804220813048861,-9.229205175600743,-18.575231053604448,,0,,,1.367809630878769,-3.3583422650946715,-15.2303353180821,66.88,-7.239253485800642,66.88,0,25,20,20,55.6625,60.0125,57.837500000000006,65.00750000000001,54.1,,,,,,54.02166666666667,54.55833333333334,55.016666666666666,55.553333333333335,53.56333333333334,53.02666666666667,52.56833333333334,0,0,0,0,0,0,0,0,0,0,0,0,0,0,0,0,0,0,0,0,0,0,,,,,,,,,,,,,,,,,,USD,1.0,stock,28.75
2026-05-13,53.27,54.29,52.81,53.06,17994229,58.515499999999996,63.7334,,57.82093265415854,63.96470293997966,72.54642059045145,82.8857921895797,12.611012433392588,-3.0989509625546034,-2.865121264828722,-0.23382969772588158,1,1.9065999999999999,0.5,0.05,18712308.7,19890112.35,0.9616252750255238,0.9046821196060262,1.8996960486322194,3.4969621460493356,0.21000000000000085,1.019999999999996,0.25,,0,-8.972733988236973,-10.281756502073112,-20.11571805503204,,0,,,-1.9223659889094247,-5.249999999999999,-17.876489707475617,66.88,-8.233925735226144,66.88,0,25,20,20,55.495000000000005,59.845,57.67,64.7441,53.06,,,,,,53.38666666666666,53.963333333333324,54.86666666666666,55.44333333333332,52.48333333333333,51.906666666666666,51.00333333333333,0,0,0,0,0,0,0,0,0,0,0,0,0,0,0,0,0,0,0,0,0,0,,,,,,,,,,,,,,,,,,USD,1.0,stock,28.75
2026-05-14,53.27,53.69,52.75,53.55,14595126,58.022000000000006,63.360200000000006,,57.4141771632863,63.556283216843205,72.17025384608607,82.59389375983265,19.04069767441861,-3.063790493818537,-2.904855110626685,-0.15893538319185208,1,1.6873142857142855,0.5,0.05,18000884.3,20087022.6,0.8108005005065223,0.7265947916044063,8.90868596881957,5.9204738990341035,0.27999999999999403,0.14000000000000057,0.5200000000000031,,0,-7.216017111645752,-8.351073762838485,-18.319701213818878,,0,,,0.923482849604218,-5.338518649460855,-15.56291390728477,66.88,-6.730353641220973,66.88,0,25,20,20,55.465,59.815,57.64,64.56,53.55,,,,,,53.330000000000005,53.91000000000001,54.27,54.85000000000001,52.97000000000001,52.39000000000001,52.030000000000015,0,0,0,0,0,0,0,0,0,0,0,0,0,0,0,0,0,0,0,0,0,0,,,,,,,,,,,,,,,,,,USD,1.0,stock,28.75
2026-05-15,54.19,54.4,52.52,52.68,14843339,57.444500000000005,62.95399999999999,,56.963303147735225,63.129762306378765,71.78430822537149,82.29624307565521,20.943245403677082,-3.0707298360473274,-2.9380300557108137,-0.13269978033651375,1,1.6683857142857137,0.5,0.05,17654029.4,20224686.9,0.8407904316733494,0.7339218190814119,2.000625195373513,4.2696690709417675,1.509999999999998,0.21000000000000085,0.1599999999999966,,0,-8.130795648700124,-9.044229309035698,-19.502657555049343,,0,,,-1.6246498599439718,-2.317819395512699,-17.982251284446527,66.88,-7.519407953970665,66.88,0,25,20,20,55.35,59.7,57.525000000000006,63.144999999999996,52.68,,,,,,53.199999999999996,53.87999999999999,55.07999999999999,55.759999999999984,51.99999999999999,51.32,50.12,0,0,0,0,0,0,0,0,0,0,0,0,0,0,0,0,0,0,0,0,0,0,,,,,,,,,,,,,,,,,,USD,1.0,stock,27.0
2026-05-18,53.56,56.325,53.45,55.92,16769062,57.19100000000001,62.6454,,56.863940943189014,62.84702652965803,71.4701635080374,82.03379289579796,41.12280701754386,-2.782711031969633,-2.9069662509625775,0.12425521899294445,1,1.7503499999999999,0.5,0.05,17933409.4,20237862.15,0.9350738404488775,0.8285984890948573,60.07067137809189,23.659994180761657,2.3599999999999994,0.40500000000000114,0.10999999999999943,,0,-1.6880202846727694,-2.272889842632346,-12.026824034334764,,0,,,6.150341685649208,4.777965148960095,-8.312838170191839,66.88,-1.6599991620912709,66.88,0,25,20,20,55.35,59.7,57.525000000000006,62.825,55.92,,,,,,55.23166666666666,57.01333333333332,58.10666666666666,59.88833333333332,54.13833333333332,52.35666666666666,51.26333333333332,0,0,0,0,0,0,0,0,0,0,0,0,0,0,0,0,0,0,0,0,0,0,,,,,,,,,,,,,,,,,,USD,1.0,stock,25.0
2026-05-19,56.47,57.59,56.24,56.81,22605177,57.05550000000001,62.343599999999995,,56.85880371050435,62.61028039124007,71.17986324055151,81.78280988190943,48.77167630057805,-2.454346316159814,-2.816442264002025,0.362095947842211,1,1.7067785714285715,0.5,0.05,18939517.4,20025793.2,1.1935455652106532,1.1288030778226552,75.7950530035336,45.955449858999664,0.3400000000000034,0.7800000000000011,0.22999999999999687,,0,-0.08590690108140225,-0.4321422284809135,-9.740538637563796,,0,,,1.5915593705293274,5.0092421441774615,-4.553091397849462,66.88,-0.08583316446970622,66.88,0,25,20,20,55.35,59.7,57.525000000000006,62.730000000000004,56.81,,,,,,56.88,57.52,58.230000000000004,58.870000000000005,56.17,55.53,54.82,0,0,0,0,0,0,0,0,0,0,0,0,0,0,0,0,0,0,0,0,0,0,,,,,,,,,,,,,,,,,,USD,1.0,stock,25.0
2026-05-20,56.68,56.935,55.33,56.67,15398849,56.645500000000006,62.0778,,56.84082240474203,62.377328219034574,70.89253921598613,81.5329311766168,46.52366863905327,-2.1802788457542945,-2.6892095803524794,0.5089307345981848,1,1.6896357142857141,0.5,0.05,18611384.8,18775498.35,0.8273886744848776,0.8201566058564831,73.32155477031804,69.72909305064785,0.00999999999999801,0.25500000000000256,1.3400000000000034,,0,-0.30143357109939284,0.04323275101463947,-9.542615140285868,,0,,,-0.24643548671008375,6.803618545043344,-12.640665947279173,66.88,-0.30052767978208356,66.88,0,25,20,20,55.05500000000001,59.7,57.377500000000005,62.44500000000001,56.67,,,,,,56.31166666666667,57.29333333333334,57.91666666666667,58.89833333333334,55.68833333333333,54.70666666666666,54.08333333333333,0,0,0,0,0,0,0,0,0,0,0,0,0,0,0,0,0,0,0,0,0,0,,,,,,,,,,,,,,,,,,USD,1.0,stock,25.0
2026-05-21,56.03,57.17,55.82,57.15,12841372,56.21849999999999,61.82820000000001,,56.87026789000469,62.17233495554302,70.62040972656065,81.29031494600369,52.521334367726915,-1.9024165387898009,-2.531850972039944,0.6294344332501431,1,1.6667857142857143,0.5,0.05,17341393.1,17853985.4,0.7405040601957175,0.719244006999132,81.80212014134273,76.97290930506479,1.1199999999999974,0.020000000000003126,0.21000000000000085,,0,0.48947000874069657,1.6299212598425317,-8.185826771653563,,0,,,0.8470089994706109,6.72268907563025,-13.00045669051606,65.97,0.4918776020826038,65.97,0,25,20,20,55.05500000000001,59.7,57.377500000000005,62.230000000000004,57.15,,,,,,56.71333333333334,57.606666666666676,58.06333333333334,58.95666666666668,56.256666666666675,55.36333333333334,54.90666666666667,0,0,0,0,0,0,0,0,0,0,0,0,0,0,0,0,0,0,0,0,0,0,,,,,,,,,,,,,,,,,,USD,1.0,stock,25.0
2026-05-22,57.6,58.51,57.39,57.78,11739977,56.004,61.6128,,56.95690904333758,62.000086525913886,70.36614418742084,81.05638146395391,53.53075170842824,-1.6127817793299926,-2.3480371334979537,0.7352553541679612,1,1.679285714285714,0.5,0.05,16431258.3,17556419.2,0.7144904416723824,0.6686999704358848,87.8130217028381,80.97889887149962,0.17999999999999972,0.7299999999999969,0.21000000000000085,,0,1.424525712465246,3.0737279335410235,-6.633437175493248,,0,,,1.1023622047244164,9.681093394077456,-6.911551474142097,61.73,1.4451117002085607,61.73,0,25,20,20,55.515,59.7,57.6075,62.230000000000004,57.78,,,,,,57.89333333333334,58.396666666666675,59.013333333333335,59.51666666666667,57.27666666666668,56.77333333333334,56.15666666666668,0,0,0,0,0,0,0,0,0,0,0,0,0,0,0,0,0,0,0,0,0,0,,,,,,,,,,,,,,,,,,USD,1.0,stock,25.0
2026-05-26,57.75,58.135,57.26,57.64,15258396,55.8885,61.382999999999996,,57.02196532492448,61.82910274058393,70.11414133222439,80.82338264341706,56.67202572347268,-1.378648770871962,-2.1541594609727555,0.7755106901007935,1,1.6614285714285713,0.5,0.05,15796337.0,17437185.45,0.9659452061576048,0.8750492471249137,85.4757929883139,85.03031161083157,0.10999999999999943,0.384999999999998,0.38000000000000256,,0,1.0722322607139496,3.0386884108258156,-6.49375433726578,,0,,,-0.24229837313949343,3.0758226037195913,-3.8532110091743177,60.5175,1.0838536896331346,60.5175,0,25,20,20,55.515,59.7,57.6075,62.230000000000004,57.64,,,,,,57.678333333333335,58.09666666666667,58.553333333333335,58.97166666666667,57.22166666666667,56.803333333333335,56.34666666666667,0,0,0,0,0,0,0,0,0,0,0,0,0,0,0,0,0,0,0,0,0,0,,,,,,,,,,,,,,,,,,USD,1.0,stock,25.0
2026-05-27,53.13,53.2,50.04,50.46,52740455,55.489,60.996399999999994,,56.397016246360245,61.383255574286515,69.7249504147546,80.5212594330348,35.86734693877551,-1.7522636642923501,-2.0737803016366745,0.32151663734432434,0,2.124285714285714,0.5,0.05,19478598.2,19229197.55,2.707610396727625,2.74272781601331,4.958677685950434,59.41583079236748,2.6700000000000017,0.07000000000000028,0.4200000000000017,,0,-11.765787250020301,-9.96630994847403,-20.88069758224335,,0,,,-12.456627342123527,-11.177609575778913,-13.669803250641577,58.51,-10.52718147432739,58.51,0,25,20,20,54.275,58.459999999999994,56.36749999999999,60.989999999999995,50.46,,,,,,51.23333333333334,52.426666666666684,54.393333333333345,55.58666666666669,49.26666666666668,48.07333333333334,46.106666666666676,0,0,0,0,0,0,0,0,0,0,0,0,0,0,0,0,0,0,0,0,0,0,,,,,,,,,,,,,,,,,,USD,1.0,stock,26.5
2026-05-28,50.14,50.44,48.41,49.11,44935231,55.087,60.5546,,55.70301469908784,60.901951434118416,69.31673357485847,80.20870958792997,31.697742885181555,-2.13270537663832,-2.0855653166370036,-0.04714006000131654,0,2.1149999999999998,0.5,0.05,22172698.4,20442503.55,2.0266018230780607,2.198127586970628,6.930693069306958,32.45505458119043,1.0300000000000011,0.29999999999999716,0.7000000000000028,,0,-13.424994296656156,-12.170637344736313,-23.30401140297292,,0,,,-2.675386444708683,-13.34039174166226,-14.068241469816268,58.51,-11.836010554731793,58.51,0,25,20,20,53.459999999999994,57.644999999999996,55.552499999999995,60.175,49.11,,,,,,49.31999999999999,50.22999999999999,51.349999999999994,52.25999999999999,48.19999999999999,47.28999999999999,46.16999999999999,0,0,0,0,0,0,0,0,0,0,0,0,0,0,0,0,0,0,0,0,0,0,,,,,,,,,,,,,,,,,,USD,1.0,stock,26.5
2026-05-29,48.7238,49.3,48.125,48.31,37280148,54.62199999999999,60.0952,,54.99891806107947,60.408149417094165,68.90075865258405,79.8913094925277,34.8435814455232,-2.47028557432661,-2.162509368174925,-0.3077762061516851,0,1.985357142857143,0.5,0.05,24441200.6,21221042.45,1.5252993750233366,1.756753848819524,1.781415503129536,4.556928752795643,0.41379999999999484,0.5762,0.18500000000000227,,0,-13.845825007409376,-13.065617884495943,-24.39494928586213,,0,,,-1.628996131134186,-15.468066491688537,-16.143030723832663,58.51,-12.161908446364418,58.51,0,25,20,20,53.317499999999995,57.5025,55.41,60.0325,48.31,,,,,,48.57833333333334,49.03166666666668,49.75333333333334,50.20666666666668,47.85666666666668,47.40333333333334,46.681666666666686,0,0,0,0,0,0,0,0,0,0,0,0,0,0,0,0,0,0,0,0,0,0,,,,,,,,,,,,,,,,,,USD,1.0,stock,26.5
2026-06-01,48.31,48.655,47.35,47.98,29188543,54.19599999999999,59.657,,54.330449674309996,59.92077100858067,68.48648620401804,79.57378402494037,35.281267067176415,-2.7329448679647115,-2.2765964681328823,-0.4563483998318292,0,2.003214285714286,0.5,0.05,25875721.0,21764875.2,1.1280282006441482,1.3410847860041946,5.645161290322542,4.7857566209196785,0.3300000000000054,0.34499999999999886,0.6299999999999955,,0,-13.235618329116297,-12.955398082534378,-24.33722384326803,,0,,,-0.6830883874974214,-16.96088611976463,-15.079646017699122,58.51,-11.688564538630704,58.51,0,25,20,20,52.93,56.66,54.795,59.644999999999996,47.98,,,,,,47.995,48.63999999999999,49.3,49.94499999999999,47.334999999999994,46.69,46.029999999999994,0,0,0,0,0,0,0,0,0,0,0,0,0,0,0,0,0,0,0,0,0,0,,,,,,,,,,,,,,,,,,USD,1.0,stock,26.5
2026-06-02,48.0,48.43,47.37,47.68,21665427,53.7375,59.221000000000004,,53.6970735148519,59.44074077295006,68.0744765762157,79.2564329401151,32.0469798657718,-2.9315190169066483,-2.4075809778876356,-0.5239380390190127,0,1.9996428571428575,0.5,0.05,26365357.5,22149383.45,0.8217384118535089,0.9781503421486886,2.956989247311814,3.461188680254631,0.3200000000000003,0.4299999999999997,0.3100000000000023,,0,-12.619701163699457,-12.704488255033553,-24.20511744966444,,0,,,-0.6252605252188403,-17.27966689798751,-16.130167106420412,58.51,-11.205589282603377,58.51,0,25,20,20,52.93,54.54,53.735,59.565,47.68,,,,,,47.82666666666666,48.283333333333324,48.88666666666666,49.34333333333333,47.22333333333332,46.76666666666666,46.16333333333332,0,0,0,0,0,0,0,0,0,0,0,0,0,0,0,0,0,0,0,0,0,0,,,,,,,,,,,,,,,,,,USD,1.0,stock,26.5
2026-06-03,47.81,48.59,47.165,47.69,24677003,53.323,58.784,,53.1249712753422,58.979927409304956,67.67082357470649,78.94233908001446,34.06528189910978,-3.0528917089049514,-2.536643124091099,-0.5162485848138525,1,1.9957142857142867,0.5,0.05,26572540.1,22756028.75,0.9286655663001521,1.0844160583159748,4.627589246364025,4.409913261332794,0.12000000000000455,0.7800000000000011,0.5249999999999986,,0,-11.396458954376598,-11.811700566156432,-23.26273851960579,,0,,,0.020973154362402546,-5.48949663099485,-14.80886030725259,58.51,-10.230539696997118,58.51,0,25,20,20,52.8375,53.84125,53.339375000000004,59.182500000000005,47.69,,,,,,47.815,48.464999999999996,49.24,49.89,47.03999999999999,46.38999999999999,45.61499999999999,0,0,0,0,0,0,0,0,0,0,0,0,0,0,0,0,0,0,0,0,0,0,,,,,,,,,,,,,,,,,,USD,1.0,stock,26.5
2026-06-04,48.56,49.4651,48.27,48.85,22783743,52.9655,58.398,,52.717831153881036,58.582675354038095,67.29813399896973,78.64291282051182,36.58675799086759,-3.0206578726198074,-2.633446073796841,-0.38721179882296664,1,2.055364285714287,0.5,0.05,27311029.5,22961207.15,0.8342323016420893,0.9922711315289015,14.852357866901741,7.4789787868591935,0.28999999999999915,0.6150999999999982,0.28999999999999915,,0,-7.917771041721668,-8.424769703172972,-19.545547594677586,,0,,,2.4323757601174334,-0.5294237426186066,-12.767857142857142,58.51,-7.33685561265031,58.51,0,25,20,20,52.8375,52.8375,52.8375,59.182500000000005,48.85,,,,,,48.861700000000006,49.45340000000001,50.0568,50.648500000000006,48.25830000000001,47.66660000000001,47.063200000000016,0,0,0,0,0,0,0,0,0,0,0,0,0,0,0,0,0,0,0,0,0,0,,,,,,,,,,,,,,,,,,USD,1.0,stock,25.0
2026-06-05,49.45,50.1407,48.275,48.55,20257876,52.564499999999995,57.9734,,52.32089485351142,58.18923710486013,66.9268838207723,78.34348085214853,37.81710914454277,-2.984911614873674,-2.7037391820122076,-0.2811724328614664,1,2.054342857142859,0.5,0.05,28052679.9,22697036.5,0.7221369249645201,0.8925339658329403,12.20802115469368,10.562656089319816,0.9000000000000057,0.6906999999999996,0.2749999999999986,,0,-7.767033683854628,-8.268795056642633,-19.409680741503607,,0,,,-0.6141248720573311,0.49679155454356305,-14.177125684992053,58.51,-7.207244570394318,58.51,0,25,20,20,52.65,52.8375,52.74375,59.182500000000005,48.55,,,,,,48.988566666666664,49.70213333333333,50.85426666666667,51.56783333333333,47.836433333333325,47.12286666666666,45.97073333333332,0,0,0,0,0,0,0,0,0,0,0,0,0,0,0,0,0,0,0,0,0,0,,,,,,,,,,,,,,,,,,USD,1.0,stock,25.0
2026-06-08,48.05,49.07,47.88,48.7,15381635,52.303,57.544000000000004,,51.97604772460557,57.8171101595715,66.56595542828177,78.04852084366945,23.95382395382397,-2.9109233888346893,-2.745176023376704,-0.1657473654579853,1,1.8789857142857156,0.5,0.05,28416845.7,22424052.0,0.5412857979518818,0.6859436019859391,13.530189510797742,13.53018951079772,0.6500000000000057,0.36999999999999744,0.1699999999999946,,0,-6.726997381120263,-7.398357289527708,-18.16016427104723,,0,,,0.308959835221434,1.5006252605252346,-9.697756350825138,58.51,-6.302995067966048,58.51,0,25,20,20,50.182500000000005,52.8375,51.510000000000005,59.182500000000005,48.7,,,,,,48.550000000000004,49.220000000000006,49.74,50.410000000000004,48.03000000000001,47.36000000000001,46.84000000000001,0,0,0,0,0,0,0,0,0,0,0,0,0,0,0,0,0,0,0,0,0,0,,,,,,,,,,,,,,,,,,USD,1.0,stock,27.0
2026-06-09,48.76,49.86,48.66,48.96,18210831,52.0825,57.13980000000001,83.27465000000001,51.688805084166944,57.46977250625497,66.21732264752372,77.75908282532448,20.332577475434647,-2.799041748617995,-2.755949168424962,-0.04309258019303286,1,1.8454142857142872,0.5,0.05,28712089.2,22254213.1,0.6342565625632007,0.8183093654297756,15.821947994711342,13.85338622006759,0.20000000000000284,0.8999999999999986,0.10000000000000142,,0,-5.5735397960926125,-6.377655228758175,-16.70710784313727,-70.08711192810459,1,,,0.5338809034907577,2.684563758389258,-8.263069139966273,58.51,-5.279296125579845,58.51,0,25,20,20,48.802499999999995,52.8375,50.81999999999999,59.182500000000005,48.96,,,,,,49.16,49.66,50.36,50.86,48.459999999999994,47.959999999999994,47.25999999999999,0,0,0,0,0,0,0,0,0,0,0,0,0,0,0,0,0,0,0,0,0,0,,,,,,,,,,,,,,,,,,USD,1.0,stock,27.0
2026-06-10,48.88,48.92,47.81,48.34,22676579,51.79449999999999,56.848,82.98550000000002,51.369871266627236,57.111742211892036,65.86331625846384,77.4663556330327,19.620714806710453,-2.7289459706861976,-2.7505485288772094,0.021602558191011756,1,1.8129142857142868,0.5,0.05,25705701.6,22592149.9,0.8821614501274689,1.0037370989646277,10.356985456148122,13.2363743205524,0.5399999999999991,0.03999999999999915,0.5300000000000011,,0,-6.2678346434158705,-7.146255688870477,-17.600330988829114,-71.67045924700044,1,,,-1.2663398692810413,1.3629691759278861,-10.646950092421436,58.51,-5.89814845145545,58.51,0,25,20,20,48.65285,52.8375,50.745175,58.647499999999994,48.34,,,,,,48.35666666666666,48.90333333333332,49.46666666666666,50.01333333333332,47.79333333333332,47.24666666666666,46.68333333333332,0,0,0,0,0,0,0,0,0,0,0,0,0,0,0,0,0,0,0,0,0,0,,,,,,,,,,,,,,,,,,USD,1.0,stock,28.75
2026-06-11,48.26,48.65,46.91,47.17,18903236,51.5,56.5364,82.6958,50.96988352694846,56.72186996828843,65.4931515800784,77.16489935807716,15.347222222222271,-2.7362618601050244,-2.7476911951227727,0.011429335017748343,0,1.8407714285714296,0.5,0.05,23102502.1,22637600.25,0.8182332769921055,0.835037097185246,2.2413793103448714,9.473437587068112,1.0899999999999963,0.39000000000000057,0.2600000000000051,,0,-8.055720854247308,-9.17956328174687,-19.856688573245705,-75.31439474242103,1,,,-2.420355812991315,-3.4390992835209855,-11.10064078401809,58.51,-7.455154424552308,58.51,0,25,20,20,48.52535,52.709999999999994,50.617675,56.894999999999996,47.17,,,,,,47.576666666666675,48.243333333333354,49.31666666666668,49.983333333333356,46.50333333333335,45.83666666666667,44.76333333333335,0,0,0,0,0,0,0,0,0,0,0,0,0,0,0,0,0,0,0,0,0,0,,,,,,,,,,,,,,,,,,USD,1.0,stock,28.75
2026-06-12,47.6,47.8,45.99,46.91,16762414,51.168,56.2346,82.3984,50.583227952953365,56.33709075384574,65.12516838047289,76.86385558336993,11.261582323592322,-2.731551951699778,-2.744463346438174,0.012911394738395643,1,1.8729142857142864,0.5,0.05,21050728.7,22745964.65,0.7962866387613461,0.7369401235748426,7.575133799917619,6.724499522136871,0.6900000000000048,0.19999999999999574,0.9199999999999946,,0,-7.830372954494498,-9.076955872948204,-19.87763803027074,-75.65209976550842,1,,,-0.5511977952088354,-3.377960865087537,-12.399626517273576,58.51,-7.261750785002843,58.51,0,25,20,20,48.06535,52.25,50.157675,56.435,46.91,,,,,,46.9,47.809999999999995,48.709999999999994,49.61999999999999,46.0,45.09,44.190000000000005,0,0,0,0,0,0,0,0,0,0,0,0,0,0,0,0,0,0,0,0,0,0,,,,,,,,,,,,,,,,,,USD,1.0,stock,28.75
2026-06-15,47.16,47.73,46.19,46.76,16285189,50.872,55.9134,82.10285,50.219111005053044,55.96151856742042,64.76150167986947,76.56431473179411,11.253561253561273,-2.708698867317324,-2.737310450614004,0.02861158329668001,1,1.9204142857142865,0.5,0.05,19760393.3,22818057.15,0.8241328374774808,0.7136974411513384,10.67961165048538,6.832041586915957,0.3999999999999986,0.5700000000000003,0.5700000000000003,,0,-7.3975855540056585,-8.793840889649278,-19.57527801539779,-75.58351154833193,1,,,-0.3197612449371112,-3.983572895277221,-11.237661351556572,58.51,-6.888037115402124,58.51,0,25,20,20,48.06535,52.25,50.157675,56.435,46.76,,,,,,46.893333333333324,47.59666666666665,48.43333333333332,49.13666666666665,46.05666666666665,45.353333333333325,44.51666666666665,0,0,0,0,0,0,0,0,0,0,0,0,0,0,0,0,0,0,0,0,0,0,,,,,,,,,,,,,,,,,,USD,1.0,stock,28.75
2026-06-16,47.25,47.25,46.2,46.92,11144138,50.422000000000004,55.6,81.8087,49.90490995695276,55.60694921183531,64.40820461690176,76.26934642600511,24.786324786324855,-2.6471621332021016,-2.7192807871316234,0.07211865392952177,1,1.4525571428571433,0.5,0.05,18708264.4,22536810.95,0.5956799498728488,0.4944860222115854,20.898876404494395,13.051207284965798,0.3299999999999983,0.0,0.7199999999999989,,0,-6.3617006755173815,-7.463768115942034,-18.49957374254049,-74.3578431372549,1,,,0.34217279726262984,-4.1666666666666625,-16.09442060085837,58.51,-5.981194955621591,58.51,0,25,20,20,48.06535,52.25,50.157675,56.435,46.92,,,,,,46.79,47.379999999999995,47.839999999999996,48.42999999999999,46.33,45.74,45.28,0,0,0,0,0,0,0,0,0,0,0,0,0,0,0,0,0,0,0,0,0,0,,,,,,,,,,,,,,,,,,USD,1.0,stock,27.0
2026-06-17,46.6,46.695,44.79,44.95,20824302,49.82899999999999,55.2618,81.50595,49.4330137705763,55.18902963490059,64.02289363438885,75.95771113818417,22.77486910994773,-2.7259334995425633,-2.7206113296138112,-0.0053221699287520075,0,1.4582714285714289,0.5,0.05,18322994.3,22447767.2,1.1365119509970047,0.9276780988712321,2.9902629562487824,11.522917003742853,1.6499999999999986,0.09499999999999886,0.1600000000000037,,0,-9.973334306065182,-10.854282536151258,-22.940600667408226,-81.32580645161289,1,,,-4.198635976129584,-7.012825817128676,-20.876606231297302,58.51,-9.068865983737966,58.51,0,25,20,20,47.46535,51.65,49.557675,55.834999999999994,44.95,,,,,,45.47833333333333,46.166666666666664,47.38333333333333,48.071666666666665,44.26166666666666,43.57333333333333,42.35666666666666,0,0,0,0,0,0,0,0,0,0,0,0,0,0,0,0,0,0,0,0,0,0,,,,,,,,,,,,,,,,,,USD,1.0,stock,27.0
2026-06-18,45.06,45.48,44.44,45.29,30854998,49.260000000000005,54.916399999999996,81.1991,49.03844103052142,54.80083239431625,63.65194524558907,75.65255978357537,28.96935933147634,-2.729461681153559,-2.722381399921761,-0.007080281231798047,0,1.4486285714285718,0.5,0.05,19130119.8,23220574.65,1.6129014518769504,1.3287783986861843,14.910449593909533,12.93319631821757,0.22999999999999687,0.18999999999999773,0.6200000000000045,,0,-8.276531310491102,-8.765731949657775,-21.255023183925807,-79.28703908147494,1,,,0.7563959955505961,-3.9855840576637713,-20.081171695782608,58.51,-7.643882945194767,58.51,0,25,20,20,47.15,51.474999999999994,49.3125,55.66,45.29,,,,,,45.06999999999999,45.69999999999999,46.10999999999999,46.73999999999999,44.65999999999999,44.029999999999994,43.61999999999999,0,0,0,0,0,0,0,0,0,0,0,0,0,0,0,0,0,0,0,0,0,0,,,,,,,,,,,,,,,,,,USD,1.0,stock,27.0
2026-06-22,44.95,45.2171,44.05,44.33,16784721,48.619,54.5774,80.8831,48.590018075233665,54.39021151610777,63.26933246844869,75.34089252204727,26.63252240717034,-2.7777021461632714,-2.7334455491700633,-0.04425659699320805,0,1.4439857142857149,0.5,0.05,18782804.3,23417742.1,0.8936216728829997,0.7167523208823792,4.597172738765674,7.499295096307996,0.6200000000000045,0.2670999999999992,0.28000000000000114,,0,-9.609785867885556,-9.675163546131293,-23.11617414843221,-82.45680126325287,1,,,-2.1196732170457033,-5.499893412918356,-22.432195975503067,58.51,-8.767269994914857,58.51,0,25,20,20,46.955,51.28,49.1175,55.464999999999996,44.33,,,,,,44.53236666666667,45.01473333333334,45.69946666666667,46.181833333333344,43.847633333333334,43.36526666666666,42.68053333333333,0,0,0,0,0,0,0,0,0,0,0,0,0,0,0,0,0,0,0,0,0,0,,,,,,,,,,,,,,,,,,USD,1.0,stock,27.0
2026-06-23,44.63,45.685,44.4,45.6,18696071,48.01,54.253600000000006,80.57465,48.305254449020936,54.04549733900551,62.91944469679624,75.04496324322093,38.154897494305274,-2.6825321156590505,-2.7232628624678608,0.04073074680881028,1,1.4650571428571435,0.5,0.05,19114247.9,23765546.8,0.9781222414720279,0.7866880218384035,25.448634803881376,14.985419045518862,0.9699999999999989,0.08500000000000085,0.23000000000000398,,0,-5.93257554609854,-5.285087719298238,-18.97719298245615,-76.69879385964913,1,,,2.8648770584254635,-2.480752780153972,-21.079958463136027,58.135,-5.600331640682963,58.135,0,25,20,20,46.485,51.28,48.8825,55.464999999999996,45.6,,,,,,45.22833333333333,46.056666666666665,46.513333333333335,47.34166666666667,44.77166666666666,43.94333333333333,43.48666666666666,0,0,0,0,0,0,0,0,0,0,0,0,0,0,0,0,0,0,0,0,0,0,,,,,,,,,,,,,,,,,,USD,1.0,stock,25.0
2026-06-24,45.48,45.83,44.12,44.46,20964012,47.351,53.87919999999999,80.26085,47.93903973959037,53.66959548257392,62.55391113844384,74.74063525075107,33.703329969727605,-2.6683387058262937,-2.7122780311395474,0.04393932531325362,1,1.4854142857142862,0.5,0.05,19389566.0,24050827.6,1.0812006828827423,0.8716544955816822,6.731574367478341,12.25912730337513,1.019999999999996,0.3500000000000014,0.3400000000000034,,0,-7.825100628858231,-6.5024741340530765,-21.185784975258635,-80.52372919478184,1,,,-2.500000000000002,-5.242966751918166,-22.86606523247745,53.2,-7.257216161376739,53.2,0,25,20,20,46.349999999999994,51.28,48.815,55.464999999999996,44.46,,,,,,44.803333333333335,45.48666666666667,46.513333333333335,47.19666666666667,43.77666666666667,43.093333333333334,42.06666666666667,0,0,0,0,0,0,0,0,0,0,0,0,0,0,0,0,0,0,0,0,0,0,,,,,,,,,,,,,,,,,,USD,1.0,stock,25.0
2026-06-25,44.21,45.28,43.89,44.2,19824825,47.038000000000004,53.4868,79.94115000000001,47.58294071677224,53.29823879698279,62.190467353524156,74.43674833283316,24.19533851276364,-2.6475508353781123,-2.69933259198726,0.051781756609147855,1,1.4579071428571433,0.5,0.05,19104390.6,22405046.1,1.0377104098782401,0.8848375009592147,4.959444542211307,12.37988457119034,0.00999999999999801,1.0700000000000003,0.3100000000000023,,0,-7.653712028896469,-6.420814479638011,-21.010859728506784,-80.86233031674209,1,,,-0.5847953216374213,-1.6685205784204626,-12.40586603250099,50.44,-7.10956629794805,50.44,0,25,20,20,45.845,51.2,48.5225,55.385,44.2,,,,,,44.45666666666667,45.02333333333334,45.84666666666667,46.41333333333334,43.63333333333334,43.06666666666667,42.24333333333334,0,0,0,0,0,0,0,0,0,0,0,0,0,0,0,0,0,0,0,0,0,0,,,,,,,,,,,,,,,,,,USD,1.0,stock,27.0
2026-06-26,44.4,45.22,44.02,44.23,30011482,46.794,53.0792,79.62185000000001,47.2636130294606,52.942621589257975,61.83481453464249,74.13618367280496,25.286041189931353,-2.5986993604072737,-2.6792059456712627,0.08050658526398902,1,1.4103571428571426,0.5,0.05,20215215.2,21658858.65,1.4845986898027186,1.3856446678458747,5.695142378559403,5.795387096083018,0.1700000000000017,0.8200000000000003,0.20999999999999375,,0,-6.858722653087505,-5.796970382093603,-20.0072349084332,-80.0177481347502,1,,,0.06787330316739837,-2.3404725104879676,-9.93687639991856,50.1407,-6.418495825889731,50.1407,0,25,20,20,45.81,51.2,48.505,55.385,44.23,,,,,,44.49,44.96,45.69,46.16,43.760000000000005,43.290000000000006,42.56000000000001,0,0,0,0,0,0,0,0,0,0,0,0,0,0,0,0,0,0,0,0,0,0,,,,,,,,,,,,,,,,,,USD,1.0,stock,27.0
2026-06-29,44.743,44.92,43.37,43.48,21895444,46.552499999999995,52.6804,79.31309999999999,46.90326893141673,52.57153838967923,61.47135286068917,73.83114701934423,22.055674518201243,-2.5906396650836,-2.6614926895537305,0.07085302447013042,0,1.4360714285714289,0.5,0.05,20728518.2,20889623.45,1.0562956690266456,1.0481492905991086,1.694915254237279,4.1165007250026635,1.2630000000000052,0.1769999999999996,0.10999999999999943,,0,-7.873203614113929,-7.066467341306344,-21.160073597056122,-82.41283348666053,1,,,-1.6956816640289363,-1.917437401308375,-9.997930035189418,50.1407,-7.2985721665207075,50.1407,0,25,20,20,45.31,50.94,48.125,55.125,43.48,,,,,,43.923333333333325,44.47666666666665,45.47333333333333,46.02666666666666,42.92666666666665,42.37333333333332,41.376666666666644,0,0,0,0,0,0,0,0,0,0,0,0,0,0,0,0,0,0,0,0,0,0,,,,,,,,,,,,,,,,,,USD,1.0,stock,27.0
2026-06-30,43.31,43.41,42.25,42.68,42986734,46.2875,52.249399999999994,79.00479999999999,46.50105284271037,52.1836349234173,61.0992468634478,73.52118535746021,18.218623481781364,-2.6186197936467224,-2.6529181103723287,0.03429831672560635,0,1.4382142857142857,0.5,0.05,23398672.7,21579533.0,1.8371441214270243,1.9920140996563735,6.446776611694147,4.612278081496943,0.6300000000000026,0.09999999999999432,0.4299999999999997,,0,-8.952794851711275,-8.452436738519218,-22.42127460168696,-85.10965323336454,1,,,-1.839926402943881,-6.403508771929833,-11.046269278866195,50.1407,-8.217131890830663,50.1407,0,25,20,20,44.4725,50.379999999999995,47.426249999999996,54.565,42.68,,,,,,42.78,43.31,43.94,44.47,42.150000000000006,41.620000000000005,40.99000000000001,0,0,0,0,0,0,0,0,0,0,0,0,0,0,0,0,0,0,0,0,0,0,,,,,,,,,,,,,,,,,,USD,1.0,stock,28.75
2026-07-01,43.21,43.76,42.705,43.06,25515451,46.0565,51.8908,78.70655,46.173333524357,51.82584531857741,60.74203405427062,73.2180889857442,22.614107883817425,-2.5803863354708554,-2.638411755392034,0.05802541992117849,1,1.4332142857142856,0.5,0.05,24835804.0,21772034.2,1.0273656129674722,1.1719369336651144,12.656250000000039,6.932647288643821,0.14999999999999858,0.5499999999999972,0.355000000000004,,0,-7.2302218401230745,-6.958894565722241,-20.508128193218756,-82.7834417092429,1,,,0.8903467666354414,-3.1488978857399874,-9.689597315436238,50.1407,-6.742709019946923,50.1407,0,25,20,20,44.04,50.192499999999995,47.116249999999994,54.565,43.06,,,,,,43.175000000000004,43.64500000000001,44.230000000000004,44.70000000000001,42.59000000000001,42.120000000000005,41.53500000000001,0,0,0,0,0,0,0,0,0,0,0,0,0,0,0,0,0,0,0,0,0,0,,,,,,,,,,,,,,,,,,USD,1.0,stock,27.0
2026-07-02,43.73,45.8,43.45,45.14,26355055,45.928999999999995,51.60320000000001,78.4329,46.074920807751575,51.56365530608418,60.43308288487913,72.9387050157368,40.37914691943128,-2.355099308860467,-2.5817492660857204,0.22664995722525338,1,1.5046428571428565,0.5,0.05,25388879.3,21855936.8,1.0380550747665336,1.2058533679508077,52.07207207207211,23.725032894588765,1.4100000000000037,0.6599999999999966,0.27999999999999403,,0,-2.071158191740306,-1.747895436420014,-14.318121400088629,-73.754762959681,1,,,4.830469112865754,2.126696832579178,-5.347032920947781,50.1407,-2.029131665038661,50.1407,0,25,20,20,44.04,47.725,45.8825,54.565,45.14,,,,,,44.79666666666666,46.14333333333332,47.146666666666654,48.49333333333331,43.79333333333332,42.446666666666665,41.44333333333333,0,0,0,0,0,0,0,0,0,0,0,0,0,0,0,0,0,0,0,0,0,0,,,,,,,,,,,,,,,,,,USD,1.0,stock,25.0
2026-07-06,44.81,45.3,43.835,44.6,17118471,45.7165,51.19780000000001,78.161,45.93445215939428,51.29057078427696,60.11955649111915,72.65672785140112,39.33518005540168,-2.1948305636943815,-2.5043655256074526,0.30953496191307117,1,1.4799999999999993,0.5,0.05,24015226.6,21572673.2,0.7128173839508972,0.7935257184538447,42.88321167883217,35.87051125030144,0.21000000000000085,0.4899999999999949,0.7650000000000006,,0,-2.992045200435609,-2.503363228699556,-14.79327354260091,-75.24887892376681,1,,,-1.1962782454585708,0.8365362875876192,-8.700102354145345,50.1407,-2.905122618560209,50.1407,0,25,20,20,44.04,46.345,45.192499999999995,54.565,44.6,,,,,,44.578333333333326,45.32166666666665,46.04333333333332,46.78666666666665,43.856666666666655,43.11333333333333,42.39166666666666,0,0,0,0,0,0,0,0,0,0,0,0,0,0,0,0,0,0,0,0,0,0,,,,,,,,,,,,,,,,,,USD,1.0,stock,25.0
2026-07-07,45.4,46.37,45.09,45.3,13000732,45.553999999999995,50.79,77.895,45.87402814421388,51.05564643979551,59.82609992693857,72.38452160412349,43.585237258347966,-1.9884111130520665,-2.4011746430963754,0.4127635300443089,1,1.4964285714285706,0.5,0.05,23636827.7,21209816.0,0.5500201704309077,0.6129582642301094,60.99999999999994,51.98509458363474,0.10000000000000142,0.9699999999999989,0.20999999999999375,,0,-1.267170296277889,-0.5607064017659995,-12.11920529801325,-71.95364238410596,1,,,1.5695067264573925,4.185832566697334,-6.694129763130796,49.86,-1.2513140167445405,49.86,0,25,20,20,44.31,46.195350000000005,45.252675,54.565,45.3,,,,,,45.586666666666666,46.08333333333333,46.86666666666666,47.36333333333332,44.803333333333335,44.30666666666667,43.52333333333334,0,0,0,0,0,0,0,0,0,0,0,0,0,0,0,0,0,0,0,0,0,0,,,,,,,,,,,,,,,,,,USD,1.0,stock,25.0
2026-07-08,44.7,44.98,44.0093,44.81,13549494,45.359500000000004,50.444799999999994,77.6279,45.77269213047923,50.81071912843098,59.52875141353384,72.11014825482873,40.99060631938512,-1.8431148356194598,-2.289562681600992,0.4464478459815324,1,1.5136214285714276,0.5,0.05,23122170.0,21118208.95,0.5859957780779226,0.6416024214970181,57.592800899887564,53.8253375262399,0.10999999999999943,0.1699999999999946,0.6906999999999996,,0,-2.1483868120491545,-1.2262887748270517,-12.574871680428457,-73.23789332738227,1,,,-1.0816777041942505,4.990627928772273,-7.9876796714579035,49.86,-2.103201899803019,49.86,0,25,20,20,44.31,46.195350000000005,45.252675,54.565,44.81,,,,,,44.599766666666675,45.190233333333346,45.57046666666667,46.16093333333334,44.21953333333335,43.62906666666668,43.24883333333336,0,0,0,0,0,0,0,0,0,0,0,0,0,0,0,0,0,0,0,0,0,0,,,,,,,,,,,,,,,,,,USD,1.0,stock,25.0
2026-07-09,44.53,45.11,44.1,44.99,12400268,45.161,50.1456,77.3637,45.698150022814545,50.5824556331984,59.24085534593911,71.84029603338766,50.2016129032258,-1.693915588791974,-2.1704332630391887,0.4765176742472148,1,1.4336214285714273,0.5,0.05,22265795.6,20827680.8,0.5569200500520178,0.5953744019353321,66.50485436893213,61.69921842293988,0.46000000000000085,0.11999999999999744,0.4299999999999997,,0,-1.5740164988098309,-0.38008446321404615,-11.459435430095576,-71.95754612136028,1,,,0.4016960499888311,4.482117974918709,-8.108660130718947,48.92,-1.5496251433832728,48.92,0,25,20,20,44.31,46.195350000000005,45.252675,54.11,44.99,,,,,,44.73333333333334,45.36666666666668,45.74333333333334,46.37666666666668,44.35666666666668,43.72333333333334,43.346666666666685,0,0,0,0,0,0,0,0,0,0,0,0,0,0,0,0,0,0,0,0,0,0,,,,,,,,,,,,,,,,,,USD,1.0,stock,25.0
2026-07-10,45.47,45.51,44.225,44.77,12043072,44.9825,49.872,77.1024,45.60975478254649,50.35451619660239,58.954303754930415,71.57093985395097,47.346938775510225,-1.5752675681859145,-2.051400124068534,0.47613255588261927,0,1.4511214285714271,0.5,0.05,21487620.3,20296005.45,0.5604655998133027,0.5933715395213397,61.16504854368944,61.75423460416971,0.6999999999999957,0.03999999999999915,0.5450000000000017,,0,-1.8757086945420716,-0.474648201920926,-11.396024123296842,-72.21889658253295,1,,,-0.4889975550122272,-0.8196721311475308,-7.385188249896569,48.65,-1.8411736404858614,48.65,0,25,20,20,44.31,46.195350000000005,45.252675,51.989999999999995,44.77,,,,,,44.835,45.445,46.12,46.73,44.160000000000004,43.550000000000004,42.87500000000001,0,0,0,0,0,0,0,0,0,0,0,0,0,0,0,0,0,0,0,0,0,0,,,,,,,,,,,,,,,,,,USD,1.0,stock,25.0
2026-07-13,45.34,45.43,44.3601,44.65,13161478,44.8565,49.622,76.8372,45.51834956516111,50.13080967908857,58.67105021522882,71.30306980565295,51.78571428571429,-1.4739305996975745,-1.9359062191943421,0.4619756194967677,0,1.4389714285714266,0.5,0.05,19802619.9,20008917.55,0.6646331680587376,0.6577806104258748,58.25242718446602,61.974110032362525,0.6900000000000048,0.0899999999999963,0.2898999999999958,,0,-1.9447918592634068,-0.462486002239638,-11.135498320268761,-72.08779395296752,1,,,-0.2680366316730076,0.11210762331836932,-5.34237863048549,47.8,-1.907691235417133,47.8,0,25,20,20,44.31,46.195350000000005,45.252675,51.38375,44.65,,,,,,44.81336666666667,45.26663333333333,45.883266666666664,46.33653333333333,44.196733333333334,43.74346666666667,43.12683333333334,0,0,0,0,0,0,0,0,0,0,0,0,0,0,0,0,0,0,0,0,0,0,,,,,,,,,,,,,,,,,,USD,1.0,stock,25.0
2026-07-14,43.5,43.5,42.28,42.63,20083271,44.6425,49.32240000000001,76.56005,45.243268654193386,49.83666027990863,58.35340565651141,71.01776562848228,34.70648815653962,-1.538878210144631,-1.8565006173843999,0.31762240723976887,0,1.5114714285714261,0.5,0.05,19621402.6,20174960.4,1.0235390104069317,0.9954552872381351,9.223300970873854,42.88025889967644,0.8699999999999974,0.0,0.3500000000000014,,0,-6.130116477113261,-4.720853858784882,-15.698803659394805,-79.5919540229885,1,,,-4.524076147816336,-5.894039735099321,-9.123854188872293,47.73,-5.776038584142333,47.73,0,25,20,20,44.325,46.195350000000005,45.260175000000004,50.379999999999995,42.63,,,,,,42.803333333333335,43.32666666666667,44.02333333333333,44.54666666666667,42.10666666666667,41.583333333333336,40.88666666666667,0,0,0,0,0,0,0,0,0,0,0,0,0,0,0,0,0,0,0,0,0,0,,,,,,,,,,,,,,,,,,USD,1.0,stock,25.0
2026-07-15,42.65,43.61,42.2,43.04,14528434,44.4565,49.053200000000004,76.28455,45.0334335442702,49.57012458265731,58.05016990093693,70.73937990083569,42.093541202672576,-1.5395194637980865,-1.7931043866671375,0.253584922869051,0,1.4900428571428546,0.5,0.05,16775572.6,20087122.65,0.8660469807152812,0.723271035535794,20.14388489208627,29.206537682475382,0.39000000000000057,0.5700000000000003,0.44999999999999574,,0,-4.631583513638949,-3.2911245353159835,-13.971189591078078,-77.24105483271376,1,,,0.9617640159512053,-3.950011158223621,-7.955517536355861,47.25,-4.426563527097162,47.25,0,25,20,20,44.285,46.03,45.1575,50.355000000000004,43.04,,,,,,42.949999999999996,43.69999999999999,44.35999999999999,45.109999999999985,42.28999999999999,41.54,40.879999999999995,0,0,0,0,0,0,0,0,0,0,0,0,0,0,0,0,0,0,0,0,0,0,,,,,,,,,,,,,,,,,,USD,1.0,stock,25.0
2026-07-16,44.18,45.45,43.76,44.62,18777529,44.3415,48.8086,76.01675,44.99405892100637,49.37600205000408,57.78422594250253,70.47948557346419,52.03883495145629,-1.396437603112922,-1.7137710299562945,0.3173334268433725,1,1.5628999999999975,0.5,0.05,16101780.4,20468792.2,1.1661771887039274,0.9173735712652357,58.033573141486755,29.13358633481563,0.4399999999999977,0.8300000000000054,0.4200000000000017,,0,-0.8383212035104732,0.6241595696996728,-9.387270282384584,-70.36474675033618,1,,,3.67100371747211,-0.8224049788842058,-4.90196078431373,46.695,-0.8313518050529474,46.695,0,25,20,20,44.285,46.03,45.1575,50.355000000000004,44.62,,,,,,44.61000000000001,45.460000000000015,46.30000000000001,47.15000000000002,43.77000000000001,42.92,42.080000000000005,0,0,0,0,0,0,0,0,0,0,0,0,0,0,0,0,0,0,0,0,0,0,,,,,,,,,,,,,,,,,,USD,1.0,stock,25.0
2026-07-17,45.22,45.25,43.76,44.03,15517839,44.295500000000004,48.5696,75.7517,44.90224378567243,49.166354910788236,57.51186503275,70.2163066125342,49.07918968692451,-1.31548813843807,-1.6341144516526498,0.3186263132145797,1,1.5836142857142836,0.5,0.05,15018058.8,20203469.05,1.0332786152095768,0.7680779455051062,43.88489208633095,40.68745003996799,1.1899999999999977,0.030000000000001137,0.2700000000000031,,0,-1.981021543657577,-0.6029979559391391,-10.31024301612537,-72.0456506927095,1,,,-1.3222770058269773,-1.6528925619834767,-2.046718576195772,46.37,-1.9425394192678402,46.37,0,25,20,20,44.285,45.56,44.9225,50.355000000000004,44.03,,,,,,44.346666666666664,44.93333333333333,45.836666666666666,46.42333333333333,43.44333333333333,42.85666666666666,41.953333333333326,0,0,0,0,0,0,0,0,0,0,0,0,0,0,0,0,0,0,0,0,0,0,,,,,,,,,,,,,,,,,,USD,1.0,stock,25.0
2026-07-20,43.79,44.345,43.46,43.77,13129174,44.2195,48.325,75.4824,44.794411044179824,48.95473314958086,57.23974889348763,69.95315928305624,51.3982642237223,-1.257815616103784,-1.5588546845428768,0.3010390684390929,0,1.5361142857142833,0.5,0.05,14619129.1,19317177.85,0.8980818152840582,0.6796631527622446,37.649880095923315,46.522781774580345,0.01999999999999602,0.5549999999999997,0.3100000000000023,,0,-2.340441042220291,-1.0269591044093977,-10.406671236006396,-72.45236463331047,1,,,-0.5905064728594089,-1.9708846584546413,-3.356149260322361,46.37,-2.286917095906151,46.37,0,25,20,20,43.855000000000004,45.425,44.64,50.355000000000004,43.77,,,,,,43.85833333333334,44.25666666666668,44.74333333333334,45.14166666666668,43.371666666666684,42.97333333333334,42.486666666666686,0,0,0,0,0,0,0,0,0,0,0,0,0,0,0,0,0,0,0,0,0,0,,,,,,,,,,,,,,,,,,USD,1.0,stock,25.0
2026-07-21,43.06,43.72,42.88,43.19,24994386,44.1625,48.0574,75.2191,44.64160999235318,48.728665182930634,56.96153604411164,69.68685919068753,52.51231527093595,-1.2445643166555058,-1.4959966109654026,0.2514322943098968,0,1.5118285714285693,0.5,0.05,15818494.5,19727661.1,1.5800736283721564,1.2669715823534702,23.741007194244514,35.09192645883292,0.12999999999999545,0.5300000000000011,0.17999999999999972,,0,-3.360986321725363,-2.2516786293123494,-11.269738365362361,-74.15860152813151,1,,,-1.3251085218186076,1.3136288998357948,-2.571621926460632,46.37,-3.2516972228417282,46.37,0,25,20,20,43.855000000000004,45.0,44.4275,50.355000000000004,43.19,,,,,,43.26333333333333,43.646666666666654,44.103333333333325,44.48666666666665,42.80666666666666,42.42333333333333,41.96666666666666,0,0,0,0,0,0,0,0,0,0,0,0,0,0,0,0,0,0,0,0,0,0,,,,,,,,,,,,,,,,,,USD,1.0,stock,25.0
2026-07-22,43.77,43.77,42.69,42.97,11181963,44.031,47.83820000000001,74.95285,44.482409040700496,48.502835175756886,56.68447592442626,69.42101979575531,49.54954954954953,-1.2375490328523782,-1.4443070953427979,0.20675806249041973,0,1.5118285714285697,0.5,0.05,15581741.4,19351955.7,0.7176324335609883,0.5778208245898372,18.46522781774573,26.618705035971185,0.8000000000000043,0.0,0.28000000000000114,,0,-3.5196859220397885,-2.469164533395392,-11.329299511286965,-74.43064929020247,1,,,-0.5093771706413452,-0.16263940520445663,-5.767543859649127,46.37,-3.4000160362642986,46.37,0,25,20,20,43.855000000000004,44.965,44.410000000000004,50.355000000000004,42.97,,,,,,43.14333333333334,43.59666666666668,44.22333333333334,44.676666666666684,42.51666666666667,42.06333333333333,41.43666666666667,0,0,0,0,0,0,0,0,0,0,0,0,0,0,0,0,0,0,0,0,0,0,,,,,,,,,,,,,,,,,,USD,1.0,stock,25.0
2026-07-23,42.725,43.69,42.5,43.58,16534761,43.987,47.642399999999995,74.68415,44.396465322538546,48.309782815923285,56.424981351665345,69.16389522067318,40.84507042253517,-1.169288636335942,-1.389303403541427,0.22001476720548485,1,1.4011142857142842,0.5,0.05,15995190.7,19130493.15,1.0337332833424737,0.864314415229803,33.09352517985605,25.099920063948762,0.8549999999999969,0.10999999999999943,0.22500000000000142,,0,-1.873486283934254,-0.9339146397430097,-9.321707205139965,-71.3725332721432,1,,,1.419595066325341,-2.3307933662034985,-1.9793072424651448,46.37,-1.8390322666612309,46.37,0,25,20,20,43.825,44.725,44.275000000000006,50.355000000000004,43.58,,,,,,43.25666666666666,44.01333333333332,44.44666666666666,45.20333333333332,42.82333333333332,42.06666666666666,41.633333333333326,0,0,0,0,0,0,0,0,0,0,0,0,0,0,0,0,0,0,0,0,0,0,,,,,,,,,,,,,,,,,,USD,1.0,stock,25.0
2026-07-24,43.97,44.71,43.72,44.25,20688112,43.9895,47.4454,74.4219,44.38251624420154,48.15057564667139,56.18389261202841,68.91599576574112,47.97687861271675,-1.0490357486226571,-1.3212498725576731,0.272214123935016,1,1.3771857142857133,0.5,0.05,16859694.7,19173657.5,1.2270751260994068,1.078986208030471,49.16067146282973,33.5731414868105,0.28000000000000114,0.46000000000000085,0.25,,0,-0.29947173830856433,0.5887005649717524,-7.2212429378531064,-68.18508474576271,1,,,1.537402478201022,0.4996593231887392,0.11312217194570096,46.37,-0.2985775828310605,46.37,0,25,20,20,43.825,44.447500000000005,44.136250000000004,50.355000000000004,44.25,,,,,,44.22666666666667,44.733333333333334,45.21666666666667,45.723333333333336,43.74333333333333,43.236666666666665,42.75333333333333,0,0,0,0,0,0,0,0,0,0,0,0,0,0,0,0,0,0,0,0,0,0,,,,,,,,,,,,,,,,,,USD,1.0,stock,25.0
2026-07-27,44.6,46.32,44.59,45.51,20039219,44.0535,47.294399999999996,74.16995,44.48989564951568,48.047023660527415,55.97252840188923,68.68310028548498,51.14006514657981,-0.8423528793473238,-1.2254704739156033,0.38311759456827943,1,1.398614285714285,0.5,0.05,17547468.8,18675044.35,1.1420005488198959,1.0730480005526732,80.33980582524266,54.19800082264282,0.9099999999999966,0.8100000000000023,0.00999999999999801,,0,2.241494947229877,3.200395517468685,-3.9208965062623555,-62.97506042627995,1,,,2.8474576271186436,3.9753255654557895,2.893963373276054,46.37,2.292889959824893,46.37,0,25,20,20,44.260000000000005,44.285,44.2725,50.355000000000004,45.51,,,,,,45.47333333333333,46.356666666666655,47.203333333333326,48.08666666666665,44.62666666666666,43.74333333333333,42.89666666666666,0,0,0,0,0,0,0,0,0,0,0,0,0,0,0,0,0,0,0,0,0,0,,,,,,,,,,,,,,,,,,USD,1.0,stock,25.0
2026-07-28,46.42,47.155,45.81,46.06,26888000,44.1825,47.1446,73.9163,44.63942939718085,47.96910116403615,55.77624071076271,68.45799481000752,56.74217907227616,-0.6269477495236444,-1.1057659290372115,0.4788181795135671,1,1.4239214285714286,0.5,0.05,18227941.7,18924672.15,1.4750979810298603,1.4207907955752883,77.9011099899092,69.13386242599387,0.35999999999999943,0.7349999999999994,0.25,,0,3.0841741268327274,4.076204950065143,-2.3547546678245648,-60.478289188015644,1,,,1.2085255987695165,6.645056726094012,5.933762649494034,47.155,3.182322493819486,47.155,0,25,20,20,44.8275,44.6775,44.7525,50.355000000000004,46.06,,,,,,46.34166666666667,46.873333333333335,47.68666666666667,48.218333333333334,45.528333333333336,44.99666666666667,44.18333333333334,0,0,0,0,0,0,0,0,0,0,0,0,0,0,0,0,0,0,0,0,0,0,,,,,,,,,,,,,,,,,,USD,1.0,stock,25.0
2026-07-30,45.27,46.195,44.55,46.0,25889601,44.348499999999994,47.011,73.6599,44.76900754983029,47.891881510544536,55.582651785797104,68.23453217508207,55.519125683060096,-0.45582466775838526,-0.9757776767814463,0.5199530090230611,1,1.4692785714285717,0.5,0.05,19364058.4,18069815.5,1.3369925077276157,1.4327540311631848,76.69021190716445,78.31037590743877,0.7299999999999969,0.19500000000000028,0.720000000000006,,0,2.676070543847192,3.59021739130436,-2.197826086956528,-60.13021739130433,1,,,-0.13026487190621605,7.051431231091465,7.778819119025315,47.155,2.749653203278067,47.155,0,25,20,20,44.8275,44.6775,44.7525,50.355000000000004,46.0,,,,,,45.58166666666667,46.613333333333344,47.226666666666674,48.25833333333335,44.96833333333334,43.93666666666667,43.32333333333334,0,0,0,0,0,0,0,0,0,0,0,0,0,0,0,0,0,0,0,0,0,0,,,,,,,,,,,,,,,,,,USD,1.0,stock,25.0
2026-07-31,45.84,46.8,44.43,46.73,18687383,44.532,46.827200000000005,73.4165,44.95576873556074,47.846317529738876,55.407351750434785,68.02055673055389,60.14492753623186,-0.2583256758595809,-0.8322872765970732,0.5739616007374924,1,1.5467785714285718,0.5,0.05,19355043.8,17728412.1,0.9655045575252069,1.0540923177208859,91.42280524722494,82.00470904809953,0.8899999999999935,0.07000000000000028,1.4100000000000037,,0,3.796771376929721,4.703616520436552,-0.20800342392469068,-57.10785362722021,1,,,1.5869565217391246,7.228086278109225,8.522991175104488,47.155,3.946615338457805,47.155,0,25,20,20,44.8275,44.6775,44.7525,50.355000000000004,46.73,,,,,,45.98666666666666,47.543333333333315,48.356666666666655,49.91333333333331,45.17333333333332,43.61666666666666,42.80333333333332,0,0,0,0,0,0,0,0,0,0,0,0,0,0,0,0,0,0,0,0,0,0,,,,,,,,,,,,,,,,,,USD,1.0,stock,25.0
2026-08-03,47.82,48.92,47.5,48.43,20368256,44.6965,46.6596,73.1839,45.28664790360257,47.869207038376565,55.26918636923806,67.82562581781207,66.8149466192171,0.03496641951252144,-0.6588365373751544,0.6938029568876758,1,1.6267857142857152,0.5,0.05,19840085.5,17429072.15,1.0266213822516037,1.1686368513885579,92.7083333333333,86.94045016257424,0.6099999999999994,0.490000000000002,0.3200000000000003,,0,6.490506083827026,7.709064629361964,3.655585380962218,-51.112740037167036,1,,,3.6379199657607497,9.446327683615818,7.288435976960561,48.92,6.941012951738859,48.92,0,25,20,20,45.71,45.56,45.635000000000005,50.355000000000004,48.43,,,,,,48.28333333333333,49.06666666666666,49.70333333333333,50.486666666666665,47.64666666666666,46.86333333333333,46.22666666666666,0,0,0,0,0,0,0,0,0,0,0,0,0,0,0,0,0,0,0,0,0,0,,,,,,,,,,,,,,,,,,USD,1.0,stock,25.0
2026-08-04,48.11,49.21,47.98,49.09,21563595,44.921,46.508,72.94815,45.64887191278328,47.91708127216572,55.14682624311453,67.6392016803214,82.6923076923077,0.31700476865576377,-0.46366827616897077,0.7806730448247345,1,1.5453571428571442,0.5,0.05,20683527.6,17651328.35,1.0425491926241826,1.2216414862624205,98.28815977175466,94.13976611743765,0.980000000000004,0.11999999999999744,0.13000000000000256,,0,7.009835174611377,8.492564677123658,5.259727031982075,-48.60083520065185,1,,,1.3627916580631894,7.866402988354215,10.06726457399103,49.21,7.53825438181987,49.21,0,25,20,20,45.855000000000004,45.705,45.78,50.355000000000004,49.09,,,,,,48.76,49.54,49.99,50.77,48.309999999999995,47.529999999999994,47.07999999999999,0,0,0,0,0,0,0,0,0,0,0,0,0,0,0,0,0,0,0,0,0,0,,,,,,,,,,,,,,,,,,USD,1.0,stock,28.75
2026-08-05,49.47,49.4863,47.1,47.74,16474717,45.043,46.319799999999994,72.6983,45.84802696870868,47.91013690855138,55.00015641651821,67.44119967355203,71.71903881700554,0.42667008757248936,-0.2856006034206788,0.7122706909931682,0,1.6150928571428587,0.5,0.05,19831560.7,17825027.6,0.8307322479163226,0.9242463669453167,75.00393627528166,88.66680979345654,1.7299999999999969,0.01630000000000109,0.6400000000000006,,0,3.9630771497514066,5.649350649350655,2.9748638458316052,-52.27963971512358,1,,,-2.7500509268690188,3.6474164133738496,5.386313465783665,49.4863,4.126618213216885,49.4863,0,25,20,20,45.99315,45.84315,45.91815,50.355000000000004,47.74,,,,,,48.10876666666667,49.117533333333334,50.495066666666666,51.50383333333333,46.731233333333336,45.72246666666667,44.34493333333334,0,0,0,0,0,0,0,0,0,0,0,0,0,0,0,0,0,0,0,0,0,0,,,,,,,,,,,,,,,,,,USD,1.0,stock,27.0
2026-08-06,49.23,50.16,48.875,49.3,21397115,45.2675,46.150200000000005,72.4559,46.17678630502214,47.964641343510145,54.8872820320327,67.26069022406396,71.66666666666666,0.6321723164950157,-0.10204601943753988,0.7342183359325556,1,1.6158071428571437,0.5,0.05,20853075.9,18217408.65,1.0260891535910057,1.1745421871512995,88.77284595300262,87.35498066667965,0.07000000000000028,0.8599999999999994,0.3549999999999969,,0,6.335119056750216,8.179513184584177,6.389046653144,-46.96937119675457,1,,,3.267700041893584,7.173913043478253,10.02008480249943,50.16,6.763601248357507,50.16,0,25,20,20,46.94,46.18,46.56,50.355000000000004,49.3,,,,,,49.44499999999999,50.014999999999986,50.72999999999999,51.29999999999998,48.72999999999999,48.16,47.44499999999999,0,0,0,0,0,0,0,0,0,0,0,0,0,0,0,0,0,0,0,0,0,0,,,,,,,,,,,,,,,,,,USD,1.0,stock,27.0
2026-08-07,49.5,50.12,49.06,49.31,11444621,45.4835,45.9836,72.20625,46.47518760930574,48.01740050650975,54.77684080367562,67.0820763909887,75.83170254403129,0.7867718141808169,0.07571754728613148,0.7110542668946854,0,1.5850928571428575,0.5,0.05,20344061.9,18169626.3,0.5625533905792923,0.629876520905661,88.90339425587474,84.22672549471967,0.18999999999999773,0.6199999999999974,0.25,,0,5.748960435396999,7.7600892313932315,6.745893327925369,-46.43327925370106,1,,,0.020283975659229903,5.521078536272217,9.60213380751278,50.16,6.099625491617477,50.16,0,25,20,20,47.295,46.18,46.7375,50.355000000000004,49.31,,,,,,49.49666666666667,49.93333333333334,50.556666666666665,50.99333333333333,48.87333333333334,48.436666666666675,47.81333333333335,0,0,0,0,0,0,0,0,0,0,0,0,0,0,0,0,0,0,0,0,0,0,,,,,,,,,,,,,,,,,,USD,1.0,stock,27.0
2026-08-10,49.54,50.82,49.54,50.46,18991392,45.768,45.9836,71.9559,46.854693551276625,48.113188721940745,54.69135880756323,66.91668259605349,80.10801080108007,0.9906686079325837,0.25870775941542196,0.7319608485171618,1,1.6297357142857147,0.5,0.05,20174389.9,18517042.3,0.9413614039451077,1.0256169258737395,95.67307692307693,91.11643904398477,0.9200000000000017,0.35999999999999943,0.0,,0,7.144880001433562,9.29845422116528,8.871185097106615,-42.599881093935785,1,,,2.3321841411478417,4.191616766467066,12.70940361849453,50.82,7.69465378058191,50.82,0,25,20,20,47.625,46.510000000000005,47.0675,50.167500000000004,50.46,,,,,,50.27333333333333,51.00666666666667,51.553333333333335,52.28666666666667,49.72666666666667,48.99333333333333,48.446666666666665,0,0,0,0,0,0,0,0,0,0,0,0,0,0,0,0,0,0,0,0,0,0,,,,,,,,,,,,,,,,,,USD,1.0,stock,28.75
2026-08-11,50.27,51.5,50.13,51.19,13447249,46.095,46.025200000000005,71.71235,47.26757987972647,48.23384798774699,54.622024969789706,66.76019819211267,85.52397868561278,1.1973607556533992,0.4464383586630174,0.7509223969903818,1,1.6640214285714288,0.5,0.05,19515192.9,18531330.85,0.6890656458742973,0.7256493939289849,96.55555555555553,93.71067557816907,0.9199999999999946,0.3100000000000023,0.14000000000000057,,0,7.662473374240141,9.953115842938072,10.089470599726495,-40.09054502832585,1,,,1.4466904478795062,4.277856997351792,14.647256438969759,51.5,8.298330759167753,51.5,0,25,20,20,47.965,46.85,47.4075,47.7,51.19,,,,,,50.94,51.74999999999999,52.309999999999995,53.11999999999999,50.379999999999995,49.57,49.01,0,0,0,0,0,0,0,0,0,0,0,0,0,0,0,0,0,0,0,0,0,0,,,,,,,,,,,,,,,,,,USD,1.0,stock,28.75
2026-08-12,50.5,51.74,50.02,51.42,20667914,46.5345,46.087399999999995,71.4502,47.663048462609666,48.3587951254824,54.55861853474437,66.60755940413145,87.488908606921,1.3640014895582766,0.6299509848420692,0.7340505047162074,0,1.709735714285714,0.5,0.05,18893184.3,18560563.0,1.0939349170483665,1.1135391744312928,96.53679653679654,96.25514300514301,0.9200000000000017,0.3200000000000003,0.4799999999999969,,0,7.306401278472065,9.501166861143524,10.37067288992611,-38.95410346168804,1,,,0.44930650517680526,7.708420611646427,20.619282195636867,51.74,7.882314829983146,51.74,0,25,20,20,48.085,46.97,47.5275,46.97,51.42,,,,,,51.06,52.1,52.78,53.82,50.38,49.34,48.660000000000004,0,0,0,0,0,0,0,0,0,0,0,0,0,0,0,0,0,0,0,0,0,0,,,,,,,,,,,,,,,,,,USD,1.0,stock,28.75
2026-08-13,51.57,52.335,51.22,51.69,15639258,46.967,46.1616,71.1967,48.046567656646836,48.4894306107576,54.50181420732368,66.45912597722467,87.09972552607499,1.5005547541326507,0.8040717387001856,0.6964830154324652,0,1.7043785714285715,0.5,0.05,17868150.0,18616104.2,0.8752589383903762,0.8400929556464344,92.5130586186883,95.20180357034678,0.11999999999999744,0.6450000000000031,0.3500000000000014,,0,7.048621287198998,9.13716386148191,10.695298897272195,-37.73786032114531,1,,,0.5250875145857536,4.847870182555791,20.09758364312266,52.335,7.58312720565196,52.335,0,25,20,20,49.7175,47.2675,48.4925,47.2675,51.69,,,,,,51.748333333333335,52.27666666666667,52.86333333333334,53.39166666666667,51.16166666666667,50.63333333333333,50.04666666666667,0,0,0,0,0,0,0,0,0,0,0,0,0,0,0,0,0,0,0,0,0,0,,,,,,,,,,,,,,,,,,USD,1.0,stock,28.75
2026-08-14,52.83,52.9894,51.698,51.83,16280095,47.3275,46.24459999999999,70.9503,48.406894546489994,48.620433331904366,54.44890699529747,66.31356253466522,86.44230769230766,1.6016086821708981,0.9635791273943282,0.63802955477657,0,1.7164785714285717,0.5,0.05,17627421.2,18491232.5,0.9235664601921466,0.8804223839595332,86.45465803677823,91.83483773075436,1.0,0.1594000000000051,0.1319999999999979,,0,6.604486694018917,8.687053829828281,10.77638433339766,-36.89041095890411,1,,,0.27084542464692607,5.110525248428299,16.15867324069924,52.9894,7.071524594957136,52.9894,0,25,20,20,50.044700000000006,47.5947,48.819700000000005,47.5947,51.83,,,,,,52.17246666666667,52.646933333333344,53.463866666666675,53.93833333333335,51.35553333333334,50.88106666666667,50.06413333333334,0,0,0,0,0,0,0,0,0,0,0,0,0,0,0,0,0,0,0,0,0,0,,,,,,,,,,,,,,,,,,USD,1.0,stock,28.75
2026-08-17,51.71,52.065,51.24,51.43,18149583,47.6975,46.3194,70.6953,48.69480935158619,48.73061241692773,54.38912665875692,66.16546738506656,81.02725366876308,1.6306212049111721,1.096987542897697,0.5336336620134752,0,1.6275499999999998,0.5,0.05,17405553.9,18622819.7,1.0427466488153532,0.9745883433538263,81.78143327803348,86.91638331116667,0.28000000000000114,0.3549999999999969,0.18999999999999773,,0,5.318278530845445,7.25743729340852,9.937001749951387,-37.459265020416105,1,,,-0.7717538105344368,1.922314704716599,16.806722689075638,52.9894,5.617006586195242,52.9894,0,25,20,20,50.044700000000006,47.5947,48.819700000000005,47.5947,51.43,,,,,,51.57833333333334,51.91666666666668,52.403333333333336,52.741666666666674,51.09166666666668,50.753333333333345,50.26666666666669,0,0,0,0,0,0,0,0,0,0,0,0,0,0,0,0,0,0,0,0,0,0,,,,,,,,,,,,,,,,,,USD,1.0,stock,28.75
2026-08-18,52.38,52.53,50.45,50.47,11719934,48.0325,46.3518,70.44279999999999,48.8638751276256,48.798823694695265,54.311520190266684,66.00929358024004,72.16080402010047,1.5581880394807612,1.18922764221431,0.36896039726645125,0,1.658621428571428,0.5,0.05,16421187.8,18552357.7,0.7137080546633782,0.6317220802615293,70.56569385704601,79.6005950572859,1.9100000000000037,0.14999999999999858,0.01999999999999602,,0,3.182335788338422,4.829601743610065,8.15969883098871,-39.57360808401029,1,,,-1.8666148162551077,-1.4065247118577817,15.307288096869986,52.9894,3.2869371661159255,52.9894,0,25,20,20,50.9322,47.5947,49.263450000000006,47.5947,50.47,,,,,,51.15,51.849999999999994,53.23,53.92999999999999,49.769999999999996,49.07,47.69,0,0,0,0,0,0,0,0,0,0,0,0,0,0,0,0,0,0,0,0,0,0,,,,,,,,,,,,,,,,,,USD,1.0,stock,27.0
2026-08-19,50.8,52.56,50.66,52.01,16830582,48.4735,46.42100000000001,70.20135,49.16350606785173,48.92475217725624,54.26594553303368,65.86999712670533,76.29046369203849,1.6065302826394898,1.272688170299346,0.3338421123401438,0,1.6904071428571423,0.5,0.05,16456774.3,18144167.5,1.0227145182394584,0.9276028784456493,88.55760917821335,80.30157877109762,1.2100000000000009,0.5500000000000043,0.14000000000000057,,0,5.472974297535609,6.799653912709089,10.74601038261871,-34.97663910786389,1,,,3.051317614424409,1.1474134577985184,20.421393841166946,52.9894,5.789851375163838,52.9894,0,25,20,20,51.0247,47.5947,49.30970000000001,47.5947,52.01,,,,,,51.74333333333333,52.82666666666667,53.64333333333334,54.726666666666674,50.92666666666666,49.84333333333333,49.02666666666666,0,0,0,0,0,0,0,0,0,0,0,0,0,0,0,0,0,0,0,0,0,0,,,,,,,,,,,,,,,,,,USD,1.0,stock,27.0
2026-08-20,51.64,51.8,49.36,49.37,20371593,48.7935,46.4344,69.94535,49.183172156627755,48.94221287618737,54.16899611653796,65.70581805081771,59.895052473763116,1.4154989314659758,1.3012503225326721,0.11424860893330369,0,1.7104071428571426,0.5,0.05,16354222.1,18603649.0,1.2456473243077701,1.0950321090233426,38.54382449825101,65.88904251117013,2.270000000000003,0.1599999999999966,0.00999999999999801,,0,0.37842382696423404,1.167713186145424,5.946121126189996,-41.67581527243267,1,,,-5.075946933282061,-4.4882956084349,14.894112171282291,52.9894,0.37986131268083745,52.9894,0,25,20,20,51.1747,47.5947,49.3847,47.5947,49.37,,,,,,50.17666666666667,50.99333333333334,52.61666666666667,53.43333333333334,48.55333333333334,47.73666666666667,46.113333333333344,0,0,0,0,0,0,0,0,0,0,0,0,0,0,0,0,0,0,0,0,0,0,,,,,,,,,,,,,,,,,,USD,1.0,stock,25.0
2026-08-21,49.22,50.9,49.01,50.37,35986823,49.132999999999996,46.462599999999995,69.6936,49.296203379806066,48.998204528101596,54.09376847066592,65.55322284633198,57.67405063291139,1.329471531754919,1.3068945643771215,0.022576967377797574,0,1.6889785714285708,0.5,0.05,18808442.3,19576252.1,1.9133335140677759,1.8382897204312156,55.52348286752462,60.87497218132967,1.1499999999999986,0.5300000000000011,0.21000000000000085,,0,2.1318177887511047,2.455826881080012,7.757395274965264,-38.36331149493748,1,,,2.0255215718047337,-2.8169014084507005,15.580541532813207,52.9894,2.1782541992550417,52.9894,0,25,20,20,50.999700000000004,47.7447,49.37220000000001,47.5947,50.37,,,,,,50.093333333333334,51.17666666666667,51.983333333333334,53.06666666666667,49.28666666666667,48.20333333333333,47.39666666666667,0,0,0,0,0,0,0,0,0,0,0,0,0,0,0,0,0,0,0,0,0,0,,,,,,,,,,,,,,,,,,USD,1.0,stock,25.0
