date,open,high,low,close,volume,SMA_20,SMA_50,SMA_200,EMA_20,EMA_50,EMA_100,EMA_200,RSI_14,MACD,MACD_Signal,MACD_Hist,MACD_Hist_Subiendo,ATR_14,BB_PctB,BB_Width,Vol_SMA_10,Vol_SMA_20,VolRel10,VolRel20,Stoch_K,Stoch_D,Body,Mecha_Sup,Mecha_Inf,Position_52w_Pct,RS_vs_SPY,Dist_EMA_20_pct,Dist_SMA_20_pct,Dist_SMA_50_pct,Dist_SMA_200_pct,Dist_BUY_ZONE,High_52W,Low_52W,Ret_1,Ret_5,Ret_20,Swing_High_20,Dist_EMA_20,TP_Dinamico,VWAP,ADX_14,Plus_DI,Minus_DI,Tenkan,Kijun,Senkou_A,Senkou_B,Chikou,Fib_236,Fib_382,Fib_500,Fib_618,Fib_786,Pivot_PP,Pivot_R1,Pivot_R2,Pivot_R3,Pivot_S1,Pivot_S2,Pivot_S3,Vol_Dryup,Vol_Climax,BB_Squeeze,BB_Breakout,MACD_Cross_Up,Golden_Cross,SMA20_Cross_Up,Oversold,Overbought,Trend_Up,Breakout_Vol,TP_Agotamiento,Vol_Climax_Up,MACD_Divergence,Trend_Weakness,Overextended,Exhaustion_Gap,Stoch_Extreme,Stop_Loss_Triggered,BUY_ZONE,ACC,REB,ROIC,ROE,Net_Margin,Gross_Margin,Operating_Margin,EBITDA_Margin,Current_PE,Current_PB,Current_EV_EBITDA,Current_EV_Sales,Current_FCF_Yield,Market_Cap,PE_5y_mean,PE_5y_max,PE_5y_min,PE_5y_pct,PE_5y_signal,Currency,FX_Rate,Asset_Type,Risk_Score
2025-08-22,29.17,29.62,29.12,29.41,10906165,,,,29.41,29.41,29.41,29.41,,0.0,0.0,0.0,0,,0.5,0.05,,,,,,,0.23999999999999844,0.21000000000000085,0.05000000000000071,,0,0.0,,,,0,,,,,,,0.0,,0,25,20,20,,,,,29.41,,,,,,29.383333333333336,29.646666666666672,29.883333333333336,30.146666666666672,29.146666666666672,28.883333333333336,28.646666666666672,0,0,0,0,0,0,0,0,0,0,0,0,0,0,0,0,0,0,0,0,0,0,,,,,,,,,,,,,,,,,,USD,1.0,stock,25.0
2025-08-25,29.395,29.485,28.76,29.08,6828381,,,,29.378571428571426,29.397058823529413,29.403465346534652,29.40671641791045,,-0.02632478632478552,-0.005264957264957105,-0.021059829059828415,0,,0.5,0.05,,,,,,,0.3150000000000013,0.08999999999999986,0.31999999999999673,,0,-1.0267243073295325,,,,0,,,-1.122067324039444,,,,-1.016289812788717,,0,25,20,20,,,,,29.08,,,,,,29.108333333333334,29.456666666666667,29.833333333333332,30.181666666666665,28.73166666666667,28.383333333333336,28.00666666666667,0,0,0,0,0,0,0,0,0,0,0,0,0,0,0,0,0,0,0,0,0,0,,,,,,,,,,,,,,,,,,USD,1.0,stock,25.0
2025-08-26,29.01,29.07,28.415,28.66,13624019,,,,29.310136054421765,29.368154555940027,29.388743260464658,29.399286403801888,,-0.080153894854746,-0.020242744782914886,-0.059911150071831114,0,,0.5,0.05,,,,,,,0.3500000000000014,0.05999999999999872,0.245000000000001,,0,-2.268444014032675,,,,0,,,-1.4442916093534985,,,,-2.218127043882092,,0,25,20,20,,,,,28.66,,,,,,28.715,29.015,29.37,29.67,28.36,28.06,27.705,0,0,0,0,0,0,0,0,0,0,0,0,0,0,0,0,0,0,0,0,0,0,,,,,,,,,,,,,,,,,,USD,1.0,stock,25.0
2025-08-27,28.535,29.27,28.535,28.84,7074038,,,,29.26536119209588,29.34744261256983,29.377877057287137,29.39372136495809,,-0.10705528877588932,-0.037605253581509776,-0.06945003519437955,0,,0.5,0.05,,,,,,,0.3049999999999997,0.4299999999999997,0.0,,0,-1.4749001112894629,,,,0,,,0.6280530355896818,,,,-1.4534629841191387,,0,25,20,20,,,,,28.84,,,,,,28.881666666666664,29.228333333333328,29.616666666666664,29.963333333333328,28.49333333333333,28.146666666666665,27.75833333333333,0,0,0,0,0,0,0,0,0,0,0,0,0,0,0,0,0,0,0,0,0,0,,,,,,,,,,,,,,,,,,USD,1.0,stock,25.0
2025-08-28,28.925,28.925,28.24,28.38,7287168,,,,29.181041078562938,29.309503686586698,29.35811711555868,29.383634585207265,,-0.1636070328591117,-0.06280560943703016,-0.10080142342208155,0,,0.5,0.05,,,,,,,0.5450000000000017,0.0,0.14000000000000057,,0,-2.822554892751723,,,,0,,,-1.5950069348127593,,,,-2.7450736812519074,,0,25,20,20,,,,,28.38,,,,,,28.515,28.790000000000003,29.200000000000003,29.475000000000005,28.105,27.83,27.419999999999998,0,0,0,0,0,0,0,0,0,0,0,0,0,0,0,0,0,0,0,0,0,0,,,,,,,,,,,,,,,,,,USD,1.0,stock,25.0
2025-08-29,28.42,29.09,28.38,29.04,8352478,,,,29.167608594890275,29.298934914563688,29.351817766735735,29.38021533560321,,-0.15339991460113112,-0.08092447046985035,-0.07247544413128076,1,,0.5,0.05,,,,,,,0.6199999999999974,0.05000000000000071,0.0400000000000027,,0,-0.43942353612354024,,,,0,,,2.3255813953488413,-1.2580754845290754,,,-0.43750105352356927,,0,25,20,20,,,,,29.04,,,,,,28.836666666666662,29.293333333333326,29.546666666666663,30.003333333333327,28.583333333333325,28.12666666666666,27.873333333333324,0,0,0,0,0,0,0,0,0,0,0,0,0,0,0,0,0,0,0,0,0,0,,,,,,,,,,,,,,,,,,USD,1.0,stock,25.0
2025-09-02,29.13,29.79,28.72,29.62,10033682,,,,29.21069349061501,29.311525702227858,29.357128306008295,29.382601252661885,,-0.0973869311841824,-0.08421696261271676,-0.013169968571465643,1,,0.5,0.05,,,,,,,0.490000000000002,0.16999999999999815,0.41000000000000014,,0,1.381858573210635,,,,0,,,1.9972451790633672,1.8569463548830933,,,1.4012214722546543,,0,25,20,20,,,,,29.62,,,,,,29.376666666666665,30.03333333333333,30.446666666666665,31.10333333333333,28.96333333333333,28.306666666666665,27.89333333333333,0,0,0,0,0,0,0,0,0,0,0,0,0,0,0,0,0,0,0,0,0,0,,,,,,,,,,,,,,,,,,USD,1.0,stock,25.0
2025-09-03,29.5,30.06,29.415,30.06,11693745,,,,29.291579824842152,29.340877635473827,29.37104655737447,29.389341538705054,,-0.017292577439459222,-0.07083208557806525,0.05353950813860603,1,,0.5,0.05,,,,,,,0.5599999999999987,0.0,0.08500000000000085,,0,2.5562880078438,,,,0,,,1.4854827819041017,4.884856943475224,,,2.623348347043235,,0,25,20,20,,,,,30.06,,,,,,29.845,30.275,30.49,30.919999999999998,29.63,29.2,28.985,0,0,0,0,0,0,0,0,0,0,0,0,0,0,0,0,0,0,0,0,0,0,,,,,,,,,,,,,,,,,,USD,1.0,stock,25.0
2025-09-04,29.25,29.3,28.26,28.65,23984701,,,,29.230476984380996,29.313784394867014,29.35676840772349,29.381984906479136,,-0.0668221569563876,-0.07003009985372972,0.0032079428973421226,0,,0.5,0.05,,,,,,,0.6000000000000014,0.05000000000000071,0.389999999999997,,0,-2.0260976767225034,,,,0,,,-4.690618762475052,-0.6588072122052702,,,-1.9858621694444776,,0,25,20,20,29.15,,,,28.65,,,,,,28.736666666666668,29.213333333333335,29.776666666666667,30.253333333333334,28.173333333333336,27.69666666666667,27.133333333333336,0,0,0,0,0,0,0,0,0,0,0,0,0,0,0,0,0,0,0,0,0,0,,,,,,,,,,,,,,,,,,USD,1.0,stock,25.0
2025-09-05,28.59,29.13,28.24,28.98,14113665,,,,29.20662203348757,29.30069481075458,29.34930764717451,29.377985056663423,,-0.07854109068667725,-0.07173229802031923,-0.006808792666358018,0,,0.5,0.05,11389804.2,,1.2391490452487324,,,,0.39000000000000057,0.14999999999999858,0.3500000000000014,,0,-0.7819945945050693,,,,0,,,1.1518324607329822,2.114164904862581,,,-0.7759268881821731,,0,25,20,20,29.15,,,,28.98,,,,,,28.78333333333333,29.326666666666664,29.673333333333332,30.216666666666665,28.436666666666664,27.89333333333333,27.546666666666663,0,0,0,0,0,0,0,0,0,0,0,0,0,0,0,0,0,0,0,0,0,0,,,,,,,,,,,,,,,,,,USD,1.0,stock,25.0
2025-09-08,29.02,29.07,28.325,28.84,16102372,,,,29.171705649345895,29.28262834758774,29.339222347230457,29.372631971522495,,-0.09799562747608803,-0.076984963911473,-0.021010663564615034,0,,0.5,0.05,11909424.9,,1.3520696536740409,,,,0.17999999999999972,0.05000000000000071,0.5150000000000006,,0,-1.1501582848332026,,,,0,,,-0.48309178743961567,-0.688705234159781,,,-1.137080064268828,,0,25,20,20,29.15,,,,28.84,,,,,,28.745,29.165000000000003,29.490000000000002,29.910000000000004,28.42,28.0,27.675,0,0,0,0,0,0,0,0,0,0,0,0,0,0,0,0,0,0,0,0,0,0,,,,,,,,,,,,,,,,,,USD,1.0,stock,25.0
2025-09-09,29.15,31.15,28.839,31.06,22476674,,,,29.35154320655105,29.352329196701948,29.373297152235793,29.38942170314914,,0.0649729904521692,-0.04859337303874456,0.11356636349091376,1,,0.5,0.05,13474254.2,,1.6681200804420033,,,,1.9100000000000001,0.08999999999999986,0.31099999999999994,,0,5.500504808270925,,,,0,,,7.697642163661578,4.861580013504385,,,5.820671102116478,,0,25,20,20,29.695,,,,31.06,,,,,,30.349666666666664,31.86033333333333,32.660666666666664,34.17133333333333,29.54933333333333,28.038666666666664,27.23833333333333,0,0,0,0,0,0,0,0,0,0,0,0,0,0,0,0,0,0,0,0,0,0,,,,,,,,,,,,,,,,,,USD,1.0,stock,25.0
2025-09-10,31.01,31.34,29.98,31.27,14265596,,,,29.534253377355714,29.42753197330187,29.410855624468745,29.40813392500835,,0.20866665987798072,0.002858633544600496,0.20580802633338022,1,,0.5,0.05,13538411.9,,1.0537126588680612,,,,0.259999999999998,0.07000000000000028,1.0300000000000011,,0,5.5508366570012315,,,,0,,,0.6761107533805655,4.025282767797744,,,5.877062814037832,,0,25,20,20,29.79,,,,31.27,,,,,,30.863333333333333,31.746666666666666,32.22333333333333,33.10666666666667,30.386666666666667,29.503333333333334,29.026666666666667,0,0,0,0,0,0,0,0,0,0,0,0,0,0,0,0,0,0,0,0,0,0,,,,,,,,,,,,,,,,,,USD,1.0,stock,25.0
2025-09-11,35.97,36.135,34.07,34.08,36452696,,,,29.96718162713136,29.609981699839054,29.50331392893471,29.454620154610257,72.91462217860646,0.5430287466374892,0.11089265616317824,0.432136090474311,1,1.2647142857142855,0.5,0.05,16476277.7,,2.212435154573779,,73.97086763774541,,1.8900000000000006,0.16499999999999915,0.00999999999999801,,0,12.068129028370416,,,,0,,,8.986248800767505,18.952879581151837,,,13.724408334566302,,0,25,20,20,32.1875,,,,34.08,,,,,,34.76166666666666,35.453333333333326,36.82666666666666,37.518333333333324,33.38833333333333,32.696666666666665,31.32333333333333,0,0,0,0,0,0,0,0,0,0,0,0,0,0,0,0,0,0,0,0,0,0,,,,,,,,,,,,,,,,,,USD,1.0,stock,28.5
2025-09-12,33.925,34.78,33.0701,33.26,16869690,,,,30.280783376928376,29.753119672394387,29.577703752124123,29.492484630683787,67.48410535876475,0.7333918773278434,0.2353925003961113,0.49799937693173213,1,1.3511357142857143,0.5,0.05,17434529.9,,0.9676022294125637,,63.584547181760605,,0.6649999999999991,0.855000000000004,0.1899000000000015,,0,8.957356052530434,,,,0,,,-2.406103286384975,14.768806073153895,,,9.838637877980249,,0,25,20,20,32.1875,,,,33.26,,,,,,33.70336666666666,34.336633333333324,35.413266666666665,36.04653333333333,32.62673333333332,31.993466666666656,30.916833333333315,0,0,0,0,0,0,0,0,0,0,0,0,0,0,0,0,0,0,0,0,0,0,,,,,,,,,,,,,,,,,,USD,1.0,stock,25.0
2025-09-15,33.235,33.44,31.93,32.64,11585800,,,,30.50547067436377,29.866330665633825,29.63834328178503,29.523803191572505,65.75221238938055,0.8247203486399144,0.353258070044872,0.4714622785950424,0,1.4072071428571429,0.5,0.05,17757862.1,,0.6524321415920895,,55.73147561747945,64.42896347899516,0.5949999999999989,0.2049999999999983,0.7100000000000009,,0,6.539611904522763,,,,0,,,-1.864101022248943,13.176144244105403,,,6.997201742669875,,0,25,20,20,32.1875,,,,32.64,,,,,,32.67,33.410000000000004,34.18,34.92,31.900000000000006,31.160000000000004,30.390000000000008,0,0,0,0,0,0,0,0,0,0,0,0,0,0,0,0,0,0,0,0,0,0,,,,,,,,,,,,,,,,,,USD,1.0,stock,25.0
2025-09-16,32.755,32.96,31.77,31.8,10632871,,,,30.628759181567222,29.94216083560897,29.681148365314037,29.54645191603447,63.39590443686007,0.8198669247546135,0.4465798409868203,0.37328708376779324,0,1.444707142857143,0.5,0.05,17817781.0,,0.5967561841735511,,45.09183027232429,54.80261769052145,0.9550000000000018,0.2049999999999983,0.030000000000001137,,0,3.683147227776033,,,,0,,,-2.573529411764708,2.3824855119124244,,,3.82399042510885,,0,25,20,20,32.1875,,,,31.8,,,,,,32.17666666666667,32.58333333333334,33.366666666666674,33.77333333333334,31.393333333333338,30.986666666666668,30.203333333333337,0,0,0,0,0,0,0,0,0,0,0,0,0,0,0,0,0,0,0,0,0,0,,,,,,,,,,,,,,,,,,USD,1.0,stock,25.0
2025-09-17,32.08,32.63,31.73,32.02,8889524,,,,30.76125830713225,30.02364472440862,29.727462259070194,29.5710643347804,63.52040816326531,0.8242710294056828,0.5221180786705928,0.30215295073508996,0,1.4564928571428575,0.5,0.05,17537358.9,,0.506890692645858,,47.87840405319829,49.567236647667336,0.05999999999999517,0.5500000000000043,0.2900000000000027,,0,3.9311108459330253,,,,0,,,0.6918238993710801,2.3984649824112747,,,4.091970751976376,,0,25,20,20,32.1875,,,,32.02,,,,,,32.126666666666665,32.523333333333326,33.02666666666667,33.42333333333333,31.623333333333328,31.226666666666663,30.723333333333326,0,0,0,0,0,0,0,0,0,0,0,0,0,0,0,0,0,0,0,0,0,0,,,,,,,,,,,,,,,,,,USD,1.0,stock,25.0
2025-09-18,32.245,32.91,31.925,32.17,7020235,,,,30.895424182643463,30.10781551952985,29.775829343049,29.596924391150743,66.55021834061137,0.830293948668988,0.5837532526702719,0.2465406959987161,0,1.4779214285714286,0.5,0.05,15840912.3,,0.44317112973348133,,49.77834072197598,47.58285834916618,0.07499999999999574,0.6649999999999991,0.245000000000001,,0,3.9620012973470264,,,,0,,,0.46845721424109144,-5.6044600938967015,,,4.125451749170591,,0,25,20,20,32.23,,,,32.17,,,,,,32.335,32.745000000000005,33.31999999999999,33.73,31.760000000000005,31.350000000000005,30.77500000000001,0,0,0,0,0,0,0,0,0,0,0,0,0,0,0,0,0,0,0,0,0,0,,,,,,,,,,,,,,,,,,USD,1.0,stock,25.0
2025-09-19,32.29,32.31,31.74,31.77,21240569,30.4815,,,30.978717117629802,30.17299922464633,29.815317870909414,29.618547034024864,62.19839142091153,0.7936418888477128,0.6257309799057601,0.1679109089419527,0,1.4679214285714288,0.5,0.05,16553602.7,13971703.45,1.2831387453801824,1.520256214713747,44.71184293856873,47.456195904580994,0.5199999999999996,0.020000000000003126,0.030000000000001137,,0,2.49066063068995,4.055712936732764,,,0,,,-1.2433944668946317,-4.4798556825014995,,36.135,2.554279053472756,36.135,0,25,20,20,32.486999999999995,,,,31.77,,,,,,31.939999999999998,32.14,32.510000000000005,32.71,31.569999999999993,31.369999999999994,30.99999999999999,0,0,0,0,0,0,0,0,0,0,0,0,0,0,0,0,0,0,0,0,0,0,,,,,,,,,,,,,,,,,,USD,1.0,stock,25.0
2025-09-22,31.67,32.875,31.6494,32.7,9254444,30.646000000000004,,,31.14264882071268,30.27209729426804,29.87244028930725,29.649208257566908,63.34488734835356,0.8300695697416138,0.6665986978729309,0.16347087186868292,0,1.4790357142857145,0.5,0.05,15868809.9,13889117.4,0.5831845020715762,0.6663090053511967,56.49145028499056,50.327211315178424,1.0300000000000011,0.17499999999999716,0.020600000000001728,,0,4.762541832682945,6.2813455657492305,,,0,,,2.9272898961284266,0.18382352941177516,11.186671200272036,36.135,5.000702375231306,36.135,0,25,20,20,33.0575,,,,32.7,,,,,,32.40813333333333,33.166866666666664,33.63373333333333,34.392466666666664,31.941266666666664,31.182533333333332,30.715666666666664,0,0,0,0,0,0,0,0,0,0,0,0,0,0,0,0,0,0,0,0,0,0,,,,,,,,,,,,,,,,,,USD,1.0,stock,25.0
2025-09-23,32.91,33.52,32.72,32.75,9423595,30.829500000000003,,,31.29572988540671,30.369269949394784,29.92942166971701,29.680061906745347,62.0627802690583,0.8531388972825127,0.7039067377548472,0.14923215952766544,0,1.4915357142857144,0.5,0.05,14563502.0,14018878.1,0.6470692969314661,0.6722074999710569,57.12476250791643,52.776018577158574,0.1599999999999966,0.6100000000000065,0.030000000000001137,,0,4.4405194338726375,5.864122137404571,,,0,,,0.1529051987767538,2.9874213836478036,12.6203576341128,36.135,4.646864348325741,36.135,0,25,20,20,33.8922,,,,32.75,,,,,,32.99666666666667,33.27333333333334,33.796666666666674,34.073333333333345,32.473333333333336,32.196666666666665,31.673333333333332,0,0,0,0,0,0,0,0,0,0,0,0,0,0,0,0,0,0,0,0,0,0,,,,,,,,,,,,,,,,,,USD,1.0,stock,25.0
2025-09-24,32.73,34.85,32.5872,34.65,16526477,31.129,,,31.615184182034643,30.537141716085188,30.02289846833647,29.72951402707624,75.77319587628867,1.0130577277230124,0.7657369357484803,0.24732079197453205,1,1.5245928571428575,0.5,0.05,14789590.1,14164001.0,1.1174398268144023,1.1667943965832819,81.1906269791007,64.9356132573359,1.9200000000000017,0.20000000000000284,0.14279999999999404,,0,8.758487209135227,10.161616161616154,,,0,,,5.801526717557248,8.21361648969392,20.900209351011867,36.135,9.599234976748587,36.135,0,25,20,20,33.249700000000004,,,,34.65,,,,,,34.029066666666665,35.47093333333333,36.291866666666664,37.733733333333326,33.20813333333333,31.766266666666667,30.94533333333333,0,0,0,0,0,0,0,0,0,0,0,0,0,0,0,0,0,0,0,0,0,0,,,,,,,,,,,,,,,,,,USD,1.0,stock,27.0
2025-09-25,34.49,34.7,33.615,34.39,15097247,31.4065,,,31.8794523551742,30.688234197807336,30.109375726389214,29.775887021831704,73.37942955920485,1.1060647005442306,0.8338024887076305,0.27226221183660004,1,1.5385214285714288,0.5,0.05,12654045.2,14565161.45,1.1930767403928666,1.0365313870242063,77.65685019206148,71.99074655969288,0.10000000000000142,0.21000000000000085,0.7749999999999986,,0,7.30022577733585,8.675487060191914,,,0,,,-0.7503607503607457,6.900839291265148,19.244105409153956,36.135,7.8751278938401335,36.135,0,25,20,20,33.249700000000004,,,,34.39,,,,,,34.235,34.855,35.32,35.94,33.769999999999996,33.15,32.684999999999995,0,0,0,0,0,0,0,0,0,0,0,0,0,0,0,0,0,0,0,0,0,0,,,,,,,,,,,,,,,,,,USD,1.0,stock,27.0
2025-09-26,34.62,35.42,34.4425,34.86,13616577,31.7305,,,32.1633140356338,30.851832856716854,30.20344749418349,29.8264752106692,75.29411764705884,1.2038215630047944,0.9078063035670634,0.296015259437731,1,1.5588785714285718,0.5,0.05,12328733.9,14881631.9,1.1044586662706704,0.9149921924893196,82.5246710526316,80.4573827412646,0.240000000000002,0.5600000000000023,0.17749999999999488,,0,7.735760081371762,8.977337923121057,,,0,,,1.3666763594067932,9.726156751652493,22.83298097251585,36.135,8.384353556908135,36.135,0,25,20,20,33.5347,,,,34.86,,,,,,34.907500000000006,35.37250000000001,35.885000000000005,36.35000000000001,34.39500000000001,33.93000000000001,33.41750000000001,0,0,0,0,0,0,0,0,0,0,0,0,0,0,0,0,0,0,0,0,0,0,,,,,,,,,,,,,,,,,,USD,1.0,stock,27.0
2025-09-29,34.7,35.3,34.41,35.21,8292052,32.039,,,32.45347460366868,31.02274137213972,30.30258714776401,29.880042621508316,70.68793619142573,1.294613161080676,0.985167675069786,0.30944548601088995,1,1.4573785714285719,0.5,0.05,11999359.1,14878610.6,0.6910412406942634,0.5573135975478786,84.97156783103172,81.71769635857494,0.509999999999998,0.0899999999999963,0.29000000000000625,,0,7.828813962883611,9.005964214711728,,,0,,,1.0040160642570406,7.675840978593262,21.2465564738292,36.135,8.493775874524419,36.135,0,25,20,20,33.5347,32.1875,32.8611,,35.21,,,,,,34.97333333333333,35.53666666666666,35.86333333333333,36.42666666666666,34.64666666666666,34.08333333333333,33.75666666666666,0,0,0,0,0,0,0,0,0,0,0,0,0,0,0,0,0,0,0,0,0,0,,,,,,,,,,,,,,,,,,USD,1.0,stock,27.0
2025-09-30,35.215,35.805,34.96,35.68,9080803,32.342,,,32.760762736652616,31.205378965389144,30.409070570580568,29.937753640199777,71.42857142857144,1.3884856306719726,1.0658312661902234,0.3226543644817492,1,1.4205928571428574,0.5,0.05,11844152.3,14830966.65,0.7666908335854479,0.6122866576603083,89.85642946317107,85.78422278227812,0.4649999999999963,0.125,0.25500000000000256,,0,8.181718787408588,9.355381165919285,,,0,,,1.334848054529969,8.946564885496189,20.45914922349763,36.135,8.910773191740596,36.135,0,25,20,20,33.727199999999996,32.1875,32.95735,,35.68,,,,,,35.48166666666666,36.00333333333332,36.32666666666666,36.84833333333332,35.158333333333324,34.63666666666666,34.313333333333325,0,0,0,0,0,0,0,0,0,0,0,0,0,0,0,0,0,0,0,0,0,0,,,,,,,,,,,,,,,,,,USD,1.0,stock,27.0
2025-10-01,35.75,36.2,35.48,35.74,7246053,32.626,,,33.04449961887617,31.383207241256237,30.514633529578973,29.995487434824653,61.00795755968172,1.4509955640478083,1.1428641257617405,0.3081314382860678,0,1.1245214285714293,0.5,0.05,11679805.2,14608582.05,0.6203915969420449,0.4960134375259233,89.89144288665229,88.23981339361835,0.00999999999999801,0.45000000000000284,0.2600000000000051,,0,7.541970848136062,8.71292669278121,,,0,,,0.16816143497757619,3.145743145743163,18.895542248835675,36.2,8.157183229320454,36.2,0,25,20,20,33.9247,32.22,33.07235,,35.74,,,,,,35.80666666666667,36.13333333333335,36.52666666666668,36.85333333333335,35.41333333333334,35.086666666666666,34.693333333333335,0,0,0,0,0,0,0,0,0,0,0,0,0,0,0,0,0,0,0,0,0,0,,,,,,,,,,,,,,,,,,USD,1.0,stock,25.0
2025-10-02,35.71,37.0,35.58,36.82,9820913,33.034499999999994,,,33.40407108374511,31.59641480042266,30.63949227156751,30.06339303248809,72.82051282051285,1.5695888672448604,1.2282090740583644,0.3413797931864959,1,1.1038142857142863,0.5,0.05,11959873.0,13900392.65,0.8211552915319419,0.7065205456624277,96.63589130191008,92.12792121724448,1.1099999999999994,0.17999999999999972,0.13000000000000256,,0,9.277373482495632,10.281097229766448,,,0,,,3.021824286513697,7.066007560337306,28.51657940663177,37.0,10.226085639954018,37.0,0,25,20,20,34.3247,32.62,33.47235,,36.82,,,,,,36.46666666666667,37.35333333333334,37.88666666666667,38.77333333333334,35.93333333333334,35.04666666666667,34.513333333333335,0,0,0,0,0,0,0,0,0,0,0,0,0,0,0,0,0,0,0,0,0,0,,,,,,,,,,,,,,,,,,USD,1.0,stock,27.0
2025-10-03,36.92,38.86,36.915,38.7,15154020,33.5205,,,33.90844526624557,31.87498676903354,30.799106285991915,30.149329420224525,83.44370860927152,1.7945883057354877,1.341484920393789,0.4531033853416986,1,1.1416714285714293,0.5,0.05,11351218.1,13952410.4,1.3350126714594621,1.0861220079936869,97.78104457326718,94.76945958727651,1.7800000000000011,0.1599999999999966,0.005000000000002558,,0,12.381278381794395,13.383720930232567,,,0,,,5.105920695274313,11.015490533562833,33.54037267080747,38.86,14.130859424935716,38.86,0,25,20,20,35.723600000000005,33.55,34.6368,,38.7,,,,,,38.15833333333334,39.40166666666668,40.10333333333334,41.34666666666668,37.45666666666668,36.21333333333334,35.51166666666668,0,0,0,0,0,0,0,0,0,0,0,0,0,0,0,0,0,0,0,0,0,0,,,,,,,,,,,,,,,,,,USD,1.0,stock,30.25
2025-10-06,38.68,39.12,37.56,37.64,13133207,33.9605,,,34.26383143136504,32.10106571926752,30.93456952785346,30.22386345584418,81.4655172413793,1.865860363746826,1.4463600090643967,0.4195003546824294,0,1.1681000000000004,0.5,0.05,11739094.4,13803952.15,1.1187581045433965,0.9514091947935359,80.18900757636605,91.53531448384778,1.0399999999999991,0.4399999999999977,0.0799999999999983,,0,8.969629565980233,9.775504782146644,,,0,,,-2.739018087855305,6.901448452144265,30.513176144244113,39.12,9.853447287113436,39.12,0,25,20,20,35.8536,33.68,34.7668,,37.64,,,,,,38.10666666666667,38.653333333333336,39.666666666666664,40.21333333333333,37.09333333333334,36.546666666666674,35.533333333333346,0,0,0,0,0,0,0,0,0,0,0,0,0,0,0,0,0,0,0,0,0,0,,,,,,,,,,,,,,,,,,USD,1.0,stock,28.75
2025-10-07,38.3,39.28,38.01,38.42,12645383,34.328500000000005,,,34.659657009330274,32.348867063609966,31.082795873836556,30.30541705329847,82.52032520325201,1.96265915149079,1.5496198375496752,0.4130393139411148,0,1.220957142857143,0.5,0.05,12061273.2,13312387.6,1.0484285357204246,0.9498959450369369,88.72958876104109,88.8998803035581,0.12000000000000455,0.8599999999999994,0.28999999999999915,,0,9.787462234955042,10.64940135346173,,,0,,,2.0722635494155206,7.679372197309431,23.696072118480373,39.28,10.849336996201245,39.28,0,25,20,20,36.447500000000005,33.76,35.103750000000005,,38.42,,,,,,38.57,39.13,39.84,40.400000000000006,37.86,37.3,36.589999999999996,0,0,0,0,0,0,0,0,0,0,0,0,0,0,0,0,0,0,0,0,0,0,,,,,,,,,,,,,,,,,,USD,1.0,stock,28.75
2025-10-08,38.36,39.08,38.265,38.45,11376156,34.6875,,,35.02064205606072,32.58812717876252,31.228681104057614,30.38645767963381,82.30452674897118,2.0185253338942886,1.643400936818598,0.37512439707569056,0,1.208814285714286,0.5,0.05,11546241.1,13167915.6,0.9852692232453036,0.8639298994291853,89.1227426414699,86.01377965962568,0.09000000000000341,0.6299999999999955,0.09499999999999886,,0,8.919006356148971,9.785435630689214,,,0,,,0.07808433107756585,7.5825405707890425,22.96130476495044,39.28,9.792390266430854,39.28,0,25,20,20,36.845,33.76,35.302499999999995,,38.45,,,,,,38.598333333333336,38.93166666666667,39.413333333333334,39.74666666666667,38.116666666666674,37.78333333333334,37.30166666666668,0,0,0,0,0,0,0,0,0,0,0,0,0,0,0,0,0,0,0,0,0,0,,,,,,,,,,,,,,,,,,USD,1.0,stock,28.75
2025-10-09,38.755,38.95,37.7,37.83,8494672,34.875,,,35.28819995548351,32.79369081881105,31.35940029011588,30.460522777348896,80.4828973843058,1.9898333077557808,1.7126874110060346,0.2771458967497462,0,1.2573857142857143,0.5,0.05,10885983.6,11770014.4,0.7803311406789185,0.7217214619550508,80.99756244594131,86.28329794948411,0.9250000000000043,0.19500000000000028,0.12999999999999545,,0,6.719006197505909,7.811260904044405,,,0,,,-1.6124837451235496,2.7430744160782172,11.003521126760575,39.28,7.202974500606424,39.28,0,25,20,20,36.845,33.76,35.302499999999995,,37.83,,,,,,38.160000000000004,38.620000000000005,39.410000000000004,39.870000000000005,37.370000000000005,36.910000000000004,36.120000000000005,0,0,0,0,0,0,0,0,0,0,0,0,0,0,0,0,0,0,0,0,0,0,,,,,,,,,,,,,,,,,,USD,1.0,stock,28.75
2025-10-10,37.88,37.93,35.5501,35.76,9534637,35.0,,,35.33313329305651,32.91001666905376,31.446540878430415,30.513253893992193,63.808664259927774,1.7795494319178502,1.726059815188398,0.053489616729452294,0,1.3398357142857142,0.5,0.05,10477789.6,11403261.75,0.9099855374076227,0.8361324337749241,47.406167822137164,72.50882430318279,2.1200000000000045,0.04999999999999716,0.20989999999999753,,0,1.1936988449202615,2.1252796420581603,,,0,,,-5.47184773988898,-7.596899224806208,7.516536380036087,39.28,1.2081201613313224,39.28,0,25,20,20,37.120000000000005,33.76,35.44,,35.76,,,,,,36.41336666666666,37.27663333333332,38.79326666666666,39.65653333333332,34.89673333333332,34.03346666666666,32.516833333333324,0,0,0,0,0,0,0,0,0,0,0,0,0,0,0,0,0,0,0,0,0,0,,,,,,,,,,,,,,,,,,USD,1.0,stock,25.0
2025-10-13,36.22,36.44,35.77,36.36,6496816,35.186,,,35.430930122289226,33.045310133012435,31.543837098659512,30.571430472161424,65.52020636285467,1.6423805898007515,1.7093239701108687,-0.06694338031011715,0,1.3298357142857142,0.5,0.05,10298266.0,11148812.55,0.6308650407748256,0.5827361408099018,56.37102557972743,61.591585282601976,0.14000000000000057,0.0799999999999983,0.44999999999999574,,0,2.5551976834729744,3.228822882288227,,,0,,,1.6778523489932917,-3.4006376195536703,11.397058823529417,39.28,2.62220007915148,39.28,0,25,20,20,37.379999999999995,33.8025,35.59125,,36.36,,,,,,36.190000000000005,36.61000000000001,36.86,37.28,35.94000000000001,35.52000000000001,35.27000000000002,0,0,0,0,0,0,0,0,0,0,0,0,0,0,0,0,0,0,0,0,0,0,,,,,,,,,,,,,,,,,,USD,1.0,stock,25.0
2025-10-14,35.825,36.66,35.28,36.44,7002827,35.418,,,35.52703201540454,33.17843522583548,31.640790819478134,30.629824198806585,59.12334352701324,1.5225773022184015,1.6719746365323753,-0.14939733431397384,0,1.266778571428571,0.5,0.05,10090468.4,10967310.35,0.6940041554463418,0.6385181759719237,49.86760812003523,51.21493384063327,0.6149999999999949,0.21999999999999886,0.5450000000000017,,0,2.505400616343198,2.8046103183314997,,,0,,,0.22002200220021528,-5.1535658511192235,14.591194968553456,39.28,2.5697840005311954,39.28,0,25,20,20,37.28,34.0595,35.66975,,36.44,,,,,,36.126666666666665,36.97333333333333,37.50666666666666,38.353333333333325,35.593333333333334,34.74666666666667,34.21333333333334,0,0,0,0,0,0,0,0,0,0,0,0,0,0,0,0,0,0,0,0,0,0,,,,,,,,,,,,,,,,,,USD,1.0,stock,25.0
2025-10-15,36.25,36.37,35.4,35.79,8319741,35.6065,,,35.55207658536601,33.28084953070468,31.722953377508272,30.681169231654284,56.862745098039206,1.3595111674775993,1.6094819427214202,-0.24997077524382094,0,1.2635642857142853,0.5,0.05,10197837.2,10938821.2,0.8158338711271054,0.7605701608871713,28.336755646817274,44.85846311552664,0.46000000000000085,0.11999999999999744,0.39000000000000057,,0,0.664776235356216,0.5127130483375306,,,0,,,-1.7837541163556514,-6.918075422626801,11.773891317926278,39.28,0.6692250846802126,39.28,0,25,20,20,37.28,34.63,35.955,,35.79,,,,,,35.85333333333333,36.306666666666665,36.82333333333333,37.276666666666664,35.336666666666666,34.88333333333333,34.36666666666667,0,0,0,0,0,0,0,0,0,0,0,0,0,0,0,0,0,0,0,0,0,0,,,,,,,,,,,,,,,,,,USD,1.0,stock,25.0
2025-10-16,35.76,36.345,35.47,35.64,6892444,35.78,,,35.56045024390258,33.37336523538293,31.80051865716157,30.730510831339316,53.94736842105264,1.2042939830797934,1.528444350793095,-0.3241503677133015,0,1.2524928571428566,0.5,0.05,9904990.3,10932431.65,0.6958557041696446,0.6304584579771875,25.25667351129369,34.48701242604873,0.11999999999999744,0.5850000000000009,0.1700000000000017,,0,0.22320358052026154,-0.39281705948372775,,,0,,,-0.4191114836546439,-5.789056304520212,10.78644700031084,39.28,0.223702893388031,39.28,0,25,20,20,37.28,35.4647,36.37235,,35.64,,,,,,35.818333333333335,36.16666666666667,36.693333333333335,37.04166666666667,35.29166666666667,34.943333333333335,34.41666666666667,0,0,0,0,0,0,0,0,0,0,0,0,0,0,0,0,0,0,0,0,0,0,,,,,,,,,,,,,,,,,,USD,1.0,stock,25.0
2025-10-17,35.56,36.085,35.03,35.27,7717160,35.955,,,35.53278831591186,33.44774306928948,31.869221258009855,30.775679877793653,50.30303030303031,1.0394452604538245,1.4306445327252408,-0.3911992722714164,0,1.264278571428571,0.5,0.05,9161304.3,10256261.2,0.8423647711385375,0.7524340351238326,7.175925925925978,20.256451694678983,0.28999999999999915,0.5249999999999986,0.240000000000002,,0,-0.7450760303710103,-1.9421604763254754,,,0,,,-1.0381593714926973,-1.370246085011173,11.016682404784394,39.28,-0.7395657035847556,39.28,0,25,20,20,37.155,35.4647,36.30985,,35.27,,,,,,35.46166666666667,35.893333333333345,36.51666666666667,36.948333333333345,34.838333333333345,34.40666666666667,33.783333333333346,0,0,0,0,0,0,0,0,0,0,0,0,0,0,0,0,0,0,0,0,0,0,,,,,,,,,,,,,,,,,,USD,1.0,stock,25.0
2025-10-20,35.23,36.15,35.18,35.61,6873090,36.1005,,,35.540141809634534,33.53253745872911,31.943296084583913,30.823782565576803,49.6417604912999,0.9255672554283052,1.3296290772658539,-0.4040618218375487,0,1.2732071428571423,0.5,0.05,8535292.6,10137193.5,0.8052553464892346,0.6780071821653597,13.647058823529372,15.359886086916347,0.38000000000000256,0.5399999999999991,0.04999999999999716,,0,0.19617576626078514,-1.377422072451551,,,0,,,0.9639920612418473,-2.0627062706270682,8.899082568807337,39.28,0.19656137203855448,39.28,0,25,20,20,37.055,35.4647,36.25985,,35.61,,,,,,35.64666666666667,36.11333333333334,36.61666666666667,37.083333333333336,35.14333333333334,34.67666666666667,34.17333333333334,0,0,0,0,0,0,0,0,0,0,0,0,0,0,0,0,0,0,0,0,0,0,,,,,,,,,,,,,,,,,,USD,1.0,stock,25.0
2025-10-21,34.49,36.27,33.79,36.1,8230570,36.268,,,35.593461637288385,33.63322226426914,32.025607053206016,30.87628224154121,51.76470588235294,0.8648871403179612,1.2366806898762754,-0.37179354955831423,1,1.398921428571428,0.5,0.05,8093811.3,10077542.25,1.016896699827929,0.8167239388155381,42.07650273224046,20.966495827231938,1.6099999999999994,0.1700000000000017,0.7000000000000028,,0,1.4031533593119563,-0.46537396121883445,,,0,,,1.3760179724796373,-0.9330406147091019,10.229007633587784,39.28,1.42312194265746,39.28,0,25,20,20,36.370000000000005,35.4647,35.91735,,36.1,,,,,,35.38666666666666,36.98333333333333,37.86666666666667,39.46333333333333,34.50333333333332,32.90666666666666,32.02333333333332,0,0,0,0,0,0,0,0,0,0,0,0,0,0,0,0,0,0,0,0,0,0,,,,,,,,,,,,,,,,,,USD,1.0,stock,25.0
2025-10-22,36.26,36.53,35.74,36.02,8951785,36.3365,,,35.634084338499015,33.72682139116055,32.10470394324154,30.92746351276966,45.65217391304349,0.8011077095013874,1.149566093801298,-0.3484583842999105,1,1.3539214285714276,0.5,0.05,7851374.2,9698807.65,1.1401551845535525,0.9229778879056334,40.61930783242264,32.114289796064156,0.23999999999999488,0.2700000000000031,0.28000000000000114,,0,1.071392730430283,-0.8786785119378061,,,0,,,-0.2216066481994461,0.6426376082704799,3.953823953823976,39.28,1.082995869446392,39.28,0,25,20,20,35.86,35.4647,35.66235,,36.02,,,,,,36.09666666666667,36.45333333333334,36.88666666666667,37.24333333333334,35.66333333333334,35.30666666666667,34.87333333333334,0,0,0,0,0,0,0,0,0,0,0,0,0,0,0,0,0,0,0,0,0,0,,,,,,,,,,,,,,,,,,USD,1.0,stock,25.0
2025-10-23,33.42,34.53,33.0,34.36,16684609,36.335,,,35.512742972927676,33.75165192484052,32.14936327109814,30.9616181046824,25.835189309576833,0.6095869849641744,1.0415702720338733,-0.4319832870696989,0,1.423921428571428,0.5,0.05,8670367.9,9778175.75,1.9243253795493498,1.7063110161422492,21.656050955414,34.7839538400257,0.9399999999999977,0.1700000000000017,0.4200000000000017,,0,-3.3548980585788013,-5.747962747380679,,,0,,,-4.60855080510828,-3.5914702581369307,-0.08723466123873314,39.28,-3.2459981303230876,39.28,0,25,20,20,34.83,35.4647,35.14735,,34.36,,,,,,33.96333333333333,34.92666666666666,35.49333333333333,36.45666666666666,33.39666666666666,32.43333333333333,31.86666666666666,0,0,0,0,0,0,0,0,0,0,0,0,0,0,0,0,0,0,0,0,0,0,,,,,,,,,,,,,,,,,,USD,1.0,stock,27.0
2025-10-24,34.46,34.6899,33.95,34.07,8180533,36.2955,,,35.3753388802679,33.76413616308207,32.187395681571445,30.99254727777014,28.25822168087697,0.42945437189411706,0.9191470920059222,-0.4896927201118051,0,1.3653428571428567,0.5,0.05,8534957.5,9506373.55,0.9584737826755435,0.8605314063216041,17.038216560509557,26.437858449448736,0.39000000000000057,0.22990000000000066,0.11999999999999744,,0,-3.8313439397355347,-6.532139712356902,,,0,,,-0.8440046565774129,-3.4023249220300644,-2.266207687894428,39.28,-3.689968553194568,39.28,0,25,20,20,34.83,35.4647,35.14735,,34.07,,,,,,34.23663333333334,34.52326666666667,34.976533333333336,35.26316666666667,33.78336666666667,33.49673333333334,33.043466666666674,0,0,0,0,0,0,0,0,0,0,0,0,0,0,0,0,0,0,0,0,0,0,,,,,,,,,,,,,,,,,,USD,1.0,stock,27.0
2025-10-27,34.055,34.14,32.98,33.15,15465430,36.1925,,,35.16340184405191,33.74005239198081,32.2064571532235,31.01401446903611,18.443113772455078,0.21004045143302363,0.7773257638913424,-0.5672853124583188,0,1.3310571428571427,0.5,0.05,9431818.9,9865042.45,1.6397081161089724,1.5677002991507656,2.786885245901667,13.827050920608407,0.9050000000000011,0.08500000000000085,0.1700000000000017,,0,-6.073610389296872,-9.177978883861249,,,0,,,-2.700322864690352,-6.908171861836565,-5.8506106219823995,39.28,-5.7258448798021835,39.28,0,25,20,20,34.754999999999995,35.4647,35.109849999999994,,33.15,,,,,,33.42333333333334,33.86666666666668,34.58333333333334,35.026666666666685,32.70666666666668,32.263333333333335,31.546666666666674,0,0,0,0,0,0,0,0,0,0,0,0,0,0,0,0,0,0,0,0,0,0,,,,,,,,,,,,,,,,,,USD,1.0,stock,28.75
2025-10-28,33.74,33.74,32.865,33.19,13992154,36.068,,,34.975458811285066,33.71848170994235,32.22593324919927,31.035666066359134,18.540669856459303,0.038932218007005304,0.629647054714475,-0.5907148367074697,0,1.3353428571428572,0.5,0.05,10130751.6,10110610.0,1.3811565570317605,1.3839079936818848,5.34100246507799,8.388701423829739,0.5500000000000043,0.0,0.32499999999999574,,0,-5.379508319629611,-8.67128653208798,,,0,,,0.12066365007541435,-8.060941828254853,-6.978699551569512,39.28,-5.104890320149217,39.28,0,25,20,20,34.697500000000005,35.9336,35.31555,,33.19,,,,,,33.265,33.665,34.14,34.54,32.79,32.39,31.915,0,0,0,0,0,0,0,0,0,0,0,0,0,0,0,0,0,0,0,0,0,0,,,,,,,,,,,,,,,,,,USD,1.0,stock,28.75
2025-10-29,36.6008,37.57,34.95,37.34,27250029,36.148,,,35.2006532102103,33.86050203504265,32.32720189772998,31.098395757241136,47.93944491169052,0.23548351981845173,0.5508143477352704,-0.31533082791681866,1,1.558914285714286,0.5,0.05,12023780.4,11110808.8,2.2663445350349214,2.452569339506589,88.3514313919053,32.15977303429498,0.7392000000000039,0.22999999999999687,1.6507999999999967,,0,5.729370085135793,3.1922870915907877,,,0,,,12.503766194636956,3.664630760688503,4.476776720761055,39.28,6.0775769614672,39.28,0,25,20,20,35.2175,35.9336,35.57555,,37.34,,,,,,36.620000000000005,38.290000000000006,39.24,40.910000000000004,35.67000000000001,34.00000000000001,33.05000000000001,0,0,0,0,0,0,0,0,0,0,0,0,0,0,0,0,0,0,0,0,0,0,,,,,,,,,,,,,,,,,,USD,1.0,stock,25.0
2025-10-30,36.76,37.0699,35.02,35.02,12214216,36.05800000000001,,,35.18344814257122,33.90597254347235,32.38052463242839,31.137416694980033,46.95222405271831,0.2017219070517129,0.4809958595985589,-0.279273952546846,1,1.5546357142857146,0.5,0.05,12555957.6,11230473.95,0.9727825140154981,1.0875957732843502,45.802337938363486,46.49825726511559,1.7399999999999949,0.30989999999999895,0.0,,0,-0.4667279913512836,-2.9640205596801934,,,0,,,-6.213176218532402,1.9208381839348254,-4.888647474198793,39.28,-0.46455976091055945,39.28,0,25,20,20,35.2175,36.072500000000005,35.645,,35.02,,,,,,35.703300000000006,36.38660000000001,37.7532,38.4365,34.336700000000015,33.65340000000001,32.28680000000002,0,0,0,0,0,0,0,0,0,0,0,0,0,0,0,0,0,0,0,0,0,0,,,,,,,,,,,,,,,,,,USD,1.0,stock,25.0
2025-10-31,34.6,35.57,34.02,35.37,10161410,35.8915,33.5792,,35.20121498613587,33.96338538490481,32.43972216445951,31.1795319517464,45.8368376787216,0.20089190380652866,0.42497506844015287,-0.2240831646336242,1,1.6167785714285716,0.5,0.05,12800382.6,10980843.45,0.7938364279830198,0.9253760921252365,53.24123273113701,62.46500068713525,0.769999999999996,0.20000000000000284,0.5799999999999983,,0,0.4771982297543991,-1.4744133446423615,5.063047780605025,,0,,,0.9994288977726917,3.815673613149384,-8.604651162790711,39.28,0.479486330033232,39.28,0,25,20,20,35.2175,36.072500000000005,35.645,,35.37,,,,,,34.98666666666667,35.95333333333334,36.53666666666667,37.50333333333334,34.40333333333334,33.436666666666675,32.853333333333346,0,0,0,0,0,0,0,0,0,0,0,0,0,0,0,0,0,0,0,0,0,0,,,,,,,,,,,,,,,,,,USD,1.0,stock,25.0
2025-11-03,35.28,35.29,33.755,34.5,9145999,35.734500000000004,33.681,,35.13443260650388,33.9844290953007,32.480519745361306,31.2125714348136,42.35015772870663,0.12855054053686388,0.3656901628594951,-0.23713962232263125,0,1.6335642857142858,0.5,0.05,13027673.5,10781483.05,0.7020439221170227,0.8483062077438409,34.750265674813996,44.59794544810483,0.7800000000000011,0.00999999999999801,0.7449999999999974,,0,-1.83893509131559,-3.5782608695652294,2.3739130434782685,,0,,,-2.4597116200169578,4.072398190045257,-8.342189160467584,39.28,-1.8057289087584016,39.28,0,25,20,20,35.2175,36.072500000000005,35.645,,34.5,,,,,,34.515,35.275,36.05,36.809999999999995,33.74,32.980000000000004,32.205000000000005,0,0,0,0,0,0,0,0,0,0,0,0,0,0,0,0,0,0,0,0,0,0,,,,,,,,,,,,,,,,,,USD,1.0,stock,25.0
2025-11-04,34.24,36.11,34.17,36.11,10418258,35.619,33.8216,,35.22734378683684,34.067784817053614,32.552390641492764,31.26130206730302,51.17302052785923,0.1988409192795757,0.33232031414351126,-0.13347939486393556,1,1.69785,0.5,0.05,13246442.3,10670126.8,0.7864948009474212,0.9763949571808275,68.96918172157277,52.32022670917459,1.8699999999999974,0.0,0.07000000000000028,,0,2.444353955035057,1.3597341456660197,6.337302686236508,,0,,,4.666666666666663,8.797830671889129,-6.012493492972415,39.08,2.5055996799082396,39.08,0,25,20,20,35.2175,36.072500000000005,35.645,33.76,36.11,,,,,,35.46333333333333,36.75666666666666,37.40333333333333,38.69666666666666,34.81666666666666,33.52333333333333,32.876666666666665,0,0,0,0,0,0,0,0,0,0,0,0,0,0,0,0,0,0,0,0,0,0,,,,,,,,,,,,,,,,,,USD,1.0,stock,25.0
2025-11-05,35.815,37.12,35.815,36.84,10291542,35.5385,33.9852,,35.38093009285238,34.17649913795347,32.63729379710677,31.31681149946916,54.21940928270043,0.3098793536873501,0.327832122052279,-0.017952768364928928,1,1.7285642857142858,0.5,0.05,13380418.0,10615896.1,0.7691495138642156,0.9694463757986479,84.48459086078645,62.734679419057734,1.0250000000000057,0.27999999999999403,0.0,,0,3.960558922767704,3.5328447339848106,7.749185667752455,,0,,,2.0216006646358364,-1.339046598821636,-4.187256176853049,38.95,4.123887934315164,38.95,0,25,20,20,35.2175,36.072500000000005,35.645,33.76,36.84,,,,,,36.59166666666667,37.36833333333334,37.89666666666667,38.67333333333334,36.06333333333334,35.28666666666667,34.75833333333334,0,0,0,0,0,0,0,0,0,0,0,0,0,0,0,0,0,0,0,0,0,0,,,,,,,,,,,,,,,,,,USD,1.0,stock,25.0
2025-11-06,36.97,37.92,36.9,37.1,9431218,35.501999999999995,34.1504,,35.54465103639025,34.29114623058275,32.725664216966045,31.374355663653546,56.484762579730685,0.414084630175644,0.345082623676952,0.06900200649869198,1,1.7303499999999998,0.5,0.05,12655078.9,10662723.4,0.745251615934216,0.8845036719230661,83.77843719090009,79.0774032577531,0.13000000000000256,0.8200000000000003,0.07000000000000028,,0,4.19231526579448,4.307277628032361,7.950404312668473,,0,,,0.7057546145494031,5.939463163906344,-1.9296854348400672,37.93,4.375760960537781,37.93,0,25,20,20,35.3925,36.072500000000005,35.7325,33.76,37.1,,,,,,37.306666666666665,37.71333333333333,38.32666666666667,38.733333333333334,36.69333333333333,36.28666666666666,35.673333333333325,0,0,0,0,0,0,0,0,0,0,0,0,0,0,0,0,0,0,0,0,0,0,,,,,,,,,,,,,,,,,,USD,1.0,stock,25.0
2025-11-07,37.0,37.58,36.37,37.56,10510665,35.592,34.334,,35.73658903292451,34.41933657448147,32.82139363841227,31.43590436351769,56.85172171468729,0.527703184345377,0.38160673581063703,0.14609644853473996,1,1.7474928571428572,0.5,0.05,12888092.1,10711524.8,0.8155330454226037,0.98124825328323,92.87833827893175,87.0471221102061,0.5600000000000023,0.01999999999999602,0.6300000000000026,,0,4.854661786675956,5.239616613418539,8.58892438764643,,0,,,1.2398921832884158,6.1916878710772005,5.033557046979875,37.92,5.10236431741026,37.92,0,25,20,20,35.3925,36.072500000000005,35.7325,33.76,37.56,,,,,,37.169999999999995,37.96999999999999,38.379999999999995,39.17999999999999,36.75999999999999,35.959999999999994,35.54999999999999,0,0,0,0,0,0,0,0,0,0,0,0,0,0,0,0,0,0,0,0,0,0,,,,,,,,,,,,,,,,,,USD,1.0,stock,25.0
2025-11-10,35.52,36.11,33.61,34.25,17719047,35.4865,34.438199999999995,,35.59500912502694,34.412695924501804,32.849682873295194,31.46390531512448,44.57478005865102,0.3466612745427966,0.37461764355706895,-0.027956369014272342,0,1.8524928571428572,0.5,0.05,13113453.8,11272636.35,1.3512113033104978,1.5718636217693656,27.39861523244309,68.01846356742497,1.2700000000000031,0.5899999999999963,0.6400000000000006,,0,-3.927033941684499,-3.6102189781021887,-0.5494890510948753,,0,,,-8.8125665601704,-0.7246376811594235,-5.803080308030806,37.92,-3.7786452597964404,37.92,0,25,20,20,35.765,36.072500000000005,35.91875,33.76,34.25,,,,,,34.656666666666666,35.70333333333333,37.156666666666666,38.20333333333333,33.20333333333333,32.156666666666666,30.703333333333333,0,0,0,0,0,0,0,0,0,0,0,0,0,0,0,0,0,0,0,0,0,0,,,,,,,,,,,,,,,,,,USD,1.0,stock,25.0
2025-11-11,34.74,35.44,34.04,35.36,9089050,35.432500000000005,34.553000000000004,,35.5726273035958,34.4498451039331,32.89939212332895,31.502672426416776,48.17477876106194,0.28941577513003836,0.35757726987166283,-0.06816149474162447,0,1.8960642857142855,0.5,0.05,12623143.4,11376947.5,0.7200306383273757,0.7989005838341084,49.35707220573685,56.544675239037225,0.6199999999999974,0.0799999999999983,0.7000000000000028,,0,-0.6013215599428795,-0.20503393665159816,2.282239819004511,,0,,,3.2408759124087583,-2.0769869842149014,-2.9637760702524663,37.92,-0.5977272968373328,37.92,0,25,20,20,35.765,36.072500000000005,35.91875,33.76,35.36,,,,,,34.946666666666665,35.85333333333333,36.346666666666664,37.25333333333333,34.45333333333333,33.54666666666667,33.053333333333335,0,0,0,0,0,0,0,0,0,0,0,0,0,0,0,0,0,0,0,0,0,0,,,,,,,,,,,,,,,,,,USD,1.0,stock,25.0
2025-11-12,35.23,37.07,35.23,36.2,8729631,35.452999999999996,34.6758,,35.63237708420573,34.51847862926906,32.96475069514422,31.549412004263377,55.33024333719584,0.30827567416414325,0.3477169507301589,-0.03944127656601565,1,1.8117785714285712,0.5,0.05,10771103.6,11397442.0,0.810467647901929,0.7659289689739154,65.9742828882295,47.576656775469814,0.970000000000006,0.8699999999999974,0.0,,0,1.5680191044040726,2.063535911602229,4.2104972375690615,,0,,,2.3755656108597423,-1.7372421281216077,1.1455713886560526,37.92,1.5929976112816695,37.92,0,25,20,20,35.765,35.9725,35.86875,33.76,36.2,,,,,,36.166666666666664,37.10333333333333,38.00666666666667,38.943333333333335,35.26333333333333,34.32666666666666,33.423333333333325,0,0,0,0,0,0,0,0,0,0,0,0,0,0,0,0,0,0,0,0,0,0,,,,,,,,,,,,,,,,,,USD,1.0,stock,25.0
2025-11-13,35.8,36.5,35.46,36.09,7244240,35.4755,34.824600000000004,,35.67596021904328,34.580106918317334,33.02663681999285,31.59459198432046,55.91334894613584,0.3107639064653398,0.34032634187719507,-0.02956243541185527,1,1.8332142857142857,0.5,0.05,10274106.0,11415031.8,0.7050968716888847,0.6346228487948671,63.79821958456976,59.7098582261787,0.29000000000000625,0.4099999999999966,0.3399999999999963,,0,1.147242396665892,1.702687725131634,3.5062344139650863,,0,,,-0.3038674033149169,-2.7223719676549796,1.2626262626262763,37.92,1.1605567962700898,37.92,0,25,20,20,35.765,35.9075,35.83625,33.76,36.09,,,,,,36.01666666666667,36.573333333333345,37.05666666666667,37.613333333333344,35.533333333333346,34.976666666666674,34.49333333333335,0,0,0,0,0,0,0,0,0,0,0,0,0,0,0,0,0,0,0,0,0,0,,,,,,,,,,,,,,,,,,USD,1.0,stock,25.0
2025-11-14,35.98,36.72,35.59,36.38,7387878,35.531,34.9726,,35.74301162675345,34.65069096073626,33.09304005128012,31.642207984476478,59.81762917933131,0.33230581033135564,0.33872223556802716,-0.006416425236671519,1,1.831071428571428,0.5,0.05,9996752.8,11398567.7,0.7390277770997797,0.6481409063351004,69.53511374876362,66.4358720738543,0.4000000000000057,0.3399999999999963,0.38999999999999346,,0,1.7509301078794732,2.333699835074227,3.8686091258933546,,0,,,0.8035466888334675,-3.1416400425985036,3.1471505528777977,37.92,1.78213402915878,37.92,0,25,20,20,35.765,35.3975,35.58125,33.76,36.38,,,,,,36.23,36.86999999999999,37.35999999999999,37.999999999999986,35.739999999999995,35.1,34.61,0,0,0,0,0,0,0,0,0,0,0,0,0,0,0,0,0,0,0,0,0,0,,,,,,,,,,,,,,,,,,USD,1.0,stock,25.0
2025-11-17,36.375,38.145,36.0,37.08,9098283,35.6045,35.1374,,35.870343852776934,34.74595798188386,33.17198975323497,31.69631536771552,61.367621274108714,0.40123686537928904,0.35122516153027955,0.05001170384900949,1,1.9217857142857138,0.5,0.05,9991981.2,11509827.35,0.9105584586167957,0.7904795374710812,76.51598676956992,69.94977336763442,0.7049999999999983,1.0650000000000048,0.375,,0,3.2622873441830222,3.9792340884573805,5.238942826321464,,0,,,1.9241341396371459,8.262773722627736,4.128053917438912,38.145,3.372301509536319,38.145,0,25,20,20,35.8775,35.505,35.69125,33.76,37.08,,,,,,37.075,38.150000000000006,39.220000000000006,40.29500000000001,36.005,34.93,33.86,0,0,0,0,0,0,0,0,0,0,0,0,0,0,0,0,0,0,0,0,0,0,,,,,,,,,,,,,,,,,,USD,1.0,stock,25.0
2025-11-18,36.81,37.0,35.46,36.93,8029462,35.646,35.2548,,35.971263485845796,34.83160668847665,33.246405797725366,31.748391831718354,48.43630816170861,0.4387043658826073,0.3687210024007451,0.06998336348186218,1,1.7246428571428563,0.5,0.05,9753101.6,11499771.95,0.8232726705112967,0.698227933120013,73.2083792723263,73.08649326355328,0.11999999999999744,0.07000000000000028,1.3500000000000014,,0,2.5960912920503754,3.4768480909829376,4.536149471973996,,0,,,-0.404530744336562,4.440045248868785,2.2991689750692546,38.145,2.6652845111527803,38.145,0,25,20,20,35.8775,35.505,35.69125,33.8025,36.93,,,,,,36.46333333333334,37.466666666666676,38.00333333333334,39.006666666666675,35.92666666666668,34.92333333333334,34.38666666666668,0,0,0,0,0,0,0,0,0,0,0,0,0,0,0,0,0,0,0,0,0,0,,,,,,,,,,,,,,,,,,USD,1.0,stock,25.0
2025-11-19,36.93,37.13,35.68,35.95,6933773,35.6425,35.3484,,35.96923839195572,34.87546524971285,33.29994231658229,31.79019887816892,53.95072217502125,0.3848831270646116,0.37195342733351844,0.012929699731093147,0,1.6624999999999994,0.5,0.05,9417324.7,11398871.35,0.7362784252304692,0.6082859247288549,51.59867695700114,67.10768099963245,0.9799999999999969,0.20000000000000284,0.2700000000000031,,0,-0.05351430307570877,0.8553546592489695,1.6734353268428506,,0,,,-2.6536691037097104,-0.6906077348066253,-0.19433647973348123,38.145,-0.05348568058649761,38.145,0,25,20,20,35.8775,35.505,35.69125,34.0595,35.95,,,,,,36.25333333333334,36.826666666666675,37.70333333333334,38.27666666666668,35.37666666666667,34.803333333333335,33.92666666666667,0,0,0,0,0,0,0,0,0,0,0,0,0,0,0,0,0,0,0,0,0,0,,,,,,,,,,,,,,,,,,USD,1.0,stock,25.0
2025-11-20,36.01,36.28,34.39,34.83,8321318,35.666,35.3634,,35.86073949748374,34.873682298743724,33.33024048853115,31.820445655500574,47.84688995215311,0.24898462796715393,0.34735966746024555,-0.09837503949309162,0,1.6867857142857139,0.5,0.05,9306334.7,10980706.8,0.8941563212851136,0.7578126027370113,26.90187431091506,50.56964351341417,1.1799999999999997,0.2700000000000031,0.4399999999999977,,0,-2.9593439491350666,-2.400229687051388,-1.5314384151593463,,0,,,-3.1154381084840144,-3.4912718204488935,1.3678696158323511,38.145,-2.8742839995144776,38.145,0,25,20,20,35.8775,35.505,35.69125,34.63,34.83,,,,,,35.166666666666664,35.94333333333333,37.056666666666665,37.83333333333333,34.05333333333333,33.276666666666664,32.16333333333333,0,0,0,0,0,0,0,0,0,0,0,0,0,0,0,0,0,0,0,0,0,0,,,,,,,,,,,,,,,,,,USD,1.0,stock,25.0
2025-11-21,35.25,36.705,35.0002,36.5,7915883,35.7875,35.428200000000004,,35.92162145010434,34.93745946349887,33.393008003609744,31.86700838529659,57.49625187406296,0.2728933864752179,0.33246641126324,-0.05957302478802212,1,1.7053571428571428,0.5,0.05,9046856.5,10967474.3,0.8749871295073598,0.7217598859566053,63.72657111356115,47.409040793825774,1.25,0.2049999999999983,0.24980000000000047,,0,1.5845987668374257,1.952054794520544,2.936438356164373,,0,,,4.794717197817988,0.32985156679492533,7.1323745230408075,38.145,1.6101125911007017,38.145,0,25,20,20,36.0925,35.505,35.79875,35.4647,36.5,,,,,,36.0684,37.136599999999994,37.773199999999996,38.84139999999999,35.431799999999996,34.3636,33.727,0,0,0,0,0,0,0,0,0,0,0,0,0,0,0,0,0,0,0,0,0,0,,,,,,,,,,,,,,,,,,USD,1.0,stock,25.0
2025-11-24,39.31,39.71,37.33,38.17,21103296,36.038500000000006,35.5388,,36.135752740570595,35.064225759047936,33.48760190452836,31.92972471977125,57.68656716417911,0.4217347968564624,0.3503200883818845,0.07141470847457793,1,1.7960714285714288,0.5,0.05,9385281.4,11249367.6,2.2485522916766247,1.8759539869601203,74.75409836065576,55.12751459504398,1.1400000000000006,0.3999999999999986,0.8400000000000034,,0,5.329440029943428,5.5842284516635985,6.89337175792507,,0,,,4.57534246575344,2.9395900755124105,15.143288084464569,39.71,5.629458652857953,39.71,0,25,20,20,37.05,36.2875,36.66875,35.6797,38.17,,,,,,38.40333333333333,39.47666666666666,40.78333333333333,41.85666666666666,37.09666666666666,36.023333333333326,34.716666666666654,0,0,0,0,0,0,0,0,0,0,0,0,0,0,0,0,0,0,0,0,0,0,,,,,,,,,,,,,,,,,,USD,1.0,stock,25.0
2025-11-25,38.365,39.84,38.26,39.66,7073580,36.362,35.696,,36.47139533670673,35.244452199869585,33.609827609389185,32.006642881763575,59.95762711864404,0.6524027417778839,0.4107366190610844,0.24166612271679955,1,1.8221428571428575,0.5,0.05,9183734.4,10903438.9,0.7702291564529566,0.6487476166808254,97.1107544141251,78.53047462944734,1.2949999999999946,0.18000000000000682,0.10500000000000398,,0,8.03985038651858,8.315683308118999,9.994957135653049,,0,,,3.903589206182856,7.392363931762791,19.49382344079542,39.84,8.742754791407966,39.84,0,25,20,20,37.115,36.352500000000006,36.73375,35.7447,39.66,,,,,,39.25333333333333,40.24666666666666,40.833333333333336,41.82666666666667,38.66666666666666,37.673333333333325,37.08666666666665,0,0,0,0,0,0,0,0,0,0,0,0,0,0,0,0,0,0,0,0,0,0,,,,,,,,,,,,,,,,,,USD,1.0,stock,25.0
2025-11-26,39.32,39.93,39.17,39.46,6691647,36.468,35.8448,,36.756024352258464,35.4097677998747,33.72567260722306,32.08080563915897,58.36879432624113,0.8097362856134325,0.490536552371554,0.31919973324187845,1,1.7992857142857146,0.5,0.05,8979936.0,9875519.8,0.7451775825573812,0.6775994717766654,92.56329113924052,88.14271463800712,0.14000000000000057,0.46999999999999886,0.14999999999999858,,0,6.852447155959291,7.582361885453618,9.161682716675118,,0,,,-0.5042864346949005,9.763560500695402,5.677557579003745,39.93,7.35655092027218,39.93,0,25,20,20,37.16,36.3975,36.77875,35.789699999999996,39.46,,,,,,39.52,39.870000000000005,40.28,40.63,39.11000000000001,38.760000000000005,38.35000000000001,0,0,0,0,0,0,0,0,0,0,0,0,0,0,0,0,0,0,0,0,0,0,,,,,,,,,,,,,,,,,,USD,1.0,stock,25.0
2025-11-28,39.5,39.68,39.11,39.34,2125692,36.684,35.9882,,37.002117271090995,35.5638945528208,33.83684740708003,32.15303642881908,56.46802325581397,0.9142028936257489,0.5752698206223931,0.33893307300335584,1,1.7535714285714288,0.5,0.05,8468081.2,9371093.6,0.25102404544727325,0.2268349982119483,90.66455696202539,93.44620083846367,0.1599999999999966,0.17999999999999972,0.23000000000000398,,0,5.942762401903935,6.751398068124061,8.52008134214541,,0,,,-0.3041054232133744,12.948607522250954,12.335808109651625,39.93,6.318240417922108,39.93,0,25,20,20,37.16,36.3975,36.77875,35.789699999999996,39.34,,,,,,39.376666666666665,39.64333333333333,39.946666666666665,40.21333333333333,39.07333333333333,38.806666666666665,38.50333333333333,0,0,0,0,0,0,0,0,0,0,0,0,0,0,0,0,0,0,0,0,0,0,,,,,,,,,,,,,,,,,,USD,1.0,stock,25.0
2025-12-01,39.03,39.105,37.86,37.89,6429875,36.81,36.1106,,37.086677530987096,35.6551143742788,33.91710785446458,32.21012064345769,65.29411764705884,0.8699621689217167,0.6342082902822579,0.23575387863945885,0,1.5771428571428576,0.5,0.05,8372280.9,9184516.85,0.7679956127606755,0.7000776529687569,65.36502546689306,82.86429118938632,1.1400000000000006,0.07499999999999574,0.030000000000001137,,0,2.120143755642398,2.850356294536813,4.696225917128537,,0,,,-3.685815963396044,3.808219178082184,7.1246819338422585,39.93,2.1660675004971885,39.93,0,25,20,20,37.16,36.3975,36.77875,35.789699999999996,37.89,,,,,,38.285000000000004,38.71000000000001,39.53,39.955000000000005,37.46500000000001,37.040000000000006,36.22000000000001,0,0,0,0,0,0,0,0,0,0,0,0,0,0,0,0,0,0,0,0,0,0,,,,,,,,,,,,,,,,,,USD,1.0,stock,25.0
2025-12-02,37.93,38.97,37.41,38.81,7406905,37.0255,36.232800000000005,,37.25080348041689,35.77883537920905,34.01399680784152,32.27579108481632,64.73099914602906,0.8987768470718649,0.6871220016401793,0.21165484543168556,0,1.5885714285714292,0.5,0.05,8203143.1,9097562.15,0.9029349981716155,0.8141637152761853,79.7833935018051,78.60432531024118,0.8800000000000026,0.1599999999999966,0.5200000000000031,,0,4.017512289572561,4.598041741819122,6.640556557588244,,0,,,2.428081287938766,1.676709457689296,12.492753623188403,39.93,4.185672183964557,39.93,0,25,20,20,37.16,36.3975,36.77875,35.789699999999996,38.81,,,,,,38.39666666666667,39.38333333333334,39.95666666666667,40.94333333333334,37.82333333333334,36.836666666666666,36.263333333333335,0,0,0,0,0,0,0,0,0,0,0,0,0,0,0,0,0,0,0,0,0,0,,,,,,,,,,,,,,,,,,USD,1.0,stock,25.0
2025-12-03,38.78,39.335,38.59,38.81,3838195,37.1605,36.354,,37.39929838704385,35.89770458002438,34.10896716808229,32.3408080889475,62.00551977920884,0.9111099784194536,0.7319195969960343,0.17919038142341936,0,1.5103571428571432,0.5,0.05,7784016.4,8768559.0,0.49308670521300546,0.4377224353511221,79.7833935018051,74.97727082350109,0.030000000000001137,0.5249999999999986,0.18999999999999773,,0,3.634892071518044,4.250193249162596,6.328265910847727,,0,,,0.0,-2.143217347453341,7.477153143173654,39.93,3.772000208016894,39.93,0,25,20,20,37.16,36.3975,36.77875,35.789699999999996,38.81,,,,,,38.91166666666667,39.233333333333334,39.656666666666666,39.97833333333333,38.48833333333334,38.16666666666667,37.74333333333334,0,0,0,0,0,0,0,0,0,0,0,0,0,0,0,0,0,0,0,0,0,0,,,,,,,,,,,,,,,,,,USD,1.0,stock,25.0
2025-12-04,38.67,39.0,38.4,38.85,4798315,37.261,36.438,,37.53746044542063,36.01348087100382,34.202849006338084,32.40557616766444,62.77777777777778,0.9135805516585123,0.7682517879285299,0.14532876372998238,0,1.4789285714285718,0.5,0.05,7570470.6,8493897.65,0.6338199107463677,0.5649132115454676,80.50541516245491,80.02406738868837,0.17999999999999972,0.14999999999999858,0.2700000000000031,,0,3.3784801919675,4.0900900900900865,6.208494208494206,,0,,,0.10306622004638832,-1.545869234668018,5.456026058631913,39.93,3.4966125545115205,39.93,0,25,20,20,37.4651,36.769999999999996,37.117549999999994,36.2586,38.85,,,,,,38.75,39.1,39.35,39.7,38.5,38.15,37.9,0,0,0,0,0,0,0,0,0,0,0,0,0,0,0,0,0,0,0,0,0,0,,,,,,,,,,,,,,,,,,USD,1.0,stock,25.0
2025-12-05,38.88,38.88,37.75,38.34,7470563,37.323,36.517,,37.613892783952004,36.10471691527818,34.2847727883908,32.46462516102102,58.89292196007261,0.8644212509009748,0.7874856805230189,0.07693557037795584,0,1.4789285714285723,0.5,0.05,7485395.1,8395864.9,0.9980185281068197,0.8897907587817426,71.29963898916974,77.19614921780992,0.5399999999999991,0.0,0.5900000000000034,,0,1.893863369973917,2.652582159624421,4.754825247782994,,0,,,-1.3127413127413057,-2.5419420437214013,3.3423180592991875,39.93,1.9304229429765216,39.93,0,25,20,20,38.629999999999995,36.769999999999996,37.699999999999996,36.2586,38.34,,,,,,38.32333333333333,38.89666666666666,39.45333333333333,40.026666666666664,37.76666666666666,37.19333333333333,36.636666666666656,0,0,0,0,0,0,0,0,0,0,0,0,0,0,0,0,0,0,0,0,0,0,,,,,,,,,,,,,,,,,,USD,1.0,stock,25.0
2025-12-08,38.67,38.67,37.77,37.88,5167299,37.339,36.577400000000004,,37.639236328337525,36.174335859777074,34.355965406442465,32.51850948777703,53.71057513914659,0.7793600181034677,0.7858605480391088,-0.006500529935641097,0,1.3900000000000006,0.5,0.05,7210536.7,8128696.6,0.7166316759749659,0.6356860459031034,62.9963898916968,71.60048134777381,0.7899999999999991,0.0,0.10999999999999943,,0,0.6355957541248096,1.4281942977824813,3.4387539598732793,,0,,,-1.1997913406364136,-0.026392187912371856,0.8519701810436597,39.93,0.6396614149188083,39.93,0,25,20,20,38.67,36.769999999999996,37.72,36.3975,37.88,,,,,,38.10666666666666,38.44333333333332,39.00666666666666,39.34333333333332,37.54333333333332,37.20666666666666,36.643333333333324,0,0,0,0,0,0,0,0,0,0,0,0,0,0,0,0,0,0,0,0,0,0,,,,,,,,,,,,,,,,,,USD,1.0,stock,25.0
2025-12-09,37.9,38.37,37.855,38.08,4350683,37.5305,36.6348,,37.681213820876806,36.24906778684464,34.42970866572083,32.573847701829,55.30932594644505,0.7197894224005381,0.7726463229113947,-0.052856900510856564,0,1.3110714285714293,0.5,0.05,5535275.4,7460278.4,0.7859921477439045,0.5831797108268775,66.60649819494581,66.96750902527079,0.17999999999999972,0.28999999999999915,0.045000000000001705,,0,1.047232613243677,1.4430147058823393,3.79516806722689,,0,,,0.5279831045406524,-1.8809585158464426,11.182481751824813,39.93,1.0583156397744535,39.93,0,25,20,20,38.67,36.769999999999996,37.72,36.3975,38.08,,,,,,38.10166666666667,38.348333333333336,38.61666666666667,38.86333333333334,37.833333333333336,37.586666666666666,37.318333333333335,0,0,0,0,0,0,0,0,0,0,0,0,0,0,0,0,0,0,0,0,0,0,,,,,,,,,,,,,,,,,,USD,1.0,stock,25.0
2025-12-10,37.89,38.845,37.25,38.67,8414153,37.696,36.69460000000001,,37.775383933174254,36.344006305007596,34.51367483075606,32.6345059336516,63.02681992337165,0.711980101865187,0.7605130787021532,-0.048532976836966224,1,1.3214285714285718,0.5,0.05,5669332.7,7426533.55,1.484152270689635,1.1329852539345224,77.25631768953072,68.95306859205778,0.7800000000000011,0.17499999999999716,0.6400000000000006,,0,2.3134628053419903,2.51874838376003,5.108352728213068,,0,,,1.5493697478991653,-0.3607317701623258,9.3608597285068,39.93,2.368251421106267,39.93,0,25,20,20,38.465,36.769999999999996,37.6175,36.3975,38.67,,,,,,38.255,39.260000000000005,39.85,40.855000000000004,37.665000000000006,36.660000000000004,36.07000000000001,0,0,0,0,0,0,0,0,0,0,0,0,0,0,0,0,0,0,0,0,0,0,,,,,,,,,,,,,,,,,,USD,1.0,stock,25.0
2025-12-11,38.46,41.4,38.45,40.46,9018630,37.909000000000006,36.789,,38.031061653824324,36.50541782245828,34.63142384400841,32.712371546252086,75.33753375337537,0.8405399777777731,0.7765184585172773,0.06402151926049582,1,1.3971428571428572,0.5,0.05,5902031.0,7440983.5,1.5280553423050471,1.2120212334834501,85.31204100128133,76.39161896191929,2.0,0.9399999999999977,0.00999999999999801,,0,6.003307825446557,6.30499258526939,9.073158675234797,,0,,,4.628911300749938,4.144144144144146,11.767955801104968,41.4,6.386722433059999,41.4,0,25,20,20,39.325,37.504999999999995,38.415,37.1325,40.46,,,,,,40.10333333333333,41.75666666666666,43.05333333333333,44.706666666666656,38.806666666666665,37.153333333333336,35.85666666666667,0,0,0,0,0,0,0,0,0,0,0,0,0,0,0,0,0,0,0,0,0,0,,,,,,,,,,,,,,,,,,USD,1.0,stock,27.0
2025-12-12,40.86,41.74,40.64,40.85,6318374,38.147000000000006,36.8696,,38.29953197250772,36.67579359412658,34.75456396590923,32.793342973652564,72.12614445574773,0.9627958352274888,0.8137739338593197,0.14902190136816906,1,1.3546428571428575,0.5,0.05,6321299.2,7394690.2,0.9995372470266871,0.8544474249915162,80.17817371937639,80.91551080339615,0.00999999999999801,0.8800000000000026,0.21000000000000085,,0,6.243495783334832,6.616891064871471,9.74394124847002,,0,,,0.9639149777558087,6.546687532603013,13.189249099473521,41.74,6.659266826871574,41.74,0,25,20,20,39.495000000000005,37.675,38.585,37.3025,40.85,,,,,,41.07666666666666,41.51333333333332,42.17666666666666,42.61333333333332,40.41333333333332,39.97666666666666,39.31333333333332,0,0,0,0,0,0,0,0,0,0,0,0,0,0,0,0,0,0,0,0,0,0,,,,,,,,,,,,,,,,,,USD,1.0,stock,27.0
2025-12-15,41.105,41.25,40.44,40.45,7136980,38.3505,36.9046,,38.504338451316514,36.82380168847456,34.86734487747538,32.86952861570577,63.31775700934582,1.015699474708299,0.8541590420291156,0.1615404326791834,1,1.183214285714286,0.5,0.05,6392009.7,7382145.3,1.1165471166290626,0.9667894236652319,71.26948775055682,78.91990082373819,0.654999999999994,0.14500000000000313,0.010000000000005116,,0,4.8100409114548555,5.1903584672435255,8.764894932014835,,0,,,-0.9791921664626613,6.784582893347424,11.187465640461802,41.74,5.053096941643376,41.74,0,25,20,20,39.495000000000005,37.675,38.585,37.3025,40.45,,,,,,40.71333333333333,40.986666666666665,41.52333333333333,41.79666666666667,40.17666666666666,39.90333333333333,39.36666666666666,0,0,0,0,0,0,0,0,0,0,0,0,0,0,0,0,0,0,0,0,0,0,,,,,,,,,,,,,,,,,,USD,1.0,stock,25.0
2025-12-16,40.29,40.465,38.3605,38.97,7951033,38.445,36.9312,,38.54868717023875,36.90796632814223,34.94858557297092,32.93022982350969,45.96491228070177,0.9275105942478703,0.8688293524728665,0.05868124177500378,0,1.2142500000000003,0.5,0.05,6446422.5,7324782.8,1.2334024026504624,1.0854974430095048,38.307349665924235,63.251670378619146,1.3200000000000003,0.17500000000000426,0.609499999999997,,0,1.0811209385713332,1.3471901462663551,5.231716705157819,,0,,,-3.65883807169346,2.3371848739495826,5.0970873786407855,41.74,1.0929369083326919,41.74,0,25,20,20,39.495000000000005,37.675,38.585,37.3025,38.97,,,,,,39.265166666666666,40.16983333333333,41.36966666666667,42.27433333333333,38.06533333333333,37.160666666666664,35.960833333333326,0,0,0,0,0,0,0,0,0,0,0,0,0,0,0,0,0,0,0,0,0,0,,,,,,,,,,,,,,,,,,USD,1.0,stock,25.0
2025-12-17,39.07,39.15,38.02,38.87,6386991,38.542,36.9402,,38.57928839212077,36.98490882507783,35.02623734380318,32.98933201432054,46.50887573964496,0.8398696127560967,0.8630374045295126,-0.02316779177341588,0,1.2406785714285715,0.5,0.05,6701302.1,7242659.25,0.9530970108033184,0.8818571714525987,36.080178173719304,48.552338530066784,0.20000000000000284,0.0799999999999983,0.8499999999999943,,0,0.7479074038570215,0.8438384358116693,4.964754309235915,,0,,,-0.2566076469078804,0.5171967933798705,5.25318169509883,41.74,0.7535432093107182,41.74,0,25,20,20,39.495000000000005,37.89,38.6925,37.3025,38.87,,,,,,38.68,39.339999999999996,39.809999999999995,40.46999999999999,38.21,37.550000000000004,37.080000000000005,0,0,0,0,0,0,0,0,0,0,0,0,0,0,0,0,0,0,0,0,0,0,,,,,,,,,,,,,,,,,,USD,1.0,stock,25.0
2025-12-18,38.64,39.91,38.27,39.22,5144579,38.7055,36.9556,,38.640308545252125,37.07255945938851,35.10928214887639,33.05132871069546,49.30875576036864,0.7895540903593457,0.8483407416954792,-0.05878665133613359,0,1.3171071428571426,0.5,0.05,6735928.5,7153199.55,0.7637520202300248,0.7191997041379896,43.87527839643648,39.42093541202667,0.5799999999999983,0.6899999999999977,0.36999999999999744,,0,1.4780506240384332,1.3118306986231467,5.773584905660383,,0,,,0.900437355286865,-3.064755313890266,9.095966620305962,41.74,1.5002247046474537,41.74,0,25,20,20,39.495000000000005,38.065,38.78,37.3025,39.22,,,,,,39.13333333333333,39.99666666666666,40.773333333333326,41.636666666666656,38.35666666666667,37.49333333333334,36.716666666666676,0,0,0,0,0,0,0,0,0,0,0,0,0,0,0,0,0,0,0,0,0,0,,,,,,,,,,,,,,,,,,USD,1.0,stock,25.0
2025-12-19,39.24,39.86,38.97,39.02,10471819,38.915000000000006,36.9794,,38.67646963618049,37.14892967666739,35.18672210632438,33.11071847476814,57.60430686406462,0.7251809136626406,0.8237087760889116,-0.09852786242627098,0,1.274964285714285,0.5,0.05,7036054.1,7260724.6,1.488308482448991,1.442255363879247,39.42093541202678,39.792130660727516,0.21999999999999886,0.6199999999999974,0.05000000000000426,,0,0.8803956017926982,0.2690927729369474,5.229625832906214,,0,,,-0.509943906170307,-4.479804161566703,12.029859316681035,41.74,0.8882154112074131,41.74,0,25,20,20,39.495000000000005,38.065,38.78,37.3025,39.02,,,,,,39.28333333333333,39.596666666666664,40.17333333333333,40.486666666666665,38.70666666666666,38.39333333333333,37.81666666666666,0,0,0,0,0,0,0,0,0,0,0,0,0,0,0,0,0,0,0,0,0,0,,,,,,,,,,,,,,,,,,USD,1.0,stock,25.0
2025-12-22,38.79,40.15,38.582,39.95,5009186,39.0875,37.0632,,38.79775824225854,37.25877557170005,35.28104444085261,33.178771027258016,57.661290322580655,0.7406699528471208,0.8071010114405535,-0.06643105859343268,1,1.2755357142857133,0.5,0.05,7020242.8,7115389.75,0.7135345803139459,0.7039932000913934,60.13363028953233,47.8099480326652,1.1600000000000037,0.19999999999999574,0.2079999999999984,,0,2.884209656424191,2.1589486858573324,7.226032540675846,,0,,,2.3833931317273294,-1.2360939431396822,9.45205479452056,41.74,2.9698668426838175,41.74,0,25,20,20,39.495000000000005,38.065,38.78,37.3025,39.95,,,,,,39.56066666666667,40.53933333333334,41.12866666666667,42.10733333333334,38.97133333333334,37.99266666666667,37.40333333333334,0,0,0,0,0,0,0,0,0,0,0,0,0,0,0,0,0,0,0,0,0,0,,,,,,,,,,,,,,,,,,USD,1.0,stock,25.0
2025-12-23,39.92,39.99,39.335,39.6,3586207,39.159,37.128,,38.874162219186296,37.35058829437848,35.36656831331097,33.24266385285744,55.07060333761232,0.716444328813914,0.7889696749152256,-0.07252534610131167,0,1.2691071428571423,0.5,0.05,6943795.2,6239535.3,0.5164620926607973,0.5747554629589162,52.33853006681515,50.63103192279143,0.3200000000000003,0.07000000000000028,0.26500000000000057,,0,1.8329236889234986,1.11363636363637,6.242424242424246,,0,,,-0.8760951188986232,1.616628175519641,3.746397694524495,41.74,1.8671470698742654,41.74,0,25,20,20,39.88,38.065,38.9725,37.3025,39.6,,,,,,39.64166666666667,39.948333333333345,40.296666666666674,40.603333333333346,39.293333333333344,38.98666666666667,38.63833333333334,0,0,0,0,0,0,0,0,0,0,0,0,0,0,0,0,0,0,0,0,0,0,,,,,,,,,,,,,,,,,,USD,1.0,stock,25.0
2025-12-24,39.46,40.11,39.39,39.89,2539451,39.1705,37.197,,38.970908674501885,37.45017306714795,35.45614121799788,33.308806501087716,56.46766169154229,0.7124334344424312,0.7736624268206669,-0.06122899237823565,1,1.2776785714285706,0.5,0.05,6356325.0,6012828.85,0.3995156006025494,0.4223388131195519,58.79732739420934,57.08982925018561,0.4299999999999997,0.21999999999999886,0.07000000000000028,,0,2.304064491095802,1.8037102030584193,6.751065429932308,,0,,,0.7323232323232398,2.624131721121703,0.5799293998991484,41.74,2.3584036317312354,41.74,0,25,20,20,39.88,38.065,38.9725,37.3025,39.89,,,,,,39.79666666666667,40.20333333333333,40.516666666666666,40.92333333333333,39.483333333333334,39.07666666666667,38.763333333333335,0,0,0,0,0,0,0,0,0,0,0,0,0,0,0,0,0,0,0,0,0,0,,,,,,,,,,,,,,,,,,USD,1.0,stock,25.0
2025-12-26,39.92,40.53,39.82,40.51,2672903,39.223,37.2914,,39.1174888007398,37.57016628020097,35.55621762952268,33.38046016774356,63.3128834355828,0.750630785753188,0.7690560986071712,-0.01842531285398319,1,1.2476785714285705,0.5,0.05,5721752.3,5811891.65,0.4671476253874185,0.45990241404448756,72.60579064587965,61.247216035634715,0.5899999999999963,0.020000000000003126,0.10000000000000142,,0,3.4374505042216703,3.1769933349790156,7.945198716366317,,0,,,1.5542742541990506,3.2891381947985687,2.660922453117065,41.74,3.5598174677150105,41.74,0,25,20,20,39.635000000000005,38.065,38.85,37.3025,40.51,,,,,,40.28666666666666,40.75333333333332,40.99666666666666,41.463333333333324,40.04333333333332,39.57666666666666,39.33333333333332,0,0,0,0,0,0,0,0,0,0,0,0,0,0,0,0,0,0,0,0,0,0,,,,,,,,,,,,,,,,,,USD,1.0,stock,25.0
2025-12-29,40.545,40.99,40.51,40.81,3897034,39.2965,37.394800000000004,,39.27868034352649,37.69721858293819,35.66025292398757,33.454385937218746,68.33541927409262,0.7959349124410693,0.7744318613739508,0.021503051067118473,1,1.217678571428571,0.5,0.05,5479618.3,5900458.75,0.7111871277603405,0.6604628835003719,79.28730512249444,70.23014105419448,0.26500000000000057,0.17999999999999972,0.035000000000003695,,0,3.752314767149016,3.7086498407253137,8.3685371232541,,0,,,0.7405578869415175,4.587391081496661,3.736654804270456,41.74,3.8986026085417866,41.74,0,25,20,20,39.505,38.065,38.785,37.3025,40.81,,,,,,40.77,41.03000000000001,41.25000000000001,41.51000000000001,40.550000000000004,40.29,40.07,0,0,0,0,0,0,0,0,0,0,0,0,0,0,0,0,0,0,0,0,0,0,,,,,,,,,,,,,,,,,,USD,1.0,stock,25.0
2025-12-30,40.79,41.63,40.79,41.21,4557177,39.4625,37.513600000000004,,39.46261554890492,37.834974716940614,35.77014890569079,33.53155622640065,69.10866910866912,0.8542679471687151,0.7903990785329038,0.06386886863581132,1,1.2408928571428568,0.5,0.05,5221638.0,5806823.85,0.8727485513166559,0.7847968386366672,88.19599109131401,80.02969561989603,0.4200000000000017,0.4200000000000017,0.0,,0,4.240195222264207,4.2404756127153655,8.969667556418337,,0,,,0.9801519235481448,3.153942428035039,8.762206386909476,41.74,4.427948899964815,41.74,0,25,20,20,39.825,38.3701,39.09755,37.3025,41.21,,,,,,41.21,41.63,42.050000000000004,42.470000000000006,40.79,40.37,39.949999999999996,0,0,0,0,0,0,0,0,0,0,0,0,0,0,0,0,0,0,0,0,0,0,,,,,,,,,,,,,,,,,,USD,1.0,stock,25.0
2025-12-31,41.19,41.8,41.05,41.15,3671629,39.5795,37.6244,,39.6233188299616,37.964975708433144,35.876680610528595,33.60736163708324,66.18798955613573,0.885448895206963,0.8094090418677158,0.07603985333924723,1,1.180535714285714,0.5,0.05,4793697.6,5620060.05,0.7659283722861451,0.6533077880546846,82.80423280423281,83.42917633934708,0.03999999999999915,0.6099999999999994,0.10000000000000142,,0,3.710039295354559,3.8165249088699773,8.567679222357222,,0,,,-0.14559572919194963,3.9141414141414144,6.029373872713206,41.8,3.8529866127316543,41.8,0,25,20,20,40.035,39.525,39.78,37.332499999999996,41.15,,,,,,41.333333333333336,41.616666666666674,42.083333333333336,42.366666666666674,40.866666666666674,40.583333333333336,40.116666666666674,0,0,0,0,0,0,0,0,0,0,0,0,0,0,0,0,0,0,0,0,0,0,,,,,,,,,,,,,,,,,,USD,1.0,stock,25.0
2026-01-02,41.18,42.07,40.53,41.78,4553989,39.727999999999994,37.738,,39.82871703663192,38.11458450418087,35.993578024181495,33.68868142178888,60.15384615384614,0.9500442374567939,0.8375360809855315,0.11250815647126244,1,1.0798214285714285,0.5,0.05,4610397.4,5655849.75,0.9877649592635983,0.8051821037148308,92.83950617283952,87.94657668946212,0.6000000000000014,0.28999999999999915,0.6499999999999986,,0,4.67037569020603,4.9114408808042285,9.674485399712784,,0,,,1.530984204131225,4.738029581348702,7.6526668384437,42.07,4.899186086193571,42.07,0,25,20,20,40.326,39.66,39.992999999999995,37.4675,41.78,,,,,,41.46,42.39,43.0,43.93,40.85,39.92,39.31,0,0,0,0,0,0,0,0,0,0,0,0,0,0,0,0,0,0,0,0,0,0,,,,,,,,,,,,,,,,,,USD,1.0,stock,25.0
2026-01-05,42.99,44.925,42.62,44.68,9214566,40.01950000000001,37.9112,,40.29074398552412,38.37205177852672,36.16558638013829,33.79804777580093,71.25416204217534,1.2211654402171277,0.9142619528318507,0.30690348738527695,1,1.213035714285714,0.5,0.05,5017396.1,5876662.3,1.8365235306018595,1.567993110647178,96.45184648805217,90.69852848837483,1.6899999999999977,0.24499999999999744,0.37000000000000455,,0,9.823760104019435,10.430841539838836,15.149507609668753,,0,,,6.941120153183333,10.293754628486806,15.006435006434993,44.925,10.893956229879695,44.925,0,25,20,20,41.7535,41.0875,41.420500000000004,38.894999999999996,44.68,,,,,,44.074999999999996,45.529999999999994,46.379999999999995,47.834999999999994,43.224999999999994,41.769999999999996,40.919999999999995,0,0,0,0,0,0,0,0,0,0,0,0,0,0,0,0,0,0,0,0,0,0,,,,,,,,,,,,,,,,,,USD,1.0,stock,27.0
2026-01-06,44.99,45.99,44.95,45.74,7817106,40.3895,38.1388,,40.809720748807536,38.66099092446685,36.35517872904644,33.9168731710666,77.35263702171662,1.5042243262519577,1.032254427515872,0.47196989873608564,1,1.2487499999999996,0.5,0.05,4751924.8,5893989.45,1.6450399215071754,1.3262843556667716,96.86323713927227,95.38486326672133,0.75,0.25,0.03999999999999915,,0,10.77892271795467,11.697638828159167,16.61827721906427,,0,,,2.3724261414503234,12.080372457730949,19.300991131977053,45.99,12.081139397006362,45.99,0,25,20,20,42.6625,41.620000000000005,42.14125,39.4275,45.74,,,,,,45.56,46.17,46.6,47.21,45.13,44.52,44.09,0,0,0,0,0,0,0,0,0,0,0,0,0,0,0,0,0,0,0,0,0,0,,,,,,,,,,,,,,,,,,USD,1.0,stock,28.5
2026-01-07,46.81,46.89,45.4664,45.77,7773965,40.784000000000006,38.3728,,41.28212829654015,38.93977559409561,36.54161083342176,34.0348147315535,91.36253041362531,1.7112451135869122,1.1680525647300801,0.5431925488568321,1,1.2001142857142852,0.5,0.05,5028402.7,6024322.75,1.5460108236756773,1.2904297001683716,87.3731679819617,93.56275053642871,1.0399999999999991,0.0799999999999983,0.303600000000003,,0,9.805269179505903,10.893598426917189,16.161677954992363,,0,,,0.06558810668999548,11.065275418587728,20.828933474128817,46.89,10.871221733584846,46.89,0,25,20,20,43.14,42.07,42.605000000000004,39.8775,45.77,,,,,,46.04213333333334,46.61786666666668,47.46573333333334,48.04146666666668,45.19426666666668,44.61853333333334,43.77066666666668,0,0,0,0,0,0,0,0,0,0,0,0,0,0,0,0,0,0,0,0,0,0,,,,,,,,,,,,,,,,,,USD,1.0,stock,28.75
2026-01-08,46.265,47.3399,46.0,46.92,9593582,41.226,38.6482,,41.819068458774424,39.25272557079774,36.74712349018568,34.16302553024452,93.41963322545848,1.945677410062018,1.3235775337964677,0.6220998762655503,1,1.231535714285714,0.5,0.05,5629140.2,6286467.7,1.7042712846270909,1.5260687651349898,95.3704009967034,93.20226870597912,0.6550000000000011,0.4198999999999984,0.26500000000000057,,0,10.871550599372501,12.135549872122766,17.62958226768968,,0,,,2.5125628140703515,14.02187120291616,23.214285714285722,47.3399,12.197621155177373,47.3399,0,25,20,20,43.57995,42.29495,42.93745,40.102450000000005,46.92,,,,,,46.7533,47.506600000000006,48.0932,48.846500000000006,46.166700000000006,45.4134,44.826800000000006,0,0,0,0,0,0,0,0,0,0,0,0,0,0,0,0,0,0,0,0,0,0,,,,,,,,,,,,,,,,,,USD,1.0,stock,30.25
2026-01-09,47.18,47.47,46.57,46.61,6090084,41.623000000000005,38.916599999999995,,42.275347653176865,39.541246136648816,36.94242797552853,34.28687602248089,90.03250270855904,2.082447130547507,1.4753514531466756,0.6070956774008316,0,1.1786785714285715,0.5,0.05,5984203.5,6170264.25,1.0176933321201393,0.9870053782542619,90.32403240324032,91.02253379396848,0.5700000000000003,0.28999999999999915,0.03999999999999915,,0,9.299833398032899,10.699420725166263,16.505900021454632,,0,,,-0.660699062233594,11.560555289612239,20.532712697181267,47.47,10.253380722931555,47.47,0,25,20,20,43.989999999999995,42.36,43.175,40.167500000000004,46.61,,,,,,46.883333333333326,47.19666666666665,47.783333333333324,48.09666666666665,46.29666666666665,45.98333333333333,45.396666666666654,0,0,0,0,0,0,0,0,0,0,0,0,0,0,0,0,0,0,0,0,0,0,,,,,,,,,,,,,,,,,,USD,1.0,stock,28.75
2026-01-12,45.5,46.585,44.79,46.39,5231004,41.9195,39.0976,,42.66721930525526,39.80982471952534,37.129508609676485,34.40730511678456,89.8378378378378,2.148321445679464,1.6099454516532334,0.5383759940262307,0,1.2451071428571427,0.5,0.05,6240013.6,5980882.95,0.8383000960126114,0.8746206945915903,87.84878487848786,91.1810727594772,0.8900000000000006,0.19500000000000028,0.7100000000000009,,0,8.024963773970127,9.636775167061868,15.719767191205003,,0,,,-0.4720017163698742,3.8272157564906095,14.65645081562037,47.47,8.725154241036309,47.47,0,25,20,20,44.0,42.36,43.18,40.167500000000004,46.39,,,,,,45.92166666666666,47.05333333333332,47.71666666666666,48.84833333333332,45.25833333333332,44.12666666666666,43.46333333333332,0,0,0,0,0,0,0,0,0,0,0,0,0,0,0,0,0,0,0,0,0,0,,,,,,,,,,,,,,,,,,USD,1.0,stock,28.75
2026-01-13,46.215,46.65,45.67,45.76,4436470,42.165,39.312400000000004,,42.961769847611905,40.04316492660278,37.30040942928685,34.52026725492601,82.45810055865915,2.125193670404741,1.7129950954035351,0.4121985750012058,0,1.2031071428571427,0.5,0.05,6293957.2,5886787.75,0.7048776880783365,0.7536317238548307,78.979717271051,85.71751151759305,0.4550000000000054,0.43499999999999517,0.0899999999999963,,0,6.115013444904051,7.8562062937062915,14.090034965034953,,0,,,-1.3580513041603903,0.04372540445998219,12.01958384332924,47.47,6.51330278597365,47.47,0,25,20,20,44.0,42.36,43.18,40.54,45.76,,,,,,46.026666666666664,46.383333333333326,47.00666666666666,47.36333333333332,45.40333333333333,45.04666666666667,44.42333333333333,0,0,0,0,0,0,0,0,0,0,0,0,0,0,0,0,0,0,0,0,0,0,,,,,,,,,,,,,,,,,,USD,1.0,stock,28.75
2026-01-14,45.73,46.3,45.59,46.17,4546995,42.451,39.528400000000005,,43.267315576410766,40.283432968696786,37.476044886132655,34.63618499368297,86.45948945615977,2.1155614399712164,1.7935083643170715,0.32205307565414487,0,1.2070357142857138,0.5,0.05,6292939.0,5757288.5,0.7225550732336671,0.7897806406609639,83.91089108910894,83.57979774621593,0.44000000000000483,0.12999999999999545,0.13999999999999346,,0,6.28694915224006,8.055014078405893,14.385098548841233,,0,,,0.8959790209790208,0.8739348918505474,14.140914709517926,47.47,6.7087231664812865,47.47,0,25,20,20,44.0,42.36,43.18,40.54,46.17,,,,,,46.02,46.45,46.73,47.16,45.74000000000001,45.31000000000001,45.030000000000015,0,0,0,0,0,0,0,0,0,0,0,0,0,0,0,0,0,0,0,0,0,0,,,,,,,,,,,,,,,,,,USD,1.0,stock,28.75
2026-01-15,46.05,47.68,45.59,47.27,4919516,42.866,39.7838,,43.6485236167526,40.5574159895322,37.66998459135775,34.761894595735875,87.57637474541747,2.1716551461561053,1.8691377206848783,0.30251742547122706,0,1.3048928571428564,0.5,0.05,6417727.7,5605712.65,0.7665510644834619,0.8775897565851863,94.78371501272268,85.8914411242942,1.220000000000006,0.4099999999999966,0.45999999999999375,,0,7.661257421720763,9.316691347577752,15.837105986883865,,0,,,2.3824994585228465,0.7459505541347111,21.29843469335386,47.68,8.296904644576472,47.68,0,25,20,20,45.15,42.465,43.807500000000005,40.644999999999996,47.27,,,,,,46.84666666666667,48.10333333333334,48.93666666666667,50.193333333333335,46.01333333333334,44.756666666666675,43.923333333333346,0,0,0,0,0,0,0,0,0,0,0,0,0,0,0,0,0,0,0,0,0,0,,,,,,,,,,,,,,,,,,USD,1.0,stock,28.75
2026-01-16,46.92,47.02,45.7,45.75,7084420,43.21,39.976600000000005,,43.84866422468092,40.76104673504075,37.82998489647938,34.87122897786786,74.44029850746266,2.0696014385100128,1.9092304642499052,0.1603709742601076,0,1.3663214285714278,0.5,0.05,6670770.8,5640584.1,1.0620092058926685,1.2559727635299331,73.08228730822874,83.92563113668679,1.1700000000000017,0.10000000000000142,0.04999999999999716,,0,4.15592519195428,5.551912568306009,12.619453551912557,,0,,,-3.215570129045908,-1.845097618536795,17.700025726781575,47.68,4.336131576498255,47.68,0,25,20,20,46.235,42.465,44.35,40.644999999999996,45.75,,,,,,46.156666666666666,46.61333333333333,47.47666666666667,47.93333333333333,45.29333333333333,44.836666666666666,43.97333333333333,0,0,0,0,0,0,0,0,0,0,0,0,0,0,0,0,0,0,0,0,0,0,,,,,,,,,,,,,,,,,,USD,1.0,stock,27.0
2026-01-20,44.99,46.27,44.44,45.76,4253067,43.537,40.155,,44.03069620328274,40.95708411798033,37.987014898529296,34.979574958187584,73.72962607861932,1.9668573491746315,1.9207558412348504,0.04610150793978107,0,1.4627499999999993,0.5,0.05,6174620.9,5596008.5,0.6887980766560097,0.7600179663772848,73.14685314685312,80.33761848926818,0.769999999999996,0.5100000000000051,0.5500000000000043,,0,3.7790729823366718,4.857954545454544,12.248688811188805,,0,,,0.02185792349727045,-1.3580513041603903,16.675165731769503,47.68,3.927495919513377,47.68,0,25,20,20,46.06,42.85,44.455,40.644999999999996,45.76,,,,,,45.49,46.540000000000006,47.32000000000001,48.37000000000001,44.71,43.66,42.879999999999995,0,0,0,0,0,0,0,0,0,0,0,0,0,0,0,0,0,0,0,0,0,0,,,,,,,,,,,,,,,,,,USD,1.0,stock,27.0
2026-01-21,44.99,45.9,43.28,45.26,7887690,43.849000000000004,40.318200000000004,,44.14777275535104,41.12582591727522,38.13103440548911,35.08186774467328,69.23076923076918,1.824059474633529,1.9014165679145862,-0.07735709328105722,0,1.5898928571428559,0.5,0.05,6181679.3,5466802.05,1.2759785192997637,1.4428343898056453,66.15384615384612,70.79432886964265,0.269999999999996,0.6400000000000006,1.7100000000000009,,0,2.4574176859234558,3.1175430844012246,10.918692001767552,,0,,,-1.0926573426573438,-1.0926573426573438,15.991799077396184,47.68,2.51932810022482,47.68,0,25,20,20,45.480000000000004,42.85,44.165000000000006,40.644999999999996,45.26,,,,,,44.81333333333333,46.346666666666664,47.43333333333333,48.96666666666666,43.72666666666667,42.193333333333335,41.10666666666667,0,0,0,0,0,0,0,0,0,0,0,0,0,0,0,0,0,0,0,0,0,0,,,,,,,,,,,,,,,,,,USD,1.0,stock,25.0
2026-01-22,45.15,45.63,44.71,45.42,5197394,44.122499999999995,40.47540000000001,,44.26893725484142,41.29422490091149,38.27537035785566,35.18473473228847,70.08466603951081,1.7041573282023705,1.8619647199721432,-0.15780739176977265,0,1.6020357142857133,0.5,0.05,5924022.2,5476212.45,0.8773420869354608,0.9490855308215809,68.39160839160841,69.23076923076921,0.2700000000000031,0.21000000000000085,0.4399999999999977,,0,2.534264080049721,2.856671070013224,10.886393659180964,,0,,,0.35351303579320703,-1.624431448992858,13.692115143929918,47.68,2.6001589749767455,47.68,0,25,20,20,45.480000000000004,42.85,44.165000000000006,40.644999999999996,45.42,,,,,,45.25333333333333,45.79666666666666,46.17333333333333,46.71666666666666,44.87666666666666,44.33333333333333,43.956666666666656,0,0,0,0,0,0,0,0,0,0,0,0,0,0,0,0,0,0,0,0,0,0,,,,,,,,,,,,,,,,,,USD,1.0,stock,27.0
2026-01-23,45.39,46.19,45.17,46.09,3792259,44.447,40.7122,,44.44237180199938,41.48229451264045,38.430115499284256,35.293244834454754,70.19681349578255,1.6442435972012959,1.818420495417974,-0.17417689821667803,0,1.564892857142856,0.5,0.05,5343889.9,5486515.05,0.7096439243630375,0.6911963177791702,68.5770750988143,67.70750988142295,0.7000000000000028,0.09999999999999432,0.21999999999999886,,0,3.5748062443059765,3.564764591017575,11.668040789759166,,0,,,1.4751210920299407,-2.4962978633382704,16.388888888888896,47.68,3.707336335110947,47.68,0,25,20,20,45.480000000000004,42.85,44.165000000000006,40.644999999999996,46.09,,,,,,45.81666666666666,46.463333333333324,46.83666666666666,47.48333333333332,45.44333333333333,44.79666666666667,44.42333333333333,0,0,0,0,0,0,0,0,0,0,0,0,0,0,0,0,0,0,0,0,0,0,,,,,,,,,,,,,,,,,,USD,1.0,stock,27.0
2026-01-26,46.05,46.53,45.95,46.28,3881187,44.7665,40.9306,,44.617384011332774,41.67043982587023,38.58555875672417,35.40256578137561,60.0502512562814,1.5937215162494454,1.7734806995842682,-0.17975918333482288,0,1.3816785714285704,0.5,0.05,5123000.2,5553601.85,0.7576003998594417,0.698859425797692,68.1818181818182,68.38350055741364,0.23000000000000398,0.25,0.09999999999999432,,0,3.5925151008367044,3.2703111495246335,11.558772687986178,,0,,,0.4122369277500537,1.1584699453552005,16.019052394083722,47.68,3.7263860836057177,47.68,0,25,20,20,45.480000000000004,42.85,44.165000000000006,40.644999999999996,46.28,,,,,,46.25333333333333,46.55666666666666,46.83333333333333,47.136666666666656,45.97666666666666,45.67333333333333,45.39666666666666,0,0,0,0,0,0,0,0,0,0,0,0,0,0,0,0,0,0,0,0,0,0,,,,,,,,,,,,,,,,,,USD,1.0,stock,25.0
2026-01-27,44.0,45.25,40.12,41.53,14594366,44.817499999999995,41.037200000000006,,44.32334743882489,41.66493238171846,38.64386452391775,35.46353527608829,31.931330472103014,1.1570592418142311,1.650196408030261,-0.49313716621602977,0,1.728107142857142,0.5,0.05,6059336.4,6149675.0,2.408574972005185,2.3731930549175364,18.650793650793695,51.80322897714206,2.469999999999999,1.25,1.4100000000000037,,0,-6.72609544624341,-7.91596436311099,1.1866120876474728,,0,,,-10.26361279170268,-9.243881118881115,2.517896815601084,47.68,-6.302203241035141,47.68,0,25,20,20,43.9,42.975,43.4375,40.86,41.53,,,,,,42.300000000000004,44.48000000000001,47.43000000000001,49.610000000000014,39.35000000000001,37.17,34.220000000000006,0,0,0,0,0,0,0,0,0,0,0,0,0,0,0,0,0,0,0,0,0,0,,,,,,,,,,,,,,,,,,USD,1.0,stock,25.0
2026-01-28,41.19,42.01,40.66,41.9,7858057,44.872,41.153400000000005,,44.09255244465109,41.67415071969028,38.708342454137195,35.52757970120184,33.86155129274394,0.8312747334468895,1.4864120731135868,-0.6551373396666973,0,1.722849999999999,0.5,0.05,6401495.1,6347726.15,1.2275346426493399,1.2379325784241653,23.54497354497355,36.79252845919515,0.7100000000000009,0.10999999999999943,0.5300000000000011,,0,-5.2328220636064255,-7.093078758949884,1.7818615751789828,,0,,,0.8909222248976612,-7.423773751657093,2.6709139916686997,47.68,-4.972614020028393,47.68,0,25,20,20,43.9,43.131,43.5155,41.035,41.9,,,,,,41.52333333333333,42.38666666666667,42.873333333333335,43.73666666666667,41.03666666666667,40.17333333333333,39.68666666666667,0,0,0,0,0,0,0,0,0,0,0,0,0,0,0,0,0,0,0,0,0,0,,,,,,,,,,,,,,,,,,USD,1.0,stock,25.0
2026-01-29,42.085,43.6,41.9111,43.6,8234733,44.991499999999995,41.297799999999995,,44.04564268801765,41.7496742208789,38.805206959995864,35.60790229123963,36.76236044657098,0.702169779786459,1.3295636144481613,-0.6273938346617023,1,1.7321428571428565,0.5,0.05,6770268.9,6531603.95,1.2163081144384087,1.2607520393210614,46.03174603174607,29.409171075837772,1.5150000000000006,0.0,0.17390000000000327,,0,-1.022116256921214,-3.191513761467875,5.280275229357812,,0,,,4.057279236276856,-4.007045354469396,5.799563212812431,47.68,-1.0117747427917172,47.68,0,25,20,20,43.57,43.131,43.3505,41.035,43.6,,,,,,43.03703333333333,44.16296666666667,44.72593333333334,45.85186666666667,42.474066666666666,41.34813333333333,40.78516666666666,0,0,0,0,0,0,0,0,0,0,0,0,0,0,0,0,0,0,0,0,0,0,,,,,,,,,,,,,,,,,,USD,1.0,stock,25.0
2026-01-30,43.55,43.95,42.755,43.32,5136526,45.1,41.4226,,43.9765338605874,41.81125562398169,38.89460880237218,35.684639581874066,36.85051958433255,0.5706810579181933,1.1777871031421676,-0.6071060452239743,1,1.7532142857142854,0.5,0.05,6791969.9,6604848.8,0.7562645411605843,0.7776901721050753,42.32804232804235,37.301587301587325,0.22999999999999687,0.4000000000000057,0.5649999999999977,,0,-1.5155444611897548,-4.108956602031396,4.379963065558628,,0,,,-0.6422018348623881,-6.009980472987642,5.273390036452019,47.68,-1.4929186157979581,47.68,0,25,20,20,43.325,43.5075,43.416250000000005,41.035,43.32,,,,,,43.34166666666667,43.928333333333335,44.53666666666667,45.123333333333335,42.733333333333334,42.14666666666667,41.538333333333334,0,0,0,0,0,0,0,0,0,0,0,0,0,0,0,0,0,0,0,0,0,0,,,,,,,,,,,,,,,,,,USD,1.0,stock,25.0
2026-02-02,42.67,42.935,42.21,42.8,5474287,45.150999999999996,41.54,,43.864483016721934,41.85002991323731,38.97194328153313,35.755439188024575,35.987509758001565,0.4196778592132162,1.0261652543563775,-0.6064873951431613,1,1.7024999999999995,0.5,0.05,6630956.6,6650863.7,0.8255651982400247,0.8230941494110006,35.44973544973544,41.26984126984129,0.12999999999999545,0.13500000000000512,0.46000000000000085,,0,-2.4871098521540578,-5.492990654205606,2.943925233644855,,0,,,-1.2003693444136765,-7.519446845289545,2.441359502154139,47.68,-2.426753818838208,47.68,0,25,20,20,43.325,43.535,43.43,41.035,42.8,,,,,,42.64833333333333,43.086666666666666,43.373333333333335,43.81166666666667,42.361666666666665,41.92333333333333,41.63666666666666,0,0,0,0,0,0,0,0,0,0,0,0,0,0,0,0,0,0,0,0,0,0,,,,,,,,,,,,,,,,,,USD,1.0,stock,25.0
2026-02-03,42.73,43.45,41.96,42.51,6586534,45.0425,41.6712,,43.735484634176984,41.87591109311035,39.042003810611675,35.822648748342736,36.96872493985566,0.2734539530003275,0.8756229940851676,-0.6021690410848402,1,1.7389285714285714,0.5,0.05,6864303.3,6519462.1,0.959534232702101,1.0102879499828674,31.61375661375661,36.46384479717813,0.21999999999999886,0.720000000000006,0.5499999999999972,,0,-2.882814947487618,-5.957421783109854,1.9731827805222282,,0,,,-0.6775700934579465,2.3597399470262292,-4.856759176365266,47.68,-2.8020373946407227,47.68,0,25,20,20,43.325,43.75,43.5375,41.035,42.51,,,,,,42.63999999999999,43.319999999999986,44.129999999999995,44.80999999999999,41.829999999999984,41.14999999999999,40.33999999999998,0,0,0,0,0,0,0,0,0,0,0,0,0,0,0,0,0,0,0,0,0,0,,,,,,,,,,,,,,,,,,USD,1.0,stock,25.0
2026-02-04,42.12,42.72,40.821,40.96,6850277,44.8035,41.793800000000005,,43.47115276425537,41.8399930110276,39.07998393317382,35.8737666712448,30.859662013225588,0.03212805550590048,0.7069240063693143,-0.6747959508634138,0,1.8238571428571433,0.5,0.05,6760562.0,6471120.65,1.0132703464593624,1.058592069365914,11.111111111111153,26.058201058201064,1.1599999999999966,0.6000000000000014,0.1390000000000029,,0,-6.130744053357839,-9.383544921874996,-2.035644531250009,,0,,,-3.6462008939073143,-2.2434367541766087,-10.450371665937908,47.68,-5.776595752759043,47.68,0,25,20,20,43.325,43.9,43.6125,41.035,40.96,,,,,,41.50033333333334,42.17966666666668,43.39933333333334,44.07866666666668,40.280666666666676,39.601333333333336,38.381666666666675,0,0,0,0,0,0,0,0,0,0,0,0,0,0,0,0,0,0,0,0,0,0,,,,,,,,,,,,,,,,,,USD,1.0,stock,25.0
2026-02-05,40.66,41.27,39.795,39.92,10993989,44.511,41.8622,,43.132947739088195,41.76469916745789,39.09661791469513,35.91402769939162,22.87822878228782,-0.24027403575618678,0.5174843979442141,-0.7577584337004009,0,1.7799285714285722,0.5,0.05,7340221.5,6632121.85,1.4977734663729154,1.657688029359714,1.7301038062283733,14.818323843698712,0.7399999999999949,0.6100000000000065,0.125,,0,-8.048466280281044,-11.50050100200401,-4.865230460921842,,0,,,-2.5390625,-8.440366972477065,-12.781297793314405,47.68,-7.4489407923691155,47.68,0,25,20,20,43.1625,43.7375,43.45,41.035,39.92,,,,,,40.32833333333333,40.861666666666665,41.803333333333335,42.336666666666666,39.38666666666666,38.85333333333333,37.91166666666666,0,0,0,0,0,0,0,0,0,0,0,0,0,0,0,0,0,0,0,0,0,0,,,,,,,,,,,,,,,,,,USD,1.0,stock,27.0
2026-02-06,37.24,39.85,36.06,38.46,16610296,44.088,41.868,,42.687905097270274,41.63510312167523,39.084011619354634,35.939360757109114,22.979985174203108,-0.567423548445781,0.3005028086662151,-0.8679263571119962,0,1.9435000000000007,0.5,0.05,8622025.2,6982957.55,1.926495877093934,2.3786906738391957,22.922636103151852,11.921283673497127,1.2199999999999989,1.3900000000000006,1.1799999999999997,,0,-10.992992972621614,-14.633385335413415,-8.861154446177851,,0,,,-3.6573146292585235,-11.218836565096957,-18.030690537084404,47.68,-9.904222490273087,47.68,0,25,20,20,40.655,41.870000000000005,41.2625,41.3401,38.46,,,,,,38.123333333333335,40.18666666666667,41.913333333333334,43.97666666666667,36.39666666666667,34.333333333333336,32.60666666666667,0,0,0,0,0,0,0,0,0,0,0,0,0,0,0,0,0,0,0,0,0,0,,,,,,,,,,,,,,,,,,USD,1.0,stock,28.5
2026-02-09,38.425,38.88,37.71,38.04,7871500,43.6595,41.83560000000001,,42.24524746895882,41.494118685531106,39.06333812194167,35.96026264012295,22.230215827338142,-0.8507751774938086,0.07024721143421034,-0.9210223889280189,0,1.8963571428571433,0.5,0.05,9021056.5,7072028.35,0.8725696374920165,1.113047008642153,18.911174785100258,14.521304898160162,0.384999999999998,0.4550000000000054,0.3299999999999983,,0,-11.054804071921199,-14.772607781282865,-9.977917981072574,,0,,,-1.092043681747279,-11.121495327102803,-18.386612314953876,47.68,-9.954368173718894,47.68,0,25,20,20,40.005,41.870000000000005,40.9375,41.870000000000005,38.04,,,,,,38.21,38.71,39.38,39.88,37.54,37.04,36.37,0,0,0,0,0,0,0,0,0,0,0,0,0,0,0,0,0,0,0,0,0,0,,,,,,,,,,,,,,,,,,USD,1.0,stock,28.5
2026-02-10,38.455,40.14,37.94,39.61,6364587,43.320499999999996,41.83860000000001,,41.99427151953417,41.42023167825538,39.07416310962599,35.99657843474859,31.128924515698074,-0.9378367082010257,-0.1313695724928369,-0.8064671357081888,1,1.8663571428571437,0.5,0.05,8198078.6,7128707.5,0.7763510586492791,0.892810793541466,33.906399235912104,25.24673670805474,1.1550000000000011,0.5300000000000011,0.5150000000000006,,0,-6.0193676332597175,-9.367583943448613,-5.626356980560483,,0,,,4.127234490010512,-6.821924253116906,-14.615218797154562,47.68,-5.677611334262815,47.68,0,25,20,20,40.005,41.870000000000005,40.9375,41.870000000000005,39.61,,,,,,39.23,40.519999999999996,41.43,42.72,38.31999999999999,37.029999999999994,36.11999999999999,0,0,0,0,0,0,0,0,0,0,0,0,0,0,0,0,0,0,0,0,0,0,,,,,,,,,,,,,,,,,,USD,1.0,stock,25.0
2026-02-11,39.4,40.52,39.17,40.43,4599928,43.054,41.8604,,41.84529327957854,41.38139906342183,39.10101136488092,36.04069208216403,34.03710812539987,-0.9299466059550952,-0.2910849791852886,-0.6388616267698066,1,1.8970714285714294,0.5,0.05,7872265.7,7136880.4,0.5843207248454533,0.6445292259626488,41.738299904489,31.518624641833785,1.0300000000000011,0.09000000000000341,0.22999999999999687,,0,-3.5006017303451444,-6.490230027207525,-3.5379668562948274,,0,,,2.070184296894717,-1.2939453125,-11.64772727272727,47.68,-3.382204230527492,47.68,0,25,20,20,40.005,41.870000000000005,40.9375,41.870000000000005,40.43,,,,,,40.04,40.91,41.39,42.26,39.559999999999995,38.69,38.209999999999994,0,0,0,0,0,0,0,0,0,0,0,0,0,0,0,0,0,0,0,0,0,0,,,,,,,,,,,,,,,,,,USD,1.0,stock,25.0
2026-02-12,40.4,40.83,39.0,39.18,8830337,42.7045,41.88620000000001,,41.59145582438059,41.29506968838569,39.10257549626941,36.07192897686887,28.685996298581102,-1.0128823195122152,-0.43544444725067394,-0.5774378722615412,1,1.9549285714285725,0.5,0.05,7931826.1,7351047.5,1.1132791980903365,1.201235198112922,29.799426934097404,35.14804202483284,1.2199999999999989,0.4299999999999997,0.17999999999999972,,0,-6.154813232211814,-8.995661051556924,-6.907095456865772,,0,,,-3.0917635419243084,-1.853707414829664,-15.13970110461339,47.68,-5.797959644795632,47.68,0,25,20,20,39.755,41.870000000000005,40.8125,41.870000000000005,39.18,,,,,,39.669999999999995,40.33999999999999,41.49999999999999,42.16999999999999,38.50999999999999,37.839999999999996,36.67999999999999,0,0,0,0,0,0,0,0,0,0,0,0,0,0,0,0,0,0,0,0,0,0,,,,,,,,,,,,,,,,,,USD,1.0,stock,27.0
2026-02-13,38.85,40.68,38.85,40.58,4540594,42.37,41.9216,,41.4951266982491,41.26702773982154,39.13183142703635,36.11678540495972,33.63949483352468,-0.9546367125326114,-0.5392829003070615,-0.4153538122255499,1,2.0442142857142866,0.5,0.05,7872232.9,7332101.4,0.5767860348745525,0.6192759418193534,49.18389553862891,40.240540792405106,1.7299999999999969,0.10000000000000142,0.0,,0,-2.255117541274282,-4.411039921143418,-3.306062099556431,,0,,,3.573251659009702,5.512220488819541,-14.152739581129692,47.02,-2.205383549986167,47.02,0,25,20,20,39.755,41.870000000000005,40.8125,41.870000000000005,40.58,,,,,,40.03666666666667,41.223333333333336,41.86666666666667,43.053333333333335,39.39333333333334,38.20666666666667,37.56333333333334,0,0,0,0,0,0,0,0,0,0,0,0,0,0,0,0,0,0,0,0,0,0,,,,,,,,,,,,,,,,,,USD,1.0,stock,25.0
2026-02-17,40.78,41.93,40.5,41.23,4437185,42.144,41.97,,41.469876536511094,41.26557567159325,39.17337931957028,36.1676631621243,48.873873873873855,-0.8462717872633121,-0.6006806776983116,-0.24559110956500052,1,1.7063571428571436,0.5,0.05,7768522.7,7199739.65,0.5711748773032483,0.6162979796081932,65.5259822560202,48.1697682429155,0.44999999999999574,0.7000000000000028,0.28000000000000114,,0,-0.5818009617053057,-2.216832403589623,-1.7948096046568083,,0,,,1.6017742730409124,8.385909568874862,-9.879781420765033,46.53,-0.5784356177185731,46.53,0,25,20,20,39.39,41.870000000000005,40.63,41.870000000000005,41.23,,,,,,41.22,41.94,42.65,43.37,40.51,39.79,39.08,0,0,0,0,0,0,0,0,0,0,0,0,0,0,0,0,0,0,0,0,0,0,,,,,,,,,,,,,,,,,,USD,1.0,stock,25.0
2026-02-18,41.5,43.135,41.055,43.07,4577956,42.009499999999996,42.054399999999994,,41.622269247319565,41.33633740996214,39.250540125123344,36.23634313066037,53.955375253549704,-0.6049457428242562,-0.6015336907235005,-0.0034120521007556803,1,1.7585000000000004,0.5,0.05,7567664.9,7215984.1,0.6049364051518719,0.6344188036667099,88.84664131812417,67.8521730375911,1.5700000000000003,0.06499999999999773,0.4450000000000003,,0,3.3613437489678084,2.462270722080345,2.358021824936165,,0,,,4.462769827795299,8.735167886897255,-5.8784965034965,46.53,3.478260024887201,46.53,0,25,20,20,39.5975,41.870000000000005,40.73375,41.870000000000005,43.07,,,,,,42.419999999999995,43.78499999999999,44.49999999999999,45.86499999999999,41.70499999999999,40.339999999999996,39.62499999999999,0,0,0,0,0,0,0,0,0,0,0,0,0,0,0,0,0,0,0,0,0,0,,,,,,,,,,,,,,,,,,USD,1.0,stock,25.0
2026-02-19,43.1,43.7893,42.78,43.68,4322290,41.9305,42.1612,,41.81824360471771,41.42824574682637,39.33825220185358,36.31040936816624,50.2919708029197,-0.3603176938440953,-0.5532904913476195,0.19297279750352425,1,1.7091642857142857,0.5,0.05,7314866.2,7037714.1,0.5908911908737305,0.6141610668725518,96.5779467680608,83.6501901140684,0.5799999999999983,0.10929999999999751,0.3200000000000003,,0,4.262262809712207,4.005265567765562,3.4771062271062245,,0,,,1.416299048061287,8.038585209003223,-3.4909412284578,46.53,4.452019584754293,46.53,0,25,20,20,39.92465,41.870000000000005,40.897325,41.870000000000005,43.68,,,,,,43.41643333333334,44.052866666666674,44.42573333333333,45.06216666666667,43.04356666666668,42.40713333333334,42.03426666666668,0,0,0,0,0,0,0,0,0,0,0,0,0,0,0,0,0,0,0,0,0,0,,,,,,,,,,,,,,,,,,USD,1.0,stock,25.0
2026-02-20,43.33,43.52,42.52,43.24,5029712,41.8215,42.2684,,41.95364897569697,41.499294933225336,39.415514534490136,36.37936051873176,49.711399711399714,-0.1996510720636948,-0.4825626074908346,0.2829115354271398,1,1.7066642857142855,0.5,0.05,6718438.5,7029330.0,0.7486430068534526,0.7155322057721006,92.89327623458793,92.77262144025764,0.0899999999999963,0.19000000000000483,0.7199999999999989,,0,2.9749098619404033,3.2805272895467197,2.2469935245143438,,0,,,-1.0073260073260037,10.362429811128138,-4.799647732276524,46.53,3.0661242960015027,46.53,0,25,20,20,40.74965,41.870000000000005,41.309825000000004,41.870000000000005,43.24,,,,,,43.093333333333334,43.666666666666664,44.093333333333334,44.666666666666664,42.666666666666664,42.093333333333334,41.666666666666664,0,0,0,0,0,0,0,0,0,0,0,0,0,0,0,0,0,0,0,0,0,0,,,,,,,,,,,,,,,,,,USD,1.0,stock,25.0
2026-02-23,42.83,43.9323,42.74,43.34,4513291,41.684,42.3736,,42.085682406582976,41.571479445647874,39.493227117965574,36.44862061307274,52.00892857142859,-0.06352023081620928,-0.39875413215590955,0.33523390133970027,1,1.7125428571428567,0.5,0.05,5508738.0,7065381.6,0.8192967245855585,0.6387894179700074,92.47615055320561,93.98245785195145,0.5100000000000051,0.5922999999999945,0.0899999999999963,,0,2.89413381037616,3.8209506229810932,2.229810798338717,,0,,,0.23126734505087843,6.801379990142942,-5.9665871121718395,46.53,2.98039029354275,46.53,0,25,20,20,40.93615,41.870000000000005,41.403075,41.870000000000005,43.34,,,,,,43.33743333333334,43.93486666666667,44.52973333333333,45.12716666666667,42.742566666666676,42.14513333333334,41.55026666666668,0,0,0,0,0,0,0,0,0,0,0,0,0,0,0,0,0,0,0,0,0,0,,,,,,,,,,,,,,,,,,USD,1.0,stock,25.0
2026-02-24,43.57,44.18,41.75,42.37,4959558,41.4885,42.4476,,42.11276027262269,41.6027939771911,39.55019291760982,36.50753981095262,49.5042492917847,-0.03352005341928077,-0.32570731640858386,0.2921872629893031,0,1.7796857142857136,0.5,0.05,5217543.8,7119300.15,0.950554166885959,0.6966356096111498,77.7093596059113,87.69292879790162,1.2000000000000028,0.6099999999999994,0.6199999999999974,,0,0.607127041249258,2.0804814727401357,-0.18314845409488764,,0,,,-2.2381172127365123,2.764976958525356,-8.448573898012112,45.25,0.6108355892894083,45.25,0,25,20,20,41.515,41.540000000000006,41.5275,41.870000000000005,42.37,,,,,,42.76666666666667,43.783333333333346,45.19666666666667,46.213333333333345,41.353333333333346,40.33666666666667,38.923333333333346,0,0,0,0,0,0,0,0,0,0,0,0,0,0,0,0,0,0,0,0,0,0,,,,,,,,,,,,,,,,,,USD,1.0,stock,25.0
2026-02-25,42.795,43.75,42.67,42.69,4240408,41.5465,42.492200000000004,,42.16773548475386,41.645429507497326,39.61236731528091,36.56905682775906,56.710628394103935,0.015893419509012574,-0.25738716922506455,0.2732805887340771,0,1.7426142857142852,0.5,0.05,5005125.9,6601602.25,0.847213054121176,0.642330125235885,81.65024630541869,83.9452521548452,0.10500000000000398,0.9549999999999983,0.01999999999999602,,0,1.223388417067546,2.6786132583743174,0.4633403607402056,,0,,,0.7552513570922903,-0.8822846528906525,2.7931615699494206,44.18,1.2385405790523538,44.18,0,25,20,20,41.515,41.295,41.405,41.870000000000005,42.69,,,,,,43.03666666666667,43.403333333333336,44.11666666666667,44.483333333333334,42.32333333333334,41.95666666666667,41.24333333333334,0,0,0,0,0,0,0,0,0,0,0,0,0,0,0,0,0,0,0,0,0,0,,,,,,,,,,,,,,,,,,USD,1.0,stock,25.0
2026-02-26,42.95,43.53,42.28,42.93,4599361,41.598,42.5338,,42.24033210525349,41.6958048209288,39.67806301200802,36.632349794647034,62.44830438378823,0.07357185648122311,-0.19119536408380702,0.2647672205650301,0,1.7265428571428565,0.5,0.05,5005069.2,6438667.45,0.9189405413215865,0.7143342990947606,84.60591133004925,81.32183908045975,0.020000000000003126,0.5799999999999983,0.6499999999999986,,0,1.606494047860485,3.102725366876312,0.9228977405078042,,0,,,0.5621925509487147,-1.717032967032972,2.4582338902148004,44.18,1.6327236562155987,44.18,0,25,20,20,41.515,41.295,41.405,41.870000000000005,42.93,,,,,,42.913333333333334,43.54666666666667,44.163333333333334,44.79666666666667,42.29666666666667,41.663333333333334,41.04666666666667,0,0,0,0,0,0,0,0,0,0,0,0,0,0,0,0,0,0,0,0,0,0,,,,,,,,,,,,,,,,,,USD,1.0,stock,25.0
2026-02-27,42.88,44.925,42.5301,44.88,5992460,41.662,42.6224,,42.491729047610306,41.820675220108065,39.78107166523558,36.71441596584458,75.51669316375197,0.27347864491835594,-0.09826056228337443,0.37173920720173037,1,1.6218928571428566,0.5,0.05,4721281.5,6326553.8,1.269244377824114,0.9471918187117923,99.37629937629946,88.54415233725581,2.0,0.0449999999999946,0.3499000000000052,,0,5.321459341331765,7.170231729055265,5.030303030303037,,0,,,4.542278127183796,3.7927844588344195,2.9357798165137616,44.925,5.620554884254611,44.925,0,25,20,20,42.7125,41.295,42.00375,41.870000000000005,44.88,,,,,,44.11169999999999,45.69329999999999,46.50659999999999,48.088199999999986,43.29839999999999,41.71679999999999,40.90349999999999,0,0,0,0,0,0,0,0,0,0,0,0,0,0,0,0,0,0,0,0,0,0,,,,,,,,,,,,,,,,,,USD,1.0,stock,27.0
2026-03-02,44.23,44.605,43.345,44.6,3622016,41.726,42.735,,42.6925167573617,41.92966834873128,39.87649598869626,36.792879488572495,76.36655948553053,0.40464802452103044,0.0023211550775065343,0.4023268694435239,1,1.6479642857142853,0.5,0.05,4629423.7,6250828.3,0.7823902573445589,0.579445767211363,95.3471725125269,93.10979440629187,0.37000000000000455,0.0049999999999954525,0.884999999999998,,0,4.276868257036546,6.443946188340813,4.181614349775789,,0,,,-0.6238859180035639,2.907245039224726,2.9547553093259404,44.925,4.46795688686913,44.925,0,25,20,20,42.989999999999995,41.295,42.1425,41.870000000000005,44.6,,,,,,44.18333333333333,45.02166666666666,45.44333333333333,46.28166666666666,43.76166666666666,42.92333333333333,42.501666666666665,0,0,0,0,0,0,0,0,0,0,0,0,0,0,0,0,0,0,0,0,0,0,,,,,,,,,,,,,,,,,,USD,1.0,stock,27.0
2026-03-03,43.77,44.28,42.97,43.82,3379274,41.777,42.834,,42.79989611380344,42.003799001722214,39.95458517703891,36.86280108570113,68.06866952789699,0.44058246125222666,0.08997341631245057,0.35060904493977607,0,1.6072499999999994,0.5,0.05,4523632.6,6146077.65,0.7470266263445002,0.5498261155226374,81.8106995884774,92.17805715910124,0.04999999999999716,0.46000000000000085,0.8000000000000043,,0,2.3279413194809644,4.662254678229118,2.25011410314924,,0,,,-1.7488789237668168,3.4222327118244023,2.3831775700934754,44.925,2.3834260800169647,44.925,0,25,20,20,43.3375,41.295,42.31625,41.870000000000005,43.82,,,,,,43.69,44.41,45.0,45.72,43.099999999999994,42.379999999999995,41.78999999999999,0,0,0,0,0,0,0,0,0,0,0,0,0,0,0,0,0,0,0,0,0,0,,,,,,,,,,,,,,,,,,USD,1.0,stock,25.0
2026-03-04,44.16,45.195,43.79,44.99,3486943,41.901,42.9494,,43.00847743629836,42.12090492322331,40.054296361652,36.94366873658967,68.99999999999999,0.55704867280798,0.18338846761155647,0.3736602051964235,1,1.611178571428571,0.5,0.05,4414531.3,5991098.1,0.7898784181233465,0.5820206816509982,96.769109535067,91.30899387869043,0.8300000000000054,0.2049999999999983,0.36999999999999744,,0,4.404362222053002,6.865970215603465,4.535674594354312,,0,,,2.670013692377915,5.387678613258395,5.833921430251721,45.195,4.607283684098236,45.195,0,25,20,20,43.4725,40.655,42.06375,41.870000000000005,44.99,,,,,,44.65833333333333,45.526666666666664,46.06333333333333,46.931666666666665,44.12166666666666,43.25333333333333,42.71666666666666,0,0,0,0,0,0,0,0,0,0,0,0,0,0,0,0,0,0,0,0,0,0,,,,,,,,,,,,,,,,,,USD,1.0,stock,25.0
2026-03-05,44.61,44.84,43.14,43.27,3732924,42.0165,43.0344,,43.03338434712708,42.165967475253765,40.11797366142127,37.00661730637485,66.39935846030473,0.504741018923653,0.24765897787397578,0.2570820410496772,0,1.6126071428571425,0.5,0.05,4355594.7,5835230.45,0.857041175112092,0.6397217782547046,69.66115051221438,82.74698654525294,1.3399999999999963,0.23000000000000398,0.13000000000000256,,0,0.5468353429002094,2.8969262768661945,0.5444880979893809,,0,,,-3.823071793731936,0.791986955508972,5.6396484375,45.195,0.5498420736892778,45.195,0,25,20,20,43.4725,40.6275,42.05,41.870000000000005,43.27,,,,,,43.75,44.36,45.45,46.06,42.66,42.05,40.959999999999994,0,0,0,0,0,0,0,0,0,0,0,0,0,0,0,0,0,0,0,0,0,0,,,,,,,,,,,,,,,,,,USD,1.0,stock,25.0
2026-03-06,43.39,43.94,42.61,43.65,4783057,42.203,43.1084,,43.0921096474007,42.22416482916538,40.18791477703669,37.072720616759185,63.40611353711789,0.4883205947245557,0.2957913012440918,0.19252929348046388,0,1.5768928571428569,0.5,0.05,4330929.2,5524683.85,1.1043951030185393,0.8657612145534808,67.09265175718846,77.84097060148994,0.259999999999998,0.28999999999999915,0.7800000000000011,,0,1.2780993186696479,3.315005727376851,1.2407789232531397,,0,,,0.8782066096602703,-2.740641711229952,9.343687374749488,45.195,1.2946461827100475,45.195,0,25,20,20,43.4725,40.6275,42.05,41.870000000000005,43.65,,,,,,43.4,44.19,44.73,45.519999999999996,42.86,42.07,41.53,0,0,0,0,0,0,0,0,0,0,0,0,0,0,0,0,0,0,0,0,0,0,,,,,,,,,,,,,,,,,,USD,1.0,stock,25.0
2026-03-09,43.37,43.82,42.045,43.32,3914817,42.446000000000005,43.1828,,43.11381349050539,42.2671387574334,40.24993626660032,37.13488260067203,59.38903863432166,0.4435658966229923,0.3253462203198719,0.11821967630312036,0,1.6015357142857138,0.5,0.05,4271081.8,4889909.9,0.9165867532670529,0.8005908247920887,54.71014492753624,63.82131573231303,0.04999999999999716,0.45000000000000284,1.2749999999999986,,0,0.47596147159419927,2.0175438596491118,0.31671283471837486,,0,,,-0.7560137457044647,-2.8699551569506765,12.636505460218416,45.195,0.47823769878304534,45.195,0,25,20,20,43.620000000000005,40.6275,42.12375,41.870000000000005,43.32,,,,,,43.06166666666667,44.07833333333333,44.836666666666666,45.85333333333333,42.303333333333335,41.28666666666667,40.528333333333336,0,0,0,0,0,0,0,0,0,0,0,0,0,0,0,0,0,0,0,0,0,0,,,,,,,,,,,,,,,,,,USD,1.0,stock,25.0
2026-03-10,42.42,42.47,36.275,36.4,18133315,42.364000000000004,43.113,,42.474402681885834,42.03705488459288,40.17369990488546,37.12757033598872,29.426280074028384,-0.14857599957195333,0.2305617763415069,-0.3791377759134602,0,1.9561785714285713,0.5,0.05,5588457.5,5403000.65,3.244779977301429,3.3561563610028435,1.4013452914798203,41.06804732540151,6.020000000000003,0.04999999999999716,0.125,,0,-16.68791945573032,-16.3846153846154,-18.442307692307697,,0,,,-15.9741458910434,-16.93290734824282,-4.3112513144058955,45.195,-14.301325735832895,45.195,0,25,20,20,40.735,40.6275,40.68125,41.870000000000005,36.4,,,,,,38.38166666666667,40.48833333333334,44.57666666666667,46.68333333333334,34.29333333333334,32.18666666666667,28.098333333333336,0,0,0,0,0,0,0,0,0,0,0,0,0,0,0,0,0,0,0,0,0,0,,,,,,,,,,,,,,,,,,USD,1.0,stock,30.0
2026-03-11,36.31,36.67,35.66,35.86,10272730,42.176500000000004,43.02,,41.84445956932528,41.79481743813825,40.08828010478872,37.11495769582964,25.774473358116495,-0.6538885849147462,0.05367170409025629,-0.7075602890050026,0,1.9562285714285719,0.5,0.05,6191689.7,5598407.8,1.6591157660888594,1.8349377835605332,2.097535395909835,19.403008538308633,0.45000000000000284,0.35999999999999943,0.20000000000000284,,0,-16.688398129741444,-17.61433351924151,-19.966536530953718,,0,,,-1.4835164835164782,-20.293398533007345,-9.467306235799045,45.195,-14.301677285162695,45.195,0,25,20,20,40.427499999999995,40.427499999999995,40.427499999999995,41.67,35.86,,,,,,36.06333333333333,36.46666666666667,37.07333333333334,37.476666666666674,35.45666666666666,35.05333333333333,34.44666666666666,0,0,0,0,0,0,0,0,0,0,0,0,0,0,0,0,0,0,0,0,0,0,,,,,,,,,,,,,,,,,,USD,1.0,stock,30.0
2026-03-12,35.47,35.84,33.85,34.57,11106238,41.8835,42.895199999999996,,41.15165389605621,41.51149126409362,39.979007231426564,37.08963473368208,24.48499117127723,-1.1452430197569328,-0.18611124067918153,-0.9591317790777513,0,2.016942857142858,0.5,0.05,6842377.4,5923723.3,1.6231548408890746,1.874874540476933,6.346408109299241,3.2817629322296322,0.8999999999999986,0.37000000000000455,0.7199999999999989,,0,-19.038628568285247,-21.155626265548154,-24.082152155047716,,0,,,-3.597322922476298,-20.106309221169404,-14.494187484541177,45.195,-15.99365583867084,45.195,0,25,20,20,39.5225,39.5225,39.5225,40.765,34.57,,,,,,34.75333333333333,35.65666666666666,36.74333333333333,37.64666666666666,33.66666666666666,32.76333333333333,31.676666666666655,0,0,0,0,0,0,0,0,0,0,0,0,0,0,0,0,0,0,0,0,0,0,,,,,,,,,,,,,,,,,,USD,1.0,stock,30.0
2026-03-13,34.25,34.9684,34.18,34.45,6300236,41.647000000000006,42.76,,40.51340114405085,41.234570038050734,39.86952193971514,37.063369711456396,23.86831275720165,-1.5267287676275103,-0.4542347460688473,-1.0724940215586631,0,1.9880928571428582,0.5,0.05,6873155.0,5797218.25,0.9166439575420604,1.0867688136460965,5.288673424416055,4.57753897654171,0.20000000000000284,0.5183999999999997,0.07000000000000028,,0,-17.60058387242627,-20.891146589259805,-24.12191582002901,,0,,,-0.34712178189180154,-21.07674684994272,-12.07248596222562,45.195,-14.966408577970562,45.195,0,25,20,20,39.5225,39.5225,39.5225,40.765,34.45,,,,,,34.5328,34.885600000000004,35.321200000000005,35.67400000000001,34.0972,33.7444,33.3088,0,0,0,0,0,0,0,0,0,0,0,0,0,0,0,0,0,0,0,0,0,0,,,,,,,,,,,,,,,,,,USD,1.0,stock,30.0
2026-03-16,34.73,35.13,34.44,34.76,7581570,41.356,42.632200000000005,,39.96545817795077,40.980665330676196,39.76834328744355,37.04045060984986,26.727828746177366,-1.7834856496614222,-0.7200849267873624,-1.0634007228740598,1,1.8638071428571443,0.5,0.05,7269110.4,5949267.05,1.0429845720873905,1.2743704285387558,8.021154693697635,6.552078742470978,0.030000000000001137,0.37000000000000455,0.28999999999999915,,0,-14.975426288696129,-18.97583429229,-22.64729574223247,,0,,,0.8998548621190094,-19.75992613111727,-14.342040413997047,45.195,-13.024893033311107,45.195,0,25,20,20,39.5225,39.5225,39.5225,40.765,34.76,,,,,,34.776666666666664,35.11333333333333,35.46666666666667,35.803333333333335,34.423333333333325,34.08666666666666,33.73333333333332,0,0,0,0,0,0,0,0,0,0,0,0,0,0,0,0,0,0,0,0,0,0,,,,,,,,,,,,,,,,,,USD,1.0,stock,28.5
2026-03-17,34.865,35.72,34.635,34.94,5590698,41.0415,42.4954,,39.48684311338403,40.74377649417909,39.67273252927635,37.0195506037817,26.09500308451571,-1.9499648518285966,-0.9660609117956093,-0.9839039400329873,1,1.8427357142857157,0.5,0.05,7490252.8,6006942.7,0.7463964367130573,0.9307060645009981,9.607756721022445,7.639194946378712,0.07499999999999574,0.7800000000000011,0.23000000000000398,,0,-13.013288819072798,-17.462793360045797,-21.62392673153978,,0,,,0.5178365937859697,-4.010989010989019,-15.255881639582825,45.195,-11.51483064961171,45.195,0,25,20,20,39.345,39.5225,39.43375,40.765,34.94,,,,,,35.09833333333333,35.56166666666666,36.18333333333333,36.64666666666666,34.47666666666666,34.01333333333333,33.39166666666666,0,0,0,0,0,0,0,0,0,0,0,0,0,0,0,0,0,0,0,0,0,0,,,,,,,,,,,,,,,,,,USD,1.0,stock,28.5
2026-03-18,34.72,36.48,34.46,36.16,4810221,40.696000000000005,42.325,,39.17000091210936,40.56402055323089,39.60317346929068,37.01099786145552,30.30831878999416,-1.9608535161837466,-1.1650194326732368,-0.7958340835105098,1,1.8977357142857154,0.5,0.05,7622580.6,6018555.95,0.6310488865148898,0.7992317492703545,20.36139268400172,12.663434699573934,1.4399999999999977,0.3200000000000003,0.259999999999998,,0,-8.324117566674122,-12.544247787610644,-17.049225663716832,,0,,,3.491700057240976,0.8365867261572735,-16.043649872300914,45.195,-7.684454536683005,45.195,0,25,20,20,38.894999999999996,39.5225,39.208749999999995,40.765,36.16,,,,,,35.699999999999996,36.93999999999999,37.71999999999999,38.95999999999999,34.919999999999995,33.68,32.9,0,0,0,0,0,0,0,0,0,0,0,0,0,0,0,0,0,0,0,0,0,0,,,,,,,,,,,,,,,,,,USD,1.0,stock,25.0
2026-03-19,36.14,37.05,35.5102,35.57,5727354,40.290499999999994,42.1216,,38.82714368238466,40.36817660996694,39.523308648116604,36.99665957427686,20.59380922299428,-1.9941041390695915,-1.3308363739525078,-0.6632677651170837,1,1.8366571428571439,0.5,0.05,7822023.6,6088809.15,0.7322087343229188,0.9406361505024344,15.160863816659313,15.043337740561162,0.5700000000000003,0.9099999999999966,0.05980000000000274,,0,-9.156996576847506,-13.271014900196779,-18.41889232499297,,0,,,-1.6316371681415864,2.8926815157651165,-18.566849816849818,45.195,-8.38883155822348,45.195,0,25,20,20,38.835,39.5225,39.17875,40.765,35.57,,,,,,36.0434,36.5766,37.5832,38.1164,35.0368,34.5036,33.497,0,0,0,0,0,0,0,0,0,0,0,0,0,0,0,0,0,0,0,0,0,0,,,,,,,,,,,,,,,,,,USD,1.0,stock,27.0
2026-03-20,35.575,35.575,33.985,34.4,13334651,39.848499999999994,41.8942,,38.40551095072898,40.13413046839961,39.42185699171826,36.970822165577594,19.49760765550235,-2.0907636967258085,-1.482821838507168,-0.6079418582186404,1,1.8405857142857154,0.5,0.05,8677183.0,6504056.1,1.536748850404561,2.050205409513611,4.8479506390480145,13.45673571323635,1.1750000000000043,0.0,0.41499999999999915,,0,-11.643927182351694,-15.838662790697663,-21.785465116279067,,0,,,-3.2892887264548865,-0.14513788098694524,-20.4440333024977,45.195,-10.42952131496887,45.195,0,25,20,20,38.16,39.5225,38.84125,40.765,34.4,,,,,,34.653333333333336,35.32166666666667,36.24333333333334,36.911666666666676,33.73166666666667,33.06333333333333,32.141666666666666,0,0,0,0,0,0,0,0,0,0,0,0,0,0,0,0,0,0,0,0,0,0,,,,,,,,,,,,,,,,,,USD,1.0,stock,30.25
2026-03-23,34.72,34.78,32.55,32.81,9827738,39.322,41.611999999999995,,37.87260514589765,39.84690966571728,39.29092913049611,36.92942094999971,18.596691386195076,-2.26950535931428,-1.6401585426685905,-0.6293468166456897,0,1.8834428571428583,0.5,0.05,9268475.1,6769778.45,1.0603403358120906,1.4517074779603754,2.0561486753657974,7.354987710357708,1.9099999999999966,0.060000000000002274,0.2600000000000051,,0,-15.430067497402161,-19.847607436757087,-26.82718683328251,,0,,,-4.622093023255802,-5.609896432681227,-24.296262113520996,45.195,-13.367459477357945,45.195,0,25,20,20,34.8,38.8725,36.83625,40.114999999999995,32.81,,,,,,33.38,34.21000000000001,35.61000000000001,36.44000000000001,31.980000000000004,31.15,29.75,0,0,0,0,0,0,0,0,0,0,0,0,0,0,0,0,0,0,0,0,0,0,,,,,,,,,,,,,,,,,,USD,1.0,stock,31.75
2026-03-24,32.84,32.98,32.065,32.98,8198735,38.852500000000006,41.339400000000005,,37.406642751050256,39.577619090591114,39.165960236822926,36.89012322910419,13.6721113127646,-2.37012056095125,-1.7861509463251224,-0.5839696146261275,1,1.8484428571428582,0.5,0.05,8275017.1,6931737.3,0.9907816383847715,1.1827821288034097,7.162426614481399,4.688841976298403,0.13999999999999346,0.0,0.7750000000000057,,0,-13.42220361143196,-17.806246209824167,-25.34687689508796,,0,,,0.5181347150258864,-5.609616485403556,-22.16190700967666,45.195,-11.833841332702796,45.195,0,25,20,20,34.5575,38.629999999999995,36.59375,39.8725,32.98,,,,,,32.67499999999999,33.28499999999998,33.58999999999999,34.19999999999998,32.36999999999998,31.75999999999999,31.454999999999984,0,0,0,0,0,0,0,0,0,0,0,0,0,0,0,0,0,0,0,0,0,0,,,,,,,,,,,,,,,,,,USD,1.0,stock,30.25
2026-03-25,33.32,33.62,31.77,32.73,7624723,38.354499999999994,41.0662,,36.96124820333119,39.30908500860715,39.038515479658116,36.84872896811808,15.006640106241619,-2.4418832339038445,-1.9172974038408668,-0.5245858300629778,1,1.848442857142858,0.5,0.05,8010216.4,7100953.05,0.9518747833079765,1.0737605144424944,7.888249794576807,5.702275028141334,0.5900000000000034,0.29999999999999716,0.9599999999999973,,0,-12.927736643236148,-17.18454017720745,-25.469599755575945,,0,,,-0.7580351728320167,-9.485619469026553,-23.33099086437105,45.195,-11.447795756393973,45.195,0,25,20,20,34.41,38.4825,36.44625,39.725,32.73,,,,,,32.70666666666667,33.643333333333345,34.55666666666667,35.49333333333334,31.793333333333344,30.856666666666673,29.943333333333346,0,0,0,0,0,0,0,0,0,0,0,0,0,0,0,0,0,0,0,0,0,0,,,,,,,,,,,,,,,,,,USD,1.0,stock,30.25
2026-03-26,32.7,33.685,32.68,33.56,7591174,37.886,40.8222,,36.63731980301393,39.08363069454412,38.930030024615384,36.81600529679352,17.47259832366214,-2.404068994947572,-2.014651722062208,-0.389417272885364,1,1.8252285714285725,0.5,0.05,7658710.0,7250543.7,0.9911818047686882,1.0469799664816861,14.854771784232387,9.968482731096865,0.8599999999999994,0.125,0.020000000000003126,,0,-9.169606087645793,-12.890345649582837,-21.639451728247913,,0,,,2.535899786128959,-5.650829350576325,-21.826228744467734,45.195,-8.399413001714104,45.195,0,25,20,20,34.41,38.4825,36.44625,39.725,33.56,,,,,,33.30833333333334,33.936666666666675,34.31333333333334,34.94166666666668,32.93166666666667,32.303333333333335,31.92666666666667,0,0,0,0,0,0,0,0,0,0,0,0,0,0,0,0,0,0,0,0,0,0,,,,,,,,,,,,,,,,,,USD,1.0,stock,28.75
2026-03-27,33.45,33.61,31.89,32.0,8571133,37.242000000000004,40.5388,,36.19567029796498,38.80584125554239,38.79280170729627,36.768084846079155,16.188769414575845,-2.471490101235986,-2.1060193978969637,-0.3654707033390223,1,1.821300000000001,0.5,0.05,7885799.7,7379477.35,1.0869072669953816,1.1614823914325043,2.149532710280378,8.297518096363191,1.4500000000000028,0.1599999999999966,0.10999999999999943,,0,-13.111469681140564,-16.381250000000016,-26.683750000000007,,0,,,-4.648390941597147,-6.976744186046513,-28.698752228163993,45.195,-11.591635859830651,45.195,0,25,20,20,34.41,38.4825,36.44625,39.725,32.0,,,,,,32.5,33.11,34.22,34.83,31.39,30.78,29.67,0,0,0,0,0,0,0,0,0,0,0,0,0,0,0,0,0,0,0,0,0,0,,,,,,,,,,,,,,,,,,USD,1.0,stock,30.25
2026-03-30,32.4,32.7,31.63,31.8,6142804,36.602,40.2294,,35.77703503149212,38.53110238277603,38.65433038635971,36.71865116601867,27.045908183632704,-2.5121021919037076,-2.187235956698313,-0.3248662352053948,1,1.394514285714287,0.5,0.05,7741923.1,7505516.75,0.7934467858509212,0.8184385172413345,3.1365313653136857,6.713611953275483,0.5999999999999979,0.30000000000000426,0.1700000000000017,,0,-12.506399470101002,-15.100628930817598,-26.507547169811314,,0,,,-0.6249999999999978,-3.0783297775068608,-28.69955156950673,45.195,-11.116167194937763,45.195,0,25,20,20,34.339999999999996,38.4125,36.37625,39.655,31.8,,,,,,32.04333333333333,32.45666666666666,33.11333333333333,33.526666666666664,31.386666666666656,30.973333333333326,30.316666666666652,0,0,0,0,0,0,0,0,0,0,0,0,0,0,0,0,0,0,0,0,0,0,,,,,,,,,,,,,,,,,,USD,1.0,stock,28.5
2026-03-31,32.02,32.88,31.89,32.74,5341840,36.047999999999995,39.9692,,35.48779359992144,38.30400032854951,38.53721493316447,36.67906259720256,35.028790786948164,-2.4403070812655514,-2.2378501816117606,-0.20245689965379077,1,1.3995142857142866,0.5,0.05,7717037.3,7603645.05,0.6922138370382116,0.702536739270858,20.479704797048033,8.588589624214032,0.7199999999999989,0.14000000000000057,0.13000000000000256,,0,-8.392772143926196,-10.103848503359782,-22.080635308491136,,0,,,2.955974842767306,-0.7277137659187249,-25.285257873117295,45.195,-7.742926006894719,45.195,0,25,20,20,34.339999999999996,38.4125,36.37625,39.655,32.74,,,,,,32.50333333333334,33.116666666666674,33.49333333333334,34.106666666666676,32.12666666666667,31.513333333333335,31.13666666666667,0,0,0,0,0,0,0,0,0,0,0,0,0,0,0,0,0,0,0,0,0,0,,,,,,,,,,,,,,,,,,USD,1.0,stock,25.0
2026-04-01,32.42,34.26,32.23,33.95,5279005,35.495999999999995,39.733000000000004,,35.341337066595585,38.133255217626,38.44637899389389,36.651907745489105,47.0019342359768,-2.259723366876507,-2.24222481866471,-0.017498548211797083,1,1.4009428571428584,0.5,0.05,7763915.7,7693248.15,0.6799410508797771,0.6861867571501642,42.80442804428053,22.14022140221408,1.5300000000000011,0.30999999999999517,0.19000000000000483,,0,-4.0981945996924365,-4.5537555228276645,-17.033873343151697,,0,,,3.695784972510685,3.727467155514841,-24.53878639697711,44.84,-3.9368546356178062,44.84,0,25,20,20,33.6025,38.4125,36.0075,39.325,33.95,,,,,,33.48,34.73,35.51,36.76,32.699999999999996,31.449999999999996,30.669999999999995,0,0,0,0,0,0,0,0,0,0,0,0,0,0,0,0,0,0,0,0,0,0,,,,,,,,,,,,,,,,,,USD,1.0,stock,25.0
2026-04-02,34.19,35.19,33.79,35.11,4832139,35.088,39.53,,35.31930496501506,38.01469618948381,38.38031208312371,36.63656537986235,52.89982425307556,-1.9999529539862166,-2.1937704457290113,0.1938174917427946,1,1.4446285714285723,0.5,0.05,7674394.2,7748208.9,0.6296443568145093,0.6236459370629513,64.2066420664207,42.496924969249754,0.9200000000000017,0.0799999999999983,0.3999999999999986,,0,-0.596140601011272,0.06266021076615912,-12.589005981201943,,0,,,3.4167893961708273,4.618593563766371,-18.858331407441653,43.94,-0.5926078251607191,43.94,0,25,20,20,33.41,38.4125,35.911249999999995,39.08,35.11,,,,,,34.696666666666665,35.60333333333333,36.096666666666664,37.00333333333333,34.20333333333333,33.29666666666667,32.803333333333335,0,0,0,0,0,0,0,0,0,0,0,0,0,0,0,0,0,0,0,0,0,0,,,,,,,,,,,,,,,,,,USD,1.0,stock,25.0
2026-04-06,35.2,35.754,35.05,35.4,3679051,34.6755,39.3296,,35.3269902064422,37.91215908401386,38.321296002269776,36.6242612467294,52.81690140845071,-1.7505037364341476,-2.1051171038700387,0.3546133674358911,1,1.445628571428572,0.5,0.05,6708834.2,7693008.6,0.5483890181695055,0.4782330543605528,69.55719557195573,58.856088560885645,0.19999999999999574,0.3539999999999992,0.15000000000000568,,0,0.2062423546830553,2.046610169491523,-11.100564971751414,,0,,,0.8259755055539664,10.624999999999996,-18.900343642611684,43.82,0.2066685928553505,43.82,0,25,20,20,33.692,38.4125,36.05225,39.08,35.4,,,,,,35.40133333333333,35.75266666666667,36.105333333333334,36.45666666666667,35.04866666666667,34.69733333333333,34.34466666666667,0,0,0,0,0,0,0,0,0,0,0,0,0,0,0,0,0,0,0,0,0,0,,,,,,,,,,,,,,,,,,USD,1.0,stock,25.0
2026-04-07,36.79,36.98,35.28,36.31,7144784,34.325,39.134,,35.42061018678103,37.84932931601331,38.281468358660476,36.62113426915,55.6658395368073,-1.4625249621533598,-1.976598675526703,0.5140737133733433,1,1.489557142857143,0.5,0.05,6440538.8,7854506.95,1.109345696356957,0.9096413110946449,86.34686346863478,73.37023370233707,0.4799999999999969,0.18999999999999773,1.0300000000000011,,0,2.4494349028338447,5.466813549986227,-7.777471770862015,,0,,,2.5706214689265705,14.18238993710692,-16.181902123730374,42.47,2.5109387120352014,42.47,0,25,20,20,34.305,38.4125,36.35875,39.08,36.31,,,,,,36.19,37.099999999999994,37.88999999999999,38.79999999999999,35.4,34.49,33.7,0,0,0,0,0,0,0,0,0,0,0,0,0,0,0,0,0,0,0,0,0,0,,,,,,,,,,,,,,,,,,USD,1.0,stock,25.0
2026-04-08,37.1,37.38,36.53,37.28,6642286,34.369,38.954,,35.59769493089713,37.82700267616965,38.26163730205334,36.627690147068904,54.729729729729755,-1.142854697834757,-1.809849879988314,0.6669951821535571,1,1.4217000000000006,0.5,0.05,6284893.9,7279955.5,1.05686525591148,0.9124075002930994,98.26086956521738,84.72164286860264,0.17999999999999972,0.10000000000000142,0.5700000000000003,,0,4.512620893516293,7.808476394849789,-4.490343347639484,,0,,,2.6714403745524695,13.866829566279781,2.417582417582431,37.38,4.725882033565922,37.38,0,25,20,20,34.505,38.4125,36.45875,39.08,37.28,,,,,,37.06333333333333,37.596666666666664,37.913333333333334,38.446666666666665,36.74666666666666,36.21333333333333,35.89666666666666,0,0,0,0,0,0,0,0,0,0,0,0,0,0,0,0,0,0,0,0,0,0,,,,,,,,,,,,,,,,,,USD,1.0,stock,25.0
2026-04-09,37.25,37.75,36.97,37.55,3663891,34.4535,38.8744,,35.78362874700216,37.81613982612378,38.2475454742899,36.636867359535884,58.59374999999999,-0.8578383403448555,-1.6194475720596224,0.7616092317147669,1,1.367428571428572,0.5,0.05,5888810.7,6949513.55,0.6221784306973902,0.527215462440533,96.73202614379079,93.77991972588099,0.29999999999999716,0.20000000000000284,0.28000000000000114,,0,4.70405127296361,8.246338215712381,-3.5270306258322353,,0,,,0.7242489270386177,10.603829160530175,4.712771890685996,37.75,4.936255250931801,37.75,0,25,20,20,34.69,38.4125,36.551249999999996,39.08,37.55,,,,,,37.42333333333333,37.876666666666665,38.20333333333333,38.656666666666666,37.096666666666664,36.64333333333333,36.31666666666666,0,0,0,0,0,0,0,0,0,0,0,0,0,0,0,0,0,0,0,0,0,0,,,,,,,,,,,,,,,,,,USD,1.0,stock,25.0
2026-04-10,37.45,37.59,36.86,37.3,5145525,34.59,38.782399999999996,,35.92804505681148,37.79589904862873,38.22878219757129,36.64346569426687,63.679245283018865,-0.644702010797559,-1.4244984598072097,0.7797964490096507,1,1.3060000000000007,0.5,0.05,5644245.8,6651477.9,0.9116408431397514,0.7735912345134605,92.64705882352936,95.87998484417916,0.15000000000000568,0.14000000000000057,0.4399999999999977,,0,3.6781633865643966,7.265415549597839,-3.9742627345844466,,0,,,-0.665778961384822,6.237539162631722,7.897020538038757,37.75,3.81861841082393,37.75,0,25,20,20,34.69,38.235,36.4625,38.44,37.3,,,,,,37.25,37.64,37.980000000000004,38.370000000000005,36.91,36.519999999999996,36.17999999999999,0,0,0,0,0,0,0,0,0,0,0,0,0,0,0,0,0,0,0,0,0,0,,,,,,,,,,,,,,,,,,USD,1.0,stock,25.0
2026-04-13,36.85,37.63,36.42,37.47,4106451,34.741,38.6598,,36.07489790854372,37.78311869378055,38.213756807520376,36.65168991621447,75.38126361655772,-0.45680657299499927,-1.2309600824447675,0.7741535094497682,0,1.2331428571428575,0.5,0.05,5197777.6,6541788.65,0.7900397662262426,0.627726027192884,95.42483660130718,94.93464052287577,0.6199999999999974,0.1600000000000037,0.4299999999999997,,0,3.723250844559062,7.283159861222309,-3.1753402722177695,,0,,,0.4557640750670222,5.847457627118646,8.766328011611012,37.75,3.8672378089415864,37.75,0,25,20,20,34.82,37.785,36.302499999999995,38.4125,37.47,,,,,,37.17333333333334,37.92666666666668,38.38333333333334,39.13666666666668,36.716666666666676,35.96333333333334,35.506666666666675,0,0,0,0,0,0,0,0,0,0,0,0,0,0,0,0,0,0,0,0,0,0,,,,,,,,,,,,,,,,,,USD,1.0,stock,27.0
2026-04-14,37.59,38.2139,37.21,37.26,3016503,34.866,38.5386,,36.1877647743967,37.762604235200925,38.194870534104126,36.657742752869055,73.21041214750541,-0.3211414114916309,-1.0489963482541402,0.7278549367625093,0,1.2394928571428578,0.5,0.05,4885147.5,6313535.3,0.6174845283586626,0.4777835011075332,85.51162684730929,91.19450742404861,0.3300000000000054,0.623899999999999,0.04999999999999716,,0,2.8777112871800874,6.425120772946856,-3.4315619967794,,0,,,-0.5604483586869491,2.616359129716317,7.192174913693905,38.2139,2.9629772169899824,38.2139,0,25,20,20,35.22195,37.725,36.473475,38.4125,37.26,,,,,,37.561299999999996,37.91259999999999,38.5652,38.91649999999999,36.90869999999999,36.557399999999994,35.90479999999999,0,0,0,0,0,0,0,0,0,0,0,0,0,0,0,0,0,0,0,0,0,0,,,,,,,,,,,,,,,,,,USD,1.0,stock,27.0
2026-04-15,37.375,37.75,36.66,37.6,4057274,34.999,38.4346,,36.3222633673113,37.75622759852638,38.18309091956741,36.66711844687036,76.15467239527389,-0.18406880448480933,-0.8760108395002741,0.6919420350154648,0,1.1852071428571438,0.5,0.05,4756690.9,6236864.1,0.8529614568817158,0.6505310898148319,90.67573930345235,90.53740091735627,0.22500000000000142,0.14999999999999858,0.7150000000000034,,0,3.3982357252359057,6.917553191489359,-2.2196808510638344,,0,,,0.9125067096081629,0.8583690987124415,7.613050944476263,38.2139,3.5177781179754795,38.2139,0,25,20,20,36.00195,37.05,36.525975,38.4125,37.6,,,,,,37.336666666666666,38.013333333333335,38.42666666666667,39.10333333333334,36.92333333333333,36.24666666666666,35.83333333333333,0,0,0,0,0,0,0,0,0,0,0,0,0,0,0,0,0,0,0,0,0,0,,,,,,,,,,,,,,,,,,USD,1.0,stock,27.0
2026-04-16,37.52,39.13,37.46,39.0,6623844,35.141,38.3644,,36.57728590375785,37.80500298681947,38.19926733700172,36.690331198642795,77.53036437246962,0.03710282555740463,-0.6933881064887384,0.730490932046143,1,1.232707142857144,0.5,0.05,4891174.8,6327545.25,1.3542439742697399,1.046826808547912,98.26666666666664,91.48467760580941,1.4799999999999969,0.13000000000000256,0.060000000000002274,,0,6.212087426261931,9.8948717948718,1.6297435897435812,,0,,,3.7234042553191404,3.8615179760319585,7.853982300884965,39.13,6.6235480199837635,39.13,0,25,20,20,37.09,35.38,36.235,38.4125,39.0,,,,,,38.53,39.6,40.2,41.27,37.93,36.86,36.26,0,0,0,0,0,0,0,0,0,0,0,0,0,0,0,0,0,0,0,0,0,0,,,,,,,,,,,,,,,,,,USD,1.0,stock,27.0
2026-04-17,39.11,39.46,37.92,38.17,5467694,35.271,38.3086,,36.72897296054281,37.819316595179494,38.19868778577396,36.705054271293115,83.71584699453554,0.14375179125363502,-0.5259601269402637,0.6697119181938987,0,1.219850000000001,0.5,0.05,4954730.3,6314562.25,1.1035300952707758,0.8658864674269384,83.5249042145594,90.82243672822612,0.9399999999999977,0.3500000000000014,0.25,,0,3.7752869778810307,7.594969871626935,-0.3631123919308271,,0,,,-2.1282051282051184,2.332439678284204,7.309530503233064,39.46,3.9234068456127416,39.46,0,25,20,20,37.370000000000005,35.545,36.4575,38.4125,38.17,,,,,,38.516666666666666,39.11333333333333,40.056666666666665,40.65333333333333,37.57333333333333,36.97666666666667,36.03333333333333,0,0,0,0,0,0,0,0,0,0,0,0,0,0,0,0,0,0,0,0,0,0,,,,,,,,,,,,,,,,,,USD,1.0,stock,28.75
2026-04-20,38.41,39.05,38.07,38.31,3164095,35.4665,38.2764,,36.879546964300644,37.83855908164304,38.20089198803586,36.721023880533984,85.80858085808582,0.2368385673261315,-0.3734003880869847,0.6102389554131162,0,1.213421428571429,0.5,0.05,4903234.7,5806034.45,0.6453076782149547,0.54496662519803,84.80845442536331,88.86667510219644,0.09999999999999432,0.6400000000000006,0.240000000000002,,0,3.7338894171217905,7.422344035499866,0.08770555990602937,,0,,,0.3667801938695314,2.2417934347477964,11.36627906976746,39.46,3.87871639823568,39.46,0,25,20,20,37.94,35.545,36.7425,38.4125,38.31,,,,,,38.47666666666667,38.88333333333333,39.45666666666666,39.86333333333333,37.903333333333336,37.49666666666667,36.92333333333334,0,0,0,0,0,0,0,0,0,0,0,0,0,0,0,0,0,0,0,0,0,0,,,,,,,,,,,,,,,,,,USD,1.0,stock,28.75
2026-04-21,39.45,39.83,38.975,39.14,3657204,35.783,38.29,,37.09482820579582,37.889595980402135,38.21948818629258,36.74509329465803,85.6347438752784,0.37328161333932997,-0.22406398780172182,0.5973456011410518,0,1.24485,0.5,0.05,4554476.7,5497507.75,0.8029910439546216,0.6652476297100264,90.92105263157897,86.41813709050057,0.3100000000000023,0.37999999999999545,0.16499999999999915,,0,5.22527285182468,8.576903423607561,2.171691364333167,,0,,,2.1665361524406013,5.045625335480408,19.29289850655287,39.83,5.513361007787697,39.83,0,25,20,20,38.125,35.73,36.927499999999995,38.4125,39.14,,,,,,39.315000000000005,39.65500000000001,40.17,40.510000000000005,38.80000000000001,38.46000000000001,37.945000000000014,0,0,0,0,0,0,0,0,0,0,0,0,0,0,0,0,0,0,0,0,0,0,,,,,,,,,,,,,,,,,,USD,1.0,stock,28.75
2026-04-22,39.37,39.7,38.36,38.93,4507658,36.0805,38.3078,,37.26960647191051,37.93039613803342,38.23355772715807,36.766833659885314,81.203007518797,0.45917537744266923,-0.08741611475284362,0.5465914921955128,0,1.1955642857142859,0.5,0.05,4341013.9,5312953.9,1.038388289887761,0.8484278397371375,85.09933774834438,86.94294826842889,0.4399999999999977,0.3300000000000054,0.5700000000000003,,0,4.265074564833016,7.319547906498841,1.598253275109169,,0,,,-0.5365355135411365,3.5372340425531945,18.041237113402065,39.83,4.455087362784215,39.83,0,25,20,20,38.125,35.73,36.927499999999995,38.4125,38.93,,,,,,38.99666666666667,39.63333333333334,40.33666666666667,40.97333333333334,38.29333333333334,37.656666666666666,36.95333333333333,0,0,0,0,0,0,0,0,0,0,0,0,0,0,0,0,0,0,0,0,0,0,,,,,,,,,,,,,,,,,,USD,1.0,stock,28.75
2026-04-23,39.48,41.1,39.25,41.09,4994935,36.4985,38.337399999999995,,37.6334534745857,38.054302171836035,38.29012094048167,36.809850240383966,83.29621380846326,0.6935459860428068,0.06877630540628647,0.6247696806365204,1,1.2505642857142862,0.5,0.05,4474118.3,5181464.5,1.1164065554547362,0.9640006218319165,99.8347107438017,91.95170037457501,1.6100000000000065,0.00999999999999801,0.22999999999999687,,0,8.41213561794671,11.174251642735467,6.698953516670741,,0,,,5.548420241459029,5.358974358974367,25.542315918117954,41.1,9.184771011644065,41.1,0,25,20,20,38.760000000000005,36.365,37.5625,38.4125,41.09,,,,,,40.48,41.709999999999994,42.33,43.559999999999995,39.85999999999999,38.629999999999995,38.00999999999999,0,0,0,0,0,0,0,0,0,0,0,0,0,0,0,0,0,0,0,0,0,0,,,,,,,,,,,,,,,,,,USD,1.0,stock,28.75
2026-04-24,41.26,41.88,40.2,41.82,6473197,36.911500000000004,38.3652,,38.03217219129182,38.20197659646992,38.36001953571966,36.859702476798056,84.07643312101911,0.9274996425125153,0.24052097282753226,0.686978669684983,1,1.3202785714285719,0.5,0.05,4606885.5,5125565.65,1.40511349804548,1.2629234394841864,99.09090909090905,94.67498586101838,0.5600000000000023,0.060000000000002274,1.0599999999999952,,0,9.057455305375846,11.737207077953125,8.26111908177905,,0,,,1.7765879776101112,9.562483625884187,24.612634088200224,41.88,9.959535809988454,41.88,0,25,20,20,39.269999999999996,36.755,38.0125,38.4125,41.82,,,,,,41.300000000000004,42.400000000000006,42.980000000000004,44.080000000000005,40.720000000000006,39.620000000000005,39.040000000000006,0,0,0,0,0,0,0,0,0,0,0,0,0,0,0,0,0,0,0,0,0,0,,,,,,,,,,,,,,,,,,USD,1.0,stock,28.75
2026-04-27,41.78,44.115,41.68,43.51,9521589,37.487,38.451800000000006,,38.553870077835455,38.41013437700051,38.46199934689353,36.92587459145678,85.29411764705881,1.2350416851310868,0.43942511528824324,0.7956165698428436,1,1.3727785714285723,0.5,0.05,5148399.3,5173088.45,1.8494270636700616,1.840600463732647,92.13775178687455,97.02112387386175,1.7299999999999969,0.605000000000004,0.10000000000000142,,0,11.390783548987688,13.842794759825319,11.625373477361508,,0,,,4.041128646580572,13.573479509266505,35.96874999999999,44.115,12.855077615188137,44.115,0,25,20,20,40.3875,37.8725,39.13,38.4125,43.51,,,,,,43.10166666666667,44.52333333333333,45.53666666666667,46.958333333333336,42.08833333333333,40.666666666666664,39.65333333333333,0,0,0,0,0,0,0,0,0,0,0,0,0,0,0,0,0,0,0,0,0,0,,,,,,,,,,,,,,,,,,USD,1.0,stock,30.25
2026-04-28,44.8,49.9875,44.22,49.57,17226291,38.3755,38.631600000000006,,39.60302530851779,38.84777616613775,38.68195975586593,37.05168678457662,90.18966644865925,1.945337682223915,0.7406076286753777,1.2047300535485372,1,1.7590285714285723,0.5,0.05,6569378.1,5727262.8,2.6222103124190705,3.0077703087066303,96.92279344020639,96.05048477266332,4.770000000000003,0.4174999999999969,0.5799999999999983,,0,20.10686845164859,22.58321565462981,22.066572523703844,,0,,,13.92783268214204,26.64793050587635,55.88050314465409,49.9875,25.167205317868774,49.9875,0,25,20,20,43.723749999999995,40.808749999999996,42.26625,40.808749999999996,49.57,,,,,,47.92583333333334,51.631666666666675,53.693333333333335,57.39916666666667,45.86416666666668,42.15833333333334,40.09666666666668,0,0,0,0,0,0,0,0,0,0,0,0,0,0,0,0,0,0,0,0,0,0,,,,,,,,,,,,,,,,,,USD,1.0,stock,31.75
2026-04-29,50.58,54.62,50.4,53.98,17912327,39.4375,38.8866,,40.97226099342086,39.44119670864215,38.984891245848786,37.220127712093266,92.27997941327844,2.831463176445098,1.1587787382293218,1.6726844382157762,1,2.064028571428572,0.5,0.05,7954883.4,6355787.15,2.2517397300883126,2.818270432482938,96.48351648351648,95.18135390353247,3.3999999999999986,0.6400000000000006,0.17999999999999972,,0,24.097330504963203,26.940533530937376,27.961096702482397,,0,,,8.896509985878541,38.65913177498073,64.87477092241905,54.62,31.747671939968996,54.62,0,25,20,20,46.269999999999996,43.125,44.6975,43.125,53.98,,,,,,53.0,55.6,57.22,59.82,51.38,48.78,47.160000000000004,0,0,0,0,0,0,0,0,0,0,0,0,0,0,0,0,0,0,0,0,0,0,,,,,,,,,,,,,,,,,,USD,1.0,stock,31.75
2026-04-30,53.48,53.915,52.82,53.69,10929153,40.4245,39.099,,42.18347423214268,39.99997330830324,39.276081518208215,37.384007038341096,92.090395480226,3.4703197525278426,1.621086941089026,1.8492328114388166,1,2.0947428571428572,0.5,0.05,8385414.3,6638294.55,1.3033527753065224,1.6463796412890417,94.89010989010988,96.09880660461091,0.21000000000000085,0.22500000000000142,0.6599999999999966,,0,21.431413238698678,24.707580555038174,27.176382939094808,,0,,,-0.5372360133382714,30.664395229982944,58.14432989690719,54.62,27.27733070191183,54.62,0,25,20,20,46.345,43.125,44.735,43.125,53.69,,,,,,53.475,54.13,54.57,55.225,53.035000000000004,52.38,51.940000000000005,0,0,0,0,0,0,0,0,0,0,0,0,0,0,0,0,0,0,0,0,0,0,,,,,,,,,,,,,,,,,,USD,1.0,stock,31.75
2026-05-01,54.0,54.1,53.1701,53.34,5887824,41.336,39.2922,,43.246000495748135,40.52311160993841,39.55457495349122,37.54277313746208,90.381679389313,3.903380377635088,2.0775456283982385,1.8258347492368494,0,2.0747357142857146,0.5,0.05,8427427.3,6691078.8,0.6986502274543501,0.8799513764506853,92.87305122494435,94.74889253285691,0.6599999999999966,0.10000000000000142,0.1699000000000055,,0,18.923883585024125,22.50468691413574,26.336332958380204,,0,,,-0.6518904823989424,27.54662840746056,51.92252919396185,54.62,23.340885604541146,54.62,0,25,20,20,46.489999999999995,43.125,44.8075,43.125,53.34,,,,,,53.536699999999996,53.903299999999994,54.4666,54.8332,52.97339999999999,52.60679999999999,52.04349999999999,0,0,0,0,0,0,0,0,0,0,0,0,0,0,0,0,0,0,0,0,0,0,,,,,,,,,,,,,,,,,,USD,1.0,stock,31.75
2026-05-04,53.02,53.93,52.95,53.56,5328530,42.244,39.4986,,44.228286162819735,41.03436213503887,39.83191010292704,37.702148529129126,91.45473041709057,4.215739780466862,2.5051844588119634,1.7105553216548985,0,2.0730285714285714,0.5,0.05,8643870.8,6773552.75,0.6164518331301295,0.7866669378193002,94.09799554565704,93.95371888690374,0.5399999999999991,0.36999999999999744,0.07000000000000028,,0,17.42291605149415,21.1277072442121,26.253547423450335,,0,,,0.412448443944502,23.098138358997943,51.29943502824861,54.62,21.098972279475124,54.62,0,25,20,20,46.489999999999995,43.125,44.8075,43.125,53.56,,,,,,53.48,54.00999999999999,54.459999999999994,54.98999999999999,53.029999999999994,52.5,52.05,0,0,0,0,0,0,0,0,0,0,0,0,0,0,0,0,0,0,0,0,0,0,,,,,,,,,,,,,,,,,,USD,1.0,stock,31.75
2026-05-05,53.49,54.75,52.87,52.98,5033587,43.0775,39.6914,,45.06178271874166,41.50281852190009,40.092268318710666,37.85416695172486,88.64321608040201,4.3661553834778815,2.877378643745147,1.4887767397327343,0,2.1294571428571425,0.5,0.05,8781509.1,6667992.9,0.5732029589310567,0.7548878763803123,89.76286871023711,92.24463849361284,0.5100000000000051,1.259999999999998,0.10999999999999943,,0,14.945672482556315,18.691015477538688,25.08229520573801,,0,,,-1.0828976848394456,6.879160782731475,45.91021757091709,54.75,17.571913056970708,54.75,0,25,20,20,47.0,43.19,45.095,43.19,52.98,,,,,,53.53333333333333,54.196666666666665,55.413333333333334,56.07666666666667,52.31666666666666,51.65333333333333,50.43666666666666,0,0,0,0,0,0,0,0,0,0,0,0,0,0,0,0,0,0,0,0,0,0,,,,,,,,,,,,,,,,,,USD,1.0,stock,30.25
2026-05-06,52.59,55.67,52.0,55.33,7989119,43.980000000000004,39.9506,,46.0397081740996,42.045060932805974,40.3940055797263,38.02805583777735,89.16067146282974,4.621709996851443,3.2262449143664065,1.3954650824850368,0,2.2723142857142853,0.5,0.05,9129655.2,6735334.55,0.8750734638916047,1.1861502855860366,98.08450704225349,93.9817904327159,2.739999999999995,0.3400000000000034,0.5900000000000034,,0,16.79069551039291,20.513283932767024,27.79577082956804,,0,,,4.4356360890902335,2.5009262689885237,48.41738197424892,55.67,20.178867752091453,55.67,0,25,20,20,47.935,43.78,45.8575,43.65,55.33,,,,,,54.333333333333336,56.66666666666667,58.00333333333334,60.33666666666667,52.99666666666667,50.663333333333334,49.32666666666667,0,0,0,0,0,0,0,0,0,0,0,0,0,0,0,0,0,0,0,0,0,0,,,,,,,,,,,,,,,,,,USD,1.0,stock,31.75
2026-05-07,54.99,55.97,54.74,54.98,8815686,44.8515,40.1964,,46.89116453847107,42.552313445244955,40.682837152404986,38.196731899092995,91.2616593028964,4.741341560071746,3.5292642435074746,1.212077316564271,0,2.250171428571428,0.5,0.05,9511730.3,6992924.3,0.9268225361688398,1.2606580054069798,94.46927374301674,94.10554983183579,0.010000000000005116,0.9799999999999969,0.23999999999999488,,0,14.712323502235233,18.422153510367398,26.889050563841398,,0,,,-0.6325682270016286,2.402682063699002,46.418109187749664,55.97,17.250233687185528,55.97,0,25,20,20,48.825,44.099999999999994,46.4625,43.8,54.98,,,,,,55.23,55.71999999999999,56.459999999999994,56.94999999999999,54.489999999999995,54.0,53.26,0,0,0,0,0,0,0,0,0,0,0,0,0,0,0,0,0,0,0,0,0,0,,,,,,,,,,,,,,,,,,USD,1.0,stock,30.25
2026-05-08,55.2,56.3525,53.7,55.96,5296248,45.784499999999994,40.457,,47.75486315385477,43.078105074843194,40.98535522859499,38.37348083542043,91.6077322017916,4.859214248519876,3.7952542445099553,1.063960004009921,0,2.369635714285714,0.5,0.05,9394035.4,7000460.45,0.56378838001824,0.7565570918981479,97.81853550090317,96.79077209539112,0.759999999999998,0.3924999999999983,1.5,,0,14.66250329904437,18.183523945675496,27.703716940671907,,0,,,1.7824663514005135,4.911886014248212,50.026809651474544,56.3525,17.18178276359046,56.3525,0,25,20,20,50.286249999999995,45.07125,47.678749999999994,43.99125,55.96,,,,,,55.337500000000006,56.97500000000001,57.99,59.627500000000005,54.32250000000001,52.68500000000001,51.670000000000016,0,0,0,0,0,0,0,0,0,0,0,0,0,0,0,0,0,0,0,0,0,0,,,,,,,,,,,,,,,,,,USD,1.0,stock,30.25
2026-05-11,56.45,57.03,55.62,56.36,5959879,46.729,40.6866,,48.57439999634479,43.598963699359146,41.28980363990994,38.5524511753665,91.43407122232915,4.928097816409213,4.021822958889807,0.9062748575194064,0,2.3617785714285717,0.5,0.05,9037864.4,7093131.85,0.6594344345330075,0.8402323721079569,96.411355115158,96.23305478635929,0.09000000000000341,0.5799999999999983,0.740000000000002,,0,13.81405252600286,17.088360539389637,27.809439318665724,,0,,,0.7147962830593269,5.227781926811037,50.41366426474514,57.03,16.028195930862914,57.03,0,25,20,20,53.715,46.04,49.8775,44.33,56.36,,,,,,56.336666666666666,57.053333333333335,57.74666666666667,58.46333333333334,55.64333333333333,54.92666666666666,54.23333333333333,0,0,0,0,0,0,0,0,0,0,0,0,0,0,0,0,0,0,0,0,0,0,,,,,,,,,,,,,,,,,,USD,1.0,stock,30.25
2026-05-12,56.375,59.5,55.78,59.31,9427268,47.8315,40.9808,,49.596838091931,44.21508276997252,41.64663921139687,38.75899394974096,93.32482993197279,5.161233400181089,4.249705047148064,0.9115283530330256,1,2.531778571428571,0.5,0.05,8257962.1,7413670.1,1.1415973924123484,1.2716060834700482,99.06172839506173,97.76387300370762,2.9350000000000023,0.18999999999999773,0.5949999999999989,,0,16.37693796673243,19.35339740347328,30.90406339571742,,0,,,5.234208658623141,11.947904869762183,59.17874396135267,59.5,19.584236176638964,59.5,0,25,20,20,55.75,47.39,51.57,45.565,59.31,,,,,,58.196666666666665,60.61333333333333,61.916666666666664,64.33333333333333,56.89333333333333,54.47666666666667,53.17333333333333,0,0,0,0,0,0,0,0,0,0,0,0,0,0,0,0,0,0,0,0,0,0,,,,,,,,,,,,,,,,,,USD,1.0,stock,31.75
2026-05-13,59.32,59.74,58.03,58.81,6467832,48.892,41.28059999999999,,50.474282083175666,44.78743246526771,41.98650774186426,38.95850644775349,90.53064958828911,5.245185969800872,4.448801231678626,0.7963847381222457,0,2.4989214285714283,0.5,0.05,7113512.6,7534198.0,0.9092318188907124,0.8584632365647943,95.24053224155578,96.90453858392517,0.509999999999998,0.4200000000000017,0.7800000000000011,,0,14.173980474110417,16.864478830130928,29.806835572181615,,0,,,-0.8430281571404463,6.289535514187605,56.4095744680851,59.74,16.514782524470693,59.74,0,25,20,20,55.870000000000005,48.08,51.975,45.685,58.81,,,,,,58.86000000000001,59.69000000000001,60.57000000000001,61.40000000000001,57.98000000000001,57.150000000000006,56.27000000000001,0,0,0,0,0,0,0,0,0,0,0,0,0,0,0,0,0,0,0,0,0,0,,,,,,,,,,,,,,,,,,USD,1.0,stock,30.25
2026-05-14,58.77,59.35,58.17,58.7,5851790,49.877,41.55479999999999,,51.25768378953989,45.33302334898271,42.31746798459962,39.154939219417635,89.73634651600753,5.242411647197557,4.607523314782412,0.6348883324151444,0,2.4632071428571427,0.5,0.05,6605776.3,7495595.3,0.88585954689383,0.7806971649069688,94.24141749723145,96.18122604461632,0.07000000000000028,0.5799999999999983,0.5300000000000011,,0,12.678562539114333,15.030664395229984,29.208177172061344,,0,,,-0.18704301989457273,6.766096762459095,50.51282051282051,59.74,14.519415744608539,59.74,0,25,20,20,55.870000000000005,48.08,51.975,45.685,58.7,,,,,,58.74000000000001,59.31000000000002,59.92000000000001,60.490000000000016,58.13000000000002,57.56000000000001,56.95000000000002,0,0,0,0,0,0,0,0,0,0,0,0,0,0,0,0,0,0,0,0,0,0,,,,,,,,,,,,,,,,,,USD,1.0,stock,30.25
2026-05-15,58.49,59.34,57.81,58.27,4662709,50.882,41.8548,,51.92552342863133,45.84035576666966,42.63335970767685,39.34513882917467,86.93693693693695,5.146193455446266,4.715257342915184,0.4309361125310822,0,2.3985642857142855,0.5,0.05,6483264.8,7455346.05,0.7191915098084534,0.6254181856521603,90.52835051546393,93.33676675141704,0.21999999999999886,0.8500000000000014,0.46000000000000085,,0,10.888066880673886,12.67890852926035,28.170928436588305,,0,,,-0.7325383304940369,4.127948534667625,52.6591564055541,59.74,12.218416209301761,59.74,0,25,20,20,55.870000000000005,48.08,51.975,45.685,58.27,,,,,,58.473333333333336,59.13666666666667,60.00333333333334,60.66666666666667,57.60666666666667,56.943333333333335,56.07666666666667,0,0,0,0,0,0,0,0,0,0,0,0,0,0,0,0,0,0,0,0,0,0,,,,,,,,,,,,,,,,,,USD,1.0,stock,30.25
2026-05-18,58.11,58.75,57.22,58.23,4428984,51.878,42.14639999999999,,52.52594976876168,46.32622416797673,42.942204069901074,39.53304789555105,81.01719197707733,5.00897186982408,4.7740002482969635,0.2349716215271167,0,2.0451714285714284,0.5,0.05,6393310.2,7518590.5,0.692752871587554,0.5890710499527804,83.83297644539608,89.53424815269716,0.11999999999999744,0.5200000000000031,0.8900000000000006,,0,9.795724250795672,10.908466426240764,27.62081401339517,,0,,,-0.06864595846920452,3.317955997161093,51.996867658574764,59.74,10.859489940400167,59.74,0,25,20,20,55.870000000000005,48.08,51.975,45.685,58.23,,,,,,58.06666666666666,58.91333333333333,59.596666666666664,60.44333333333333,57.383333333333326,56.53666666666666,55.853333333333325,0,0,0,0,0,0,0,0,0,0,0,0,0,0,0,0,0,0,0,0,0,0,,,,,,,,,,,,,,,,,,USD,1.0,stock,28.75
2026-05-19,58.07,59.4299,57.43,59.15,4449642,52.878499999999995,42.463,,53.15681169554628,46.82911733786,43.26315052396244,39.72824144882915,74.68958930276979,4.917770093398445,4.8027542173172595,0.11501587608118591,0,1.827307142857143,0.5,0.05,6334915.7,7558212.4,0.7023995599499453,0.5887161890290354,92.3772609819121,88.9128626475907,1.0799999999999983,0.2799000000000049,0.6400000000000006,,0,10.13218648259293,10.602704987320378,28.21132713440405,,0,,,1.579941610853508,-0.26976901028494815,51.12416964741951,59.74,11.274544340205141,59.74,0,25,20,20,56.72,48.2,52.46,45.685,59.15,,,,,,58.669966666666674,59.90993333333335,60.66986666666668,61.90983333333335,57.910033333333345,56.67006666666667,55.91013333333334,0,0,0,0,0,0,0,0,0,0,0,0,0,0,0,0,0,0,0,0,0,0,,,,,,,,,,,,,,,,,,USD,1.0,stock,28.5
2026-05-20,60.07,60.76,57.93,58.28,3111677,53.846000000000004,42.900600000000004,,53.64473439120854,47.278171559904706,43.560513879923576,39.91283606127862,70.76923076923076,4.720871036729939,4.786377581199796,-0.06550654446985682,0,1.9465928571428575,0.5,0.05,5847171.5,7488413.35,0.5321679037462814,0.4155322168480457,71.689497716895,82.63324504806774,1.7899999999999991,0.6899999999999977,0.3500000000000014,,0,7.953441332861125,7.608098833218939,26.388812628689077,,0,,,-1.47083685545224,-0.9012072776738655,49.70459799640381,60.76,8.640672120749853,60.76,0,25,20,20,57.230000000000004,48.709999999999994,52.97,46.195,58.28,,,,,,58.99,60.050000000000004,61.82,62.88,57.220000000000006,56.160000000000004,54.39000000000001,0,0,0,0,0,0,0,0,0,0,0,0,0,0,0,0,0,0,0,0,0,0,,,,,,,,,,,,,,,,,,USD,1.0,stock,27.0
2026-05-21,57.74,58.65,57.48,57.77,3345178,54.68000000000001,43.3388,,54.037616830141054,47.68961581245746,43.84188984269736,40.09051928454948,69.75914362176624,4.472122533223512,4.723526571604539,-0.2514040383810272,0,1.9637428571428575,0.5,0.05,5300120.7,7405925.5,0.6311512867999403,0.45168939385091034,65.86757990867585,76.64477953582765,0.030000000000001137,0.8799999999999955,0.2600000000000051,,0,6.460763666018606,5.348796953436033,24.980439674571585,,0,,,-0.8750857927247724,-1.5843270868824533,40.59381844731078,60.76,6.907009207291879,60.76,0,25,20,20,58.19,49.11,53.65,46.195,57.77,,,,,,57.96666666666667,58.45333333333334,59.13666666666667,59.62333333333334,57.28333333333334,56.79666666666667,56.11333333333334,0,0,0,0,0,0,0,0,0,0,0,0,0,0,0,0,0,0,0,0,0,0,,,,,,,,,,,,,,,,,,USD,1.0,stock,25.0
2026-05-22,58.39,59.2,58.11,59.14,2917631,55.54600000000001,43.8302,,54.52355808441334,48.13865048647874,44.144822717099395,40.28006635634501,72.57281553398056,4.335557494485151,4.645932756180661,-0.3103752616955102,0,1.9958857142857147,0.5,0.05,5062259.0,7228147.2,0.5763496099271096,0.40364853112011884,81.50684931506851,73.02130898021312,0.75,0.060000000000002274,0.28000000000000114,,0,7.805955217427566,6.077105174162993,25.88738586405141,,0,,,2.37147308291501,1.4930495967049984,41.41559062649449,60.76,8.466875746515827,60.76,0,25,20,20,58.269999999999996,49.34,53.805,46.195,59.14,,,,,,58.81666666666666,59.523333333333326,59.906666666666666,60.61333333333333,58.43333333333332,57.72666666666666,57.34333333333332,0,0,0,0,0,0,0,0,0,0,0,0,0,0,0,0,0,0,0,0,0,0,,,,,,,,,,,,,,,,,,USD,1.0,stock,27.0
2026-05-26,58.98,59.23,56.74,57.21,4260051,56.230999999999995,44.2854,,54.77940969542159,48.49438968308741,44.403539098939014,40.448523407525656,65.42669584245077,4.025193917188886,4.521784988382307,-0.4965910711934205,0,2.0394571428571426,0.5,0.05,4892276.2,6965070.3,0.870770746753832,0.6116307253926784,59.47488584474888,68.94977168949775,1.769999999999996,0.25,0.46999999999999886,,0,4.248540997340341,1.711239293829761,22.591504981646562,,0,,,-3.2634426783902604,-1.7516743946419333,31.48701447943003,60.76,4.4370509249601415,60.76,0,25,20,20,58.75,49.415,54.082499999999996,46.195,57.21,,,,,,57.72666666666667,58.71333333333333,60.21666666666666,61.203333333333326,56.223333333333336,55.23666666666667,53.73333333333334,0,0,0,0,0,0,0,0,0,0,0,0,0,0,0,0,0,0,0,0,0,0,,,,,,,,,,,,,,,,,,USD,1.0,stock,25.0
2026-05-27,58.09,58.84,57.78,58.82,3201093,56.69349999999999,44.76660000000001,,55.164227819667154,48.8993155778683,44.68901357222735,40.63132416963983,63.45412490362376,3.864593462985951,4.390346683303036,-0.5257532203170845,0,1.8937428571428572,0.5,0.05,4269658.7,6263810.4,0.7497304175624154,0.5110456408450677,72.52124645892353,71.1676605395803,0.7299999999999969,0.020000000000003126,0.3100000000000023,,0,6.2151856177029,3.6152669160149733,23.89221353281195,,0,,,2.8141933228456484,-0.5579036348267064,18.660480129110347,60.76,6.627070340372806,60.76,0,25,20,20,58.75,49.56,54.155,46.195,58.82,,,,,,58.48,59.17999999999999,59.54,60.239999999999995,58.11999999999999,57.419999999999995,57.05999999999999,0,0,0,0,0,0,0,0,0,0,0,0,0,0,0,0,0,0,0,0,0,0,,,,,,,,,,,,,,,,,,USD,1.0,stock,25.0
2026-05-28,58.96,59.97,58.84,58.91,3448792,56.94,45.246,,55.520968027317906,49.29189143755974,44.970617263866416,40.8132015410862,65.46026750590087,3.7019054323370852,4.252658433109846,-0.5507530007727608,0,1.8880285714285716,0.5,0.05,3967754.7,5540633.65,0.8692049435414946,0.6224544371382503,73.79603399433424,68.59738876600223,0.05000000000000426,1.009999999999998,0.06999999999999318,,0,5.752897594096233,3.3440841962315377,23.194703785435404,,0,,,0.1530091805508338,1.0809883321894143,9.133012226750647,60.76,6.104057787707502,60.76,0,25,20,20,58.75,49.56,54.155,46.195,58.91,,,,,,59.24,59.64,60.37,60.769999999999996,58.510000000000005,58.11000000000001,57.38000000000001,0,0,0,0,0,0,0,0,0,0,0,0,0,0,0,0,0,0,0,0,0,0,,,,,,,,,,,,,,,,,,USD,1.0,stock,25.0
2026-05-29,58.645,59.77,58.52,59.6,7905901,57.2355,45.7148,,55.90944726281144,49.696130989027985,45.260308011116585,41.00013485908534,64.65378421900161,3.5872990786112027,4.1195865622101175,-0.5322874835989149,1,1.7878500000000004,0.5,0.05,4173165.8,5389471.05,1.894461274459788,1.4669159415931923,77.43190661478606,74.5830623560146,0.9549999999999983,0.1700000000000017,0.125,,0,6.192202579175438,3.96728187919463,23.297315436241618,,0,,,1.1712782210151262,3.167734118054355,11.007636431365242,60.76,6.600946562466479,60.76,0,25,20,20,58.75,50.004999999999995,54.3775,46.195,59.6,,,,,,59.296666666666674,60.073333333333345,60.546666666666674,61.323333333333345,58.823333333333345,58.046666666666674,57.573333333333345,0,0,0,0,0,0,0,0,0,0,0,0,0,0,0,0,0,0,0,0,0,0,,,,,,,,,,,,,,,,,,USD,1.0,stock,25.0
2026-06-01,59.9,62.095,59.47,62.0,5742956,57.668499999999995,46.2434,,56.489499904448444,50.178635656124925,45.5917870604014,41.20908874108449,69.55617198335645,3.648079866106748,4.025285222989444,-0.37720535688269585,1,1.8746357142857144,0.5,0.05,4281190.5,5382227.65,1.3414390226270005,1.0670221279101786,98.49564528899448,83.2411952993716,2.1000000000000014,0.09499999999999886,0.4299999999999997,,0,8.887903379921864,6.986290322580654,25.413870967741936,,0,,,4.026845637583887,4.835982414609408,16.235470566179224,62.095,9.754910390200878,62.095,0,25,20,20,59.417500000000004,51.1475,55.2825,46.8625,62.0,,,,,,61.18833333333333,62.906666666666666,63.81333333333333,65.53166666666667,60.281666666666666,58.56333333333333,57.656666666666666,0,0,0,0,0,0,0,0,0,0,0,0,0,0,0,0,0,0,0,0,0,0,,,,,,,,,,,,,,,,,,USD,1.0,stock,25.0
2026-06-02,61.895,62.0,59.54,59.99,3798101,57.989999999999995,46.7552,,56.82288086592954,50.56339504215924,45.87690018791821,41.39596347997918,52.52225519287834,3.4937847011405054,3.9189851186196565,-0.42520041747915105,0,1.7846357142857145,0.5,0.05,4218102.2,5305706.2,0.9004288705949325,0.715852114088036,60.69094304388425,78.8728316492216,1.9050000000000011,0.10499999999999687,0.45000000000000284,,0,5.279411792082782,3.3338889814969277,22.061676946157693,,0,,,-3.2419354838709613,4.859290333857724,12.00522778192681,62.095,5.573668715500546,62.095,0,25,20,20,59.417500000000004,51.8875,55.6525,46.8625,59.99,,,,,,60.51,61.48,62.97,63.94,59.019999999999996,58.05,56.559999999999995,0,0,0,0,0,0,0,0,0,0,0,0,0,0,0,0,0,0,0,0,0,0,,,,,,,,,,,,,,,,,,USD,1.0,stock,25.0
2026-06-03,60.22,60.5,58.23,59.55,3922237,58.31849999999999,47.29,,57.08260649774577,50.91581092285888,46.1476546396426,41.576600659282875,52.75707898658717,3.297983250512935,3.7947847449983123,-0.49680149448537714,0,1.8246357142857146,0.5,0.05,4165361.7,5250138.7,0.9416317915440572,0.747073024946941,52.474323062558305,70.55363713181235,0.6700000000000017,0.28000000000000114,1.3200000000000003,,0,4.143397988672083,2.0680100755667574,20.587741393786732,,0,,,-0.7334555759293315,1.2410744644678617,12.400906002265,62.095,4.322496209684581,62.095,0,25,20,20,59.417500000000004,53.1575,56.2875,46.8625,59.55,,,,,,59.426666666666655,60.62333333333331,61.69666666666666,62.89333333333332,58.35333333333331,57.15666666666665,56.08333333333331,0,0,0,0,0,0,0,0,0,0,0,0,0,0,0,0,0,0,0,0,0,0,,,,,,,,,,,,,,,,,,USD,1.0,stock,25.0
2026-06-04,60.96,63.5,60.96,62.7,5835943,58.687,47.88440000000001,,57.617596355103316,51.377935984707555,46.47542385469918,41.78678373729996,62.15066828675577,3.35827575215216,3.707482946429082,-0.34920719427692193,1,2.0224928571428578,0.5,0.05,4437788.3,5142479.9,1.3150566465732492,1.1348499388398192,88.16568047337283,67.11031552660513,1.740000000000002,0.7999999999999972,0.0,,0,8.105906929659787,6.400318979266356,23.62934609250398,,0,,,5.289672544080615,6.433542692242411,13.320079522862827,63.5,8.820922715299155,63.5,0,25,20,20,60.120000000000005,56.95,58.535000000000004,47.565,62.7,,,,,,62.38666666666668,63.813333333333354,64.92666666666668,66.35333333333335,61.273333333333355,59.84666666666668,58.733333333333356,0,0,0,0,0,0,0,0,0,0,0,0,0,0,0,0,0,0,0,0,0,0,,,,,,,,,,,,,,,,,,USD,1.0,stock,25.0
2026-06-05,62.645,62.96,61.695,62.33,3961192,59.054500000000004,48.476400000000005,,58.06639670223633,51.807428691189614,46.789375857576424,41.99119384936664,62.37804878048778,3.337726848853521,3.63353172691397,-0.2958048780604492,1,2.0035642857142864,0.5,0.05,4499389.7,4899755.2,0.8803842885625133,0.8084469199604094,82.69230769230766,74.44410374274626,0.31500000000000483,0.3149999999999977,0.634999999999998,,0,6.840371085775174,5.255093855286369,22.226215305631307,,0,,,-0.5901116427432296,4.580536912751665,13.368497635503829,63.5,7.342634535473872,63.5,0,25,20,20,60.120000000000005,57.75,58.935,47.565,62.33,,,,,,62.32833333333334,62.96166666666668,63.59333333333334,64.22666666666669,61.69666666666668,61.06333333333334,60.43166666666668,0,0,0,0,0,0,0,0,0,0,0,0,0,0,0,0,0,0,0,0,0,0,,,,,,,,,,,,,,,,,,USD,1.0,stock,25.0
2026-06-08,62.32,65.8,62.0,65.03,7024755,59.508,49.1058,,58.729597016309064,52.32596089937825,47.15057633564422,42.22043570161175,67.83840503672613,3.4989751229203563,3.606620406115247,-0.10764528319489086,1,2.1657071428571433,0.5,0.05,4910102.1,4986180.55,1.430673916128954,1.408844892309405,91.50110375275942,87.45303063947996,2.710000000000001,0.769999999999996,0.3200000000000003,,0,9.688456072106623,8.491465477471934,24.487467322774105,,0,,,4.331782448259269,4.8870967741935445,16.208005718370266,65.8,10.727815792676614,65.8,0,25,20,20,61.79,58.9,60.345,48.714999999999996,65.03,,,,,,64.27666666666666,66.55333333333331,68.07666666666665,70.35333333333331,62.753333333333316,60.47666666666666,58.95333333333332,0,0,0,0,0,0,0,0,0,0,0,0,0,0,0,0,0,0,0,0,0,0,,,,,,,,,,,,,,,,,,USD,1.0,stock,25.0
2026-06-09,65.1,66.55,64.1014,66.21,5435748,60.00050000000001,49.79,40.8591,59.442016348089155,52.87043302097126,47.527990665631464,42.45913783393402,68.27122153209109,3.6795659345348852,3.621209511799175,0.05835642273571029,1,2.1977571428571427,0.5,0.05,5027671.8,4959974.0,1.081166037926342,1.095922680239856,96.53414882772678,90.2425200909313,1.1099999999999994,0.3400000000000034,0.9985999999999962,,0,10.221996151504062,9.37849267482251,24.799879172330456,38.288627095604895,0,,,1.8145471320928586,10.36839473245539,17.47693399574166,66.55,11.385858131524177,66.55,0,25,20,20,62.39,59.275,60.832499999999996,49.089999999999996,66.21,,,,,,65.62046666666667,67.13953333333335,68.06906666666667,69.58813333333335,64.69093333333335,63.17186666666667,62.24233333333335,0,0,0,0,0,0,0,0,0,0,0,0,0,0,0,0,0,0,0,0,0,0,,,,,,,,,,,,,,,,,,USD,1.0,stock,26.5
2026-06-10,66.455,66.52,63.8,65.34,5852341,60.302,50.4608,41.03875,60.00372907684257,53.359435647599845,47.88070372175758,42.686808104243134,68.2712215320911,3.7097203774290506,3.63891168492515,0.07080869250390043,1,2.1899,0.5,0.05,5292796.6,4781227.65,1.1057180999549463,1.2240247543954532,87.66564729867487,91.90029995972036,1.1149999999999949,0.06499999999999773,1.5400000000000063,,0,8.166928257051477,7.710437710437716,22.771962044689325,37.19199571472299,0,,,-1.314000906207502,9.722921914357684,10.16691957511382,66.55,8.89323214616153,66.55,0,25,20,20,62.39,59.275,60.832499999999996,49.089999999999996,65.34,,,,,,65.22,66.64,67.94,69.36,63.92,62.5,61.2,0,0,0,0,0,0,0,0,0,0,0,0,0,0,0,0,0,0,0,0,0,0,,,,,,,,,,,,,,,,,,USD,1.0,stock,25.0
2026-06-11,65.34,65.5,63.12,63.54,6336804,60.5385,51.076800000000006,41.21105000000001,60.340516783809946,53.75867346534103,48.19078879657425,42.89430255096708,63.998059194565734,3.547479893913902,3.6206253267229007,-0.07314543280899866,0,2.2763285714285715,0.5,0.05,5581597.8,4774676.25,1.1353028697266578,1.3271693551997374,69.31702344546382,84.50560652395517,1.8000000000000043,0.1599999999999966,0.4200000000000017,,0,5.035384350314846,4.723796033994335,19.614730878186958,35.14156436890147,0,,,-2.754820936639124,1.3397129186602852,8.042849855466748,66.55,5.3023795398592135,66.55,0,25,20,20,62.39,59.275,60.832499999999996,49.089999999999996,63.54,,,,,,64.05333333333333,64.98666666666665,66.43333333333334,67.36666666666666,62.606666666666655,61.673333333333325,60.22666666666665,0,0,0,0,0,0,0,0,0,0,0,0,0,0,0,0,0,0,0,0,0,0,,,,,,,,,,,,,,,,,,USD,1.0,stock,25.0
2026-06-12,64.19,65.91,63.27,65.19,4784505,60.863,51.7016,41.393699999999995,60.802372328209,54.206960780425696,48.527406840206446,43.11615028677836,64.48061273336523,3.5115652143061453,3.59881330423955,-0.0872480899334045,0,2.3627571428571423,0.5,0.05,5269458.2,4721312.0,0.9079690583749198,1.0133846269850415,86.13659531090724,81.03975535168199,1.0,0.7199999999999989,0.9199999999999946,,0,6.730522582897676,6.637521092192052,20.69090351280871,36.50299125632766,0,,,2.596789423984891,4.588480667415373,11.05621805792163,66.55,7.216211315089384,66.55,0,25,20,20,62.39,60.125,61.2575,49.22,65.19,,,,,,64.79,66.31,67.43,68.95,63.670000000000016,62.15000000000001,61.03000000000002,0,0,0,0,0,0,0,0,0,0,0,0,0,0,0,0,0,0,0,0,0,0,,,,,,,,,,,,,,,,,,USD,1.0,stock,25.0
2026-06-15,64.62,65.1136,62.205,63.4,6468484,61.119499999999995,52.26740000000001,41.566500000000005,61.04976543980815,54.567472122369786,48.82191363544988,43.31797963715867,64.9156626506024,3.300617072570077,3.5391740579056554,-0.23855698533557845,0,2.3981142857142856,0.5,0.05,5342011.0,4811600.75,1.210870587874117,1.344351773159899,64.08209806157355,73.1785722726482,1.220000000000006,0.4936000000000007,1.1950000000000003,,0,3.7069945744350954,3.5970031545741383,17.559305993690835,34.437697160883275,0,,,-2.7458199110293013,-2.5065354451791477,8.803844173674257,66.55,3.8497028502248023,66.55,0,25,20,20,62.39,60.125,61.2575,49.39,63.4,,,,,,63.57286666666667,64.94073333333334,66.48146666666668,67.84933333333335,62.032133333333334,60.66426666666666,59.12353333333333,0,0,0,0,0,0,0,0,0,0,0,0,0,0,0,0,0,0,0,0,0,0,,,,,,,,,,,,,,,,,,USD,1.0,stock,25.0
2026-06-16,63.23,63.88,60.53,61.39,6163070,61.277499999999996,52.787200000000006,41.73155,61.08216873125499,54.83502223521803,49.0707866327677,43.497800735296394,56.07565011820332,2.9373885618359026,3.418816958691705,-0.48142839685580263,0,2.5209714285714284,0.5,0.05,5578507.9,4898305.05,1.1047882535041313,1.2582046110011054,37.98076923076927,62.73315420108336,1.8399999999999963,0.6500000000000057,0.8599999999999994,,0,0.501435524914501,0.18325460172667252,14.013357224303624,32.02223489167617,0,,,-3.170347003154572,-7.2798670895634965,5.426755967714247,66.55,0.5039625722842069,66.55,0,25,20,20,63.54,61.084999999999994,62.3125,50.17,61.39,,,,,,61.93333333333334,63.33666666666667,65.28333333333333,66.68666666666667,59.98666666666667,58.583333333333336,56.63666666666667,0,0,0,0,0,0,0,0,0,0,0,0,0,0,0,0,0,0,0,0,0,0,,,,,,,,,,,,,,,,,,USD,1.0,stock,25.0
2026-06-17,61.48,62.41,59.9,60.64,5710756,61.35200000000001,53.2738,41.88955,61.040057423516416,55.06266842207222,49.2998799667723,43.66836988220887,53.96607060981202,2.559504246453443,3.246954416244053,-0.6874501697906101,0,2.6181142857142854,0.5,0.05,5757359.8,4961360.75,0.9919053521720147,1.1510463132518634,28.966346153846196,43.676404482063,0.8399999999999963,0.9299999999999997,0.740000000000002,,0,-0.6597253026326108,-1.174142480211099,12.147427440633244,30.92092678100264,0,,,-1.2216973448444413,-7.1931435567799245,2.5190194420963596,66.55,-0.6554014534106389,66.55,0,25,20,20,63.224999999999994,61.165,62.19499999999999,50.8,60.64,,,,,,60.98333333333333,62.066666666666656,63.493333333333325,64.57666666666665,59.55666666666666,58.47333333333333,57.04666666666666,0,0,0,0,0,0,0,0,0,0,0,0,0,0,0,0,0,0,0,0,0,0,,,,,,,,,,,,,,,,,,USD,1.0,stock,25.0
2026-06-18,61.145,61.975,60.365,61.02,11845954,61.48900000000001,53.748599999999996,42.046549999999996,61.03814719270533,55.29628926826547,49.531961551588694,43.8410229182068,53.30232558139536,2.2645862871486315,3.050480790424969,-0.7858945032763374,0,2.643828571428571,0.5,0.05,6358360.9,5398074.6,1.8630515295223333,2.1944776383786917,33.53365384615392,33.493589743589794,0.125,0.8299999999999983,0.6550000000000011,,0,-0.02973974550201254,-0.7686004588659592,11.916420845624396,31.093821697804007,0,,,0.6266490765171495,-3.966005665722372,4.701441317776256,66.55,-0.029730903606944387,66.55,0,25,20,20,63.224999999999994,61.644999999999996,62.434999999999995,50.915,61.02,,,,,,61.120000000000005,61.87500000000001,62.730000000000004,63.48500000000001,60.26500000000001,59.510000000000005,58.65500000000001,0,0,0,0,0,0,0,0,0,0,0,0,0,0,0,0,0,0,0,0,0,0,,,,,,,,,,,,,,,,,,USD,1.0,stock,25.0
2026-06-22,62.0,64.095,61.98,63.68,4859414,61.784499999999994,54.2712,42.21465,61.28975222197149,55.62506223813742,49.812120728784954,44.038425675239566,53.86029411764706,2.2199116889793444,2.8843669701358445,-0.6644552811565001,1,2.6759714285714282,0.5,0.05,6448183.1,5473786.4,0.7536098036670206,0.8877609838776317,65.50480769230772,42.66826923076928,1.6799999999999997,0.41499999999999915,0.020000000000003126,,0,3.753529802180448,2.9766017587939784,14.775125628140703,33.708150125628144,0,,,4.359226483120282,-2.3163061819297392,10.230223299290287,66.55,3.8999142456504177,66.55,0,25,20,20,63.224999999999994,61.644999999999996,62.434999999999995,51.485,63.68,,,,,,63.251666666666665,64.52333333333334,65.36666666666667,66.63833333333334,62.40833333333333,61.13666666666666,60.29333333333333,0,0,0,0,0,0,0,0,0,0,0,0,0,0,0,0,0,0,0,0,0,0,,,,,,,,,,,,,,,,,,USD,1.0,stock,25.0
2026-06-23,63.615,64.25,63.14,63.14,4990883,61.984500000000004,54.788000000000004,42.387100000000004,61.465966296069446,55.91976567977909,50.076039130195156,44.22849109140634,57.76244455396746,2.116535161194527,2.7308006083475815,-0.6142654471530546,1,2.5795428571428567,0.5,0.05,6244795.9,5577449.0,0.7992067442908742,0.8948325659275415,59.014423076923116,52.68429487179492,0.4750000000000014,0.634999999999998,0.0,,0,2.6513045675175078,1.8300601837187145,13.227747861894198,32.8680709534368,0,,,-0.8479899497487398,-0.4100946372239678,6.763611768684474,66.55,2.7235131973148583,66.55,0,25,20,20,63.209999999999994,61.644999999999996,62.427499999999995,51.485,63.14,,,,,,63.51,63.879999999999995,64.62,64.99,62.769999999999996,62.4,61.66,0,0,0,0,0,0,0,0,0,0,0,0,0,0,0,0,0,0,0,0,0,0,,,,,,,,,,,,,,,,,,USD,1.0,stock,25.0
2026-06-24,63.8,63.96,61.715,62.97,5275137,62.2725,55.297999999999995,42.55705,61.60920760120569,56.19624545704266,50.33136508801307,44.41497376711374,58.54145854145855,1.9978608427170315,2.5842126552214717,-0.5863518125044402,1,2.5777571428571417,0.5,0.05,6228734.8,5628203.3,0.8469034514039673,0.9372683819008457,46.165413533834595,56.89488143435514,0.8299999999999983,0.1600000000000037,1.2549999999999955,,0,2.161016990303811,1.1076703191996158,12.183579482293162,32.4169445767826,0,,,-0.2692429521697792,2.573709073138941,10.068169900367074,66.55,2.208748418909512,66.55,0,25,20,20,62.905,61.644999999999996,62.275,51.485,62.97,,,,,,62.88166666666667,64.04833333333333,65.12666666666667,66.29333333333332,61.803333333333335,60.63666666666667,59.55833333333334,0,0,0,0,0,0,0,0,0,0,0,0,0,0,0,0,0,0,0,0,0,0,,,,,,,,,,,,,,,,,,USD,1.0,stock,25.0
2026-06-25,62.76,65.635,62.76,64.77,5803979,62.57000000000001,55.8482,42.7367,61.910235448709905,56.532471125393926,50.61727865062667,44.61751134157032,55.54365291912157,2.0257044867279177,2.472511021522761,-0.4468065347948431,1,2.500971428571428,0.5,0.05,6223898.6,5758347.6,0.9325310987553685,1.0079243913653286,73.2330827067669,59.47097310584153,2.009999999999998,0.8650000000000091,0.0,,0,4.415261002454981,3.396634244248863,13.774587000154389,34.017755133549485,0,,,2.8585040495473946,6.810686015831124,10.115606936416178,66.55,4.619211234722712,66.55,0,25,20,20,62.905,61.644999999999996,62.275,51.485,64.77,,,,,,64.38833333333334,66.01666666666668,67.26333333333335,68.89166666666668,63.141666666666666,61.51333333333333,60.26666666666666,0,0,0,0,0,0,0,0,0,0,0,0,0,0,0,0,0,0,0,0,0,0,,,,,,,,,,,,,,,,,,USD,1.0,stock,25.0
2026-06-26,65.125,65.76,64.71,65.73,5803719,62.911,56.4108,42.91004999999999,62.27402254883277,56.89315853224122,50.91654045952515,44.82758585558455,58.826583592938746,2.101015552699657,2.39821192775814,-0.29719637505848295,1,2.4856142857142856,0.5,0.05,6170590.1,5876093.95,0.9405452162508737,0.9876831530237872,87.66917293233094,69.02255639097747,0.605000000000004,0.030000000000001137,0.41500000000000625,,0,5.257838812060301,4.288757036360874,14.178000912825198,34.717708808763135,0,,,1.4821676702177156,7.718780727630281,11.576981836700062,66.55,5.549629379501217,66.55,0,25,20,20,62.83,61.644999999999996,62.2375,51.605,65.73,,,,,,65.39999999999999,66.08999999999999,66.45,67.14,65.03999999999998,64.34999999999998,63.98999999999997,0,0,0,0,0,0,0,0,0,0,0,0,0,0,0,0,0,0,0,0,0,0,,,,,,,,,,,,,,,,,,USD,1.0,stock,25.0
2026-06-29,65.2,65.465,63.88,64.54,5921088,63.158,56.9216,43.07640000000001,62.48982992513441,57.19303466823177,51.18631193557416,45.023729279907094,48.619718309859174,2.0411479770057284,2.326799137607658,-0.28565116060192963,1,2.3463285714285718,0.5,0.05,6284248.4,5776853.3,0.9422110048991698,1.0249676930518559,69.77443609022569,76.89223057644118,0.6599999999999966,0.26500000000000057,0.6600000000000037,,0,3.176588278378676,2.141307716145034,11.804152463588483,33.25627517818407,0,,,-1.8104366347177825,1.3505025125628345,8.288590604026847,66.55,3.280805976463358,66.55,0,25,20,20,62.83,61.644999999999996,62.2375,51.605,64.54,,,,,,64.62833333333333,65.37666666666667,66.21333333333334,66.96166666666666,63.79166666666666,63.04333333333333,62.206666666666656,0,0,0,0,0,0,0,0,0,0,0,0,0,0,0,0,0,0,0,0,0,0,,,,,,,,,,,,,,,,,,USD,1.0,stock,25.0
2026-06-30,64.45,64.91,63.71,64.19,4597976,63.267500000000005,57.442,43.22695000000001,62.651750884645416,57.46742546555601,51.44381070912715,45.214438441301056,44.03073286052011,1.943062007707006,2.2500517116275276,-0.3069897039205216,0,2.257142857142857,0.5,0.05,6097197.6,5719604.3,0.7541130043087336,0.8038975703266745,64.80362537764351,74.08241146673339,0.2600000000000051,0.45999999999999375,0.4799999999999969,,0,2.396399930448016,1.4371397413927285,10.512540894220281,32.65781274341796,0,,,-0.5422993492407935,1.6629711751662946,3.532258064516136,66.55,2.4552372338114066,66.55,0,25,20,20,62.83,61.644999999999996,62.2375,52.004999999999995,64.19,,,,,,64.27,64.82999999999998,65.47,66.02999999999999,63.629999999999995,63.07,62.43,0,0,0,0,0,0,0,0,0,0,0,0,0,0,0,0,0,0,0,0,0,0,,,,,,,,,,,,,,,,,,USD,1.0,stock,25.0
2026-07-01,66.48,68.41,65.44,68.35,5834393,63.685500000000005,58.04280000000001,43.40240000000001,63.194441276583945,57.89419309435774,51.778586734688986,45.44464303392493,57.44680851063828,2.1759227211315633,2.2352259135283346,-0.05930319239677129,1,2.3642857142857143,0.5,0.05,6064329.9,5821418.9,0.962083708539669,1.0022286834572238,99.29494712103404,77.95766952963443,1.8699999999999903,0.060000000000002274,1.0400000000000063,,0,7.542880356131748,6.824433065106057,15.080029261155797,36.49978054133137,0,,,6.480760243028505,8.543750992536125,13.935655942657089,68.41,8.158247180082894,68.41,0,25,20,20,64.3875,62.575,63.48125,53.165,68.35,,,,,,67.39999999999999,69.35999999999999,70.36999999999999,72.32999999999998,66.38999999999999,64.42999999999999,63.41999999999999,0,0,0,0,0,0,0,0,0,0,0,0,0,0,0,0,0,0,0,0,0,0,,,,,,,,,,,,,,,,,,USD,1.0,stock,25.0
2026-07-02,68.795,69.29,67.05,67.86,3873021,64.10100000000001,58.6172,43.57849999999999,63.638780202623565,58.285009051441754,52.09703056172484,45.667681411696826,61.42857142857143,2.2944782918074367,2.247076389184155,0.0474019026232817,1,2.354285714285715,0.5,0.05,5880556.4,5818958.1,0.6586147188385099,0.6655866795122654,84.77103301384446,82.95653517084068,0.9350000000000023,0.49500000000000455,0.8100000000000023,,0,6.220483049478978,5.539345711759484,13.620394930739762,35.781756557618635,0,,,-0.7168983174835386,4.770727188513213,13.954659949622172,69.29,6.633093506720626,69.29,0,25,20,20,65.5025,63.535000000000004,64.51875,53.68000000000001,67.86,,,,,,68.06666666666666,69.08333333333333,70.30666666666667,71.32333333333334,66.84333333333332,65.82666666666665,64.60333333333331,0,0,0,0,0,0,0,0,0,0,0,0,0,0,0,0,0,0,0,0,0,0,,,,,,,,,,,,,,,,,,USD,1.0,stock,25.0
2026-07-06,67.45,67.822,65.04,66.05,4721753,64.2685,59.1596,43.749750000000006,63.86842018332608,58.58951850040482,52.37332698624514,45.870490551878945,52.256033578174176,2.2168283452793105,2.2410267804031863,-0.02419843512387576,0,2.367142857142858,0.5,0.05,5168136.3,5763248.6,0.9136278004123073,0.8192867127057473,65.49520766773156,83.18706260087002,1.4000000000000057,0.3719999999999999,1.009999999999991,,0,3.3029217512095643,2.697199091597266,10.43209689629069,33.76267978803935,0,,,-2.6672561155319796,0.4868401034535008,5.34290271132376,69.29,3.4157410037886846,69.29,0,25,20,20,65.5025,63.760000000000005,64.63125,53.825,66.05,,,,,,66.30400000000002,67.56800000000003,69.08600000000001,70.35000000000002,64.78600000000003,63.52200000000002,62.00400000000003,0,0,0,0,0,0,0,0,0,0,0,0,0,0,0,0,0,0,0,0,0,0,,,,,,,,,,,,,,,,,,USD,1.0,stock,25.0
2026-07-07,67.21,67.975,65.66,66.12,4169953,64.458,59.660199999999996,43.920249999999996,64.08285635634265,58.88483150038895,52.645538333052166,46.07197820807916,57.843137254901976,2.136312537084585,2.2200839317394663,-0.08377139465488126,0,2.319285714285715,0.5,0.05,5099190.2,5773686.65,0.8177676918189872,0.7222340339512536,66.24068157614484,72.16897408590695,1.0899999999999892,0.7650000000000006,0.46000000000000796,,0,3.0809794973644262,2.513611615245018,9.76981246218997,33.57493950393226,0,,,0.10598031794095686,2.4480942051440913,6.080539066260249,69.29,3.178921414378763,69.29,0,25,20,20,65.5025,63.760000000000005,64.63125,53.825,66.12,,,,,,66.585,67.50999999999999,68.89999999999999,69.82499999999999,65.195,64.27,62.879999999999995,0,0,0,0,0,0,0,0,0,0,0,0,0,0,0,0,0,0,0,0,0,0,,,,,,,,,,,,,,,,,,USD,1.0,stock,25.0
2026-07-08,66.33,68.94,66.0,67.09,4098276,64.561,60.165600000000005,44.094849999999994,64.36925098907192,59.20660281409919,52.931567276952116,46.2811127532724,67.48466257668711,2.126263826537894,2.201319910699152,-0.07505608416125797,1,2.29,0.5,0.05,5009929.5,5627362.7,0.8180306728867143,0.7282764979765743,76.57082002129924,69.43556975505855,0.7600000000000051,1.8499999999999943,0.3299999999999983,,0,4.055371904796674,3.7695632732150783,10.321061260992694,34.27507825309287,0,,,1.4670296430731922,4.5178376694189115,3.1677687221282502,69.29,4.226783703588527,69.29,0,25,20,20,66.025,63.760000000000005,64.89250000000001,54.27,67.09,,,,,,67.34333333333333,68.68666666666667,70.28333333333333,71.62666666666667,65.74666666666667,64.40333333333334,62.80666666666667,0,0,0,0,0,0,0,0,0,0,0,0,0,0,0,0,0,0,0,0,0,0,,,,,,,,,,,,,,,,,,USD,1.0,stock,25.0
2026-07-09,66.51,67.87,66.122,67.6,4587871,64.6305,60.6474,44.27400000000001,64.67694137106507,59.53575564491883,53.22203129126989,46.493240984583124,71.6687422166874,2.1348437390550217,2.188024676370326,-0.053180937315304266,1,2.235571428571429,0.5,0.05,4941202.9,5584968.85,0.9284927360501629,0.8214676076483399,81.06442577030799,74.62530912258403,1.0899999999999892,0.27000000000001023,0.38800000000000523,,0,4.324051226235096,4.392751479289936,10.284911242603547,34.50591715976329,0,,,0.7601729020718206,-1.0972933430870468,2.0993807581936252,69.29,4.519475669334345,69.29,0,25,20,20,66.5,63.760000000000005,65.13,54.745000000000005,67.6,,,,,,67.19733333333333,68.27266666666667,68.94533333333334,70.02066666666667,66.52466666666666,65.44933333333333,64.77666666666666,0,0,0,0,0,0,0,0,0,0,0,0,0,0,0,0,0,0,0,0,0,0,,,,,,,,,,,,,,,,,,USD,1.0,stock,27.0
2026-07-10,67.71,68.005,66.63,67.35,2187105,64.731,61.003,44.447250000000004,64.93151838334458,59.84219660002005,53.50179304787841,46.70077092503504,69.86817325800374,2.0972941692145355,2.169878574939168,-0.07258440572463254,0,2.218785714285715,0.5,0.05,4579515.5,5401707.05,0.47758436454686093,0.4048914500093077,74.38943894389425,77.3415615785005,0.35999999999999943,0.2950000000000017,0.7199999999999989,,0,3.5909155406910367,3.888641425389755,9.423904974016324,34.0055679287305,0,,,-0.36982248520710526,-0.7515473032714493,3.0762167125803375,69.29,3.724665119298629,69.29,0,25,20,20,66.5,63.760000000000005,65.13,55.485,67.35,,,,,,67.32833333333333,68.02666666666667,68.70333333333333,69.40166666666667,66.65166666666667,65.95333333333333,65.27666666666667,0,0,0,0,0,0,0,0,0,0,0,0,0,0,0,0,0,0,0,0,0,0,,,,,,,,,,,,,,,,,,USD,1.0,stock,25.0
2026-07-13,67.9,68.694,67.57,68.29,2782043,64.9685,61.2892,44.62495,65.251373775407,60.17348300786241,53.79462882910854,46.91558912478593,66.22097114707952,2.1189599572971645,2.1596948514107672,-0.04073489411360276,1,2.0951428571428585,0.5,0.05,4277347.9,5223969.0,0.6504130748868943,0.5325535048159742,86.79867986798679,80.75084819406301,0.39000000000000057,0.40399999999999636,0.3300000000000125,,0,4.449591777116712,4.8638160784887985,10.251574168985217,34.653756040415885,0,,,1.3956941351150887,3.3913701741105307,7.475605917532269,69.29,4.6568003840836365,69.29,0,25,20,20,66.5,64.595,65.5475,56.755,68.29,,,,,,68.18466666666667,68.79933333333335,69.30866666666668,69.92333333333336,67.67533333333334,67.06066666666666,66.55133333333333,0,0,0,0,0,0,0,0,0,0,0,0,0,0,0,0,0,0,0,0,0,0,,,,,,,,,,,,,,,,,,USD,1.0,stock,25.0
2026-07-14,68.6,69.355,68.095,68.72,3362511,65.145,61.589800000000004,44.795300000000005,65.58171913013014,60.50864053696584,54.090180733482626,47.13254843697712,69.78723404255317,2.146088880070778,2.1569736571427693,-0.010884777071991536,1,2.1058571428571446,0.5,0.05,4021490.2,5152869.3,0.8361355698442333,0.6525511912363079,91.68848167539261,84.29220016242455,0.12000000000000455,0.6350000000000051,0.5049999999999955,,0,4.566764944513765,5.202270081490109,10.37572759022118,34.81475552968568,0,,,0.629667594084049,3.932244404113727,5.414940941862256,69.355,4.785298268321915,69.355,0,25,20,20,67.1975,64.6275,65.9125,59.8775,68.72,,,,,,68.72333333333333,69.35166666666666,69.98333333333333,70.61166666666666,68.09166666666665,67.46333333333332,66.83166666666665,0,0,0,0,0,0,0,0,0,0,0,0,0,0,0,0,0,0,0,0,0,0,,,,,,,,,,,,,,,,,,USD,1.0,stock,25.0
2026-07-15,66.9613,67.19,63.2,66.61,4411544,65.30550000000001,61.855199999999996,44.956399999999995,65.67965064154632,60.7479095355162,54.33809794668099,47.32635392516641,61.34663341645885,1.974567792442457,2.120492484202707,-0.1459246917602499,0,2.3397857142857164,0.5,0.05,4002847.0,5050022.3,1.1021015792010036,0.8735692117636787,58.377558756633775,78.95490676667106,0.35129999999999484,0.22870000000000346,3.4099999999999966,,0,1.3967112422364247,1.9584146524545716,7.138267527398293,32.508031827053,0,,,-3.070430733410945,-0.7154568490087998,5.063091482649851,69.355,1.4164955954640548,69.355,0,25,20,20,66.2775,64.6275,65.4525,60.6775,66.61,,,,,,65.66666666666667,68.13333333333334,69.65666666666667,72.12333333333333,64.14333333333335,61.67666666666668,60.15333333333335,0,0,0,0,0,0,0,0,0,0,0,0,0,0,0,0,0,0,0,0,0,0,,,,,,,,,,,,,,,,,,USD,1.0,stock,25.0
2026-07-16,67.84,68.0,63.77,63.89,5240693,65.4305,62.061800000000005,45.10155,65.5092077233038,60.87112876941753,54.527244521994234,47.49116632392098,47.40566037735851,1.6007029198853076,2.016534571339227,-0.41583165145391954,0,2.4365714285714297,0.5,0.05,3943477.0,5003903.45,1.328952343325446,1.0473209669942771,11.210398050365518,53.75881282746397,3.950000000000003,0.1599999999999966,0.11999999999999744,,0,-2.5343680126839914,-2.4111754578181164,2.8614806699013857,29.407497260917197,0,,,-4.083470950307754,-5.488165680473367,4.072324482814782,69.355,-2.471725394913906,69.355,0,25,20,20,66.2775,64.6275,65.4525,60.6775,63.89,,,,,,65.22000000000001,66.67000000000002,69.45000000000002,70.90000000000002,62.440000000000026,60.990000000000016,58.21000000000003,0,0,0,0,0,0,0,0,0,0,0,0,0,0,0,0,0,0,0,0,0,0,,,,,,,,,,,,,,,,,,USD,1.0,stock,25.0
2026-07-17,64.13,66.5,63.39,66.44,4781449,65.72049999999999,62.331,45.25769999999999,65.59785460679868,61.08951587649919,54.763140670073554,47.679711932638185,51.91374663072774,1.4929660206466906,1.91182086120072,-0.41885484055402933,0,2.583714285714286,0.5,0.05,4034319.8,4957438.1,1.1851933503139738,0.9644999904285241,52.64012997562948,40.7426955942096,2.3100000000000023,0.060000000000002274,0.7399999999999949,,0,1.2675276839273342,1.082931968693574,6.184527393136657,31.881848284166175,0,,,3.9912349350446075,-1.3511507052709648,9.564643799472282,69.355,1.2838002069568284,69.355,0,25,20,20,66.2775,64.6275,65.4525,60.6775,66.44,,,,,,65.44333333333333,67.49666666666666,68.55333333333333,70.60666666666665,64.38666666666666,62.33333333333333,61.27666666666666,0,0,0,0,0,0,0,0,0,0,0,0,0,0,0,0,0,0,0,0,0,0,,,,,,,,,,,,,,,,,,USD,1.0,stock,25.0
2026-07-20,66.65,67.0,65.83,65.84,3111454,65.9615,62.541199999999996,45.4085,65.62091607281785,61.27580937153844,54.982484419181006,47.860411316393034,53.61915367483295,1.3436796634580617,1.7981926216521884,-0.45451295819412674,0,2.5351428571428576,0.5,0.05,3873289.9,4520713.1,0.8033103847971721,0.6882661941099514,42.891957757920395,35.58082859463847,0.8100000000000023,0.3499999999999943,0.010000000000005116,,0,0.33275201576876445,-0.18453827460509947,5.010328068043752,31.032047387606326,0,,,-0.903070439494269,-3.5876409430370515,7.899049491969845,69.355,0.3338629514696849,69.355,0,25,20,20,66.2775,64.6275,65.4525,60.6775,65.84,,,,,,66.22333333333333,66.61666666666666,67.39333333333333,67.78666666666666,65.44666666666666,65.05333333333333,64.27666666666666,0,0,0,0,0,0,0,0,0,0,0,0,0,0,0,0,0,0,0,0,0,0,,,,,,,,,,,,,,,,,,USD,1.0,stock,25.0
2026-07-21,65.45,67.635,65.11,67.59,3339891,66.15700000000001,62.7934,45.56775,65.80844787540663,61.52342469030164,55.23213819305861,48.0567256316528,58.780991735537214,1.3510059686412461,1.7087552910500001,-0.357749322408754,1,2.6297857142857155,0.5,0.05,3790283.7,4444736.95,0.881171770862429,0.7514260208357212,71.32412672623883,55.61873815326291,2.1400000000000006,0.045000000000001705,0.3400000000000034,,0,2.6358220514771045,2.1201361148098723,7.0966119248409605,32.5821127385708,0,,,2.657958687727824,-1.6443538998835772,6.140075376884435,69.355,2.7071784582525638,69.355,0,25,20,20,66.2775,64.6275,65.4525,60.6775,67.59,,,,,,66.77833333333334,68.44666666666667,69.30333333333334,70.97166666666668,65.92166666666667,64.25333333333333,63.39666666666666,0,0,0,0,0,0,0,0,0,0,0,0,0,0,0,0,0,0,0,0,0,0,,,,,,,,,,,,,,,,,,USD,1.0,stock,25.0
2026-07-22,67.24,67.57,65.56,65.89,4505851,66.2945,62.992,45.7131,65.81621474441552,61.694662937740794,55.44318496151289,48.23417114775577,42.72189349112428,1.2057373363073793,1.6081517001014762,-0.4024143637940969,0,2.473357142857144,0.5,0.05,3831041.2,4420485.35,1.176142663253008,1.019311374937596,43.70430544272944,52.640129975629556,1.3499999999999943,0.3299999999999983,0.3299999999999983,,0,0.1119824792601039,-0.6139019578084668,4.398239490059194,30.622097435119144,0,,,-2.515164965231542,-1.0809187809638132,4.355400696864109,69.355,0.11210802060102235,69.355,0,25,20,20,66.2775,64.6275,65.4525,61.5275,65.89,,,,,,66.33999999999999,67.11999999999998,68.34999999999998,69.12999999999997,65.10999999999999,64.33,63.099999999999994,0,0,0,0,0,0,0,0,0,0,0,0,0,0,0,0,0,0,0,0,0,0,,,,,,,,,,,,,,,,,,USD,1.0,stock,25.0
2026-07-23,63.95,64.9,62.86,63.74,4751567,66.333,63.1396,45.83830000000001,65.61848000685214,61.774872234299984,55.60747832861165,48.388458002006956,38.90086206896552,0.9066723128400156,1.4678558226491842,-0.5611835098091686,0,2.529785714285715,0.5,0.05,3847410.8,4394306.85,1.2350038108745758,1.0813006834058483,13.54888375673598,42.8591053085681,0.21000000000000085,0.9500000000000028,0.8800000000000026,,0,-2.9470975946848705,-4.0680891120175655,0.9419516786946979,28.085503608409145,0,,,-3.2630141144331493,-0.23477852559086188,1.2228045100841634,69.355,-2.8627301434839363,69.355,0,25,20,20,66.1075,64.6275,65.3675,61.5275,63.74,,,,,,63.833333333333336,64.80666666666667,65.87333333333333,66.84666666666668,62.766666666666666,61.79333333333333,60.72666666666666,0,0,0,0,0,0,0,0,0,0,0,0,0,0,0,0,0,0,0,0,0,0,,,,,,,,,,,,,,,,,,USD,1.0,stock,25.0
2026-07-24,64.19,64.6,62.97,63.41,2808630,66.265,63.221599999999995,45.967150000000004,65.40814857762813,61.83899489177841,55.7619837082431,48.53792608158898,42.27166276346604,0.6357048749343477,1.3014256331062168,-0.6657207581718692,0,2.444785714285715,0.5,0.05,3909563.3,4244539.4,0.7183999297312823,0.6617043064790492,8.468052347959919,21.907080515808456,0.7800000000000011,0.4099999999999966,0.4399999999999977,,0,-3.151156880031744,-4.502444409399155,0.29711401987068514,27.508042895442347,0,,,-0.5177282711013587,-4.560505719446118,-2.099737532808399,69.355,-3.0548924271364646,69.355,0,25,20,20,66.1075,64.6275,65.3675,62.4875,63.41,,,,,,63.66,64.35,65.28999999999999,65.97999999999999,62.72,62.03,61.09,0,0,0,0,0,0,0,0,0,0,0,0,0,0,0,0,0,0,0,0,0,0,,,,,,,,,,,,,,,,,,USD,1.0,stock,25.0
2026-07-27,63.83,64.76,62.5312,64.08,6875838,66.18249999999999,63.327,46.09545,65.28165823690163,61.92687744504201,55.92669690213928,48.69257358326471,44.230769230769205,0.4696112426728263,1.1350627550195387,-0.6654515123467124,1,2.438628571428573,0.5,0.05,4318942.8,4298145.35,1.592018769037645,1.5997220754761121,22.697030979805955,14.904655694833961,0.25,0.6800000000000068,1.2988,,0,-1.8752469364881963,-3.281054931335818,1.1750936329588018,28.065777153558052,0,,,1.056615675760919,-2.6731470230862753,-2.5102692834322315,69.355,-1.8407287274182278,69.355,0,25,20,20,65.2656,64.86,65.06280000000001,62.5675,64.08,,,,,,63.7904,65.0496,66.01920000000001,67.2784,62.82079999999999,61.56159999999999,60.591999999999985,0,0,0,0,0,0,0,0,0,0,0,0,0,0,0,0,0,0,0,0,0,0,,,,,,,,,,,,,,,,,,USD,1.0,stock,25.0
2026-07-28,59.505,64.92,56.67,63.91,12245701,66.151,63.43120000000001,46.222750000000005,65.15102411910148,62.00464695700115,56.0847821119979,48.84399076154069,40.58056872037913,0.32056795537194205,0.9721637950900194,-0.6515958397180773,1,2.8179142857142874,0.5,0.05,5207261.8,4614376.0,2.351658409031787,2.6538151637404495,57.075285770595144,29.413456366120347,4.404999999999994,1.0100000000000051,2.835000000000001,,0,-1.9418308857791926,-3.506493506493506,0.7491785323110397,27.675246440306672,0,,,-0.2652933832709148,-5.444592395324765,-0.9761388286334216,69.355,-1.9048420740597827,69.355,0,25,20,20,62.335,63.0125,62.67375,63.0125,63.91,,,,,,61.833333333333336,66.99666666666667,70.08333333333334,75.24666666666667,58.74666666666667,53.583333333333336,50.49666666666667,0,0,0,0,0,0,0,0,0,0,0,0,0,0,0,0,0,0,0,0,0,0,,,,,,,,,,,,,,,,,,USD,1.0,stock,25.0
2026-07-30,61.4,62.0352,59.83,60.84,7344169,65.98349999999999,63.482600000000005,46.33780000000001,64.74045039347277,61.95897452731483,56.17894484245339,48.963354037545265,32.61316872427986,-0.044757331890806995,0.7687795696938542,-0.8135369015846612,0,2.9844857142857153,0.5,0.05,5500524.3,4751685.65,1.335176175842001,1.5455923520530024,32.8734726054395,37.54859645194688,0.5599999999999952,0.6352000000000046,1.0100000000000051,,0,-6.410996701960498,-8.454142011834302,-4.343523997370154,23.83662064431294,0,,,-4.803630104834911,-7.664288966459242,-5.218881445708046,69.355,-6.024750167425489,69.355,0,25,20,20,62.1525,63.0125,62.5825,63.0125,60.84,,,,,,60.90173333333333,61.97346666666667,63.10693333333334,64.17866666666667,59.76826666666666,58.69653333333333,57.56306666666666,0,0,0,0,0,0,0,0,0,0,0,0,0,0,0,0,0,0,0,0,0,0,,,,,,,,,,,,,,,,,,USD,1.0,stock,25.0
2026-07-31,61.05,62.55,60.485,62.22,3912749,65.67699999999999,63.562400000000004,46.4701,64.50040749885632,61.969210820361305,56.29856969705827,49.09526096254482,37.53038405444823,-0.22038532240276254,0.570946591274531,-0.7913319136772935,1,3.0337714285714297,0.5,0.05,5367729.9,4655603.45,0.7289392486011638,0.84043863314862,43.75246353961369,44.56707397188279,1.1700000000000017,0.3299999999999983,0.5649999999999977,,0,-3.6650715185733205,-5.556091288974596,-2.157505625200908,25.31324333011893,0,,,2.268244575936884,-2.384687794163798,-8.968544257498168,69.355,-3.5354931655226443,69.355,0,25,20,20,62.1525,63.0125,62.5825,63.0125,62.22,,,,,,61.751666666666665,63.01833333333333,63.81666666666666,65.08333333333333,60.95333333333333,59.68666666666667,58.888333333333335,0,0,0,0,0,0,0,0,0,0,0,0,0,0,0,0,0,0,0,0,0,0,,,,,,,,,,,,,,,,,,USD,1.0,stock,25.0
2026-08-03,61.84,63.79,61.22,63.76,6862631,65.472,63.6546,46.6071,64.42989249896524,62.0394378470138,56.44632079216602,49.24117876391254,39.30089749645722,-0.23262508337477072,0.41023225634467064,-0.6428573397194414,1,3.1213428571428574,0.5,0.05,5575848.1,4805083.95,1.2307779690052891,1.428202102483558,55.892786756011,44.17290763368808,1.9199999999999946,0.030000000000001137,0.6200000000000045,,0,-1.0506469557171374,-2.6850690087829303,0.16530740276034495,26.902289836888325,0,,,2.4750883960141357,0.5519634127109319,-6.0418508694370825,69.355,-1.0397231362383623,69.355,0,25,20,20,62.1525,63.0125,62.5825,63.0125,63.76,,,,,,62.923333333333325,64.62666666666665,65.49333333333333,67.19666666666666,62.05666666666665,60.353333333333325,59.48666666666665,0,0,0,0,0,0,0,0,0,0,0,0,0,0,0,0,0,0,0,0,0,0,,,,,,,,,,,,,,,,,,USD,1.0,stock,25.0
2026-08-04,64.3,64.755,63.48,64.07,6024853,65.373,63.7704,46.74525,64.39561702287331,62.11906773536621,56.5972847368756,49.388729223973115,38.95486935866981,-0.21483429686139743,0.285218945703457,-0.5000532425648545,1,3.1224142857142856,0.5,0.05,5867188.0,4870238.95,1.026872327936313,1.237075441647478,65.31332744924971,54.98619258162481,0.23000000000000398,0.4549999999999983,0.5899999999999963,,0,-0.5082207318141359,-2.0337131262681623,0.4676135476822086,27.040346496019975,0,,,0.48619824341278317,-0.015605493133585835,-2.9977289931869877,69.355,-0.5056509090636677,69.355,0,25,20,20,62.12,63.0125,62.56625,63.0125,64.07,,,,,,64.10166666666666,64.72333333333333,65.37666666666667,65.99833333333332,63.44833333333332,62.82666666666666,62.173333333333325,0,0,0,0,0,0,0,0,0,0,0,0,0,0,0,0,0,0,0,0,0,0,,,,,,,,,,,,,,,,,,USD,1.0,stock,25.0
2026-08-05,64.21,68.379,63.8,66.99,7032155,65.4165,63.9548,46.90125,64.642701115933,62.310084686920476,56.80308107871964,49.56386624662015,50.869167429094226,0.03448708057058525,0.23507257267688267,-0.20058549210629742,1,3.0552000000000006,0.5,0.05,6236414.4,5013349.05,1.127595850590044,1.4026860946376754,88.13733025877522,69.78114815467865,2.780000000000001,1.38900000000001,0.4099999999999966,,0,3.5039541484803727,2.3488580385132045,4.530825496342732,29.98768472906404,0,,,4.557515217730601,4.819277108433728,1.3157894736842035,69.355,3.6311893586520387,69.355,0,25,20,20,62.5245,63.0125,62.7685,63.0125,66.99,,,,,,66.38966666666666,68.97933333333332,70.96866666666666,73.55833333333332,64.40033333333331,61.81066666666665,59.8213333333333,0,0,0,0,0,0,0,0,0,0,0,0,0,0,0,0,0,0,0,0,0,0,,,,,,,,,,,,,,,,,,USD,1.0,stock,25.0
2026-08-06,67.25,67.3,63.2064,64.2,5470246,65.27199999999999,64.056,47.044050000000006,64.60053910489177,62.384199012923595,56.949554720725196,49.70949941829558,50.70679434564524,0.0068672243640577335,0.1894315030143177,-0.18256427865025995,1,3.0454571428571433,0.5,0.05,6332853.9,5081947.55,0.8637884414165942,1.0764074099898966,64.30950550858313,72.58672107220269,3.049999999999997,0.04999999999999716,0.9936000000000007,,0,-0.6238926867472944,-1.6697819314641564,0.22429906542056924,26.722663551401865,0,,,-4.164800716524841,5.522682445759375,-4.307646445073788,69.355,-0.6200243998605159,69.355,0,25,20,20,62.5245,63.0125,62.7685,63.0125,64.2,,,,,,64.90213333333332,66.59786666666665,68.99573333333332,70.69146666666664,62.50426666666665,60.80853333333333,58.41066666666666,0,0,0,0,0,0,0,0,0,0,0,0,0,0,0,0,0,0,0,0,0,0,,,,,,,,,,,,,,,,,,USD,1.0,stock,25.0
2026-08-07,64.07,66.5199,63.945,65.77,3525949,65.1805,64.2272,47.19655000000001,64.71191633299732,62.51697552222071,57.12421700348311,49.86930539423294,48.400954653937944,0.11039164215821984,0.17362353084309814,-0.0632318886848783,1,3.0072357142857156,0.5,0.05,6210292.1,5028851.45,0.5677589625776218,0.7011439958124036,77.71799470492776,76.72161015742871,1.7000000000000028,0.7499000000000109,0.1249999999999929,,0,1.608763367800938,0.8963053063706874,2.3457503421012618,28.240003040900085,0,,,2.4454828660436023,5.70556091288974,-2.707100591715972,69.355,1.6350677386185648,69.355,0,25,20,20,62.5245,63.0125,62.7685,63.0125,65.77,,,,,,65.41163333333333,66.87826666666666,67.98653333333334,69.45316666666666,64.30336666666665,62.83673333333332,61.72846666666664,0,0,0,0,0,0,0,0,0,0,0,0,0,0,0,0,0,0,0,0,0,0,,,,,,,,,,,,,,,,,,USD,1.0,stock,25.0
2026-08-10,66.32,67.6675,65.92,66.57,3719829,65.14150000000001,64.3822,47.351350000000004,64.88887668223568,62.67591765860421,57.31126221133493,50.035481459961964,51.72576832151297,0.2540601559039857,0.18971085585527567,0.06434930004871,1,3.0592000000000015,0.5,0.05,6301412.0,5105487.65,0.5903167417080489,0.7285942607264949,84.55034588777853,75.52594870042981,0.25,1.0975000000000108,0.3999999999999915,,0,2.525346729404112,2.1458614991737806,3.2864653747934445,28.869836262580726,0,,,1.2163600425725951,4.407151819322452,-1.158129175946554,69.355,2.5907727236470266,69.355,0,25,20,20,62.5245,63.0125,62.7685,63.0125,66.57,,,,,,66.71916666666667,67.51833333333333,68.46666666666667,69.26583333333333,65.77083333333333,64.97166666666666,64.02333333333333,0,0,0,0,0,0,0,0,0,0,0,0,0,0,0,0,0,0,0,0,0,0,,,,,,,,,,,,,,,,,,USD,1.0,stock,25.0
2026-08-11,67.72,67.859,64.74,64.88,2441384,64.97099999999999,64.5016,47.49525,64.88803128392752,62.76235226022758,57.46113820715007,50.18318811210165,43.57515410146986,0.22891087002497557,0.19755085868921568,0.031360011335759885,0,3.1016285714285727,0.5,0.05,5857966.6,5088454.7,0.41676304538848,0.47978888364673855,70.11700401400624,77.46178153557085,2.8400000000000034,0.1389999999999958,0.14000000000000057,,0,-0.012378674364245196,-0.14025893958075522,0.5832305795314414,26.795237361282364,0,,,-2.5386810875769883,1.2642422350554128,-4.993410455410762,69.355,-0.01237714223811194,69.355,0,25,20,20,64.1045,63.0125,63.5585,63.0125,64.88,,,,,,65.82633333333332,66.91266666666665,68.94533333333332,70.03166666666665,63.79366666666665,62.707333333333324,60.67466666666665,0,0,0,0,0,0,0,0,0,0,0,0,0,0,0,0,0,0,0,0,0,0,,,,,,,,,,,,,,,,,,USD,1.0,stock,25.0
2026-08-12,64.49,67.425,64.12,67.07,3240755,64.8885,64.65100000000001,47.6505,65.09583782831537,62.9312796225716,57.651412698097595,50.35121609108572,52.73401297497682,0.3812991973844504,0.23430052642826263,0.14699867095618777,1,3.1927000000000008,0.5,0.05,4957472.0,5082366.9,0.6537112060340432,0.6376468019260868,88.82056537706028,81.1626384262817,2.5799999999999983,0.355000000000004,0.36999999999999034,,0,2.9434354729157977,3.252571939764425,3.606679588489612,28.954077829133734,0,,,3.375462392108508,0.1194208090759874,-2.401047729918515,68.379,3.0327010720582583,68.379,0,25,20,20,64.432,63.0125,63.72225,63.0125,67.07,,,,,,66.205,68.28999999999999,69.50999999999999,71.59499999999998,64.985,62.900000000000006,61.68000000000001,0,0,0,0,0,0,0,0,0,0,0,0,0,0,0,0,0,0,0,0,0,0,,,,,,,,,,,,,,,,,,USD,1.0,stock,25.0
2026-08-13,67.76,67.8399,65.72,66.04,3537942,64.85999999999999,64.7318,47.8089,65.18575803514247,63.053190225608006,57.81752333773923,50.507323393661984,55.62072336265887,0.4141812293910476,0.27027666702081965,0.14390456237022797,0,3.1276928571428577,0.5,0.05,4576849.3,5038686.8,0.773008191464814,0.702155569582138,80.02391322913999,79.65382754006885,1.7199999999999989,0.07989999999999498,0.3200000000000074,,0,1.2935220545995396,1.786795881284102,1.9809206541489994,27.60614778921866,0,,,-1.5357089607872187,2.86604361370717,-0.8557273682630151,68.379,1.310473315961139,68.379,0,25,20,20,64.7995,63.0125,63.906,63.0125,66.04,,,,,,66.5333,67.3466,68.6532,69.4665,65.2267,64.4134,63.10679999999999,0,0,0,0,0,0,0,0,0,0,0,0,0,0,0,0,0,0,0,0,0,0,,,,,,,,,,,,,,,,,,USD,1.0,stock,25.0
2026-08-14,66.165,67.615,65.85,67.47,2266524,65.039,64.8814,47.9759,65.40330488893842,63.22639845205475,58.008661489467165,50.67610624546634,59.41558441558445,0.5492975652436058,0.3260808466653769,0.22321671857822895,1,3.1373357142857152,0.5,0.05,4412226.8,4889978.35,0.5136916352532014,0.4635038926092587,92.23674096848573,87.02707319156201,1.3049999999999926,0.14499999999999602,0.31500000000001194,,0,3.0631319268735395,3.603082851637761,3.8366681488068766,28.892989476804498,0,,,2.1653543307086576,2.5847650904667896,5.603380810768499,68.379,3.159924585723977,68.379,0,25,20,20,65.7927,63.0125,64.4026,63.0125,67.47,,,,,,66.97833333333332,68.10666666666665,68.74333333333333,69.87166666666666,66.34166666666665,65.21333333333332,64.57666666666665,0,0,0,0,0,0,0,0,0,0,0,0,0,0,0,0,0,0,0,0,0,0,,,,,,,,,,,,,,,,,,USD,1.0,stock,25.0
2026-08-17,66.7,66.7,64.3,64.41,3555152,64.9375,64.9786,48.13219999999999,65.30870442332524,63.272814199033,58.13542066789356,50.81276190471544,50.68893528183716,0.4047955769201934,0.3418237927163402,0.06297178420385319,0,3.2045642857142864,0.5,0.05,4081478.9,4828663.5,0.87104505183158,0.736260043798869,66.10299769408142,79.45455063056905,2.2900000000000063,0.0,0.10999999999999943,,0,-1.3952871034392826,-0.818972209284278,-0.8827821766806452,25.2721627076541,0,,,-4.535349044019565,-3.244704821991884,-3.0553883202889875,68.379,-1.3760867425878172,68.379,0,25,20,20,65.7927,63.0125,64.4026,63.0125,64.41,,,,,,65.13666666666667,65.97333333333334,67.53666666666668,68.37333333333335,63.57333333333334,62.736666666666665,61.17333333333333,0,0,0,0,0,0,0,0,0,0,0,0,0,0,0,0,0,0,0,0,0,0,,,,,,,,,,,,,,,,,,USD,1.0,stock,25.0
2026-08-18,64.89,65.94,64.72,65.22,3409886,64.9065,65.029,48.292350000000006,65.30025638300854,63.3491744265219,58.275709367539235,50.956117507653595,52.66368442456284,0.35158409801243806,0.34377585377555986,0.0078082442368782035,0,2.7245642857142864,0.5,0.05,3819982.2,4843585.1,0.8926444735789606,0.7040004314159775,63.04830974382964,73.79601613546562,0.3299999999999983,0.7199999999999989,0.1700000000000017,,0,-0.12305486508516729,0.48068077276909654,0.29285495246857174,25.954691812327496,0,,,1.257568700512346,0.5240443896424196,-0.941676792223578,68.379,-0.12290362619376977,68.379,0,25,20,20,65.5327,63.0125,64.27260000000001,63.0125,65.22,,,,,,65.29333333333334,65.86666666666667,66.51333333333334,67.08666666666667,64.64666666666668,64.07333333333334,63.42666666666668,0,0,0,0,0,0,0,0,0,0,0,0,0,0,0,0,0,0,0,0,0,0,,,,,,,,,,,,,,,,,,USD,1.0,stock,25.0
2026-08-19,65.55,65.695,64.26,64.7,2879941,64.762,65.07639999999999,48.42915,65.24308910843631,63.402147978423,58.402923043429546,51.09287255732868,58.75680580762252,0.2644060550161953,0.32790189402368697,-0.06349583900749167,0,2.535635714285714,0.5,0.05,3404760.8,4820587.6,0.8458570716627142,0.5974253014300581,53.394983531796306,60.84876365656913,0.8499999999999943,0.14499999999999602,0.4399999999999977,,0,-0.8393958399324658,-0.09582689335393757,-0.5817619783616532,25.148145285935087,0,,,-0.7973014412756774,-3.533621589384206,-4.275780440893628,68.379,-0.8324086364667256,68.379,0,25,20,20,65.902,63.0125,64.45725,63.0125,64.7,,,,,,64.88499999999999,65.50999999999998,66.31999999999998,66.94499999999996,64.07499999999999,63.45,62.64,0,0,0,0,0,0,0,0,0,0,0,0,0,0,0,0,0,0,0,0,0,0,,,,,,,,,,,,,,,,,,USD,1.0,stock,25.0
2026-08-20,63.73,64.87,63.47,64.14,3267653,64.6745,65.05860000000001,48.57475,65.13803300287094,63.43108335181818,58.516528527718066,51.222694720937355,54.5240339302545,0.14841863038932956,0.2920052412968155,-0.14358661090748592,0,2.488135714285715,0.5,0.05,3184501.5,4758677.7,1.0261113081592206,0.6866724762637318,40.78781952786701,52.41037093449766,0.4100000000000037,0.730000000000004,0.259999999999998,,0,-1.5560227671826323,-0.8333333333333243,-1.432179607109467,24.267617711256626,0,,,-0.8655332302936691,-2.8770442156269005,-2.6559417210502367,68.379,-1.5321816715388876,68.379,0,25,20,20,65.6645,62.5245,64.09450000000001,63.0125,64.14,,,,,,64.16000000000001,64.85000000000002,65.56000000000002,66.25000000000003,63.45000000000002,62.760000000000005,62.05000000000001,0,0,0,0,0,0,0,0,0,0,0,0,0,0,0,0,0,0,0,0,0,0,,,,,,,,,,,,,,,,,,USD,1.0,stock,25.0
2026-08-21,64.07,65.16,64.03,65.02,3151607,64.7385,65.0348,48.723,65.12679176450229,63.493393808609625,58.64531014103058,51.359981340629524,53.06420233463036,0.12605334180258865,0.2588148613979701,-0.13276151959538146,1,2.3852785714285716,0.5,0.05,3147067.3,4678679.7,1.0014425176099666,0.673610334984034,35.06167111317312,43.081491390945494,0.9500000000000028,0.14000000000000057,0.03999999999999204,,0,-0.1642444855464322,0.4329437096277978,-0.022762227007087268,25.064595509074127,0,,,1.3719987527283983,-3.631243515636584,2.00815814245372,68.379,-0.16397516537963053,68.379,0,25,20,20,65.6645,62.5245,64.09450000000001,63.0125,65.02,,,,,,64.73666666666666,65.44333333333333,65.86666666666666,66.57333333333332,64.31333333333333,63.60666666666667,63.18333333333334,0,0,0,0,0,0,0,0,0,0,0,0,0,0,0,0,0,0,0,0,0,0,,,,,,,,,,,,,,,,,,USD,1.0,stock,25.0
