date,open,high,low,close,volume,SMA_20,SMA_50,SMA_200,EMA_20,EMA_50,EMA_100,EMA_200,RSI_14,MACD,MACD_Signal,MACD_Hist,MACD_Hist_Subiendo,ATR_14,BB_PctB,BB_Width,Vol_SMA_10,Vol_SMA_20,VolRel10,VolRel20,Stoch_K,Stoch_D,Body,Mecha_Sup,Mecha_Inf,Position_52w_Pct,RS_vs_SPY,Dist_EMA_20_pct,Dist_SMA_20_pct,Dist_SMA_50_pct,Dist_SMA_200_pct,Dist_BUY_ZONE,High_52W,Low_52W,Ret_1,Ret_5,Ret_20,Swing_High_20,Dist_EMA_20,TP_Dinamico,VWAP,ADX_14,Plus_DI,Minus_DI,Tenkan,Kijun,Senkou_A,Senkou_B,Chikou,Fib_236,Fib_382,Fib_500,Fib_618,Fib_786,Pivot_PP,Pivot_R1,Pivot_R2,Pivot_R3,Pivot_S1,Pivot_S2,Pivot_S3,Vol_Dryup,Vol_Climax,BB_Squeeze,BB_Breakout,MACD_Cross_Up,Golden_Cross,SMA20_Cross_Up,Oversold,Overbought,Trend_Up,Breakout_Vol,TP_Agotamiento,Vol_Climax_Up,MACD_Divergence,Trend_Weakness,Overextended,Exhaustion_Gap,Stoch_Extreme,Stop_Loss_Triggered,BUY_ZONE,ACC,REB,ROIC,ROE,Net_Margin,Gross_Margin,Operating_Margin,EBITDA_Margin,Current_PE,Current_PB,Current_EV_EBITDA,Current_EV_Sales,Current_FCF_Yield,Market_Cap,PE_5y_mean,PE_5y_max,PE_5y_min,PE_5y_pct,PE_5y_signal,Currency,FX_Rate,Asset_Type,Risk_Score
2025-08-22,245.78,249.53,244.1101,248.29,6694286,,,,248.29,248.29,248.29,248.29,,0.0,0.0,0.0,0,,0.5,0.05,,,,,,,2.509999999999991,1.240000000000009,1.6699000000000126,,0,0.0,,,,0,,,,,,,0.0,,0,25,20,20,,,,,248.29,,,,,,247.3100333333333,250.50996666666663,252.72993333333332,255.92986666666664,245.09006666666662,241.8901333333333,239.6701666666666,0,0,0,0,0,0,0,0,0,0,0,0,0,0,0,0,0,0,0,0,0,0,,,,,,,,,,,,,,,,,,USD,1.0,stock,25.0
2025-08-25,249.37,249.37,246.79,247.87,4957726,,,,248.24999999999997,248.2735294117647,248.28168316831682,248.2858208955224,,-0.03350427350429186,-0.006700854700858372,-0.02680341880343349,0,,0.5,0.05,,,,,,,1.5,0.0,1.0800000000000125,,0,-0.15330616855608464,,,,0,,,-0.16915703411333194,,,,-0.1530715005035114,,0,25,20,20,,,,,247.87,,,,,,248.01,249.23,250.59,251.81,246.64999999999998,245.42999999999998,244.06999999999996,0,0,0,0,0,0,0,0,0,0,0,0,0,0,0,0,0,0,0,0,0,0,,,,,,,,,,,,,,,,,,USD,1.0,stock,25.0
2025-08-26,246.7,248.83,242.85,243.74,8862311,,,,247.82047619047617,248.0957439446367,248.19174884815214,248.24058884681074,,-0.38883093481385345,-0.0831268707234574,-0.3057040640903961,0,,0.5,0.05,,,,,,,2.9599999999999795,2.130000000000024,0.8900000000000148,,0,-1.6741101954854196,,,,0,,,-1.6661959898333745,,,,-1.6465452141815293,,0,25,20,20,,,,,243.74,,,,,,245.14000000000001,247.43000000000004,251.12000000000003,253.41000000000005,241.45000000000002,239.16,235.47,0,0,0,0,0,0,0,0,0,0,0,0,0,0,0,0,0,0,0,0,0,0,,,,,,,,,,,,,,,,,,USD,1.0,stock,25.0
2025-08-27,245.75,250.37,245.61,250.16,6506877,,,,248.0432879818594,248.1766951624941,248.23072411848577,248.25968746525044,,-0.15065289527220216,-0.09663207563320635,-0.05402081963899581,1,,0.5,0.05,,,,,,,4.409999999999997,0.21000000000000796,0.13999999999998636,,0,0.8461432755598775,,,,0,,,2.6339542135061844,,,,0.8533639573006282,,0,25,20,20,,,,,250.16,,,,,,248.71333333333334,251.81666666666666,253.47333333333333,256.57666666666665,247.05666666666667,243.95333333333335,242.29666666666668,0,0,0,0,0,0,0,0,0,0,0,0,0,0,0,0,0,0,0,0,0,0,,,,,,,,,,,,,,,,,,USD,1.0,stock,25.0
2025-08-28,252.48,255.65,250.29,254.53,8461229,,,,248.66107007882516,248.42584437180804,248.35546225475338,248.32207863475045,,0.3862746615797903,-5.0728190607016166e-05,0.3863253897703973,1,,0.5,0.05,,,,,,,2.0500000000000114,1.1200000000000045,2.1899999999999977,,0,2.3057910349172355,,,,0,,,1.7468819955228643,,,,2.360212605581725,,0,25,20,20,,,,,254.53,,,,,,253.49,256.69000000000005,258.85,262.05000000000007,251.33,248.13,245.97,0,0,0,0,0,0,0,0,0,0,0,0,0,0,0,0,0,0,0,0,0,0,,,,,,,,,,,,,,,,,,USD,1.0,stock,25.0
2025-08-29,255.4,257.64,252.87,256.25,7363207,,,,249.38382530941323,248.73267400428617,248.51178973485727,248.40096342445443,,0.9397503866167938,0.18790949477087315,0.7518408918459206,1,,0.5,0.05,,,,,,,0.8499999999999943,1.3899999999999864,2.530000000000001,,0,2.679482806082644,,,,0,,,0.6757553137154648,3.2059285512908264,,,2.753255822452734,,0,25,20,20,,,,,256.25,,,,,,255.58666666666667,258.30333333333334,260.3566666666667,263.0733333333333,253.53333333333336,250.8166666666667,248.76333333333338,0,0,0,0,0,0,0,0,0,0,0,0,0,0,0,0,0,0,0,0,0,0,,,,,,,,,,,,,,,,,,USD,1.0,stock,25.0
2025-09-02,254.82,254.99,248.75,252.86,9312525,,,,249.71488956565958,248.8945299256867,248.59789290842446,248.4453319475942,,1.0922484573823112,0.3687772872931608,0.7234711700891505,0,,0.5,0.05,,,,,,,1.9599999999999795,0.17000000000001592,4.110000000000014,,0,1.2438149309263775,,,,0,,,-1.3229268292682894,2.013152055512979,,,1.2594805379090015,,0,25,20,20,,,,,252.86,,,,,,252.20000000000002,255.65000000000003,258.44000000000005,261.89000000000004,249.41000000000003,245.96,243.17000000000002,0,0,0,0,0,0,0,0,0,0,0,0,0,0,0,0,0,0,0,0,0,0,,,,,,,,,,,,,,,,,,USD,1.0,stock,25.0
2025-09-03,255.06,258.0,250.545,256.45,17417946,,,,250.3563286546444,249.19082286977743,248.75338017756457,248.52498038592663,,1.4856614933680135,0.5921541285081313,0.8935073648598821,1,,0.5,0.05,,,,,,,1.3899999999999864,1.5500000000000114,4.515000000000015,,0,2.3761635193431867,,,,0,,,1.4197579688365103,5.214572905555093,,,2.433999323325098,,0,25,20,20,,,,,256.45,,,,,,254.9983333333333,259.4516666666666,262.4533333333333,266.90666666666664,251.9966666666666,247.5433333333333,244.5416666666666,0,0,0,0,0,0,0,0,0,0,0,0,0,0,0,0,0,0,0,0,0,0,,,,,,,,,,,,,,,,,,USD,1.0,stock,25.0
2025-09-04,240.06,245.22,234.62,244.01,30967514,,,,249.75191640182112,248.98765334547244,248.65945185721674,248.48005520795724,,0.7845957922928335,0.6306424612650718,0.15395333102776165,0,,0.5,0.05,,,,,,,3.9499999999999886,1.210000000000008,5.439999999999998,,0,-2.353147986484623,,,,0,,,-4.850848118541629,-2.458426606971542,,,-2.2990479851145844,,0,25,20,20,246.31,,,,244.01,,,,,,241.28333333333333,247.94666666666666,251.88333333333333,258.5466666666666,237.34666666666666,230.68333333333334,226.74666666666667,0,0,0,0,0,0,0,0,0,0,0,0,0,0,0,0,0,0,0,0,0,0,,,,,,,,,,,,,,,,,,USD,1.0,stock,25.0
2025-09-05,244.83,251.13,244.36,250.76,13029436,,,,249.84792436355244,249.0571571358461,248.70104686994512,248.50274122578853,,0.7648480687462609,0.6574835827613097,0.10736448598495119,0,,0.5,0.05,11357305.7,,1.1472294877120373,,,,5.929999999999978,0.37000000000000455,0.46999999999999886,,0,0.3637245320017363,,,,0,,,2.7662800704889134,-1.4811613562252024,,,0.3650523168326975,,0,25,20,20,246.31,,,,250.76,,,,,,248.75,253.14,255.51999999999998,259.90999999999997,246.37,241.98000000000002,239.60000000000002,0,0,0,0,0,0,0,0,0,0,0,0,0,0,0,0,0,0,0,0,0,0,,,,,,,,,,,,,,,,,,USD,1.0,stock,25.0
2025-09-08,250.8,252.935,247.3,252.27,12602238,,,,250.07859823369031,249.18315097365607,248.77171920915413,248.540226387721,,0.8611158287169474,0.6982100319524372,0.1629057967645101,1,,0.5,0.05,11948100.9,,1.054748206888678,,,,1.4699999999999989,0.664999999999992,3.5,,0,0.8686731542829886,,,,0,,,0.60216940500879,-1.5531707317073096,,,0.8762852086454445,,0,25,20,20,246.31,,,,252.27,,,,,,250.835,254.37,256.47,260.005,248.735,245.20000000000002,243.10000000000002,0,0,0,0,0,0,0,0,0,0,0,0,0,0,0,0,0,0,0,0,0,0,,,,,,,,,,,,,,,,,,USD,1.0,stock,25.0
2025-09-09,251.32,255.34,251.21,252.06,10901937,,,,250.26730316381503,249.2959685825323,248.83683368025999,248.57524901072875,,0.9099738648339155,0.740562798528733,0.16941106630518254,1,,0.5,0.05,12542522.0,,0.8691981564792153,,,,0.7400000000000091,3.280000000000001,0.10999999999998522,,0,0.7112182957172789,,,,0,,,-0.08324414317992801,-0.3163806058688601,,,0.7163128437163624,,0,25,20,20,246.31,,,,252.06,,,,,,252.87,254.53,257.0,258.65999999999997,250.4,248.74,246.27,0,0,0,0,0,0,0,0,0,0,0,0,0,0,0,0,0,0,0,0,0,0,,,,,,,,,,,,,,,,,,USD,1.0,stock,25.0
2025-09-10,252.75,253.99,241.73,242.57,11363641,,,,249.53422667202312,249.0322051087075,248.7127379638192,248.515495289229,,0.18084584338902232,0.6286194075007909,-0.4477735641117686,0,,0.5,0.05,12792655.0,,0.8882941813095092,,,,10.180000000000007,1.240000000000009,0.8400000000000034,,0,-2.871017303056079,,,,0,,,-3.7649765928747136,-5.41236108403197,,,-2.7908903579694524,,0,25,20,20,246.31,,,,242.57,,,,,,246.09666666666666,250.46333333333334,258.3566666666667,262.72333333333336,238.20333333333332,233.83666666666664,225.9433333333333,0,0,0,0,0,0,0,0,0,0,0,0,0,0,0,0,0,0,0,0,0,0,,,,,,,,,,,,,,,,,,USD,1.0,stock,25.0
2025-09-11,243.7,247.17,243.5,246.28,6944891,,,,249.22430032230662,248.92427549660133,248.66456493483267,248.49325155500782,48.27171109200345,-0.09651480980443239,0.4835925640397463,-0.5801073738441787,0,7.2428500000000025,0.5,0.05,12836456.4,,0.5410286751723785,,49.87168520102651,,2.5800000000000125,0.8899999999999864,0.19999999999998863,,0,-1.195509307417012,,,,0,,,1.5294554149317685,0.9302897422236889,,,-1.1813857310458622,,0,25,20,20,246.31,,,,246.28,,,,,,245.64999999999998,247.79999999999995,249.31999999999996,251.46999999999994,244.12999999999997,241.98,240.45999999999998,0,0,0,0,0,0,0,0,0,0,0,0,0,0,0,0,0,0,0,0,0,0,,,,,,,,,,,,,,,,,,USD,1.0,stock,25.0
2025-09-12,246.095,247.5888,241.25,242.76,8386354,,,,248.60865267256312,248.68253920261697,248.54764285691516,248.43620427585353,45.516458569807035,-0.593518001795843,0.2681704508726285,-0.8616884526684715,0,7.308485714285715,0.5,0.05,12828968.9,,0.65370444541338,,34.81608212147129,,3.335000000000008,1.4937999999999931,1.509999999999991,,0,-2.409232440502197,,,,0,,,-1.4292675004060507,-3.1903014834901877,,,-2.3525539476159194,,0,25,20,20,246.31,,,,242.76,,,,,,243.86626666666666,246.48253333333332,250.20506666666665,252.8213333333333,240.14373333333333,237.52746666666667,233.80493333333334,0,0,0,0,0,0,0,0,0,0,0,0,0,0,0,0,0,0,0,0,0,0,,,,,,,,,,,,,,,,,,USD,1.0,stock,25.0
2025-09-15,243.25,244.71,240.84,242.52,7244575,,,,248.0287809894619,248.44087099859277,248.4282835924218,248.37733657161618,45.649699138071234,-0.995289528264351,0.01547845504523257,-1.0107679833095835,0,7.400628571428571,0.5,0.05,12817105.7,,0.565227062143991,,33.78956372968352,39.49244368406044,0.7299999999999898,1.460000000000008,1.6800000000000068,,0,-2.2714749255574316,,,,0,,,-0.0988630746416086,-3.8649066476394323,,,-2.2210249018221546,,0,25,20,20,246.31,,,,242.52,,,,,,242.69000000000003,244.54000000000005,246.56000000000003,248.41000000000005,240.67000000000004,238.82000000000002,236.80000000000004,0,0,0,0,0,0,0,0,0,0,0,0,0,0,0,0,0,0,0,0,0,0,,,,,,,,,,,,,,,,,,USD,1.0,stock,25.0
2025-09-16,242.52,242.68,237.24,239.31,8779787,,,,247.19842089522743,248.08279762609894,248.24772352128474,248.28711431717224,46.34307412910682,-1.5547938350044888,-0.2985760029647117,-1.256217832039777,0,7.362057142857141,0.5,0.05,12763831.9,,0.6878645119104083,,20.059880239520954,29.55517536355859,3.210000000000008,0.1599999999999966,2.069999999999993,,0,-3.2963189566785447,,,,0,,,-1.3236021771400375,-5.058319447750536,,,-3.1911291612056267,,0,25,20,20,244.98000000000002,,,,239.31,,,,,,239.74333333333334,242.24666666666667,245.18333333333334,247.68666666666667,236.80666666666667,234.30333333333334,231.36666666666667,0,0,0,0,0,0,0,0,0,0,0,0,0,0,0,0,0,0,0,0,0,0,,,,,,,,,,,,,,,,,,USD,1.0,stock,25.0
2025-09-17,239.97,243.0,239.38,242.21,10123962,,,,246.72333319092004,247.85249183684016,248.12816463967513,248.2266455179964,43.03242769500439,-1.7440944304846084,-0.587679688468691,-1.1564147420159174,1,7.152057142857141,0.5,0.05,12034433.5,,0.8412495694126358,,32.46364414029087,28.77102936983178,2.240000000000009,0.789999999999992,0.5900000000000034,,0,-1.8633967181041395,,,,0,,,1.2118173080940986,-0.14841076802571962,,,-1.8293094262906695,,0,25,20,20,246.29000000000002,,,,242.21,,,,,,241.53,243.68,245.15,247.3,240.06,237.91,236.44,0,0,0,0,0,0,0,0,0,0,0,0,0,0,0,0,0,0,0,0,0,0,,,,,,,,,,,,,,,,,,USD,1.0,stock,25.0
2025-09-18,244.155,247.29,242.95,244.28,9344384,,,,246.4906347917848,247.7123941177484,248.05196335968157,248.18737541333974,40.639269406392685,-1.7074029377070872,-0.8116243383163704,-0.8957785993907168,1,7.122771428571426,0.5,0.05,9872120.5,,0.9465427412479416,,41.31736526946107,31.280296549757633,0.125,3.009999999999991,1.2050000000000125,,0,-0.9049593874999176,,,,0,,,0.8546302795095162,-0.8120838070488912,,,-0.8968433196872418,,0,25,20,20,246.29000000000002,,,,244.28,,,,,,244.84,246.73000000000002,249.18,251.07000000000002,242.39000000000001,240.5,238.05,0,0,0,0,0,0,0,0,0,0,0,0,0,0,0,0,0,0,0,0,0,0,,,,,,,,,,,,,,,,,,USD,1.0,stock,25.0
2025-09-19,246.02,247.2,243.35,247.09,11813947,247.81350000000003,,,246.5477171925672,247.68798650528768,248.03291458028193,248.17645625499807,41.797994269340975,-1.4350389141610833,-0.936307253485313,-0.49873166067577035,1,7.057057142857141,0.5,0.05,9750571.6,10553938.65,1.2116158400395727,1.1193874999453404,53.336184773310535,42.372398061020824,1.0699999999999932,0.10999999999998522,2.670000000000016,,0,0.2194677273191137,-0.2928082884778946,,,0,,,1.1503193057147643,1.7836546383259266,,258.0,0.2199504475676186,258.0,0,25,20,20,246.29000000000002,,,,247.09,,,,,,245.88,248.41,249.73,252.26,244.56,242.03,240.71,0,0,0,0,0,0,0,0,0,0,0,0,0,0,0,0,0,0,0,0,0,0,,,,,,,,,,,,,,,,,,USD,1.0,stock,25.0
2025-09-22,245.28,250.48,243.16,249.69,7523794,247.8835,,,246.84698222184653,247.76649683841364,248.0657281529496,248.19151639176425,47.12079927338782,-0.9978871701958667,-0.9486232368274238,-0.049263933368442925,1,7.044199999999997,0.5,0.05,9242727.2,10595414.05,0.8140231597444529,0.7100991017901749,64.45680068434558,53.036783575705726,4.409999999999997,0.789999999999992,2.1200000000000045,,0,1.1386189988199233,0.7234971364491969,,,0,,,1.0522481686834784,2.956457199406226,0.5638567803777805,258.0,1.151732847841092,258.0,0,25,20,20,245.615,,,,249.69,,,,,,247.77666666666664,252.3933333333333,255.09666666666664,259.71333333333325,245.0733333333333,240.45666666666665,237.7533333333333,0,0,0,0,0,0,0,0,0,0,0,0,0,0,0,0,0,0,0,0,0,0,,,,,,,,,,,,,,,,,,USD,1.0,stock,25.0
2025-09-23,249.74,251.36,244.13,244.56,7669787,247.71800000000002,,,246.62917439119448,247.6407518643582,247.99630779348522,248.15538190030392,39.49461035518645,-1.0532482007621695,-0.969548229614373,-0.08369997114779648,0,7.028128571428569,0.5,0.05,8919512.2,10731017.1,0.8598886158819313,0.7147306661173805,47.97297297297296,55.25531947687636,5.180000000000007,1.6200000000000045,0.4300000000000068,,0,-0.846080467449493,-1.2912986588158388,,,0,,,-2.054547639072446,2.1938071956876026,-1.3353774155807518,258.0,-0.8389820045832974,258.0,0,25,20,20,244.3,,,,244.56,,,,,,246.6833333333333,249.23666666666662,253.91333333333333,256.46666666666664,242.0066666666666,239.4533333333333,234.77666666666659,0,0,0,0,0,0,0,0,0,0,0,0,0,0,0,0,0,0,0,0,0,0,,,,,,,,,,,,,,,,,,USD,1.0,stock,25.0
2025-09-24,245.665,248.8412,243.01,245.89,6707081,247.8255,,,246.55877683012835,247.57209492850103,247.95459872826768,248.13284078686806,52.06684256816182,-0.9785225329635523,-0.971343090284209,-0.00717944267934334,1,5.885357142857141,0.5,0.05,8453856.2,10623255.6,0.7933753356249424,0.6313583380221032,47.79005524861867,53.40660963531241,0.22499999999999432,2.9512,2.655000000000001,,0,-0.27198211807245737,-0.7871405913213303,,,0,,,0.5438338240104645,1.519342719128014,0.8820874702551773,258.0,-0.2712443818575287,258.0,0,25,20,20,244.3,,,,245.89,,,,,,245.9137333333333,248.81746666666663,251.7449333333333,254.64866666666663,242.98626666666664,240.08253333333332,237.15506666666664,0,0,0,0,0,0,0,0,0,0,0,0,0,0,0,0,0,0,0,0,0,0,,,,,,,,,,,,,,,,,,USD,1.0,stock,25.0
2025-09-25,244.5,244.66,239.485,240.95,8145495,247.36499999999995,,,246.02460760821137,247.3124049313049,247.81589380295546,248.06136973426243,38.7680329745821,-1.3028996019764918,-1.0376543926226656,-0.26524520935382623,0,5.834285714285711,0.5,0.05,8573916.6,10705186.5,0.9500319842159417,0.7608923954757818,20.497237569060665,38.753421930217435,3.5500000000000114,0.1599999999999966,1.464999999999975,,0,-2.106083257195012,-2.6623780867399724,,,0,,,-2.0090284273455605,-1.3631897822171335,-3.6816437480012842,258.0,-2.06264229320206,258.0,0,25,20,20,244.3,,,,240.95,,,,,,241.69833333333335,243.9116666666667,246.87333333333333,249.08666666666667,238.7366666666667,236.52333333333337,233.56166666666672,0,0,0,0,0,0,0,0,0,0,0,0,0,0,0,0,0,0,0,0,0,0,,,,,,,,,,,,,,,,,,USD,1.0,stock,25.0
2025-09-26,240.69,244.53,240.35,243.43,4974641,246.81,,,245.77750212171503,247.16015375752824,247.7290444207187,248.0152864533245,40.098566308243726,-1.344358563716213,-1.098995226841375,-0.24536333687483802,1,5.73035714285714,0.5,0.05,8232745.3,10530857.1,0.6042505651182966,0.4723870956334599,34.19889502762431,34.16206261510121,2.740000000000009,1.0999999999999943,0.3400000000000034,,0,-0.9643438038512198,-1.3884895041695746,,,0,,,1.0292591824029973,-1.4812416528390493,-4.360979059442894,258.0,-0.9551330375847353,258.0,0,25,20,20,244.3,,,,243.43,,,,,,242.76999999999998,245.18999999999997,246.95,249.36999999999998,241.00999999999996,238.58999999999997,236.82999999999996,0,0,0,0,0,0,0,0,0,0,0,0,0,0,0,0,0,0,0,0,0,0,,,,,,,,,,,,,,,,,,USD,1.0,stock,25.0
2025-09-29,244.72,245.82,242.87,245.1,6373506,246.2525,,,245.71297811012312,247.07936341409578,247.6769841351599,247.9862786279183,42.45119305856832,-1.228300957515529,-1.1248563729762058,-0.10344458453932326,1,5.6460714285714255,0.5,0.05,8145638.4,10481372.05,0.7824440132279871,0.6080793592285467,46.92537313432827,33.87383524367109,0.37999999999999545,0.7199999999999989,1.8499999999999943,,0,-0.25009306818568877,-0.4702162382700953,,,0,,,0.6860288378589319,-1.838279466538506,-4.351219512195126,258.0,-0.24946916310151102,258.0,0,25,20,20,245.37,246.31,245.84,,245.1,,,,,,244.59666666666666,246.32333333333332,247.54666666666665,249.2733333333333,243.37333333333333,241.64666666666668,240.42333333333335,0,0,0,0,0,0,0,0,0,0,0,0,0,0,0,0,0,0,0,0,0,0,,,,,,,,,,,,,,,,,,USD,1.0,stock,25.0
2025-09-30,245.05,245.21,235.81,237.0,10801099,245.45950000000002,,,244.8831706710638,246.68409426060182,247.46555870674086,247.8769624226654,43.770968463431004,-1.769528748013414,-1.2537908479836475,-0.5157379000297666,0,5.44178571428571,0.5,0.05,8347769.6,10555800.75,1.2938904063667498,1.0232382417790522,7.652733118971041,29.592333760307877,8.050000000000011,0.1599999999999966,1.1899999999999977,,0,-3.326232350659829,-3.56940928270043,,,0,,,-3.3047735618115026,-3.0912659470068715,-6.27224551135016,258.0,-3.2191557506631456,258.0,0,25,20,20,243.585,246.31,244.9475,,237.0,,,,,,239.34,242.87,248.74,252.27,233.47,229.94,224.07,0,0,0,0,0,0,0,0,0,0,0,0,0,0,0,0,0,0,0,0,0,0,,,,,,,,,,,,,,,,,,USD,1.0,stock,25.0
2025-10-01,236.49,242.47,233.51,235.69,10016630,244.4215,,,244.00763060715295,246.25295330920568,247.23237932640936,247.7556991149772,37.48522807846844,-2.2779034699360636,-1.4586133723741308,-0.8192900975619328,0,5.753214285714283,0.5,0.05,8337036.4,10185734.95,1.2014617088633557,0.9833978646774036,12.212885154061647,22.263663802453653,0.8000000000000114,5.97999999999999,2.180000000000007,,0,-3.529055372375981,-3.704654418940138,,,0,,,-0.5527426160337523,-4.148196347960464,-8.095145252485858,255.34,-3.40875840089778,255.34,0,25,20,20,242.435,245.755,244.095,,235.69,,,,,,237.22333333333336,240.93666666666672,246.18333333333337,249.89666666666673,231.97666666666672,228.26333333333335,223.0166666666667,0,0,0,0,0,0,0,0,0,0,0,0,0,0,0,0,0,0,0,0,0,0,,,,,,,,,,,,,,,,,,USD,1.0,stock,25.0
2025-10-02,235.43,239.4,233.6,238.88,7679234,244.16500000000002,,,243.51928483504312,245.96381788531528,247.06698567638145,247.66738370089783,45.37875178656503,-2.39577080511836,-1.6460448589229768,-0.7497259461953834,1,5.71472857142857,0.5,0.05,8170521.4,9021320.95,0.9398707406849213,0.8512316591507589,30.084033613445364,16.649883962159354,3.4499999999999886,0.5200000000000102,1.8300000000000125,,0,-1.9420984741473242,-2.2124079035499102,,,0,,,1.3534727820442072,-0.8590993982153905,-2.102372853571577,255.34,-1.905099564572769,255.34,0,25,20,20,242.435,245.755,244.095,,238.88,,,,,,237.29333333333332,240.98666666666665,243.09333333333333,246.78666666666666,235.18666666666664,231.4933333333333,229.38666666666663,0,0,0,0,0,0,0,0,0,0,0,0,0,0,0,0,0,0,0,0,0,0,,,,,,,,,,,,,,,,,,USD,1.0,stock,25.0
2025-10-03,238.75,242.81,238.5,240.36,8849786,243.64499999999998,,,243.21840056503902,245.7440603211853,246.93417407882936,247.59467341531678,47.5011568718186,-2.3427520984364776,-1.7853863068256772,-0.5573657916108004,1,5.746157142857141,0.5,0.05,7874105.3,8812338.45,1.123910039658728,1.0042494452763557,38.3753501400561,26.89075630252104,1.6100000000000136,2.4499999999999886,0.25,,0,-1.1892164108166938,-1.3666999500748744,,,0,,,0.6195579370395166,-1.2611428336688157,-4.147391928537236,255.34,-1.1752402607691028,255.34,0,25,20,20,242.435,245.755,244.095,,240.36,,,,,,240.5566666666667,242.6133333333334,244.8666666666667,246.9233333333334,238.3033333333334,236.2466666666667,233.9933333333334,0,0,0,0,0,0,0,0,0,0,0,0,0,0,0,0,0,0,0,0,0,0,,,,,,,,,,,,,,,,,,USD,1.0,stock,25.0
2025-10-06,239.33,250.47,235.41,245.78,13922574,243.32050000000004,,,243.46236241598768,245.7454697203545,246.9113191465753,247.5766169634231,57.12084525643847,-1.842150523703566,-1.796739150201255,-0.04541137350231095,1,6.433299999999998,0.5,0.05,8513983.3,8878355.25,1.63525972619655,1.5681478841477987,68.7394957983193,45.732959850606925,6.449999999999989,4.689999999999998,3.920000000000016,,0,0.9429724078494252,1.0006916754821233,,,0,,,2.2549509069728746,0.2774377804977579,-2.5726404249415302,255.34,0.9519490244871306,255.34,0,25,20,20,241.99,245.755,243.8725,,245.78,,,,,,243.88666666666666,252.36333333333332,258.94666666666666,267.4233333333333,237.3033333333333,228.82666666666665,222.2433333333333,0,0,0,0,0,0,0,0,0,0,0,0,0,0,0,0,0,0,0,0,0,0,,,,,,,,,,,,,,,,,,USD,1.0,stock,25.0
2025-10-07,246.48,247.36,237.55,239.74,8387424,242.7045,,,243.10785170970314,245.50996110387,246.76931282684112,247.49864067522986,47.45727815523986,-1.9107715061925319,-1.8195456213995107,-0.09122588479302118,0,6.870442857142856,0.5,0.05,8585747.0,8752629.6,0.9769009033226812,0.9582747566514183,34.901960784313786,47.33893557422973,6.739999999999981,0.8800000000000239,2.1899999999999977,,0,-1.4047934052319728,-1.2365479269208253,,,0,,,-2.4574823012450175,1.1561181434599277,-4.887725144806787,253.99,-1.3853323477699553,253.99,0,25,20,20,241.99,245.755,243.8725,,239.74,,,,,,241.55000000000004,245.55000000000007,251.36000000000004,255.36000000000007,235.74000000000007,231.74000000000004,225.93000000000006,0,0,0,0,0,0,0,0,0,0,0,0,0,0,0,0,0,0,0,0,0,0,,,,,,,,,,,,,,,,,,USD,1.0,stock,25.0
2025-10-08,239.74,241.32,235.645,240.43,7120245,242.59750000000003,,,242.85281821354093,245.31074694293395,246.64378187977493,247.428305942143,45.92074592074592,-1.8877164753084514,-1.8331797921812991,-0.05453668312715232,1,6.912942857142856,0.5,0.05,8627063.4,8540459.8,0.8253382025684429,0.8337074544862326,38.76750700280116,47.46965452847809,0.6899999999999977,0.8899999999999864,4.094999999999999,,0,-1.0077021226722627,-0.9015097949507209,,,0,,,0.2878117961124582,2.011116296830595,-0.8822195654862419,251.36,-0.9976487945923416,251.36,0,25,20,20,241.99,245.755,243.8725,,240.43,,,,,,239.13166666666666,242.6183333333333,244.80666666666664,248.2933333333333,236.94333333333333,233.45666666666668,231.26833333333335,0,0,0,0,0,0,0,0,0,0,0,0,0,0,0,0,0,0,0,0,0,0,,,,,,,,,,,,,,,,,,USD,1.0,stock,25.0
2025-10-09,239.27,245.96,237.1473,245.33,7929056,242.55,,,243.08874028844178,245.3115019647797,246.6177663970071,247.40742727605203,48.21428571428572,-1.4572577875752586,-1.7579953912600912,0.3007376036848326,1,7.267421428571429,0.5,0.05,8605419.5,8589668.05,0.9214026114589765,0.9230922491818527,66.21848739495803,46.62931839402433,6.060000000000002,0.6299999999999955,2.122700000000009,,0,0.9135693602731946,1.1331675702115522,,,0,,,2.038015222725953,2.7001004688546715,-0.38573980834821775,251.36,0.9219924003468105,251.36,0,25,20,20,241.99,244.425,243.2075,,245.33,,,,,,242.81243333333336,248.47756666666672,251.62513333333337,257.29026666666675,239.6648666666667,233.99973333333335,230.8521666666667,0,0,0,0,0,0,0,0,0,0,0,0,0,0,0,0,0,0,0,0,0,0,,,,,,,,,,,,,,,,,,USD,1.0,stock,25.0
2025-10-10,246.52,249.05,240.72,241.68,7988316,242.496,,,242.95457454668542,245.16909012302364,246.51998884459113,247.35043794992217,42.04251937214385,-1.3945649947634706,-1.6853093119607672,0.29074431719729654,0,7.339564285714287,0.5,0.05,8906787.0,8569766.15,0.8968796491933623,0.9321509899077001,45.77030812324933,50.252100840336176,4.840000000000003,2.530000000000001,0.960000000000008,,0,-0.5273810603630481,-0.33763654419066635,,,0,,,-1.487791953695028,0.5491762356465202,-0.44488383588728864,251.36,-0.5246143436745605,251.36,0,25,20,20,241.99,244.425,243.2075,,241.68,,,,,,243.8166666666667,246.91333333333338,252.1466666666667,255.2433333333334,238.58333333333337,235.48666666666668,230.25333333333336,0,0,0,0,0,0,0,0,0,0,0,0,0,0,0,0,0,0,0,0,0,0,,,,,,,,,,,,,,,,,,USD,1.0,stock,25.0
2025-10-13,242.89,249.3499,242.365,248.75,8276527,242.80749999999998,,,243.50651982795347,245.30951796133644,246.56414748133187,247.3643639404702,54.00803520183661,-0.7655656272355884,-1.5013605750157315,0.7357949477801431,1,7.370985714285713,0.5,0.05,9097089.1,8621363.75,0.9097994873986669,0.9600020646385556,89.85849056603774,67.28242869474838,5.860000000000014,0.599899999999991,0.5249999999999773,,0,2.107931727455892,2.3889447236181,,,0,,,2.9253558424362724,1.20839775408903,2.568860300181419,251.36,2.153322291227047,251.36,0,25,20,20,241.99,244.425,243.2075,,248.75,,,,,,246.82163333333332,251.27826666666664,253.8065333333333,258.2631666666666,244.29336666666666,239.83673333333334,237.30846666666667,0,0,0,0,0,0,0,0,0,0,0,0,0,0,0,0,0,0,0,0,0,0,,,,,,,,,,,,,,,,,,USD,1.0,stock,25.0
2025-10-14,248.11,248.28,239.55,239.77,9123850,242.83050000000003,,,243.1506607967198,245.09228196285267,246.4296099074441,247.2887981301173,44.893190921228324,-0.980388736696824,-1.3971662073519502,0.41677747065512616,0,7.611614285714284,0.5,0.05,8929364.2,8638566.9,1.0217804757028501,1.0561763433237983,36.91037735849066,57.51305868259258,8.340000000000003,0.1699999999999875,0.21999999999999886,,0,-1.409959876848555,-1.276431580264428,,,0,,,-3.6100502512562804,0.012513556352722333,0.19221929714596797,251.36,-1.3903564093317846,251.36,0,25,20,20,242.035,244.425,243.23000000000002,,239.77,,,,,,242.53333333333333,245.51666666666665,251.26333333333332,254.24666666666664,236.78666666666666,233.80333333333334,228.05666666666667,0,0,0,0,0,0,0,0,0,0,0,0,0,0,0,0,0,0,0,0,0,0,,,,,,,,,,,,,,,,,,USD,1.0,stock,25.0
2025-10-15,240.87,241.317,235.9,236.58,8389242,242.54900000000004,,,242.52488357798455,244.7584669839173,246.23456812709867,247.1822429248425,46.24376826542894,-1.3919978539476574,-1.3961325366710917,0.004134682723434313,0,7.541042857142857,0.5,0.05,8766625.4,8551830.9,0.9569522612429635,0.980987825659649,18.101415094339742,48.290094339622726,4.289999999999992,0.44700000000000273,0.6800000000000068,,0,-2.5128428345526,-2.523036604953936,,,0,,,-1.3304416732702218,-1.6012976749989583,-2.3244292143181466,251.36,-2.451246853633865,251.36,0,25,20,20,242.94,243.75,243.345,,236.58,,,,,,237.93233333333333,239.96466666666666,243.34933333333333,245.38166666666666,234.54766666666666,232.51533333333333,229.13066666666666,0,0,0,0,0,0,0,0,0,0,0,0,0,0,0,0,0,0,0,0,0,0,,,,,,,,,,,,,,,,,,USD,1.0,stock,25.0
2025-10-16,253.19,256.74,242.67,246.0,24869700,242.635,,,242.85584704674793,244.80715455317545,246.22992321369077,247.17047931365005,51.973583166948245,-0.947167414711771,-1.3063395122792276,0.3591720975674566,1,8.682471428571429,0.5,0.05,10485672.0,9328096.7,2.3717793194370373,2.666106580992026,53.766681015927674,36.2594911562527,7.189999999999998,3.5500000000000114,3.3300000000000125,,0,1.2781109566065345,1.3678861788617924,,,0,,,3.9817397920365094,0.2731015367056555,0.7041100376617093,256.74,1.2946581239391979,256.74,0,25,20,20,246.075,245.125,245.6,,246.0,,,,,,248.47,254.27,262.54,268.34000000000003,240.2,234.39999999999998,226.12999999999997,0,0,0,0,0,0,0,0,0,0,0,0,0,0,0,0,0,0,0,0,0,0,,,,,,,,,,,,,,,,,,USD,1.0,stock,25.0
2025-10-17,246.57,250.78,242.16,243.08,10851168,242.43449999999999,,,242.87719494705763,244.73942300207054,246.16754849658798,247.12977802694706,48.47799879445451,-0.8207940801000291,-1.209230425843388,0.38843634574335884,1,9.08747142857143,0.5,0.05,10685810.2,9279957.75,1.0154745215294954,1.1693122201984163,41.19672836848908,37.688274826252176,3.4899999999999807,4.210000000000008,0.9200000000000159,,0,0.08343140239525293,0.2655504360704405,,,0,,,-1.1869918699186965,0.5792783846408467,-1.622890444777203,256.74,0.08350106850772394,256.74,0,25,20,20,246.1925,245.125,245.65875,,243.08,,,,,,245.34,248.52,253.96,257.14,239.9,236.72,231.28,0,0,0,0,0,0,0,0,0,0,0,0,0,0,0,0,0,0,0,0,0,0,,,,,,,,,,,,,,,,,,USD,1.0,stock,25.0
2025-10-20,245.0,255.4,244.3,254.28,9963869,242.664,,,243.96317638067117,245.11356327649915,246.32819110061592,247.20092451424114,62.43881370572992,0.181017439383254,-0.9311808527980595,1.1121982921813136,1,9.296042857142856,0.5,0.05,10289939.7,9401961.5,0.968311699630271,1.059764922457936,89.41024537236329,61.45788491892669,9.280000000000001,1.1200000000000045,0.6999999999999886,,0,4.057269002410268,4.568192543652671,,,0,,,4.607536613460583,2.2231155778894562,1.8382794665385171,256.74,4.2288446036752845,256.74,0,25,20,20,246.1925,245.125,245.65875,,254.28,,,,,,251.32666666666668,258.35333333333335,262.4266666666667,269.4533333333334,247.25333333333336,240.2266666666667,236.15333333333336,0,0,0,0,0,0,0,0,0,0,0,0,0,0,0,0,0,0,0,0,0,0,,,,,,,,,,,,,,,,,,USD,1.0,stock,25.0
2025-10-21,254.5,267.125,254.0,263.41,13354739,243.60649999999995,,,245.81525482060727,245.83107059898938,246.66644474218788,247.36220884743278,67.93478260869568,1.6921687160225076,-0.40651093903394614,2.0986796550564537,1,9.593542857142856,0.5,0.05,10786671.2,9686209.1,1.2380778789289508,1.3787374257695924,88.9187173750933,73.1752303719819,8.910000000000025,3.714999999999975,0.5,,0,6.679604107434326,7.518127633726916,,,0,,,3.590530124272462,9.859448638278344,7.707719986915285,267.125,7.1577108557535105,267.125,0,25,20,20,251.5125,250.3175,250.915,,263.41,,,,,,261.5116666666667,269.0233333333334,274.6366666666667,282.1483333333334,255.89833333333343,248.3866666666667,242.77333333333343,0,0,0,0,0,0,0,0,0,0,0,0,0,0,0,0,0,0,0,0,0,0,,,,,,,,,,,,,,,,,,USD,1.0,stock,25.0
2025-10-22,262.2,262.4,256.51,256.64,9369960,244.144,,,246.8461829329304,246.25495018334274,246.86394088590694,247.45452517730908,60.98194410091516,2.316778192409089,0.1381468872546609,2.178631305154428,1,9.672114285714287,0.5,0.05,11011642.7,9819353.05,0.8509139149602085,0.9542339451782925,66.93993378527507,81.75629884424389,5.560000000000002,0.19999999999998863,0.12999999999999545,,0,3.8161693684030538,4.86907730673316,,,0,,,-2.5701378079799664,8.479161383041657,4.371873602017162,267.125,3.967578899014467,267.125,0,25,20,20,251.5125,250.3175,250.915,,256.64,,,,,,258.51666666666665,260.5233333333333,264.40666666666664,266.4133333333333,254.63333333333333,252.62666666666667,248.74333333333334,0,0,0,0,0,0,0,0,0,0,0,0,0,0,0,0,0,0,0,0,0,0,,,,,,,,,,,,,,,,,,USD,1.0,stock,25.0
2025-10-23,257.6,258.56,254.12,255.05,6110051,244.84900000000002,,,247.6274988440799,246.59985409772148,247.026041066384,247.53010204121645,59.0712609608497,2.6529049537671483,0.6410985005571584,2.01180645320999,0,9.6814,0.5,0.05,10829742.2,9717580.85,0.5641917311752814,0.6287625587390919,61.92653318618954,72.59506144885265,2.5500000000000114,0.9599999999999795,0.9300000000000068,,0,2.9102141368045937,3.9996079200156807,,,0,,,-0.6195448877805432,3.678861788617893,5.851836480597639,267.125,2.997446241054891,267.125,0,25,20,20,251.5125,250.3175,250.915,,255.05,,,,,,255.91,257.7,260.35,262.14,253.26,251.47,248.82,0,0,0,0,0,0,0,0,0,0,0,0,0,0,0,0,0,0,0,0,0,0,,,,,,,,,,,,,,,,,,USD,1.0,stock,25.0
2025-10-24,257.42,258.5,254.0,254.83,5490805,245.419,,,248.3134513351199,246.92260491741868,247.18057490665362,247.6027378418014,55.97202058862347,2.8684697388338236,1.0865727482124914,1.7818969906213322,0,8.927114285714286,0.5,0.05,10579991.1,9743389.05,0.5189801152101159,0.5635415943900957,60.943456162642974,63.269974378035876,2.5900000000000034,1.079999999999984,0.8300000000000125,,0,2.5572140897382982,3.693050268806656,,,0,,,-0.08625759654969922,4.833799572157305,4.683071108737624,267.125,2.624323664240595,267.125,0,25,20,20,251.5125,250.3175,250.915,,254.83,,,,,,255.77666666666667,257.55333333333334,260.27666666666664,262.05333333333334,253.05333333333334,251.27666666666667,248.55333333333334,0,0,0,0,0,0,0,0,0,0,0,0,0,0,0,0,0,0,0,0,0,0,,,,,,,,,,,,,,,,,,USD,1.0,stock,25.0
2025-10-27,257.08,258.1,254.92,255.47,4942412,245.9375,,,248.99502739844183,247.2577968814415,247.34472193820503,247.68101905730586,61.17663777177775,3.055724544924999,1.480403107554993,1.575321437370006,0,8.45997142857143,0.5,0.05,10246579.6,9671834.35,0.4823474947679126,0.5110108197831159,62.976493011435814,61.94882745342279,1.6099999999999852,1.0200000000000387,0.5500000000000114,,0,2.5345334487643028,3.7313578893803574,,,0,,,0.2511478240395437,0.46798804467516053,4.230926152590775,267.125,2.6004425346201447,267.125,0,25,20,20,251.5125,250.3175,250.915,,255.47,,,,,,256.16333333333336,257.40666666666675,259.34333333333336,260.58666666666676,254.2266666666667,252.98333333333332,251.04666666666665,0,0,0,0,0,0,0,0,0,0,0,0,0,0,0,0,0,0,0,0,0,0,,,,,,,,,,,,,,,,,,USD,1.0,stock,25.0
2025-10-28,255.47,258.84,254.14,254.26,6435589,246.8005,,,249.49645336049497,247.53239308216928,247.4816581374485,247.7464815542481,59.754549301735075,3.0710868625756405,1.7985398585591226,1.2725470040165179,0,8.390328571428572,0.5,0.05,9977753.5,9453558.85,0.6449937854247452,0.6807583368458113,58.79903923138507,60.90632946848797,1.210000000000008,3.369999999999976,0.12000000000000455,,0,1.8734943127133734,2.9338079131597543,,,0,,,-0.47363682624183,-3.473672222011326,7.282700421940924,267.125,1.9092642702308162,267.125,0,25,20,20,254.64249999999998,250.3175,252.48,,254.26,,,,,,255.74666666666667,257.35333333333335,260.44666666666666,262.05333333333334,252.65333333333336,251.04666666666668,247.95333333333338,0,0,0,0,0,0,0,0,0,0,0,0,0,0,0,0,0,0,0,0,0,0,,,,,,,,,,,,,,,,,,USD,1.0,stock,25.0
2025-10-29,252.0,253.57,249.04,251.46,7904176,247.589,,,249.6834578023526,247.68641688286854,247.56043718423172,247.78343198654414,54.455589475214424,2.8247629021871035,2.003784467284719,0.8209784349023845,0,8.133707142857144,0.5,0.05,9929246.9,9347936.15,0.7960498998166718,0.8455530582544682,49.83186549239393,57.20246591173828,0.539999999999992,1.5699999999999932,2.420000000000016,,0,0.7064909717837492,1.5394098464964643,,,0,,,-1.1012349563438883,-2.018391521196994,6.690992405278129,267.125,0.7115177806667962,267.125,0,25,20,20,254.64249999999998,250.3175,252.48,,251.46,,,,,,251.35666666666668,253.67333333333337,255.88666666666668,258.2033333333334,249.14333333333337,246.82666666666668,244.61333333333337,0,0,0,0,0,0,0,0,0,0,0,0,0,0,0,0,0,0,0,0,0,0,,,,,,,,,,,,,,,,,,USD,1.0,stock,25.0
2025-10-30,250.5,259.2808,250.0,256.65,7767832,248.47750000000002,,,250.34693801165236,248.03792994628546,247.7404285271182,247.87165654389196,60.64268448741645,3.01360010812553,2.2057475954528813,0.8078525126726488,0,8.201621428571428,0.5,0.05,8219060.1,9352366.05,0.9450997931016468,0.8305739914874268,66.45316253002395,58.36135575126766,6.149999999999977,2.630800000000022,0.5,,0,2.455897910908873,3.184297681667624,,,0,,,2.0639465521355094,0.6273279749068772,7.4388814467514885,267.125,2.5177308092556925,267.125,0,25,20,20,255.7125,250.3175,253.015,,256.65,,,,,,255.31026666666665,260.6205333333333,264.5910666666666,269.9013333333333,251.3397333333333,246.02946666666665,242.0589333333333,0,0,0,0,0,0,0,0,0,0,0,0,0,0,0,0,0,0,0,0,0,0,,,,,,,,,,,,,,,,,,USD,1.0,stock,25.0
2025-10-31,254.795,261.82,252.63,260.41,6878316,249.48000000000002,247.3484,,251.30532486768544,248.5231091640782,247.99131113054162,247.99641618027115,58.6988958519845,3.427149484765323,2.45002797331537,0.977121511449953,1,8.3102,0.5,0.05,7821774.9,9253792.55,0.8793804587754117,0.7432969739525876,78.49479583666941,64.9266079530291,5.6150000000000375,1.4099999999999682,2.164999999999992,,0,3.4962847556985457,4.197227449022697,5.015782804039793,,0,,,1.4650301967660484,2.1896950908448787,8.341654185388592,267.125,3.622953527589707,267.125,0,25,20,20,258.0825,250.3175,254.2,,260.41,,,,,,258.2866666666667,263.9433333333334,267.4766666666667,273.1333333333334,254.7533333333334,249.0966666666667,245.5633333333334,0,0,0,0,0,0,0,0,0,0,0,0,0,0,0,0,0,0,0,0,0,0,,,,,,,,,,,,,,,,,,USD,1.0,stock,25.0
2025-11-03,260.0,261.56,255.1,261.34,7054310,250.25799999999998,247.6094,,252.26100821362016,249.02573233411434,248.25564160320417,248.12918815857694,68.2889604883839,3.7862876062379485,2.7172798998998857,1.0690077063380627,1,8.114485714285717,0.5,0.05,7530819.0,8910379.35,0.936725474347478,0.791695810347289,81.47317854283418,75.47371230317586,1.339999999999975,0.22000000000002728,4.900000000000006,,0,3.474015377048985,4.2404530496670985,5.25392209382413,,0,,,0.3571291425060297,2.297725760363245,6.330865001220598,267.125,3.5990468168951137,267.125,0,25,20,20,255.71999999999997,250.3175,253.01874999999998,,261.34,,,,,,259.3333333333333,263.5666666666666,265.7933333333333,270.02666666666664,257.1066666666666,252.8733333333333,250.64666666666662,0,0,0,0,0,0,0,0,0,0,0,0,0,0,0,0,0,0,0,0,0,0,,,,,,,,,,,,,,,,,,USD,1.0,stock,25.0
2025-11-04,258.15,259.26,253.4567,254.44,6792207,250.993,247.7408,,252.46853124089444,249.23805655630593,248.37810414571499,248.1919823062528,64.24696873005743,3.4740877001980834,2.8686414599595254,0.6054462402385581,0,8.29065,0.5,0.05,6874565.8,8830618.5,0.9880197815547856,0.7691654893708748,49.18886441017424,69.71894626322596,3.7099999999999795,1.1100000000000136,0.9832999999999856,,0,0.7748265835189287,1.354739820782897,2.632919352303093,,0,,,-2.6402387694191343,0.07079367576496853,6.131642612830568,267.125,0.7808770263033189,267.125,0,25,20,20,255.43,250.3175,252.87375,250.3175,254.44,,,,,,255.7189,257.98109999999997,261.5222,263.78439999999995,252.1778,249.9156,246.3745,0,0,0,0,0,0,0,0,0,0,0,0,0,0,0,0,0,0,0,0,0,0,,,,,,,,,,,,,,,,,,USD,1.0,stock,25.0
2025-11-05,254.7,256.83,252.01,252.68,5241235,251.60549999999998,247.9196,,252.488671122714,249.37303473056846,248.46329020223547,248.23663919872791,56.07051981097784,3.049497030791372,2.904812574125895,0.1446844566654768,0,7.194935714285713,0.5,0.05,6461693.3,8736668.0,0.8111240748613061,0.5999123464460364,42.138994592429434,57.60034584847929,2.019999999999982,2.1299999999999955,0.6700000000000159,,0,0.07571983429080145,0.4252414120626994,1.8839639069178424,,0,,,-0.6917151391290677,0.485166626898903,5.095038056814882,267.125,0.07577721267066587,267.125,0,25,20,20,255.43,250.3175,252.87375,250.3175,252.68,,,,,,253.84,255.67000000000002,258.65999999999997,260.49,250.85000000000002,249.02,246.03000000000003,0,0,0,0,0,0,0,0,0,0,0,0,0,0,0,0,0,0,0,0,0,0,,,,,,,,,,,,,,,,,,USD,1.0,stock,25.0
2025-11-06,250.535,250.535,234.48,239.27,11041831,251.3025,247.7018,,251.22975006340792,248.976837290154,248.28124485169613,248.14741890819332,47.09204701572279,1.6123448307628792,2.646319025453292,-1.0339741946904129,0,7.879221428571428,0.5,0.05,6954871.3,8892306.75,1.587639874802572,1.2417285312385338,14.672997396232253,35.33361879961199,11.264999999999986,0.0,4.7900000000000205,,0,-4.99843275939646,-5.028837714715593,-3.5239687382454887,,0,,,-5.307107804337496,-6.771868303136552,-2.4701422573676246,267.125,-4.760483207259246,267.125,0,25,20,20,248.14999999999998,250.3625,249.25625,250.3175,239.27,,,,,,241.4283333333333,248.37666666666664,257.48333333333335,264.4316666666666,232.32166666666663,225.3733333333333,216.26666666666662,0,0,0,0,0,0,0,0,0,0,0,0,0,0,0,0,0,0,0,0,0,0,,,,,,,,,,,,,,,,,,USD,1.0,stock,25.0
2025-11-07,236.15,240.97,235.79,239.88,5741472,251.2125,247.4088,,250.1488214859405,248.62009857289308,248.11488356750414,248.06515603348495,36.89002184996356,0.5166575534668709,2.2203867310560077,-1.7037291775891368,0,7.3692214285714295,0.5,0.05,6979938.0,8779964.55,0.822567764928571,0.6539288361933078,16.541583703476807,24.451191897379513,3.7299999999999898,1.0900000000000034,0.36000000000001364,,0,-4.28081602715545,-4.724237118559284,-3.1385692846423288,,0,,,0.2549421156016196,-7.883721823278689,-0.744786494538241,267.125,-4.10508489504023,267.125,0,25,20,20,248.14999999999998,250.8025,249.47625,250.3175,239.88,,,,,,238.88,241.97,244.06,247.15,236.79,233.7,231.60999999999999,0,0,0,0,0,0,0,0,0,0,0,0,0,0,0,0,0,0,0,0,0,0,,,,,,,,,,,,,,,,,,USD,1.0,stock,25.0
2025-11-10,240.0,241.91,235.08,241.71,6486584,250.8605,247.118,,249.34512420156523,248.34911431513257,247.98805418992978,248.0019206500672,27.215455690886117,-0.20169182394130303,1.7359710200565455,-1.9376628439978485,0,6.919578571428572,0.5,0.05,7134355.2,8690467.4,0.909203960015896,0.7464022015662817,25.895415472779447,19.03666552416285,1.710000000000008,0.19999999999998863,4.9199999999999875,,0,-3.1587953338981505,-3.785734971660251,-2.23739191593231,,0,,,0.7628814407203643,-7.511287977347503,-2.8301507537688453,267.125,-3.0620707848263957,267.125,0,25,20,20,248.14999999999998,250.8025,249.47625,250.3175,241.71,,,,,,239.5666666666667,244.05333333333337,246.39666666666668,250.88333333333335,237.2233333333334,232.7366666666667,230.3933333333334,0,0,0,0,0,0,0,0,0,0,0,0,0,0,0,0,0,0,0,0,0,0,,,,,,,,,,,,,,,,,,USD,1.0,stock,27.0
2025-11-11,241.9,245.7,241.16,244.5,5762752,251.09699999999998,246.9508,,248.88368380141614,248.19816865571562,247.91898380993115,247.9670756684745,36.09074243813013,-0.5396385803272779,1.280849099979781,-1.8204876803070589,1,6.75100714285714,0.5,0.05,7067071.5,8522412.5,0.8154370590420658,0.6761878752055243,36.64959765910757,26.36219894512129,2.5999999999999943,1.1999999999999886,0.7400000000000091,,0,-1.7929177101906506,-2.698159509202446,-1.002372188139054,,0,,,1.1542757850316443,-3.90661845621757,1.9727238603661768,267.125,-1.7613383627485497,267.125,0,25,20,20,248.14999999999998,250.8025,249.47625,250.3175,244.5,,,,,,243.78666666666666,246.41333333333333,248.32666666666665,250.95333333333332,241.87333333333333,239.24666666666667,237.33333333333334,0,0,0,0,0,0,0,0,0,0,0,0,0,0,0,0,0,0,0,0,0,0,,,,,,,,,,,,,,,,,,USD,1.0,stock,25.0
2025-11-12,245.74,248.4316,243.68,246.02,4278214,251.56900000000002,246.74220000000003,,248.61095201080508,248.11275027706012,247.8813801701305,247.94770178122602,39.63736515951341,-0.6770083913951623,0.8892776017047924,-1.5662859930999549,1,6.773264285714283,0.5,0.05,6704475.3,8316861.1,0.638113171958438,0.5144024829271227,42.209217264082,34.91807679865635,0.28000000000000114,2.411599999999993,2.0600000000000023,,0,-1.0531469030180751,-2.2555076823022544,-0.29355336964475043,,0,,,0.6216768916155413,-2.6357448155770125,3.9901935920196197,267.125,-1.0421713081620236,267.125,0,25,20,20,248.14999999999998,250.8025,249.47625,250.3175,246.02,,,,,,246.04386666666667,248.40773333333334,250.79546666666667,253.15933333333334,243.65613333333334,241.29226666666668,238.90453333333335,0,0,0,0,0,0,0,0,0,0,0,0,0,0,0,0,0,0,0,0,0,0,,,,,,,,,,,,,,,,,,USD,1.0,stock,25.0
2025-11-13,245.25,245.895,239.91,240.43,5542078,251.2905,246.6706,,247.83181372406173,247.81146595246955,247.73382808755366,247.87289877842775,35.288107887208795,-1.222845042329908,0.4668530728978524,-1.6896981152277604,0,6.888264285714284,0.5,0.05,6481899.9,7350480.0,0.855008266943462,0.7539749785048051,21.762984637893258,33.54059985369429,4.819999999999993,0.6450000000000102,0.5200000000000102,,0,-3.078573274575438,-4.517115168656159,-2.595599550804808,,0,,,-2.2721729940655244,0.48480795753751416,-2.2642276422764174,267.125,-2.9866277508274113,267.125,0,25,20,20,248.01999999999998,250.8025,249.41125,250.3175,240.43,,,,,,242.07833333333335,244.2466666666667,248.06333333333336,250.2316666666667,238.26166666666668,236.09333333333333,232.27666666666667,0,0,0,0,0,0,0,0,0,0,0,0,0,0,0,0,0,0,0,0,0,0,,,,,,,,,,,,,,,,,,USD,1.0,stock,25.0
2025-11-14,238.31,245.18,237.42,243.66,5512886,251.3195,246.5286,,247.43449813129396,247.64866336609822,247.65315822443378,247.83097938759764,38.540655928585274,-1.3788954663690163,0.09770336504447863,-1.476598831413495,1,7.2089785714285695,0.5,0.05,6345356.9,7083565.9,0.8688062920463937,0.7782642355314291,33.57717629846381,32.51645940014637,5.349999999999994,1.5200000000000102,0.8900000000000148,,0,-1.5490840233497363,-3.143519658540593,-1.1772962324550666,,0,,,1.3434263611030284,1.5757878939469672,0.23860457462563378,267.125,-1.5254534674025684,267.125,0,25,20,20,246.87,250.8025,248.83625,250.3175,243.66,,,,,,242.08666666666667,246.75333333333336,249.8466666666667,254.51333333333338,238.99333333333334,234.32666666666665,231.23333333333332,0,0,0,0,0,0,0,0,0,0,0,0,0,0,0,0,0,0,0,0,0,0,,,,,,,,,,,,,,,,,,USD,1.0,stock,25.0
2025-11-17,242.07,242.83,235.5894,237.03,5280850,250.45700000000002,246.2238,,246.4435935473612,247.2322451948787,247.4427986556331,247.72350695588025,34.87269534679541,-2.014332175045041,-0.32470374297342536,-1.6896284320716157,0,7.449735714285713,0.5,0.05,6168010.9,6849414.95,0.8561674234395402,0.7709928568424665,9.326993416239981,21.555718117532365,5.039999999999992,0.7600000000000193,1.4405999999999892,,0,-3.9714776810366574,-5.664683795300181,-3.8787495253765387,,0,,,-2.7210046786505737,-1.9362045426337349,-6.783860311467671,267.125,-3.8197761247756263,267.125,0,25,20,20,245.65499999999997,250.8025,248.22875,250.3175,237.03,,,,,,238.4831333333333,241.37686666666661,245.7237333333333,248.61746666666662,234.13626666666661,231.2425333333333,226.8956666666666,0,0,0,0,0,0,0,0,0,0,0,0,0,0,0,0,0,0,0,0,0,0,,,,,,,,,,,,,,,,,,USD,1.0,stock,25.0
2025-11-18,236.24,237.79,230.27,233.5,8045145,248.96149999999997,245.85260000000002,,245.2108703523744,246.69372577547168,247.1667036327493,247.58197952348343,34.431345353675425,-2.7708215373975236,-0.813927301858245,-1.9568942355392784,0,7.614021428571426,0.5,0.05,6293304.7,6583935.25,1.278365720954207,1.2219356197344133,10.237717908082383,17.713962540928737,2.740000000000009,1.549999999999983,3.2299999999999898,,0,-5.015362035278115,-6.6216274089935645,-5.290192719486091,,0,,,-1.4892629624941978,-4.498977505112478,-11.354921984738631,262.4,-4.775836542460607,262.4,0,25,20,20,240.4025,248.6975,244.55,248.6975,233.5,,,,,,233.85333333333332,237.43666666666664,241.3733333333333,244.95666666666662,229.91666666666666,226.33333333333334,222.39666666666668,0,0,0,0,0,0,0,0,0,0,0,0,0,0,0,0,0,0,0,0,0,0,,,,,,,,,,,,,,,,,,USD,1.0,stock,25.0
2025-11-19,232.0,232.28,225.06,227.88,9710689,247.5235,245.55880000000002,,243.56031127119587,245.95593260780612,246.7847887093285,247.38593992623484,25.245224574083622,-3.780255407760336,-1.4071929230386633,-2.3730624847216726,0,7.553964285714282,0.5,0.05,6740250.1,6600971.7,1.440701584648914,1.4710999291210414,7.671381936887905,9.07869775373677,4.1200000000000045,0.28000000000000114,2.819999999999993,,0,-6.880951058098946,-8.62010707389855,-7.757942776900134,,0,,,-2.406852248394009,-7.373384277701001,-11.20635910224439,261.82,-6.43795829844231,261.82,0,25,20,20,236.7458,246.0925,241.41915,246.0925,227.88,,,,,,228.40666666666667,231.75333333333333,235.62666666666667,238.97333333333333,224.53333333333333,221.18666666666667,217.31333333333333,0,0,0,0,0,0,0,0,0,0,0,0,0,0,0,0,0,0,0,0,0,0,,,,,,,,,,,,,,,,,,USD,1.0,stock,27.0
2025-11-20,229.245,231.0699,223.3,225.37,7521103,246.0395,245.1406,,241.82790067393913,245.1486411329902,246.36073348736159,247.16687584736684,19.18747801618001,-4.728270486731077,-2.0714084357771463,-2.6568620509539307,0,7.452528571428567,0.5,0.05,6388177.3,6671524.3,1.177347253652462,1.1273440164191564,5.4103502352326025,7.77315002673431,3.875,1.8248999999999853,2.069999999999993,,0,-7.30261377909177,-9.171362648089808,-8.772507432222568,,0,,,-1.101456907144105,-6.263777398827097,-11.636933934522641,261.82,-6.805625251707248,261.82,0,25,20,20,235.8658,245.2125,240.53915,245.2125,225.37,,,,,,226.57996666666668,229.85993333333334,234.34986666666666,237.62983333333332,222.09003333333337,218.8100666666667,214.3201333333334,0,0,0,0,0,0,0,0,0,0,0,0,0,0,0,0,0,0,0,0,0,0,,,,,,,,,,,,,,,,,,USD,1.0,stock,28.75
2025-11-21,224.86,228.68,221.9575,227.11,7479250,244.65349999999998,244.8276,,240.4261958478497,244.4412434415004,245.97953084404747,246.96730494341296,20.322524709554358,-5.278330500320919,-2.712792848685901,-2.5655376516350183,1,7.471278571428566,0.5,0.05,6561955.1,6770946.55,1.1397898775625577,1.1046092218819834,13.812747134910545,8.96482643567703,2.25,1.5699999999999932,2.9025000000000034,,0,-5.863324313262156,-7.724670864338851,-7.801329752102494,,0,,,0.7720637174424283,-6.792251497989,-10.877840128713256,261.82,-5.538579438438833,261.82,0,25,20,20,235.19455,244.54125,239.8679,244.54125,227.11,,,,,,225.91583333333335,229.8741666666667,232.63833333333335,236.5966666666667,223.1516666666667,219.19333333333336,216.4291666666667,0,0,0,0,0,0,0,0,0,0,0,0,0,0,0,0,0,0,0,0,0,0,,,,,,,,,,,,,,,,,,USD,1.0,stock,27.0
2025-11-24,227.34,228.84,225.04,226.82,8563304,243.221,244.5136,,239.130367671864,243.75021428693177,245.60013419367027,246.76683424745863,22.953388170779476,-5.672271189027242,-3.3046885167541693,-2.367582672273073,1,7.179614285714284,0.5,0.05,6769627.1,6951991.15,1.2649594835142397,1.23177717221346,13.943651874686319,11.055583081609837,0.5200000000000102,1.5,1.7800000000000011,,0,-5.427373102841026,-7.230843840931139,-7.800723040296272,,0,,,-0.12769142706178238,-4.307471628063963,-11.214624026304465,261.82,-5.147973380259411,261.82,0,25,20,20,235.19455,244.54125,239.8679,244.54125,226.82,,,,,,226.9,228.76000000000002,230.70000000000002,232.56000000000003,224.96,223.1,221.16,0,0,0,0,0,0,0,0,0,0,0,0,0,0,0,0,0,0,0,0,0,0,,,,,,,,,,,,,,,,,,USD,1.0,stock,27.0
2025-11-25,226.8,234.63,226.52,234.12,10232974,242.214,244.4098,,238.65318979835314,243.37255882469915,245.3728048036966,246.64099510071776,33.60424028268551,-5.333936729306828,-3.7105381592647015,-1.6233985700421263,1,7.414614285714284,0.5,0.05,7216649.3,7141860.4,1.4179674769563764,1.4328163009178951,42.55970606246173,23.438701690686212,7.319999999999993,0.5099999999999909,0.28000000000000114,,0,-1.936267639822798,-3.4572014351614526,-4.3950965316931425,,0,,,3.2184110748611383,0.26552462526767684,-7.921025721702191,261.82,-1.8994884594601036,261.82,0,25,20,20,233.92625,244.54125,239.23375,244.54125,234.12,,,,,,231.75666666666666,236.9933333333333,239.86666666666665,245.1033333333333,228.88333333333333,223.64666666666668,220.77333333333334,0,0,0,0,0,0,0,0,0,0,0,0,0,0,0,0,0,0,0,0,0,0,,,,,,,,,,,,,,,,,,USD,1.0,stock,25.0
2025-11-26,230.51,232.819,226.0,228.15,8506615,241.04850000000002,244.1286,,237.6528860080338,242.7755957335345,245.03175916401943,246.45700509971562,38.6899918633035,-5.484313585887065,-4.065293244589174,-1.419020341297891,1,6.694614285714282,0.5,0.05,7639489.4,7171982.35,1.1135057010485543,1.1860897845070688,23.390785711317843,26.631381216155308,2.359999999999985,2.3089999999999975,2.1500000000000057,,0,-4.165192201636548,-5.653517422748197,-7.0035502958579885,,0,,,-2.549974372116859,0.11848341232227888,-9.269863994273441,261.82,-3.9986411137933926,261.82,0,25,20,20,233.56875000000002,242.17874999999998,237.87375,244.54125,228.15,,,,,,228.98966666666664,231.97933333333327,235.80866666666662,238.79833333333326,225.16033333333328,222.17066666666665,218.3413333333333,0,0,0,0,0,0,0,0,0,0,0,0,0,0,0,0,0,0,0,0,0,0,,,,,,,,,,,,,,,,,,USD,1.0,stock,25.0
2025-11-28,229.0,232.56,228.625,230.54,3691505,239.743,243.8538,,236.97546829298295,242.29576844986647,244.74479363601904,246.29862693951944,40.832351786415394,-5.348975640633512,-4.322029723798042,-1.0269459168354702,1,6.6396142857142815,0.5,0.05,7454432.1,6968166.0,0.4952094204466629,0.5297670864901898,32.41847692650547,32.78965623342836,1.539999999999992,2.0200000000000102,0.375,,0,-2.791475792913577,-3.9919319857725357,-5.775049882883671,,0,,,1.0475564321718034,2.2940054133203214,-10.17338788233002,261.82,-2.7156685623790033,261.82,0,25,20,20,232.39375,241.88875000000002,237.14125,244.54125,230.54,,,,,,230.57500000000002,232.52500000000003,234.51000000000002,236.46000000000004,228.59000000000003,226.64000000000001,224.65500000000003,0,0,0,0,0,0,0,0,0,0,0,0,0,0,0,0,0,0,0,0,0,0,,,,,,,,,,,,,,,,,,USD,1.0,stock,25.0
2025-12-01,228.67,234.25,228.6,232.83,5634655,238.36399999999998,243.5686,,236.58066178888933,241.92456184398935,244.5088571283751,246.1646107510665,41.36186770428017,-4.99930658790629,-4.457485096619692,-0.5418214912865977,1,6.555328571428569,0.5,0.05,7466609.0,6905982.95,0.7546471229442977,0.8159091965322619,41.068440475785785,32.29256770453638,4.160000000000025,1.4199999999999875,0.06999999999999318,,0,-1.610901425456048,-2.3768414723188434,-4.6122063307992915,,0,,,0.9933200312310264,2.5186033199771085,-10.590991129372917,261.56,-1.5853627936150534,261.56,0,25,20,20,229.87375,241.88875000000002,235.88125000000002,244.54125,232.83,,,,,,231.89333333333335,235.1866666666667,237.54333333333335,240.8366666666667,229.5366666666667,226.24333333333334,223.88666666666668,0,0,0,0,0,0,0,0,0,0,0,0,0,0,0,0,0,0,0,0,0,0,,,,,,,,,,,,,,,,,,USD,1.0,stock,25.0
2025-12-02,233.02,236.65,231.62,234.71,7626188,237.03249999999997,243.269,,236.4025035232808,241.64163785010743,244.3148203535558,246.05063452468775,40.305010893246205,-4.51840568804414,-4.469669214904582,-0.048736473139558534,1,6.59032857142857,0.5,0.05,7701142.8,6934576.85,0.990267054910344,1.099733720594646,48.16972059484553,40.552212665712275,1.6899999999999977,1.9399999999999977,1.4000000000000057,,0,-0.721104138417965,-0.9895189808699937,-3.646627753397809,,0,,,0.8074560838379874,3.4785292302266235,-10.189791076758237,259.26,-0.7159414549576159,259.26,0,25,20,20,229.30375,241.88875000000002,235.59625,244.54125,234.71,,,,,,234.32666666666668,237.03333333333336,239.35666666666668,242.06333333333336,232.00333333333336,229.29666666666668,226.97333333333336,0,0,0,0,0,0,0,0,0,0,0,0,0,0,0,0,0,0,0,0,0,0,,,,,,,,,,,,,,,,,,USD,1.0,stock,25.0
2025-12-03,235.36,239.26,233.16,238.72,13781999,236.24650000000003,243.15220000000002,,236.62321747344453,241.5270638167699,244.20403183170322,245.9776928876262,43.11060777651944,-3.7702536361516366,-4.329786099153993,0.5595324630023564,1,6.686642857142855,0.5,0.05,8274828.2,7284066.45,1.665532947258047,1.8920748588173575,70.02610966057436,53.088090243735245,3.359999999999985,0.539999999999992,2.200000000000017,,0,0.8783438867943499,1.0361511394101763,-1.8566521447721276,,0,,,1.7084913297260362,1.9648043738253795,-6.1782738563119,256.83,0.886127130272323,256.83,0,25,20,20,230.60875,241.88875000000002,236.24875,244.54125,238.72,,,,,,237.04666666666665,240.9333333333333,243.14666666666665,247.0333333333333,234.83333333333331,230.94666666666666,228.73333333333332,0,0,0,0,0,0,0,0,0,0,0,0,0,0,0,0,0,0,0,0,0,0,,,,,,,,,,,,,,,,,,USD,1.0,stock,25.0
2025-12-04,243.685,248.97,237.6,247.46,20912133,235.9855,243.1836,,237.65529199978315,241.75972798081816,244.26850644889723,245.99244221212743,56.26224835203991,-2.443920790524743,-3.952613037428143,1.5086922469034003,1,7.06235714285714,0.5,0.05,9394972.6,8067611.35,2.2258854698522486,2.5921096211457932,94.40999537251277,70.86860854264422,3.7750000000000057,1.509999999999991,6.085000000000008,,0,3.962138527526413,4.6369110159217675,1.7281176755839307,,0,,,3.661193029490617,8.46373000219154,-2.0658540446414464,250.535,4.125600535849127,250.535,0,25,20,20,235.46375,241.88875000000002,238.67625,244.54125,247.46,,,,,,244.67666666666665,251.7533333333333,256.0466666666666,263.12333333333333,240.3833333333333,233.30666666666664,229.0133333333333,0,0,0,0,0,0,0,0,0,0,0,0,0,0,0,0,0,0,0,0,0,0,,,,,,,,,,,,,,,,,,USD,1.0,stock,25.0
2025-12-05,250.83,261.88,249.5,260.57,15852440,237.05049999999997,243.576,,239.83764514266096,242.4973857070606,244.5913083013943,246.13749253837491,62.80866535373428,-0.3311082101558043,-3.2283120719736753,2.897203861817871,1,7.538071428571423,0.5,0.05,10228106.3,8308141.8,1.549890031940712,1.9080608373824337,96.71864236959107,87.05158246755941,9.73999999999998,1.3100000000000023,1.3300000000000125,,0,7.956539454787211,9.026173389108502,6.521855931227694,,0,,,5.29782591125838,13.025939099505512,8.902077151335309,261.88,8.644328893826051,261.88,0,25,20,20,243.45999999999998,241.91875,242.68937499999998,244.54125,260.57,,,,,,257.31666666666666,265.1333333333333,269.69666666666666,277.5133333333333,252.75333333333333,244.93666666666667,240.37333333333333,0,0,0,0,0,0,0,0,0,0,0,0,0,0,0,0,0,0,0,0,0,0,,,,,,,,,,,,,,,,,,USD,1.0,stock,25.0
2025-12-08,261.88,264.28,256.342,259.53,10805445,238.03300000000004,243.898,,241.71310751002656,243.16533136560727,244.8871239785944,246.2707513190876,68.61966236345577,1.2450396315595356,-2.3336417312670337,3.5786813628265692,1,7.5285999999999955,0.5,0.05,10560725.8,8561340.45,1.0231725739910793,1.2621206998023307,88.7766554433221,93.301764395142,2.3500000000000227,2.3999999999999773,3.187999999999988,,0,6.865060875418417,8.283050129079465,6.023195776981458,,0,,,-0.3991249952028375,11.467594382167224,8.191595797898943,264.28,7.3710907420419245,264.28,0,25,20,20,245.14,243.11874999999998,244.12937499999998,244.54125,259.53,,,,,,260.05066666666664,263.7593333333333,267.98866666666663,271.6973333333333,255.8213333333333,252.11266666666666,247.88333333333333,0,0,0,0,0,0,0,0,0,0,0,0,0,0,0,0,0,0,0,0,0,0,,,,,,,,,,,,,,,,,,USD,1.0,stock,25.0
2025-12-09,260.0,262.25,259.0,261.02,8045882,238.9985,244.21640000000002,,243.5518591757383,243.86551444930893,245.20658687010737,246.41751001243003,73.56971565604655,2.584585209751765,-1.349996343063274,3.9345815528150387,1,7.223599999999997,0.5,0.05,10508983.6,8639305.35,0.76561942679214,0.9313112193678859,92.29724142004845,92.5975130776539,1.0199999999999818,1.2300000000000182,1.0,,0,6.692261445200251,8.436709830664308,6.437667611677251,,0,,,0.5741147458868001,11.209577776830981,7.9889123329609735,264.28,7.172246963492614,264.28,0,25,20,20,245.14,243.11874999999998,244.12937499999998,244.54125,261.02,,,,,,260.75666666666666,262.5133333333333,264.00666666666666,265.7633333333333,259.2633333333333,257.50666666666666,256.0133333333333,0,0,0,0,0,0,0,0,0,0,0,0,0,0,0,0,0,0,0,0,0,0,,,,,,,,,,,,,,,,,,USD,1.0,stock,27.0
2025-12-10,260.75,265.93,259.1456,264.2,8894682,239.9835,244.7604,,245.51834877804893,244.6629452552184,245.5826940607983,246.5944502113113,82.46335359313547,3.858307982298385,-0.3083354779909423,4.166643460289327,1,7.105342857142854,0.5,0.05,10375154.4,8795901.85,0.857305988622203,1.0112302469587016,96.06572289499115,92.37987325278726,3.4499999999999886,1.7300000000000182,1.6043999999999983,,0,7.071026200587077,9.165972747918243,7.3579106737320155,,0,,,1.2182974484713949,10.67359249329758,8.057259713701438,265.93,7.609065194080243,265.93,0,25,20,20,247.265,243.94375000000002,245.604375,244.54125,264.2,,,,,,263.09186666666665,267.0381333333333,269.87626666666665,273.8225333333333,260.2537333333333,256.30746666666664,253.46933333333328,0,0,0,0,0,0,0,0,0,0,0,0,0,0,0,0,0,0,0,0,0,0,,,,,,,,,,,,,,,,,,USD,1.0,stock,28.75
2025-12-11,263.5,267.9,260.77,262.35,7783785,240.8,245.2936,,247.12136318013953,245.35655524520985,245.91471992098053,246.75122185099977,83.4479015918958,4.664691260136323,0.6862698696345106,3.978421390501812,0,7.0596357142857125,0.5,0.05,10302871.4,8971180.4,0.7554966666865317,0.867643348248799,87.91968221146007,92.09421550883324,1.1499999999999773,4.399999999999977,1.580000000000041,,0,5.804702428000952,8.214217648179915,6.501391271202602,,0,,,-0.7002271006812943,6.017134082275932,6.637671734005379,267.9,6.162412113581437,267.9,0,25,20,20,248.25,244.92874999999998,246.589375,244.92874999999998,262.35,,,,,,263.67333333333335,266.5766666666667,270.80333333333334,273.7066666666667,259.4466666666667,256.54333333333335,252.31666666666672,0,0,0,0,0,0,0,0,0,0,0,0,0,0,0,0,0,0,0,0,0,0,,,,,,,,,,,,,,,,,,USD,1.0,stock,28.75
2025-12-12,263.52,264.49,260.91,262.23,6006578,241.88999999999996,245.7606,,248.5602809725072,246.01825896108397,246.23779477403042,246.90523954402465,82.72456205739843,5.233741506190171,1.5957641969456429,3.637977309244528,0,6.835171428571426,0.5,0.05,10534378.7,8994405.4,0.5701881592694215,0.6678126827594406,86.77088194120401,90.25209568255177,1.2899999999999636,0.9700000000000273,1.3199999999999932,,0,5.212873823549105,7.756549593868001,6.28051710330626,,0,,,-0.04574042309891668,0.6370648961891323,9.06708813376036,267.9,5.499558889300097,267.9,0,25,20,20,249.76,244.92874999999998,247.34437499999999,244.92874999999998,262.23,,,,,,262.54333333333335,264.1766666666667,266.12333333333333,267.75666666666666,260.5966666666667,258.96333333333337,257.0166666666667,0,0,0,0,0,0,0,0,0,0,0,0,0,0,0,0,0,0,0,0,0,0,,,,,,,,,,,,,,,,,,USD,1.0,stock,28.75
2025-12-15,261.21,262.28,253.0875,254.58,10271792,242.436,246.045,,249.13358754655414,246.35401351162972,246.40298695672288,246.981605319706,72.7466404457555,5.0096784054495345,2.2785470386464213,2.731131366803113,0,7.2203499999999945,0.5,0.05,10998092.4,9232350.7,0.9339612385871572,1.112586851797127,68.21002386634852,80.96686267300421,6.629999999999967,1.0699999999999932,1.4925000000000068,,0,2.139371691981253,4.770209757247232,3.3525807211878487,,0,,,-2.9172863516760072,-1.907293954456113,4.481654764836263,267.9,2.1861413818512663,267.9,0,25,20,20,250.52999999999997,244.92874999999998,247.72937499999998,244.92874999999998,254.58,,,,,,256.64916666666664,260.2108333333333,265.8416666666666,269.40333333333325,251.01833333333332,247.45666666666668,241.82583333333335,0,0,0,0,0,0,0,0,0,0,0,0,0,0,0,0,0,0,0,0,0,0,,,,,,,,,,,,,,,,,,USD,1.0,stock,27.0
2025-12-16,254.0,255.86,252.11,254.91,6145269,243.33,246.2276,,249.68372206592994,246.6895423935266,246.57144266055016,247.06049481901243,69.23219241443108,4.803364826174686,2.783510596152074,2.019854230022612,0,6.908921428571424,0.5,0.05,10850000.5,9275571.65,0.5663842135306814,0.6625218619275072,68.99761336515516,74.65950639090258,0.9099999999999966,0.950000000000017,1.8899999999999864,,0,2.0502443741202994,4.5427798046369245,3.4060648856459146,,0,,,0.12962526514257444,-2.3408167956478376,7.543348943171746,267.9,2.093159253966118,267.9,0,25,20,20,252.75,244.92874999999998,248.839375,244.92874999999998,254.91,,,,,,254.29333333333332,256.47666666666663,258.0433333333333,260.22666666666663,252.72666666666663,250.54333333333332,248.97666666666663,0,0,0,0,0,0,0,0,0,0,0,0,0,0,0,0,0,0,0,0,0,0,,,,,,,,,,,,,,,,,,USD,1.0,stock,25.0
2025-12-17,256.33,261.97,256.25,258.14,6268965,244.56199999999998,246.59560000000002,,250.4890818691747,247.13857994672165,246.8005230039056,247.1707386516591,79.22432274410446,4.8446477503761685,3.195738026996893,1.6489097233792753,0,6.83320714285714,0.5,0.05,10098697.1,9186762.65,0.6207696832495353,0.682391092361573,75.16539440203563,70.79101054451313,1.8100000000000023,3.830000000000041,0.07999999999998408,,0,2.963863845519985,5.259936468582941,4.472146897032606,,0,,,1.267113883331361,-2.2937168811506425,10.552462526766583,267.9,3.0543918616066494,267.9,0,25,20,20,258.7,244.92874999999998,251.81437499999998,244.92874999999998,258.14,,,,,,258.7866666666667,261.3233333333334,264.5066666666667,267.0433333333334,255.60333333333335,253.06666666666666,249.88333333333333,0,0,0,0,0,0,0,0,0,0,0,0,0,0,0,0,0,0,0,0,0,0,,,,,,,,,,,,,,,,,,USD,1.0,stock,27.0
2025-12-18,258.42,260.07,256.16,257.85,5654161,246.0605,246.944,,251.19012169115805,247.55863563508552,247.01932452858074,247.27699995860777,77.74842511684622,4.798648357652269,3.5163200931279683,1.2823282645243004,0,6.797492857142852,0.5,0.05,8572899.9,8983936.25,0.6595389035161836,0.6293634374353446,74.42748091603063,72.8634962277405,0.5699999999999932,1.6499999999999773,1.6899999999999977,,0,2.582849838604602,4.572231917781668,4.229590847391908,,0,,,-0.11234213992405984,-1.715265866209259,13.151658767772535,267.9,2.6513297035742456,267.9,0,25,20,20,260.005,244.92874999999998,252.466875,244.92874999999998,257.85,,,,,,258.0266666666667,259.8933333333334,261.93666666666667,263.80333333333334,255.9833333333334,254.11666666666673,252.07333333333344,0,0,0,0,0,0,0,0,0,0,0,0,0,0,0,0,0,0,0,0,0,0,,,,,,,,,,,,,,,,,,USD,1.0,stock,27.0
2025-12-19,260.68,262.04,255.5,259.91,20732079,247.7875,247.2356,,252.02058629200013,248.04300286508217,247.2745854290049,247.40270145155696,77.64393630053088,4.872253980359687,3.7875068705743127,1.0847471097853747,0,6.861064285714282,0.5,0.05,9060863.8,9644485.05,2.2880907888715862,2.149630477160623,77.9768467475194,75.8565740218619,0.7699999999999818,1.3600000000000136,4.410000000000025,,0,3.0354406171366595,4.664114501173495,4.876457235196805,,0,,,0.7989140973434283,-0.884719521031152,15.325908506012343,267.9,3.1304639926751596,267.9,0,25,20,20,260.005,244.92874999999998,252.466875,244.92874999999998,259.91,,,,,,259.15000000000003,262.80000000000007,265.69000000000005,269.3400000000001,256.26000000000005,252.61,249.72000000000003,0,0,0,0,0,0,0,0,0,0,0,0,0,0,0,0,0,0,0,0,0,0,,,,,,,,,,,,,,,,,,USD,1.0,stock,27.0
2025-12-22,260.62,264.63,258.405,264.63,5664201,249.66350000000003,247.69459999999998,,253.22148283561916,248.6934733409613,247.61825700466818,247.57411735751162,78.86916248552686,5.250922157918382,4.080189928043127,1.170732229875255,1,6.946421428571426,0.5,0.05,8546739.4,9553732.6,0.6627323865753997,0.5928783269483594,90.58721934369608,80.99718233574872,4.009999999999991,0.0,2.215000000000032,,0,4.311120116532834,5.65563239239692,6.399652344783288,,0,,,1.8160132353506775,3.9476785293424355,16.520628770199465,267.9,4.505351219267116,267.9,0,25,20,20,260.005,244.92874999999998,252.466875,244.92874999999998,264.63,,,,,,262.555,266.70500000000004,268.78000000000003,272.93000000000006,260.48,256.33,254.255,0,0,0,0,0,0,0,0,0,0,0,0,0,0,0,0,0,0,0,0,0,0,,,,,,,,,,,,,,,,,,USD,1.0,stock,27.0
2025-12-23,262.715,264.24,260.52,263.43,4745113,251.494,247.9882,,254.19372256556017,249.27137634719813,247.93136082635792,247.73188733405382,75.20914099163443,5.3920334405308665,4.342558630540675,1.0494748099901914,0,6.80427857142857,0.5,0.05,8216662.5,9362823.05,0.577498832403059,0.5068036611030473,85.24752475247534,84.60386361456362,0.7150000000000318,0.8100000000000023,2.194999999999993,,0,3.50616005558966,4.530994951220441,5.861822875147098,,0,,,-0.4534633261534915,3.342356125691426,16.14055197954325,267.9,3.6335584298537014,267.9,0,25,20,20,260.005,244.92874999999998,252.466875,244.92874999999998,263.43,,,,,,262.73,264.94000000000005,266.45000000000005,268.6600000000001,261.22,259.01,257.5,0,0,0,0,0,0,0,0,0,0,0,0,0,0,0,0,0,0,0,0,0,0,,,,,,,,,,,,,,,,,,USD,1.0,stock,27.0
2025-12-24,263.23,266.3,262.55,265.26,2076637,253.051,248.49800000000002,,255.24765374979253,249.89838119632762,248.274502196133,247.90629641530705,71.14014251781477,5.5871259446799115,4.591472093368523,0.9956538513113884,0,6.259992857142856,0.5,0.05,7534858.0,8955006.2,0.27560399943834374,0.23189676853601734,85.65217391304354,87.16230600307166,2.0299999999999727,1.0400000000000205,0.6800000000000068,,0,3.7745405452037466,4.602653999849206,6.319083163688447,,0,,,0.6946816991231008,2.7581932284806765,13.300871348026643,267.9,3.922600699014494,267.9,0,25,20,20,259.20500000000004,244.92874999999998,252.066875,244.92874999999998,265.26,,,,,,264.7033333333333,266.8566666666666,268.4533333333333,270.6066666666666,263.1066666666666,260.9533333333333,259.3566666666666,0,0,0,0,0,0,0,0,0,0,0,0,0,0,0,0,0,0,0,0,0,0,,,,,,,,,,,,,,,,,,USD,1.0,stock,27.0
2025-12-26,264.8,267.91,264.8,266.08,2456402,254.94750000000005,249.08800000000002,,256.2793057736218,250.53295448274616,248.62708631106108,248.08712928679654,59.2418651459242,5.741718351694885,4.821521345033796,0.9201970066610894,0,5.452135714285715,0.5,0.05,7002119.7,8652495.55,0.3508083416511717,0.2838952052393716,88.4177215189871,86.43914006150202,1.2799999999999727,1.830000000000041,0.0,,0,3.6833637351090647,4.183892062537559,6.386049308478639,,0,,,0.30913066425393154,3.1917781656001454,16.62502739425815,267.91,3.8242238080024333,267.91,0,25,20,20,260.01,244.93375000000003,252.471875,244.93375000000003,266.08,,,,,,266.2633333333333,267.72666666666663,269.37333333333333,270.83666666666664,264.6166666666666,263.1533333333333,261.5066666666666,0,0,0,0,0,0,0,0,0,0,0,0,0,0,0,0,0,0,0,0,0,0,,,,,,,,,,,,,,,,,,USD,1.0,stock,25.0
2025-12-29,264.71,269.11,264.71,266.23,4300077,256.732,249.4926,,257.2269909380388,251.1485248951875,248.97565885935688,248.26765536354483,61.58367911479956,5.809370883097529,5.019091252646543,0.7902796304509856,0,5.199421428571433,0.5,0.05,6831469.6,8682924.15,0.6294512384275267,0.495233739891647,83.0588235294118,85.7095729871475,1.5200000000000387,2.8799999999999955,0.0,,0,3.381665876107584,3.5675919317883,6.286819667205052,,0,,,0.0563740228502807,2.4316109422492405,15.481044504207532,269.11,3.5000250281393996,269.11,0,25,20,20,260.61,245.53375,253.071875,245.53375,266.23,,,,,,266.68333333333334,268.6566666666667,271.08333333333337,273.05666666666673,264.25666666666666,262.2833333333333,259.8566666666666,0,0,0,0,0,0,0,0,0,0,0,0,0,0,0,0,0,0,0,0,0,0,,,,,,,,,,,,,,,,,,USD,1.0,stock,25.0
2025-12-30,266.66,268.28,265.33,265.92,3291837,258.3865,249.9494,,258.0548965629875,251.72779842870958,249.31119036709237,248.44330058380808,58.83201153568863,5.77144200162553,5.169561402442341,0.6018805991831897,0,5.17799285714286,0.5,0.05,6133474.1,8565783.25,0.5367002364940288,0.38430075848580453,81.23529411764707,84.23727972201533,0.7400000000000091,1.6199999999999477,0.5900000000000318,,0,2.9576953358199916,2.8329948856799048,6.005791215403136,,0,,,-0.11644067159974902,0.4874730756150081,14.212086071382558,269.11,3.0478411926172315,269.11,0,25,20,20,262.305,245.53375,253.919375,245.53375,265.92,,,,,,266.51,267.69,269.46,270.64,264.74,263.56,261.79,0,0,0,0,0,0,0,0,0,0,0,0,0,0,0,0,0,0,0,0,0,0,,,,,,,,,,,,,,,,,,USD,1.0,stock,25.0
2025-12-31,265.29,266.1,264.391,264.91,3367930,259.8965,250.162,,258.70776355698865,252.24474750993664,249.62007768655587,248.6071483391931,51.38834571763794,5.595384422106179,5.254726006375108,0.34065841573107036,0,4.815464285714289,0.5,0.05,5855740.2,8352870.35,0.5751501748660229,0.40320630620107734,75.2941176470589,79.86274509803927,0.37999999999999545,0.8100000000000023,0.5190000000000055,,0,2.3412617277608896,1.892529538333782,5.567173757125068,,0,,,-0.37981347773766716,0.5618190790722455,12.866942183971709,269.11,2.39739092392762,269.11,0,25,20,20,262.305,247.075,254.69,245.53375,264.91,,,,,,265.13366666666667,265.8763333333333,266.8426666666667,267.5853333333333,264.1673333333333,263.42466666666667,262.4583333333333,0,0,0,0,0,0,0,0,0,0,0,0,0,0,0,0,0,0,0,0,0,0,,,,,,,,,,,,,,,,,,USD,1.0,stock,25.0
2026-01-02,265.0,265.38,252.48,253.62,9680584,260.6415,249.96620000000001,,258.22321464679925,252.2986789801352,249.69928406900033,248.65702746019616,37.5321336760925,4.493055726789237,5.1023919504579345,-0.6093362236686977,0,5.2276071428571464,0.5,0.05,6196902.1,8147799.6,1.5621650695433773,1.1881224962872186,8.882352941176418,55.13725490196082,11.379999999999995,0.37999999999999545,1.1400000000000148,,0,-1.8150045922242901,-2.768511947007335,1.4406592540020462,,0,,,-4.261824770676837,-4.388147477946158,6.241621983914203,269.11,-1.7826494233276338,269.11,0,25,20,20,260.795,247.555,254.175,245.53375,253.62,,,,,,257.16,261.84000000000003,270.06000000000006,274.74000000000007,248.94000000000005,244.26000000000002,236.04000000000005,0,0,0,0,0,0,0,0,0,0,0,0,0,0,0,0,0,0,0,0,0,0,,,,,,,,,,,,,,,,,,USD,1.0,stock,25.0
2026-01-05,253.62,259.59,252.3062,256.26,6421470,261.0815,249.95860000000002,,258.0362418232945,252.45402490248287,249.8291992359508,248.7326789282539,42.046362909672204,3.7888032649108823,4.839674213348525,-1.0508709484376428,0,5.492164285714289,0.5,0.05,6273633.0,7423266.45,1.0235648148369534,0.8650464109367918,24.41176470588222,36.196078431372534,2.6399999999999864,3.329999999999984,1.3138000000000147,,0,-0.6931404914128333,-1.8814875517053051,2.4589869663622776,,0,,,1.0409273716583733,-3.6906193625977135,3.5561302836822017,269.11,-0.6883691262682832,269.11,0,25,20,20,260.7081,247.555,254.13155,245.53375,256.26,,,,,,256.05206666666663,259.7979333333333,263.3358666666666,267.08173333333326,252.5141333333333,248.76826666666665,245.2303333333333,0,0,0,0,0,0,0,0,0,0,0,0,0,0,0,0,0,0,0,0,0,0,,,,,,,,,,,,,,,,,,USD,1.0,stock,25.0
2026-01-06,255.2,263.55,255.0,262.9,6103321,261.198,250.1156,,258.49945688774267,252.86367098473846,250.08802697385275,248.87364729712704,61.39101861993427,3.7235478800783994,4.616448946694501,-0.8929010666161012,1,5.4462714285714355,0.5,0.05,4810757.2,6935810.5,1.268681986278584,0.8799722829797614,63.4705882352939,32.2549019607842,7.699999999999989,0.6500000000000341,0.19999999999998863,,0,1.6738467524752036,0.6473944465576259,4.862837580829204,,0,,,2.591118395379688,-1.250798182023083,0.8941934988678568,269.11,1.702341337671867,269.11,0,25,20,20,260.7081,248.85500000000002,254.78155,245.53375,262.9,,,,,,260.4833333333333,265.9666666666666,269.0333333333333,274.5166666666666,257.4166666666666,251.93333333333328,248.86666666666656,0,0,0,0,0,0,0,0,0,0,0,0,0,0,0,0,0,0,0,0,0,0,,,,,,,,,,,,,,,,,,USD,1.0,stock,25.0
2026-01-07,263.5,267.825,263.5,266.12,5976201,261.5275,250.3414,,259.22522289843386,253.38352702455265,250.4054917862517,249.04525279665813,64.22227860949002,3.886854369111859,4.470530031177972,-0.5836756620661134,1,5.530200000000008,0.5,0.05,4841957.2,6694348.3,1.2342531652283089,0.8927233439586644,82.20640569395015,56.69625287837545,2.6200000000000045,1.704999999999984,0.0,,0,2.590852661042443,1.7257252367353184,5.929129715917635,,0,,,1.2248003042982125,0.07521058965100913,2.5392054868416114,269.11,2.6597632068649304,269.11,0,25,20,20,260.7081,248.85500000000002,254.78155,245.53375,266.12,,,,,,265.815,268.13,270.14,272.455,263.805,261.49,259.48,0,0,0,0,0,0,0,0,0,0,0,0,0,0,0,0,0,0,0,0,0,0,,,,,,,,,,,,,,,,,,USD,1.0,stock,25.0
2026-01-08,264.4,265.202386,260.41,260.53,5243453,261.50300000000004,250.44260000000003,,259.3494873842973,253.66378086672705,250.60597709741504,249.15952888823367,52.86090495570983,3.5245804859430905,4.281340122130996,-0.7567596361879056,0,5.433771428571433,0.5,0.05,4891791.2,6554226.85,1.071888146002634,0.8000109120422038,48.9401206869873,64.8723715387438,3.8700000000000045,0.8023860000000127,0.1199999999999477,,0,0.4531196467595656,-0.37346946608838527,3.8718765593213624,,0,,,-2.1005561400871953,-1.6533917179419655,-0.18772507853804798,269.11,0.4551821665849077,269.11,0,25,20,20,260.7081,250.365,255.53655,245.53375,260.53,,,,,,262.047462,263.68492399999997,266.83984799999996,268.47730999999993,258.892538,257.25507600000003,254.10015200000004,0,0,0,0,0,0,0,0,0,0,0,0,0,0,0,0,0,0,0,0,0,0,,,,,,,,,,,,,,,,,,USD,1.0,stock,25.0
2026-01-09,260.0,261.025,256.509,259.94,5174372,261.29,250.55620000000002,,259.40572668103084,253.90990710724756,250.79080923409987,249.26679725750498,52.48395531257426,3.1535159850451464,4.055775294713826,-0.90225930966868,0,5.477057142857147,0.5,0.05,5201564.7,6368211.35,0.9947722076782011,0.8125314496667891,45.42901010485722,58.85851216193157,0.060000000000002274,1.0249999999999773,3.430999999999983,,0,0.20553716971961059,-0.5193506193737104,3.6099869200584673,,0,,,-0.22646144397957535,2.491917041242808,-1.6124148372445135,269.11,0.20596049509196307,269.11,0,25,20,20,260.7081,251.135,255.92155,245.53375,259.94,,,,,,259.15799999999996,261.8069999999999,263.6739999999999,266.32299999999987,257.29099999999994,254.642,252.77499999999998,0,0,0,0,0,0,0,0,0,0,0,0,0,0,0,0,0,0,0,0,0,0,,,,,,,,,,,,,,,,,,USD,1.0,stock,25.0
2026-01-12,259.0,261.559,255.77,259.4,4927734,261.14250000000004,250.715,,259.4051812828374,254.12520486774764,250.9612882591672,249.36762514549,49.37114673242903,2.78378150730407,3.8013765372318753,-1.0175950299278052,0,5.423414285714289,0.5,0.05,5448697.9,6225408.8,0.9043874500731632,0.7915518736697259,42.215451266975194,45.52819401960659,0.39999999999997726,2.1590000000000487,3.2299999999999898,,0,-0.001997410500169971,-0.6717424826522991,3.348111025443321,,0,,,-0.2077402477494883,1.2253180363693161,-1.1244520678483139,269.11,-0.0019973706044797896,269.11,0,25,20,20,260.2931,253.35500000000002,256.82405,245.53375,259.4,,,,,,258.9096666666667,262.0493333333334,264.69866666666667,267.83833333333337,256.26033333333334,253.12066666666666,250.47133333333332,0,0,0,0,0,0,0,0,0,0,0,0,0,0,0,0,0,0,0,0,0,0,,,,,,,,,,,,,,,,,,USD,1.0,stock,25.0
2026-01-13,257.66,260.91,240.355,241.06,13660962,260.084,250.4032,,257.65802116066243,253.61284389254183,250.76522314512428,249.28496220871898,28.244415728262894,0.9993595488766687,3.240973139560834,-2.241613590684165,0,6.446985714285718,0.5,0.05,6384786.4,6608128.0,2.139611436335599,2.0672968199163213,2.451747522170099,30.032069631334192,16.600000000000023,3.25,0.7050000000000125,,0,-6.885431494508598,-7.89181116734423,-3.875881523272213,,0,,,-7.070161912104844,-8.307341194370476,-8.073065629409303,269.11,-6.441880243391587,269.11,0,25,20,20,254.08999999999997,254.73250000000002,254.41125,245.53375,241.06,,,,,,247.4416666666667,254.5283333333334,267.9966666666667,275.0833333333334,233.97333333333336,226.88666666666666,213.41833333333332,0,0,0,0,0,0,0,0,0,0,0,0,0,0,0,0,0,0,0,0,0,0,,,,,,,,,,,,,,,,,,USD,1.0,stock,27.0
2026-01-14,239.18,242.24,236.46,239.57,10149314,259.33349999999996,249.9864,,255.9353524786946,253.06214413205,250.54353555809212,249.18829591808498,28.094013955196488,-0.528940954721719,2.4869903207043236,-3.0159312754260426,0,6.566271428571432,0.5,0.05,7070534.1,6602004.1,1.435438095122121,1.537308042568468,9.52526799387438,18.06415559433991,0.38999999999998636,2.670000000000016,2.719999999999999,,0,-6.831135984762117,-8.249572150102253,-4.347956755854243,,0,,,-0.6181033767526767,-9.976702239591162,-5.895985544818927,269.11,-6.394330568324648,269.11,0,25,20,20,252.14249999999998,252.78500000000003,252.46375,245.53375,239.57,,,,,,239.42333333333332,242.38666666666663,245.20333333333332,248.16666666666663,236.60666666666663,233.64333333333332,230.82666666666663,0,0,0,0,0,0,0,0,0,0,0,0,0,0,0,0,0,0,0,0,0,0,,,,,,,,,,,,,,,,,,USD,1.0,stock,27.0
2026-01-15,237.02,238.84,231.67,233.53,11489590,258.2645,249.4302,,253.8015093854856,252.29617769549904,250.20663386387247,249.03249197860157,22.95892278847795,-2.2021229338404567,1.5491676697953676,-3.751290603635824,0,6.862700000000004,0.5,0.05,7882700.1,6869220.15,1.4575703571419647,1.6726192710536434,4.967948717948751,5.6483214113310956,3.490000000000009,1.8199999999999932,1.8600000000000136,,0,-8.680473337680635,-10.591572817196933,-6.808632723847048,,0,,,-2.5211837876194854,-10.363489809235016,-8.387273939821894,269.11,-7.987150838687988,269.11,0,25,20,20,249.7475,250.39,250.06875,245.53375,233.53,,,,,,234.67999999999998,237.68999999999997,241.85,244.85999999999999,230.51999999999995,227.50999999999996,223.34999999999994,0,0,0,0,0,0,0,0,0,0,0,0,0,0,0,0,0,0,0,0,0,0,,,,,,,,,,,,,,,,,,USD,1.0,stock,27.0
2026-01-16,232.95,232.95,226.44,227.11,13902610,256.713,248.8836,,251.2594608725822,251.3084844525383,249.74927477745914,248.81435773005828,19.68258907733005,-4.000061829915353,0.43932176985322346,-4.439383599768576,0,7.146985714285718,0.5,0.05,8304902.7,7250902.4,1.6740244289677229,1.9173627271551743,1.5701898289196523,5.35446884691428,5.839999999999975,0.0,0.6700000000000159,,0,-10.633376281353609,-13.034652811412975,-9.587248469904445,,0,,,-2.7491114631952973,-12.629837654843424,-12.020608971875713,269.11,-9.61136380246743,269.11,0,25,20,20,247.1325,247.775,247.45375,245.53375,227.11,,,,,,228.83333333333334,231.2266666666667,235.34333333333333,237.73666666666668,224.7166666666667,222.32333333333335,218.2066666666667,0,0,0,0,0,0,0,0,0,0,0,0,0,0,0,0,0,0,0,0,0,0,,,,,,,,,,,,,,,,,,USD,1.0,stock,30.25
2026-01-20,223.54,227.9399,219.355,220.07,13050762,254.82399999999998,248.2314,,248.28903602757438,250.0834458465564,249.1615663660243,248.52834422030648,17.566048341765025,-5.924714106556195,-0.8334854054286602,-5.091228701127535,0,7.445907142857144,0.5,0.05,8967831.9,7620732.45,1.4552861991090622,1.7125338129407757,1.4614205416453832,2.666519696171281,3.469999999999999,4.399900000000002,0.7150000000000034,,0,-12.822754590618619,-15.792247921116005,-12.796564729404286,,0,,,-3.099819470741061,-15.161912104857356,-14.651929416327336,269.11,-11.365397554018635,269.11,0,25,20,20,243.58999999999997,244.23250000000002,243.91125,244.23250000000002,220.07,,,,,,222.45496666666668,225.55493333333337,231.03986666666668,234.13983333333337,216.97003333333336,213.87006666666667,208.38513333333336,0,0,0,0,0,0,0,0,0,0,0,0,0,0,0,0,0,0,0,0,0,0,,,,,,,,,,,,,,,,,,USD,1.0,stock,30.25
2026-01-21,220.15,223.39,218.9633,221.58,12616556,252.90749999999997,247.87760000000003,,245.74531831066255,248.96566365649537,248.6153967350139,248.26020149174624,19.36152570480931,-7.244658606983563,-2.115720045739641,-5.128938561243922,0,7.551385714285715,0.5,0.05,9619155.4,7214956.3,1.3116074619191618,1.7486670016282704,5.355319196835168,2.79564318913342,1.4300000000000068,1.8099999999999739,1.1867000000000019,,0,-10.905911323523124,-14.13823449769833,-11.868219153353197,,0,,,0.6861453173990117,-8.080975690699411,-14.747412565888196,269.11,-9.833480644426194,269.11,0,25,20,20,242.082843,244.03665,243.05974650000002,244.03665,221.58,,,,,,221.3111,223.65890000000002,225.7378,228.0856,219.23220000000003,216.88440000000003,214.80550000000005,0,0,0,0,0,0,0,0,0,0,0,0,0,0,0,0,0,0,0,0,0,0,,,,,,,,,,,,,,,,,,USD,1.0,stock,30.25
2026-01-22,222.24,228.72,221.11,228.09,9482971,251.08049999999997,247.6418,,244.0638594239328,248.14701017977006,248.20895323531064,248.05950296944033,26.35499614693039,-7.676926707238778,-3.2279613780394687,-4.448965329199309,1,7.972885714285714,0.5,0.05,9969832.4,7405894.8,0.9511665411747543,1.2804625580152718,18.678637869742563,8.498459202741058,5.849999999999994,0.6299999999999955,1.1299999999999955,,0,-7.003314228564511,-10.079573852426659,-8.571967205927479,,0,,,2.9379907933928973,-4.791918854614519,-13.807958281373988,269.11,-6.544950760688661,269.11,0,25,20,20,240.26115000000001,244.03665,242.14890000000003,244.03665,228.09,,,,,,225.97333333333336,230.8366666666667,233.58333333333334,238.4466666666667,223.22666666666672,218.36333333333337,215.61666666666673,0,0,0,0,0,0,0,0,0,0,0,0,0,0,0,0,0,0,0,0,0,0,,,,,,,,,,,,,,,,,,USD,1.0,stock,27.0
2026-01-23,226.78,230.85,226.65,228.05,9408048,249.31149999999997,247.36860000000001,,242.53872995498682,247.35889213350458,247.8097660425322,247.8604034374061,30.80618525746887,-7.931302834706685,-4.168629669372912,-3.762673165333773,1,7.351457142857141,0.5,0.05,10386291.9,7639041.55,0.9058139411621966,1.2315743982306262,18.59677416053885,14.210243742372212,1.2700000000000102,2.799999999999983,0.12999999999999545,,0,-6.353312850246354,-9.323174742381036,-8.471212453409342,,0,,,-0.01753693717392313,-2.3465935854065867,-13.430512849713395,269.11,-5.973779922767715,269.11,0,25,20,20,240.26115000000001,244.03665,242.14890000000003,244.03665,228.05,,,,,,228.51666666666665,230.3833333333333,232.71666666666664,234.5833333333333,226.1833333333333,224.31666666666666,221.98333333333332,0,0,0,0,0,0,0,0,0,0,0,0,0,0,0,0,0,0,0,0,0,0,,,,,,,,,,,,,,,,,,USD,1.0,stock,25.0
2026-01-26,229.43,230.949,227.585,229.4,7239632,247.51850000000005,247.0666,,241.2874223402262,246.65462185375932,247.4452162199078,247.67671783106377,29.43968156766688,-7.932522845290293,-4.921408304556389,-3.011114540733905,1,7.071471428571428,0.5,0.05,10592817.9,7897191.3,0.6834472251241098,0.9167350422421704,21.359674346164795,19.545028792148752,0.030000000000001137,1.5190000000000055,1.8149999999999977,,0,-5.18196265920932,-7.898212728857907,-7.701220575414118,,0,,,0.5919754439815739,1.0083219585222958,-13.518811731885695,269.11,-4.9266647324303445,269.11,0,25,20,20,239.93665000000001,244.03665,241.98665,244.03665,229.4,,,,,,229.31133333333332,231.03766666666664,232.67533333333333,234.40166666666664,227.67366666666663,225.94733333333332,224.30966666666663,0,0,0,0,0,0,0,0,0,0,0,0,0,0,0,0,0,0,0,0,0,0,,,,,,,,,,,,,,,,,,USD,1.0,stock,27.0
2026-01-27,231.94,235.74,226.27,228.53,9838362,245.64100000000002,246.7168,,240.07242973639512,245.94385236929818,247.0706574828799,247.48620322577958,21.141897565071403,-7.912481282695836,-5.519622900184278,-2.392858382511558,1,7.137185714285713,0.5,0.05,11083880.7,8266289.3,0.8876279225921297,1.1901787661847258,19.579138670983614,19.845195725895774,3.4099999999999966,3.8000000000000114,2.259999999999991,,0,-5.05072845420519,-7.487419594801565,-7.958167417844486,,0,,,-0.3792502179598922,3.8442313809242457,-14.11229705351773,269.11,-4.80789474621012,269.11,0,25,20,20,230.60165,244.03665,237.31915,244.03665,228.53,,,,,,230.17999999999998,234.08999999999995,239.64999999999998,243.55999999999995,224.61999999999995,220.70999999999998,215.14999999999995,0,0,0,0,0,0,0,0,0,0,0,0,0,0,0,0,0,0,0,0,0,0,,,,,,,,,,,,,,,,,,USD,1.0,stock,27.0
2026-01-28,229.39,231.86,227.67,227.96,8465904,243.72750000000002,246.46739999999997,,238.91886499959557,245.23860325677668,246.69222862183278,247.2919126464186,16.467486818980674,-7.852078562341802,-5.986114032615784,-1.8659645297260186,1,7.084685714285714,0.5,0.05,10564374.9,8474580.65,0.8013634578606255,0.9989761558290202,19.456915735747906,20.131909584298793,1.4299999999999784,2.4700000000000273,0.29000000000002046,,0,-4.807363133705721,-6.916783646253734,-8.118705035971207,,0,,,-0.2494202074125873,2.879321238378907,-14.374788716523312,268.28,-4.586856295175399,268.28,0,25,20,20,228.90165000000002,244.03665,236.46915,244.03665,227.96,,,,,,229.16333333333333,230.65666666666667,233.35333333333335,234.8466666666667,226.46666666666664,224.9733333333333,222.2766666666666,0,0,0,0,0,0,0,0,0,0,0,0,0,0,0,0,0,0,0,0,0,0,,,,,,,,,,,,,,,,,,USD,1.0,stock,28.75
2026-01-29,216.67,217.28,208.78,214.08,18555570,241.1355,245.87579999999997,,236.55325880915788,244.01669724670703,246.04644191644994,246.96144585391693,14.373370148795843,-8.822508584145993,-6.553392942921826,-2.2691156412241673,0,8.046828571428573,0.5,0.05,11405000.5,9237767.3,1.6269679251658078,2.008663933329431,10.041872714526628,16.3593090404194,2.589999999999975,0.6100000000000136,5.300000000000011,,0,-10.49759847214026,-12.638032511210758,-14.852298206278006,,0,,,-6.088787506580095,-6.142312245166382,-19.494584837545126,267.825,-9.500295587679236,267.825,0,25,20,20,222.26,238.945,230.6025,238.945,214.08,,,,,,213.38,217.98,221.88,226.48,209.48,204.88,200.98,0,0,0,0,0,0,0,0,0,0,0,0,0,0,0,0,0,0,0,0,0,0,,,,,,,,,,,,,,,,,,USD,1.0,stock,30.25
2026-01-30,214.16,215.55,211.03,212.29,11090431,238.5045,245.38099999999997,,234.24247225590474,242.7725130409538,245.3779975220648,246.61645634293268,14.11357132098209,-9.625067620213144,-7.16772787838009,-2.4573397418330547,0,8.04711428571429,0.5,0.05,11365084.6,9623892.35,0.9758335630867192,1.1523851885147074,6.650372307167603,12.049720252480732,1.8700000000000045,1.3900000000000148,1.259999999999991,,0,-10.340794317162727,-12.348438456827932,-15.587639549672607,,0,,,-0.8361360239163007,-6.910765183073897,-19.863349816918962,267.825,-9.371687399167373,267.825,0,25,20,20,222.26,238.945,230.6025,238.945,212.29,,,,,,212.95666666666668,214.88333333333335,217.4766666666667,219.40333333333336,210.36333333333334,208.43666666666667,205.84333333333333,0,0,0,0,0,0,0,0,0,0,0,0,0,0,0,0,0,0,0,0,0,0,,,,,,,,,,,,,,,,,,USD,1.0,stock,30.25
2026-02-02,214.35,216.89,209.8,210.81,7950855,236.36400000000003,244.92719999999997,,232.01080823153288,241.51908115699484,244.69348271964768,246.26017319524183,13.91653052131295,-10.262228487556769,-7.786628000215426,-2.4756004873413424,0,8.14004285714286,0.5,0.05,10769909.1,9537405.9,0.7382471779636469,0.8336496405170298,3.894110876654518,6.862118632782935,3.539999999999992,2.539999999999992,1.009999999999991,,0,-10.056832328415576,-12.121815853137912,-16.183862245624006,,0,,,-0.6971595459041802,-8.103748910200526,-16.879583629051343,267.825,-9.137853703080824,267.825,0,25,20,20,222.26,238.945,230.6025,238.945,210.81,,,,,,212.5,215.2,219.58999999999997,222.28999999999996,208.11,205.41000000000003,201.02000000000004,0,0,0,0,0,0,0,0,0,0,0,0,0,0,0,0,0,0,0,0,0,0,,,,,,,,,,,,,,,,,,USD,1.0,stock,30.25
2026-02-03,205.0,205.555,193.11,196.38,20194180,233.36999999999998,244.2972,,228.61739792376784,239.74892111162248,243.73678009153585,245.76385306394593,14.774519079154842,-11.795591235617337,-8.58842064729581,-3.207170588321528,0,7.936114285714284,0.5,0.05,11484250.9,10226041.4,1.7584237906192035,1.9747798009110347,6.655811113372648,5.733431432398276,8.620000000000005,0.5550000000000068,3.269999999999982,,0,-16.41582540165386,-18.835930339138397,-24.400244424075776,,0,,,-6.845026327024339,-14.068174856692783,-23.366892999297583,267.825,-14.101025650951271,267.825,0,25,20,20,214.425,231.11,222.7675,231.11,196.38,,,,,,198.34833333333336,203.5866666666667,210.79333333333335,216.0316666666667,191.1416666666667,185.90333333333336,178.69666666666672,0,0,0,0,0,0,0,0,0,0,0,0,0,0,0,0,0,0,0,0,0,0,,,,,,,,,,,,,,,,,,USD,1.0,stock,31.75
2026-02-04,193.31,200.674,187.28,199.44,23009974,230.19700000000003,243.77859999999998,,225.83859812150425,238.16817910724512,242.8596161293272,245.30291920261314,19.12601938759809,-12.618418559760357,-9.394420229788718,-3.2239983299716393,0,8.479971428571428,0.5,0.05,12523592.7,11071374.05,1.837330113746034,2.078330467029971,23.584173778122565,11.378031922716596,6.1299999999999955,1.2340000000000089,6.030000000000001,,0,-13.23636087119146,-15.421680705976751,-22.231548335338942,,0,,,1.5582034830430747,-12.510966836287075,-24.138455686572836,267.825,-11.689143636687579,267.825,0,25,20,20,211.51,228.195,219.8525,228.195,199.44,,,,,,195.798,204.316,209.192,217.71,190.922,182.404,177.528,0,0,0,0,0,0,0,0,0,0,0,0,0,0,0,0,0,0,0,0,0,0,,,,,,,,,,,,,,,,,,USD,1.0,stock,30.25
2026-02-05,193.99,199.56,188.79,189.97,21956303,226.3895,243.03580000000002,,222.42254115755145,236.27805443637277,241.8122969980534,244.75234289213938,18.16720257234728,-13.874725795943476,-10.29048134301967,-3.584244452923807,0,8.684971428571428,0.5,0.05,13770925.9,11870379.15,1.5943955518633646,1.8496715835736384,5.550969872059425,11.930318254518232,4.02000000000001,5.569999999999993,1.1800000000000068,,0,-17.082982132732248,-19.171184923935357,-27.933779017739656,,0,,,-4.74829522663458,-11.262144992526169,-28.614910566661656,265.202386,-14.590491138469602,265.202386,0,25,20,20,211.51,227.77999999999997,219.64499999999998,228.195,189.97,,,,,,192.77333333333334,196.7566666666667,203.54333333333335,207.5266666666667,185.98666666666668,182.00333333333333,175.21666666666667,0,0,0,0,0,0,0,0,0,0,0,0,0,0,0,0,0,0,0,0,0,0,,,,,,,,,,,,,,,,,,USD,1.0,stock,31.75
2026-02-06,191.63,194.6,187.1201,191.35,13652621,222.9305,242.32640000000004,,219.4632515234989,234.5161699486719,240.81304359215133,244.2209762961977,21.78920795203534,-14.590810088725817,-11.1505470921609,-3.4402629965649165,1,8.712821428571427,0.5,0.05,14195383.2,12290837.55,0.9617648785979938,1.1107966356613346,8.699935623067892,12.611693091083312,0.28000000000000114,2.969999999999999,4.2298999999999864,,0,-14.692057237260997,-16.504050169845833,-26.640397177946195,,0,,,0.7264304890245876,-9.863865467049793,-26.5535638889955,261.559,-12.810004102435668,261.559,0,25,20,20,211.43005,227.47255,219.4513,228.11505,191.35,,,,,,191.02336666666667,194.92663333333334,198.50326666666666,202.40653333333333,187.44673333333336,183.5434666666667,179.96683333333337,0,0,0,0,0,0,0,0,0,0,0,0,0,0,0,0,0,0,0,0,0,0,,,,,,,,,,,,,,,,,,USD,1.0,stock,28.5
2026-02-09,189.3,195.1999,185.73,194.03,12112033,219.635,241.5246,,217.04103709268952,232.9284770095083,239.88664668933646,243.72156359673306,27.93968146391056,-14.771778579210803,-11.87479338957088,-2.8969851896399224,1,8.776035714285713,0.5,0.05,14682623.3,12637720.6,0.8249229550144489,0.9584032899097327,16.596680663867243,10.282528719664873,4.72999999999999,1.1699000000000126,3.5700000000000216,,0,-11.859525378905076,-13.196412925836206,-24.477967324640517,,0,,,1.400574862816839,-7.959774204259762,-25.35585135031161,261.559,-10.602159573566002,261.559,0,25,20,20,208.79500000000002,226.77749999999997,217.78625,227.42000000000002,194.03,,,,,,191.65329999999997,197.57659999999996,201.1232,207.04649999999998,188.10669999999993,182.18339999999995,178.6367999999999,0,0,0,0,0,0,0,0,0,0,0,0,0,0,0,0,0,0,0,0,0,0,,,,,,,,,,,,,,,,,,USD,1.0,stock,28.5
2026-02-10,191.9,199.1,190.75,193.45,13392989,216.3375,240.8306,,214.79427165529052,231.380301440508,238.96710913113176,243.2213490335815,25.787571010500926,-14.79149145831775,-12.458133003320256,-2.3333584549974944,1,9.05627142857143,0.5,0.05,15038086.0,13060983.35,0.8906046288071501,1.02541965188249,15.436912617476496,13.577842968137228,1.549999999999983,5.650000000000006,1.1500000000000057,,0,-11.033482375440954,-11.831222538123555,-24.49242698371673,,0,,,-0.2989228469824301,-1.4920052958549812,-25.424055512721665,260.91,-9.937076762244653,260.91,0,25,20,20,201.505,226.77749999999997,214.14124999999999,227.42000000000002,193.45,,,,,,194.4333333333333,198.11666666666662,202.7833333333333,206.4666666666666,189.76666666666662,186.08333333333331,181.41666666666663,0,0,0,0,0,0,0,0,0,0,0,0,0,0,0,0,0,0,0,0,0,0,,,,,,,,,,,,,,,,,,USD,1.0,stock,28.5
2026-02-11,193.15,193.665,181.81,185.0,16350186,213.53450000000004,239.9198,,211.95672197383428,229.56146608989982,237.8984535047727,242.64203212777474,14.109611860736294,-15.312446090571683,-13.028995620770543,-2.2834504698011404,1,9.359485714285714,0.5,0.05,15826514.2,13195444.55,1.0330882589420733,1.2390780725913473,5.91507509734841,12.649556126230737,8.150000000000006,0.5149999999999864,3.1899999999999977,,0,-14.571201066937448,-15.424054054054073,-29.686378378378382,,0,,,-4.368053760661661,-7.2402727637384645,-23.255621007218117,242.24,-12.718031172968432,242.24,0,25,20,20,199.35,224.8175,212.08375,225.46,185.0,,,,,,186.82500000000002,191.84000000000003,198.68,203.69500000000002,179.98500000000004,174.97000000000003,168.13000000000005,0,0,0,0,0,0,0,0,0,0,0,0,0,0,0,0,0,0,0,0,0,0,,,,,,,,,,,,,,,,,,USD,1.0,stock,30.25
2026-02-12,185.96,188.32,180.24,185.43,16849111,210.82750000000001,238.9718,,209.43036750013576,227.83082036088416,236.85947422745048,242.0727581762546,14.730221780867268,-15.511798624781221,-13.525556221572678,-1.9862424032085428,1,9.636628571428572,0.5,0.05,15655868.3,13530434.4,1.0762169607673564,1.245274948452505,9.351351351351347,10.234446355392103,0.5300000000000011,2.359999999999985,5.189999999999998,,0,-12.943087688149571,-13.696543169929356,-28.874400043142963,,0,,,0.23243243243242784,-2.3898510291098574,-22.59882289101306,238.84,-11.459831631208017,238.84,0,25,20,20,198.565,224.0325,211.29874999999998,224.675,185.43,,,,,,184.66333333333333,189.08666666666664,192.7433333333333,197.16666666666663,181.00666666666666,176.58333333333334,172.92666666666668,0,0,0,0,0,0,0,0,0,0,0,0,0,0,0,0,0,0,0,0,0,0,,,,,,,,,,,,,,,,,,USD,1.0,stock,30.25
2026-02-13,186.44,193.45,184.3,189.72,14822879,208.637,238.072,,207.55318964298,226.33627838594754,235.92601929225344,241.55183520932673,18.686868686868692,-15.148991651586044,-13.850243307575353,-1.2987483440106917,1,10.049914285714284,0.5,0.05,16029113.1,13697098.85,0.9247472962181544,1.0821911386001277,17.081081081081063,10.782502509926958,3.280000000000001,3.7299999999999898,2.1399999999999864,,0,-9.399741536464257,-9.971009909340081,-25.48597933797175,,0,,,2.3135414981394486,-0.8518421740266513,-18.759902368004113,235.74,-8.592105798834277,235.74,0,25,20,20,192.8975,222.721193,207.8093465,224.675,189.72,,,,,,189.15666666666667,194.01333333333332,198.30666666666664,203.1633333333333,184.86333333333334,180.0066666666667,175.71333333333337,0,0,0,0,0,0,0,0,0,0,0,0,0,0,0,0,0,0,0,0,0,0,,,,,,,,,,,,,,,,,,USD,1.0,stock,28.75
2026-02-17,190.97,193.0,183.17,184.29,13692933,206.496,236.9834,,205.33764777221998,224.6874047237535,234.90352386072365,240.9820657047563,17.43227326266195,-15.125265485674305,-14.105247743195145,-1.02001774247916,1,10.07562857142857,0.5,0.05,16603320.9,13686615.0,0.8247104951154681,1.000461618888235,7.845796203022051,11.426076211818172,6.680000000000007,2.030000000000001,1.1200000000000045,,0,-11.420938614260127,-12.049487221227423,-28.59265288404146,,0,,,-2.862112586970278,-5.019842292429011,-18.854299678569863,235.74,-10.2502624338855,235.74,0,25,20,20,190.457,220.89950000000002,205.67825,224.675,184.29,,,,,,186.81999999999996,190.46999999999994,196.64999999999998,200.29999999999995,180.63999999999993,176.98999999999995,170.80999999999992,0,0,0,0,0,0,0,0,0,0,0,0,0,0,0,0,0,0,0,0,0,0,,,,,,,,,,,,,,,,,,USD,1.0,stock,30.25
2026-02-18,183.88,188.14,181.8645,187.79,9852893,204.882,235.79,,203.66644322248476,223.2404476757632,233.97058279417465,240.45279141913687,21.651376146788976,-14.65510663220303,-14.215219520996722,-0.43988711120630697,1,10.224592857142854,0.5,0.05,15569192.2,13526721.55,0.6328454857150521,0.7284021456034185,20.383369330453522,15.103415538185564,3.9099999999999966,0.3499999999999943,2.015500000000003,,0,-8.454360308048761,-9.101656105223928,-25.560466478513234,,0,,,1.899180639209952,-2.925820625484621,-14.668060162675511,235.74,-7.7953161901793395,235.74,0,25,20,20,189.9,220.89950000000002,205.39975,224.675,187.79,,,,,,185.9315,189.9985,192.207,196.274,183.723,179.656,177.44750000000002,0,0,0,0,0,0,0,0,0,0,0,0,0,0,0,0,0,0,0,0,0,0,,,,,,,,,,,,,,,,,,USD,1.0,stock,27.0
2026-02-19,186.6,186.95,183.23,185.29,9565134,203.0675,234.28440000000003,,201.91630577272431,221.75219482573328,233.0066108576563,239.90390792242906,25.79451824449302,-14.319168993361387,-14.236009415469656,-0.08315957789173112,1,9.18030714285714,0.5,0.05,14224708.2,13374150.45,0.6724309465975549,0.7151956332299223,13.778990450204601,14.002718661226744,1.3100000000000023,0.3499999999999943,2.0600000000000023,,0,-8.973126327769616,-9.594419558529875,-26.44200982244052,,0,,,-1.331274295755902,0.1567567567567485,-16.37783193429011,235.74,-8.234256123643023,235.74,0,25,20,20,189.67000000000002,220.57500000000002,205.1225,224.675,185.29,,,,,,185.15666666666664,187.0833333333333,188.87666666666664,190.80333333333328,183.3633333333333,181.43666666666664,179.6433333333333,0,0,0,0,0,0,0,0,0,0,0,0,0,0,0,0,0,0,0,0,0,0,,,,,,,,,,,,,,,,,,USD,1.0,stock,27.0
2026-02-20,185.32,191.73,183.73,185.16,10816216,200.921,232.797,,200.32046712770295,220.31720679335157,232.05915321691063,239.35919242071336,26.53520152222798,-13.903158945911542,-14.169439321558034,0.26628037564649176,1,9.428878571428568,0.5,0.05,13110699.5,13440812.7,0.824991526958573,0.8047293152146968,13.424283765347859,15.862214515335346,0.1599999999999966,6.409999999999997,1.4300000000000068,,0,-8.187765785106373,-8.512097645279756,-25.72747893713545,,0,,,-0.0701602892762665,-0.14560750687591106,-18.821517821912405,235.74,-7.568106916423203,235.74,0,25,20,20,189.67000000000002,211.24,200.455,224.675,185.16,,,,,,186.87333333333333,190.01666666666668,194.87333333333333,198.01666666666668,182.01666666666668,178.87333333333333,174.01666666666668,0,0,0,0,0,0,0,0,0,0,0,0,0,0,0,0,0,0,0,0,0,0,,,,,,,,,,,,,,,,,,USD,1.0,stock,27.0
2026-02-23,181.27,182.47,174.57,178.16,15498634,198.4265,231.1398,,198.20994644887412,218.66398299753388,230.99184325221933,238.75024523244755,24.222327490920577,-13.977189148668401,-14.130989286980109,0.15380013831170736,0,9.67887857142857,0.5,0.05,13295300.8,13745342.0,1.1657227040699973,1.127555356570975,11.586251411973542,12.92984187584202,3.1100000000000136,1.1999999999999886,3.5900000000000034,,0,-11.25389899465319,-11.375449034575666,-29.73720251459363,,0,,,-3.7805141499243855,-6.093189964157708,-21.876781407586066,235.74,-10.11550974514075,235.74,0,25,20,20,186.83499999999998,206.70499999999998,196.76999999999998,221.84,178.16,,,,,,178.39999999999998,182.22999999999996,186.29999999999998,190.12999999999997,174.32999999999996,170.49999999999997,166.42999999999995,0,0,0,0,0,0,0,0,0,0,0,0,0,0,0,0,0,0,0,0,0,0,,,,,,,,,,,,,,,,,,USD,1.0,stock,28.5
2026-02-24,177.64,188.67,176.28,185.42,15564730,196.22750000000002,229.56420000000003,,196.9918563108861,217.36029738978746,230.08943051455162,238.21959602615453,40.242165242165235,-13.296760513806476,-13.964143532345382,0.6673830185389065,1,9.299592857142855,0.5,0.05,13640570.5,14161596.9,1.1410615120533265,1.0990801468159286,41.56451118602509,22.19168212111552,7.780000000000001,3.25,1.3599999999999852,,0,-6.240888960676367,-5.828659260058265,-23.807679861935092,,0,,,4.074988774135613,0.613164034944913,-19.171752397558862,235.74,-5.874281570616703,235.74,0,25,20,20,184.1175,205.155,194.63625000000002,221.84,185.42,,,,,,183.45666666666668,190.63333333333335,195.84666666666666,203.02333333333334,178.24333333333337,171.0666666666667,165.85333333333338,0,0,0,0,0,0,0,0,0,0,0,0,0,0,0,0,0,0,0,0,0,0,,,,,,,,,,,,,,,,,,USD,1.0,stock,25.0
2026-02-25,183.0,192.6,182.261,191.75,21875066,194.3885,228.15220000000002,,196.49263190032553,216.35597200195267,229.33023387069912,237.7572119860933,43.530203600874984,-12.107173856705998,-13.592749597217507,1.4855757405115089,1,9.08137857142857,0.5,0.05,14488778.2,14763432.1,1.5097936967521528,1.4817060052045758,68.74749899959984,40.63275386586617,8.75,0.8499999999999943,0.7390000000000043,,0,-2.473341277875116,-1.376010430247715,-18.98419817470666,,0,,,3.413871211304076,2.108738484477346,-16.09416706778104,231.86,-2.4136436335848566,231.86,0,25,20,20,184.01,205.155,194.58249999999998,221.84,191.75,,,,,,188.87033333333332,195.47966666666665,199.20933333333332,205.81866666666664,185.14066666666665,178.53133333333332,174.80166666666665,0,0,0,0,0,0,0,0,0,0,0,0,0,0,0,0,0,0,0,0,0,0,,,,,,,,,,,,,,,,,,USD,1.0,stock,25.0
2026-02-26,196.76,201.035,191.33,199.47,26680489,192.964,226.89700000000002,,196.77619076696118,215.69377702148392,228.73894211088327,237.37624470264961,58.23509015256588,-10.421347571436883,-12.958469192061383,2.5371216206245,1,9.005307142857138,0.5,0.05,15521808.5,15674161.35,1.7189033739206356,1.7021956329421095,94.08652937842434,68.13284652134978,2.710000000000008,1.5649999999999977,5.429999999999978,,0,1.3504833975228456,3.2616433548904595,-13.74993733393494,,0,,,4.026075619295955,7.652868476442332,-12.497806632742591,217.28,1.3689711252867245,217.28,0,25,20,20,187.8025,205.155,196.47875,221.84,199.47,,,,,,197.27833333333334,203.22666666666666,206.98333333333332,212.93166666666664,193.52166666666668,187.57333333333335,183.8166666666667,0,0,0,0,0,0,0,0,0,0,0,0,0,0,0,0,0,0,0,0,0,0,,,,,,,,,,,,,,,,,,USD,1.0,stock,25.0
2026-02-27,191.91,195.92,189.9248,194.79,16346535,191.99949999999998,225.70120000000003,,196.5870297415363,214.87402105985709,228.06668583145984,236.95250097426504,52.82059691702197,-9.355115039429023,-12.237798361534912,2.8826833221058887,1,9.152828571428568,0.5,0.05,15471550.9,15563709.6,1.05655438848086,1.0502981242980787,76.402796145853,79.74560817462574,2.8799999999999955,1.1299999999999955,1.9851999999999919,,0,-0.9225472260055991,1.4325684070024174,-15.86898711432827,,0,,,-2.346217476312229,5.200907323395976,-9.010650224215254,216.89,-0.914114091809088,216.89,0,25,20,20,187.8025,205.155,196.47875,221.84,194.79,,,,,,193.54493333333332,197.16506666666663,199.5401333333333,203.16026666666662,191.16986666666665,187.54973333333334,185.17466666666667,0,0,0,0,0,0,0,0,0,0,0,0,0,0,0,0,0,0,0,0,0,0,,,,,,,,,,,,,,,,,,USD,1.0,stock,25.0
2026-03-02,192.5,195.94,190.675,192.95,9932748,191.03249999999997,224.46200000000002,,196.2406459566281,214.01425552809798,227.3713059140052,236.51466514367533,49.10209511140671,-8.559917300227113,-11.502222149273353,2.9423048490462396,1,8.852478571428565,0.5,0.05,14982537.8,15505825.45,0.6629549768264226,0.6405816982803711,69.4502172680899,79.97984759745576,0.44999999999998863,2.990000000000009,1.8249999999999886,,0,-1.7054397287525846,0.993780772220792,-16.331692148224946,,0,,,-0.9446070126803208,8.30152671755724,-9.110179471477696,216.89,-1.6768421957576465,216.89,0,25,20,20,187.8025,205.155,196.47875,221.84,192.95,,,,,,193.18833333333336,195.7016666666667,198.45333333333335,200.9666666666667,190.43666666666672,187.92333333333337,185.17166666666674,0,0,0,0,0,0,0,0,0,0,0,0,0,0,0,0,0,0,0,0,0,0,,,,,,,,,,,,,,,,,,USD,1.0,stock,25.0
2026-03-03,190.75,198.67,189.58,196.05,13208923,190.2945,223.2202,,196.222489198854,213.30977491915297,226.75108203451995,236.1120316596587,52.07468879668051,-7.592056766091957,-10.720189072637075,3.128132306545117,1,8.905335714285707,0.5,0.05,14934136.8,15768728.85,0.8844785056475443,0.8376656815936054,81.16380124692996,75.6722715536243,5.300000000000011,2.619999999999976,1.1699999999999875,,0,-0.0879822488416123,2.9357306809487436,-13.858811527671508,,0,,,1.606633842964511,5.73293064394349,-7.001565390636111,205.555,-0.08790490812660039,205.555,0,25,20,20,187.8025,205.155,196.47875,221.84,196.05,,,,,,194.76666666666665,199.9533333333333,203.85666666666663,209.04333333333327,190.86333333333332,185.67666666666668,181.77333333333334,0,0,0,0,0,0,0,0,0,0,0,0,0,0,0,0,0,0,0,0,0,0,,,,,,,,,,,,,,,,,,USD,1.0,stock,25.0
2026-03-04,195.1,196.47,192.1,193.08,11583729,190.12949999999998,221.92480000000003,,195.92320451324883,212.51645041251953,226.0843279348265,235.6838522401596,57.06540748513467,-6.9841653873126575,-9.97298433557219,2.9888189482595333,0,8.370692857142851,0.5,0.05,15107220.4,15338206.3,0.7667677238626902,0.7552205762156166,69.94143208010586,73.51848353170858,2.019999999999982,1.3700000000000045,0.9800000000000182,,0,-1.4725525757451943,1.528123057799893,-14.939299772115195,,0,,,-1.5149196633511886,0.693611473272493,-1.6804155209288019,201.035,-1.451183141023276,201.035,0,25,20,20,187.8025,205.155,196.47875,221.84,193.08,,,,,,193.88333333333333,195.66666666666666,198.25333333333333,200.03666666666666,191.29666666666665,189.51333333333332,186.92666666666665,0,0,0,0,0,0,0,0,0,0,0,0,0,0,0,0,0,0,0,0,0,0,,,,,,,,,,,,,,,,,,USD,1.0,stock,25.0
2026-03-05,194.36,204.42,194.24,201.39,15860914,190.227,220.75439999999998,,196.44385170246323,212.0801190237933,225.59533134205762,235.34261987956103,62.26560098370733,-5.765399601803978,-9.13146738881855,3.366067787014572,1,8.603549999999993,0.5,0.05,15736798.4,14980753.3,1.0078869663857422,1.0587527664580125,89.84924623115576,80.31815985273055,7.029999999999973,3.030000000000001,0.12000000000000455,,0,2.456004914611824,5.542976314613428,-9.61537315656189,,0,,,4.30391547545057,0.9625507595127036,0.9777376654632963,204.42,2.517843269041711,204.42,0,25,20,20,189.495,203.215,196.35500000000002,221.84,201.39,,,,,,200.01666666666665,205.7933333333333,210.19666666666663,215.97333333333327,195.61333333333332,189.83666666666667,185.43333333333334,0,0,0,0,0,0,0,0,0,0,0,0,0,0,0,0,0,0,0,0,0,0,,,,,,,,,,,,,,,,,,USD,1.0,stock,25.0
2026-03-06,200.79,202.96,197.37,202.11,9657395,190.834,219.50400000000002,,196.98348487365723,211.6891339640367,225.13027527587826,235.01194704493855,60.07480891201821,-4.687387666128416,-8.242651444280524,3.555263778152108,1,8.34926428571428,0.5,0.05,15620916.3,14365807.9,0.6182348598846279,0.672248652301692,92.2613065326634,84.01732828130837,1.3200000000000216,0.8499999999999943,3.4199999999999875,,0,2.536497514394528,5.579140072237895,-8.606204542081047,,0,,,0.35751526888128105,3.7578931156630357,6.390482707795986,204.42,2.6025101188715714,204.42,0,25,20,20,190.35,195.925,193.1375,221.84,202.11,,,,,,200.81333333333336,204.25666666666672,206.40333333333336,209.84666666666672,198.6666666666667,195.22333333333336,193.0766666666667,0,0,0,0,0,0,0,0,0,0,0,0,0,0,0,0,0,0,0,0,0,0,,,,,,,,,,,,,,,,,,USD,1.0,stock,25.0
2026-03-09,198.56,203.67,195.87,198.79,10754797,191.206,218.2112,,197.15553393330893,211.18328557329016,224.60868566645493,234.65152966140684,62.20949814752441,-4.054217201811355,-7.404964595786691,3.350747393975336,0,8.204264285714277,0.5,0.05,15146532.6,14220916.7,0.710050100839581,0.756266085153287,81.13902847571191,87.74986041317703,0.22999999999998977,4.8799999999999955,2.6899999999999977,,0,0.822207388043192,3.8150812415111446,-9.769706725690428,,0,,,-1.642669833259125,3.0266908525524716,3.8881630519989496,204.42,0.8290236820052669,204.42,0,25,20,20,193.3405,195.73,194.53525,221.84,198.79,,,,,,199.4433333333333,203.0166666666666,207.24333333333328,210.81666666666658,195.2166666666666,191.64333333333332,187.41666666666663,0,0,0,0,0,0,0,0,0,0,0,0,0,0,0,0,0,0,0,0,0,0,,,,,,,,,,,,,,,,,,USD,1.0,stock,25.0
2026-03-10,197.26,199.57,190.6,194.91,14467396,191.25,216.80419999999998,,196.9416735587081,210.54511751159254,224.0205928809806,234.2560915553232,55.95716198125837,-3.821457240288737,-6.688263124687101,2.8668058843983637,0,8.396728571428564,0.5,0.05,15036799.2,14338684.85,0.9621326857912688,1.0089764961951864,68.14070351758797,80.51367950865445,2.3499999999999943,2.3100000000000023,4.310000000000002,,0,-1.042364967784153,1.8777897491149744,-11.23297932379046,,0,,,-1.9518084410684589,-0.581484315225711,0.4535381126629989,204.42,-1.0316118076971927,204.42,0,25,20,20,197.0,195.73,196.365,221.84,194.91,,,,,,195.02666666666664,199.4533333333333,203.99666666666664,208.4233333333333,190.4833333333333,186.05666666666664,181.5133333333333,0,0,0,0,0,0,0,0,0,0,0,0,0,0,0,0,0,0,0,0,0,0,,,,,,,,,,,,,,,,,,USD,1.0,stock,25.0
2026-03-11,196.4,199.55,191.2876,194.13,9580004,191.284,215.36520000000002,,196.6738951245454,209.90138741309872,223.42869995264434,233.85682696273292,57.615437629221226,-3.6577682990355527,-6.0821641595567915,2.424395860521239,0,8.661185714285708,0.5,0.05,13807293.0,14148035.6,0.6938365108931924,0.6771260880909856,65.52763819095479,71.6024567280849,2.2700000000000102,3.1500000000000057,2.842399999999998,,0,-1.3104080381936851,1.4660279194354318,-10.938649358677186,,0,,,-0.4001847006310566,0.5438160348042231,0.3515120186094567,204.42,-1.2934584546334722,204.42,0,25,20,20,197.0,190.0625,193.53125,221.84,194.13,,,,,,194.98919999999998,198.69079999999997,203.2516,206.95319999999998,190.42839999999995,186.72679999999997,182.16599999999994,0,0,0,0,0,0,0,0,0,0,0,0,0,0,0,0,0,0,0,0,0,0,,,,,,,,,,,,,,,,,,USD,1.0,stock,25.0
2026-03-12,194.13,204.855,193.15,199.28,26309733,191.998,214.0262,,196.9220955888744,209.48486241650662,222.95050787437415,233.512778933253,61.19568664763717,-3.077011797494862,-5.481133687144406,2.404121889649544,0,8.925828571428564,0.5,0.05,13770217.4,14646012.95,1.9106258264303075,1.7963751015254976,81.59154697044745,71.75329622633008,5.150000000000006,5.574999999999989,0.9799999999999898,,0,1.1832117679273324,3.6541549578482586,-7.39973906061822,,0,,,2.6528614845722,-1.0477183574159499,7.718918918918916,204.855,1.1973793007201796,204.855,0,25,20,20,197.2175,189.71249999999998,193.46499999999997,221.84,199.28,,,,,,199.095,205.04,210.79999999999998,216.74499999999998,193.335,187.39000000000001,181.63000000000002,0,0,0,0,0,0,0,0,0,0,0,0,0,0,0,0,0,0,0,0,0,0,,,,,,,,,,,,,,,,,,USD,1.0,stock,25.0
2026-03-13,199.73,200.9999,191.75,192.83,14834718,192.368,212.56439999999998,,196.5323721994578,208.83173055703577,222.3540621738915,233.10797516277287,61.734122540393535,-3.10146739546164,-5.005200428807853,1.9037330333462128,0,8.830107142857134,0.5,0.05,13619035.7,14545293.3,1.0892634637854721,1.0198981687086364,57.917760279965066,68.3456484804558,6.899999999999977,1.269900000000007,1.0800000000000125,,0,-1.9200187727313092,0.23958927552767592,-10.234092205569654,,0,,,-3.236651947009228,-4.591559052001381,3.990724262524936,204.855,-1.883848527356247,204.855,0,25,20,20,197.2175,189.71249999999998,193.46499999999997,221.84,192.83,,,,,,195.19330000000002,198.63660000000004,204.44320000000002,207.88650000000004,189.38670000000005,185.94340000000003,180.13680000000005,0,0,0,0,0,0,0,0,0,0,0,0,0,0,0,0,0,0,0,0,0,0,,,,,,,,,,,,,,,,,,USD,1.0,stock,25.0
2026-03-16,195.15,198.63,195.15,198.34,13419635,192.799,211.233,,196.70452722808088,208.42029014303438,221.8785361902501,232.76202516115325,60.631994733377226,-2.645739246911859,-4.533308192428654,1.8875689455167954,0,8.359392857142849,0.5,0.05,13967724.4,14475131.1,0.9607602939244706,0.9270821042857429,71.16491103832881,70.22473942958045,3.1899999999999977,0.28999999999999204,0.0,,0,0.8245804033070112,2.7936876071392542,-6.500453766259957,,0,,,2.857439195145983,-0.226369535690929,4.543537845245638,204.855,0.8314362638043296,204.855,0,25,20,20,197.7275,189.71249999999998,193.71999999999997,221.42499999999998,198.34,,,,,,197.37333333333333,199.59666666666666,200.85333333333332,203.07666666666665,196.11666666666667,193.89333333333335,192.63666666666668,0,0,0,0,0,0,0,0,0,0,0,0,0,0,0,0,0,0,0,0,0,0,,,,,,,,,,,,,,,,,,USD,1.0,stock,25.0
2026-03-17,198.22,202.38,194.45,195.31,11559323,193.35,210.0668,,196.5717151111208,207.90616111781733,221.35242656272038,232.3893681943756,53.09780717020536,-2.500245805775563,-4.126695715098037,1.6264499093224734,0,8.18732142857142,0.5,0.05,13802764.4,14368450.6,0.8374643415633465,0.8044933529576251,37.512274959083456,55.5316487591258,2.9099999999999966,4.159999999999997,0.8600000000000136,,0,-0.64600640577584,1.0035328452204229,-7.5555783114023845,,0,,,-1.5276797418574128,0.20522292340054982,5.9797058983124485,204.855,-0.6418599493866924,204.855,0,25,20,20,197.7275,189.71249999999998,193.71999999999997,221.1975,195.31,,,,,,197.38,200.31,205.31,208.24,192.38,189.45,184.45,0,0,0,0,0,0,0,0,0,0,0,0,0,0,0,0,0,0,0,0,0,0,,,,,,,,,,,,,,,,,,USD,1.0,stock,25.0
2026-03-18,193.4,196.15,192.64,194.34,10525102,193.6775,208.8284,,196.35917081482359,207.37415479947157,220.81752702682493,232.0107675158246,44.94182606980873,-2.4351413056741933,-3.788384833213268,1.3532435275390746,0,7.744821428571423,0.5,0.05,13696901.7,14402061.05,0.7684294032715443,0.7308052620704589,31.162029459901788,46.6130718191047,0.9399999999999977,1.8100000000000023,0.7600000000000193,,0,-1.0389887901737067,0.3408973963157324,-7.455181640423991,,0,,,-0.49664635707337146,0.10817493432235814,3.4879386548804625,204.855,-1.0283048183819028,204.855,0,25,20,20,197.7275,189.71249999999998,193.71999999999997,221.1975,194.34,,,,,,194.37666666666667,196.11333333333334,197.88666666666668,199.62333333333336,192.60333333333332,190.86666666666665,189.0933333333333,0,0,0,0,0,0,0,0,0,0,0,0,0,0,0,0,0,0,0,0,0,0,,,,,,,,,,,,,,,,,,USD,1.0,stock,25.0
2026-03-19,195.59,200.395,193.3,194.99,9254295,194.1625,207.4702,,196.2287735943642,206.88850167008053,220.30609084807594,231.642401669896,50.21422450728365,-2.3045307565272424,-3.491614017876063,1.1870832613488207,0,7.569807142857138,0.5,0.05,13036239.8,14386519.1,0.7098899024548474,0.6432615795157843,35.417348608838,34.6972176759411,0.5999999999999943,4.805000000000007,1.6899999999999977,,0,-0.635301089473411,0.4243807374737242,-6.40043079132263,,0,,,0.3344653699701494,-2.152749899638695,5.235036969075502,204.855,-0.6312904940867359,204.855,0,25,20,20,197.7275,189.71249999999998,193.71999999999997,221.1975,194.99,,,,,,196.22833333333335,199.1566666666667,203.32333333333335,206.2516666666667,192.0616666666667,189.13333333333335,184.9666666666667,0,0,0,0,0,0,0,0,0,0,0,0,0,0,0,0,0,0,0,0,0,0,,,,,,,,,,,,,,,,,,USD,1.0,stock,25.0
2026-03-20,193.21,195.6699,190.0,195.38,20201081,194.67350000000002,206.05540000000002,,196.14793801394856,206.43718787909697,219.8125048906883,231.2815817527826,52.686270174662845,-2.144826984329171,-3.222256611166685,1.0774296268375139,0,7.598728571428568,0.5,0.05,14090608.4,14855762.35,1.4336556965134308,1.3598144964940153,37.97054009819962,34.84997272231315,2.1699999999999875,0.28990000000001714,3.210000000000008,,0,-0.3930484256057764,0.36160302999282273,-5.463916470467819,,0,,,0.20001025693625607,1.3224083389514085,5.519550658889605,204.855,-0.39150960327401246,204.855,0,25,20,20,197.4275,189.71249999999998,193.57,221.1975,195.38,,,,,,193.6833,197.3666,199.35320000000002,203.03650000000002,191.6967,188.0134,186.02679999999998,0,0,0,0,0,0,0,0,0,0,0,0,0,0,0,0,0,0,0,0,0,0,,,,,,,,,,,,,,,,,,USD,1.0,stock,25.0
2026-03-23,197.09,198.05,192.0,195.29,13976236,195.53,204.75059999999996,,196.06622963166774,206.00004325638727,219.32691073443704,230.92345656121265,49.09995262908572,-2.002439960705857,-2.9782932810745195,0.9758533203686626,0,7.3815857142857135,0.5,0.05,14412752.3,14779642.45,0.9697131893399707,0.9456410090624351,35.610905419050795,36.33293137536282,1.8000000000000114,0.960000000000008,3.289999999999992,,0,-0.3974753605754245,-0.12289415740693793,-4.844385273183456,,0,,,-0.04606408025387143,-1.537763436523143,9.614952851369551,204.855,-0.39590174867236455,204.855,0,25,20,20,197.4275,189.71249999999998,193.57,221.1975,195.29,,,,,,195.11333333333334,198.2266666666667,201.16333333333336,204.2766666666667,192.17666666666668,189.06333333333333,186.12666666666667,0,0,0,0,0,0,0,0,0,0,0,0,0,0,0,0,0,0,0,0,0,0,,,,,,,,,,,,,,,,,,USD,1.0,stock,25.0
2026-03-24,192.14,192.14,182.29,183.02,18631394,195.41,203.21219999999997,,194.82373157150892,205.09886508947014,218.60796200702242,230.44680525214588,40.23680124223602,-2.846866766007196,-2.952007978061055,0.10514121205385907,0,7.998014285714285,0.5,0.05,14829152.1,14932975.65,1.2564031897683483,1.2476678752235157,3.235098604032875,25.605514707094443,9.119999999999976,0.0,0.7300000000000182,,0,-6.449421686978966,-6.769751939678716,-11.032783302371302,,0,,,-6.282963797429453,-6.292560544774972,-1.2943587531010547,204.855,-6.05867235798038,204.855,0,25,20,20,193.5725,189.71249999999998,191.64249999999998,219.886193,183.02,,,,,,185.81666666666663,189.34333333333328,195.66666666666663,199.19333333333327,179.49333333333328,175.96666666666664,169.6433333333333,0,0,0,0,0,0,0,0,0,0,0,0,0,0,0,0,0,0,0,0,0,0,,,,,,,,,,,,,,,,,,USD,1.0,stock,25.0
2026-03-25,185.7,187.385,179.85,181.96,12565193,194.9205,201.6634,,193.59861427898426,204.19145861537328,217.88225978906158,229.9643494784927,28.055116331601567,-3.5605701973286443,-3.073720421914573,-0.4868497754140715,0,7.726228571428572,0.5,0.05,15127671.0,14467482.0,0.8306098803973195,0.8685127792106463,8.43831233753255,15.761438786872086,3.7399999999999807,1.6850000000000023,2.1100000000000136,,0,-6.39624877939341,-7.122719278962407,-10.828423829413051,,0,,,-0.5791716752267528,-6.3702788926623395,-5.105606258148631,204.855,-6.011723959042644,204.855,0,25,20,20,191.115,189.71249999999998,190.41375,218.0645,181.96,,,,,,183.06500000000003,186.28000000000006,190.60000000000002,193.81500000000005,178.74500000000006,175.53000000000003,171.21000000000006,0,0,0,0,0,0,0,0,0,0,0,0,0,0,0,0,0,0,0,0,0,0,,,,,,,,,,,,,,,,,,USD,1.0,stock,27.0
2026-03-26,181.18,187.47,179.53,185.57,10330721,194.2255,200.55360000000002,,192.8339843476524,203.46120533633905,217.2424130605653,229.5226146578112,32.46395250212041,-3.791186045830301,-3.2172135466977188,-0.5739724991325823,0,7.894085714285715,0.5,0.05,13529769.8,13649993.6,0.7635548241182936,0.7568297321399476,23.84995064165842,11.841120527741296,4.389999999999986,1.9000000000000057,1.6500000000000057,,0,-3.9144173883992086,-4.66427763108262,-8.074365468556353,,0,,,1.9839525170367134,-4.831016975229508,-6.968466436055554,204.855,-3.766962743743589,204.855,0,25,20,20,190.95499999999998,189.71249999999998,190.33374999999998,218.0645,185.57,,,,,,184.18999999999997,188.84999999999994,192.12999999999997,196.78999999999994,180.90999999999994,176.24999999999997,172.96999999999994,0,0,0,0,0,0,0,0,0,0,0,0,0,0,0,0,0,0,0,0,0,0,,,,,,,,,,,,,,,,,,USD,1.0,stock,25.0
2026-03-27,184.0,184.11,178.816,179.31,9901975,193.4515,199.3484,,191.54598583835218,202.51409924471793,216.49127616827687,229.02298665126582,30.558882235528927,-4.428036798407646,-3.4593781970397046,-0.9686586013679417,0,7.819371428571429,0.5,0.05,13036495.5,13327765.6,0.759558042266804,0.7429583695559592,1.8971542685971043,11.395139082596039,4.689999999999998,0.11000000000001364,0.4939999999999998,,0,-6.8239283020200645,-7.886620935809496,-11.175283029390439,,0,,,-3.3733900953817897,-8.22499744088443,-7.947019867549665,204.855,-6.388014755202579,204.855,0,25,20,20,190.598,189.71249999999998,190.15525,217.74,179.31,,,,,,180.74533333333338,182.67466666666675,186.0393333333334,187.96866666666676,177.38066666666674,175.45133333333337,172.08666666666673,0,0,0,0,0,0,0,0,0,0,0,0,0,0,0,0,0,0,0,0,0,0,,,,,,,,,,,,,,,,,,USD,1.0,stock,25.0
2026-03-30,180.1,186.39,179.58,185.03,11617715,193.0555,198.3784,,190.92541575850913,201.82844829394466,215.86828060058824,228.58524549055673,40.48902579899884,-4.420235686627393,-3.6515496949572426,-0.7686859916701505,1,7.684371428571429,0.5,0.05,12856303.5,13412013.95,0.9036590494304992,0.8662170381950729,23.86420369445832,16.537102868237962,4.930000000000007,1.3599999999999852,0.5199999999999818,,0,-3.18619454061997,-4.337404745176455,-7.214181484083661,,0,,,3.190006134627188,-5.253725229146388,-4.1046903342834895,204.855,-3.0878108789695724,204.855,0,25,20,20,189.6055,189.71249999999998,189.659,208.405,185.03,,,,,,183.66666666666666,187.7533333333333,190.47666666666663,194.56333333333328,180.94333333333333,176.85666666666668,174.13333333333335,0,0,0,0,0,0,0,0,0,0,0,0,0,0,0,0,0,0,0,0,0,0,,,,,,,,,,,,,,,,,,USD,1.0,stock,25.0
2026-03-31,184.9,188.5,182.31,186.67,11041377,192.5865,197.56959999999998,,190.52013806722255,201.23399934124095,215.29009682631914,228.16817837124773,42.93560606060604,-4.232924437379296,-3.767824643441654,-0.4650997939376422,1,7.536342857142856,0.5,0.05,12804508.9,13303636.65,0.8623038248659424,0.8299517861531494,30.162448634740155,18.641268865931874,1.7699999999999818,1.8300000000000125,2.5900000000000034,,0,-2.062537133563272,-3.1694969732683416,-5.838967161300687,,0,,,0.886342755228875,1.9943175609222985,-4.784493751593988,204.855,-2.020856223536899,204.855,0,25,20,20,189.6055,190.5675,190.0865,206.70499999999998,186.67,,,,,,185.82666666666668,189.34333333333336,192.01666666666668,195.53333333333336,183.15333333333336,179.63666666666668,176.96333333333337,0,0,0,0,0,0,0,0,0,0,0,0,0,0,0,0,0,0,0,0,0,0,,,,,,,,,,,,,,,,,,USD,1.0,stock,25.0
2026-04-01,186.85,188.98,183.01,186.24,11677678,192.24450000000002,196.893,,190.11250587034422,200.64599936707464,214.7148473842138,227.75098256655872,36.43926788685522,-4.072234148795985,-3.8287065445125203,-0.24352760428346487,1,7.1267,0.5,0.05,12919766.5,13308334.1,0.9038613817053118,0.8774710577787493,31.5056866406383,28.51077965661227,0.6099999999999852,2.1299999999999955,3.230000000000018,,0,-2.0793094235095646,-3.224065721649488,-5.7200386597938095,,0,,,-0.23035302941017965,2.352165311057375,-3.5425730267246713,204.855,-2.036954829781289,204.855,0,25,20,20,188.433,191.8355,190.13425,205.155,186.24,,,,,,186.07666666666668,189.14333333333337,192.04666666666668,195.11333333333337,183.17333333333337,180.10666666666668,177.20333333333338,0,0,0,0,0,0,0,0,0,0,0,0,0,0,0,0,0,0,0,0,0,0,,,,,,,,,,,,,,,,,,USD,1.0,stock,25.0
2026-04-02,185.3,187.58,181.575,187.18,11635452,191.534,196.205,,189.8332195969781,200.1179209605227,214.16960288155613,227.34729119773723,43.363871270847994,-3.8249442172985937,-3.8279540790697353,0.0030098617711415976,1,6.89492142857143,0.5,0.05,13157882.2,13097061.0,0.8842951945564614,0.8884017566994611,35.494822610762206,32.38765262871357,1.8799999999999955,0.4000000000000057,3.7250000000000227,,0,-1.417469599838706,-2.326103216155564,-4.821562132706489,,0,,,0.5047250859106622,0.8675971331573162,-7.0559610705596025,204.855,-1.3976582194680989,204.855,0,25,20,20,188.433,191.8355,190.13425,205.155,187.18,,,,,,185.44500000000002,189.31500000000005,191.45000000000005,195.32000000000008,183.31000000000003,179.44,177.305,0,0,0,0,0,0,0,0,0,0,0,0,0,0,0,0,0,0,0,0,0,0,,,,,,,,,,,,,,,,,,USD,1.0,stock,25.0
2026-04-06,187.5,188.14,183.6001,185.03,14390963,190.68,195.3438,,189.37577011155162,199.52623778560024,213.5925810423174,226.92622362363042,33.027288956898715,-3.759119408093511,-3.8141871448744906,0.05506773678097954,1,6.804914285714288,0.5,0.05,12576870.4,13333739.4,1.1442403827266916,1.079289355242686,26.370735019521305,31.123748090307284,2.469999999999999,0.6399999999999864,1.4299000000000035,,0,-2.348684057478039,-3.053558882343407,-5.574123115170505,,0,,,-1.1486269900630397,3.190006134627188,-8.450843600019798,204.855,-2.2947867665392168,204.855,0,25,20,20,185.478,191.8355,188.65675,205.155,185.03,,,,,,185.5900333333333,187.57996666666662,190.1299333333333,192.1198666666666,183.04006666666663,181.05013333333332,178.50016666666664,0,0,0,0,0,0,0,0,0,0,0,0,0,0,0,0,0,0,0,0,0,0,,,,,,,,,,,,,,,,,,USD,1.0,stock,25.0
2026-04-07,184.95,186.58,182.017,182.96,12344587,189.88850000000002,194.442,,188.76474438664195,198.87658140185124,212.98599527910318,226.48874876170376,33.85620915032678,-3.8298365016440243,-3.8173170162283974,-0.012519485415626974,0,6.564414285714288,0.5,0.05,12413705.5,13413228.9,0.9944320815408421,0.9203292579313248,19.203855600352213,27.02313774354526,1.9899999999999807,1.6300000000000239,0.943000000000012,,0,-3.172684951159785,-3.786893310013125,-6.275688675120245,,0,,,-1.1187375020266899,-1.1187375020266899,-7.963177222194274,204.855,-3.075121048426413,204.855,0,25,20,20,183.898,191.8355,187.86675,205.155,182.96,,,,,,183.85233333333335,185.6876666666667,188.41533333333336,190.25066666666672,181.12466666666668,179.28933333333333,176.56166666666667,0,0,0,0,0,0,0,0,0,0,0,0,0,0,0,0,0,0,0,0,0,0,,,,,,,,,,,,,,,,,,USD,1.0,stock,25.0
2026-04-08,186.5,186.77,175.78,176.37,13472050,188.9615,193.38139999999999,,187.5842925402951,197.99397036648452,212.2609260656556,225.9900547441744,29.519033508092065,-4.367294777199021,-3.927312568422522,-0.43998220877649885,0,7.098700000000002,0.5,0.05,11897771.1,13363461.6,1.1323171278694377,1.0081257688501908,2.3969124517570717,15.99050102387688,10.129999999999995,0.27000000000001023,0.5900000000000034,,0,-6.358390055165337,-7.139252707376535,-9.645291149288417,,0,,,-3.601880192391782,-5.5177586114533606,-9.512082499615204,204.855,-5.978268429850626,204.855,0,25,20,20,182.38,190.3175,186.34875,205.155,176.37,,,,,,179.64000000000001,183.50000000000003,190.63000000000002,194.49000000000004,172.51000000000002,168.65,161.52,0,0,0,0,0,0,0,0,0,0,0,0,0,0,0,0,0,0,0,0,0,0,,,,,,,,,,,,,,,,,,USD,1.0,stock,27.0
2026-04-09,173.17,174.29,167.12,170.85,20855393,187.7975,192.2278,,185.99055039360033,196.92950094034788,211.44090772772182,225.44139748303832,25.23594583504304,-5.178952460016234,-4.177640546741265,-1.0013119132749688,0,7.252628571428573,0.5,0.05,12726791.1,13927231.05,1.6387000333493336,1.4974543701563707,12.059489169091462,11.220085740400263,2.319999999999993,1.1200000000000045,3.7299999999999898,,0,-8.861896630728907,-9.919520046824712,-12.512613403570388,,0,,,-3.129783976866818,-8.263530927835061,-11.991964147736056,204.855,-8.140494429184345,204.855,0,25,20,20,178.05,185.9875,182.01875,201.43,170.85,,,,,,170.75333333333333,174.38666666666666,177.92333333333332,181.55666666666664,167.21666666666667,163.58333333333334,160.04666666666668,0,0,0,0,0,0,0,0,0,0,0,0,0,0,0,0,0,0,0,0,0,0,,,,,,,,,,,,,,,,,,USD,1.0,stock,27.0
2026-04-10,171.26,171.26,163.52,164.96,18109343,186.0815,190.9678,,183.98764083230506,195.67579502111855,210.52049371331148,224.83959253295836,21.957964601769888,-6.225704747579357,-4.587253386908884,-1.638451360670473,0,7.400492857142857,0.5,0.05,13504653.3,13517211.55,1.3409705971496506,1.3397247600227133,4.170286707211114,6.20889610935323,6.299999999999983,0.0,1.4399999999999977,,0,-11.534699825597146,-12.80401309408341,-15.766125121241515,,0,,,-3.4474685396546634,-11.870926381023617,-17.221999197109593,202.38,-10.341803800641008,202.38,0,25,20,20,176.25,184.1875,180.21875,199.63,164.96,,,,,,166.58,169.64000000000001,174.32,177.38,161.90000000000003,158.84000000000003,154.16000000000005,0,0,0,0,0,0,0,0,0,0,0,0,0,0,0,0,0,0,0,0,0,0,,,,,,,,,,,,,,,,,,USD,1.0,stock,28.5
2026-04-13,167.05,173.4,165.77,172.82,12390752,185.081,190.14260000000002,,182.92405599113314,194.77948933401586,209.77394928334493,224.3219846470583,31.881954523463932,-6.3478530669228235,-4.939373322911672,-1.4084797440111512,1,7.5712071428571415,0.5,0.05,13753531.0,13395013.25,0.9009142452218271,0.92502722981629,32.49475890985322,16.24151159538528,5.769999999999982,0.5800000000000125,1.2800000000000011,,0,-5.846577937237098,-7.094664969332251,-10.02349265131352,,0,,,4.764791464597473,-6.598929903258933,-10.377016024477525,202.38,-5.5236343499965495,202.38,0,25,20,20,176.25,184.1875,180.21875,197.69,172.82,,,,,,170.66333333333333,175.55666666666664,178.29333333333332,183.18666666666664,167.92666666666665,163.03333333333333,160.29666666666665,0,0,0,0,0,0,0,0,0,0,0,0,0,0,0,0,0,0,0,0,0,0,,,,,,,,,,,,,,,,,,USD,1.0,stock,25.0
2026-04-14,175.21,177.5,170.5,171.31,13123641,183.7295,189.32299999999998,,181.81795542054905,193.85911720327016,209.01228692129848,223.7945022127592,38.575609756097535,-6.491668951685625,-5.249832448666464,-1.2418365030191616,1,7.142635714285713,0.5,0.05,13904123.6,13380213.55,0.9438668252344937,0.9808244801892567,30.597014925373127,22.420686847479164,3.9000000000000057,2.289999999999992,0.8100000000000023,,0,-6.13388326457828,-7.2497227248847125,-10.51485610880858,,0,,,-0.873741465108202,-6.367512024486233,-13.628113340728042,202.38,-5.779382677714043,202.38,0,25,20,20,176.25,184.1875,180.21875,190.4,171.31,,,,,,173.10333333333332,175.70666666666665,180.10333333333332,182.70666666666665,168.70666666666665,166.10333333333332,161.70666666666665,0,0,0,0,0,0,0,0,0,0,0,0,0,0,0,0,0,0,0,0,0,0,,,,,,,,,,,,,,,,,,USD,1.0,stock,25.0
2026-04-15,174.22,179.62,172.88,177.6,14340255,182.844,188.6588,,181.41624538049678,193.22150476392625,208.3902614377084,223.33485542457254,46.140226628895164,-6.028599699557532,-5.405585898844677,-0.6230138007128545,1,7.197992857142856,0.5,0.05,14234011.4,13519260.15,1.0074640659624594,1.0607277943386568,55.30243519245874,39.46473634256171,3.3799999999999955,2.0200000000000102,1.3400000000000034,,0,-2.1487868133427823,-2.9527027027027026,-6.226801801801813,,0,,,3.6717062634989084,0.6973975165844415,-9.067636065741647,200.395,-2.1035852508647763,200.395,0,25,20,20,175.82999999999998,184.1875,180.00875,190.20499999999998,177.6,,,,,,176.70000000000002,180.52000000000004,183.44000000000003,187.26000000000005,173.78000000000003,169.96,167.04000000000002,0,0,0,0,0,0,0,0,0,0,0,0,0,0,0,0,0,0,0,0,0,0,,,,,,,,,,,,,,,,,,USD,1.0,stock,25.0
2026-04-16,184.0,184.55,178.57,181.22,11866659,182.188,188.35559999999998,,181.397555344259,192.7508575182821,207.85223645874387,222.91580213676585,46.149761019649496,-5.308319234789849,-5.386132566033711,0.07781333124386247,1,7.127278571428572,0.5,0.05,14252909.5,13586338.0,0.8325780080200467,0.8734258635402711,69.52081696779263,51.806755695208174,2.780000000000001,0.5500000000000114,2.6500000000000057,,0,-0.09797778625923795,-0.5341573777728669,-3.9375344884670467,,0,,,2.0382882882882924,6.069651741293525,-6.7510548523206815,200.395,-0.0978818837563846,200.395,0,25,20,20,175.82999999999998,184.1875,180.00875,190.20499999999998,181.22,,,,,,181.4466666666667,184.32333333333338,187.4266666666667,190.3033333333334,178.34333333333336,175.46666666666667,172.36333333333334,0,0,0,0,0,0,0,0,0,0,0,0,0,0,0,0,0,0,0,0,0,0,,,,,,,,,,,,,,,,,,USD,1.0,stock,25.0
2026-04-17,185.43,187.98,181.03,182.14,17225680,181.5455,188.00960000000003,,181.46826435909148,192.33474545874162,207.343083261541,222.51007276227068,52.76637341153469,-4.610112953450056,-5.230928643516981,0.6208156900669248,1,7.141278571428572,0.5,0.05,14811932.3,13984907.25,1.16295967677357,1.231733589080471,73.13432835820892,65.9858601728201,3.2900000000000205,2.549999999999983,1.1099999999999852,,0,0.36880182327248734,0.32639727682001884,-3.2225760404085033,,0,,,0.5076702350733875,10.414645974781745,-6.590081542643222,198.05,0.3701670059395456,198.05,0,25,20,20,175.75,184.1875,179.96875,184.53750000000002,182.14,,,,,,183.71666666666667,186.40333333333334,190.66666666666666,193.35333333333332,179.45333333333335,176.76666666666668,172.50333333333336,0,0,0,0,0,0,0,0,0,0,0,0,0,0,0,0,0,0,0,0,0,0,,,,,,,,,,,,,,,,,,USD,1.0,stock,25.0
2026-04-20,182.5,189.0,182.122,186.27,14382264,181.09,187.93559999999997,,181.9255725153685,192.09691230349688,206.92579448408475,222.1494750233426,51.25100887812753,-3.681089650936542,-4.920960845000893,1.2398711940643512,1,7.12685,0.5,0.05,14811062.4,13693966.4,0.9710487750021227,1.0502628369235665,89.28571428571432,77.31361987057197,3.7700000000000102,2.7299999999999898,0.3779999999999859,,0,2.332328063902681,2.78090943254416,-0.8941858592365679,,0,,,2.267486548808617,7.7826640435134875,-4.662708567918916,198.05,2.388024632581283,198.05,0,25,20,20,176.26,182.95,179.605,184.1875,186.27,,,,,,185.79733333333334,189.47266666666667,192.67533333333333,196.35066666666665,182.59466666666668,178.91933333333336,175.7166666666667,0,0,0,0,0,0,0,0,0,0,0,0,0,0,0,0,0,0,0,0,0,0,,,,,,,,,,,,,,,,,,USD,1.0,stock,25.0
2026-04-21,186.6,193.56,184.1001,187.11,12073660,180.68099999999998,187.8508,,182.41932751390482,191.90134711512445,206.53340251410287,221.80082353057304,50.45118949958986,-2.844264104512149,-4.505621496903145,1.661357392390996,1,7.3604142857142865,0.5,0.05,14783969.7,13598837.6,0.8166723988889129,0.8878450022816656,78.52862849533959,80.31622371308764,0.5100000000000193,6.449999999999989,2.4998999999999967,,0,2.5069063578083455,3.435946769280119,-0.39591684036127345,,0,,,0.4509582863585049,9.223045940108587,-4.188642531619635,193.56,2.571368149429041,193.56,0,25,20,20,178.54000000000002,182.95,180.745,184.1875,187.11,,,,,,188.2567,192.4133,197.7166,201.8732,182.9534,178.7968,173.49349999999998,0,0,0,0,0,0,0,0,0,0,0,0,0,0,0,0,0,0,0,0,0,0,,,,,,,,,,,,,,,,,,USD,1.0,stock,25.0
2026-04-22,188.2,191.15,187.03,189.8,14565948,181.02,187.7662,,183.12224870305675,191.81894134590388,206.2020480088731,221.48240737604,53.48882791062329,-1.941631393159554,-3.9928234761544266,2.0511920829948727,1,7.22827142857143,0.5,0.05,14893359.5,13395565.3,0.9780162763142862,1.0873709077436247,87.48335552596541,85.09923276900645,1.6000000000000227,1.3499999999999943,1.1699999999999875,,0,3.5183094293694714,4.625922023182297,1.0715489989462663,,0,,,1.4376569932125438,6.869369369369371,3.7045131679597887,193.56,3.646608396433365,193.56,0,25,20,20,178.54000000000002,182.95,180.745,184.1875,189.8,,,,,,189.32666666666668,191.62333333333336,193.4466666666667,195.74333333333337,187.50333333333336,185.20666666666668,183.38333333333335,0,0,0,0,0,0,0,0,0,0,0,0,0,0,0,0,0,0,0,0,0,0,,,,,,,,,,,,,,,,,,USD,1.0,stock,25.0
2026-04-23,177.56,178.87,170.65,173.3,22719938,180.58700000000002,187.3632,,182.1867964456228,191.0927083519469,205.5505223057271,221.00298043697492,39.57644938419946,-2.5285529851977344,-3.6999693779630882,1.1714163927653538,0,8.1672,0.5,0.05,15079814.0,13903302.55,1.5066457716255652,1.634139652668351,32.55659121171772,66.18952507767425,4.259999999999991,1.3100000000000023,2.6500000000000057,,0,-5.1279841001862625,-4.204847085978076,-8.11494518176572,,0,,,-8.693361433087466,-4.370378545414411,-4.759287755550668,193.56,-4.8778487898134975,193.56,0,25,20,20,179.66500000000002,181.9575,180.81125000000003,184.1875,173.3,,,,,,174.2733333333333,177.89666666666662,182.4933333333333,186.11666666666662,169.67666666666662,166.0533333333333,161.45666666666662,0,0,0,0,0,0,0,0,0,0,0,0,0,0,0,0,0,0,0,0,0,0,,,,,,,,,,,,,,,,,,USD,1.0,stock,25.0
2026-04-24,175.62,178.45,174.4,178.16,10817611,180.2165,187.22639999999998,,181.80329202223015,190.58554331853722,205.00813572541568,220.57668212416922,45.04257468610188,-2.571884113031672,-3.474352324976805,0.9024682119451333,0,8.210778571428571,0.5,0.05,14350640.8,13927647.05,0.7538068265216421,0.77670054110109,48.73501997336881,56.258322237017325,2.539999999999992,0.28999999999999204,1.2199999999999989,,0,-2.0449551090200697,-1.1542995060619665,-5.088908845981133,,0,,,2.8043854587420647,-2.1851323158010305,-3.993102333351295,193.56,-2.0039747254877374,193.56,0,25,20,20,182.03,181.9575,181.99375,184.1875,178.16,,,,,,177.00333333333333,179.60666666666665,181.0533333333333,183.65666666666664,175.55666666666667,172.95333333333335,171.5066666666667,0,0,0,0,0,0,0,0,0,0,0,0,0,0,0,0,0,0,0,0,0,0,,,,,,,,,,,,,,,,,,USD,1.0,stock,25.0
2026-04-27,178.26,184.29,177.51,180.18,11906973,180.26,187.1214,,181.64869278201775,190.17748279624163,204.51648947342724,220.17472508810786,47.99248989023685,-2.4153841805593004,-3.2625586960933046,0.8471745155340042,0,8.369135714285713,0.5,0.05,14302262.9,14027896.95,0.8325237120344082,0.8488067058405359,55.45938748335553,45.58366622281403,1.920000000000016,4.109999999999985,0.75,,0,-0.815125309145155,-0.04440004440003557,-3.8524808524808454,,0,,,1.133812303547388,-3.269447576099216,0.48519324075624315,193.56,-0.8085347378635983,193.56,0,25,20,20,182.10500000000002,180.78500000000003,181.44500000000002,184.1875,180.18,,,,,,180.66,183.81,187.44,190.59,177.03,173.88,170.25,0,0,0,0,0,0,0,0,0,0,0,0,0,0,0,0,0,0,0,0,0,0,,,,,,,,,,,,,,,,,,USD,1.0,stock,25.0
2026-04-28,182.43,184.42,181.32,181.32,8711743,180.0745,186.9534,,181.61738870753985,189.83013052972237,204.05715304821084,219.7881109081267,53.87991848252077,-2.174304356764054,-3.044907828227455,0.8706034714634008,1,7.886992857142853,0.5,0.05,13861073.1,13882598.35,0.6285042245394407,0.6275297160059378,59.25432756324896,54.48291167332445,1.1100000000000136,1.9899999999999807,0.0,,0,-0.16401318527457107,0.6869071255239316,-3.1068828590337496,,0,,,0.6327006327006224,-3.0944364277697756,-2.005080257255587,193.56,-0.16374462250348729,193.56,0,25,20,20,182.10500000000002,180.78500000000003,181.44500000000002,184.1875,181.32,,,,,,182.35333333333332,183.38666666666666,185.45333333333332,186.48666666666665,180.28666666666666,179.25333333333333,177.18666666666667,0,0,0,0,0,0,0,0,0,0,0,0,0,0,0,0,0,0,0,0,0,0,,,,,,,,,,,,,,,,,,USD,1.0,stock,25.0
2026-04-29,179.2,181.7835,177.35,181.22,6882845,179.802,186.89199999999997,,181.57954216396462,189.49247835208618,203.604932195771,219.4043486105334,58.88298783621725,-1.968622963684993,-2.8296508553189628,0.8610278916339698,0,7.54295714285714,0.5,0.05,13115332.1,13674671.75,0.524793802209553,0.5033279866480159,58.92143808255657,57.87838437638703,2.0200000000000102,0.5635000000000048,1.8499999999999943,,0,-0.19840092923773262,0.7824743405805135,-3.129897362322022,,0,,,-0.05515111405249851,-4.520547945205489,-2.9195907215942563,193.56,-0.19800807936830012,193.56,0,25,20,20,182.10500000000002,178.54000000000002,180.32250000000002,184.1875,181.22,,,,,,180.11783333333335,182.8856666666667,184.55133333333336,187.31916666666672,178.4521666666667,175.68433333333334,174.0186666666667,0,0,0,0,0,0,0,0,0,0,0,0,0,0,0,0,0,0,0,0,0,0,,,,,,,,,,,,,,,,,,USD,1.0,stock,25.0
2026-04-30,178.3,178.6934,173.0,176.53,14408281,179.3165,186.6668,,181.09863338644416,188.98414586769067,203.0687949245676,218.97773817659774,60.118943501836625,-2.1591731774984453,-2.6955553197548596,0.5363821422564143,0,7.577242857142855,0.5,0.05,13369494.3,13811201.9,1.0776982791338636,1.0432315090549795,38.718963655991345,52.29824310059897,1.7700000000000102,0.39339999999998554,3.530000000000001,,0,-2.5880209519312083,-1.5784852433014158,-5.742253441341411,,0,,,-2.588014567928487,1.8638199653779441,-5.213702749140903,193.56,-2.522732116202783,193.56,0,25,20,20,182.10500000000002,178.54000000000002,180.32250000000002,184.1875,176.53,,,,,,176.07446666666667,179.14893333333333,181.76786666666666,184.84233333333333,173.45553333333334,170.38106666666667,167.76213333333334,0,0,0,0,0,0,0,0,0,0,0,0,0,0,0,0,0,0,0,0,0,0,,,,,,,,,,,,,,,,,,USD,1.0,stock,25.0
2026-05-01,182.185,186.04,178.75,183.82,12324379,179.1485,186.63739999999999,,181.35781115916376,188.78163034346753,202.68763066863556,218.6279099360346,59.717314487632514,-1.7023202318822257,-2.496908302180333,0.7945880702981074,1,7.6536714285714265,0.5,0.05,12879364.2,13845648.25,0.9569089598382504,0.8901265421068313,57.76235906331306,51.800920267287005,1.634999999999991,2.219999999999999,3.4350000000000023,,0,1.3394564469786934,2.5413447938200306,-1.5326950277445284,,0,,,4.129609698068304,3.1769196228109475,-1.7950635751682986,193.56,1.3576414630828118,193.56,0,25,20,20,182.10500000000002,178.54000000000002,180.32250000000002,184.1875,183.82,,,,,,182.86999999999998,186.98999999999995,190.15999999999997,194.27999999999994,179.69999999999996,175.57999999999998,172.40999999999997,0,0,0,0,0,0,0,0,0,0,0,0,0,0,0,0,0,0,0,0,0,0,,,,,,,,,,,,,,,,,,USD,1.0,stock,25.0
2026-05-04,184.24,190.31,183.97,185.48,8444726,179.171,186.64379999999997,,181.75040057257672,188.65215464372372,202.3468855068804,218.29807998642232,62.48458149779735,-1.192565699198468,-2.23603978158396,1.043474082385492,1,7.617242857142855,0.5,0.05,12285610.4,13548336.4,0.6873672308540729,0.6233035371043784,64.73155827149711,53.73762699693386,1.2399999999999807,4.8300000000000125,0.27000000000001023,,0,2.0107825250287186,3.401444899719645,-0.6274530946732697,,0,,,0.9030573387009078,2.941502941502927,0.24320380478841663,193.56,2.0520446808775863,193.56,0,25,20,20,180.9,178.54000000000002,179.72000000000003,184.1875,185.48,,,,,,186.58666666666667,189.20333333333335,192.92666666666668,195.54333333333335,182.86333333333334,180.24666666666667,176.52333333333334,0,0,0,0,0,0,0,0,0,0,0,0,0,0,0,0,0,0,0,0,0,0,,,,,,,,,,,,,,,,,,USD,1.0,stock,25.0
2026-05-05,185.55,187.39,181.1,186.99,9740802,179.3725,186.82039999999998,,182.24941004185516,188.58697210867575,202.0427887641699,217.98655680247782,59.03405811044834,-0.659139034569364,-1.920659632181041,1.261520597611677,1,7.47295714285714,0.5,0.05,12052324.6,13418147.15,0.8082093972145423,0.7259424040524104,71.32256656481889,64.60549463320969,1.4399999999999977,0.39999999999997726,4.450000000000017,,0,2.535210416677283,4.073747259211726,0.09070003743517356,,0,,,0.8141039465171529,3.1270681667769695,2.2026672496720634,193.56,2.601155173592131,193.56,0,25,20,20,180.48000000000002,178.54000000000002,179.51000000000002,184.1875,186.99,,,,,,185.16,189.22,191.45,195.51,182.93,178.87,176.64000000000001,0,0,0,0,0,0,0,0,0,0,0,0,0,0,0,0,0,0,0,0,0,0,,,,,,,,,,,,,,,,,,USD,1.0,stock,25.0
2026-05-06,185.52,187.1,179.58,181.19,11303437,179.6135,186.73579999999998,,182.14851384739276,188.29689477108062,201.62986225398834,217.62042190892083,49.97229916897506,-0.6963786673007633,-1.6758034392049854,0.9794247719042222,0,7.513671428571423,0.5,0.05,11726073.5,13309716.5,0.9639575429916928,0.8492620410059072,46.00611086861629,60.686745234977444,4.3300000000000125,1.579999999999984,1.6099999999999852,,0,-0.5290103468142644,0.8700811303052101,-3.0607649428776345,,0,,,-3.1017701481362736,-0.01655446418717954,2.732891081249633,193.56,-0.526226553896468,193.56,0,25,20,20,181.655,178.54000000000002,180.09750000000003,184.1875,181.19,,,,,,182.62333333333333,185.66666666666666,190.14333333333332,193.18666666666664,178.14666666666668,175.10333333333335,170.6266666666667,0,0,0,0,0,0,0,0,0,0,0,0,0,0,0,0,0,0,0,0,0,0,,,,,,,,,,,,,,,,,,USD,1.0,stock,25.0
2026-05-07,184.6,188.58,184.0,186.34,13955115,180.388,186.62759999999997,,182.54770300478393,188.2201537996657,201.3270927044044,217.30917392972762,53.59712230215829,-0.30679286767662006,-1.4020013248993124,1.0952084572226923,1,7.545099999999997,0.5,0.05,10849591.2,12964702.6,1.2862341762701621,1.0763929903027625,68.48537756438236,61.93801833260586,1.740000000000009,2.240000000000009,0.5999999999999943,,0,2.0351491870860134,3.194161210690135,-0.15434152624233616,,0,,,2.8423202163474937,5.557129099869718,9.066432543166524,193.56,2.077427945021414,193.56,0,25,20,20,181.655,178.54000000000002,180.09750000000003,184.1875,186.34,,,,,,186.3066666666667,188.6133333333334,190.8866666666667,193.1933333333334,184.0333333333334,181.7266666666667,179.45333333333338,0,0,0,0,0,0,0,0,0,0,0,0,0,0,0,0,0,0,0,0,0,0,,,,,,,,,,,,,,,,,,USD,1.0,stock,25.0
2026-05-08,179.68,181.8718,176.88,181.82,15123889,181.231,186.2746,,182.47839795670927,187.9691673761494,200.94081364095086,216.95604782097413,46.21405478985875,-0.35863541363858076,-1.193328142647166,0.8346927290085853,0,7.7295285714285695,0.5,0.05,11280219.0,12815429.9,1.3407442710110504,1.1801312260308958,48.75600174596241,54.4158300596537,2.1399999999999864,0.05180000000001428,2.8000000000000114,,0,-0.36211525503755343,0.3239467605323939,-2.450005499945,,0,,,-2.425673500053671,-1.0880208900010846,10.220659553831224,193.56,-0.36080871165116013,193.56,0,25,20,20,181.655,178.54000000000002,180.09750000000003,184.1875,181.82,,,,,,180.1906,183.50119999999998,185.1824,188.493,178.50939999999997,175.19879999999998,173.51759999999996,0,0,0,0,0,0,0,0,0,0,0,0,0,0,0,0,0,0,0,0,0,0,,,,,,,,,,,,,,,,,,USD,1.0,stock,25.0
2026-05-11,179.905,182.5,176.31,177.49,11145016,181.46450000000002,185.92859999999996,,182.00331243702266,187.55821963590824,200.4764410936053,216.56335082773063,42.274333440411176,-0.7405788851057764,-1.1027782911388881,0.36219940603311174,0,7.495964285714284,0.5,0.05,11204023.3,12753143.1,0.9947333829625291,0.8739034693337676,33.3658536585366,50.20241098962714,2.414999999999992,2.594999999999999,1.1800000000000068,,0,-2.5428544915334093,-2.239281086258384,-4.754408699081611,,0,,,-2.3814761852381405,-4.307742074617204,2.7022335377849815,193.56,-2.479796865556696,193.56,0,25,20,20,181.655,178.54000000000002,180.09750000000003,184.1875,177.49,,,,,,178.76666666666665,181.2233333333333,184.95666666666665,187.4133333333333,175.0333333333333,172.57666666666665,168.8433333333333,0,0,0,0,0,0,0,0,0,0,0,0,0,0,0,0,0,0,0,0,0,0,,,,,,,,,,,,,,,,,,USD,1.0,stock,25.0
2026-05-12,177.575,177.575,170.58,171.31,10214014,181.4645,185.49580000000003,,180.9849017287348,186.92103455214715,199.89888780462303,216.11306872994226,35.939163498098864,-1.5243741532341346,-1.1870974635579374,-0.33727668967619717,0,7.701321428571425,0.5,0.05,11354250.4,12607661.75,0.8995762503176784,0.8101434034744786,3.6999493157627477,28.607268240087265,6.264999999999986,0.0,0.7299999999999898,,0,-5.647598931022587,-5.927558227774202,-8.280777537796993,,0,,,-3.4818863034537184,-8.385475159099421,0.0,193.56,-5.345695489691072,193.56,0,25,20,20,180.445,178.54000000000002,179.4925,184.1875,171.31,,,,,,173.15499999999997,175.72999999999993,180.14999999999995,182.7249999999999,168.73499999999996,166.16,161.73999999999998,0,0,0,0,0,0,0,0,0,0,0,0,0,0,0,0,0,0,0,0,0,0,,,,,,,,,,,,,,,,,,USD,1.0,stock,25.0
2026-05-13,169.78,169.78,164.75,165.84,11951930,180.8765,184.8916,,179.54253013552196,186.09432731480806,199.22445438274931,215.61283919034085,43.18347953216373,-2.5574402561468617,-1.4611660220757223,-1.0962742340711393,0,6.80203571428571,0.5,0.05,11861158.9,12488245.5,1.0076528019534414,0.9570543756526888,4.264475743348996,13.77675957254946,3.9399999999999977,0.0,1.0900000000000034,,0,-8.262500081718496,-9.066871683550403,-11.487940183309219,,0,,,-3.1930418539489858,-8.47176996522987,-6.621621621621621,193.56,-7.631913243719489,193.56,0,25,20,20,177.53,178.54000000000002,178.03500000000003,184.1875,165.84,,,,,,166.79,168.82999999999998,171.82,173.85999999999999,163.79999999999998,161.76,158.76999999999998,0,0,0,0,0,0,0,0,0,0,0,0,0,0,0,0,0,0,0,0,0,0,,,,,,,,,,,,,,,,,,USD,1.0,stock,25.0
2026-05-14,166.0,169.3476,164.3275,167.58,9749385,180.1945,184.3816,,178.40324155118654,185.36827526324694,198.597831523685,215.13490049192953,39.7480620155039,-3.1988744934015756,-1.8087077163408931,-1.3901667770606825,0,6.792757142857141,0.5,0.05,11395269.3,12382381.8,0.8555642471740443,0.7873594238549484,12.51804098912739,6.827488682746392,1.5800000000000125,1.7675999999999874,1.6725000000000136,,0,-6.458552065393559,-7.527449576321751,-10.026017424513652,,0,,,1.049204052098407,-10.06761833208114,-7.526763050435925,193.56,-6.066729201263519,193.56,0,25,20,20,177.31875,178.54000000000002,177.929375,184.1875,167.58,,,,,,167.0850333333333,169.84256666666664,172.10513333333333,174.86266666666666,164.82246666666663,162.0649333333333,159.80236666666661,0,0,0,0,0,0,0,0,0,0,0,0,0,0,0,0,0,0,0,0,0,0,,,,,,,,,,,,,,,,,,USD,1.0,stock,25.0
2026-05-15,169.25,175.97,169.0,173.51,13883385,179.76299999999998,183.824,,177.93721854631164,184.90324486076668,198.10104278064173,214.72072237758198,43.9920735002702,-3.1919198417532755,-2.08535014142337,-1.1065697003299055,1,6.9077571428571405,0.5,0.05,11551169.9,12215267.05,1.2019029345244068,1.1365600885491898,35.341094967766765,17.374537233414397,4.259999999999991,2.460000000000008,0.25,,0,-2.5515639134987325,-3.6038268687683632,-5.9443259754481135,,0,,,3.5386084258264505,-4.570454295457049,-4.738113539035904,193.56,-2.4880789879040286,193.56,0,25,20,20,176.45375,178.54000000000002,177.49687500000002,184.1875,173.51,,,,,,172.82666666666668,176.65333333333336,179.79666666666668,183.62333333333336,169.68333333333337,165.85666666666668,162.71333333333337,0,0,0,0,0,0,0,0,0,0,0,0,0,0,0,0,0,0,0,0,0,0,,,,,,,,,,,,,,,,,,USD,1.0,stock,25.0
2026-05-18,172.89,180.78,171.8,179.48,13671181,179.4235,183.3714,,178.08415011332957,184.690568591717,197.732309260233,214.37006842357619,48.47530659595624,-2.67385656947323,-2.203051427033342,-0.47080514243988825,1,7.2463285714285695,0.5,0.05,12073815.4,12179712.9,1.1322999853053908,1.1224551114008607,58.31809872029249,35.392411559062225,6.590000000000003,1.3000000000000114,1.089999999999975,,0,0.7777189027582009,0.03147983062179618,-2.168152440383332,,0,,,3.440723877586316,1.1211899261930114,-3.6452461480646514,193.56,0.783814778452841,193.56,0,25,20,20,176.45375,178.94375,177.69875000000002,184.1875,179.48,,,,,,177.35333333333335,182.9066666666667,186.33333333333334,191.88666666666668,173.9266666666667,168.37333333333336,164.94666666666672,0,0,0,0,0,0,0,0,0,0,0,0,0,0,0,0,0,0,0,0,0,0,,,,,,,,,,,,,,,,,,USD,1.0,stock,25.0
2026-05-19,185.0,187.44,178.81,179.42,17510823,179.03900000000002,182.984,,178.2113739120601,184.48387962733594,197.36968927488184,214.02230654871474,48.50746268656716,-2.2422815661829247,-2.2108974548632587,-0.03138411131966601,1,7.546078571428568,0.5,0.05,12850817.5,12451571.05,1.3626232727995709,1.4063143461724052,58.08717405946307,50.58212258250745,5.5800000000000125,2.4399999999999977,0.6099999999999852,,0,0.6736295217589324,0.2123509084828736,-1.9864006242336536,,0,,,-0.03342990862491568,4.734107757865846,-4.109881887659683,191.15,0.678198064134943,191.15,0,25,20,20,176.45375,178.94375,177.69875000000002,184.1875,179.42,,,,,,181.89,184.96999999999997,190.51999999999998,193.59999999999997,176.33999999999997,173.26,167.70999999999998,0,0,0,0,0,0,0,0,0,0,0,0,0,0,0,0,0,0,0,0,0,0,,,,,,,,,,,,,,,,,,USD,1.0,stock,25.0
2026-05-20,176.04,180.31,173.34,180.1,13025257,178.554,182.68780000000004,,178.39124306329248,184.31196277920512,197.02771522983466,213.6847711601703,53.171078344288496,-1.8243549218251758,-2.133588948255642,0.30923402643046627,1,7.456792857142854,0.5,0.05,13022999.5,12374536.5,1.000173347161689,1.052585444311389,60.704320215529684,59.036530998428425,4.060000000000002,0.21000000000000796,2.6999999999999886,,0,0.9487823079997314,0.8584119933370308,-1.4368684064408908,,0,,,0.3789989967673657,8.598649300530624,-5.110642781875663,190.31,0.9578704130119526,190.31,0,25,20,20,175.88375,178.94375,177.41375,184.1875,180.1,,,,,,177.91666666666666,182.4933333333333,184.88666666666666,189.4633333333333,175.5233333333333,170.94666666666666,168.5533333333333,0,0,0,0,0,0,0,0,0,0,0,0,0,0,0,0,0,0,0,0,0,0,,,,,,,,,,,,,,,,,,USD,1.0,stock,25.0
2026-05-21,175.38,177.34,171.99,176.31,10949098,178.7045,182.3314,,178.19302943821702,183.9981603172755,196.61746344310527,213.31288288991988,42.88691039969692,-1.778465329558287,-2.062564224516171,0.284098894957884,0,7.356792857142854,0.5,0.05,12722397.8,11785994.5,0.8606159131417821,0.9289922882621403,46.11757913980567,54.96969113826615,0.9300000000000068,1.0300000000000011,3.3899999999999864,,0,-1.0680219149322343,-1.3581192218251907,-3.415234530089047,,0,,,-2.1043864519711186,5.209452201933407,1.7368724754760478,190.31,-1.0567357455864483,190.31,0,25,20,20,175.88375,178.94375,177.41375,184.1875,176.31,,,,,,175.21333333333337,178.43666666666672,180.56333333333336,183.78666666666672,173.08666666666673,169.86333333333337,167.73666666666674,0,0,0,0,0,0,0,0,0,0,0,0,0,0,0,0,0,0,0,0,0,0,,,,,,,,,,,,,,,,,,USD,1.0,stock,25.0
2026-05-22,179.84,183.35,177.6801,180.07,10184791,178.8,181.9472,,178.3717885393392,183.84411481463727,196.28979089967743,212.98210793579133,45.07196210603025,-1.4223015141975281,-1.9345116824524426,0.5122101682549145,1,7.396078571428567,0.5,0.05,12228488.0,11754353.5,0.8328741051223995,0.8664696871673971,64.91083393464586,57.24424442999375,0.22999999999998977,3.280000000000001,2.1598999999999933,,0,0.9430840565673275,0.7052812795024056,-1.042483478647202,,0,,,2.1326073393454603,3.7807619157397276,1.072070049393803,190.31,0.9520628091287276,190.31,0,25,20,20,175.88375,178.94375,177.41375,184.1875,180.07,,,,,,180.3667,183.0533,186.0366,188.7232,177.38340000000002,174.69680000000002,171.71350000000004,0,0,0,0,0,0,0,0,0,0,0,0,0,0,0,0,0,0,0,0,0,0,,,,,,,,,,,,,,,,,,USD,1.0,stock,25.0
2026-05-26,178.43,182.3599,177.6812,179.08,13617242,178.745,181.6722,,178.43923724987832,183.65728678269073,195.94900296106997,212.64477352847004,42.72576788670222,-1.2060215846220217,-1.7888136628863585,0.5827920782643368,1,7.280985714285712,0.5,0.05,12475710.6,11839866.95,1.0915003110123442,1.150117822903407,60.82878053808891,57.28573120418016,0.6500000000000057,3.279899999999998,0.748800000000017,,0,0.35780810259196727,0.18706723252178242,-1.4475094929640335,,0,,,-0.5497861942577731,-0.22286605749942678,-0.6105006105006083,190.31,0.3590929663213028,190.31,0,25,20,20,175.88375,178.94375,177.41375,184.1875,179.08,,,,,,179.70703333333336,181.73286666666672,184.38573333333338,186.41156666666674,177.0541666666667,175.02833333333334,172.37546666666668,0,0,0,0,0,0,0,0,0,0,0,0,0,0,0,0,0,0,0,0,0,0,,,,,,,,,,,,,,,,,,USD,1.0,stock,25.0
2026-05-27,178.0,183.92,176.89,177.51,18524937,178.55450000000002,181.25560000000002,,178.3507384641756,183.4162167127813,195.58387418956363,212.29517379186836,46.33027522935779,-1.1480698268677259,-1.660664895682632,0.5125950688149061,0,7.245985714285713,0.5,0.05,13306802.9,12330526.65,1.3921403314691014,1.5023638102270351,54.35522111122561,60.03161186132014,0.4900000000000091,5.9199999999999875,0.6200000000000045,,0,-0.47362878946291215,-0.5884175539406387,-2.1100783054475944,,0,,,-0.8767031494304356,-1.0645412997436154,-2.101257445400395,190.31,-0.47139612171804385,190.31,0,25,20,20,175.88375,178.94375,177.41375,182.95,177.51,,,,,,179.43999999999997,181.98999999999995,186.46999999999997,189.01999999999995,174.95999999999995,172.40999999999997,167.92999999999995,0,0,0,0,0,0,0,0,0,0,0,0,0,0,0,0,0,0,0,0,0,0,,,,,,,,,,,,,,,,,,USD,1.0,stock,25.0
2026-05-28,178.43,182.48,171.65,176.17,22559427,178.302,180.8728,,178.14304908663507,183.13205135149576,195.19944103729503,211.93571932627762,39.02439024390242,-1.1964771981216131,-1.5678273561704281,0.371350158048815,0,7.491699999999996,0.5,0.05,14367552.6,13114355.75,1.5701649145171739,1.7202085584722682,51.23850730124389,55.47416965018615,2.2600000000000193,4.049999999999983,4.519999999999982,,0,-1.119968829332512,-1.2101946983027787,-2.669466992109908,,0,,,-0.7548870486169812,-2.1821210438645267,-2.7866681381745972,190.31,-1.1075644526975323,190.31,0,25,20,20,178.22,177.73874999999998,177.979375,182.95,176.17,,,,,,176.76666666666665,181.8833333333333,187.59666666666664,192.71333333333328,171.0533333333333,165.93666666666667,160.22333333333333,0,0,0,0,0,0,0,0,0,0,0,0,0,0,0,0,0,0,0,0,0,0,,,,,,,,,,,,,,,,,,USD,1.0,stock,25.0
2026-05-29,180.24,194.1448,180.02,191.1,33998871,179.0305,180.80800000000002,,179.37704441171743,183.4445199259469,195.11826398705156,211.7283987359664,58.17765244977089,-0.029770982458700246,-1.2602160814280825,1.2304450989693823,1,8.099899999999996,0.5,0.05,16792501.2,14093885.25,2.0246460366487873,2.412313595358668,89.78847850073613,65.12740230440188,10.859999999999985,3.0448000000000093,0.21999999999999886,,0,6.134461323015468,6.315803244374677,5.385661957090514,,0,,,8.474768689334166,8.388633656627519,8.253554636605664,194.1448,6.5353711377779735,194.1448,0,25,20,20,182.8974,179.23615,181.066775,182.95,191.1,,,,,,188.4216,196.8232,202.5464,210.948,182.69840000000002,174.29680000000002,168.57360000000003,0,0,0,0,0,0,0,0,0,0,0,0,0,0,0,0,0,0,0,0,0,0,,,,,,,,,,,,,,,,,,USD,1.0,stock,25.0
2026-06-01,198.75,211.34,198.21,209.6,27594795,180.3195,181.10019999999997,,182.255421134411,184.47022502689018,195.40503103681291,211.70722063909113,72.64137639261034,2.3604378301827182,-0.5360852991059223,2.8965231292886404,1,9.103471428571426,0.5,0.05,18163642.2,14857406.05,1.5192324697961734,1.8573090691022742,96.2988566870513,79.10861416301046,10.849999999999994,1.740000000000009,0.539999999999992,,0,13.046077703048187,13.969704198473279,13.597232824427492,,0,,,9.680795395081109,16.399178097406562,14.02458927211403,211.34,15.003437865051339,211.34,0,25,20,20,191.495,187.83375,189.664375,187.43,209.6,,,,,,206.38333333333333,214.55666666666664,219.51333333333332,227.68666666666664,201.42666666666665,193.25333333333333,188.29666666666665,0,0,0,0,0,0,0,0,0,0,0,0,0,0,0,0,0,0,0,0,0,0,,,,,,,,,,,,,,,,,,USD,1.0,stock,28.5
2026-06-02,201.02,204.39,195.76,200.84,19216627,181.0875,181.2094,,184.02538102637186,185.11217698661997,195.5126541845988,211.59908909044347,70.09116886651246,3.507405557121899,0.272612872139642,3.2347926849822572,1,9.5924,0.5,0.05,18718186.8,15396001.1,1.026628658284359,1.2481570295549018,77.66551449082692,87.91761655953813,0.18000000000000682,3.369999999999976,5.0800000000000125,,0,8.372146471633211,9.834943238398724,9.77424815773751,,0,,,-4.1793893129771,12.150993969175783,8.281216303644602,211.34,9.137119499412156,211.34,0,25,20,20,191.495,187.83375,189.664375,187.43,200.84,,,,,,200.33,204.90000000000003,208.96,213.53000000000003,196.27000000000004,191.70000000000002,187.64000000000004,0,0,0,0,0,0,0,0,0,0,0,0,0,0,0,0,0,0,0,0,0,0,,,,,,,,,,,,,,,,,,USD,1.0,stock,27.0
2026-06-03,197.27,197.68,189.73,190.61,14154391,181.2685,181.1158,,184.65248759528882,185.32777788910545,195.41557192351763,211.39024243282714,65.82747603833867,3.549988185839254,0.9280879348795645,2.6219002509596896,0,9.9174,0.5,0.05,18382543.6,15616680.55,0.7699908841777477,0.906363612592434,55.9053443233183,76.62323850039886,6.659999999999997,0.4099999999999966,0.8800000000000239,,0,3.125498349882585,4.900844656628731,4.98095587849536,,0,,,-5.093606851224852,7.379865923046602,1.9359324028022984,211.34,3.226337474406813,211.34,0,25,20,20,191.495,187.83375,189.664375,187.43,190.61,,,,,,192.67333333333332,195.61666666666665,200.62333333333333,203.56666666666666,187.66666666666663,184.7233333333333,179.7166666666666,0,0,0,0,0,0,0,0,0,0,0,0,0,0,0,0,0,0,0,0,0,0,,,,,,,,,,,,,,,,,,USD,1.0,stock,25.0
2026-06-04,197.81,198.09,186.11,188.75,14453550,181.6465,181.2304,,185.04272687192798,185.461982677768,195.28358040027967,211.1649663887194,63.50644379226745,3.3945188700384676,1.4213741219113452,1.9731447481271225,0,10.414535714285714,0.5,0.05,18525372.9,15774186.2,0.780202918344494,0.9162786477060858,46.646197449220594,60.07235208778862,9.060000000000002,0.28000000000000114,2.6399999999999864,,0,1.9641182135480888,3.7634437086092696,3.9838940397350973,,0,,,-0.975814490320559,7.140829880229327,4.17241569623048,211.34,2.003468707331524,211.34,0,25,20,20,191.495,187.83375,189.664375,187.43,188.75,,,,,,190.98333333333335,195.85666666666668,202.96333333333334,207.83666666666667,183.8766666666667,179.00333333333336,171.8966666666667,0,0,0,0,0,0,0,0,0,0,0,0,0,0,0,0,0,0,0,0,0,0,,,,,,,,,,,,,,,,,,USD,1.0,stock,25.0
2026-06-05,189.8,192.51,184.83,185.66,13183928,181.6125,181.3044,,185.10151478888724,185.46974806295356,195.09301445175927,210.91118562863264,58.04316165761949,2.9875327238123077,1.7346058422915376,1.2529268815207701,0,10.363821428571427,0.5,0.05,18748855.9,15735626.85,0.7031857341225819,0.8378393899191884,35.29856386999242,45.95003521417712,4.140000000000015,2.7099999999999795,0.8299999999999841,,0,0.30081073527564,2.1800603253258566,2.3460088333512927,,0,,,-1.6370860927152342,-2.8466771323914175,-0.36492433186648965,211.34,0.3017183364218921,211.34,0,25,20,20,191.495,187.83375,189.664375,187.43,185.66,,,,,,187.66666666666666,190.5033333333333,195.34666666666664,198.18333333333328,182.82333333333332,179.98666666666668,175.14333333333335,0,0,0,0,0,0,0,0,0,0,0,0,0,0,0,0,0,0,0,0,0,0,,,,,,,,,,,,,,,,,,USD,1.0,stock,25.0
2026-06-08,183.91,185.02,181.71,182.55,11177766,181.649,181.24400000000003,,184.8585133804218,185.35524813891615,194.84463792796205,210.62898477660647,52.112288427136384,2.386531808976315,1.8649910356284933,0.5215407733478217,0,10.004535714285712,0.5,0.05,18848153.4,15538320.7,0.593043029881113,0.7193676984669264,27.462836986646522,36.46919943528653,1.3599999999999852,1.1100000000000136,0.8400000000000034,,0,-1.2645923749229253,0.4935634072856809,0.7154204327581392,,0,,,-1.6751050307012738,-12.905534351145032,0.4014959850401567,211.34,-1.2488001435298206,211.34,0,25,20,20,191.495,187.83375,189.664375,187.43,182.55,,,,,,183.09333333333333,184.47666666666666,186.40333333333334,187.78666666666666,181.16666666666666,179.78333333333333,177.85666666666665,0,0,0,0,0,0,0,0,0,0,0,0,0,0,0,0,0,0,0,0,0,0,,,,,,,,,,,,,,,,,,USD,1.0,stock,25.0
2026-06-09,179.5,182.46,171.56,175.35,15427785,181.54199999999997,181.16479999999999,219.46200000000002,183.95294067752448,184.9628854668018,194.45860549374498,210.2779501022124,47.45019421125173,1.314106228304496,1.754814074163694,-0.440707845859198,0,10.173107142857143,0.5,0.05,19029207.7,15752459.15,0.8107423726317308,0.979388986385659,9.527400703871272,24.09626718683675,4.150000000000006,2.960000000000008,3.789999999999992,,0,-4.906153793854854,-3.531223267750202,-3.3161106358711097,-25.15654405474766,1,,,-3.9441248972884257,-12.691694881497718,-1.205701729674924,211.34,-4.676707339300285,211.34,0,25,20,20,191.45,187.83375,189.641875,187.43,175.35,,,,,,176.45666666666668,181.35333333333335,187.35666666666668,192.25333333333336,170.45333333333335,165.55666666666667,159.55333333333334,0,0,0,0,0,0,0,0,0,0,0,0,0,0,0,0,0,0,0,0,0,0,,,,,,,,,,,,,,,,,,USD,1.0,stock,25.0
2026-06-10,170.6,175.53,170.03,170.92,10820543,181.52249999999998,180.8826,219.07515,182.71170823204596,184.4121840759468,193.99249449386883,209.88632870816053,44.50694112015318,0.10552087332453652,1.4249554339958626,-1.319434560671326,0,10.068107142857142,0.5,0.05,18258768.3,15782785.6,0.5926217377981624,0.6855914585825711,2.1544420237230364,13.048226571413624,0.3199999999999932,4.610000000000014,0.5699999999999932,,0,-6.898963393427321,-6.203194476948275,-5.82880879943834,-28.174087292300502,1,,,-2.526375819788995,-10.329993179791208,-0.22765746307863433,211.34,-6.453723379932703,211.34,0,25,20,20,190.685,187.83375,189.259375,187.43,170.92,,,,,,172.16,174.29,177.66,179.79,168.79,166.66,163.29,0,0,0,0,0,0,0,0,0,0,0,0,0,0,0,0,0,0,0,0,0,0,,,,,,,,,,,,,,,,,,USD,1.0,stock,25.0
2026-06-11,168.27,168.98,163.31,166.45,16666029,181.553,180.4782,218.66804999999997,181.16297411470825,183.7077847004195,193.44709856329717,209.45412643245746,44.14767331433997,-1.1991601982219038,0.9001323075523093,-2.099292505774213,0,10.032392857142856,0.5,0.05,17669428.5,16018490.55,0.9432126794593272,1.040424436246273,6.537580678742424,6.073141135445592,1.8200000000000216,0.7099999999999795,3.1399999999999864,,0,-8.83927552701007,-9.073595674376696,-8.427876239110843,-31.371613097026124,1,,,-2.615258600514858,-11.814569536423846,0.36782440906897307,211.34,-8.121402392848962,211.34,0,25,20,20,187.325,187.325,187.325,187.325,166.45,,,,,,166.24666666666664,169.18333333333328,171.91666666666663,174.85333333333327,163.5133333333333,160.57666666666665,157.8433333333333,0,0,0,0,0,0,0,0,0,0,0,0,0,0,0,0,0,0,0,0,0,0,,,,,,,,,,,,,,,,,,USD,1.0,stock,25.0
2026-06-12,164.74,166.54,161.4,165.89,13589398,181.4685,180.07119999999998,218.27880000000002,179.7084051514027,183.0090480455011,192.9014134432319,209.02065253760716,41.251233958539,-2.252352944325537,0.26963525717674003,-2.521988201502277,0,9.89667857142857,0.5,0.05,15628481.2,16210491.2,0.8695277440011254,0.8383088354534254,8.990788946736044,5.894270549733849,1.1499999999999773,0.6500000000000057,3.3400000000000034,,0,-8.32986023955797,-9.390861414190137,-8.54855627222858,-31.58044487310871,1,,,-0.3364373685791566,-10.6484972530432,-1.0084735648645538,211.34,-7.689348274923943,211.34,0,25,20,20,182.89499999999998,186.37,184.6325,186.37,165.89,,,,,,164.60999999999999,167.81999999999996,169.74999999999997,172.95999999999995,162.67999999999998,159.47,157.54,0,0,0,0,0,0,0,0,0,0,0,0,0,0,0,0,0,0,0,0,0,0,,,,,,,,,,,,,,,,,,USD,1.0,stock,25.0
2026-06-15,166.03,169.9458,164.17,164.55,13541806,181.0205,179.61860000000001,217.85075,178.26474751793577,182.28516380842262,192.33999931564315,208.57815848250658,41.07384199533112,-3.1587307033032914,-0.41603793491926633,-2.742692768384025,0,9.975042857142855,0.5,0.05,14223182.3,16193412.25,0.9520939628257453,0.8362540143446295,6.307569082899491,7.278646236126001,1.4799999999999898,3.91579999999999,0.3800000000000239,,0,-8.33469919048056,-10.009419629292001,-9.157459738681254,-32.391826192646604,1,,,-0.8077641810838365,-9.860312243221037,-5.163967494668887,211.34,-7.693471484908073,211.34,0,25,20,20,179.745,186.37,183.0575,186.37,164.55,,,,,,166.22193333333334,168.2738666666667,171.99773333333334,174.0496666666667,162.4980666666667,160.44613333333334,156.72226666666668,0,0,0,0,0,0,0,0,0,0,0,0,0,0,0,0,0,0,0,0,0,0,,,,,,,,,,,,,,,,,,USD,1.0,stock,25.0
2026-06-16,164.055,166.3,160.5,161.71,16385305,180.132,179.15220000000002,217.38665,176.68810489717998,181.47829463946488,191.73346467572944,208.11180864685974,40.44277764335835,-4.059411503604338,-1.1447126486562806,-2.914698854948057,0,9.887185714285712,0.5,0.05,13940050.1,16329118.45,1.1754122031455254,1.0034408807904753,2.380015735641243,5.892791255092273,2.344999999999999,2.2450000000000045,1.210000000000008,,0,-9.262324467985884,-11.391998021148968,-10.78609857151692,-34.429936305732475,1,,,-1.7259191735034984,-7.778728257770162,-9.900824604412739,211.34,-8.477143894828787,211.34,0,25,20,20,179.29500000000002,185.92000000000002,182.60750000000002,185.92000000000002,161.71,,,,,,162.83666666666667,165.17333333333335,168.63666666666668,170.97333333333336,159.37333333333333,157.03666666666666,153.57333333333332,0,0,0,0,0,0,0,0,0,0,0,0,0,0,0,0,0,0,0,0,0,0,,,,,,,,,,,,,,,,,,USD,1.0,stock,25.0
2026-06-17,160.25,161.4274,154.23,155.02,19986161,178.91199999999998,178.5934,216.88050000000004,174.6244758593533,180.4407144575251,191.00646537521993,207.5835319439059,37.98431996364051,-5.2524872132008795,-1.9662675615652003,-3.286219651635679,0,9.647900000000002,0.5,0.05,14523227.1,16452885.35,1.3761515166281466,1.2147511257045258,1.3832953948520754,3.3569600711309504,5.22999999999999,1.1774000000000058,0.7900000000000205,,0,-12.646417145757516,-15.41220487679007,-15.20668300864404,-39.90485098696944,1,,,-4.13703543380125,-9.302597706529358,-13.599375766358257,211.34,-11.226648362365427,211.34,0,25,20,20,173.37,182.785,178.0775,182.785,155.02,,,,,,156.89246666666668,159.55493333333337,164.0898666666667,166.75233333333338,152.35753333333335,149.69506666666666,145.16013333333333,0,0,0,0,0,0,0,0,0,0,0,0,0,0,0,0,0,0,0,0,0,0,,,,,,,,,,,,,,,,,,USD,1.0,stock,26.5
2026-06-18,152.73,154.47,149.8,151.78,57940830,177.496,178.1016,216.37510000000003,172.44881149179585,179.3167648709555,190.2297036846215,207.02827291958846,24.24004192872117,-6.385837273845453,-2.850181504021251,-3.5356557698242024,0,8.736842857142857,0.5,0.05,18871955.1,18698664.0,3.0702081312179463,3.098661487259197,3.217419564510871,2.326910231668077,0.9499999999999886,1.740000000000009,1.9799999999999898,,0,-13.617611998811338,-16.942943734352358,-17.34194228488601,-42.558373962313894,1,,,-2.090052896400474,-8.81345749474316,-15.72459744586341,211.34,-11.985476335265528,211.34,0,25,20,20,167.41000000000003,180.57,173.99,180.57,151.78,,,,,,152.01666666666665,154.2333333333333,156.68666666666664,158.90333333333328,149.5633333333333,147.34666666666666,144.89333333333332,0,0,0,0,0,0,0,0,0,0,0,0,0,0,0,0,0,0,0,0,0,0,,,,,,,,,,,,,,,,,,USD,1.0,stock,28.5
2026-06-22,150.16,153.87,146.32,150.12,20502834,176.1865,177.687,215.84345000000002,170.3222580163867,178.17179369954547,189.4354521265102,206.46202144775177,0.0,-7.3334381786370955,-3.74683283894442,-3.5866053396926754,0,7.830414285714285,0.5,0.05,19603845.7,19176350.8,1.0458577522878585,1.0691728689068412,6.543826416394028,3.714847125252339,0.03999999999999204,3.710000000000008,3.8000000000000114,,0,-13.457406086055625,-17.36377564614974,-18.36330935251799,-43.780608846256335,1,,,-1.0936882329687703,-9.506299354994264,-14.85451761102603,211.34,-11.861196681905808,211.34,0,25,20,20,164.39,178.82999999999998,171.60999999999999,178.82999999999998,150.12,,,,,,150.10333333333332,153.88666666666666,157.65333333333334,161.43666666666667,146.33666666666664,142.5533333333333,138.78666666666663,0,0,0,0,0,0,0,0,0,0,0,0,0,0,0,0,0,0,0,0,0,0,,,,,,,,,,,,,,,,,,USD,1.0,stock,30.25
2026-06-23,151.65,155.18,150.85,153.42,20720688,174.85399999999998,177.4562,215.3905,168.71251915768323,177.20113512309274,188.7222748566783,205.93424013981397,6.1088485746019785,-7.729040731637525,-4.543274417483041,-3.185766314154484,1,7.203271428571428,0.5,0.05,20558137.9,19703145.65,1.0079068493844474,1.0516436496017072,13.714506470929097,7.825250817278014,1.7699999999999818,1.7600000000000193,0.8000000000000114,,0,-9.967748114772029,-13.970799113544519,-15.666927388867169,-40.392712814496164,1,,,2.1982414068744793,-6.763901549680962,-14.799800077747548,211.34,-9.064246822958317,211.34,0,25,20,20,160.925,178.82999999999998,169.8775,178.82999999999998,153.42,,,,,,153.14999999999998,155.44999999999996,157.48,159.77999999999997,151.11999999999995,148.81999999999996,146.78999999999994,0,0,0,0,0,0,0,0,0,0,0,0,0,0,0,0,0,0,0,0,0,0,,,,,,,,,,,,,,,,,,USD,1.0,stock,28.75
2026-06-24,151.81,157.06,150.4,152.76,13146831,173.53799999999998,177.055,214.9005,167.19323161885626,176.24265923591264,188.0101506020906,205.40514322299993,7.424071991001085,-8.003555088186147,-5.235330551623663,-2.7682245365624842,1,6.885414285714284,0.5,0.05,20330042.5,19679625.1,0.6466701188647294,0.6680427565665363,12.439636855321607,10.899323247548258,0.9499999999999886,4.300000000000011,1.4099999999999966,,0,-9.448305589719999,-13.60172820109976,-15.904032469232796,-40.67851531814611,1,,,-0.430191630817367,-5.534598973471039,-14.697341970069255,211.34,-8.632665018258114,211.34,0,25,20,20,158.1329,178.82999999999998,168.48145,178.82999999999998,152.76,,,,,,153.40666666666667,156.41333333333333,160.06666666666666,163.07333333333332,149.75333333333333,146.74666666666667,143.09333333333333,0,0,0,0,0,0,0,0,0,0,0,0,0,0,0,0,0,0,0,0,0,0,,,,,,,,,,,,,,,,,,USD,1.0,stock,28.75
2026-06-25,150.01,154.0,148.78,150.19,11334729,172.172,176.63260000000002,214.3901,165.57387622658422,175.22098632470036,187.26123672878188,204.85573881282082,7.307351638618215,-8.332436078779097,-5.8547516570547495,-2.477684421724347,1,6.402557142857142,0.5,0.05,20381461.1,19320114.7,0.5561293640523152,0.5866802126179924,8.37843689110198,11.51086007245091,0.18000000000000682,3.8100000000000023,1.2299999999999898,,0,-10.242943089809057,-14.63612757174246,-17.606098941340985,-42.74592183234569,1,,,-1.6823775857554235,-3.1157270029673723,-15.390682215086471,211.34,-9.29124604507762,211.34,0,25,20,20,158.1329,178.82999999999998,168.48145,178.82999999999998,150.19,,,,,,150.98999999999998,153.19999999999996,156.20999999999998,158.41999999999996,147.97999999999996,145.76999999999998,142.75999999999996,0,0,0,0,0,0,0,0,0,0,0,0,0,0,0,0,0,0,0,0,0,0,,,,,,,,,,,,,,,,,,USD,1.0,stock,30.25
2026-06-26,151.49,158.46,151.49,158.37,21267939,171.282,176.248,213.92165,164.88779277643334,174.56016333157487,186.68913303118225,204.39319414801665,22.8457711442786,-7.842614221508313,-6.252324169945463,-1.5902900515628504,1,6.444700000000002,0.5,0.05,20841652.1,19255540.3,1.020453604059536,1.1045101133827961,31.13695090439278,17.318341550272137,6.8799999999999955,0.09000000000000341,0.0,,0,-4.115547626718027,-8.153059291532491,-11.288754183241767,-35.07712950685104,1,,,5.446434516279375,4.341810515219402,-10.103876937049428,211.34,-3.95286556189798,211.34,0,25,20,20,158.1329,178.82999999999998,168.48145,178.82999999999998,158.37,,,,,,156.10666666666668,160.72333333333336,163.07666666666668,167.69333333333336,153.75333333333336,149.13666666666668,146.78333333333336,0,0,0,0,0,0,0,0,0,0,0,0,0,0,0,0,0,0,0,0,0,0,,,,,,,,,,,,,,,,,,USD,1.0,stock,27.0
2026-06-29,160.27,161.76,157.7,157.93,12664074,169.62349999999998,175.78220000000002,213.49845000000002,164.22514584534446,173.90800006366996,186.11964524838655,203.9308738082354,24.127784783522472,-7.404575852176407,-6.482774506391652,-0.9218013457847549,1,6.452557142857145,0.5,0.05,20749119.7,18188800.45,0.6103427125151724,0.6962566901986107,32.12506917542891,23.880152323641237,2.3400000000000034,1.4899999999999807,0.2300000000000182,,0,-3.9860354874592856,-7.404229722028728,-11.303868802634085,-35.18549357310201,1,,,-0.27783039717117486,5.202504662936325,-17.35740450026164,211.34,-3.8332411354791978,211.34,0,25,20,20,156.31,178.82999999999998,167.57,178.82999999999998,157.93,,,,,,159.13,160.56,163.19,164.62,156.5,155.07,152.44,0,0,0,0,0,0,0,0,0,0,0,0,0,0,0,0,0,0,0,0,0,0,,,,,,,,,,,,,,,,,,USD,1.0,stock,27.0
2026-06-30,155.09,157.69,154.07,156.66,13690515,166.9765,175.27259999999998,213.05035,163.50465576483546,173.23160790431038,185.5362859365373,203.46051685491963,27.56302521008402,-7.078311308088161,-6.601881866730954,-0.47642944135720633,1,5.943271428571431,0.5,0.05,20763990.6,17493586.45,0.6593392986798983,0.7826019575305555,35.39883601506334,32.88695203162836,1.5699999999999932,1.0300000000000011,1.0200000000000102,,0,-4.369115131389931,-6.585280224690407,-11.880888548448862,-35.99537214349547,1,,,-0.8041537389982922,2.1118498240125128,-25.257633587786255,204.39,-4.186214596041815,204.39,0,25,20,20,154.04,178.82999999999998,166.435,178.82999999999998,156.66,,,,,,156.14,158.20999999999998,159.76,161.82999999999998,154.58999999999997,152.51999999999998,150.96999999999997,0,0,0,0,0,0,0,0,0,0,0,0,0,0,0,0,0,0,0,0,0,0,,,,,,,,,,,,,,,,,,USD,1.0,stock,27.0
2026-07-01,162.22,165.81,161.2,163.23,14164644,165.096,174.8118,212.6527,163.4784980729464,172.8393879864943,185.0945773041306,203.06021320462193,41.2194564969171,-6.217923858354169,-6.5250902650555975,0.3071664067014286,1,6.203985714285717,0.5,0.05,20541924.5,17240987.3,0.6895480508654386,0.8215680316637087,71.5742958968585,46.36606702911693,1.009999999999991,2.5800000000000125,1.0200000000000102,,0,-0.15223799114525768,-1.1431722109906353,-7.095386877412251,-30.27795135698096,1,,,4.193795480658746,6.853888452474477,-18.72634933280224,198.09,-0.15200657938239734,198.09,0,25,20,20,156.065,178.82999999999998,167.4475,178.82999999999998,163.23,,,,,,163.41333333333333,165.62666666666667,168.02333333333334,170.23666666666668,161.01666666666665,158.8033333333333,156.40666666666664,0,0,0,0,0,0,0,0,0,0,0,0,0,0,0,0,0,0,0,0,0,0,,,,,,,,,,,,,,,,,,USD,1.0,stock,25.0
2026-07-02,163.0,167.21,162.0,166.11,10493199,163.871,174.3918,212.27065000000002,163.72911730409436,172.57549041839647,184.71864508028645,202.69254939164063,49.597156398104296,-5.243228006188161,-6.268717813282111,1.0254898070939493,1,6.032557142857148,0.5,0.05,19592628.3,17057927.7,0.5355687271421364,0.6151508661864008,83.76435930211896,63.57916373801362,3.1100000000000136,1.0999999999999943,1.0,,0,1.4333168959759524,1.3479019926554718,-4.9857323460357446,-27.789205947865874,1,,,1.7643815475096636,10.599906784739343,-12.85347043701799,198.09,1.4541596113803248,198.09,0,25,20,20,156.765,178.82999999999998,167.79749999999999,178.82999999999998,166.11,,,,,,165.10666666666668,168.21333333333337,170.3166666666667,173.42333333333337,163.00333333333336,159.89666666666668,157.79333333333335,0,0,0,0,0,0,0,0,0,0,0,0,0,0,0,0,0,0,0,0,0,0,,,,,,,,,,,,,,,,,,USD,1.0,stock,25.0
2026-07-06,163.99,167.7219,162.37,165.65,10595529,162.716,173.9088,211.90235,163.91205851322823,172.30390255885152,184.34104814800355,202.3239668106293,49.71496437054635,-4.456520680346557,-5.906278386695,1.4497577063484428,1,6.047692857142863,0.5,0.05,14858098.2,16865026.65,0.7131147511193593,0.6282545067902399,81.81733528600097,79.05199682832615,1.6599999999999966,2.0718999999999994,1.6200000000000045,,0,1.0491647973267577,1.7712043465137322,-4.985692725626325,-27.921732568668883,1,,,-0.27692492926374435,4.596830207741376,-12.238410596026483,192.51,1.0602889760130227,192.51,0,25,20,20,158.25095,178.82999999999998,168.540475,178.82999999999998,165.65,,,,,,165.2473,168.1246,170.5992,173.4765,162.7727,159.8954,157.42079999999999,0,0,0,0,0,0,0,0,0,0,0,0,0,0,0,0,0,0,0,0,0,0,,,,,,,,,,,,,,,,,,USD,1.0,stock,25.0
2026-07-07,169.22,172.38,167.681,169.52,13057946,161.90900000000002,173.8332,211.53889999999998,164.44614817863507,172.1947299094848,184.04756204606286,201.9975591806728,55.568003585032486,-3.480650032688942,-5.421152715893788,1.940502683204846,1,6.1158500000000044,0.5,0.05,14113609.4,16858727.55,0.9252024503384655,0.7745511018712679,89.02532617037612,84.8690069194987,0.30000000000001137,2.859999999999985,1.5389999999999873,,0,2.993069738889181,4.489735724398295,-2.544360547428029,-24.7869867862199,1,,,2.3362511319046098,7.338694358260001,-8.69331035225681,185.02,3.0854184652919328,185.02,0,25,20,20,160.57999999999998,178.82999999999998,169.70499999999998,178.82999999999998,169.52,,,,,,169.86033333333333,172.03966666666665,174.5593333333333,176.73866666666663,167.34066666666666,165.16133333333335,162.64166666666668,0,0,0,0,0,0,0,0,0,0,0,0,0,0,0,0,0,0,0,0,0,0,,,,,,,,,,,,,,,,,,USD,1.0,stock,25.0
2026-07-08,167.37,167.53,164.78,166.58,9792382,161.1105,173.6016,211.15040000000002,164.6493721616222,171.97454442283833,183.70166972831905,201.645145656487,55.44377375363291,-2.9109433995362224,-4.919110852622275,2.0081674530860525,1,6.040135714285719,0.5,0.05,13020778.8,16789458.35,0.752058087339599,0.5832458555757994,77.74366845740605,82.86210997126106,0.789999999999992,0.1599999999999966,1.8000000000000114,,0,1.1589793723002773,3.283407371833359,-4.215151878977054,-26.756153199663828,1,,,-1.734308636149129,6.332184348270142,-8.74828814023555,182.46,1.1725692075416299,182.46,0,25,20,20,160.57999999999998,178.82999999999998,169.70499999999998,178.82999999999998,166.58,,,,,,166.29666666666665,167.8133333333333,169.04666666666665,170.5633333333333,165.0633333333333,163.54666666666665,162.3133333333333,0,0,0,0,0,0,0,0,0,0,0,0,0,0,0,0,0,0,0,0,0,0,,,,,,,,,,,,,,,,,,USD,1.0,stock,25.0
2026-07-09,158.33,163.7999,156.48,162.5,13858605,160.46800000000002,173.248,210.72745000000003,164.44467005099153,171.6029936611584,183.2818346841939,201.25564171960653,58.87939221272553,-2.7568889900913973,-4.486666480116099,1.729777490024702,0,6.2272785714285765,0.5,0.05,13091956.2,16710999.35,1.058558766030702,0.8293103667675028,62.087490406753666,76.28549501151195,4.1699999999999875,1.299900000000008,1.8500000000000227,,0,-1.196720031379405,1.2504615384615276,-6.61415384615384,-29.67843076923079,1,,,-2.4492736222835987,-0.4472217116951449,-7.328200741374391,175.53,-1.182568003200422,175.53,0,25,20,20,161.935,175.355,168.64499999999998,178.82999999999998,162.5,,,,,,160.92663333333334,165.3732666666667,168.24653333333336,172.6931666666667,158.05336666666668,153.60673333333332,150.73346666666666,0,0,0,0,0,0,0,0,0,0,0,0,0,0,0,0,0,0,0,0,0,0,,,,,,,,,,,,,,,,,,USD,1.0,stock,25.0
2026-07-10,165.6,166.3,162.42,163.32,8321511,160.08800000000002,172.888,210.2956,164.3375586175638,171.27817038032865,182.88655082906135,200.87817264776967,64.53400503778336,-2.5393604471919673,-4.097205273531273,1.5578448263393057,0,6.131564285714292,0.5,0.05,12790634.4,16586047.75,0.650594078429761,0.501717535450843,65.23407521105142,68.3550780250704,2.280000000000001,0.700000000000017,0.9000000000000057,,0,-0.6230459328703117,1.9789370560861934,-5.8584374234631476,-28.762919421993644,1,,,0.50461538461537,-1.679609897056178,-4.446524689913412,172.38,-0.6191881065556004,172.38,0,25,20,20,163.225,172.20499999999998,167.71499999999997,178.82999999999998,163.32,,,,,,164.01333333333335,165.6066666666667,167.89333333333337,169.48666666666674,161.7266666666667,160.13333333333333,157.84666666666666,0,0,0,0,0,0,0,0,0,0,0,0,0,0,0,0,0,0,0,0,0,0,,,,,,,,,,,,,,,,,,USD,1.0,stock,25.0
2026-07-13,165.92,172.76,165.92,171.22,14020677,160.3265,172.68800000000002,209.92890000000003,164.99302922541486,171.2758891889432,182.65553002056507,200.5830664522695,72.96473661297343,-1.7097940908212763,-3.619723036989274,1.9099289461679976,1,6.266564285714291,0.5,0.05,12065908.2,16453780.15,1.1620075975714783,0.8521249750623415,93.57798165137619,73.63318242306043,5.300000000000011,1.539999999999992,0.0,,0,3.636824421554223,6.362282443639755,-0.8573764747109086,-22.60769769886697,1,,,4.837129561596876,3.3625113190461686,2.865725443075995,172.76,3.7740811256200413,172.76,0,25,20,20,163.415,172.20499999999998,167.81,178.82999999999998,171.22,,,,,,169.96666666666667,174.01333333333335,176.80666666666667,180.85333333333335,167.17333333333335,163.12666666666667,160.33333333333334,0,0,0,0,0,0,0,0,0,0,0,0,0,0,0,0,0,0,0,0,0,0,,,,,,,,,,,,,,,,,,USD,1.0,stock,27.0
2026-07-14,162.49,171.35,161.47,167.56,13502786,160.41,172.5086,209.53724999999997,165.23750263251821,171.13016804427878,182.3566086340192,200.25447872637628,65.26997840172787,-1.3323299188405997,-3.1622444133595393,1.8299144945189396,0,6.6108500000000054,0.5,0.05,12149779.4,16449449.55,1.1113605898062642,0.8208655225183508,78.31526271893247,79.04243986045338,5.069999999999993,3.789999999999992,1.0200000000000102,,0,1.386069090165784,4.267128192886133,-2.9533301503938882,-25.05207089997611,1,,,-2.137600747576218,-1.15620575743276,1.0066911809030188,172.76,1.405550998096922,172.76,0,25,20,20,164.62,169.415,167.01749999999998,178.82999999999998,167.56,,,,,,166.79333333333332,172.11666666666665,176.67333333333332,181.99666666666664,162.23666666666665,156.91333333333333,152.35666666666665,0,0,0,0,0,0,0,0,0,0,0,0,0,0,0,0,0,0,0,0,0,0,,,,,,,,,,,,,,,,,,USD,1.0,stock,25.0
2026-07-15,170.52,172.8,166.56,167.0,13321802,160.5325,172.1722,209.1675,165.40535952465933,170.96820066999334,182.05251737393962,199.92358839079046,65.41125541125541,-1.0660849986980168,-2.743012530427235,1.676927531729218,0,6.580850000000006,0.5,0.05,12112908.1,16438449.35,1.0998021193605854,0.8104050276493994,75.85345545378847,82.58223327469906,3.5200000000000102,2.280000000000001,0.4399999999999977,,0,0.9548745361321366,3.872754491017965,-3.097125748502996,-25.249999999999993,1,,,-0.33420864168058895,0.2521311081762345,1.488909146156181,172.8,0.9640802933613117,172.8,0,25,20,20,164.64,165.67000000000002,165.155,178.82999999999998,167.0,,,,,,168.78666666666666,171.01333333333332,175.02666666666667,177.25333333333333,164.7733333333333,162.54666666666665,158.5333333333333,0,0,0,0,0,0,0,0,0,0,0,0,0,0,0,0,0,0,0,0,0,0,,,,,,,,,,,,,,,,,,USD,1.0,stock,25.0
2026-07-16,170.84,174.54,166.88,172.68,12051554,161.08100000000002,171.91620000000003,208.81375,166.09818242707271,171.0353300554838,181.86692297049527,199.65250790929005,72.80470492800647,-0.3922340213931932,-2.272856828620427,1.8806228072272337,1,6.7551357142857205,0.5,0.05,11901599.1,16221761.8,1.0125995589953958,0.742925099541284,91.93058568329725,82.03310128533941,1.8400000000000034,1.8599999999999852,3.960000000000008,,0,3.8115691295617857,6.717048876534625,0.4423210562890751,-20.92526638869585,1,,,3.401197604790429,6.26461538461538,6.783748685919244,174.54,3.962606620224224,174.54,0,25,20,20,165.51,164.39,164.95,178.82999999999998,172.68,,,,,,171.36666666666665,175.8533333333333,179.02666666666664,183.5133333333333,168.1933333333333,163.70666666666665,160.5333333333333,0,0,0,0,0,0,0,0,0,0,0,0,0,0,0,0,0,0,0,0,0,0,,,,,,,,,,,,,,,,,,USD,1.0,stock,27.0
2026-07-17,171.5,175.43,169.7504,170.77,10185303,161.8685,171.5918,208.44209999999998,166.54311743401817,171.02492495526874,181.64718192157457,199.36511977088915,64.40520446096653,-0.012182867990304658,-1.8207220364944026,1.808539168504098,0,6.570107142857148,0.5,0.05,11870809.5,15731718.9,0.8580125053813726,0.647437388421681,78.18352059925097,81.98918724544558,0.7299999999999898,3.930000000000007,1.019599999999997,,0,2.4751903530958828,5.212566610060314,-0.48123206652222056,-22.060139368741563,1,,,-1.1060921936529966,4.561596865050221,10.159979357502259,175.43,2.538010955425081,175.43,0,25,20,20,165.95499999999998,160.925,163.44,178.82999999999998,170.77,,,,,,171.9834666666667,174.21653333333336,177.66306666666668,179.89613333333335,168.53693333333337,166.3038666666667,162.85733333333337,0,0,0,0,0,0,0,0,0,0,0,0,0,0,0,0,0,0,0,0,0,0,,,,,,,,,,,,,,,,,,USD,1.0,stock,25.0
2026-07-20,167.86,175.39,166.495,173.79,13423594,162.969,171.4438,208.12605,167.23329672601645,171.1333592707484,181.4915941607513,199.11064096719872,67.38272687417796,0.5266285241970365,-1.3512519243561147,1.8778804485531513,1,6.915464285714289,0.5,0.05,12153616.0,13505857.1,1.1044938395289106,0.993909079639233,92.32209737827709,87.47873455360845,5.929999999999978,1.5999999999999943,1.365000000000009,,0,3.7727736198766006,6.226480234766097,1.3500201392485078,-19.75720697393406,1,,,1.768460502430158,1.5009928746641643,14.501251811832905,175.43,3.9206924711444255,175.43,0,25,20,20,165.95499999999998,160.875,163.415,178.82999999999998,173.79,,,,,,171.89166666666665,177.2883333333333,180.78666666666663,186.18333333333328,168.39333333333332,162.99666666666667,159.49833333333333,0,0,0,0,0,0,0,0,0,0,0,0,0,0,0,0,0,0,0,0,0,0,,,,,,,,,,,,,,,,,,USD,1.0,stock,25.0
2026-07-21,167.06,172.425,166.93,170.06,12826913,163.966,171.1182,207.7979,167.50250656163394,171.0912667503269,181.2652259595483,198.82157986304748,63.935108153078204,0.6452228796235886,-0.951956963560174,1.5971798431837625,0,7.129750000000001,0.5,0.05,12130512.7,13122061.05,1.0574089749726738,0.9775074930016424,71.66226912928761,80.72262903560524,3.0,2.365000000000009,0.12999999999999545,,0,1.5038771247595355,3.58344113842173,-0.6222509702457952,-22.190932612019285,1,,,-2.1462684849530955,1.492002864645503,13.28270716759925,175.43,1.5268389057957263,175.43,0,25,20,20,165.95499999999998,160.875,163.415,178.82999999999998,170.06,,,,,,169.805,172.68,175.3,178.175,167.185,164.31,161.69,0,0,0,0,0,0,0,0,0,0,0,0,0,0,0,0,0,0,0,0,0,0,,,,,,,,,,,,,,,,,,USD,1.0,stock,25.0
2026-07-22,169.47,169.57,162.21,163.0,12188485,164.445,170.7418,207.41850000000002,167.07369641290688,170.77396217188272,180.90353831678496,198.4651462325694,49.76322833024501,0.16759483467717473,-0.7280466039127043,0.895641438589879,0,7.036892857142858,0.5,0.05,12370123.0,12695450.9,0.9853163949946173,0.9600671213654963,34.40633245382588,66.13023298713021,6.469999999999999,0.09999999999999432,0.789999999999992,,0,-2.4992002533171065,-0.8865030674846585,-4.749570552147246,-27.25061349693253,1,,,-4.151475949664829,-2.39520958083832,6.2442967018641715,175.43,-2.4382631738984974,175.43,0,25,20,20,168.45,160.875,164.6625,178.82999999999998,163.0,,,,,,164.92666666666665,167.6433333333333,172.28666666666663,175.00333333333327,160.2833333333333,157.56666666666666,152.92333333333332,0,0,0,0,0,0,0,0,0,0,0,0,0,0,0,0,0,0,0,0,0,0,,,,,,,,,,,,,,,,,,USD,1.0,stock,25.0
2026-07-23,165.05,165.88,155.145,156.93,12772116,164.6535,170.3306,207.00135000000003,166.10763008786813,170.231061694554,180.42881478575953,198.0518611954294,41.13214837712518,-0.6927416089096141,-0.7209856049120862,0.02824399600247207,0,7.4315357142857135,0.5,0.05,12261474.1,12676715.15,1.0416460448258829,1.0075256759240188,8.799605619916179,38.28940240100991,8.120000000000005,0.8299999999999841,1.7849999999999966,,0,-5.848231751652408,-4.921621104951253,-8.539221308863823,-31.906805582106685,1,,,-3.723926380368092,-9.120917303683118,2.72977219167323,175.43,-5.52511048590201,175.43,0,25,20,20,165.28750000000002,160.875,163.08125,178.82999999999998,156.93,,,,,,159.31833333333333,163.49166666666665,170.0533333333333,174.22666666666663,152.75666666666666,148.58333333333334,142.02166666666668,0,0,0,0,0,0,0,0,0,0,0,0,0,0,0,0,0,0,0,0,0,0,,,,,,,,,,,,,,,,,,USD,1.0,stock,25.0
2026-07-24,160.38,164.45,159.55,163.66,10896374,165.327,170.17759999999998,206.59075,165.8745224604521,169.97337300064993,180.09675904742764,197.70965362134555,48.28536963639496,-0.8220337899658148,-0.7411952419228319,-0.08083854804298285,0,7.586399999999998,0.5,0.05,12518960.4,12654797.4,0.870389685073211,0.8610468943580243,41.976830170076354,28.394256081272825,3.280000000000001,0.789999999999992,0.8299999999999841,,0,-1.3531238301674913,-1.018575094708543,-3.9824025418550577,-26.23166931443237,1,,,4.288536290065625,-4.163494759032627,8.968639723017514,175.43,-1.335058830978762,175.43,0,25,20,20,165.28750000000002,160.875,163.08125,178.82999999999998,163.66,,,,,,162.5533333333333,165.55666666666662,167.4533333333333,170.4566666666666,160.65666666666664,157.65333333333334,155.75666666666666,0,0,0,0,0,0,0,0,0,0,0,0,0,0,0,0,0,0,0,0,0,0,,,,,,,,,,,,,,,,,,USD,1.0,stock,25.0
2026-07-27,168.0,176.9488,167.14,173.6,17312519,166.0885,170.3328,206.26005,166.61028222612333,170.1155936672911,179.96811035341918,197.4697565703869,53.18252730109204,-0.12102870344330086,-0.6171619342269258,0.4961332307836249,1,8.054885714285714,0.5,0.05,12848144.6,12457026.4,1.3474723035106564,1.3897794260113312,84.64120933048362,45.13921504015874,5.599999999999994,3.3488000000000113,0.8600000000000136,,0,4.026335123200843,4.326900921658977,1.8820276497695867,-18.813392857142865,1,,,6.073567151411452,-0.10932734909948616,9.616720338447937,176.9488,4.1952499452526135,176.9488,0,25,20,20,166.0469,161.6344,163.84064999999998,178.82999999999998,173.6,,,,,,172.56293333333335,177.9858666666667,182.37173333333337,187.79466666666673,168.1770666666667,162.75413333333333,158.36826666666667,0,0,0,0,0,0,0,0,0,0,0,0,0,0,0,0,0,0,0,0,0,0,,,,,,,,,,,,,,,,,,USD,1.0,stock,25.0
2026-07-28,176.905,184.54,176.905,181.5,17157414,167.267,170.6112,205.96540000000002,168.02835058554015,170.56204097445618,179.9984448018663,197.3108535199353,60.802200984651016,1.0597704806235413,-0.28177545125683234,1.3415459318803737,1,8.497742857142855,0.5,0.05,13213607.4,12681693.4,1.2984655499905347,1.3529276776238732,89.65810511991837,72.09204820682614,4.594999999999999,3.039999999999992,0.0,,0,7.422396371603221,7.841873278236918,5.999338842975209,-13.479559228650148,1,,,4.550691244239635,6.727037516170764,14.924333565503689,184.54,8.017485958479178,184.54,0,25,20,20,169.8425,165.43,167.63625000000002,178.82999999999998,181.5,,,,,,180.98166666666665,185.0583333333333,188.61666666666665,192.6933333333333,177.42333333333332,173.34666666666666,169.78833333333333,0,0,0,0,0,0,0,0,0,0,0,0,0,0,0,0,0,0,0,0,0,0,,,,,,,,,,,,,,,,,,USD,1.0,stock,25.0
2026-07-30,180.99,182.5078,175.9,180.71,12182740,168.4695,170.75519999999997,205.6423,169.2361267202506,170.9600001519285,180.01253500380955,197.14567089784643,63.843697734529435,1.9098009469935846,0.15653982839325106,1.7532611186003335,1,8.248299999999997,0.5,0.05,13099701.2,12606304.65,0.9300013652219793,0.9664005700512719,86.97057322673929,87.08996255904712,0.28000000000000114,1.517799999999994,4.810000000000002,,0,6.349329466963311,6.773559847269103,5.508715621714368,-13.79685684245476,1,,,-0.43526170798897645,10.865030674846633,15.35171709434444,184.54,6.779801394719846,184.54,0,25,20,20,169.8425,166.66,168.25125,178.82999999999998,180.71,,,,,,179.70593333333332,183.51186666666663,186.31373333333332,190.11966666666663,176.90406666666664,173.09813333333332,170.29626666666664,0,0,0,0,0,0,0,0,0,0,0,0,0,0,0,0,0,0,0,0,0,0,,,,,,,,,,,,,,,,,,USD,1.0,stock,25.0
2026-07-31,177.695,184.45,177.0253,184.02,9686432,169.50900000000001,170.84599999999998,205.354,170.64411465165531,171.47215700871564,180.09189074630837,197.0150672073206,65.16261353647819,2.818060703300688,0.6888440033747385,2.1292166999259496,1,8.501492857142852,0.5,0.05,12863189.0,12382394.05,0.7530350366460448,0.7822745715316659,98.23099166524925,91.61989000396899,6.325000000000017,0.4299999999999784,0.669700000000006,,0,7.268712829227636,7.885555917835014,7.1590044560374055,-11.59330507553527,1,,,1.8316639920314293,17.262473714394954,12.736629296085301,184.54,7.838468602125297,184.54,0,25,20,20,169.8425,166.66,168.25125,178.82999999999998,184.02,,,,,,181.83176666666665,186.63823333333332,189.25646666666665,194.06293333333332,179.21353333333332,174.40706666666665,171.78883333333332,0,0,0,0,0,0,0,0,0,0,0,0,0,0,0,0,0,0,0,0,0,0,,,,,,,,,,,,,,,,,,USD,1.0,stock,25.0
2026-08-03,188.99,193.7,185.9,185.95,12893582,170.501,170.9766,205.04,172.10181801816432,172.03991555739344,180.2078929097478,196.9049670361035,61.82372772515654,3.651505689543569,1.2813763406085048,2.3701293489350643,1,8.518635714285708,0.5,0.05,13134016.9,12502413.2,0.981693726920665,1.031287463767395,79.89884580469457,88.36680356556106,3.0400000000000205,4.7099999999999795,0.04999999999998295,,0,7.4472610819229175,8.308147351438551,8.052379671954826,-10.266200591556874,1,,,1.0487990435822159,13.619699376756689,11.943892601288297,193.7,8.046505342769866,193.7,0,25,20,20,174.4225,171.24,172.83125,178.82999999999998,185.95,,,,,,188.51666666666665,191.1333333333333,196.31666666666663,198.93333333333328,183.33333333333331,180.71666666666667,175.53333333333333,0,0,0,0,0,0,0,0,0,0,0,0,0,0,0,0,0,0,0,0,0,0,,,,,,,,,,,,,,,,,,USD,1.0,stock,25.0
2026-08-04,183.09,191.285,183.0,190.99,9319612,171.768,171.19439999999997,204.79609999999997,173.90069249262487,172.7830561237702,180.4213999808419,196.84611164270945,68.39956023244858,4.664928334724806,1.9580867394317651,2.7068415952930405,1,8.404707142857136,0.5,0.05,12723618.7,12438617.35,0.7324655209920744,0.7492482273361356,92.97108027493196,90.36697258162529,7.900000000000006,0.2949999999999875,0.09000000000000341,,0,8.947749886054316,10.064401277553802,10.364731137755921,-7.228703073459321,1,,,2.710406023124512,10.017281105990783,15.297313613039542,193.7,9.827049715802538,193.7,0,25,20,20,174.4225,172.595,173.50875000000002,178.82999999999998,190.99,,,,,,188.42499999999998,193.84999999999997,196.70999999999998,202.13499999999996,185.56499999999997,180.14,177.27999999999997,0,0,0,0,0,0,0,0,0,0,0,0,0,0,0,0,0,0,0,0,0,0,,,,,,,,,,,,,,,,,,USD,1.0,stock,25.0
2026-08-05,193.28,194.94,190.425,192.98,9562564,172.94099999999997,171.52779999999998,204.5781,175.71776939808916,173.5750931385243,180.67008512973612,196.8076428701452,69.95391705069126,5.564505297932641,2.6793704511319403,2.8851348468007005,1,8.28149285714285,0.5,0.05,12397183.8,12263848.25,0.7713496995987105,0.7797360017072944,95.07475813544414,89.31489473835693,0.30000000000001137,1.6599999999999966,2.5549999999999784,,0,8.945087885745066,10.383977614260553,11.116281479946112,-6.010001036376836,1,,,1.041939368553324,6.32506887052342,13.839075035394032,194.94,9.823838909998448,194.94,0,25,20,20,175.04250000000002,174.505,174.77375,178.82999999999998,192.98,,,,,,192.78166666666667,195.13833333333332,197.29666666666665,199.6533333333333,190.62333333333333,188.26666666666668,186.10833333333335,0,0,0,0,0,0,0,0,0,0,0,0,0,0,0,0,0,0,0,0,0,0,,,,,,,,,,,,,,,,,,USD,1.0,stock,25.0
2026-08-06,183.44,187.02,183.0,186.77,13288354,173.9505,171.6618,204.28195,176.77036278874735,174.0925404664253,180.7908755232067,196.7077658266612,60.7344202346488,5.710504282805601,3.2855972174666728,2.4249070653389286,0,8.447207142857135,0.5,0.05,12507170.7,12438646.85,1.062458834115057,1.068311863842328,79.46978263600957,89.17187368212858,3.3300000000000125,0.25,0.4399999999999977,,0,5.353984693073118,6.863789687851369,8.089200621084762,-9.37621138298441,1,,,-3.2179500466369415,3.3534392119971335,12.12030255732981,194.94,5.65685166534557,194.94,0,25,20,20,177.245,174.505,175.875,178.82999999999998,186.77,,,,,,185.59666666666666,188.19333333333333,189.61666666666667,192.21333333333334,184.17333333333332,181.57666666666665,180.1533333333333,0,0,0,0,0,0,0,0,0,0,0,0,0,0,0,0,0,0,0,0,0,0,,,,,,,,,,,,,,,,,,USD,1.0,stock,25.0
2026-08-07,191.09,194.7,190.6,192.74,11390523,175.4625,171.935,204.03025000000002,178.29128061839046,174.8238133893106,181.02749184947982,196.66828556967948,65.76266322284404,6.236053296221115,3.8756884332175616,2.3603648630035536,0,8.60794999999999,0.5,0.05,12369011.4,12315242.75,0.9208919477590586,0.9249125844474321,94.47166729488632,89.6720693554467,1.6500000000000057,1.9599999999999795,0.4900000000000091,,0,7.4964819869303465,8.964148593960777,10.79433433641175,-5.85776175158245,1,,,3.196444825186062,4.738615367894794,18.609230769230777,194.94,8.103996634886018,194.94,0,25,20,20,181.04,175.04250000000002,178.04125,178.82999999999998,192.74,,,,,,192.67999999999998,194.75999999999996,196.77999999999997,198.85999999999996,190.65999999999997,188.57999999999998,186.55999999999997,0,0,0,0,0,0,0,0,0,0,0,0,0,0,0,0,0,0,0,0,0,0,,,,,,,,,,,,,,,,,,USD,1.0,stock,25.0
2026-08-10,190.17,198.184,190.0,197.51,9703435,177.172,172.335,203.7464,180.1216348452104,175.71346776620038,181.3538781494901,196.67666083764288,66.60134378499443,6.957254907344719,4.492001728042993,2.465253179301726,1,8.557164285714277,0.5,0.05,12249717.5,12384338.95,0.7921354104696701,0.7835246628161773,98.4339784846302,90.79180947184204,7.340000000000003,0.6740000000000066,0.1699999999999875,,0,8.803789759905625,10.297200141764971,12.746190066325747,-3.1575110121006547,0,,,2.474836567396488,6.216724926055384,20.934361988733773,198.184,9.653679398220257,198.184,0,25,20,20,187.042,176.6645,181.85325,178.82999999999998,197.51,,,,,,195.2313333333333,200.46266666666662,203.4153333333333,208.64666666666662,192.27866666666662,187.0473333333333,184.09466666666663,0,0,0,0,0,0,0,0,0,0,0,0,0,0,0,0,0,0,0,0,0,0,,,,,,,,,,,,,,,,,,USD,1.0,stock,25.0
2026-08-11,196.94,199.39,195.5001,197.47,11166370,178.4845,172.761,203.4167,181.7738600980475,176.56666510870232,181.67300927524278,196.68455475965638,70.22878228782291,7.439823065263823,5.08156599548716,2.3582570697766636,0,8.345014285714276,0.5,0.05,11635102.6,12241623.6,0.9597139263731117,0.9121641348293048,95.66052661317666,96.18872413089775,0.5300000000000011,1.9199999999999875,1.4398999999999944,,0,7.948619993899077,9.614371803311897,12.512786752418089,-3.0114447764217314,0,,,-0.020252139132193037,3.3928477930781575,15.331152902698285,199.39,8.634981890952925,199.39,0,25,20,20,187.64499999999998,177.26749999999998,182.45624999999998,178.82999999999998,197.47,,,,,,197.45336666666665,199.4066333333333,201.34326666666664,203.2965333333333,195.51673333333332,193.56346666666667,191.62683333333334,0,0,0,0,0,0,0,0,0,0,0,0,0,0,0,0,0,0,0,0,0,0,,,,,,,,,,,,,,,,,,USD,1.0,stock,27.0
2026-08-12,192.0,196.5,191.78,193.32,12766120,179.7725,172.80539999999996,203.1001,182.873492469662,177.22365863385127,181.90364275494093,196.6510766028439,73.38062924120915,7.4020650913797965,5.545665814665687,1.856399276714109,0,8.190728571428563,0.5,0.05,11195973.2,12204790.3,1.1402421006152463,1.0459925722771328,86.28093569894904,93.45848026558531,1.3199999999999932,3.180000000000007,0.21999999999999886,,0,5.403738635597963,7.007810883509199,10.611731843575436,-5.059021311814611,0,,,-2.101585050893806,0.17618406052439806,15.373597517307225,199.39,5.712423046807079,199.39,0,25,20,20,188.20765,177.26749999999998,182.737575,178.82999999999998,193.32,,,,,,193.86666666666665,195.9533333333333,198.58666666666664,200.6733333333333,191.2333333333333,189.14666666666665,186.5133333333333,0,0,0,0,0,0,0,0,0,0,0,0,0,0,0,0,0,0,0,0,0,0,,,,,,,,,,,,,,,,,,USD,1.0,stock,27.0
2026-08-13,196.835,202.99,191.39,201.37,15043970,181.491,172.6408,202.8317,184.63506461540848,178.17057398154338,182.28911517563517,196.69803106450715,83.2535169111045,7.930293857238382,6.022591423180227,1.9077024340581552,1,8.25251428571428,0.5,0.05,11482096.2,12290898.7,1.310211109361721,1.2239926767926255,96.27071823204419,92.73739351472331,4.534999999999997,1.6200000000000045,5.445000000000022,,0,8.310540489939674,9.871877638178471,14.266871927298006,-0.7258777374981416,0,,,4.164080281398719,7.817101247523683,20.58083832335329,202.99,9.063790466588832,202.99,0,25,20,20,192.995,179.0675,186.03125,178.82999999999998,201.37,,,,,,198.58333333333334,205.7766666666667,210.18333333333337,217.37666666666672,194.17666666666668,186.98333333333332,182.57666666666665,0,0,0,0,0,0,0,0,0,0,0,0,0,0,0,0,0,0,0,0,0,0,,,,,,,,,,,,,,,,,,USD,1.0,stock,28.75
2026-08-14,202.75,204.4,195.32,196.21,8659541,182.6675,172.5482,202.5386,185.73743941394102,178.8780024528554,182.56477626126616,196.69317503401456,74.94252873563221,7.842150652629158,6.386503269070014,1.4556473835591444,0,8.363942857142854,0.5,0.05,11379407.1,12121298.05,0.7609834962315392,0.7144070679789941,78.0193236714976,86.85699253416362,6.539999999999992,1.6500000000000057,0.8900000000000148,,0,5.337424487059268,6.902043728658079,12.059426125070077,-3.225421742011107,0,,,-2.562447236430454,1.8003528068901042,13.626360898772294,204.4,5.638368128204606,204.4,0,25,20,20,193.7,179.7725,186.73624999999998,178.82999999999998,196.21,,,,,,198.64333333333335,201.9666666666667,207.72333333333336,211.0466666666667,192.88666666666668,189.56333333333333,183.80666666666667,0,0,0,0,0,0,0,0,0,0,0,0,0,0,0,0,0,0,0,0,0,0,,,,,,,,,,,,,,,,,,USD,1.0,stock,27.0
2026-08-17,193.83,194.94,189.91,190.97,14375869,183.67749999999998,172.55540000000002,202.2161,186.23577851737522,179.3521984350964,182.7312163353005,196.63622801875073,64.3435177539224,7.265717650127584,6.562346145281528,0.7033715048460563,0,7.864742857142853,0.5,0.05,11527635.8,12330826.35,1.2470786941412566,1.1658479806586524,52.877192982456116,75.722411628666,2.8600000000000136,1.1099999999999852,1.0600000000000023,,0,2.479039368814356,3.818662617165009,9.64266638739068,-5.888935434885067,1,,,-2.670608022017229,-3.3112247481140167,11.82877554605608,204.4,2.542057987092468,204.4,0,25,20,20,193.7,179.7725,186.73624999999998,175.36,190.97,,,,,,191.94000000000003,193.97000000000006,196.97000000000003,199.00000000000006,188.94000000000005,186.91000000000003,183.91000000000005,0,0,0,0,0,0,0,0,0,0,0,0,0,0,0,0,0,0,0,0,0,0,,,,,,,,,,,,,,,,,,USD,1.0,stock,25.0
2026-08-18,194.09,199.41,193.23,196.14,14144314,184.795,172.7032,201.9255,187.17903770619665,180.01054359450438,182.99673680390842,196.63129042652437,62.659979245935666,7.143717803151958,6.678620476855614,0.4650973262963438,0,7.686171428571425,0.5,0.05,12010106.0,12366862.35,1.177701012797056,1.1437269696787722,71.01754385964905,67.3046868378676,2.049999999999983,3.2700000000000102,0.8600000000000136,,0,4.5686562117891985,5.7841337819924545,11.949016008973173,-2.949678800856538,0,,,2.7072315023302096,-0.6735200283587428,12.860348696702918,204.4,4.787374913140008,204.4,0,25,20,20,193.7,179.7725,186.73624999999998,175.36,196.14,,,,,,196.26,199.29,202.44,205.47,193.10999999999999,190.07999999999998,186.92999999999998,0,0,0,0,0,0,0,0,0,0,0,0,0,0,0,0,0,0,0,0,0,0,,,,,,,,,,,,,,,,,,USD,1.0,stock,25.0
2026-08-19,194.21,207.95,194.21,206.09,17839571,186.5965,173.11180000000002,201.69865000000001,188.98008173417793,181.03326737511208,183.45402914442508,196.7254069396933,68.94595401612422,7.760456181696412,6.894987617823774,0.8654685638726383,1,8.195614285714282,0.5,0.05,12837806.7,12617495.25,1.3896120588885328,1.4138757848947872,93.98539031906539,72.62670905372353,11.879999999999995,1.8599999999999852,0.0,,0,8.302158409346438,9.458731622106852,16.001843854626614,2.130792372264539,0,,,5.072907107168367,6.6056279743430535,21.186640009408443,207.95,9.053820968227292,207.95,0,25,20,20,198.93,181.5475,190.23875,177.135,206.09,,,,,,202.75,211.29,216.48999999999998,225.02999999999997,197.55,189.01000000000002,183.81000000000003,0,0,0,0,0,0,0,0,0,0,0,0,0,0,0,0,0,0,0,0,0,0,,,,,,,,,,,,,,,,,,USD,1.0,stock,25.0
2026-08-20,205.22,207.8795,203.0,205.43,11481426,188.71800000000002,173.56939999999997,201.44254999999998,190.54674061663715,181.9900019878528,183.88919688413944,196.81201980596504,66.64075858852792,8.102567946291657,7.136503683517351,0.9660642627743057,1,8.01381428571428,0.5,0.05,12657113.9,12582142.3,0.9071124816218964,0.9125175765974288,89.89979959919847,84.967577925971,0.21000000000000796,2.4495000000000005,2.219999999999999,,0,7.244929846352945,8.135131188239297,15.50922455337586,1.9410261402911084,0,,,-0.3202484351496948,2.016189104633259,26.03067484662578,207.95,7.8108181411019935,207.95,0,25,20,20,198.93,181.5475,190.23875,177.135,205.43,,,,,,205.43650000000002,207.87300000000005,210.31600000000003,212.75250000000005,202.99350000000004,200.55700000000002,198.11400000000003,0,0,0,0,0,0,0,0,0,0,0,0,0,0,0,0,0,0,0,0,0,0,,,,,,,,,,,,,,,,,,USD,1.0,stock,25.0
2026-08-21,205.58,211.07,204.7261,209.17,9612921,191.32999999999998,174.24580000000003,201.18635000000003,192.3203843674336,183.05588426283896,184.38980684682974,196.93498478302013,67.5536740247959,8.5766148507889,7.424525916971662,1.1520889338172378,1,7.775521428571425,0.5,0.05,12479353.7,12424182.55,0.7703059974972903,0.7737266384579965,93.23120769504807,92.37213253777065,3.589999999999975,1.9000000000000057,0.8539000000000101,,0,8.055464757167082,8.528947745852658,16.696562604579988,3.8168236362766916,0,,,1.8205714842038478,6.605167932317402,33.288727458102315,211.07,8.761221899585387,211.07,0,25,20,20,200.49,183.10750000000002,191.79875,178.695,209.17,,,,,,208.32203333333334,211.91796666666667,214.66593333333333,218.26186666666666,205.57406666666668,201.97813333333335,199.2301666666667,0,0,0,0,0,0,0,0,0,0,0,0,0,0,0,0,0,0,0,0,0,0,,,,,,,,,,,,,,,,,,USD,1.0,stock,25.0
