date,open,high,low,close,volume,SMA_20,SMA_50,SMA_200,EMA_20,EMA_50,EMA_100,EMA_200,RSI_14,MACD,MACD_Signal,MACD_Hist,MACD_Hist_Subiendo,ATR_14,BB_PctB,BB_Width,Vol_SMA_10,Vol_SMA_20,VolRel10,VolRel20,Stoch_K,Stoch_D,Body,Mecha_Sup,Mecha_Inf,Position_52w_Pct,RS_vs_SPY,Dist_EMA_20_pct,Dist_SMA_20_pct,Dist_SMA_50_pct,Dist_SMA_200_pct,Dist_BUY_ZONE,High_52W,Low_52W,Ret_1,Ret_5,Ret_20,Swing_High_20,Dist_EMA_20,TP_Dinamico,VWAP,ADX_14,Plus_DI,Minus_DI,Tenkan,Kijun,Senkou_A,Senkou_B,Chikou,Fib_236,Fib_382,Fib_500,Fib_618,Fib_786,Pivot_PP,Pivot_R1,Pivot_R2,Pivot_R3,Pivot_S1,Pivot_S2,Pivot_S3,Vol_Dryup,Vol_Climax,BB_Squeeze,BB_Breakout,MACD_Cross_Up,Golden_Cross,SMA20_Cross_Up,Oversold,Overbought,Trend_Up,Breakout_Vol,TP_Agotamiento,Vol_Climax_Up,MACD_Divergence,Trend_Weakness,Overextended,Exhaustion_Gap,Stoch_Extreme,Stop_Loss_Triggered,BUY_ZONE,ACC,REB,ROIC,ROE,Net_Margin,Gross_Margin,Operating_Margin,EBITDA_Margin,Current_PE,Current_PB,Current_EV_EBITDA,Current_EV_Sales,Current_FCF_Yield,Market_Cap,PE_5y_mean,PE_5y_max,PE_5y_min,PE_5y_pct,PE_5y_signal,Currency,FX_Rate,Asset_Type,Risk_Score
2025-08-22,8.92,9.2,8.91,9.19,1836610,,,,9.19,9.19,9.19,9.19,,0.0,0.0,0.0,0,,0.5,0.05,,,,,,,0.2699999999999996,0.009999999999999787,0.009999999999999787,,0,0.0,,,,0,,,,,,,0.0,,0,25,20,20,,,,,9.19,,,,,,9.1,9.29,9.389999999999999,9.579999999999998,9.0,8.81,8.71,0,0,0,0,0,0,0,0,0,0,0,0,0,0,0,0,0,0,0,0,0,0,,,,,,,,,,,,,,,,,,USD,1.0,stock,25.0
2025-08-25,9.18,9.23,9.07,9.23,1844013,,,,9.193809523809524,9.19156862745098,9.19079207920792,9.190398009950249,,0.0031908831908840085,0.0006381766381768017,0.002552706552707207,1,,0.5,0.05,,,,,,,0.05000000000000071,0.0,0.10999999999999943,,0,0.39209616674406034,,,,0,,,0.43525571273124175,,,,0.3936396125757561,,0,25,20,20,,,,,9.23,,,,,,9.176666666666668,9.283333333333335,9.336666666666668,9.443333333333335,9.123333333333335,9.016666666666667,8.963333333333335,0,0,0,0,0,0,0,0,0,0,0,0,0,0,0,0,0,0,0,0,0,0,,,,,,,,,,,,,,,,,,USD,1.0,stock,25.0
2025-08-26,9.14,9.2165,9.1,9.15,2056968,,,,9.189637188208618,9.189938485198,9.18998431526321,9.189996039701988,,-0.0007272668241320446,0.0003650879457150325,-0.001092354769847077,0,,0.5,0.05,,,,,,,0.009999999999999787,0.06649999999999956,0.040000000000000924,,0,-0.43319331375538256,,,,0,,,-0.8667388949079147,,,,-0.4313248433733234,,0,25,20,20,,,,,9.15,,,,,,9.155499999999998,9.210999999999997,9.271999999999998,9.327499999999997,9.094499999999996,9.038999999999998,8.977999999999996,0,0,0,0,0,0,0,0,0,0,0,0,0,0,0,0,0,0,0,0,0,0,,,,,,,,,,,,,,,,,,USD,1.0,stock,25.0
2025-08-27,9.1,9.245,9.08,9.23,1171743,,,,9.193481265522083,9.191509524994157,9.190776705059978,9.190394089058188,,0.00259301184586036,0.0008106727257440981,0.001782339120116262,1,,0.5,0.05,,,,,,,0.13000000000000078,0.014999999999998792,0.019999999999999574,,0,0.3956525945603212,,,,0,,,0.8743169398907069,,,,0.39722422250287587,,0,25,20,20,,,,,9.23,,,,,,9.185,9.290000000000001,9.35,9.455,9.125000000000002,9.020000000000001,8.960000000000003,0,0,0,0,0,0,0,0,0,0,0,0,0,0,0,0,0,0,0,0,0,0,,,,,,,,,,,,,,,,,,USD,1.0,stock,25.0
2025-08-28,9.24,9.33,9.1709,9.31,960811,,,,9.204578287853312,9.196156210288503,9.193137562385523,9.191584197624774,,0.011546586167410666,0.002957855414077412,0.008588730753333254,1,,0.5,0.05,,,,,,,0.07000000000000028,0.019999999999999574,0.0691000000000006,,0,1.1323492174724816,,,,0,,,0.8667388949079147,,,,1.1453182193670541,,0,25,20,20,,,,,9.31,,,,,,9.2703,9.369700000000002,9.429400000000001,9.528800000000002,9.210600000000001,9.1112,9.0515,0,0,0,0,0,0,0,0,0,0,0,0,0,0,0,0,0,0,0,0,0,0,,,,,,,,,,,,,,,,,,USD,1.0,stock,25.0
2025-08-29,9.33,9.42,9.3,9.4,1472479,,,,9.22318987948633,9.204150084394838,9.197233848278879,9.193657986703135,,0.025609396975834642,0.007488163726428859,0.01812123324940578,1,,0.5,0.05,,,,,,,0.07000000000000028,0.019999999999999574,0.02999999999999936,,0,1.880958728868828,,,,0,,,0.9667024704618665,2.2850924918389692,,,1.9170170279907213,,0,25,20,20,,,,,9.4,,,,,,9.373333333333333,9.446666666666665,9.493333333333332,9.566666666666665,9.326666666666666,9.253333333333334,9.206666666666667,0,0,0,0,0,0,0,0,0,0,0,0,0,0,0,0,0,0,0,0,0,0,,,,,,,,,,,,,,,,,,USD,1.0,stock,25.0
2025-09-02,9.37,9.41,9.2606,9.38,1693794,,,,9.238124176678108,9.21104615951661,9.200852979996128,9.195512136089175,,0.03473998211661211,0.012938527404465511,0.0218014547121466,1,,0.5,0.05,,,,,,,0.010000000000001563,0.02999999999999936,0.10939999999999905,,0,1.5125354298709281,,,,0,,,-0.21276595744680327,1.625135427952329,,,1.5357644107021466,,0,25,20,20,,,,,9.38,,,,,,9.350200000000001,9.439800000000002,9.499600000000001,9.589200000000002,9.290400000000002,9.200800000000001,9.141000000000002,0,0,0,0,0,0,0,0,0,0,0,0,0,0,0,0,0,0,0,0,0,0,,,,,,,,,,,,,,,,,,USD,1.0,stock,25.0
2025-09-03,9.3,9.37,9.05,9.05,1941958,,,,9.220207588423051,9.204730623849292,9.197865792273433,9.194064254138038,,0.015172890906489656,0.01338540010487034,0.0017874908016193153,0,,0.5,0.05,,,,,,,0.25,0.06999999999999851,0.0,,0,-1.8807468334038704,,,,0,,,-3.518123667377404,-1.0928961748633892,,,-1.8460277254143818,,0,25,20,20,,,,,9.05,,,,,,9.156666666666668,9.263333333333335,9.476666666666667,9.583333333333334,8.943333333333337,8.83666666666667,8.623333333333338,0,0,0,0,0,0,0,0,0,0,0,0,0,0,0,0,0,0,0,0,0,0,,,,,,,,,,,,,,,,,,USD,1.0,stock,25.0
2025-09-04,9.01,9.1,8.945,9.04,1458833,,,,9.203044960954188,9.198270599384614,9.194739736980889,9.192531276484923,,-0.0011280824451027627,0.01048270359487572,-0.011610786039978482,0,,0.5,0.05,,,,,,,0.02999999999999936,0.0600000000000005,0.0649999999999995,,0,-1.8035947008206685,,,,0,,,-0.11049723756907381,-2.0585048754062973,,,-1.7716414691652624,,0,25,20,20,9.165,,,,9.04,,,,,,9.028333333333334,9.111666666666668,9.183333333333334,9.266666666666667,8.956666666666669,8.873333333333335,8.80166666666667,0,0,0,0,0,0,0,0,0,0,0,0,0,0,0,0,0,0,0,0,0,0,,,,,,,,,,,,,,,,,,USD,1.0,stock,25.0
2025-09-05,8.96,9.12,8.93,9.08,1459919,,,,9.191326393244264,9.193632536663648,9.192467662981267,9.191411562291044,,-0.01069576148187501,0.006247010579525572,-0.01694277206140058,0,,0.5,0.05,1589712.8,,0.9183539316032431,,,,0.11999999999999922,0.03999999999999915,0.030000000000001137,,0,-1.2260615996064301,,,,0,,,0.4424778761062065,-2.470461868958118,,,-1.2112114017198878,,0,25,20,20,9.175,,,,9.08,,,,,,9.043333333333331,9.156666666666663,9.23333333333333,9.346666666666662,8.966666666666663,8.853333333333332,8.776666666666664,0,0,0,0,0,0,0,0,0,0,0,0,0,0,0,0,0,0,0,0,0,0,,,,,,,,,,,,,,,,,,USD,1.0,stock,25.0
2025-09-08,9.03,9.18,9.03,9.13,1554908,,,,9.185485784363857,9.191137143068994,9.191230679555895,9.190800501969742,,-0.014081313302915177,0.002181345803037423,-0.0162626591059526,1,,0.5,0.05,1561542.6,,0.9957512526395372,,,,0.10000000000000142,0.049999999999998934,0.0,,0,-0.6077303873368733,,,,0,,,0.5506607929515406,-2.872340425531905,,,-0.604059335199322,,0,25,20,20,9.175,,,,9.13,,,,,,9.113333333333335,9.19666666666667,9.263333333333335,9.346666666666671,9.04666666666667,8.963333333333335,8.89666666666667,0,0,0,0,0,0,0,0,0,0,0,0,0,0,0,0,0,0,0,0,0,0,,,,,,,,,,,,,,,,,,USD,1.0,stock,25.0
2025-09-09,9.15,9.49,9.14,9.25,2106869,,,,9.191629995376823,9.193445490399622,9.19239442847558,9.191389551701386,,-0.007000690788881769,0.00034493848465358434,-0.0073456292735353534,1,,0.5,0.05,1587828.2,,1.326887253923315,,,,0.09999999999999964,0.2400000000000002,0.009999999999999787,,0,0.631027077007314,,,,0,,,1.3143483023001057,-1.3859275053304976,,,0.6350343154863207,,0,25,20,20,9.21,,,,9.25,,,,,,9.293333333333335,9.446666666666669,9.643333333333334,9.796666666666669,9.09666666666667,8.943333333333335,8.74666666666667,0,0,0,0,0,0,0,0,0,0,0,0,0,0,0,0,0,0,0,0,0,0,,,,,,,,,,,,,,,,,,USD,1.0,stock,25.0
2025-09-10,9.26,9.45,9.2246,9.44,1635939,,,,9.215284281531412,9.203114294697677,9.197297509099826,9.193863287505351,,0.013783280591502134,0.0030326069060232943,0.01075067368547884,1,,0.5,0.05,1545725.3,,1.0583633456733872,,,,0.17999999999999972,0.009999999999999787,0.03539999999999921,,0,2.3804631193706305,,,,0,,,2.0540540540540553,4.309392265193357,,,2.438510973762861,,0,25,20,20,9.21,,,,9.44,,,,,,9.371533333333332,9.518466666666663,9.59693333333333,9.743866666666662,9.293066666666665,9.146133333333333,9.067666666666666,0,0,0,0,0,0,0,0,0,0,0,0,0,0,0,0,0,0,0,0,0,0,,,,,,,,,,,,,,,,,,USD,1.0,stock,25.0
2025-09-11,9.37,9.415,9.22,9.25,1204044,,,,9.218590540433183,9.204952949807574,9.198341122781017,9.19442186175903,52.27272727272729,0.014753249273095292,0.0053767353794376945,0.009376513893657599,0,0.20027857142857108,0.5,0.05,1548955.4,,0.7773264485213713,,58.620689655172384,,0.11999999999999922,0.04499999999999993,0.02999999999999936,,0,0.3395617250466662,,,,0,,,-2.01271186440678,2.3230088495575396,,,0.34071867525792815,,0,25,20,20,9.21,,,,9.25,,,,,,9.295,9.37,9.489999999999998,9.564999999999998,9.175,9.100000000000001,8.980000000000002,0,0,0,0,0,0,0,0,0,0,0,0,0,0,0,0,0,0,0,0,0,0,,,,,,,,,,,,,,,,,,USD,1.0,stock,25.0
2025-09-12,9.25,9.305,9.13,9.14,1262914,,,,9.211105727058595,9.202405775305317,9.197185853022976,9.193880350696752,48.25174825174829,0.006570139274080233,0.005615416158366203,0.0009547231157140306,0,0.19206428571428535,0.5,0.05,1579165.7,,0.7997349486504172,,37.50000000000012,,0.10999999999999943,0.054999999999999716,0.009999999999999787,,0,-0.7779620028292556,,,,0,,,-1.1891891891891881,0.6607929515418665,,,-0.7719564747771095,,0,25,20,20,9.21,,,,9.14,,,,,,9.191666666666668,9.253333333333336,9.366666666666667,9.428333333333335,9.078333333333337,9.01666666666667,8.903333333333338,0,0,0,0,0,0,0,0,0,0,0,0,0,0,0,0,0,0,0,0,0,0,,,,,,,,,,,,,,,,,,USD,1.0,stock,25.0
2025-09-15,9.18,9.255,9.135,9.23,1234639,,,,9.212905181624443,9.203487901763932,9.19783563811163,9.194239750192306,50.0,0.007263484553780231,0.005945029837449009,0.001318454716331222,1,0.18920714285714255,0.5,0.05,1555381.7,,0.7937852168377705,,53.57142857142865,49.89737274220039,0.05000000000000071,0.025000000000000355,0.04499999999999993,,0,0.1852092998435288,,,,0,,,0.9846827133479286,1.0952902519167473,,,0.1855529611837762,,0,25,20,20,9.21,,,,9.23,,,,,,9.206666666666667,9.278333333333334,9.326666666666668,9.398333333333335,9.158333333333333,9.086666666666666,9.038333333333332,0,0,0,0,0,0,0,0,0,0,0,0,0,0,0,0,0,0,0,0,0,0,,,,,,,,,,,,,,,,,,USD,1.0,stock,25.0
2025-09-16,9.25,9.4,9.235,9.38,1430373,,,,9.228818973850686,9.210409944832012,9.201442853198529,9.196088110886912,57.41935483870969,0.019689741003073635,0.008693972070573933,0.010995768932499702,1,0.19206428571428535,0.5,0.05,1529039.6,,0.935471520816073,,80.35714285714297,57.142857142857245,0.13000000000000078,0.019999999999999574,0.015000000000000568,,0,1.611738018649413,,,,0,,,1.625135427952329,1.4054054054054133,,,1.6381405527367852,,0,25,20,20,9.21,,,,9.38,,,,,,9.338333333333333,9.441666666666666,9.503333333333334,9.606666666666667,9.276666666666666,9.173333333333332,9.111666666666665,0,0,0,0,0,0,0,0,0,0,0,0,0,0,0,0,0,0,0,0,0,0,,,,,,,,,,,,,,,,,,USD,1.0,stock,25.0
2025-09-17,9.35,9.435,9.29,9.32,1706840,,,,9.237502881103001,9.214707594054286,9.203790519471825,9.19732106500744,52.941176470588225,0.02441470271117474,0.011838118198694096,0.012576584512480645,1,0.19063571428571408,0.5,0.05,1505527.8,,1.1337153654685088,,69.64285714285718,67.85714285714293,0.02999999999999936,0.08500000000000085,0.030000000000001137,,0,0.8851622199248815,,,,0,,,-0.6396588486140775,-1.2711864406779627,,,0.8930673143903627,,0,25,20,20,9.21,,,,9.32,,,,,,9.348333333333334,9.40666666666667,9.493333333333336,9.551666666666671,9.261666666666668,9.203333333333333,9.116666666666667,0,0,0,0,0,0,0,0,0,0,0,0,0,0,0,0,0,0,0,0,0,0,,,,,,,,,,,,,,,,,,USD,1.0,stock,25.0
2025-09-18,9.3,9.34,9.01,9.01,2377023,,,,9.215835940045572,9.206679845267843,9.19995308344268,9.195457173813338,41.47727272727272,0.0031090208276491893,0.010092298724485116,-0.006983277896835926,0,0.2028428571428569,0.5,0.05,1597346.8,,1.488107028479977,,14.285714285714286,54.761904761904816,0.2900000000000009,0.03999999999999915,0.0,,0,-2.2845276364658433,,,,0,,,-3.3261802575107358,-2.5945945945946014,,,-2.233502651139367,,0,25,20,20,9.25,,,,9.01,,,,,,9.12,9.229999999999999,9.45,9.559999999999999,8.899999999999999,8.79,8.569999999999999,0,0,0,0,0,0,0,0,0,0,0,0,0,0,0,0,0,0,0,0,0,0,,,,,,,,,,,,,,,,,,USD,1.0,stock,25.0
2025-09-19,9.02,9.02,8.84,8.88,2777296,9.2045,,,9.183851564803136,9.193868870943612,9.193617378820052,9.192318296461963,35.55555555555557,-0.0239892657856835,0.003275985822451392,-0.027265251608134894,0,0.20712857142857125,0.5,0.05,1729084.5,1659398.65,1.6062234089774097,1.6736761838392482,6.153846153846293,30.027472527472586,0.1399999999999988,0.0,0.040000000000000924,,0,-3.4217518558911677,-3.654279279279264,,,0,,,-1.442841287458374,-2.844638949671774,,9.49,-3.3085417665899417,9.49,0,25,20,20,9.165,,,,8.88,,,,,,8.913333333333334,8.986666666666668,9.093333333333334,9.166666666666668,8.806666666666668,8.733333333333334,8.626666666666669,0,0,0,0,0,0,0,0,0,0,0,0,0,0,0,0,0,0,0,0,0,0,,,,,,,,,,,,,,,,,,USD,1.0,stock,25.0
2025-09-22,8.92,9.06,8.89,9.01,1723564,9.1955,,,9.167294272917124,9.18665832698504,9.189981391120645,9.190504184059357,40.31413612565442,-0.034576364804269843,-0.004294484302892856,-0.030281880501376986,0,0.2093142857142855,0.5,0.05,1745950.1,1653746.35,0.9871782704442698,1.0422178709570544,26.15384615384613,15.53113553113557,0.08999999999999986,0.05000000000000071,0.02999999999999936,,0,-1.745774394196713,-2.0588235294117574,,,0,,,1.4639639639639546,-2.3835319609967542,-1.9586507072905324,9.49,-1.71582004716285,9.49,0,25,20,20,9.145,,,,9.01,,,,,,8.986666666666666,9.083333333333332,9.156666666666666,9.253333333333332,8.913333333333332,8.816666666666666,8.743333333333332,0,0,0,0,0,0,0,0,0,0,0,0,0,0,0,0,0,0,0,0,0,0,,,,,,,,,,,,,,,,,,USD,1.0,stock,25.0
2025-09-23,9.1,9.43,9.1,9.39,2371466,9.203500000000002,,,9.188504342163112,9.19463251024053,9.193942155652909,9.192489217053792,58.6734693877551,-0.01216367754185832,-0.005868322950685949,-0.006295354591172371,1,0.21574285714285693,0.5,0.05,1772409.8,1680119.0,1.3379896680778902,1.4114869244380903,84.61538461538468,38.974358974359035,0.2900000000000009,0.03999999999999915,0.0,,0,2.1458536510850745,1.9861554845580272,,,0,,,4.217536071032191,0.10660980810235365,1.7334777898158293,9.49,2.1929102967529683,9.49,0,25,20,20,9.1375,,,,9.39,,,,,,9.306666666666667,9.513333333333334,9.636666666666667,9.843333333333334,9.183333333333334,8.976666666666667,8.853333333333333,0,0,0,0,0,0,0,0,0,0,0,0,0,0,0,0,0,0,0,0,0,0,,,,,,,,,,,,,,,,,,USD,1.0,stock,25.0
2025-09-24,9.41,9.635,9.41,9.63,2628706,9.227500000000001,,,9.230551547671386,9.211705745133058,9.202576964451861,9.196842558177636,63.470319634703245,0.024680036724040733,0.00024134898425938727,0.024438687739781344,1,0.22217142857142833,0.5,0.05,1871686.5,1708705.9,1.4044584923810692,1.5384192212363754,99.37106918239006,70.04676665054029,0.22000000000000064,0.004999999999999005,0.0,,0,4.147959006527674,4.1796469366562805,,,0,,,2.5559105431310014,3.3261802575107247,5.245901639344264,9.635,4.327460285180736,9.635,0,25,20,20,9.2375,,,,9.63,,,,,,9.558333333333335,9.70666666666667,9.783333333333335,9.93166666666667,9.481666666666671,9.333333333333336,9.256666666666671,0,0,0,0,0,0,0,0,0,0,0,0,0,0,0,0,0,0,0,0,0,0,,,,,,,,,,,,,,,,,,USD,1.0,stock,25.0
2025-09-25,9.65,9.67,9.52,9.53,2087202,9.2425,,,9.259070447893158,9.224187872774898,9.20906058891816,9.200157557598754,59.999999999999986,0.045287732667702585,0.009250625720948027,0.036037106946754556,1,0.21931428571428555,0.5,0.05,1960002.3,1754478.85,1.0648977299669495,1.189642154990925,83.13253012048185,89.03966130608553,0.120000000000001,0.019999999999999574,0.009999999999999787,,0,2.842912404059191,3.016789087093386,,,0,,,-1.0384215991692813,5.771365149833518,3.250270855904658,9.67,2.9260988306713784,9.67,0,25,20,20,9.254999999999999,,,,9.53,,,,,,9.573333333333332,9.626666666666665,9.723333333333333,9.776666666666666,9.476666666666665,9.423333333333332,9.326666666666664,0,0,0,0,0,0,0,0,0,0,0,0,0,0,0,0,0,0,0,0,0,0,,,,,,,,,,,,,,,,,,USD,1.0,stock,25.0
2025-09-26,9.51,9.57,9.4,9.41,1845903,9.247499999999999,,,9.273444690950953,9.231474622862157,9.213039587157404,9.20224554210026,56.034482758620676,0.05134461430256465,0.017669423437271355,0.033675190865293296,0,0.22074285714285694,0.5,0.05,2018301.2,1798733.45,0.9145825211816749,1.0262237576112236,68.67469879518075,83.72609936601755,0.09999999999999964,0.0600000000000005,0.009999999999999787,,0,1.4511722534436473,1.7268862911796115,,,0,,,-1.2591815320041944,5.9684684684684575,1.074113856068748,9.67,1.4725413651552608,9.67,0,25,20,20,9.254999999999999,,,,9.41,,,,,,9.459999999999999,9.519999999999998,9.629999999999999,9.689999999999998,9.349999999999998,9.29,9.179999999999998,0,0,0,0,0,0,0,0,0,0,0,0,0,0,0,0,0,0,0,0,0,0,,,,,,,,,,,,,,,,,,USD,1.0,stock,25.0
2025-09-29,9.19,9.298,9.1519,9.18,2093058,9.236500000000001,,,9.264545196574671,9.229456010200895,9.212385337906762,9.202024193422645,48.559670781893004,0.03715733222956352,0.02156700519572979,0.015590327033833732,0,0.2134642857142856,0.5,0.05,2104143.1,1829762.4,0.9947317746592425,1.1438960599474555,40.96385542168672,64.25702811244977,0.009999999999999787,0.10800000000000054,0.028100000000000236,,0,-0.9209716402469665,-0.6154684095860735,,,0,,,-2.444208289054206,1.8867924528301883,-2.3404255319149025,9.67,-0.9125671555461777,9.67,0,25,20,20,9.254999999999999,9.254999999999999,9.254999999999999,,9.18,,,,,,9.209966666666666,9.268033333333333,9.356066666666667,9.414133333333334,9.121933333333333,9.063866666666666,8.975833333333332,0,0,0,0,0,0,0,0,0,0,0,0,0,0,0,0,0,0,0,0,0,0,,,,,,,,,,,,,,,,,,USD,1.0,stock,25.0
2025-09-30,9.12,9.25,9.075,9.21,1907375,9.228,,,9.259350415948512,9.228693029408703,9.212338103492765,9.20210355468212,44.93392070484585,0.02801165730365618,0.022855935617315068,0.005155721686341111,0,0.20986428571428575,0.5,0.05,2151843.3,1840441.45,0.8863912163120801,1.0363682039436788,44.57831325301216,51.40562248995988,0.09000000000000163,0.03999999999999915,0.04499999999999993,,0,-0.5358351351629927,-0.19543973941366888,,,0,,,0.3267973856209361,-1.9169329073482344,-1.8123667377398678,9.67,-0.5329792451045958,9.67,0,25,20,20,9.254999999999999,9.254999999999999,9.254999999999999,,9.21,,,,,,9.178333333333333,9.281666666666666,9.353333333333333,9.456666666666667,9.106666666666666,9.003333333333332,8.931666666666665,0,0,0,0,0,0,0,0,0,0,0,0,0,0,0,0,0,0,0,0,0,0,,,,,,,,,,,,,,,,,,USD,1.0,stock,25.0
2025-10-01,9.29,9.33,9.2,9.21,1313783,9.236,,,9.254650376334368,9.227959969431891,9.2122918044137,9.202182126277323,49.03846153846156,0.0205270213098121,0.022390152755814477,-0.001863131446002378,0,0.20343571428571444,0.5,0.05,2112537.6,1809032.7,0.6218980433768374,0.7262350757949262,44.57831325301216,43.37349397590369,0.0799999999999983,0.040000000000000924,0.010000000000001563,,0,-0.48480321752841554,-0.2823018458197589,,,0,,,0.0,-4.361370716510904,1.7679558011049812,9.67,-0.48246421548830504,9.67,0,25,20,20,9.254999999999999,9.254999999999999,9.254999999999999,,9.21,,,,,,9.246666666666668,9.293333333333337,9.376666666666669,9.423333333333337,9.163333333333336,9.116666666666667,9.033333333333335,0,0,0,0,0,0,0,0,0,0,0,0,0,0,0,0,0,0,0,0,0,0,,,,,,,,,,,,,,,,,,USD,1.0,stock,25.0
2025-10-02,9.21,9.24,8.93,9.07,2410739,9.2375,,,9.237064626207285,9.221765460826719,9.20947414492036,9.200866881239739,48.34123222748814,0.0032609729236412477,0.018564316789379833,-0.015303343865738585,0,0.2130785714285717,0.5,0.05,2115909.2,1856628.0,1.1393395330952765,1.2984502011172943,27.710843373494026,38.955823293172784,0.14000000000000057,0.02999999999999936,0.14000000000000057,,0,-1.841947367224752,-1.8467475192943819,,,0,,,-1.5200868621064068,-4.826862539349408,0.33185840707965486,9.67,-1.8086332938852818,9.67,0,25,20,20,9.280000000000001,9.254999999999999,9.2675,,9.07,,,,,,9.08,9.23,9.39,9.540000000000001,8.92,8.77,8.61,0,0,0,0,0,0,0,0,0,0,0,0,0,0,0,0,0,0,0,0,0,0,,,,,,,,,,,,,,,,,,USD,1.0,stock,25.0
2025-10-03,9.14,9.18,9.09,9.12,988715,9.2395,,,9.225915614187544,9.217774658441357,9.207702379674412,9.200062235655263,47.3429951690821,-0.006315115959241169,0.013588430239655634,-0.019903546198896803,0,0.21236428571428587,0.5,0.05,1937051.1,1833067.8,0.5104227761466902,0.5393772123431549,33.73493975903607,35.341365461847424,0.02000000000000135,0.03999999999999915,0.02999999999999936,,0,-1.1613554187230792,-1.3103070175438638,,,0,,,0.5512679162072542,-3.0818278427205192,0.4405286343612147,9.67,-1.148022793799117,9.67,0,25,20,20,9.3,9.254999999999999,9.2775,,9.12,,,,,,9.13,9.170000000000002,9.22,9.260000000000002,9.080000000000002,9.040000000000001,8.990000000000002,0,0,0,0,0,0,0,0,0,0,0,0,0,0,0,0,0,0,0,0,0,0,,,,,,,,,,,,,,,,,,USD,1.0,stock,25.0
2025-10-06,9.14,9.18,9.08,9.16,1391182,9.241000000000001,,,9.219637936645873,9.215508985561303,9.206757778096701,9.199663606444764,44.38775510204081,-0.010554899375071258,0.008759764316710255,-0.019314663691781513,1,0.20736428571428586,0.5,0.05,1903812.9,1824881.5,0.7307346220839244,0.7623410067996196,38.55421686746991,33.333333333333336,0.019999999999999574,0.019999999999999574,0.0600000000000005,,0,-0.6510691773566851,-0.884279475982547,,,0,,,0.43859649122808264,-0.2178649237472685,0.3285870755750153,9.67,-0.6468576863395656,9.67,0,25,20,20,9.3,9.254999999999999,9.2775,,9.16,,,,,,9.139999999999999,9.199999999999998,9.239999999999998,9.299999999999997,9.099999999999998,9.04,8.999999999999998,0,0,0,0,0,0,0,0,0,0,0,0,0,0,0,0,0,0,0,0,0,0,,,,,,,,,,,,,,,,,,USD,1.0,stock,25.0
2025-10-07,9.11,9.14,9.02,9.04,2333875,9.230500000000001,,,9.202529561727218,9.208626280245173,9.203455643876964,9.198074913843325,43.06930693069306,-0.023329032827641427,0.0023420048878399187,-0.025671037715481345,0,0.20700714285714295,0.5,0.05,1900053.8,1836231.8,1.228320482293712,1.2710132783889267,24.096385542168587,32.12851405622486,0.07000000000000028,0.030000000000001137,0.019999999999999574,,0,-1.7978933819382596,-2.1073008849557735,,,0,,,-1.310043668122285,-1.8458197611292304,-2.2702702702702804,9.67,-1.7661400665657148,9.67,0,25,20,20,9.3,9.254999999999999,9.2775,,9.04,,,,,,9.066666666666666,9.113333333333333,9.186666666666667,9.233333333333334,8.993333333333332,8.946666666666665,8.873333333333331,0,0,0,0,0,0,0,0,0,0,0,0,0,0,0,0,0,0,0,0,0,0,,,,,,,,,,,,,,,,,,USD,1.0,stock,25.0
2025-10-08,9.06,9.16,8.96,9.02,1598743,9.2095,,,9.185145793943674,9.201229171215951,9.199822858849696,9.196303024153341,50.28901734104046,-0.03466684071409887,-0.005059764232547839,-0.029607076481551028,0,0.1977214285714286,0.5,0.05,1797057.5,1834372.0,0.8896448778071931,0.8715478648823685,21.68674698795177,28.112449799196757,0.040000000000000924,0.09999999999999964,0.05999999999999872,,0,-1.8308846335218874,-2.1008869179600964,,,0,,,-0.22123893805309214,-2.0629750271444203,-4.449152542372881,9.67,-1.7979659512053139,9.67,0,25,20,20,9.25,9.254999999999999,9.2525,,9.02,,,,,,9.046666666666667,9.133333333333333,9.246666666666666,9.333333333333332,8.933333333333334,8.846666666666668,8.733333333333334,0,0,0,0,0,0,0,0,0,0,0,0,0,0,0,0,0,0,0,0,0,0,,,,,,,,,,,,,,,,,,USD,1.0,stock,25.0
2025-10-09,9.05,9.12,8.965,8.98,1166964,9.196000000000002,,,9.165608099282371,9.192553517442777,9.195469930951681,9.194150755256294,53.04878048780486,-0.04634555810988239,-0.01331692300801475,-0.03302863510186764,0,0.1959357142857143,0.5,0.05,1705033.7,1832518.0,0.684422835748056,0.6368090245225422,11.53846153846153,19.107198022860633,0.07000000000000028,0.06999999999999851,0.015000000000000568,,0,-2.0669053372201667,-2.4053452115813037,,,0,,,-0.44345898004433115,-0.9922822491730932,-2.9189189189189113,9.67,-2.0250494814076037,9.67,0,25,20,20,9.129999999999999,9.254999999999999,9.192499999999999,,8.98,,,,,,9.021666666666667,9.078333333333333,9.176666666666666,9.233333333333333,8.923333333333334,8.866666666666667,8.768333333333334,0,0,0,0,0,0,0,0,0,0,0,0,0,0,0,0,0,0,0,0,0,0,,,,,,,,,,,,,,,,,,USD,1.0,stock,25.0
2025-10-10,8.9,8.96,8.72,8.78,2681614,9.178,,,9.128883518398336,9.176374948131295,9.187242803606102,9.190029852218917,43.27485380116959,-0.07092181181757518,-0.024837900769926837,-0.046083911047648335,0,0.20165000000000002,0.5,0.05,1788604.8,1903453.0,1.4992769783464743,1.4088154527587495,6.315789473684081,13.18033266669913,0.120000000000001,0.0600000000000005,0.05999999999999872,,0,-3.973616382668981,-4.533029612756281,,,0,,,-2.2271714922049157,-3.7280701754385914,-3.938730853391703,9.67,-3.821754518996735,9.67,0,25,20,20,9.025,9.195,9.11,,8.78,,,,,,8.82,8.92,9.06,9.16,8.68,8.58,8.44,0,0,0,0,0,0,0,0,0,0,0,0,0,0,0,0,0,0,0,0,0,0,,,,,,,,,,,,,,,,,,USD,1.0,stock,25.0
2025-10-13,8.9,9.11,8.85,9.09,1282611,9.171000000000001,,,9.125180326169922,9.172987695263402,9.185317203534694,9.18903453030629,40.853658536585364,-0.06463914094106649,-0.03279814880415477,-0.03184099213691172,1,0.1952214285714286,0.5,0.05,1707560.1,1905851.6,0.7511366657021324,0.6729857665728013,38.94736842105258,18.9338731443994,0.1899999999999995,0.019999999999999574,0.05000000000000071,,0,-0.3870222900981488,-0.8910891089109054,,,0,,,3.530751708428248,-0.7641921397379958,-1.5167930660888507,9.67,-0.3855302022802637,9.67,0,25,20,20,9.025,9.195,9.11,,9.09,,,,,,9.016666666666667,9.183333333333335,9.276666666666667,9.443333333333335,8.923333333333336,8.756666666666668,8.663333333333336,0,0,0,0,0,0,0,0,0,0,0,0,0,0,0,0,0,0,0,0,0,0,,,,,,,,,,,,,,,,,,USD,1.0,stock,25.0
2025-10-14,8.95,9.01,8.78,8.79,2762400,9.1415,,,9.093258390344214,9.157968569958953,9.177489140098364,9.185064037467424,25.29411764705884,-0.08291181599860487,-0.0428208822430448,-0.04009093375556007,0,0.19986428571428583,0.5,0.05,1793062.6,1972452.95,1.5406043269208782,1.400489679614411,7.368421052631428,17.543859649122698,0.16000000000000014,0.0600000000000005,0.009999999999999787,,0,-3.450038570468888,-3.9988623435722586,,,0,,,-3.300330033003307,-2.765486725663713,-6.289978678038399,9.67,-3.334980458338606,9.67,0,25,20,20,8.98,9.195,9.0875,,8.79,,,,,,8.86,8.94,9.09,9.17,8.709999999999999,8.629999999999999,8.479999999999999,0,0,0,0,0,0,0,0,0,0,0,0,0,0,0,0,0,0,0,0,0,0,,,,,,,,,,,,,,,,,,USD,1.0,stock,27.0
2025-10-15,8.88,8.96,8.83,8.93,1506983,9.122,,,9.077709972216194,9.149028626038994,9.172588365046911,9.182526086845858,32.75862068965522,-0.08511505923743101,-0.051279717641922046,-0.033835341595508966,1,0.20129285714285736,0.5,0.05,1812382.6,1962460.1,0.8314927543444744,0.7679050391903509,24.705882352941078,23.67389060887503,0.049999999999998934,0.030000000000001137,0.05000000000000071,,0,-1.6540870348957954,-2.150055991041435,,,0,,,1.5927189988623525,-0.9977827050997812,-4.184549356223178,9.67,-1.6271721906547454,9.67,0,25,20,20,8.95,9.195,9.0725,,8.93,,,,,,8.906666666666666,8.983333333333333,9.036666666666667,9.113333333333333,8.853333333333332,8.776666666666666,8.723333333333331,0,0,0,0,0,0,0,0,0,0,0,0,0,0,0,0,0,0,0,0,0,0,,,,,,,,,,,,,,,,,,USD,1.0,stock,25.0
2025-10-16,9.0,9.0084,8.9,8.99,1898322,9.120999999999999,,,9.069356641528938,9.142792209331581,9.168972753857863,9.18061040438968,37.500000000000036,-0.08108494998879223,-0.05724076411129608,-0.02384418587749615,1,0.19689285714285734,0.5,0.05,1761140.9,1938525.05,1.0778933133629456,0.9792610108391429,44.26229508196718,25.4455328291799,0.009999999999999787,0.008399999999999963,0.08999999999999986,,0,-0.8827212628357873,-1.4571746384871906,,,0,,,0.6718924972004547,0.11135857461024301,-0.221975582685896,9.67,-0.8749974740827827,9.67,0,25,20,20,8.95,9.195,9.0725,,8.99,,,,,,8.966133333333334,9.032266666666667,9.074533333333333,9.140666666666666,8.923866666666667,8.857733333333334,8.815466666666667,0,0,0,0,0,0,0,0,0,0,0,0,0,0,0,0,0,0,0,0,0,0,,,,,,,,,,,,,,,,,,USD,1.0,stock,25.0
2025-10-17,8.99,9.125,8.975,9.04,1749980,9.129000000000001,,,9.066560770907133,9.138761142298971,9.166418837939887,9.179211295888292,45.33333333333333,-0.07301480798500037,-0.06039557288603695,-0.012619235098963427,1,0.18917142857142874,0.5,0.05,1837267.4,1887159.25,0.9524906390871575,0.9273091287870909,52.459016393442425,40.475731276116896,0.049999999999998934,0.08500000000000085,0.015000000000000568,,0,-0.2938138374682921,-0.9845132743363075,,,0,,,0.5561735261401468,2.9612756264236983,1.8018018018017834,9.67,-0.29295310072108116,9.67,0,25,20,20,8.940000000000001,9.195,9.0675,,9.04,,,,,,9.046666666666667,9.118333333333334,9.196666666666667,9.268333333333334,8.968333333333334,8.896666666666667,8.818333333333333,0,0,0,0,0,0,0,0,0,0,0,0,0,0,0,0,0,0,0,0,0,0,,,,,,,,,,,,,,,,,,USD,1.0,stock,25.0
2025-10-20,8.9,8.96,8.73,8.74,2360015,9.1155,,,9.035459745106452,9.123123450444108,9.157974900554937,9.174841034237664,36.723163841807896,-0.08979159350356802,-0.06627477700954316,-0.02351681649402486,0,0.19881428571428575,0.5,0.05,1934150.7,1918981.8,1.2201815504862161,1.229826671623462,3.278688524590097,33.333333333333236,0.16000000000000014,0.0600000000000005,0.009999999999999787,,0,-3.38054628268252,-4.2963386727688855,,,0,,,-3.3185840707964487,-3.850385038503845,-2.9966703662597016,9.67,-3.270002340129636,9.67,0,25,20,20,8.940000000000001,9.195,9.0675,,8.74,,,,,,8.81,8.89,9.040000000000001,9.120000000000001,8.66,8.58,8.43,0,0,0,0,0,0,0,0,0,0,0,0,0,0,0,0,0,0,0,0,0,0,,,,,,,,,,,,,,,,,,USD,1.0,stock,25.0
2025-10-21,8.79,8.8232,8.59,8.61,2506993,9.0765,,,8.994939769382029,9.103000962191398,9.147123912425135,9.16922072543928,34.21052631578945,-0.11228290302947208,-0.07547640221352896,-0.036806500815943125,0,0.20618571428571425,0.5,0.05,1951462.5,1925758.15,1.2846739304495987,1.3018213112586334,3.0769230769230096,19.604875998318512,0.17999999999999972,0.033200000000000784,0.019999999999999574,,0,-4.470845172845869,-5.418118466898954,,,0,,,-1.4874141876430325,-2.0477815699658675,-8.306709265175726,9.67,-4.279514696611198,9.67,0,25,20,20,8.8575,9.129999999999999,8.993749999999999,,8.61,,,,,,8.6744,8.7588,8.9076,8.992,8.5256,8.4412,8.2924,0,0,0,0,0,0,0,0,0,0,0,0,0,0,0,0,0,0,0,0,0,0,,,,,,,,,,,,,,,,,,USD,1.0,stock,25.0
2025-10-22,8.63,8.76,8.57,8.75,2751854,9.0325,,,8.971612172298027,9.0891577872035,9.139260072575134,9.165049374937396,41.578947368421055,-0.11745663097108405,-0.08387244796503998,-0.03358418300604407,1,0.1976142857142856,0.5,0.05,2066773.6,1931915.55,1.3314733650555628,1.424417335426489,29.508196721311457,11.954602774274855,0.11999999999999922,0.009999999999999787,0.0600000000000005,,0,-2.532710540548879,-3.228571428571436,,,0,,,1.6260162601626105,-2.015677491601342,-9.138110072689521,9.67,-2.470148820992361,9.67,0,25,20,20,8.8475,9.120000000000001,8.98375,,8.75,,,,,,8.693333333333333,8.816666666666666,8.883333333333333,9.006666666666666,8.626666666666667,8.503333333333334,8.436666666666667,0,0,0,0,0,0,0,0,0,0,0,0,0,0,0,0,0,0,0,0,0,0,,,,,,,,,,,,,,,,,,USD,1.0,stock,25.0
2025-10-23,8.99,9.16,8.92,9.15,2201268,9.0135,,,8.988601489222026,9.091543756332776,9.13947274440533,9.164899629913144,50.66666666666669,-0.08826275250971172,-0.08475050887397434,-0.0035122436357373776,1,0.2190428571428571,0.5,0.05,2170204.0,1937618.85,1.0143138617383436,1.1360686339317971,95.08196721311485,42.55569567044977,0.16000000000000014,0.009999999999999787,0.07000000000000028,,0,1.7639181505789587,1.491803278688523,,,0,,,4.571428571428582,1.7797552836485098,-3.9874081846799525,9.57,1.7955909044527458,9.57,0,25,20,20,8.865,9.120000000000001,8.9925,,9.15,,,,,,9.076666666666666,9.233333333333333,9.316666666666666,9.473333333333333,8.993333333333332,8.836666666666666,8.753333333333332,0,0,0,0,0,0,0,0,0,0,0,0,0,0,0,0,0,0,0,0,0,0,,,,,,,,,,,,,,,,,,USD,1.0,stock,25.0
2025-10-24,9.19,9.3005,9.14,9.14,2150247,9.0,,,9.003020395010404,9.093444001182473,9.139483185110175,9.16465187240157,49.54954954954956,-0.06518193317377019,-0.08083679373393352,0.015654860560163325,1,0.22336428571428563,0.5,0.05,2117067.3,1952836.05,1.0156724824005359,1.1010893618027995,78.02874743326501,67.53963712256378,0.049999999999998934,0.11050000000000004,0.0,,0,1.4986827679386912,1.5317286652078836,,,0,,,-0.10928961748634114,1.106194690265494,-2.8692879914984037,9.33,1.5214850014725316,9.33,0,25,20,20,8.93525,9.120000000000001,9.027625,,9.14,,,,,,9.1935,9.247,9.354,9.407499999999999,9.086500000000001,9.033000000000001,8.926000000000002,0,0,0,0,0,0,0,0,0,0,0,0,0,0,0,0,0,0,0,0,0,0,,,,,,,,,,,,,,,,,,USD,1.0,stock,25.0
2025-10-27,9.2,9.32,9.12,9.31,1841317,9.006499999999999,,,9.032256547866556,9.101936393292965,9.142859755702053,9.166098122427426,55.947136563876676,-0.032794602546763585,-0.07122835549649954,0.03843375294973596,1,0.22764999999999994,0.5,0.05,2172937.9,1940249.0,0.8473859285164109,0.9490106682183576,98.6666666666667,90.59246043768219,0.11000000000000121,0.009999999999999787,0.08000000000000007,,0,2.983280903688985,3.259935553168651,,,0,,,1.8599562363238453,6.521739130434789,1.4161220043573008,9.33,3.0750173078182583,9.33,0,25,20,20,8.945,9.120000000000001,9.0325,,9.31,,,,,,9.25,9.38,9.450000000000001,9.580000000000002,9.18,9.049999999999999,8.979999999999999,0,0,0,0,0,0,0,0,0,0,0,0,0,0,0,0,0,0,0,0,0,0,,,,,,,,,,,,,,,,,,USD,1.0,stock,25.0
2025-10-28,9.3,9.31,9.205,9.22,1377473,9.007,,,9.050136876641169,9.106566338654025,9.144387285292112,9.166634459517702,54.2735042735043,-0.014225672824217384,-0.05982781896204312,0.04560214613782573,1,0.22086428571428574,0.5,0.05,2034445.2,1913753.9,0.6770754995022722,0.7197754110390057,86.6666666666667,87.7873602555328,0.08000000000000007,0.009999999999999787,0.015000000000000568,,0,1.8423332251500206,2.310195227765737,,,0,,,-0.9667024704618665,7.08478513356563,0.10857763300760048,9.33,1.8769122022591356,9.33,0,25,20,20,8.945,9.120000000000001,9.0325,,9.22,,,,,,9.245,9.284999999999998,9.35,9.389999999999999,9.179999999999998,9.139999999999999,9.074999999999998,0,0,0,0,0,0,0,0,0,0,0,0,0,0,0,0,0,0,0,0,0,0,,,,,,,,,,,,,,,,,,USD,1.0,stock,25.0
2025-10-29,9.29,9.42,9.235,9.3,1928278,9.011500000000002,,,9.073933364580105,9.1141519724323,9.147468725187316,9.167961479821008,56.72268907563025,0.0068665162498486865,-0.046488951919664755,0.05335546816951344,1,0.22407857142857143,0.5,0.05,2076574.7,1944478.65,0.9285859063967216,0.9916683837078901,85.88235294117656,90.40522875816998,0.010000000000001563,0.11999999999999922,0.054999999999999716,,0,2.4308240367730716,3.1021505376343983,,,0,,,0.8676789587852562,6.2857142857142945,0.9771986970684043,9.42,2.4913852277375295,9.42,0,25,20,20,8.995000000000001,9.120000000000001,9.057500000000001,,9.3,,,,,,9.318333333333333,9.401666666666667,9.503333333333334,9.586666666666668,9.216666666666667,9.133333333333333,9.031666666666666,0,0,0,0,0,0,0,0,0,0,0,0,0,0,0,0,0,0,0,0,0,0,,,,,,,,,,,,,,,,,,USD,1.0,stock,25.0
2025-10-30,9.2,9.34,9.15,9.25,1416399,9.0205,,,9.090701615572476,9.119479346062406,9.149499047460834,9.168777783504382,60.53811659192825,0.019324880723834426,-0.03332618539096492,0.05265106611479935,0,0.21907857142857143,0.5,0.05,2028382.4,1894761.65,0.6982899279741335,0.7475341291607839,80.0,84.18300653594775,0.05000000000000071,0.08999999999999986,0.049999999999998934,,0,1.7221446965137752,2.481081081081079,,,0,,,-0.5376344086021612,1.0928961748633892,1.9845644983461863,9.42,1.752322220703452,9.42,0,25,20,20,8.995000000000001,9.120000000000001,9.057500000000001,,9.25,,,,,,9.246666666666668,9.343333333333335,9.436666666666667,9.533333333333335,9.153333333333336,9.056666666666668,8.963333333333336,0,0,0,0,0,0,0,0,0,0,0,0,0,0,0,0,0,0,0,0,0,0,,,,,,,,,,,,,,,,,,USD,1.0,stock,25.0
2025-10-31,9.3,9.37,9.26,9.32,1477668,9.0305,9.1492,,9.112539556946526,9.127342901118782,9.152875303946757,9.17028248217598,55.77889447236181,0.03444952661400791,-0.019771042989970355,0.054220569603978266,1,0.20407857142857136,0.5,0.05,2001151.2,1919209.3,0.7384089717958343,0.769935827218011,88.2352941176471,84.70588235294123,0.019999999999999574,0.049999999999998934,0.040000000000000924,,0,2.225970419028692,3.106223175965668,1.8326180257510711,,0,,,0.756756756756749,1.969365426695835,2.192982456140369,9.42,2.2766479284616783,9.42,0,25,20,20,8.995000000000001,9.07,9.0325,,9.32,,,,,,9.316666666666666,9.373333333333333,9.426666666666666,9.483333333333333,9.263333333333334,9.206666666666667,9.153333333333334,0,0,0,0,0,0,0,0,0,0,0,0,0,0,0,0,0,0,0,0,0,0,,,,,,,,,,,,,,,,,,USD,1.0,stock,25.0
2025-11-03,9.32,9.46,9.2552,9.44,1552617,9.0445,9.154200000000001,,9.143726265808763,9.139603963820008,9.158560941492366,9.172966238572238,67.95580110497238,0.05547938277737252,-0.004720957836501779,0.060200340613874304,1,0.19656428571428566,0.5,0.05,1920411.4,1927281.05,0.8084814535052229,0.805599681478734,97.75280898876389,88.66270103547033,0.11999999999999922,0.02000000000000135,0.06479999999999997,,0,3.138492946941069,4.1896186440677985,3.0275423728813378,,0,,,1.2875536480686511,1.396348012889348,3.056768558951961,9.46,3.2401859545937697,9.46,0,25,20,20,9.015,9.015,9.015,,9.44,,,,,,9.385066666666667,9.514933333333333,9.589866666666667,9.719733333333334,9.310133333333333,9.180266666666666,9.105333333333332,0,0,0,0,0,0,0,0,0,0,0,0,0,0,0,0,0,0,0,0,0,0,,,,,,,,,,,,,,,,,,USD,1.0,stock,25.0
2025-11-04,9.25,9.29,9.1,9.26,2185090,9.055499999999999,9.1548,,9.154799954779357,9.144325377003538,9.16056963572024,9.173832246148635,58.91891891891892,0.05696454777400106,0.007616143285598789,0.049348404488402275,0,0.20870714285714267,0.5,0.05,1888221.1,1919841.8,1.1572214715744888,1.138161488097613,77.52808988764033,87.83873099801711,0.009999999999999787,0.02999999999999936,0.15000000000000036,,0,1.1360696028147215,2.208423326133923,1.136069114470842,,0,,,-1.906779661016944,0.433839479392617,2.433628318584069,9.46,1.1491244564631087,9.46,0,25,20,20,9.190000000000001,9.015,9.102500000000001,9.120000000000001,9.26,,,,,,9.216666666666667,9.333333333333334,9.406666666666666,9.523333333333333,9.143333333333334,9.026666666666667,8.953333333333335,0,0,0,0,0,0,0,0,0,0,0,0,0,0,0,0,0,0,0,0,0,0,,,,,,,,,,,,,,,,,,USD,1.0,stock,25.0
2025-11-05,9.3,9.5565,9.3,9.46,2133396,9.0775,9.161,,9.183866625752751,9.156704773983792,9.166498949864392,9.176679686485464,61.809045226130664,0.07343338590213833,0.0207795918089067,0.05265379409323163,1,0.22214285714285698,0.5,0.05,1826375.3,1946574.45,1.1681038393368548,1.0959745207793106,90.2179422199697,88.4996136987913,0.16000000000000014,0.09649999999999892,0.0,,0,2.9189574444740995,4.043340380549686,3.1606765327695694,,0,,,2.159827213822907,1.7204301075268935,4.878048780487809,9.5565,3.0067223915571257,9.5565,0,25,20,20,9.32825,9.06325,9.19575,9.120000000000001,9.46,,,,,,9.438833333333333,9.577666666666666,9.695333333333332,9.834166666666665,9.321166666666667,9.182333333333334,9.064666666666668,0,0,0,0,0,0,0,0,0,0,0,0,0,0,0,0,0,0,0,0,0,0,,,,,,,,,,,,,,,,,,USD,1.0,stock,25.0
2025-11-06,9.49,9.71,9.49,9.67,2669831,9.112,9.1698,,9.230165042347727,9.176833998533448,9.17646926768886,9.181588346321432,64.6511627906977,0.10225161080706435,0.03707399560853823,0.06517761519852612,1,0.2292857142857141,0.5,0.05,1873231.6,2021717.8,1.4252540903110966,1.3205755026740131,96.49122807017537,88.07908672592846,0.17999999999999972,0.040000000000000924,0.0,,0,4.548448372825991,5.770423991726989,5.172699069286448,,0,,,2.2198731501057,4.540540540540539,7.683741648106901,9.71,4.765190607473685,9.71,0,25,20,20,9.405000000000001,9.14,9.2725,9.14,9.67,,,,,,9.623333333333335,9.75666666666667,9.843333333333335,9.97666666666667,9.536666666666669,9.403333333333334,9.316666666666668,0,0,0,0,0,0,0,0,0,0,0,0,0,0,0,0,0,0,0,0,0,0,,,,,,,,,,,,,,,,,,USD,1.0,stock,25.0
2025-11-07,9.67,9.92,9.65,9.92,2612828,9.169,9.181999999999999,,9.295863609743181,9.205977763296842,9.191192648526705,9.188935725960024,78.09523809523807,0.14360775156383454,0.0583807467995975,0.08522700476423704,1,0.22642857142857128,0.5,0.05,1919489.7,2018278.5,1.3612097006824262,1.2945824870056337,100.0,95.56972343004834,0.25,0.0,0.019999999999999574,,0,6.291697482427609,7.570564516129026,7.439516129032271,,0,,,2.585315408479838,6.4377682403433445,12.98405466970387,9.92,6.714130246087614,9.92,0,25,20,20,9.51,9.245000000000001,9.377500000000001,9.245000000000001,9.92,,,,,,9.83,10.01,10.1,10.28,9.74,9.56,9.47,0,0,0,0,0,0,0,0,0,0,0,0,0,0,0,0,0,0,0,0,0,0,,,,,,,,,,,,,,,,,,USD,1.0,stock,27.0
2025-11-10,9.91,9.91,9.575,9.88,2933853,9.208499999999999,9.191600000000001,,9.351495646910497,9.232410007873435,9.20483239806083,9.195811987393258,81.59203980099505,0.17118184758052024,0.08094096695578205,0.09024088062473819,1,0.23441428571428563,0.5,0.05,2028743.3,2100840.6,1.4461430384021476,1.39651385259786,97.03703703703711,97.84275503573748,0.02999999999999936,0.0,0.3050000000000015,,0,5.349234343011176,6.796558704453459,6.967611336032385,,0,,,-0.40322580645160144,4.661016949152552,8.690869086908704,9.92,5.651548939811665,9.92,0,25,20,20,9.51,9.245000000000001,9.377500000000001,9.245000000000001,9.88,,,,,,9.788333333333334,10.001666666666669,10.123333333333335,10.33666666666667,9.666666666666668,9.453333333333333,9.331666666666667,0,0,0,0,0,0,0,0,0,0,0,0,0,0,0,0,0,0,0,0,0,0,,,,,,,,,,,,,,,,,,USD,1.0,stock,28.75
2025-11-11,9.92,10.19,9.8958,10.17,3212785,9.2775,9.2074,,9.42944844244283,9.269178242858791,9.223944627802199,9.20550540045402,82.8703703703704,0.21396859690891468,0.10754649294640858,0.10642210396250609,1,0.24298571428571414,0.5,0.05,2212274.5,2123359.85,1.4522542297531342,1.5130666617813273,98.42519685039373,98.48741129581028,0.25,0.019999999999999574,0.024200000000000443,,0,7.281726229667357,8.775811209439528,9.465093411996069,,0,,,2.9352226720647634,9.827213822894176,15.699658703071684,10.19,7.853604185626366,10.19,0,25,20,20,9.645,9.379999999999999,9.5125,9.379999999999999,10.17,,,,,,10.085266666666667,10.274733333333335,10.379466666666668,10.568933333333336,9.980533333333335,9.791066666666667,9.686333333333335,0,0,0,0,0,0,0,0,0,0,0,0,0,0,0,0,0,0,0,0,0,0,,,,,,,,,,,,,,,,,,USD,1.0,stock,28.75
2025-11-12,10.06,10.18,9.952,10.17,2493441,9.3395,9.229800000000001,,9.499977162210179,9.304504586276094,9.24267839754869,9.215102361643533,78.97727272727275,0.24505259029259818,0.1350477124156465,0.11000487787695168,1,0.2299857142857141,0.5,0.05,2268790.8,2172682.75,1.0990175912208389,1.1476323453113437,98.16513761467894,97.87579050070326,0.10999999999999943,0.009999999999999787,0.10800000000000054,,0,6.588228493508565,8.16617502458211,9.244837758112084,,0,,,0.0,7.5052854122621415,13.885778275475925,10.19,7.052888931723911,10.19,0,25,20,20,9.645,9.379999999999999,9.5125,9.379999999999999,10.17,,,,,,10.100666666666667,10.249333333333334,10.328666666666667,10.477333333333334,10.021333333333335,9.872666666666667,9.793333333333335,0,0,0,0,0,0,0,0,0,0,0,0,0,0,0,0,0,0,0,0,0,0,,,,,,,,,,,,,,,,,,USD,1.0,stock,27.0
2025-11-13,10.17,10.25,9.98,10.01,2190304,9.3905,9.2492,,9.548550765809209,9.332171073088796,9.257872884725943,9.22301179088091,72.77486910994764,0.2538499914873089,0.158808168229979,0.0950418232573299,0,0.23780714285714272,0.5,0.05,2346181.3,2187281.85,0.9335612725239947,1.0013816920759435,79.13043478260869,91.90692308256045,0.16000000000000014,0.08000000000000007,0.02999999999999936,,0,4.609882459448464,6.188811188811193,7.600399600399597,,0,,,-1.5732546705997996,3.5160289555325797,11.345939933259164,10.25,4.832662521344252,10.25,0,25,20,20,9.675,9.41,9.5425,9.41,10.01,,,,,,10.08,10.18,10.35,10.45,9.91,9.81,9.64,0,0,0,0,0,0,0,0,0,0,0,0,0,0,0,0,0,0,0,0,0,0,,,,,,,,,,,,,,,,,,USD,1.0,stock,27.0
2025-11-14,9.92,10.58,9.82,10.39,4525377,9.458,9.2754,,9.628688788113093,9.373654560418649,9.28029124344424,9.23462361385722,75.47169811320755,0.2881630551984067,0.18467914562366455,0.10348390957474213,1,0.27780714285714264,0.5,0.05,2650952.2,2326051.7,1.7070760461090169,1.9455186658146935,87.16216216216219,88.15257818648327,0.47000000000000064,0.1899999999999995,0.09999999999999964,,0,7.327345638950021,8.970163618864296,10.72762271414823,,0,,,3.796203796203801,4.73790322580645,14.933628318584091,10.58,7.906696629625924,10.58,0,25,20,20,9.84,9.575,9.7075,9.575,10.39,,,,,,10.263333333333334,10.706666666666667,11.023333333333333,11.466666666666667,9.946666666666667,9.503333333333334,9.186666666666667,0,0,0,0,0,0,0,0,0,0,0,0,0,0,0,0,0,0,0,0,0,0,,,,,,,,,,,,,,,,,,USD,1.0,stock,27.0
2025-11-17,10.41,10.65,10.3,10.52,2014793,9.547,9.3032,,9.71357557019756,9.418609283539485,9.30483993169287,9.24741342864471,80.09259259259258,0.32213297058233437,0.21216991061539853,0.10996305996693584,1,0.2953071428571426,0.5,0.05,2697169.8,2308790.6,0.7470026544120434,0.8726616437194434,91.6129032258064,85.9685000568591,0.10999999999999943,0.13000000000000078,0.10999999999999943,,0,7.665631462000369,9.249049429657784,11.566539923954364,,0,,,1.2512030798844886,6.477732793522262,20.366132723112116,10.65,8.302034858066557,10.65,0,25,20,20,9.975000000000001,9.61,9.7925,9.61,10.52,,,,,,10.49,10.68,10.84,11.03,10.33,10.14,9.98,0,0,0,0,0,0,0,0,0,0,0,0,0,0,0,0,0,0,0,0,0,0,,,,,,,,,,,,,,,,,,USD,1.0,stock,28.75
2025-11-18,10.4,10.65,10.36,10.61,2207069,9.647,9.3304,,9.79894932541684,9.465330488106565,9.330684685520733,9.26097150398158,80.18433179723502,0.3522560328280644,0.2401871350579317,0.11206889777013268,1,0.3017357142857141,0.5,0.05,2699367.7,2293794.4,0.8176244384935034,0.9621912931690827,97.41935483870961,92.06480674222605,0.20999999999999908,0.040000000000000924,0.040000000000000924,,0,7.64420993952082,9.076343072573037,12.060320452403396,,0,,,0.8555133079847899,4.326450344149446,23.228803716608603,10.65,8.276914673692911,10.65,0,25,20,20,10.07,9.61,9.84,9.61,10.61,,,,,,10.54,10.719999999999999,10.83,11.01,10.429999999999998,10.249999999999998,10.139999999999997,0,0,0,0,0,0,0,0,0,0,0,0,0,0,0,0,0,0,0,0,0,0,,,,,,,,,,,,,,,,,,USD,1.0,stock,28.75
2025-11-19,10.45,10.5425,10.405,10.44,2092142,9.7315,9.3504,,9.860001770615238,9.503552821906307,9.352651325411411,9.272703130807633,75.98253275109172,0.35828115529604965,0.2638059391055553,0.09447521619049437,0,0.3028071428571427,0.5,0.05,2695242.3,2260808.8,0.7762352201136055,0.9253953717802231,86.45161290322577,91.82795698924726,0.009999999999999787,0.09250000000000114,0.03500000000000014,,0,5.555538595639479,6.786398467432941,10.436781609195393,,0,,,-1.602262016965128,2.6548672566371723,19.314285714285706,10.65,5.882333927294734,10.65,0,25,20,20,10.1125,9.61,9.86125,9.61,10.44,,,,,,10.462499999999999,10.519999999999998,10.6,10.657499999999999,10.382499999999997,10.324999999999998,10.244999999999996,0,0,0,0,0,0,0,0,0,0,0,0,0,0,0,0,0,0,0,0,0,0,,,,,,,,,,,,,,,,,,USD,1.0,stock,27.0
2025-11-20,10.45,10.51,10.11,10.12,4048119,9.78,9.367799999999999,,9.88476350674712,9.527727221047236,9.367846348670591,9.281133945426463,65.74803149606299,0.3333916511863979,0.2777230815217238,0.055668569664674095,0,0.3228071428571428,0.5,0.05,2833071.1,2353151.35,1.4288801294115068,1.7202969116287399,65.80645161290317,83.22580645161285,0.33000000000000007,0.0600000000000005,0.009999999999999787,,0,2.3244712772023615,3.359683794466402,7.4328063241106745,,0,,,-3.065134099616862,1.098901098901095,10.601092896174858,10.65,2.379788783943205,10.65,0,25,20,20,10.1125,9.61,9.86125,9.61,10.12,,,,,,10.246666666666664,10.38333333333333,10.646666666666665,10.78333333333333,9.983333333333329,9.846666666666664,9.583333333333329,0,0,0,0,0,0,0,0,0,0,0,0,0,0,0,0,0,0,0,0,0,0,,,,,,,,,,,,,,,,,,USD,1.0,stock,25.0
2025-11-21,10.08,10.08,9.825,9.85,2551226,9.8155,9.382,,9.881452696580729,9.540365369241464,9.377393945726618,9.286794304178438,57.62081784386618,0.28855353085904767,0.27988917138918856,0.008664359469859106,0,0.32924999999999993,0.5,0.05,2826910.9,2373200.3,0.9024783908116807,1.0750150334971726,48.38709677419352,66.88172043010748,0.23000000000000043,0.0,0.025000000000000355,,0,-0.3193167165556235,0.35025380710659426,4.751269035532995,,0,,,-2.667984189723316,-5.1973051010587135,7.768052516411372,10.65,-0.3183003303918306,10.65,0,25,20,20,10.235,9.61,9.9225,9.61,9.85,,,,,,9.918333333333335,10.01166666666667,10.173333333333336,10.266666666666671,9.75666666666667,9.663333333333334,9.501666666666669,0,0,0,0,0,0,0,0,0,0,0,0,0,0,0,0,0,0,0,0,0,0,,,,,,,,,,,,,,,,,,USD,1.0,stock,25.0
2025-11-24,9.8,9.8,9.485,9.6,3282449,9.83,9.3894,,9.854647677858754,9.542703982212387,9.3818019864053,9.289910778763726,56.15942028985507,0.23019257013694627,0.26994985113874015,-0.039757281001793876,0,0.3310357142857142,0.5,0.05,2861770.5,2445256.9,1.1469993837730874,1.3423738830877034,22.22222222222215,45.47192353643962,0.20000000000000107,0.0,0.11500000000000021,,0,-2.6525799776953574,-2.395833333333338,2.1937499999999943,,0,,,-2.538071065989844,-8.745247148288971,3.1149301825993403,10.65,-2.584036346940055,10.65,0,25,20,20,10.067499999999999,9.61,9.83875,9.61,9.6,,,,,,9.628333333333332,9.771666666666665,9.943333333333333,10.086666666666666,9.456666666666663,9.31333333333333,9.141666666666662,0,0,0,0,0,0,0,0,0,0,0,0,0,0,0,0,0,0,0,0,0,0,,,,,,,,,,,,,,,,,,USD,1.0,stock,25.0
2025-11-25,9.57,9.68,9.385,9.62,3136608,9.85,9.394200000000001,,9.832300279967443,9.545735198596216,9.38651877875371,9.293195248626773,53.10077519379842,0.18344033515368174,0.2526479479417285,-0.06920761278804677,0,0.33092857142857135,0.5,0.05,2854152.8,2533213.65,1.0989628866401266,1.2381932333263719,18.577075098814177,29.72879803174328,0.049999999999998934,0.0600000000000005,0.1850000000000005,,0,-2.206863617125196,-2.3908523908523955,2.347193347193324,,0,,,0.2083333333333215,-9.330819981149862,4.338394793926237,10.65,-2.1592127368199825,10.65,0,25,20,20,10.0175,9.61,9.813749999999999,9.61,9.62,,,,,,9.561666666666666,9.738333333333332,9.856666666666666,10.033333333333331,9.443333333333332,9.266666666666666,9.148333333333332,0,0,0,0,0,0,0,0,0,0,0,0,0,0,0,0,0,0,0,0,0,0,,,,,,,,,,,,,,,,,,USD,1.0,stock,25.0
2025-11-26,9.72,9.9055,9.705,9.87,2570679,9.878499999999999,9.4052,,9.835890729494352,9.558451465317933,9.396092664322943,9.298934599386707,53.81679389312976,0.1646636230140448,0.2350510829561918,-0.07038745994214698,0,0.3334642857142857,0.5,0.05,2861876.6,2565333.7,0.8982494213761697,1.0020836665420954,38.33992094861654,26.379739423217625,0.14999999999999858,0.03550000000000075,0.015000000000000568,,0,0.3455853141402955,-0.08611955420465786,4.709219858156014,,0,,,2.598752598752596,-5.459770114942531,6.129032258064493,10.65,0.346783747844672,10.65,0,25,20,20,10.0175,9.61,9.813749999999999,9.61,9.87,,,,,,9.826833333333333,9.948666666666666,10.027333333333333,10.149166666666666,9.748166666666666,9.626333333333333,9.547666666666666,0,0,0,0,0,0,0,0,0,0,0,0,0,0,0,0,0,0,0,0,0,0,,,,,,,,,,,,,,,,,,USD,1.0,stock,25.0
2025-11-28,9.83,9.895,9.7544,9.82,1327274,9.907,9.4214,,9.834377326685365,9.568708270599583,9.404486868989814,9.304119329741068,47.93388429752067,0.14408741124636393,0.2168583486142262,-0.07277093736786228,0,0.32422142857142855,0.5,0.05,2775573.6,2560877.45,0.4781980920988728,0.5182887607526865,34.387351778656154,30.434782608695624,0.009999999999999787,0.0649999999999995,0.06559999999999988,,0,-0.14640862205055621,-0.8859470468431746,4.059063136456213,,0,,,-0.5065856129685797,-2.9644268774703497,6.162162162162166,10.65,-0.146194580579617,10.65,0,25,20,20,10.0175,9.785,9.901250000000001,9.61,9.82,,,,,,9.823133333333333,9.891866666666665,9.963733333333332,10.032466666666664,9.751266666666666,9.682533333333334,9.610666666666667,0,0,0,0,0,0,0,0,0,0,0,0,0,0,0,0,0,0,0,0,0,0,,,,,,,,,,,,,,,,,,USD,1.0,stock,25.0
2025-12-01,9.88,10.02,9.78,9.95,1872823,9.9385,9.4428,,9.845389009858188,9.583660887438816,9.415289109207837,9.310546003076979,51.394422310756944,0.13669479620049962,0.2008256381314809,-0.06413084193098129,1,0.3167214285714285,0.5,0.05,2510318.2,2580635.2,0.7460500425802593,0.7257217137858152,44.6640316205533,39.13043478260867,0.06999999999999851,0.07000000000000028,0.10000000000000142,,0,1.051366735093581,0.11557788944723461,5.097487437185922,,0,,,1.323828920570258,1.0152284263959421,6.759656652360513,10.65,1.0625379051763655,10.65,0,25,20,20,10.0175,9.875,9.94625,9.61,9.95,,,,,,9.916666666666666,10.053333333333333,10.156666666666666,10.293333333333333,9.813333333333333,9.676666666666666,9.573333333333332,0,0,0,0,0,0,0,0,0,0,0,0,0,0,0,0,0,0,0,0,0,0,,,,,,,,,,,,,,,,,,USD,1.0,stock,25.0
2025-12-02,9.94,9.95,9.785,9.91,1593071,9.962,9.460799999999999,,9.85154243749074,9.596458499696118,9.425085364471048,9.316510719464274,44.24778761061946,0.12615420268934763,0.18589135104305426,-0.05973714835370664,1,0.3063642857142857,0.5,0.05,2468146.0,2582657.9,0.64545249754269,0.6168339213644982,41.50197628458499,40.18445322793148,0.02999999999999936,0.009999999999999787,0.125,,0,0.5898845863699231,-0.5247225025227004,4.532795156407681,,0,,,-0.4020100502512447,3.229166666666683,4.978813559322037,10.65,0.5933848722692905,10.65,0,25,20,20,9.963750000000001,9.875,9.919375,9.61,9.91,,,,,,9.881666666666666,9.978333333333332,10.046666666666665,10.14333333333333,9.813333333333333,9.716666666666667,9.648333333333333,0,0,0,0,0,0,0,0,0,0,0,0,0,0,0,0,0,0,0,0,0,0,,,,,,,,,,,,,,,,,,USD,1.0,stock,25.0
2025-12-03,9.96,10.15,9.96,10.13,1354495,10.005500000000001,9.4756,,9.878062205348767,9.617381695786465,9.439044070125087,9.324605140166122,49.19354838709679,0.1340081057482525,0.17551470198409394,-0.041506596235841436,1,0.3072214285714286,0.5,0.05,2382888.6,2541128.15,0.5684256494407669,0.533029001311878,58.89328063241112,48.35309617918313,0.16999999999999993,0.019999999999999574,0.0,,0,2.487046344039818,1.2290227048371114,6.460019743336631,,0,,,2.219979818365303,5.301455301455316,9.395248380129594,10.65,2.5504779116982523,10.65,0,25,20,20,9.9475,9.875,9.911249999999999,9.61,10.13,,,,,,10.08,10.2,10.27,10.389999999999999,10.01,9.89,9.82,0,0,0,0,0,0,0,0,0,0,0,0,0,0,0,0,0,0,0,0,0,0,,,,,,,,,,,,,,,,,,USD,1.0,stock,25.0
2025-12-04,10.14,10.2165,10.015,10.06,1104273,10.0355,9.4842,,9.89538961436317,9.63473927634386,9.451340227152313,9.331922501955516,51.04602510460253,0.13305024511636176,0.16702181061054752,-0.03397156549418576,1,0.3023285714285714,0.5,0.05,2284101.7,2489672.0,0.4834605219198427,0.44354155888807845,53.359683794466434,51.25164690382085,0.08000000000000007,0.07649999999999935,0.04499999999999993,,0,1.6362861395311192,0.2435387673956237,5.72365805168987,,0,,,-0.691016781836129,1.9250253292806718,6.342494714587743,10.65,1.6635058552712105,10.65,0,25,20,20,9.80075,9.875,9.837875,9.61,10.06,,,,,,10.097166666666666,10.179333333333332,10.298666666666666,10.380833333333332,9.977833333333333,9.895666666666667,9.776333333333334,0,0,0,0,0,0,0,0,0,0,0,0,0,0,0,0,0,0,0,0,0,0,,,,,,,,,,,,,,,,,,USD,1.0,stock,25.0
2025-12-05,10.01,10.075,9.89,9.89,2846853,10.0465,9.4914,,9.894876317757154,9.644749500800964,9.460026559287911,9.337475511886307,38.53211009174311,0.11722228883648889,0.1570619062557358,-0.03983961741924691,0,0.26125714285714274,0.5,0.05,2163975.1,2498523.1,1.3155664314252045,1.1394143204039218,39.92094861660083,50.72463768115946,0.11999999999999922,0.0649999999999995,0.0,,0,-0.049305538494978346,-1.5824064711830073,4.030333670374116,,0,,,-1.6898608349900535,0.7128309572301372,2.2750775594622574,10.65,-0.04928124011416306,10.65,0,25,20,20,9.80075,9.875,9.837875,9.61,9.89,,,,,,9.951666666666666,10.013333333333332,10.136666666666665,10.19833333333333,9.828333333333333,9.766666666666667,9.643333333333334,0,0,0,0,0,0,0,0,0,0,0,0,0,0,0,0,0,0,0,0,0,0,,,,,,,,,,,,,,,,,,USD,1.0,stock,25.0
2025-12-08,9.9,10.04,9.84,9.96,2048697,10.0485,9.5024,,9.901078573208853,9.657112265475437,9.469927023460428,9.343669785399877,36.792452830188694,0.10906964743389302,0.14746345449136725,-0.03839380705747422,1,0.250542857142857,0.5,0.05,2113722.2,2470316.55,0.9692366385705746,0.8293256991700113,45.45454545454552,46.24505928853759,0.0600000000000005,0.0799999999999983,0.0600000000000005,,0,0.59158059027257,-0.8885542168674678,4.594377510040172,,0,,,0.707785642062686,0.10050251256283893,0.40322580645162365,10.65,0.5951010928302538,10.65,0,25,20,20,9.80075,9.875,9.837875,9.61,9.96,,,,,,9.946666666666667,10.053333333333335,10.146666666666667,10.253333333333334,9.853333333333335,9.746666666666668,9.653333333333336,0,0,0,0,0,0,0,0,0,0,0,0,0,0,0,0,0,0,0,0,0,0,,,,,,,,,,,,,,,,,,USD,1.0,stock,25.0
2025-12-09,10.0,10.04,9.91,10.0,1580812,10.0545,9.5188,,9.910499661474677,9.670558843299931,9.48042351804537,9.350200434301371,35.26570048309178,0.10463017456936541,0.1388967985069669,-0.03426662393760149,1,0.23911428571428545,0.5,0.05,1943558.5,2402664.5,0.8133596184524418,0.6579412148471,53.13174946004319,46.169081177063184,0.0,0.03999999999999915,0.08999999999999986,,0,0.8950033852532258,-0.5450000000000088,4.811999999999994,,0,,,0.40160642570279403,0.908173562058523,1.2145748987854255,10.65,0.9030860358457947,10.65,0,25,20,20,9.96075,9.875,9.917875,9.61,10.0,,,,,,9.983333333333333,10.056666666666665,10.113333333333332,10.186666666666664,9.926666666666666,9.853333333333333,9.796666666666667,0,0,0,0,0,0,0,0,0,0,0,0,0,0,0,0,0,0,0,0,0,0,,,,,,,,,,,,,,,,,,USD,1.0,stock,25.0
2025-12-10,9.91,9.96,9.75,9.81,2128082,10.0365,9.530800000000001,,9.900928265143756,9.676027123954835,9.486949785014769,9.354775554358074,34.92822966507177,0.08480289327015456,0.12807801745960443,-0.04327512418944987,0,0.24232857142857117,0.5,0.05,1842705.9,2348429.35,1.154867958039316,0.9061724594780762,37.77777777777784,45.45469089745552,0.09999999999999964,0.05000000000000071,0.0600000000000005,,0,-0.9268936304154509,-2.308868501529049,2.8460754332313907,,0,,,-1.8999999999999906,-3.1589338598223105,-3.539823008849552,10.65,-0.9183812134450962,10.65,0,25,20,20,9.98325,9.875,9.929124999999999,9.61,9.81,,,,,,9.840000000000002,9.930000000000003,10.050000000000002,10.140000000000004,9.720000000000002,9.63,9.510000000000002,0,0,0,0,0,0,0,0,0,0,0,0,0,0,0,0,0,0,0,0,0,0,,,,,,,,,,,,,,,,,,USD,1.0,stock,25.0
2025-12-11,9.74,9.835,9.69,9.81,1786759,10.0185,9.5428,,9.89226843036816,9.681280962231117,9.493346818974873,9.359305150832125,41.242937853107364,0.06830228378193937,0.11612287072407142,-0.04782058694213205,0,0.22411428571428552,0.5,0.05,1764313.9,2313095.25,1.012721715789917,0.7724537067809897,51.11244738424542,47.34065820735548,0.07000000000000028,0.025000000000000355,0.05000000000000071,,0,-0.8386180465663586,-2.125382262996932,2.7237512742099974,,0,,,0.0,-2.48508946322068,-3.539823008849552,10.65,-0.831643732145449,10.65,0,25,20,20,9.95325,9.975000000000001,9.964125000000001,9.61,9.81,,,,,,9.778333333333334,9.866666666666669,9.923333333333336,10.01166666666667,9.721666666666668,9.633333333333333,9.576666666666666,0,0,0,0,0,0,0,0,0,0,0,0,0,0,0,0,0,0,0,0,0,0,,,,,,,,,,,,,,,,,,USD,1.0,stock,25.0
2025-12-12,9.85,9.92,9.725,9.73,1404910,10.0045,9.556000000000001,,9.876814294142621,9.683191512731858,9.49803302057933,9.362993656793995,46.202531645569636,0.04821431584921321,0.10254115974909978,-0.05432684389988657,0,0.2169714285714284,0.5,0.05,1772077.5,2273825.55,0.7928039264648414,0.6178618232168251,41.49128081779923,43.460501993274164,0.11999999999999922,0.07000000000000028,0.005000000000000782,,0,-1.5088827763886996,-2.8211716341212716,1.7882836587872506,,0,,,-0.8154943934760461,-1.6177957532861442,-2.7972027972027913,10.65,-1.4864539290739498,10.65,0,25,20,20,9.95325,10.0175,9.985375000000001,9.61,9.73,,,,,,9.791666666666666,9.858333333333333,9.986666666666666,10.053333333333333,9.663333333333332,9.596666666666666,9.468333333333332,0,0,0,0,0,0,0,0,0,0,0,0,0,0,0,0,0,0,0,0,0,0,,,,,,,,,,,,,,,,,,USD,1.0,stock,25.0
2025-12-15,9.75,9.77,9.55,9.63,1896326,9.9665,9.5662,,9.853308170890942,9.681105571056099,9.500646228092611,9.365650436328384,51.04895104895109,0.023949220564608353,0.0868227719122015,-0.06287355134759315,0,0.20661428571428544,0.5,0.05,1774427.8,2142373.0,1.068697187904743,0.8851521187020187,29.464822609741546,40.68951693726206,0.11999999999999922,0.019999999999999574,0.08000000000000007,,0,-2.3188802792413465,-3.4942886812045595,0.662512980269995,,0,,,-1.0277492291880796,-3.3132530120481896,-7.314725697786328,10.65,-2.266326872335609,10.65,0,25,20,20,9.88325,10.0175,9.950375000000001,9.61,9.63,,,,,,9.65,9.75,9.87,9.969999999999999,9.530000000000001,9.430000000000001,9.310000000000002,0,0,0,0,0,0,0,0,0,0,0,0,0,0,0,0,0,0,0,0,0,0,,,,,,,,,,,,,,,,,,USD,1.0,stock,25.0
2025-12-16,9.51,9.56,9.31,9.33,3280756,9.907,9.569600000000001,,9.803469297472757,9.66733672513233,9.497267094863053,9.36529570561865,41.520467836257325,-0.01926644349671669,0.06560492883041787,-0.08487137232713456,0,0.20839999999999975,0.5,0.05,1943196.3,2205671.15,1.6883296865067106,1.4874184667102348,2.2062879205735895,24.387463782704785,0.17999999999999972,0.05000000000000071,0.019999999999999574,,0,-5.0746977221088665,-6.184351554126473,-2.5680600214362395,,0,,,-3.1152647975077996,-6.699999999999995,-11.311787072243341,10.65,-4.829609632120878,10.65,0,25,20,20,9.76325,9.98,9.871625,9.61,9.33,,,,,,9.4,9.49,9.65,9.74,9.24,9.15,8.99,0,0,0,0,0,0,0,0,0,0,0,0,0,0,0,0,0,0,0,0,0,0,,,,,,,,,,,,,,,,,,USD,1.0,stock,25.0
2025-12-17,9.38,9.4485,9.325,9.35,1843301,9.844,9.575800000000001,,9.760281745332495,9.654892147676161,9.494350914766756,9.365143509542841,32.43243243243241,-0.05130986755049882,0.04222196955423453,-0.09353183710473335,0,0.19682857142857113,0.5,0.05,1992076.9,2187482.75,0.9253161863379873,0.8426585306786991,4.412575841147179,12.027895457154104,0.030000000000001137,0.06849999999999845,0.025000000000000355,,0,-4.388040057032039,-5.283422459893046,-2.4149732620321,,0,,,0.2143622722400762,-4.6890927624872685,-11.875589066918002,10.5425,-4.2035850607355485,10.5425,0,25,20,20,9.692499999999999,9.98,9.83625,9.61,9.35,,,,,,9.3745,9.424,9.498,9.5475,9.3005,9.251,9.177,0,0,0,0,0,0,0,0,0,0,0,0,0,0,0,0,0,0,0,0,0,0,,,,,,,,,,,,,,,,,,USD,1.0,stock,25.0
2025-12-18,9.39,9.3995,9.2,9.22,1789023,9.783,9.5798,,9.708826341015115,9.637837553649645,9.488918223385236,9.36369929551754,30.76923076923073,-0.08620075685131923,0.01653742427312378,-0.10273818112444301,0,0.20103571428571407,0.5,0.05,2060551.9,2172326.8,0.8682251585121443,0.8235515024719118,1.9675356615839978,2.8621331411015887,0.16999999999999993,0.009499999999999176,0.02000000000000135,,0,-5.301804132484971,-6.10629067245118,-3.902386117136658,,0,,,-1.3903743315507922,-6.014271151885831,-11.68582375478926,10.51,-5.034865429099895,10.51,0,25,20,20,9.62,9.925,9.7725,9.61,9.22,,,,,,9.273166666666667,9.346333333333334,9.472666666666667,9.545833333333334,9.146833333333333,9.073666666666666,8.947333333333333,0,0,0,0,0,0,0,0,0,0,0,0,0,0,0,0,0,0,0,0,0,0,,,,,,,,,,,,,,,,,,USD,1.0,stock,25.0
2025-12-19,9.33,9.425,9.205,9.21,2591859,9.7375,9.584399999999999,,9.661319070442246,9.621059610369267,9.483395090248894,9.362169949293484,24.30555555555557,-0.11335229967274607,-0.009440520516050193,-0.10391177915669587,0,0.19960714285714268,0.5,0.05,2035052.5,2099513.8,1.2736079290337718,1.2345043885874911,0.9837678307920863,2.4546264445077544,0.11999999999999922,0.09500000000000064,0.005000000000000782,,0,-4.900315639980951,-5.727470141150921,-4.065146579804536,,0,,,-0.10845986984815426,-5.344295991778003,-8.99209486166006,10.2165,-4.671402187958031,10.2165,0,25,20,20,9.62,9.925,9.7725,9.61,9.21,,,,,,9.280000000000001,9.355000000000002,9.500000000000002,9.575000000000003,9.135000000000002,9.06,8.915000000000001,0,0,0,0,0,0,0,0,0,0,0,0,0,0,0,0,0,0,0,0,0,0,,,,,,,,,,,,,,,,,,USD,1.0,stock,27.0
2025-12-22,9.29,9.42,9.275,9.3,1365469,9.71,9.5948,,9.626907730400129,9.60846903741361,9.47976350430337,9.361551342832852,29.53020134228187,-0.12615362467901647,-0.03278314134864345,-0.09337048333037302,1,0.2028214285714284,0.5,0.05,1966729.7,2040225.95,0.694284018795262,0.6692734204267915,9.837678307919465,4.26299393343185,0.010000000000001563,0.11999999999999922,0.014999999999998792,,0,-3.5151368860228835,-4.408602150537636,-3.1698924731182645,,0,,,0.9771986970684043,-3.4267912772585674,-5.58375634517766,10.2165,-3.3957708908729796,10.2165,0,25,20,20,9.58,9.925,9.752500000000001,9.61,9.3,,,,,,9.331666666666667,9.388333333333334,9.476666666666667,9.533333333333333,9.243333333333334,9.186666666666667,9.098333333333334,0,0,0,0,0,0,0,0,0,0,0,0,0,0,0,0,0,0,0,0,0,0,,,,,,,,,,,,,,,,,,USD,1.0,stock,27.0
2025-12-23,9.36,9.51,9.33,9.48,1308664,9.704,9.6026,,9.612916517981068,9.603431035946409,9.479768187386473,9.362729936436505,27.586206896551673,-0.1203865303143683,-0.05030381914178842,-0.07008271117257989,1,0.20067857142857118,0.5,0.05,1939514.9,1941536.7,0.6747377913930953,0.6740351598813455,27.54549926217422,12.788981800295256,0.120000000000001,0.02999999999999936,0.02999999999999936,,0,-1.4020729744838356,-2.362869198312238,-1.293248945147682,,0,,,1.9354838709677358,1.6077170418006492,-1.2499999999999956,10.2165,-1.3826866979698178,10.2165,0,25,20,20,9.559999999999999,9.925,9.7425,9.61,9.48,,,,,,9.44,9.549999999999999,9.62,9.729999999999999,9.37,9.26,9.19,0,0,0,0,0,0,0,0,0,0,0,0,0,0,0,0,0,0,0,0,0,0,,,,,,,,,,,,,,,,,,USD,1.0,stock,27.0
2025-12-24,9.5,9.66,9.495,9.6,917884,9.703,9.6188,,9.611686373411443,9.60329648551714,9.482149015359017,9.365090832591365,34.6666666666666,-0.10492357569460786,-0.06122777045235231,-0.04369580524225555,1,0.1991428571428569,0.5,0.05,1818495.1,1830600.5,0.5047492291840654,0.5014114220989233,45.71428571428576,27.69915442812648,0.09999999999999964,0.0600000000000005,0.005000000000000782,,0,-0.12173305636919984,-1.0729166666666643,-0.19583333333333952,,0,,,1.2658227848101111,2.673796791443861,-0.20790020790020236,10.2165,-0.12158504717518556,10.2165,0,25,20,20,9.559999999999999,9.925,9.7425,9.61,9.6,,,,,,9.585,9.675000000000002,9.750000000000002,9.840000000000003,9.510000000000002,9.42,9.345,0,0,0,0,0,0,0,0,0,0,0,0,0,0,0,0,0,0,0,0,0,0,,,,,,,,,,,,,,,,,,USD,1.0,stock,25.0
2025-12-26,9.6,9.73,9.58,9.69,1319428,9.693999999999999,9.634,,9.619144814038926,9.606696623339998,9.486264876441016,9.368323759630258,42.95774647887319,-0.08443352776522772,-0.0658689219149274,-0.018564605850300328,1,0.19664285714285704,0.5,0.05,1771762.0,1768037.95,0.7446982156745657,0.7462667868639359,58.33333333333337,43.864372769931116,0.08999999999999986,0.040000000000000924,0.019999999999999574,,0,0.7312196693609287,-0.041279669762637354,0.577915376676978,,0,,,0.9374999999999911,5.097613882863339,-1.8237082066869248,10.2165,0.7366058764149432,10.2165,0,25,20,20,9.485,9.87125,9.678125,9.61,9.69,,,,,,9.666666666666666,9.753333333333332,9.816666666666666,9.903333333333332,9.603333333333332,9.516666666666666,9.453333333333331,0,0,0,0,0,0,0,0,0,0,0,0,0,0,0,0,0,0,0,0,0,0,,,,,,,,,,,,,,,,,,USD,1.0,stock,25.0
2025-12-29,9.75,9.89,9.72,9.84,1568578,9.695,9.651,,9.640178641273314,9.615845775365882,9.493269532353075,9.373017055554335,45.99999999999996,-0.05545205399986841,-0.0637855483319156,0.008333494332047192,1,0.19664285714285715,0.5,0.05,1788128.8,1780103.15,0.8772175695621031,0.8811725320524263,76.19047619047628,60.07936507936514,0.08999999999999986,0.05000000000000071,0.02999999999999936,,0,2.0307048651085946,1.4735772357723533,1.9207317073170738,,0,,,1.5479876160990669,6.840390879478808,0.20366598778003286,10.2165,2.072797259909413,10.2165,0,25,20,20,9.545,9.855,9.7,9.61,9.84,,,,,,9.816666666666666,9.913333333333332,9.986666666666666,10.083333333333332,9.743333333333332,9.646666666666667,9.573333333333332,0,0,0,0,0,0,0,0,0,0,0,0,0,0,0,0,0,0,0,0,0,0,,,,,,,,,,,,,,,,,,USD,1.0,stock,25.0
2025-12-30,9.9,9.97,9.8,9.87,1906826,9.691,9.6676,,9.662066389723474,9.625812607704475,9.50072954161341,9.377962159479168,45.637583892617414,-0.029720676502796195,-0.056972573966091726,0.02725189746329553,1,0.19950000000000007,0.5,0.05,1789178.8,1781803.3,1.0657548591566142,1.0701663870529368,87.01298701298686,73.84559884559883,0.030000000000001137,0.07000000000000028,0.06999999999999851,,0,2.106723508374114,1.813576494427543,2.0506585612968498,,0,,,0.304878048780477,6.129032258064493,-0.8040201005025116,10.2165,2.1520614937782065,10.2165,0,25,20,20,9.585,9.70825,9.646625,9.61,9.87,,,,,,9.88,9.96,10.05,10.13,9.790000000000001,9.71,9.620000000000001,0,0,0,0,0,0,0,0,0,0,0,0,0,0,0,0,0,0,0,0,0,0,,,,,,,,,,,,,,,,,,USD,1.0,stock,25.0
2025-12-31,9.88,10.07,9.87,10.02,1481401,9.6965,9.6932,,9.696155304987904,9.641270936814104,9.511012124947797,9.384350595703257,57.24137931034481,0.0027437437755697403,-0.04502931041775944,0.04777305419332918,1,0.1959285714285716,0.5,0.05,1609243.3,1776219.8,0.9205575067486688,0.8340189654456053,94.25287356321832,85.81877892222714,0.1399999999999988,0.05000000000000071,0.010000000000001563,,0,3.2319829841526473,3.228542914171649,3.2614770459081877,,0,,,1.5197568389057725,5.696202531645556,1.1099899091826293,10.2165,3.339928918480738,10.2165,0,25,20,20,9.635,9.70825,9.671624999999999,9.61,10.02,,,,,,9.986666666666666,10.103333333333333,10.186666666666667,10.303333333333335,9.903333333333332,9.786666666666665,9.703333333333331,0,0,0,0,0,0,0,0,0,0,0,0,0,0,0,0,0,0,0,0,0,0,,,,,,,,,,,,,,,,,,USD,1.0,stock,25.0
2026-01-02,10.07,10.24,9.88,10.22,2492906,9.701,9.7254,,9.746045275941437,9.663966194193943,9.525051488810217,9.392665515148996,62.42424242424244,0.0441019791073316,-0.027203052512741237,0.07130503162007285,1,0.2112857142857143,0.5,0.05,1674203.8,1833140.35,1.4890098803980734,1.3599100581687593,98.07692307692312,93.11426121770944,0.15000000000000036,0.019999999999999574,0.1899999999999995,,0,4.6375217618254725,5.078277886497066,4.839530332681019,,0,,,1.9960079840319445,6.458333333333344,0.8884501480750151,10.24,4.863046606489121,10.24,0,25,20,20,9.7225,9.719999999999999,9.72125,9.61,10.22,,,,,,10.113333333333335,10.34666666666667,10.473333333333334,10.706666666666669,9.98666666666667,9.753333333333336,9.62666666666667,0,0,0,0,0,0,0,0,0,0,0,0,0,0,0,0,0,0,0,0,0,0,,,,,,,,,,,,,,,,,,USD,1.0,stock,25.0
2026-01-05,10.39,10.945,9.99,10.82,6669248,9.739,9.7668,,9.84832667823273,9.70930085324516,9.55069403358625,9.406867848331594,75.1152073732719,0.1238658161438142,0.0030107212185698506,0.12085509492524435,1,0.26557142857142857,0.5,0.05,2162226.3,2111389.1,3.084435704070384,3.1587015391904787,92.83667621776506,95.05549095263551,0.4299999999999997,0.125,0.40000000000000036,,0,8.980344933154063,9.990757855822546,9.733826247689468,,0,,,5.870841487279832,11.661506707946344,7.5546719681908625,10.945,9.866379878674325,10.945,0,25,20,20,10.11,10.0725,10.091249999999999,9.7575,10.82,,,,,,10.585,11.180000000000001,11.540000000000001,12.135000000000002,10.225000000000001,9.63,9.270000000000001,0,0,0,0,0,0,0,0,0,0,0,0,0,0,0,0,0,0,0,0,0,0,,,,,,,,,,,,,,,,,,USD,1.0,stock,27.0
2026-01-06,10.93,11.325,10.88,10.9,6040627,9.7895,9.8018,,9.948486042210567,9.755994937431625,9.577412963614245,9.421724884666604,79.53488372093024,0.19132904098842118,0.04067438517254012,0.15065465581588106,1,0.2859285714285714,0.5,0.05,2507103.1,2271077.8,2.409405101848424,2.6598062822858823,80.00000000000006,90.30453309822941,0.02999999999999936,0.3949999999999996,0.019999999999999574,,0,8.72948585127921,10.188073394495413,10.075229357798166,,0,,,0.7393715341959428,10.77235772357723,10.212335692618812,11.325,9.564409637328156,11.325,0,25,20,20,10.3275,10.2625,10.295,9.9475,10.9,,,,,,11.034999999999998,11.189999999999996,11.479999999999997,11.634999999999994,10.744999999999997,10.59,10.299999999999999,0,0,0,0,0,0,0,0,0,0,0,0,0,0,0,0,0,0,0,0,0,0,,,,,,,,,,,,,,,,,,USD,1.0,stock,27.0
2026-01-07,10.84,10.84,10.44,10.46,3299488,9.814499999999999,9.8282,,9.997201657238131,9.783602979100973,9.594889934631784,9.432055980341563,74.67248908296948,0.20690474089814437,0.07392045631766098,0.1329842845804834,0,0.2959285714285715,0.5,0.05,2700505.0,2333617.35,1.2218040699795039,1.4138941844943003,59.2941176470589,77.37693128827466,0.379999999999999,0.0,0.02000000000000135,,0,4.424458343803726,6.171128107074588,6.040152963671129,,0,,,-4.036697247706423,5.9777102330293985,5.020080321285136,11.325,4.629278858517339,11.325,0,25,20,20,10.41,10.2625,10.33625,10.122499999999999,10.46,,,,,,10.58,10.72,10.98,11.120000000000001,10.32,10.18,9.92,0,0,0,0,0,0,0,0,0,0,0,0,0,0,0,0,0,0,0,0,0,0,,,,,,,,,,,,,,,,,,USD,1.0,stock,27.0
2026-01-08,10.41,10.835,10.36,10.75,1857293,9.852,9.857000000000001,,10.068896737501166,9.82150090148917,9.61776340127274,9.445169851183936,77.34375000000003,0.23988393893683835,0.10711315284149645,0.1327707860953419,0,0.3210357142857144,0.5,0.05,2755367.9,2347441.4,0.6740635252374102,0.7911988772115888,72.94117647058826,70.74509803921575,0.33999999999999986,0.08500000000000085,0.05000000000000071,,0,6.33584430231473,8.353488372093022,8.306976744186036,,0,,,2.7724665391969383,7.285429141716571,7.499999999999996,11.325,6.764427923489315,11.325,0,25,20,20,10.4525,10.2625,10.3575,10.212499999999999,10.75,,,,,,10.648333333333333,10.936666666666667,11.123333333333335,11.411666666666669,10.461666666666666,10.173333333333332,9.986666666666665,0,0,0,0,0,0,0,0,0,0,0,0,0,0,0,0,0,0,0,0,0,0,,,,,,,,,,,,,,,,,,USD,1.0,stock,27.0
2026-01-09,10.76,10.91,10.7146,10.87,1897916,9.905,9.89,,10.145192286310579,9.862618513195477,9.642560165603973,9.459347265600016,82.3529411764706,0.2725612714294119,0.14020277655907953,0.13235849487033235,0,0.3207428571428572,0.5,0.05,2853371.1,2335933.1,0.6651486727401142,0.812487309675093,78.53773584905659,70.25767665556792,0.10999999999999943,0.040000000000000924,0.045399999999999,,0,6.667964247372775,8.87764489420423,9.01563937442501,,0,,,1.116279069767434,6.360078277886472,10.805300713557585,11.325,7.144346733254532,11.325,0,25,20,20,10.5225,10.2625,10.3925,10.212499999999999,10.87,,,,,,10.831533333333333,10.948466666666665,11.026933333333332,11.143866666666664,10.753066666666665,10.636133333333333,10.557666666666666,0,0,0,0,0,0,0,0,0,0,0,0,0,0,0,0,0,0,0,0,0,0,,,,,,,,,,,,,,,,,,USD,1.0,stock,28.75
2026-01-12,10.94,11.19,10.89,11.16,2547932,9.9725,9.927200000000001,,10.241840639995285,9.91349621856036,9.67260847915637,9.47626918335524,84.45229681978799,0.3181909618845129,0.1758004136241662,0.1423905482603467,1,0.32788571428571434,0.5,0.05,2976221.5,2373991.75,0.8560962280529187,1.0732691046630638,91.95121951219515,81.14337727728001,0.22000000000000064,0.02999999999999936,0.049999999999998934,,0,8.2272344086444,10.640681003584229,11.046594982078846,,0,,,2.667893284268641,3.1423290203327126,13.761467889908264,11.325,8.964788579303045,11.325,0,25,20,20,10.5625,10.2625,10.4125,10.212499999999999,11.16,,,,,,11.079999999999998,11.269999999999996,11.379999999999997,11.569999999999995,10.969999999999997,10.78,10.669999999999998,0,0,0,0,0,0,0,0,0,0,0,0,0,0,0,0,0,0,0,0,0,0,,,,,,,,,,,,,,,,,,USD,1.0,stock,28.75
2026-01-13,11.22,11.525,11.1401,11.34,2570392,10.053,9.969000000000001,,10.34642724571002,9.9694375433227,9.70562613303446,9.494813768595488,84.93150684931507,0.3646735858948116,0.2135750480782953,0.15109853781651628,1,0.34037857142857153,0.5,0.05,3076402.9,2432265.85,0.8355186506942898,1.0567890841373282,91.57175398633255,87.3535697825281,0.11999999999999922,0.1850000000000005,0.0799000000000003,,0,8.761664499911642,11.34920634920634,12.089947089947078,,0,,,1.6129032258064502,4.036697247706411,16.546762589928043,11.525,9.603051668893233,11.525,0,25,20,20,10.6975,10.3625,10.530000000000001,10.3125,11.34,,,,,,11.335033333333334,11.529966666666667,11.719933333333334,11.914866666666667,11.145066666666667,10.950133333333333,10.760166666666667,0,0,0,0,0,0,0,0,0,0,0,0,0,0,0,0,0,0,0,0,0,0,,,,,,,,,,,,,,,,,,USD,1.0,stock,28.75
2026-01-14,11.42,11.7675,11.4046,11.57,3732516,10.15,10.014000000000001,,10.462957984213828,10.032204698486515,9.742544427429817,9.515462387813445,85.18518518518519,0.41528335016618634,0.25391670849587356,0.16136664167031278,1,0.3559142857142859,0.5,0.05,3258971.9,2524075.35,1.1453047508633014,1.478765679479418,91.30913091309132,91.6107014705397,0.15000000000000036,0.1974999999999998,0.015399999999999636,,0,9.568211026673918,12.273120138288677,13.448573898012093,,0,,,2.028218694885364,10.611854684512423,20.14537902388369,11.7675,10.580583592674666,11.7675,0,25,20,20,10.82375,10.48375,10.65375,10.43375,11.57,,,,,,11.5807,11.7568,11.9436,12.1197,11.3939,11.2178,11.031,0,0,0,0,0,0,0,0,0,0,0,0,0,0,0,0,0,0,0,0,0,0,,,,,,,,,,,,,,,,,,USD,1.0,stock,28.75
2026-01-15,11.33,11.71,11.232,11.68,3000294,10.2675,10.0588,,10.578866747622035,10.09682412207528,9.780909884312395,9.537000075496893,85.13513513513514,0.4589772298640895,0.29492881276951677,0.16404841709457274,1,0.3772000000000003,0.5,0.05,3410861.2,2510052.25,0.8796294613219675,1.1953113725023055,95.99999999999999,92.96029496647462,0.34999999999999964,0.030000000000001137,0.09800000000000075,,0,9.427510722414082,12.093321917808217,13.88013698630137,,0,,,0.9507346585998278,8.651162790697665,25.187566988210076,11.7675,10.408801610299916,11.7675,0,25,20,20,10.87875,10.48375,10.68125,10.43375,11.68,,,,,,11.540666666666667,11.849333333333334,12.018666666666668,12.327333333333335,11.371333333333332,11.062666666666665,10.89333333333333,0,0,0,0,0,0,0,0,0,0,0,0,0,0,0,0,0,0,0,0,0,0,,,,,,,,,,,,,,,,,,USD,1.0,stock,28.75
2026-01-16,11.68,12.28,11.68,12.25,4223744,10.4125,10.1186,,10.738022295467555,10.181262391797818,9.829802757890366,9.563995099621303,87.2093023255814,0.5334499022215446,0.34263303065992234,0.1908168715616223,1,0.4093428571428574,0.5,0.05,3583945.0,2629074.4,1.1785180855174955,1.6065517202556154,98.82812500000003,95.37908530436378,0.5700000000000003,0.02999999999999936,0.0,,0,12.342675139040365,15.000000000000002,17.39918367346938,,0,,,4.880136986301364,12.695492180312806,31.016042780748677,12.28,14.08059755259253,12.28,0,25,20,20,11.32,10.739999999999998,11.03,10.69,12.25,,,,,,12.07,12.46,12.67,13.06,11.860000000000001,11.47,11.260000000000002,0,0,0,0,0,0,0,0,0,0,0,0,0,0,0,0,0,0,0,0,0,0,,,,,,,,,,,,,,,,,,USD,1.0,stock,30.25
2026-01-20,12.13,12.71,12.13,12.55,3924238,10.579,10.180399999999999,,10.910591600661121,10.274154062707707,9.88366804981333,9.593706591167361,87.74373259052926,0.609649860311043,0.39603639659014644,0.2136134637208965,1,0.4364857142857145,0.5,0.05,3309444.0,2735835.15,1.185769573378489,1.4343839393978106,94.50171821305841,96.44328107101948,0.41999999999999993,0.16000000000000014,0.0,,0,13.06301513417434,15.705179282868526,18.88127490039842,,0,,,2.448979591836742,12.45519713261649,36.117136659436014,12.71,15.02584332126904,12.71,0,25,20,20,11.535,10.955,11.245000000000001,10.905000000000001,12.55,,,,,,12.463333333333333,12.796666666666665,13.043333333333333,13.376666666666665,12.216666666666665,11.883333333333333,11.636666666666665,0,0,0,0,0,0,0,0,0,0,0,0,0,0,0,0,0,0,0,0,0,0,,,,,,,,,,,,,,,,,,USD,1.0,stock,30.25
2026-01-21,12.71,12.98,12.65,12.85,3397116,10.761,10.244000000000002,,11.095297162502918,10.375167628876032,9.94240729635168,9.626107520608482,88.60103626943007,0.6863347293519784,0.45409606314251283,0.23223866620946554,1,0.45505714285714305,0.5,0.05,3045092.9,2776098.0,1.1156034024446349,1.2237017569264486,95.8199356913183,96.38325963479224,0.1399999999999988,0.13000000000000078,0.0600000000000005,,0,13.655274999977287,16.256809338521407,20.28015564202333,,0,,,2.39043824701195,13.315696649029984,39.52225841476653,12.98,15.814834085085911,12.98,0,25,20,20,11.67,11.09,11.379999999999999,11.09,12.85,,,,,,12.826666666666668,13.003333333333336,13.156666666666668,13.333333333333336,12.673333333333336,12.496666666666668,12.343333333333335,0,0,0,0,0,0,0,0,0,0,0,0,0,0,0,0,0,0,0,0,0,0,,,,,,,,,,,,,,,,,,USD,1.0,stock,30.25
2026-01-22,12.78,12.78,12.175,12.2,4162283,10.905999999999999,10.2896,,11.200506956550258,10.4467296826456,9.987112102364518,9.65171839105019,75.0,0.6867421369555355,0.5006252779051173,0.1861168590504182,0,0.4889857142857143,0.5,0.05,3131372.4,2915938.7,1.329220056994818,1.4274247260410515,74.83870967741932,88.38678786059869,0.5800000000000001,0.0,0.02499999999999858,,0,8.19256592991591,10.606557377049185,15.659016393442618,,0,,,-5.058365758754868,5.445116681071727,31.182795698924703,12.98,8.923641111308978,12.98,0,25,20,20,11.8473,11.09,11.46865,11.09,12.2,,,,,,12.385,12.594999999999999,12.989999999999998,13.199999999999998,11.99,11.780000000000001,11.385000000000002,0,0,0,0,0,0,0,0,0,0,0,0,0,0,0,0,0,0,0,0,0,0,,,,,,,,,,,,,,,,,,USD,1.0,stock,27.0
2026-01-23,12.5,12.7,12.26,12.5,2701931,11.056999999999999,10.342,,11.324268198783567,10.527250087247733,10.03687225875334,9.680059501587005,75.56053811659193,0.7031668336596848,0.5411335890560308,0.16203324460365398,0,0.49898571428571437,0.5,0.05,3215836.2,2985602.05,0.8401954676671654,0.9049869857906884,83.94648829431436,84.86837788768399,0.0,0.1999999999999993,0.2400000000000002,,0,9.405854409731461,11.544000000000011,17.263999999999996,,0,,,2.459016393442637,7.02054794520548,31.856540084388186,12.98,10.382408651737228,12.98,0,25,20,20,11.935,11.09,11.5125,11.09,12.5,,,,,,12.486666666666666,12.713333333333333,12.926666666666666,13.153333333333332,12.273333333333333,12.046666666666667,11.833333333333334,0,0,0,0,0,0,0,0,0,0,0,0,0,0,0,0,0,0,0,0,0,0,,,,,,,,,,,,,,,,,,USD,1.0,stock,27.0
2026-01-26,12.66,12.7954,12.46,12.68,2205711,11.211,10.3922,,11.453385513185133,10.611671652453705,10.089211421946343,9.70990965580007,73.01980198019803,0.7223808628876114,0.577383043822347,0.14499781906526443,0,0.4547285714285715,0.5,0.05,3246615.7,3049993.4,0.6793877698552372,0.7231854993522281,88.54961832061066,82.44493876411478,0.019999999999999574,0.11540000000000106,0.1999999999999993,,0,9.673615826615672,11.585173501577282,18.042586750788637,,0,,,1.4399999999999968,3.5102040816326507,32.08333333333333,12.98,10.709623677669708,12.98,0,25,20,20,12.06005,11.09,11.575025,11.09,12.68,,,,,,12.645133333333334,12.830266666666667,12.980533333333334,13.165666666666667,12.494866666666667,12.309733333333334,12.159466666666667,0,0,0,0,0,0,0,0,0,0,0,0,0,0,0,0,0,0,0,0,0,0,,,,,,,,,,,,,,,,,,USD,1.0,stock,27.0
2026-01-27,12.75,13.27,12.73,13.08,4123570,11.380500000000001,10.4504,,11.608301178596072,10.708468842553561,10.148434958145426,9.743442893055791,75.0,0.7611111608537904,0.6141286672286357,0.1469824936251547,1,0.46080000000000015,0.5,0.05,3404179.5,3190200.5,1.2113256659938174,1.2925739306980861,93.47079037800688,88.6556323309773,0.33000000000000007,0.1899999999999995,0.019999999999999574,,0,11.251520041314434,12.993119266055036,20.103975535168196,,0,,,3.154574132492116,4.223107569721107,34.98452012383901,13.27,12.677986199371832,13.27,0,25,20,20,12.251,11.235,11.742999999999999,11.235,13.08,,,,,,13.026666666666666,13.32333333333333,13.566666666666665,13.86333333333333,12.783333333333331,12.486666666666666,12.243333333333332,0,0,0,0,0,0,0,0,0,0,0,0,0,0,0,0,0,0,0,0,0,0,,,,,,,,,,,,,,,,,,USD,1.0,stock,28.5
2026-01-28,13.1,13.24,12.5109,12.76,4821230,11.5265,10.5054,,11.717986780634542,10.788921044806363,10.20014911739007,9.773458386657227,77.12264150943395,0.7572547144073063,0.6427538766643699,0.1145008377429364,0,0.4800214285714287,0.5,0.05,3629263.3,3352833.1,1.3284321366267364,1.4379570519033589,82.47422680412372,88.16487850091376,0.33999999999999986,0.14000000000000057,0.24910000000000032,,0,8.166247800669735,9.666927899686515,17.669278996865202,,0,,,-2.4464831804281384,-0.7003891050583633,29.67479674796747,13.27,8.89242528492622,13.27,0,25,20,20,12.251,11.2375,11.744250000000001,11.235,12.76,,,,,,12.836966666666667,13.163033333333335,13.566066666666668,13.892133333333335,12.433933333333334,12.107866666666666,11.704833333333333,0,0,0,0,0,0,0,0,0,0,0,0,0,0,0,0,0,0,0,0,0,0,,,,,,,,,,,,,,,,,,USD,1.0,stock,27.0
2026-01-29,13.1,13.25,12.605,12.77,4250418,11.6715,10.552999999999999,,11.818178515812205,10.86661041559827,10.251037253679376,9.80327472111835,75.50505050505049,0.7464013194488697,0.6634833652212699,0.08291795422759973,0,0.4921642857142857,0.5,0.05,3681053.5,3470012.7,1.1546743343991062,1.2248998397037567,80.43359160992408,85.45953626401824,0.33000000000000007,0.15000000000000036,0.16499999999999915,,0,7.453574660828462,8.602192638997648,17.361002349256076,,0,,,0.07836990595611049,4.672131147540992,29.381965552178315,13.27,8.053876347478582,13.27,0,25,20,20,12.475,11.2725,11.873750000000001,11.235,12.77,,,,,,12.875,13.145,13.52,13.79,12.5,12.23,11.855,0,0,0,0,0,0,0,0,0,0,0,0,0,0,0,0,0,0,0,0,0,0,,,,,,,,,,,,,,,,,,USD,1.0,stock,27.0
2026-01-30,12.72,12.8491,12.42,12.57,4019316,11.799000000000001,10.594000000000001,,11.88978056192533,10.933410007143436,10.296957308061963,9.830804325883344,71.03960396039605,0.7134375334335825,0.6734741988637325,0.03996333456985002,0,0.5088571428571429,0.5,0.05,3782955.7,3596908.45,1.0624803245779484,1.1174362805925737,70.58823529411767,77.83201790272182,0.15000000000000036,0.12909999999999933,0.15000000000000036,,0,5.4114513768868004,6.133651551312641,15.719968178202059,,0,,,-1.566170712607673,0.5600000000000049,25.449101796407202,13.27,5.7210428277620125,13.27,0,25,20,20,12.7,11.3,12.0,11.235,12.57,,,,,,12.613033333333334,12.806066666666668,13.042133333333334,13.235166666666668,12.376966666666668,12.183933333333334,11.947866666666668,0,0,0,0,0,0,0,0,0,0,0,0,0,0,0,0,0,0,0,0,0,0,,,,,,,,,,,,,,,,,,USD,1.0,stock,27.0
2026-02-02,12.17,12.44,12.11,12.31,3355293,11.9035,10.628,,11.929801460789584,10.98739392843193,10.33681953958549,9.855472939556146,64.33915211970076,0.6587401223568339,0.6705273835623529,-0.011787261205518984,0,0.5188571428571429,0.5,0.05,3696110.6,3640027.8,0.9077902051956995,0.9217767512654712,54.92746138316355,68.64976276240178,0.14000000000000057,0.129999999999999,0.0600000000000005,,0,3.0885340309538325,3.302193338748994,13.663688058489035,,0,,,-2.0684168655529023,-2.917981072555198,20.450097847358116,13.27,3.1869645145398176,13.27,0,25,20,20,12.69,11.3825,12.036249999999999,11.235,12.31,,,,,,12.286666666666667,12.463333333333335,12.616666666666667,12.793333333333335,12.133333333333335,11.956666666666667,11.803333333333335,0,0,0,0,0,0,0,0,0,0,0,0,0,0,0,0,0,0,0,0,0,0,,,,,,,,,,,,,,,,,,USD,1.0,stock,25.0
2026-02-03,12.44,12.65,12.2701,12.4,4410723,11.9825,10.667200000000001,,11.974582274047718,11.042790244964012,10.377674598207559,9.880791616774491,63.52040816326531,0.6155585025974819,0.6595336073693787,-0.04397510477189681,0,0.5185000000000002,0.5,0.05,3744759.1,3527101.55,1.1778389162603276,1.2505233936346405,57.31108930323851,60.94226199350658,0.03999999999999915,0.21000000000000085,0.12990000000000101,,0,3.4307881125184085,3.366935483870971,13.97419354838709,,0,,,0.7311129163281915,-5.198776758409784,14.602587800369694,13.27,3.5526727882131,13.27,0,25,20,20,12.69,11.425,12.057500000000001,11.235,12.4,,,,,,12.440033333333332,12.609966666666665,12.819933333333333,12.989866666666666,12.230066666666664,12.060133333333331,11.850166666666663,0,0,0,0,0,0,0,0,0,0,0,0,0,0,0,0,0,0,0,0,0,0,,,,,,,,,,,,,,,,,,USD,1.0,stock,25.0
2026-02-04,12.48,12.53,11.8037,12.29,3942632,12.052,10.7106,,12.004622057471744,11.091700431436012,10.415542427946022,9.904763839493155,59.473684210526294,0.5659369087393262,0.6408142676433682,-0.07487735890404201,0,0.5398428571428573,0.5,0.05,3799310.7,3422201.8,1.0377229743279484,1.152074667250774,51.91364082433757,54.71739717024655,0.19000000000000128,0.049999999999998934,0.48629999999999995,,0,2.3220337064951586,1.9365337672904765,12.851098454027662,,0,,,-0.8870967741935631,-3.683385579937304,12.752293577981643,13.27,2.377233878434633,13.27,0,25,20,20,12.53685,11.495000000000001,12.015925,11.235,12.29,,,,,,12.2079,12.612100000000002,12.9342,13.338400000000002,11.885800000000001,11.4816,11.159500000000001,0,0,0,0,0,0,0,0,0,0,0,0,0,0,0,0,0,0,0,0,0,0,,,,,,,,,,,,,,,,,,USD,1.0,stock,25.0
2026-02-05,11.94,12.1558,11.72,11.73,2557015,12.1155,10.748200000000002,,11.97846757580777,11.116731787065973,10.441571290758972,9.922925393329045,50.588235294117666,0.4759378034802122,0.6078389748107371,-0.13190117133052492,0,0.5464142857142856,0.5,0.05,3638783.9,3385078.15,0.7027114196036759,0.7553784245719704,3.1446540880503595,37.45646140520882,0.20999999999999908,0.21579999999999977,0.009999999999999787,,0,-2.1182231526664044,-3.286445012787727,8.369991474850792,,0,,,-4.556550040683471,-8.1440877055599,12.141491395793501,13.27,-2.074285164068775,13.27,0,25,20,20,12.495000000000001,11.535,12.015,11.235,11.73,,,,,,11.8686,12.0172,12.3044,12.453,11.581400000000002,11.432800000000002,11.145600000000004,0,0,0,0,0,0,0,0,0,0,0,0,0,0,0,0,0,0,0,0,0,0,,,,,,,,,,,,,,,,,,USD,1.0,stock,25.0
2026-02-06,11.82,12.25,11.8,12.23,2002271,12.1895,10.800800000000002,,12.002423044778459,11.160389364043779,10.476985720644933,9.945881359564577,49.76076555023924,0.43988793122899317,0.5742487660943884,-0.13436083486539518,0,0.5407,0.5,0.05,3568817.9,3392327.05,0.561045997891907,0.5902352486916025,32.90322580645162,29.32050690627985,0.41000000000000014,0.019999999999999574,0.019999999999999574,,0,1.8608091187370552,0.33115290269828096,11.686017988552724,,0,,,4.262574595055413,-2.704852824184567,13.767441860465123,13.27,1.8960917672415079,13.27,0,25,20,20,12.495000000000001,11.57,12.0325,11.235,12.23,,,,,,12.093333333333334,12.386666666666667,12.543333333333333,12.836666666666666,11.936666666666667,11.643333333333334,11.486666666666668,0,0,0,0,0,0,0,0,0,0,0,0,0,0,0,0,0,0,0,0,0,0,,,,,,,,,,,,,,,,,,USD,1.0,stock,25.0
2026-02-09,12.23,12.5691,12.1,12.3,2892619,12.261,10.8544,,12.03076370718051,11.205079977218533,10.513085013305428,9.969305425638561,46.835443037974684,0.41221480702956015,0.5418419742814228,-0.12962716725186263,1,0.5327785714285714,0.5,0.05,3637508.7,3442062.2,0.7952198162440134,0.8403738317105367,37.41935483870971,24.489078244403895,0.07000000000000028,0.2690999999999999,0.13000000000000078,,0,2.188912949751957,0.3170731707317193,11.752845528455289,,0,,,0.5723630417007408,-0.08123476848090894,13.155473781048777,13.27,2.2378986020546487,13.27,0,25,20,20,12.485,11.575,12.03,11.235,12.3,,,,,,12.323033333333333,12.546066666666666,12.792133333333334,13.015166666666667,12.076966666666666,11.853933333333332,11.607866666666665,0,0,0,0,0,0,0,0,0,0,0,0,0,0,0,0,0,0,0,0,0,0,,,,,,,,,,,,,,,,,,USD,1.0,stock,25.0
2026-02-10,12.33,12.33,11.945,12.05,2109429,12.3055,10.898,,12.03259573506808,11.238214095758984,10.543518973437994,9.990008854239173,39.74358974358976,0.3658929597846523,0.5066521713820688,-0.14075921159741644,0,0.5295642857142857,0.5,0.05,3436094.6,3420137.05,0.6139030630879604,0.6167673894822432,21.29032258064518,30.537634408602173,0.27999999999999936,0.0,0.10500000000000043,,0,0.14443373387486158,-2.1203319502074653,9.560165975103741,,0,,,-2.0325203252032464,-2.822580645161288,7.974910394265233,13.27,0.14464264665019386,13.27,0,25,20,20,12.485,11.629999999999999,12.0575,11.235,12.05,,,,,,12.108333333333334,12.271666666666668,12.493333333333334,12.656666666666668,11.886666666666668,11.723333333333334,11.501666666666669,0,0,0,0,0,0,0,0,0,0,0,0,0,0,0,0,0,0,0,0,0,0,,,,,,,,,,,,,,,,,,USD,1.0,stock,25.0
2026-02-11,12.3,12.43,12.17,12.22,2554349,12.3495,10.946,,12.050443760299691,11.276715503768436,10.57671661752833,10.012197820863658,50.292397660818736,0.33899244744423207,0.4731202265945014,-0.13412777915026936,1,0.5084928571428572,0.5,0.05,3209406.5,3419334.9,0.7958945057287071,0.7470309503757587,32.25806451612905,30.322580645161313,0.08000000000000007,0.129999999999999,0.05000000000000071,,0,1.3875306031121883,-1.0597381342062206,10.425531914893623,,0,,,1.4107883817427336,-0.5695687550854256,7.760141093474426,13.27,1.4070539066695134,13.27,0,25,20,20,12.28455,11.815,12.049775,11.235,12.22,,,,,,12.273333333333333,12.376666666666667,12.533333333333333,12.636666666666667,12.116666666666667,12.013333333333334,11.856666666666667,0,0,0,0,0,0,0,0,0,0,0,0,0,0,0,0,0,0,0,0,0,0,,,,,,,,,,,,,,,,,,USD,1.0,stock,25.0
2026-02-12,12.15,12.22,11.74,11.88,2781561,12.365,10.9846,,12.03421102122353,11.30037371930693,10.602524209260443,10.030782917173473,41.04046242774567,0.2869308785456752,0.4358823569847362,-0.14895147843906098,0,0.5070642857142857,0.5,0.05,3062520.8,3371787.15,0.9082586475820834,0.8249515394232403,10.322580645161306,21.29032258064518,0.2699999999999996,0.07000000000000028,0.14000000000000057,,0,-1.2980725692216304,-4.082491582491577,7.537037037037041,,0,,,-2.782324058919805,1.278772378516635,2.6793431287813307,13.27,-1.2814385666959238,13.27,0,25,20,20,12.185,11.815,12.0,11.235,11.88,,,,,,11.946666666666667,12.153333333333334,12.426666666666668,12.633333333333335,11.673333333333334,11.466666666666667,11.193333333333333,0,0,0,0,0,0,0,0,0,0,0,0,0,0,0,0,0,0,0,0,0,0,,,,,,,,,,,,,,,,,,USD,1.0,stock,25.0
2026-02-13,11.85,11.99,11.795,11.9,1482040,12.376000000000001,11.024399999999998,,12.021429019202241,11.32388847541254,10.628216799176077,10.04938209212697,38.18181818181818,0.24446747409756853,0.3975993804073027,-0.15313190630973417,0,0.49703571428571436,0.5,0.05,2808793.2,3295874.45,0.5276429749260287,0.4496651867306414,11.612903225806441,18.064516129032267,0.05000000000000071,0.08999999999999986,0.054999999999999716,,0,-1.0204119260692495,-4.000000000000007,7.357983193277329,,0,,,0.16835016835017313,-2.698282910874894,1.8835616438356295,13.27,-1.0101046972724954,13.27,0,25,20,20,12.185,11.815,12.0,11.235,11.9,,,,,,11.895000000000001,11.995000000000003,12.090000000000002,12.190000000000003,11.800000000000002,11.700000000000001,11.605000000000002,0,0,0,0,0,0,0,0,0,0,0,0,0,0,0,0,0,0,0,0,0,0,,,,,,,,,,,,,,,,,,USD,1.0,stock,25.0
2026-02-17,11.91,11.985,11.6501,11.95,2459859,12.361,11.060799999999999,,12.014626255468693,11.348441868533618,10.654390723944868,10.068293713100832,30.847457627118615,0.21240107489637516,0.3605597193051172,-0.14815864440874205,1,0.47881428571428575,0.5,0.05,2719249.8,3207680.2,0.904609425732053,0.7668654125807179,18.744921557597298,13.560135142855016,0.03999999999999915,0.03500000000000014,0.2599,,0,-0.5408054850936722,-3.439330543933066,7.441004184100425,,0,,,0.42016806722688926,-2.8455284552845628,-2.448979591836742,13.27,-0.5378965112566686,13.27,0,25,20,20,12.1096,11.9923,12.05095,11.235,11.95,,,,,,11.861699999999999,12.073299999999998,12.196599999999998,12.408199999999997,11.738399999999999,11.5268,11.4035,0,0,0,0,0,0,0,0,0,0,0,0,0,0,0,0,0,0,0,0,0,0,,,,,,,,,,,,,,,,,,USD,1.0,stock,25.0
2026-02-18,12.07,12.15,11.88,12.06,2005220,12.3365,11.100800000000001,,12.018947564471674,11.37634610898328,10.682224570995464,10.088111686104805,37.22627737226278,0.193632231363857,0.32717422171686517,-0.13354199035300818,1,0.4460214285714285,0.5,0.05,2478699.5,3111729.3,0.8089806771655862,0.6444069540367795,25.620351271954522,18.659392018452753,0.009999999999999787,0.08000000000000007,0.17999999999999972,,0,0.3404016212962423,-2.2927031509120948,7.9535655058043035,,0,,,0.9205020920502127,0.08298755186721962,-3.9043824701195273,13.27,0.3415643117512128,13.27,0,25,20,20,12.1096,12.08,12.0948,11.235,12.06,,,,,,12.030000000000001,12.180000000000001,12.3,12.450000000000001,11.910000000000002,11.760000000000002,11.640000000000002,0,0,0,0,0,0,0,0,0,0,0,0,0,0,0,0,0,0,0,0,0,0,,,,,,,,,,,,,,,,,,USD,1.0,stock,25.0
2026-02-19,12.19,12.62,12.0756,12.58,3816078,12.323,11.1546,,12.072381129760085,11.423548222356485,10.719804282460899,10.112906594700776,47.07692307692309,0.21820214333850707,0.3053798060411935,-0.08717766270268645,1,0.4399499999999999,0.5,0.05,2466044.1,3132677.4,1.5474492122829433,1.2181522425513716,77.55629691409509,40.6405232478823,0.39000000000000057,0.03999999999999915,0.11439999999999984,,0,4.035126154530324,2.042925278219393,11.33068362480127,,0,,,4.311774461028195,2.9459901800327204,-2.10116731517509,13.27,4.204794934684129,13.27,0,25,20,20,12.13505,12.20505,12.17005,11.235,12.58,,,,,,12.425199999999998,12.774799999999997,12.969599999999998,13.319199999999997,12.230399999999998,11.880799999999999,11.685999999999998,0,0,0,0,0,0,0,0,0,0,0,0,0,0,0,0,0,0,0,0,0,0,,,,,,,,,,,,,,,,,,USD,1.0,stock,25.0
2026-02-20,12.67,12.75,12.22,12.5,3626948,12.338000000000001,11.2054,,12.1131067364496,11.465762017558193,10.755055682808207,10.136658767887834,48.88178913738019,0.2285836738788909,0.290020579608733,-0.06143690572984212,1,0.4471571428571427,0.5,0.05,2573037.4,3105910.65,1.4095978550486674,1.1677567092923296,77.270660969179,60.14910305174288,0.16999999999999993,0.08000000000000007,0.27999999999999936,,0,3.095146108403199,1.2959999999999923,10.356800000000007,,0,,,-0.6359300476947549,5.218855218855212,2.459016393442637,13.27,3.1940052372047356,13.27,0,25,20,20,12.200050000000001,12.251,12.225525000000001,11.235,12.5,,,,,,12.49,12.76,13.02,13.29,12.23,11.96,11.700000000000001,0,0,0,0,0,0,0,0,0,0,0,0,0,0,0,0,0,0,0,0,0,0,,,,,,,,,,,,,,,,,,USD,1.0,stock,25.0
2026-02-23,12.48,12.92,12.46,12.67,3293770,12.3465,11.2588,,12.166144190121067,11.51298703647748,10.79297537225755,10.161866143331736,55.92105263157894,0.24767366306148197,0.2815511962992828,-0.03387753323780085,1,0.44715714285714253,0.5,0.05,2702187.3,3135502.6,1.2189273482263796,1.0504759268896795,80.31341050476415,78.38012279601276,0.1899999999999995,0.25,0.019999999999999574,,0,3.976762508910287,2.553275453827934,11.138121546961319,,0,,,1.3600000000000056,6.470588235294117,1.3600000000000056,13.27,4.141458476943462,13.27,0,25,20,20,12.28505,12.251,12.268025,11.235,12.67,,,,,,12.683333333333335,12.90666666666667,13.143333333333334,13.366666666666669,12.44666666666667,12.223333333333336,11.986666666666672,0,0,0,0,0,0,0,0,0,0,0,0,0,0,0,0,0,0,0,0,0,0,,,,,,,,,,,,,,,,,,USD,1.0,stock,25.0
2026-02-24,12.64,12.68,12.34,12.42,2227594,12.3335,11.311000000000002,,12.190320933919061,11.548556172301891,10.825193681717796,10.184335136930425,50.312499999999986,0.23986469546309763,0.2732138961320458,-0.03334920066894814,1,0.44430714285714246,0.5,0.05,2635684.8,3136596.75,0.8451670700532933,0.7101945763350038,60.62682100952831,72.73696416115716,0.22000000000000064,0.03999999999999915,0.08000000000000007,,0,1.849267842841698,0.6964573268921025,8.929146537842175,,0,,,-1.9731649565903675,3.9330543933054463,-2.050473186119872,13.27,1.884110084762957,13.27,0,25,20,20,12.28505,12.460049999999999,12.37255,11.235,12.42,,,,,,12.479999999999999,12.619999999999997,12.819999999999999,12.959999999999997,12.279999999999998,12.139999999999999,11.939999999999998,0,0,0,0,0,0,0,0,0,0,0,0,0,0,0,0,0,0,0,0,0,0,,,,,,,,,,,,,,,,,,USD,1.0,stock,25.0
2026-02-25,12.39,12.655,12.15,12.58,2844267,12.308499999999999,11.3664,,12.22743322592677,11.589004949858682,10.859942321683778,10.208172598254501,54.461538461538474,0.2437765904163509,0.26732643498890685,-0.023549844572555934,1,0.42849999999999955,0.5,0.05,2709168.6,3072631.6,1.0498671068312249,0.9256778456616797,73.22623828647926,71.38882326692391,0.1899999999999995,0.07499999999999929,0.2400000000000002,,0,2.802597568149681,2.1581875993640813,9.64705882352941,,0,,,1.2882447665056418,4.311774461028195,-3.822629969418956,13.25,2.883407887484148,13.25,0,25,20,20,12.28505,12.460049999999999,12.37255,11.235,12.58,,,,,,12.461666666666666,12.773333333333332,12.966666666666665,13.27833333333333,12.268333333333333,11.956666666666667,11.763333333333334,0,0,0,0,0,0,0,0,0,0,0,0,0,0,0,0,0,0,0,0,0,0,,,,,,,,,,,,,,,,,,USD,1.0,stock,25.0
2026-02-26,12.45,12.45,11.94,12.0,3864872,12.2705,11.411800000000001,,12.205772918695649,11.605122402805401,10.882517721254397,10.226001726630079,54.12844036697247,0.1977955783094547,0.25342026365301645,-0.05562468534356174,0,0.43349999999999966,0.5,0.05,2840220.9,3024813.7,1.3607645799662977,1.2777223271634877,27.553350657532082,53.80213665117989,0.4499999999999993,0.0,0.0600000000000005,,0,-1.7147743224637413,-2.254166666666668,4.901666666666657,,0,,,-4.610492845786962,-4.610492845786962,-5.956112852664575,13.25,-1.685865533189344,13.25,0,25,20,20,12.28505,12.460049999999999,12.37255,11.235,12.0,,,,,,12.13,12.320000000000002,12.64,12.830000000000002,11.810000000000002,11.620000000000001,11.300000000000002,0,0,0,0,0,0,0,0,0,0,0,0,0,0,0,0,0,0,0,0,0,0,,,,,,,,,,,,,,,,,,USD,1.0,stock,25.0
2026-02-27,12.19,12.29,11.84,11.89,3050795,12.2265,11.457,,12.175699307391302,11.61629407328362,10.902467865387973,10.24255892338003,44.097222222222214,0.15074155938456713,0.2328845227993266,-0.08214296341475946,0,0.42849999999999966,0.5,0.05,2867144.3,2964832.55,1.0640535253143695,1.028994032057561,18.891251279628356,39.89028007454657,0.29999999999999893,0.09999999999999964,0.05000000000000071,,0,-2.402853720700597,-2.830109335576107,3.6417157275021013,,0,,,-0.9166666666666656,-4.8799999999999955,-6.891151135473761,12.92,-2.34647144429615,12.92,0,25,20,20,12.28505,12.460049999999999,12.37255,11.235,11.89,,,,,,12.006666666666666,12.173333333333332,12.456666666666665,12.623333333333331,11.723333333333333,11.556666666666667,11.273333333333333,0,0,0,0,0,0,0,0,0,0,0,0,0,0,0,0,0,0,0,0,0,0,,,,,,,,,,,,,,,,,,USD,1.0,stock,25.0
2026-03-02,12.3,12.51,11.97,12.2,4411519,12.208,11.5144,,12.17801365906832,11.639184501782303,10.928161571023855,10.26203594901804,48.39743589743588,0.13688736724245487,0.21368509168795227,-0.0767977244454974,1,0.43927857142857096,0.5,0.05,3160092.2,2984442.7,1.3960095847836338,1.4781717873156015,43.302622253720706,29.91574139696038,0.10000000000000142,0.20999999999999908,0.22999999999999865,,0,0.1802159092760606,-0.06557377049181062,5.619672131147533,,0,,,2.607232968881412,-3.709550118389904,-2.9435163086714455,12.92,0.18054127337348921,12.92,0,25,20,20,12.379999999999999,12.460049999999999,12.420024999999999,11.235,12.2,,,,,,12.226666666666667,12.483333333333333,12.766666666666666,13.023333333333332,11.943333333333333,11.686666666666667,11.403333333333334,0,0,0,0,0,0,0,0,0,0,0,0,0,0,0,0,0,0,0,0,0,0,,,,,,,,,,,,,,,,,,USD,1.0,stock,25.0
2026-03-03,12.1,12.19,11.6298,11.69,3904180,12.177,11.561200000000001,,12.13153616772848,11.641177266418293,10.94324748050853,10.27624454654025,44.67455621301773,0.08378921251866345,0.18770591585409452,-0.10391670333543107,0,0.4525071428571424,0.5,0.05,3304524.3,3011887.05,1.1814650598877425,1.296257108977576,4.665943264610139,22.28660559931973,0.41000000000000014,0.08999999999999986,0.06020000000000003,,0,-3.777041640106767,-4.165953806672371,1.101796407185614,,0,,,-4.180327868852462,-5.8776167471819685,-5.036555645816421,12.92,-3.6395734359101746,12.92,0,25,20,20,12.274899999999999,12.4499,12.3624,11.235,11.69,,,,,,11.836599999999999,12.043399999999998,12.396799999999999,12.603599999999998,11.483199999999998,11.276399999999999,10.922999999999998,0,0,0,0,0,0,0,0,0,0,0,0,0,0,0,0,0,0,0,0,0,0,,,,,,,,,,,,,,,,,,USD,1.0,stock,25.0
2026-03-04,11.59,11.8414,11.5604,11.59,2159594,12.1365,11.608600000000001,,12.079961294611483,11.639170314794047,10.95605446109252,10.289316740107013,40.48338368580058,0.03325602334738775,0.15681593735275318,-0.12355991400536542,0,0.44543571428571394,0.5,0.05,3319961.7,2899330.6,0.6504876246012115,0.744859520332038,2.1771109149750134,16.715225477768616,0.0,0.2514000000000003,0.029600000000000293,,0,-4.227448616147393,-4.715271786022433,-0.16048317515100138,,0,,,-0.8554319931565413,-7.869634340222575,-6.532258064516128,12.92,-4.0559839776145665,12.92,0,25,20,20,12.2402,12.415199999999999,12.3277,11.235,11.59,,,,,,11.663933333333333,11.767466666666666,11.944933333333333,12.048466666666666,11.486466666666665,11.382933333333332,11.205466666666664,0,0,0,0,0,0,0,0,0,0,0,0,0,0,0,0,0,0,0,0,0,0,,,,,,,,,,,,,,,,,,USD,1.0,stock,25.0
2026-03-05,11.73,12.66,11.67,12.61,5378219,12.1525,11.676599999999999,,12.130441171315152,11.677242067155065,10.98880585790257,10.312408115827342,59.14786967418546,0.07465302871636048,0.14038335562547463,-0.06573032690911415,1,0.4875785714285711,0.5,0.05,3476175.8,2971109.95,1.5471654224162081,1.8101716498239993,77.1991762283024,28.014076802629187,0.879999999999999,0.05000000000000071,0.0600000000000005,,0,3.8030041925840425,3.628072957969862,7.402061855670109,,0,,,8.800690250215704,5.083333333333329,2.6037428803905582,12.92,3.953350269064083,12.92,0,25,20,20,12.2402,12.4052,12.322700000000001,11.235,12.61,,,,,,12.313333333333333,12.956666666666665,13.303333333333333,13.946666666666665,11.966666666666665,11.323333333333332,10.976666666666665,0,0,0,0,0,0,0,0,0,0,0,0,0,0,0,0,0,0,0,0,0,0,,,,,,,,,,,,,,,,,,USD,1.0,stock,25.0
2026-03-06,12.86,13.225,12.75,12.92,5552614,12.212,11.749,,12.205637250237519,11.725977672364671,11.027047326062915,10.338354303729558,61.91588785046729,0.1309651778947174,0.1384997200793232,-0.007534542184605808,1,0.5175785714285711,0.5,0.05,3668742.4,3120889.9,1.5134924708804849,1.7791765098794419,81.67727982698548,53.68452232342097,0.0600000000000005,0.3049999999999997,0.10999999999999943,,0,5.529123450174001,5.479876160990713,9.063467492260058,,0,,,2.4583663758921626,8.662741799831775,10.144927536231885,13.225,5.852728006877147,13.225,0,25,20,20,12.3927,12.4052,12.39895,11.2375,12.92,,,,,,12.965000000000002,13.180000000000003,13.440000000000001,13.655000000000003,12.705000000000004,12.490000000000002,12.230000000000004,0,0,0,0,0,0,0,0,0,0,0,0,0,0,0,0,0,0,0,0,0,0,,,,,,,,,,,,,,,,,,USD,1.0,stock,25.0
2026-03-09,13.25,13.41,12.7,12.84,6182596,12.2425,11.816199999999998,,12.266052750214898,11.769664822468018,11.062947379012163,10.363246300707374,60.32482598607889,0.1672101360498992,0.1442418032734384,0.022968332776460793,1,0.5443714285714283,0.5,0.05,3957625.0,3329906.15,1.56219854079151,1.8566877628067686,69.1825259515571,76.01966066894833,0.41000000000000014,0.16000000000000014,0.14000000000000057,,0,4.46999415720484,4.65342679127726,7.9735202492211945,,0,,,-0.6191950464396245,5.245901639344264,4.987735077677846,13.41,4.67915197719206,13.41,0,25,20,20,12.485199999999999,12.485199999999999,12.485199999999999,11.342500000000001,12.84,,,,,,12.983333333333334,13.26666666666667,13.693333333333335,13.97666666666667,12.556666666666668,12.273333333333333,11.846666666666668,0,0,0,0,0,0,0,0,0,0,0,0,0,0,0,0,0,0,0,0,0,0,,,,,,,,,,,,,,,,,,USD,1.0,stock,25.0
2026-03-10,12.75,13.06,12.48,12.9,3539545,12.2725,11.882200000000001,,12.326428678765861,11.813991692175154,11.099324658635684,10.388487631048594,59.85915492957747,0.19848797920794858,0.15509103846034045,0.04339694074760814,1,0.5665142857142855,0.5,0.05,4088820.1,3362252.45,0.8656641557793163,1.0527302909690792,72.42647058823532,74.42875878892598,0.15000000000000036,0.16000000000000014,0.2699999999999996,,0,4.446289311892551,4.864341085271314,7.88992248062015,,0,,,0.4672897196261738,10.35072711719418,4.878048780487809,13.41,4.653183303791816,13.41,0,25,20,20,12.485199999999999,12.485199999999999,12.485199999999999,11.370000000000001,12.9,,,,,,12.813333333333333,13.146666666666665,13.393333333333333,13.726666666666665,12.566666666666665,12.233333333333333,11.986666666666665,0,0,0,0,0,0,0,0,0,0,0,0,0,0,0,0,0,0,0,0,0,0,,,,,,,,,,,,,,,,,,USD,1.0,stock,25.0
2026-03-11,12.95,13.575,12.91,13.56,3618863,12.348,11.9596,,12.443911661740541,11.8824626062075,11.148050903019136,10.420044968053086,61.13636363636364,0.27338101325818087,0.17874903341990853,0.09463197983827235,1,0.5747285714285713,0.5,0.05,4166279.7,3437724.15,0.8686077893426117,1.0526915023126564,99.25543532214837,80.28814395398027,0.6100000000000012,0.014999999999998792,0.03999999999999915,,0,8.230739957665627,8.938053097345131,11.802359882005902,,0,,,5.116279069767438,16.997411561691123,12.531120331950207,13.575,8.968950990635294,13.575,0,25,20,20,12.567699999999999,12.567699999999999,12.567699999999999,11.535,13.56,,,,,,13.348333333333334,13.786666666666669,14.013333333333334,14.451666666666668,13.12166666666667,12.683333333333335,12.45666666666667,0,0,0,0,0,0,0,0,0,0,0,0,0,0,0,0,0,0,0,0,0,0,,,,,,,,,,,,,,,,,,USD,1.0,stock,25.0
2026-03-12,13.89,14.07,13.59,13.95,5024686,12.4345,12.0418,,12.58734864633668,11.963542504003286,11.203535043553412,10.455168898719224,65.39278131634819,0.3600535497561328,0.2150099366871534,0.1450436130689794,1,0.5732999999999998,0.5,0.05,4282261.1,3561241.0,1.1733721701369402,1.4109368054563003,95.21836149187118,88.96675580075163,0.05999999999999872,0.120000000000001,0.3000000000000007,,0,9.768110062102643,10.863799283154119,13.678853046594977,,0,,,2.8761061946902533,10.626486915146716,14.15711947626841,14.07,10.825562967622206,14.07,0,25,20,20,12.8152,12.8152,12.8152,11.825,13.95,,,,,,13.87,14.149999999999999,14.35,14.629999999999999,13.669999999999998,13.389999999999999,13.189999999999998,0,0,0,0,0,0,0,0,0,0,0,0,0,0,0,0,0,0,0,0,0,0,,,,,,,,,,,,,,,,,,USD,1.0,stock,25.0
2026-03-13,13.71,13.985,13.58,13.86,3512963,12.5335,12.1216,,12.708553537161759,12.037913386199236,11.2561383100177,10.489047815149878,62.85097192224622,0.4166767216590177,0.2553432936815263,0.1613334279774914,1,0.5693714285714284,0.5,0.05,4328477.9,3597811.1,0.8115931468657839,0.9764167440586305,91.63213261077459,95.36864314159804,0.14999999999999858,0.125,0.13000000000000078,,0,8.307694537072443,9.570707070707066,12.542568542568533,,0,,,-0.6451612903225823,7.27554179566563,16.66666666666665,14.07,9.060405336226776,14.07,0,25,20,20,12.8152,12.8152,12.8152,11.895,13.86,,,,,,13.808333333333332,14.036666666666664,14.213333333333331,14.441666666666663,13.631666666666664,13.403333333333332,13.226666666666665,0,0,0,0,0,0,0,0,0,0,0,0,0,0,0,0,0,0,0,0,0,0,,,,,,,,,,,,,,,,,,USD,1.0,stock,25.0
2026-03-16,13.8,14.2907,13.66,14.11,2793207,12.644,12.203400000000002,,12.842024628860639,12.119171684779658,11.312650422690618,10.525077190123511,68.25053995680346,0.47623417290305525,0.29952146952583214,0.1767127033772231,1,0.5901357142857141,0.5,0.05,4166646.7,3663369.45,0.6703728924269005,0.7624693709229899,93.38167966890086,93.41072459051554,0.3099999999999987,0.18069999999999986,0.14000000000000057,,0,8.98635982380837,10.389794472005667,13.51240255138198,,0,,,1.8037518037518074,9.890965732087231,18.571428571428573,14.2907,9.873640705296307,14.2907,0,25,20,20,12.92555,12.92555,12.92555,12.04535,14.11,,,,,,14.020233333333332,14.380466666666663,14.650933333333331,15.011166666666663,13.749766666666664,13.389533333333333,13.119066666666665,0,0,0,0,0,0,0,0,0,0,0,0,0,0,0,0,0,0,0,0,0,0,,,,,,,,,,,,,,,,,,USD,1.0,stock,25.0
2026-03-17,14.2,14.75,14.16,14.73,3069724,12.783,12.2936,,13.021831807064387,12.221557108905946,11.38032071135021,10.566917218082482,71.11984282907663,0.5669275130754148,0.3530026782357487,0.21392483483966607,1,0.5997785714285714,0.5,0.05,4083201.1,3693862.7,0.751793488691997,0.831033595266007,99.37296212691248,94.79559146886265,0.5300000000000011,0.019999999999999574,0.03999999999999915,,0,11.596525410289294,13.21792260692465,16.540393754243045,,0,,,4.394046775336657,14.186046511627914,23.263598326359848,14.75,13.117725818029118,14.75,0,25,20,20,13.21,13.1552,13.1826,12.309999999999999,14.73,,,,,,14.546666666666667,14.933333333333334,15.136666666666667,15.523333333333333,14.343333333333334,13.956666666666667,13.753333333333334,0,0,0,0,0,0,0,0,0,0,0,0,0,0,0,0,0,0,0,0,0,0,,,,,,,,,,,,,,,,,,USD,1.0,stock,28.5
2026-03-18,14.8,14.92,14.64,14.67,2631765,12.913499999999999,12.370600000000001,,13.178800206391589,12.317574477184145,11.445462875481889,10.607743912429921,79.21225382932167,0.6267365116369454,0.4077494449159881,0.21898706672095736,1,0.5740642857142856,0.5,0.05,4130418.2,3725189.95,0.6371667159514259,0.7064780683197107,92.55863793308727,95.10442657630021,0.13000000000000078,0.11999999999999922,0.02999999999999936,,0,10.16496110162516,11.973415132924341,15.674164962508511,,0,,,-0.40733197556008793,8.185840707964598,21.641791044776106,14.92,11.315140758300544,14.92,0,25,20,20,13.7,13.2402,13.470099999999999,12.4,14.67,,,,,,14.743333333333334,14.846666666666668,15.023333333333333,15.126666666666667,14.566666666666668,14.463333333333335,14.286666666666669,0,0,0,0,0,0,0,0,0,0,0,0,0,0,0,0,0,0,0,0,0,0,,,,,,,,,,,,,,,,,,USD,1.0,stock,28.5
2026-03-19,14.74,15.37,14.585,14.64,5907498,13.016499999999999,12.4454,,13.317962091497153,12.408649987882807,11.508721036363436,10.647865863550022,80.62360801781738,0.66405995482177,0.4590115468971445,0.20504840792462553,0,0.5979928571428569,0.5,0.05,4183346.1,3829760.95,1.4121466067557737,1.5425239530942525,80.83788324233518,90.92316110077832,0.09999999999999964,0.629999999999999,0.054999999999999716,,0,9.030313582669725,11.089480874316951,14.990437158469952,,0,,,-0.2044989775051076,4.946236559139794,16.375198728139907,15.37,9.926728274342382,15.37,0,25,20,20,13.925,13.4652,13.6951,12.68,14.64,,,,,,14.865,15.145,15.649999999999999,15.929999999999998,14.360000000000001,14.080000000000002,13.575000000000003,0,0,0,0,0,0,0,0,0,0,0,0,0,0,0,0,0,0,0,0,0,0,,,,,,,,,,,,,,,,,,USD,1.0,stock,28.75
2026-03-20,14.6,14.89,14.205,14.83,5291488,13.133,12.5328,,13.461965701830756,12.503604890318776,11.574488936633468,10.689479138539575,80.09153318077804,0.7008910290569244,0.5073874433291005,0.1935035857278239,0,0.6026357142857142,0.5,0.05,4157233.5,3912987.95,1.2728387760754838,1.3522883452784462,85.82528349433014,86.40726822325087,0.23000000000000043,0.0600000000000005,0.3949999999999996,,0,9.224776117122344,11.443020903573844,15.490222521915037,,0,,,1.297814207650272,6.998556998557004,18.63999999999999,15.37,10.162217973733199,15.37,0,25,20,20,13.925,13.4652,13.6951,12.864999999999998,14.83,,,,,,14.641666666666666,15.078333333333331,15.326666666666666,15.763333333333332,14.39333333333333,13.956666666666665,13.70833333333333,0,0,0,0,0,0,0,0,0,0,0,0,0,0,0,0,0,0,0,0,0,0,,,,,,,,,,,,,,,,,,USD,1.0,stock,28.75
2026-03-23,14.02,14.515,13.9114,14.31,3849385,13.215,12.604000000000001,,13.54273087308497,12.574443914227844,11.628657472541716,10.725504221738186,79.90867579908678,0.6802784401635904,0.5419656426959985,0.13831279746759195,0,0.6275214285714285,0.5,0.05,3923912.4,3940768.7,0.9810068644753639,0.9768106917820373,72.17555648887026,79.6129077418452,0.2900000000000009,0.20500000000000007,0.10859999999999914,,0,5.36176888130699,7.65199161425577,11.921733053808522,,0,,,-3.5064059339177334,1.4174344436569841,12.943962115232832,15.37,5.66554215767451,15.37,0,25,20,20,14.14,13.4652,13.8026,12.864999999999998,14.31,,,,,,14.245466666666667,14.579533333333334,14.849066666666667,15.183133333333334,13.975933333333334,13.641866666666667,13.372333333333334,0,0,0,0,0,0,0,0,0,0,0,0,0,0,0,0,0,0,0,0,0,0,,,,,,,,,,,,,,,,,,USD,1.0,stock,27.0
2026-03-24,14.44,14.815,14.39,14.57,1818153,13.3225,12.678000000000003,,13.640566028029259,12.652701015630674,11.686901879026038,10.763757911074126,82.8193832599119,0.6771172558150944,0.5689959653198177,0.10812129049527675,0,0.6435214285714282,0.5,0.05,3751773.2,3920296.65,0.48461164976603593,0.4637794438336701,78.37837837837841,78.79307278719294,0.13000000000000078,0.24499999999999922,0.049999999999998934,,0,6.379093836449839,8.562113932738507,12.985586822237458,,0,,,1.8169112508735097,-1.0862186014935493,17.310789049919496,15.37,6.813749297946274,15.37,0,25,20,20,14.475,13.4652,13.970099999999999,12.864999999999998,14.57,,,,,,14.591666666666667,14.793333333333333,15.016666666666666,15.218333333333332,14.368333333333334,14.166666666666668,13.943333333333335,0,0,0,0,0,0,0,0,0,0,0,0,0,0,0,0,0,0,0,0,0,0,,,,,,,,,,,,,,,,,,USD,1.0,stock,28.75
2026-03-25,14.35,14.92,14.2645,14.9,2379076,13.4385,12.7528,,13.760512120597902,12.740830387566726,11.75052758439186,10.804914548774882,79.74025974025976,0.6932488947920294,0.59384655121426,0.09940234357776945,0,0.6139142857142854,0.5,0.05,3627794.5,3897037.1,0.6557912803495347,0.6104832822864324,83.73702422145332,78.09698636290067,0.5500000000000007,0.019999999999999574,0.08549999999999969,,0,7.647569660416768,9.808724832214772,14.410738255033555,,0,,,2.264927934111194,1.5678254942058656,18.44197138314785,15.37,8.280853716893404,15.37,0,25,20,20,14.475,13.4652,13.970099999999999,13.042300000000001,14.9,,,,,,14.694833333333333,15.125166666666667,15.350333333333333,15.780666666666667,14.469666666666667,14.039333333333333,13.814166666666667,0,0,0,0,0,0,0,0,0,0,0,0,0,0,0,0,0,0,0,0,0,0,,,,,,,,,,,,,,,,,,USD,1.0,stock,27.0
2026-03-26,14.93,15.12,14.79,14.8,3327197,13.5785,12.822000000000001,,13.859510966255245,12.821582137073914,11.81091317678014,10.844666642816923,75.82417582417584,0.6900101629957014,0.6130792735705484,0.07693088942515303,0,0.5935571428571426,0.5,0.05,3458045.6,3870153.35,0.962161112045486,0.8597067607153086,80.27681660899658,80.79740640294277,0.129999999999999,0.1899999999999995,0.010000000000001563,,0,6.354655633410513,8.253378378378383,13.364864864864861,,0,,,-0.6711409395973145,1.0928961748633892,23.33333333333334,15.37,6.785874595681136,15.37,0,25,20,20,14.515,13.4652,13.9901,13.129999999999999,14.8,,,,,,14.90333333333333,15.016666666666662,15.23333333333333,15.346666666666662,14.686666666666662,14.57333333333333,14.356666666666662,0,0,0,0,0,0,0,0,0,0,0,0,0,0,0,0,0,0,0,0,0,0,,,,,,,,,,,,,,,,,,USD,1.0,stock,27.0
2026-03-27,14.76,15.145,14.68,15.01,3089948,13.7345,12.890799999999999,,13.969081350421412,12.907402445423957,11.874261430705285,10.886112745873472,78.77984084880639,0.6963614681353807,0.6297357124835149,0.06662575565186579,0,0.5760571428571425,0.5,0.05,3415744.1,3872111.0,0.9046192892494493,0.7980008837556568,87.54325259515572,83.85236447520188,0.25,0.1349999999999998,0.08000000000000007,,0,6.934834440896655,8.49766822118587,14.118587608261166,,0,,,1.418918918918921,1.2137559002022957,26.24053826745163,15.37,7.451589860969533,15.37,0,25,20,20,14.640699999999999,13.4652,14.05295,13.25505,15.01,,,,,,14.945,15.21,15.41,15.675,14.745000000000001,14.48,14.280000000000001,0,0,0,0,0,0,0,0,0,0,0,0,0,0,0,0,0,0,0,0,0,0,,,,,,,,,,,,,,,,,,USD,1.0,stock,27.0
2026-03-30,15.2,15.46,14.83,14.98,6511675,13.873499999999998,12.956800000000001,,14.065359317047944,12.988680780897528,11.935761204354685,10.926847942431946,77.80748663101608,0.6910086562860069,0.6419903012440134,0.04901835504199359,0,0.579628571428571,0.5,0.05,3787590.9,3977118.8,1.719212864303798,1.6372845085743981,81.17647058823528,82.99884659746253,0.21999999999999886,0.26000000000000156,0.15000000000000036,,0,6.105745547076475,7.3865153538050885,13.506008010680903,,0,,,-0.19986675549633626,4.682040531097131,22.786885245901644,15.46,6.50278931618522,15.46,0,25,20,20,14.6857,13.510200000000001,14.09795,13.346,14.98,,,,,,15.089999999999998,15.349999999999996,15.719999999999999,15.979999999999997,14.719999999999995,14.459999999999997,14.089999999999995,0,0,0,0,0,0,0,0,0,0,0,0,0,0,0,0,0,0,0,0,0,0,,,,,,,,,,,,,,,,,,USD,1.0,stock,27.0
2026-03-31,14.96,15.62,14.57,14.99,5607081,14.038499999999999,13.011600000000001,,14.153420334471951,13.067163887528999,11.996241180506079,10.967277316139091,73.1391585760518,0.6797378361044633,0.6495398082161034,0.030198027888359902,0,0.6064142857142854,0.5,0.05,4041326.6,4062263.85,1.3874357494393055,1.3802847887391656,69.11764705882356,79.27912341407152,0.02999999999999936,0.629999999999999,0.39000000000000057,,0,5.580918382441955,6.347565043362249,13.198132088058697,,0,,,0.06675567423231055,2.8826355525051417,28.22925577416595,15.62,5.9107950287499245,15.62,0,25,20,20,14.765699999999999,13.5902,14.17795,13.425999999999998,14.99,,,,,,15.06,15.55,16.11,16.6,14.500000000000002,14.010000000000002,13.450000000000003,0,0,0,0,0,0,0,0,0,0,0,0,0,0,0,0,0,0,0,0,0,0,,,,,,,,,,,,,,,,,,USD,1.0,stock,27.0
2026-04-01,14.695,15.005,14.31,14.49,4883161,14.1835,13.0504,,14.18547554071272,13.122961382135705,12.045622543268335,11.002329283142682,58.43750000000002,0.6232750814197274,0.6442868628568282,-0.021011781437100807,0,0.6196285714285711,0.5,0.05,4266466.2,4198442.2,1.1445446350893391,1.1630887761179611,44.607843137254925,64.96732026143792,0.20500000000000007,0.3100000000000005,0.17999999999999972,,0,2.1016180765167762,2.115251897860592,9.935127674258112,,0,,,-3.3355570380253496,-2.7516778523489993,25.021570319240727,15.62,2.1467342311739004,15.62,0,25,20,20,14.765699999999999,13.5902,14.17795,13.5902,14.49,,,,,,14.601666666666667,14.893333333333333,15.296666666666667,15.588333333333333,14.198333333333332,13.906666666666666,13.503333333333332,0,0,0,0,0,0,0,0,0,0,0,0,0,0,0,0,0,0,0,0,0,0,,,,,,,,,,,,,,,,,,USD,1.0,stock,25.0
2026-04-02,15.0,15.48,14.705,15.14,3554009,14.309999999999999,13.096200000000001,,14.276382632073414,13.202060935777443,12.106897344391733,11.043500136046736,67.0212765957447,0.6237868823770452,0.6401868667608717,-0.016399984383826505,1,0.6614142857142855,0.5,0.05,4031117.3,4107231.7,0.881643657454473,0.8653052127543717,75.51020408163272,63.078564759237075,0.14000000000000057,0.33999999999999986,0.29499999999999993,,0,5.704209827784588,5.482166446499352,13.49933949801849,,0,,,4.485852311939276,2.297297297297307,20.063441712926267,15.62,6.04927305595171,15.62,0,25,20,20,14.765699999999999,13.5902,14.17795,13.5902,15.14,,,,,,15.108333333333334,15.511666666666668,15.883333333333335,16.28666666666667,14.736666666666668,14.333333333333334,13.961666666666668,0,0,0,0,0,0,0,0,0,0,0,0,0,0,0,0,0,0,0,0,0,0,,,,,,,,,,,,,,,,,,USD,1.0,stock,25.0
2026-04-06,15.08,15.2293,14.495,14.92,1949123,14.41,13.150599999999999,,14.337679524256899,13.26943109515872,12.162602347473085,11.08207227399652,60.857908847184994,0.5995293260629548,0.6320553586212883,-0.03252603255833342,0,0.6688142857142856,0.5,0.05,3696880.8,3927057.15,0.5272344729102437,0.4963317124121812,59.030785438370614,59.71627755241942,0.16000000000000014,0.1493000000000002,0.4250000000000007,,0,3.902952250288881,3.41823056300268,11.85924932975872,,0,,,-1.4531043593130843,-0.5996002664890088,15.479876160990713,15.62,4.061469464134099,15.62,0,25,20,20,14.94225,13.5902,14.266224999999999,13.5902,14.92,,,,,,14.881433333333334,15.267866666666668,15.615733333333335,16.002166666666668,14.533566666666667,14.147133333333333,13.799266666666666,0,0,0,0,0,0,0,0,0,0,0,0,0,0,0,0,0,0,0,0,0,0,,,,,,,,,,,,,,,,,,USD,1.0,stock,25.0
2026-04-07,15.0,15.24,14.53,14.71,1810680,14.503499999999999,13.1948,,14.373138617184813,13.325923993387791,12.213045865344906,11.11817105733984,49.698795180722904,0.55693973834037,0.6170322345651047,-0.06009249622473467,0,0.6738142857142856,0.5,0.05,3493010.3,3708461.35,0.5183723620855055,0.48825640315760604,46.740021069881834,60.42700352996172,0.28999999999999915,0.2400000000000002,0.1800000000000015,,0,2.2900161986076704,1.4038069340584765,10.300475866757308,,0,,,-1.407506702412864,-1.8024032042723626,14.563862928348925,15.62,2.3436870107996457,15.62,0,25,20,20,14.94225,13.5902,14.266224999999999,13.5902,14.71,,,,,,14.826666666666668,15.123333333333337,15.536666666666669,15.833333333333337,14.413333333333336,14.116666666666667,13.703333333333335,0,0,0,0,0,0,0,0,0,0,0,0,0,0,0,0,0,0,0,0,0,0,,,,,,,,,,,,,,,,,,USD,1.0,stock,25.0
2026-04-08,13.5,14.21,13.35,14.11,3424873,14.564000000000002,13.2234,,14.348077796500545,13.356672072078466,12.250609313555898,11.147940499555364,42.7461139896373,0.469361688263243,0.5874981253047323,-0.11813643704148935,0,0.7509571428571429,0.5,0.05,3653682.3,3702727.75,0.9373756990310844,0.9249594437506241,33.48017621145374,46.41699423990207,0.6099999999999994,0.10000000000000142,0.15000000000000036,,0,-1.687298345149157,-3.217576187101364,6.283486888731393,,0,,,-4.078857919782475,-5.870580386924617,9.379844961240313,15.62,-1.6593009870535587,15.62,0,25,20,20,14.485,13.5902,14.0376,13.5902,14.11,,,,,,13.89,14.430000000000001,14.750000000000002,15.290000000000003,13.57,13.03,12.709999999999999,0,0,0,0,0,0,0,0,0,0,0,0,0,0,0,0,0,0,0,0,0,0,,,,,,,,,,,,,,,,,,USD,1.0,stock,25.0
2026-04-09,14.12,14.24,13.84,13.91,3561348,14.5815,13.24,,14.306356101595732,13.378371206506761,12.283468535069643,11.175423678664266,40.942928039702224,0.3794431397610687,0.5458871281959996,-0.1664439884349309,0,0.723457142857143,0.5,0.05,3771909.5,3699852.0,0.9441764178064187,0.9625649890860499,24.669603524229103,34.96326693518822,0.20999999999999908,0.120000000000001,0.07000000000000028,,0,-2.849432793642931,-4.8274622573688,4.8166786484543485,,0,,,-1.417434443656973,-4.00276052449966,2.581120943952797,15.62,-2.7704895556984086,15.62,0,25,20,20,14.485,13.5902,14.0376,13.5902,13.91,,,,,,13.996666666666664,14.153333333333329,14.396666666666665,14.55333333333333,13.753333333333329,13.596666666666664,13.353333333333328,0,0,0,0,0,0,0,0,0,0,0,0,0,0,0,0,0,0,0,0,0,0,,,,,,,,,,,,,,,,,,USD,1.0,stock,25.0
2026-04-10,13.95,14.215,13.95,14.1,2091301,14.588999999999999,13.2668,,14.286703139538997,13.406670374879045,12.319439455167274,11.204523940568105,40.942928039702224,0.3198266913361625,0.5006750408240321,-0.18084834948786965,0,0.6963142857142859,0.5,0.05,3648319.9,3553182.75,0.5732230334297165,0.5885711901533913,33.039647577092516,30.39647577092512,0.15000000000000036,0.11500000000000021,0.0,,0,-1.3241357414113253,-3.4680851063829716,5.9092198581560265,,0,,,1.3659237958303372,-6.8692206076618305,1.0752688172043001,15.62,-1.3068315181988264,15.62,0,25,20,20,14.485,13.645,14.065,13.5902,14.1,,,,,,14.088333333333333,14.226666666666667,14.353333333333333,14.491666666666667,13.961666666666666,13.823333333333332,13.696666666666665,0,0,0,0,0,0,0,0,0,0,0,0,0,0,0,0,0,0,0,0,0,0,,,,,,,,,,,,,,,,,,USD,1.0,stock,25.0
2026-04-13,14.29,14.62,13.96,14.12,2857856,14.602,13.293800000000001,,14.270826650059092,13.434644085668104,12.355094119421388,11.233533652602254,47.30878186968836,0.2710693406746394,0.4547539007941536,-0.18368456011951423,0,0.6778428571428572,0.5,0.05,3625110.7,3520427.4,0.7883499943877575,0.811792340895881,33.92070484581497,30.543318649045528,0.16999999999999993,0.33000000000000007,0.15999999999999837,,0,-1.068177408350518,-3.413597733711056,5.851274787535399,,0,,,0.14184397163119478,-5.36193029490617,1.8759018759018753,15.62,-1.05688796982527,15.62,0,25,20,20,14.485,14.05,14.2675,13.5902,14.12,,,,,,14.233333333333333,14.506666666666664,14.89333333333333,15.166666666666663,13.846666666666666,13.573333333333334,13.186666666666667,0,0,0,0,0,0,0,0,0,0,0,0,0,0,0,0,0,0,0,0,0,0,,,,,,,,,,,,,,,,,,USD,1.0,stock,25.0
2026-04-14,14.02,14.02,13.36,13.51,2639489,14.572,13.3126,,14.198366969101084,13.437599219563472,12.377963542799183,11.256185059044023,36.340206185567,0.18111905920849658,0.40002693247702226,-0.21890787326852568,0,0.6960571428571429,0.5,0.05,3237892.1,3512741.5,0.8151874486490763,0.7514042806736562,7.048458149779743,24.669603524229075,0.5099999999999998,0.0,0.15000000000000036,,0,-5.095240333834819,-7.860843819393038,1.4611398963730573,,0,,,-4.320113314447593,-8.157715839564927,-4.252303330970941,15.62,-4.848212266939776,15.62,0,25,20,20,14.415,14.05,14.2325,13.5902,13.51,,,,,,13.63,13.900000000000002,14.290000000000001,14.560000000000002,13.240000000000002,12.97,12.580000000000002,0,0,0,0,0,0,0,0,0,0,0,0,0,0,0,0,0,0,0,0,0,0,,,,,,,,,,,,,,,,,,USD,1.0,stock,25.0
2026-04-15,13.51,13.6999,13.105,13.17,1918025,14.494,13.3298,,14.100427257758124,13.427105132521767,12.393647433040783,11.275227993779904,27.763496143958847,0.08145864997766061,0.33631327597714994,-0.2548546259994893,0,0.6917285714285715,0.5,0.05,2868986.5,3455156.55,0.6685374783046208,0.5551195646981611,2.5844930417494845,14.5178853457814,0.33999999999999986,0.18989999999999974,0.0649999999999995,,0,-7.06474759117786,-10.053151100987092,-1.2133637053910449,,0,,,-2.5166543301258337,-6.661941885187805,-10.59063136456212,15.62,-6.598574927906517,15.62,0,25,20,20,14.2925,14.05,14.17125,13.5902,13.17,,,,,,13.324966666666667,13.544933333333333,13.919866666666666,14.139833333333332,12.950033333333334,12.730066666666668,12.355133333333335,0,0,0,0,0,0,0,0,0,0,0,0,0,0,0,0,0,0,0,0,0,0,,,,,,,,,,,,,,,,,,USD,1.0,stock,27.0
2026-04-16,13.18,13.765,13.17,13.76,2866864,14.448500000000001,13.356999999999998,,14.068005614162113,13.440159833207188,12.420703919515223,11.299952093344283,38.12785388127852,0.049514356136091564,0.2789534920089383,-0.22943913587284676,1,0.710657142857143,0.5,0.05,2667356.8,3466911.5,1.0747958428358741,0.8269215986620945,26.043737574552672,11.892229588693965,0.5800000000000001,0.005000000000000782,0.009999999999999787,,0,-2.238412893620006,-5.0036337209302415,2.928779069767458,,0,,,4.479878511769164,-1.0783608914450071,-6.203135650988411,15.62,-2.189404970467504,15.62,0,25,20,20,14.1725,14.265,14.21875,13.5902,13.76,,,,,,13.565,13.959999999999999,14.16,14.555,13.364999999999998,12.969999999999999,12.769999999999998,0,0,0,0,0,0,0,0,0,0,0,0,0,0,0,0,0,0,0,0,0,0,,,,,,,,,,,,,,,,,,USD,1.0,stock,25.0
2026-04-17,13.02,13.59,12.88,13.55,5567528,14.394,13.382200000000001,,14.018671746146675,13.444467290728475,12.443066218138684,11.322340629728917,33.33333333333333,0.007170372572058881,0.22459686812156243,-0.21742649554950355,1,0.7403000000000001,0.5,0.05,2868708.7,3449913.0,1.9407784415336418,1.6138169281370285,24.45255474452556,17.693595120275905,0.5300000000000011,0.03999999999999915,0.1399999999999988,,0,-3.4588320748832015,-6.228782287822874,1.2383763837638355,,0,,,-1.5261627906976716,-3.900709219858145,-7.44535519125683,15.62,-3.34319652127883,15.62,0,25,20,20,14.06,14.25,14.155000000000001,13.5902,13.55,,,,,,13.339999999999998,13.799999999999995,14.049999999999997,14.509999999999994,13.089999999999996,12.629999999999999,12.379999999999997,0,0,0,0,0,0,0,0,0,0,0,0,0,0,0,0,0,0,0,0,0,0,,,,,,,,,,,,,,,,,,USD,1.0,stock,25.0
2026-04-20,13.7,13.86,13.57,13.66,1975780,14.3355,13.4208,,13.984512532227944,13.452919553837162,12.467163916789403,11.345600921970421,35.201793721973075,-0.017311897998872894,0.17621511489747538,-0.19352701289634827,1,0.717442857142857,0.5,0.05,2871374.4,3284127.6,0.6880955684497292,0.6016148702626536,28.46715328467153,26.321148534583255,0.03999999999999915,0.16000000000000014,0.08999999999999986,,0,-2.375640792298271,-4.945095168374813,1.7510980966325058,,0,,,0.8118081180811698,-3.257790368271951,-7.8894133513149,15.62,-2.3205137217338825,15.62,0,25,20,20,13.75,14.25,14.0,13.5902,13.66,,,,,,13.696666666666667,13.823333333333334,13.986666666666666,14.113333333333333,13.533333333333335,13.406666666666668,13.243333333333336,0,0,0,0,0,0,0,0,0,0,0,0,0,0,0,0,0,0,0,0,0,0,,,,,,,,,,,,,,,,,,USD,1.0,stock,25.0
2026-04-21,13.74,14.18,13.68,14.15,2924061,14.3275,13.4592,,14.000273243444331,13.48025604192198,12.500487403585653,11.373505390408527,41.497975708502025,0.0027924415594995367,0.14153058022988022,-0.13873813867038068,1,0.6795857142857142,0.5,0.05,2982712.5,3237861.4,0.9803361872791964,0.9030840541846541,48.84615384615384,33.92195395845031,0.41000000000000014,0.02999999999999936,0.0600000000000005,,0,1.058139622301548,-1.2544169611307436,4.881978798586581,,0,,,3.5871156661786197,4.737231680236875,-1.1180992313067795,15.62,1.0694559595526394,15.62,0,25,20,20,13.75,14.25,14.0,13.5902,14.15,,,,,,14.003333333333332,14.326666666666664,14.503333333333332,14.826666666666664,13.826666666666664,13.503333333333332,13.326666666666664,0,0,0,0,0,0,0,0,0,0,0,0,0,0,0,0,0,0,0,0,0,0,,,,,,,,,,,,,,,,,,USD,1.0,stock,25.0
2026-04-22,14.2,14.49,14.2,14.32,2297376,14.315000000000001,13.499600000000001,,14.030723410735348,13.513187177532881,12.536517355989899,11.402823744732821,48.15618221258135,0.03207313561167702,0.11963909130623958,-0.08756595569456256,1,0.6542285714285713,0.5,0.05,2869962.8,3261822.55,0.800489818195553,0.7043228026000372,55.38461538461537,44.23264083848025,0.120000000000001,0.16999999999999993,0.0,,0,2.0200879138593035,0.03491620111731149,5.729050279329604,,0,,,1.201413427561837,8.731966590736517,-1.7158544955387822,15.62,2.06173680997316,15.62,0,25,20,20,13.75,14.25,14.0,13.5902,14.32,,,,,,14.336666666666666,14.473333333333333,14.626666666666667,14.763333333333334,14.183333333333332,14.046666666666665,13.89333333333333,0,0,0,0,0,0,0,0,0,0,0,0,0,0,0,0,0,0,0,0,0,0,,,,,,,,,,,,,,,,,,USD,1.0,stock,25.0
2026-04-23,14.45,14.635,14.1836,14.43,2094731,14.291500000000003,13.5472,,14.068749752570076,13.549140621551201,12.574012061811882,11.432944901501648,41.277641277641266,0.06342327328091457,0.10839592770117458,-0.04497265442026001,1,0.6157571428571427,0.5,0.05,2723301.1,3247605.3,0.7691881738673699,0.6450078770348109,65.67796610169488,56.63624511082136,0.019999999999999574,0.1850000000000005,0.2463999999999995,,0,2.5034667181560897,0.9598059598059387,6.117810117810115,,0,,,0.7681564245810124,4.869186046511631,-3.1543624161073813,15.62,2.5677494715827938,15.62,0,25,20,20,13.7575,14.25,14.00375,13.5902,14.43,,,,,,14.416199999999998,14.648799999999996,14.867599999999998,15.100199999999996,14.197399999999996,13.964799999999999,13.745999999999997,0,0,0,0,0,0,0,0,0,0,0,0,0,0,0,0,0,0,0,0,0,0,,,,,,,,,,,,,,,,,,USD,1.0,stock,25.0
2026-04-24,14.28,14.28,13.755,13.8,2442563,14.241500000000002,13.578800000000001,,14.043154538039593,13.558978244235467,12.598289050686894,11.456497688551384,37.49999999999999,0.03700616435190085,0.09411797503131983,-0.05711181067941898,0,0.6115214285714282,0.5,0.05,2758427.3,3203373.6,0.8854911637511709,0.7624970749587248,38.98305084745763,53.34854411125596,0.47999999999999865,0.0,0.04499999999999993,,0,-1.7619894060840005,-3.19927536231885,1.6028985507246347,,0,,,-4.365904365904361,1.845018450184499,-6.756756756756754,15.62,-1.7314808961258938,15.62,0,25,20,20,13.7575,14.25,14.00375,13.5902,13.8,,,,,,13.945,14.135,14.469999999999999,14.659999999999998,13.610000000000001,13.420000000000002,13.085000000000003,0,0,0,0,0,0,0,0,0,0,0,0,0,0,0,0,0,0,0,0,0,0,,,,,,,,,,,,,,,,,,USD,1.0,stock,25.0
2026-04-27,13.91,14.0698,13.64,13.72,2321705,14.177000000000001,13.615600000000002,,14.012377915369155,13.5652928228929,12.620501148693094,11.479020099610574,38.620689655172406,0.009505510184133925,0.07719548206188265,-0.06768997187774872,0,0.5915071428571425,0.5,0.05,2704812.2,3164961.45,0.8583608873104017,0.7335650170399389,47.863247863247885,50.841421604133465,0.1899999999999995,0.1598000000000006,0.08000000000000007,,0,-2.1310343685798454,-3.3309037900874685,0.7609329446064014,,0,,,-0.5797101449275366,0.43923865300146137,-8.594270486342436,15.62,-2.086568868860344,15.62,0,25,20,20,13.7575,14.25,14.00375,13.5902,13.72,,,,,,13.809933333333333,13.979866666666666,14.239733333333334,14.409666666666666,13.550066666666666,13.380133333333333,13.120266666666666,0,0,0,0,0,0,0,0,0,0,0,0,0,0,0,0,0,0,0,0,0,0,,,,,,,,,,,,,,,,,,USD,1.0,stock,25.0
2026-04-28,13.99,14.0673,13.7309,13.97,2005207,14.126500000000002,13.657,,14.008341923429235,13.581163692583374,12.647223898223924,11.50380596926619,48.25000000000001,0.007794108654582743,0.06331520738042266,-0.05552109872583992,1,0.5191714285714281,0.5,0.05,2641384.0,2939638.05,0.7591501273574762,0.6821271754867917,62.10826210826214,49.65152027298922,0.019999999999999574,0.07729999999999926,0.23910000000000053,,0,-0.27445900808328105,-1.1202576950608532,2.2405153901216934,,0,,,1.8221574344023272,-1.272084805653706,-6.742323097463288,15.62,-0.27370779239123744,15.62,0,25,20,20,13.7575,14.25,14.00375,13.5902,13.97,,,,,,13.922733333333333,14.114566666666667,14.259133333333333,14.450966666666666,13.778166666666667,13.586333333333334,13.441766666666668,0,0,0,0,0,0,0,0,0,0,0,0,0,0,0,0,0,0,0,0,0,0,,,,,,,,,,,,,,,,,,USD,1.0,stock,25.0
2026-04-29,13.52,13.94,13.4002,13.78,2688054,14.065999999999999,13.693600000000002,,13.986595073578831,13.588961194835008,12.669655108160082,11.526454666089414,48.37092731829573,-0.008792249907369154,0.0488937159228643,-0.05768596583023346,0,0.5312999999999996,0.5,0.05,2718386.9,2793686.7,0.9888415810126219,0.9621887808679477,51.28205128205123,53.75118708452042,0.2599999999999998,0.16000000000000014,0.11979999999999968,,0,-1.4992385600786067,-2.075471698113205,0.6269956458635529,,0,,,-1.3600572655690812,-3.7709497206704023,-8.07204803202135,15.48,-1.4770934061650025,15.48,0,25,20,20,13.7575,14.25,14.00375,13.5902,13.78,,,,,,13.706733333333332,14.013266666666665,14.246533333333332,14.553066666666664,13.473466666666665,13.166933333333333,12.933666666666666,0,0,0,0,0,0,0,0,0,0,0,0,0,0,0,0,0,0,0,0,0,0,,,,,,,,,,,,,,,,,,USD,1.0,stock,25.0
2026-04-30,13.5,14.185,13.46,14.16,3798950,14.0495,13.7356,,14.003109828476086,13.61135487346893,12.699166888196517,11.552659097272604,50.71770334928231,0.008626326716827393,0.040840238081656925,-0.03221391136482953,1,0.5612999999999995,0.5,0.05,2811595.5,2739476.15,1.3511723147942156,1.3867432282628196,72.93447293447295,62.1082621082621,0.6600000000000001,0.025000000000000355,0.03999999999999915,,0,1.1079814373157764,0.7803672316384184,2.99717514124294,,0,,,2.7576197387518153,-1.8711018711018657,-2.2774327122153215,15.48,1.1203952082477366,15.48,0,25,20,20,14.0176,14.25,14.1338,13.5902,14.16,,,,,,13.935000000000002,14.410000000000004,14.660000000000002,15.135000000000003,13.685000000000004,13.210000000000003,12.960000000000004,0,0,0,0,0,0,0,0,0,0,0,0,0,0,0,0,0,0,0,0,0,0,,,,,,,,,,,,,,,,,,USD,1.0,stock,25.0
2026-05-01,14.06,14.1,13.71,13.92,1677366,13.988499999999998,13.7624,,13.995194606716458,13.62345860392113,12.723341801301537,11.576214728145514,47.727272727272734,0.00302975482163248,0.03327814142965203,-0.030248386608019553,1,0.5462999999999996,0.5,0.05,2422579.3,2645644.0,0.6923884803275584,0.634010471552484,59.259259259259245,61.15859449192781,0.14000000000000057,0.03999999999999915,0.20999999999999908,,0,-0.5401911402044409,-0.49209770114941415,1.13218390804598,,0,,,-1.6949152542372947,0.8695652173912993,-8.058124174372526,15.24,-0.5372887539582436,15.24,0,25,20,20,14.0176,14.25,14.1338,13.5902,13.92,,,,,,13.910000000000002,14.110000000000003,14.3,14.500000000000002,13.720000000000004,13.520000000000003,13.330000000000005,0,0,0,0,0,0,0,0,0,0,0,0,0,0,0,0,0,0,0,0,0,0,,,,,,,,,,,,,,,,,,USD,1.0,stock,25.0
2026-05-04,14.01,14.07,13.8,14.03,4238653,13.943999999999999,13.793,,13.998509406076796,13.63940140376736,12.749216221077745,11.600630501994813,56.666666666666664,0.007385377925722025,0.028099588728866035,-0.02071421080314401,1,0.5112999999999995,0.5,0.05,2648866.6,2760120.5,1.6001760904078748,1.5356767938211393,65.52706552706549,65.90693257359924,0.019999999999999574,0.040000000000000924,0.20999999999999908,,0,0.2244518454968193,0.6129722024233807,1.689237348538846,,0,,,0.7902298850574585,2.2594752186588796,-5.965147453083109,15.24,0.22495676510767343,15.24,0,25,20,20,14.0176,14.25,14.1338,13.5902,14.03,,,,,,13.966666666666667,14.133333333333333,14.236666666666666,14.403333333333332,13.863333333333333,13.696666666666667,13.593333333333334,0,0,0,0,0,0,0,0,0,0,0,0,0,0,0,0,0,0,0,0,0,0,,,,,,,,,,,,,,,,,,USD,1.0,stock,25.0
2026-05-05,13.92,14.38,13.77,14.2,2068329,13.9185,13.823599999999999,,14.017698986450435,13.66138566244315,12.777944612739573,11.626494875109293,63.806970509383376,0.024274992859970368,0.027334669555086902,-0.0030596766951165345,1,0.5123785714285711,0.5,0.05,2563293.4,2773002.95,0.8069029475907831,0.7458805624422433,75.21367521367517,66.66666666666664,0.27999999999999936,0.1800000000000015,0.15000000000000036,,0,1.2838099545743942,1.982394366197179,2.650704225352115,,0,,,1.2116892373485344,1.646385110952031,-3.4670292318150997,14.635,1.3005059798029395,14.635,0,25,20,20,14.0176,14.25,14.1338,13.5902,14.2,,,,,,14.116666666666665,14.463333333333331,14.726666666666667,15.073333333333332,13.85333333333333,13.506666666666664,13.243333333333329,0,0,0,0,0,0,0,0,0,0,0,0,0,0,0,0,0,0,0,0,0,0,,,,,,,,,,,,,,,,,,USD,1.0,stock,25.0
2026-05-06,13.62,13.7653,13.29,13.36,2584838,13.881,13.8424,,13.95506098774087,13.649566616857145,12.789470461992254,11.643743682322135,44.97487437185929,-0.029777587950631457,0.01591221805394323,-0.04568980600457469,0,0.5348785714285711,0.5,0.05,2592039.6,2731001.2,0.9972216473853254,0.9464799942233639,27.35042735042729,56.030389363722655,0.2599999999999998,0.14530000000000065,0.07000000000000028,,0,-4.4540493094376545,-3.899700598802401,-3.610778443113774,,0,,,-5.915492957746482,-3.0478955007256836,-5.315379163713674,14.635,-4.264123161221688,14.635,0,25,20,20,13.835,14.25,14.0425,13.5902,13.36,,,,,,13.471766666666667,13.653533333333336,13.947066666666668,14.128833333333336,13.178233333333335,12.996466666666667,12.702933333333334,0,0,0,0,0,0,0,0,0,0,0,0,0,0,0,0,0,0,0,0,0,0,,,,,,,,,,,,,,,,,,USD,1.0,stock,25.0
2026-05-07,13.13,13.23,12.79,13.0,2969030,13.835500000000001,13.8508,,13.864102798432217,13.62409341619608,12.793639363734982,11.657238770060225,43.34140435835351,-0.10050507903642547,-0.007371241364130511,-0.09313383767229497,0,0.5127357142857141,0.5,0.05,2679469.5,2701385.3,1.1080663541794373,1.0990768329123581,11.382113821138253,37.98207212841357,0.13000000000000078,0.09999999999999964,0.21000000000000085,,0,-6.646944603324748,-6.426923076923089,-6.544615384615381,,0,,,-2.6946107784431073,-8.192090395480223,-6.542056074766355,14.635,-6.23266294974336,14.635,0,25,20,20,13.585,14.135,13.86,13.5902,13.0,,,,,,13.006666666666666,13.223333333333333,13.446666666666667,13.663333333333334,12.783333333333331,12.566666666666665,12.34333333333333,0,0,0,0,0,0,0,0,0,0,0,0,0,0,0,0,0,0,0,0,0,0,,,,,,,,,,,,,,,,,,USD,1.0,stock,25.0
2026-05-08,13.09,13.09,12.61,12.64,2773539,13.7625,13.863599999999998,,13.74752157953391,13.585501517521726,12.790597000096666,11.667017488766094,38.35616438356164,-0.18349094722003478,-0.04259518253531137,-0.14089576468472342,0,0.5248785714285713,0.5,0.05,2712567.1,2735497.2,1.0224775637808186,1.013906722331867,1.4814814814815374,13.404674217682361,0.4499999999999993,0.0,0.030000000000001137,,0,-8.762037812768266,-8.880537974683534,-9.680379746835424,,0,,,-2.7692307692307683,-9.195402298850574,-10.354609929078007,14.635,-8.056154508480198,14.635,0,25,20,20,13.495000000000001,14.045,13.77,13.5902,12.64,,,,,,12.780000000000001,12.950000000000003,13.260000000000002,13.430000000000003,12.470000000000002,12.3,11.990000000000002,0,0,0,0,0,0,0,0,0,0,0,0,0,0,0,0,0,0,0,0,0,0,,,,,,,,,,,,,,,,,,USD,1.0,stock,25.0
2026-05-11,12.89,12.96,12.69,12.79,2637535,13.696000000000002,13.881599999999999,,13.656329048149727,13.554305379579699,12.790585178312574,11.678191444101754,33.16831683168314,-0.23445148842120922,-0.08096644371249094,-0.15348504470871827,0,0.5105928571428571,0.5,0.05,2744150.1,2724481.15,0.9611482258204461,0.9680870796261519,8.888888888888873,7.250828063836221,0.10000000000000142,0.07000000000000028,0.09999999999999964,,0,-6.773487475760189,-7.083659108678673,-8.534792806880374,,0,,,1.186708860759489,-8.838203848895231,-9.419263456090654,14.635,-6.343791549655912,14.635,0,25,20,20,13.495000000000001,13.925,13.71,13.5902,12.79,,,,,,12.813333333333333,12.936666666666666,13.083333333333334,13.206666666666667,12.666666666666664,12.543333333333331,12.396666666666663,0,0,0,0,0,0,0,0,0,0,0,0,0,0,0,0,0,0,0,0,0,0,,,,,,,,,,,,,,,,,,USD,1.0,stock,25.0
2026-05-12,12.91,13.16,12.855,13.08,2903938,13.6745,13.8992,,13.601440567373563,13.53570516861579,12.796316164880642,11.692139787941539,35.09615384615384,-0.24857212339738766,-0.11448757964947029,-0.13408454374791737,1,0.5127357142857143,0.5,0.05,2834023.2,2737703.6,1.024669805102513,1.0607203789336435,23.209876543209905,11.193415637860106,0.16999999999999993,0.08000000000000007,0.054999999999999716,,0,-3.9865486802260195,-4.545107033639144,-6.262996941896028,,0,,,2.2673964034402028,-7.887323943661961,-3.1828275351591384,14.635,-3.833715736143186,14.635,0,25,20,20,13.495000000000001,13.925,13.71,13.5902,13.08,,,,,,13.031666666666666,13.208333333333332,13.336666666666666,13.513333333333332,12.903333333333332,12.726666666666667,12.598333333333333,0,0,0,0,0,0,0,0,0,0,0,0,0,0,0,0,0,0,0,0,0,0,,,,,,,,,,,,,,,,,,USD,1.0,stock,25.0
2026-05-13,13.08,13.44,12.84,12.87,3741272,13.6595,13.9228,,13.531779560957034,13.509599083572033,12.79777525072459,11.703859790051574,31.690140845070417,-0.273554704949694,-0.14630100470951504,-0.12725370024017899,1,0.52335,0.5,0.05,2939345.0,2828865.95,1.2728250681699493,1.3225342119869623,14.689265536723141,15.596010322940637,0.21000000000000085,0.35999999999999943,0.02999999999999936,,0,-5.142032330668491,-6.134421134421137,-8.18026418026419,,0,,,-1.6055045871559703,-3.667664670658688,-2.277904328018232,14.635,-4.890558244581915,14.635,0,25,20,20,13.495000000000001,13.622499999999999,13.55875,13.5902,12.87,,,,,,13.049999999999999,13.259999999999998,13.649999999999999,13.859999999999998,12.659999999999998,12.45,12.059999999999999,0,0,0,0,0,0,0,0,0,0,0,0,0,0,0,0,0,0,0,0,0,0,,,,,,,,,,,,,,,,,,USD,1.0,stock,25.0
2026-05-14,12.84,13.38,12.76,13.22,3003399,13.632499999999999,13.9554,,13.502086269437317,13.498242256765286,12.806136136848854,11.718945762289867,42.71356783919598,-0.2620902921493684,-0.16945886219748574,-0.09263142995188267,1,0.5194214285714287,0.5,0.05,2859789.9,2835692.7,1.050216661021147,1.0591412108935498,34.46327683615824,24.12080630536376,0.3800000000000008,0.16000000000000014,0.08000000000000007,,0,-2.1337841863639673,-3.120272314674719,-5.5627836611195045,,0,,,2.71950271950272,1.692307692307704,-3.9244186046511587,14.635,-2.08920505919025,14.635,0,25,20,20,13.495000000000001,13.622499999999999,13.55875,13.5902,13.22,,,,,,13.12,13.479999999999999,13.74,14.1,12.859999999999998,12.499999999999998,12.239999999999997,0,0,0,0,0,0,0,0,0,0,0,0,0,0,0,0,0,0,0,0,0,0,,,,,,,,,,,,,,,,,,USD,1.0,stock,25.0
2026-05-15,13.29,13.44,12.915,13.09,2408210,13.6095,13.965,,13.462839958062334,13.48223275649998,12.811757203445906,11.732588093013351,42.18362282878412,-0.26049178876279555,-0.1876654475105477,-0.07282634125224785,1,0.5262214285714287,0.5,0.05,2932874.3,2677726.8,0.8211091760734512,0.8993486564798172,27.118644067796613,25.423728813559332,0.1999999999999993,0.15000000000000036,0.1750000000000007,,0,-2.8482808102546544,-3.9686783804430923,-6.684491978609626,,0,,,-0.9833585476550777,3.5601265822784667,-3.394833948339493,14.635,-2.769400507053164,14.635,0,25,20,20,13.495000000000001,13.622499999999999,13.55875,13.5902,13.09,,,,,,13.148333333333332,13.381666666666664,13.673333333333332,13.906666666666665,12.856666666666664,12.623333333333331,12.331666666666663,0,0,0,0,0,0,0,0,0,0,0,0,0,0,0,0,0,0,0,0,0,0,,,,,,,,,,,,,,,,,,USD,1.0,stock,25.0
2026-05-18,12.93,13.89,12.93,13.81,3675180,13.617,13.9828,,13.495902819199255,13.495086373892137,12.831524387536085,11.753258858257,48.22222222222222,-0.19883493524040396,-0.18989934505651895,-0.008935590183885012,1,0.5699857142857147,0.5,0.05,2876527.0,2762696.8,1.2776448821791,1.3302871310380495,67.79661016949154,43.12617702448213,0.8800000000000008,0.08000000000000007,0.0,,0,2.274418398267526,1.3975380159304824,-1.2512671976828293,,0,,,5.500381970970203,7.974980453479286,1.0980966325036645,14.635,2.327352123148894,14.635,0,25,20,20,13.25,13.622499999999999,13.43625,13.645,13.81,,,,,,13.543333333333335,14.15666666666667,14.503333333333336,15.11666666666667,13.196666666666669,12.583333333333334,12.236666666666668,0,0,0,0,0,0,0,0,0,0,0,0,0,0,0,0,0,0,0,0,0,0,,,,,,,,,,,,,,,,,,USD,1.0,stock,25.0
2026-05-19,13.8,14.01,13.485,14.01,3227185,13.61,14.006200000000002,,13.544864455465992,13.515279065112054,12.854860538277944,11.775713993995737,52.54988913525499,-0.13230794247795785,-0.17838106454080674,0.04607312206284889,1,0.5667857142857146,0.5,0.05,2992412.6,2777853.0,1.0784558920785188,1.1617551396708177,79.09604519774007,58.00376647834275,0.20999999999999908,0.0,0.3150000000000013,,0,3.3200253000286035,2.855103497501787,0.027123483226254456,,0,,,1.4482259232440287,7.110091743119273,-0.9893992932862195,14.635,3.4340361696739103,14.635,0,25,20,20,13.309999999999999,13.622499999999999,13.466249999999999,14.05,14.01,,,,,,13.834999999999999,14.184999999999999,14.36,14.709999999999999,13.659999999999998,13.309999999999999,13.134999999999998,0,0,0,0,0,0,0,0,0,0,0,0,0,0,0,0,0,0,0,0,0,0,,,,,,,,,,,,,,,,,,USD,1.0,stock,25.0
2026-05-20,13.95,14.19,13.705,13.72,3412160,13.579999999999998,14.0226,,13.561544031135899,13.523307337068445,12.871992012767489,11.795060123408714,45.022624434389144,-0.10181177501475425,-0.16306720663559626,0.061255431620842016,1,0.5496428571428574,0.5,0.05,3075144.8,2833592.2,1.1095932783392835,1.204181744994922,62.711864406779675,69.86817325800376,0.22999999999999865,0.2400000000000002,0.015000000000000568,,0,1.1549268867645905,1.0204081632653232,-2.2055393586005825,,0,,,-2.0699500356887834,6.604506604506621,-4.189944134078205,14.635,1.1684212984915536,14.635,0,25,20,20,13.399999999999999,13.622499999999999,13.511249999999999,14.05,13.72,,,,,,13.871666666666668,14.038333333333336,14.356666666666667,14.523333333333335,13.553333333333336,13.386666666666668,13.068333333333337,0,0,0,0,0,0,0,0,0,0,0,0,0,0,0,0,0,0,0,0,0,0,,,,,,,,,,,,,,,,,,USD,1.0,stock,25.0
2026-05-21,13.96,14.025,13.54,13.86,2491391,13.551499999999999,14.0286,,13.589968409122957,13.536510970908898,12.891556527366152,11.815606788847433,49.30555555555555,-0.06559042700210327,-0.14357185070889766,0.0779814237067944,1,0.5521428571428576,0.5,0.05,3027380.9,2853425.2,0.8229526056665021,0.8731229401072086,70.62146892655362,70.80979284369111,0.10000000000000142,0.0649999999999995,0.3200000000000003,,0,1.94827987645774,2.225829725829729,-1.2164502164502267,,0,,,1.0204081632652962,4.841149773071085,-3.950103950103956,14.38,1.9869920425699468,14.38,0,25,20,20,13.44,13.622499999999999,13.53125,14.05,13.86,,,,,,13.808333333333332,14.076666666666664,14.293333333333333,14.561666666666666,13.591666666666663,13.32333333333333,13.106666666666662,0,0,0,0,0,0,0,0,0,0,0,0,0,0,0,0,0,0,0,0,0,0,,,,,,,,,,,,,,,,,,USD,1.0,stock,25.0
2026-05-22,13.69,13.97,13.635,13.85,1800136,13.553999999999998,14.026599999999998,,13.614733322539818,13.548804658324235,12.910535606032168,11.835849507366364,47.86729857819906,-0.03726212953347918,-0.12230990647381398,0.0850477769403348,1,0.5567857142857148,0.5,0.05,2930040.6,2821303.85,0.6143723742258043,0.6380510911648173,70.0564971751412,67.7966101694915,0.16000000000000014,0.120000000000001,0.054999999999999716,,0,1.698676371553657,2.137184115523474,-1.2750902527075723,,0,,,-0.07215007215006786,5.805958747135209,0.36231884057971175,14.38,1.7280300090100675,14.38,0,25,20,20,13.475,13.622499999999999,13.548749999999998,14.114999999999998,13.85,,,,,,13.818333333333333,14.001666666666667,14.153333333333334,14.336666666666668,13.666666666666666,13.483333333333333,13.331666666666665,0,0,0,0,0,0,0,0,0,0,0,0,0,0,0,0,0,0,0,0,0,0,,,,,,,,,,,,,,,,,,USD,1.0,stock,25.0
2026-05-26,13.8,14.9893,13.76,14.86,6170662,13.611,14.046599999999998,,13.733330148964598,13.60022408348799,12.949138861358263,11.86594055704431,56.52173913043479,0.0659268457428901,-0.08466255603047318,0.15058940177336327,1,0.601021428571429,0.5,0.05,3283353.3,3013751.7,1.8793780127164508,2.0475017898787082,94.56562854621104,78.41453154930196,1.0599999999999987,0.12930000000000064,0.040000000000000924,,0,7.581896709524911,8.405114401076707,5.473755047106335,,0,,,7.2924187725631695,7.603186097031123,8.309037900874628,14.9893,8.203908584549286,14.9893,0,25,20,20,13.874649999999999,13.79965,13.83715,14.114999999999998,14.86,,,,,,14.536433333333333,15.312866666666666,15.765733333333333,16.542166666666667,14.083566666666666,13.307133333333333,12.854266666666666,0,0,0,0,0,0,0,0,0,0,0,0,0,0,0,0,0,0,0,0,0,0,,,,,,,,,,,,,,,,,,USD,1.0,stock,25.0
2026-05-27,14.54,14.93,14.4509,14.92,3850165,13.658499999999998,14.062800000000003,,13.846346325253684,13.651980001782581,12.988165814598693,11.896329208217999,68.22429906542057,0.150807930694544,-0.037568458685469736,0.18837638938001375,1,0.5702428571428575,0.5,0.05,3377976.0,3105999.6,1.1397845929041532,1.239589663823524,97.08737864077669,87.23650145404298,0.3800000000000008,0.009999999999999787,0.0890999999999984,,0,7.196070206074504,8.455093833780172,5.745308310991938,,0,,,0.40376850605652326,6.495360456816557,6.800286327845373,14.9893,7.754057637487592,14.9893,0,25,20,20,13.874649999999999,13.79965,13.83715,14.114999999999998,14.92,,,,,,14.766966666666667,15.083033333333333,15.246066666666666,15.562133333333332,14.603933333333334,14.287866666666668,14.124833333333335,0,0,0,0,0,0,0,0,0,0,0,0,0,0,0,0,0,0,0,0,0,0,,,,,,,,,,,,,,,,,,USD,1.0,stock,25.0
2026-05-28,14.95,15.15,14.56,14.77,3298126,13.708000000000002,14.063600000000001,,13.93431334189619,13.695823923281305,13.023449659854164,11.92492294743971,71.74447174447174,0.2036257843667002,0.010670389924964253,0.19295539444173596,1,0.5716714285714289,0.5,0.05,3333661.4,3136503.2,0.9893404291149666,1.051529614253223,85.03937007874012,92.23079242190927,0.17999999999999972,0.20000000000000107,0.20999999999999908,,0,5.658000393390716,7.190250507786036,4.782667569397417,,0,,,-1.0053619302949124,7.653061224489788,7.184325108853407,15.15,5.997329309304077,15.15,0,25,20,20,14.032499999999999,13.879999999999999,13.956249999999999,14.114999999999998,14.77,,,,,,14.826666666666668,15.093333333333335,15.416666666666668,15.683333333333335,14.503333333333336,14.236666666666668,13.913333333333336,0,0,0,0,0,0,0,0,0,0,0,0,0,0,0,0,0,0,0,0,0,0,,,,,,,,,,,,,,,,,,USD,1.0,stock,27.0
2026-05-29,14.72,14.76,14.38,14.61,3618403,13.730499999999997,14.0624,,13.998664452191791,13.731673965505568,13.054866498272892,11.9516401320423,75.45219638242892,0.22992323913130264,0.05452095976623193,0.1754022793650707,0,0.5652428571428574,0.5,0.05,3395161.8,3127475.85,1.0657527426233413,1.156972323223535,78.04878048780485,86.72517640244057,0.11000000000000121,0.03999999999999915,0.22999999999999865,,0,4.184363776921343,6.0198494182067215,3.7481177275838413,,0,,,-1.0832769126608022,5.411255411255422,3.177966101694918,15.15,4.3670990893169845,15.15,0,25,20,20,14.04,13.879999999999999,13.959999999999999,14.114999999999998,14.61,,,,,,14.583333333333334,14.786666666666667,14.963333333333333,15.166666666666666,14.406666666666668,14.203333333333335,14.026666666666669,0,0,0,0,0,0,0,0,0,0,0,0,0,0,0,0,0,0,0,0,0,0,,,,,,,,,,,,,,,,,,USD,1.0,stock,27.0
2026-06-01,15.9,16.45,15.83,16.25,7004062,13.847,14.0946,,14.213077361506858,13.830431849211232,13.11813646860412,11.994409881972228,82.27611940298506,0.3787326610792814,0.11936330002884182,0.25936936105043956,1,0.6738142857142859,0.5,0.05,3854747.0,3393810.65,1.8169965499681302,2.063775125462583,94.579945799458,85.88936545533431,0.34999999999999964,0.1999999999999993,0.07000000000000028,,0,12.53490854457318,14.78769230769231,13.264000000000001,,0,,,11.225188227241611,17.32851985559567,16.738505747126432,16.45,14.331327316980063,16.45,0,25,20,20,14.9675,14.53,14.74875,14.53,16.25,,,,,,16.176666666666666,16.523333333333333,16.796666666666667,17.14333333333333,15.903333333333332,15.556666666666667,15.283333333333333,0,0,0,0,0,0,0,0,0,0,0,0,0,0,0,0,0,0,0,0,0,0,,,,,,,,,,,,,,,,,,USD,1.0,stock,30.25
2026-06-02,16.07,16.285,15.89,15.98,3147015,13.9445,14.117600000000003,,14.381355708030016,13.914728639438243,13.174807033582256,12.034067495086934,77.15355805243445,0.46946673626839086,0.18938398727675165,0.2800827489916392,1,0.6756000000000001,0.5,0.05,3801930.5,3339228.75,0.8277413277281107,0.9424376811561652,87.26287262872631,86.63053297199639,0.08999999999999986,0.21499999999999986,0.08999999999999986,,0,10.004031864643206,12.737797246558202,11.654568210262813,,0,,,-1.6615384615384587,7.537012113055197,13.898788310762654,16.45,11.116088944781199,16.45,0,25,20,20,14.995,14.53,14.7625,14.53,15.98,,,,,,16.051666666666666,16.21333333333333,16.446666666666665,16.60833333333333,15.818333333333332,15.656666666666666,15.423333333333332,0,0,0,0,0,0,0,0,0,0,0,0,0,0,0,0,0,0,0,0,0,0,,,,,,,,,,,,,,,,,,USD,1.0,stock,28.5
2026-06-03,16.1,16.105,15.56,15.58,2473646,14.013499999999999,14.142999999999999,,14.495512307265251,13.98003339867596,13.222434617075676,12.069350405583581,74.50271247739603,0.5032958067297333,0.252166351167348,0.2511294555623853,0,0.6716714285714287,0.5,0.05,3726576.6,3359494.6,0.6637850943410099,0.7363149207026557,76.42276422764229,86.0885275519422,0.5200000000000014,0.004999999999999005,0.019999999999999574,,0,6.96076824605102,10.054557124518622,9.22336328626445,,0,,,-2.50312891113893,4.423592493297579,9.718309859154939,16.45,7.481540974520756,16.45,0,25,20,20,14.995,14.53,14.7625,14.53,15.58,,,,,,15.748333333333333,15.936666666666666,16.293333333333333,16.481666666666666,15.391666666666666,15.203333333333333,14.846666666666666,0,0,0,0,0,0,0,0,0,0,0,0,0,0,0,0,0,0,0,0,0,0,,,,,,,,,,,,,,,,,,USD,1.0,stock,27.0
2026-06-04,15.25,15.67,15.22,15.64,2305608,14.127500000000001,14.164399999999999,,14.604511135144751,14.045130128139649,13.270307198915761,12.104879257269317,73.09160305343511,0.5288508242509593,0.3075032457840703,0.22134757846688902,0,0.6595285714285714,0.5,0.05,3615921.4,3345533.1,0.6376266917748821,0.6891601221939786,77.08628005657711,80.25730563764857,0.39000000000000057,0.02999999999999936,0.02999999999999936,,0,6.620772793192133,9.670716112531965,9.434782608695663,,0,,,0.38510911424904926,5.890318212593093,17.06586826347307,16.45,7.090198742520158,16.45,0,25,20,20,15.0425,14.53,14.786249999999999,14.53,15.64,,,,,,15.51,15.799999999999999,15.959999999999999,16.25,15.35,15.06,14.9,0,0,0,0,0,0,0,0,0,0,0,0,0,0,0,0,0,0,0,0,0,0,,,,,,,,,,,,,,,,,,USD,1.0,stock,27.0
2026-06-05,15.52,15.52,15.1,15.15,2063554,14.235,14.169400000000001,,14.656462455607157,14.088458358408682,13.307528838541192,12.13517896615221,68.39285714285715,0.5037574525168669,0.3467540871306296,0.15700336538623727,0,0.6606,0.5,0.05,3573137.7,3300259.3,0.5775187449394967,0.6252702628548006,63.06818181818184,72.19240870080041,0.3699999999999992,0.0,0.05000000000000071,,0,3.2576735603488025,6.039603960396046,6.472607260726066,,0,,,-3.1329923273657356,3.696098562628336,16.538461538461547,16.45,3.3673715324398064,16.45,0,25,20,20,15.105,14.53,14.817499999999999,14.53,15.15,,,,,,15.256666666666666,15.413333333333332,15.676666666666666,15.833333333333332,14.993333333333332,14.836666666666666,14.573333333333332,0,0,0,0,0,0,0,0,0,0,0,0,0,0,0,0,0,0,0,0,0,0,,,,,,,,,,,,,,,,,,USD,1.0,stock,25.0
2026-06-08,15.33,15.4999,15.05,15.35,1223861,14.370500000000002,14.180399999999999,,14.722513650311237,14.137930579647557,13.347973812035425,12.16716723514572,65.15748031496062,0.4943109937221575,0.37626546844893516,0.11804552527322232,0,0.6241642857142856,0.5,0.05,3515510.2,3222775.4,0.34813183019636806,0.3797537364843979,62.90050590219226,67.68498925898373,0.019999999999999574,0.1499000000000006,0.27999999999999936,,0,4.0878589556271185,6.381107491856665,7.619543973941374,,0,,,1.320132013201314,-5.5384615384615365,21.43987341772151,16.45,4.262087063342593,16.45,0,25,20,20,15.415,14.53,14.9725,14.53,15.35,,,,,,15.299966666666668,15.549933333333335,15.749866666666668,15.999833333333335,15.100033333333336,14.850066666666669,14.650133333333336,0,0,0,0,0,0,0,0,0,0,0,0,0,0,0,0,0,0,0,0,0,0,,,,,,,,,,,,,,,,,,USD,1.0,stock,25.0
2026-06-09,15.28,15.9,15.1,15.88,3008187,14.525,14.197799999999999,11.56295,14.832750445519691,14.206247027504517,13.398112944470368,12.20411084474626,67.28280961182995,0.523555950578471,0.4057235648748424,0.11783238570362864,0,0.6438071428571428,0.5,0.05,3199262.7,3241308.0,0.9402750827557862,0.9280781092077642,80.41237113402067,68.79368628479826,0.6000000000000014,0.019999999999999574,0.17999999999999972,,0,6.594770494208498,8.532745591939548,10.593198992443336,27.18545340050378,0,,,3.4527687296417087,-0.6257822277847325,24.159499609069602,16.45,7.060386799648724,16.45,0,25,20,20,15.415,14.53,14.9725,14.53,15.88,,,,,,15.626666666666667,16.153333333333336,16.42666666666667,16.953333333333333,15.353333333333333,14.826666666666666,14.553333333333333,0,0,0,0,0,0,0,0,0,0,0,0,0,0,0,0,0,0,0,0,0,0,,,,,,,,,,,,,,,,,,USD,1.0,stock,25.0
2026-06-10,15.95,16.81,15.8801,16.21,3224795,14.6815,14.2224,11.59805,14.96391706975591,14.284825575445517,13.453793876263033,12.243970438330877,72.8440366972477,0.5668270028097311,0.43794425246182017,0.1288827503479109,1,0.675592857142857,0.5,0.05,3136725.7,3257350.85,1.0280768254616588,0.9900054211231191,81.65137614678905,74.988084394334,0.26000000000000156,0.5999999999999979,0.06989999999999874,,0,7.687124801012282,9.429364589759412,12.261566933991366,28.45126465144972,0,,,2.0780856423173732,4.043645699614906,23.929663608562702,16.81,8.32725097603349,16.81,0,25,20,20,15.594999999999999,14.709999999999999,15.1525,14.709999999999999,16.21,,,,,,16.300033333333335,16.71996666666667,17.229933333333335,17.649866666666668,15.790066666666672,15.370133333333337,14.860166666666673,0,0,0,0,0,0,0,0,0,0,0,0,0,0,0,0,0,0,0,0,0,0,,,,,,,,,,,,,,,,,,USD,1.0,stock,27.0
2026-06-11,16.36,16.72,16.1,16.26,2057266,14.850999999999999,14.2478,11.633199999999999,15.087353539302965,14.36228339601628,13.509362314356833,12.283930931481814,72.38805970149255,0.5982578613634573,0.4700069742421476,0.12825088712130966,0,0.6852357142857138,0.5,0.05,3012639.7,3173150.55,0.6828782081043412,0.6483354532295986,82.6771653543308,81.5803042117135,0.09999999999999787,0.35999999999999943,0.16000000000000014,,0,7.211847851765291,8.665436654366559,12.375153751537525,28.455104551045522,0,,,0.30845157310301907,3.9641943734015417,26.34032634032637,16.81,7.7723800774089415,16.81,0,25,20,20,15.93,14.709999999999999,15.32,14.709999999999999,16.26,,,,,,16.36,16.619999999999997,16.979999999999997,17.239999999999995,16.0,15.740000000000002,15.380000000000003,0,0,0,0,0,0,0,0,0,0,0,0,0,0,0,0,0,0,0,0,0,0,,,,,,,,,,,,,,,,,,USD,1.0,stock,27.0
2026-06-12,16.05,16.61,16.021,16.58,1595270,15.019,14.2896,11.67035,15.229510345083636,14.449252674603878,13.570167021003233,12.326677887387469,74.07407407407406,0.641592490015368,0.5043240773967916,0.13726841261857636,1,0.7033785714285709,0.5,0.05,2810326.4,3102744.1,0.5676458079744758,0.5141481052207947,92.4590163934426,85.59585263152081,0.5299999999999976,0.030000000000001137,0.028999999999999915,,0,8.145293455466602,9.414957780458373,13.814234016887807,29.611881785283472,0,,,1.9680196801967753,9.438943894389418,25.41603630862328,16.81,8.867584211939718,16.81,0,25,20,20,15.93,14.709999999999999,15.32,14.709999999999999,16.58,,,,,,16.403666666666666,16.78633333333333,16.992666666666665,17.37533333333333,16.197333333333333,15.814666666666668,15.608333333333334,0,0,0,0,0,0,0,0,0,0,0,0,0,0,0,0,0,0,0,0,0,0,,,,,,,,,,,,,,,,,,USD,1.0,stock,27.0
2026-06-15,16.01,16.2167,15.57,15.69,3168738,15.149000000000001,14.3006,11.702649999999998,15.273366502694719,14.49790943246255,13.612143911676435,12.360143779055257,57.47747747747747,0.5972353758250932,0.5229063370824519,0.0743290387426413,0,0.687714285714285,0.5,0.05,2426794.0,3140770.5,1.3057301114144835,1.0089046620884907,53.90946502057613,76.34854892278317,0.32000000000000206,0.20669999999999789,0.11999999999999922,,0,2.6554078859482506,3.4480560866794048,8.855321861058,25.41332058636075,0,,,-5.367913148371528,2.2149837133550454,19.862490450725744,16.81,2.7278432507448365,16.81,0,25,20,20,15.93,14.709999999999999,15.32,14.709999999999999,15.69,,,,,,15.825566666666667,16.081133333333334,16.472266666666666,16.727833333333333,15.434433333333335,15.178866666666668,14.787733333333335,0,0,0,0,0,0,0,0,0,0,0,0,0,0,0,0,0,0,0,0,0,0,,,,,,,,,,,,,,,,,,USD,1.0,stock,25.0
2026-06-16,15.5,15.86,15.36,15.79,3812844,15.248,14.318000000000001,11.73505,15.32256969291427,14.548579650797352,13.655269774811556,12.394271701651721,57.78175313059033,0.5636537578603473,0.531055821238031,0.03259793662231636,0,0.6892071428571421,0.5,0.05,2493376.9,3147653.7,1.5291887881049993,1.2113289336752642,58.02469135802467,68.13105759068112,0.28999999999999915,0.07000000000000028,0.14000000000000057,,0,2.9602932684340058,3.43255224825839,9.32235592146927,25.680493983533882,0,,,0.6373486297004405,-0.5667506297229341,14.337436640115842,16.81,3.050599974114569,16.81,0,25,20,20,15.93,14.75,15.34,14.709999999999999,15.79,,,,,,15.67,15.98,16.17,16.48,15.48,15.17,14.98,0,0,0,0,0,0,0,0,0,0,0,0,0,0,0,0,0,0,0,0,0,0,,,,,,,,,,,,,,,,,,USD,1.0,stock,25.0
2026-06-17,15.97,16.03,15.51,15.67,2664263,15.331,14.337200000000001,11.766399999999999,15.3556582935891,14.592556919393536,13.69516542283509,12.426866013078072,58.09352517985612,0.5213473191944047,0.5291141208293058,-0.007766801634901066,0,0.6842071428571422,0.5,0.05,2512438.6,3119507.6,1.0604290986454354,0.8540652377317497,53.08641975308643,55.006858710562405,0.3000000000000007,0.0600000000000005,0.16000000000000014,,0,2.0060096133433327,2.163369495851949,8.505424377791952,24.911295469049143,0,,,-0.7599746675110763,-3.331276989512655,11.848679514632398,16.81,2.047074116921032,16.81,0,25,20,20,15.93,14.785,15.3575,14.709999999999999,15.67,,,,,,15.736666666666666,15.963333333333333,16.256666666666668,16.483333333333334,15.443333333333332,15.216666666666665,14.92333333333333,0,0,0,0,0,0,0,0,0,0,0,0,0,0,0,0,0,0,0,0,0,0,,,,,,,,,,,,,,,,,,USD,1.0,stock,25.0
2026-06-18,15.47,16.7599,15.28,16.58,5612696,15.474,14.386600000000001,11.8024,15.472262265628233,14.670495863731045,13.752290860006672,12.468190729365853,65.61014263074485,0.5548525616163094,0.5342618089867065,0.02059075262960286,1,0.7620571428571423,0.5,0.05,2843147.4,3229534.4,1.9741136178869938,1.7379272999847903,86.93181818181814,66.01430976430974,1.1099999999999977,0.17989999999999995,0.19000000000000128,,0,6.681168482338755,6.670687575392027,13.229191797346182,28.815440289505418,0,,,5.807275047862137,1.9680196801967753,20.845481049562675,16.81,7.159507222370543,16.81,0,25,20,20,15.93,14.785,15.3575,14.709999999999999,16.58,,,,,,16.206633333333333,17.133266666666664,17.68653333333333,18.613166666666665,15.653366666666667,14.726733333333334,14.173466666666668,0,0,0,0,0,0,0,0,0,0,0,0,0,0,0,0,0,0,0,0,0,0,,,,,,,,,,,,,,,,,,USD,1.0,stock,25.0
2026-06-22,17.07,17.75,15.75,16.25,8739198,15.5935,14.4334,11.8384,15.546332526044592,14.732437202408258,13.801750446937232,12.505820672357236,50.0,0.5484552152332824,0.5371004902360217,0.011354724997260757,0,0.7734857142857138,0.5,0.05,3510711.8,3541924.75,2.489295190792933,2.467358460961092,44.44444444444443,61.48756079311633,0.8200000000000003,0.6799999999999997,0.5,,0,4.3302613781871235,4.0399999999999965,11.17907692307692,27.148307692307693,0,,,-1.9903498190591007,-1.9903498190591007,17.24386724386724,17.75,4.526260278921486,17.75,0,25,20,20,16.425,15.254999999999999,15.84,15.18,16.25,,,,,,16.583333333333332,17.416666666666664,18.583333333333332,19.416666666666664,15.416666666666664,14.583333333333332,13.416666666666664,0,0,0,0,0,0,0,0,0,0,0,0,0,0,0,0,0,0,0,0,0,0,,,,,,,,,,,,,,,,,,USD,1.0,stock,25.0
2026-06-23,16.045,16.1,15.465,15.51,3385272,15.676499999999999,14.4616,11.870750000000001,15.542872285468917,14.762929861137346,13.835577170760258,12.535713003975573,45.70383912248627,0.47816150834933424,0.5253126938586843,-0.047151185509350046,0,0.8013428571428566,0.5,0.05,3726852.9,3621181.55,0.9083460203111317,0.9348528797182235,17.037037037037006,49.47109988776652,0.5350000000000019,0.054999999999999716,0.04499999999999993,,0,-0.2119425239775447,-1.0735009671179832,6.759509993552541,23.463894261766594,0,,,-4.553846153846153,-1.147227533460804,11.985559566786996,17.75,-0.21149427766738835,17.75,0,25,20,20,16.515,15.3325,15.92375,15.18,15.51,,,,,,15.691666666666668,15.918333333333337,16.326666666666668,16.553333333333338,15.283333333333335,15.056666666666667,14.648333333333333,0,0,0,0,0,0,0,0,0,0,0,0,0,0,0,0,0,0,0,0,0,0,,,,,,,,,,,,,,,,,,USD,1.0,stock,25.0
2026-06-24,15.05,15.12,14.425,14.59,5912901,15.663,14.470999999999998,11.898299999999999,15.452122543995685,14.75614829795549,13.850516236685799,12.556153670602683,41.73622704507511,0.34424864388642185,0.48909988386423187,-0.14485123997781002,0,0.8399142857142852,0.5,0.05,4017324.3,3608293.5,1.471850554858118,1.6386973509776852,4.962406015037569,22.14796249883966,0.46000000000000085,0.06999999999999851,0.16499999999999915,,0,-5.908996189141091,-7.354352296093217,0.8156271418780092,18.448937628512684,0,,,-5.931656995486778,-7.59974667511083,-1.8169582772543769,17.75,-5.579314696353381,17.75,0,25,20,20,16.0875,15.34,15.71375,15.18,14.59,,,,,,14.711666666666668,14.998333333333335,15.406666666666666,15.693333333333333,14.303333333333336,14.01666666666667,13.608333333333338,0,0,0,0,0,0,0,0,0,0,0,0,0,0,0,0,0,0,0,0,0,0,,,,,,,,,,,,,,,,,,USD,1.0,stock,25.0
2026-06-25,14.72,14.72,14.2,14.45,3209861,15.639500000000002,14.4898,11.924900000000001,15.356682301710382,14.744142482349393,13.86238720229598,12.574997912686237,40.1976935749588,0.22424000484697437,0.4361279080607804,-0.21188790321380602,0,0.8449142857142853,0.5,0.05,4015830.9,3576278.3,0.799301833152387,0.8975422857891121,7.042253521126759,9.680565524400436,0.27000000000000135,0.0,0.25,,0,-6.274618004916145,-8.23183391003462,-0.27543252595156675,17.474740484429056,0,,,-0.9595613433858841,-7.785577536694321,-3.1501340482573803,17.75,-5.904154842152327,17.75,0,25,20,20,15.975,15.6175,15.79625,15.18,14.45,,,,,,14.456666666666669,14.713333333333338,14.97666666666667,15.23333333333334,14.193333333333337,13.936666666666667,13.673333333333336,0,0,0,0,0,0,0,0,0,0,0,0,0,0,0,0,0,0,0,0,0,0,,,,,,,,,,,,,,,,,,USD,1.0,stock,25.0
2026-06-26,14.23,14.82,14.2063,14.72,3404125,15.636999999999997,14.520800000000001,11.95225,15.29604589202368,14.743195718335691,13.879369633933685,12.596341217037619,46.324786324786324,0.1491991622394604,0.3787421588965164,-0.22954299665705602,0,0.8501785714285709,0.5,0.05,4150516.8,3581578.25,0.8201689485993648,0.9504538955696417,14.647887323943698,8.884182286702666,0.4900000000000002,0.09999999999999964,0.023699999999999832,,0,-3.9133552447260773,-6.229619565217366,1.353260869565213,18.80264945652175,0,,,1.86851211072665,-11.218335343787677,-0.3385240352064889,17.75,-3.765979103946499,17.75,0,25,20,20,15.975,15.645,15.809999999999999,15.18,14.72,,,,,,14.582099999999999,14.957899999999997,15.195799999999998,15.571599999999997,14.344199999999997,13.968399999999999,13.730499999999997,0,0,0,0,0,0,0,0,0,0,0,0,0,0,0,0,0,0,0,0,0,0,,,,,,,,,,,,,,,,,,USD,1.0,stock,25.0
2026-06-29,14.85,14.85,14.56,14.56,1223230,15.6345,14.536800000000001,11.977849999999998,15.22594628325952,14.736011572518604,13.892847462964701,12.615880110400429,43.2013769363167,0.07594267116816766,0.3181822613508467,-0.24223959018267904,0,0.8387571428571423,0.5,0.05,4113312.8,3461819.6,0.29738317008130283,0.35334885734658156,10.140845070422568,10.610328638497664,0.28999999999999915,0.0,0.0,,0,-4.573806890518674,-7.379807692307683,0.159340659340654,17.734546703296715,0,,,-1.0869565217391353,-10.399999999999999,-0.3422313483915085,17.75,-4.373759573759348,17.75,0,25,20,20,15.975,15.645,15.809999999999999,15.18,14.56,,,,,,14.656666666666666,14.753333333333332,14.946666666666665,15.043333333333331,14.463333333333333,14.366666666666667,14.173333333333334,0,0,0,0,0,0,0,0,0,0,0,0,0,0,0,0,0,0,0,0,0,0,,,,,,,,,,,,,,,,,,USD,1.0,stock,25.0
2026-06-30,14.65,14.75,14.11,14.24,2378284,15.534,14.5506,12.0028,15.132046637234804,14.716560138302189,13.899721770628766,12.632040507311867,35.35714285714285,-0.007844524641740236,0.2529769041523293,-0.26082142879406955,0,0.8273285714285709,0.5,0.05,4034267.4,3230530.7,0.5895206648919702,0.7361898774093061,3.5714285714285925,9.453386988598275,0.41000000000000014,0.09999999999999964,0.13000000000000078,,0,-6.264372452491602,-9.087078651685397,-2.1811797752808926,15.710674157303368,0,,,-2.197802197802201,-8.188265635074144,-12.369230769230766,17.75,-5.895082526641054,17.75,0,25,20,20,15.93,15.692499999999999,15.81125,15.18,14.24,,,,,,14.366666666666667,14.623333333333335,15.006666666666668,15.263333333333335,13.983333333333334,13.726666666666667,13.343333333333334,0,0,0,0,0,0,0,0,0,0,0,0,0,0,0,0,0,0,0,0,0,0,,,,,,,,,,,,,,,,,,USD,1.0,stock,25.0
2026-07-01,14.05,14.69,14.05,14.45,2989475,15.4575,14.566400000000002,12.029349999999999,15.067089814641013,14.70610679954524,13.910618369230177,12.650129656492844,33.94160583941603,-0.05664823047979617,0.19105187722590422,-0.2477001077057004,1,0.8066142857142852,0.5,0.05,3951930.5,3222653.7,0.7564594063584873,0.9276438855344588,10.810810810810775,8.174361484220634,0.3999999999999986,0.2400000000000002,0.0,,0,-4.270517748380722,-6.972318339100349,-0.8055363321799467,16.751903114186852,0,,,1.4747191011235783,-0.9595613433858841,-9.57446808510639,17.75,-4.095613832748079,17.75,0,25,20,20,15.9,15.754999999999999,15.8275,15.18,14.45,,,,,,14.396666666666667,14.743333333333332,15.036666666666665,15.383333333333331,14.103333333333333,13.756666666666668,13.463333333333335,0,0,0,0,0,0,0,0,0,0,0,0,0,0,0,0,0,0,0,0,0,0,,,,,,,,,,,,,,,,,,USD,1.0,stock,25.0
2026-07-02,14.67,14.88,14.43,14.7,2312911,15.413500000000003,14.5774,12.056700000000001,15.032128879913298,14.705867317210133,13.92624968865136,12.670526376328736,36.26760563380278,-0.07429616832465769,0.13798226811579187,-0.21227843644044955,1,0.7944714285714284,0.5,0.05,3916795.3,3214616.95,0.590511074193742,0.7194981660256597,17.567567567567533,10.649935649935625,0.02999999999999936,0.1800000000000015,0.2400000000000002,,0,-2.2593801354646166,-4.853741496598662,0.8340136054421666,17.981632653061215,0,,,1.730103806228378,1.730103806228378,-5.6482670089858855,17.75,-2.2094600343475386,17.75,0,25,20,20,15.9,15.9,15.9,15.18,14.7,,,,,,14.670000000000002,14.910000000000004,15.120000000000003,15.360000000000005,14.460000000000003,14.22,14.010000000000002,0,0,0,0,0,0,0,0,0,0,0,0,0,0,0,0,0,0,0,0,0,0,,,,,,,,,,,,,,,,,,USD,1.0,stock,25.0
2026-07-06,14.75,14.93,14.4,14.47,1606469,15.354999999999999,14.5804,12.082149999999999,14.97859279611203,14.696617618496012,13.937017021549353,12.68843158651452,31.127012522361355,-0.10562379862106219,0.08926105476842106,-0.19488485338948325,1,0.7902571428571427,0.5,0.05,3516172.6,3179660.0,0.4568800177784219,0.5052329494348452,11.35135135135135,13.243243243243208,0.27999999999999936,0.17999999999999972,0.07000000000000028,,0,-3.5148085425848636,-6.116102280580497,-0.7629578438147788,16.50207325501038,0,,,-1.564625850340129,-1.6983695652173947,-7.480818414322254,17.75,-3.395464467423431,17.75,0,25,20,20,15.075000000000001,15.9,15.4875,15.18,14.47,,,,,,14.6,14.799999999999999,15.129999999999999,15.329999999999998,14.27,14.07,13.74,0,0,0,0,0,0,0,0,0,0,0,0,0,0,0,0,0,0,0,0,0,0,,,,,,,,,,,,,,,,,,USD,1.0,stock,25.0
2026-07-07,14.45,14.815,14.27,14.69,2541486,15.331999999999999,14.585600000000001,12.109000000000002,14.951107767910884,14.696358104045188,13.951927575578079,12.708347690131292,39.83739837398373,-0.11141469074934562,0.04912590566486772,-0.16054059641421334,1,0.7570428571428571,0.5,0.05,2896401.4,3203556.6,0.8774633239716014,0.793332635359088,17.297297297297266,15.405405405405375,0.2400000000000002,0.125,0.17999999999999972,,0,-1.7774524704621115,-4.370319945541181,0.7106875425459379,17.56977535738596,0,,,1.520387007601931,0.8928571428571397,-3.0363036303630464,17.75,-1.746410847705158,17.75,0,25,20,20,14.585,15.9,15.2425,15.18,14.69,,,,,,14.591666666666667,14.913333333333334,15.136666666666667,15.458333333333334,14.368333333333334,14.046666666666667,13.823333333333334,0,0,0,0,0,0,0,0,0,0,0,0,0,0,0,0,0,0,0,0,0,0,,,,,,,,,,,,,,,,,,USD,1.0,stock,25.0
2026-07-08,14.9,15.41,14.9,15.13,2361577,15.320999999999998,14.6122,12.1396,14.968145123347941,14.713363668592438,13.975255742398314,12.732443733015558,43.726235741444874,-0.07958231631139867,0.023384261269614442,-0.10296657758101312,1,0.7727571428571428,0.5,0.05,2794031.9,3260442.4,0.8452219174734548,0.7243118295848441,29.189189189189193,19.27927927927926,0.23000000000000043,0.27999999999999936,0.0,,0,1.0697612468741529,-1.262392597488415,3.422339722405824,19.76470588235295,0,,,2.995234853641948,6.25,-1.433224755700313,17.75,1.0813288842288902,17.75,0,25,20,20,14.73,15.9,15.315000000000001,15.18,15.13,,,,,,15.146666666666668,15.393333333333336,15.656666666666668,15.903333333333336,14.883333333333336,14.636666666666668,14.373333333333337,0,0,0,0,0,0,0,0,0,0,0,0,0,0,0,0,0,0,0,0,0,0,,,,,,,,,,,,,,,,,,USD,1.0,stock,25.0
2026-07-09,15.17,15.42,14.93,15.39,2895127,15.2965,14.6456,12.172149999999998,15.008321778267186,14.739898426686851,14.003270480172606,12.758887078955702,47.40740740740741,-0.032994760084386954,0.012108456998814163,-0.045103217083201114,1,0.7706142857142856,0.5,0.05,2492254.5,3254789.4,1.1616498234831154,0.8894974894535419,36.216216216216225,27.56756756756755,0.22000000000000064,0.02999999999999936,0.2400000000000002,,0,2.4800404271138032,0.6075373619233306,4.836907082521122,20.908706952566614,0,,,1.7184401850627973,6.505190311418696,-3.085642317380355,17.75,2.5431105980517006,17.75,0,25,20,20,14.735,15.9,15.317499999999999,15.18,15.39,,,,,,15.246666666666668,15.563333333333336,15.736666666666668,16.053333333333335,15.073333333333336,14.756666666666668,14.583333333333336,0,0,0,0,0,0,0,0,0,0,0,0,0,0,0,0,0,0,0,0,0,0,,,,,,,,,,,,,,,,,,USD,1.0,stock,25.0
2026-07-10,15.45,15.7,15.16,15.58,2766099,15.265,14.6778,12.205,15.06276732319412,14.772843586424623,14.03449284690186,12.786957854289478,39.31623931623933,0.019038165849417865,0.013494398768934905,0.00554376708048296,1,0.7034785714285714,0.5,0.05,2447878.3,3231854.6,1.1299985787692142,0.8558859671471606,41.35135135135135,35.585585585585584,0.13000000000000078,0.11999999999999922,0.28999999999999915,,0,3.319850300422854,2.0218228498074424,5.790757381258026,21.662387676508345,0,,,1.2345679012345734,5.986394557823127,-3.8864898210980936,17.75,3.433848944937426,17.75,0,25,20,20,14.875,15.9,15.3875,15.18,15.58,,,,,,15.479999999999999,15.799999999999997,16.019999999999996,16.339999999999996,15.259999999999998,14.94,14.719999999999999,0,0,0,0,0,0,0,0,0,0,0,0,0,0,0,0,0,0,0,0,0,0,,,,,,,,,,,,,,,,,,USD,1.0,stock,25.0
2026-07-13,15.79,16.0,15.5,15.88,2364749,15.246,14.719799999999998,12.23745,15.140599006699443,14.816261484996208,14.071037543002815,12.817734393052767,46.02150537634409,0.08351936803858884,0.027499392622865694,0.05601997541572314,1,0.5963357142857142,0.5,0.05,2343940.7,3247228.75,1.0088774856804184,0.7282360381910268,89.2682926829268,55.61195341683145,0.09000000000000163,0.11999999999999922,0.28999999999999915,,0,4.656177539676058,3.99244332493703,7.306045340050398,22.937972292191432,0,,,1.9255455712451797,9.744298548721497,-2.337023370233704,17.75,4.8835649961628755,17.75,0,25,20,20,15.025,15.9,15.4625,15.18,15.88,,,,,,15.793333333333335,16.08666666666667,16.293333333333337,16.58666666666667,15.58666666666667,15.293333333333335,15.08666666666667,0,0,0,0,0,0,0,0,0,0,0,0,0,0,0,0,0,0,0,0,0,0,,,,,,,,,,,,,,,,,,USD,1.0,stock,25.0
2026-07-14,16.06,16.21,15.71,16.16,2725938,15.225,14.7598,12.2701,15.23768481558521,14.868957113035572,14.11240313621068,12.850990767251247,57.7565632458234,0.15542322310943568,0.05308415872017969,0.102339064389256,1,0.5759785714285713,0.5,0.05,2494211.5,3303762.15,1.0929057138899407,0.8251011653487222,97.68518518518515,76.10160973982109,0.10000000000000142,0.05000000000000071,0.34999999999999787,,0,5.707395943160831,5.785891089108914,8.66460396039604,24.07116336633664,0,,,1.76322418136019,10.006807351940106,-2.533172496984304,17.75,6.0528564252191375,17.75,0,25,20,20,15.13,15.9,15.515,15.18,16.16,,,,,,16.026666666666667,16.343333333333334,16.526666666666667,16.843333333333334,15.843333333333334,15.526666666666667,15.343333333333334,0,0,0,0,0,0,0,0,0,0,0,0,0,0,0,0,0,0,0,0,0,0,,,,,,,,,,,,,,,,,,USD,1.0,stock,25.0
2026-07-15,16.18,16.24,15.915,15.98,2449395,15.239499999999998,14.801000000000002,12.302349999999999,15.30838149981519,14.912527422328296,14.14938525232532,12.882125187477603,70.1449275362319,0.1956279731152648,0.08159292159919672,0.11403505151606809,1,0.5216928571428571,0.5,0.05,2501322.6,3267795.0,0.9792399429006078,0.7495558931940345,88.12785388127861,91.69377724979684,0.1999999999999993,0.05999999999999872,0.06500000000000128,,0,4.202869212670898,4.633917396745948,7.377972465581968,23.014080100125167,0,,,-1.1138613861386149,5.617977528089879,1.8483110261312996,17.75,4.387260013038725,17.75,0,25,20,20,15.254999999999999,15.9,15.5775,15.18,15.98,,,,,,16.045,16.175000000000004,16.37,16.500000000000004,15.850000000000005,15.720000000000002,15.525000000000006,0,0,0,0,0,0,0,0,0,0,0,0,0,0,0,0,0,0,0,0,0,0,,,,,,,,,,,,,,,,,,USD,1.0,stock,27.0
2026-07-16,15.82,16.11,15.71,15.8,3646063,15.24,14.836400000000001,12.3343,15.355202309356601,14.9473302685115,14.182070692873333,12.911158767701709,69.34097421203441,0.2105390681555548,0.10738215091046834,0.10315691724508645,0,0.5131214285714283,0.5,0.05,2566981.4,3259455.95,1.4203698554262996,1.118610914192597,79.90867579908684,88.57390495518352,0.019999999999999574,0.28999999999999915,0.08999999999999986,,0,2.815175257236707,3.5443037974683573,6.098734177215187,21.934810126582278,0,,,-1.126408010012514,2.6640675763482724,0.06333122229260635,17.75,2.896723088906259,17.75,0,25,20,20,15.254999999999999,15.9,15.5775,15.18,15.8,,,,,,15.873333333333335,16.03666666666667,16.273333333333333,16.436666666666667,15.63666666666667,15.473333333333336,15.236666666666672,0,0,0,0,0,0,0,0,0,0,0,0,0,0,0,0,0,0,0,0,0,0,,,,,,,,,,,,,,,,,,USD,1.0,stock,25.0
2026-07-17,15.94,16.11,15.73,16.09,1841738,15.261,14.8742,12.368850000000002,15.42518304179883,14.992140846216932,14.219851471232277,12.942789028719602,69.51566951566953,0.24295614753862438,0.13449695023609953,0.10845919730252485,1,0.4964285714285711,0.5,0.05,2519864.1,3218329.7,0.7308878284348747,0.5722651722102928,93.1506849315069,87.0624048706241,0.15000000000000036,0.019999999999999574,0.20999999999999908,,0,4.131864252337912,5.152268489745188,7.55624611559975,23.127097576134233,0,,,1.8354430379746711,3.2734274711168077,2.680280791320988,17.75,4.309945343271865,17.75,0,25,20,20,15.254999999999999,15.9,15.5775,15.18,16.09,,,,,,15.976666666666667,16.223333333333333,16.356666666666666,16.60333333333333,15.843333333333334,15.596666666666668,15.463333333333335,0,0,0,0,0,0,0,0,0,0,0,0,0,0,0,0,0,0,0,0,0,0,,,,,,,,,,,,,,,,,,USD,1.0,stock,25.0
2026-07-20,15.93,16.14,15.86,16.03,1274373,15.233500000000001,14.9276,12.40295,15.482784656865608,15.032841205188818,14.25569599655441,12.973507545846772,71.55425219941353,0.2607990883938651,0.15975737786765265,0.10104171052621247,0,0.49571428571428555,0.5,0.05,2486654.5,3001413.55,0.5124849471448486,0.4245909398256698,90.4109589041097,87.82343987823447,0.10000000000000142,0.10999999999999943,0.07000000000000028,,0,3.413695216059846,4.968808484092326,6.877105427323775,22.626637554585155,0,,,-0.3729024238657508,0.9445843828715494,-3.3172496984318234,17.75,3.534347052303275,17.75,0,25,20,20,15.57,15.9,15.735,15.18,16.03,,,,,,16.01,16.160000000000004,16.290000000000003,16.440000000000005,15.880000000000003,15.73,15.600000000000001,0,0,0,0,0,0,0,0,0,0,0,0,0,0,0,0,0,0,0,0,0,0,,,,,,,,,,,,,,,,,,USD,1.0,stock,27.0
2026-07-21,16.14,16.74,16.14,16.53,2212955,15.247499999999999,14.998199999999999,12.439550000000002,15.582519451449835,15.091553314789257,14.300731719394916,13.008895530465214,81.89415041782736,0.3116925709625704,0.19014441648663621,0.1215481544759342,1,0.5007142857142853,0.5,0.05,2453801.4,2675101.4,0.9018476393403313,0.8272415393300606,92.19330855018598,91.91831746193418,0.39000000000000057,0.2099999999999973,0.0,,0,5.731884746219999,7.758620689655187,9.26678765880219,24.74561403508771,0,,,3.1191515907673217,2.289603960396036,1.7230769230769383,16.74,6.080406647347454,16.74,0,25,20,20,15.834999999999999,15.9,15.8675,15.18,16.53,,,,,,16.47,16.799999999999997,17.069999999999997,17.399999999999995,16.2,15.870000000000001,15.600000000000001,0,0,0,0,0,0,0,0,0,0,0,0,0,0,0,0,0,0,0,0,0,0,,,,,,,,,,,,,,,,,,USD,1.0,stock,28.75
2026-07-22,16.77,17.07,16.58,16.69,2286765,15.3065,15.0792,12.47765,15.687993789406994,15.154237498523011,14.348043962575215,13.045523435634715,81.63841807909611,0.3607778627646905,0.22427110574224707,0.13650675702244341,1,0.4935714285714282,0.5,0.05,2446320.2,2620176.05,0.9347774669889901,0.8727524244029329,86.42857142857147,89.67761296095573,0.0799999999999983,0.3000000000000007,0.11000000000000298,,0,6.003632178508134,8.28939484721391,9.65128819652487,25.238765727980827,0,,,0.9679370840895318,4.443053817271592,7.607994842037402,17.07,6.387089541491229,17.07,0,25,20,20,16.115000000000002,15.9,16.0075,15.18,16.69,,,,,,16.78,16.980000000000004,17.270000000000003,17.470000000000006,16.490000000000002,16.29,16.0,0,0,0,0,0,0,0,0,0,0,0,0,0,0,0,0,0,0,0,0,0,0,,,,,,,,,,,,,,,,,,USD,1.0,stock,28.75
2026-07-23,16.99,16.9984,16.32,16.33,1835763,15.3935,15.15,12.513700000000002,15.7491372380349,15.200345831914266,14.387290616781646,13.078204794484122,72.32876712328766,0.36640562286304856,0.2526980091664074,0.11370761369664117,0,0.5098857142857138,0.5,0.05,2340383.8,2416319.15,0.7843854499420139,0.7597353189043757,73.57142857142851,84.0644361833953,0.6600000000000001,0.00840000000000174,0.00999999999999801,,0,3.55702854846968,5.734843845682786,7.225964482547447,23.369871402326986,0,,,-2.15698022768126,3.354430379746809,11.925976696367368,17.07,3.6882195715603276,17.07,0,25,20,20,16.285,15.9,16.0925,15.18,16.33,,,,,,16.549466666666664,16.778933333333327,17.227866666666664,17.457333333333327,16.100533333333328,15.871066666666664,15.422133333333328,0,0,0,0,0,0,0,0,0,0,0,0,0,0,0,0,0,0,0,0,0,0,,,,,,,,,,,,,,,,,,USD,1.0,stock,27.0
2026-07-24,16.3,16.485,16.0,16.01,1590359,15.4715,15.208599999999999,12.547949999999998,15.773981310603004,15.232096975760765,14.419423475855277,13.107376886081296,70.58823529411768,0.34111220843455037,0.270380849020036,0.07073135941451436,0,0.5066714285714281,0.5,0.05,2222809.8,2335344.05,0.7154723719501327,0.6809955903499529,62.142857142857196,74.04761904761905,0.28999999999999915,0.18499999999999872,0.010000000000001563,,0,1.4741954365833714,3.363522798251098,5.00562148657091,21.624297314178655,0,,,-1.9595835884874235,-0.49720323182099735,10.795847750865061,17.07,1.4962531319746777,17.07,0,25,20,20,16.39,15.9,16.145,15.219999999999999,16.01,,,,,,16.165000000000003,16.330000000000005,16.650000000000002,16.815000000000005,15.845000000000006,15.680000000000003,15.360000000000007,0,0,0,0,0,0,0,0,0,0,0,0,0,0,0,0,0,0,0,0,0,0,,,,,,,,,,,,,,,,,,USD,1.0,stock,27.0
2026-07-27,15.72,16.04,15.501,15.8,3132542,15.525500000000003,15.2672,12.58175,15.776459281021765,15.254367682593676,14.446761624848241,13.134169155871533,64.87935656836463,0.3006559753816269,0.27643587429235417,0.02422010108927275,0,0.5062428571428567,0.5,0.05,2299589.1,2321764.9,1.3622181458417941,1.3492072345481665,41.4746543778802,59.06298003072195,0.08000000000000007,0.23999999999999844,0.2190000000000012,,0,0.14899189226731474,1.7373417721518858,3.372151898734177,20.368670886075957,0,,,-1.311680199875087,-1.4348097317529618,7.336956521739135,17.07,0.1492142093413441,17.07,0,25,20,20,16.2855,15.9,16.09275,15.254999999999999,15.8,,,,,,15.780333333333331,16.059666666666665,16.319333333333333,16.598666666666663,15.520666666666664,15.241333333333332,14.981666666666664,0,0,0,0,0,0,0,0,0,0,0,0,0,0,0,0,0,0,0,0,0,0,,,,,,,,,,,,,,,,,,USD,1.0,stock,25.0
2026-07-28,15.66,15.865,15.4,15.83,2031745,15.589000000000002,15.3194,12.6158,15.781558397114932,15.276941498962552,14.474152483762138,13.1609933433753,60.5421686746988,0.267926379965445,0.27473397542697237,-0.0068075954615273715,0,0.4880285714285709,0.5,0.05,2230169.8,2362190.65,0.9110270437703892,0.8601105080150919,42.056074766355145,48.55786209569751,0.16999999999999993,0.03500000000000014,0.2599999999999998,,0,0.3060113890402305,1.5224257738471123,3.2255211623499696,20.304485154769424,0,,,0.18987341772152,-4.234724742891716,8.722527472527464,17.07,0.3069506931199154,17.07,0,25,20,20,16.235,15.9,16.0675,15.254999999999999,15.83,,,,,,15.698333333333332,15.996666666666664,16.163333333333334,16.461666666666666,15.531666666666665,15.233333333333333,15.066666666666665,0,0,0,0,0,0,0,0,0,0,0,0,0,0,0,0,0,0,0,0,0,0,,,,,,,,,,,,,,,,,,USD,1.0,stock,25.0
2026-07-30,16.45,17.09,16.315,17.04,2219043,15.729000000000003,15.398400000000002,12.656099999999999,15.90140997834208,15.346081048022844,14.52496134546982,13.199590424535744,69.3208430913349,0.33575445899874445,0.2869380721413268,0.048816386857417626,1,0.5430285714285709,0.5,0.05,2207134.6,2354228.6,1.0053954117705373,0.9425775389866557,97.40932642487043,60.31335185636858,0.5899999999999999,0.05000000000000071,0.134999999999998,,0,6.681866324283561,7.693661971830965,9.63380281690139,25.72711267605634,0,,,7.6437144662034,2.097064110245639,19.662921348314597,17.09,7.160308571432927,17.09,0,25,20,20,16.245,15.57,15.9075,15.254999999999999,17.04,,,,,,16.815,17.315,17.59,18.09,16.540000000000003,16.040000000000003,15.765000000000004,0,0,0,0,0,0,0,0,0,0,0,0,0,0,0,0,0,0,0,0,0,0,,,,,,,,,,,,,,,,,,USD,1.0,stock,25.0
2026-07-31,17.2,17.31,16.675,16.77,2174127,15.845000000000002,15.4576,12.69605,15.984132837547598,15.40192100692391,14.569417556450615,13.2351168879732,63.67816091954023,0.36353139318154426,0.30225673634937034,0.061274656832173924,1,0.549814285714285,0.5,0.05,2059941.0,2313461.2,1.055431684693882,0.9397724068162456,71.72774869109949,70.39771662744168,0.4299999999999997,0.10999999999999943,0.09499999999999886,,0,4.686148851833043,5.515802027429918,7.82587954680978,24.29308288610614,0,,,-1.5845070422535135,2.6944274341702545,16.05536332179931,17.31,4.916545491954101,17.31,0,25,20,20,16.355,15.68,16.0175,15.3325,16.77,,,,,,16.918333333333333,17.161666666666665,17.55333333333333,17.796666666666663,16.526666666666667,16.283333333333335,15.89166666666667,0,0,0,0,0,0,0,0,0,0,0,0,0,0,0,0,0,0,0,0,0,0,,,,,,,,,,,,,,,,,,USD,1.0,stock,25.0
2026-08-03,16.44,16.71,16.18,16.6,2372337,15.940000000000001,15.509400000000001,12.7336,16.042786853019255,15.448904496848462,14.609627109788226,13.268598311973468,58.53080568720382,0.3675898869922083,0.31532336647793796,0.05226652051427033,0,0.5562428571428565,0.5,0.05,2113000.9,2316432.5,1.1227335492379582,1.0241338782805025,62.82722513089016,77.32143341562,0.16000000000000014,0.10999999999999943,0.26000000000000156,,0,3.356705704703293,3.975903614457832,6.56987951807229,23.291566265060254,0,,,-1.0137149672033274,3.6851967520299844,12.925170068027224,17.31,3.473293961241398,17.31,0,25,20,20,16.355,15.68,16.0175,15.34,16.6,,,,,,16.496666666666666,16.813333333333333,17.026666666666667,17.343333333333334,16.28333333333333,15.966666666666665,15.75333333333333,0,0,0,0,0,0,0,0,0,0,0,0,0,0,0,0,0,0,0,0,0,0,,,,,,,,,,,,,,,,,,USD,1.0,stock,25.0
2026-08-04,16.14,16.5,16.05,16.31,2822127,16.032,15.5612,12.771199999999999,16.068235724160278,15.482672947952443,14.64329786008945,13.298861015336916,51.77304964539005,0.3434466569351251,0.32094802456937543,0.02249863236574967,0,0.5598142857142852,0.5,0.05,2267776.3,2377215.4,1.24444681779239,1.18715662030458,47.64397905759157,60.73298429319374,0.16999999999999815,0.19000000000000128,0.08999999999999986,,0,1.4823070253814883,1.7044757817289928,4.591048436541994,21.69711833231147,0,,,-1.746987951807244,3.227848101265818,12.715964063579799,17.31,1.5046099645912137,17.31,0,25,20,20,16.355,15.68,16.0175,15.6175,16.31,,,,,,16.286666666666665,16.52333333333333,16.736666666666665,16.97333333333333,16.07333333333333,15.836666666666666,15.623333333333331,0,0,0,0,0,0,0,0,0,0,0,0,0,0,0,0,0,0,0,0,0,0,,,,,,,,,,,,,,,,,,USD,1.0,stock,25.0
2026-08-05,16.46,16.835,16.17,16.39,2693368,16.117,15.611799999999999,12.808500000000002,16.09887994090692,15.518254400973916,14.677886021275798,13.329618617174361,54.963680387409205,0.326998865215927,0.32215819269868573,0.004840672517241296,0,0.5840999999999994,0.5,0.05,2315817.6,2384809.5,1.1630311471853396,1.1293849676462628,51.83246073298435,54.10122164048869,0.07000000000000028,0.375,0.21999999999999886,,0,1.776205363594154,1.6656497864551538,4.748017083587564,21.851738865161675,0,,,0.49049662783569037,3.5375868603916727,11.572498298162026,17.31,1.8083249279557134,17.31,0,25,20,20,16.355,15.68,16.0175,15.645,16.39,,,,,,16.465,16.759999999999998,17.13,17.424999999999997,16.095,15.8,15.43,0,0,0,0,0,0,0,0,0,0,0,0,0,0,0,0,0,0,0,0,0,0,,,,,,,,,,,,,,,,,,USD,1.0,stock,25.0
2026-08-06,16.64,17.425,16.52,17.4,2461423,16.2305,15.682800000000002,12.85055,16.222796137011024,15.592048346033762,14.731789268379247,13.37011992446616,66.12903225806451,0.39095573648759796,0.33591770145646815,0.055038035031129806,1,0.6294571428571424,0.5,0.05,2333283.4,2389801.8,1.0549181466769104,1.0299695146266943,98.76543209876533,66.08062396311375,0.759999999999998,0.02500000000000213,0.120000000000001,,0,6.765539442465373,6.721264367816089,9.86896551724136,26.146264367816087,0,,,6.162294081757147,2.1126760563380254,15.003304692663576,17.425,7.25647941974243,17.425,0,25,20,20,16.4125,15.7375,16.075000000000003,15.645,17.4,,,,,,17.115,17.709999999999997,18.02,18.615,16.804999999999996,16.209999999999997,15.899999999999995,0,0,0,0,0,0,0,0,0,0,0,0,0,0,0,0,0,0,0,0,0,0,,,,,,,,,,,,,,,,,,USD,1.0,stock,25.0
2026-08-07,17.22,17.35,16.505,16.78,1965170,16.3,15.721200000000001,12.889249999999999,16.275863171581403,15.638634685404988,14.772347896728173,13.404049079446597,56.521739130434796,0.38715037082879533,0.3461642353309336,0.04098613549786173,0,0.6662428571428567,0.5,0.05,2346224.1,2343303.95,0.8375883616573541,0.838632137329005,68.14814814814818,72.91534699329928,0.4399999999999977,0.13000000000000256,0.27500000000000213,,0,3.0043911109570827,2.860548271752088,6.309892729439808,23.18682955899882,0,,,-3.563218390804579,0.05963029218845062,9.031838856400265,17.425,3.097450642733656,17.425,0,25,20,20,16.4125,15.7375,16.075000000000003,15.692499999999999,16.78,,,,,,16.878333333333334,17.25166666666667,17.723333333333336,18.09666666666667,16.406666666666666,16.03333333333333,15.561666666666664,0,0,0,0,0,0,0,0,0,0,0,0,0,0,0,0,0,0,0,0,0,0,,,,,,,,,,,,,,,,,,USD,1.0,stock,25.0
2026-08-10,16.98,17.405,16.975,17.05,2651288,16.3735,15.763799999999998,12.930800000000001,16.34959048857365,15.69398234480087,14.81744991857514,13.44032719805907,59.27272727272727,0.40129545048837656,0.35719047836242224,0.04410497212595432,1,0.6908857142857138,0.5,0.05,2452317.0,2337563.4,1.081135921661025,1.1342100924407013,81.48148148148148,82.79835390946499,0.07000000000000028,0.3550000000000004,0.004999999999999005,,0,4.1079736740548425,3.9677419354838754,7.543695014662773,24.159530791788853,0,,,1.6090584028605415,2.710843373493965,9.435173299101418,17.425,4.283957521234863,17.425,0,25,20,20,16.4125,15.8475,16.130000000000003,15.754999999999999,17.05,,,,,,17.143333333333334,17.311666666666667,17.573333333333334,17.741666666666667,16.881666666666668,16.713333333333335,16.451666666666668,0,0,0,0,0,0,0,0,0,0,0,0,0,0,0,0,0,0,0,0,0,0,,,,,,,,,,,,,,,,,,USD,1.0,stock,25.0
2026-08-11,17.04,17.24,16.76,17.01,2011257,16.43,15.808599999999998,12.9728,16.412486632519016,15.745590880298877,14.860866751870681,13.475846330416692,54.76190476190477,0.40461372713917854,0.36667512811777353,0.037938599021405006,0,0.6744571428571423,0.5,0.05,2340188.5,2319888.8,0.8594423056091421,0.8669626751075311,79.50617283950622,76.37860082304529,0.029999999999997584,0.1999999999999993,0.25,,0,3.5127182097647576,3.4097589653145315,7.062904174015302,23.73427395649619,0,,,-0.23460410557184508,4.291845493562252,7.115869017632237,17.425,3.6406023100551828,17.425,0,25,20,20,16.7375,15.8475,16.2925,15.9,17.01,,,,,,17.003333333333334,17.246666666666666,17.48333333333333,17.726666666666663,16.76666666666667,16.523333333333337,16.286666666666672,0,0,0,0,0,0,0,0,0,0,0,0,0,0,0,0,0,0,0,0,0,0,,,,,,,,,,,,,,,,,,USD,1.0,stock,25.0
2026-08-12,16.91,17.05,16.78,16.96,1252719,16.470000000000002,15.855599999999999,13.01385,16.464630762755302,15.793214767345981,14.902433746883142,13.51051452613394,52.73833671399594,0.3986139299038918,0.3730628884749972,0.025551041428894583,0,0.6551714285714281,0.5,0.05,2262285.9,2246227.85,0.5537403561592281,0.5576989885509611,77.03703703703705,79.34156378600824,0.05000000000000071,0.08999999999999986,0.129999999999999,,0,2.920809181867327,2.889150943396217,6.511792452830199,23.267393867924536,0,,,-0.29394473838918467,3.4777303233679113,4.950495049504955,17.425,3.0086871936738184,17.425,0,25,20,20,16.7375,15.8475,16.2925,15.9,16.96,,,,,,16.93,17.08,17.2,17.349999999999998,16.81,16.66,16.54,0,0,0,0,0,0,0,0,0,0,0,0,0,0,0,0,0,0,0,0,0,0,,,,,,,,,,,,,,,,,,USD,1.0,stock,25.0
2026-08-13,16.75,17.25,16.6,17.21,1403521,16.5315,15.8748,13.05415,16.53561830915956,15.848774972548101,14.94812812813298,13.547325326868927,59.12863070539423,0.40931364511950363,0.3803130398038985,0.02900060531560511,1,0.6531428571428565,0.5,0.05,2180733.7,2193934.15,0.6436003625752195,0.6397279517254426,89.38271604938272,81.97530864197533,0.46000000000000085,0.03999999999999915,0.14999999999999858,,0,3.9185455597933827,3.942475305055199,7.758280069726904,24.147879140034867,0,,,1.474056603773577,-1.091954022988495,7.697121401752183,17.425,4.078357871062382,17.425,0,25,20,20,16.7375,16.1625,16.450000000000003,15.9,17.21,,,,,,17.02,17.439999999999998,17.669999999999998,18.089999999999996,16.79,16.37,16.14,0,0,0,0,0,0,0,0,0,0,0,0,0,0,0,0,0,0,0,0,0,0,,,,,,,,,,,,,,,,,,USD,1.0,stock,25.0
2026-08-14,17.45,17.62,17.155,17.17,1864130,16.6,15.898599999999998,13.0943,16.596035613049125,15.900587718722687,14.992125590942228,13.583371841029436,62.77533039647578,0.40984118672581715,0.3862186691882823,0.02362251753753486,0,0.6517142857142851,0.5,0.05,2149734.0,2104837.5,0.8671444932256736,0.8856408155023844,79.72972972972977,82.04982760538317,0.2799999999999976,0.1700000000000017,0.015000000000000568,,0,3.3428327719911284,3.319743739079792,7.404775771694835,23.737332556785095,0,,,-0.23242300987796893,2.3241954707985624,8.670886075949369,17.62,3.4584427289344952,17.62,0,25,20,20,16.835,16.275,16.555,15.9,17.17,,,,,,17.315,17.475,17.78,17.94,17.01,16.85,16.545,0,0,0,0,0,0,0,0,0,0,0,0,0,0,0,0,0,0,0,0,0,0,,,,,,,,,,,,,,,,,,USD,1.0,stock,25.0
2026-08-17,17.28,17.73,17.28,17.67,1257003,16.679000000000002,15.9404,13.1361,16.698317935615876,15.969976435635523,15.045152806963175,13.624034807785364,69.35817805383026,0.44546998785069647,0.3980689329207652,0.0474010549299313,1,0.6532142857142851,0.5,0.05,2038200.6,2075600.75,0.6167219261931333,0.6056092434925165,97.42489270386272,88.84577949432507,0.39000000000000057,0.05999999999999872,0.0,,0,5.499049600362908,5.608375778155063,9.788341822297685,25.658743633276742,0,,,2.912055911473499,3.6363636363636376,9.8197638284649,17.73,5.819041583293988,17.73,0,25,20,20,16.950000000000003,16.445,16.6975,15.9,17.67,,,,,,17.560000000000002,17.840000000000003,18.01,18.290000000000003,17.390000000000004,17.110000000000003,16.940000000000005,0,0,0,0,0,0,0,0,0,0,0,0,0,0,0,0,0,0,0,0,0,0,,,,,,,,,,,,,,,,,,USD,1.0,stock,25.0
2026-08-18,17.77,17.82,17.5016,17.68,1124205,16.7615,15.981200000000001,13.1784,16.79181146555722,16.037036183257662,15.097327998904499,13.664392670394465,69.23076923076925,0.46910543046590547,0.4122762324297933,0.056829198036112194,1,0.6427428571428565,0.5,0.05,1868408.4,2068092.35,0.6016912576500941,0.5435951639200252,92.09039548022595,89.74833930460613,0.08999999999999986,0.05000000000000071,0.1783999999999999,,0,5.023690805671829,5.195135746606324,9.608597285067866,25.461538461538463,0,,,0.05659309564232107,3.938859494415037,10.29320024953211,17.82,5.289414642753706,17.82,0,25,20,20,17.1625,16.61,16.88625,15.935,17.68,,,,,,17.6672,17.832800000000002,17.9856,18.151200000000003,17.514400000000002,17.3488,17.196,0,0,0,0,0,0,0,0,0,0,0,0,0,0,0,0,0,0,0,0,0,0,,,,,,,,,,,,,,,,,,USD,1.0,stock,25.0
2026-08-19,17.82,18.18,17.82,17.89,1881786,16.829500000000003,16.036,13.22135,16.896400849789867,16.10970143097305,15.152628434569756,13.706438514470141,61.15485564304465,0.4990294333072711,0.42962687260528887,0.06940256070198225,1,0.5884571428571422,0.5,0.05,1787250.2,2051533.9,1.052894552760436,0.9172580574954184,86.38497652582164,91.96675490330342,0.07000000000000028,0.28999999999999915,0.0,,0,5.553935998938702,5.927892677473435,10.363331470095021,26.0964225824483,0,,,1.18778280542986,5.483490566037741,8.227465214761033,18.18,5.880537275620392,18.18,0,25,20,20,17.3425,16.79,17.06625,16.115000000000002,17.89,,,,,,17.963333333333335,18.10666666666667,18.323333333333334,18.46666666666667,17.74666666666667,17.603333333333335,17.38666666666667,0,0,0,0,0,0,0,0,0,0,0,0,0,0,0,0,0,0,0,0,0,0,,,,,,,,,,,,,,,,,,USD,1.0,stock,25.0
2026-08-20,18.1,18.19,17.595,17.65,1246552,16.877499999999998,16.082,13.26335,16.968172197428927,16.17010529642509,15.202081336855503,13.745677932236608,61.64021164021163,0.4976419206239271,0.44322988220901655,0.054412038414910546,0,0.5855999999999997,0.5,0.05,1665763.1,1999523.25,0.7483369033687923,0.6234246088411325,74.76635514018679,84.41390904874478,0.45000000000000284,0.08999999999999986,0.054999999999999716,,0,3.863047040062726,4.3767705382436315,8.88385269121812,24.85354107648724,0,,,-1.3415315818893325,2.556653108657736,5.751947273816649,18.19,4.018274889232818,18.19,0,25,20,20,17.395000000000003,16.795,17.095000000000002,16.12,17.65,,,,,,17.811666666666664,18.02833333333333,18.406666666666666,18.62333333333333,17.433333333333326,17.21666666666666,16.838333333333324,0,0,0,0,0,0,0,0,0,0,0,0,0,0,0,0,0,0,0,0,0,0,,,,,,,,,,,,,,,,,,USD,1.0,stock,25.0
2026-08-21,17.59,17.79,17.37,17.53,1288294,16.9375,16.115,13.304400000000001,17.0216796071976,16.22343450048685,15.248178736125691,13.783332878184504,62.46648793565684,0.4813110554660476,0.4508461168604228,0.03046493860562477,0,0.5734571428571424,0.5,0.05,1598075.5,1972149.8,0.8061534013881071,0.6532434807944102,69.1588785046729,76.77007005689376,0.05999999999999872,0.1999999999999993,0.16000000000000014,,0,2.8997170154158574,3.3799201369081633,8.071876782658315,24.104962920707358,0,,,-0.6798866855523888,2.0966802562609077,7.348438456827933,18.19,2.986311601044688,18.19,0,25,20,20,17.395000000000003,16.795,17.095000000000002,16.12,17.53,,,,,,17.563333333333333,17.756666666666664,17.98333333333333,18.176666666666662,17.336666666666666,17.143333333333334,16.916666666666668,0,0,0,0,0,0,0,0,0,0,0,0,0,0,0,0,0,0,0,0,0,0,,,,,,,,,,,,,,,,,,USD,1.0,stock,25.0
