date,open,high,low,close,volume,SMA_20,SMA_50,SMA_200,EMA_20,EMA_50,EMA_100,EMA_200,RSI_14,MACD,MACD_Signal,MACD_Hist,MACD_Hist_Subiendo,ATR_14,BB_PctB,BB_Width,Vol_SMA_10,Vol_SMA_20,VolRel10,VolRel20,Stoch_K,Stoch_D,Body,Mecha_Sup,Mecha_Inf,Position_52w_Pct,RS_vs_SPY,Dist_EMA_20_pct,Dist_SMA_20_pct,Dist_SMA_50_pct,Dist_SMA_200_pct,Dist_BUY_ZONE,High_52W,Low_52W,Ret_1,Ret_5,Ret_20,Swing_High_20,Dist_EMA_20,TP_Dinamico,VWAP,ADX_14,Plus_DI,Minus_DI,Tenkan,Kijun,Senkou_A,Senkou_B,Chikou,Fib_236,Fib_382,Fib_500,Fib_618,Fib_786,Pivot_PP,Pivot_R1,Pivot_R2,Pivot_R3,Pivot_S1,Pivot_S2,Pivot_S3,Vol_Dryup,Vol_Climax,BB_Squeeze,BB_Breakout,MACD_Cross_Up,Golden_Cross,SMA20_Cross_Up,Oversold,Overbought,Trend_Up,Breakout_Vol,TP_Agotamiento,Vol_Climax_Up,MACD_Divergence,Trend_Weakness,Overextended,Exhaustion_Gap,Stoch_Extreme,Stop_Loss_Triggered,BUY_ZONE,ACC,REB,ROIC,ROE,Net_Margin,Gross_Margin,Operating_Margin,EBITDA_Margin,Current_PE,Current_PB,Current_EV_EBITDA,Current_EV_Sales,Current_FCF_Yield,Market_Cap,PE_5y_mean,PE_5y_max,PE_5y_min,PE_5y_pct,PE_5y_signal,Currency,FX_Rate,Asset_Type,Risk_Score
2025-08-22,206.06,216.602,204.79,214.81,2218529,,,,214.81,214.81,214.81,214.81,,0.0,0.0,0.0,0,,0.5,0.05,,,,,,,8.75,1.7920000000000016,1.2700000000000102,,0,0.0,,,,0,,,,,,,0.0,,0,25,20,20,,,,,214.81,,,,,,212.06733333333332,219.34466666666665,223.87933333333334,231.15666666666667,207.53266666666664,200.2553333333333,195.72066666666663,0,0,0,0,0,0,0,0,0,0,0,0,0,0,0,0,0,0,0,0,0,0,,,,,,,,,,,,,,,,,,USD,1.0,stock,25.0
2025-08-25,214.84,216.0,211.75,213.35,1581408,,,,214.67095238095237,214.75274509803924,214.7810891089109,214.79547263681593,,-0.1164672364672299,-0.02329344729344598,-0.09317378917378391,0,,0.5,0.05,,,,,,,1.490000000000009,1.1599999999999966,1.5999999999999943,,0,-0.6191480576294246,,,,0,,,-0.6796704064056636,,,,-0.6153382030970971,,0,25,20,20,,,,,213.35,,,,,,213.70000000000002,215.65000000000003,217.95000000000002,219.90000000000003,211.40000000000003,209.45000000000002,207.15000000000003,0,0,0,0,0,0,0,0,0,0,0,0,0,0,0,0,0,0,0,0,0,0,,,,,,,,,,,,,,,,,,USD,1.0,stock,25.0
2025-08-26,213.0,214.46,211.88,213.63,1651399,,,,214.5718140589569,214.7087158785083,214.75829526517006,214.78387589416107,,-0.1840530515174521,-0.05544536813824721,-0.1286076833792049,0,,0.5,0.05,,,,,,,0.6299999999999955,0.8300000000000125,1.1200000000000045,,0,-0.4408622660473285,,,,0,,,0.13123974689477347,,,,-0.43892720163988075,,0,25,20,20,,,,,213.63,,,,,,213.32333333333335,214.7666666666667,215.90333333333336,217.34666666666672,212.1866666666667,210.74333333333334,209.60666666666668,0,0,0,0,0,0,0,0,0,0,0,0,0,0,0,0,0,0,0,0,0,0,,,,,,,,,,,,,,,,,,USD,1.0,stock,25.0
2025-08-27,213.63,214.87,211.215,212.21,1389863,,,,214.34687938667528,214.61072702052758,214.70783397279047,214.75826518874655,,-0.34818378351954493,-0.11399305121450676,-0.23419073230503817,0,,0.5,0.05,,,,,,,1.4199999999999875,1.240000000000009,0.9950000000000045,,0,-1.0069645100020148,,,,0,,,-0.664700650657668,,,,-0.9969258207955571,,0,25,20,20,,,,,212.21,,,,,,212.76500000000001,214.31500000000003,216.42000000000002,217.97000000000003,210.66000000000003,209.11,207.00500000000002,0,0,0,0,0,0,0,0,0,0,0,0,0,0,0,0,0,0,0,0,0,0,,,,,,,,,,,,,,,,,,USD,1.0,stock,25.0
2025-08-28,212.92,215.27,210.28,214.71,1419961,,,,214.38146230223,214.6146200785461,214.70787686441838,214.75778493811225,,-0.2733781315722297,-0.14587006728605134,-0.12750806428617834,1,,0.5,0.05,,,,,,,1.7900000000000205,0.5600000000000023,2.6399999999999864,,0,0.1530146233384577,,,,0,,,1.1780783186466248,,,,0.15324911689744783,,0,25,20,20,,,,,214.71,,,,,,213.42,216.55999999999997,218.41,221.54999999999998,211.56999999999996,208.42999999999998,206.57999999999996,0,0,0,0,0,0,0,0,0,0,0,0,0,0,0,0,0,0,0,0,0,0,,,,,,,,,,,,,,,,,,USD,1.0,stock,25.0
2025-08-29,215.0,216.21,213.5,214.8,1255644,,,,214.42132303535095,214.62188987938745,214.70970108492494,214.7582049884793,,-0.2044748073221001,-0.15759101529326108,-0.04688379202883902,1,,0.5,0.05,,,,,,,0.19999999999998863,1.210000000000008,1.3000000000000114,,0,0.17629281408243005,,,,0,,,0.04191700433142653,-0.004655276756193594,,,0.17660415451621317,,0,25,20,20,,,,,214.8,,,,,,214.83666666666667,216.17333333333335,217.54666666666668,218.88333333333335,213.46333333333334,212.12666666666667,210.75333333333333,0,0,0,0,0,0,0,0,0,0,0,0,0,0,0,0,0,0,0,0,0,0,,,,,,,,,,,,,,,,,,USD,1.0,stock,25.0
2025-09-02,209.825,212.72,209.0101,212.12,1120765,,,,214.20214941293656,214.52377655078402,214.65841987532247,214.73195419257405,,-0.3619496979258656,-0.198462751819782,-0.1634869461060836,0,,0.5,0.05,,,,,,,2.295000000000016,0.5999999999999943,0.8148999999999944,,0,-0.981590332329134,,,,0,,,-1.247672253258847,-0.5765174595734668,,,-0.972048795328666,,0,25,20,20,,,,,212.12,,,,,,211.28336666666667,213.55663333333334,214.99326666666667,217.26653333333334,209.84673333333333,207.57346666666666,206.13683333333333,0,0,0,0,0,0,0,0,0,0,0,0,0,0,0,0,0,0,0,0,0,0,,,,,,,,,,,,,,,,,,USD,1.0,stock,25.0
2025-09-03,212.4,214.7999,210.03,212.535,1191273,,,,214.04337327837118,214.4457853134984,214.61637195699925,214.71009395185195,,-0.448097265231695,-0.24838965450216463,-0.1997076107295304,0,,0.5,0.05,,,,,,,0.1349999999999909,2.2649000000000115,2.3700000000000045,,0,-0.7097058265091307,,,,0,,,0.19564397510842824,-0.5125684594860291,,,-0.7047044976297803,,0,25,20,20,,,,,212.535,,,,,,212.45496666666668,214.87993333333335,217.22486666666668,219.64983333333336,210.11003333333335,207.68506666666667,205.34013333333334,0,0,0,0,0,0,0,0,0,0,0,0,0,0,0,0,0,0,0,0,0,0,,,,,,,,,,,,,,,,,,USD,1.0,stock,25.0
2025-09-04,213.46,217.0,212.49,216.52,1103669,,,,214.2792424899549,214.52712706591024,214.65406756181113,214.72810296725643,,-0.19259353858828376,-0.23723043131938848,0.044636892731104716,1,,0.5,0.05,,,,,,,3.0600000000000023,0.47999999999998977,0.9699999999999989,,0,1.0348963190675753,,,,0,,,1.8749852965393998,2.0310070213467757,,,1.045718420509237,,0,25,20,20,210.89499999999998,,,,216.52,,,,,,215.33666666666667,218.18333333333334,219.84666666666666,222.69333333333333,213.67333333333335,210.82666666666668,209.16333333333336,0,0,0,0,0,0,0,0,0,0,0,0,0,0,0,0,0,0,0,0,0,0,,,,,,,,,,,,,,,,,,USD,1.0,stock,25.0
2025-09-05,215.92,219.1,211.53,214.95,1353227,,,,214.34312415757822,214.54371031822748,214.6599276100921,214.7303108979305,,-0.11545992325699217,-0.21287632970690923,0.09741640644991706,1,,0.5,0.05,1428573.8,,0.9472573275528362,,,,0.9699999999999989,3.180000000000007,3.4199999999999875,,0,0.282333492636321,,,,0,,,-0.7251062257528251,0.11177867821712262,,,0.2831328715614018,,0,25,20,20,214.05505,,,,214.95,,,,,,215.1933333333333,218.8566666666666,222.7633333333333,226.4266666666666,211.2866666666666,207.6233333333333,203.7166666666666,0,0,0,0,0,0,0,0,0,0,0,0,0,0,0,0,0,0,0,0,0,0,,,,,,,,,,,,,,,,,,USD,1.0,stock,25.0
2025-09-08,214.87,217.78,214.04,217.2,1358876,,,,214.6152075711422,214.6478785410421,214.71022607325858,214.75488491884664,,0.12577535853540667,-0.14514599205844606,0.2709213505938527,1,,0.5,0.05,1342608.5,,1.0121163392008914,,,,2.329999999999984,0.5800000000000125,0.8300000000000125,,0,1.1900517628258662,,,,0,,,1.046755059316129,1.1173184357541777,,,1.2043845625436191,,0,25,20,20,214.05505,,,,217.2,,,,,,216.34,218.64000000000001,220.08,222.38000000000002,214.9,212.6,211.16,0,0,0,0,0,0,0,0,0,0,0,0,0,0,0,0,0,0,0,0,0,0,,,,,,,,,,,,,,,,,,USD,1.0,stock,25.0
2025-09-09,217.11,218.0,215.867,217.7,1168471,,,,214.9089973262715,214.7675695786483,214.76942951735245,214.78418954651983,,0.35323006240656696,-0.04547078116544345,0.3987008435720104,1,,0.5,0.05,1301314.8,,0.8979157080208416,,,,0.589999999999975,0.30000000000001137,1.2430000000000234,,0,1.282040732075556,,,,0,,,0.2302025782688677,2.6305864604940554,,,1.2986904729220006,,0,25,20,20,214.05505,,,,217.7,,,,,,217.189,218.511,219.322,220.644,216.378,215.05599999999998,214.24499999999998,0,0,0,0,0,0,0,0,0,0,0,0,0,0,0,0,0,0,0,0,0,0,,,,,,,,,,,,,,,,,,USD,1.0,stock,25.0
2025-09-10,217.19,218.52,212.3001,215.49,1076074,,,,214.96433091424564,214.79590018340718,214.7836982397811,214.7912125361067,,0.351113604614369,0.03384609599051904,0.31726750862385,0,,0.5,0.05,1243782.3,,0.8651626574843523,,,,1.6999999999999886,1.3300000000000125,3.189900000000023,,0,0.2439412899690812,,,,0,,,-1.0151584749655385,1.3903592349495453,,,0.2445378186784276,,0,25,20,20,214.05505,,,,215.49,,,,,,215.4367,218.57330000000002,221.65660000000003,224.79320000000004,212.3534,209.21679999999998,206.13349999999997,0,0,0,0,0,0,0,0,0,0,0,0,0,0,0,0,0,0,0,0,0,0,,,,,,,,,,,,,,,,,,USD,1.0,stock,25.0
2025-09-11,216.23,222.1,215.98,221.36,1049880,,,,215.57344225574604,215.05331586248926,214.91392203701315,214.85657360539918,62.980578676179164,0.8137162248100651,0.18982012175442828,0.6238961030556368,1,5.095692857142863,0.5,0.05,1209784.0,,0.8678243388902481,,95.7250144425189,,5.130000000000024,0.7399999999999807,0.25,,0,2.614093668347474,,,,0,,,2.7240243166736233,2.2353593201551725,,,2.684262812572744,,0,25,20,20,215.55505,,,,221.36,,,,,,219.81333333333336,223.64666666666673,225.93333333333337,229.76666666666674,217.52666666666673,213.69333333333336,211.40666666666672,0,0,0,0,0,0,0,0,0,0,0,0,0,0,0,0,0,0,0,0,0,0,,,,,,,,,,,,,,,,,,USD,1.0,stock,25.0
2025-09-12,221.36,223.22,219.55,222.19,970090,,,,216.20359061234166,215.33318582866616,215.05800278875546,214.92954302226087,64.15963161933998,1.2330918819456258,0.3984744737926678,0.834617408152958,1,4.514121428571433,0.5,0.05,1164796.9,,0.832840472017053,,92.75153238235313,,0.8299999999999841,1.0300000000000011,1.8100000000000023,,0,2.694274894305928,,,,0,,,0.3749548247198975,3.368225168643879,,,2.7688760259269327,,0,25,20,20,216.11505,,,,222.19,,,,,,221.65333333333334,223.75666666666666,225.32333333333332,227.42666666666665,220.08666666666667,217.98333333333335,216.41666666666669,0,0,0,0,0,0,0,0,0,0,0,0,0,0,0,0,0,0,0,0,0,0,,,,,,,,,,,,,,,,,,USD,1.0,stock,25.0
2025-09-15,222.35,229.0,221.245,228.24,2734172,,,,217.34991531592817,215.8393354040126,215.31903243650288,215.06198538024833,74.29037520391519,2.030231306972695,0.7248258404286734,1.3054054665440216,1,4.764478571428575,0.5,0.05,1312649.7,,2.0829410923569327,,96.19808003041541,94.89154228509581,5.890000000000015,0.7599999999999909,1.1049999999999898,,0,4.7713304784752175,,,,0,,,2.722894819748878,5.082872928176796,,,5.01039288110262,,0,25,20,20,219.515,,,,228.24,,,,,,226.16166666666666,231.07833333333332,233.91666666666666,238.83333333333331,223.32333333333332,218.40666666666667,215.56833333333333,0,0,0,0,0,0,0,0,0,0,0,0,0,0,0,0,0,0,0,0,0,0,,,,,,,,,,,,,,,,,,USD,1.0,stock,27.0
2025-09-16,227.96,228.7099,222.76,224.98,1506136,,,,218.07659004774456,216.19779283914934,215.51033872488895,215.1606720928827,66.87481415402911,2.37157722336741,1.0541761170164208,1.3174011063509894,1,5.005185714285718,0.5,0.05,1351186.8,,1.114676371912455,,79.88984437140752,89.61315226139202,2.980000000000018,0.7498999999999967,2.219999999999999,,0,3.0684549525537514,,,,0,,,-1.4283210655450462,3.3440514469453397,,,3.1655896447867393,,0,25,20,20,220.265,,,,224.98,,,,,,225.48329999999999,228.20659999999998,231.4332,234.1565,222.25669999999997,219.53339999999997,216.30679999999995,0,0,0,0,0,0,0,0,0,0,0,0,0,0,0,0,0,0,0,0,0,0,,,,,,,,,,,,,,,,,,USD,1.0,stock,25.0
2025-09-17,224.98,228.175,222.97,225.18,1186799,,,,218.75310528129268,216.55003625722193,215.70181716598026,215.26036689792866,70.00925640234492,2.6279413775414184,1.3689291691214205,1.259012208419998,0,5.115900000000004,0.5,0.05,1350739.4,,0.8786291419351505,,80.89034962656145,85.65942467612813,0.20000000000001705,2.9950000000000045,2.009999999999991,,0,2.8541143612697977,,,,0,,,0.08889679082586532,4.496728386468041,,,2.9379673081408577,,0,25,20,20,220.265,,,,225.18,,,,,,225.4416666666667,227.91333333333338,230.6466666666667,233.1183333333334,222.70833333333337,220.23666666666668,217.50333333333336,0,0,0,0,0,0,0,0,0,0,0,0,0,0,0,0,0,0,0,0,0,0,,,,,,,,,,,,,,,,,,USD,1.0,stock,27.0
2025-09-18,226.04,226.985,221.24,221.92,1682506,,,,219.05471430212194,216.7606230706642,215.8249494993272,215.32663190391943,60.868254446789216,2.5387914541445014,1.602901626126037,0.9358898280184644,0,5.169828571428575,0.5,0.05,1408623.1,,1.1944330601989985,,64.58211396755357,75.12076932184084,4.1200000000000045,0.9450000000000216,0.6799999999999784,,0,1.2911345069746083,,,,0,,,-1.447730704325434,0.25298156848572173,,,1.3080228412369281,,0,25,20,20,220.65005,,,,221.92,,,,,,223.38166666666666,225.5233333333333,229.12666666666667,231.26833333333332,219.7783333333333,217.63666666666666,214.0333333333333,0,0,0,0,0,0,0,0,0,0,0,0,0,0,0,0,0,0,0,0,0,0,,,,,,,,,,,,,,,,,,USD,1.0,stock,25.0
2025-09-19,223.45,225.1,219.94,222.43,3559973,217.81625,,,219.37617008287222,216.98295157769698,215.95574257854844,215.39731218348246,61.35754688895501,2.4806963124045183,1.7784605633817332,0.7022357490227851,0,5.344828571428574,0.5,0.05,1629297.7,1528935.75,2.18497393079239,2.3283993457540646,67.13340236819597,70.868621987437,1.0199999999999818,1.6500000000000057,2.490000000000009,,0,1.372939764028137,2.074248078047031,,,0,,,0.229812545061292,0.10801566227103265,,229.0,1.3920517966806336,229.0,0,25,20,20,220.65005,,,,222.43,,,,,,222.49,225.04000000000002,227.65,230.20000000000002,219.88000000000002,217.33,214.72000000000003,0,0,0,0,0,0,0,0,0,0,0,0,0,0,0,0,0,0,0,0,0,0,,,,,,,,,,,,,,,,,,USD,1.0,stock,25.0
2025-09-22,222.71,224.21,219.02,223.51,1842676,218.25124999999997,,,219.76986817021773,217.23891426092453,216.10533183441876,215.47803544533835,67.80243826195681,2.4930639784213042,1.9213812463896476,0.5716827320316566,0,5.301978571428573,0.5,0.05,1677677.7,1510143.1,1.0983492240494108,1.220199595654213,71.05956773853448,67.59169469142802,0.799999999999983,0.700000000000017,3.6899999999999977,,0,1.6733621895137833,2.352803006576896,,,0,,,0.48554601447645673,-2.07237995092886,4.050090777896731,229.0,1.7018401389245148,229.0,0,25,20,20,220.65005,,,,223.51,,,,,,222.24666666666667,225.47333333333333,227.43666666666667,230.66333333333333,220.28333333333333,217.05666666666667,215.09333333333333,0,0,0,0,0,0,0,0,0,0,0,0,0,0,0,0,0,0,0,0,0,0,,,,,,,,,,,,,,,,,,USD,1.0,stock,25.0
2025-09-23,222.76,225.43,219.4,221.22,1482339,218.64475000000002,,,219.90797596353033,217.39503527030007,216.20661239215306,215.53516942100663,62.822973571534014,2.2916646970564614,1.9954379365230104,0.296226760533451,0,5.391985714285716,0.5,0.05,1709064.5,1505189.65,0.8673394128776298,0.9848187568921963,55.4665140240412,64.55316137692388,1.539999999999992,2.670000000000016,1.8199999999999932,,0,0.5930856326144407,1.1641126480426647,,,0,,,-1.024562659388839,-1.6712596675260039,3.688774314506671,229.0,0.5966241245780246,229.0,0,25,20,20,222.49,,,,221.22,,,,,,222.01666666666668,224.63333333333335,228.04666666666668,230.66333333333336,218.60333333333335,215.98666666666668,212.57333333333335,0,0,0,0,0,0,0,0,0,0,0,0,0,0,0,0,0,0,0,0,0,0,,,,,,,,,,,,,,,,,,USD,1.0,stock,25.0
2025-09-24,222.31,223.27,217.63,217.83,1327127,218.85475000000002,,,219.71007349081316,217.41209271068047,216.23875868141735,215.558003556121,51.968740607153585,1.8373300498668357,1.9638163591917754,-0.12648630932493976,0,5.472700000000003,0.5,0.05,1734169.8,1488976.05,0.7652808854127202,0.8913017774866157,36.0618202633086,54.19596734196143,4.47999999999999,0.960000000000008,0.20000000000001705,,0,-0.8630920859446108,-0.47043566083643734,,,0,,,-1.5324111743965196,-3.2640554223288043,1.9660160089875145,229.0,-0.8557065504289489,229.0,0,25,20,20,223.315,,,,217.83,,,,,,219.57666666666668,221.52333333333337,225.2166666666667,227.16333333333338,215.88333333333335,213.93666666666667,210.24333333333334,0,0,0,0,0,0,0,0,0,0,0,0,0,0,0,0,0,0,0,0,0,0,,,,,,,,,,,,,,,,,,USD,1.0,stock,25.0
2025-09-25,214.63,217.46,212.54,215.19,1585385,219.00375,,,219.27959030121193,217.32495182006556,216.21799118277542,215.55434182919444,50.349446709376835,1.2498333314149193,1.8210197536364043,-0.5711864222214851,0,5.309842857142862,0.5,0.05,1787720.3,1498752.15,0.8868193754917925,1.0578033199151708,17.304894041281738,36.27774277621051,0.5600000000000023,2.2700000000000102,2.0900000000000034,,0,-1.900455551471689,-1.7722710163111661,,,0,,,-1.2119542762704882,-3.032624369142034,1.4042693558267816,229.0,-1.8650118306014207,229.0,0,25,20,20,220.76999999999998,,,,215.19,,,,,,215.06333333333336,217.58666666666673,219.98333333333338,222.50666666666675,212.6666666666667,210.14333333333335,207.7466666666667,0,0,0,0,0,0,0,0,0,0,0,0,0,0,0,0,0,0,0,0,0,0,,,,,,,,,,,,,,,,,,USD,1.0,stock,25.0
2025-09-26,216.07,223.94,215.955,222.87,1153956,219.41174999999998,,,219.62153408204887,217.54240468986694,216.34971412965115,215.62713444780942,57.12848881066131,1.3879503373979958,1.7344058703887228,-0.34645553299072707,1,5.667700000000004,0.5,0.05,1806106.9,1485451.9,0.6389189920042939,0.7768383479801669,63.29319337241546,38.88663589233526,6.800000000000011,1.0699999999999932,0.11499999999998067,,0,1.4575608731328293,1.5516893256158393,,,0,,,3.568939077094657,0.19781504293485686,3.8004750593824133,229.0,1.4791199467432623,229.0,0,25,20,20,220.62495,,,,222.87,,,,,,220.92166666666665,225.8883333333333,228.90666666666664,233.87333333333328,217.9033333333333,212.93666666666667,209.91833333333332,0,0,0,0,0,0,0,0,0,0,0,0,0,0,0,0,0,0,0,0,0,0,,,,,,,,,,,,,,,,,,USD,1.0,stock,25.0
2025-09-29,224.5,224.97,220.16,220.51,1605349,219.69725,,,219.7061498837585,217.65878097653885,216.4320960280739,215.6757201746969,53.374969973576746,1.2920824607477357,1.6459411884605255,-0.3538587277127898,0,5.85891428571429,0.5,0.05,1693224.6,1502937.15,0.9481016281006075,1.068141139501409,49.16137222378576,43.25315321249432,3.990000000000009,0.46999999999999886,0.3499999999999943,,0,0.36454134335924787,0.3685773887805515,,,0,,,-1.0589132678243018,-1.342221824526868,2.6582867783985,229.0,0.3658751093980647,229.0,0,25,20,20,220.35750000000002,216.89499999999998,218.62625,,220.51,,,,,,221.88,223.6,226.69,228.41,218.79,217.07,213.98,0,0,0,0,0,0,0,0,0,0,0,0,0,0,0,0,0,0,0,0,0,0,,,,,,,,,,,,,,,,,,USD,1.0,stock,25.0
2025-09-30,220.55,221.69,210.27,213.75,2587612,219.77875,,,219.13889751387674,217.50549544804713,216.37898521563676,215.65655877992378,48.11606756171503,0.6629884552724832,1.4493506418229172,-0.786362186550434,0,6.230350000000001,0.5,0.05,1801372.2,1576279.5,1.4364671554274013,1.6415946537400252,18.579818473037864,43.678128023079694,6.800000000000011,1.1399999999999864,3.4799999999999898,,0,-2.5211216439189434,-2.8204678362573112,,,0,,,-3.065620606775199,-3.3767290480065104,0.7684329624740638,229.0,-2.459124133147332,229.0,0,25,20,20,218.6275,219.00504999999998,218.816275,,213.75,,,,,,215.23666666666668,220.20333333333335,226.65666666666667,231.62333333333333,208.78333333333336,203.8166666666667,197.36333333333337,0,0,0,0,0,0,0,0,0,0,0,0,0,0,0,0,0,0,0,0,0,0,,,,,,,,,,,,,,,,,,USD,1.0,stock,25.0
2025-10-01,214.03,218.71,212.55,217.95,1954227,220.0495,,,219.02566917922184,217.52292699910413,216.41009441928753,215.6793790905713,46.16940013480115,0.49759584750387376,1.2589996829591084,-0.7614038354552346,1,6.198207142857145,0.5,0.05,1878115.0,1614427.2,1.040525739904106,1.2104770038562285,41.003737319807705,36.248309338877114,3.9199999999999875,0.7600000000000193,1.4799999999999898,,0,-0.49353942611692936,-0.9632943335627466,,,0,,,1.9649122807017472,0.05508883073954696,2.5478156538923047,229.0,-0.4911155771160599,229.0,0,25,20,20,217.85000000000002,219.00504999999998,218.427525,,217.95,,,,,,216.40333333333334,220.25666666666666,222.56333333333333,226.41666666666666,214.09666666666666,210.24333333333334,207.93666666666667,0,0,0,0,0,0,0,0,0,0,0,0,0,0,0,0,0,0,0,0,0,0,,,,,,,,,,,,,,,,,,USD,1.0,stock,25.0
2025-10-02,218.4,218.4,211.51,217.69,2065659,220.108,,,218.89846259072453,217.5294788814922,216.43543908425212,215.69938526877456,44.879380974055536,0.3416033958617106,1.075520425539629,-0.7339170296779183,1,6.428207142857147,0.5,0.05,1916430.3,1662526.7,1.077868054997878,1.242481699692402,39.61558996262676,33.06638191849078,0.710000000000008,0.0,6.180000000000007,,0,-0.5551300430541305,-1.1107538242454897,,,0,,,-0.11929341592107345,1.1617640224917514,0.5403657860705735,229.0,-0.5520653623703173,229.0,0,25,20,20,217.85000000000002,219.00504999999998,218.427525,,217.69,,,,,,215.86666666666665,220.2233333333333,222.75666666666666,227.11333333333332,213.3333333333333,208.97666666666663,206.44333333333327,0,0,0,0,0,0,0,0,0,0,0,0,0,0,0,0,0,0,0,0,0,0,,,,,,,,,,,,,,,,,,USD,1.0,stock,25.0
2025-10-03,218.68,223.28,216.05,219.23,1801197,220.32199999999997,,,218.93003758208408,217.59616598417878,216.49077692416793,215.73451576361265,38.57468932285061,0.33834317425194627,0.9280849752820923,-0.5897418010301461,1,6.3907071428571465,0.5,0.05,1740552.7,1684925.2,1.034841978642761,1.0690070989501492,48.59028519677429,43.069870826402926,0.549999999999983,4.050000000000011,2.6299999999999955,,0,0.1368254426474055,-0.4981070109017856,,,0,,,0.707427993936327,-1.633239108000184,1.9911607350546534,229.0,0.1370129111695974,229.0,0,25,20,20,217.85000000000002,219.00504999999998,218.427525,,219.23,,,,,,219.52,222.99,226.75,230.22,215.76000000000002,212.29000000000002,208.53000000000003,0,0,0,0,0,0,0,0,0,0,0,0,0,0,0,0,0,0,0,0,0,0,,,,,,,,,,,,,,,,,,USD,1.0,stock,25.0
2025-10-06,220.31,240.98,216.84,223.83,3741998,220.65349999999998,,,219.39670066950467,217.8406300632306,216.63610807418442,215.81506784556677,48.58964925190094,0.6988846738539678,0.8822449149964675,-0.1833602411424997,1,7.690000000000002,0.5,0.05,1930484.9,1804081.3,1.9383720639306736,2.074184794221857,44.15499837186588,44.12029117708897,3.5200000000000102,17.149999999999977,3.469999999999999,,0,1.980654662241587,1.419157396238231,,,0,,,2.0982529763262425,1.5056006530316246,3.0524861878453047,240.98,2.0206773014210406,240.98,0,25,20,20,225.625,224.99505,225.310025,,223.83,,,,,,227.21666666666667,237.59333333333333,251.35666666666665,261.73333333333335,213.45333333333335,203.07666666666668,189.31333333333336,0,0,0,0,0,0,0,0,0,0,0,0,0,0,0,0,0,0,0,0,0,0,,,,,,,,,,,,,,,,,,USD,1.0,stock,25.0
2025-10-07,223.25,223.4615,211.39,216.16,1810455,220.57649999999998,,,219.08844346288518,217.77472300192744,216.6266801915273,215.8185000063074,40.650912106135976,0.36154385817059165,0.7781047036312924,-0.4165608454607007,0,8.206785714285717,0.5,0.05,1963296.5,1836180.5,0.9221505768486828,0.985989667137844,19.17942038423963,37.30823465095993,7.090000000000003,0.2115000000000009,4.77000000000001,,0,-1.3547573384924056,-2.043162472242776,,,0,,,-3.4267077692891945,1.1274853801169549,-0.7073954983922826,240.98,-1.3366489882344155,240.98,0,25,20,20,225.625,224.99505,225.310025,,216.16,,,,,,217.00383333333332,222.61766666666665,229.07533333333333,234.68916666666667,210.54616666666664,204.9323333333333,198.47466666666662,0,0,0,0,0,0,0,0,0,0,0,0,0,0,0,0,0,0,0,0,0,0,,,,,,,,,,,,,,,,,,USD,1.0,stock,25.0
2025-10-08,217.74,217.74,212.37,212.41,1170405,220.42250000000004,,,218.4524012283247,217.56434170773423,216.54318157387328,215.78458458335908,40.24215062589781,-0.20601995876847923,0.5812797711513381,-0.7872997299198173,0,8.180000000000003,0.5,0.05,1947624.3,1840897.05,0.6009398219153458,0.6357797140258332,6.96841419732982,23.43427765114511,5.3300000000000125,0.0,0.03999999999999204,,0,-2.8446877399014676,-3.772185866955438,,,0,,,-1.7348260547742411,-2.5418674007799957,-1.429300663603883,240.98,-2.7660035753094045,240.98,0,25,20,20,225.625,225.505,225.565,,212.41,,,,,,214.17333333333332,215.97666666666663,219.54333333333332,221.34666666666664,210.60666666666663,208.8033333333333,205.23666666666662,0,0,0,0,0,0,0,0,0,0,0,0,0,0,0,0,0,0,0,0,0,0,,,,,,,,,,,,,,,,,,USD,1.0,stock,25.0
2025-10-09,214.705,216.99,213.2461,216.81,1206739,220.195,,,218.29598206372233,217.53475967997994,216.5484651070639,215.79478772183313,44.65982516153553,-0.2973475081222432,0.4055543152966219,-0.7029018234188651,1,8.138571428571433,0.5,0.05,1909759.7,1848740.0,0.6318800213450938,0.6527359174356588,21.29599478997068,15.814609790513378,2.1049999999999898,0.18000000000000682,1.4588999999999999,,0,-0.6853844673780417,-1.5612748489460777,,,0,,,2.071465561885044,-0.40424456796361863,-2.055475243946514,240.98,-0.6807189255955074,240.98,0,25,20,20,225.625,225.625,225.625,,216.81,,,,,,215.68203333333335,218.1179666666667,219.42593333333335,221.86186666666669,214.3740666666667,211.93813333333335,210.6301666666667,0,0,0,0,0,0,0,0,0,0,0,0,0,0,0,0,0,0,0,0,0,0,,,,,,,,,,,,,,,,,,USD,1.0,stock,25.0
2025-10-10,215.5,218.02,209.8,210.33,1305003,219.602,,,217.5373171052726,217.25222008468663,216.42532718415174,215.74041172460096,38.64184763874528,-0.8824349327370271,0.1479564656898921,-1.0303913984269193,0,8.355000000000004,0.5,0.05,1924864.4,1865485.65,0.6779713937251892,0.6995513473931038,1.6998075689544627,9.988072185418321,5.1699999999999875,2.5200000000000102,0.5300000000000011,,0,-3.4266709957079726,-4.40831074977416,,,0,,,-2.98879202988791,-4.0596633672398745,-5.337773977226689,240.98,-3.313140568790205,240.98,0,25,20,20,225.39,225.39,225.39,,210.33,,,,,,212.7166666666667,215.63333333333338,220.9366666666667,223.85333333333338,207.41333333333338,204.4966666666667,199.19333333333338,0,0,0,0,0,0,0,0,0,0,0,0,0,0,0,0,0,0,0,0,0,0,,,,,,,,,,,,,,,,,,USD,1.0,stock,25.0
2025-10-13,212.55,216.87,211.2101,215.64,1497476,218.97200000000004,,,217.35662023810374,217.1889957676401,216.4097761508022,215.73941260296314,45.42922673656618,-0.9071907789994498,-0.06307298324797629,-0.8441177957514735,1,8.391428571428575,0.5,0.05,1914077.1,1803650.85,0.7823488405979048,0.8302471623041676,18.72995509942264,13.908585819449263,3.089999999999975,1.2300000000000182,1.3399,,0,-0.7960583556407707,-1.545167872379916,,,0,,,2.5246041934103403,-3.6590269400884723,-5.520504731861209,240.98,-0.7897713150964911,240.98,0,25,20,20,225.39,225.39,225.39,,215.64,,,,,,214.57336666666666,217.9366333333333,220.23326666666665,223.5965333333333,212.2767333333333,208.91346666666666,206.61683333333332,0,0,0,0,0,0,0,0,0,0,0,0,0,0,0,0,0,0,0,0,0,0,,,,,,,,,,,,,,,,,,USD,1.0,stock,25.0
2025-10-14,212.12,224.559,212.12,223.12,1453949,218.879,,,217.90551354876055,217.42158416890913,216.5426518705883,215.81285128353068,54.061108552126505,-0.31955287189452974,-0.11436896097728698,-0.20518391091724275,1,8.87707142857143,0.5,0.05,1800710.8,1801041.5,0.8074305990723218,0.8072823419116106,42.71969211032714,21.04981825956808,11.0,1.438999999999993,0.0,,0,2.337077111527184,1.9007708856220928,,,0,,,3.46874420330181,3.2198371576609874,-0.8267401546804054,240.98,2.3930034473738133,240.98,0,25,20,20,225.39,225.39,225.39,,223.12,,,,,,219.933,227.74599999999998,232.37199999999999,240.18499999999997,215.307,207.494,202.868,0,0,0,0,0,0,0,0,0,0,0,0,0,0,0,0,0,0,0,0,0,0,,,,,,,,,,,,,,,,,,USD,1.0,stock,25.0
2025-10-15,224.75,225.29,215.19,218.43,2547307,218.54149999999998,,,217.95546463935477,217.46112988777546,216.58002510087368,215.83889256429157,52.41143197380173,-0.22964222818677626,-0.13742361441918485,-0.09221861376759141,1,9.220642857142858,0.5,0.05,1860018.8,1869066.9,1.3695060501539016,1.3628763100989056,27.677998717126368,29.709215308958715,6.319999999999993,0.539999999999992,3.240000000000009,,0,0.21724825374043588,-0.051046101725943406,,,0,,,-2.1020078881319404,2.834141518760891,-2.9976019184652314,240.98,0.21772124935267642,240.98,0,25,20,20,225.39,225.39,225.39,,218.43,,,,,,219.63666666666668,224.08333333333337,229.73666666666668,234.18333333333337,213.98333333333338,209.5366666666667,203.88333333333338,0,0,0,0,0,0,0,0,0,0,0,0,0,0,0,0,0,0,0,0,0,0,,,,,,,,,,,,,,,,,,USD,1.0,stock,25.0
2025-10-16,218.27,219.58,210.7,213.57,1846457,218.12399999999997,,,217.53780134036862,217.3085365588431,216.52042064343064,215.81631651887577,42.775015537600986,-0.5442747184079053,-0.21879383521692897,-0.32548088319097634,0,9.229928571428573,0.5,0.05,1838098.6,1877264.45,1.0045473077450795,0.9835891794573748,12.09108402822317,27.49625828522556,4.700000000000017,1.3100000000000023,2.8700000000000045,,0,-1.8578458305794934,-2.1323219553307924,,,0,,,-2.2249690976514302,-1.4943960149439661,-3.762617159336701,240.98,-1.8239594755122295,240.98,0,25,20,20,225.39,225.39,225.39,,213.57,,,,,,214.61666666666665,218.5333333333333,223.49666666666667,227.41333333333333,209.65333333333328,205.73666666666662,200.77333333333326,0,0,0,0,0,0,0,0,0,0,0,0,0,0,0,0,0,0,0,0,0,0,,,,,,,,,,,,,,,,,,USD,1.0,stock,25.0
2025-10-17,213.76,216.59,212.61,214.76,1617545,217.74050000000003,,,217.27324883176206,217.2085939486924,216.48556082870925,215.80580590674768,45.45022946668776,-0.6896503193685533,-0.31296513204725385,-0.3766851873212994,0,9.170642857142857,0.5,0.05,1819733.4,1780143.05,0.8888911969192851,0.908660121443611,15.907633098139778,18.558905281163106,1.0,1.8300000000000125,1.1499999999999773,,0,-1.1702592809471364,-1.3878282734215102,,,0,,,0.5571943625040987,2.106214044596566,-3.4482758620689724,240.98,-1.1567226270492768,240.98,0,25,20,20,217.54500000000002,225.39,221.4675,,214.76,,,,,,214.65333333333334,216.69666666666666,218.63333333333333,220.67666666666665,212.71666666666667,210.67333333333335,208.73666666666668,0,0,0,0,0,0,0,0,0,0,0,0,0,0,0,0,0,0,0,0,0,0,,,,,,,,,,,,,,,,,,USD,1.0,stock,25.0
2025-10-20,215.4,219.76,215.4,218.25,989241,217.47750000000002,,,217.36627275254662,217.24943340168485,216.52050021823976,215.83012624598402,53.75500667556742,-0.5172847609261169,-0.3538290578230265,-0.16345570310309038,1,8.71207142857143,0.5,0.05,1544457.7,1737471.3,0.640510258066634,0.569356742755981,27.100705580500303,18.366474235621084,2.8499999999999943,1.509999999999991,0.0,,0,0.4049151191080774,0.3539518900343549,,,0,,,1.625069845408822,1.210350584307185,-2.3533622656704334,240.98,0.4065613474724429,240.98,0,25,20,20,217.54500000000002,225.39,221.4675,,218.25,,,,,,217.8033333333333,220.20666666666662,222.1633333333333,224.5666666666666,215.84666666666664,213.44333333333333,211.48666666666665,0,0,0,0,0,0,0,0,0,0,0,0,0,0,0,0,0,0,0,0,0,0,,,,,,,,,,,,,,,,,,USD,1.0,stock,25.0
2025-10-21,217.94,227.32,217.94,226.14,1612202,217.72349999999997,,,218.20186582373265,217.59808307220703,216.71098536243304,215.9327120544817,56.4376670334853,0.2530561724510392,-0.2324520117682134,0.48550818421925257,1,8.94207142857143,0.5,0.05,1524632.4,1743964.45,1.0574365335539242,0.9244465963741406,52.40538806927513,31.804575582638403,8.199999999999989,1.1800000000000068,0.0,,0,3.510274244391678,3.721809498540733,,,0,,,3.6151202749140854,1.3535317318035034,2.2240303770002745,240.98,3.6379772218262816,240.98,0,25,20,20,218.56,225.39,221.975,,226.14,,,,,,223.79999999999998,229.65999999999997,233.17999999999998,239.03999999999996,220.27999999999997,214.42,210.89999999999998,0,0,0,0,0,0,0,0,0,0,0,0,0,0,0,0,0,0,0,0,0,0,,,,,,,,,,,,,,,,,,USD,1.0,stock,25.0
2025-10-22,225.4,227.87,224.12,226.39,1310127,218.1515,,,218.9816881262343,217.94286412819892,216.90264901862247,216.03676467085504,56.83962264150942,0.8736588276901216,-0.011229843876546408,0.884888671566668,1,8.717785714285714,0.5,0.05,1538604.6,1743114.45,0.8515033687017444,0.7516012502793491,53.20718409236686,44.23775924738077,0.9899999999999807,1.4800000000000182,1.2800000000000011,,0,3.2723670982665682,3.639074164053177,,,0,,,0.11055098611478797,3.644188069404386,3.929669926089141,240.98,3.3830736885611565,240.98,0,25,20,20,218.835,225.39,222.1125,,226.39,,,,,,226.12666666666667,228.13333333333333,229.87666666666667,231.88333333333333,224.38333333333333,222.37666666666667,220.63333333333333,0,0,0,0,0,0,0,0,0,0,0,0,0,0,0,0,0,0,0,0,0,0,,,,,,,,,,,,,,,,,,USD,1.0,stock,25.0
2025-10-23,225.24,228.95,213.55,215.65,2677853,218.1745,,,218.66438449516437,217.8529478878774,216.87784408756062,216.0329162661699,47.5412087912088,0.4931776165219901,0.08965164820316089,0.4035259683188292,0,9.301357142857142,0.5,0.05,1685716.0,1797737.85,1.5885552489268655,1.4895681258532771,18.76202694034637,41.45819970066278,9.590000000000003,3.7099999999999795,2.0999999999999943,,0,-1.3978133527309828,-1.1706468815209778,,,0,,,-4.744025796192409,0.9739195579903548,0.21376458013848687,240.98,-1.3785438822713378,240.98,0,25,20,20,219.825,225.39,222.6075,,215.65,,,,,,219.38333333333333,225.21666666666664,234.7833333333333,240.61666666666662,209.81666666666666,203.98333333333335,194.41666666666669,0,0,0,0,0,0,0,0,0,0,0,0,0,0,0,0,0,0,0,0,0,0,,,,,,,,,,,,,,,,,,USD,1.0,stock,25.0
2025-10-24,217.13,220.0,215.09,218.85,1228056,217.9735,,,218.68206216229157,217.89204797070576,216.91689667988612,216.0609469500886,46.51260504201679,0.4447301990367407,0.16066735836987686,0.2840628406668638,0,7.927785714285714,0.5,0.05,1678021.3,1801442.85,0.7318476827439556,0.6817068884533306,47.258485639686654,39.74256555746663,1.7199999999999989,1.1500000000000057,2.039999999999992,,0,0.07673650340800639,0.40050262737034176,,,0,,,1.4838859262694237,1.9044514807226687,-1.803742091802396,240.98,0.07679543353848083,240.98,0,25,20,20,219.825,225.39,222.6075,,218.85,,,,,,217.98000000000002,220.87000000000003,222.89000000000001,225.78000000000003,215.96000000000004,213.07000000000002,211.05000000000004,0,0,0,0,0,0,0,0,0,0,0,0,0,0,0,0,0,0,0,0,0,0,,,,,,,,,,,,,,,,,,USD,1.0,stock,25.0
2025-10-27,219.18,223.81,218.95,222.5,1382046,218.073,,,219.04567528969238,218.07275197185456,217.02745318127452,216.12501712968972,54.70466013653903,0.6928727614168224,0.26710843897926595,0.42576432243755646,1,7.393499999999999,0.5,0.05,1666478.3,1790277.7,0.8293213298967049,0.7719729738017739,66.31853785900785,44.11301681301362,3.319999999999993,1.3100000000000023,0.2300000000000182,,0,1.5525054877787043,1.9896629213483112,,,0,,,1.667809001599263,1.9473081328751363,0.9024534034737686,240.98,1.5769883179566095,240.98,0,25,20,20,219.825,225.39,222.6075,,222.5,,,,,,221.75333333333333,224.55666666666667,226.61333333333334,229.41666666666669,219.69666666666666,216.89333333333332,214.83666666666664,0,0,0,0,0,0,0,0,0,0,0,0,0,0,0,0,0,0,0,0,0,0,,,,,,,,,,,,,,,,,,USD,1.0,stock,25.0
2025-10-28,221.07,226.38,219.3,225.3,1526497,218.65050000000002,,,219.64132526210264,218.3561734631544,217.19126598956612,216.21631049158336,59.70194189372273,1.102752287367963,0.4342372086570053,0.6685150787109576,1,7.515642857142855,0.5,0.05,1673733.1,1737221.95,0.9120313149091691,0.8787000417534444,80.93994778067895,64.83899042645781,4.230000000000018,1.079999999999984,1.7699999999999818,,0,2.511617726541221,2.9513981358189034,,,0,,,1.2584269662921477,-0.37145131334570536,5.4035087719298325,240.98,2.5763251661064945,240.98,0,25,20,20,219.825,225.39,222.6075,,225.3,,,,,,223.66,228.01999999999998,230.73999999999998,235.09999999999997,220.94,216.58,213.86,0,0,0,0,0,0,0,0,0,0,0,0,0,0,0,0,0,0,0,0,0,0,,,,,,,,,,,,,,,,,,USD,1.0,stock,25.0
2025-10-29,229.04,229.27,216.27,219.76,1932341,218.74100000000004,,,219.65262761809285,218.41122548420716,217.2421320095747,216.25157108370692,52.18292141482905,0.9693786705220475,0.5412655010300138,0.4281131694920337,0,8.117071428571425,0.5,0.05,1612236.5,1736127.65,1.1985468633168892,1.1130178129471069,51.155624036979866,66.13803655888888,9.280000000000001,0.2300000000000182,3.4899999999999807,,0,0.04885892878919748,0.46368765926462896,,,0,,,-2.458943630714616,-2.928574583683019,0.830465703142913,240.98,0.04888281240770191,240.98,0,25,20,20,220.94,225.39,223.165,,219.76,,,,,,221.76666666666665,227.2633333333333,234.76666666666665,240.2633333333333,214.2633333333333,208.76666666666665,201.2633333333333,0,0,0,0,0,0,0,0,0,0,0,0,0,0,0,0,0,0,0,0,0,0,,,,,,,,,,,,,,,,,,USD,1.0,stock,25.0
2025-10-30,219.25,224.53,218.0361,220.47,1249070,218.87999999999997,,,219.7304726068459,218.49196173972848,217.30605018760295,216.2935455007845,58.20388349514562,0.9104747978305738,0.6151073603901258,0.295367437440448,0,7.993778571428568,0.5,0.05,1552497.8,1695298.2,0.8045550853598633,0.7367848323085578,52.611739364566496,61.56910372740844,1.2199999999999989,4.060000000000002,1.2138999999999953,,0,0.33543220989436456,0.7211865559940273,,,0,,,0.3230797233345406,2.2351031764433094,1.2770453397032533,240.98,0.33656114437859946,240.98,0,25,20,20,221.41000000000003,225.39,223.4,,220.47,,,,,,221.01203333333333,223.98796666666667,227.50593333333333,230.48186666666666,217.49406666666667,214.51813333333334,211.00016666666667,0,0,0,0,0,0,0,0,0,0,0,0,0,0,0,0,0,0,0,0,0,0,,,,,,,,,,,,,,,,,,USD,1.0,stock,25.0
2025-10-31,220.29,222.666,217.31,220.0,1314766,218.9185,218.4889,,219.75614188238438,218.55110049503324,217.3593957284425,216.3304256450553,53.82724719101124,0.816456381359103,0.6553771645839213,0.16107921677518178,0,7.90920714285714,0.5,0.05,1522219.9,1670976.65,0.8637162081510037,0.7868248787318483,50.080775444264944,51.28271294860377,0.28999999999999204,2.3760000000000048,2.6899999999999977,,0,0.11084459891618921,0.4915909090909116,0.6868636363636359,,0,,,-0.2131809316460287,0.5254740689970339,0.351229302558953,240.98,0.1109676005078991,240.98,0,25,20,20,221.41000000000003,225.39,223.4,,220.0,,,,,,219.992,222.67399999999998,225.34799999999998,228.02999999999997,217.31799999999998,214.636,211.962,0,0,0,0,0,0,0,0,0,0,0,0,0,0,0,0,0,0,0,0,0,0,,,,,,,,,,,,,,,,,,USD,1.0,stock,25.0
2025-11-03,218.86,219.615,210.01,215.61,1895480,218.50750000000002,218.50490000000002,,219.3612712269192,218.43576322071823,217.32475422886938,216.32325723067666,43.02951550027845,0.38329145242724394,0.6009600221525858,-0.21766856972534188,0,7.734278571428569,0.5,0.05,1612843.8,1578650.75,1.1752409005757407,1.2006962274587967,29.075804776739446,43.922773195190295,3.25,0.7549999999999955,5.600000000000023,,0,-1.7398410217147564,-1.3438616019665173,-1.3426557209776944,,0,,,-1.9954545454545447,-3.0966292134831375,-3.67242996917303,229.27,-1.7100882056061153,229.27,0,25,20,20,219.64,225.39,222.515,,215.61,,,,,,215.07833333333335,220.1466666666667,224.68333333333337,229.75166666666672,210.54166666666669,205.47333333333333,200.93666666666667,0,0,0,0,0,0,0,0,0,0,0,0,0,0,0,0,0,0,0,0,0,0,,,,,,,,,,,,,,,,,,USD,1.0,stock,25.0
2025-11-04,213.69,216.8799,210.39,212.13,1528490,218.30600000000004,218.4805,,218.67257872911736,218.1884783885332,217.22188780849572,216.28153327813263,44.018230155715905,-0.23805761100857126,0.4331564955203544,-0.6712141065289257,0,7.476414285714284,0.5,0.05,1604472.6,1564552.5,0.9526432548614416,0.9769502781146686,11.007268951194197,30.05461639073286,1.5600000000000023,3.1898999999999944,1.740000000000009,,0,-3.0842307684520653,-2.911422241078605,-2.993683118842225,,0,,,-1.6140253235007784,-5.845539280958734,-1.8643597335307183,229.27,-2.9919520623672002,229.27,0,25,20,20,219.64,225.39,222.515,222.885,212.13,,,,,,213.1333,215.8766,219.6232,222.3665,209.3867,206.64339999999999,202.89679999999998,0,0,0,0,0,0,0,0,0,0,0,0,0,0,0,0,0,0,0,0,0,0,,,,,,,,,,,,,,,,,,USD,1.0,stock,25.0
2025-11-05,210.48,215.56,208.44,213.81,1678300,218.37599999999998,218.4841,,218.20947599301095,218.01677335368876,217.154325673674,216.25694090720594,50.24252223120453,-0.5881395540308461,0.22889728561011433,-0.8170368396409604,0,7.350699999999997,0.5,0.05,1641289.9,1589947.25,1.0225493984944403,1.0555696108786,25.780124819971203,21.95439951596828,3.3300000000000125,1.75,2.039999999999992,,0,-2.057656794822951,-2.1355409007997634,-2.186099808240966,,0,,,0.791967189930709,-2.7074990899162654,0.6591026787815979,229.27,-2.016170916954983,229.27,0,25,20,20,218.85500000000002,224.70999999999998,221.7825,224.70999999999998,213.81,,,,,,212.60333333333332,216.76666666666665,219.72333333333333,223.88666666666666,209.64666666666665,205.48333333333332,202.52666666666664,0,0,0,0,0,0,0,0,0,0,0,0,0,0,0,0,0,0,0,0,0,0,,,,,,,,,,,,,,,,,,USD,1.0,stock,25.0
2025-11-06,215.18,222.515,213.15,219.7,4325099,218.5205,218.63389999999998,,218.35143066034325,218.08278224177943,217.20473506627454,216.2912002016616,54.55887781469177,-0.38586028370320946,0.10594577174744957,-0.49180605545065903,1,7.735342857142854,0.5,0.05,1806014.5,1745865.25,2.394830717029127,2.47733838565147,54.05664906385014,30.281347611671844,4.519999999999982,2.8149999999999977,2.030000000000001,,0,0.6138230949734794,0.5368684569867958,0.4852526172052826,,0,,,2.754782283335655,-0.34925386673924086,1.3329643466629681,229.27,0.6176141532841626,229.27,0,25,20,20,218.85500000000002,224.70999999999998,221.7825,224.70999999999998,219.7,,,,,,218.455,223.76000000000002,227.82,233.125,214.39500000000004,209.09000000000003,205.03000000000006,0,0,0,0,0,0,0,0,0,0,0,0,0,0,0,0,0,0,0,0,0,0,,,,,,,,,,,,,,,,,,USD,1.0,stock,25.0
2025-11-07,247.0,264.2,245.77,258.25,7653631,220.91649999999998,219.5047,,222.15129440697723,219.65796725190572,218.01751258971464,216.70870069716747,72.41147467503362,2.8522315695016687,0.6552029312982934,2.197028638203375,1,10.556771428571425,0.5,0.05,2448572.0,2063296.65,3.125752887805627,3.709418614138689,89.32926829268294,56.38868072550142,11.25,5.949999999999989,1.2299999999999898,,0,13.978201584907172,14.456340755082289,15.003020329138424,,0,,,17.546654528903048,17.386363636363633,22.7832453763134,264.2,16.249603986952508,264.2,0,25,20,20,236.32,236.32,236.32,236.32,258.25,,,,,,256.0733333333333,266.37666666666667,274.50333333333333,284.8066666666666,247.94666666666666,237.64333333333335,229.51666666666668,0,0,0,0,0,0,0,0,0,0,0,0,0,0,0,0,0,0,0,0,0,0,,,,,,,,,,,,,,,,,,USD,1.0,stock,28.5
2025-11-10,262.3,270.22,260.58,268.04,3311551,223.5365,220.5695,,226.52164732059845,221.55530186947803,219.00805689486882,217.2194598942106,72.98661400043889,6.137662718656458,1.7516948887699264,4.385967829886531,1,10.741771428571427,0.5,0.05,2641522.5,2154000.4,1.2536523917551337,1.537395721932085,96.47134995144057,79.95242243599121,5.740000000000009,2.180000000000007,1.7200000000000273,,0,15.489610759364862,16.60330547679452,17.71022981644531,,0,,,3.790900290416266,24.317053939984223,24.29975885735487,270.22,18.32864680726969,270.22,0,25,20,20,239.33,239.33,239.33,239.33,268.04,,,,,,266.28,271.97999999999996,275.92,281.62,262.3399999999999,256.63999999999993,252.69999999999987,0,0,0,0,0,0,0,0,0,0,0,0,0,0,0,0,0,0,0,0,0,0,,,,,,,,,,,,,,,,,,USD,1.0,stock,30.0
2025-11-11,268.0,269.39,264.15,265.32,2398708,225.6465,221.63350000000003,,230.2167285281605,223.27156454126322,219.92512507516844,217.69807223357168,70.79371861980556,8.424793531029508,3.086314617221843,5.3384789138076645,1,10.8482,0.5,0.05,2728743.6,2201238.35,0.8790521762469731,1.0897084361627627,92.06863062479762,92.62308295630704,2.680000000000007,1.3899999999999864,1.170000000000016,,0,13.23054103416233,14.953075531433738,16.465588723051397,,0,,,-1.0147739143411494,25.074246924056,18.913589100035843,270.22,15.247923856908427,270.22,0,25,20,20,239.33,239.33,239.33,239.33,265.32,,,,,,266.28666666666663,268.4233333333333,271.52666666666664,273.6633333333333,263.1833333333333,261.0466666666666,257.94333333333327,0,0,0,0,0,0,0,0,0,0,0,0,0,0,0,0,0,0,0,0,0,0,,,,,,,,,,,,,,,,,,USD,1.0,stock,28.5
2025-11-12,268.2,277.23,267.08,273.65,2684290,228.40749999999997,222.8558,,234.35323057309762,225.24718946121368,220.98898398457104,218.25480783323763,81.79824561403504,10.78519751757787,4.626091197293049,6.159106320284821,1,10.598914285714288,0.5,0.05,2803938.5,2208087.5,0.9573284150133821,1.2156628756786132,94.79575519697624,94.44524525773814,5.449999999999989,3.580000000000041,1.1200000000000045,,0,14.36023001165809,16.53298008404897,18.561739448200253,,0,,,3.1396050052766356,27.987465506758326,25.280410200064086,277.23,16.768179099048186,277.23,0,25,20,20,242.835,242.835,242.835,242.835,273.65,,,,,,272.6533333333333,278.22666666666663,282.80333333333334,288.37666666666667,268.0766666666666,262.5033333333333,257.92666666666656,0,0,0,0,0,0,0,0,0,0,0,0,0,0,0,0,0,0,0,0,0,0,,,,,,,,,,,,,,,,,,USD,1.0,stock,30.25
2025-11-13,272.795,279.61,266.195,267.35,2659496,231.09650000000002,223.87240000000003,,237.49578004232643,226.89828007057787,221.90702390566864,218.7433172080313,75.71580063626723,12.009044543875547,6.102681866609549,5.906362677265998,0,11.20641428571429,0.5,0.05,2944981.1,2248739.45,0.903060464462743,1.1826608013658495,82.77364057889562,89.8793421335565,5.444999999999993,6.814999999999998,1.1550000000000296,,0,11.166717769842375,13.56031419487563,16.262427529455767,,0,,,-2.302210853279718,21.688666363222598,25.18143934073138,279.61,12.570421231212183,279.61,0,25,20,20,244.025,244.025,244.025,244.025,267.35,,,,,,271.0516666666667,275.90833333333336,284.4666666666667,289.3233333333334,262.49333333333334,257.63666666666666,249.07833333333332,0,0,0,0,0,0,0,0,0,0,0,0,0,0,0,0,0,0,0,0,0,0,,,,,,,,,,,,,,,,,,USD,1.0,stock,28.5
2025-11-14,266.75,267.9,260.36,264.66,2112468,233.5915,224.8666,,240.08284860972392,228.37913183251598,222.753617491695,219.20019962387178,72.58410113563318,12.616456948594504,7.405436883006541,5.211020065587963,0,11.3907,0.5,0.05,3024751.3,2273485.6,0.6983939472974192,0.9291758874566877,78.99395812842492,85.52111796809895,2.089999999999975,1.1499999999999773,4.300000000000011,,0,9.286311263612218,11.73902365298875,15.035668404745717,,0,,,-1.0061716850570446,2.4820909970958427,23.235239336934278,279.61,10.236945926207518,279.61,0,25,20,20,244.025,244.025,244.025,244.025,264.66,,,,,,264.3066666666667,268.25333333333333,271.84666666666664,275.7933333333333,260.71333333333337,256.7666666666667,253.1733333333334,0,0,0,0,0,0,0,0,0,0,0,0,0,0,0,0,0,0,0,0,0,0,,,,,,,,,,,,,,,,,,USD,1.0,stock,27.0
2025-11-17,263.79,266.2,241.5,244.16,5045358,234.887,225.40580000000003,,240.47114874213116,228.99798940771143,223.17750625423568,219.44855584651984,58.49243515850142,11.313244935783501,8.186998493561934,3.126246442221568,0,12.64927142857143,0.5,0.05,3339739.1,2476291.45,1.5107042343517192,2.037465339550399,50.18968666572993,70.6524284576835,19.630000000000024,2.409999999999968,2.6599999999999966,,0,1.5108335754705249,3.7979193971166434,7.6811107470511,,0,,,-7.745787047532692,-8.909118042083275,11.87170675830469,279.61,1.5340099122762403,279.61,0,25,20,20,244.025,244.025,244.025,244.025,244.16,,,,,,250.62,259.74,275.32,284.44,235.04000000000002,225.92000000000002,210.34000000000003,0,0,0,0,0,0,0,0,0,0,0,0,0,0,0,0,0,0,0,0,0,0,,,,,,,,,,,,,,,,,,USD,1.0,stock,25.0
2025-11-18,242.02,247.8,239.775,240.0,3029410,235.58,225.8518,,240.42627743335677,229.42944080348747,223.51062494227062,219.6530478281465,59.22852453036659,9.831432162945475,8.515885227438643,1.3155469355068323,0,12.293914285714289,0.5,0.05,3489831.1,2547151.85,0.8680677984673814,1.1893323124807027,44.34452718842208,57.84272399419231,2.0200000000000102,5.780000000000001,0.22499999999999432,,0,-0.17761559723198891,1.8416666666666617,5.895083333333335,,0,,,-1.7038007863695914,-9.543193125282679,6.128946670204294,279.61,-0.17730068356398035,279.61,0,25,20,20,246.38,244.025,245.2025,244.025,240.0,,,,,,242.525,245.275,250.55,253.3,237.25,234.5,229.225,0,0,0,0,0,0,0,0,0,0,0,0,0,0,0,0,0,0,0,0,0,0,,,,,,,,,,,,,,,,,,USD,1.0,stock,25.0
2025-11-19,240.77,244.13,238.02,239.96,2068330,236.2585,226.3412,,240.38187005875136,229.84240390923307,223.8363551414336,219.8551070537371,58.94118726488669,8.555237743622854,8.523755730675486,0.03148201294736808,0,12.26649285714286,0.5,0.05,3528834.1,2585062.0,0.586122765023156,0.8001084693519923,44.288323731909514,46.27417919535384,0.8100000000000023,3.359999999999985,1.9399999999999977,,0,-0.17580849256182382,1.5425487581263586,5.675445907651284,,0,,,-0.01666666666666483,-12.311346610634011,5.994081010645358,279.61,-0.1754999487474841,279.61,0,25,20,20,258.815,244.025,251.42000000000002,244.025,239.96,,,,,,240.70333333333335,243.38666666666668,246.81333333333333,249.49666666666667,237.2766666666667,234.59333333333336,231.1666666666667,0,0,0,0,0,0,0,0,0,0,0,0,0,0,0,0,0,0,0,0,0,0,,,,,,,,,,,,,,,,,,USD,1.0,stock,25.0
2025-11-20,242.51,243.67,234.34,234.77,1893970,237.2145,226.6094,,239.8474062436322,230.0356429716161,224.0528629604151,220.00351394872482,56.49459150470496,7.043857640237604,8.227776112587911,-1.1839184723503067,0,12.55035,0.5,0.05,3285721.2,2545867.85,0.5764244391763975,0.7439388497717978,36.99592524940285,41.87625872324481,7.739999999999981,1.1599999999999966,0.4300000000000068,,0,-2.1627151014321235,-1.0412318439323494,3.475997785066242,,0,,,-2.16286047674612,-12.186272676267073,8.86621840945978,279.61,-2.1169318956381247,279.61,0,25,20,20,256.975,244.025,250.5,244.025,234.77,,,,,,237.59333333333333,240.84666666666666,246.92333333333332,250.17666666666665,231.51666666666668,228.26333333333335,222.1866666666667,0,0,0,0,0,0,0,0,0,0,0,0,0,0,0,0,0,0,0,0,0,0,,,,,,,,,,,,,,,,,,USD,1.0,stock,25.0
2025-11-21,238.76,248.95,237.694,247.49,4870513,238.6465,227.11539999999997,,240.57527231566723,230.72012756096453,224.51696468397122,220.27701132236936,63.06129137987545,6.794156902368968,7.941052270544123,-1.146895368175155,1,12.849635714285712,0.5,0.05,3007409.4,2727990.7,1.6195044811657502,1.7853847522280775,54.86862442040186,45.384291133904746,8.730000000000018,1.4599999999999795,1.0660000000000025,,0,2.7939422539628973,3.5732756879065843,8.23249424219162,,0,,,5.418068748136484,-6.487568956396894,13.086588987891258,279.61,2.874247056970892,279.61,0,25,20,20,256.975,244.025,250.5,244.025,247.49,,,,,,244.71133333333333,251.72866666666667,255.96733333333333,262.98466666666667,240.47266666666667,233.45533333333333,229.21666666666667,0,0,0,0,0,0,0,0,0,0,0,0,0,0,0,0,0,0,0,0,0,0,,,,,,,,,,,,,,,,,,USD,1.0,stock,25.0
2025-11-24,247.9,252.3,247.49,249.14,2912033,239.9785,227.5334,,241.39096066655605,231.44247549975026,225.00454954171437,220.56420523955973,65.39389401880044,6.65272006327109,7.6833858290895165,-1.0306657658184264,1,12.729642857142855,0.5,0.05,2967457.6,2804490.05,0.9813225301011883,1.0383467040647907,57.18701700154557,49.683855557116765,1.2399999999999807,3.160000000000025,0.4099999999999966,,0,3.1103152177265523,3.6772497391025087,8.672473308180134,,0,,,0.6666936037819537,2.0396461336828375,11.973033707865156,279.61,3.2101613548603503,279.61,0,25,20,20,256.975,244.025,250.5,244.025,249.14,,,,,,249.64333333333335,251.79666666666668,254.45333333333335,256.6066666666667,246.98666666666668,244.83333333333334,242.17666666666668,0,0,0,0,0,0,0,0,0,0,0,0,0,0,0,0,0,0,0,0,0,0,,,,,,,,,,,,,,,,,,USD,1.0,stock,25.0
2025-11-25,251.67,258.83,250.515,258.14,3152581,241.6205,228.1966,,242.98610726974118,232.4894372448581,225.6606970755418,220.93809374463873,67.3802242609582,7.184041969239786,7.583517057119571,-0.39947508787978503,1,12.913214285714284,0.5,0.05,3042844.9,2885794.25,1.0360636521434268,1.0924482921816066,67.69485404754737,59.916831823164934,6.469999999999999,0.6899999999999977,1.1550000000000011,,0,5.870416336196949,6.3994344154334835,11.59967459518091,,0,,,3.6124267480131644,7.558333333333334,14.576120727918319,279.61,6.236526400843289,279.61,0,25,20,20,256.975,244.025,250.5,244.025,258.14,,,,,,255.8283333333333,261.1416666666666,264.1433333333333,269.4566666666666,252.8266666666666,247.5133333333333,244.5116666666666,0,0,0,0,0,0,0,0,0,0,0,0,0,0,0,0,0,0,0,0,0,0,,,,,,,,,,,,,,,,,,USD,1.0,stock,25.0
2025-11-26,257.53,259.87,256.6,257.62,1246671,243.51349999999996,228.8454,,244.37981133928966,233.47494950976562,226.29355455919443,221.3030878367319,65.52062868369353,7.476968910164061,7.5622074277284685,-0.0852385175644077,1,12.477857142857141,0.5,0.05,2899083.0,2851510.75,0.430022527813105,0.43719666846775873,51.42478462557984,58.76888522489093,0.09000000000003183,2.25,0.92999999999995,,0,5.139425766908759,5.475700644359925,11.16939678596382,,0,,,-0.2014410784845322,7.3595599266544465,17.227884965416827,279.61,5.417873345653771,279.61,0,25,20,20,251.12,244.025,247.5725,244.025,257.62,,,,,,258.03000000000003,259.46000000000004,261.3,262.73,256.19000000000005,254.76000000000005,252.92000000000007,0,0,0,0,0,0,0,0,0,0,0,0,0,0,0,0,0,0,0,0,0,0,,,,,,,,,,,,,,,,,,USD,1.0,stock,25.0
2025-11-28,257.73,258.505,254.73,255.69,774063,245.27450000000005,229.52079999999998,,245.45697216411924,234.34612796036305,226.87566238970544,221.64524616671468,48.50362403553893,7.4673023378379355,7.543226409750362,-0.07592407191242678,1,9.56892857142857,0.5,0.05,2710539.7,2827760.4,0.28557523064502616,0.27373712426272045,47.16147559089903,55.42703808800874,2.0400000000000205,0.7749999999999773,0.960000000000008,,0,4.002122818992046,4.073487426180121,10.234737377292822,,0,,,-0.7491654374660373,8.910848915960301,15.974962579942842,279.61,4.16897012362667,279.61,0,25,20,20,250.26999999999998,244.025,247.14749999999998,244.025,255.69,,,,,,256.30833333333334,257.88666666666666,260.08333333333337,261.6616666666667,254.11166666666668,252.53333333333333,250.33666666666667,0,0,0,0,0,0,0,0,0,0,0,0,0,0,0,0,0,0,0,0,0,0,,,,,,,,,,,,,,,,,,USD,1.0,stock,25.0
2025-12-01,254.5,259.38,253.34,258.95,1402388,247.22200000000004,230.25119999999998,,246.74202243420314,235.31098568740765,227.51079778792908,222.01643774714537,44.247563599544335,7.634688330028695,7.561518793806029,0.07316953622266542,1,9.145357142857138,0.5,0.05,2639531.7,2832141.5,0.5313018214556772,0.49516876187153785,54.36271261320959,50.98299094322948,4.449999999999989,0.4300000000000068,1.1599999999999966,,0,4.714414970379168,4.529059664027786,11.082757289051944,,0,,,1.274981422816679,4.630490120812958,17.70454545454545,279.61,4.947668599519671,279.61,0,25,20,20,247.10500000000002,244.025,245.565,244.025,258.95,,,,,,257.22333333333336,261.1066666666667,263.2633333333333,267.1466666666667,255.06666666666672,251.18333333333337,249.02666666666673,0,0,0,0,0,0,0,0,0,0,0,0,0,0,0,0,0,0,0,0,0,0,,,,,,,,,,,,,,,,,,USD,1.0,stock,25.0
2025-12-02,260.0,264.4,255.8,263.7,2654172,249.6265,231.055,,248.35706791665996,236.42428036633285,228.22741565351464,222.43119956060664,49.00049358341559,8.057743585106579,7.66076375206614,0.3969798330404384,1,9.385357142857135,0.5,0.05,2400413.1,2870076.1,1.1057146788609011,0.9247740852585755,64.85531256903022,55.45983359104628,3.6999999999999886,0.6999999999999886,4.199999999999989,,0,5.81832843509292,5.336935912021234,12.379598028062185,,0,,,1.8343309519212259,5.844103716785742,22.304160289411424,279.61,6.177771469136763,279.61,0,25,20,20,249.37,244.025,246.6975,244.025,263.7,,,,,,261.3,266.8,269.9,275.4,258.20000000000005,252.70000000000005,249.60000000000008,0,0,0,0,0,0,0,0,0,0,0,0,0,0,0,0,0,0,0,0,0,0,,,,,,,,,,,,,,,,,,USD,1.0,stock,25.0
2025-12-03,263.93,266.0,260.57,262.42,1255887,252.141,231.879,,249.69639478173997,237.44372035196685,228.90449653166286,222.8290980724414,42.41113664008651,8.195262732702048,7.7676635481933225,0.42759918450872547,1,8.92249999999999,0.5,0.05,2223060.8,2856445.95,0.5649359657639593,0.43966769264442057,62.027833001988085,60.41528606140929,1.509999999999991,2.069999999999993,1.8500000000000227,,0,4.848565360208843,3.9170032771892482,11.638213550796442,,0,,,-0.485400075843756,1.6580150306035657,23.70716070334229,279.61,5.095630327134588,279.61,0,25,20,20,250.17000000000002,244.025,247.09750000000003,244.025,262.42,,,,,,262.99666666666667,265.42333333333335,268.4266666666667,270.85333333333335,259.99333333333334,257.56666666666666,254.56333333333333,0,0,0,0,0,0,0,0,0,0,0,0,0,0,0,0,0,0,0,0,0,0,,,,,,,,,,,,,,,,,,USD,1.0,stock,25.0
2025-12-04,260.665,263.6275,257.63,258.38,1817000,254.36950000000002,232.69,,250.52340480252664,238.26475092639953,229.48816986766954,223.18283839012858,43.747386030949365,7.8873331448329225,7.791597467521243,0.09573567731167909,0,8.392678571428561,0.5,0.05,2197927.8,2863380.95,0.826687755621454,0.6345645346281988,71.63289630512517,66.17201395871449,2.285000000000025,2.9624999999999773,0.75,,0,3.040713366929853,1.5521712206827072,9.942720024769718,,0,,,-1.5395168051215657,0.2950081515410208,20.845610588840557,279.61,3.1360723376988515,279.61,0,25,20,20,251.84699999999998,244.025,247.93599999999998,244.025,258.38,,,,,,259.87916666666666,262.12833333333333,265.87666666666667,268.12583333333333,256.1308333333333,253.88166666666666,250.13333333333333,0,0,0,0,0,0,0,0,0,0,0,0,0,0,0,0,0,0,0,0,0,0,,,,,,,,,,,,,,,,,,USD,1.0,stock,25.0
2025-12-05,260.02,266.06,258.51,263.43,1754274,256.556,233.6548,,251.75260434514314,239.25162343908977,230.1602853158345,223.58330765987856,49.169928465379925,7.959042634168128,7.825086500850621,0.13395613331750678,1,8.402678571428565,0.5,0.05,2183958.2,2734839.7,0.8032543846306215,0.6414540493909021,91.30571249215323,74.98881393308882,3.410000000000025,2.6299999999999955,1.509999999999991,,0,4.432826805928279,2.6094218577990445,11.302888812967396,,0,,,1.954485641303516,3.02710313269976,19.904415111515704,279.61,4.638440855550239,279.61,0,25,20,20,256.775,244.025,250.39999999999998,244.025,263.43,,,,,,262.6666666666667,266.8233333333334,270.2166666666667,274.3733333333334,259.27333333333337,255.11666666666667,251.72333333333336,0,0,0,0,0,0,0,0,0,0,0,0,0,0,0,0,0,0,0,0,0,0,,,,,,,,,,,,,,,,,,USD,1.0,stock,25.0
2025-12-08,263.63,265.84,260.26,264.41,1824537,256.86400000000003,234.4856,,252.95807059798668,240.23822644147842,230.83849748779815,223.9895434045564,68.55415063221554,8.002700580124014,7.8606093167053,0.14209126341871325,1,7.036964285714278,0.5,0.05,1879360.6,2443385.0,0.970828589255303,0.7467251374629869,94.79823455233299,85.91228111653713,0.7800000000000296,1.42999999999995,3.3700000000000045,,0,4.3311256767948825,2.8539011383835677,11.31742369804471,,0,,,0.3720153361424394,2.1085151573662975,2.3852855759922686,279.61,4.52720459756088,279.61,0,25,20,20,258.2875,244.025,251.15625,244.025,264.41,,,,,,263.50333333333333,266.74666666666667,269.0833333333333,272.32666666666665,261.1666666666667,257.92333333333335,255.5866666666667,0,0,0,0,0,0,0,0,0,0,0,0,0,0,0,0,0,0,0,0,0,0,,,,,,,,,,,,,,,,,,USD,1.0,stock,25.0
2025-12-09,264.41,265.41,261.03,261.27,1272288,256.5255,235.3008,,253.74968292198795,241.06300187514594,231.44110149794076,224.3604932214265,69.85994397759102,7.695222326042455,7.827531918572731,-0.13230959253027663,0,6.776607142857139,0.5,0.05,1715386.1,2341421.85,0.7416919141410787,0.5433826458909999,84.8991172761664,90.33435477355086,3.140000000000043,1.0,0.2400000000000091,,0,2.8783699154177778,1.8159375358824053,9.939602709840385,,0,,,-1.1875496388185192,-0.9215017064846398,-2.525742426503519,279.61,2.9636754581971445,279.61,0,25,20,20,259.7,244.025,251.8625,244.025,261.27,,,,,,262.57,264.11,266.95000000000005,268.49000000000007,259.72999999999996,258.18999999999994,255.3499999999999,0,0,0,0,0,0,0,0,0,0,0,0,0,0,0,0,0,0,0,0,0,0,,,,,,,,,,,,,,,,,,USD,1.0,stock,25.0
2025-12-10,263.25,275.4,262.375,274.07,2539811,256.96299999999997,236.5072,,255.68495121513197,242.35739395847355,232.28523810194193,224.85511517942228,75.72010254863517,8.387708339784325,7.93956720281505,0.4481411369692747,1,7.349464285714283,0.5,0.05,1654109.1,2348477.0,1.5354555512692603,1.0814715238854797,96.76083779834393,92.15272987561444,10.819999999999993,1.329999999999984,0.875,,0,6.708158056287816,6.241836027292308,13.705549677089786,,0,,,4.899146476824745,4.439448212788655,3.2979044173073957,279.61,7.190508748165994,279.61,0,25,20,20,264.37,244.025,254.1975,244.025,274.07,,,,,,270.615,278.855,283.64,291.88,265.83000000000004,257.59000000000003,252.80500000000006,0,0,0,0,0,0,0,0,0,0,0,0,0,0,0,0,0,0,0,0,0,0,,,,,,,,,,,,,,,,,,USD,1.0,stock,27.0
2025-12-11,273.56,282.9625,273.19,281.15,2309307,257.338,237.7712,,258.11019395654796,243.87867262676872,233.25285714942822,225.41526328708974,84.00293255131962,9.399454266906503,8.231544615633341,1.1679096512731615,1,7.381071428571425,0.5,0.05,1760372.7,2329727.85,1.3118284554174238,0.9912346628813318,95.99611208677115,92.55202238709381,7.589999999999975,1.8125,0.37000000000000455,,0,8.194844760253254,8.4695002667615,15.42905922105637,,0,,,2.583281643375779,8.812601594550662,2.7407272062853982,282.9625,8.926344864678493,282.9625,0,25,20,20,268.15125,245.70125,256.92625,245.70125,281.15,,,,,,279.1008333333333,285.0116666666666,288.8733333333333,294.7841666666666,275.2391666666666,269.3283333333333,265.46666666666664,0,0,0,0,0,0,0,0,0,0,0,0,0,0,0,0,0,0,0,0,0,0,,,,,,,,,,,,,,,,,,USD,1.0,stock,28.75
2025-12-12,281.49,282.53,273.77,274.21,1490290,257.681,238.9016,,259.6435088178291,245.06813644532681,234.0638896811227,225.90078305537742,71.40339634732454,9.531398178276788,8.49151532816203,1.0398828501147577,0,6.993928571428569,0.5,0.05,1831995.4,2271267.55,0.8134791168143763,0.6561490300867461,75.32595672704207,89.36096887071905,7.28000000000003,1.0399999999999636,0.4399999999999977,,0,5.312166289402598,6.0278618577003025,12.876408591955062,,0,,,-2.4684332207006943,4.0921686975667,2.565924817654741,282.9625,5.61018885027894,282.9625,0,25,20,20,269.38125,248.05624999999998,258.71875,245.70125,274.21,,,,,,276.83666666666664,279.9033333333333,285.59666666666664,288.6633333333333,271.1433333333333,268.07666666666665,262.3833333333333,0,0,0,0,0,0,0,0,0,0,0,0,0,0,0,0,0,0,0,0,0,0,,,,,,,,,,,,,,,,,,USD,1.0,stock,27.0
2025-12-15,277.02,287.48,276.07,283.45,2158094,258.6205,240.18599999999998,,261.9107936923216,246.57330756511794,235.04183245971433,226.47341207970203,74.50364233680901,10.263247132446907,8.845861689019006,1.4173854434279,1,7.598214285714286,0.5,0.05,1907566.0,2273548.85,1.1313338568626197,0.9492182233075837,89.09779521168666,86.8066213418333,6.430000000000007,4.03000000000003,0.9499999999999886,,0,7.598943837600423,8.75974598694655,15.263362144999121,,0,,,3.3696801721308622,7.200937937294349,7.099675054787258,287.48,8.22387119065489,287.48,0,25,20,20,272.555,260.91,266.7325,247.96,283.45,,,,,,282.3333333333333,288.59666666666664,293.74333333333334,300.00666666666666,277.1866666666666,270.9233333333333,265.7766666666666,0,0,0,0,0,0,0,0,0,0,0,0,0,0,0,0,0,0,0,0,0,0,,,,,,,,,,,,,,,,,,USD,1.0,stock,27.0
2025-12-16,283.46,289.985,281.88,285.02,2476001,260.6635,241.4098,,264.11167048352905,248.08102099393687,236.03149914368038,227.05596519333685,71.47651006711408,10.844915149161977,9.245672381047601,1.599242768114376,1,7.485000000000001,0.5,0.05,1889748.9,2145081.0,1.3102275122372078,1.1542692327236128,86.45108473188694,83.62494555687188,1.5600000000000023,4.965000000000032,1.579999999999984,,0,7.335741181836688,8.54554066381306,15.300750824503542,,0,,,0.5538895748809392,9.090213189420915,16.73492791612057,289.985,7.916473163867573,289.985,0,25,20,20,273.8075,262.1625,267.985,249.2125,285.02,,,,,,285.62833333333333,289.37666666666667,293.73333333333335,297.4816666666667,281.27166666666665,277.5233333333333,273.16666666666663,0,0,0,0,0,0,0,0,0,0,0,0,0,0,0,0,0,0,0,0,0,0,,,,,,,,,,,,,,,,,,USD,1.0,stock,27.0
2025-12-17,282.97,287.33,280.23,282.82,1759450,262.8045,242.743,,265.89341615176437,249.44333389613544,236.95800411113225,227.6108312113136,69.60784313725487,11.00155060215343,9.596848025268766,1.404702576884663,0,7.758571428571429,0.5,0.05,1940105.2,2081583.0,0.9068838122798702,0.8452461419986615,80.44753718106149,85.33213904154502,0.1500000000000341,4.359999999999957,2.589999999999975,,0,5.984931705054672,7.077116186974037,14.170497135987553,,0,,,-0.7718756578485642,3.1926150253584806,17.84166666666667,289.985,6.365928157684962,289.985,0,25,20,20,274.2475,262.1625,268.20500000000004,249.2125,282.82,,,,,,283.46,286.68999999999994,290.55999999999995,293.7899999999999,279.59,276.36,272.49,0,0,0,0,0,0,0,0,0,0,0,0,0,0,0,0,0,0,0,0,0,0,,,,,,,,,,,,,,,,,,USD,1.0,stock,25.0
2025-12-18,287.43,289.89,284.71,285.59,2012018,265.086,244.2066,,267.7692812801678,250.86085021393404,237.92101393071377,228.18773836343985,72.96466973886326,11.219865551338728,9.92145153048276,1.2984140208559687,0,7.993928571428571,0.5,0.05,1959607.0,2078767.4,1.0267456689019787,0.9678899139942256,88.0065493246008,84.9683904125164,1.8400000000000318,2.4599999999999795,0.8799999999999955,,0,6.23996593712392,7.179523092545245,14.490493364613597,,0,,,0.9794215402022521,1.5792281700160116,19.015669278213032,289.985,6.655251354686325,289.985,0,25,20,20,275.1225,262.1625,268.64250000000004,249.2125,285.59,,,,,,286.72999999999996,288.74999999999994,291.90999999999997,293.92999999999995,283.56999999999994,281.54999999999995,278.38999999999993,0,0,0,0,0,0,0,0,0,0,0,0,0,0,0,0,0,0,0,0,0,0,,,,,,,,,,,,,,,,,,USD,1.0,stock,27.0
2025-12-19,286.63,292.42,286.01,289.25,3050543,267.81000000000006,245.65540000000001,,269.8150640153899,252.3663070682896,238.9374294964422,228.79532305634095,73.1297709923664,11.555014123477235,10.248164049081655,1.3068500743955802,1,8.050357142857147,0.5,0.05,2089233.9,2136596.05,1.460125168369133,1.4277584197537014,91.34352812670669,86.59920487745633,2.6200000000000045,3.170000000000016,0.6200000000000045,,0,6.719078992086462,7.412273120138268,15.071598962834912,,0,,,1.281557477502715,5.484847379745461,23.20569067598075,292.42,7.203058159681384,292.42,0,25,20,20,276.725,263.38,270.0525,250.43,289.25,,,,,,289.2266666666667,292.4433333333334,295.6366666666667,298.8533333333334,286.03333333333336,282.81666666666666,279.62333333333333,0,0,0,0,0,0,0,0,0,0,0,0,0,0,0,0,0,0,0,0,0,0,,,,,,,,,,,,,,,,,,USD,1.0,stock,27.0
2025-12-22,291.58,291.58,286.185,289.29,1154390,269.9,247.2346,,271.66981982344805,253.81429502639588,239.93451010047306,229.39726014035747,71.04786971541373,11.689104724172864,10.536352184099897,1.1527525400729672,0,7.821428571428576,0.5,0.05,2022219.2,1950789.9,0.570853050945219,0.5917551654332432,91.00316182811154,90.117746426473,2.2899999999999636,0.0,3.105000000000018,,0,6.0908362461723415,6.702616751356784,14.53745376611705,,0,,,0.0138288677614673,2.060328100194053,16.889571295809947,292.42,6.4858806134604565,292.42,0,25,20,20,277.39750000000004,263.38,270.38875,250.43,289.29,,,,,,289.0183333333334,291.85166666666674,294.41333333333336,297.2466666666667,286.45666666666676,283.6233333333334,281.0616666666668,0,0,0,0,0,0,0,0,0,0,0,0,0,0,0,0,0,0,0,0,0,0,,,,,,,,,,,,,,,,,,USD,1.0,stock,27.0
2025-12-23,288.41,291.36,287.46,288.23,1184986,271.85450000000003,248.68640000000002,,273.2469798402625,255.16393051555684,240.89085643511717,229.98266053697085,71.30592702658078,11.576393887405345,10.744360524760987,0.8320333626443581,0,7.712142857142863,0.5,0.05,2013489.0,1864437.55,0.5885237018925854,0.6355729104469066,87.95630928427711,90.10099974636512,0.18000000000000682,2.9499999999999886,0.7700000000000387,,0,5.198286146389175,5.681400270617211,13.719460153349756,,0,,,-0.36641432472604984,1.126236755315424,15.689973508870537,292.42,5.4833250740763715,292.42,0,25,20,20,282.805,263.38,273.0925,250.43,288.23,,,,,,289.01666666666665,290.5733333333333,292.9166666666667,294.47333333333336,286.6733333333333,285.1166666666666,282.77333333333326,0,0,0,0,0,0,0,0,0,0,0,0,0,0,0,0,0,0,0,0,0,0,,,,,,,,,,,,,,,,,,USD,1.0,stock,27.0
2025-12-24,287.345,288.7868,286.145,286.57,324579,273.27599999999995,249.9554,,274.5158389030946,256.39554108357424,241.79539393145146,230.54571864108058,74.2223749785186,11.223741307175487,10.840236681243887,0.3835046259316002,0,7.472450000000009,0.5,0.05,1791965.8,1723037.45,0.18113013094334723,0.18837605648095462,82.74845178413442,87.23597429884103,0.7750000000000341,1.4418000000000006,0.42500000000001137,,0,4.206358340686525,4.639006176501392,12.776843354154307,,0,,,-0.575928945633708,1.3259316879994376,11.01340357945302,292.42,4.391062149663631,292.42,0,25,20,20,283.095,263.38,273.2375,250.43,286.57,,,,,,287.16726666666665,288.1895333333333,289.8090666666667,290.83133333333336,285.54773333333327,284.5254666666666,282.9059333333332,0,0,0,0,0,0,0,0,0,0,0,0,0,0,0,0,0,0,0,0,0,0,,,,,,,,,,,,,,,,,,USD,1.0,stock,27.0
2025-12-26,287.0,289.32,286.48,287.56,534040,274.773,251.338,,275.75813995994275,257.6176767273556,242.70162375459103,231.11302492325888,72.28893404766299,10.898515025717018,10.851892350138513,0.04662267557850441,0,7.126735714285721,0.5,0.05,1614439.1,1687405.9,0.3307898080516013,0.31648579633388746,84.8880597014925,85.19760692330134,0.5600000000000023,1.759999999999991,0.5199999999999818,,0,4.104138280726543,4.446724161914028,12.596327722910003,,0,,,0.34546533133266166,0.6898000630274348,11.621768496234752,292.42,4.279786642661433,292.42,0,25,20,20,284.245,263.38,273.8125,250.43,287.56,,,,,,287.78666666666663,289.09333333333325,290.6266666666666,291.9333333333332,286.2533333333333,284.94666666666666,283.4133333333333,0,0,0,0,0,0,0,0,0,0,0,0,0,0,0,0,0,0,0,0,0,0,,,,,,,,,,,,,,,,,,USD,1.0,stock,27.0
2025-12-29,286.46,288.0,285.33,286.82,971986,276.32949999999994,252.803,,276.8116504399482,258.76286587530245,243.5752549673714,231.66732318272895,70.79235479680824,10.460477169580429,10.773609314026897,-0.31313214444646853,0,6.91887857142858,0.5,0.05,1562608.7,1697302.05,0.6220277667723212,0.5726653072739764,82.15992354252941,83.26547834271878,0.36000000000001364,1.1800000000000068,1.1299999999999955,,0,3.4894182972079295,3.657520396067239,11.860051600306813,,0,,,-0.2573375991097526,-0.8401037165082115,12.17489929211153,292.42,3.615581043697077,292.42,0,25,20,20,286.32500000000005,263.38,274.8525,250.43,286.82,,,,,,286.71666666666664,288.1033333333333,289.38666666666666,290.7733333333333,285.4333333333333,284.0466666666666,282.76333333333326,0,0,0,0,0,0,0,0,0,0,0,0,0,0,0,0,0,0,0,0,0,0,,,,,,,,,,,,,,,,,,USD,1.0,stock,27.0
2025-12-30,286.64,288.13,284.81,285.0,767738,277.63199999999995,254.2078,,277.59149325519127,259.79177309587885,244.3955469482155,232.19799658389582,72.5699067909454,9.852892214834355,10.58946589418839,-0.7365736793540343,0,6.84316428571429,0.5,0.05,1423573.1,1665569.55,0.5393035313746797,0.4609462270728953,75.3037111000166,80.7838981146795,1.6399999999999864,1.490000000000009,0.18999999999999773,,0,2.5994760508100816,2.585263157894755,10.804280701754388,,0,,,-0.6345443135067241,-1.4829409934667748,10.059857115273218,292.42,2.66885222523662,292.42,0,25,20,20,286.32500000000005,265.057,275.69100000000003,250.43,285.0,,,,,,285.98,287.15000000000003,289.3,290.47,283.83000000000004,282.66,280.51000000000005,0,0,0,0,0,0,0,0,0,0,0,0,0,0,0,0,0,0,0,0,0,0,,,,,,,,,,,,,,,,,,USD,1.0,stock,27.0
2025-12-31,284.55,286.46,282.43,283.31,946811,278.6125,255.509,,278.13611294517307,260.7140565038836,245.1661301769637,232.70657373231478,61.14327062228654,9.129765629607789,10.29752584127227,-1.167760211664481,0,6.121735714285718,0.5,0.05,1270654.1,1580201.5,0.745136697705536,0.5991710550837979,52.62610504420174,70.02991322891593,1.240000000000009,1.9099999999999682,0.8799999999999955,,0,1.8262281793183912,1.6580777240478597,9.812925770357564,,0,,,-0.5929824561403452,-1.7069701280227667,7.436480849450144,292.42,1.8601996698813523,292.42,0,25,20,20,287.425,269.95500000000004,278.69000000000005,250.43,283.31,,,,,,284.06666666666666,285.7033333333333,288.09666666666664,289.7333333333333,281.67333333333335,280.0366666666667,277.6433333333334,0,0,0,0,0,0,0,0,0,0,0,0,0,0,0,0,0,0,0,0,0,0,,,,,,,,,,,,,,,,,,USD,1.0,stock,25.0
2026-01-02,283.02,284.155,278.33,282.94,1927598,279.63849999999996,256.645,,278.59362599801375,261.58566213118235,245.91412759920203,233.20640881955543,52.575539568345356,8.429654879021655,9.923951648822147,-1.494296769800492,0,5.839771428571432,0.5,0.05,1287468.9,1613787.05,1.497199660512188,1.194456232623753,49.16890080428954,59.03290564950263,0.07999999999998408,1.134999999999991,4.610000000000014,,0,1.5361468869676427,1.1668551636389457,9.29348978582032,,0,,,-0.13059899050510415,-1.266706214886415,7.819525950765938,292.42,1.5601125066720787,292.42,0,25,20,20,285.375,271.4675,278.42125,250.43,282.94,,,,,,281.80833333333334,285.2866666666667,287.6333333333333,291.1116666666667,279.4616666666667,275.98333333333335,273.6366666666667,0,0,0,0,0,0,0,0,0,0,0,0,0,0,0,0,0,0,0,0,0,0,,,,,,,,,,,,,,,,,,USD,1.0,stock,25.0
2026-01-05,282.94,289.505,277.25,287.47,1127826,281.09299999999996,257.86660000000006,,279.4389949505839,262.6007342044693,246.73701616159406,233.74634505020663,70.5009276437848,8.146438138488065,9.56844894675533,-1.422010808267265,1,6.08941428571429,0.5,0.05,1199049.7,1579328.35,0.9405998767190384,0.714117491780604,69.72477064220195,57.17325883023108,4.53000000000003,2.034999999999968,5.689999999999998,,0,2.7936845755787165,2.218318433227838,10.297909347062289,,0,,,1.6010461581960955,-0.031297816107933585,11.258611347627534,292.42,2.8739743538071143,292.42,0,25,20,20,284.41499999999996,272.88,278.6475,250.43,287.47,,,,,,284.7416666666667,292.23333333333335,296.99666666666667,304.48833333333334,279.97833333333335,272.4866666666667,267.72333333333336,0,0,0,0,0,0,0,0,0,0,0,0,0,0,0,0,0,0,0,0,0,0,,,,,,,,,,,,,,,,,,USD,1.0,stock,27.0
2026-01-06,286.935,300.0,286.935,299.21,1818249,282.882,259.5378,,281.32194781243305,264.036391686647,247.77608514849317,234.39772470144837,72.61768082663602,8.768231995466238,9.408405556497511,-0.6401735610312738,1,6.07477142857143,0.5,0.05,1075820.3,1582527.1,1.690104750765532,1.1489528362579067,96.52747252747245,71.80704799132131,12.274999999999977,0.7900000000000205,0.0,,0,5.978427254291945,5.457036863741177,13.258981985896186,,0,,,4.083904407416417,4.31978244194966,13.582355844057226,300.0,6.358569719378419,300.0,0,25,20,20,288.625,276.67,282.64750000000004,254.22,299.21,,,,,,295.38166666666666,303.8283333333333,308.44666666666666,316.8933333333333,290.7633333333333,282.31666666666666,277.6983333333333,0,0,0,0,0,0,0,0,0,0,0,0,0,0,0,0,0,0,0,0,0,0,,,,,,,,,,,,,,,,,,USD,1.0,stock,27.0
2026-01-07,297.9,300.46,295.685,297.18,1364298,284.52049999999997,261.1044,,282.83223849696327,265.3361410322687,248.75438049208736,235.02242395815037,67.22379603399436,8.993532231042082,9.325430891406427,-0.33189866036434523,1,5.836914285714284,0.5,0.05,1096811.1,1559515.15,1.2438769082479197,0.8748218957667709,85.86816027574332,84.04013448180591,0.7199999999999704,2.5600000000000023,1.4950000000000045,,0,4.827970086491936,4.2598761693250005,12.139309509388251,,0,,,-0.6784532602519877,4.273684210526318,12.393631103210922,300.46,5.072887581445489,300.46,0,25,20,20,288.855,276.9,282.8775,254.45,297.18,,,,,,297.77500000000003,299.86500000000007,302.55,304.64000000000004,295.0900000000001,293.00000000000006,290.3150000000001,0,0,0,0,0,0,0,0,0,0,0,0,0,0,0,0,0,0,0,0,0,0,,,,,,,,,,,,,,,,,,USD,1.0,stock,25.0
2026-01-08,297.22,302.35,295.0,301.31,1651851,286.5225,262.6806,,284.5920253067763,266.74688059963074,249.79508582887772,235.68200182921356,74.83212463067419,9.39701780329051,9.339748273783243,0.05726952950726627,1,5.854771428571431,0.5,0.05,1143497.6,1578493.3,1.4445600935235892,1.046473241286485,95.8565737051792,92.75073550279832,4.089999999999975,1.0400000000000205,2.2200000000000273,,0,5.548430086364113,4.907736218512503,12.820483887026644,,0,,,1.389730129887612,6.353464402950837,15.325142572817407,302.35,5.8743651285388445,302.35,0,25,20,20,289.8,279.07500000000005,284.4375,255.395,301.31,,,,,,299.55333333333334,304.1066666666667,306.90333333333336,311.4566666666667,296.75666666666666,292.2033333333333,289.40666666666664,0,0,0,0,0,0,0,0,0,0,0,0,0,0,0,0,0,0,0,0,0,0,,,,,,,,,,,,,,,,,,USD,1.0,stock,27.0
2026-01-09,303.3,303.8,294.51,296.33,1144336,287.6355,264.1012,,285.70992765851184,267.907002929057,250.71656927781083,236.2854644975796,63.6156186612576,9.208785498889199,9.313555718804436,-0.1047702199152365,0,6.013342857142861,0.5,0.05,1225473.3,1508719.55,0.9337910503639696,0.7584815879134064,71.86440677966092,84.52971358686115,6.970000000000027,0.5,1.8199999999999932,,0,3.5838667504093884,2.934060000674925,10.875982856950015,,0,,,-1.652782848229406,4.7324521099879835,8.122012624511976,303.8,3.717082016898459,303.8,0,25,20,20,290.525,280.71500000000003,285.62,256.12,296.33,,,,,,298.2133333333333,301.91666666666663,307.50333333333333,311.20666666666665,292.6266666666666,288.9233333333333,283.3366666666666,0,0,0,0,0,0,0,0,0,0,0,0,0,0,0,0,0,0,0,0,0,0,,,,,,,,,,,,,,,,,,USD,1.0,stock,25.0
2026-01-12,293.275,294.135,288.63,291.53,1239347,288.1545,265.5366,,286.2642202624631,268.83339497105476,251.52475602478486,236.83516136825045,52.80926564810248,8.573460639328232,9.165536702909195,-0.5920760635809632,0,6.075485714285715,0.5,0.05,1296004.0,1455221.55,0.9562833139403891,0.8516551998559944,53.78531073446315,73.83543040643444,1.7450000000000045,0.8600000000000136,2.8999999999999773,,0,1.8062565559417174,1.1578568243405443,8.91620073405823,,0,,,-1.6198157459588969,1.4123212856993472,3.6919793704428328,303.8,1.8394823260514104,303.8,0,25,20,20,290.525,280.71500000000003,285.62,256.12,291.53,,,,,,291.4316666666667,294.23333333333335,296.93666666666667,299.73833333333334,288.72833333333335,285.9266666666667,283.22333333333336,0,0,0,0,0,0,0,0,0,0,0,0,0,0,0,0,0,0,0,0,0,0,,,,,,,,,,,,,,,,,,USD,1.0,stock,25.0
2026-01-13,291.53,300.31,291.0,299.97,1314992,289.4425,267.1266,,287.569532618419,270.0544383055232,252.4840677866703,237.46336871782012,60.90240914659043,8.651272095349327,9.062683781397222,-0.41141168604789513,1,6.3551285714285735,0.5,0.05,1330304.6,1446456.65,0.98848940310362,0.909112623596428,85.57438794726937,70.40803515379781,8.440000000000055,0.339999999999975,0.5299999999999727,,0,4.133902517445428,3.5095176184285197,10.948894889488958,,0,,,2.8950708331904274,0.2540022058086455,9.394259873819344,303.8,4.312163137961993,303.8,0,25,20,20,290.525,281.155,285.84,256.12,299.97,,,,,,297.0933333333333,303.1866666666666,306.4033333333333,312.4966666666666,293.8766666666666,287.7833333333333,284.5666666666666,0,0,0,0,0,0,0,0,0,0,0,0,0,0,0,0,0,0,0,0,0,0,,,,,,,,,,,,,,,,,,USD,1.0,stock,25.0
2026-01-14,299.06,299.515,281.45,290.76,1824703,289.808,268.5418,,287.87338665476,270.8664211170713,253.2420070384194,237.9936834569463,52.21424820584629,7.878944636729386,8.825935952463656,-0.9469913157342695,0,7.399414285714288,0.5,0.05,1436001.1,1429787.1,1.2706835670251226,1.2762060869062253,50.88512241054608,63.41494036409287,8.300000000000011,0.4549999999999841,9.310000000000002,,0,0.9927821382721123,0.32741780162333134,7.641422479020488,,0,,,-3.070307030703079,-2.1603068847163343,2.5789380843182164,303.8,1.0027371334265933,303.8,0,25,20,20,290.525,282.03,286.2775,256.12,290.76,,,,,,290.575,299.7,308.64,317.765,281.635,272.51,263.57,0,0,0,0,0,0,0,0,0,0,0,0,0,0,0,0,0,0,0,0,0,0,,,,,,,,,,,,,,,,,,USD,1.0,stock,25.0
2026-01-15,291.7,297.24,291.7,294.28,1321200,290.271,270.1152,,288.4835403066876,271.78460068110775,254.0546405624111,238.55374630812096,56.535005933209,7.464853953916304,8.553719552754185,-1.0888655988378808,0,7.673571428571429,0.5,0.05,1473440.0,1372047.05,0.8966771636442611,0.9629407388033814,64.14312617702436,66.86754551161327,2.579999999999984,2.9600000000000364,0.0,,0,1.9697090163491866,1.3623080059806845,8.211499252412654,,0,,,1.2106204429770173,-2.333145265673242,3.2488948143989838,303.8,2.009286105942181,303.8,0,25,20,20,290.525,282.41499999999996,286.46999999999997,256.12,294.28,,,,,,294.4066666666667,297.1133333333334,299.9466666666667,302.6533333333334,291.5733333333334,288.8666666666667,286.03333333333336,0,0,0,0,0,0,0,0,0,0,0,0,0,0,0,0,0,0,0,0,0,0,,,,,,,,,,,,,,,,,,USD,1.0,stock,25.0
2026-01-16,294.03,295.32,284.22,285.11,1631282,290.3855,271.5748,,288.1622507536697,272.30716536028,254.66959817503664,239.0169926135128,48.176269167783246,6.323844399530969,8.107744522109542,-1.7839001225785722,0,8.263571428571428,0.5,0.05,1443808.4,1365638.65,1.1298465918330993,1.1945195019194865,29.604519774011337,48.21092278719393,8.919999999999959,1.2900000000000205,0.8899999999999864,,0,-1.0705519812246789,-1.8503384658552717,4.747360667812434,,0,,,-3.116079923881998,-3.786319306178909,0.809702284138325,303.8,-1.0592125601763305,303.8,0,25,20,20,292.625,283.0875,287.85625,256.12,285.11,,,,,,288.21666666666664,292.21333333333325,299.3166666666666,303.3133333333332,281.1133333333333,277.1166666666667,270.0133333333333,0,0,0,0,0,0,0,0,0,0,0,0,0,0,0,0,0,0,0,0,0,0,,,,,,,,,,,,,,,,,,USD,1.0,stock,25.0
2026-01-20,276.735,279.13,271.4,272.15,2341571,289.71349999999995,272.7416,,286.63727449141544,272.30100201281806,255.015744745828,239.34667427905,40.76080110845194,4.323978288265721,7.350991275340778,-3.0270129870750573,0,9.052142857142858,0.5,0.05,1565182.9,1382116.3,1.4960366612745386,1.6941924496513063,2.314814814814812,32.0208202552835,4.585000000000036,2.394999999999982,0.75,,0,-5.323268231275202,-6.453610141466096,-0.21738012125667028,,0,,,-4.545613973554074,-6.647686344458547,-4.7060471305017675,303.8,-5.054218617282221,303.8,0,25,20,20,287.6,287.6,287.6,256.12,272.15,,,,,,274.22666666666663,277.0533333333333,281.95666666666665,284.7833333333333,269.32333333333327,266.4966666666666,261.59333333333325,0,0,0,0,0,0,0,0,0,0,0,0,0,0,0,0,0,0,0,0,0,0,,,,,,,,,,,,,,,,,,USD,1.0,stock,25.0
2026-01-21,270.815,274.55,265.01,271.56,2396044,288.829,273.7788,,285.2013435874711,272.2719431103546,255.34335376076208,239.66720488323858,41.40225179119754,2.660789986980774,6.412951017668778,-3.752161030688004,0,9.496428571428575,0.5,0.05,1622962.4,1349391.35,1.4763398092278663,1.7756479615791223,16.88579530806911,16.268376632298423,0.7450000000000045,2.990000000000009,5.805000000000007,,0,-5.023325816567651,-6.359183974075713,-0.817057003977017,,0,,,-0.21679221017819605,-9.47094709470948,-6.115816767502158,303.8,-4.78305726609851,303.8,0,25,20,20,284.405,284.405,284.405,256.12,271.56,,,,,,270.3733333333333,275.73666666666657,279.9133333333333,285.2766666666666,266.19666666666654,260.83333333333326,256.6566666666665,0,0,0,0,0,0,0,0,0,0,0,0,0,0,0,0,0,0,0,0,0,0,,,,,,,,,,,,,,,,,,USD,1.0,stock,25.0
2026-01-22,273.99,283.7,273.92,279.66,1867590,288.34749999999997,274.207,,284.67359657914056,272.5616708315172,255.82487150807373,240.06514314310687,47.84202435851958,1.9735536827036526,5.5250715506757535,-3.551517867972101,1,10.07571428571429,0.5,0.05,1673291.6,1385051.35,1.116117477670957,1.3483904405421503,37.76746584171185,18.98935865486526,5.670000000000016,4.039999999999964,0.06999999999999318,,0,-1.7927471140458198,-3.106450690123701,1.9498676964886041,,0,,,2.982766239505086,-3.8175815105241373,-3.3288395727470665,303.8,-1.7611737229542246,303.8,0,25,20,20,284.405,284.405,284.405,258.475,279.66,,,,,,279.0933333333333,284.2666666666666,288.8733333333333,294.04666666666657,274.4866666666666,269.31333333333333,264.70666666666665,0,0,0,0,0,0,0,0,0,0,0,0,0,0,0,0,0,0,0,0,0,0,,,,,,,,,,,,,,,,,,USD,1.0,stock,25.0
2026-01-23,276.46,279.6099,269.48,271.14,1577704,287.493,274.269,,283.3846826192224,272.5059190342028,256.128141379201,240.37434569889686,43.63675582398619,0.7329719208602228,4.566651624712648,-3.8336797038524253,0,10.38678571428572,0.5,0.05,1665876.9,1404687.25,0.9470711791489516,1.1231710119103024,15.803042021139449,23.485434390306807,5.319999999999993,3.1499000000000024,1.6599999999999682,,0,-4.516000080852117,-6.0312015932728515,-1.154016375304278,,0,,,-3.0465565329328648,-7.863259480766615,-5.929292578843293,303.8,-4.320869605953733,303.8,0,25,20,20,282.65999999999997,284.405,283.53249999999997,269.07,271.14,,,,,,273.40996666666666,277.3399333333333,283.5398666666666,287.46983333333327,267.21003333333334,263.2800666666667,257.0801333333334,0,0,0,0,0,0,0,0,0,0,0,0,0,0,0,0,0,0,0,0,0,0,,,,,,,,,,,,,,,,,,USD,1.0,stock,25.0
2026-01-26,272.6,274.1618,268.7,269.49,1873382,286.639,274.3524,,282.0613795126298,272.3876476995282,256.3927326390188,240.66405370189293,39.99332146037399,-0.37897073495281575,3.5775271527795556,-3.9564978877323713,0,9.901557142857152,0.5,0.05,1738781.5,1482127.4,1.0774108190131997,1.2639817602724301,11.549368393915998,21.70662541892244,3.1100000000000136,1.5618000000000052,0.7900000000000205,,0,-4.664877922234513,-6.363501428624439,-1.8042970054547403,,0,,,-0.6085417127683068,-5.478587211953279,-5.960149352688693,303.8,-4.456965903787223,303.8,0,25,20,20,282.65999999999997,284.405,283.53249999999997,269.07,269.49,,,,,,270.7839333333333,272.86786666666666,276.24573333333336,278.3296666666667,267.4060666666666,265.3221333333333,261.9442666666666,0,0,0,0,0,0,0,0,0,0,0,0,0,0,0,0,0,0,0,0,0,0,,,,,,,,,,,,,,,,,,USD,1.0,stock,25.0
2026-01-27,268.61,271.6,265.645,266.74,2138089,285.598,274.2142,,280.602200511427,272.16617131915456,256.59762902240453,240.9235158541129,29.919604205318535,-1.4652053429550165,2.5689806536326416,-4.034185996587658,0,9.393700000000011,0.5,0.05,1828655.7,1562329.85,1.1692135375729833,1.368525987005881,4.459912348543484,10.604107587866315,1.8700000000000045,2.990000000000009,1.0950000000000273,,0,-5.196896045372639,-7.069805803404066,-2.802054435030365,,0,,,-1.0204460276819205,-1.9878743340069671,-7.240228126304071,303.8,-4.940161013050382,303.8,0,25,20,20,282.2625,284.405,283.33375,269.07,266.74,,,,,,267.995,270.345,273.95000000000005,276.30000000000007,264.39,262.03999999999996,258.43499999999995,0,0,0,0,0,0,0,0,0,0,0,0,0,0,0,0,0,0,0,0,0,0,,,,,,,,,,,,,,,,,,USD,1.0,stock,27.0
2026-01-28,266.74,272.205,265.54,265.76,1500573,284.545,274.1824,,279.1886576055768,271.91494891448184,256.7790621110698,241.17064504959438,30.313283208020067,-2.3777229948888703,1.5796399239283392,-3.9573629188172097,1,9.528700000000011,0.5,0.05,1847213.8,1588759.2,0.8123439744765873,0.9444936652451801,1.9334880123743223,5.9809229182779395,0.9800000000000182,5.464999999999975,0.21999999999997044,,0,-5.052926552369357,-7.068407585791701,-3.169175195665255,,0,,,-0.36739896528454885,-2.135807924583888,-7.342584199149293,303.8,-4.809886519296966,303.8,0,25,20,20,281.125,284.405,282.765,269.07,265.76,,,,,,267.835,270.12999999999994,274.49999999999994,276.7949999999999,263.465,261.17,256.8,0,0,0,0,0,0,0,0,0,0,0,0,0,0,0,0,0,0,0,0,0,0,,,,,,,,,,,,,,,,,,USD,1.0,stock,25.0
2026-01-29,267.94,276.54,267.49,272.77,2166060,283.9335,274.3446,,278.57735688123614,271.9484803296002,257.0957143464941,241.48506649188698,32.740686985970015,-2.506359639624634,0.7624400112177446,-3.2687996508423787,1,9.77370000000001,0.5,0.05,1881349.5,1658675.3,1.151333125503794,1.3058975436602933,20.005155968032962,8.799518776316928,4.829999999999984,3.7700000000000387,0.44999999999998863,,0,-2.1290306416527334,-4.092642152729406,-0.5772628954797201,,0,,,2.6377182420228795,-2.4637059286276353,-4.291228070175446,303.8,-2.0846478501524333,303.8,0,25,20,20,280.16499999999996,284.405,282.28499999999997,269.07,272.77,,,,,,272.26666666666665,277.0433333333333,281.31666666666666,286.0933333333333,267.9933333333333,263.21666666666664,258.94333333333327,0,0,0,0,0,0,0,0,0,0,0,0,0,0,0,0,0,0,0,0,0,0,,,,,,,,,,,,,,,,,,USD,1.0,stock,25.0
2026-01-30,272.77,272.98,262.36,264.84,1855105,283.01,274.7582,,277.26903717826127,271.6697163951061,257.2490665376526,241.71745388997766,31.612752539997686,-3.211173425219613,-0.0322826760697269,-3.178890749149886,1,9.86870000000001,0.5,0.05,1934740.0,1704090.0,0.9588394306211687,1.0886191457023984,6.534914361001218,9.49118611380284,7.930000000000007,0.21000000000003638,2.4799999999999613,,0,-4.6930362400926215,-6.8607461108593935,-3.744978099984902,,0,,,-2.9072112035781084,-2.3235229032971927,-6.519360417916776,303.8,-4.482663230179013,303.8,0,25,20,20,273.03,283.08000000000004,278.055,269.07,264.84,,,,,,266.7266666666667,271.09333333333336,277.3466666666667,281.71333333333337,260.47333333333336,256.1066666666667,249.85333333333335,0,0,0,0,0,0,0,0,0,0,0,0,0,0,0,0,0,0,0,0,0,0,,,,,,,,,,,,,,,,,,USD,1.0,stock,25.0
2026-02-02,269.47,279.22,269.03,276.67,2202239,282.6965,275.4916,,277.21198601842684,271.8658059482392,257.63363947750105,242.06524041843562,41.981437513490214,-2.7830796854411233,-0.5824420779440062,-2.200637607497117,1,10.345842857142872,0.5,0.05,1991835.7,1717822.05,1.1056328591760858,1.2819948375910066,37.70750988142294,21.41586007015238,7.199999999999989,2.5500000000000114,0.44000000000005457,,0,-0.19589620068197702,-2.178226768352188,0.425922579246037,,0,,,4.466847908170979,2.664291810456798,-2.216017530218417,303.8,-0.19551319775574172,303.8,0,25,20,20,273.03,283.08000000000004,278.055,269.07,276.67,,,,,,274.97333333333336,280.91666666666674,285.1633333333334,291.1066666666668,270.7266666666667,264.7833333333333,260.53666666666663,0,0,0,0,0,0,0,0,0,0,0,0,0,0,0,0,0,0,0,0,0,0,,,,,,,,,,,,,,,,,,USD,1.0,stock,25.0
2026-02-03,275.53,280.51,230.78,234.46,6845333,280.046,275.3816,,273.1403683023862,270.39891159732787,257.1747555274515,241.98956638442135,24.09238313691371,-5.78314208663528,-1.622582079682261,-4.160560006953019,0,13.232985714285729,0.5,0.05,2442211.9,2003697.4,2.802923448206931,3.416350692474822,5.3538953953589985,16.53210654592772,41.069999999999965,4.980000000000018,3.680000000000007,,0,-16.497640664670392,-19.44297534760726,-17.45355284483493,,0,,,-15.256442693461524,-12.101672040188948,-18.440185062789162,303.8,-14.161351741154652,303.8,0,25,20,20,257.24,267.29,262.265,267.29,234.46,,,,,,248.58333333333334,266.38666666666666,298.31333333333333,316.1166666666667,216.6566666666667,198.85333333333335,166.9266666666667,0,0,0,0,0,0,0,0,0,0,0,0,0,0,0,0,0,0,0,0,0,0,,,,,,,,,,,,,,,,,,USD,1.0,stock,30.0
2026-02-04,233.01,237.61,221.93,236.48,4455828,276.9095,275.4158,,269.64890465453993,269.0687582013542,256.7649583882941,241.93474482835748,27.23918148272392,-7.906573972623448,-2.8793804582704983,-5.02719351435295,0,13.030128571428582,0.5,0.05,2648190.3,2135576.35,1.6825935809824544,2.086475625186615,19.320143407250008,20.793849561343986,3.469999999999999,1.1300000000000239,11.079999999999984,,0,-14.02609296961263,-17.09637178619756,-16.464732746955345,,0,,,0.8615542096732876,-11.017459361830229,-20.965208382072788,303.8,-12.300774852779101,303.8,0,25,20,20,251.22,262.865,257.0425,262.865,236.48,,,,,,232.00666666666666,242.08333333333331,247.68666666666667,257.7633333333333,226.4033333333333,216.32666666666665,210.7233333333333,0,0,0,0,0,0,0,0,0,0,0,0,0,0,0,0,0,0,0,0,0,0,,,,,,,,,,,,,,,,,,USD,1.0,stock,28.5
2026-02-05,235.68,240.68,229.91,231.3,2490869,273.6155,275.092,,265.9966280207742,267.5876304287521,256.26070178654567,241.82892647185642,23.9536807278743,-9.893347399279435,-4.282173846472286,-5.6111735528071485,0,13.336557142857155,0.5,0.05,2710518.2,2191904.9,0.918964130179978,1.13639464923866,12.767407003678985,12.480481935429333,4.3799999999999955,5.0,1.3900000000000148,,0,-15.000703856798184,-18.29463899697362,-18.932987462170328,,0,,,-2.1904600811907926,-15.203284818711726,-22.168382798304055,303.8,-13.044010474472783,303.8,0,25,20,20,251.22,262.865,257.0425,262.865,231.3,,,,,,233.96333333333337,238.01666666666674,244.73333333333338,248.78666666666675,227.24666666666673,223.19333333333336,216.47666666666672,0,0,0,0,0,0,0,0,0,0,0,0,0,0,0,0,0,0,0,0,0,0,,,,,,,,,,,,,,,,,,USD,1.0,stock,30.0
2026-02-06,232.55,239.37,231.81,236.85,3285458,270.39250000000004,274.8462,,263.2207586854624,266.38223315703635,255.8763314541388,241.77938491492253,29.42530695770806,-10.894456523875704,-5.60463038195297,-5.289826141922734,1,13.120128571428584,0.5,0.05,2881293.6,2273585.25,1.140271855669273,1.4450559969106063,24.154120123037057,18.747223511322023,4.299999999999983,2.5200000000000102,0.7400000000000091,,0,-11.133949202221824,-14.16191682499474,-16.042305256491456,,0,,,2.399481193255504,-10.568645219755313,-21.393249477282538,303.8,-10.018495052274478,303.8,0,25,20,20,251.22,262.865,257.0425,262.865,236.85,,,,,,236.01,240.20999999999998,243.57,247.76999999999998,232.64999999999998,228.45,225.08999999999997,0,0,0,0,0,0,0,0,0,0,0,0,0,0,0,0,0,0,0,0,0,0,,,,,,,,,,,,,,,,,,USD,1.0,stock,28.5
2026-02-09,235.25,241.48,234.57,236.45,2957302,267.3985,274.4124,,260.67116262018027,265.20842009205455,255.4916516233638,241.7263562093014,32.95454545454547,-11.586556760822873,-6.80101565772695,-4.785541103095923,1,12.634414285714296,0.5,0.05,2989685.6,2364233.55,0.9891682255819809,1.2508501962507046,23.506556580864476,20.142694569193512,1.1999999999999886,5.030000000000001,0.6800000000000068,,0,-10.243672074510586,-13.088813702685567,-16.055149080143796,,0,,,-0.16888325944690585,-14.537174250912644,-20.20720143083724,300.31,-9.291845855413069,300.31,0,25,20,20,251.22,262.865,257.0425,262.865,236.45,,,,,,237.5,240.43,244.41,247.34,233.52,230.59,226.61,0,0,0,0,0,0,0,0,0,0,0,0,0,0,0,0,0,0,0,0,0,0,,,,,,,,,,,,,,,,,,USD,1.0,stock,26.5
2026-02-10,235.9,248.6899,234.11,241.54,3326367,264.899,274.0908,,258.84914713254403,264.28024675511125,255.21538129418826,241.7245019186616,36.2570957700055,-11.590720117282075,-7.7589565496379755,-3.8317635676440993,1,12.99440714285715,0.5,0.05,3108513.4,2468584.55,1.0700828891392264,1.3474794695608057,31.74680265501051,26.46915978630402,5.639999999999986,7.149900000000002,1.789999999999992,,0,-7.166161767220354,-9.670861969032048,-13.476360023184569,,0,,,2.1526749841404014,3.019704853706373,-17.147463382842243,300.31,-6.6869631692009674,300.31,0,25,20,20,251.22,262.865,257.0425,262.865,241.54,,,,,,241.44663333333332,248.78326666666663,256.0265333333333,263.36316666666664,234.20336666666665,226.86673333333334,219.62346666666667,0,0,0,0,0,0,0,0,0,0,0,0,0,0,0,0,0,0,0,0,0,0,,,,,,,,,,,,,,,,,,USD,1.0,stock,25.0
2026-02-11,241.56,245.84,233.16,233.6,3380748,261.58050000000003,273.649,,256.4444664532541,263.0770998235383,254.7873539418281,241.64366110355053,28.883183568677794,-12.095284341091599,-8.626222107928701,-3.469062233162898,1,13.03297857142858,0.5,0.05,3296530.9,2571872.35,1.0255471896228852,1.3145084747304818,19.921474906111282,25.05827804732876,7.960000000000008,4.280000000000001,0.4399999999999977,,0,-9.779309269372481,-11.977953767123303,-17.14426369863014,,0,,,-3.287240208661091,-1.2178619756427533,-22.125545887922137,299.515,-8.908153398357031,299.515,0,25,20,20,251.22,262.865,257.0425,262.865,233.6,,,,,,237.53333333333333,241.90666666666667,250.21333333333334,254.58666666666667,229.22666666666666,224.85333333333332,216.54666666666665,0,0,0,0,0,0,0,0,0,0,0,0,0,0,0,0,0,0,0,0,0,0,,,,,,,,,,,,,,,,,,USD,1.0,stock,27.0
2026-02-12,239.385,248.145,219.635,227.24,6143503,258.4045,273.0148,,253.66308869580132,261.6717233598701,254.24186178456415,241.50034109256993,29.466791393826014,-12.860110620816016,-9.472999810506165,-3.387110810309851,1,14.342264285714295,0.5,0.05,3694275.2,2787812.35,1.6629792496238505,2.203700331552086,12.492813141683808,21.387030234268536,12.144999999999982,8.76000000000002,7.605000000000018,,0,-11.627833434167096,-13.71435486710085,-20.143812709030087,,0,,,-2.722602739726021,-1.7552961521833166,-21.846196175539955,297.24,-10.416607647432889,297.24,0,25,20,20,250.0725,261.7175,255.89499999999998,261.7175,227.24,,,,,,231.67333333333332,243.71166666666664,260.18333333333334,272.2216666666667,215.20166666666663,203.1633333333333,186.6916666666666,0,0,0,0,0,0,0,0,0,0,0,0,0,0,0,0,0,0,0,0,0,0,,,,,,,,,,,,,,,,,,USD,1.0,stock,28.5
2026-02-13,212.0,218.92,203.925,212.67,6148995,254.324,271.99420000000003,,249.75898501048692,259.75008714967913,253.41865660071142,241.21347202697223,26.289434151226843,-14.475058724636398,-10.473411593332212,-4.0016471313041855,0,15.617492857142864,0.5,0.05,4123664.2,3029202.1,1.4911483335621751,2.0299058289970153,11.418685121107238,14.610991056300781,0.6699999999999875,6.25,8.074999999999989,,0,-17.439688254331564,-19.5862133822354,-27.89495462453569,,0,,,-6.411723288153503,-10.20899303356555,-27.73209188527932,295.32,-14.849910208006985,295.32,0,25,20,20,242.2175,253.8625,248.04000000000002,253.8625,212.67,,,,,,211.83833333333334,219.75166666666667,226.83333333333331,234.74666666666664,204.7566666666667,196.84333333333336,189.7616666666667,0,0,0,0,0,0,0,0,0,0,0,0,0,0,0,0,0,0,0,0,0,0,,,,,,,,,,,,,,,,,,USD,1.0,stock,30.0
2026-02-17,212.01,212.17,198.33,200.42,5687589,250.0895,270.7542,,245.06003405710723,257.423417065378,252.36917825218248,240.807566832674,24.358181255799565,-16.552581498573886,-11.689245574380548,-4.863335924193338,0,16.21642142857143,0.5,0.05,4472199.2,3232017.45,1.271765577883919,1.7597643230546294,2.5431978583596684,8.818232040383576,11.590000000000003,0.1599999999999966,2.089999999999975,,0,-22.273243217796253,-24.78270631673486,-35.093403851911006,,0,,,-5.7600978041096536,-15.237893846479167,-29.704324646627622,283.7,-18.215958480893956,283.7,0,25,20,20,223.50995,251.065,237.287475,251.065,200.42,,,,,,203.64,208.94999999999996,217.47999999999996,222.78999999999994,195.10999999999999,189.8,181.27,0,0,0,0,0,0,0,0,0,0,0,0,0,0,0,0,0,0,0,0,0,0,,,,,,,,,,,,,,,,,,USD,1.0,stock,30.0
2026-02-18,199.01,207.22,197.99,203.79,4171799,246.6715,269.6624,,241.12955462309702,255.32014580791218,251.40721432639668,240.43923283433898,26.474831068256023,-17.722804965350264,-12.895957452574493,-4.826847512775771,1,16.39963571428572,0.5,0.05,4204845.8,3323528.85,0.9921407819520992,1.2552317696896176,7.028599127484227,6.996827368983716,4.780000000000001,3.430000000000007,1.0199999999999818,,0,-18.322564710288546,-21.042004023749946,-32.3236665194563,,0,,,1.6814689152779172,-15.628881344704816,-25.118500826749944,283.7,-15.485266698833936,283.7,0,25,20,20,223.33995,249.15,236.244975,250.895,203.79,,,,,,203.0,208.01,212.23,217.23999999999998,198.78,193.77,189.55,0,0,0,0,0,0,0,0,0,0,0,0,0,0,0,0,0,0,0,0,0,0,,,,,,,,,,,,,,,,,,USD,1.0,stock,30.0
2026-02-19,201.71,201.71,192.92,199.76,5044950,243.08149999999995,268.38899999999995,,237.1895970399449,253.1413165605431,250.3844972110225,240.03446434842516,21.642196846112014,-18.759158906951683,-14.068597743449931,-4.6905611635017515,1,16.406064285714287,0.5,0.05,4263758.0,3455974.15,1.1832167773124085,1.459776543756845,7.8091106290672485,5.793635871637053,1.950000000000017,0.0,6.840000000000003,,0,-18.737283259884325,-21.686774128954724,-34.35572687224668,,0,,,-1.9775258844889398,-14.48630136986302,-26.439829135366033,283.7,-15.780454753098397,283.7,0,25,20,20,220.80495,246.615,233.709975,248.36,199.76,,,,,,198.13,203.34,206.92000000000002,212.13000000000002,194.54999999999998,189.33999999999997,185.75999999999996,0,0,0,0,0,0,0,0,0,0,0,0,0,0,0,0,0,0,0,0,0,0,,,,,,,,,,,,,,,,,,USD,1.0,stock,30.0
2026-02-20,199.86,206.53,196.51,203.48,3601459,239.27249999999998,267.1704,,233.97915922661682,251.1938139503257,249.45569528605176,239.67073833500802,25.36138772887891,-19.06058539787074,-15.066995274334094,-3.993590123536645,1,16.363207142857146,0.5,0.05,4374817.0,3542667.6,0.8232250628997738,1.0165952346192457,12.056170795752942,8.964626850768143,3.619999999999976,3.0500000000000114,3.3500000000000227,,0,-14.988774929534513,-17.590180853155097,-31.300570080597595,,0,,,1.862234681617947,-10.455905650413666,-27.240220267467652,280.51,-13.034989666356287,280.51,0,25,20,20,220.80495,246.21749999999997,233.51122499999997,248.36,203.48,,,,,,202.17333333333332,207.83666666666664,212.19333333333333,217.85666666666665,197.81666666666663,192.1533333333333,187.79666666666662,0,0,0,0,0,0,0,0,0,0,0,0,0,0,0,0,0,0,0,0,0,0,,,,,,,,,,,,,,,,,,USD,1.0,stock,28.5
2026-02-23,199.945,200.37,185.34,188.51,4790778,235.14100000000002,265.7152,,229.64876310979616,248.73562516796002,248.24884983484282,239.1616762620229,15.47078176406076,-20.273719139783168,-16.10834004742391,-4.1653790923592595,0,16.63177857142857,0.5,0.05,4525349.0,3703321.3,1.0586538187441454,1.2936436274108867,3.330881580329923,7.7320543350500435,11.435000000000002,0.42500000000001137,3.1699999999999875,,0,-21.82311978664059,-24.736618747016088,-40.95549307729033,,0,,,-7.356988401808529,-11.36032350590116,-30.47503134911853,280.51,-17.91377517244782,280.51,0,25,20,20,217.01495,241.29000000000002,229.152475,244.57,188.51,,,,,,191.40666666666667,197.47333333333333,206.43666666666667,212.50333333333333,182.44333333333333,176.37666666666667,167.41333333333333,0,0,0,0,0,0,0,0,0,0,0,0,0,0,0,0,0,0,0,0,0,0,,,,,,,,,,,,,,,,,,USD,1.0,stock,31.75
2026-02-24,190.18,199.49,189.84,198.12,3597667,231.5725,264.1962,,226.64602376600607,246.75069869078513,247.25619934306374,238.75330137384356,30.885756364401416,-20.226530827722712,-16.93197820348367,-3.294552624239042,1,13.863921428571429,0.5,0.05,4589385.5,3789535.55,0.7839103949755365,0.9493688481164928,20.173670360963477,11.85357424568212,7.939999999999998,1.3700000000000045,0.3400000000000034,,0,-14.398356433477721,-16.88496870583484,-33.35160508782555,,0,,,5.097872791894331,-1.1475900608721612,-26.483357452966715,280.51,-12.586156726692415,280.51,0,25,20,20,216.7425,240.32999999999998,228.53625,244.57,198.12,,,,,,195.8166666666667,201.79333333333338,205.4666666666667,211.44333333333338,192.14333333333337,186.16666666666669,182.49333333333337,0,0,0,0,0,0,0,0,0,0,0,0,0,0,0,0,0,0,0,0,0,0,,,,,,,,,,,,,,,,,,USD,1.0,stock,26.5
2026-02-25,202.16,204.66,197.825,203.74,2988015,228.42249999999999,262.64799999999997,,224.4644976930531,245.06400462447985,246.3944924253793,238.40491031539736,33.407662679910814,-19.510739063826662,-17.44773037555227,-2.063008688274394,1,13.232135714285715,0.5,0.05,4555550.3,3832031.85,0.6559064883994367,0.7797469115503306,29.045034009524887,17.516528650272768,1.5800000000000125,0.9199999999999875,4.335000000000008,,0,-10.17203185091444,-12.114705016197101,-28.913320899185212,,0,,,2.8366646476882806,-0.024535060601593717,-23.61850491114943,280.51,-9.232862170209682,280.51,0,25,20,20,216.7425,234.51999999999998,225.63125,244.57,203.74,,,,,,202.07500000000002,206.32500000000005,208.91000000000003,213.16000000000005,199.49000000000004,195.24,192.65500000000003,0,0,0,0,0,0,0,0,0,0,0,0,0,0,0,0,0,0,0,0,0,0,,,,,,,,,,,,,,,,,,USD,1.0,stock,26.5
2026-02-26,204.94,218.36,204.895,217.93,4058343,226.031,261.5224,,223.84216457942898,243.99992601175518,245.83083911002524,238.2011798644979,43.79121389430668,-17.5956231341209,-17.477308927265994,-0.11831420685490457,1,13.507135714285713,0.5,0.05,4623309.8,3959920.35,0.8778003585223729,1.024854704463942,51.444437954913916,33.5543807751341,12.990000000000009,0.4300000000000068,0.044999999999987494,,0,-2.712873206731049,-3.717248657825907,-20.0029367228009,,0,,,6.964759006577004,9.095915098117757,-17.997441300421425,280.51,-2.6412202502317563,280.51,0,25,20,20,202.13,234.51999999999998,218.325,244.57,217.93,,,,,,213.72833333333332,222.56166666666664,227.19333333333333,236.02666666666664,209.09666666666664,200.26333333333332,195.63166666666663,0,0,0,0,0,0,0,0,0,0,0,0,0,0,0,0,0,0,0,0,0,0,,,,,,,,,,,,,,,,,,USD,1.0,stock,25.0
2026-02-27,209.91,217.62,207.645,215.69,3820980,223.177,260.16720000000004,,223.06576795281669,242.88973283482363,245.23399081081683,237.97718802505017,39.86201609812189,-16.07334571758082,-17.19651628532896,1.12317056774814,1,13.66535,0.5,0.05,4391057.5,4042666.35,0.8701730733428109,0.945163332610914,47.90852077114565,42.79933091186149,5.780000000000001,1.9300000000000068,2.2649999999999864,,0,-3.419615166589405,-3.4711854977050374,-20.62089109369931,,0,,,-1.0278529803147807,6.000589738549245,-20.92605491806283,280.51,-3.306544083616104,280.51,0,25,20,20,201.85000000000002,234.51999999999998,218.185,244.57,215.69,,,,,,213.65166666666664,219.65833333333327,223.62666666666664,229.63333333333327,209.68333333333328,203.67666666666665,199.7083333333333,0,0,0,0,0,0,0,0,0,0,0,0,0,0,0,0,0,0,0,0,0,0,,,,,,,,,,,,,,,,,,USD,1.0,stock,25.0
2026-03-02,208.31,215.8385,203.18,213.24,3179626,220.59699999999998,258.7316,,222.1299805287389,241.72699821385018,244.6004464383254,237.7310468506716,39.09407010619304,-14.89294779046159,-16.73580258635549,1.8428547958938992,1,14.075957142857144,0.5,0.05,4094120.6,4108892.4,0.7766322271991695,0.7738401716238663,44.041111351399145,47.798023359152914,4.930000000000007,2.5985000000000014,5.1299999999999955,,0,-4.16900231135758,-3.4501031701369214,-21.333520915400488,,0,,,-1.13588947100004,13.118667444697895,-19.483461712732208,280.51,-4.0021524818837895,280.51,0,25,20,20,201.85000000000002,232.925,217.38750000000002,244.57,213.24,,,,,,210.75283333333334,218.32566666666668,223.41133333333335,230.98416666666668,205.66716666666667,198.09433333333334,193.00866666666667,0,0,0,0,0,0,0,0,0,0,0,0,0,0,0,0,0,0,0,0,0,0,,,,,,,,,,,,,,,,,,USD,1.0,stock,25.0
2026-03-03,205.96,217.74,205.445,215.14,2090485,217.5205,257.378,,221.46426809743045,240.68437083291488,244.01707126132885,237.50626031484404,37.21178066266227,-13.646847445391415,-16.118011558162674,2.471164112771259,1,13.912750000000003,0.5,0.05,3734410.2,4103304.7,0.559789869896992,0.5094637500354288,47.44845155640471,46.46602789298317,9.179999999999978,2.6000000000000227,0.5150000000000148,,0,-2.9396058833459433,-1.1064887979920108,-19.632797248303433,,0,,,0.8910148189833045,8.590753078942036,-22.2394910904688,280.51,-2.855660713017677,280.51,0,25,20,20,201.85000000000002,232.925,217.38750000000002,244.57,215.14,,,,,,212.775,220.10500000000002,225.07000000000002,232.40000000000003,207.81,200.48,195.515,0,0,0,0,0,0,0,0,0,0,0,0,0,0,0,0,0,0,0,0,0,0,,,,,,,,,,,,,,,,,,USD,1.0,stock,25.0
2026-03-04,218.32,224.875,217.01,221.73,2442953,216.88400000000001,256.1008,,221.48957589767517,239.94106217280057,243.57574311754016,237.34928260026848,44.17394718759203,-11.98934036654282,-15.292277319838703,3.302936953295884,1,13.70239285714286,0.5,0.05,3561525.6,3883185.7,0.6859288053411717,0.6291105264422455,57.941246716025766,49.81026987460988,3.4099999999999966,3.1450000000000102,1.3100000000000023,,0,0.10843102075714754,2.1855409732557503,-15.501195147251162,,0,,,3.063121688203041,8.829881221164214,-5.4294975688816915,248.6899,0.10854872124361081,248.6899,0,25,20,20,205.10750000000002,232.925,219.01625,244.57,221.73,,,,,,221.205,225.40000000000003,229.07000000000002,233.26500000000004,217.53500000000003,213.34,209.67000000000002,0,0,0,0,0,0,0,0,0,0,0,0,0,0,0,0,0,0,0,0,0,0,,,,,,,,,,,,,,,,,,USD,1.0,stock,25.0
2026-03-05,235.0,252.23,235.0,251.54,8061135,217.63700000000003,255.3466,,224.35152105027754,240.39592247974957,243.73345117461855,237.490483768425,59.69518033833386,-8.176087351871786,-13.869039326245321,5.6929519743735355,1,13.844535714285715,0.5,0.05,3863144.1,4063451.05,2.08667727408874,1.9838149643761551,98.9684556734938,68.11938464864143,16.539999999999992,0.6899999999999977,0.0,,0,10.80880931451159,13.478174445416222,-1.5133179613580359,,0,,,13.444279078158129,15.42238333409809,6.368403247631926,252.23,12.118696063410896,252.23,0,25,20,20,218.785,232.925,225.85500000000002,244.57,251.54,,,,,,246.25666666666666,257.5133333333333,263.4866666666667,274.74333333333334,240.28333333333333,229.02666666666667,223.05333333333334,0,0,0,0,0,0,0,0,0,0,0,0,0,0,0,0,0,0,0,0,0,0,,,,,,,,,,,,,,,,,,USD,1.0,stock,26.5
2026-03-06,243.11,251.92,238.1812,249.62,3619263,218.55300000000003,254.5532,,226.75804285501303,240.75765100995548,243.85001649789342,237.6111754722218,66.39744386260762,-5.248483567136645,-12.144928174423587,6.896444607286941,1,13.16052142857143,0.5,0.05,3864924.5,4119870.75,0.9364382150285212,0.8784894526120752,96.09807146060699,84.33592461670885,6.509999999999991,2.299999999999983,4.928800000000024,,0,9.158704088208868,12.44571749058568,-1.9762839516064414,,0,,,-0.7632980838037651,15.73091010246186,7.920449632511883,252.23,10.08209316729934,252.23,0,25,20,20,221.035,232.925,226.98000000000002,244.57,249.62,,,,,,246.5737333333333,254.96626666666663,260.3125333333333,268.70506666666665,241.22746666666663,232.8349333333333,227.48866666666663,0,0,0,0,0,0,0,0,0,0,0,0,0,0,0,0,0,0,0,0,0,0,,,,,,,,,,,,,,,,,,USD,1.0,stock,25.0
2026-03-09,243.36,245.78,229.83,241.54,3042504,218.7875,253.61939999999998,,228.16584829739276,240.78833136250626,243.80427359694502,237.6502682535927,68.94930875576037,-3.539523524200149,-10.4238472443789,6.884323720178751,0,13.549807142857146,0.5,0.05,3690097.1,4107723.05,0.8245051329408106,0.7406789510797229,84.01853789804156,93.02835501071412,1.8200000000000216,2.4199999999999875,11.70999999999998,,0,5.537033908506763,9.41976484226215,-5.000993624244429,,0,,,-3.2369201185802443,13.271431251172384,1.9801562170149944,252.23,5.861592259493316,252.23,0,25,20,20,225.02749999999997,232.925,228.97625,244.57,241.54,,,,,,239.04999999999998,248.26999999999995,254.99999999999997,264.2199999999999,232.31999999999996,223.1,216.36999999999998,0,0,0,0,0,0,0,0,0,0,0,0,0,0,0,0,0,0,0,0,0,0,,,,,,,,,,,,,,,,,,USD,1.0,stock,25.0
2026-03-10,240.83,241.0,226.25,231.66,2383133,218.548,252.5212,,228.498624650022,240.43035758358445,243.56379293165898,237.59066359435297,62.116337709764366,-2.948406413361596,-8.92875907817544,5.980352664813845,0,13.98266428571429,0.5,0.05,3568643.7,4079014.6,0.6677979648122339,0.5842423314689779,69.24801913589475,83.12154283151443,9.170000000000016,0.1699999999999875,5.409999999999997,,0,1.3646617240688887,5.660018993352325,-9.005093671760338,,0,,,-4.090419806243273,7.678720832945984,-2.025798266018186,252.23,1.383542397605273,252.23,0,25,20,20,227.70499999999998,232.925,230.315,244.57,231.66,,,,,,232.97,239.69,247.72,254.44,224.94,218.22,210.19,0,0,0,0,0,0,0,0,0,0,0,0,0,0,0,0,0,0,0,0,0,0,,,,,,,,,,,,,,,,,,USD,1.0,stock,25.0
2026-03-11,232.96,237.3175,224.13,230.35,1601193,217.9885,251.377,,228.67494611192467,240.03504944305175,243.30213366568555,237.51861719042907,63.62098138747885,-2.5561818232360736,-7.654243627187568,5.098061803951494,0,14.148200000000003,0.5,0.05,3429961.5,3992755.9,0.4668253564945263,0.401024515423044,67.28957990731051,73.51871231374894,2.6100000000000136,4.3574999999999875,6.219999999999999,,0,0.7271777243652379,5.366398958107231,-9.128283047536364,,0,,,-0.5654838988172317,3.8876110584945778,-4.632773039662164,252.23,0.7325043327026618,252.23,0,25,20,20,227.70499999999998,232.925,230.315,244.57,230.35,,,,,,230.59916666666666,237.06833333333333,243.78666666666666,250.25583333333333,223.88083333333333,217.41166666666666,210.69333333333333,0,0,0,0,0,0,0,0,0,0,0,0,0,0,0,0,0,0,0,0,0,0,,,,,,,,,,,,,,,,,,USD,1.0,stock,25.0
2026-03-12,228.02,230.975,226.34,227.65,1283831,217.69099999999997,250.1936,,228.57733219650328,239.54936122959876,242.9921904247809,237.4204219945044,60.86096881459514,-2.4351376933857978,-6.610422440427214,4.175284747041416,0,13.763557142857143,0.5,0.05,3152510.3,3887910.05,0.40724085818212874,0.33021108603065547,63.25310210793842,66.59690038371457,0.37000000000000455,2.954999999999984,1.3100000000000023,,0,-0.4073499655186787,4.374698001317826,-9.90274544256534,,0,,,-1.1721293683525036,-9.497495428162516,-2.5470890410958846,252.23,-0.4056973574729027,252.23,0,25,20,20,227.70499999999998,218.785,223.245,244.57,227.65,,,,,,228.3216666666667,230.30333333333337,232.95666666666668,234.93833333333336,225.66833333333338,223.6866666666667,221.0333333333334,0,0,0,0,0,0,0,0,0,0,0,0,0,0,0,0,0,0,0,0,0,0,,,,,,,,,,,,,,,,,,USD,1.0,stock,25.0
2026-03-13,229.74,234.265,226.4,228.37,1197025,217.7475,249.06099999999998,,228.5575862730268,239.1109549068694,242.7026420995377,237.33036804431035,70.54215625644198,-2.2551157945756017,-5.739361111256891,3.4842453166812897,0,13.029628571428573,0.5,0.05,2890114.8,3640586.15,0.41417904921977494,0.328800075229644,61.75669177752847,64.09979126425914,1.3700000000000045,4.524999999999977,1.9699999999999989,,0,-0.08214138154170662,4.651442833997462,-9.060296886631331,,0,,,0.3162749835273537,-8.512939668295804,0.4972716071114158,252.23,-0.08207396485309024,252.23,0,25,20,20,228.83749999999998,218.785,223.81124999999997,244.57,228.37,,,,,,229.6783333333333,232.95666666666662,237.5433333333333,240.8216666666666,225.09166666666664,221.81333333333333,217.22666666666666,0,0,0,0,0,0,0,0,0,0,0,0,0,0,0,0,0,0,0,0,0,0,,,,,,,,,,,,,,,,,,USD,1.0,stock,27.0
2026-03-16,229.36,233.8,229.16,231.46,1539863,218.68699999999998,248.024,,228.83400662797663,238.8109174595412,242.48001552330925,237.2719564219789,68.41988950276243,-1.8418779445724738,-4.959864477920008,3.1179865333475343,0,12.6332,0.5,0.05,2726138.5,3410129.55,0.5648513455937767,0.4515555721336159,61.82336182336186,62.27771856960958,2.0999999999999943,2.3400000000000034,0.20000000000001705,,0,1.1345344215084132,5.518448111984803,-7.156312105763411,,0,,,1.3530673906380075,-4.173221826612561,8.835284713405755,252.23,1.1475538145396988,252.23,0,25,20,20,234.62,218.785,226.7025,244.57,231.46,,,,,,231.47333333333336,233.78666666666672,236.11333333333337,238.42666666666673,229.1466666666667,226.83333333333334,224.5066666666667,0,0,0,0,0,0,0,0,0,0,0,0,0,0,0,0,0,0,0,0,0,0,,,,,,,,,,,,,,,,,,USD,1.0,stock,25.0
2026-03-17,236.19,247.855,235.66,241.25,2047370,220.7285,247.1902,,230.01648218721695,238.90656775524548,242.4556587802734,237.3115389451433,69.8109221506285,-0.716157373264366,-4.11112305698888,3.3949656837245143,1,13.316057142857142,0.5,0.05,2721827.0,3228118.6,0.7522043098257163,0.6342301054242555,77.61467889908258,67.0649108333243,5.060000000000002,6.60499999999999,0.5300000000000011,,0,4.656380440531834,8.506321243523317,-2.4622590673575147,,0,,,4.229672513609262,4.139687473020803,20.372218341482885,252.23,4.883788198986441,252.23,0,25,20,20,238.18,218.785,228.48250000000002,244.57,241.25,,,,,,241.58833333333334,247.51666666666668,253.78333333333333,259.7116666666667,235.3216666666667,229.39333333333335,223.1266666666667,0,0,0,0,0,0,0,0,0,0,0,0,0,0,0,0,0,0,0,0,0,0,,,,,,,,,,,,,,,,,,USD,1.0,stock,25.0
2026-03-18,236.89,242.3025,234.945,240.04,1357057,222.541,246.24159999999995,,230.9711029312915,238.95101607856918,242.40782395294124,237.33868781136078,63.532868160117516,0.07745455437890314,-3.2734075347153238,3.350862089094227,0,12.797307142857141,0.5,0.05,2613237.4,3087381.5,0.5193010784247922,0.4395495017379614,75.14780835881753,71.52861636042066,3.1500000000000057,2.262500000000017,1.9449999999999932,,0,3.7780774323898023,7.290034994167637,-2.5835694050991322,,0,,,-0.501554404145077,4.206642066420674,17.787918936159762,252.23,3.926420644666647,252.23,0,25,20,20,238.02499999999998,218.785,228.40499999999997,244.57,240.04,,,,,,239.09583333333333,243.24666666666667,246.45333333333335,250.60416666666669,235.88916666666665,231.73833333333332,228.53166666666664,0,0,0,0,0,0,0,0,0,0,0,0,0,0,0,0,0,0,0,0,0,0,,,,,,,,,,,,,,,,,,USD,1.0,stock,25.0
2026-03-19,232.79,244.06,232.79,239.41,1741950,224.5235,245.0456,,231.77480741402564,238.96901544803706,242.34846110238794,237.35929788288956,64.81018981018983,0.6480911979241739,-2.4891077881874244,3.1371989861115983,0,12.867664285714286,0.5,0.05,1981318.9,2922231.5,0.8791870909826783,0.5961026701683285,73.86340468909277,75.54196398233096,6.6200000000000045,4.650000000000006,0.0,,0,3.1891702877801062,6.2179942358297415,-2.353953468944493,,0,,,-0.2624562572904443,5.165824730946622,19.848818582298765,252.23,3.294228855656171,252.23,0,25,20,20,235.9925,218.785,227.38875000000002,244.57,239.41,,,,,,238.75333333333333,244.71666666666667,250.02333333333334,255.98666666666668,233.44666666666666,227.48333333333332,222.17666666666665,0,0,0,0,0,0,0,0,0,0,0,0,0,0,0,0,0,0,0,0,0,0,,,,,,,,,,,,,,,,,,USD,1.0,stock,25.0
2026-03-20,238.53,238.93,230.35,235.18,4866962,226.1085,243.80559999999997,,232.09911146983274,238.82042660693756,242.20651137758819,237.3376133268409,63.400928414366,0.7503496371926985,-1.8412163031114,2.5915659403040987,0,12.610628571428572,0.5,0.05,2106088.8,2985506.65,2.3109006609787777,1.6301963353523263,63.55669552206907,70.85596952332646,3.3499999999999943,0.4000000000000057,4.8300000000000125,,0,1.3100129816171748,3.8572582702610827,-3.6676588145250286,,0,,,-1.76684349024685,2.9820028900468643,15.578926675840377,252.23,1.3274021217301009,252.23,0,25,20,20,235.9925,218.785,227.38875000000002,244.57,235.18,,,,,,234.82000000000002,239.29000000000005,243.40000000000003,247.87000000000006,230.71000000000004,226.24,222.13000000000002,0,0,0,0,0,0,0,0,0,0,0,0,0,0,0,0,0,0,0,0,0,0,,,,,,,,,,,,,,,,,,USD,1.0,stock,25.0
2026-03-23,238.95,242.08,234.14,236.65,1992504,228.51549999999997,242.5124,,232.53252942508675,238.73531183803806,242.0964814493191,237.33077140319074,63.207663023455744,0.9391806122641526,-1.2851369200362894,2.224317532300442,0,12.299557142857143,0.5,0.05,2001088.8,2845592.95,0.9957099355111078,0.7002069638948184,55.763770584894985,64.39462359868561,2.299999999999983,3.130000000000024,2.5100000000000193,,0,1.7398988273455547,3.4373547432917944,-2.47724487639975,,0,,,0.625053150778121,2.2422880843342208,25.537106784785955,252.23,1.7707073436535037,252.23,0,25,20,20,235.9925,218.785,227.38875000000002,244.57,236.65,,,,,,237.62333333333333,241.10666666666668,245.56333333333336,249.0466666666667,233.16666666666666,229.6833333333333,225.22666666666663,0,0,0,0,0,0,0,0,0,0,0,0,0,0,0,0,0,0,0,0,0,0,,,,,,,,,,,,,,,,,,USD,1.0,stock,25.0
2026-03-24,235.23,237.9,227.7,236.99,1704629,230.45899999999997,241.3256,,232.95705043222137,238.66686823654638,241.99536300477814,237.32738064296,60.14897579143391,1.1035447025649603,-0.8074005955160395,1.9109452980809998,0,12.33277142857143,0.5,0.05,1933238.4,2750941.05,0.881747952037369,0.6196530456368741,45.7651245551602,55.028530220708085,1.7600000000000193,0.9099999999999966,7.530000000000001,,0,1.7017382875980605,2.7558124815393197,-1.8294442803493813,,0,,,0.14367208958376843,-1.7658031088082837,19.61942257217848,252.23,1.7311987597267535,252.23,0,25,20,20,237.0975,218.785,227.94125,244.57,236.99,,,,,,234.1966666666667,240.69333333333338,244.3966666666667,250.8933333333334,230.49333333333337,223.99666666666667,220.29333333333335,0,0,0,0,0,0,0,0,0,0,0,0,0,0,0,0,0,0,0,0,0,0,,,,,,,,,,,,,,,,,,USD,1.0,stock,25.0
2026-03-25,237.34,245.535,230.6,236.26,1508561,232.08499999999998,240.2202,,233.2716170577241,238.57248124687789,241.88179146012905,237.316759940045,33.42733188720173,1.1615103607486503,-0.4136184042631016,1.575128765011752,0,11.220985714285716,0.5,0.05,1923975.2,2676968.35,0.7840854705403687,0.5635333716216704,43.64879453040662,48.392563223487265,1.0800000000000125,8.194999999999993,5.659999999999997,,0,1.2648704572402882,1.7671209684246219,-1.6762041818335793,,0,,,-0.3080298746782617,-1.5747375437427102,15.961519583783247,252.23,1.2810743887184597,252.23,0,25,20,20,237.1275,218.785,227.95625,244.57,236.26,,,,,,237.465,244.33,252.4,259.265,229.395,222.53,214.46,0,0,0,0,0,0,0,0,0,0,0,0,0,0,0,0,0,0,0,0,0,0,,,,,,,,,,,,,,,,,,USD,1.0,stock,25.0
2026-03-26,232.98,238.16,230.725,232.84,1189909,232.83049999999997,238.87760000000003,,233.23051067127417,238.34767806072583,241.70274608468094,237.27221506501968,32.373949579831944,0.9208679520806129,-0.14672113299435874,1.0675890850749716,0,10.770714285714288,0.5,0.05,1914583.0,2533546.65,0.6214977360605416,0.46966137371103867,36.71232876712333,42.04208261756338,0.13999999999998636,5.180000000000007,2.115000000000009,,0,-0.16771631647232918,0.004080054973385651,-2.593025253392899,,0,,,-1.4475577753322533,-2.7442462720855376,6.841646400220247,252.23,-0.16743549981956476,252.23,0,25,20,20,237.77749999999997,218.785,228.28125,242.825,232.84,,,,,,233.90833333333333,237.09166666666667,241.34333333333333,244.52666666666667,229.65666666666667,226.47333333333333,222.22166666666666,0,0,0,0,0,0,0,0,0,0,0,0,0,0,0,0,0,0,0,0,0,0,,,,,,,,,,,,,,,,,,USD,1.0,stock,25.0
2026-03-27,233.315,234.26,221.3,225.81,1165015,233.33650000000003,237.5786,,232.52379536924806,237.8560044112856,241.38803824141993,237.15816317382547,33.10418904403868,0.16103850993806645,-0.0851692044078737,0.24620771434594016,0,10.282857142857143,0.5,0.05,1911382.0,2400748.4,0.609514476959603,0.4852715928083093,16.983618904161155,32.4482474005637,7.5049999999999955,0.9449999999999932,4.509999999999991,,0,-2.9732055131517914,-3.333111908241454,-5.211726672866566,,0,,,-3.0192406802954874,-3.9841823284292865,4.6919189577634635,252.23,-2.8873584136137747,252.23,0,25,20,20,234.5775,218.785,226.68124999999998,242.825,225.81,,,,,,227.12333333333333,232.94666666666666,240.08333333333331,245.90666666666664,219.98666666666668,214.16333333333336,207.0266666666667,0,0,0,0,0,0,0,0,0,0,0,0,0,0,0,0,0,0,0,0,0,0,,,,,,,,,,,,,,,,,,USD,1.0,stock,25.0
2026-03-30,235.175,236.43,225.655,226.51,1568953,234.0,236.2232,,231.9510529531292,237.41106306182343,241.09342362277795,237.05221130144912,43.1094460797431,-0.380264198406536,-0.14418820320760617,-0.23607599519892986,0,9.960357142857145,0.5,0.05,1914291.0,2320214.75,0.8196000503580699,0.6762102516588173,19.619657315006528,24.43853499543034,8.66500000000002,1.2549999999999955,0.8549999999999898,,0,-2.4021248303073603,-3.306697276058456,-4.288199196503466,,0,,,0.3099951286479774,-4.284808789351368,6.223035077846539,252.23,-2.3457763540434047,252.23,0,25,20,20,233.41750000000002,218.785,226.10125,242.4275,226.51,,,,,,229.53166666666667,233.40833333333333,240.30666666666667,244.18333333333334,222.63333333333333,218.75666666666666,211.85833333333332,0,0,0,0,0,0,0,0,0,0,0,0,0,0,0,0,0,0,0,0,0,0,,,,,,,,,,,,,,,,,,USD,1.0,stock,25.0
2026-03-31,228.95,234.06,223.9,230.89,1939079,234.7875,235.1388,,231.8500002909264,237.15533509861467,240.89137563024767,236.99089576611135,50.66765578635014,-0.4506265573841688,-0.20547587404291873,-0.24515068334125006,0,9.744107142857144,0.5,0.05,1903461.9,2312644.45,1.0187117483150043,0.8384682738412296,36.113726228582124,24.2390008159166,1.9399999999999977,3.170000000000016,5.049999999999983,,0,-0.41578253320906766,-1.6880332625925802,-1.8401836372298572,,0,,,1.9336894618339207,-2.573948267859416,7.320814353444272,252.23,-0.4140609401431113,252.23,0,25,20,20,233.41750000000002,221.035,227.22625,241.29000000000002,230.89,,,,,,229.61666666666667,235.33333333333334,239.77666666666667,245.49333333333334,225.17333333333335,219.45666666666668,215.01333333333335,0,0,0,0,0,0,0,0,0,0,0,0,0,0,0,0,0,0,0,0,0,0,,,,,,,,,,,,,,,,,,USD,1.0,stock,25.0
2026-04-01,232.66,234.64,220.6741,227.67,1623165,235.08450000000002,234.24919999999997,,231.45190502512386,236.7833611731788,240.62956621182693,236.89815053460777,50.02441406249998,-0.7574845131941856,-0.31587760187317215,-0.4416069113210135,0,10.4106,0.5,0.05,1930072.7,2271655.05,0.8409864561060316,0.7145296993925201,25.738294169802998,27.157225904463882,4.990000000000009,1.9799999999999898,6.995899999999978,,0,-1.661134547864838,-3.256687310581119,-2.889796635481173,,0,,,-1.3946034908397964,-3.6358249386269414,2.678933838452169,252.23,-1.6339917464552105,252.23,0,25,20,20,233.10455000000002,225.02749999999997,229.066025,240.32999999999998,227.67,,,,,,227.66136666666668,234.64863333333335,241.62726666666666,248.61453333333333,220.68273333333337,213.6954666666667,206.7168333333334,0,0,0,0,0,0,0,0,0,0,0,0,0,0,0,0,0,0,0,0,0,0,,,,,,,,,,,,,,,,,,USD,1.0,stock,25.0
2026-04-02,220.77,230.53,218.65,225.3,1642947,233.77249999999998,233.32399999999998,,230.8660093084454,236.33303328403454,240.32601044525612,236.78274605167636,46.397559258390054,-1.1783278174533507,-0.48836764498920787,-0.6899601724641429,0,10.697385714285716,0.5,0.05,1920172.4,1950745.65,0.8556247345290454,0.8422148730666144,22.770073617531278,28.207364671972133,4.530000000000001,5.22999999999999,2.1200000000000045,,0,-2.4704879309566743,-3.760541500221912,-3.5614735907678523,,0,,,-1.040980366319666,-3.238275210444941,-10.431740478651497,251.92,-2.410926287987677,251.92,0,25,20,20,232.0925,227.70499999999998,229.89875,234.51999999999998,225.3,,,,,,224.82666666666668,231.00333333333336,236.70666666666668,242.88333333333335,219.12333333333336,212.9466666666667,207.24333333333337,0,0,0,0,0,0,0,0,0,0,0,0,0,0,0,0,0,0,0,0,0,0,,,,,,,,,,,,,,,,,,USD,1.0,stock,25.0
2026-04-06,225.54,229.28,223.52,229.04,1384469,232.74349999999998,232.3116,,230.69210366002204,236.04703197877828,240.1025250899045,236.70570380240594,47.202958853444265,-1.1962725393948404,-0.6299486238703345,-0.5663239155245059,1,10.720957142857143,0.5,0.05,1571923.1,1839005.95,0.8807485557022477,0.7528355196458174,35.57609998287962,28.02815592340463,3.5,0.2400000000000091,2.019999999999982,,0,-0.721316652122795,-1.616966468739081,-1.4283967865874985,,0,,,1.6600088770527988,1.4304060936185303,-8.244531688166013,247.855,-0.7161509361658972,247.855,0,25,20,20,232.0925,227.70499999999998,229.89875,234.51999999999998,229.04,,,,,,227.28,231.04,233.04,236.79999999999998,225.28,221.52,219.52,0,0,0,0,0,0,0,0,0,0,0,0,0,0,0,0,0,0,0,0,0,0,,,,,,,,,,,,,,,,,,USD,1.0,stock,25.0
2026-04-07,226.62,229.8999,223.32,224.3,1979677,231.88150000000002,231.3748,,230.08333188287708,235.5863640580419,239.7896038009955,236.58226396357603,27.819942423449334,-1.5748187171051882,-0.8189226425173053,-0.7558960745878829,0,10.019878571428574,0.5,0.05,1570640.4,1785864.6,1.2604266387137375,1.1085258087315242,21.01543611679378,26.45386990573489,2.319999999999993,3.279899999999998,0.9800000000000182,,0,-2.5783913878185754,-3.3800713330361143,-3.1541685242978077,,0,,,-2.069507509605306,-0.9756743631627707,-7.137534155833391,247.855,-2.5135814209353695,247.855,0,25,20,20,232.0925,227.70499999999998,229.89875,234.51999999999998,224.3,,,,,,225.83996666666667,228.35993333333334,232.41986666666668,234.93983333333335,221.78003333333334,219.26006666666666,215.20013333333333,0,0,0,0,0,0,0,0,0,0,0,0,0,0,0,0,0,0,0,0,0,0,,,,,,,,,,,,,,,,,,USD,1.0,stock,27.0
2026-04-08,240.0,249.7399,236.4,236.9,1990276,232.1435,230.72299999999998,,230.73253837022213,235.63787919302067,239.73238392374807,236.58542551617725,46.83467741935485,-0.8483256230935865,-0.8248032386325616,-0.023522384461024948,1,11.311478571428571,0.5,0.05,1599205.1,1766221.75,1.2445408034279029,1.1268551075197664,58.70073560867034,38.43075723611458,3.0999999999999943,9.739900000000006,0.5,,0,2.603402967403071,2.007809202195026,2.607429295061216,,0,,,5.617476593847526,2.6029711117848464,2.261935595268927,249.7399,2.6729917129771565,249.7399,0,25,20,20,234.19495,228.83749999999998,231.516225,232.925,236.9,,,,,,241.0133,245.62659999999997,254.3532,258.9665,232.28669999999997,227.6734,218.94679999999997,0,0,0,0,0,0,0,0,0,0,0,0,0,0,0,0,0,0,0,0,0,0,,,,,,,,,,,,,,,,,,USD,1.0,stock,25.0
2026-04-09,234.965,235.725,225.63,230.26,1549630,232.13900000000004,229.9934,,230.68753471591526,235.42698196976497,239.54481196486196,236.52248595880238,41.77306239884912,-0.7991549582914104,-0.8196735825643313,0.02051862427292095,1,11.311478571428571,0.5,0.05,1603312.0,1763643.6,0.9665180576207251,0.8786525803739486,37.34331728310476,39.019829669522956,4.7050000000000125,0.7599999999999909,4.6299999999999955,,0,-0.18567476587999288,-0.8160340484669711,0.11578215929817712,,0,,,-2.8028704094554713,1.137611455176346,-0.039070978945088264,249.7399,-0.18533065362277493,249.7399,0,25,20,20,234.19495,234.62,234.407475,232.925,230.26,,,,,,230.53833333333333,235.44666666666666,240.63333333333333,245.54166666666666,225.35166666666666,220.44333333333333,215.25666666666666,0,0,0,0,0,0,0,0,0,0,0,0,0,0,0,0,0,0,0,0,0,0,,,,,,,,,,,,,,,,,,USD,1.0,stock,25.0
2026-04-10,231.58,233.67,224.91,228.09,1385475,232.161,229.24,,230.44015045725666,235.13925718663694,239.31798400516175,236.43858062587898,43.38001867413631,-0.9246291672550342,-0.840664699502472,-0.08396446775256217,0,11.290049999999999,0.5,0.05,1622868.6,1768725.8,0.8537197651122216,0.7833181378368541,30.36355858333413,42.13587049170308,3.490000000000009,2.089999999999975,3.180000000000007,,0,-1.0303610229543867,-1.784821780875969,-0.5041869437502765,,0,,,-0.9424129245200974,1.2383488681757537,0.1932791566000347,249.7399,-1.0198528566282026,249.7399,0,25,20,20,234.19495,235.44,234.817475,232.925,228.09,,,,,,228.89,232.86999999999998,237.64999999999998,241.62999999999997,224.10999999999999,220.13,215.35,0,0,0,0,0,0,0,0,0,0,0,0,0,0,0,0,0,0,0,0,0,0,,,,,,,,,,,,,,,,,,USD,1.0,stock,25.0
2026-04-13,226.97,240.37,224.73,240.21,2101891,232.75300000000001,228.58880000000002,,231.3706123184703,235.3381098459845,239.33564768822785,236.47610718681554,52.77258566978194,-0.04556048006406854,-0.6816438556147913,0.6360833755507228,1,11.84005,0.5,0.05,1716556.2,1813969.1,1.2244813190503172,1.1587248095901963,69.34727998481821,45.68471861708571,13.240000000000009,0.1599999999999966,2.240000000000009,,0,3.6798583246033476,3.104367012197658,4.837933474876144,,0,,,5.3136919636985525,4.876877401327295,5.184568901344311,249.7399,3.8204452989745805,249.7399,0,25,20,20,234.19495,235.285,234.73997500000002,232.925,240.21,,,,,,235.10333333333335,245.47666666666672,250.74333333333337,261.11666666666673,229.8366666666667,219.46333333333334,214.1966666666667,0,0,0,0,0,0,0,0,0,0,0,0,0,0,0,0,0,0,0,0,0,0,,,,,,,,,,,,,,,,,,USD,1.0,stock,25.0
2026-04-14,244.62,252.121,243.365,248.57,2111692,233.6085,228.2634,,233.00864924052075,235.85700749908315,239.5185061498471,236.59644442873778,58.01716975906951,1.3105823430064731,-0.28319861589053846,1.5937809588970115,1,11.962264285714284,0.5,0.05,1770830.1,1842560.55,1.1924870714587468,1.146063829489891,89.39081593020819,63.03388483278684,3.9499999999999886,3.551000000000016,1.2549999999999955,,0,6.260349502948562,6.019028844993363,8.169368789475802,,0,,,3.4802880812622172,10.820329915292003,7.392205996716483,252.121,6.678443401221641,252.121,0,25,20,20,235.3855,235.3855,235.3855,232.925,248.57,,,,,,248.0186666666667,252.67233333333337,256.7746666666667,261.4283333333334,243.91633333333337,239.2626666666667,235.16033333333337,0,0,0,0,0,0,0,0,0,0,0,0,0,0,0,0,0,0,0,0,0,0,,,,,,,,,,,,,,,,,,USD,1.0,stock,25.0
2026-04-15,249.29,259.5,248.695,257.44,1426623,234.41799999999998,227.8788,,235.33544455094736,236.7033993618642,239.87338721618676,236.80384299163592,63.17819810851172,3.0657303400787725,0.38658717530332376,2.6791431647754487,1,11.676192857142855,0.5,0.05,1719584.5,1811523.2,0.8296323908479054,0.7875267620088995,94.95716034271724,84.5650854192479,8.150000000000006,2.0600000000000023,0.5949999999999989,,0,8.586294068152828,8.942666252330648,11.482753262896203,,0,,,3.568411312708686,8.67032503165892,6.710880829015542,259.5,9.392786323042495,259.5,0,25,20,20,239.075,239.075,239.075,232.925,257.44,,,,,,255.21166666666667,261.72833333333335,266.01666666666665,272.53333333333336,250.92333333333335,244.40666666666667,240.11833333333334,0,0,0,0,0,0,0,0,0,0,0,0,0,0,0,0,0,0,0,0,0,0,,,,,,,,,,,,,,,,,,USD,1.0,stock,25.0
2026-04-16,259.61,261.31,252.66,254.43,1064429,235.1375,228.2782,,237.15397364133332,237.39856017120286,240.16163697428206,236.9792276384853,63.502188868042545,4.165795234194377,1.1424287870815344,3.0233664471128425,1,11.76297857142857,0.5,0.05,1663710.9,1796891.8,0.639792045601192,0.5923723398370453,83.87248007501172,89.40681878264571,5.180000000000007,1.6999999999999886,1.7700000000000102,,0,6.7900901460781675,7.58263569547617,10.278583500373387,,0,,,-1.1692044748290775,10.496829670806918,5.9948341943009575,261.31,7.284729871233185,261.31,0,25,20,20,242.315,239.98000000000002,241.1475,232.925,254.43,,,,,,256.1333333333334,259.6066666666668,264.7833333333334,268.2566666666668,250.95666666666676,247.48333333333338,242.30666666666676,0,0,0,0,0,0,0,0,0,0,0,0,0,0,0,0,0,0,0,0,0,0,,,,,,,,,,,,,,,,,,USD,1.0,stock,25.0
2026-04-17,262.21,269.65,260.65,265.84,1882484,236.459,228.86539999999997,,239.8859761516825,238.51391075272434,240.6701194104349,237.26639950277897,73.73413968931581,5.890395419222898,2.092022113509807,3.798373305713091,1,11.92440714285714,0.5,0.05,1687664.6,1803918.5,1.1154372734961673,1.0435526882173447,92.52941176470588,90.45301739414496,3.6299999999999955,3.8100000000000023,1.5600000000000023,,0,9.76302431850642,11.052136623532943,13.908591634065608,,0,,,4.484534056518474,16.550484457889425,11.039639112819,269.65,10.819316854065054,269.65,0,25,20,20,246.48499999999999,244.14999999999998,245.3175,232.925,265.84,,,,,,265.37999999999994,270.1099999999999,274.37999999999994,279.1099999999999,261.1099999999999,256.37999999999994,252.1099999999999,0,0,0,0,0,0,0,0,0,0,0,0,0,0,0,0,0,0,0,0,0,0,,,,,,,,,,,,,,,,,,USD,1.0,stock,27.0
2026-04-20,264.99,273.54,263.2761,273.24,1486220,238.362,229.7042,,243.06254985152228,239.87571817418615,241.31506754092135,237.62434577638317,75.6673624079974,7.76476427735949,3.226570546279744,4.538193731079746,1,11.8879,0.5,0.05,1697839.7,1634881.4,0.875359434698105,0.9090690003568455,99.45345235926395,91.95178139966053,8.25,0.30000000000001137,1.7139000000000237,,0,11.044301767119649,12.764602547211249,15.933172302737528,,0,,,2.783629250677122,13.750468340202326,16.18334892422826,273.54,12.415507928684198,273.54,0,25,20,20,249.135,246.09500000000003,247.615,229.44,273.24,,,,,,270.0187,276.76130000000006,280.28260000000006,287.0252000000001,266.4974,259.7548,256.2335,0,0,0,0,0,0,0,0,0,0,0,0,0,0,0,0,0,0,0,0,0,0,,,,,,,,,,,,,,,,,,USD,1.0,stock,28.5
2026-04-21,273.805,279.7613,271.12,273.8,1535298,240.2195,230.4432,,245.9899260561392,241.20608216735533,241.95833353021004,237.98430253482712,74.6015365210412,9.18947190949089,4.419150818921974,4.770321090568917,1,11.779421428571428,0.5,0.05,1653401.8,1612021.1,0.9285692080412637,0.9524056477920791,90.24517560582088,94.07601324326357,0.0049999999999954525,5.956299999999999,2.680000000000007,,0,10.157075947356025,12.264609203798393,15.835208181154133,,0,,,0.20494803103499049,10.1500583336686,15.698288611874078,279.7613,11.305371073413003,279.7613,0,25,20,20,252.24565,249.20565,250.72565,232.55065000000002,273.8,,,,,,274.89376666666664,278.66753333333327,283.53506666666664,287.30883333333327,270.02623333333327,266.25246666666663,261.38493333333327,0,0,0,0,0,0,0,0,0,0,0,0,0,0,0,0,0,0,0,0,0,0,,,,,,,,,,,,,,,,,,USD,1.0,stock,28.5
2026-04-22,274.83,275.77,262.14,264.6,1509623,241.6,231.00620000000004,,247.7623140507926,242.123490709812,242.406683361295,238.24913534542588,69.81435776370859,9.46706937729195,5.428734530595969,4.03833484669598,0,11.755428571428572,0.5,0.05,1605336.5,1602270.8,0.9403779207661447,0.9421771900230598,75.19067668336301,88.29643488281594,10.229999999999961,0.9399999999999977,2.4600000000000364,,0,6.363448960395847,8.692365835222988,12.696069538926677,,0,,,-3.360116873630381,2.7812305779987723,11.650280602557084,279.7613,6.795902764193426,279.7613,0,25,20,20,252.24565,249.20565,250.72565,232.55065000000002,264.6,,,,,,267.50333333333333,272.8666666666667,281.1333333333333,286.49666666666667,259.2366666666667,253.87333333333333,245.60666666666668,0,0,0,0,0,0,0,0,0,0,0,0,0,0,0,0,0,0,0,0,0,0,,,,,,,,,,,,,,,,,,USD,1.0,stock,25.0
2026-04-23,256.495,257.495,246.27,250.37,1697259,242.30550000000002,231.1828,,248.01066509357426,242.44688323099584,242.5643727996852,238.3697409638794,61.93241313660162,8.441516745201142,6.031290973517004,2.4102257716841375,0,12.21614285714286,0.5,0.05,1620099.4,1611705.7,1.0476264604505132,1.0530824579202023,47.92589823409454,71.12058350775948,6.125,1.0,4.099999999999994,,0,0.942339300405697,3.221032871350394,7.663537963813563,,0,,,-5.377928949357525,-1.595723774712099,5.972233979514097,279.7613,0.9513038100742839,279.7613,0,25,20,20,252.24565,249.20565,250.72565,232.55065000000002,250.37,,,,,,251.37833333333333,256.4866666666667,262.60333333333335,267.71166666666664,245.26166666666666,240.15333333333334,234.03666666666666,0,0,0,0,0,0,0,0,0,0,0,0,0,0,0,0,0,0,0,0,0,0,,,,,,,,,,,,,,,,,,USD,1.0,stock,25.0
2026-04-24,248.5,253.43,247.39,251.44,876104,243.2355,231.53959999999998,,248.33726841799574,242.79955447683915,242.74012779375084,238.49979329259702,60.93963664778278,7.627177597606334,6.350468298334871,1.276709299271463,0,12.236142857142863,0.5,0.05,1569162.3,1596015.45,0.5583259297014719,0.5489320294487124,49.82167313651528,57.64608268465761,2.9399999999999977,1.990000000000009,1.1100000000000136,,0,1.2339848798935147,3.2630050906776944,7.914572064906149,,0,,,0.4273674961057683,-5.416792055371644,7.988318158392027,279.7613,1.2494023155565215,279.7613,0,25,20,20,261.56315,249.20565,255.3844,232.55065000000002,251.44,,,,,,250.75333333333333,254.11666666666667,256.79333333333335,260.1566666666667,248.07666666666665,244.7133333333333,242.03666666666663,0,0,0,0,0,0,0,0,0,0,0,0,0,0,0,0,0,0,0,0,0,0,,,,,,,,,,,,,,,,,,USD,1.0,stock,25.0
2026-04-27,247.84,252.54,244.86,245.22,1195848,244.206,231.89919999999998,,248.04038571151995,242.89447390911997,242.7892341740726,238.5666610210289,60.07124975929134,6.406060856925478,6.361586810052993,0.04447404687248557,0,12.314721428571431,0.5,0.05,1478558.0,1597557.1,0.8087934325200634,0.7485478922787798,37.2333562899659,44.99364255352524,2.6200000000000045,4.699999999999989,0.3599999999999852,,0,-1.1501450581192183,0.4135062392953307,5.432183345567254,,0,,,-2.4737511931275824,-10.254721124286348,8.595722067224653,279.7613,-1.1370671366396594,279.7613,0,25,20,20,262.31065,249.20565,255.75815,232.55065000000002,245.22,,,,,,247.54,250.21999999999997,255.21999999999997,257.9,242.54,239.86,234.86,0,0,0,0,0,0,0,0,0,0,0,0,0,0,0,0,0,0,0,0,0,0,,,,,,,,,,,,,,,,,,USD,1.0,stock,25.0
2026-04-28,244.7,247.195,238.0,242.17,1698891,244.98900000000003,232.48919999999998,,247.48130135804183,242.86606316758585,242.77697211121966,238.60251514022266,52.793977308874986,5.133037075971174,6.115876863236629,-0.9828397872654548,0,11.154371428571432,0.5,0.05,1437277.9,1604054.0,1.1820198445965113,1.0591233212846949,31.691055817325765,39.58202841460231,2.530000000000001,2.4950000000000045,4.1699999999999875,,0,-2.193211941215611,-1.164058306148592,3.9975224016187,,0,,,-1.243781094527363,-11.55222790357926,6.913602048474687,279.7613,-2.1461424878955837,279.7613,0,25,20,20,258.88065,249.20565,254.04315,232.55065000000002,242.17,,,,,,242.455,246.91000000000003,251.65,256.105,237.71500000000003,233.26000000000002,228.52000000000004,0,0,0,0,0,0,0,0,0,0,0,0,0,0,0,0,0,0,0,0,0,0,,,,,,,,,,,,,,,,,,USD,1.0,stock,25.0
2026-04-29,234.395,252.02,233.5,250.57,2029560,245.973,233.49219999999997,,247.77546313346642,243.16817833748445,242.9312894951559,238.72159459156376,60.570417403976265,4.747243092876261,5.842150109164555,-1.0949070162882943,0,11.672228571428574,0.5,0.05,1497571.6,1608578.05,1.355234033551384,1.2617106145393442,46.955096463285436,38.626502856859034,16.174999999999983,1.450000000000017,0.8950000000000102,,0,1.1152719266207354,1.8346170730733846,6.815580476513559,,0,,,3.4686377338233543,-5.302343159486023,8.523539347741348,279.7613,1.1278505269217376,279.7613,0,25,20,20,256.63065,249.20565,252.91815,232.55065000000002,250.57,,,,,,245.36333333333332,257.22666666666663,263.8833333333333,275.74666666666667,238.70666666666662,226.8433333333333,220.1866666666666,0,0,0,0,0,0,0,0,0,0,0,0,0,0,0,0,0,0,0,0,0,0,,,,,,,,,,,,,,,,,,USD,1.0,stock,25.0
2026-04-30,251.11,254.72,247.675,248.37,1229855,247.00799999999998,234.3838,,247.8320856921839,243.37217134385762,243.0389867328756,238.81759862547855,60.55150884495317,4.2153846378261335,5.516797014896872,-1.3014123770707382,0,11.549728571428574,0.5,0.05,1514114.2,1588912.55,0.8122603962105368,0.7740230889358889,42.95737153220078,40.534507937604,2.740000000000009,3.609999999999985,0.6949999999999932,,0,0.21657781045057578,0.548375407657939,5.6311953939686745,,0,,,-0.877998164185656,-0.7988177497303961,9.092106996969296,279.7613,0.21704788801406588,279.7613,0,25,20,20,256.63065,249.20565,252.91815,232.55065000000002,248.37,,,,,,250.255,252.83499999999998,257.29999999999995,259.88,245.79,243.21,238.745,0,0,0,0,0,0,0,0,0,0,0,0,0,0,0,0,0,0,0,0,0,0,,,,,,,,,,,,,,,,,,USD,1.0,stock,25.0
2026-05-01,250.52,252.89,247.07,251.84,711553,248.33499999999998,235.4254,,248.21379181673782,243.7042430558632,243.2132642233137,238.9471747585584,56.649514008004566,4.027456963495382,5.218929004616574,-1.1914720411211919,1,10.8483,0.5,0.05,1397021.1,1542342.85,0.5093359005100209,0.46134554324286586,39.64436797063637,43.185611988707535,1.3199999999999932,1.049999999999983,3.450000000000017,,0,1.439885714446545,1.3917566709021694,6.517868487928846,,0,,,1.397109151668885,0.15908367801464873,11.77984909010208,279.7613,1.4609213117132085,279.7613,0,25,20,20,256.63065,249.20565,252.91815,232.55065000000002,251.84,,,,,,250.6,254.13,256.41999999999996,259.95,248.31,244.78,242.49,0,0,0,0,0,0,0,0,0,0,0,0,0,0,0,0,0,0,0,0,0,0,,,,,,,,,,,,,,,,,,USD,1.0,stock,25.0
2026-05-04,252.3,255.11,246.39,246.5,986468,249.208,236.28580000000002,,248.05057354847708,243.81388058308426,243.27834810007977,239.022327248523,48.774132417387186,3.4083403301764577,4.856811269728551,-1.4484709395520934,0,10.620371428571431,0.5,0.05,1347045.9,1522442.8,0.7323195148732498,0.6479507801541049,28.101242291072666,36.90099393130327,5.800000000000011,2.8100000000000023,0.11000000000001364,,0,-0.6290359223030731,-1.0985801217038533,4.14369168356997,,0,,,-2.12039390088945,0.5219802626213133,7.623122598672727,279.7613,-0.6251037948815883,279.7613,0,25,20,20,254.635,249.20565,251.920325,232.55065000000002,246.5,,,,,,249.33333333333334,252.2766666666667,258.0533333333334,260.9966666666667,243.55666666666667,240.61333333333332,234.83666666666664,0,0,0,0,0,0,0,0,0,0,0,0,0,0,0,0,0,0,0,0,0,0,,,,,,,,,,,,,,,,,,USD,1.0,stock,25.0
2026-05-05,248.21,251.35,244.75,248.65,1029250,250.42549999999997,237.48860000000002,,248.10766178195547,244.0035323249241,243.38471744463263,239.11812498734366,44.34435722558231,3.055945927089823,4.496638201200806,-1.440692274110983,1,10.311085714285715,0.5,0.05,1296441.1,1474921.45,0.7939041735100807,0.6978337727748146,32.748755439211614,33.49812190030688,0.4399999999999977,2.6999999999999886,3.460000000000008,,0,0.21811309794672606,-0.7140559018700846,4.488799517393922,,0,,,0.8722109533468636,2.6758062518065895,10.855996433348182,279.7613,0.2185898710863503,279.7613,0,25,20,20,245.4975,249.20565,247.351575,232.55065000000002,248.65,,,,,,248.25,251.75,254.85,258.35,245.15,241.65,238.55,0,0,0,0,0,0,0,0,0,0,0,0,0,0,0,0,0,0,0,0,0,0,,,,,,,,,,,,,,,,,,USD,1.0,stock,25.0
2026-05-06,257.35,257.35,243.61,246.66,1796806,250.91349999999997,238.4594,,247.96978923129305,244.10770752786823,243.4495745249369,239.19316851980793,44.9341504759421,2.5862814126818705,4.11456684349702,-1.5282854308151492,0,10.674657142857145,0.5,0.05,1325159.4,1465247.95,1.3559168806409252,1.2262811901562463,28.447103734655087,29.765700488313126,10.690000000000026,0.0,3.049999999999983,,0,-0.5310099859292357,-1.7244384983377825,3.3246574231736026,,0,,,-0.8003217373818705,-1.5604421918026912,4.119881806669468,279.7613,-0.5282051637634578,279.7613,0,25,20,20,245.425,249.20565,247.315325,232.55065000000002,246.66,,,,,,249.20666666666668,254.80333333333334,262.9466666666667,268.54333333333335,241.06333333333333,235.46666666666667,227.32333333333332,0,0,0,0,0,0,0,0,0,0,0,0,0,0,0,0,0,0,0,0,0,0,,,,,,,,,,,,,,,,,,USD,1.0,stock,25.0
2026-05-07,247.22,255.05,244.04,252.79,3292395,252.03999999999996,239.4404,,248.42885692355085,244.4481895855989,243.63453344523518,239.3284603753322,40.86262428231342,2.6778401958359552,3.8272215139648074,-1.1493813181288521,1,10.373942857142863,0.5,0.05,1484673.0,1552386.2,2.2175893277509595,2.12086077549517,41.69792029190703,34.297926488591244,5.569999999999993,2.2600000000000193,3.180000000000007,,0,1.7252039544480156,0.29668895130346473,5.280905099094102,,0,,,2.485202302764944,1.7796030116358663,9.784591331538262,279.7613,1.7554897327371255,279.7613,0,25,20,20,245.425,249.20565,247.315325,234.80065000000002,252.79,,,,,,250.62666666666667,257.21333333333337,261.63666666666666,268.22333333333336,246.20333333333332,239.61666666666665,235.1933333333333,0,0,0,0,0,0,0,0,0,0,0,0,0,0,0,0,0,0,0,0,0,0,,,,,,,,,,,,,,,,,,USD,1.0,stock,25.0
2026-05-08,232.51,238.32,226.7,229.98,4189786,252.13449999999997,239.6814,,246.67182293083172,243.88080960184993,243.36414664433943,239.23544086911002,25.08638562543193,0.8994564482121064,3.241668500814267,-2.342212052602161,0,11.504378571428575,0.5,0.05,1816041.2,1692601.75,2.307098539394371,2.4753525157350214,6.181529664746247,25.442184563769455,2.530000000000001,5.810000000000002,3.280000000000001,,0,-7.2579454434436625,-9.633228976432727,-4.218366814505612,,0,,,-9.02329997230903,-8.680114358322754,0.8286202814678401,279.7613,-6.766813790285331,279.7613,0,25,20,20,242.025,249.20565,245.61532499999998,238.79315,229.98,,,,,,231.66666666666666,236.63333333333333,243.28666666666666,248.25333333333333,225.01333333333332,220.04666666666665,213.39333333333332,0,0,0,0,0,0,0,0,0,0,0,0,0,0,0,0,0,0,0,0,0,0,,,,,,,,,,,,,,,,,,USD,1.0,stock,27.0
2026-05-11,224.93,230.83,219.44,221.46,2937646,251.19699999999997,239.79679999999996,,244.27069693741916,243.00156216648327,242.9304011662337,239.05857081071093,22.388689596961385,-1.18377248737022,2.35658030317737,-3.54035279054759,0,11.70071428571429,0.5,0.05,1990221.0,1734389.5,1.4760400980594617,1.6937637133988646,3.586011006568455,17.155153654407243,3.469999999999999,5.900000000000006,2.0200000000000102,,0,-10.300143112715231,-13.427707035130481,-8.279960263704485,,0,,,-3.704669971301844,-10.15821501014198,-7.805670038716128,279.7613,-9.338286263318407,279.7613,0,25,20,20,238.395,249.60065,243.997825,241.47065,221.46,,,,,,223.91,228.38,235.3,239.77,216.98999999999998,212.51999999999998,205.59999999999997,0,0,0,0,0,0,0,0,0,0,0,0,0,0,0,0,0,0,0,0,0,0,,,,,,,,,,,,,,,,,,USD,1.0,stock,28.5
2026-05-12,222.59,224.725,220.12,221.48,1864649,249.84249999999997,239.9616,,242.10015437195068,242.1575793364251,242.50564074710036,238.88365965836556,24.81308411214951,-2.800846183483202,1.3250950058452557,-4.125941189328458,0,11.056071428571432,0.5,0.05,2006796.8,1722037.35,0.9291668194806768,1.0828156543759053,5.360662199448146,5.042734290254283,1.1100000000000136,2.134999999999991,1.3599999999999852,,0,-9.31016541988021,-12.805896694961163,-8.344590933718628,,0,,,0.009030976248514122,-10.927005831490055,-10.898338496198257,279.7613,-8.517200009823583,279.7613,0,25,20,20,238.395,249.60065,243.997825,241.47065,221.48,,,,,,222.10833333333335,224.0966666666667,226.71333333333334,228.70166666666668,219.4916666666667,217.50333333333336,214.8866666666667,0,0,0,0,0,0,0,0,0,0,0,0,0,0,0,0,0,0,0,0,0,0,,,,,,,,,,,,,,,,,,USD,1.0,stock,27.0
2026-05-13,219.28,221.26,214.51,217.55,1974117,247.848,240.00979999999998,,239.7620444317649,241.19257622519274,242.0114696431974,238.6713844378843,28.207171314741032,-4.349370062962265,0.19020199208375144,-4.539572055046016,0,10.24464285714286,0.5,0.05,2001252.5,1749412.05,0.9864407414856446,1.128445982751748,7.096171802054197,5.347615002690266,1.7299999999999898,1.9799999999999898,3.0400000000000205,,0,-10.210087075047067,-13.926913353252127,-10.323971500804399,,0,,,-1.7744265847931984,-11.801670315413926,-15.494872591671838,279.7613,-9.264203800233416,279.7613,0,25,20,20,235.93,247.13565,241.532825,241.47065,217.55,,,,,,217.7733333333333,221.03666666666663,224.5233333333333,227.78666666666663,214.28666666666663,211.0233333333333,207.53666666666663,0,0,0,0,0,0,0,0,0,0,0,0,0,0,0,0,0,0,0,0,0,0,,,,,,,,,,,,,,,,,,USD,1.0,stock,28.5
2026-05-14,216.89,220.93,214.345,217.17,1318846,245.98499999999999,239.9186,,237.61042115254918,240.2505144124401,241.51955935323306,238.45744031412426,27.033909663583955,-5.543348942178454,-0.9565081947686898,-4.586840747409765,0,10.283571428571431,0.5,0.05,2010151.6,1762132.9,0.6560928041447222,0.7484373057219464,6.569003604232036,6.341945868578127,0.28000000000000114,3.7600000000000193,2.5449999999999875,,0,-9.412175324653125,-13.268407238568864,-10.475019569922187,,0,,,-0.17467248908298316,-14.090747260572023,-14.644499469402206,279.7613,-8.602493549483741,279.7613,0,25,20,20,235.84750000000003,247.05315000000002,241.45032500000002,242.60315,217.17,,,,,,217.48166666666665,220.6183333333333,224.06666666666666,227.20333333333332,214.0333333333333,210.89666666666665,207.4483333333333,0,0,0,0,0,0,0,0,0,0,0,0,0,0,0,0,0,0,0,0,0,0,,,,,,,,,,,,,,,,,,USD,1.0,stock,27.0
2026-05-15,216.5,221.16,215.07,217.73,1379817,243.5795,239.24239999999998,,235.71704770944925,239.36735698450127,241.04847897000073,238.25119712691904,30.065264684554023,-6.370958047636407,-2.0393981653422335,-4.331559882294173,1,10.170000000000003,0.5,0.05,2076978.0,1736999.55,0.664338765263763,0.7943680814425081,7.871177770026716,7.178784392104316,1.2299999999999898,3.430000000000007,1.4300000000000068,,0,-8.261171041863435,-11.872272998668079,-9.880310476277952,,0,,,0.25786250402910493,-5.326550134794328,-18.097351790550707,279.7613,-7.630779311142801,279.7613,0,25,20,20,235.84750000000003,247.05315000000002,241.45032500000002,247.05315000000002,217.73,,,,,,217.98666666666668,220.90333333333336,224.07666666666668,226.99333333333337,214.81333333333336,211.89666666666668,208.72333333333336,0,0,0,0,0,0,0,0,0,0,0,0,0,0,0,0,0,0,0,0,0,0,,,,,,,,,,,,,,,,,,USD,1.0,stock,25.0
2026-05-18,215.54,221.315,213.52,214.99,1592203,240.667,238.5498,,233.74304316569217,238.41138220079534,240.53246948544626,238.01974242913874,30.201048951048946,-7.165341728007917,-3.06458687787537,-4.100754850132547,1,10.070000000000004,0.5,0.05,2137551.5,1742298.7,0.7448723457657044,0.9138519129928755,3.3538672142368204,5.931349529498523,0.549999999999983,5.775000000000006,1.4699999999999989,,0,-8.722751367827415,-11.943346202148932,-10.95855621191683,,0,,,-1.2584393514903702,-2.921520816400247,-21.318255013907184,279.7613,-8.022931040732107,279.7613,0,25,20,20,235.435,246.64065,241.037825,246.64065,214.99,,,,,,216.60833333333335,219.6966666666667,224.40333333333334,227.49166666666667,211.9016666666667,208.81333333333336,204.1066666666667,0,0,0,0,0,0,0,0,0,0,0,0,0,0,0,0,0,0,0,0,0,0,,,,,,,,,,,,,,,,,,USD,1.0,stock,25.0
2026-05-19,216.49,223.7799,213.35,215.0,1838227,237.727,238.01899999999998,,231.95799143562627,237.49328878115634,240.02687603028892,237.79069026566472,20.481327800829845,-7.705268067580903,-3.992723115816477,-3.712544951764426,1,9.492135714285718,0.5,0.05,2218449.2,1757445.15,0.8286090120972794,1.0459655028209558,3.7500000000000107,4.9916816614211825,1.490000000000009,7.289899999999989,1.6500000000000057,,0,-7.887437877035473,-10.570697674418607,-10.706511627906966,,0,,,0.004651379133902012,-2.925772078742994,-21.475529583637698,275.77,-7.3108028443730095,275.77,0,25,20,20,234.2,246.55565,240.377825,246.55565,215.0,,,,,,217.37663333333333,221.40326666666667,227.80653333333333,231.83316666666667,210.97336666666666,206.94673333333333,200.54346666666666,0,0,0,0,0,0,0,0,0,0,0,0,0,0,0,0,0,0,0,0,0,0,,,,,,,,,,,,,,,,,,USD,1.0,stock,27.0
2026-05-20,214.85,218.095,206.35,217.59,1706737,235.37650000000002,237.7376,,230.58961129889997,236.71276765248354,239.5825814554317,237.58968837247403,24.6207124010554,-7.83386827017992,-4.760952146689165,-3.0729161234907547,1,9.827850000000003,0.5,0.05,2209442.3,1767300.85,0.7724741216369398,0.9657308771169323,22.039215686274517,9.714360966837116,2.740000000000009,0.5049999999999955,8.5,,0,-5.974360631876449,-8.174318672733131,-9.25943287834918,,0,,,1.204651162790693,0.018386577798201742,-17.76643990929706,257.495,-5.6375528913353,257.495,0,25,20,20,222.33499999999998,243.05565,232.695325,243.05565,217.59,,,,,,214.01166666666666,221.67333333333332,225.75666666666666,233.41833333333332,209.9283333333333,202.26666666666665,198.1833333333333,0,0,0,0,0,0,0,0,0,0,0,0,0,0,0,0,0,0,0,0,0,0,,,,,,,,,,,,,,,,,,USD,1.0,stock,27.0
2026-05-21,214.0,219.24,210.01,218.12,1282853,233.76399999999998,237.493,,229.4020292704333,235.9836395092489,239.15757984245283,237.39596012996185,20.7798960138648,-7.803069360305301,-5.3693755894123925,-2.4336937708929085,1,10.071421428571435,0.5,0.05,2008488.1,1746580.55,0.6387157583856234,0.7344940375066011,23.078431372549023,16.289215686274517,4.1200000000000045,1.1200000000000045,3.990000000000009,,0,-5.172395594366999,-7.172198789657058,-8.881808178984041,,0,,,0.2435773702835542,0.4374453193350947,-12.880936214402682,257.35,-4.918016334168232,257.35,0,25,20,20,218.59,243.05565,230.82282500000002,243.05565,218.12,,,,,,215.79,221.57,225.02,230.8,212.33999999999997,206.55999999999997,203.10999999999996,0,0,0,0,0,0,0,0,0,0,0,0,0,0,0,0,0,0,0,0,0,0,,,,,,,,,,,,,,,,,,USD,1.0,stock,27.0
2026-05-22,218.18,221.31,210.85,214.65,1550011,231.9245,237.233,,227.99707410182063,235.1470261951607,238.6722812317112,237.1696321684697,21.475909009493094,-7.96682440971631,-5.888865353473176,-2.0779590562431336,1,10.195707142857147,0.5,0.05,1744510.6,1780275.9,0.8885076422006263,0.8706577446787883,16.274509803921582,20.46405228758171,3.530000000000001,3.1299999999999955,3.8000000000000114,,0,-6.218063872266771,-8.04775215467039,-10.520847891917073,,0,,,-1.5908674124335276,-1.4145960593395457,-14.631721285396114,257.35,-5.854054993644343,257.35,0,25,20,20,215.5375,243.05565,229.29657500000002,243.05565,214.65,,,,,,215.60333333333332,220.35666666666665,226.06333333333333,230.81666666666666,209.89666666666665,205.14333333333332,199.43666666666664,0,0,0,0,0,0,0,0,0,0,0,0,0,0,0,0,0,0,0,0,0,0,,,,,,,,,,,,,,,,,,USD,1.0,stock,27.0
2026-05-26,213.95,223.59,213.69,222.97,1611318,230.81199999999998,237.125,,227.51830513974247,234.6694957561348,238.36134496969711,237.02834229614663,29.29032258064514,-7.340628799884854,-6.179218042755512,-1.1614107571293424,1,10.431421428571435,0.5,0.05,1611877.8,1801049.4,0.9996527032011979,0.8946550827534214,32.58823529411764,23.98039215686275,9.02000000000001,0.6200000000000045,0.2599999999999909,,0,-2.039873139768788,-3.517065076019189,-6.348387675472038,,0,,,3.876077335196837,3.7118005488627315,-9.073485033847161,257.35,-1.999094155061011,257.35,0,25,20,20,215.06495,243.05565,229.0603,243.05565,222.97,,,,,,220.08333333333334,226.4766666666667,229.98333333333335,236.3766666666667,216.57666666666668,210.18333333333334,206.67666666666668,0,0,0,0,0,0,0,0,0,0,0,0,0,0,0,0,0,0,0,0,0,0,,,,,,,,,,,,,,,,,,USD,1.0,stock,27.0
2026-05-27,224.98,232.08,224.19,226.56,1394237,230.03149999999997,237.02700000000002,,227.42703798357653,234.35147631471776,238.12765497029716,236.92417968623474,34.19811320754715,-6.479984048023908,-6.239371243809192,-0.24061280421471665,1,10.100707142857148,0.5,0.05,1564836.6,1785816.7,0.8909792881889393,0.7807279436909734,41.49897330595483,30.12057280133135,1.5800000000000125,5.52000000000001,0.789999999999992,,0,-0.38269685009556986,-1.532265183615803,-4.619968220338989,,0,,,1.6100820738215837,5.376744186046523,-6.445885122021711,257.35,-0.38123786479562544,257.35,0,25,20,20,219.215,243.05565,231.13532500000002,243.05565,226.56,,,,,,227.60999999999999,231.02999999999997,235.5,238.92,223.13999999999996,219.71999999999997,215.24999999999994,0,0,0,0,0,0,0,0,0,0,0,0,0,0,0,0,0,0,0,0,0,0,,,,,,,,,,,,,,,,,,USD,1.0,stock,25.0
2026-05-28,226.39,229.17,223.2301,227.55,975405,228.88049999999998,236.753,,227.43874865180734,234.0847517533563,237.91819645603385,236.83090426647124,28.412589804994866,-5.652869395733717,-6.1220708741940975,0.4692014784603806,1,9.738557142857147,0.5,0.05,1464965.4,1733108.95,0.6658211859474634,0.5628065102312235,66.31216765717866,46.799792085750376,1.160000000000025,1.6199999999999761,3.1598999999999933,,0,0.04889094625034801,-0.5847066578773773,-4.044385849263887,,0,,,0.4369703389830448,4.577416241555232,-9.187053517979004,257.35,0.04891486118884028,257.35,0,25,20,20,219.215,241.06,230.1375,243.05565,227.55,,,,,,226.65003333333334,230.0699666666667,232.58993333333333,236.00986666666668,224.1300666666667,220.71013333333335,218.1901666666667,0,0,0,0,0,0,0,0,0,0,0,0,0,0,0,0,0,0,0,0,0,0,,,,,,,,,,,,,,,,,,USD,1.0,stock,27.0
2026-05-29,229.21,229.905,224.34,225.79,2209458,227.7515,236.46800000000002,,227.28172497068283,233.75946737087173,237.67803414997377,236.72104452252626,44.399893076717454,-5.080823791851259,-5.91382145772553,0.832997665874271,1,8.272485714285718,0.5,0.05,1554026.6,1782089.1,1.4217633082985837,1.2398134302039105,75.55382821609011,61.121656393074524,3.420000000000016,0.6949999999999932,1.4499999999999886,,0,-0.6606691929150267,-0.8687275787235932,-4.729173125470582,,0,,,-0.7734563832124897,3.5164129836787072,-9.091275113741604,257.35,-0.6563330029615257,257.35,0,25,20,20,219.215,231.9225,225.56875000000002,243.05565,225.79,,,,,,226.6783333333333,229.01666666666662,232.2433333333333,234.58166666666662,223.45166666666663,221.11333333333332,217.88666666666663,0,0,0,0,0,0,0,0,0,0,0,0,0,0,0,0,0,0,0,0,0,0,,,,,,,,,,,,,,,,,,USD,1.0,stock,25.0
2026-06-01,228.48,230.31,221.54,228.37,1483442,226.57799999999997,236.24719999999996,,227.3853702115702,233.54811570926893,237.4937166420535,236.63794955215286,60.9787098824277,-4.368926822520592,-5.604842530684542,1.23591570816395,1,8.08534285714286,0.5,0.05,1564389.1,1820683.55,0.9482564152358258,0.8147720124125909,85.58103381267001,75.8156765619796,0.10999999999998522,1.8300000000000125,6.8300000000000125,,0,0.4311554882120242,0.7846915093926654,-3.4493147085869245,,0,,,1.14265467912662,6.391800605637088,-9.319409148665814,257.35,0.43302248843610874,257.35,0,25,20,20,219.215,231.85000000000002,225.53250000000003,243.05565,228.37,,,,,,226.74,231.94000000000003,235.51000000000002,240.71000000000004,223.17000000000002,217.97,214.4,0,0,0,0,0,0,0,0,0,0,0,0,0,0,0,0,0,0,0,0,0,0,,,,,,,,,,,,,,,,,,USD,1.0,stock,25.0
2026-06-02,226.52,227.49,219.53,226.37,1303449,225.57150000000001,236.07100000000003,,227.28866828665875,233.26662097557212,237.27344502537917,236.53578089989264,57.30941704035876,-3.9209286064065623,-5.268059745828947,1.3471311394223848,1,8.38784285714286,0.5,0.05,1535513.7,1836532.6,0.8488683624249006,0.7097336578724494,77.80800621842205,79.64762274906072,0.15000000000000568,0.9699999999999989,6.840000000000003,,0,-0.40582598695001243,0.35274108759994255,-4.285461854486028,,0,,,-0.8757717738757331,1.5248688164327007,-8.16632860040568,257.35,-0.4041856963586542,257.35,0,25,20,20,219.215,231.85000000000002,225.53250000000003,243.05565,226.37,,,,,,224.46333333333334,229.39666666666668,232.42333333333335,237.35666666666668,221.43666666666667,216.50333333333333,213.47666666666666,0,0,0,0,0,0,0,0,0,0,0,0,0,0,0,0,0,0,0,0,0,0,,,,,,,,,,,,,,,,,,USD,1.0,stock,25.0
2026-06-03,225.25,228.38,223.36,225.41,1602725,224.40950000000004,235.84619999999998,,227.10974749745316,232.95851819221636,237.03852532190632,236.42507661233154,62.89370078740153,-3.601831102540501,-4.934814017171258,1.3329829146307564,0,8.248557142857146,0.5,0.05,1511963.5,1865206.35,1.0600288962002058,0.8592749000666869,74.07695297318301,79.15533100142504,0.1599999999999966,2.969999999999999,1.8899999999999864,,0,-0.7540692504561287,0.44385785901244834,-4.6298744510003935,,0,,,-0.4240844634889829,-0.507591807909602,-9.346470943092699,257.35,-0.7484256031204566,257.35,0,25,20,20,221.04500000000002,231.85000000000002,226.44750000000002,243.05565,225.41,,,,,,225.71666666666667,228.07333333333332,230.73666666666665,233.0933333333333,223.05333333333334,220.6966666666667,218.03333333333336,0,0,0,0,0,0,0,0,0,0,0,0,0,0,0,0,0,0,0,0,0,0,,,,,,,,,,,,,,,,,,USD,1.0,stock,25.0
2026-06-04,227.25,234.45,225.6,227.18,1479623,223.4355,235.65,,227.11643821198143,232.73190963565887,236.84330699870026,236.33308580026855,65.70442422340761,-3.1695828462062536,-4.5817677829782575,1.4121849367720039,1,8.423914285714288,0.5,0.05,1489252.1,1849347.2,0.9935342713298843,0.8000785358206398,74.12811387900362,75.33769102353624,0.06999999999999318,7.199999999999989,1.5800000000000125,,0,0.027978601997788014,1.6482524870147093,-3.728321155031252,,0,,,0.7852357925557829,-0.1626016260162566,-7.8975107435336085,255.05,0.02798643221026951,255.05,0,25,20,20,222.64999999999998,231.85000000000002,227.25,243.05565,227.18,,,,,,229.07666666666668,232.55333333333337,237.92666666666668,241.40333333333336,223.70333333333338,220.2266666666667,214.85333333333338,0,0,0,0,0,0,0,0,0,0,0,0,0,0,0,0,0,0,0,0,0,0,,,,,,,,,,,,,,,,,,USD,1.0,stock,25.0
2026-06-05,228.0,234.45,227.18,228.88,1838415,222.24,235.50239999999997,,227.28439647750702,232.5808543558291,236.68561775120125,236.25892574255445,66.88882156922145,-2.6591936670702125,-4.197252959796649,1.5380592927264365,1,8.5082,0.5,0.05,1544808.3,1776648.2,1.1900602812659669,1.0347659148277075,80.17793594306052,76.12766759841571,0.8799999999999955,5.569999999999993,0.8199999999999932,,0,0.6971354082894876,2.9010835372247405,-2.8933939182104034,,0,,,0.7483053085658886,1.3685282784888564,-9.458443767554092,238.32,0.7020295045422912,238.32,0,25,20,20,224.07,231.85000000000002,227.96,243.05565,228.88,,,,,,230.17,233.15999999999997,237.43999999999997,240.42999999999995,225.89,222.9,218.62,0,0,0,0,0,0,0,0,0,0,0,0,0,0,0,0,0,0,0,0,0,0,,,,,,,,,,,,,,,,,,USD,1.0,stock,25.0
2026-06-08,227.875,229.66,223.89,225.9,1275752,222.036,235.36359999999996,,227.1525491939349,232.31886006736522,236.47204116206854,236.15585185456885,66.40601503759396,-2.4667327014556975,-3.851148908128459,1.3844162066727614,0,8.363557142857145,0.5,0.05,1517382.4,1630946.5,0.8407584007828218,0.7822157256537845,69.57295373665485,74.626334519573,1.9749999999999943,1.7849999999999966,2.0100000000000193,,0,-0.5544706480455497,1.7104913678618876,-4.189287295263372,,0,,,-1.3019923103809838,-1.0815781407365277,-1.7740673102008775,234.45,-0.5514132235714044,234.45,0,25,20,20,226.99,231.85000000000002,229.42000000000002,243.05565,225.9,,,,,,226.48333333333332,229.07666666666665,232.25333333333333,234.84666666666666,223.30666666666664,220.7133333333333,217.53666666666663,0,0,0,0,0,0,0,0,0,0,0,0,0,0,0,0,0,0,0,0,0,0,,,,,,,,,,,,,,,,,,USD,1.0,stock,25.0
2026-06-09,225.9,234.84,225.9,231.06,1481116,222.516,235.4686,240.01947499999997,227.5246873659411,232.26949300589993,236.3648720301464,236.10514686099106,70.91145833333331,-1.8762093500317292,-3.456160996509113,1.579951646477384,1,8.257135714285715,0.5,0.05,1504362.2,1558120.0,0.9845474713469935,0.9505789027802737,86.73218673218673,78.8276921373007,5.159999999999997,3.780000000000001,0.0,,0,1.5300409564870152,3.6977408465333728,-1.9079892668570964,-3.8775534493205095,0,,,2.2841965471447567,2.0718293060034476,4.334868599295572,234.84,1.5538149617904318,234.84,0,25,20,20,227.185,231.85000000000002,229.5175,243.05565,231.06,,,,,,230.6,235.29999999999998,239.54,244.23999999999998,226.35999999999999,221.66,217.42,0,0,0,0,0,0,0,0,0,0,0,0,0,0,0,0,0,0,0,0,0,0,,,,,,,,,,,,,,,,,,USD,1.0,stock,27.0
2026-06-10,231.3,231.3,218.5,218.94,1798913,222.38900000000004,235.31719999999999,240.04012500000002,226.70709809299433,231.7467677899823,236.0198250592524,235.93434937978716,51.408303776340496,-2.3590049083174165,-3.236729778870774,0.8777248705533576,0,8.332492857142858,0.5,0.05,1544829.8,1554833.2,1.1644732643039382,1.156981340506493,35.96455900120822,64.08989982334994,12.360000000000014,0.0,0.4399999999999977,,0,-3.547592076822112,-1.5753174385676627,-7.480222892116556,-9.637400657714451,1,,,-5.245390807582451,-2.870325185218048,-1.1468304135813567,234.84,-3.426049805378524,234.84,0,25,20,20,226.67000000000002,231.85000000000002,229.26000000000002,243.05565,218.94,,,,,,222.91333333333333,227.32666666666665,235.71333333333334,240.12666666666667,214.52666666666664,210.11333333333332,201.72666666666663,0,0,0,0,0,0,0,0,0,0,0,0,0,0,0,0,0,0,0,0,0,0,,,,,,,,,,,,,,,,,,USD,1.0,stock,25.0
2026-06-11,218.7,224.965,216.175,224.66,1158604,222.74450000000002,235.19259999999997,240.096675,226.51213636985202,231.46885532763005,235.79487802837613,235.8221667988938,56.155873493975896,-2.254083993489246,-3.040200621794469,0.7861166283052228,0,8.301064285714286,0.5,0.05,1563149.7,1514057.55,0.7411983637907489,0.7652311498991567,57.56565235514797,60.0874660295143,5.960000000000008,0.3050000000000068,2.5249999999999773,,0,-0.8244175063883286,0.8526217395174843,-4.688240007121861,-6.871127481527646,1,,,2.612587923632037,-1.1092525750506232,3.2682142036313477,234.84,-0.8176764386822197,234.84,0,25,20,20,225.5075,231.85000000000002,228.67875,243.05565,224.66,,,,,,221.9333333333333,227.6916666666666,230.7233333333333,236.4816666666666,218.9016666666666,213.14333333333332,210.11166666666662,0,0,0,0,0,0,0,0,0,0,0,0,0,0,0,0,0,0,0,0,0,0,,,,,,,,,,,,,,,,,,USD,1.0,stock,25.0
2026-06-12,226.35,229.74,220.49,224.89,1257940,223.13050000000004,235.137,240.152975,226.3576471917709,231.21086100105632,235.57893984959642,235.71338901980033,60.26463512429829,-2.127845852316284,-2.8577296678988318,0.7298838155825478,0,8.214635714285714,0.5,0.05,1467997.9,1511012.25,0.8569085827711335,0.8325147595593616,52.95508274231672,48.8284313662243,1.460000000000008,3.390000000000015,4.399999999999977,,0,-0.6526066929480671,0.7823824981101632,-4.556449819911963,-6.786862466094541,1,,,0.10237692513130892,-1.7432715833624601,3.5548188055440466,234.84,-0.6483753520054538,234.84,0,25,20,20,225.5075,230.7,228.10375,243.05565,224.89,,,,,,225.04,229.58999999999997,234.29,238.83999999999997,220.33999999999997,215.79,211.08999999999997,0,0,0,0,0,0,0,0,0,0,0,0,0,0,0,0,0,0,0,0,0,0,,,,,,,,,,,,,,,,,,USD,1.0,stock,25.0
2026-06-15,229.9,239.49,229.225,236.98,1675437,224.093,235.37060000000002,240.276825,227.36929984017368,231.43710174611292,235.60668361495095,235.72599211413066,63.05684995340167,-1.040247925729858,-2.494233319465037,1.453985393735179,1,8.55035,0.5,0.05,1487197.4,1525793.25,1.1265733788937502,1.0980760335648359,89.23439845592956,66.5850445177981,7.079999999999984,2.5100000000000193,0.6750000000000114,,0,4.055489982203691,5.438011646552452,0.6791290404253377,-1.3911828002363122,0,,,5.375961581217492,4.904825143868963,8.841225370872174,239.49,4.226911973860159,239.49,0,25,20,20,227.8325,222.92000000000002,225.37625000000003,243.05565,236.98,,,,,,235.23166666666668,241.23833333333337,245.4966666666667,251.5033333333334,230.97333333333336,224.96666666666667,220.70833333333334,0,0,0,0,0,0,0,0,0,0,0,0,0,0,0,0,0,0,0,0,0,0,,,,,,,,,,,,,,,,,,USD,1.0,stock,25.0
2026-06-16,237.09,246.5,237.09,243.56,1778871,225.5215,235.66099999999997,240.42107500000003,228.91127128396667,231.91250952077516,235.7641750285163,235.80394244135326,65.00706214689265,0.3486136740256711,-1.9256639207668955,2.274277594792567,1,8.579635714285715,0.5,0.05,1534739.6,1535126.65,1.1590702422743244,1.1587780070132976,90.30502885408079,77.49817001744236,6.469999999999999,2.9399999999999977,0.0,,0,6.014423023498659,7.406183281326982,3.2431433732961192,1.2887686812284334,0,,,2.7766056207275014,5.409850255344928,13.288990185590022,246.5,6.399304251760256,246.5,0,25,20,20,231.3375,226.425,228.88125000000002,243.05565,243.56,,,,,,242.38333333333335,247.6766666666667,251.79333333333335,257.0866666666667,238.2666666666667,232.97333333333336,228.8566666666667,0,0,0,0,0,0,0,0,0,0,0,0,0,0,0,0,0,0,0,0,0,0,,,,,,,,,,,,,,,,,,USD,1.0,stock,25.0
2026-06-17,241.88,244.355,238.81,239.47,1174554,226.74499999999998,235.9644,240.54442499999996,229.91686449501748,232.20888169643104,235.83755770121894,235.8404206260164,59.976565115500485,1.1065124923637768,-1.3192286381407612,2.425741130504538,1,8.551428571428572,0.5,0.05,1491922.5,1501943.0,0.7872754784514611,0.7820230195153878,76.81780708985984,85.4524114666234,2.4099999999999966,2.4749999999999943,0.6599999999999966,,0,3.9892827932444654,5.313818014782655,1.4638994446068345,-0.4486678915939209,0,,,-1.6792576777795998,9.376998264364666,11.381395348837199,246.5,4.155039051165186,246.5,0,25,20,20,231.3375,226.425,228.88125000000002,243.05565,239.47,,,,,,240.87833333333333,242.94666666666666,246.42333333333332,248.49166666666665,237.40166666666667,235.33333333333334,231.85666666666668,0,0,0,0,0,0,0,0,0,0,0,0,0,0,0,0,0,0,0,0,0,0,,,,,,,,,,,,,,,,,,USD,1.0,stock,25.0
2026-06-18,242.05,243.76,238.85,240.9,3024202,227.9105,236.04440000000002,240.688325,230.96287740025392,232.54970986519845,235.937804083373,235.89076469938936,62.71671435785222,1.801772107957845,-0.6950284889210399,2.496800596878885,1,8.504642857142857,0.5,0.05,1646380.4,1567816.25,1.8368792534216274,1.9289263011529572,81.53338829348723,82.88540807914262,1.1500000000000057,1.7099999999999795,2.0500000000000114,,0,4.124999003630589,5.39207139892071,2.0156081361560734,0.08786841012868984,0,,,0.5971520440973821,7.228701148402039,10.712808493037373,246.5,4.302476099882173,246.5,0,25,20,20,231.3375,226.425,228.88125000000002,243.05565,240.9,,,,,,241.17,243.48999999999998,246.07999999999998,248.39999999999998,238.57999999999998,236.26,233.67,0,0,0,0,0,0,0,0,0,0,0,0,0,0,0,0,0,0,0,0,0,0,,,,,,,,,,,,,,,,,,USD,1.0,stock,25.0
2026-06-22,239.68,242.445,232.52,238.02,1581360,228.9055,236.19960000000003,240.81575,231.63498431451544,232.7642310469554,235.97903568568245,235.91195112029095,58.0807234969017,2.096214574785563,-0.13677987617971932,2.232994450965282,0,8.587142857142855,0.5,0.05,1620674.9,1582741.6,0.9757416493585481,0.9991270842947452,72.03627370156639,76.79582302830448,1.6599999999999966,2.7649999999999864,5.5,,0,2.6825542750544384,3.8293000588185953,0.7648096798588262,-1.1745861692294757,0,,,-1.1955168119551662,5.838409889279217,9.123418301852194,246.5,2.7564988528740377,246.5,0,25,20,20,231.3375,226.425,228.88125000000002,243.05565,238.02,,,,,,237.66166666666666,242.8033333333333,247.58666666666664,252.7283333333333,232.87833333333333,227.73666666666668,222.95333333333335,0,0,0,0,0,0,0,0,0,0,0,0,0,0,0,0,0,0,0,0,0,0,,,,,,,,,,,,,,,,,,USD,1.0,stock,25.0
2026-06-23,237.975,245.585,237.975,245.07,1692105,230.42650000000003,236.53920000000002,240.95850000000002,232.91450961789494,233.2468102215846,236.15905478101547,236.00307598476567,64.4379246448425,2.865407794382378,0.46365765793270014,2.4017501364496776,1,8.499285714285714,0.5,0.05,1662310.2,1589846.3,1.0179237304806288,1.0643198653857293,95.2844187963726,82.95136026380874,7.094999999999999,0.5150000000000148,0.0,,0,4.96000750075695,5.975231566491191,3.4809646223527855,1.6776839270412447,0,,,2.96193597176706,3.413790193265265,14.171907756813408,246.5,5.218863522949515,246.5,0,25,20,20,231.3375,226.425,228.88125000000002,243.05565,245.07,,,,,,242.87666666666667,247.77833333333334,250.48666666666668,255.38833333333335,240.16833333333332,235.26666666666665,232.5583333333333,0,0,0,0,0,0,0,0,0,0,0,0,0,0,0,0,0,0,0,0,0,0,,,,,,,,,,,,,,,,,,USD,1.0,stock,25.0
2026-06-24,248.45,270.51,247.81,262.15,3038257,232.3855,236.97799999999998,241.19449999999998,235.69884203523827,234.38026864426757,236.6737269635696,236.2632443829272,72.71266073194856,4.797904957378364,1.330507117821833,3.467397839556531,1,9.957857142857142,0.5,0.05,1818024.3,1661193.25,1.6711861332106506,1.8289605980520327,84.61396889665957,83.97822046486618,13.699999999999989,8.360000000000014,0.6399999999999864,,0,10.090085052359987,11.353995803929037,9.602136181575434,7.9937058935723835,0,,,6.969437303627535,7.6326161931351555,17.571870655245082,270.51,11.222438657890017,270.51,0,25,20,20,243.3425,238.43,240.88625000000002,243.05565,262.15,,,,,,260.15666666666664,272.5033333333333,282.8566666666666,295.20333333333326,249.80333333333328,237.45666666666665,227.1033333333333,0,0,0,0,0,0,0,0,0,0,0,0,0,0,0,0,0,0,0,0,0,0,,,,,,,,,,,,,,,,,,USD,1.0,stock,28.5
2026-06-25,260.25,262.885,250.545,250.95,1766449,233.60499999999996,237.02560000000003,241.36325,237.1513332699775,235.03006203076689,236.95642543953852,236.4093812547389,63.160225888605915,5.363845413202796,2.137174776898026,3.22667063630477,0,10.19357142857143,0.5,0.05,1814777.9,1679803.85,0.9733692481046855,1.0515805163799332,64.00110426060549,81.29983065121256,9.300000000000011,2.634999999999991,0.40500000000000114,,0,5.498572117960745,6.9117354054592655,5.548675034867489,3.8201833034469,0,,,-4.27236315086782,4.793919906460098,10.765360169491522,270.51,5.818506916979391,270.51,0,25,20,20,245.5,238.43,241.965,243.05565,250.95,,,,,,254.7933333333333,259.04166666666663,267.1333333333333,271.3816666666666,246.7016666666666,242.4533333333333,234.3616666666666,0,0,0,0,0,0,0,0,0,0,0,0,0,0,0,0,0,0,0,0,0,0,,,,,,,,,,,,,,,,,,USD,1.0,stock,25.0
2026-06-26,250.12,264.79,249.28,262.8,2154170,235.3675,237.13279999999997,241.58874999999998,239.59406343474157,236.11907920603093,237.46817939123082,236.67197447608478,66.88234123034044,6.691418757074388,3.0480235729332983,3.6433951841410894,1,10.78214285714286,0.5,0.05,1914334.5,1738742.1,1.125284008620228,1.2389243925249178,85.81025121928778,78.14177479218428,12.680000000000007,1.990000000000009,0.8400000000000034,,0,8.83026505527338,10.438546423135465,9.766818873668202,8.071251902587532,0,,,4.722056186491352,9.090909090909083,15.49110085695451,270.51,9.685522350840325,270.51,0,25,20,20,249.8675,238.43,244.14875,243.05565,262.8,,,,,,258.9566666666667,268.63333333333344,274.4666666666667,284.14333333333343,253.1233333333334,243.4466666666667,237.61333333333337,0,0,0,0,0,0,0,0,0,0,0,0,0,0,0,0,0,0,0,0,0,0,,,,,,,,,,,,,,,,,,USD,1.0,stock,25.0
2026-06-29,265.0,271.59,262.1425,265.28,1520491,237.342,237.34980000000004,241.8377,242.04034310762333,237.26264472736307,238.01890851219653,236.95663144647202,69.69787915166066,7.853119596209353,4.009042777588509,3.8440768186208443,1,11.04482142857143,0.5,0.05,1940589.6,1704293.75,0.7835201219258312,0.8921531279452266,88.61319137417667,79.47484895135665,0.2799999999999727,6.310000000000002,2.857500000000016,,0,8.76042554748818,10.531513872135088,10.528573582629647,8.83681393244872,0,,,0.943683409436824,11.452819090832689,17.489702821205544,271.59,9.601563356751285,271.59,0,25,20,20,252.055,240.79999999999998,246.4275,243.05565,265.28,,,,,,266.3375,270.53249999999997,275.78499999999997,279.97999999999996,261.085,256.89,251.6375,0,0,0,0,0,0,0,0,0,0,0,0,0,0,0,0,0,0,0,0,0,0,,,,,,,,,,,,,,,,,,USD,1.0,stock,25.0
2026-06-30,260.69,262.32,253.85,255.88,1310713,238.71750000000003,237.15060000000003,242.0103,243.35840566880205,237.9927370909959,238.37259349215304,237.14492367088525,61.90978886756239,7.923932281044927,4.792020678279793,3.1319116027651335,0,11.222678571428572,0.5,0.05,1904117.2,1695657.3,0.6883573132998326,0.7729822529587789,71.65027519624651,82.02457259657032,4.810000000000002,1.6299999999999955,2.030000000000001,,0,4.893541633264791,6.707245583867424,7.319602938877587,5.420392371424103,0,,,-3.5434258142340136,4.4109846166401345,12.04624074966063,271.59,5.1453305246580125,271.59,0,25,20,20,252.055,241.21999999999997,246.6375,243.05565,255.88,,,,,,257.34999999999997,260.8499999999999,265.81999999999994,269.31999999999994,252.37999999999994,248.87999999999997,243.90999999999994,0,0,0,0,0,0,0,0,0,0,0,0,0,0,0,0,0,0,0,0,0,0,,,,,,,,,,,,,,,,,,USD,1.0,stock,25.0
2026-07-01,261.98,268.48,256.475,264.54,1149331,240.62599999999998,236.97660000000005,242.22205000000002,245.37570036701138,239.03380622468234,238.89075995765495,237.41751149505558,72.63251935676,8.579937293026688,5.549604001229173,3.0303332917975156,0,11.208392857142858,0.5,0.05,1841163.2,1687951.4,0.6242417836724089,0.6809028980336757,87.27781286655245,82.5137598123252,2.5600000000000023,3.9399999999999977,5.5049999999999955,,0,7.244386343459833,9.039842745898557,10.419369471535484,8.436512436682541,0,,,3.3843989370017313,0.9116917795155555,16.861774970181575,271.59,7.810186422015046,271.59,0,25,20,20,252.055,242.64,247.3475,243.05565,264.54,,,,,,263.165,269.855,275.17,281.86,257.85,251.16000000000003,245.84500000000003,0,0,0,0,0,0,0,0,0,0,0,0,0,0,0,0,0,0,0,0,0,0,,,,,,,,,,,,,,,,,,USD,1.0,stock,27.0
2026-07-02,265.57,269.3899,263.25,268.69,1247189,242.78999999999996,236.87439999999998,242.42430000000002,247.5961098558674,240.19679421587128,239.48084391888952,237.72868053490578,72.19925380659475,9.32717840163889,6.305118881311116,3.0220595203277734,0,11.019100000000003,0.5,0.05,1848426.7,1670174.6,0.6747300285156019,0.7467416879648391,94.32485322896287,84.41764709725395,3.1200000000000045,0.6999000000000137,2.319999999999993,,0,7.850642057438903,9.63936134578884,11.841006364211552,9.77546615058245,0,,,1.5687608679216591,7.069137278342308,19.200567854132466,271.59,8.519475591281271,271.59,0,25,20,20,252.055,243.8825,247.96875,243.05565,268.69,,,,,,267.10996666666665,270.9699333333333,273.24986666666666,277.1098333333333,264.8300333333333,260.97006666666664,258.6901333333333,0,0,0,0,0,0,0,0,0,0,0,0,0,0,0,0,0,0,0,0,0,0,,,,,,,,,,,,,,,,,,USD,1.0,stock,27.0
2026-07-06,268.69,270.53,263.9,266.76,1362069,244.769,236.9176,242.6332,249.4212422505467,241.23848856034692,240.02102522742635,238.01754938530473,70.75443640329138,9.652370969336317,6.9745692989161565,2.677801670420161,0,10.831957142857146,0.5,0.05,1682213.4,1664296.9,0.8096885924223407,0.8184050574149361,88.59907942877378,90.06724850809637,1.9300000000000068,1.839999999999975,2.8600000000000136,,0,6.499759240310876,8.243739691108107,11.186984555405607,9.044384465437098,0,,,-0.7182998995124534,1.5068493150684814,17.422308301787126,271.59,6.95159626060891,271.59,0,25,20,20,254.78249999999997,243.8825,249.33249999999998,243.05565,266.76,,,,,,267.06333333333333,270.2266666666667,273.6933333333333,276.8566666666667,263.5966666666667,260.43333333333334,256.9666666666667,0,0,0,0,0,0,0,0,0,0,0,0,0,0,0,0,0,0,0,0,0,0,,,,,,,,,,,,,,,,,,USD,1.0,stock,27.0
2026-07-07,271.54,275.81,268.67,269.87,1239378,246.8185,237.3076,242.85665,251.36874298858987,242.3612929305294,240.61209403480402,238.33448919241616,67.89639786701493,10.04524410961966,7.588704261056858,2.4565398485628016,0,10.435528571428573,0.5,0.05,1648015.2,1634345.05,0.7520428209642727,0.7583331316725315,86.27858627858629,89.73417297877431,1.670000000000016,4.269999999999982,1.1999999999999886,,0,6.855618264872024,8.541705265498205,12.06595768332901,10.009763960425392,0,,,1.1658419553156385,1.7302472858866214,17.908947920307593,275.81,7.360205883772089,275.81,0,25,20,20,261.81,245.9925,253.90125,241.07999999999998,269.87,,,,,,271.45,274.22999999999996,278.59,281.36999999999995,267.09,264.31,259.95,0,0,0,0,0,0,0,0,0,0,0,0,0,0,0,0,0,0,0,0,0,0,,,,,,,,,,,,,,,,,,USD,1.0,stock,25.0
2026-07-08,266.05,267.0,254.6779,260.31,1502184,248.539,237.485,243.0486,252.22029127539085,243.06516379599884,241.0021515786693,238.5531509914966,58.827869716454096,9.475953902039691,7.966154189253425,1.5097997127862666,0,10.840678571428572,0.5,0.05,1629023.1,1645666.65,0.9221379365338649,0.9128118382905798,64.19496419496419,79.69087663410808,5.740000000000009,0.9499999999999886,5.632100000000008,,0,3.107721072801334,4.52191617686605,8.768391533171984,6.631093695977876,0,,,-3.5424463630637004,1.7312802876348288,15.232403718459487,275.81,3.2073980581428607,275.81,0,25,20,20,262.545,245.9925,254.26875,241.07999999999998,260.31,,,,,,260.66263333333336,266.6473666666667,272.98473333333334,278.96946666666673,254.32526666666672,248.34053333333335,242.00316666666671,0,0,0,0,0,0,0,0,0,0,0,0,0,0,0,0,0,0,0,0,0,0,,,,,,,,,,,,,,,,,,USD,1.0,stock,25.0
2026-07-09,259.6,268.51,253.66,267.78,2322514,250.375,237.9362,243.27535,253.7021682967822,244.03437305890085,241.53240600285406,238.8439654094917,64.40712468193384,9.517838167872611,8.276490984977261,1.2413471828953497,0,11.505321428571431,0.5,0.05,1557448.8,1687736.55,1.491229759848285,1.37611169231359,81.45068145068139,77.30807730807729,8.17999999999995,0.7300000000000182,5.940000000000026,,0,5.257237920389045,6.499738591380975,11.144895063111496,9.151038165658367,0,,,2.8696554108562644,1.224767520979797,15.891976110101268,275.81,5.54895994690493,275.81,0,25,20,20,262.545,245.9925,254.26875,241.07999999999998,267.78,,,,,,263.31666666666666,272.97333333333336,278.16666666666663,287.8233333333333,258.12333333333333,248.46666666666667,243.27333333333334,0,0,0,0,0,0,0,0,0,0,0,0,0,0,0,0,0,0,0,0,0,0,,,,,,,,,,,,,,,,,,USD,1.0,stock,25.0
2026-07-10,267.78,273.15,267.31,270.83,1026060,252.96949999999998,238.50940000000003,243.51194999999998,255.3333903637553,245.0851819585518,242.11255637903517,239.16223441039227,64.9844798237709,9.68549292693973,8.558291373369755,1.127201553569975,0,11.57175,0.5,0.05,1483409.9,1649093.9,0.6916901390505753,0.6221962254544754,88.49618849618845,78.047278047278,3.0500000000000114,2.319999999999993,0.46999999999997044,,0,5.7218955197890455,6.594727319720859,11.933906878853879,10.086788760477052,0,,,1.1389946971394505,0.796456883397223,23.70055723029141,275.81,6.069166909258422,275.81,0,25,20,20,264.735,245.9925,255.36375,241.07999999999998,270.83,,,,,,270.43,273.55,276.27,279.39,267.71000000000004,264.59000000000003,261.87000000000006,0,0,0,0,0,0,0,0,0,0,0,0,0,0,0,0,0,0,0,0,0,0,,,,,,,,,,,,,,,,,,USD,1.0,stock,25.0
2026-07-13,270.62,274.69,263.5,265.63,1605817,255.01799999999997,238.81060000000002,243.734,256.3140198529215,245.89086109743212,242.57824833192555,239.42559526203016,63.509149623250806,9.291655568067085,8.704964212309221,0.5866913557578641,0,11.662107142857144,0.5,0.05,1428574.6,1671454.55,1.1240694045659219,0.9607302812990038,73.09369631293774,81.01352208660252,4.990000000000009,4.069999999999993,2.1299999999999955,,0,3.5071265094599653,3.9950306817754107,10.09652524187779,8.243044836803067,0,,,-1.920023631060075,-0.4236017393912106,18.236446185346743,275.81,3.634596403436775,275.81,0,25,20,20,264.735,245.9925,255.36375,241.07999999999998,265.63,,,,,,267.94,272.38,279.13,283.57,261.19,256.75,250.0,0,0,0,0,0,0,0,0,0,0,0,0,0,0,0,0,0,0,0,0,0,0,,,,,,,,,,,,,,,,,,USD,1.0,stock,25.0
2026-07-14,262.03,271.8808,260.001,266.28,1082754,257.0875,239.1688,243.97625,257.2631608193099,246.69043517204264,243.04758994911512,239.69280326937314,61.071093015972444,8.929057573872655,8.749782884621908,0.17927468925074663,0,11.96709285714286,0.5,0.05,1384800.9,1662695.25,0.7818842405431713,0.6512041217414917,65.96428571428561,75.85139017447061,4.25,5.600800000000049,2.0289999999999964,,0,3.3862247186007424,3.45219318011116,10.181463121526201,8.376051524710824,0,,,0.2447012762112566,-1.3302701300626385,18.404553337187068,275.81,3.5049088069873626,275.81,0,25,20,20,264.735,245.9925,255.36375,241.07999999999998,266.28,,,,,,266.0539333333333,272.10686666666663,277.93373333333335,283.9866666666667,260.2270666666666,254.17413333333326,248.34726666666654,0,0,0,0,0,0,0,0,0,0,0,0,0,0,0,0,0,0,0,0,0,0,,,,,,,,,,,,,,,,,,USD,1.0,stock,25.0
2026-07-15,266.67,271.64,263.835,267.11,1373220,258.594,239.4742,244.23585000000003,258.2009550269947,247.49120242019782,243.52407331645938,239.96561119704108,53.11792808649738,8.609426010627715,8.72171150982307,-0.11228549919535524,0,10.707450000000005,0.5,0.05,1391051.6,1647584.4,0.9871812088063447,0.833474752492194,67.20693554466646,68.75497252396327,0.4399999999999977,4.529999999999973,2.8350000000000364,,0,3.33534685073765,3.188199618134858,10.346224401931794,8.563569316012124,0,,,0.311701967853395,2.6122699857861864,12.714153093088033,275.81,3.45043068182064,275.81,0,25,20,20,264.735,245.9925,255.36375,241.07999999999998,267.11,,,,,,267.5283333333333,271.22166666666664,275.3333333333333,279.02666666666664,263.41666666666663,259.7233333333333,255.61166666666662,0,0,0,0,0,0,0,0,0,0,0,0,0,0,0,0,0,0,0,0,0,0,,,,,,,,,,,,,,,,,,USD,1.0,stock,25.0
2026-07-16,270.64,272.4,263.12,270.95,1316406,259.96349999999995,239.9632,244.47625,259.4151497863285,248.4111552664646,244.0671609735592,240.27391357318993,63.854253255749526,8.567214090585367,8.690812025975529,-0.12359793539016195,0,10.488878571428573,0.5,0.05,1407759.1,1624461.15,0.9351074342193916,0.8103647169401373,81.68111571805498,71.61744565900234,0.3100000000000023,1.4499999999999886,7.519999999999982,,0,4.2571877518625065,4.054807159992632,11.436353570769512,9.770714153902933,0,,,1.4376099734191738,1.1838076032564038,11.245688947281973,275.81,4.446482876259281,275.81,0,25,20,20,264.735,245.9925,255.36375,241.07999999999998,270.95,,,,,,268.8233333333333,274.52666666666664,278.1033333333333,283.8066666666666,265.24666666666667,259.54333333333335,255.9666666666667,0,0,0,0,0,0,0,0,0,0,0,0,0,0,0,0,0,0,0,0,0,0,,,,,,,,,,,,,,,,,,USD,1.0,stock,25.0
2026-07-17,269.31,273.0,264.6,268.77,1596672,261.4285,240.3656,244.71754999999996,260.30608790191627,249.20954133444636,244.55632610279562,240.55745672171543,54.77523596224602,8.262606870146726,8.605170994809768,-0.342564124663042,0,9.981021428571427,0.5,0.05,1442707.4,1645567.05,1.1067192141663653,0.9702868078210487,68.21670428893897,72.36825185055346,0.5400000000000205,3.6899999999999977,4.169999999999959,,0,3.1491282874144106,2.731517654500129,10.56829259217918,8.94908285895004,0,,,-0.8045764901273289,-0.7606247461507176,12.235353071365918,275.81,3.251522915312271,275.81,0,25,20,20,264.735,245.9925,255.36375,241.07999999999998,268.77,,,,,,268.79,272.98,277.19,281.38,264.58000000000004,260.39000000000004,256.18000000000006,0,0,0,0,0,0,0,0,0,0,0,0,0,0,0,0,0,0,0,0,0,0,,,,,,,,,,,,,,,,,,USD,1.0,stock,25.0
2026-07-20,268.03,269.58,263.5375,265.08,1616287,262.6375,240.734,244.9742,260.76074619697187,249.8319122625073,244.96273548689868,240.8014621274695,49.84306340238544,7.635434753049253,8.411223746457665,-0.7757889934084119,0,9.73780714285714,0.5,0.05,1468129.2,1575171.3,1.1009160501677917,1.0261023674060084,51.55756207674936,67.15179402791443,2.9499999999999886,1.5500000000000114,1.5424999999999613,,0,1.629415196555047,0.921419948694732,9.184397163120558,7.584804587294397,0,,,-1.3729210849425133,-0.20705492602492992,10.037359900373598,275.81,1.6564049098730018,275.81,0,25,20,20,264.175,245.9925,255.08375,241.07999999999998,265.08,,,,,,266.06583333333333,268.59416666666664,272.1083333333333,274.6366666666666,262.5516666666667,260.02333333333337,256.5091666666667,0,0,0,0,0,0,0,0,0,0,0,0,0,0,0,0,0,0,0,0,0,0,,,,,,,,,,,,,,,,,,USD,1.0,stock,25.0
2026-07-21,264.11,268.99,260.25,264.94,1975170,263.9835,240.97699999999998,245.20915000000002,261.1587703686888,250.4243862914286,245.3583248831977,241.0416465839126,58.31803158281308,7.045878994604777,8.138154796087088,-1.0922758014823106,0,9.545664285714285,0.5,0.05,1541708.4,1594861.8,1.2811566700940333,1.238458404358296,50.92550790067719,56.899924755455174,0.8299999999999841,4.050000000000011,3.8600000000000136,,0,1.4272022462864014,0.36102513776704365,9.04468936362951,7.447289952442053,0,,,-0.05281424475629404,-0.503229683040396,11.30997395176876,275.81,1.447866225581117,275.81,0,25,20,20,264.175,248.15,256.1625,241.07999999999998,264.94,,,,,,264.7266666666667,269.2033333333334,273.4666666666667,277.9433333333334,260.46333333333337,255.98666666666668,251.72333333333336,0,0,0,0,0,0,0,0,0,0,0,0,0,0,0,0,0,0,0,0,0,0,,,,,,,,,,,,,,,,,,USD,1.0,stock,25.0
2026-07-22,265.83,266.2825,259.655,261.08,915792,264.784,241.59900000000002,245.42610000000002,261.1512684288137,250.84225349568632,245.66964518254034,241.24103318506772,46.51631091421663,6.195761189617144,7.7496760747931,-1.5539148851759554,0,9.119057142857145,0.5,0.05,1483069.2,1556046.15,0.6174978214098169,0.5885378142544165,33.498871331828376,45.32731376975164,4.75,0.4525000000000432,1.4250000000000114,,0,-0.0272975443594721,-1.4187222307338776,7.461697563965056,5.995825034472179,0,,,-1.4569336453536752,-2.2574969113848375,6.5328273554494665,275.81,-0.027290094833729125,275.81,0,25,20,20,267.1725,252.51749999999998,259.845,241.07999999999998,261.08,,,,,,262.33916666666664,265.0233333333333,268.9666666666667,271.65083333333337,258.39583333333326,255.7116666666666,251.7683333333332,0,0,0,0,0,0,0,0,0,0,0,0,0,0,0,0,0,0,0,0,0,0,,,,,,,,,,,,,,,,,,USD,1.0,stock,25.0
2026-07-23,257.1,260.2,251.12,257.61,1213652,264.55699999999996,242.322,245.61800000000002,260.8140047689267,251.1076553193849,245.906087852193,241.4039084767586,38.689260922825646,5.182298394374811,7.236200538709443,-2.0539021443346313,0,9.391921428571427,0.5,0.05,1372183.0,1464815.9,0.884468033782666,0.8285355176715382,26.285945727015026,36.90344165317353,0.5099999999999909,2.589999999999975,5.980000000000018,,0,-1.2437423892421358,-2.6967120841582024,5.934552230115295,4.655098792748725,0,,,-1.3290945304121227,-4.923417604724111,-1.7318329200839089,275.81,-1.2284634683499136,275.81,0,25,20,20,262.905,254.16500000000002,258.53499999999997,241.07999999999998,257.61,,,,,,256.31,261.5,265.39,270.58,252.42000000000002,247.23000000000002,243.34000000000003,0,0,0,0,0,0,0,0,0,0,0,0,0,0,0,0,0,0,0,0,0,0,,,,,,,,,,,,,,,,,,USD,1.0,stock,25.0
2026-07-24,259.52,266.6,258.25,259.94,1231262,265.0065,243.0912,245.79855,260.7307662195051,251.45402177744822,246.1839871026446,241.5883471983829,43.09437019036047,4.515086251157868,6.691977681199128,-2.17689143004126,0,9.560492857142858,0.5,0.05,1392703.2,1438056.55,0.8840806856766036,0.8561985966407232,35.722964763061945,31.83592727396845,0.4200000000000159,6.660000000000025,1.2699999999999818,,0,-0.3042110562072353,-1.9491036393013847,6.4818034931138,5.440274678772021,0,,,0.9044679942548761,-3.2853369051605408,3.5823869296672584,275.81,-0.30328841930351785,275.81,0,25,20,20,262.06,254.16500000000002,258.1125,241.07999999999998,259.94,,,,,,261.59666666666664,264.94333333333327,269.94666666666666,273.2933333333333,256.59333333333325,253.2466666666666,248.24333333333323,0,0,0,0,0,0,0,0,0,0,0,0,0,0,0,0,0,0,0,0,0,0,,,,,,,,,,,,,,,,,,USD,1.0,stock,25.0
2026-07-27,265.01,280.755,265.01,278.37,1273002,265.78499999999997,244.30759999999998,246.1096,262.4106932462189,252.50955033519534,246.82133389269123,241.95433379342387,56.568778979907265,5.411087150333685,6.4357995750260395,-1.0247124246923542,1,10.40085,0.5,0.05,1359421.7,1393998.15,0.9364290712734687,0.9132020727574137,91.95208368483215,51.320331391636365,13.360000000000014,2.384999999999991,0.0,,0,5.733127403736432,4.520961310486057,12.236376046269362,11.589036174875167,0,,,7.090097714857269,5.013580805794482,5.92465753424658,280.755,6.081805034830098,280.755,0,25,20,20,265.9375,256.6375,261.2875,243.5525,278.37,,,,,,274.71166666666664,284.4133333333333,290.45666666666665,300.1583333333333,268.6683333333333,258.96666666666664,252.9233333333333,0,0,0,0,0,0,0,0,0,0,0,0,0,0,0,0,0,0,0,0,0,0,,,,,,,,,,,,,,,,,,USD,1.0,stock,25.0
2026-07-28,282.43,296.65,279.915,295.79,1446678,267.3105,245.88,246.52650000000003,265.5896748418171,254.20682287107005,247.7910104492716,242.4900120641361,74.44873208379275,7.4410469756101065,6.636849055142854,0.8041979204672529,1,10.621414285714282,0.5,0.05,1395814.1,1390307.5,1.0364403110700773,1.040545346982592,98.11113551504512,75.26206132097974,13.360000000000014,0.8599999999999568,2.5149999999999864,,0,10.210056174374698,9.628283579566594,16.873457520538228,16.65489029378951,0,,,6.257858246219072,11.644145844342123,11.501055488540434,296.65,11.371046399363971,296.65,0,25,20,20,273.885,264.585,269.235,251.5,295.79,,,,,,290.785,301.65500000000003,307.52,318.39,284.9200000000001,274.05000000000007,268.1850000000001,0,0,0,0,0,0,0,0,0,0,0,0,0,0,0,0,0,0,0,0,0,0,,,,,,,,,,,,,,,,,,USD,1.0,stock,28.5
2026-07-30,299.56,301.08,287.16,292.93,1737044,269.163,247.38400000000001,246.90709999999999,268.1935153330726,255.72537883691047,248.68485182651375,242.99190249135862,68.50625459896986,8.718524935862433,7.05318423128677,1.6653407045756632,1,10.554985714285708,0.5,0.05,1432196.5,1411624.05,1.2128531245537886,1.2305287657857629,83.68694955964776,91.250056253175,6.6299999999999955,1.5199999999999818,5.769999999999982,,0,8.444503692666311,8.113542484552621,15.548424538285593,15.711227938415329,0,,,-0.9669021941242195,12.1993258771258,14.479443489135546,301.08,9.223371652445401,301.08,0,25,20,20,276.1,269.5275,272.81375,253.71499999999997,292.93,,,,,,293.72333333333336,300.2866666666667,307.6433333333333,314.20666666666665,286.36666666666673,279.8033333333334,272.4466666666668,0,0,0,0,0,0,0,0,0,0,0,0,0,0,0,0,0,0,0,0,0,0,,,,,,,,,,,,,,,,,,USD,1.0,stock,25.0
2026-07-31,290.44,297.365,287.65,294.74,1124631,270.673,248.979,247.32915,270.72175196801805,257.255363980561,249.596834958662,243.5068089342307,67.92085144655977,9.764429036506158,7.595433192330648,2.1689958441755097,1,10.831771428571427,0.5,0.05,1413019.0,1410389.05,0.7959064952417484,0.7973906206943396,87.30984787830268,89.70264431766519,4.300000000000011,2.625,2.7900000000000205,,0,8.148961129124636,8.165501798195022,15.525887222636896,16.085651760873994,0,,,0.6178950602532929,14.413260354799885,11.416042942466165,301.08,8.87193136767945,301.08,0,25,20,20,276.1,274.445,275.27250000000004,253.71499999999997,294.74,,,,,,293.25166666666667,298.85333333333335,302.9666666666667,308.5683333333334,289.1383333333333,283.53666666666663,279.4233333333333,0,0,0,0,0,0,0,0,0,0,0,0,0,0,0,0,0,0,0,0,0,0,,,,,,,,,,,,,,,,,,USD,1.0,stock,25.0
2026-08-03,303.42,307.2375,297.8,298.03,2169029,272.14,250.63960000000003,247.74110000000002,273.3225374948735,258.85436931465665,250.55590753373798,244.04932824831795,75.0,10.735044169073092,8.223355387679137,2.5116887813939552,1,10.925164285714285,0.5,0.05,1470254.7,1456481.05,1.475274318116446,1.4892256922944518,83.59246224439784,84.86308656078275,5.390000000000043,3.8174999999999955,0.22999999999996135,,0,8.290260210423952,8.687044928362912,15.901217998188082,16.87377109686943,0,,,1.116238040306694,14.653381549588351,10.919647177044167,307.2375,9.039672590332922,307.2375,0,25,20,20,279.17875000000004,278.25875,278.71875,256.79375,298.03,,,,,,301.0225,304.24499999999995,310.46,313.68249999999995,294.80749999999995,291.585,285.36999999999995,0,0,0,0,0,0,0,0,0,0,0,0,0,0,0,0,0,0,0,0,0,0,,,,,,,,,,,,,,,,,,USD,1.0,stock,27.0
2026-08-04,300.08,312.75,298.7,312.06,2206627,274.40500000000003,252.52900000000002,248.18579999999997,277.01181963821887,260.9408646356505,251.77381035485206,244.72605135032475,79.27858787413662,12.49236321402924,9.077156952949156,3.4152062610800833,1,11.128035714285712,0.5,0.05,1529288.7,1498708.95,1.4429106812860122,1.47235191996418,98.88041538211911,89.92757516827321,11.980000000000018,0.6899999999999977,1.3799999999999955,,0,11.231231289425473,12.06658975837979,19.07678010638979,20.468563737742752,0,,,4.7075797738482805,12.10259726263605,16.981556455240664,312.75,12.652232820806898,312.75,0,25,20,20,281.935,281.015,281.475,259.55,312.06,,,,,,307.83666666666664,316.9733333333333,321.88666666666666,331.0233333333333,302.9233333333333,293.78666666666663,288.8733333333333,0,0,0,0,0,0,0,0,0,0,0,0,0,0,0,0,0,0,0,0,0,0,,,,,,,,,,,,,,,,,,USD,1.0,stock,28.5
2026-08-05,323.0,326.99,313.46,319.66,3012144,276.8945,254.5598,248.69195,281.07355110124564,263.2435758264093,253.1180913379243,245.47166277967477,80.92995879929371,14.333084822310866,10.128342526821498,4.204742295489368,1,11.636964285714283,0.5,0.05,1632986.1,1587347.25,1.844561934728042,1.8975961309033043,90.3387373138263,90.93720498011442,3.339999999999975,3.990000000000009,6.2000000000000455,,0,12.071090814851523,13.37843333541889,20.36545079146594,22.20110429831697,0,,,2.4354290841504866,8.069914466344375,18.44962389298552,326.99,13.728239013444258,326.99,0,25,20,20,289.055,289.055,289.055,266.67,319.66,,,,,,320.0366666666667,326.6133333333334,333.5666666666667,340.14333333333343,313.08333333333337,306.50666666666666,299.55333333333334,0,0,0,0,0,0,0,0,0,0,0,0,0,0,0,0,0,0,0,0,0,0,,,,,,,,,,,,,,,,,,USD,1.0,stock,30.25
2026-08-06,325.0,331.31,305.92,306.57,2334409,279.2075,256.3982,249.15695,283.5017843296984,264.9426512841972,254.1765449747971,246.07960643360835,68.90658174097663,14.567689104328508,11.016211842322901,3.5514772620056068,0,12.78767857142857,0.5,0.05,1774847.8,1628958.5,1.3152727800096435,1.4330684299200993,69.14827285197654,86.12247518264064,18.430000000000007,6.310000000000002,0.6499999999999773,,0,7.5246161301828565,8.925367778973811,16.3655282643442,18.72754998858336,0,,,-4.094975911906406,4.656402553511074,17.771119050363016,331.31,8.136885531370908,331.31,0,25,20,20,294.78,291.21500000000003,292.9975,270.65999999999997,306.57,,,,,,314.59999999999997,323.2799999999999,339.98999999999995,348.6699999999999,297.88999999999993,289.21,272.49999999999994,0,0,0,0,0,0,0,0,0,0,0,0,0,0,0,0,0,0,0,0,0,0,,,,,,,,,,,,,,,,,,USD,1.0,stock,25.0
2026-08-07,311.48,314.79,304.85,310.68,1620029,281.3525,258.1524,249.63655,286.0901858221081,266.736272802464,255.29542527232587,246.7223964193436,71.79860605430147,14.913345574805817,11.795638588819486,3.117706985986331,0,12.897678571428571,0.5,0.05,1815485.5,1593834.25,0.8923392668242186,1.0164350527666224,74.27360019952613,77.92020345510966,0.8000000000000114,3.3100000000000023,5.829999999999984,,0,7.914836544963282,9.439777262778417,16.907300115874857,19.648335908330118,0,,,1.3406399843429062,5.408156341182058,16.02061393681382,331.31,8.595126780469833,331.31,0,25,20,20,298.15999999999997,291.21500000000003,294.6875,271.08,310.68,,,,,,310.10666666666674,315.36333333333346,320.04666666666674,325.30333333333346,305.42333333333346,300.16666666666674,295.48333333333346,0,0,0,0,0,0,0,0,0,0,0,0,0,0,0,0,0,0,0,0,0,0,,,,,,,,,,,,,,,,,,USD,1.0,stock,27.0
2026-08-10,307.53,314.39,304.2,314.01,1356173,283.5115,259.90139999999997,250.11535,288.7492157438121,268.59014445726933,256.4580901184184,247.391924813181,75.54557794716507,15.279847418344389,12.492480354724467,2.7873670636199215,0,13.193928571428573,0.5,0.05,1827976.6,1610339.9,0.7418984466212533,0.8421656819159732,78.42623768549693,73.94937024566651,6.480000000000018,0.37999999999999545,3.329999999999984,,0,8.04457955357724,9.712588771058241,17.231489443011377,20.347966625266707,0,,,1.071842410196977,5.361876321175729,15.943580844071924,331.31,8.748347312776806,331.31,0,25,20,20,305.6125,291.21500000000003,298.41375000000005,272.5,314.01,,,,,,310.8666666666666,317.53333333333325,321.0566666666666,327.72333333333324,307.34333333333325,300.6766666666666,297.15333333333325,0,0,0,0,0,0,0,0,0,0,0,0,0,0,0,0,0,0,0,0,0,0,,,,,,,,,,,,,,,,,,USD,1.0,stock,27.0
2026-08-11,310.91,325.82,310.91,321.07,1416390,286.2835,261.7718,250.59,291.8273856729728,270.64817800796465,257.7375338784497,248.12503998916924,77.32982763657608,15.956054305238126,13.185195144827201,2.770859160410925,0,13.634642857142856,0.5,0.05,1842315.4,1600868.55,0.7688097271509536,0.8847634616845961,87.2303279710687,79.97672195203059,10.159999999999968,4.75,0.0,,0,9.107862561755127,10.834553212695047,18.46893200859626,21.95159933970785,0,,,2.2483360402534958,2.8872652694994505,20.87113654331212,331.31,10.020517525999772,331.31,0,25,20,20,309.235,291.21500000000003,300.225,273.7425,321.07,,,,,,319.26666666666665,327.6233333333333,334.1766666666666,342.53333333333325,312.7133333333333,304.3566666666667,297.80333333333334,0,0,0,0,0,0,0,0,0,0,0,0,0,0,0,0,0,0,0,0,0,0,,,,,,,,,,,,,,,,,,USD,1.0,stock,27.0
2026-08-12,320.13,329.26,316.09,325.57,1631199,289.248,263.76739999999995,251.0859,295.04096798983255,272.8019749488288,259.0807510293715,248.89563660619245,81.20584534985,16.662985008015482,13.880753117464858,2.7822318905506247,1,14.101964285714283,0.5,0.05,1860767.5,1628290.8,0.8766269832206334,1.0017860446057916,92.84200024940765,86.16618863532443,5.439999999999998,3.6899999999999977,4.0400000000000205,,0,9.377102315989632,11.156433332309488,18.982891544061196,22.878060017814907,0,,,1.4015635219734035,1.8488393918538293,22.266035751840185,331.31,10.347387421539203,331.31,0,25,20,20,309.48,291.21500000000003,300.3475,273.7425,325.57,,,,,,323.63999999999993,331.1899999999999,336.80999999999995,344.3599999999999,318.01999999999987,310.4699999999999,304.84999999999985,0,0,0,0,0,0,0,0,0,0,0,0,0,0,0,0,0,0,0,0,0,0,,,,,,,,,,,,,,,,,,USD,1.0,stock,28.75
2026-08-13,325.65,329.56,318.85,328.31,832468,292.308,265.76619999999997,251.64919999999998,298.2094472288961,274.97876024495315,260.4516272466117,249.6858292767776,84.45419103313837,17.24553202576965,14.553708899125818,2.691823126643831,0,14.15553571428571,0.5,0.05,1770309.9,1601253.2,0.47023857235391386,0.5198852998389012,95.89378592937311,91.98870471661648,2.660000000000025,1.25,6.7999999999999545,,0,9.168332603668446,10.965855441503459,19.05022691967958,23.350126404922182,0,,,0.8416008846023892,7.09136575659719,22.911908951368343,331.31,10.09376230391509,331.31,0,25,20,20,314.555,291.21500000000003,302.885,273.7425,328.31,,,,,,325.5733333333333,332.2966666666666,336.2833333333333,343.0066666666666,321.58666666666664,314.86333333333334,310.87666666666667,0,0,0,0,0,0,0,0,0,0,0,0,0,0,0,0,0,0,0,0,0,0,,,,,,,,,,,,,,,,,,USD,1.0,stock,28.75
2026-08-14,329.01,333.24,327.875,332.69,1334010,295.395,267.89259999999996,252.2184,301.49330939757266,277.2419461177001,261.88209007341146,250.51174142327733,84.7587195413282,17.854814936821867,15.213930106665028,2.640884830156839,0,13.896607142857139,0.5,0.05,1791247.8,1602133.4,0.7447378302432528,0.8326460206122661,99.19390297523083,95.97656305133718,3.680000000000007,0.5500000000000114,1.134999999999991,,0,9.377104993365396,11.210135561633958,19.47681024377049,24.188163154888933,0,,,1.3341049617739298,7.084459894425121,22.786491972688694,333.24,10.347390681658194,333.24,0,25,20,20,315.97,292.18,304.07500000000005,274.7075,332.69,,,,,,331.2683333333334,334.66166666666675,336.6333333333334,340.02666666666676,329.29666666666674,325.90333333333336,323.93166666666673,0,0,0,0,0,0,0,0,0,0,0,0,0,0,0,0,0,0,0,0,0,0,,,,,,,,,,,,,,,,,,USD,1.0,stock,28.75
2026-08-17,330.5,335.0,317.35,318.5,2251376,297.8815,269.7544,252.6984,303.11299421685146,278.8599090150452,263.00323680463106,251.18824150861786,69.98306941539686,16.996733856457354,15.570490856623495,1.4262429998338586,0,13.670535714285709,0.5,0.05,1799482.5,1634868.6,1.2511241426354522,1.3770990524865423,70.04629209403649,88.37799366621347,12.0,4.5,1.1499999999999773,,0,4.831085018256998,6.4736263736263675,15.30474097331241,20.659843014128732,0,,,-4.265231897562294,1.4298907678099493,18.502809093276795,335.0,5.0763266757678,335.0,0,25,20,20,319.6,293.06,306.33000000000004,275.5875,318.5,,,,,,323.6166666666667,329.8833333333333,341.26666666666665,347.5333333333333,312.23333333333335,305.9666666666667,294.58333333333337,0,0,0,0,0,0,0,0,0,0,0,0,0,0,0,0,0,0,0,0,0,0,,,,,,,,,,,,,,,,,,USD,1.0,stock,25.0
2026-08-18,316.77,327.89,316.74,321.42,1014203,300.69849999999997,271.63919999999996,253.179,304.85651857715135,280.52893219092584,264.16000439265815,251.8870649761938,64.91677336747757,16.36368760994435,15.729130207287668,0.6345574026566823,0,13.161249999999995,0.5,0.05,1680240.1,1604764.4,0.6036059965477553,0.631994952031588,71.61371237458197,80.28463581461642,4.650000000000034,6.46999999999997,0.029999999999972715,,0,5.15322052854479,6.4468608051770415,15.487773007280211,21.231099495986562,0,,,0.9167974882260621,0.10901049615348324,21.25396106835673,335.0,5.433205594603967,335.0,0,25,20,20,319.6,293.06,306.33000000000004,275.5875,321.42,,,,,,322.01666666666665,327.2933333333333,333.16666666666663,338.44333333333327,316.1433333333333,310.8666666666667,304.99333333333334,0,0,0,0,0,0,0,0,0,0,0,0,0,0,0,0,0,0,0,0,0,0,,,,,,,,,,,,,,,,,,USD,1.0,stock,25.0
2026-08-19,324.13,334.86,323.23,326.27,1212987,303.765,273.587,253.71155,306.8958977602798,282.3226995559876,265.3899052957738,252.62719368289837,68.96473265073945,16.06812502239211,15.796929170308557,0.2711958520835527,0,13.126964285714283,0.5,0.05,1500324.4,1566655.25,0.8084831520436514,0.7742526634369623,81.5628299894403,74.40761148601958,2.1399999999999864,8.590000000000032,0.8999999999999773,,0,5.938058123554165,6.897661446041621,16.147056119165107,22.238774634505162,0,,,1.5089291269989369,0.21500752526337763,23.148637427342035,335.0,6.312923170727269,335.0,0,25,20,20,319.6,293.06,306.33000000000004,275.5875,326.27,,,,,,328.12,333.01,339.75,344.64,321.38,316.49,309.75,0,0,0,0,0,0,0,0,0,0,0,0,0,0,0,0,0,0,0,0,0,0,,,,,,,,,,,,,,,,,,USD,1.0,stock,25.0
2026-08-20,326.68,328.62,322.755,324.17,934201,306.9195,275.55240000000003,254.23005,308.54105035453887,283.9637701616351,266.5538675671446,253.33906240247154,66.68556525683184,15.485924989154341,15.734728334077715,-0.24880334492337397,0,12.851964285714283,0.5,0.05,1360303.6,1567575.7,0.6867591911099845,0.5959527185832237,70.88709677419358,74.6878797127386,2.509999999999991,1.9399999999999977,1.4150000000000205,,0,4.821220237980426,5.321436283431529,14.997563007064189,21.575084060832282,0,,,-0.6436387041407365,-1.261003320032894,24.165006894438502,335.0,5.065436066773678,335.0,0,25,20,20,319.6,293.06,306.33000000000004,275.5875,324.17,,,,,,325.1816666666667,327.60833333333335,331.0466666666667,333.47333333333336,321.74333333333334,319.31666666666666,315.87833333333333,0,0,0,0,0,0,0,0,0,0,0,0,0,0,0,0,0,0,0,0,0,0,,,,,,,,,,,,,,,,,,USD,1.0,stock,25.0
2026-08-21,328.45,328.99,320.67,321.63,1361747,310.12050000000005,277.36379999999997,254.7382,309.7876169874399,285.44087721412006,267.6444840509635,254.0185742193624,63.49496797804209,14.65068650169843,15.517919967601859,-0.8672334659034284,0,12.553571428571425,0.5,0.05,1334475.4,1574980.45,1.02043619537685,0.8646120020092948,63.168044077134994,71.87265694692296,6.819999999999993,0.5400000000000205,0.9599999999999795,,0,3.6819895571184613,3.5784908124241976,13.763081802070712,20.797748966203397,0,,,-0.7835395008791712,-3.324416123117613,24.85151973914055,335.0,3.8227425381693827,335.0,0,25,20,20,322.95500000000004,293.06,308.00750000000005,275.5875,321.63,,,,,,323.7633333333334,326.85666666666674,332.08333333333337,335.17666666666673,318.53666666666675,315.4433333333334,310.21666666666675,0,0,0,0,0,0,0,0,0,0,0,0,0,0,0,0,0,0,0,0,0,0,,,,,,,,,,,,,,,,,,USD,1.0,stock,25.0
