date,open,high,low,close,volume,SMA_20,SMA_50,SMA_200,EMA_20,EMA_50,EMA_100,EMA_200,RSI_14,MACD,MACD_Signal,MACD_Hist,MACD_Hist_Subiendo,ATR_14,BB_PctB,BB_Width,Vol_SMA_10,Vol_SMA_20,VolRel10,VolRel20,Stoch_K,Stoch_D,Body,Mecha_Sup,Mecha_Inf,Position_52w_Pct,RS_vs_SPY,Dist_EMA_20_pct,Dist_SMA_20_pct,Dist_SMA_50_pct,Dist_SMA_200_pct,Dist_BUY_ZONE,High_52W,Low_52W,Ret_1,Ret_5,Ret_20,Swing_High_20,Dist_EMA_20,TP_Dinamico,VWAP,ADX_14,Plus_DI,Minus_DI,Tenkan,Kijun,Senkou_A,Senkou_B,Chikou,Fib_236,Fib_382,Fib_500,Fib_618,Fib_786,Pivot_PP,Pivot_R1,Pivot_R2,Pivot_R3,Pivot_S1,Pivot_S2,Pivot_S3,Vol_Dryup,Vol_Climax,BB_Squeeze,BB_Breakout,MACD_Cross_Up,Golden_Cross,SMA20_Cross_Up,Oversold,Overbought,Trend_Up,Breakout_Vol,TP_Agotamiento,Vol_Climax_Up,MACD_Divergence,Trend_Weakness,Overextended,Exhaustion_Gap,Stoch_Extreme,Stop_Loss_Triggered,BUY_ZONE,ACC,REB,ROIC,ROE,Net_Margin,Gross_Margin,Operating_Margin,EBITDA_Margin,Current_PE,Current_PB,Current_EV_EBITDA,Current_EV_Sales,Current_FCF_Yield,Market_Cap,PE_5y_mean,PE_5y_max,PE_5y_min,PE_5y_pct,PE_5y_signal,Currency,FX_Rate,Asset_Type,Risk_Score
2025-08-22,86.33,90.635,85.82,90.01,2329656,,,,90.01,90.01,90.01,90.01,,0.0,0.0,0.0,0,,0.5,0.05,,,,,,,3.680000000000007,0.625,0.5100000000000051,,0,0.0,,,,0,,,,,,,0.0,,0,25,20,20,,,,,90.01,,,,,,88.82166666666666,91.82333333333332,93.63666666666667,96.63833333333334,87.00833333333331,84.00666666666665,82.1933333333333,0,0,0,0,0,0,0,0,0,0,0,0,0,0,0,0,0,0,0,0,0,0,,,,,,,,,,,,,,,,,,USD,1.0,stock,25.0
2025-08-25,89.24,89.655,88.23,88.82,1808262,,,,89.89666666666668,89.96333333333334,89.98643564356436,89.99815920398011,,-0.09492877492877483,-0.018985754985754968,-0.07594301994301986,0,,0.5,0.05,,,,,,,0.4200000000000017,0.41500000000000625,0.5899999999999892,,0,-1.2121894468213041,,,,0,,,-1.3220753249639006,,,,-1.1976714004968838,,0,25,20,20,,,,,88.82,,,,,,88.90166666666666,89.57333333333331,90.32666666666665,90.9983333333333,88.14833333333331,87.47666666666666,86.72333333333331,0,0,0,0,0,0,0,0,0,0,0,0,0,0,0,0,0,0,0,0,0,0,,,,,,,,,,,,,,,,,,USD,1.0,stock,25.0
2025-08-26,88.55,88.9,87.81,88.23,2078380,,,,89.73793650793652,89.89535947712419,89.95165473973141,89.98056558005992,,-0.21528688890514047,-0.05824598176963207,-0.1570409071355084,0,,0.5,0.05,,,,,,,0.3199999999999932,0.3500000000000085,0.4200000000000017,,0,-1.7090972548300127,,,,0,,,-0.6642648052240352,,,,-1.6803779612239655,,0,25,20,20,,,,,88.23,,,,,,88.31333333333333,88.81666666666666,89.40333333333334,89.90666666666667,87.72666666666666,87.22333333333333,86.63666666666666,0,0,0,0,0,0,0,0,0,0,0,0,0,0,0,0,0,0,0,0,0,0,,,,,,,,,,,,,,,,,,USD,1.0,stock,25.0
2025-08-27,87.88,89.195,87.84,87.84,1641401,,,,89.55718065003781,89.81475714468795,89.90983979439018,89.95926642005932,,-0.33824225582215206,-0.11424523658013608,-0.22399701924201598,0,,0.5,0.05,,,,,,,0.03999999999999204,1.3149999999999977,0.0,,0,-1.9548960041413976,,,,0,,,-0.44202652159129885,,,,-1.9174125821892751,,0,25,20,20,,,,,87.84,,,,,,88.29166666666667,88.74333333333334,89.64666666666666,90.09833333333333,87.38833333333335,86.93666666666668,86.03333333333336,0,0,0,0,0,0,0,0,0,0,0,0,0,0,0,0,0,0,0,0,0,0,,,,,,,,,,,,,,,,,,USD,1.0,stock,25.0
2025-08-28,88.13,88.47,87.25,88.22,1416947,,,,89.42983011193897,89.75221764881783,89.87637762024383,89.94196028652641,,-0.40040680533466855,-0.17147755033104256,-0.228929255003626,0,,0.5,0.05,,,,,,,0.09000000000000341,0.25,0.8799999999999955,,0,-1.37137849913735,,,,0,,,0.43260473588342396,,,,-1.3528261324265412,,0,25,20,20,,,,,88.22,,,,,,87.98,88.71000000000001,89.2,89.93,87.49000000000001,86.76,86.27000000000001,0,0,0,0,0,0,0,0,0,0,0,0,0,0,0,0,0,0,0,0,0,0,,,,,,,,,,,,,,,,,,USD,1.0,stock,25.0
2025-08-29,88.51,89.22,88.37,88.82,1818545,,,,89.37175105365907,89.71566009396224,89.85545925152613,89.93079650258088,,-0.3966849360885192,-0.21651902748253787,-0.1801659086059813,1,,0.5,0.05,,,,,,,0.30999999999998806,0.4000000000000057,0.14000000000000057,,0,-0.621201366425439,,,,0,,,0.6801178871004288,-1.3220753249639006,,,-0.6173662786665127,,0,25,20,20,,,,,88.82,,,,,,88.80333333333333,89.23666666666665,89.65333333333332,90.08666666666664,88.38666666666666,87.95333333333333,87.53666666666666,0,0,0,0,0,0,0,0,0,0,0,0,0,0,0,0,0,0,0,0,0,0,,,,,,,,,,,,,,,,,,USD,1.0,stock,25.0
2025-09-02,87.92,88.21,86.18,86.99,2478022,,,,89.14491761997725,89.60877146282647,89.79871748416917,89.90153484583878,,-0.5352312215955095,-0.2802614663051322,-0.2549697552903773,0,,0.5,0.05,,,,,,,0.9300000000000068,0.28999999999999204,0.8099999999999881,,0,-2.4772015403807965,,,,0,,,-2.06034676874578,-2.06034676874578,,,-2.417319660514601,,0,25,20,20,,,,,86.99,,,,,,87.12666666666667,88.07333333333332,89.15666666666665,90.10333333333331,86.04333333333334,85.09666666666668,84.01333333333335,0,0,0,0,0,0,0,0,0,0,0,0,0,0,0,0,0,0,0,0,0,0,,,,,,,,,,,,,,,,,,USD,1.0,stock,25.0
2025-09-03,86.63,87.625,85.64,86.76,2404364,,,,88.91778260855085,89.4970549348725,89.73854486072028,89.87027579264635,,-0.6560269584275318,-0.35541456472961214,-0.30061239369791964,0,,0.5,0.05,,,,,,,0.13000000000000966,0.8649999999999949,0.9899999999999949,,0,-2.4870707797958116,,,,0,,,-0.26439820669040826,-1.666099965997958,,,-2.4267166198354357,,0,25,20,20,,,,,86.76,,,,,,86.675,87.71,88.66,89.695,85.725,84.69,83.74,0,0,0,0,0,0,0,0,0,0,0,0,0,0,0,0,0,0,0,0,0,0,,,,,,,,,,,,,,,,,,USD,1.0,stock,25.0
2025-09-04,86.76,87.4987,85.65,87.28,2482052,,,,88.76180331249839,89.41011160409319,89.68986080407235,89.84450190416231,,-0.7017099208067208,-0.42467363594503393,-0.27703628486168685,1,,0.5,0.05,,,,,,,0.519999999999996,0.21869999999999834,1.1099999999999994,,0,-1.6977581490586453,,,,0,,,0.5993545412632528,-0.6375227686703178,,,-1.6694155111760054,,0,25,20,20,88.1375,,,,87.28,,,,,,86.80956666666668,87.96913333333336,88.65826666666668,89.81783333333335,86.12043333333337,84.96086666666669,84.27173333333337,0,0,0,0,0,0,0,0,0,0,0,0,0,0,0,0,0,0,0,0,0,0,,,,,,,,,,,,,,,,,,USD,1.0,stock,25.0
2025-09-05,87.39,89.05,86.465,87.78,1398875,,,,88.66829823511759,89.34618565883463,89.65204177824913,89.82395959665821,,-0.6896186814079925,-0.4776626450376257,-0.21195603637036686,1,,0.5,0.05,1985650.4,,0.7044920898462288,,,,0.39000000000000057,1.269999999999996,0.9249999999999972,,0,-1.0119597119134067,,,,0,,,0.572868927589365,-0.4987531172069848,,,-1.0018216801253244,,0,25,20,20,87.64750000000001,,,,87.78,,,,,,87.76499999999999,89.06499999999997,90.34999999999998,91.64999999999996,86.47999999999998,85.17999999999999,83.89499999999998,0,0,0,0,0,0,0,0,0,0,0,0,0,0,0,0,0,0,0,0,0,0,,,,,,,,,,,,,,,,,,USD,1.0,stock,25.0
2025-09-08,87.21,87.6,85.9101,87.42,1782536,,,,88.54941268891591,89.27064896633131,89.60784293115509,89.80003960067157,,-0.7010045345126201,-0.5223310229326246,-0.17867351157999556,1,,0.5,0.05,1930938.4,,0.9231449330543119,,,,0.21000000000000796,0.1799999999999926,1.2998999999999938,,0,-1.2919385597299313,,,,0,,,-0.41011619958988277,-1.5762215717180728,,,-1.2754603950719134,,0,25,20,20,87.43,,,,87.42,,,,,,86.9767,88.04329999999999,88.66659999999999,89.73319999999998,86.3534,85.2868,84.6635,0,0,0,0,0,0,0,0,0,0,0,0,0,0,0,0,0,0,0,0,0,0,,,,,,,,,,,,,,,,,,USD,1.0,stock,25.0
2025-09-09,87.12,87.83,86.58,86.91,2932875,,,,88.39327814711439,89.17807449706342,89.55442029885498,89.77128298772958,,-0.742620179714109,-0.5663888542889215,-0.1762313254251875,1,,0.5,0.05,2043399.7,,1.4352918814659708,,,,0.21000000000000796,0.7099999999999937,0.3299999999999983,,0,-1.706682944556887,,,,0,,,-0.5833905284831853,-0.09196459363145504,,,-1.678044052903826,,0,25,20,20,87.43,,,,86.91,,,,,,87.10666666666667,87.63333333333334,88.35666666666667,88.88333333333334,86.38333333333334,85.85666666666667,85.13333333333334,0,0,0,0,0,0,0,0,0,0,0,0,0,0,0,0,0,0,0,0,0,0,,,,,,,,,,,,,,,,,,USD,1.0,stock,25.0
2025-09-10,86.25,87.265,84.821,85.08,2213334,,,,88.07772784738921,89.01736569325702,89.46581791669944,89.72460355501586,,-0.9127450278951699,-0.6356600890101711,-0.27708493888499874,0,,0.5,0.05,2056895.1,,1.0760558474761304,,,,1.1700000000000017,1.0150000000000006,0.25900000000000034,,0,-3.523422481651638,,,,0,,,-2.105626510182945,-1.9363762102351356,,,-3.403502702276024,,0,25,20,20,87.0205,,,,85.08,,,,,,85.722,86.62299999999999,88.166,89.067,84.17899999999999,83.27799999999999,81.73499999999999,0,0,0,0,0,0,0,0,0,0,0,0,0,0,0,0,0,0,0,0,0,0,,,,,,,,,,,,,,,,,,USD,1.0,stock,25.0
2025-09-11,85.35,87.07,85.05,86.68,1998211,,,,87.94461090954262,88.92570429352146,89.41065320547766,89.69430899227939,34.18803418803418,-0.9079967462376572,-0.6901274204556684,-0.2178693257819888,1,1.9930428571428556,0.5,0.05,2092576.1,,0.954904818037442,,31.974544203646484,,1.3300000000000125,0.38999999999998636,0.29999999999999716,,0,-1.4589419814750937,,,,0,,,1.8805829807240437,-0.6874427131072336,,,-1.4379629365162068,,0,25,20,20,87.0205,,,,86.68,,,,,,86.26666666666667,87.48333333333333,88.28666666666666,89.50333333333333,85.46333333333334,84.24666666666667,83.44333333333334,0,0,0,0,0,0,0,0,0,0,0,0,0,0,0,0,0,0,0,0,0,0,,,,,,,,,,,,,,,,,,USD,1.0,stock,25.0
2025-09-12,86.38,86.38,85.045,85.35,1344716,,,,87.6975051086338,88.7854805957363,89.33024423111176,89.65108203713233,30.35413153456993,-1.0000259073750755,-0.7521071178395499,-0.2479187895355256,0,1.765899999999998,0.5,0.05,2085353.0,,0.6448385477183,,10.943318163011917,,1.0300000000000011,0.0,0.3049999999999926,,0,-2.7504453528222745,,,,0,,,-1.5343793262575178,-2.76828434723172,,,-2.6768208579319093,,0,25,20,20,86.93549999999999,,,,85.35,,,,,,85.59166666666665,86.1383333333333,86.92666666666665,87.4733333333333,84.80333333333331,84.25666666666666,83.46833333333332,0,0,0,0,0,0,0,0,0,0,0,0,0,0,0,0,0,0,0,0,0,0,,,,,,,,,,,,,,,,,,USD,1.0,stock,25.0
2025-09-15,85.45,85.88,83.96,84.16,1871860,,,,87.36059986019248,88.60408919982507,89.22786315722836,89.59644440492207,30.354131534569973,-1.1556609947918446,-0.8328178932300089,-0.3228431015618357,0,1.775899999999998,0.5,0.05,2090684.5,,0.8953335618071497,,3.802281368821343,15.573381245159915,1.2900000000000063,0.4299999999999926,0.20000000000000284,,0,-3.802994130456848,,,,0,,,-1.394258933801984,-3.729123770304288,,,-3.663665159482149,,0,25,20,20,86.505,,,,84.16,,,,,,84.66666666666666,85.37333333333332,86.58666666666666,87.29333333333332,83.45333333333332,82.74666666666666,81.53333333333332,0,0,0,0,0,0,0,0,0,0,0,0,0,0,0,0,0,0,0,0,0,0,,,,,,,,,,,,,,,,,,USD,1.0,stock,25.0
2025-09-16,83.7,84.48,82.53,84.29,5512081,,,,87.0681617782694,88.43490923120449,89.13008368876838,89.54364396308205,32.719298245614056,-1.2540570206050745,-0.9170657187050222,-0.33699130190005233,0,1.8373285714285694,0.5,0.05,2394090.4,,2.302369618123025,,26.307922272047918,13.684507267960393,0.5900000000000034,0.18999999999999773,1.1700000000000017,,0,-3.2959565526982946,,,,0,,,0.15446768060838334,-3.0146128178575426,,,-3.190789516544922,,0,25,20,20,85.78999999999999,,,,84.29,,,,,,83.76666666666667,85.00333333333333,85.71666666666667,86.95333333333333,83.05333333333333,81.81666666666666,81.10333333333332,0,0,0,0,0,0,0,0,0,0,0,0,0,0,0,0,0,0,0,0,0,0,,,,,,,,,,,,,,,,,,USD,1.0,stock,25.0
2025-09-17,84.3,86.92,84.3,85.35,1785429,,,,86.90452732319613,88.31393239860823,89.05523054641652,89.50191616245436,39.68516984258488,-1.2322982713635326,-0.9801122292367244,-0.2521860421268083,1,1.9283999999999983,0.5,0.05,2332196.9,,0.7655567160731583,,42.15246636771292,24.08755666952739,1.0499999999999972,1.5700000000000074,0.0,,0,-1.8213559732819455,,,,0,,,1.2575631747538063,0.3173483779971731,,,-1.7887759948510915,,0,25,20,20,85.78999999999999,,,,85.35,,,,,,85.52333333333333,86.74666666666666,88.14333333333333,89.36666666666666,84.12666666666665,82.90333333333332,81.50666666666665,0,0,0,0,0,0,0,0,0,0,0,0,0,0,0,0,0,0,0,0,0,0,,,,,,,,,,,,,,,,,,USD,1.0,stock,25.0
2025-09-18,85.88,86.275,84.845,86.07,2013055,,,,86.82504853051078,88.2259350496432,88.99611707024985,89.46776774292746,41.337630942788046,-1.1437716356744119,-1.0128441105242618,-0.13092752515015005,1,1.943399999999999,0.5,0.05,2285297.2,,0.8808722996728827,,52.91479820627793,40.458395615346255,0.18999999999999773,0.2050000000000125,1.0349999999999966,,0,-0.8772493673879299,,,,0,,,0.8435852372583375,-0.7037378864790167,,,-0.8696206259481251,,0,25,20,20,85.18,,,,86.07,,,,,,85.73,86.61500000000001,87.16000000000001,88.04500000000002,85.185,84.3,83.755,0,0,0,0,0,0,0,0,0,0,0,0,0,0,0,0,0,0,0,0,0,0,,,,,,,,,,,,,,,,,,USD,1.0,stock,25.0
2025-09-19,86.84,87.17,85.87,86.55,4807416,86.9305,,,86.79885343236691,88.16021210651994,88.94767910846272,89.43873522807247,40.76484947111475,-1.023088127534237,-1.014892913926257,-0.008195213607979923,1,1.9648285714285703,0.5,0.05,2626151.3,2305900.85,1.830593690470157,2.0848320516469734,61.65644171779139,52.24123543059408,0.29000000000000625,0.3299999999999983,0.6799999999999926,,0,-0.2875256295400511,-0.43963027151935047,,,0,,,0.5576856047403433,1.405975395430592,,90.635,-0.28670128985150617,90.635,0,25,20,20,85.18,,,,86.55,,,,,,86.53000000000002,87.19000000000003,87.83000000000001,88.49000000000002,85.89000000000003,85.23000000000002,84.59000000000003,0,0,0,0,0,0,0,0,0,0,0,0,0,0,0,0,0,0,0,0,0,0,,,,,,,,,,,,,,,,,,USD,1.0,stock,25.0
2025-09-22,85.96,87.305,85.61,86.95,3095928,86.7775,,,86.81324834357007,88.11275280822504,88.90812110631495,89.41397169346479,49.815837937384934,-0.8849675655721541,-0.9889078442554364,0.10394027868328237,1,1.8973285714285717,0.5,0.05,2757490.5,2344214.45,1.1227338770523416,1.3206675694708732,67.79141104294486,60.78755032233806,0.9900000000000091,0.355000000000004,0.3499999999999943,,0,0.15727620060947264,0.19838987924094242,,,0,,,0.46216060080879195,3.315114068441072,-3.3996222641928697,89.655,0.15752394829039382,89.655,0,25,20,20,84.9175,,,,86.95,,,,,,86.62166666666667,87.63333333333334,88.31666666666668,89.32833333333335,85.93833333333333,84.92666666666666,84.24333333333333,0,0,0,0,0,0,0,0,0,0,0,0,0,0,0,0,0,0,0,0,0,0,,,,,,,,,,,,,,,,,,USD,1.0,stock,25.0
2025-09-23,86.88,88.33,85.995,86.11,3168689,86.64200000000001,,,86.7462723108491,88.0342134824123,88.85271276757604,89.38109635323131,47.16652136006973,-0.8336768966210002,-0.9578616547285492,0.12418475810754903,1,1.9223285714285712,0.5,0.05,2781071.9,2412235.8,1.1393768711984757,1.3135900727449614,54.90797546012271,61.45194274028632,0.769999999999996,1.4500000000000028,0.11499999999999488,,0,-0.7389064113913528,-0.6178144234119274,,,0,,,-0.9660724554341638,2.159212243445241,-3.0511146138257117,89.22,-0.7334866316434411,89.22,0,25,20,20,85.43,,,,86.11,,,,,,86.81166666666667,87.62833333333333,89.14666666666666,89.96333333333332,85.29333333333334,84.47666666666667,82.95833333333334,0,0,0,0,0,0,0,0,0,0,0,0,0,0,0,0,0,0,0,0,0,0,,,,,,,,,,,,,,,,,,USD,1.0,stock,25.0
2025-09-24,86.29,87.84,86.23,87.11,2123582,86.586,,,86.78091304314918,87.99796981643536,88.81820360386165,89.35849837956732,49.288702928870286,-0.7042192283929296,-0.9071331694614253,0.2029139410684957,1,1.9138500000000005,0.5,0.05,2772096.7,2414495.9,0.7660562490478777,0.87951360778869,70.24539877300616,64.3149284253579,0.8199999999999932,0.730000000000004,0.060000000000002274,,0,0.3777832130074798,0.6015382849271047,,,0,,,1.1613053071652502,2.0620972466315335,-1.2694094979032178,89.22,0.37921582674197857,89.22,0,25,20,20,85.43,,,,87.11,,,,,,87.06,87.89,88.67,89.5,86.28,85.45,84.67,0,0,0,0,0,0,0,0,0,0,0,0,0,0,0,0,0,0,0,0,0,0,,,,,,,,,,,,,,,,,,USD,1.0,stock,25.0
2025-09-25,86.39,87.09,84.78,84.9,2184737,86.439,,,86.60177846761117,87.87648080402613,88.74061541368616,89.31413521161143,39.45827232796489,-0.7710632862952309,-0.8799191928281865,0.10885590653295563,0,1.8956357142857152,0.5,0.05,2790749.3,2441662.7,0.7828496096012638,0.8947742863909908,40.86206896551734,55.3384810662154,1.4899999999999949,0.7000000000000028,0.12000000000000455,,0,-2.00445049188594,-1.8127208480565218,,,0,,,-2.5370221558948414,-1.3593586615545328,-3.346994535519121,89.22,-1.9650618009509166,89.22,0,25,20,20,85.43,,,,84.9,,,,,,85.58999999999999,86.39999999999998,87.89999999999999,88.70999999999998,84.08999999999997,83.27999999999999,81.77999999999997,0,0,0,0,0,0,0,0,0,0,0,0,0,0,0,0,0,0,0,0,0,0,,,,,,,,,,,,,,,,,,USD,1.0,stock,25.0
2025-09-26,84.91,85.41,84.03,84.32,2205357,86.244,,,86.38446623260059,87.73701096857414,88.65307847480128,89.26444232393371,38.8328530259366,-0.8609147472010932,-0.8761183037027679,0.015203556501674709,0,1.8606428571428577,0.5,0.05,2876813.4,2481083.2,0.7665971661561365,0.8888686199640543,30.862068965517118,47.32317890134687,0.5900000000000034,0.5,0.28999999999999204,,0,-2.4483707692132284,-2.281783681214429,,,0,,,-0.6831566548881174,-2.576545349508963,-4.420766266152809,89.22,-2.3898581801058656,89.22,0,25,20,20,85.43,,,,84.32,,,,,,84.58666666666666,85.14333333333332,85.96666666666665,86.52333333333331,83.76333333333332,83.20666666666666,82.38333333333333,0,0,0,0,0,0,0,0,0,0,0,0,0,0,0,0,0,0,0,0,0,0,,,,,,,,,,,,,,,,,,USD,1.0,stock,25.0
2025-09-29,85.84,86.875,84.17,86.34,3199178,86.11999999999999,,,86.38023135330529,87.6822262247085,88.60727494064679,89.23534339533735,48.148148148148174,-0.7603605955210497,-0.8529667620664243,0.09260616654537457,1,1.9645714285714289,0.5,0.05,3009545.2,2550114.85,1.0630104508814155,1.254523105106423,65.68965517241386,45.80459770114945,0.5,0.5349999999999966,1.6700000000000017,,0,-0.04659642495400463,0.254806578642591,,,0,,,2.395635673624308,-0.7015526164462327,-2.792163927043445,89.05,-0.04657472279824841,89.05,0,25,20,20,86.18,86.58250000000001,86.38125000000001,,86.34,,,,,,85.795,87.42,88.5,90.125,84.715,83.09,82.01,0,0,0,0,0,0,0,0,0,0,0,0,0,0,0,0,0,0,0,0,0,0,,,,,,,,,,,,,,,,,,USD,1.0,stock,25.0
2025-09-30,86.04,86.27,81.98,83.08,3422288,85.9245,,,86.06592360537145,87.50174676491602,88.49782395172309,89.1740961973738,44.05469678953629,-0.9329707547971395,-0.8689675606125674,-0.06400319418457212,0,2.1014285714285714,0.5,0.05,2800565.9,2597328.15,1.2219987396118763,1.3176186459150339,17.322834645669218,37.958186261200076,2.960000000000008,0.22999999999998977,1.0999999999999943,,0,-3.5940341903845137,-3.4238083774674974,,,0,,,-3.775770210794538,-3.5187550807107226,-4.494769513737207,89.05,-3.469344753752343,89.05,0,25,20,20,85.155,85.8175,85.48625,,83.08,,,,,,83.77666666666666,85.57333333333331,88.06666666666665,89.8633333333333,81.28333333333332,79.48666666666666,76.99333333333333,0,0,0,0,0,0,0,0,0,0,0,0,0,0,0,0,0,0,0,0,0,0,,,,,,,,,,,,,,,,,,USD,1.0,stock,25.0
2025-10-01,83.1,85.52,83.1,85.12,1796197,85.8425,,,85.97583564295513,87.40834493099776,88.43093634871867,89.13375693172829,45.480880648899195,-0.8948394464829761,-0.8741419377866492,-0.020697508696326916,1,2.1314285714285717,0.5,0.05,2801642.7,2566919.8,0.6411227955656158,0.699748001476322,49.44881889763785,44.15376957190699,2.0200000000000102,0.3999999999999915,0.0,,0,-1.0054460091108177,-0.8488016917293192,,,0,,,2.455464612421765,-2.2844679141315494,-1.890272014753347,89.05,-0.9954374232654002,89.05,0,25,20,20,85.155,85.6,85.3775,,85.12,,,,,,84.58,86.06,87.0,88.48,83.64,82.16,81.22,0,0,0,0,0,0,0,0,0,0,0,0,0,0,0,0,0,0,0,0,0,0,,,,,,,,,,,,,,,,,,USD,1.0,stock,25.0
2025-10-02,84.83,86.72,84.75,86.42,2059936,85.7995,,,86.01813701029275,87.36958630625276,88.39111582696187,89.10675437519369,53.1050493325595,-0.7510631855931678,-0.8495261873479529,0.09846300175478517,1,2.1553571428571425,0.5,0.05,2806330.8,2545814.0,0.7340317827107197,0.8091463084105909,69.92125984251972,45.56430446194227,1.5900000000000034,0.29999999999999716,0.0799999999999983,,0,0.46501155948536715,0.7180050914140326,,,0,,,1.5272556390977465,1.790341578327448,-0.9853345554537096,89.05,0.4671840191786161,89.05,0,25,20,20,85.155,85.6,85.3775,,86.42,,,,,,85.96333333333332,87.17666666666665,87.93333333333332,89.14666666666665,85.20666666666665,83.99333333333333,83.23666666666665,0,0,0,0,0,0,0,0,0,0,0,0,0,0,0,0,0,0,0,0,0,0,,,,,,,,,,,,,,,,,,USD,1.0,stock,25.0
2025-10-03,86.59,88.56,86.01,87.96,1990821,85.80850000000001,,,86.20307634264582,87.39273978443893,88.3825788798933,89.09534388389824,60.80773606370874,-0.5070098394761402,-0.7810229177735905,0.27401307829745025,1,2.2003571428571425,0.5,0.05,2524671.3,2575411.3,0.7885466119886577,0.7730108973273512,90.88145896656522,70.08384590224094,1.3699999999999903,0.6000000000000085,0.5799999999999983,,0,1.9974120706618674,2.4459981809913423,,,0,,,1.781994908585971,4.316888045540801,0.20505809979494138,88.56,2.0381217607253825,88.56,0,25,20,20,85.27000000000001,85.6,85.435,,87.96,,,,,,87.50999999999999,89.00999999999998,90.05999999999999,91.55999999999997,86.45999999999998,84.96,83.90999999999998,0,0,0,0,0,0,0,0,0,0,0,0,0,0,0,0,0,0,0,0,0,0,,,,,,,,,,,,,,,,,,USD,1.0,stock,25.0
2025-10-06,88.91,88.99,86.48,87.18,1453232,85.7965,,,86.29611669096525,87.38439704779427,88.3587654367271,89.07628573579976,57.92649478880966,-0.3722442852308916,-0.6992671912650508,0.3270229060341592,1,2.2403571428571416,0.5,0.05,2360401.7,2558946.1,0.6156714765965471,0.5679025439418204,74.17974322396589,78.32748734435029,1.7299999999999898,0.0799999999999983,0.7000000000000028,,0,1.013860184715253,1.5869465473732647,,,0,,,-0.8867667121418732,0.9728978457262061,-0.27453671928620027,88.99,1.0242445928361175,88.99,0,25,20,20,85.485,85.6,85.54249999999999,,87.18,,,,,,87.55,88.61999999999999,90.05999999999999,91.12999999999998,86.11,85.04,83.60000000000001,0,0,0,0,0,0,0,0,0,0,0,0,0,0,0,0,0,0,0,0,0,0,,,,,,,,,,,,,,,,,,USD,1.0,stock,25.0
2025-10-07,87.66,88.69,87.06,88.1,1642194,85.85600000000001,,,86.46791510134952,87.41245990866508,88.35364136867308,89.0665714498714,57.60088446655611,-0.18902632352615,-0.5972190177172707,0.4081926941911207,1,2.16892857142857,0.5,0.05,2207752.2,2494412.05,0.7438307614414335,0.658349128805724,87.30385164051354,84.12168461034823,0.4399999999999977,0.5900000000000034,0.5999999999999943,,0,1.8525367748586559,2.5471055618615046,,,0,,,1.055287910071101,6.042368801155518,1.3692325394085714,88.99,1.8875034707816187,88.99,0,25,20,20,85.485,85.515,85.5,,88.1,,,,,,87.95,88.84,89.58,90.47,87.21000000000001,86.32000000000001,85.58000000000001,0,0,0,0,0,0,0,0,0,0,0,0,0,0,0,0,0,0,0,0,0,0,,,,,,,,,,,,,,,,,,USD,1.0,stock,25.0
2025-10-08,88.74,88.8,87.23,88.53,1363614,86.0285,,,86.66430413931623,87.45628501028607,88.35713361879837,89.0612324304697,56.91011235955058,-0.0090233469936436,-0.4795798835725453,0.4705565365789017,1,2.178928571428569,0.5,0.05,2131755.4,2451926.05,0.6396671963396927,0.55613993741777,93.4379457917262,84.97384688540188,0.20999999999999375,0.060000000000002274,1.2999999999999972,,0,2.1074165375395593,2.825595843216997,,,0,,,0.48808172531216165,4.006109022556381,4.055007052186177,88.99,2.152784677858364,88.99,0,25,20,20,85.485,85.515,85.5,,88.53,,,,,,88.18666666666667,89.14333333333333,89.75666666666666,90.71333333333332,87.57333333333334,86.61666666666667,86.00333333333334,0,0,0,0,0,0,0,0,0,0,0,0,0,0,0,0,0,0,0,0,0,0,,,,,,,,,,,,,,,,,,USD,1.0,stock,25.0
2025-10-09,88.87,89.58,86.56,87.18,1720880,86.05350000000001,,,86.71341803080992,87.44545030400035,88.3338240421885,89.04251369981827,51.6871987145153,0.024415148545998022,-0.3787808771488366,0.40319602569483465,0,2.3017857142857117,0.5,0.05,2085369.7,2438059.5,0.825215787876845,0.7058400338465899,68.42105263157903,83.05428335460626,1.6899999999999977,0.7099999999999937,0.6200000000000045,,0,0.5351938164602981,1.2921541637990281,,,0,,,-1.524906811250415,0.8794260587826841,0.5768343331795212,89.58,0.5380735528431226,89.58,0,25,20,20,85.78,85.78,85.78,,87.18,,,,,,87.77333333333333,88.98666666666665,90.79333333333332,92.00666666666665,85.96666666666665,84.75333333333333,82.94666666666666,0,0,0,0,0,0,0,0,0,0,0,0,0,0,0,0,0,0,0,0,0,0,,,,,,,,,,,,,,,,,,USD,1.0,stock,25.0
2025-10-10,87.12,87.43,82.81,82.85,2601353,85.9285,,,86.34547345644707,87.26523656658857,88.22523346709565,88.9808966480788,40.929203539823,-0.2950779406869941,-0.36204028985646813,0.06696234916947402,0,2.510714285714283,0.5,0.05,2124969.3,2500891.35,1.224183803502479,1.040170337667808,11.447368421052513,57.76878894811926,4.27000000000001,0.3100000000000023,0.03999999999999204,,0,-4.219038571450903,-3.715751357875686,,,0,,,-4.966735489791252,-5.809458844929516,-2.9291154071470427,89.58,-4.0482416929593885,89.58,0,25,20,20,85.78,85.78,85.78,,82.85,,,,,,84.36333333333333,85.91666666666666,88.98333333333333,90.53666666666666,81.29666666666665,79.74333333333333,76.67666666666665,0,0,0,0,0,0,0,0,0,0,0,0,0,0,0,0,0,0,0,0,0,0,,,,,,,,,,,,,,,,,,USD,1.0,stock,25.0
2025-10-13,83.67,84.7466,83.35,84.22,1218067,85.9315,,,86.14304741297592,87.14581552476156,88.14592191329177,88.93352454212777,45.91439688715953,-0.43274257822639584,-0.37618074753045366,-0.05656183069594217,0,2.4793999999999983,0.5,0.05,1926858.2,2468201.7,0.6321518625501348,0.49350383317538427,29.47368421052627,36.44736842105261,0.5499999999999972,0.526600000000002,0.3200000000000074,,0,-2.2833619246923753,-2.032177630016624,,,0,,,1.6535908267954147,-3.3952741454462143,0.07129277566539916,89.58,-2.2323884175546893,89.58,0,25,20,20,86.195,85.78,85.9875,,84.22,,,,,,84.10553333333333,84.86106666666666,85.50213333333333,86.25766666666667,83.46446666666665,82.70893333333332,82.06786666666665,0,0,0,0,0,0,0,0,0,0,0,0,0,0,0,0,0,0,0,0,0,0,,,,,,,,,,,,,,,,,,USD,1.0,stock,25.0
2025-10-14,83.18,86.917,83.0905,86.47,1993730,86.0405,,,86.17418575459726,87.11931295516307,88.11273534075133,88.90901186011655,48.68744872846596,-0.35618076913928576,-0.3721807518522201,0.015999982712934346,1,2.629149999999998,0.5,0.05,1784002.4,2292284.15,1.1175601557486694,0.8697569190974863,59.07894736842103,33.33333333333328,3.289999999999992,0.44700000000000273,0.08950000000000102,,0,0.34210043414217434,0.4967040592112923,,,0,,,2.671574447874625,-1.8501702610669635,2.5863091707201136,89.58,0.3432747786502374,89.58,0,25,20,20,86.195,85.78,85.9875,,86.47,,,,,,85.49249999999999,87.89449999999998,89.31899999999999,91.72099999999998,84.06799999999998,81.666,80.24149999999999,0,0,0,0,0,0,0,0,0,0,0,0,0,0,0,0,0,0,0,0,0,0,,,,,,,,,,,,,,,,,,USD,1.0,stock,25.0
2025-10-15,86.64,87.29,85.26,86.1,1267123,86.078,,,86.16712044463561,87.07933989809786,88.07287919538992,88.88106149334922,52.661934338952946,-0.3216530751919606,-0.3620752165201683,0.04042214132820765,1,2.6077214285714265,0.5,0.05,1731095.0,2266368.85,0.7319777366349045,0.559098312704042,54.21052631578939,47.58771929824557,0.5400000000000063,0.6500000000000057,0.8399999999999892,,0,-0.0779563816906155,0.02555168408825942,,,0,,,-0.42789406730658897,-2.7448322602507735,0.8787346221441172,89.58,-0.0778956570548814,89.58,0,25,20,20,86.195,85.78,85.9875,,86.1,,,,,,86.21666666666665,87.1733333333333,88.24666666666666,89.2033333333333,85.1433333333333,84.18666666666665,83.1133333333333,0,0,0,0,0,0,0,0,0,0,0,0,0,0,0,0,0,0,0,0,0,0,,,,,,,,,,,,,,,,,,USD,1.0,stock,25.0
2025-10-16,86.0,86.335,83.65,83.66,1856018,85.95750000000001,,,85.92834706895604,86.94524813738813,87.98549544894655,88.8291106327189,48.64754098360656,-0.48557977565839394,-0.38677612834781344,-0.0988036473105805,0,2.7009357142857118,0.5,0.05,1710703.2,2258517.0,1.0849444836485955,0.8217861543658959,22.105263157894655,45.13157894736836,2.3400000000000034,0.33499999999999375,0.009999999999990905,,0,-2.711387842405028,-2.746234759741829,,,0,,,-2.8339140534262452,-4.037623308098204,-2.8000464738003883,89.58,-2.639812292834792,89.58,0,25,20,20,86.195,85.78,85.9875,,83.66,,,,,,84.54833333333333,85.44666666666666,87.23333333333332,88.13166666666665,82.76166666666667,81.86333333333334,80.07666666666668,0,0,0,0,0,0,0,0,0,0,0,0,0,0,0,0,0,0,0,0,0,0,,,,,,,,,,,,,,,,,,USD,1.0,stock,25.0
2025-10-17,83.68,85.6,83.65,85.42,2372269,85.901,,,85.8799330623888,86.88543448494154,87.9346935588684,88.79518913388587,48.094449047224515,-0.4680798426829966,-0.4030368712148501,-0.06504297146814653,1,2.6470071428571393,0.5,0.05,1748848.0,2136759.65,1.3564752339825987,1.1102179882515097,45.26315789473685,40.52631578947364,1.7399999999999949,0.1799999999999926,0.030000000000001137,,0,-0.5384372071983135,-0.5630999765862732,,,0,,,2.103753287114518,3.101991550995775,-1.3056036972847962,89.58,-0.5355535874191634,89.58,0,25,20,20,86.195,85.78,85.9875,,85.42,,,,,,84.89,86.13,86.83999999999999,88.07999999999998,84.18,82.94000000000001,82.23000000000002,0,0,0,0,0,0,0,0,0,0,0,0,0,0,0,0,0,0,0,0,0,0,,,,,,,,,,,,,,,,,,USD,1.0,stock,25.0
2025-10-20,85.84,87.22,85.515,87.02,1262694,85.90450000000001,,,85.98851086597082,86.89071156396344,87.91658081512844,88.77752556041438,58.76334519572954,-0.32139949812753343,-0.3867093965973868,0.06530989846985336,1,2.4641499999999965,0.5,0.05,1729794.2,2045097.95,0.72996776148284,0.6174247057457566,62.18611521418015,43.18484542227056,1.1799999999999926,0.20000000000000284,0.32500000000000284,,0,1.185347200677054,1.2818892208687462,,,0,,,1.873097635214238,3.3246259795773003,0.08050603795284328,89.58,1.1995662253495016,89.58,0,25,20,20,86.195,85.78,85.9875,,87.02,,,,,,86.585,87.65499999999999,88.28999999999999,89.35999999999999,85.94999999999999,84.88,84.24499999999999,0,0,0,0,0,0,0,0,0,0,0,0,0,0,0,0,0,0,0,0,0,0,,,,,,,,,,,,,,,,,,USD,1.0,stock,25.0
2025-10-21,86.99,88.215,86.495,87.66,1282459,85.982,,,86.14770030730693,86.92087973792566,87.91150000690808,88.76640590309682,56.024667931688796,-0.1517621968589964,-0.3397199566497087,0.18795775979071233,1,2.4127214285714254,0.5,0.05,1693820.7,1950786.45,0.7571397610148465,0.6574061450959945,71.63958641063512,59.69628650651739,0.6700000000000017,0.5550000000000068,0.49499999999999034,,0,1.7251878766747233,1.9142140086698578,,,0,,,0.7354631119282917,1.3761998380941387,1.800023226106151,89.58,1.7554730855244796,89.58,0,25,20,20,86.195,85.78,85.9875,,87.66,,,,,,87.45666666666666,88.41833333333332,89.17666666666666,90.13833333333332,86.69833333333332,85.73666666666666,84.97833333333332,0,0,0,0,0,0,0,0,0,0,0,0,0,0,0,0,0,0,0,0,0,0,,,,,,,,,,,,,,,,,,USD,1.0,stock,25.0
2025-10-22,86.5,87.375,85.62,85.67,1787002,85.91,,,86.10220503994438,86.87182563055603,87.86711386815743,88.73559589411079,48.27744602664217,-0.17587243436244648,-0.3069504521922563,0.13107801782980982,0,2.417721428571425,0.5,0.05,1736159.5,1933957.45,1.0292844637834255,0.9240130903603904,42.24519940915807,58.69030034465779,0.8299999999999983,0.875,0.04999999999999716,,0,-0.5044998715354011,-0.28014474144974305,,,0,,,-2.270134610997032,-0.49941927990707624,-1.6530823097233305,89.58,-0.5019674464130975,89.58,0,25,20,20,85.5125,85.78,85.64625000000001,,85.67,,,,,,86.22166666666668,86.82333333333335,87.97666666666667,88.57833333333335,85.06833333333336,84.46666666666668,83.31333333333336,0,0,0,0,0,0,0,0,0,0,0,0,0,0,0,0,0,0,0,0,0,0,,,,,,,,,,,,,,,,,,USD,1.0,stock,25.0
2025-10-23,86.83,88.2,86.525,87.48,1184660,86.039,,,86.23342360756872,86.89567560582836,87.8594482470058,88.7231024026271,48.9110707803993,-0.048370512926567244,-0.2552344643391185,0.20686395141255126,1,2.4162928571428535,0.5,0.05,1682537.5,1883953.6,0.7040912906844573,0.6288159113897497,68.98079763663226,60.955194485475154,0.6500000000000057,0.7199999999999989,0.3049999999999926,,0,1.424984444937448,1.6472336534064955,,,0,,,2.1127582584335336,4.566100884532642,3.0388692579505383,89.58,1.4455837890702363,89.58,0,25,20,20,85.65275,85.78,85.716375,,87.48,,,,,,87.40166666666669,88.27833333333336,89.07666666666668,89.95333333333336,86.60333333333337,85.72666666666669,84.92833333333337,0,0,0,0,0,0,0,0,0,0,0,0,0,0,0,0,0,0,0,0,0,0,,,,,,,,,,,,,,,,,,USD,1.0,stock,25.0
2025-10-24,88.69,89.01,87.34,87.36,1286687,86.191,,,86.34071659732408,86.91388440559979,87.84955818270866,88.70953919464077,50.42095416276892,0.0425027362089736,-0.1956870242295001,0.2381897604384737,1,2.3562928571428543,0.5,0.05,1551070.9,1838020.1,0.8295475081119761,0.7000396785649949,67.2082717872969,59.47808961102908,1.3299999999999983,0.3200000000000074,0.01999999999999602,,0,1.1667621367627339,1.338141025641022,,,0,,,-0.1371742112482921,2.2711308826972587,3.6053130929791344,89.58,1.1805361859916677,89.58,0,25,20,20,86.05025,85.78,85.915125,,87.36,,,,,,87.90333333333335,88.4666666666667,89.57333333333335,90.1366666666667,86.7966666666667,86.23333333333335,85.1266666666667,0,0,0,0,0,0,0,0,0,0,0,0,0,0,0,0,0,0,0,0,0,0,,,,,,,,,,,,,,,,,,USD,1.0,stock,25.0
2025-10-27,88.19,88.77,86.73,86.79,1435156,86.2135,,,86.38350549281702,86.90902619361549,87.82857683255602,88.69043930215679,46.8854018069425,0.06774527913616168,-0.14300056355636775,0.21074584269252944,0,2.385578571428568,0.5,0.05,1572779.8,1749819.0,0.9124964600893272,0.8201739722794186,58.788774002954305,64.99261447562783,1.3999999999999915,0.5799999999999983,0.060000000000002274,,0,0.46836560339092514,0.6642470330683373,,,0,,,-0.6524725274725252,-0.2643070558492222,0.521195274496189,89.58,0.4705695894881053,89.58,0,25,20,20,86.33000000000001,85.78,86.055,,86.79,,,,,,87.43,88.13000000000001,89.47,90.17,86.09000000000002,85.39000000000001,84.05000000000003,0,0,0,0,0,0,0,0,0,0,0,0,0,0,0,0,0,0,0,0,0,0,,,,,,,,,,,,,,,,,,USD,1.0,stock,25.0
2025-10-28,86.79,87.22,85.59,85.63,1472651,86.341,,,86.31174306492969,86.85886830366978,87.78504065765392,88.65998716979703,43.33639705882352,-0.005785438275722754,-0.11555753850023875,0.109772100224516,0,2.3898642857142827,0.5,0.05,1520671.9,1652337.15,0.9684212616804454,0.8912533377343722,41.65435745937954,55.88380108321025,1.1600000000000108,0.4299999999999926,0.03999999999999204,,0,-0.7961497897111888,-0.8303164778699037,,,0,,,-1.3365595114644635,-2.315765457449237,3.0693307655272006,89.58,-0.7898613105482489,89.58,0,25,20,20,86.33000000000001,85.78,86.055,,85.63,,,,,,86.14666666666666,86.70333333333332,87.77666666666666,88.33333333333331,85.07333333333332,84.51666666666667,83.44333333333333,0,0,0,0,0,0,0,0,0,0,0,0,0,0,0,0,0,0,0,0,0,0,,,,,,,,,,,,,,,,,,USD,1.0,stock,25.0
2025-10-29,81.5,82.54,78.67,79.21,4705535,86.0455,,,85.63538658255544,86.55891268391802,87.61523787235384,88.56595744671448,35.14722325754751,-0.5754657959257656,-0.20753918998534415,-0.3679266059404215,0,2.6712928571428542,0.5,0.05,1864513.1,1797804.05,2.5237339442667364,2.61737924108025,5.222437137330676,35.22185619988818,2.2900000000000063,1.0400000000000063,0.539999999999992,,0,-8.111837624738603,-8.629592223204154,,,0,,,-7.497372416209281,-7.540562624022417,-6.943139097744377,89.58,-7.503190957585221,89.58,0,25,20,20,83.84,84.125,83.9825,,79.21,,,,,,80.14,81.61,84.01,85.48,77.74,76.27,73.86999999999999,0,0,0,0,0,0,0,0,0,0,0,0,0,0,0,0,0,0,0,0,0,0,,,,,,,,,,,,,,,,,,USD,1.0,stock,25.0
2025-10-30,79.35,81.22,78.62,78.69,2065720,85.65899999999999,,,84.97392119374064,86.250327872784,87.43850048874287,88.46768921341383,40.964378801042585,-1.0567200271794945,-0.3773753574241743,-0.6793446697553203,0,2.5270071428571392,0.5,0.05,1885483.3,1798093.25,1.0955917774503756,1.148839193962827,0.6737247353223598,15.850173110677531,0.6599999999999966,1.8700000000000045,0.06999999999999318,,0,-7.985666785793162,-8.8562714449104,,,0,,,-0.6564827673273488,-10.048010973936904,-8.94468872946078,89.58,-7.3951173553745875,89.58,0,25,20,20,83.815,84.1,83.9575,,78.69,,,,,,79.51,80.4,82.11,83.0,77.80000000000001,76.91000000000001,75.20000000000002,0,0,0,0,0,0,0,0,0,0,0,0,0,0,0,0,0,0,0,0,0,0,,,,,,,,,,,,,,,,,,USD,1.0,stock,25.0
2025-10-31,78.0,79.06,77.045,77.76,2876775,85.149,85.99799999999999,,84.28688108005105,85.91737383855717,87.24684701371827,88.36114504213609,35.69530558015944,-1.4959167037779508,-0.6010836266949295,-0.8948330770830213,0,2.5354642857142813,0.5,0.05,1935933.9,1842390.95,1.4859882354454355,1.5614356985416151,5.975762641036383,3.9573081712298106,0.23999999999999488,1.0600000000000023,0.7150000000000034,,0,-8.39362278813148,-9.50231481481481,-10.594135802469117,,0,,,-1.1818528402592343,-10.989010989010984,-11.596180081855378,89.58,-7.743650015774303,89.58,0,25,20,20,83.0275,83.3125,83.17,,77.76,,,,,,77.955,78.865,79.97,80.88,76.85,75.94,74.835,0,0,0,0,0,0,0,0,0,0,0,0,0,0,0,0,0,0,0,0,0,0,,,,,,,,,,,,,,,,,,USD,1.0,stock,25.0
2025-11-03,77.29,77.5,74.71,77.1,4338585,84.64500000000001,85.7398,,83.60241621528428,85.57159447233923,87.04591935008028,88.24909384768698,27.679847546450702,-1.87561875292171,-0.8559906519402858,-1.0196281009814243,0,2.479999999999997,0.5,0.05,2243523.0,1986658.6,1.93382684287168,2.183860377419653,16.713286713286703,7.787591363215153,0.19000000000001194,0.20999999999999375,2.3900000000000006,,0,-8.433743469888826,-9.785992217898853,-11.20596627756162,,0,,,-0.8487654320987748,-11.164880746629812,-11.562284927735734,89.58,-7.777785032599939,89.58,0,25,20,20,81.86,82.145,82.0025,,77.1,,,,,,76.43666666666665,78.16333333333331,79.22666666666666,80.95333333333332,75.3733333333333,73.64666666666665,72.5833333333333,0,0,0,0,0,0,0,0,0,0,0,0,0,0,0,0,0,0,0,0,0,0,,,,,,,,,,,,,,,,,,USD,1.0,stock,27.0
2025-11-04,80.7,80.99,77.1,79.96,4159888,84.238,85.5626,,83.25551943287626,85.35153194401221,86.90560411542522,88.16661530193886,36.92504258943782,-1.923583392530972,-1.0695092000584232,-0.8540741924725488,1,2.61285714285714,0.5,0.05,2531265.9,2112543.3,1.6434022202092637,1.9691373899886455,36.713286713286685,19.80077868920326,0.7400000000000091,0.28999999999999204,2.8599999999999994,,0,-4.12146002110588,-5.3501750875437795,-7.006753376688357,,0,,,3.709468223086909,-6.62151115263343,-9.239500567536895,89.58,-3.958319466775093,89.58,0,25,20,20,81.86,82.145,82.0025,82.6725,79.96,,,,,,79.34999999999998,81.59999999999997,83.23999999999998,85.48999999999997,77.70999999999997,75.45999999999998,73.81999999999996,0,0,0,0,0,0,0,0,0,0,0,0,0,0,0,0,0,0,0,0,0,0,,,,,,,,,,,,,,,,,,USD,1.0,stock,25.0
2025-11-05,80.52,80.85,78.19,79.2,2808449,83.77149999999999,85.38199999999999,,82.86927948688805,85.11029539718821,86.75301789531778,88.07739524918325,39.770642201834875,-1.999868128492281,-1.255580985745195,-0.7442871427470861,1,2.611071428571426,0.5,0.05,2633410.6,2184785.05,1.0664683281824718,1.285457807393913,31.398601398601436,28.27505827505828,1.3199999999999932,0.3299999999999983,1.0100000000000051,,0,-4.6329286450606615,-5.772095959595942,-7.80555555555554,,0,,,-0.9504752376187975,-0.012624668602434497,-10.538800406641812,89.58,-4.427792192242499,89.58,0,25,20,20,81.86,82.145,82.0025,82.1825,79.2,,,,,,79.41333333333334,80.63666666666668,82.07333333333334,83.29666666666668,77.97666666666669,76.75333333333334,75.31666666666669,0,0,0,0,0,0,0,0,0,0,0,0,0,0,0,0,0,0,0,0,0,0,,,,,,,,,,,,,,,,,,USD,1.0,stock,25.0
2025-11-06,79.19,79.99,76.3,76.37,3778445,83.231,85.1526,,82.25030048813682,84.76753871494554,86.54741358055902,87.96090375416651,30.214254481853956,-2.2625998375389855,-1.456984756103953,-0.8056150814350325,0,2.735357142857141,0.5,0.05,2892789.1,2287663.3,1.306159857972363,1.6516613262100241,11.608391608391674,26.5734265734266,2.819999999999993,0.7999999999999972,0.07000000000000739,,0,-7.699751850382102,-8.983894199292902,-11.500065470734585,,0,,,-3.5732323232323226,-2.948278053119824,-12.399632943335625,89.01,-7.149275386519643,89.01,0,25,20,20,81.74,82.145,81.9425,82.145,76.37,,,,,,77.55333333333333,78.80666666666666,81.24333333333333,82.49666666666666,75.11666666666666,73.86333333333333,71.42666666666666,0,0,0,0,0,0,0,0,0,0,0,0,0,0,0,0,0,0,0,0,0,0,,,,,,,,,,,,,,,,,,USD,1.0,stock,25.0
2025-11-07,75.89,76.86,74.88,76.03,1958588,82.89,84.90880000000001,,81.65789091783807,84.42489013788887,86.3391479651024,87.84218829392606,24.571957427117084,-2.4697816627175655,-1.6595441374266757,-0.8102375252908898,0,2.748214285714284,0.5,0.05,2959979.2,2255525.05,0.6616897848471367,0.86835125151902,9.230769230769274,17.412587412587467,0.14000000000000057,0.8299999999999983,1.0100000000000051,,0,-7.402197708586181,-9.022754175983163,-11.678021833486797,,0,,,-0.44520099515517053,-2.2247942386831365,-8.231744115872052,89.01,-6.8920356068229855,89.01,0,25,20,20,80.965,82.145,81.555,82.145,76.03,,,,,,75.92333333333333,76.96666666666667,77.90333333333334,78.94666666666667,74.98666666666666,73.94333333333333,73.00666666666666,0,0,0,0,0,0,0,0,0,0,0,0,0,0,0,0,0,0,0,0,0,0,,,,,,,,,,,,,,,,,,USD,1.0,stock,27.0
2025-11-10,76.75,77.055,74.91,75.69,2550567,82.4635,84.64620000000001,,81.08952035423445,84.0823454265991,86.12827374797166,87.72127099746909,21.914594087282964,-2.631080452669835,-1.8538514004753077,-0.7772290521945271,1,2.778571428571428,0.5,0.05,3071520.3,2322150.05,0.8303923630262187,1.0983644230914364,6.8531468531468756,9.230769230769281,1.0600000000000023,0.3050000000000068,0.7800000000000011,,0,-7.1337301548876395,-8.949002510239131,-11.832738803012301,,0,,,-0.44719189793502867,-1.8287937743190597,-10.128235573497978,89.01,-6.65871536870238,89.01,0,25,20,20,78.625,82.145,80.38499999999999,82.145,75.69,,,,,,75.885,76.86000000000001,78.03000000000002,79.00500000000002,74.715,73.74,72.57,0,0,0,0,0,0,0,0,0,0,0,0,0,0,0,0,0,0,0,0,0,0,,,,,,,,,,,,,,,,,,USD,1.0,stock,27.0
2025-11-11,76.67,77.795,76.3262,77.23,1734096,82.0015,84.45099999999998,,80.7219469871645,83.81362599810502,85.95207030741777,87.61688024127538,29.769894534995217,-2.6046213228299138,-2.004005384946229,-0.6006159378836848,1,2.783214285714286,0.5,0.05,3097664.8,2309168.35,0.5598075040269044,0.7509612714031871,17.62237762237768,11.235431235431284,0.5600000000000023,0.5649999999999977,0.34380000000000166,,0,-4.521490336869735,-6.178298588631346,-9.349993525831898,,0,,,2.034614876469809,-3.4142071035517585,-10.685786978142698,89.01,-4.3258953946189465,89.01,0,25,20,20,77.965,82.145,80.055,82.145,77.23,,,,,,77.11706666666667,77.90793333333335,78.58586666666667,79.37673333333335,76.43913333333334,75.64826666666667,74.97033333333334,0,0,0,0,0,0,0,0,0,0,0,0,0,0,0,0,0,0,0,0,0,0,,,,,,,,,,,,,,,,,,USD,1.0,stock,27.0
2025-11-12,77.09,78.48,77.09,77.39,1612959,81.566,84.26360000000001,,80.40461870267265,83.56171909621855,85.78252436073623,87.51512023887463,23.73763664757938,-2.541445408307723,-2.111493389618528,-0.4299520186891952,1,2.7017857142857147,0.5,0.05,2788407.2,2326460.15,0.5784517411947581,0.6933103926151497,18.741258741258775,14.405594405594451,0.29999999999999716,1.0900000000000034,0.0,,0,-3.8953594814222114,-5.396046000775296,-8.881767670241647,,0,,,0.20717337822089288,-2.2853535353535404,-10.11614401858304,89.01,-3.7493103646450643,89.01,0,25,20,20,77.85,82.145,79.9975,82.145,77.39,,,,,,77.65333333333332,78.21666666666664,79.04333333333332,79.60666666666664,76.82666666666664,76.26333333333332,75.43666666666664,0,0,0,0,0,0,0,0,0,0,0,0,0,0,0,0,0,0,0,0,0,0,,,,,,,,,,,,,,,,,,USD,1.0,stock,27.0
2025-11-13,77.53,78.08,75.17,75.44,1587456,81.155,84.02680000000001,,79.93179787384668,83.24322030813155,85.5777218981474,87.39496978873657,21.67300380228137,-2.6185418239007845,-2.2129030764749795,-0.40563874742580497,1,2.7903571428571428,0.5,0.05,2740580.8,2313032.05,0.5792407215288088,0.6863095563245655,5.192034139402588,13.85189016767969,2.0900000000000034,0.5499999999999972,0.269999999999996,,0,-5.954132918672691,-7.575556733828212,-11.38229056203607,,0,,,-2.51970538829307,-1.217755663218545,-9.825484102318905,89.01,-5.619538147929455,89.01,0,25,20,20,77.85,82.145,79.9975,82.145,75.44,,,,,,76.23,77.29,79.14,80.2,74.38000000000001,73.32000000000001,71.47000000000001,0,0,0,0,0,0,0,0,0,0,0,0,0,0,0,0,0,0,0,0,0,0,,,,,,,,,,,,,,,,,,USD,1.0,stock,27.0
2025-11-14,75.11,75.4,73.27,74.11,2218595,80.58950000000002,83.7534,,79.37734093348033,82.8850548058519,85.35063829620388,87.26278103461979,20.91743119266056,-2.7552009321414914,-2.3213626476082823,-0.43383828453320916,0,2.7996428571428575,0.5,0.05,2674762.8,2305348.35,0.8294548585766185,0.9623686589490911,6.021505376344109,9.984932752335164,1.0,0.29000000000000625,0.8400000000000034,,0,-7.107463140575263,-8.743084603967096,-13.01227904466334,,0,,,-1.7629904559915088,-2.5253189530448528,-13.240458908920626,89.01,-6.635824369443738,89.01,0,25,20,20,77.13,81.14,79.13499999999999,81.425,74.11,,,,,,74.26,75.25000000000001,76.39000000000001,77.38000000000002,73.12,72.13,70.99,0,0,0,0,0,0,0,0,0,0,0,0,0,0,0,0,0,0,0,0,0,0,,,,,,,,,,,,,,,,,,USD,1.0,stock,27.0
2025-11-17,73.92,74.25,72.26,72.58,1627678,79.86749999999999,83.4566,,78.72997513029173,82.48093500954397,85.09775436954638,87.11668371089223,20.568335588633303,-2.952923014869782,-2.4476747210605825,-0.5052482938091996,0,2.8253571428571433,0.5,0.05,2403672.1,2323597.55,0.677163078940759,0.7004991032117417,3.1128404669260035,4.77545999422424,1.3400000000000034,0.3299999999999983,0.3199999999999932,,0,-8.47337438728539,-10.0406448057316,-14.985670983742072,,0,,,-2.06449871812171,-4.108865107676052,-16.59388646288209,89.01,-7.811478563423938,89.01,0,25,20,20,76.555,80.635,78.595,80.92,72.58,,,,,,73.02999999999999,73.79999999999997,75.01999999999998,75.78999999999996,71.80999999999997,71.03999999999999,69.81999999999998,0,0,0,0,0,0,0,0,0,0,0,0,0,0,0,0,0,0,0,0,0,0,,,,,,,,,,,,,,,,,,USD,1.0,stock,27.0
2025-11-18,72.41,73.33,71.77,72.03,2053413,79.086,83.15899999999999,,78.09188226074014,82.0710944209344,84.83898695628804,86.96656745506246,27.975460122699403,-3.1180565780914407,-2.5817510924667544,-0.5363054856246863,0,2.439642857142858,0.5,0.05,2193024.6,2362145.25,0.9363383338244359,0.8693000568021801,2.7513227513228045,3.961889531530979,0.37999999999999545,0.9200000000000017,0.2600000000000051,,0,-8.41577434505086,-9.795918367346935,-15.450506733305556,,0,,,-0.757784513640114,-6.733134792179207,-17.830253251197803,89.01,-7.762499872266085,89.01,0,25,20,20,75.88,80.39,78.13499999999999,80.675,72.03,,,,,,72.37666666666667,72.98333333333333,73.93666666666667,74.54333333333334,71.42333333333333,70.81666666666666,69.86333333333333,0,0,0,0,0,0,0,0,0,0,0,0,0,0,0,0,0,0,0,0,0,0,,,,,,,,,,,,,,,,,,USD,1.0,stock,27.0
2025-11-19,72.34,72.56,70.91,72.03,1661449,78.404,82.89800000000001,,77.51456014066964,81.67732601227031,84.58534365022292,86.81794489332054,28.897338403041843,-3.2119013176173468,-2.707781137496873,-0.5041201801204735,1,2.3717857142857164,0.5,0.05,2078324.6,2355867.6,0.7994174730934716,0.7052386984735475,11.111111111111159,5.658424776453329,0.3100000000000023,0.21999999999999886,1.1200000000000045,,0,-7.614272026474585,-8.849090656670825,-15.08815771206443,,0,,,0.0,-6.925959426282469,-15.921559472394076,89.01,-7.075522496311056,89.01,0,25,20,20,74.695,79.96000000000001,77.3275,80.245,72.03,,,,,,71.83333333333333,72.75666666666666,73.48333333333333,74.40666666666667,71.10666666666665,70.18333333333332,69.45666666666665,0,0,0,0,0,0,0,0,0,0,0,0,0,0,0,0,0,0,0,0,0,0,,,,,,,,,,,,,,,,,,USD,1.0,stock,27.0
2025-11-20,73.15,73.46,71.38,71.47,1690401,77.6035,82.59379999999999,,76.93888774632016,81.27703871767147,84.32563387497098,86.66522902373526,29.591174561972736,-3.2934958990964134,-2.824924089816782,-0.4685718092796316,1,2.376428571428573,0.5,0.05,1869520.2,2381154.65,0.9041897487922302,0.7099081111762313,5.555555555555579,6.472663139329854,1.6800000000000068,0.30999999999998806,0.09000000000000341,,0,-7.652004682132592,-8.58192248495872,-15.564292710228052,,0,,,-0.7774538386783325,-5.262460233297983,-18.30132601737541,89.01,-7.108093067776028,89.01,0,25,20,20,74.695,79.96000000000001,77.3275,80.245,71.47,,,,,,72.10333333333332,72.82666666666665,74.18333333333332,74.90666666666665,70.74666666666666,70.02333333333333,68.66666666666666,0,0,0,0,0,0,0,0,0,0,0,0,0,0,0,0,0,0,0,0,0,0,,,,,,,,,,,,,,,,,,USD,1.0,stock,27.0
2025-11-21,72.24,74.66,72.125,73.49,2099414,76.91,82.3566,,76.61042224667062,80.97166465031181,84.11106686754582,86.53413221752895,39.236732259988074,-3.15875095980968,-2.8916894638153616,-0.2670614959943185,1,2.386428571428572,0.5,0.05,1883602.8,2421791.0,1.114573624545472,0.8668848798265416,25.595238095238084,14.087301587301615,1.25,1.1700000000000017,0.11499999999999488,,0,-4.246050138346209,-4.653694380187783,-12.065042862974561,,0,,,2.8263607107877453,-0.8365942517878922,-15.876831501831512,88.77,-4.073104096233117,88.77,0,25,20,20,74.695,79.96000000000001,77.3275,80.245,73.49,,,,,,73.425,74.725,75.96,77.25999999999999,72.19,70.89,69.655,0,0,0,0,0,0,0,0,0,0,0,0,0,0,0,0,0,0,0,0,0,0,,,,,,,,,,,,,,,,,,USD,1.0,stock,25.0
2025-11-24,72.89,73.46,72.27,72.8,3175899,76.2105,82.1294,,76.24752488984485,80.65120721304469,83.88708534541618,86.39747418551373,25.47945205479452,-3.0722271360401834,-2.9277969982603262,-0.14443013777985714,1,2.195714285714286,0.5,0.05,1946136.0,2508828.15,1.6318998261169826,1.2658894153431752,19.014084507042263,16.72162605261198,0.09000000000000341,0.5699999999999932,0.5300000000000011,,0,-4.7356111124242535,-4.684752747252746,-12.815109890109898,,0,,,-0.9389032521431417,0.3031138054560456,-16.11936859085149,87.22,-4.521490887508167,87.22,0,25,20,20,74.695,79.96000000000001,77.3275,80.245,72.8,,,,,,72.84333333333332,73.41666666666664,74.03333333333332,74.60666666666664,72.22666666666665,71.65333333333332,71.03666666666665,0,0,0,0,0,0,0,0,0,0,0,0,0,0,0,0,0,0,0,0,0,0,,,,,,,,,,,,,,,,,,USD,1.0,stock,27.0
2025-11-25,73.19,74.74,73.0549,74.02,2017412,75.63,81.92399999999999,,76.03537966224057,80.39115987135666,83.69169751679406,86.2743152383942,32.802124833997325,-2.8721047426476645,-2.916658547137794,0.04455380449012969,1,2.144285714285715,0.5,0.05,1974467.6,2536066.2,1.021749863102337,0.7954886982051178,34.25110132158591,26.286807974622093,0.8299999999999983,0.7199999999999989,0.13509999999999422,,0,-2.722750151635472,-2.1750878141042955,-10.678195082410156,,0,,,1.6758241758241699,2.762737748160471,-13.558332360154147,82.54,-2.650581441419988,82.54,0,25,20,20,74.495,79.96000000000001,77.2275,80.245,74.02,,,,,,73.93829999999998,74.82169999999996,75.62339999999998,76.50679999999996,73.13659999999997,72.25319999999999,71.45149999999998,0,0,0,0,0,0,0,0,0,0,0,0,0,0,0,0,0,0,0,0,0,0,,,,,,,,,,,,,,,,,,USD,1.0,stock,25.0
2025-11-26,73.82,75.38,73.765,74.97,2215758,75.41799999999999,81.71640000000001,,75.93391493250337,80.17856536659758,83.5189906352734,86.16183448975346,44.688922610015155,-2.6067996795321875,-2.854686773616673,0.2478870940844855,1,1.9960714285714292,0.5,0.05,2034747.5,2411577.35,1.088959686644166,0.9188003030464686,53.632760898282676,35.63264890897029,1.1500000000000057,0.4099999999999966,0.05499999999999261,,0,-1.2857342036859696,-0.5975723622782356,-8.998799519807935,,0,,,1.283436908943525,4.081632653061229,-5.352859487438444,81.22,-1.2694129274912038,81.22,0,25,20,20,73.155,79.96000000000001,76.5575,80.245,74.97,,,,,,74.705,75.645,76.32,77.25999999999999,74.03,73.09,72.415,0,0,0,0,0,0,0,0,0,0,0,0,0,0,0,0,0,0,0,0,0,0,,,,,,,,,,,,,,,,,,USD,1.0,stock,25.0
2025-11-28,75.24,76.46,75.005,75.76,1144821,75.2715,81.5102,,75.91735160559828,80.00528829339768,83.3653472563571,86.0583336490594,49.009537784299354,-2.306212525472702,-2.744991923987879,0.43877939851517667,1,1.9610714285714284,0.5,0.05,1990484.0,2365532.4,0.5751470496622932,0.48395912903158717,64.06869220607666,50.650851475315086,0.5200000000000102,0.6999999999999886,0.23499999999999943,,0,-0.20769747307059044,0.6447993664202771,-7.590021119324171,,0,,,1.0537548352674397,6.002518539247248,-3.7234718515694376,80.99,-0.20726698478069133,80.99,0,25,20,20,73.685,79.96000000000001,76.8225,80.245,75.76,,,,,,75.74166666666666,76.47833333333332,77.19666666666666,77.93333333333332,75.02333333333333,74.28666666666666,73.56833333333333,0,0,0,0,0,0,0,0,0,0,0,0,0,0,0,0,0,0,0,0,0,0,,,,,,,,,,,,,,,,,,USD,1.0,stock,25.0
2025-12-01,74.8,77.53,74.72,76.24,2423104,75.19550000000001,81.304,,75.94808002411273,79.85762992895071,83.2242512710827,85.96063878687971,51.99709513435003,-2.006137546930674,-2.597221048576438,0.5910835016457643,1,2.008571428571428,0.5,0.05,2010934.9,2342848.85,1.2049639200155113,1.0342553682026905,70.40951122853359,62.70365477763098,1.4399999999999977,1.2900000000000063,0.0799999999999983,,0,0.38289608589620666,1.3700157397691306,-6.6421825813221504,,0,,,0.6335797254487741,3.742005715063268,-1.954732510288082,80.99,0.3843678152161139,80.99,0,25,20,20,74.22,79.96000000000001,77.09,80.245,76.24,,,,,,76.16333333333334,77.60666666666668,78.97333333333334,80.41666666666669,74.79666666666668,73.35333333333334,71.98666666666668,0,0,0,0,0,0,0,0,0,0,0,0,0,0,0,0,0,0,0,0,0,0,,,,,,,,,,,,,,,,,,USD,1.0,stock,25.0
2025-12-02,76.78,79.24,75.7,78.69,3831266,75.275,81.1388,,76.20921525991152,79.81184051997226,83.13446411719987,85.88829412233365,54.972752043596714,-1.552732506227585,-2.388323340106668,0.835590833879083,1,2.111071428571427,0.5,0.05,2231293.7,2317482.9,1.71706037622927,1.653201410892827,93.39735894357746,75.95852079272925,1.9099999999999966,0.5499999999999972,1.0799999999999983,,0,3.152604829188564,4.339814461812164,-3.1119583174482215,,0,,,3.213536201469047,8.090659340659334,2.0622568093385363,80.99,3.2552293467761935,80.99,0,25,20,20,75.07499999999999,79.84,77.4575,80.245,78.69,,,,,,77.87666666666667,80.05333333333333,81.41666666666666,83.59333333333332,76.51333333333334,74.33666666666667,72.97333333333334,0,0,0,0,0,0,0,0,0,0,0,0,0,0,0,0,0,0,0,0,0,0,,,,,,,,,,,,,,,,,,USD,1.0,stock,25.0
2025-12-03,79.11,80.78,79.11,79.96,2230791,75.275,81.0158,,76.56643285420566,79.81765069565964,83.07160344161174,85.8293061211164,58.138062064597825,-1.0784951380843921,-2.126357699702213,1.047862561617821,1,2.1610714285714274,0.5,0.05,2249031.5,2221028.05,0.9918896200431163,1.0043956896447122,91.69199594731504,85.16628870647537,0.8499999999999943,0.8200000000000074,0.0,,0,4.244080972729285,5.859179589794882,-1.3204102051025575,,0,,,1.6139280721819693,8.024858146446912,0.0,80.85,4.432186559162568,80.85,0,25,20,20,76.08,79.065,77.57249999999999,80.245,79.96,,,,,,79.94999999999999,80.78999999999998,81.61999999999999,82.45999999999998,79.11999999999998,78.27999999999999,77.44999999999997,0,0,0,0,0,0,0,0,0,0,0,0,0,0,0,0,0,0,0,0,0,0,,,,,,,,,,,,,,,,,,USD,1.0,stock,25.0
2025-12-04,80.32,80.69,79.19,79.74,3017641,75.302,80.8684,,76.86867734428131,79.81460557033965,83.00563109623329,85.76871601045853,65.29160739687055,-0.7122009591906107,-1.8435263515998928,1.131325392409282,1,2.060357142857142,0.5,0.05,2384650.7,2231487.65,1.2654436140269933,1.3523001124384444,89.46301925025323,91.51745804704859,0.5799999999999983,0.37000000000000455,0.5499999999999972,,0,3.6008561019797916,5.565588161524942,-1.415099071983947,,0,,,-0.27513756878438933,6.362545018007193,0.6818181818181612,80.78,3.7353610793360414,80.78,0,25,20,20,76.4525,76.725,76.58875,80.245,79.74,,,,,,79.87333333333333,80.55666666666667,81.37333333333333,82.05666666666667,79.05666666666667,78.37333333333333,77.55666666666667,0,0,0,0,0,0,0,0,0,0,0,0,0,0,0,0,0,0,0,0,0,0,,,,,,,,,,,,,,,,,,USD,1.0,stock,25.0
2025-12-05,79.23,81.0725,78.75,78.85,2180867,75.426,80.7474,,77.05737474006405,79.77677790091457,82.9233413715554,85.69987306508084,67.40088105726872,-0.4880992411491576,-1.572440929509746,1.0843416883605883,0,2.071249999999999,0.5,0.05,2433697.3,2151608.75,0.8961126759683713,1.0135983133550652,78.13038130381295,86.4284655004604,0.38000000000000966,1.8425000000000011,0.09999999999999432,,0,2.2734625997919413,4.342422320862387,-2.4063411540900503,,0,,,-1.1161274140958133,4.078669482576536,3.247348435249431,81.0725,2.326351327154564,81.0725,0,25,20,20,76.67125,76.065,76.36812499999999,80.245,78.85,,,,,,79.55749999999999,80.36499999999998,81.88,82.68749999999999,78.04249999999998,77.23499999999999,75.71999999999997,0,0,0,0,0,0,0,0,0,0,0,0,0,0,0,0,0,0,0,0,0,0,,,,,,,,,,,,,,,,,,USD,1.0,stock,25.0
2025-12-08,78.45,78.57,77.16,77.91,2858679,75.52000000000001,80.6192,,77.13857714577223,79.70357092440813,82.82406728498994,85.6223618903039,70.45280122793554,-0.38194434249960807,-1.3343416121077185,0.9523972696081104,0,2.049821428571428,0.5,0.05,2509623.8,2196613.3,1.13908666310863,1.3014029369666478,68.88068880688802,78.82469645365141,0.5400000000000063,0.11999999999999034,0.75,,0,0.9901461355766465,3.0676421512000855,-3.477345655243242,,0,,,-1.1921369689283368,2.190451206715638,2.4727081415230723,81.0725,1.0000480729246184,81.0725,0,25,20,20,77.06370000000001,75.99125000000001,76.52747500000001,80.245,77.91,,,,,,77.88,78.6,79.28999999999999,80.00999999999999,77.19,76.47,75.78,0,0,0,0,0,0,0,0,0,0,0,0,0,0,0,0,0,0,0,0,0,0,,,,,,,,,,,,,,,,,,USD,1.0,stock,27.0
2025-12-09,77.99,78.73,77.22,77.5,2524145,75.6105,80.44239999999999,,77.1729983699844,79.61715637835292,82.71864021003964,85.54154236900736,71.21799844840965,-0.32712846073715696,-1.1328989818336064,0.8057705210964494,0,2.0462499999999997,0.5,0.05,2444448.4,2195292.2,1.032603101787708,1.1497991019145424,64.84624846248461,70.61910619106186,0.4899999999999949,0.7400000000000091,0.28000000000000114,,0,0.42193758711690527,2.43806451612903,-3.796645161290312,,0,,,-0.5262482351431119,-1.512263311729567,2.3913330690976453,81.0725,0.42372544403145196,81.0725,0,25,20,20,77.41875,75.99125000000001,76.70500000000001,80.245,77.5,,,,,,77.81666666666666,78.41333333333333,79.32666666666667,79.92333333333333,76.90333333333332,76.30666666666666,75.39333333333332,0,0,0,0,0,0,0,0,0,0,0,0,0,0,0,0,0,0,0,0,0,0,,,,,,,,,,,,,,,,,,USD,1.0,stock,27.0
2025-12-10,77.53,80.58,77.43,80.34,1728350,75.76599999999999,80.38759999999999,,77.47461757284303,79.64550318704497,82.67153842370222,85.48978572851972,76.4144945963128,-0.0539008786071804,-0.9170993611883212,0.8631984825811408,1,2.1533928571428556,0.5,0.05,2415542.2,2195004.9,0.7155122357208249,0.7874014313134335,92.44261026566932,75.38984917834732,2.8100000000000023,0.23999999999999488,0.09999999999999432,,0,3.566570110974574,5.693303460293767,-0.059248195170511,,0,,,3.664516129032269,0.47523761880940985,4.026932539168726,81.0725,3.6984789559792133,81.0725,0,25,20,20,77.89625000000001,75.99125000000001,76.94375000000001,80.245,80.34,,,,,,79.45,81.47,82.6,84.61999999999999,78.32000000000001,76.30000000000001,75.17000000000002,0,0,0,0,0,0,0,0,0,0,0,0,0,0,0,0,0,0,0,0,0,0,,,,,,,,,,,,,,,,,,USD,1.0,stock,27.0
2025-12-11,79.9,82.055,79.765,81.92,2608828,75.9925,80.3236,,77.89798732781037,79.73469914049419,82.65665647471802,85.45426547251456,81.1940298507463,0.286820456436061,-0.6763153976634448,0.9631358540995059,1,2.168392857142856,0.5,0.05,2454849.2,2244798.35,1.0627243416825767,1.1621658577929728,98.64048338368576,85.30978070394657,2.019999999999996,0.13500000000000512,0.13500000000000512,,0,4.909683437731484,7.235717773437493,1.9487304687500033,,0,,,1.9666417724670149,2.7338851266616615,5.853469440496184,82.055,5.163179191349573,82.055,0,25,20,20,78.3875,76.4825,77.435,80.245,81.92,,,,,,81.24666666666667,82.72833333333334,83.53666666666668,85.01833333333335,80.43833333333333,78.95666666666666,78.14833333333333,0,0,0,0,0,0,0,0,0,0,0,0,0,0,0,0,0,0,0,0,0,0,,,,,,,,,,,,,,,,,,USD,1.0,stock,28.75
2025-12-12,83.11,83.42,81.495,82.05,2558972,76.32300000000001,80.2362,,78.29341710611415,79.82549525263167,82.64464347521864,85.42039218423085,78.80215343203234,0.5608691325361832,-0.4288784916235193,0.9897476241597025,1,2.0780357142857135,0.5,0.05,2596264.3,2293374.15,0.9856361696303416,1.1158109547890387,87.7130044843049,92.93203271122002,1.0600000000000023,0.3100000000000023,0.5549999999999926,,0,4.578406939531809,6.979890310786094,2.2106032906764175,,0,,,0.15869140625,4.05833861762841,8.761930010604457,83.42,4.798082690393247,83.42,0,25,20,20,79.56,77.16499999999999,78.3625,80.245,82.05,,,,,,82.32166666666667,83.14833333333334,84.24666666666667,85.07333333333334,81.22333333333334,80.39666666666668,79.29833333333335,0,0,0,0,0,0,0,0,0,0,0,0,0,0,0,0,0,0,0,0,0,0,,,,,,,,,,,,,,,,,,USD,1.0,stock,27.0
2025-12-15,82.2,82.53,81.11,81.63,2867998,76.69899999999998,80.1096,,78.61118690553185,79.89626014468533,82.62455152521432,85.38267683911413,80.26045236463332,0.7356836892239187,-0.19596605545403176,0.9316497446779505,0,2.0923214285714278,0.5,0.05,2640753.7,2325844.3,1.0860528189357455,1.233099739307571,82.73050911230952,89.69466566010009,0.5700000000000074,0.3299999999999983,0.519999999999996,,0,3.698166231125987,6.040671321817974,1.8625505328923133,,0,,,-0.5118829981718531,4.774740084713125,10.147078666846564,83.42,3.8401825659952094,83.42,0,25,20,20,80.28999999999999,77.16499999999999,78.72749999999999,80.245,81.63,,,,,,81.75666666666666,82.40333333333332,83.17666666666666,83.82333333333332,80.98333333333332,80.33666666666666,79.56333333333332,0,0,0,0,0,0,0,0,0,0,0,0,0,0,0,0,0,0,0,0,0,0,,,,,,,,,,,,,,,,,,USD,1.0,stock,28.75
2025-12-16,81.8,82.43,80.99,81.44,2242799,77.142,79.9948,,78.88059767643358,79.9567989625408,82.60109505936848,85.34344622379956,77.35988200589973,0.8491061061248502,0.01304837686174462,0.8360577292631055,0,2.056607142857143,0.5,0.05,2481907.0,2356600.35,0.9036595650038458,0.951709525121644,79.49249093733813,83.31200151131753,0.35999999999999943,0.6300000000000097,0.45000000000000284,,0,3.1426845819823392,5.277504911591358,1.7745579567779959,,0,,,-0.23275756462084463,5.083870967741944,12.207219619729948,83.42,3.244653817235294,83.42,0,25,20,20,80.28999999999999,77.16499999999999,78.72749999999999,80.245,81.44,,,,,,81.62,82.25000000000001,83.06000000000002,83.69000000000003,80.81,80.17999999999999,79.36999999999999,0,0,0,0,0,0,0,0,0,0,0,0,0,0,0,0,0,0,0,0,0,0,,,,,,,,,,,,,,,,,,USD,1.0,stock,27.0
2025-12-17,81.46,83.37,81.46,82.22,2064600,77.6515,79.8772,,79.19863599296372,80.04555194440195,82.5935486225493,85.31236715689609,77.07244212098584,0.9905156224304363,0.20854182597548296,0.7819737964549534,0,2.079107142857144,0.5,0.05,2465287.9,2357159.7,0.8374681107224841,0.8758846504969519,86.20689655172411,82.8099655337906,0.7600000000000051,1.1500000000000057,0.0,,0,3.674731217509466,5.556433957674532,2.849428362928724,,0,,,0.9577603143418489,2.340054767239219,14.146883243093145,83.42,3.8149192459636696,83.42,0,25,20,20,80.28999999999999,77.16499999999999,78.72749999999999,80.245,82.22,,,,,,82.35,83.24,84.26,85.15,81.32999999999998,80.43999999999998,79.41999999999997,0,0,0,0,0,0,0,0,0,0,0,0,0,0,0,0,0,0,0,0,0,0,,,,,,,,,,,,,,,,,,USD,1.0,stock,27.0
2025-12-18,82.69,83.29,81.64,82.12,3126349,78.15599999999999,79.749,,79.47686113649098,80.12690284854305,82.58417142210278,85.2806023095638,75.0393700787402,1.0820414187105314,0.3832417445224927,0.6987996741880387,0,2.0905357142857164,0.5,0.05,2476158.7,2430404.7,1.2625802215342659,1.2863491417705042,85.05747126436785,83.58561958447672,0.5699999999999932,0.6000000000000085,0.480000000000004,,0,3.2186298873709482,4.827082318558222,2.887238188017547,,0,,,-0.12162490878131482,0.244140625,14.008052200472033,83.42,3.325670925742503,83.42,0,25,20,20,80.28999999999999,77.16499999999999,78.72749999999999,80.245,82.12,,,,,,82.35000000000001,83.06000000000002,84.00000000000001,84.71000000000002,81.41000000000001,80.7,79.76,0,0,0,0,0,0,0,0,0,0,0,0,0,0,0,0,0,0,0,0,0,0,,,,,,,,,,,,,,,,,,USD,1.0,stock,27.0
2025-12-19,82.14,82.93,80.18,80.85,6702454,78.625,79.6224,,79.60763626634899,80.15525959958059,82.54983139394234,85.23651671444377,67.0867309117865,1.0401081660101994,0.5146150288200341,0.5254931371901653,0,2.086250000000002,0.5,0.05,2928317.4,2681007.35,2.288841366717966,2.499975988502978,66.70984455958538,79.32473745855913,1.2900000000000063,0.7900000000000063,0.6699999999999875,,0,1.536627994620908,2.752009894867031,1.51836734693877,,0,,,-1.5465172917681569,-1.4625228519195677,13.124387855044063,83.42,1.560608745490619,83.42,0,25,20,20,80.32,77.16499999999999,78.74249999999999,80.245,80.85,,,,,,81.32000000000001,82.46000000000001,84.07000000000001,85.21000000000001,79.71000000000001,78.57000000000001,76.96000000000001,0,0,0,0,0,0,0,0,0,0,0,0,0,0,0,0,0,0,0,0,0,0,,,,,,,,,,,,,,,,,,USD,1.0,stock,25.0
2025-12-22,80.63,81.74,79.9151,81.29,2569489,79.015,79.59119999999999,,79.76786138383956,80.19975922312645,82.52488423762665,85.19724789141448,61.324041811846726,1.0305011085839055,0.6177922447728084,0.41270886381109717,0,1.9637428571428595,0.5,0.05,2899398.4,2704511.1,0.886214533332156,0.9500752280144089,65.97444089456879,72.58058557284068,0.6600000000000108,0.44999999999998863,0.7149000000000001,,0,1.8724795376558583,2.7986222167548354,2.089801943658531,,0,,,0.5442176870748439,-0.4165135366899331,10.613688937270393,83.42,1.9082103866819002,83.42,0,25,20,20,80.42500000000001,77.16499999999999,78.795,80.245,81.29,,,,,,80.9817,82.04830000000001,82.8066,83.87320000000001,80.22340000000001,79.1568,78.39850000000001,0,0,0,0,0,0,0,0,0,0,0,0,0,0,0,0,0,0,0,0,0,0,,,,,,,,,,,,,,,,,,USD,1.0,stock,25.0
2025-12-23,81.33,81.99,79.74,80.19,2222227,79.3845,79.5106,,79.80806506156912,80.19937650849404,82.4786489061885,85.14742452931085,51.016799292661375,0.9234813216136217,0.6789300601409711,0.2445512614726506,0,1.9751714285714306,0.5,0.05,2869206.6,2656827.5,0.7745092319249509,0.8364212580606005,48.40255591054311,60.36228045489909,1.1400000000000006,0.6599999999999966,0.45000000000000284,,0,0.4762874902492501,1.004489337822665,0.8472378102007745,,0,,,-1.3531799729364136,-1.5348722986247565,10.151098901098909,83.42,0.4785668442609456,83.42,0,25,20,20,81.58,77.16499999999999,79.3725,79.96000000000001,80.19,,,,,,80.64,81.54,82.89,83.79,79.29,78.39,77.04,0,0,0,0,0,0,0,0,0,0,0,0,0,0,0,0,0,0,0,0,0,0,,,,,,,,,,,,,,,,,,USD,1.0,stock,25.0
2025-12-24,80.76,81.19,80.0,81.19,980138,79.74300000000001,79.405,,79.93967791284825,80.2382244885531,82.45313110606595,85.10804717081025,55.996691480562454,0.9088819862766258,0.7249204453681021,0.18396154090852368,0,1.9530285714285733,0.5,0.05,2794385.4,2604963.8,0.35075261987841766,0.3762578197823709,64.37699680511179,59.58466453674123,0.4299999999999926,0.0,0.7600000000000051,,0,1.5399951806278411,1.7822391920187075,2.1985466190417498,,0,,,1.2470382840753302,-1.252736560447576,9.686571196973803,83.42,1.5640819675491673,83.42,0,25,20,20,81.58,77.16499999999999,79.3725,79.96000000000001,81.19,,,,,,80.79333333333334,81.58666666666667,81.98333333333333,82.77666666666667,80.39666666666668,79.60333333333334,79.20666666666668,0,0,0,0,0,0,0,0,0,0,0,0,0,0,0,0,0,0,0,0,0,0,,,,,,,,,,,,,,,,,,USD,1.0,stock,25.0
2025-12-26,80.31,81.1,79.61,80.35,1612432,80.012,79.28999999999999,,79.97875620686271,80.24260784194318,82.4114849455498,85.06070341786688,56.22923588039866,0.8200775841034584,0.7439518731151734,0.07612571098828502,0,1.8999928571428586,0.5,0.05,2694745.8,2574797.5,0.598361448415654,0.6262364321854437,50.95846645367404,54.579339723109655,0.03999999999999204,0.75,0.7000000000000028,,0,0.46203334553488723,0.4206596141879202,1.3192283758556345,,0,,,-1.0346101736667168,-2.155382367267422,7.176203814859261,83.42,0.4641780026899526,83.42,0,25,20,20,81.49000000000001,77.16499999999999,79.3275,79.96000000000001,80.35,,,,,,80.35333333333332,81.09666666666665,81.84333333333332,82.58666666666664,79.60666666666665,78.86333333333333,78.11666666666666,0,0,0,0,0,0,0,0,0,0,0,0,0,0,0,0,0,0,0,0,0,0,,,,,,,,,,,,,,,,,,USD,1.0,stock,25.0
2025-12-29,80.21,80.5009,79.42,80.04,2361316,80.226,79.2176,,79.98458894906626,80.2346624363768,82.36452484761813,85.0107461699279,59.33391761612624,0.7164265273113557,0.7384468039544099,-0.02202027664305417,0,1.8564857142857158,0.5,0.05,2674980.2,2635622.25,0.8827414872080174,0.8959235338068647,45.483870967742035,53.60644474217597,0.1699999999999875,0.2909000000000077,0.6200000000000045,,0,0.06922919906764366,-0.23238380809594306,1.0274862568715664,,0,,,-0.38581207218417735,-1.001855287569564,5.649419218585017,83.42,0.0692771590900185,83.42,0,25,20,20,81.39500000000001,77.4,79.39750000000001,79.96000000000001,80.04,,,,,,79.98696666666667,80.55393333333335,81.06786666666667,81.63483333333335,79.47303333333335,78.90606666666667,78.39213333333335,0,0,0,0,0,0,0,0,0,0,0,0,0,0,0,0,0,0,0,0,0,0,,,,,,,,,,,,,,,,,,USD,1.0,stock,25.0
2025-12-30,79.81,80.09,79.17,79.31,2576533,80.3795,79.0954,,79.92034238248851,80.19840116436202,82.30403920707124,84.95402232744105,57.7152600170503,0.5688204112798019,0.7045215254194883,-0.13570111413968644,0,1.8143428571428584,0.5,0.05,2645833.7,2643293.7,0.97380761307863,0.9747433665808684,31.385642737896443,42.60932671977085,0.5,0.28000000000000114,0.14000000000000057,,0,-0.7695654803789072,-1.3485058630689581,0.2705837851468974,,0,,,-0.9120439780110012,-2.435723951285529,4.026757607555109,83.42,-0.7636883980895512,83.42,0,25,20,20,81.27000000000001,77.77250000000001,79.52125000000001,79.96000000000001,79.31,,,,,,79.52333333333333,79.87666666666665,80.44333333333333,80.79666666666665,78.95666666666665,78.60333333333332,78.03666666666665,0,0,0,0,0,0,0,0,0,0,0,0,0,0,0,0,0,0,0,0,0,0,,,,,,,,,,,,,,,,,,USD,1.0,stock,25.0
2025-12-31,78.85,78.985,77.35,77.4,2248780,80.315,78.90299999999999,,79.68030977463246,80.08865994223018,82.2069295198025,84.87885792617298,36.388888888888914,0.2943276376222599,0.6224827478600427,-0.32815511023778277,0,1.7293428571428595,0.5,0.05,2646431.8,2564169.4,0.8497403938389798,0.8770013400830694,0.823723228995244,25.897745644877915,1.4499999999999886,0.13500000000000512,0.05000000000001137,,0,-2.9461366597318563,-3.766149870801023,-1.9418604651162605,,0,,,-2.408271340310175,-3.479236812570141,-1.6393442622950727,83.42,-2.8618234305088395,83.42,0,25,20,20,80.32,77.845,79.0825,79.96000000000001,77.4,,,,,,77.91166666666666,78.47333333333333,79.54666666666667,80.10833333333333,76.83833333333332,76.27666666666666,75.20333333333332,0,0,0,0,0,0,0,0,0,0,0,0,0,0,0,0,0,0,0,0,0,0,,,,,,,,,,,,,,,,,,USD,1.0,stock,25.0
2026-01-02,77.6,78.18,75.0,75.53,2922361,80.09349999999999,78.6604,,79.28504217704841,79.90988896410352,82.0747130936678,84.78583446422103,21.190261496844045,-0.07325875356380607,0.48333444757527294,-0.5565932011390791,0,1.7929142857142881,0.5,0.05,2732207.9,2598747.9,1.0695968634012076,1.1245265460339573,6.29453681710215,12.834634261331288,2.069999999999993,0.5800000000000125,0.5300000000000011,,0,-4.971590331058399,-6.041970078114644,-4.144578313253005,,0,,,-2.416020671834629,-6.971301884468528,-5.5402701350675265,83.42,-4.73612938070105,83.42,0,25,20,20,78.965,78.23745,78.601225,79.96000000000001,75.53,,,,,,76.23666666666666,77.47333333333333,79.41666666666667,80.65333333333334,74.29333333333332,73.05666666666666,71.11333333333332,0,0,0,0,0,0,0,0,0,0,0,0,0,0,0,0,0,0,0,0,0,0,,,,,,,,,,,,,,,,,,USD,1.0,stock,27.0
2026-01-05,75.07,78.39,74.85,77.02,3699017,79.9575,78.4874,,79.06932387447237,79.79655998511906,81.9746197650803,84.7085624795024,29.799196787148617,-0.2415585329424772,0.3383558514717229,-0.5799143844142001,0,1.9082714285714317,0.5,0.05,2789474.7,2632816.7,1.3260622152264008,1.404965640031074,25.469483568075105,10.862581204724174,1.9500000000000028,1.3700000000000045,0.21999999999999886,,0,-2.660768468543727,-3.813944430018177,-1.905219423526354,,0,,,1.9727260691116077,-4.144368388301178,-3.4110860295961887,83.42,-2.5918064984668536,83.42,0,25,20,20,78.41999999999999,78.5925,78.50625,79.96000000000001,77.02,,,,,,76.75333333333333,78.65666666666667,80.29333333333334,82.19666666666667,75.11666666666666,73.21333333333332,71.57666666666665,0,0,0,0,0,0,0,0,0,0,0,0,0,0,0,0,0,0,0,0,0,0,,,,,,,,,,,,,,,,,,USD,1.0,stock,27.0
2026-01-06,76.12,77.53,76.12,77.03,7361897,79.8665,78.2784,,78.87510255309405,79.68806743668301,81.87670650240544,84.63215887274119,30.89700996677746,-0.36986680985805265,0.19671131920576784,-0.5665781290638205,1,1.9075571428571456,0.5,0.05,2855419.0,2891868.2,2.5782195187466357,2.545723556834298,25.586854460093946,19.116958281757075,0.9099999999999966,0.5,0.0,,0,-2.3953038466753878,-3.6823315591328063,-1.620667272491242,,0,,,0.012983640612840297,-3.7606196901549316,-2.308180088776146,83.42,-2.3392711937864514,83.42,0,25,20,20,78.41999999999999,79.07,78.74499999999999,79.96000000000001,77.03,,,,,,76.89333333333333,77.66666666666666,78.30333333333333,79.07666666666665,76.25666666666666,75.48333333333333,74.84666666666666,0,0,0,0,0,0,0,0,0,0,0,0,0,0,0,0,0,0,0,0,0,0,,,,,,,,,,,,,,,,,,USD,1.0,stock,25.0
2026-01-07,77.2,78.13,76.24,77.5,2475341,79.84599999999999,78.0812,,78.74414040518033,79.60226087053857,81.79003904691227,84.56119211778855,34.0097402597403,-0.4286853537678752,0.07163198461103924,-0.5003173383789145,1,1.939700000000002,0.5,0.05,2846004.2,2872701.3,0.8697601359829334,0.8616771259859144,31.103286384976556,27.386541471048545,0.29999999999999716,0.6299999999999955,0.960000000000008,,0,-1.6053424582972022,-3.0270967741935344,-0.749935483870962,,0,,,0.610151888874455,-2.282183835581897,-0.5262482351431119,83.42,-1.579978394301557,83.42,0,25,20,20,78.02,79.07,78.54499999999999,79.96000000000001,77.5,,,,,,77.29,78.34000000000002,79.18,80.23000000000002,76.45000000000002,75.4,74.56000000000002,0,0,0,0,0,0,0,0,0,0,0,0,0,0,0,0,0,0,0,0,0,0,,,,,,,,,,,,,,,,,,USD,1.0,stock,25.0
2026-01-08,76.86,79.81,76.25,78.69,2439471,79.90549999999999,77.9192,,78.73898417611554,79.56648593443902,81.72865213509222,84.502772295721,36.135113904163404,-0.37495418043492634,-0.01768524839815387,-0.35726893203677246,1,2.056128571428573,0.5,0.05,2867728.6,2868467.6,0.8506631345797506,0.8504439792173354,45.497630331753534,34.06259039227469,1.8299999999999983,1.1200000000000045,0.6099999999999994,,0,-0.06224955663431054,-1.5446689541237661,0.9795399669589455,,0,,,1.5354838709677354,1.6666666666666607,1.5354838709677354,83.42,-0.06221083066804115,83.42,0,25,20,20,77.975,79.13499999999999,78.55499999999999,79.96000000000001,78.69,,,,,,78.25,80.25,81.81,83.81,76.69,74.69,73.13,0,0,0,0,0,0,0,0,0,0,0,0,0,0,0,0,0,0,0,0,0,0,,,,,,,,,,,,,,,,,,USD,1.0,stock,25.0
2026-01-09,78.81,79.89,78.1201,79.52,2533493,79.86449999999999,77.79700000000001,,78.81336663553311,79.56466295661788,81.6849164492488,84.45319247188299,40.34175334323921,-0.2623732989867733,-0.06662285851587776,-0.19575044047089554,1,2.064692857142859,0.5,0.05,3023064.1,2908724.75,0.8380546743947639,0.870997848799547,57.79702970297023,44.799315473233456,0.7099999999999937,0.37000000000000455,0.6899000000000086,,0,0.8886234462611692,-0.4332243460764543,2.16675050301809,,0,,,1.0547718896937397,5.282669138090812,-1.0206621857107412,83.42,0.8965907619892169,83.42,0,25,20,20,77.67545,79.13499999999999,78.405225,79.84,79.52,,,,,,79.1767,80.2333,80.9466,82.0032,78.4634,77.40679999999999,76.69349999999999,0,0,0,0,0,0,0,0,0,0,0,0,0,0,0,0,0,0,0,0,0,0,,,,,,,,,,,,,,,,,,USD,1.0,stock,25.0
2026-01-12,78.69,79.78,78.0,79.68,3006270,79.7525,77.8064,,78.89590314643472,79.56918597792699,81.6452151334221,84.40569801942644,45.2631578947369,-0.158415362820989,-0.08498135937690002,-0.07343400344408899,1,1.9954071428571447,0.5,0.05,3162447.9,2928596.85,0.9506148702086128,1.0265223087978121,67.64705882352958,56.98057295275112,0.9900000000000091,0.09999999999999432,0.6899999999999977,,0,0.9840572961411742,-0.09098895582328174,2.3514056224899726,,0,,,0.201207243460777,3.4536484030122105,-2.734374999999989,83.42,0.9938372238542792,83.42,0,25,20,20,77.47,79.13499999999999,78.3025,79.065,79.68,,,,,,79.15333333333334,80.30666666666667,80.93333333333334,82.08666666666667,78.52666666666667,77.37333333333333,76.74666666666667,0,0,0,0,0,0,0,0,0,0,0,0,0,0,0,0,0,0,0,0,0,0,,,,,,,,,,,,,,,,,,USD,1.0,stock,25.0
2026-01-13,79.0,79.34,76.845,77.47,2971546,79.5235,77.782,,78.76010284677427,79.48686495918476,81.5625376060276,84.33668609883513,36.473087818696875,-0.2514578303512707,-0.11827665357177417,-0.1331811767794965,0,2.067557142857145,0.5,0.05,3223470.9,2949225.55,0.9218466963669503,1.007568241092988,36.69467787114852,54.04625546588279,1.5300000000000011,0.3400000000000034,0.625,,0,-1.665293464275558,-2.6507034981283075,-0.40273654317800134,,0,,,-2.773594377510047,0.5712060236271466,-5.581962218159653,83.37,-1.6380156959471426,83.37,0,25,20,20,77.37,79.13499999999999,78.2525,77.16499999999999,77.47,,,,,,77.885,78.92500000000001,80.38000000000001,81.42000000000002,76.43,75.39,73.935,0,0,0,0,0,0,0,0,0,0,0,0,0,0,0,0,0,0,0,0,0,0,,,,,,,,,,,,,,,,,,USD,1.0,stock,25.0
2026-01-14,77.54,77.99,76.82,77.48,3466999,79.316,77.7764,,78.63818828993864,79.40816437255006,81.48169527719539,84.26846036650842,39.60092095165007,-0.3206910133980472,-0.15875952553702877,-0.1619314878610184,0,1.9904142857142884,0.5,0.05,3312517.5,2979175.6,1.0466356781511343,1.1637444264782513,41.48264984227142,48.608128845649844,0.060000000000002274,0.44999999999998863,0.6600000000000108,,0,-1.4948222637308153,-2.36964377903975,-0.3825503355704586,,0,,,0.012908222537766356,-0.02580645161289752,-5.083915227244873,83.37,-1.4728064253825393,83.37,0,25,20,20,77.37,79.13499999999999,78.2525,77.16499999999999,77.48,,,,,,77.43,78.04000000000002,78.60000000000001,79.21000000000002,76.87000000000002,76.26,75.70000000000002,0,0,0,0,0,0,0,0,0,0,0,0,0,0,0,0,0,0,0,0,0,0,,,,,,,,,,,,,,,,,,USD,1.0,stock,25.0
2026-01-15,77.5,77.5,74.79,74.99,2772713,78.99350000000001,77.7342,,78.29074178613496,79.23490302460692,81.35314685586478,84.17613737778694,28.650137741046862,-0.5699114159173462,-0.24098990361309225,-0.3289215123042539,0,2.0989857142857167,0.5,0.05,3364910.8,3005671.3,0.8240078756322456,0.9224937537248336,3.1695721077652776,27.115633273728417,2.510000000000005,0.0,0.19999999999998863,,0,-4.401575924969948,-5.338711828243788,-3.659421256167498,,0,,,-3.213732576148698,-4.701995170923878,-7.919941060903735,83.37,-4.216005252768616,83.37,0,25,20,20,77.34,79.105,78.2225,77.16499999999999,74.99,,,,,,75.76,76.73,78.47,79.44,74.02000000000001,73.05000000000001,71.31000000000002,0,0,0,0,0,0,0,0,0,0,0,0,0,0,0,0,0,0,0,0,0,0,,,,,,,,,,,,,,,,,,USD,1.0,stock,27.0
2026-01-16,74.695,75.34,73.759,73.8,2831592,78.5725,77.61099999999999,,77.86305209221734,79.02176957266155,81.20357959139221,84.07289222974927,27.975790181573686,-0.8536036239775768,-0.3635126476859892,-0.49009097629158765,0,2.0990571428571454,0.5,0.05,3355833.9,3044020.9,0.843781928539431,0.9302143753349394,0.6081371720137767,15.086786374016834,0.894999999999996,0.6450000000000102,0.04099999999999682,,0,-5.505490639860905,-6.466802168021692,-5.163956639566386,,0,,,-1.5868782504333878,-7.1931589537223335,-10.240817319387007,83.29,-5.218202964103256,83.29,0,25,20,20,76.8245,78.5895,77.707,77.16499999999999,73.8,,,,,,74.29966666666667,74.84033333333333,75.88066666666667,76.42133333333334,73.25933333333333,72.71866666666666,71.67833333333333,0,0,0,0,0,0,0,0,0,0,0,0,0,0,0,0,0,0,0,0,0,0,,,,,,,,,,,,,,,,,,USD,1.0,stock,27.0
2026-01-20,72.67,74.56,71.56,71.67,8126187,78.05,77.46039999999999,,77.27323760724427,78.73346488353758,81.01479583710721,83.9494803667667,24.92510485320554,-1.2360564522415274,-0.5380214085970969,-0.6980350436444305,0,2.236135714285717,0.5,0.05,3798550.9,3294012.8,2.1392860630089228,2.466956716136622,1.2895662368112475,1.6890918388634433,1.0,1.8900000000000006,0.10999999999999943,,0,-7.8181074469712115,-8.90191153899818,-8.079252127807997,,0,,,-2.886178861788613,-10.052710843373502,-12.72528007793473,82.93,-7.251200778882559,82.93,0,25,20,20,75.725,77.49000000000001,76.6075,77.16499999999999,71.67,,,,,,72.59666666666668,73.63333333333335,75.59666666666668,76.63333333333335,70.63333333333335,69.59666666666668,67.63333333333335,0,0,0,0,0,0,0,0,0,0,0,0,0,0,0,0,0,0,0,0,0,0,,,,,,,,,,,,,,,,,,USD,1.0,stock,27.0
2026-01-21,72.36,74.6,72.25,73.35,3921729,77.675,77.39999999999999,,76.89959593036386,78.52234861359493,80.86301770171895,83.84401290043071,33.10657596371881,-1.3875957740752227,-0.7079362816927222,-0.6796594923825006,1,2.379707142857145,0.5,0.05,3454534.1,3154976.55,1.135241073463423,1.243029524260648,21.488595438175178,7.795432949000077,0.9899999999999949,1.25,0.10999999999999943,,0,-4.839258255438125,-5.896387184730748,-5.521472392638033,,0,,,2.344077019673496,-5.318187685555708,-9.276437847866415,81.99,-4.615883721389365,81.99,0,25,20,20,75.725,77.49000000000001,76.6075,77.16499999999999,73.35,,,,,,73.39999999999999,74.54999999999998,75.74999999999999,76.89999999999998,72.19999999999999,71.05,69.85,0,0,0,0,0,0,0,0,0,0,0,0,0,0,0,0,0,0,0,0,0,0,,,,,,,,,,,,,,,,,,USD,1.0,stock,25.0
2026-01-22,73.92,76.47,73.75,75.94,3680069,77.4075,77.3982,,76.80820584175777,78.42108004051278,80.765532202675,83.76536600589907,46.015283842794744,-1.2839004191121575,-0.8231291091766093,-0.46077130993554816,1,2.4625642857142873,0.5,0.05,3575006.9,3210505.55,1.0293879432792143,1.1462584140370042,52.58103241296514,25.11973136265053,2.019999999999996,0.5300000000000011,0.1700000000000017,,0,-1.1432786960202406,-1.9324466684224404,-1.9202001580194958,,0,,,3.531015678254956,-1.9876097057305198,-6.5813753229179595,81.99,-1.1303555814680408,81.99,0,25,20,20,75.725,77.465,76.595,77.16499999999999,75.94,,,,,,75.38666666666667,77.02333333333334,78.10666666666667,79.74333333333334,74.30333333333334,72.66666666666667,71.58333333333334,0,0,0,0,0,0,0,0,0,0,0,0,0,0,0,0,0,0,0,0,0,0,,,,,,,,,,,,,,,,,,USD,1.0,stock,25.0
2026-01-23,75.25,75.89,74.635,75.21,2015061,77.15849999999999,77.3886,,76.65599576159036,78.29515533304169,80.65552166400818,83.68023798593988,49.068684516880076,-1.2462598940657443,-0.9077552661544364,-0.338504627911308,1,2.328635714285715,0.5,0.05,3532565.9,3200147.25,0.5704241780740736,0.6296775874922631,43.81752701080423,39.295718287314855,0.04000000000000625,0.6400000000000006,0.5749999999999886,,0,-1.9226110378810901,-2.5907459114479403,-2.8966892700438813,,0,,,-0.961285225177777,0.29337244965994547,-6.210250654695104,81.19,-1.886343980303372,81.19,0,25,20,20,75.67,77.465,76.5675,77.16499999999999,75.21,,,,,,75.245,75.855,76.5,77.11,74.60000000000001,73.99000000000001,73.34500000000001,0,0,0,0,0,0,0,0,0,0,0,0,0,0,0,0,0,0,0,0,0,0,,,,,,,,,,,,,,,,,,USD,1.0,stock,25.0
2026-01-26,75.41,75.74,74.12,75.44,2940670,76.87100000000001,77.3528,,76.5401866414389,78.18318845723613,80.55224400729514,83.59824556816935,45.03768844221107,-1.1842194839118179,-0.9630481097059127,-0.22117137420590516,1,2.191492857142857,0.5,0.05,3573283.6,3298173.85,0.8229601479154914,0.8916055167922697,46.578631452580986,47.65906362545013,0.030000000000001137,0.29999999999999716,1.289999999999992,,0,-1.4583598110271683,-1.896871686108181,-2.5355249204666017,,0,,,0.3058103975535298,2.2222222222222143,-7.082152974504252,81.1,-1.437397385236129,81.1,0,25,20,20,75.45,77.465,76.45750000000001,77.16499999999999,75.44,,,,,,75.10000000000001,76.08000000000001,76.72,77.7,74.46000000000002,73.48000000000002,72.84000000000003,0,0,0,0,0,0,0,0,0,0,0,0,0,0,0,0,0,0,0,0,0,0,,,,,,,,,,,,,,,,,,USD,1.0,stock,25.0
2026-01-27,74.82,75.127,73.0,73.76,2034816,76.5415,77.28020000000001,,76.27540696130185,78.00973008636413,80.41774412596256,83.5003525774413,40.704945992040955,-1.2561340402423582,-1.021665295813202,-0.23446874442915622,0,2.2650642857142853,0.5,0.05,3476138.2,3319293.05,0.5853668303521419,0.6130269215006491,26.410564225690315,38.93557422969185,1.059999999999988,0.30700000000000216,0.7600000000000051,,0,-3.4102588954743074,-3.7710140997830717,-4.772505422993496,,0,,,-2.2269353128313796,2.916143435189067,-8.20161792159302,80.5009,-3.2977955300560176,80.5009,0,25,20,20,74.775,77.42500000000001,76.10000000000001,77.16499999999999,73.76,,,,,,73.96233333333333,74.92466666666667,76.08933333333333,77.05166666666666,72.79766666666667,71.83533333333334,70.67066666666668,0,0,0,0,0,0,0,0,0,0,0,0,0,0,0,0,0,0,0,0,0,0,,,,,,,,,,,,,,,,,,USD,1.0,stock,25.0
2026-01-28,73.8,74.14,71.89,72.01,1815085,76.14,77.2116,,75.86917772689216,77.77444655356554,80.25125414327023,83.3860207109991,35.45310015898254,-1.4377635753703828,-1.1048849517246382,-0.3328786236457446,0,2.290778571428571,0.5,0.05,3360492.1,3291981.5,0.5401247632749977,0.5513654921815326,5.402160864345774,26.130452180872368,1.789999999999992,0.3400000000000034,0.12000000000000455,,0,-5.359224728360166,-5.7353145396472645,-7.223441188723786,,0,,,-2.3725596529284187,-1.8268575323789893,-10.032483758120936,80.09,-5.086621263754982,80.09,0,25,20,20,74.53,77.245,75.8875,77.16499999999999,72.01,,,,,,72.68,73.47000000000001,74.93,75.72000000000001,71.22000000000001,70.43,68.97000000000001,0,0,0,0,0,0,0,0,0,0,0,0,0,0,0,0,0,0,0,0,0,0,,,,,,,,,,,,,,,,,,USD,1.0,stock,25.0
2026-01-29,71.9,72.57,70.59,71.35,2766661,75.742,77.15639999999999,,75.43877984814053,77.52250747303356,80.07499168498765,83.26625931088967,29.98909487459109,-1.6163307202670296,-1.2071741054331167,-0.40915661483391297,0,2.1779214285714272,0.5,0.05,3290458.3,3301487.9,0.8408132690816961,0.8380042828568295,8.172043010752592,13.328256033596238,0.5500000000000114,0.6699999999999875,0.7599999999999909,,0,-5.730595442383367,-6.155571128241079,-8.137911702873156,,0,,,-0.9165393695320212,-6.04424545693969,-10.03656537637121,79.89,-5.4199973228242975,79.89,0,25,20,20,73.53,76.28999999999999,74.91,77.005,71.35,,,,,,71.50333333333333,72.41666666666666,73.48333333333332,74.39666666666665,70.43666666666667,69.52333333333334,68.45666666666668,0,0,0,0,0,0,0,0,0,0,0,0,0,0,0,0,0,0,0,0,0,0,,,,,,,,,,,,,,,,,,USD,1.0,stock,27.0
2026-01-30,70.86,72.11,70.2164,71.74,2846502,75.459,77.1396,,75.08651510069856,77.29574247409107,79.90994234469086,83.15157016351763,28.268156424581036,-1.7067029195989676,-1.307079868266287,-0.3996230513326806,1,2.1867571428571417,0.5,0.05,3297837.2,3331374.0,0.8631420617124459,0.8544528473836921,15.931239282278646,9.83514771912568,0.8799999999999955,0.37000000000000455,0.6436000000000064,,0,-4.6647826884563255,-5.183997769724015,-7.526623919710074,,0,,,0.5466012613875249,-4.613748171785669,-7.312661498708028,79.89,-4.456878969826413,79.89,0,25,20,20,73.3432,76.10319999999999,74.72319999999999,76.81819999999999,71.74,,,,,,71.35546666666666,72.49453333333332,73.24906666666666,74.38813333333333,70.60093333333332,69.46186666666665,68.70733333333331,0,0,0,0,0,0,0,0,0,0,0,0,0,0,0,0,0,0,0,0,0,0,,,,,,,,,,,,,,,,,,USD,1.0,stock,27.0
2026-02-02,71.41,72.64,70.77,71.99,3061575,75.282,77.13879999999999,,74.79160890063203,77.08767414177377,79.75311180321182,83.04050976388065,28.627015008337963,-1.7381147234106038,-1.3932868392951505,-0.3448278841154533,1,2.1931857142857134,0.5,0.05,3320835.5,3338334.7,0.921929135002321,0.9170964792715361,19.439694857293173,14.514325716774813,0.5799999999999983,0.6500000000000057,0.6400000000000006,,0,-3.8916639819864334,-4.572857341297405,-7.152104458952626,,0,,,0.34848062447727646,-4.573170731707322,-4.686879385674569,79.89,-3.745886660031936,79.89,0,25,20,20,73.3432,75.7032,74.5232,76.81819999999999,71.99,,,,,,71.8,72.83,73.67,74.7,70.96,69.92999999999999,69.08999999999999,0,0,0,0,0,0,0,0,0,0,0,0,0,0,0,0,0,0,0,0,0,0,,,,,,,,,,,,,,,,,,USD,1.0,stock,27.0
2026-02-03,70.35,70.61,66.79,67.21,6000782,74.7915,77.0424,,74.06955091009564,76.70031437150814,79.50473335166308,82.88299225379228,25.04863813229572,-2.1242280771272846,-1.5394750868615774,-0.5847529902657072,0,2.3621142857142834,0.5,0.05,3108295.0,3453422.95,1.930570296577384,1.7376330924076357,3.749999999999892,13.040311379857245,3.1400000000000006,0.2600000000000051,0.4199999999999875,,0,-10.206146273018375,-11.280315429251608,-14.62937062937064,,0,,,-6.639811084872904,-8.880151843817806,-12.736951441184107,79.89,-9.26095922793113,79.89,0,25,20,20,71.63,73.945,72.7875,75.105,67.21,,,,,,68.20333333333333,69.61666666666666,72.02333333333333,73.43666666666665,65.79666666666667,64.38333333333334,61.976666666666674,0,0,0,0,0,0,0,0,0,0,0,0,0,0,0,0,0,0,0,0,0,0,,,,,,,,,,,,,,,,,,USD,1.0,stock,28.5
2026-02-04,67.14,71.33,67.14,70.8,3394941,74.47999999999999,77.029,,73.75816510913415,76.4689294941941,79.3323623942044,82.7627634751476,36.16404308202154,-2.1161490456844945,-1.654809878626161,-0.46133916705833355,1,2.5778285714285687,0.5,0.05,3055616.2,3255075.15,1.1110495486965934,1.0429685471316998,37.4416433239962,20.210446060429764,3.6599999999999966,0.5300000000000011,0.0,,0,-4.178199306686663,-5.197740112994341,-8.798022598870055,,0,,,5.341467043594705,-1.6803221774753574,-8.087758016357272,79.89,-4.010627304458012,79.89,0,25,20,20,71.34,73.64545000000001,72.49272500000001,75.105,70.8,,,,,,69.75666666666666,72.37333333333332,73.94666666666666,76.56333333333332,68.18333333333332,65.56666666666666,63.993333333333325,0,0,0,0,0,0,0,0,0,0,0,0,0,0,0,0,0,0,0,0,0,0,,,,,,,,,,,,,,,,,,USD,1.0,stock,25.0
2026-02-05,71.91,72.39,70.8,71.26,3559300,74.168,76.9844,,73.52024462254994,76.26465774932375,79.17251363392312,82.64830811718593,41.56490275893264,-2.0490085048596995,-1.7336496038728688,-0.3153589009868307,1,2.4978285714285695,0.5,0.05,3043539.3,3309273.1,1.169460831341984,1.0755534198733854,46.17768595041325,29.123109758136454,0.6499999999999915,0.480000000000004,0.46000000000000796,,0,-3.1718279856159604,-4.080830760595005,-8.033118158854881,,0,,,0.6497175141243039,-0.1261387526278801,-8.051612903225802,79.89,-3.0743159712728665,79.89,0,25,20,20,71.265,73.44,72.35249999999999,75.105,71.26,,,,,,71.48333333333333,72.16666666666667,73.07333333333334,73.75666666666667,70.57666666666667,69.89333333333333,68.98666666666666,0,0,0,0,0,0,0,0,0,0,0,0,0,0,0,0,0,0,0,0,0,0,,,,,,,,,,,,,,,,,,USD,1.0,stock,25.0
2026-02-06,71.905,73.36,71.07,72.86,2239719,73.8765,76.98559999999999,,73.45736418230709,76.13114175915419,79.04751336394443,82.55091201651742,47.91296625222025,-1.8454196651267694,-1.756003616123649,-0.08941604900312039,1,2.548471428571427,0.5,0.05,3066005.1,3299285.5,0.7305007418285117,0.6788497085202235,62.70661157024791,48.775313614885796,0.9549999999999983,0.5,0.835000000000008,,0,-0.8198794706383328,-1.3951413670052064,-5.662366181718352,,0,,,2.2452989054167816,1.5611931976582172,-7.408819417969248,79.89,-0.8132121114835347,79.89,0,25,20,20,70.9585,73.34,72.14925,75.105,72.86,,,,,,72.43,73.79000000000002,74.72000000000001,76.08000000000003,71.50000000000001,70.14,69.21000000000001,0,0,0,0,0,0,0,0,0,0,0,0,0,0,0,0,0,0,0,0,0,0,,,,,,,,,,,,,,,,,,USD,1.0,stock,25.0
2026-02-09,72.0,73.06,71.66,71.76,4783865,73.4885,76.9404,,73.29571045065879,75.95972443526578,78.9032061686188,82.4435397576466,50.20939972080038,-1.7526316036251615,-1.7553292136239516,0.002697609998790096,1,2.434185714285713,0.5,0.05,3250324.6,3411804.1,1.4718114615383338,1.4021511375755717,51.3429752066116,53.40909090909093,0.23999999999999488,1.0600000000000023,0.10000000000000853,,0,-2.14006473057244,-2.4087235228539527,-7.219063545150489,,0,,,-1.5097447158934907,-0.31948881789135575,-9.758551307847075,79.78,-2.0952255476022605,79.78,0,25,20,20,70.465,73.34,71.9025,75.105,71.76,,,,,,72.16000000000001,72.66000000000003,73.56000000000002,74.06000000000003,71.26000000000002,70.76,69.86000000000001,0,0,0,0,0,0,0,0,0,0,0,0,0,0,0,0,0,0,0,0,0,0,,,,,,,,,,,,,,,,,,USD,1.0,stock,25.0
2026-02-10,72.02,74.175,71.685,73.28,2767324,73.1685,76.9066,,73.29421421726272,75.85463720251026,78.79185555141842,82.35236025757052,49.83591186122833,-1.5387078334615154,-1.7120049375914645,0.17329710412994914,1,2.4027571428571415,0.5,0.05,3323575.4,3399856.8,0.8326346379865491,0.8139531053190241,67.04545454545455,60.3650137741047,1.2600000000000051,0.894999999999996,0.33499999999999375,,0,-0.019397130544103268,0.15215611353712688,-4.9489628820960645,,0,,,2.1181716833890585,9.031394137777138,-8.032128514056236,79.34,-0.019393368787042748,79.34,0,25,20,20,70.4825,73.34,71.91125,75.105,73.28,,,,,,73.04666666666667,74.40833333333333,75.53666666666666,76.89833333333333,71.91833333333334,70.55666666666667,69.42833333333334,0,0,0,0,0,0,0,0,0,0,0,0,0,0,0,0,0,0,0,0,0,0,,,,,,,,,,,,,,,,,,USD,1.0,stock,25.0
2026-02-11,73.0,73.6895,71.53,72.22,5008451,72.90599999999999,76.8358,,73.19190810133294,75.71210241025496,78.66171979792499,82.25154075252007,40.606060606060616,-1.438127012581603,-1.6572293525894923,0.2191023400078893,1,2.334149999999998,0.5,0.05,3642912.0,3501702.05,1.3748481983643854,1.4302904497542845,59.670329670329636,59.35291980746528,0.7800000000000011,0.6894999999999953,0.6899999999999977,,0,-1.3457603175476915,-0.9498753807809371,-6.391304347826098,,0,,,-1.4465065502183405,2.0056497175141352,-6.776816832322186,77.99,-1.3278900995276046,77.99,0,25,20,20,70.4825,73.34,71.91125,75.105,72.22,,,,,,72.47983333333333,73.42966666666666,74.63933333333333,75.58916666666666,71.27016666666667,70.32033333333334,69.11066666666667,0,0,0,0,0,0,0,0,0,0,0,0,0,0,0,0,0,0,0,0,0,0,,,,,,,,,,,,,,,,,,USD,1.0,stock,25.0
2026-02-12,72.35,72.705,67.9,68.97,3911096,72.48049999999999,76.6904,,72.78982161549172,75.44770623730378,78.46980455440172,82.11938611816664,36.0215053763441,-1.6021947225750353,-1.646222426586601,0.04402770401156575,0,2.584149999999998,0.5,0.05,3757355.5,3523906.9,1.0409172089252667,1.1098749515771826,24.35754189944129,50.35777537174184,3.3799999999999955,0.355000000000004,1.0699999999999932,,0,-5.538381347675394,-5.089894156879793,-11.193852399594023,,0,,,-4.500138465798953,-3.213584058377783,-10.983479607640689,77.5,-5.247741415921747,77.5,0,25,20,20,70.4825,73.34,71.91125,75.105,68.97,,,,,,69.85833333333333,71.81666666666666,74.66333333333333,76.62166666666666,67.01166666666667,65.05333333333334,62.20666666666668,0,0,0,0,0,0,0,0,0,0,0,0,0,0,0,0,0,0,0,0,0,0,,,,,,,,,,,,,,,,,,USD,1.0,stock,25.0
2026-02-13,69.01,69.48,68.09,68.48,3709241,72.155,76.4862,,72.37936241401631,75.17446285544874,78.27198664243336,81.98367083340878,34.58813108945971,-1.751567489976452,-1.6672914392645712,-0.08427605071188071,0,2.5677214285714274,0.5,0.05,3843629.4,3570733.3,0.9650360672129317,1.0387897074250827,20.271080724481227,34.7663174314174,0.5300000000000011,0.46999999999999886,0.39000000000000057,,0,-5.6941624036453105,-5.366530373831771,-11.691296728971952,,0,,,-0.7104538205016553,-6.011528959648638,-8.681157487665015,76.47,-5.387395362384672,76.47,0,25,20,20,70.4825,73.34,71.91125,75.105,68.48,,,,,,68.68333333333334,69.27666666666667,70.07333333333334,70.66666666666667,67.88666666666667,67.29333333333334,66.49666666666667,0,0,0,0,0,0,0,0,0,0,0,0,0,0,0,0,0,0,0,0,0,0,,,,,,,,,,,,,,,,,,USD,1.0,stock,25.0
2026-02-17,68.87,70.345,68.12,69.77,5743562,71.95349999999999,76.2824,,72.13085170791952,74.96252313562722,78.10363047129607,81.86214177038978,41.00946372239745,-1.745730569963584,-1.6829792654043738,-0.06275130455921007,1,2.552364285714284,0.5,0.05,4111828.1,3716331.8,1.3968390361455043,1.5454922512570057,40.35206499661467,28.32689587351241,0.8999999999999915,0.5750000000000028,0.75,,0,-3.38376337669417,-3.129568582485302,-9.334097749749176,,0,,,1.8837616822429792,-2.773132664437028,-5.460704607046074,76.47,-3.273012382384382,76.47,0,25,20,20,70.6575,73.34,71.99875,75.105,69.77,,,,,,69.41166666666668,70.70333333333335,71.63666666666667,72.92833333333334,68.47833333333335,67.18666666666668,66.25333333333336,0,0,0,0,0,0,0,0,0,0,0,0,0,0,0,0,0,0,0,0,0,0,,,,,,,,,,,,,,,,,,USD,1.0,stock,25.0
2026-02-18,79.55,81.67,76.0,81.26,8577061,72.433,76.31280000000001,,73.00029440240338,75.20948301266145,78.16613283820111,81.8561503099879,64.48481052301909,-0.8046819224325361,-1.5073197968100065,0.7026378743774704,1,3.241649999999999,0.5,0.05,4369456.0,3738875.5,1.9629585467847714,2.2940215580861145,97.24462365591401,52.62258979233665,1.710000000000008,0.4099999999999966,3.549999999999997,,0,10.164540484366997,10.862663056854538,6.088112232340628,,0,,,16.46839615880753,10.88973799126638,13.380772987302914,81.67,11.314619571348862,81.67,0,25,20,20,74.785,74.23,74.5075,75.105,81.26,,,,,,79.64333333333333,83.28666666666666,85.31333333333333,88.95666666666666,77.61666666666666,73.97333333333333,71.94666666666666,0,0,0,0,0,0,0,0,0,0,0,0,0,0,0,0,0,0,0,0,0,0,,,,,,,,,,,,,,,,,,USD,1.0,stock,26.5
2026-02-19,80.82,80.83,78.611,80.25,5074759,72.77799999999999,76.3408,,73.69074255455544,75.40715034549825,78.20739753447435,81.84016871486365,63.78562577447337,-0.13879273223091104,-1.2336143838941875,1.0948216516632765,1,3.289435714285714,0.5,0.05,4537437.8,3796527.0,1.1184195186102606,1.336684554067441,90.45698924731181,76.01789263328017,0.5699999999999932,0.010000000000005116,1.6389999999999958,,0,8.173529527033716,9.310903426791288,4.871277258566977,,0,,,-1.2429239478218168,11.11880365549709,9.40695296523517,81.67,8.901060320553217,81.67,0,25,20,20,74.785,74.23,74.5075,75.105,80.25,,,,,,79.897,81.183,82.116,83.402,78.96400000000001,77.67800000000001,76.74500000000002,0,0,0,0,0,0,0,0,0,0,0,0,0,0,0,0,0,0,0,0,0,0,,,,,,,,,,,,,,,,,,USD,1.0,stock,25.0
2026-02-20,80.34,82.7,80.1,82.47,5273826,73.1045,76.432,,74.52686231126444,75.68412484175323,78.29180550408871,81.84643569282521,65.72852535913222,0.561591023422551,-0.87457330243084,1.436164325853391,1,3.339892857142857,0.5,0.05,4708890.4,3876214.85,1.1199721276163064,1.3605608058593552,98.55436832181016,95.41866040834533,2.1299999999999955,0.23000000000000398,0.2400000000000091,,0,9.63154806443017,11.356250757851337,7.321450224323993,,0,,,2.7663551401869046,19.573727707699007,8.598893863576507,82.7,10.65808681916693,82.7,0,25,20,20,75.30000000000001,74.745,75.02250000000001,75.105,82.47,,,,,,81.75666666666667,83.41333333333336,84.35666666666668,86.01333333333336,80.81333333333335,79.15666666666667,78.21333333333334,0,0,0,0,0,0,0,0,0,0,0,0,0,0,0,0,0,0,0,0,0,0,,,,,,,,,,,,,,,,,,USD,1.0,stock,25.0
2026-02-23,81.06,81.6,79.32,79.49,5819023,73.3185,76.47179999999999,,74.99954209114401,75.83337484795899,78.31553212777011,81.82298857150356,60.17915309446254,0.866204039693244,-0.5264178340060232,1.3926218736992673,0,3.4313214285714286,0.5,0.05,5066820.8,4066412.95,1.1484564443250096,1.4309965740198618,79.82401005656814,89.61178920856338,1.5700000000000074,0.539999999999992,0.1700000000000017,,0,5.649085304888649,7.763869669140766,3.7969555918983615,,0,,,-3.6134351885534155,16.077686915887845,5.690732615343697,82.7,5.987313767061283,82.7,0,25,20,20,75.30000000000001,74.745,75.02250000000001,75.105,79.49,,,,,,80.13666666666666,80.95333333333332,82.41666666666666,83.23333333333332,78.67333333333332,77.85666666666665,76.39333333333332,0,0,0,0,0,0,0,0,0,0,0,0,0,0,0,0,0,0,0,0,0,0,,,,,,,,,,,,,,,,,,USD,1.0,stock,25.0
2026-02-24,79.61,80.11,78.21,78.34,4711410,73.4635,76.43180000000001,,75.31768093960648,75.93167387352923,78.31601664009149,81.78833196880203,66.75700090334237,1.0032517984273426,-0.22048390751935004,1.2237357059466927,0,3.195607142857144,0.5,0.05,5059575.3,4154949.95,0.9311868527779397,1.1339270163771769,71.97943444730078,83.45260427522636,1.269999999999996,0.5,0.13000000000000966,,0,3.8579513152840543,6.224789379627275,2.435792698493737,,0,,,-1.44672285822115,12.283216282069676,3.844114528101805,82.7,4.012761708392185,82.7,0,25,20,20,75.30000000000001,74.745,75.02250000000001,75.105,78.34,,,,,,78.88666666666667,79.56333333333335,80.78666666666668,81.46333333333335,77.66333333333334,76.98666666666666,75.76333333333334,0,0,0,0,0,0,0,0,0,0,0,0,0,0,0,0,0,0,0,0,0,0,,,,,,,,,,,,,,,,,,USD,1.0,stock,25.0
2026-02-25,78.63,78.82,75.733,77.94,5003952,73.6725,76.3522,,75.5674256120249,76.01043176084183,78.30857076603027,81.75004010841593,61.892071952031976,1.0672834977383587,0.03706957353219173,1.030213924206167,0,3.1168214285714293,0.5,0.05,5283238.1,4303406.75,0.9471373247402952,1.1627885279493972,67.8378378378378,73.21376078056892,0.6899999999999977,0.18999999999999773,2.2069999999999936,,0,3.0441036540609345,5.475365665896842,2.0372081088016443,,0,,,-0.5105948429920959,-4.085650996800405,5.667028199566149,82.7,3.13967872897545,82.7,0,25,20,20,75.30000000000001,74.745,75.02250000000001,75.105,77.94,,,,,,77.49766666666666,79.26233333333332,80.58466666666665,82.3493333333333,76.17533333333333,74.41066666666667,73.08833333333334,0,0,0,0,0,0,0,0,0,0,0,0,0,0,0,0,0,0,0,0,0,0,,,,,,,,,,,,,,,,,,USD,1.0,stock,25.0
2026-02-26,78.97,79.37,77.14,77.85,4262647,73.9645,76.2682,,75.78481364897492,76.0825716917892,78.29949015680195,81.71123373917796,61.112984822934216,1.0981085214408495,0.2492773631139233,0.8488311583269261,0,3.1625357142857147,0.5,0.05,5208657.7,4425784.85,0.8183772567738518,0.9631392271587718,67.22972972972967,69.01566733828942,1.1200000000000045,0.4000000000000057,0.7099999999999937,,0,2.6527763018947677,4.991008349389844,2.0318561335902396,,0,,,-0.11547344110854896,-2.990654205607479,8.109984724343832,82.7,2.7250662125933864,82.7,0,25,20,20,75.39500000000001,74.745,75.07000000000001,75.105,77.85,,,,,,78.11999999999999,79.09999999999998,80.35,81.32999999999998,76.86999999999998,75.88999999999999,74.63999999999997,0,0,0,0,0,0,0,0,0,0,0,0,0,0,0,0,0,0,0,0,0,0,,,,,,,,,,,,,,,,,,USD,1.0,stock,25.0
2026-02-27,77.67,78.04,75.83,76.46,4923734,74.22,76.1648,,75.8491171109773,76.09737280191511,78.26306460914252,81.65898265719609,56.1141304347826,0.9988619329292305,0.39919427707698474,0.5996676558522458,0,3.1568214285714293,0.5,0.05,5309921.5,4533638.5,0.9272705820603939,1.0860446857419268,57.837837837837775,64.30180180180176,1.210000000000008,0.37000000000000455,0.6299999999999955,,0,0.7989574797576384,2.92963641119539,0.3860842270468142,,0,,,-1.7854849068721923,-7.287498484297328,7.161878065872451,82.7,0.8053922211499018,82.7,0,25,20,20,75.41,74.745,75.0775,75.105,76.46,,,,,,76.77666666666666,77.72333333333331,78.98666666666666,79.93333333333332,75.5133333333333,74.56666666666665,73.3033333333333,0,0,0,0,0,0,0,0,0,0,0,0,0,0,0,0,0,0,0,0,0,0,,,,,,,,,,,,,,,,,,USD,1.0,stock,25.0
2026-03-02,74.5,78.23,74.5,77.89,4097552,74.5275,76.09379999999999,,76.04348690993184,76.16767190772237,78.25567719113968,81.62148034219912,60.295599596909625,1.023795666341158,0.5241145549298194,0.49968111141133864,0,3.3232500000000007,0.5,0.05,5348752.6,4596191.0,0.7660761875581982,0.8915103832717135,67.49999999999999,64.18918918918915,3.3900000000000006,0.3400000000000034,0.0,,0,2.370667723800433,4.3169854923610185,2.306072666581093,,0,,,1.87025895893278,-2.0128318027424763,8.572623362141062,82.7,2.428233061241947,82.7,0,25,20,20,78.6,74.745,76.6725,75.08000000000001,77.89,,,,,,76.87333333333333,79.24666666666667,80.60333333333334,82.97666666666667,75.51666666666667,73.14333333333333,71.78666666666666,0,0,0,0,0,0,0,0,0,0,0,0,0,0,0,0,0,0,0,0,0,0,,,,,,,,,,,,,,,,,,USD,1.0,stock,25.0
2026-03-03,75.89,79.32,75.2501,77.7,4042524,74.81299999999999,76.0034,,76.2012500613669,76.22776320545874,78.24467368240424,81.58246063730162,57.77074542897328,1.016506760423539,0.6225929960285633,0.3939137643949756,0,3.4361,0.5,0.05,5178648.8,4645238.45,0.780613661231478,0.8702511277973254,66.21621621621621,63.85135135135133,1.8100000000000023,1.6199999999999903,0.6398999999999972,,0,1.9288930999138951,3.715572715572734,2.1835263835263885,,0,,,-0.24393375272819817,-0.8169517487873423,7.931657174607598,82.7,1.9668311706515487,82.7,0,25,20,20,78.6,74.745,76.6725,75.08000000000001,77.7,,,,,,77.42336666666667,79.59663333333333,81.49326666666666,83.66653333333332,75.52673333333334,73.35346666666668,71.45683333333335,0,0,0,0,0,0,0,0,0,0,0,0,0,0,0,0,0,0,0,0,0,0,,,,,,,,,,,,,,,,,,USD,1.0,stock,25.0
2026-03-04,77.84,78.11,76.39,77.57,2836624,75.331,75.91239999999999,,76.33160719837957,76.28039994249959,78.23131380750515,81.54253565583593,59.72373682297344,0.9888415861527733,0.6958427140534054,0.2929988720993679,0,3.4047071428571436,0.5,0.05,4604605.1,4487030.55,0.616040667635103,0.6321829032343005,65.33783783783777,66.35135135135133,0.27000000000001023,0.269999999999996,1.1799999999999926,,0,1.5964842099012773,2.8864251643676555,2.136908598685062,,0,,,-0.16731016731017512,-0.4747241467795815,15.41437286118137,82.7,1.6223853356080133,82.7,0,25,20,20,78.6,74.745,76.6725,75.08000000000001,77.57,,,,,,77.35666666666667,78.32333333333334,79.07666666666667,80.04333333333334,76.60333333333334,75.63666666666667,74.88333333333334,0,0,0,0,0,0,0,0,0,0,0,0,0,0,0,0,0,0,0,0,0,0,,,,,,,,,,,,,,,,,,USD,1.0,stock,25.0
2026-03-05,76.87,78.96,76.845,78.29,2771459,75.7055,75.8612,,76.5181207985339,76.35920778789176,78.23247591032683,81.5101721169719,68.65492393915132,1.013333639517242,0.7593408991461728,0.25399274037106934,0,3.2125642857142864,0.5,0.05,4374275.1,4455856.45,0.6335813218514766,0.6219812130617448,69.8151950718686,67.1230830419742,1.4200000000000017,0.6699999999999875,0.025000000000005684,,0,2.263225445735223,3.3011878911738477,3.1023119172308204,,0,,,0.9281938893902497,0.565189466923588,10.579096045197755,82.7,2.3156334512334964,82.7,0,25,20,20,78.05,74.745,76.39750000000001,75.04,78.29,,,,,,78.03166666666668,79.21833333333336,80.14666666666668,81.33333333333336,77.10333333333337,75.91666666666669,74.98833333333337,0,0,0,0,0,0,0,0,0,0,0,0,0,0,0,0,0,0,0,0,0,0,,,,,,,,,,,,,,,,,,USD,1.0,stock,25.0
2026-03-06,77.23,77.23,74.59,76.4,5213885,75.9625,75.76339999999999,,76.50687119867354,76.36080748248425,78.19618925863719,81.45932463322093,65.01137225170582,0.8702053777427778,0.7815137948654938,0.08869158287728407,0,3.3775642857142865,0.5,0.05,4368281.0,4538585.7,1.193578206163935,1.1487906904567209,56.79012345679014,63.9810521221655,0.8299999999999983,0.0,1.8100000000000023,,0,-0.13988376789729173,0.5726439790575916,0.8332460732984496,,0,,,-2.414101417805592,-0.07847240387128807,7.213022733651409,82.7,-0.13968836654685182,82.7,0,25,20,20,77.305,74.745,76.025,74.86000000000001,76.4,,,,,,76.07333333333334,77.55666666666667,78.71333333333334,80.19666666666667,74.91666666666667,73.43333333333334,72.27666666666667,0,0,0,0,0,0,0,0,0,0,0,0,0,0,0,0,0,0,0,0,0,0,,,,,,,,,,,,,,,,,,USD,1.0,stock,25.0
2026-03-09,74.38,75.245,71.87,74.8,4014537,76.0595,75.6556,,76.3443120368951,76.29959934591625,78.12893798618893,81.39306269657196,59.42300487073808,0.6205156526745412,0.7493141664273033,-0.12879851375276208,0,3.542207142857144,0.5,0.05,4187832.4,4627326.6,0.9586193086428196,0.8675715692944606,27.05447830101563,51.21993227655813,0.4200000000000017,0.4450000000000074,2.509999999999991,,0,-2.064588284619127,-1.6838235294117685,-1.143850267379692,,0,,,-2.0942408376963484,-3.967133136474521,2.662640680757611,82.7,-2.0228252710546184,82.7,0,25,20,20,75.62,74.745,75.1825,74.745,74.8,,,,,,73.97166666666668,76.07333333333335,77.34666666666668,79.44833333333335,72.69833333333335,70.59666666666668,69.32333333333335,0,0,0,0,0,0,0,0,0,0,0,0,0,0,0,0,0,0,0,0,0,0,,,,,,,,,,,,,,,,,,USD,1.0,stock,25.0
2026-03-10,73.68,74.8889,72.38,73.54,3765818,76.1485,75.5026,,76.07723470004795,76.19137976372346,78.03806792705647,81.31492276924288,26.549210206561426,0.3173055757387431,0.6629124482895913,-0.3456068725508482,0,2.8714142857142875,0.5,0.05,4093273.2,4576424.25,0.9200016260825199,0.8228734475393098,15.420129270544802,33.08824367611687,0.14000000000000057,1.2088999999999999,1.1600000000000108,,0,-3.4501423715637016,-3.5470492249116017,-2.668751699755228,,0,,,-1.6844919786096146,-5.353925353925348,2.4804905239687924,82.7,-3.3350774512922023,82.7,0,25,20,20,75.62,74.745,75.1825,74.745,73.54,,,,,,73.60296666666666,74.82593333333332,76.11186666666667,77.33483333333334,72.31703333333331,71.09406666666665,69.8081333333333,0,0,0,0,0,0,0,0,0,0,0,0,0,0,0,0,0,0,0,0,0,0,,,,,,,,,,,,,,,,,,USD,1.0,stock,27.0
2026-03-11,73.9,74.99,71.4,72.85,3813443,76.127,75.3526,,75.7698790143291,76.0603452631853,77.93533390869892,81.23069468198673,27.07558859975221,0.021089070153848866,0.5345477726624429,-0.513458702508594,0,2.9386285714285725,0.5,0.05,3974222.3,4628730.2,0.9595444623215968,0.8238637456121335,12.83185840707955,18.43548865954667,1.0500000000000114,1.0899999999999892,1.4499999999999886,,0,-4.008070026532756,-4.498284145504463,-3.435277968428279,,0,,,-0.9382648898558776,-6.084826608224825,-0.5867903930131146,82.7,-3.8536144604070484,82.7,0,25,20,20,75.36,74.745,75.05250000000001,74.745,72.85,,,,,,73.08,74.75999999999999,76.66999999999999,78.34999999999998,71.17,69.49000000000001,67.58000000000001,0,0,0,0,0,0,0,0,0,0,0,0,0,0,0,0,0,0,0,0,0,0,,,,,,,,,,,,,,,,,,USD,1.0,stock,27.0
2026-03-12,72.0,73.53,70.24,70.35,3349656,76.0335,75.15879999999999,,75.25370006058348,75.8364101548251,77.7851292768435,81.1224290632605,13.09378806333747,-0.41065991935172974,0.34550623425960836,-0.7561661536113381,0,2.9879142857142864,0.5,0.05,3882923.2,4545790.45,0.8626634696251525,0.7368698660537685,0.9683098591549246,9.740099178926435,1.6500000000000057,1.5300000000000011,0.10999999999999943,,0,-6.970433632670206,-8.07889125799575,-6.835536602700769,,0,,,-3.4317089910775533,-10.141780559458436,-2.5893104403212464,82.7,-6.516224526682055,82.7,0,25,20,20,74.78,74.92,74.85,74.745,70.35,,,,,,71.37333333333332,72.50666666666665,74.66333333333333,75.79666666666665,69.21666666666664,68.08333333333331,65.92666666666663,0,0,0,0,0,0,0,0,0,0,0,0,0,0,0,0,0,0,0,0,0,0,,,,,,,,,,,,,,,,,,USD,1.0,stock,28.75
2026-03-13,70.9,71.42,68.47,68.67,3050102,76.01849999999999,74.946,,74.62668100719459,75.55537446247902,77.60463166740105,80.9985242964619,14.219576719576821,-0.8782620060657962,0.10075258619452745,-0.9790145922603236,0,2.973628571428572,0.5,0.05,3695560.0,4502740.75,0.825342302655078,0.6773878775943296,1.7182130584192683,5.17279377488459,2.230000000000004,0.519999999999996,0.20000000000000284,,0,-8.674357080522192,-10.701179554390544,-9.139362166885096,,0,,,-2.3880597014925287,-10.117801047120423,-0.43497172683775176,82.7,-7.9819723010598835,82.7,0,25,20,20,73.895,75.30000000000001,74.5975,74.745,68.67,,,,,,69.52,70.57,72.47,73.52,67.61999999999999,66.57,64.66999999999999,0,0,0,0,0,0,0,0,0,0,0,0,0,0,0,0,0,0,0,0,0,0,,,,,,,,,,,,,,,,,,USD,1.0,stock,28.75
2026-03-16,69.32,69.34,67.095,68.05,3742559,75.997,74.759,,74.00033043508081,75.26104605218573,77.41543104032381,80.86968325868617,14.736120630568976,-1.2840669229378818,-0.17621131563195438,-1.1078556073059274,0,2.998271428571429,0.5,0.05,3660060.7,4504406.65,1.0225401453041476,0.8308661474869281,7.780040733197539,3.4888545502572534,1.269999999999996,0.020000000000010232,0.9549999999999983,,0,-8.744056480647782,-11.67817781043351,-9.858927259368116,,0,,,-0.9028687927770562,-9.024064171122992,-0.6279205607476745,82.7,-8.040951168861247,82.7,0,25,20,20,73.0275,74.89750000000001,73.9625,74.745,68.05,,,,,,68.16166666666668,69.22833333333335,70.40666666666668,71.47333333333336,66.98333333333335,65.91666666666667,64.73833333333334,0,0,0,0,0,0,0,0,0,0,0,0,0,0,0,0,0,0,0,0,0,0,,,,,,,,,,,,,,,,,,USD,1.0,stock,28.75
2026-03-17,69.47,73.12,69.06,72.42,3814589,76.1295,74.6968,,73.84982277459692,75.14963248151179,77.31651161378274,80.78560680835099,35.129310344827644,-1.238768018231525,-0.3887226561518685,-0.8500453620796565,1,3.1399142857142874,0.5,0.05,3637267.2,4407958.0,1.0487513812567852,0.8653868752832944,43.38085539714867,17.626369729588504,2.950000000000003,0.7000000000000028,0.4099999999999966,,0,-1.97434793509654,-5.122203811101893,-3.143882905274778,,0,,,6.421748714180753,-1.5229806907805288,3.798194066217575,82.7,-1.9361221474572705,82.7,0,25,20,20,73.0275,74.89750000000001,73.9625,74.745,72.42,,,,,,71.53333333333335,74.00666666666669,75.59333333333335,78.06666666666669,69.94666666666669,67.47333333333334,65.88666666666668,0,0,0,0,0,0,0,0,0,0,0,0,0,0,0,0,0,0,0,0,0,0,,,,,,,,,,,,,,,,,,USD,1.0,stock,25.0
2026-03-18,71.62,72.42,69.23,69.64,3587749,75.5485,74.5492,,73.44888727225435,74.93356846262898,77.16450148281675,80.67470524806889,30.682352941176532,-1.4109267906897287,-0.5931634830594406,-0.8177633076302881,1,3.2084857142857155,0.5,0.05,3712379.7,4158492.4,0.9664283532204424,0.8627523282235648,20.817995910020475,23.992964013455573,1.980000000000004,0.7999999999999972,0.4099999999999966,,0,-5.469395853323309,-8.4843480758185,-7.0493968983342885,,0,,,-3.8387185860259576,-4.4063143445435715,-14.299778488801385,82.7,-5.185765794022011,82.7,0,25,20,20,72.1625,74.89750000000001,73.53,74.745,69.64,,,,,,70.43,71.63000000000001,73.62,74.82000000000001,68.44000000000001,67.24000000000001,65.25000000000001,0,0,0,0,0,0,0,0,0,0,0,0,0,0,0,0,0,0,0,0,0,0,,,,,,,,,,,,,,,,,,USD,1.0,stock,25.0
2026-03-19,68.92,70.715,67.37,68.18,4389760,74.94500000000001,74.37219999999999,,72.94708848442062,74.66872264056511,76.98659056236492,80.55037982271497,30.581613508442842,-1.6461973185052443,-0.8037702501486014,-0.8424270683566429,0,3.2895571428571437,0.5,0.05,3874209.8,4124242.45,1.1330723493601198,1.0643797141460487,8.87525562372195,24.358035643630373,0.7399999999999949,1.7950000000000017,0.8100000000000023,,0,-6.991916228249649,-9.922264593722499,-9.08213552361394,,0,,,-2.0964962665134923,-3.0845771144278444,-15.04049844236759,82.7,-6.534994861979617,82.7,0,25,20,20,71.17,74.89750000000001,73.03375,74.745,68.18,,,,,,68.75500000000001,70.14000000000001,72.10000000000001,73.48500000000001,66.79500000000002,65.41000000000001,63.45000000000002,0,0,0,0,0,0,0,0,0,0,0,0,0,0,0,0,0,0,0,0,0,0,,,,,,,,,,,,,,,,,,USD,1.0,stock,25.0
2026-03-20,68.0,69.02,67.165,68.5,5448337,74.2465,74.1922,,72.52355624780913,74.42681194877824,76.81853926410027,80.43047554587204,26.76892627412174,-1.7862389306854425,-1.0002639862559697,-0.7859749444294728,1,3.1556285714285712,0.5,0.05,3897655.0,4132968.0,1.397849989288431,1.3182625657880729,11.492842535787336,13.728698023176596,0.5,0.519999999999996,0.8349999999999937,,0,-5.8738047413271905,-8.389051094890506,-8.309781021897809,,0,,,0.46934584922264655,-0.24756079801951936,-16.93949314902389,81.6,-5.547930156735348,81.6,0,25,20,20,71.04249999999999,74.89750000000001,72.97,74.745,68.5,,,,,,68.22833333333334,69.29166666666667,70.08333333333333,71.14666666666666,67.43666666666668,66.37333333333335,65.58166666666669,0,0,0,0,0,0,0,0,0,0,0,0,0,0,0,0,0,0,0,0,0,0,,,,,,,,,,,,,,,,,,USD,1.0,stock,27.0
2026-03-23,69.93,71.68,68.6612,71.06,4752679,73.825,74.03960000000001,,72.38416993849397,74.29478010764967,76.70450878362303,80.33723698322655,35.29672276350753,-1.6713856190809082,-1.1344883128209575,-0.5368973062599507,1,3.0920642857142866,0.5,0.05,3971469.2,4079650.8,1.1967054912574921,1.1649720118202274,33.41761483354408,17.928570997684464,1.1299999999999955,0.6200000000000045,1.268800000000013,,0,-1.8634533330902991,-3.8910779622853933,-4.193076273571637,,0,,,3.737226277372274,4.423218221895664,-10.605107560699444,80.11,-1.8293639888654325,80.11,0,25,20,20,71.04249999999999,74.89750000000001,72.97,74.745,71.06,,,,,,70.46706666666667,72.27293333333334,73.48586666666668,75.29173333333335,69.25413333333333,67.44826666666665,66.23533333333332,0,0,0,0,0,0,0,0,0,0,0,0,0,0,0,0,0,0,0,0,0,0,,,,,,,,,,,,,,,,,,USD,1.0,stock,25.0
2026-03-24,69.86,71.33,68.835,70.97,2411389,73.4565,73.8686,,72.24948708720883,74.16439657401635,76.59095415424434,80.24403064508499,35.359361135758675,-1.5695331884040655,-1.2214972879375792,-0.34803590046648636,1,3.14742142857143,0.5,0.05,3836026.3,3964649.75,0.6286163887875326,0.6082224539506926,32.65908133164772,25.85651290032639,1.1099999999999994,0.35999999999999943,1.0250000000000057,,0,-1.8028562592769273,-3.5035930674933167,-4.084260955333242,,0,,,-0.12665353222629516,-2.00220933443801,-9.407709982129187,79.37,-1.770928955750826,79.37,0,25,20,20,70.3125,74.89750000000001,72.605,74.745,70.97,,,,,,70.37833333333333,71.92166666666667,72.87333333333333,74.41666666666667,69.42666666666666,67.88333333333333,66.93166666666666,0,0,0,0,0,0,0,0,0,0,0,0,0,0,0,0,0,0,0,0,0,0,,,,,,,,,,,,,,,,,,USD,1.0,stock,25.0
2026-03-25,71.71,73.21,69.44,70.77,2190147,73.098,73.6904,,72.1085835550937,74.03128298287847,76.47568773534842,80.14976168344236,32.924613987284275,-1.487802273333557,-1.2747582850167747,-0.21304398831678228,1,3.2656357142857155,0.5,0.05,3673696.7,3823959.5,0.5961697926777678,0.5727432521186482,36.26048347311293,34.112393212768254,0.9399999999999977,1.5,1.3299999999999983,,0,-1.8914562033258526,-3.289529461636291,-4.126607319485659,,0,,,-0.28180921516134383,1.6226306720275696,-9.199384141647426,79.37,-1.856344264578401,79.37,0,25,20,20,70.1525,74.89750000000001,72.525,74.745,70.77,,,,,,71.13999999999999,72.83999999999997,74.90999999999998,76.60999999999997,69.06999999999998,67.36999999999999,65.29999999999998,0,0,0,0,0,0,0,0,0,0,0,0,0,0,0,0,0,0,0,0,0,0,,,,,,,,,,,,,,,,,,USD,1.0,stock,25.0
2026-03-26,69.5,71.93,69.5,69.97,2265540,72.70400000000001,73.5404,,71.90490893079905,73.87201698354991,76.34686223563855,80.04847052241308,34.63927376970854,-1.4706307327702461,-1.313932774567469,-0.1566979582027772,1,3.1749214285714302,0.5,0.05,3565285.1,3724104.15,0.6354442734467434,0.6083449626402098,35.27607361963188,34.73187947479752,0.46999999999999886,1.960000000000008,0.0,,0,-2.765340761467849,-3.9073888809489907,-5.102758324996437,,0,,,-1.130422495407657,2.625403344089161,-10.12202954399486,79.32,-2.690927447889825,79.32,0,25,20,20,70.1525,74.89750000000001,72.525,74.745,69.97,,,,,,70.46666666666667,71.43333333333334,72.89666666666668,73.86333333333334,69.00333333333333,68.03666666666666,66.57333333333332,0,0,0,0,0,0,0,0,0,0,0,0,0,0,0,0,0,0,0,0,0,0,,,,,,,,,,,,,,,,,,USD,1.0,stock,25.0
2026-03-27,69.23,69.23,65.61,65.9,3562989,72.176,73.3088,,71.33301284215153,73.55938886654795,76.13999367651701,79.90768972119504,30.98290598290599,-1.7650902866563172,-1.4041642769852385,-0.3609260096710787,0,3.1627785714285728,0.5,0.05,3616573.8,3656066.9,0.9851835458189738,0.9745415216554161,3.0916844349680854,24.87608050923764,3.3299999999999983,0.0,0.29000000000000625,,0,-8.244329047270906,-9.523520485584212,-11.242488619119877,,0,,,-5.816778619408303,-3.795620437956193,-13.811143081349709,79.32,-7.616407362708637,79.32,0,25,20,20,69.41,74.155,71.7825,74.155,65.9,,,,,,66.91333333333334,68.21666666666668,70.53333333333335,71.83666666666669,64.59666666666668,63.29333333333334,60.976666666666674,0,0,0,0,0,0,0,0,0,0,0,0,0,0,0,0,0,0,0,0,0,0,,,,,,,,,,,,,,,,,,USD,1.0,stock,25.0
2026-03-30,66.23,67.65,65.6821,66.3,2207492,71.59649999999999,73.135,,70.85367828575615,73.27470695021273,75.94514231658597,79.77228982347171,33.93966282165037,-1.9437683954085685,-1.5120851006699045,-0.43168329473866396,0,3.124135714285715,0.5,0.05,3463067.1,3561563.9,0.6374384140578737,0.6198097414453241,7.356076759061813,15.241278271220603,0.06999999999999318,1.3500000000000085,0.5478999999999985,,0,-6.868293040356183,-7.988687782805422,-10.309200603318262,,0,,,0.6069802731411,-6.6985645933014375,-14.879958916420598,79.32,-6.426876339984715,79.32,0,25,20,20,69.41,73.60499999999999,71.5075,74.155,66.3,,,,,,66.54403333333335,67.40596666666669,68.51193333333335,69.37386666666669,65.43806666666669,64.57613333333335,63.470166666666685,0,0,0,0,0,0,0,0,0,0,0,0,0,0,0,0,0,0,0,0,0,0,,,,,,,,,,,,,,,,,,USD,1.0,stock,25.0
2026-03-31,67.29,68.02,64.9233,67.3,3487843,71.07650000000001,73.005,,70.51523273473175,73.04040471687107,75.77395137962387,79.64818743716852,37.855579868708965,-1.9818350800958626,-1.6060350965550962,-0.3757999835407664,1,3.0889000000000015,0.5,0.05,3430392.5,3533829.85,1.016747500468241,0.9869866824516182,27.614532863931572,12.687431352653832,0.009999999999990905,0.7199999999999989,2.3667000000000087,,0,-4.77746320168166,-5.611441307578028,-8.476968796433876,,0,,,1.5082956259426794,-5.1711990982105105,-13.384813384813388,78.96,-4.559628622126234,78.96,0,25,20,20,69.06665,72.51665,70.79165,73.81165,67.3,,,,,,66.74776666666666,68.57223333333333,69.84446666666666,71.66893333333333,65.47553333333333,63.651066666666665,62.37883333333333,0,0,0,0,0,0,0,0,0,0,0,0,0,0,0,0,0,0,0,0,0,0,,,,,,,,,,,,,,,,,,USD,1.0,stock,25.0
2026-04-01,68.0,68.48,63.92,65.36,4783823,70.466,72.8788,,70.02425818856682,72.73921237503299,75.56773452062141,79.50601641789322,38.806639748766266,-2.1438322253056015,-1.7135945223051974,-0.4302377030004041,0,3.179614285714287,0.5,0.05,3549999.9,3631189.8,1.347555812607206,1.3174257649655219,15.500538213132389,16.823715945375266,2.6400000000000006,0.480000000000004,1.4399999999999977,,0,-7.136257938443726,-7.812117503059968,-11.503671970624234,,0,,,-2.8826151560178315,-7.644482125194285,-15.740621374242615,78.96,-6.660917672282281,78.96,0,25,20,20,68.565,71.64500000000001,70.105,73.31,65.36,,,,,,65.92,67.92,70.48,72.48,63.36,61.36,58.8,0,0,0,0,0,0,0,0,0,0,0,0,0,0,0,0,0,0,0,0,0,0,,,,,,,,,,,,,,,,,,USD,1.0,stock,25.0
2026-04-02,63.76,66.26,62.6954,64.05,3836522,69.75399999999999,72.6928,,69.45528121822711,72.39845894856111,75.33966056971802,79.35222520975499,39.461678832116775,-2.3508233536003473,-1.8410402885642274,-0.5097830650361199,0,3.223514285714287,0.5,0.05,3494676.1,3684442.95,1.0978190510988988,1.041275995330583,12.883038822209105,18.66603663309103,0.28999999999999915,2.210000000000008,1.0645999999999987,,0,-8.439158810659043,-8.905542544886798,-13.493832943013285,,0,,,-2.004283965728282,-8.46076890095756,-18.18878528547708,77.23,-7.782390515767737,77.23,0,25,20,20,67.9527,71.0327,69.4927,72.6977,64.05,,,,,,64.33513333333333,65.97486666666666,67.89973333333333,69.53946666666667,62.41026666666666,60.770533333333326,58.84566666666665,0,0,0,0,0,0,0,0,0,0,0,0,0,0,0,0,0,0,0,0,0,0,,,,,,,,,,,,,,,,,,USD,1.0,stock,25.0
2026-04-06,63.76,65.85,63.555,65.04,2093032,69.18599999999999,72.4748,,69.03477824506263,72.10989193097048,75.13570689507013,79.2098150086629,43.24809331538808,-2.4072315213116156,-1.954278535113705,-0.45295298619791047,1,3.227085714285715,0.5,0.05,3159145.6,3528400.3,0.6625310337073416,0.5931957323549713,22.29851825081323,16.894031762051583,1.2800000000000082,0.8099999999999881,0.2049999999999983,,0,-6.142032972113498,-6.374538745387433,-11.431119311193104,,0,,,1.5456674473067977,-1.305007587253415,-14.869109947643977,75.245,-5.78661704522579,75.245,0,25,20,20,67.9527,71.0077,69.4802,72.6977,65.04,,,,,,64.815,66.07499999999999,67.10999999999999,68.36999999999999,63.78,62.52,61.48500000000001,0,0,0,0,0,0,0,0,0,0,0,0,0,0,0,0,0,0,0,0,0,0,,,,,,,,,,,,,,,,,,USD,1.0,stock,25.0
2026-04-07,64.48,65.095,62.45,62.7,2730429,68.58099999999999,72.2246,,68.43146603124714,71.74087656112849,74.88945527338558,79.04553824240756,26.011846001974334,-2.610659783520589,-2.085554784795082,-0.525104998725507,0,3.0538714285714286,0.5,0.05,2956920.6,3464194.9,0.9234028806860759,0.788185734007056,2.3234200743494444,12.501659049123937,1.7800000000000011,0.6149999999999949,0.25,,0,-9.141094148719517,-9.379585326953725,-15.190749601275904,,0,,,-3.59778597785978,-5.4298642533936565,-16.176470588235293,74.99,-8.37548333193686,74.99,0,25,20,20,67.83,70.88499999999999,69.35749999999999,72.575,62.7,,,,,,63.415,64.38,66.06,67.02499999999999,61.735,60.77,59.09,0,0,0,0,0,0,0,0,0,0,0,0,0,0,0,0,0,0,0,0,0,0,,,,,,,,,,,,,,,,,,USD,1.0,stock,27.0
2026-04-08,66.0,67.7,64.46,65.07,2983969,68.1575,72.0172,,68.1113264092236,71.4792735587313,74.69501061450666,78.90647816039356,38.488664987405514,-2.5512299629319415,-2.178689820422454,-0.37254014250948764,1,3.183157142857143,0.5,0.05,3014178.6,3425102.45,0.9899775016649643,0.8712057649545636,24.349442379182086,16.32379356811493,0.9300000000000068,1.7000000000000028,0.6099999999999994,,0,-4.67393024315906,-4.74489011833411,-10.676502228369463,,0,,,3.779904306220083,-3.3135215453194755,-11.517541474027759,74.99,-4.465228574394267,74.99,0,25,20,20,67.19,70.88499999999999,69.0375,72.575,65.07,,,,,,65.74333333333333,67.02666666666666,68.98333333333333,70.26666666666667,63.78666666666665,62.503333333333316,60.54666666666664,0,0,0,0,0,0,0,0,0,0,0,0,0,0,0,0,0,0,0,0,0,0,,,,,,,,,,,,,,,,,,USD,1.0,stock,25.0
2026-04-09,64.37,65.91,63.26,65.88,2427947,67.809,71.85959999999999,,67.89881913215469,71.25969420348693,74.52045594887285,78.77686146228021,44.01041666666663,-2.410978907337622,-2.2251476378054873,-0.1858312695321347,1,3.1335142857142855,0.5,0.05,3037958.6,3355827.65,0.7992034519496085,0.7235016971148682,31.87732342007431,19.51672862453529,1.509999999999991,0.030000000000001137,1.1100000000000065,,0,-3.064388482323451,-2.928051001821497,-9.076502732240424,,0,,,1.2448132780082943,0.7955936352509019,-9.567604667124229,73.53,-2.973275762315345,73.53,0,25,20,20,65.84,70.705,68.27250000000001,72.575,65.88,,,,,,65.01666666666667,66.77333333333334,67.66666666666666,69.42333333333333,64.12333333333333,62.36666666666667,61.473333333333336,0,0,0,0,0,0,0,0,0,0,0,0,0,0,0,0,0,0,0,0,0,0,,,,,,,,,,,,,,,,,,USD,1.0,stock,25.0
2026-04-10,65.76,66.17,65.0,65.44,3691889,67.5635,71.7282,,67.66464588147329,71.0314709013894,74.34064493998427,78.6441563731033,42.0807453416149,-2.308719773668713,-2.2418620649781325,-0.06685770869058061,1,3.084585714285715,0.5,0.05,3180593.5,3372939.3,1.16075474593028,1.0945613518749062,27.788104089219306,28.00495662949191,0.3200000000000074,0.4099999999999966,0.4399999999999977,,0,-3.3995199900264264,-3.2449572127139477,-9.609107579462108,,0,,,-0.6678809957498477,2.1701795472287344,-6.979388770433548,73.21,-3.2877521968712546,73.21,0,25,20,20,65.465,70.705,68.08500000000001,72.575,65.44,,,,,,65.53666666666668,66.07333333333335,66.70666666666668,67.24333333333335,64.90333333333335,64.36666666666667,63.73333333333335,0,0,0,0,0,0,0,0,0,0,0,0,0,0,0,0,0,0,0,0,0,0,,,,,,,,,,,,,,,,,,USD,1.0,stock,25.0
2026-04-13,64.95,68.26,64.66,68.14,2523029,67.537,71.664,,67.70991770228535,70.91807988564864,74.21785989166776,78.53963740421669,42.49743062692702,-1.9869074065643701,-2.19087113329538,0.20396372673100993,1,3.1145857142857154,0.5,0.05,3076597.5,3346585.65,0.8200711987837213,0.7539113783028383,52.88104089219333,37.515489467162325,3.1899999999999977,0.12000000000000455,0.29000000000000625,,0,0.6311744903355564,0.8849427648957946,-5.171705312591724,,0,,,4.125916870415658,4.766297662976626,-0.7718071938255466,73.21,0.6351836072311928,73.21,0,25,20,20,65.465,69.84,67.6525,72.575,68.14,,,,,,67.02,69.38,70.62,72.98,65.77999999999999,63.41999999999999,62.17999999999998,0,0,0,0,0,0,0,0,0,0,0,0,0,0,0,0,0,0,0,0,0,0,,,,,,,,,,,,,,,,,,USD,1.0,stock,25.0
2026-04-14,68.51,69.5899,68.15,68.6,1897465,67.5645,71.6012,,67.79468744492485,70.82717479209379,74.1066151413377,78.44073553949812,44.02420574886534,-1.6754372339719055,-2.0877843534306852,0.4123471194587798,1,3.039935714285715,0.5,0.05,3045594.8,3254330.95,0.6230195165817857,0.583058400990225,57.156133828996246,45.94175960346964,0.0899999999999892,0.9899000000000058,0.35999999999999943,,0,1.1739250073981742,1.5094752186588907,-4.374927113702641,,0,,,0.6750807161725714,9.409888357256758,0.8082292432035176,73.21,1.1878697069432889,73.21,0,25,20,20,66.01995,68.8475,67.433725,72.575,68.6,,,,,,68.77996666666667,69.40993333333333,70.21986666666666,70.84983333333332,67.97003333333333,67.34006666666667,66.53013333333334,0,0,0,0,0,0,0,0,0,0,0,0,0,0,0,0,0,0,0,0,0,0,,,,,,,,,,,,,,,,,,USD,1.0,stock,25.0
2026-04-15,69.045,70.72,68.9,70.17,2497452,67.452,71.5648,,68.02090768826534,70.80140323161952,74.0286623662617,78.35843966348321,48.58490566037737,-1.287072429416881,-1.9276419686279245,0.6405695392110435,1,2.9220785714285724,0.5,0.05,2946555.7,3188474.1,0.8475835023244257,0.7832749841060337,81.4345991561181,63.823924625769244,1.125,0.5499999999999972,0.14499999999999602,,0,3.0626939029993765,3.8734501923899147,-1.9877440501638928,,0,,,2.288629737609349,7.83771323190412,-3.106876553438276,73.21,3.15945844413572,73.21,0,25,20,20,66.58500000000001,68.72,67.6525,72.575,70.17,,,,,,69.93,70.96000000000001,71.75,72.78,69.14000000000001,68.11000000000001,67.32000000000002,0,0,0,0,0,0,0,0,0,0,0,0,0,0,0,0,0,0,0,0,0,0,,,,,,,,,,,,,,,,,,USD,1.0,stock,25.0
2026-04-16,70.69,71.145,69.89,70.84,1849411,67.512,71.6374,,68.2893926703353,70.80291683037954,73.96552053722681,78.28362931857293,52.064546748932145,-0.9146832243732916,-1.725050219776998,0.8103669954037063,1,2.83815,0.5,0.05,2653114.5,3101557.2,0.6970716868797031,0.5962846662960141,96.4922369177689,78.36098996762776,0.15000000000000568,0.3049999999999926,0.7999999999999972,,0,3.600518534252824,4.69791078486731,-1.1256352343308809,,0,,,0.9548239988599105,7.528840315725582,1.7231476163124704,73.21,3.7349978231285044,73.21,0,25,20,20,66.7975,68.72,67.75874999999999,72.575,70.84,,,,,,70.625,71.36,71.88,72.615,70.105,69.37,68.85000000000001,0,0,0,0,0,0,0,0,0,0,0,0,0,0,0,0,0,0,0,0,0,0,,,,,,,,,,,,,,,,,,USD,1.0,stock,25.0
2026-04-17,71.505,73.01,70.81,72.37,4018310,67.72149999999999,71.6688,,68.67802193982718,70.86437107232545,73.9339260711431,78.22478723580106,67.45817593092283,-0.49045027769386706,-1.4781302313603717,0.9876799536665046,1,2.6838642857142863,0.5,0.05,2671293.3,3082984.7,1.504256383977005,1.303383049549354,93.93939393939394,90.62207667109367,0.8650000000000091,0.6400000000000006,0.6949999999999932,,0,5.101531104287452,6.423241674727113,0.9689097692413985,,0,,,2.159796725014118,10.589853300733498,6.14549721325901,73.21,5.375778095949803,73.21,0,25,20,20,67.73,67.99000000000001,67.86000000000001,72.575,72.37,,,,,,72.06333333333333,73.31666666666666,74.26333333333334,75.51666666666667,71.11666666666666,69.86333333333333,68.91666666666666,0,0,0,0,0,0,0,0,0,0,0,0,0,0,0,0,0,0,0,0,0,0,,,,,,,,,,,,,,,,,,USD,1.0,stock,25.0
2026-04-20,71.98,73.37,71.945,72.83,1688958,67.938,71.70020000000001,,69.0734484217484,70.94145455968524,73.91206614894224,78.17110776081796,67.56320602474449,-0.11578970376902475,-1.2056621258421023,1.0898724220730776,1,2.645085714285716,0.5,0.05,2630885.9,2895015.75,0.6419731087539753,0.5834020073984053,95.054945054945,95.16219197070262,0.8499999999999943,0.5400000000000063,0.0350000000000108,,0,5.157972783539205,6.7170122202389075,1.551283811616077,,0,,,0.6356224955091694,6.882888171411805,6.321167883211687,73.37,5.438488542391665,73.37,0,25,20,20,68.315,67.91,68.1125,72.575,72.83,,,,,,72.71499999999999,73.48499999999999,74.14,74.91,72.05999999999997,71.28999999999998,70.63499999999996,0,0,0,0,0,0,0,0,0,0,0,0,0,0,0,0,0,0,0,0,0,0,,,,,,,,,,,,,,,,,,USD,1.0,stock,25.0
2026-04-21,73.0,74.61,71.5,71.59,2128370,67.9645,71.67479999999999,,69.3131200006295,70.96688771420739,73.86608464104239,78.10562410150635,61.39139670738186,0.08014994479053428,-0.9484997117155751,1.0286496565061094,0,2.646035714285716,0.5,0.05,2570680.0,2763800.3,0.8279404671137598,0.7700882006561762,75.16447368421055,88.05293755951651,1.4099999999999966,1.6099999999999994,0.09000000000000341,,0,3.180444195237474,5.064254784187739,-0.11845229780693825,,0,,,-1.7025950844432147,4.3586005830903884,0.7458485786659086,74.61,3.2849192178188327,74.61,0,25,20,20,68.935,68.53,68.7325,72.575,71.59,,,,,,72.56666666666668,73.63333333333335,75.67666666666668,76.74333333333335,70.52333333333335,69.45666666666668,67.41333333333336,0,0,0,0,0,0,0,0,0,0,0,0,0,0,0,0,0,0,0,0,0,0,,,,,,,,,,,,,,,,,,USD,1.0,stock,25.0
2026-04-22,71.7,72.69,70.95,71.62,2118105,67.99699999999999,71.672,,69.5328228577124,70.99249996070907,73.8216077174574,78.04109052835705,68.49881796690309,0.23514368716865874,-0.7117710319387285,0.9469147191073872,0,2.444607142857144,0.5,0.05,2484093.6,2749136.1,0.8526671458756626,0.7704620371468694,75.41118421052636,81.87686764989398,0.0799999999999983,0.9899999999999949,0.6700000000000017,,0,2.914237841786653,5.05864283719634,-0.07260541748114004,,0,,,0.041905294035471385,2.0664101467863905,0.9158799492743563,74.61,3.0017149549050655,74.61,0,25,20,20,69.63499999999999,68.53,69.0825,72.575,71.62,,,,,,71.75333333333333,72.55666666666666,73.49333333333333,74.29666666666665,70.81666666666666,70.01333333333334,69.07666666666667,0,0,0,0,0,0,0,0,0,0,0,0,0,0,0,0,0,0,0,0,0,0,,,,,,,,,,,,,,,,,,USD,1.0,stock,25.0
2026-04-23,70.66,71.39,67.0,67.86,2239809,67.8515,71.5636,,69.37350639507312,70.86965682499499,73.70355607948794,77.93978614499031,59.83479607640682,0.05395481083050413,-0.558625863384882,0.6125806742153861,0,2.519992857142858,0.5,0.05,2465279.8,2751619.2,0.9085414969935665,0.8139967187320105,44.490131578947356,65.02192982456144,2.799999999999997,0.730000000000004,0.8599999999999994,,0,-2.230336568041736,0.012525788387854338,-5.457707043913932,,0,,,-5.249930187098584,-4.206662902315084,-4.111911827045356,74.61,-2.1816778100473972,74.61,0,25,20,20,69.63499999999999,68.53,69.0825,72.575,67.86,,,,,,68.75,70.5,73.14,74.89,66.11,64.36,61.72,0,0,0,0,0,0,0,0,0,0,0,0,0,0,0,0,0,0,0,0,0,0,,,,,,,,,,,,,,,,,,USD,1.0,stock,25.0
2026-04-24,67.38,67.78,66.5,67.76,1519406,67.741,71.4744,,69.21983911935187,70.7477094985246,73.5858618996961,77.83849474056255,57.359307359307365,-0.09659436363193663,-0.46621956343429294,0.3696251998023563,0,2.4532071428571443,0.5,0.05,2248031.5,2714312.5,0.6758828779756867,0.5597756337930876,43.66776315789477,54.5230263157895,0.38000000000000966,0.01999999999999602,0.8799999999999955,,0,-2.154426091133219,0.028040141676513364,-5.481700118063751,,0,,,-0.14736221632772883,-6.370042835429047,-3.1584964984993524,74.61,-2.1089894716957533,74.61,0,25,20,20,70.555,68.53,69.5425,72.575,67.76,,,,,,67.34666666666668,68.19333333333336,68.62666666666668,69.47333333333336,66.91333333333336,66.06666666666668,65.63333333333335,0,0,0,0,0,0,0,0,0,0,0,0,0,0,0,0,0,0,0,0,0,0,,,,,,,,,,,,,,,,,,USD,1.0,stock,25.0
2026-04-27,67.55,69.02,67.35,68.33,2380148,67.8625,71.4616,,69.13509253655646,70.65289736132755,73.48178542643478,77.74388285259676,66.84619988031119,-0.16797512010670346,-0.40657067476877506,0.2385955546620716,0,2.383564285714287,0.5,0.05,2233743.4,2655170.45,1.0655422641651677,0.8964200396249513,44.66960352422907,44.2758327536904,0.7800000000000011,0.6899999999999977,0.20000000000000284,,0,-1.1782416750423799,0.6841797160837131,-4.583052831845465,,0,,,0.8412042502951467,-6.178772483866535,3.687405159332302,74.61,-1.164520805596305,74.61,0,25,20,20,70.555,68.53,69.5425,72.575,68.33,,,,,,68.23333333333333,69.11666666666667,69.90333333333334,70.78666666666668,67.44666666666667,66.56333333333333,65.77666666666667,0,0,0,0,0,0,0,0,0,0,0,0,0,0,0,0,0,0,0,0,0,0,,,,,,,,,,,,,,,,,,USD,1.0,stock,25.0
2026-04-28,68.75,70.19,67.85,67.89,1791120,67.94200000000001,71.4498,,69.01651229497965,70.54454844519705,73.37105700214894,77.64583426699879,59.53991880920165,-0.25708568292759537,-0.37667367640053917,0.1195879934729438,0,2.1935642857142876,0.5,0.05,2223108.9,2634351.85,0.805682528642659,0.6799091776597723,40.792951541850236,43.043439407991364,0.8599999999999994,1.4399999999999977,0.04000000000000625,,0,-1.6593199219025596,-0.07659449108853544,-5.243482103402557,,0,,,-0.6439338504317216,-5.168319597709181,2.3981900452488825,74.61,-1.632235906336275,74.61,0,25,20,20,70.555,68.53,69.5425,72.575,67.89,,,,,,68.64333333333333,69.43666666666667,70.98333333333333,71.77666666666667,67.09666666666666,66.30333333333333,64.75666666666666,0,0,0,0,0,0,0,0,0,0,0,0,0,0,0,0,0,0,0,0,0,0,,,,,,,,,,,,,,,,,,USD,1.0,stock,25.0
2026-04-29,68.76,71.215,68.395,70.97,4634794,68.1255,71.4738,,69.20255874307682,70.56123281989521,73.32351131893807,77.57940805538686,64.92668621700882,-0.0782738938792562,-0.3169937198962826,0.2387198260170264,1,2.2417785714285734,0.5,0.05,2436843.1,2691699.4,1.9019665238192807,1.7218839518261215,63.41708542713568,49.62654683107167,2.2099999999999937,0.24500000000000455,0.3650000000000091,,0,2.4904061672864275,4.008031562632093,-0.7098774129914024,,0,,,4.536750626012664,-0.9075677185143904,5.453194650817239,74.61,2.5540114253362005,74.61,0,25,20,20,70.555,68.53,69.5425,72.575,70.97,,,,,,70.19333333333334,71.99166666666669,73.01333333333335,74.8116666666667,69.17166666666668,67.37333333333333,66.35166666666667,0,0,0,0,0,0,0,0,0,0,0,0,0,0,0,0,0,0,0,0,0,0,,,,,,,,,,,,,,,,,,USD,1.0,stock,25.0
2026-04-30,70.61,72.55,69.88,71.96,6323547,68.4555,71.2878,,69.46517219611712,70.61608643480129,73.29651109480068,77.52349354737306,68.52272727272728,0.14168718180110318,-0.2252575395568055,0.3669447213579087,1,2.3489214285714306,0.5,0.05,2884256.7,2768685.6,2.192435576209288,2.2839527174916503,73.36683417085423,59.19229037994672,1.3499999999999943,0.5900000000000034,0.730000000000004,,0,3.4669647080084363,4.870066703724282,0.9341300722623535,,0,,,1.3949556150486098,6.041850869437071,10.097919216646268,74.61,3.5914800539749083,74.61,0,25,20,20,70.555,68.53,69.5425,72.575,71.96,,,,,,71.46333333333332,73.04666666666665,74.13333333333333,75.71666666666665,70.37666666666665,68.79333333333332,67.70666666666665,0,0,0,0,0,0,0,0,0,0,0,0,0,0,0,0,0,0,0,0,0,0,,,,,,,,,,,,,,,,,,USD,1.0,stock,25.0
2026-05-01,72.9,73.46,71.71,72.36,2871753,68.87100000000001,71.13,,69.74087008220121,70.684475202064,73.27796632064621,77.47211550212558,63.79084967320263,0.3443155210743072,-0.11134292743058297,0.4556584485048901,1,2.216778571428573,0.5,0.05,2769601.0,2720447.15,1.0368832911311052,1.0556180075029211,72.25647348951912,69.68013102916969,0.5400000000000063,0.5599999999999881,0.6500000000000057,,0,3.6195825287434866,4.821724709784397,1.6998341625207352,,0,,,0.5558643690939391,6.788665879574962,12.97423887587823,74.61,3.755516549638264,74.61,0,25,20,20,70.555,68.53,69.5425,72.575,72.36,,,,,,72.50999999999999,73.30999999999999,74.25999999999999,75.05999999999999,71.55999999999999,70.75999999999999,69.80999999999999,0,0,0,0,0,0,0,0,0,0,0,0,0,0,0,0,0,0,0,0,0,0,,,,,,,,,,,,,,,,,,USD,1.0,stock,25.0
2026-05-04,72.23,73.58,71.45,71.8,3665122,69.209,70.9166,,69.93697769342015,70.72822127257129,73.24869966083143,77.41567654190543,60.3896103896104,0.4544737296664323,0.0018204039888200796,0.4526533256776122,0,2.265357142857144,0.5,0.05,2967217.4,2799051.65,1.2352050779966444,1.3094156372569974,65.35141800246606,70.32490855427982,0.4300000000000068,1.3499999999999943,0.3499999999999943,,0,2.5947385885513237,3.608635097493028,1.230362116991636,,0,,,-0.7739082365948113,5.078296502268409,10.39360393603934,74.61,2.6638587597346635,74.61,0,25,20,20,70.03999999999999,68.53,69.285,72.575,71.8,,,,,,72.27666666666666,73.10333333333331,74.40666666666665,75.2333333333333,70.97333333333331,70.14666666666666,68.84333333333332,0,0,0,0,0,0,0,0,0,0,0,0,0,0,0,0,0,0,0,0,0,0,,,,,,,,,,,,,,,,,,USD,1.0,stock,25.0
2026-05-05,70.7,71.065,69.035,69.47,5291449,69.5475,70.71620000000001,,69.89250362738014,70.67887926188222,73.17387392497339,77.33661508377702,47.83415841584157,0.3497318847780235,0.07140270014666078,0.27832918463136275,0,2.3114285714285723,0.5,0.05,3283525.3,2927102.65,1.6115146120543065,1.8077428886889226,36.62145499383476,58.07644882860666,1.230000000000004,0.3649999999999949,0.4350000000000023,,0,-0.6081814126675369,-0.11155894630775957,-1.7938678566287836,,0,,,-3.245125348189415,2.3272941523051927,10.797448165869206,74.61,-0.6045049260685286,74.61,0,25,20,20,70.03999999999999,68.53,69.285,72.575,69.47,,,,,,69.85666666666667,70.67833333333334,71.88666666666667,72.70833333333334,68.64833333333334,67.82666666666667,66.61833333333334,0,0,0,0,0,0,0,0,0,0,0,0,0,0,0,0,0,0,0,0,0,0,,,,,,,,,,,,,,,,,,USD,1.0,stock,25.0
2026-05-06,72.3,74.2,67.955,69.615,5751590,69.77475000000001,70.5417,,69.86607471048679,70.6371585065143,73.10340117398383,77.25978309289367,46.08250719539491,0.27525058881384723,0.11217227788009806,0.16307831093374917,0,2.6678571428571445,0.5,0.05,3646873.8,3065483.7,1.5771288822771987,1.8762422387044497,38.40937114673237,46.794081381011075,2.6850000000000023,1.9000000000000057,1.6599999999999966,,0,-0.36066179772576357,-0.2294764059470182,-1.3311786252962883,,0,,,0.20872318986613347,-1.909257432718059,6.984785615491007,74.61,-0.3593657029211982,74.61,0,25,20,20,70.35,68.53,69.44,72.025,69.615,,,,,,70.58999999999999,73.22499999999998,76.835,79.46999999999998,66.97999999999998,64.34499999999998,60.73499999999997,0,0,0,0,0,0,0,0,0,0,0,0,0,0,0,0,0,0,0,0,0,0,,,,,,,,,,,,,,,,,,USD,1.0,stock,25.0
2026-05-07,69.5,72.475,68.53,70.13,5242967,69.98724999999999,70.38550000000001,,69.89121045234519,70.61726993763139,73.04452194281582,77.18883997754149,42.339261285909664,0.2548421593397592,0.14070625417203028,0.1141359051677289,0,2.792500000000001,0.5,0.05,3947189.6,3206234.7,1.3282784794528237,1.635241175575824,44.75955610357578,39.93012741471431,0.6299999999999955,2.344999999999999,0.9699999999999989,,0,0.3404955762937457,0.20355054898047428,-0.36432339940112946,,0,,,0.7397830927242666,-2.5430794886047825,6.451123254401936,74.61,0.3416589097675176,74.61,0,25,20,20,70.775,68.53,69.6525,71.28,70.13,,,,,,70.37833333333333,72.22666666666666,74.32333333333332,76.17166666666665,68.28166666666667,66.43333333333334,64.33666666666667,0,0,0,0,0,0,0,0,0,0,0,0,0,0,0,0,0,0,0,0,0,0,,,,,,,,,,,,,,,,,,USD,1.0,stock,25.0
2026-05-08,69.99,70.6,68.58,69.19,3560733,70.17474999999999,70.2123,,69.82442850450279,70.56129856752821,72.96819477563136,77.10924953000377,37.94701986754965,0.16096270993027417,0.14475754532367907,0.0162051646065951,0,2.835,0.5,0.05,4151322.3,3199676.9,0.8577346548110707,1.112841424707601,33.168927250308236,38.7792848335388,0.7999999999999972,0.6099999999999994,0.6099999999999994,,0,-0.9169367025622099,-1.423254805607734,-1.4775256539962442,,0,,,-1.3403678882076164,-4.380873410724162,5.730440097799505,74.61,-0.9086053664755459,74.61,0,25,20,20,71.025,68.53,69.7775,70.91,69.19,,,,,,69.45666666666666,70.33333333333333,71.47666666666666,72.35333333333332,68.31333333333333,67.43666666666667,66.29333333333334,0,0,0,0,0,0,0,0,0,0,0,0,0,0,0,0,0,0,0,0,0,0,,,,,,,,,,,,,,,,,,USD,1.0,stock,25.0
2026-05-11,68.73,69.78,68.315,68.77,2393253,70.20625,70.05850000000001,,69.7240067421692,70.49105156488005,72.88506220581688,77.02627192274005,40.12605042016803,0.052071828370927165,0.1262204019331287,-0.07414857356220153,0,2.7175000000000002,0.5,0.05,4152632.8,3193188.1,0.5763218457456677,0.7494870095501107,29.48051948051942,35.803000944801155,0.03999999999999204,1.0100000000000051,0.41500000000000625,,0,-1.3872426089416878,-2.088483350298097,-1.8736367602152297,,0,,,-0.6070241364359075,-4.2200557103064025,0.9245670678015738,74.61,-1.3682615023789415,74.61,0,25,20,20,71.0775,68.53,69.80375000000001,70.91,68.77,,,,,,68.955,69.595,70.42,71.06,68.13,67.49,66.66499999999999,0,0,0,0,0,0,0,0,0,0,0,0,0,0,0,0,0,0,0,0,0,0,,,,,,,,,,,,,,,,,,USD,1.0,stock,25.0
2026-05-12,68.77,69.47,67.629,68.61,2785970,70.20675,69.8729,,69.6179108619626,70.41728483684554,72.80040750867198,76.94252792350882,39.555863983344864,-0.046598484285226505,0.09165662468945766,-0.13825510897468418,0,2.7247142857142856,0.5,0.05,4252117.8,3237613.35,0.6551958649875599,0.8605011466239475,27.402597402597387,30.017348044475025,0.1599999999999966,0.7000000000000028,0.9809999999999945,,0,-1.4690436699644365,-2.327284652383035,-1.8406937764174347,,0,,,-0.23265958993746727,-1.2379444364473913,0.014577259475223592,74.61,-1.4477752197434812,74.61,0,25,20,20,70.9145,68.53,69.72225,70.88499999999999,68.61,,,,,,68.56966666666666,69.51033333333332,70.41066666666666,71.35133333333332,67.66933333333333,66.72866666666667,65.82833333333333,0,0,0,0,0,0,0,0,0,0,0,0,0,0,0,0,0,0,0,0,0,0,,,,,,,,,,,,,,,,,,USD,1.0,stock,25.0
2026-05-13,67.99,67.99,66.125,67.01,3431390,70.04875000000001,69.6591,,69.36953839891854,70.28366582363591,72.68574597384679,76.84369679989182,46.530612244897966,-0.25100857557666245,0.023123584636233645,-0.2741321602128961,0,2.5722142857142853,0.5,0.05,4131777.4,3284310.25,0.8304876250109698,1.0447825384340594,10.959752321981483,22.61428973503277,0.9799999999999898,0.0,0.8850000000000051,,0,-3.5211735545717513,-4.534770929711994,-3.953290553648694,,0,,,-2.3320215711995274,-3.7420096243625522,-4.50334900954823,74.61,-3.40140420907762,74.61,0,25,20,20,70.1625,68.935,69.54875,70.88499999999999,67.01,,,,,,67.04166666666667,67.95833333333334,68.90666666666667,69.82333333333334,66.09333333333335,65.17666666666668,64.22833333333335,0,0,0,0,0,0,0,0,0,0,0,0,0,0,0,0,0,0,0,0,0,0,,,,,,,,,,,,,,,,,,USD,1.0,stock,25.0
2026-05-14,67.36,68.145,66.375,67.33,2168327,69.87325,69.4543,,69.17529664664058,70.16783579133647,72.57969159812704,76.74903315014166,48.27586206896549,-0.3827713698867541,-0.058055406268363904,-0.32471596361839017,0,2.6014999999999993,0.5,0.05,3716255.4,3300256.05,0.5834709315188618,0.6570178092696778,14.92260061919502,17.761650114591305,0.030000000000001137,0.7849999999999966,0.9549999999999983,,0,-2.740675251211313,-3.777290954997773,-3.1550571810485746,,0,,,0.4775406655722847,-3.9925851989162986,-4.954827780914739,74.61,-2.6675659319058256,74.61,0,25,20,20,70.1625,68.935,69.54875,70.88499999999999,67.33,,,,,,67.28333333333332,68.19166666666663,69.05333333333331,69.96166666666663,66.42166666666664,65.51333333333332,64.65166666666664,0,0,0,0,0,0,0,0,0,0,0,0,0,0,0,0,0,0,0,0,0,0,,,,,,,,,,,,,,,,,,USD,1.0,stock,25.0
2026-05-15,67.92,68.84,67.21,67.58,2565992,69.63374999999999,69.2401,,69.0233636326748,70.06635203481348,72.48068780410472,76.65779898944373,46.913580246913575,-0.46169924155549324,-0.13878417332578977,-0.3229150682297035,1,2.598642857142857,0.5,0.05,3685679.3,3227640.15,0.6962059884049054,0.7950056018481491,18.018575851393162,14.633642930856565,0.3400000000000034,0.9200000000000017,0.37000000000000455,,0,-2.135785191883402,-3.0389908256880642,-2.4564960047351287,,0,,,0.37130551017376945,-2.326925856337625,-6.6187646814978685,74.61,-2.091123290305042,74.61,0,25,20,20,70.1625,69.63499999999999,69.89874999999999,70.705,67.58,,,,,,67.87666666666667,68.54333333333334,69.50666666666667,70.17333333333335,66.91333333333333,66.24666666666666,65.28333333333332,0,0,0,0,0,0,0,0,0,0,0,0,0,0,0,0,0,0,0,0,0,0,,,,,,,,,,,,,,,,,,USD,1.0,stock,25.0
2026-05-18,67.43,69.9,67.3,68.67,2866216,69.42575,69.0855,,68.98970995337244,70.01159313148746,72.405228639667,76.5783184024841,53.04687500000001,-0.4313242208793895,-0.19729218283650973,-0.23403203804287975,1,2.617214285714286,0.5,0.05,3605788.7,3286503.05,0.7948929453353714,0.8721172493663136,31.5170278637771,21.4860681114551,1.2399999999999949,1.230000000000004,0.13000000000000966,,0,-0.4655744187744843,-1.1005533711955613,-0.6050677151594501,,0,,,1.6129032258064502,-0.14541224371090733,-5.711931896196621,74.61,-0.46341686838300716,74.61,0,25,20,20,70.1625,69.63499999999999,69.89874999999999,70.705,68.67,,,,,,68.62333333333333,69.94666666666667,71.22333333333334,72.54666666666668,67.34666666666666,66.02333333333333,64.74666666666666,0,0,0,0,0,0,0,0,0,0,0,0,0,0,0,0,0,0,0,0,0,0,,,,,,,,,,,,,,,,,,USD,1.0,stock,25.0
2026-05-19,69.52,70.0,67.61,67.94,3643601,69.24325,68.9483,,68.88973757686078,69.93035418515461,72.31680827056468,76.49236498554396,35.50239234449759,-0.4608443702541649,-0.2500026203200408,-0.21084174993412413,1,2.5504285714285717,0.5,0.05,3441003.9,3362264.6,1.0588773235624638,1.0836746756932811,22.47678018575848,24.004127966976256,1.5799999999999983,0.480000000000004,0.3299999999999983,,0,-1.397906353931092,-1.9182366794230286,-1.4841036208419276,,0,,,-1.0630551914955655,-0.976534032939802,-5.098477440983384,74.2,-1.378634336937566,74.2,0,25,20,20,69.3,70.3675,69.83375000000001,69.84,67.94,,,,,,68.51666666666667,69.42333333333333,70.90666666666667,71.81333333333333,67.03333333333333,66.12666666666667,64.64333333333333,0,0,0,0,0,0,0,0,0,0,0,0,0,0,0,0,0,0,0,0,0,0,,,,,,,,,,,,,,,,,,USD,1.0,stock,25.0
2026-05-20,68.47,70.905,66.76,70.78,3414517,69.20125,68.89309999999999,,69.06976256954071,69.96367362887405,72.2863764236228,76.43552553295149,45.20325203252035,-0.25216819816598957,-0.2504357358892305,-0.0017324622767590503,1,2.655785714285714,0.5,0.05,3207296.6,3427085.2,1.0646090542421303,0.9963326852801908,57.647058823529406,37.21362229102167,2.3100000000000023,0.125,1.7099999999999937,,0,2.4162721537995013,2.2305029669398126,2.6658660638598635,,0,,,4.18015896379158,5.6260259662736845,-1.1728567439262871,74.2,2.476101504963751,74.2,0,25,20,20,68.515,70.3675,69.44125,68.8475,70.78,,,,,,69.48166666666667,72.20333333333333,73.62666666666667,76.34833333333333,68.05833333333334,65.33666666666667,63.91333333333334,0,0,0,0,0,0,0,0,0,0,0,0,0,0,0,0,0,0,0,0,0,0,,,,,,,,,,,,,,,,,,USD,1.0,stock,25.0
2026-05-21,70.12,73.0,69.15,72.59,4881099,69.43775,68.8879,,69.4050232772035,70.0666668198986,72.29238877166988,76.39726159730023,50.83880379285195,0.058585705300998825,-0.18863144765118464,0.24721715295218347,1,2.805785714285714,0.5,0.05,3171109.8,3559149.7,1.539239984689272,1.3714227867403272,80.06191950464398,53.395252837977296,2.469999999999999,0.4099999999999966,0.9699999999999989,,0,4.387624635344408,4.34254029480646,5.100013776002206,,0,,,2.5572195535461972,7.8122679340561385,6.970232832301804,74.2,4.588971478441433,74.2,0,25,20,20,69.5625,70.3675,69.965,68.72,72.59,,,,,,71.58,74.00999999999999,75.42999999999999,77.85999999999999,70.16,67.73,66.31,0,0,0,0,0,0,0,0,0,0,0,0,0,0,0,0,0,0,0,0,0,0,,,,,,,,,,,,,,,,,,USD,1.0,stock,25.0
2026-05-22,72.64,74.0,72.53,73.26,2094252,69.71275,68.9461,,69.77216391746983,70.19189557205944,72.31154939005266,76.36604506399377,55.28219971056443,0.3548335133700107,-0.0799384554469456,0.4347719688169563,1,2.7586428571428567,0.5,0.05,3024461.7,3587892.0,0.6924379303596405,0.5836998438080075,88.359133126935,75.35603715170281,0.6200000000000045,0.7399999999999949,0.10999999999999943,,0,4.760901013554709,4.842001092001099,5.888479388479393,,0,,,0.9229921476787473,8.404853506954723,8.116883116883123,74.2,4.998893379107139,74.2,0,25,20,20,70.0625,70.3675,70.215,68.72,73.26,,,,,,73.26333333333334,73.99666666666667,74.73333333333333,75.46666666666667,72.52666666666667,71.79333333333334,71.05666666666667,0,0,0,0,0,0,0,0,0,0,0,0,0,0,0,0,0,0,0,0,0,0,,,,,,,,,,,,,,,,,,USD,1.0,stock,25.0
2026-05-26,73.23,73.745,72.29,73.28,2331158,69.96025,69.03829999999999,,70.10624354437746,70.31299770648849,72.3307266298536,76.33533814793412,66.55082536924417,0.5844882517332337,0.05294688598909027,0.5315413657441435,1,2.665071428571428,0.5,0.05,3018252.2,3585442.5,0.772353615778032,0.6501730260630313,88.60681114551082,85.67595459236328,0.04999999999999716,0.4650000000000034,0.9399999999999977,,0,4.33099953005259,4.530226528384278,5.788346069869007,,0,,,0.027300027300025675,6.713266346293878,7.244255817356948,74.2,4.527066770613007,74.2,0,25,20,20,70.0625,70.3675,70.215,68.53,73.28,,,,,,73.105,73.92,74.56,75.375,72.465,71.65,71.01,0,0,0,0,0,0,0,0,0,0,0,0,0,0,0,0,0,0,0,0,0,0,,,,,,,,,,,,,,,,,,USD,1.0,stock,25.0
2026-05-27,73.41,75.6,73.115,73.46,3582312,70.23875,69.1465,,70.42564892110342,70.43640956113599,72.35308847876739,76.30672781810394,66.65223040277178,0.7721153173826849,0.1967805722678092,0.5753347451148757,1,2.396499999999999,0.5,0.05,3097886.4,3675002.1,1.1563729386590806,0.9747782184940792,77.41424802110815,84.79339743118467,0.04999999999999716,2.1400000000000006,0.2950000000000017,,0,4.130616769529782,4.385039477266537,5.871903076504208,,0,,,0.245633187772909,8.12481601413011,8.204448372367047,75.6,4.308588029193605,75.6,0,25,20,20,70.9875,70.8625,70.925,69.025,73.46,,,,,,74.05833333333332,75.00166666666665,76.54333333333332,77.48666666666665,72.51666666666665,71.57333333333332,70.03166666666665,0,0,0,0,0,0,0,0,0,0,0,0,0,0,0,0,0,0,0,0,0,0,,,,,,,,,,,,,,,,,,USD,1.0,stock,25.0
2026-05-28,73.02,75.11,72.575,73.95,3041460,70.38775,69.1771,,70.76130140480785,70.5741974214836,72.38471048908883,76.28327779006311,66.57986111111114,0.9494058637760503,0.34730563056945746,0.6021002332065928,1,2.2957857142857137,0.5,0.05,3058893.4,3595335.4,0.9943007494148047,0.845946111175052,82.58575197889189,82.86893704850364,0.9300000000000068,1.1599999999999966,0.4449999999999932,,0,4.311965645966397,4.817106152805958,6.454225828262349,,0,,,0.6670296760141747,4.478666289912403,4.1989573059039165,75.6,4.506274661273394,75.6,0,25,20,20,71.18,70.8625,71.02125000000001,69.025,73.95,,,,,,73.87833333333333,75.18166666666666,76.41333333333333,77.71666666666665,72.64666666666666,71.34333333333333,70.11166666666666,0,0,0,0,0,0,0,0,0,0,0,0,0,0,0,0,0,0,0,0,0,0,,,,,,,,,,,,,,,,,,USD,1.0,stock,25.0
2026-05-29,74.0,75.655,73.53,75.51,3968985,70.56525,69.2945,,71.21355841387377,70.76775830691562,72.44659741009697,76.27558348369432,76.02965403624384,1.2019337179158498,0.5182312480387359,0.6837024698771139,1,2.303285714285714,0.5,0.05,3238959.2,3477607.3,1.225389007678763,1.1412976387529439,98.47848898216164,86.15949632738723,1.5100000000000051,0.14499999999999602,0.46999999999999886,,0,5.689897478646848,6.548470401271353,8.231360084756993,,0,,,2.1095334685598433,4.02259264361482,4.933296275708754,75.655,6.033179189216313,75.655,0,25,20,20,71.20750000000001,70.89,71.04875000000001,69.05250000000001,75.51,,,,,,74.89833333333333,76.26666666666665,77.02333333333333,78.39166666666665,74.14166666666665,72.77333333333333,72.01666666666665,0,0,0,0,0,0,0,0,0,0,0,0,0,0,0,0,0,0,0,0,0,0,,,,,,,,,,,,,,,,,,USD,1.0,stock,27.0
2026-06-01,75.75,76.06,73.91,75.46,5336015,70.72025,69.4401,,71.61798142207627,70.95176778507579,72.50626874851089,76.26746822515011,78.41971112999147,1.3820973219522585,0.6910044628214405,0.6910928591308181,1,2.3522142857142856,0.5,0.05,3515961.5,3600820.4,1.517654559072959,1.4818886829234805,93.96074484146946,91.67499526750767,0.29000000000000625,0.3100000000000023,1.5499999999999972,,0,5.091463792636794,6.281142327060696,7.9776040286244285,,0,,,-0.06621639517946365,3.0030030030029797,4.284134881149804,76.06,5.364600483893868,76.06,0,25,20,20,71.41,71.0925,71.25125,69.255,75.46,,,,,,75.14333333333333,76.37666666666667,77.29333333333334,78.52666666666667,74.22666666666666,72.99333333333333,72.07666666666665,0,0,0,0,0,0,0,0,0,0,0,0,0,0,0,0,0,0,0,0,0,0,,,,,,,,,,,,,,,,,,USD,1.0,stock,27.0
2026-06-02,74.33,74.85,73.03,74.03,3730123,70.83175,69.5507,,71.84769747711663,71.07248277389635,72.53644164457998,76.24520485972573,70.78220858895705,1.3934266718730726,0.831488904631767,0.5619377672413056,0,2.394285714285714,0.5,0.05,3602352.2,3604070.45,1.0354687140252417,1.0349750516114355,79.56718671363865,90.66880684575659,0.29999999999999716,0.519999999999996,1.0,,0,2.947862384011044,4.320208023774148,6.050655139808179,,0,,,-1.895043731778412,1.023471615720517,3.105849582172704,76.06,3.0374007790276587,76.06,0,25,20,20,71.41,71.0925,71.25125,69.255,74.03,,,,,,73.97,74.91,75.78999999999999,76.72999999999999,73.09,72.15,71.27000000000001,0,0,0,0,0,0,0,0,0,0,0,0,0,0,0,0,0,0,0,0,0,0,,,,,,,,,,,,,,,,,,USD,1.0,stock,27.0
2026-06-03,73.0,73.165,63.8,67.85,11515377,70.75075,69.4865,,71.4669643840579,70.94611090041022,72.44364081993484,76.16167048301205,52.38365493757091,0.8934319839549119,0.843877520496396,0.049554463458515885,0,2.9475000000000002,0.5,0.05,4389529.8,3915266.85,2.623373692553585,2.94114742140756,33.03425774877647,68.85406310129487,5.150000000000006,0.16500000000000625,4.049999999999997,,0,-5.330824442237154,-4.275239498894624,-2.411938098747255,,0,,,-8.347967040389037,-7.636809147835555,-2.3319418454008978,76.06,-5.0610298271808825,76.06,0,25,20,20,69.93,69.93,69.93,69.255,67.85,,,,,,68.27166666666666,72.74333333333333,77.63666666666667,82.10833333333333,63.378333333333316,58.90666666666665,54.01333333333331,0,0,0,0,0,0,0,0,0,0,0,0,0,0,0,0,0,0,0,0,0,0,,,,,,,,,,,,,,,,,,USD,1.0,stock,25.0
2026-06-04,69.25,70.33,67.63,67.81,5115343,70.6605,69.4233,,71.11868206176668,70.82312615921767,72.35188555617376,76.0785692841761,51.38408304498272,0.4883258098429195,0.7727671783657007,-0.28444136852278123,0,3.013928571428572,0.5,0.05,4559612.4,3883454.5,1.1218811055080031,1.3172146087973993,32.70799347471455,48.43647931237657,1.4399999999999977,1.0799999999999983,0.18000000000000682,,0,-4.879342370987575,-4.203657277687651,-2.3791476183453697,,0,,,-0.05895357406041635,-8.302907369844492,-2.5928320045967013,76.06,-4.652338831157022,76.06,0,25,20,20,69.93,69.93,69.93,69.255,67.81,,,,,,68.58999999999999,69.54999999999998,71.28999999999999,72.24999999999999,66.84999999999998,65.88999999999999,64.14999999999998,0,0,0,0,0,0,0,0,0,0,0,0,0,0,0,0,0,0,0,0,0,0,,,,,,,,,,,,,,,,,,USD,1.0,stock,25.0
2026-06-05,67.38,67.5299,65.03,66.32,4600414,70.47,69.3343,,70.6616647225508,70.64653297650324,72.23244227783368,75.98146909229375,46.609257265877275,0.04650956733532041,0.6275156561596248,-0.5810060888243044,0,3.0960714285714284,0.5,0.05,4531543.9,3851326.85,1.0151979328722822,1.1945010587714724,20.554649265905343,28.76563349646547,1.0600000000000023,0.14990000000000236,1.289999999999992,,0,-6.546539087079016,-6.257539203860081,-4.545084439083242,,0,,,-2.1973160300840733,-12.170573433982268,-5.43276771709682,76.06,-6.144300080670495,76.06,0,25,20,20,69.93,69.93,69.93,69.255,66.32,,,,,,66.2933,67.5566,68.7932,70.0565,65.0567,63.793400000000005,62.55680000000001,0,0,0,0,0,0,0,0,0,0,0,0,0,0,0,0,0,0,0,0,0,0,,,,,,,,,,,,,,,,,,USD,1.0,stock,25.0
2026-06-08,65.86,66.51,64.32,64.5,3224380,70.2355,69.22489999999999,,70.07483951087929,70.40549246762076,72.07932460896569,75.86722561873859,39.20248575867427,-0.44535796816022355,0.4129409312956552,-0.8582988994558787,0,3.0667857142857144,0.5,0.05,4644556.7,3834509.2,0.6942277182233559,0.8408846691514001,5.709624796084849,19.657422512234927,1.3599999999999994,0.6500000000000057,0.18000000000000682,,0,-8.643162032370986,-8.892248062015506,-7.3254263565891335,,0,,,-2.744270205066335,-14.524251258945132,-6.778436190200898,76.06,-7.955550879304946,76.06,0,25,20,20,69.93,69.93,69.93,69.255,64.5,,,,,,65.11,65.9,67.30000000000001,68.09000000000002,63.709999999999994,62.91999999999999,61.51999999999998,0,0,0,0,0,0,0,0,0,0,0,0,0,0,0,0,0,0,0,0,0,0,,,,,,,,,,,,,,,,,,USD,1.0,stock,25.0
2026-06-09,63.92,66.27,63.2,63.81,4014704,69.9875,69.18310000000001,76.566575,69.47818812889078,70.14684570418466,71.91557560680795,75.74725322452228,39.283860923715636,-0.8806917014611741,0.15421440474428932,-1.0349061062054634,0,3.1153571428571425,0.5,0.05,4812911.3,3915581.75,0.834152916967325,1.0253148207159766,4.743390357698285,10.335888139896173,0.10999999999999943,2.3499999999999943,0.6099999999999994,,0,-8.882915105611621,-9.681084469518876,-8.420467011440225,-19.99149819777464,1,,,-1.0697674418604586,-13.805214102390917,-7.212447288061641,76.06,-8.158226749344086,76.06,0,25,20,20,69.63,69.63,69.63,69.255,63.81,,,,,,64.42666666666666,65.65333333333332,67.49666666666666,68.72333333333331,62.58333333333333,61.35666666666667,59.513333333333335,0,0,0,0,0,0,0,0,0,0,0,0,0,0,0,0,0,0,0,0,0,0,,,,,,,,,,,,,,,,,,USD,1.0,stock,25.0
2026-06-10,63.07,64.32,62.24,62.47,3786092,69.6805,69.1065,76.428875,68.810741640425,69.84579293147154,71.72853450568304,75.61514125213898,26.617895329206533,-1.3186233534609215,-0.14035314689675282,-1.1782702065641688,0,2.967857142857142,0.5,0.05,4833289.3,3965587.85,0.7833365157761196,0.9547366350741668,1.6642547033284867,4.039089952370555,0.6000000000000014,1.249999999999993,0.22999999999999687,,0,-10.150058652833351,-11.542340323355205,-10.623499279654231,-22.34492556427086,1,,,-2.0999843284751685,-7.929255711127481,-8.949132779478209,76.06,-9.21475555889072,76.06,0,25,20,20,69.15,69.15,69.15,69.15,62.47,,,,,,63.01,63.779999999999994,65.08999999999999,65.85999999999999,61.7,60.93000000000001,59.62000000000001,0,0,0,0,0,0,0,0,0,0,0,0,0,0,0,0,0,0,0,0,0,0,,,,,,,,,,,,,,,,,,USD,1.0,stock,28.5
2026-06-11,62.78,65.53,61.16,65.44,5006227,69.602,69.0693,76.311975,68.48971862705119,69.67301673808049,71.60400906992693,75.51389606555054,31.114632857897504,-1.409782073934096,-0.39423893230422147,-1.0155431416298746,1,3.005,0.5,0.05,5029766.0,4044329.7,0.9953200606151459,1.237838497687268,28.724832214765097,11.710825758597304,2.6599999999999966,0.09000000000000341,1.6200000000000045,,0,-4.660327975322726,-6.36002444987776,-5.545996332518339,-16.613653728606366,1,,,4.754282055386594,-3.495059725704175,-2.342933890464116,76.06,-4.452812317214942,76.06,0,25,20,20,68.61,68.61,68.61,68.61,65.44,,,,,,64.04333333333334,66.92666666666668,68.41333333333334,71.29666666666668,62.55666666666667,59.67333333333333,58.18666666666667,0,0,0,0,0,0,0,0,0,0,0,0,0,0,0,0,0,0,0,0,0,0,,,,,,,,,,,,,,,,,,USD,1.0,stock,25.0
2026-06-12,65.95,68.025,65.62,67.71,4199773,69.62100000000001,69.1163,76.209375,68.41545971018917,69.59603568952832,71.52689997943332,75.43624535843064,36.48319532391619,-1.2840542102144212,-0.5722019878862614,-0.7118522223281598,1,3.0846428571428577,0.5,0.05,5052844.8,4145902.0,0.8311699975427704,1.0129937948364434,43.95973154362413,24.78293948723925,1.759999999999991,0.31500000000001194,0.3299999999999983,,0,-1.0418840794405175,-2.8223305272485835,-2.0769457982572765,-12.552614089499336,1,,,3.468826405867964,2.095898673100116,0.5643843754641331,76.06,-1.0311407877364738,76.06,0,25,20,20,68.005,68.61,68.3075,68.61,67.71,,,,,,67.11833333333334,68.61666666666667,69.52333333333334,71.02166666666668,66.21166666666667,64.71333333333334,63.80666666666667,0,0,0,0,0,0,0,0,0,0,0,0,0,0,0,0,0,0,0,0,0,0,,,,,,,,,,,,,,,,,,USD,1.0,stock,25.0
2026-06-15,69.18,70.5,67.09,67.48,3597859,69.61600000000001,69.1849,76.107575,68.32636830921876,69.51305389778211,71.4467633461772,75.35707873794874,36.017357762777245,-1.1892639556167808,-0.6956143814323653,-0.49364957418441546,1,3.2242857142857146,0.5,0.05,4879029.2,4197495.35,0.7374128853338283,0.8571442491294243,42.416107382550365,38.366890380313215,1.7000000000000028,1.3199999999999932,0.39000000000000057,,0,-1.2542506064296988,-3.1653823355068313,-2.5265263781861216,-12.785380853586236,1,,,-0.33968394624130926,4.620155038759699,-0.14797277300975242,76.06,-1.2387140282188343,76.06,0,25,20,20,67.1625,68.61,67.88624999999999,68.61,67.48,,,,,,68.35666666666667,69.62333333333333,71.76666666666667,73.03333333333333,66.21333333333334,64.94666666666667,62.80333333333334,0,0,0,0,0,0,0,0,0,0,0,0,0,0,0,0,0,0,0,0,0,0,,,,,,,,,,,,,,,,,,USD,1.0,stock,25.0
2026-06-16,67.85,69.26,67.39,68.49,4899550,69.607,69.25389999999999,76.008925,68.34195227976936,69.47293413708478,71.38821357694599,75.28874959627761,38.47936949466852,-1.020875420469153,-0.7606665892397229,-0.26020883122943017,1,3.1803571428571438,0.5,0.05,4995971.9,4299162.05,0.9807000715916756,1.13965231899086,49.19463087248319,45.19015659955257,0.6400000000000006,0.7700000000000102,0.45999999999999375,,0,0.21615961487901308,-1.6308950211709805,-1.11534530588406,-10.97813549423275,1,,,1.4967397747480682,7.334273624823684,-0.2621231979030192,76.06,0.21662787686336152,76.06,0,25,20,20,65.83,68.61,67.22,68.61,68.49,,,,,,68.38,69.36999999999999,70.25,71.24,67.49999999999999,66.50999999999999,65.62999999999998,0,0,0,0,0,0,0,0,0,0,0,0,0,0,0,0,0,0,0,0,0,0,,,,,,,,,,,,,,,,,,USD,1.0,stock,25.0
2026-06-17,68.06,70.11,65.85,66.36,3824187,69.52799999999999,69.3271,75.896625,68.15319491979132,69.35085828857166,71.2886449912639,75.19990631671266,33.649289099526044,-1.0472277029549844,-0.8179788119827752,-0.22924889097220913,1,3.30357142857143,0.5,0.05,4226852.9,4308191.35,0.9047362400522619,0.8876548624053109,34.899328859060404,42.17002237136467,1.7000000000000028,2.049999999999997,0.5100000000000051,,0,-2.7022226036638313,-4.77396021699818,-4.471217600964439,-14.37104430379747,1,,,-3.1099430573806375,6.226988954698265,-2.3255813953488302,76.06,-2.63112378209372,76.06,0,25,20,20,65.83,68.61,67.22,68.61,66.36,,,,,,67.44,69.03,71.7,73.29,64.77,63.17999999999999,60.50999999999999,0,0,0,0,0,0,0,0,0,0,0,0,0,0,0,0,0,0,0,0,0,0,,,,,,,,,,,,,,,,,,USD,1.0,stock,25.0
2026-06-18,66.64,67.98,65.81,66.88,6117794,69.333,69.3633,75.796075,68.03193826076357,69.25396188509826,71.2013450904468,75.11712117923294,30.536761389264726,-1.014458377803379,-0.857274725146896,-0.15718365265648315,1,3.306785714285716,0.5,0.05,4327098.0,4443355.2,1.413833012332977,1.376841086213409,38.38926174496642,40.827740492170015,0.23999999999999488,1.1000000000000085,0.8299999999999983,,0,-1.7223957248259152,-3.667763157894741,-3.713068181818182,-13.331451854066998,1,,,0.7836045810729386,2.2004889975550057,-5.51003108222663,76.06,-1.6932315765401846,76.06,0,25,20,20,65.83,68.61,67.22,68.61,66.88,,,,,,66.89,67.97,69.06,70.14,65.8,64.72,63.629999999999995,0,0,0,0,0,0,0,0,0,0,0,0,0,0,0,0,0,0,0,0,0,0,,,,,,,,,,,,,,,,,,USD,1.0,stock,25.0
2026-06-22,66.08,67.51,64.94,65.09,3361701,68.958,69.3475,75.687725,67.75175366450037,69.09066926215323,71.08032835598249,75.01734882919082,28.314512756168952,-1.1200156486640367,-0.9098229098503241,-0.2101927388137126,0,3.3367857142857162,0.5,0.05,4203226.7,4367385.3,0.7997905513875804,0.7697285146790231,28.707085463842276,33.998558689289716,0.9899999999999949,1.4300000000000068,0.15000000000000568,,0,-4.089343469811594,-5.942541096942687,-6.540943309264086,-16.281648486710704,1,,,-2.676435406698552,-3.8694432137054924,-10.33200165312026,76.06,-3.92868600520821,76.06,0,25,20,20,65.83,68.61,67.22,68.61,65.09,,,,,,65.84666666666666,66.75333333333333,68.41666666666667,69.32333333333334,64.18333333333332,63.27666666666666,61.613333333333316,0,0,0,0,0,0,0,0,0,0,0,0,0,0,0,0,0,0,0,0,0,0,,,,,,,,,,,,,,,,,,USD,1.0,stock,27.0
2026-06-23,64.72,65.495,63.66,64.28,2872968,68.509,69.32430000000001,75.572725,67.42111045835748,68.90201556559819,70.94566838853729,74.91050953735808,29.06826964362385,-1.2545688876726473,-0.9787721054147888,-0.27579678225785853,0,3.294285714285717,0.5,0.05,4168085.5,4406321.1,0.6892776071892,0.6520105854291918,25.98917117867557,31.02850612916144,0.4399999999999977,0.7750000000000057,0.6200000000000045,,0,-4.886606189106214,-6.57902924704418,-7.847386434349731,-17.568022713130063,1,,,-1.2444307881395056,-4.742145820984001,-12.25771225771226,76.06,-4.658942039077768,76.06,0,25,20,20,65.83,68.61,67.22,68.61,64.28,,,,,,64.47833333333334,65.29666666666668,66.31333333333335,67.13166666666669,63.46166666666667,62.64333333333333,61.626666666666665,0,0,0,0,0,0,0,0,0,0,0,0,0,0,0,0,0,0,0,0,0,0,,,,,,,,,,,,,,,,,,USD,1.0,stock,27.0
2026-06-24,64.4,67.39,64.4,67.08,5921681,68.199,69.3031,75.469225,67.38862374803772,68.83056397479042,70.86912049965535,74.83259401957342,48.066298342541444,-1.1223291873212986,-1.007483521796091,-0.1148456655252077,1,2.7857142857142883,0.5,0.05,4358783.2,4585847.25,1.358562866811086,1.2912948637789887,63.38329764453962,39.359851429019166,2.6799999999999926,0.3100000000000023,0.0,,0,-0.4600831067944512,-1.668157423971377,-3.3141025641025674,-12.506298449612396,1,,,4.3559427504667125,-2.0586946999561984,-8.460698689956336,76.06,-0.45797603641772644,76.06,0,25,20,20,65.83,68.61,67.22,68.61,67.08,,,,,,66.29,68.18,69.28,71.17,65.19000000000001,63.30000000000001,62.20000000000002,0,0,0,0,0,0,0,0,0,0,0,0,0,0,0,0,0,0,0,0,0,0,,,,,,,,,,,,,,,,,,USD,1.0,stock,25.0
2026-06-25,67.46,69.195,66.89,68.16,4239803,67.934,69.29429999999999,75.372925,67.4620881529865,68.80426734832805,70.81547454916712,74.76620004922941,50.83532219570404,-0.9197786621192847,-0.9899425498607297,0.070163887741445,1,2.7575000000000016,0.5,0.05,4404154.3,4618721.8,0.9626826653189694,0.9179602460576863,74.94646680942182,54.77297854421235,0.7000000000000028,1.0349999999999966,0.5699999999999932,,0,1.0239317004306054,0.3315727699530503,-1.664172535211262,-10.582343016431924,1,,,1.610017889087656,2.7124773960216952,-7.2148107813776114,76.06,1.0345245249907145,76.06,0,25,20,20,67.08,68.61,67.845,68.61,68.16,,,,,,68.08166666666666,69.27333333333333,70.38666666666666,71.57833333333332,66.96833333333333,65.77666666666667,64.66333333333334,0,0,0,0,0,0,0,0,0,0,0,0,0,0,0,0,0,0,0,0,0,0,,,,,,,,,,,,,,,,,,USD,1.0,stock,25.0
2026-06-26,67.57,69.99,67.5,69.8,3917816,67.7265,69.2869,75.287375,67.68474642413064,68.8433156876093,70.79536614225293,74.71678512336644,58.24644549763036,-0.619777211751682,-0.9159094822389202,0.2961322704872382,1,2.7367857142857157,0.5,0.05,4295313.2,4662539.6,0.9121141620126793,0.8402751153041146,92.50535331905778,76.94503925767309,2.230000000000004,0.18999999999999773,0.06999999999999318,,0,3.0304492490965047,2.9706303724928307,0.7351002865329432,-7.8615687679083095,1,,,2.406103286384975,4.366028708133984,-5.611899932386755,76.06,3.125155500494333,76.06,0,25,20,20,67.08,68.61,67.845,68.61,69.8,,,,,,69.09666666666668,70.69333333333336,71.58666666666667,73.18333333333335,68.20333333333336,66.60666666666668,65.71333333333337,0,0,0,0,0,0,0,0,0,0,0,0,0,0,0,0,0,0,0,0,0,0,,,,,,,,,,,,,,,,,,USD,1.0,stock,25.0
2026-06-29,70.0,71.5,69.725,71.12,2833454,67.507,69.2925,75.217575,68.01191343135629,68.93259742535011,70.80179453547564,74.68099621666627,66.06796116504859,-0.2723712069137889,-0.787201827173894,0.5148306202601051,1,2.707142857142858,0.5,0.05,4158681.3,4605763.05,0.6813347298337096,0.6151975186825992,96.32495164410062,87.9255905908601,1.1200000000000045,0.37999999999999545,0.2750000000000057,,0,4.37020046209746,5.080146231721034,2.569600674915636,-5.761494656917874,1,,,1.8911174785100293,9.264095867260714,-5.813799496755401,76.06,4.569914904365502,76.06,0,25,20,20,67.58,68.61,68.095,68.61,71.12,,,,,,70.78166666666667,71.83833333333334,72.55666666666667,73.61333333333334,70.06333333333333,69.00666666666666,68.28833333333333,0,0,0,0,0,0,0,0,0,0,0,0,0,0,0,0,0,0,0,0,0,0,,,,,,,,,,,,,,,,,,USD,1.0,stock,25.0
2026-06-30,70.84,72.67,69.65,72.56,4022234,67.362,69.29629999999999,75.146975,68.44506453313188,69.07484850670893,70.8366104852682,74.65989177669944,70.49180327868856,0.11778872516049432,-0.6062037167070163,0.7239924418675107,1,2.7035714285714296,0.5,0.05,4201118.8,4540074.0,0.9574197235269806,0.8859401851159254,99.04430929626412,95.95820475314083,1.7199999999999989,0.10999999999999943,1.1899999999999977,,0,5.671079750369513,7.163726571113571,4.497932745314242,-3.5652907938257927,0,,,2.0247469066366763,12.881144990665838,-3.843095679830366,74.85,6.012026571873887,74.85,0,25,20,20,68.16499999999999,68.61,68.38749999999999,68.61,72.56,,,,,,71.62666666666667,73.60333333333332,74.64666666666666,76.62333333333332,70.58333333333333,68.60666666666667,67.56333333333333,0,0,0,0,0,0,0,0,0,0,0,0,0,0,0,0,0,0,0,0,0,0,,,,,,,,,,,,,,,,,,USD,1.0,stock,27.0
2026-07-01,73.51,76.59,72.62,75.05,4259260,67.413,69.3407,75.095475,69.07410600616694,69.3091681731125,70.92004394100546,74.66377345056313,77.9555555555556,0.6207597406014713,-0.36081102524531883,0.9815707658467901,1,2.8428571428571447,0.5,0.05,4137089.8,4566530.85,1.0295304684950277,0.9327124112169307,90.01944264419957,95.12956786152147,1.539999999999992,1.5400000000000063,0.8900000000000006,,0,7.9625502915830175,10.175882744836777,7.607328447701531,-0.060592938041300684,0,,,3.431642778390298,11.881335718545017,1.3778198027826427,76.59,8.651424302617142,76.59,0,25,20,20,70.125,68.875,69.5,68.875,75.05,,,,,,74.75333333333333,76.88666666666666,78.72333333333333,80.85666666666665,72.91666666666666,70.78333333333333,68.94666666666666,0,0,0,0,0,0,0,0,0,0,0,0,0,0,0,0,0,0,0,0,0,0,,,,,,,,,,,,,,,,,,USD,1.0,stock,27.0
2026-07-02,75.75,78.71,75.55,78.63,4358965,67.952,69.48150000000001,75.067825,69.98419114843676,69.67469098985318,71.07271633821327,74.70323839135354,78.53742968411947,1.2933352114956733,-0.02998177789712042,1.3233169893927936,1,2.7921428571428586,0.5,0.05,4190567.6,4208710.25,1.0401848666037508,1.0357009014816356,99.468438538206,96.17739682622324,2.8799999999999955,0.0799999999999983,0.20000000000000284,,0,10.995560029967228,13.580058501844078,11.634872186188458,4.53030013989571,0,,,4.770153231179219,15.36091549295775,15.887988209285187,78.71,12.353945526391003,78.71,0,25,20,20,71.185,69.935,70.56,69.935,78.63,,,,,,77.63,79.71,80.78999999999999,82.86999999999999,76.55,74.47,73.39,0,0,0,0,0,0,0,0,0,0,0,0,0,0,0,0,0,0,0,0,0,0,,,,,,,,,,,,,,,,,,USD,1.0,stock,28.5
2026-07-06,78.38,78.4,76.51,77.41,3478523,68.43199999999999,69.59729999999999,75.03342500000001,70.69141103906183,69.97803644123148,71.19820710379321,74.73017134268335,71.98549410698101,1.708221005370092,0.31765877875632204,1.3905622266137698,1,2.7589285714285716,0.5,0.05,3926640.5,4126869.25,0.8858776350928994,0.8428963432752322,91.3621262458472,93.61666914275094,0.9699999999999989,0.020000000000010232,0.8999999999999915,,0,8.679226147704643,11.597984756491421,10.092623692029463,3.070113680403034,0,,,-1.5515706473356206,10.902578796561603,14.157203952219422,78.71,9.504109285957927,78.71,0,25,20,20,71.185,69.935,70.56,69.935,77.41,,,,,,77.44000000000001,78.37000000000002,79.33000000000001,80.26000000000002,76.48000000000002,75.55000000000001,74.59000000000002,0,0,0,0,0,0,0,0,0,0,0,0,0,0,0,0,0,0,0,0,0,0,,,,,,,,,,,,,,,,,,USD,1.0,stock,27.0
2026-07-07,77.78,79.315,77.52,77.59,2267831,68.9955,69.7919,74.994625,71.34841951153214,70.27654481608515,71.32477726015374,74.75862734922383,72.9668332576102,2.0281660460936877,0.6597602322237952,1.3684058138698925,0,2.6514285714285717,0.5,0.05,3817253.5,4010240.1,0.5941001822383554,0.5655100301849757,88.98115618013418,93.27057365472915,0.18999999999999773,1.5349999999999966,0.07000000000000739,,0,8.044310463291481,11.076814022425566,10.05039309189329,3.344986467328269,0,,,0.23252809714509048,9.097300337457813,16.993365500603154,79.315,8.748029082072414,79.315,0,25,20,20,71.8575,70.2375,71.0475,70.2375,77.59,,,,,,78.14166666666667,78.76333333333334,79.93666666666667,80.55833333333334,76.96833333333333,76.34666666666666,75.17333333333333,0,0,0,0,0,0,0,0,0,0,0,0,0,0,0,0,0,0,0,0,0,0,,,,,,,,,,,,,,,,,,USD,1.0,stock,27.0
2026-07-08,76.79,76.79,72.13,73.01,3554196,69.421,69.8969,74.929325,71.50666527233861,70.38373913702299,71.35814800747742,74.74122807211712,58.83502736512904,1.89036610881341,0.9058814075417183,0.9844847012716917,0,2.9078571428571434,0.5,0.05,3885376.3,4026730.9,0.9147623616276241,0.882650489507506,59.72532737144687,80.0228699324761,3.780000000000001,0.0,0.8800000000000097,,0,2.0590805747998857,4.9157649637036,4.26393644706205,-2.628852212025751,0,,,-5.902822528676377,0.6201764057331971,13.193798449612416,79.315,2.102370068490582,79.315,0,25,20,20,73.10249999999999,70.2375,71.66999999999999,70.2375,73.01,,,,,,73.97666666666667,75.82333333333335,78.63666666666668,80.48333333333336,71.16333333333334,69.31666666666666,66.50333333333333,0,0,0,0,0,0,0,0,0,0,0,0,0,0,0,0,0,0,0,0,0,0,,,,,,,,,,,,,,,,,,USD,1.0,stock,25.0
2026-07-09,72.5,74.42,71.45,74.38,2261155,69.9495,70.0179,74.868475,71.78031619878254,70.5404552492966,71.4179866607947,74.73763376294184,66.1563255439162,1.8701483105589034,1.0987347881451552,0.7714135224137482,0,2.815714285714286,0.5,0.05,3519323.7,3939053.45,0.6424970229365374,0.5740351149588996,68.47652507186201,72.39433620781436,1.8799999999999955,0.04000000000000625,1.0499999999999972,,0,3.4951382108328213,5.956574347942989,5.864614143586984,-0.6567289593976986,0,,,1.87645528009861,-0.8927381745503005,16.56480175521078,79.315,3.621722414844343,79.315,0,25,20,20,73.4075,70.2375,71.82249999999999,70.2375,74.38,,,,,,73.41666666666667,75.38333333333334,76.38666666666667,78.35333333333334,72.41333333333334,70.44666666666667,69.44333333333334,0,0,0,0,0,0,0,0,0,0,0,0,0,0,0,0,0,0,0,0,0,0,,,,,,,,,,,,,,,,,,USD,1.0,stock,25.0
2026-07-10,75.62,76.84,75.205,76.04,2285326,70.628,70.18090000000001,74.813925,72.18600037032706,70.75612367089282,71.50951167741262,74.75059263097226,67.64252696456089,1.9654175761936017,1.2720713457548447,0.693346230438757,0,2.836428571428572,0.5,0.05,3323876.0,3864015.15,0.6875485126400623,0.5914381572753409,79.08016608112429,69.09400617481107,0.4200000000000017,0.7999999999999972,0.41500000000000625,,0,5.068384573478355,7.117306680694378,7.7052866912151465,1.6124079431878071,0,,,2.231782737294985,-3.293908177540361,21.722426764847146,79.315,5.338984858423012,79.315,0,25,20,20,74.4825,70.2375,72.36,70.2375,76.04,,,,,,76.02833333333335,76.8516666666667,77.66333333333336,78.48666666666671,75.2166666666667,74.39333333333335,73.58166666666669,0,0,0,0,0,0,0,0,0,0,0,0,0,0,0,0,0,0,0,0,0,0,,,,,,,,,,,,,,,,,,USD,1.0,stock,25.0
2026-07-13,76.77,78.03,76.54,76.85,3339779,71.1985,70.29849999999999,74.767625,72.6301908112483,70.99509921321075,71.61526392142424,74.77148225653474,73.53883106485188,2.0822762022470584,1.4341123170532875,0.648163885193771,0,2.7949999999999995,0.5,0.05,3266072.3,3780692.75,1.0225673816222625,0.883377523867815,84.25423187480037,77.2703076759289,0.0799999999999983,1.1800000000000068,0.22999999999998977,,0,5.490968365324264,7.353936239427456,8.525048796356545,2.7096616785946637,0,,,1.0652288269331844,-0.7234207466735643,17.435819070904635,79.315,5.809993257099046,79.315,0,25,20,20,74.4825,70.2375,72.36,70.2375,76.85,,,,,,77.14,77.74,78.63,79.22999999999999,76.25,75.65,74.76,0,0,0,0,0,0,0,0,0,0,0,0,0,0,0,0,0,0,0,0,0,0,,,,,,,,,,,,,,,,,,USD,1.0,stock,27.0
2026-07-14,75.4,76.48,74.69,75.89,2145747,71.60749999999999,70.3771,74.711525,72.94064882922464,71.18705610681032,71.69991216060396,74.78261178632047,73.099880620772,2.0735212659385382,1.5619941068303376,0.5115271591082007,0,2.8182142857142845,0.5,0.05,3197301.6,3677991.45,0.6711118525696793,0.5834018455915659,77.03654039557493,80.12364611716653,0.4899999999999949,0.5900000000000034,0.710000000000008,,0,3.88635020526467,5.643035973119005,7.264329951245226,1.5528725787323836,0,,,-1.2491867273910162,-2.19100399536023,12.08093339240881,79.315,4.0434945645748925,79.315,0,25,20,20,75.3825,70.2375,72.81,70.2375,75.89,,,,,,75.68666666666667,76.68333333333334,77.47666666666667,78.47333333333334,74.89333333333333,73.89666666666666,73.10333333333332,0,0,0,0,0,0,0,0,0,0,0,0,0,0,0,0,0,0,0,0,0,0,,,,,,,,,,,,,,,,,,USD,1.0,stock,27.0
2026-07-15,78.03,80.59,76.785,78.22,3478907,72.1445,70.49430000000001,74.678125,73.4434441788223,71.46285782811186,71.82902281088903,74.81681465411829,72.58718572587188,2.2289010592473772,1.6953754973137456,0.5335255619336317,1,2.9317857142857133,0.5,0.05,3142968.9,3672043.85,1.1068855946999667,0.9474034467208228,82.70072992700726,81.33050073246086,0.18999999999999773,2.3700000000000045,1.2450000000000045,,0,6.1065658670131615,7.767195090769631,9.876885706980298,4.5280938378931275,0,,,3.070233232309927,7.136008765922464,15.915826911677522,80.59,6.503719800432552,80.59,0,25,20,20,76.02000000000001,70.875,73.4475,70.875,78.22,,,,,,78.53166666666667,80.27833333333334,82.33666666666667,84.08333333333334,76.47333333333333,74.72666666666666,72.66833333333332,0,0,0,0,0,0,0,0,0,0,0,0,0,0,0,0,0,0,0,0,0,0,,,,,,,,,,,,,,,,,,USD,1.0,stock,27.0
2026-07-16,78.85,80.76,78.752,80.49,4330272,72.74449999999999,70.66810000000001,74.658975,74.11454473322019,71.81686340348003,72.0005273096833,74.87326425954996,73.84912959381046,2.506319403757189,1.8575642786024344,0.6487551251547545,1,2.948571428571429,0.5,0.05,3150070.1,3643579.95,1.3746589321932867,1.1884663049592201,97.9638009049773,85.90035707585317,1.6400000000000006,0.27000000000001023,0.09799999999999898,,0,7.92080415800697,9.622934526028088,12.20263386756117,7.2444092433842675,0,,,2.9020710815648165,8.214573810164016,17.52080595707404,80.76,8.602164783887762,80.76,0,25,20,20,76.105,70.96000000000001,73.5325,70.96000000000001,80.49,,,,,,80.00066666666667,81.24933333333335,82.00866666666668,83.25733333333336,79.24133333333334,77.99266666666666,77.23333333333333,0,0,0,0,0,0,0,0,0,0,0,0,0,0,0,0,0,0,0,0,0,0,,,,,,,,,,,,,,,,,,USD,1.0,stock,27.0
2026-07-17,79.85,81.96,77.74,77.82,2806980,73.3175,70.8351,74.616375,74.46744523481827,72.05228052491218,72.11576439265987,74.90258501318628,64.91815476190476,2.4821164610938524,1.9824747151007183,0.49964174599313416,0,3.0721428571428575,0.5,0.05,2994871.6,3592719.6,0.9372622185204867,0.7812967090445911,66.36880584890329,82.34444556029597,2.030000000000001,2.1099999999999994,0.0799999999999983,,0,4.308088878413932,5.785787715240296,8.975713184271392,4.116711642251334,0,,,-3.317182258665674,2.3408732246186004,17.26943942133814,81.96,4.502040797304255,81.96,0,25,20,20,76.705,71.56,74.1325,71.56,77.82,,,,,,79.17333333333333,80.60666666666667,83.39333333333333,84.82666666666667,76.38666666666667,74.95333333333333,72.16666666666667,0,0,0,0,0,0,0,0,0,0,0,0,0,0,0,0,0,0,0,0,0,0,,,,,,,,,,,,,,,,,,USD,1.0,stock,25.0
2026-07-20,80.9,83.03,78.87,82.37,5876529,74.092,71.0902,74.612825,75.22006949816891,72.45689697491562,72.31881856310224,74.976887649871,68.68150116240453,2.7978307771143847,2.1455459275034516,0.652284849610933,1,3.3175000000000003,0.5,0.05,3234672.2,3580656.35,1.8167309194421617,1.6411876554419973,95.06726457399107,86.46662377595722,1.4699999999999989,0.6599999999999966,2.030000000000001,,0,8.680260412566582,10.04977540366639,13.694063372587117,9.417476022823848,0,,,5.846826008738137,7.182823682498385,23.16088516746413,83.03,9.505349502508961,83.03,0,25,20,20,77.24000000000001,72.095,74.6675,72.095,82.37,,,,,,81.42333333333333,83.97666666666666,85.58333333333333,88.13666666666666,79.81666666666666,77.26333333333334,75.65666666666667,0,0,0,0,0,0,0,0,0,0,0,0,0,0,0,0,0,0,0,0,0,0,,,,,,,,,,,,,,,,,,USD,1.0,stock,25.0
2026-07-21,82.0,82.8,79.68,80.07,2379667,74.841,71.289,74.587575,75.68196764120044,72.75545003472286,72.47230730442693,75.02756538469816,62.12463674523731,2.8298254033172014,2.2824018226662015,0.5474235806509999,0,3.3246428571428575,0.5,0.05,3245855.8,3531554.65,0.7331400858904453,0.6738298669680788,74.4386873920552,78.62491927164986,1.9300000000000068,0.7999999999999972,0.38999999999998636,,0,5.4802452339197565,6.530535781191457,10.966654177594595,6.847040089921309,0,,,-2.7922787422605455,5.5079720648306685,23.014287909049003,83.03,5.797989264236243,83.03,0,25,20,20,77.24000000000001,73.345,75.2925,72.095,80.07,,,,,,80.85000000000001,82.02000000000001,83.97,85.14,78.90000000000002,77.73000000000002,75.78000000000003,0,0,0,0,0,0,0,0,0,0,0,0,0,0,0,0,0,0,0,0,0,0,,,,,,,,,,,,,,,,,,USD,1.0,stock,25.0
2026-07-22,80.8,80.85,78.49,78.97,2355039,75.5755,71.48459999999999,74.550325,75.99511358013373,72.99915787649843,72.60097448651749,75.06679358982555,56.62609871534821,2.734894407854256,2.372900339703812,0.36199406815044366,0,3.205357142857143,0.5,0.05,3125940.1,3505658.2,0.7533858374317537,0.6717822633136339,64.93955094991361,78.14850097198662,1.8299999999999983,0.04999999999999716,0.480000000000004,,0,3.7671095604232825,4.298467772571855,9.478789413701422,5.596650626820309,0,,,-1.3737979268140355,0.9588340577857402,22.85314250155568,83.03,3.914575924318305,83.03,0,25,20,20,78.86,73.345,76.10249999999999,72.095,78.97,,,,,,79.43666666666665,80.38333333333331,81.79666666666665,82.74333333333331,78.02333333333331,77.07666666666665,75.66333333333331,0,0,0,0,0,0,0,0,0,0,0,0,0,0,0,0,0,0,0,0,0,0,,,,,,,,,,,,,,,,,,USD,1.0,stock,25.0
2026-07-23,78.7,78.88,77.25,77.86,2629299,76.11449999999999,71.6664,74.499825,76.17272181059718,73.18977913624359,72.70511360559634,75.09458668843426,48.57985983032092,2.5408043754219847,2.406481146847447,0.1343232285745377,0,3.0667857142857144,0.5,0.05,3162754.5,3341039.1,0.8313319924135749,0.7869704368320622,55.35405872193435,64.91076568796773,0.8400000000000034,0.1799999999999926,0.6099999999999994,,0,2.1670667729293833,2.241844335987679,7.954790649884412,4.315662727973283,0,,,-1.405597062175512,-3.26748664430363,16.070363744782345,83.03,2.2150687927342556,83.03,0,25,20,20,78.86,73.345,76.10249999999999,72.095,77.86,,,,,,77.99666666666667,78.74333333333334,79.62666666666667,80.37333333333333,77.11333333333334,76.36666666666667,75.48333333333335,0,0,0,0,0,0,0,0,0,0,0,0,0,0,0,0,0,0,0,0,0,0,,,,,,,,,,,,,,,,,,USD,1.0,stock,25.0
2026-07-24,78.56,81.145,78.13,80.92,2981828,76.7525,71.9126,74.468525,76.62484354292125,73.49292505246933,72.8677846233073,75.15255099999213,56.062176165803116,2.6038870636824782,2.4459623302144533,0.15792473346802494,1,3.150000000000001,0.5,0.05,3232404.7,3278140.35,0.9224797872617868,0.9096096205886974,81.77892918825562,67.35751295336787,2.3599999999999994,0.22499999999999432,0.4300000000000068,,0,5.307904667670226,5.1501482946119665,11.131240731586757,7.972658180919429,0,,,3.9301310043668103,3.983551786173223,18.720657276995322,83.03,5.6054358592886695,83.03,0,25,20,20,78.86,73.345,76.10249999999999,72.095,80.92,,,,,,80.065,82.0,83.08,85.015,78.985,77.05,75.97,0,0,0,0,0,0,0,0,0,0,0,0,0,0,0,0,0,0,0,0,0,0,,,,,,,,,,,,,,,,,,USD,1.0,stock,25.0
2026-07-27,82.02,84.34,82.02,84.06,3473008,77.46549999999999,72.25359999999999,74.448325,77.33295368169067,73.90732014845094,73.08941265056853,75.24118233332555,60.13788780946411,2.8741212261238047,2.5315941093963237,0.34252711672748104,1,3.258214285714286,0.5,0.05,3245727.6,3255899.95,1.0700244838784376,1.0666814255149333,97.82777346780449,78.32025379266483,2.0400000000000063,0.28000000000000114,0.0,,0,8.002672279692284,7.844991672614811,14.045205805377122,11.434302878896032,0,,,3.8803756796836453,2.0517178584436024,20.429799426934103,84.34,8.698809495882514,84.34,0,25,20,20,80.5625,74.0,77.28125,72.75,84.06,,,,,,83.47333333333334,84.92666666666669,85.79333333333335,87.2466666666667,82.60666666666668,81.15333333333334,80.28666666666668,0,0,0,0,0,0,0,0,0,0,0,0,0,0,0,0,0,0,0,0,0,0,,,,,,,,,,,,,,,,,,USD,1.0,stock,25.0
2026-07-28,84.93,87.525,84.585,87.46,3581396,78.2825,72.6562,74.442975,78.29743428343441,74.43879778968815,73.37397873669588,75.36276260861584,73.51122681418808,3.3243147012430967,2.6901382277656785,0.6341764734774182,1,3.115714285714286,0.5,0.05,3389292.5,3293297.05,1.0566795282496273,1.0874804020487614,99.59564541213057,93.06744935606356,2.529999999999987,0.06500000000001194,0.3450000000000131,,0,10.476292838515414,10.493368396981474,16.92636633889778,14.883403841756222,0,,,4.044729954794191,9.229424253777951,22.975253093363325,87.525,11.702255380932868,87.525,0,25,20,20,82.3875,75.5925,78.99000000000001,74.3425,87.46,,,,,,86.52333333333333,88.46166666666666,89.46333333333334,91.40166666666667,85.52166666666665,83.58333333333331,82.58166666666664,0,0,0,0,0,0,0,0,0,0,0,0,0,0,0,0,0,0,0,0,0,0,,,,,,,,,,,,,,,,,,USD,1.0,stock,28.5
2026-07-30,86.79,87.5298,84.83,86.84,2774216,78.9965,73.04140000000001,74.44127499999999,79.11101197072637,74.92511944499451,73.64063262309794,75.4769639756943,70.78052034689794,3.5896877691998696,2.870048136052517,0.7196396331473527,1,3.096414285714286,0.5,0.05,3318823.4,3230896.15,0.8359034710915924,0.8586521730201697,94.62764217511182,97.35035368501563,0.04999999999999716,0.6897999999999911,1.960000000000008,,0,8.900262585529292,9.032128051589137,15.889682174113304,14.277665822201765,0,,,-0.7088954950834503,9.965809801190328,19.680264608599774,87.5298,9.769800482559384,87.5298,0,25,20,20,82.3899,75.5949,78.9924,74.3449,86.84,,,,,,86.39993333333332,87.96986666666665,89.09973333333332,90.66966666666664,85.27006666666665,83.70013333333333,82.57026666666665,0,0,0,0,0,0,0,0,0,0,0,0,0,0,0,0,0,0,0,0,0,0,,,,,,,,,,,,,,,,,,USD,1.0,stock,27.0
2026-07-31,85.67,86.245,83.87,84.08,3003591,79.44800000000001,73.3496,74.447425,79.58424892589528,75.28413436872022,73.84735276917522,75.56256632419486,62.93436293436292,3.5365220786338227,3.0033429245687784,0.5331791540650443,0,3.132842857142857,0.5,0.05,3186155.3,3168112.7,0.9427007528477975,0.9480694926035932,73.13198024891355,89.11842261205199,1.5900000000000034,0.5750000000000028,0.20999999999999375,,0,5.346992238468979,5.5090390104662115,12.76213130352046,11.456440294957188,0,,,-3.1782588668816225,7.9886976624711,12.03197868087942,87.5298,5.6490463059982226,87.5298,0,25,20,20,82.3899,75.9649,79.1774,74.3449,84.08,,,,,,84.73166666666667,85.59333333333333,87.10666666666667,87.96833333333333,83.21833333333333,82.35666666666667,80.84333333333333,0,0,0,0,0,0,0,0,0,0,0,0,0,0,0,0,0,0,0,0,0,0,,,,,,,,,,,,,,,,,,USD,1.0,stock,25.0
2026-08-03,85.75,87.09,84.1,86.19,3280175,79.826,73.7146,74.457275,80.21336807581002,75.71181537386845,74.09176162523114,75.66831193290935,64.4224830142063,3.622884889972312,3.1272513176494856,0.49563357232282623,0,3.2057,0.5,0.05,3233474.8,3114173.2,1.0144427289181286,1.053305256110996,89.56525802582597,85.77496014995045,0.4399999999999977,0.9000000000000057,1.6500000000000057,,0,6.934252145480883,7.383687202691733,14.474300962988739,13.61262907529876,0,,,2.5095147478591873,6.512605042016806,9.61465089660436,87.5298,7.450917555963279,87.5298,0,25,20,20,82.3899,77.2099,79.79990000000001,74.3449,86.19,,,,,,85.79333333333334,87.48666666666668,88.78333333333335,90.47666666666669,84.49666666666667,82.80333333333333,81.50666666666666,0,0,0,0,0,0,0,0,0,0,0,0,0,0,0,0,0,0,0,0,0,0,,,,,,,,,,,,,,,,,,USD,1.0,stock,25.0
2026-08-04,84.89,88.57,84.46,88.25,4048624,80.36800000000001,74.06400000000001,74.46617499999999,80.97876159239954,76.2035088886187,74.37212278116715,75.79350285895006,68.45878136200716,3.8135921080868087,3.2645194757369507,0.549072632349858,1,3.344985714285715,0.5,0.05,3050684.3,3142678.25,1.3271199514154908,1.2882718744752186,97.28468392023765,86.66064073165906,3.3599999999999994,0.3199999999999932,0.4300000000000068,,0,8.239363634674747,8.931444759206789,16.074787535410756,15.619065155807373,0,,,2.3900684534168715,4.984534856055189,14.003358739180992,88.57,8.979191907378988,88.57,0,25,20,20,82.91,78.035,80.4725,74.865,88.25,,,,,,87.09333333333332,89.72666666666665,91.20333333333332,93.83666666666664,85.61666666666665,82.98333333333332,81.50666666666665,0,0,0,0,0,0,0,0,0,0,0,0,0,0,0,0,0,0,0,0,0,0,,,,,,,,,,,,,,,,,,USD,1.0,stock,25.0
2026-08-05,87.78,90.85,86.0,87.48,4160410,80.8625,74.3618,74.473075,81.59792715502816,76.64572422631994,74.63168470629256,75.90978641259235,64.50501253132833,3.8581223546655394,3.3832400515226686,0.47488230314287083,0,3.3556999999999997,0.5,0.05,3228758.6,3237307.2,1.2885478648047581,1.2851452589979722,75.22058823529419,87.35684339378595,0.29999999999999716,3.069999999999993,1.480000000000004,,0,6.723905858449754,7.564586191129409,14.995656149977139,14.86845564700504,0,,,-0.8725212464589238,0.022867596615605557,12.746487949478036,90.85,7.208605720824838,90.85,0,25,20,20,84.05,80.25,82.15,76.005,87.48,,,,,,88.11,90.22,92.96,95.07,85.37,83.26,80.52000000000001,0,0,0,0,0,0,0,0,0,0,0,0,0,0,0,0,0,0,0,0,0,0,,,,,,,,,,,,,,,,,,USD,1.0,stock,25.0
2026-08-06,87.52,87.79,85.695,87.69,4913894,81.59649999999999,74.6504,74.493225,82.178124568835,77.07883308018975,74.89026520715807,76.02700246818844,62.05626255860684,3.8657956549233603,3.4797511722028074,0.3860444827205529,0,3.323914285714286,0.5,0.05,3484644.1,3305292.1,1.4101566355083435,1.486674657286719,76.76470588235296,83.08999267929494,0.1700000000000017,0.10000000000000853,1.8250000000000028,,0,6.285637394417829,6.948910936252715,14.870110616946054,15.049349982894288,0,,,0.24005486968450285,0.9788116075541087,20.106834680180796,90.85,6.7072295213406505,90.85,0,25,20,20,84.49,80.25,82.37,76.005,87.69,,,,,,87.05833333333334,88.42166666666668,89.15333333333335,90.5166666666667,86.32666666666667,84.96333333333332,84.23166666666665,0,0,0,0,0,0,0,0,0,0,0,0,0,0,0,0,0,0,0,0,0,0,,,,,,,,,,,,,,,,,,USD,1.0,stock,25.0
2026-08-07,87.6,88.5,84.64,86.12,5308752,82.18350000000001,74.9072,74.49672500000001,82.553541276565,77.43338864567251,75.11263619315494,76.12743030432588,64.42976356050072,3.702510683274369,3.5243030744171198,0.17820760885724907,0,3.2982000000000005,0.5,0.05,3752589.4,3457671.95,1.4146903468842076,1.5353544456408017,65.22058823529417,72.40196078431377,1.4799999999999898,0.9000000000000057,1.480000000000004,,0,4.141266515832565,4.57094751509521,13.019972131908967,13.496603576405006,0,,,-1.7903979929296265,2.426260704091354,15.783812852917457,90.85,4.320176540321763,90.85,0,25,20,20,86.435,81.15,83.7925,76.005,86.12,,,,,,86.42,88.2,90.28,92.06,84.34,82.56,80.48,0,0,0,0,0,0,0,0,0,0,0,0,0,0,0,0,0,0,0,0,0,0,,,,,,,,,,,,,,,,,,USD,1.0,stock,25.0
2026-08-10,85.7,86.925,84.99,86.13,2690998,82.688,75.1606,74.492275,82.89415639308261,77.77443222819515,75.33080181309246,76.22695836099926,57.76218001651527,3.533184729039135,3.526079405341523,0.007105323697611965,0,3.0642714285714283,0.5,0.05,3723506.4,3477955.55,0.7227053510637178,0.7737298425219955,65.29411764705881,69.09313725490199,0.4299999999999926,0.7950000000000017,0.710000000000008,,0,3.7569297653748808,3.996284685939851,12.735864391036797,13.511813537675593,0,,,0.01161170459822447,-0.06961364427428007,13.269331930562856,90.85,3.903584700920379,90.85,0,25,20,20,87.36,81.15,84.255,76.005,86.13,,,,,,86.01499999999999,87.03999999999998,87.94999999999999,88.97499999999998,85.10499999999998,84.07999999999998,83.16999999999997,0,0,0,0,0,0,0,0,0,0,0,0,0,0,0,0,0,0,0,0,0,0,,,,,,,,,,,,,,,,,,USD,1.0,stock,25.0
2026-08-11,85.96,86.91,85.575,85.86,2102457,83.1385,75.3988,74.483275,83.1766176889795,78.09151331728555,75.53930078709062,76.32280952158634,63.046417305092426,3.3387192694070933,3.4886073781546374,-0.1498881087475441,0,2.936771428571429,0.5,0.05,3586451.3,3416089.45,0.5862220964773731,0.6154572445402446,63.30882352941179,64.60784313725493,0.09999999999999432,0.9500000000000028,0.2849999999999966,,0,3.1252996867231477,3.1696948520847963,12.184020498485912,13.250320288842293,0,,,-0.31347962382444194,-2.7082152974504226,11.724137931034484,90.85,3.2261257858000514,90.85,0,25,20,20,87.36,81.15,84.255,76.005,85.86,,,,,,86.11500000000001,86.65500000000002,87.45,87.99000000000001,85.32000000000002,84.78000000000002,83.98500000000003,0,0,0,0,0,0,0,0,0,0,0,0,0,0,0,0,0,0,0,0,0,0,,,,,,,,,,,,,,,,,,USD,1.0,stock,25.0
2026-08-12,85.75,88.74,84.2,88.53,2943966,83.7705,75.6592,74.497575,83.68646362336241,78.50086573621553,75.79654235566309,76.4442741034611,70.11784511784515,3.361303661212119,3.463146634766134,-0.10184297355401473,1,3.092485714285714,0.5,0.05,3522708.3,3456000.4,0.835710978396934,0.8518419152960747,82.94117647058827,70.51470588235297,2.780000000000001,0.20999999999999375,1.5499999999999972,,0,5.471067860202854,5.376143680108441,14.538348582401447,15.850474415452393,0,,,3.1097134870719856,1.200274348422492,16.655685861114765,90.85,5.78771783025306,90.85,0,25,20,20,87.36,81.15,84.255,76.005,88.53,,,,,,87.15666666666668,90.11333333333336,91.69666666666667,94.65333333333335,85.57333333333337,82.61666666666669,81.03333333333337,0,0,0,0,0,0,0,0,0,0,0,0,0,0,0,0,0,0,0,0,0,0,,,,,,,,,,,,,,,,,,USD,1.0,stock,27.0
2026-08-13,88.9,95.58,88.6043,94.83,3637666,84.601,76.0466,74.53432500000001,84.74775280208979,79.14122394263845,76.1734425070361,76.62721664969531,79.30915371329883,3.8432566330113502,3.5391686344151774,0.30408799859617286,1,3.4731999999999994,0.5,0.05,3609053.3,3463938.35,1.0079280347563724,1.0501532164970546,95.70200573065902,80.65066857688639,5.929999999999993,0.75,0.29570000000001073,,0,10.631917323537072,10.786670884741115,19.80744490140251,21.402167035748167,0,,,7.116231785835314,8.142319534724596,21.234978266428016,95.58,11.896772320860393,95.58,0,25,20,20,89.84,83.515,86.67750000000001,78.37,94.83,,,,,,93.00476666666667,97.40523333333334,99.98046666666667,104.38093333333335,90.42953333333334,86.02906666666667,83.45383333333334,0,0,0,0,0,0,0,0,0,0,0,0,0,0,0,0,0,0,0,0,0,0,,,,,,,,,,,,,,,,,,USD,1.0,stock,28.5
2026-08-14,94.71,95.23,92.0,93.05,2498113,85.229,76.42699999999999,74.562775,85.53844301141459,79.68666614096637,76.50763176432251,76.79062742930034,71.91904589808459,4.035063016808337,3.6383475108938095,0.39671550591452753,1,3.4692714285714286,0.5,0.05,3558505.5,3372330.4,0.7020118417689674,0.740767571291354,81.34218289085544,86.66178836403425,1.6599999999999966,0.5200000000000102,1.0499999999999972,,0,8.072602889398615,8.405158516926383,17.864588930682434,19.868054809242338,0,,,-1.87704312981124,8.046911286576863,15.604422909678227,95.58,8.781498381473977,95.58,0,25,20,20,89.89,83.515,86.7025,78.37,93.05,,,,,,93.42666666666668,94.85333333333335,96.65666666666668,98.08333333333336,91.62333333333335,90.19666666666667,88.39333333333335,0,0,0,0,0,0,0,0,0,0,0,0,0,0,0,0,0,0,0,0,0,0,,,,,,,,,,,,,,,,,,USD,1.0,stock,27.0
2026-08-17,92.03,92.45,90.18,90.38,2741106,85.857,76.87759999999999,74.58072499999999,85.99954367699414,80.10601256681083,76.78233212542503,76.92584506681975,61.617647058823536,3.9263635965147046,3.695950728017989,0.23041286849671572,0,3.4299857142857135,0.5,0.05,3504598.6,3369036.7,0.7821454930673087,0.813617138691306,55.59350982066605,77.54589948072685,1.6500000000000057,0.4200000000000017,0.19999999999998863,,0,4.846709806379574,5.004425757911038,14.939588404514284,17.480941579995584,0,,,-2.8694250403009103,4.934401486125628,16.139809817527627,95.58,5.093580890915449,95.58,0,25,20,20,89.89,85.13499999999999,87.51249999999999,78.37,90.38,,,,,,91.00333333333333,91.82666666666665,93.27333333333333,94.09666666666665,89.55666666666666,88.73333333333333,87.28666666666666,0,0,0,0,0,0,0,0,0,0,0,0,0,0,0,0,0,0,0,0,0,0,,,,,,,,,,,,,,,,,,USD,1.0,stock,25.0
2026-08-18,91.66,93.046,90.3575,90.37,1442415,86.25699999999999,77.3288,74.604425,86.41577761251851,80.5085218779163,77.05139485561463,77.05961775272203,56.11087778244439,3.795657627948316,3.715892108004055,0.07976551994426107,0,3.374521428571428,0.5,0.05,3243977.7,3147331.0,0.4446439320467585,0.4582978402970644,55.50811272416741,64.14793514522965,1.289999999999992,1.38600000000001,0.012500000000002842,,0,4.375591886114301,4.551289144627657,14.430895208586925,17.445584817970563,0,,,-0.011064394777593467,5.252737013743314,9.71227388612359,95.58,4.575810687270457,95.58,0,25,20,20,89.89,85.13499999999999,87.51249999999999,78.37,90.37,,,,,,91.25783333333334,92.15816666666667,93.94633333333334,94.84666666666668,89.46966666666667,88.56933333333333,86.78116666666666,0,0,0,0,0,0,0,0,0,0,0,0,0,0,0,0,0,0,0,0,0,0,,,,,,,,,,,,,,,,,,USD,1.0,stock,25.0
2026-08-19,90.47,92.53,90.3835,91.74,2460535,86.84049999999999,77.8372,74.667075,86.92284641132628,80.94897200035095,77.34225832382027,77.20569120791883,59.975570032573295,3.7592850585250943,3.724570698108263,0.03471436041683118,0,3.3359642857142853,0.5,0.05,3073990.2,3151374.4,0.8004368393887528,0.7807815535976937,67.20751494449185,59.43637916310845,1.269999999999996,0.7900000000000063,0.08650000000000091,,0,5.250875941436363,5.340636581643779,15.15456725528668,18.6101209941138,0,,,1.5159898196303923,3.625889528973225,14.574747096290741,95.58,5.541872807384309,95.58,0,25,20,20,89.89,85.13499999999999,87.51249999999999,78.37,91.74,,,,,,91.55116666666667,92.71883333333335,93.69766666666668,94.86533333333335,90.57233333333335,89.40466666666667,88.42583333333334,0,0,0,0,0,0,0,0,0,0,0,0,0,0,0,0,0,0,0,0,0,0,,,,,,,,,,,,,,,,,,USD,1.0,stock,25.0
2026-08-20,91.61,92.93,90.8501,92.28,1899043,87.506,78.3928,74.73502500000001,87.4330515150095,81.39332603955287,77.63805518869512,77.3556843302281,68.35273052820058,3.731024098908321,3.725861378268275,0.005162720640046192,0,3.2723857142857145,0.5,0.05,2772505.1,3128574.6,0.6849556381339028,0.6069994303476094,71.2543554006969,64.65666102311873,0.6700000000000017,0.6500000000000057,0.7599000000000018,,0,5.25243658971663,5.173385348938016,15.048981361074997,19.0127600780234,0,,,0.5886200130804431,-2.6890224612464375,16.85450170950995,95.58,5.543611255702814,95.58,0,25,20,20,89.89,86.1825,88.03625,78.37,92.28,,,,,,92.02003333333334,93.18996666666669,94.09993333333335,95.2698666666667,91.11006666666668,89.94013333333334,89.03016666666667,0,0,0,0,0,0,0,0,0,0,0,0,0,0,0,0,0,0,0,0,0,0,,,,,,,,,,,,,,,,,,USD,1.0,stock,25.0
2026-08-21,93.03,94.635,91.58,93.49,4132094,88.2875,78.98639999999999,74.813675,88.00990375167527,81.86770541055081,77.95195508594868,77.51622478465369,67.02425373134332,3.762887744805056,3.7332666515756316,0.0296210932294243,1,3.2756000000000003,0.5,0.05,2654839.3,3203714.35,1.5564384631491632,1.2897822803709076,81.63444639718801,73.3654389141256,0.45999999999999375,1.1450000000000102,1.4500000000000028,,0,5.8616924252056135,5.56476628516419,15.5135308589154,19.976815702214132,0,,,1.3112267013437373,0.47286405158517564,20.074492679167722,95.58,6.226681333258945,95.58,0,25,20,20,89.89,86.41499999999999,88.1525,78.37,93.49,,,,,,93.235,94.89,96.29,97.94500000000001,91.835,90.17999999999999,88.77999999999999,0,0,0,0,0,0,0,0,0,0,0,0,0,0,0,0,0,0,0,0,0,0,,,,,,,,,,,,,,,,,,USD,1.0,stock,25.0
