date,open,high,low,close,volume,SMA_20,SMA_50,SMA_200,EMA_20,EMA_50,EMA_100,EMA_200,RSI_14,MACD,MACD_Signal,MACD_Hist,MACD_Hist_Subiendo,ATR_14,BB_PctB,BB_Width,Vol_SMA_10,Vol_SMA_20,VolRel10,VolRel20,Stoch_K,Stoch_D,Body,Mecha_Sup,Mecha_Inf,Position_52w_Pct,RS_vs_SPY,Dist_EMA_20_pct,Dist_SMA_20_pct,Dist_SMA_50_pct,Dist_SMA_200_pct,Dist_BUY_ZONE,High_52W,Low_52W,Ret_1,Ret_5,Ret_20,Swing_High_20,Dist_EMA_20,TP_Dinamico,VWAP,ADX_14,Plus_DI,Minus_DI,Tenkan,Kijun,Senkou_A,Senkou_B,Chikou,Fib_236,Fib_382,Fib_500,Fib_618,Fib_786,Pivot_PP,Pivot_R1,Pivot_R2,Pivot_R3,Pivot_S1,Pivot_S2,Pivot_S3,Vol_Dryup,Vol_Climax,BB_Squeeze,BB_Breakout,MACD_Cross_Up,Golden_Cross,SMA20_Cross_Up,Oversold,Overbought,Trend_Up,Breakout_Vol,TP_Agotamiento,Vol_Climax_Up,MACD_Divergence,Trend_Weakness,Overextended,Exhaustion_Gap,Stoch_Extreme,Stop_Loss_Triggered,BUY_ZONE,ACC,REB,ROIC,ROE,Net_Margin,Gross_Margin,Operating_Margin,EBITDA_Margin,Current_PE,Current_PB,Current_EV_EBITDA,Current_EV_Sales,Current_FCF_Yield,Market_Cap,PE_5y_mean,PE_5y_max,PE_5y_min,PE_5y_pct,PE_5y_signal,Currency,FX_Rate,Asset_Type,Risk_Score
2025-08-22,180.27,181.9899,179.4,181.43,1110311,,,,181.43,181.43,181.43,181.43,,0.0,0.0,0.0,0,,0.5,0.05,,,,,,,1.1599999999999966,0.559899999999999,0.8700000000000045,,0,0.0,,,,0,,,,,,,0.0,,0,25,20,20,,,,,181.43,,,,,,180.93996666666666,182.47993333333332,183.52986666666666,185.06983333333332,179.89003333333332,178.35006666666666,177.30013333333332,0,0,0,0,0,0,0,0,0,0,0,0,0,0,0,0,0,0,0,0,0,0,,,,,,,,,,,,,,,,,,USD,1.0,stock,25.0
2025-08-25,181.07,181.835,178.9601,180.68,1121673,,,,181.35857142857145,181.40058823529412,181.41514851485147,181.42253731343285,,-0.059829059829098696,-0.01196581196581974,-0.04786324786327896,0,,0.5,0.05,,,,,,,0.38999999999998636,0.7650000000000148,1.7198999999999955,,0,-0.37556532464658227,,,,0,,,-0.41338257179077686,,,,-0.3741601090184491,,0,25,20,20,,,,,180.68,,,,,,180.49170000000004,182.02330000000006,183.36660000000003,184.89820000000006,179.14840000000007,177.61680000000004,176.27350000000007,0,0,0,0,0,0,0,0,0,0,0,0,0,0,0,0,0,0,0,0,0,0,,,,,,,,,,,,,,,,,,USD,1.0,stock,25.0
2025-08-26,180.15,183.57,179.73,183.4,1325806,,,,181.55299319727894,181.4789965397924,181.4544525046564,181.44221355907035,,0.11095819027437415,0.012618988482219037,0.0983392017921551,1,,0.5,0.05,,,,,,,3.25,0.1699999999999875,0.4200000000000159,,0,1.0070920407421313,,,,0,,,1.5054239539517456,,,,1.0173375664008337,,0,25,20,20,,,,,183.4,,,,,,182.23333333333332,184.73666666666665,186.07333333333332,188.57666666666665,180.89666666666665,178.39333333333332,177.05666666666664,0,0,0,0,0,0,0,0,0,0,0,0,0,0,0,0,0,0,0,0,0,0,,,,,,,,,,,,,,,,,,USD,1.0,stock,25.0
2025-08-27,182.7,183.68,181.195,181.66,882503,,,,181.5631843213476,181.48609471470252,181.45852275208895,181.44438058833333,,0.10469796525259767,0.031034783836294766,0.0736631814163029,0,,0.5,0.05,,,,,,,1.039999999999992,0.9800000000000182,0.4650000000000034,,0,0.05329498990003568,,,,0,,,-0.948745910577975,,,,0.053323408605266215,,0,25,20,20,,,,,181.66,,,,,,182.1783333333333,183.16166666666663,184.66333333333333,185.64666666666665,180.67666666666662,179.6933333333333,178.1916666666666,0,0,0,0,0,0,0,0,0,0,0,0,0,0,0,0,0,0,0,0,0,0,,,,,,,,,,,,,,,,,,USD,1.0,stock,25.0
2025-08-28,180.58,181.1299,177.74,179.99,1220234,,,,181.413357243124,181.4274243337338,181.42944309363173,181.42990913969322,,-0.03461928187559238,0.01790397069391734,-0.05252325256950972,0,,0.5,0.05,,,,,,,0.5900000000000034,0.5498999999999796,2.25,,0,-0.7907979571776221,,,,0,,,-0.9192997908180067,,,,-0.7845934085308102,,0,25,20,20,,,,,179.99,,,,,,179.61996666666667,181.49993333333333,183.00986666666665,184.8898333333333,178.11003333333335,176.2300666666667,174.72013333333337,0,0,0,0,0,0,0,0,0,0,0,0,0,0,0,0,0,0,0,0,0,0,,,,,,,,,,,,,,,,,,USD,1.0,stock,25.0
2025-08-29,180.16,184.22,179.975,183.75,1108719,,,,181.63589464854078,181.51850573241092,181.47539471554003,181.4529946208903,,0.15656657045278166,0.045636490645690204,0.11093007980709146,1,,0.5,0.05,,,,,,,3.5900000000000034,0.46999999999999886,0.18500000000000227,,0,1.150533524603655,,,,0,,,2.0890049447191528,1.278730088739466,,,1.1639248704392582,,0,25,20,20,,,,,183.75,,,,,,182.6483333333333,185.32166666666663,186.89333333333332,189.56666666666663,181.07666666666663,178.4033333333333,176.83166666666662,0,0,0,0,0,0,0,0,0,0,0,0,0,0,0,0,0,0,0,0,0,0,,,,,,,,,,,,,,,,,,USD,1.0,stock,25.0
2025-09-02,183.98,186.035,183.62,185.78,1209989,,,,182.03057134867976,181.68562315466932,181.56063442414322,181.49604940078194,,0.4665091434114288,0.12981102119883792,0.3366981222125909,1,,0.5,0.05,,,,,,,1.8000000000000114,0.25499999999999545,0.3599999999999852,,0,2.0182089844548625,,,,0,,,1.1047619047618973,2.8226699136595146,,,2.0597796422548216,,0,25,20,20,,,,,185.78,,,,,,185.14499999999998,186.66999999999996,187.55999999999997,189.08499999999995,184.25499999999997,182.73,181.83999999999997,0,0,0,0,0,0,0,0,0,0,0,0,0,0,0,0,0,0,0,0,0,0,,,,,,,,,,,,,,,,,,USD,1.0,stock,25.0
2025-09-03,185.44,186.4538,182.79,184.69,1112150,,,,182.2838502678531,181.8034418544862,181.62260205930872,181.52783000375922,,0.6170737331264888,0.2272635635843681,0.3898101695421207,1,,0.5,0.05,,,,,,,0.75,1.0138000000000034,1.9000000000000057,,0,1.3028045547386977,,,,0,,,-0.586715469910648,0.7033805888767786,,,1.3200015956494422,,0,25,20,20,,,,,184.69,,,,,,184.6446,186.4992,188.3084,190.163,182.8354,180.9808,179.17159999999998,0,0,0,0,0,0,0,0,0,0,0,0,0,0,0,0,0,0,0,0,0,0,,,,,,,,,,,,,,,,,,USD,1.0,stock,25.0
2025-09-04,184.91,186.2,184.0,185.3,733703,,,,182.57110262329567,181.9405617817613,181.69542182051052,181.5653640335726,,0.7766662323832918,0.33714409734415285,0.43952213503913895,1,,0.5,0.05,,,,,,,0.3900000000000148,0.8999999999999773,0.9099999999999966,,0,1.4726915146812405,,,,0,,,0.3302831772158843,2.0037432566332836,,,1.494703892069356,,0,25,20,20,182.0969,,,,185.3,,,,,,185.16666666666666,186.33333333333331,187.36666666666665,188.5333333333333,184.13333333333333,182.96666666666667,181.93333333333334,0,0,0,0,0,0,0,0,0,0,0,0,0,0,0,0,0,0,0,0,0,0,,,,,,,,,,,,,,,,,,USD,1.0,stock,25.0
2025-09-05,185.59,190.21,185.12,185.48,1330068,,,,182.8481404686961,182.07936328051576,181.77036396267863,181.60431563522857,,0.9072111678992201,0.4511575114551663,0.45605365644405377,1,,0.5,0.05,1115515.6,,1.192334737407527,,,,0.11000000000001364,4.6200000000000045,0.3599999999999852,,0,1.4189451861677207,,,,0,,,0.09713977334051549,3.050169453858542,,,1.4393690439277216,,0,25,20,20,183.97500000000002,,,,185.48,,,,,,186.9366666666667,188.7533333333334,192.0266666666667,193.8433333333334,183.66333333333338,181.8466666666667,178.57333333333338,0,0,0,0,0,0,0,0,0,0,0,0,0,0,0,0,0,0,0,0,0,0,,,,,,,,,,,,,,,,,,USD,1.0,stock,25.0
2025-09-08,184.62,188.39,184.0268,187.53,1466263,,,,183.29403185262981,182.29311374010337,181.88441616143749,181.6632776687089,,1.1626841382561395,0.5934628368153609,0.5692213014407785,1,,0.5,0.05,1151110.8,,1.273780942720718,,,,2.9099999999999966,0.8599999999999852,0.593199999999996,,0,2.2588216004746906,,,,0,,,1.1052404571921581,2.0571428571428685,,,2.3110234984497184,,0,25,20,20,183.97500000000002,,,,187.53,,,,,,186.6489333333333,189.2710666666666,191.01213333333328,193.63426666666658,184.90786666666662,182.28573333333333,180.54466666666664,0,0,0,0,0,0,0,0,0,0,0,0,0,0,0,0,0,0,0,0,0,0,,,,,,,,,,,,,,,,,,USD,1.0,stock,25.0
2025-09-09,187.74,188.85,187.2001,187.69,925061,,,,183.7126954857127,182.5047563385307,181.99937821764664,181.7232450550899,,1.3623545949374147,0.7472411884397717,0.615113406497643,1,,0.5,0.05,1131449.6,,0.817589223594228,,,,0.05000000000001137,1.1099999999999852,0.4899000000000058,,0,2.119081738125266,,,,0,,,0.08531968218419284,1.0280977500269017,,,2.1649589886925513,,0,25,20,20,183.97500000000002,,,,187.69,,,,,,187.91336666666666,188.62663333333333,189.56326666666666,190.27653333333333,186.97673333333333,186.26346666666666,185.32683333333333,0,0,0,0,0,0,0,0,0,0,0,0,0,0,0,0,0,0,0,0,0,0,,,,,,,,,,,,,,,,,,USD,1.0,stock,25.0
2025-09-10,186.63,187.36,182.99,185.6,1336451,,,,183.89243877278767,182.62613844290206,182.07067765888135,181.76181973115865,,1.3365425072097992,0.8651014521937772,0.47144105501602196,0,,0.5,0.05,1132514.1,,1.180074490904793,,,,1.0300000000000011,0.7300000000000182,2.609999999999985,,0,0.9200222129376745,,,,0,,,-1.1135382812083816,0.49271752666630864,,,0.9285652192160758,,0,25,20,20,183.97500000000002,,,,185.6,,,,,,185.3166666666667,187.64333333333337,189.6866666666667,192.01333333333338,183.27333333333337,180.9466666666667,178.90333333333336,0,0,0,0,0,0,0,0,0,0,0,0,0,0,0,0,0,0,0,0,0,0,,,,,,,,,,,,,,,,,,USD,1.0,stock,25.0
2025-09-11,186.21,187.75,185.44,185.55,915985,,,,184.0503017468079,182.74079968043532,182.1395751309827,181.79951306716703,60.89947089947093,1.2970995039222544,0.9515010625394726,0.34559844138278173,0,3.310478571428569,0.5,0.05,1135862.3,,0.806422574285633,,62.63031275060147,,0.6599999999999966,1.539999999999992,0.11000000000001364,,0,0.8082448144393004,,,,0,,,-0.026939655172408816,0.1349163518618468,,,0.814830640840355,,0,25,20,20,185.0925,,,,185.55,,,,,,186.24666666666667,187.05333333333334,188.55666666666667,189.36333333333334,184.74333333333334,183.93666666666667,182.43333333333334,0,0,0,0,0,0,0,0,0,0,0,0,0,0,0,0,0,0,0,0,0,0,,,,,,,,,,,,,,,,,,USD,1.0,stock,25.0
2025-09-12,184.63,185.62,183.45,185.01,871568,,,,184.14170158044524,182.8297879282614,182.1964152273989,181.8314582107773,59.207818930041114,1.208338182213481,1.0028684864742743,0.20546969573920681,0,3.2804857142857133,0.5,0.05,1100995.7,,0.7916179872455451,,58.299919807537954,,0.37999999999999545,0.6100000000000136,1.1800000000000068,,0,0.4693251281307755,,,,0,,,-0.2910266774454384,-0.25339659262454406,,,0.47153817527607544,,0,25,20,20,186.5,,,,185.01,,,,,,184.6933333333333,185.9366666666666,186.86333333333332,188.10666666666663,183.7666666666666,182.52333333333328,181.59666666666658,0,0,0,0,0,0,0,0,0,0,0,0,0,0,0,0,0,0,0,0,0,0,,,,,,,,,,,,,,,,,,USD,1.0,stock,25.0
2025-09-15,186.31,186.925,184.26,185.56,939532,,,,184.27677762040284,182.93685506832958,182.2630208664603,181.86855812907805,62.681912681912664,1.1689002443252718,1.0360748380444738,0.1328254062807981,0,3.2654928571428576,0.5,0.05,1084077.0,,0.8666653752454854,,62.71050521250997,61.21357925688313,0.75,0.6150000000000091,1.3000000000000114,,0,0.6915404071982987,,,,0,,,0.29728122804173474,-1.0504985868927674,,,0.696355990248815,,0,25,20,20,186.5,,,,185.56,,,,,,185.58166666666668,186.90333333333336,188.2466666666667,189.56833333333338,184.23833333333334,182.91666666666666,181.57333333333332,0,0,0,0,0,0,0,0,0,0,0,0,0,0,0,0,0,0,0,0,0,0,,,,,,,,,,,,,,,,,,USD,1.0,stock,25.0
2025-09-16,192.475,195.35,188.71,193.45,2815464,,,,185.15041784703115,183.34913526172843,182.4845452057383,181.98379635664944,70.58582548136006,1.7540824839362017,1.1796763672228194,0.5744061167133823,1,3.690492857142857,0.5,0.05,1244624.5,,2.262099131103397,,89.21067575241337,70.07370025748709,0.9749999999999943,1.9000000000000057,3.7649999999999864,,0,4.290298347360475,,,,0,,,4.251993964216427,3.068890191272833,,,4.482615945174827,,0,25,20,20,189.17000000000002,,,,193.45,,,,,,192.50333333333333,196.29666666666665,199.14333333333332,202.93666666666664,189.65666666666667,185.86333333333334,183.01666666666668,0,0,0,0,0,0,0,0,0,0,0,0,0,0,0,0,0,0,0,0,0,0,,,,,,,,,,,,,,,,,,USD,1.0,stock,27.0
2025-09-17,193.09,194.9099,189.9542,191.09,1189362,,,,185.7160923377901,183.65269858479792,182.65495025116923,182.07440534812557,68.83739512584901,2.0043069453529085,1.3446024828488372,0.6597044625040713,1,3.866971428571428,0.5,0.05,1252345.7,,0.9497074170494617,,75.80919931856903,75.91012676116412,2.0,1.8198999999999899,1.1358000000000175,,0,2.812239082217759,,,,0,,,-1.219953476350466,2.957974137931041,,,2.8936144383414946,,0,25,20,20,189.17000000000002,,,,191.09,,,,,,191.9847,194.01520000000002,196.9404,198.97090000000003,189.0595,187.029,184.1038,0,0,0,0,0,0,0,0,0,0,0,0,0,0,0,0,0,0,0,0,0,0,,,,,,,,,,,,,,,,,,USD,1.0,stock,25.0
2025-09-18,189.12,190.5015,187.58,189.08,1869312,,,,186.0364644960958,183.8655339344137,182.78217895906687,182.14411275759696,67.91486007094997,2.01716876617391,1.479115739513852,0.538053026660058,0,3.837685714285714,0.5,0.05,1365906.6,,1.3685503825810637,,59.21951219512207,74.74646242203482,0.03999999999999204,1.3814999999999884,1.5,,0,1.6096549100403128,,,,0,,,-1.0518603799256843,1.9024521692266205,,,1.6359886821909024,,0,25,20,20,189.17000000000002,,,,189.08,,,,,,189.05383333333336,190.5276666666667,191.97533333333334,193.44916666666668,187.60616666666672,186.13233333333338,184.68466666666674,0,0,0,0,0,0,0,0,0,0,0,0,0,0,0,0,0,0,0,0,0,0,,,,,,,,,,,,,,,,,,USD,1.0,stock,25.0
2025-09-19,189.22,190.69,187.86,190.18,3209101,185.645,,,186.43108692503907,184.11316005463277,182.92867046482792,182.2240718346358,64.15675913694412,2.0920073008208817,1.6016940517752578,0.4903132490456239,0,3.736614285714284,0.5,0.05,1553809.9,1334662.75,2.0653112069887056,2.404428384623756,58.8375796178345,64.62209704384186,0.960000000000008,0.5099999999999909,1.3599999999999852,,0,1.9712446497849083,2.384583026606371,,,0,,,0.5817643325576549,2.79444354359224,,195.35,2.0108840949193825,195.35,0,25,20,20,189.17000000000002,,,,190.18,,,,,,189.57666666666668,191.29333333333335,192.40666666666667,194.12333333333333,188.46333333333337,186.7466666666667,185.63333333333338,0,0,0,0,0,0,0,0,0,0,0,0,0,0,0,0,0,0,0,0,0,0,,,,,,,,,,,,,,,,,,USD,1.0,stock,25.0
2025-09-22,190.12,193.4599,188.3155,192.34,1718443,186.19050000000001,,,186.99384055122584,184.4357812289609,183.11503342592042,182.32472783628123,64.36077057793347,2.299108633654612,1.7411769681511287,0.5579316655034832,1,3.9315714285714285,0.5,0.05,1579027.9,1365069.35,1.0882917268276262,1.2588686428275604,76.03503184713384,64.69737455336347,2.219999999999999,1.1199000000000012,1.8045000000000186,,0,2.7795359513227407,3.197202869917848,,,0,,,1.1357661163108546,3.653804699288643,6.013338477649777,195.35,2.859002966629594,195.35,0,25,20,20,189.17000000000002,,,,192.34,,,,,,191.3718,194.42810000000003,196.51620000000003,199.57250000000005,189.2837,186.2274,184.1393,0,0,0,0,0,0,0,0,0,0,0,0,0,0,0,0,0,0,0,0,0,0,,,,,,,,,,,,,,,,,,USD,1.0,stock,25.0
2025-09-23,191.93,192.915,189.82,190.74,1308833,186.6935,,,187.3506176415853,184.68300549449185,183.2660228630309,182.40846188766153,62.955032119914385,2.307531516830295,1.8544478778869622,0.4530836389433328,0,3.8909428571428566,0.5,0.05,1617405.1,1374427.35,0.8092178020212747,0.9522751420800815,62.70226537216836,65.85829227904557,1.1899999999999977,0.9849999999999852,0.9200000000000159,,0,1.7769646421383594,2.121474258152463,,,0,,,-0.831860247478422,-1.4008787800465106,5.56785477086561,195.35,1.8091119213168705,195.35,0,25,20,20,189.39999999999998,,,,190.74,,,,,,191.15833333333333,192.49666666666667,194.25333333333333,195.59166666666667,189.40166666666667,188.06333333333333,186.30666666666667,0,0,0,0,0,0,0,0,0,0,0,0,0,0,0,0,0,0,0,0,0,0,,,,,,,,,,,,,,,,,,USD,1.0,stock,25.0
2025-09-24,190.8,192.08,190.1,190.89,1136438,187.06799999999998,,,187.68770167572004,184.9264170437275,183.41699270732732,182.49285530171466,62.21057230231541,2.29979979832882,1.9435182619753337,0.35628153635348636,0,3.875228571428573,0.5,0.05,1597403.8,1364958.95,0.7114281310711793,0.8325803497607016,63.915857605177884,67.55105160816002,0.08999999999997499,1.1900000000000261,0.700000000000017,,0,1.6775621165487722,2.002200220022004,,,0,,,0.07864108210127174,-0.10466272437071877,4.08396946564884,195.35,1.706184420017442,195.35,0,25,20,20,189.39999999999998,,,,190.89,,,,,,191.0233333333333,191.94666666666663,193.00333333333333,193.92666666666665,189.9666666666666,189.0433333333333,187.9866666666666,0,0,0,0,0,0,0,0,0,0,0,0,0,0,0,0,0,0,0,0,0,0,,,,,,,,,,,,,,,,,,USD,1.0,stock,25.0
2025-09-25,192.34,192.34,185.11,185.26,1356709,187.248,,,187.45649199231812,184.9394987282872,183.45348790124163,182.52038907980705,49.61185603387438,1.8184168302911985,1.9184979756385068,-0.10008114534730828,0,4.028085714285715,0.5,0.05,1641476.2,1388669.25,0.8265176187141794,0.9769849804048012,18.365695792880135,48.32793959007546,7.0800000000000125,0.0,0.14999999999997726,,0,-1.1856266826719908,-1.0730864730648815,,,0,,,-2.949342553302947,-2.0203088639729305,1.981724099966975,195.35,-1.1717342882998905,195.35,0,25,20,20,189.805,,,,185.26,,,,,,187.57000000000002,190.03000000000003,194.8,197.26000000000002,182.80000000000004,180.34000000000003,175.57000000000005,0,0,0,0,0,0,0,0,0,0,0,0,0,0,0,0,0,0,0,0,0,0,,,,,,,,,,,,,,,,,,USD,1.0,stock,25.0
2025-09-26,185.12,188.42,185.0,188.11,1043252,187.65400000000002,,,187.51873085019258,185.06383211149162,183.54569606161309,182.57600709891346,50.99519560741251,1.6478926606857272,1.8643769126479508,-0.21648425196222365,0,3.9607142857142867,0.5,0.05,1658644.6,1379820.15,0.6289786250773673,0.7560782468642744,41.42394822006481,41.23516720604094,2.990000000000009,0.30999999999997385,0.12000000000000455,,0,0.31432095572134966,0.24241135505820469,,,0,,,1.5383784950879997,-1.0884425281312393,4.511361742319031,195.35,0.3153120475627535,195.35,0,25,20,20,190.175,,,,188.11,,,,,,187.17666666666665,189.3533333333333,190.59666666666664,192.77333333333328,185.9333333333333,183.75666666666666,182.51333333333332,0,0,0,0,0,0,0,0,0,0,0,0,0,0,0,0,0,0,0,0,0,0,,,,,,,,,,,,,,,,,,USD,1.0,stock,25.0
2025-09-29,187.67,188.595,183.27,184.11,1334746,187.672,,,187.19408981684091,185.02642693064882,183.55687039702667,182.59127070986958,44.57246816252276,1.1764233806736115,1.726786206253083,-0.5503628255794715,0,4.223221428571429,0.5,0.05,1698166.0,1391121.5,0.7859926532506245,0.9594747834750595,9.061488673139205,22.950377562028052,3.559999999999974,0.9250000000000114,0.8400000000000034,,0,-1.6751343310199884,-1.9347129433490755,,,0,,,-2.1264153952474607,-4.278881147967139,0.19591836734693668,195.35,-1.6475358916825382,195.35,0,25,20,20,189.08995,186.54500000000002,187.817475,,184.11,,,,,,185.32500000000002,187.38000000000002,190.65,192.705,182.05500000000004,180.00000000000003,176.73000000000005,0,0,0,0,0,0,0,0,0,0,0,0,0,0,0,0,0,0,0,0,0,0,,,,,,,,,,,,,,,,,,USD,1.0,stock,25.0
2025-09-30,184.76,187.66,183.1917,187.05,1074887,187.7355,,,187.18036697714177,185.10578273729007,183.62604128025387,182.635636175443,52.143068282589454,1.0281619974085743,1.5870613644841813,-0.5588993670756071,0,4.20667142857143,0.5,0.05,1524108.3,1384366.4,0.7052563128223893,0.7764469001848067,31.73387726902622,27.406438054076744,2.2900000000000205,0.6099999999999852,1.5682999999999936,,0,-0.06969632565718348,-0.3664795509222082,,,0,,,1.5968714355548252,-1.9345706196917223,0.6836042631068961,195.35,-0.06964778371103524,195.35,0,25,20,20,188.32580000000002,186.54500000000002,187.43540000000002,,187.05,,,,,,185.96723333333333,188.74276666666665,190.43553333333332,193.21106666666665,184.27446666666665,181.49893333333333,179.80616666666666,0,0,0,0,0,0,0,0,0,0,0,0,0,0,0,0,0,0,0,0,0,0,,,,,,,,,,,,,,,,,,USD,1.0,stock,25.0
2025-10-01,187.09,189.39,184.45,188.83,1273949,187.9425,,,187.33747488408065,185.25183047308263,183.72908996777358,182.69727163638387,54.611923509561315,1.0422801501507024,1.4781051216174856,-0.43582497146678323,1,4.394528571428572,0.5,0.05,1532567.0,1392456.35,0.8312517495156818,0.9148933106592533,46.37408190289774,29.056482615021054,1.740000000000009,0.5599999999999739,2.640000000000015,,0,0.7904067764229007,0.46999947042314094,,,0,,,0.9516172146484925,-1.0791555346010617,2.241594022415949,195.35,0.7967039786582465,195.35,0,25,20,20,188.32580000000002,186.54500000000002,187.43540000000002,,188.83,,,,,,187.55666666666664,190.6633333333333,192.49666666666664,195.6033333333333,185.7233333333333,182.61666666666665,180.7833333333333,0,0,0,0,0,0,0,0,0,0,0,0,0,0,0,0,0,0,0,0,0,0,,,,,,,,,,,,,,,,,,USD,1.0,stock,25.0
2025-10-02,186.99,189.88,186.79,189.02,1056716,188.1285,,,187.49771537131107,185.39960182707938,183.83386046346124,182.76018435641984,55.694404998579984,1.0566202396193205,1.3938081452178526,-0.33718790559853207,1,4.460242857142857,0.5,0.05,1451307.4,1408607.0,0.7281131481862492,0.750185111958126,47.93680037505255,42.01491984899217,2.030000000000001,0.8599999999999852,0.20000000000001705,,0,0.8053563795836083,0.47164321235848466,,,0,,,0.10061960493565891,2.0295800496599403,2.007555315704268,195.35,0.811895027987024,195.35,0,25,20,20,188.32580000000002,186.54500000000002,187.43540000000002,,189.02,,,,,,188.5633333333333,190.33666666666662,191.6533333333333,193.42666666666662,187.2466666666666,185.4733333333333,184.1566666666666,0,0,0,0,0,0,0,0,0,0,0,0,0,0,0,0,0,0,0,0,0,0,,,,,,,,,,,,,,,,,,USD,1.0,stock,25.0
2025-10-03,189.0,195.34,188.76,195.13,1678789,188.61100000000002,,,188.2245996216624,185.7811860691547,184.05754639487785,182.88326709914205,61.7365710080942,1.5432215035662864,1.4236908168875395,0.11953068667874689,1,4.739885714285713,0.5,0.05,1298276.2,1426043.05,1.2930907922366597,1.1772358485250498,98.190536505926,64.16713959462544,6.1299999999999955,0.21000000000000796,0.2400000000000091,,0,3.538871715439752,3.340849689950278,,,0,,,3.232462173314987,3.7318590186592893,5.202717274099644,195.35,3.668702386519971,195.35,0,25,20,20,189.26585,186.54500000000002,187.905425,,195.13,,,,,,193.07666666666668,197.39333333333337,199.6566666666667,203.9733333333334,190.81333333333336,186.49666666666667,184.23333333333335,0,0,0,0,0,0,0,0,0,0,0,0,0,0,0,0,0,0,0,0,0,0,,,,,,,,,,,,,,,,,,USD,1.0,stock,25.0
2025-10-06,195.4,196.045,192.91,195.18,1392912,188.99349999999998,,,188.8870187053136,186.14976700761923,184.27779300091987,183.00562265039437,52.626784087458276,1.9108638442248491,1.5211254223550015,0.38973842186984764,1,4.264528571428571,0.5,0.05,1265723.1,1422375.5,1.1004871444631135,0.9792857090128451,93.27021076299485,79.79918254799112,0.21999999999999886,0.6449999999999818,2.2700000000000102,,0,3.2241937158963,3.169638282610935,,,0,,,0.025623943012353934,6.012709793058502,4.079347304431291,196.045,3.3316113186709795,196.045,0,25,20,20,189.61835,188.01,188.81417499999998,,195.18,,,,,,194.71166666666667,196.51333333333335,197.84666666666666,199.64833333333334,193.37833333333336,191.57666666666668,190.24333333333337,0,0,0,0,0,0,0,0,0,0,0,0,0,0,0,0,0,0,0,0,0,0,,,,,,,,,,,,,,,,,,USD,1.0,stock,25.0
2025-10-07,195.99,197.12,193.32,194.39,1417735,189.32850000000002,,,189.4111121619504,186.4729133994773,184.47803472367394,183.11890003695763,55.26147959183672,2.1141065459462425,1.6397216470732499,0.4743848988729926,1,4.181978571428571,0.5,0.05,1276613.3,1447009.2,1.1105438115050188,0.9797691680191114,80.39961804383869,90.62012177091985,1.6000000000000227,1.1299999999999955,1.0699999999999932,,0,2.5612880487934504,2.6037862029939642,,,0,,,-0.40475458551082477,3.9240844693932075,3.5697160210986123,197.12,2.6286144361966133,197.12,0,25,20,20,190.15585,189.95499999999998,190.05542499999999,,194.39,,,,,,194.9433333333333,196.5666666666666,198.7433333333333,200.36666666666662,192.7666666666666,191.1433333333333,188.96666666666658,0,0,0,0,0,0,0,0,0,0,0,0,0,0,0,0,0,0,0,0,0,0,,,,,,,,,,,,,,,,,,USD,1.0,stock,25.0
2025-10-08,194.49,196.585,193.76,195.56,1013482,189.8265,,,189.9967205274789,186.8292697367527,184.6974795806309,183.24269207639088,60.615989515072066,2.3425832319564677,1.7802939640498936,0.5622892679065741,1,4.133050000000002,0.5,0.05,1264317.7,1430860.75,0.8016039006651572,0.7083023278121229,88.79978173933644,87.48987018205666,1.0699999999999932,1.0250000000000057,0.7300000000000182,,0,2.8447941667626755,2.9318367764368953,,,0,,,0.6018828129018994,3.5640523221945664,5.3663793103448265,197.12,2.928092367634567,197.12,0,25,20,20,190.15585,189.95499999999998,190.05542499999999,,195.56,,,,,,195.30166666666665,196.8433333333333,198.12666666666667,199.66833333333332,194.0183333333333,192.47666666666663,191.19333333333327,0,0,0,0,0,0,0,0,0,0,0,0,0,0,0,0,0,0,0,0,0,0,,,,,,,,,,,,,,,,,,USD,1.0,stock,25.0
2025-10-09,195.92,195.92,191.1,192.58,1165362,190.178,,,190.2427471439095,187.05478857060555,184.85356909388574,183.33560061294423,53.70370370370371,2.2571722796060385,1.8756696271611228,0.38150265244491566,0,4.2751928571428595,0.5,0.05,1245183.0,1443329.6,0.9358961694787031,0.807412250119446,67.4044930106331,78.86796426460275,3.339999999999975,0.0,1.4800000000000182,,0,1.2136529525862056,1.2472738602139448,,,0,,,-1.5238290038862679,1.8833985821606225,3.7887361897062766,197.12,1.2285634491613473,197.12,0,25,20,20,190.15585,190.055,190.105425,,192.58,,,,,,193.20000000000002,195.30000000000004,198.02,200.12000000000003,190.48000000000005,188.38000000000002,185.66000000000005,0,0,0,0,0,0,0,0,0,0,0,0,0,0,0,0,0,0,0,0,0,0,,,,,,,,,,,,,,,,,,USD,1.0,stock,25.0
2025-10-10,193.71,195.72,191.57,192.13,1199230,190.53400000000002,,,190.42248551115622,187.2538164697975,184.9976568346009,183.423107074507,49.65786901270771,2.1286346698772434,1.9262626357043469,0.2023720341728965,0,4.2041642857142865,0.5,0.05,1260780.8,1459712.7,0.951180411376823,0.821552076651796,64.17366082005697,73.45931185667551,1.5800000000000125,2.009999999999991,0.5600000000000023,,0,0.8887287195356116,0.8306875553010854,,,0,,,-0.23366912451968647,-1.5374365807410473,3.8484406248310954,197.12,0.8966979315810543,197.12,0,25,20,20,190.15585,190.055,190.105425,,192.13,,,,,,193.14,194.70999999999998,197.29,198.85999999999999,190.55999999999997,188.98999999999998,186.40999999999997,0,0,0,0,0,0,0,0,0,0,0,0,0,0,0,0,0,0,0,0,0,0,,,,,,,,,,,,,,,,,,USD,1.0,stock,25.0
2025-10-13,188.7,189.67,186.62,189.2,1577404,190.716,,,190.30605831961753,187.33013739255054,185.0808715507474,183.4805885961537,47.595252966895664,1.7699384267008043,1.8949977939036384,-0.12505936720283417,0,4.376664285714286,0.5,0.05,1285046.6,1491606.3,1.2275072359243624,1.0575203389795282,43.13735344586194,58.23850242551734,0.5,0.46999999999999886,2.079999999999984,,0,-0.5845974205166733,-0.8012684989429278,,,0,,,-1.5250091084161754,-3.06383850804387,1.9616296615649897,197.12,-0.5811997418179559,197.12,0,25,20,20,190.785,190.055,190.42000000000002,,189.2,,,,,,188.49666666666667,190.37333333333333,191.54666666666665,193.42333333333332,187.32333333333335,185.4466666666667,184.27333333333337,0,0,0,0,0,0,0,0,0,0,0,0,0,0,0,0,0,0,0,0,0,0,,,,,,,,,,,,,,,,,,USD,1.0,stock,25.0
2025-10-14,188.6,191.45,184.5301,189.43,1604115,190.515,,,190.22262419393968,187.41248494578386,185.16699290617814,183.53978671957506,47.72585669781935,1.487085946414993,1.8134154244059095,-0.3263294779909165,0,4.729514285714283,0.5,0.05,1337969.4,1431038.85,1.1989175537198384,1.1209444104190462,44.78866767660092,50.69989398083994,0.8300000000000125,2.019999999999982,4.06989999999999,,0,-0.4184259061076246,-0.5727709444121731,,,0,,,0.12156448202960135,-2.551571582900347,-2.078056345308854,197.12,-0.4166823990040011,197.12,0,25,20,20,190.82505,190.055,190.440025,,189.43,,,,,,188.47003333333336,192.40996666666672,195.38993333333335,199.3298666666667,185.49006666666673,181.55013333333338,178.57016666666675,0,0,0,0,0,0,0,0,0,0,0,0,0,0,0,0,0,0,0,0,0,0,,,,,,,,,,,,,,,,,,USD,1.0,stock,25.0
2025-10-15,189.64,191.63,188.785,191.6,1551276,190.5405,,,190.3538028421359,187.57670122241979,185.29437918526372,183.6199878467435,61.06843575418993,1.4216364425282109,1.73505962803037,-0.3134231855021592,1,4.416299999999999,0.5,0.05,1365702.1,1449134.55,1.1358816831284069,1.070484448804288,60.36845846226742,49.4314931949101,1.960000000000008,0.030000000000001137,0.8549999999999898,,0,0.6504160531649731,0.5529749478079258,,,0,,,1.145541888824364,-2.0249539783186776,0.2668899471453212,197.12,0.6546741589909733,197.12,0,25,20,20,190.82505,190.055,190.440025,,191.6,,,,,,190.67166666666665,192.5583333333333,193.51666666666665,195.4033333333333,189.7133333333333,187.82666666666665,186.8683333333333,0,0,0,0,0,0,0,0,0,0,0,0,0,0,0,0,0,0,0,0,0,0,,,,,,,,,,,,,,,,,,USD,1.0,stock,25.0
2025-10-16,192.02,194.21,186.47,186.8,1508294,190.4265,,,190.01534542859918,187.54624235095233,185.32419345882283,183.6516297587162,47.858777378228176,0.9712513731863908,1.5822979770615744,-0.6110466038751836,0,4.724871428571428,0.5,0.05,1410859.9,1431083.65,1.069060081727463,1.0539523667956099,25.90624842945666,43.687791522775,5.219999999999999,2.1899999999999977,0.3300000000000125,,0,-1.7212769960380965,-1.9413811563169125,,,0,,,-2.5052192066805756,-3.001350088275001,-1.2058387983922114,197.12,-1.6921504004566692,197.12,0,25,20,20,190.82505,190.15585,190.49045,,186.8,,,,,,189.16,191.85,196.9,199.59,184.10999999999999,181.42,176.36999999999998,0,0,0,0,0,0,0,0,0,0,0,0,0,0,0,0,0,0,0,0,0,0,,,,,,,,,,,,,,,,,,USD,1.0,stock,25.0
2025-10-17,188.17,188.443,184.89,187.74,3175428,190.30450000000002,,,189.79864586397068,187.55384069013067,185.37203121211346,183.69231005962453,56.59280784598618,0.6823029413865527,1.40229896992657,-0.7199960285400173,0,4.598300000000003,0.5,0.05,1560523.8,1429400.0,2.034847530040875,2.221511123548342,32.655097894215444,39.64326826197984,0.4299999999999784,0.27300000000002456,2.8500000000000227,,0,-1.0965408884471437,-1.365984872696287,,,0,,,0.5032119914346822,-2.2849112580023867,-1.282995057314118,197.12,-1.0846472874448778,197.12,0,25,20,20,190.82505,190.15585,190.49045,,187.74,,,,,,187.02433333333332,189.15866666666665,190.57733333333334,192.71166666666667,185.60566666666662,183.4713333333333,182.0526666666666,0,0,0,0,0,0,0,0,0,0,0,0,0,0,0,0,0,0,0,0,0,0,,,,,,,,,,,,,,,,,,USD,1.0,stock,25.0
2025-10-20,187.52,189.0319,184.065,186.21,1433335,189.998,,,189.45687006740204,187.5011410552236,185.38862465345773,183.71736170082232,48.39203675344564,0.3260920282512245,1.187057581591501,-0.8609655533402765,0,4.633914285714289,0.5,0.05,1564566.1,1415144.6,0.9161230068835059,1.012854092790235,16.430486403676824,24.997277575782977,1.3100000000000023,1.5118999999999971,2.1450000000000102,,0,-1.743660419634836,-2.0342623919230878,,,0,,,-0.8149568552253128,-1.5803382663847731,-3.18706457315171,197.12,-1.713777951808719,197.12,0,25,20,20,190.325,190.15585,190.240425,,186.21,,,,,,186.43563333333336,188.80626666666672,191.40253333333337,193.77316666666673,183.8393666666667,181.46873333333335,178.8724666666667,0,0,0,0,0,0,0,0,0,0,0,0,0,0,0,0,0,0,0,0,0,0,,,,,,,,,,,,,,,,,,USD,1.0,stock,25.0
2025-10-21,187.3,187.52,185.31,186.13,905986,189.76749999999998,,,189.14002529907802,187.44737081776387,185.40330535338927,183.7413680520579,44.471744471744444,0.03691148914802511,0.9570283631028058,-0.9201168739547807,0,4.43891428571429,0.5,0.05,1513391.2,1395002.25,0.5986462720280123,0.6494512822470359,15.817694369973164,21.634426222621812,1.170000000000016,0.21999999999999886,0.8199999999999932,,0,-1.617162896404676,-1.9542792671788476,,,0,,,-0.042962246925526415,-1.742068310193745,-2.4169025899129726,197.12,-1.5914269305602635,197.12,0,25,20,20,189.9925,190.15585,190.074175,,186.13,,,,,,186.32000000000002,187.33000000000004,188.53000000000003,189.54000000000005,185.12000000000003,184.11,182.91000000000003,0,0,0,0,0,0,0,0,0,0,0,0,0,0,0,0,0,0,0,0,0,0,,,,,,,,,,,,,,,,,,USD,1.0,stock,25.0
2025-10-22,185.74,186.125,181.81,184.2,1254747,189.43300000000002,,,188.66954669916583,187.32002294255744,185.37947752460929,183.7459315540275,40.78746177370028,-0.3440352180028867,0.6968156468816674,-1.040850864884554,0,4.526771428571432,0.5,0.05,1537517.7,1400917.7,0.8160862148123563,0.8956607515202356,15.610711952971823,15.95296424220727,1.5400000000000205,0.3849999999999909,2.3899999999999864,,0,-2.426464006061806,-2.8409337676438833,,,0,,,-1.0369096867780647,-3.8622129436325703,-3.5046361779035085,197.12,-2.3689815221173727,197.12,0,25,20,20,188.765,189.465,189.115,,184.2,,,,,,184.045,186.27999999999997,188.35999999999999,190.59499999999997,181.96499999999997,179.73,177.64999999999998,0,0,0,0,0,0,0,0,0,0,0,0,0,0,0,0,0,0,0,0,0,0,,,,,,,,,,,,,,,,,,USD,1.0,stock,25.0
2025-10-23,184.25,184.76,180.9,181.58,1139340,189.249,,,187.99435177543575,187.09492400363362,185.30424034590416,183.72437999627599,20.114689016321222,-0.8475799575883514,0.3879365259876637,-1.235516483576015,0,4.332485714285716,0.5,0.05,1534915.5,1390049.25,0.7422819041178488,0.8196400235459284,4.1923551171393765,11.873587146694788,2.6699999999999875,0.5099999999999909,0.6800000000000068,,0,-3.532521079103278,-4.223482762418759,,,0,,,-1.4223669923995486,-2.7944325481798704,-1.9863974954118402,197.12,-3.411991751272318,197.12,0,25,20,20,187.555,189.01,188.2825,,181.58,,,,,,182.41333333333333,183.92666666666665,186.2733333333333,187.78666666666663,180.06666666666666,178.55333333333334,176.20666666666668,0,0,0,0,0,0,0,0,0,0,0,0,0,0,0,0,0,0,0,0,0,0,,,,,,,,,,,,,,,,,,USD,1.0,stock,27.0
2025-10-24,182.9,182.9,179.31,179.38,1217569,188.8125,,,187.17393732063235,186.79237796427543,185.18692865588625,183.6811523346215,18.17082997582598,-1.4079346115930491,0.028762298471521175,-1.4366969100645703,0,4.364985714285717,0.5,0.05,1536749.4,1398765.1,0.7923015945215272,0.8704599507093792,0.39303761931495323,6.732034896475384,3.5200000000000102,0.0,0.06999999999999318,,0,-4.344931051751785,-5.2583900100345655,,,0,,,-1.211587179204765,-4.45296686907426,-4.64090160012759,197.12,-4.164007784524614,197.12,0,25,20,20,186.76,188.215,187.4875,,179.38,,,,,,180.53,181.75,184.12,185.34,178.16,176.94,174.57,0,0,0,0,0,0,0,0,0,0,0,0,0,0,0,0,0,0,0,0,0,0,,,,,,,,,,,,,,,,,,USD,1.0,stock,28.75
2025-10-27,179.95,181.499,178.94,181.45,1335152,188.67950000000002,,,186.62880043295308,186.58287294606856,185.11293006864096,183.65895181387899,25.210727969348696,-1.665785869156906,-0.31014733505416425,-1.355638534102742,1,4.2763428571428586,0.5,0.05,1512524.2,1398785.4,0.8827310002709379,0.954508103959335,14.224992915840122,6.270128550764817,1.5,0.049000000000006594,1.009999999999991,,0,-2.854119830781536,-3.9842931937172943,,,0,,,1.1539748020961138,-2.5562536920681,-1.4447884416924794,197.12,-2.774920280759986,197.12,0,25,20,20,186.575,188.03,187.3025,,181.45,,,,,,180.62966666666662,182.31933333333325,183.18866666666662,184.87833333333325,179.76033333333325,178.07066666666663,177.20133333333325,0,0,0,0,0,0,0,0,0,0,0,0,0,0,0,0,0,0,0,0,0,0,,,,,,,,,,,,,,,,,,USD,1.0,stock,27.0
2025-10-28,179.66,182.355,179.41,180.25,1761018,188.3395,,,186.0212956298147,186.33452498739922,185.0166344237174,183.62503189533294,20.7041714504401,-1.9445492661752155,-0.6370277212783746,-1.307521544896841,1,4.284914285714286,0.5,0.05,1528214.5,1433091.95,1.1523369265243852,1.228824151862691,7.714958775029465,7.444329770061514,0.5900000000000034,2.1049999999999898,0.25,,0,-3.201828366055305,-4.487933425797496,,,0,,,-0.6613392119040995,-3.1590823617901442,-3.6353916065223313,197.12,-3.1024919003357856,197.12,0,25,20,20,186.575,188.03,187.3025,,180.25,,,,,,180.67166666666665,181.9333333333333,183.61666666666665,184.8783333333333,178.98833333333332,177.72666666666666,176.04333333333332,0,0,0,0,0,0,0,0,0,0,0,0,0,0,0,0,0,0,0,0,0,0,,,,,,,,,,,,,,,,,,USD,1.0,stock,27.0
2025-10-29,178.73,179.17,173.5,175.28,3128835,187.662,,,184.99831509364185,185.90101420357965,184.82382978166356,183.5419967520958,19.238975817923162,-2.5372607679283306,-1.0170743306083658,-1.5201864373199647,0,4.422771428571429,0.5,0.05,1685970.4,1525836.25,1.8558066025358453,2.050570629712068,8.010801080108017,9.983584256992534,3.4499999999999886,0.4399999999999977,1.7800000000000011,,0,-5.544451787792017,-7.064125969876771,,,0,,,-2.757281553398061,-4.842562432138974,-7.17576656251655,197.12,-5.253191137834236,197.12,0,25,20,20,181.26595,185.31,183.28797500000002,,175.28,,,,,,175.98333333333332,178.46666666666664,181.6533333333333,184.13666666666663,172.79666666666665,170.31333333333333,167.12666666666667,0,0,0,0,0,0,0,0,0,0,0,0,0,0,0,0,0,0,0,0,0,0,,,,,,,,,,,,,,,,,,USD,1.0,stock,28.75
2025-10-30,172.13,172.93,163.09,171.16,4296791,186.769,,,183.6803803228188,185.32293521520398,184.55325889489794,183.41879280431377,17.017930166719097,-3.301382192174458,-1.4739359029215842,-1.8274462892528738,0,4.997057142857143,0.5,0.05,1964820.1,1687840.0,2.1868622984872763,2.5457336003412645,25.93187660668378,13.885878820607088,0.9699999999999989,0.8000000000000114,8.069999999999993,,0,-7.31501537907151,-9.119537275064273,,,0,,,-2.350524874486537,-5.738517457869818,-9.448735583536138,197.12,-6.816395034033679,197.12,0,25,20,20,176.06095,180.10500000000002,178.082975,,171.16,,,,,,169.05999999999997,175.02999999999994,178.89999999999998,184.86999999999995,165.18999999999994,159.21999999999997,155.34999999999994,0,0,0,0,0,0,0,0,0,0,0,0,0,0,0,0,0,0,0,0,0,0,,,,,,,,,,,,,,,,,,USD,1.0,stock,28.75
2025-10-31,171.49,171.71,166.41,169.63,2501092,185.494,186.2852,,182.34224886350273,184.70752599107834,184.25774881777124,183.2815908858629,17.8019085225403,-3.984481516672986,-1.9760450256718647,-2.008436491001121,0,4.982057142857144,0.5,0.05,1897386.5,1728955.15,1.318177398226455,1.446591601870066,21.015424164524394,18.319367283772063,1.8600000000000136,0.21999999999999886,3.219999999999999,,0,-7.494104146379023,-9.352119318516774,-9.818546247715622,,0,,,-0.8939004440289833,-5.435388560597609,-13.068210936298874,197.12,-6.971642031802975,197.12,0,25,20,20,175.305,180.10500000000002,177.705,,169.63,,,,,,169.25,172.09,174.55,177.39000000000001,166.79,163.95,161.48999999999998,0,0,0,0,0,0,0,0,0,0,0,0,0,0,0,0,0,0,0,0,0,0,,,,,,,,,,,,,,,,,,USD,1.0,stock,28.75
2025-11-03,168.22,168.66,161.43,162.31,2657399,183.8505,185.90279999999998,,180.43441563840724,183.82919163848706,183.8231399302906,183.0729183397349,13.820704375666978,-5.058197722286678,-2.5924755649948272,-2.465722157291851,0,5.073492857142859,0.5,0.05,2019792.9,1792179.5,1.3156789490645304,1.4827750233723798,2.6845637583892477,16.543954843199142,5.909999999999997,0.4399999999999977,0.8799999999999955,,0,-11.166542812154052,-13.271209414084165,-14.535641673341127,,0,,,-4.315274420798199,-10.548360429870485,-16.84086484270929,197.12,-10.044877289224463,197.12,0,25,20,20,173.7775,179.275,176.52625,,162.31,,,,,,164.13333333333335,166.8366666666667,171.36333333333334,174.0666666666667,159.6066666666667,156.90333333333336,152.37666666666672,0,0,0,0,0,0,0,0,0,0,0,0,0,0,0,0,0,0,0,0,0,0,,,,,,,,,,,,,,,,,,USD,1.0,stock,30.25
2025-11-04,162.42,166.88,161.67,165.95,2084479,182.42849999999999,185.6082,,179.05494748236845,183.1280468683503,183.46921636731457,182.90254104282215,17.073170731707265,-5.551414718453685,-3.1842633956865987,-2.3671513227670866,1,5.242421428571431,0.5,0.05,2137642.2,1825516.7,0.9751299819960515,1.1418569876682039,13.788895668090243,12.496294530334628,3.530000000000001,0.9300000000000068,0.75,,0,-7.896925268073793,-9.929798131967459,-11.845857185899382,,0,,,2.242622142813122,-7.933425797503468,-14.63038222130768,196.585,-7.318953017848839,196.585,0,25,20,20,173.095,179.275,176.185,179.275,165.95,,,,,,164.83333333333331,167.99666666666664,170.04333333333332,173.20666666666665,162.78666666666663,159.6233333333333,157.57666666666663,0,0,0,0,0,0,0,0,0,0,0,0,0,0,0,0,0,0,0,0,0,0,,,,,,,,,,,,,,,,,,USD,1.0,stock,28.75
2025-11-05,166.14,170.22,165.306,169.88,2199176,181.1445,185.3378,,178.18114296023813,182.60851561861108,183.2001229739024,182.772963520008,27.783613445378123,-5.561070032049429,-3.659624722959165,-1.9014453090902639,1,5.040564285714287,0.5,0.05,2232085.1,1884801.4,0.9852563417048928,1.1667945492824867,30.61383455486756,15.695764660449015,3.740000000000009,0.3400000000000034,0.8339999999999748,,0,-4.886474546879055,-6.630857075582764,-9.099246526960203,,0,,,2.3681831877071513,-3.0807850296668216,-13.13151973818777,195.92,-4.65882237723134,195.92,0,25,20,20,172.16500000000002,179.275,175.72000000000003,179.275,169.88,,,,,,168.46866666666668,171.63133333333334,173.38266666666667,176.54533333333333,166.71733333333336,163.5546666666667,161.80333333333337,0,0,0,0,0,0,0,0,0,0,0,0,0,0,0,0,0,0,0,0,0,0,,,,,,,,,,,,,,,,,,USD,1.0,stock,27.0
2025-11-06,168.65,170.3,167.29,167.64,1612480,179.89749999999998,185.05740000000003,,177.1772245830726,182.02151500611652,182.89200172689445,182.62238676856512,24.47943118334176,-5.683950177663803,-4.064489813900092,-1.6194603637637108,1,5.001778571428572,0.5,0.05,2279399.1,1907157.3,0.7074145111314644,0.8454887281715042,22.49845119357718,22.30039380551166,1.0100000000000193,1.6500000000000057,0.3499999999999943,,0,-5.689110345426271,-7.311799093295153,-10.389763779527586,,0,,,-1.318577819637401,-2.0565552699228884,-12.950462145601838,195.72,-5.382872773583214,195.72,0,25,20,20,171.89249999999998,179.275,175.58375,179.275,167.64,,,,,,168.41,169.53,171.42000000000002,172.54000000000002,166.51999999999998,165.39999999999998,163.50999999999996,0,0,0,0,0,0,0,0,0,0,0,0,0,0,0,0,0,0,0,0,0,0,,,,,,,,,,,,,,,,,,USD,1.0,stock,27.0
2025-11-07,168.78,171.39,168.0,170.61,1260915,178.8215,184.8698,,176.55177462277996,181.57400461371978,182.64879377190644,182.502860532062,30.891719745222943,-5.478526358100538,-4.347297122740182,-1.1312292353603564,1,4.914857142857143,0.5,0.05,2283733.7,1910241.55,0.5521287355001154,0.6600814436268544,35.185894978919144,29.43272690912129,1.8300000000000125,0.7799999999999727,0.7800000000000011,,0,-3.4826649216223817,-4.81302385557703,-8.358126721763076,,0,,,1.7716535433071057,0.5777279962270843,-11.200749492531092,194.21,-3.3654573200836557,194.21,0,25,20,20,171.89249999999998,179.275,175.58375,179.275,170.61,,,,,,170.0,172.0,173.39,175.39,168.61,166.61,165.22000000000003,0,0,0,0,0,0,0,0,0,0,0,0,0,0,0,0,0,0,0,0,0,0,,,,,,,,,,,,,,,,,,USD,1.0,stock,25.0
2025-11-10,169.86,169.905,164.02,168.91,2248231,177.807,184.57299999999998,,175.8239865634676,181.0773769818092,182.37673844969046,182.3676081884594,29.712535344015095,-5.390760956925874,-4.5559898895773205,-0.8347710673485533,1,5.227714285714285,0.5,0.05,2375041.6,1943782.9,0.9466069983784705,1.156626596519601,30.289532293986603,29.32462615549431,0.950000000000017,0.044999999999987494,4.889999999999986,,0,-4.093296171610682,-5.26730211355159,-9.27298561364039,,0,,,-0.9964245941035177,4.066292896309531,-10.724101479915426,194.21,-3.9323340908163544,194.21,0,25,20,20,170.3,179.275,174.78750000000002,179.275,168.91,,,,,,167.61166666666668,171.20333333333335,173.49666666666667,177.08833333333334,165.31833333333336,161.7266666666667,159.43333333333337,0,0,0,0,0,0,0,0,0,0,0,0,0,0,0,0,0,0,0,0,0,0,,,,,,,,,,,,,,,,,,USD,1.0,stock,27.0
2025-11-11,170.01,174.34,169.84,172.72,2037545,176.97150000000002,184.3118,,175.5283687955183,180.7496367080128,182.18551590613222,182.2716120870817,37.04873646209388,-4.956634093248567,-4.63611873031157,-0.32051536293699723,1,5.307,0.5,0.05,2402694.3,1965454.4,0.848025069190034,1.036678846377713,48.392627518216884,37.95601826370754,2.710000000000008,1.6200000000000045,0.1699999999999875,,0,-1.6259661854552485,-2.461498378879123,-6.711324687355261,,0,,,2.2556390977443552,4.079542030732153,-8.821200443435572,194.21,-1.5999515148402668,194.21,0,25,20,20,167.885,179.275,173.57999999999998,179.275,172.72,,,,,,172.29999999999998,174.75999999999996,176.79999999999998,179.25999999999996,170.25999999999996,167.79999999999998,165.75999999999996,0,0,0,0,0,0,0,0,0,0,0,0,0,0,0,0,0,0,0,0,0,0,,,,,,,,,,,,,,,,,,USD,1.0,stock,25.0
2025-11-12,173.53,179.44,173.385,178.26,2426738,176.3045,184.18320000000003,,175.7885241483261,180.65200389593386,182.10778291789197,182.2316955489018,46.48602878916171,-4.118083028051274,-4.532511589859511,0.4144285618082373,1,5.511285714285715,0.5,0.05,2332484.6,2009227.5,1.0404090127754755,1.2077965287654087,78.38844899860263,52.356869603602036,4.72999999999999,1.1800000000000068,0.14500000000001023,,0,1.3864444360338197,1.0969931560641764,-3.32278694042412,,0,,,3.2075034738304753,4.932893807393457,-6.9624217118997915,194.21,1.4059369709415817,194.21,0,25,20,20,170.435,179.0075,174.72125,179.275,178.26,,,,,,177.02833333333334,180.67166666666668,183.08333333333334,186.7266666666667,174.61666666666667,170.97333333333333,168.56166666666667,0,0,0,0,0,0,0,0,0,0,0,0,0,0,0,0,0,0,0,0,0,0,,,,,,,,,,,,,,,,,,USD,1.0,stock,25.0
2025-11-13,178.22,181.44,177.685,178.14,1924740,175.8715,184.04,,176.0124742294379,180.55349393923058,182.02921295912182,182.19098216035553,48.62710363153232,-3.423741503716627,-4.310757572630934,0.8870160689143072,1,5.523071428571429,0.5,0.05,2095279.5,2030049.8,0.9186077561490007,0.9481245238417304,79.85663082437273,68.87923578039742,0.0800000000000125,3.219999999999999,0.4549999999999841,,0,1.1942998599764643,1.273436622880874,-3.3120017963399606,,0,,,-0.06731740154830579,6.263421617752329,-4.635974304068535,189.0319,1.2087357898217914,189.0319,0,25,20,20,171.435,178.675,175.055,179.275,178.14,,,,,,179.08833333333334,180.49166666666667,182.84333333333333,184.24666666666667,176.73666666666668,175.33333333333334,172.98166666666668,0,0,0,0,0,0,0,0,0,0,0,0,0,0,0,0,0,0,0,0,0,0,,,,,,,,,,,,,,,,,,USD,1.0,stock,25.0
2025-11-14,179.24,180.55,177.17,179.2,1595826,175.4445,183.9144,,176.3160481123486,180.50041574553526,181.97318894012932,182.1612211438346,47.45186862967158,-2.756166332187007,-3.999839324542149,1.2436729923551417,1,5.5817142857142885,0.5,0.05,2004752.9,1951069.7,0.7960212951930385,0.817923624153458,84.92234169653523,81.0558071731702,0.040000000000020464,1.3100000000000023,2.030000000000001,,0,1.609348151591179,2.095703124999991,-2.6308035714285785,,0,,,0.5950376108678546,5.0348748607936145,-4.548844146159592,189.0319,1.6356718055600576,189.0319,0,25,20,20,171.555,178.575,175.065,179.275,179.2,,,,,,178.97333333333336,180.77666666666673,182.35333333333338,184.15666666666675,177.3966666666667,175.59333333333333,174.01666666666668,0,0,0,0,0,0,0,0,0,0,0,0,0,0,0,0,0,0,0,0,0,0,,,,,,,,,,,,,,,,,,USD,1.0,stock,25.0
2025-11-17,180.32,184.6,178.87,179.0,2295413,175.084,183.74379999999996,,176.5716625778392,180.44157591237703,181.91431391161188,182.12976620708005,48.55156431054461,-2.2176824646673765,-3.6434079525671947,1.4257254878998182,1,5.780642857142859,0.5,0.05,1968554.3,1994173.6,1.1660399715669514,1.1510597673141394,75.8308157099698,80.20326274362593,1.3199999999999932,4.280000000000001,0.12999999999999545,,0,1.3566130850060383,2.187709497206702,-2.650167597765343,,0,,,-0.11160714285713969,5.97359540583744,-3.871972504161969,187.52,1.3752701802251588,187.52,0,25,20,20,174.31,177.82,176.065,179.275,179.0,,,,,,180.82333333333335,182.7766666666667,186.55333333333334,188.5066666666667,177.0466666666667,175.09333333333336,171.31666666666672,0,0,0,0,0,0,0,0,0,0,0,0,0,0,0,0,0,0,0,0,0,0,,,,,,,,,,,,,,,,,,USD,1.0,stock,25.0
2025-11-18,179.11,184.555,178.855,182.93,2216023,174.924,183.64860000000002,,177.1772185228069,180.5391611707152,181.93442650742156,182.13772873238275,59.08335312277369,-1.4570163865290056,-3.206129639359557,1.7491132528305515,1,5.705642857142861,0.5,0.05,1981708.7,2059675.45,1.1182385181030896,1.0759088282573839,92.79240397065176,84.51518712571892,3.819999999999993,1.625,0.2550000000000239,,0,3.1447993643432515,4.376537473350462,-0.39282785765047246,,0,,,2.195530726256978,5.911301528485424,-1.7192284962123217,186.125,3.2469081099456316,186.125,0,25,20,20,174.31,177.82,176.065,179.275,182.93,,,,,,182.11333333333332,185.37166666666664,187.81333333333333,191.07166666666666,179.67166666666662,176.4133333333333,173.9716666666666,0,0,0,0,0,0,0,0,0,0,0,0,0,0,0,0,0,0,0,0,0,0,,,,,,,,,,,,,,,,,,USD,1.0,stock,25.0
2025-11-19,181.91,183.01,181.41,182.48,1374397,174.838,183.58620000000002,,177.68224533015862,180.61527249735383,181.94522994291816,182.14113441663767,64.72424557752339,-0.8803461955484408,-2.740972950597334,1.860626755048893,1,4.949214285714289,0.5,0.05,1899230.8,2065657.95,0.7236598100662647,0.665355558987876,90.8502373759171,86.49115235217955,0.5699999999999932,0.5300000000000011,0.5,,0,2.6291947993431433,4.187856203419551,-0.606203419552844,,0,,,-0.2459957360739229,2.3673286211152167,-0.9337676438653686,184.76,2.7001880018605484,184.76,0,25,20,20,174.31,177.82,176.065,179.275,182.48,,,,,,182.29999999999998,183.18999999999997,183.89999999999998,184.78999999999996,181.58999999999997,180.7,179.98999999999998,0,0,0,0,0,0,0,0,0,0,0,0,0,0,0,0,0,0,0,0,0,0,,,,,,,,,,,,,,,,,,USD,1.0,stock,25.0
2025-11-20,181.65,185.08,180.95,182.66,1512006,174.892,183.5284,,178.15631720347685,180.69545788961446,181.9593838054346,182.14629725826316,67.56538150444861,-0.4041476562269395,-2.273607891723255,1.8694602354963155,1,4.865642857142861,0.5,0.05,1889183.4,2084291.25,0.800348976176691,0.7254293275951718,89.76744186046506,91.13669440234465,1.009999999999991,2.420000000000016,0.700000000000017,,0,2.4656097648763553,4.25270995291799,-0.475418810905512,,0,,,0.098640946953088,2.537330189738407,0.5947791607004982,185.08,2.5279388725685097,185.08,0,25,20,20,174.55,177.82,176.185,179.275,182.66,,,,,,182.89666666666665,184.8433333333333,187.02666666666667,188.97333333333333,180.71333333333328,178.76666666666662,176.58333333333326,0,0,0,0,0,0,0,0,0,0,0,0,0,0,0,0,0,0,0,0,0,0,,,,,,,,,,,,,,,,,,USD,1.0,stock,25.0
2025-11-21,184.1,187.0,181.83,186.0,1874466,175.22299999999998,183.5482,,178.90333461266954,180.90347914884526,182.0393960073072,182.18464255917596,85.77469042585314,0.2399867851927695,-1.77088895634005,2.0108757415328196,1,4.649214285714289,0.5,0.05,1950538.5,2117136.1,0.9609992317506165,0.8853781294457167,96.05211212001579,92.22326378546597,1.9000000000000057,1.0,2.269999999999982,,0,3.815411498564764,5.794086021505384,1.3181720430107482,,0,,,1.8285338880981161,3.7946428571428603,3.690489463708335,187.0,3.966759704448734,187.0,0,25,20,20,178.42000000000002,175.23095,176.825475,179.275,186.0,,,,,,184.94333333333336,188.0566666666667,190.11333333333334,193.2266666666667,182.8866666666667,179.77333333333337,177.71666666666673,0,0,0,0,0,0,0,0,0,0,0,0,0,0,0,0,0,0,0,0,0,0,,,,,,,,,,,,,,,,,,USD,1.0,stock,28.75
2025-11-24,186.29,187.94,185.11,185.8,2821573,175.4405,183.553,,179.56015988765338,181.09549957438074,182.11386341310308,182.22061626505482,83.4512976070104,0.7259612132544078,-1.2715189224211585,1.9974801356755663,0,4.479214285714288,0.5,0.05,2007872.7,2191457.15,1.4052549247768547,1.2875328180612613,91.05351170568566,92.29102189538884,0.4899999999999807,1.6500000000000057,0.6899999999999977,,0,3.3583638925439327,5.575618945102274,1.209364908503775,,0,,,-0.10752688172042113,3.798882681564253,2.397354643152405,187.94,3.4750693674202284,187.94,0,25,20,20,180.6625,175.23095,177.94672500000001,179.275,185.8,,,,,,186.28333333333333,187.45666666666665,189.11333333333332,190.28666666666663,184.62666666666667,183.45333333333335,181.79666666666668,0,0,0,0,0,0,0,0,0,0,0,0,0,0,0,0,0,0,0,0,0,0,,,,,,,,,,,,,,,,,,USD,1.0,stock,28.75
2025-11-25,186.22,186.96,185.395,186.75,1341927,175.7655,183.419,,180.24490656501973,181.3172446891109,182.20566809799212,182.2656847599299,81.60359685275378,1.1742208225533943,-0.7823709734262478,1.9565917959796422,0,4.240000000000003,0.5,0.05,1938310.9,2170502.6,0.6923177288019172,0.6182563430239614,95.02508361204015,94.04356914591386,0.5300000000000011,0.21000000000000796,0.8249999999999886,,0,3.4833164310469975,5.881927710843372,1.7836680053547462,,0,,,0.5113024757803952,2.088230470671837,3.606102635228847,187.94,3.6090303792488503,187.94,0,25,20,20,182.555,174.685,178.62,179.275,186.75,,,,,,186.36833333333334,187.34166666666667,187.93333333333334,188.90666666666667,185.77666666666667,184.80333333333334,184.21166666666667,0,0,0,0,0,0,0,0,0,0,0,0,0,0,0,0,0,0,0,0,0,0,,,,,,,,,,,,,,,,,,USD,1.0,stock,28.75
2025-11-26,188.39,189.05,187.04,188.2,1061917,176.4115,183.36120000000003,,181.00253451120832,181.58715666208695,182.32436773961604,182.32473267276643,89.69111969111964,1.6277094529437193,-0.3003548881522545,1.9280643410959737,0,4.189285714285717,0.5,0.05,1801828.8,2067156.7,0.5893551041031201,0.5137089994193473,96.60407510986806,94.22755680919795,0.18999999999999773,0.660000000000025,1.1599999999999966,,0,3.824370610410024,6.263815090329437,2.571094580233775,,0,,,0.7764390896920936,3.134590092064893,7.371063441350967,189.05,3.9764445885955104,189.05,0,25,20,20,183.11,175.24,179.175,179.275,188.2,,,,,,188.09666666666666,189.15333333333334,190.10666666666668,191.16333333333336,187.14333333333332,186.08666666666664,185.1333333333333,0,0,0,0,0,0,0,0,0,0,0,0,0,0,0,0,0,0,0,0,0,0,,,,,,,,,,,,,,,,,,USD,1.0,stock,28.75
2025-11-28,188.0,189.49,187.5,188.08,527740,177.2575,183.34120000000001,,181.6765788434742,181.8417779694561,182.43834065566324,182.38199901433094,87.8958785249458,1.9548847678883305,0.15069304305586256,1.804191724832468,0,4.063571428571431,0.5,0.05,1662128.8,1878704.15,0.31750848670692666,0.28090638965161174,94.4640753828033,95.36441136823719,0.0800000000000125,1.4099999999999966,0.5,,0,3.404626306106874,5.754200340280741,2.519566142067204,,0,,,-0.06376195536661466,2.967261578889757,9.8854872633793,189.49,3.5246266730081697,189.49,0,25,20,20,184.1725,175.46,179.81625000000003,179.275,188.08,,,,,,188.35666666666668,189.21333333333337,190.3466666666667,191.20333333333338,187.22333333333336,186.36666666666667,185.23333333333335,0,0,0,0,0,0,0,0,0,0,0,0,0,0,0,0,0,0,0,0,0,0,,,,,,,,,,,,,,,,,,USD,1.0,stock,28.75
2025-12-01,187.73,187.99,184.92,185.08,1289245,178.03,183.2392,,182.00071419171476,181.96876706869313,182.4906507416897,182.40884479528287,83.20328542094464,1.949624575689512,0.5104793495825926,1.4391452261069195,0,3.8185714285714334,0.5,0.05,1631470.7,1818111.8,0.7902348476132609,0.7091120579053499,77.55725190839696,89.54180080035611,2.6499999999999773,0.2600000000000193,0.160000000000025,,0,1.6637593517858489,3.8091636049276048,0.994596931056841,,0,,,-1.595065929391748,-0.4946236559139727,9.10805871602902,189.49,1.6919086400076486,189.49,0,25,20,20,184.1725,175.46,179.81625000000003,179.275,185.08,,,,,,185.99666666666667,187.07333333333335,189.0666666666667,190.14333333333337,184.00333333333333,182.92666666666665,180.9333333333333,0,0,0,0,0,0,0,0,0,0,0,0,0,0,0,0,0,0,0,0,0,0,,,,,,,,,,,,,,,,,,USD,1.0,stock,28.75
2025-12-02,184.48,184.995,180.21,182.77,1648198,179.053,183.0478,,182.07397950678956,182.00018796796004,182.49618241017112,182.41243837940942,71.9912472647703,1.739011894329309,0.7561858585319359,0.982826035797373,0,3.778571428571433,0.5,0.05,1566749.2,1767651.75,1.0519858570854863,0.932422350726041,58.273828003725605,76.7650517649753,1.7099999999999795,0.5150000000000148,2.5600000000000023,,0,0.3808176906551702,2.033703561853703,-0.1519943097882502,,0,,,-1.2481089258698952,-1.630785791173306,12.60550797855955,189.49,0.38227345560077675,189.49,0,25,20,20,184.85000000000002,175.46,180.15500000000003,179.275,182.77,,,,,,182.65833333333333,185.10666666666665,187.44333333333333,189.89166666666665,180.32166666666666,177.87333333333333,175.53666666666666,0,0,0,0,0,0,0,0,0,0,0,0,0,0,0,0,0,0,0,0,0,0,,,,,,,,,,,,,,,,,,USD,1.0,stock,27.0
2025-12-03,183.63,185.425,180.45,180.63,1437226,179.787,182.84560000000002,,181.93645764900006,181.94645510647143,182.459228303039,182.39470267414166,56.092544987146546,1.3834719087128633,0.8816430685681214,0.5018288401447419,0,3.6539285714285774,0.5,0.05,1488869.5,1735289.1,0.9653136154646192,0.8282343270640034,28.0844155844156,54.638498498846054,3.0,1.795000000000016,0.18000000000000682,,0,-0.7232783308420895,0.4666998837402366,-1.2265958035763846,,0,,,-1.1708704929693114,-3.277108433734943,8.846037963241947,189.49,-0.7180845806729637,189.49,0,25,20,20,184.85000000000002,175.46,180.15500000000003,179.275,180.63,,,,,,182.16833333333332,183.88666666666666,187.14333333333335,188.86166666666668,178.91166666666663,177.1933333333333,173.9366666666666,0,0,0,0,0,0,0,0,0,0,0,0,0,0,0,0,0,0,0,0,0,0,,,,,,,,,,,,,,,,,,USD,1.0,stock,25.0
2025-12-04,181.99,182.58,179.43,182.46,1295304,180.416,182.67699999999996,,181.98631882528576,181.96659412190394,182.45924358416693,182.39535239877705,60.20793950850667,1.2351317842702088,0.9523408117085389,0.28279097256166985,0,3.6107142857142924,0.5,0.05,1480960.2,1690095.5,0.8746379544838545,0.7664087621084134,42.93831168831178,43.09885175881766,0.46999999999999886,0.12000000000000455,2.5600000000000023,,0,0.25960822904430775,1.1202455332675716,-0.11893017647701201,,0,,,1.0131207440624568,-3.0499468650371897,7.405227219213573,189.49,0.2602839475911357,189.49,0,25,20,20,184.46,175.46,179.96,179.275,182.46,,,,,,181.49,183.55,184.64000000000001,186.70000000000002,180.4,178.34,177.25,0,0,0,0,0,0,0,0,0,0,0,0,0,0,0,0,0,0,0,0,0,0,,,,,,,,,,,,,,,,,,USD,1.0,stock,25.0
2025-12-05,181.53,183.25,180.56,182.3,1084382,181.149,182.61780000000002,,182.01619322287758,181.97966886222144,182.4560902458666,182.39440361868972,57.650542941757216,1.0920717803989533,0.9802870054466218,0.11178477495233141,0,3.5614285714285763,0.5,0.05,1438197.8,1663690.6,0.7539866908432206,0.6517930677735391,32.39304184297146,34.471923038566274,0.7700000000000102,0.9499999999999886,0.9699999999999989,,0,0.15568117231071638,0.6313768513439443,-0.17432803071859868,,0,,,-0.08769045270196063,-3.0731603572947686,8.744929611071361,189.49,0.15592391649182363,189.49,0,25,20,20,184.46,175.46,179.96,179.275,182.3,,,,,,182.03666666666666,183.51333333333332,184.72666666666666,186.20333333333332,180.82333333333332,179.34666666666666,178.13333333333333,0,0,0,0,0,0,0,0,0,0,0,0,0,0,0,0,0,0,0,0,0,0,,,,,,,,,,,,,,,,,,USD,1.0,stock,25.0
2025-12-08,181.29,182.2669,179.16,180.78,1824440,181.6575,182.47119999999998,,181.89846053498445,181.93262302448727,182.42290034000786,182.37833990109084,54.1241890639481,0.8462889080736034,0.9534873859720182,-0.10719847789841486,0,3.3764285714285784,0.5,0.05,1433195.2,1691866.85,1.2729877967774383,1.0783590919108084,18.100611189468808,31.14398824025068,0.5099999999999909,0.9769000000000005,1.6200000000000045,,0,-0.6186859912514937,-0.4853966146697631,-0.9355017147914486,,0,,,-0.8337904552934816,-2.3233196455586858,5.960963601195712,189.49,-0.6148818036694365,189.49,0,25,20,20,184.325,175.46,179.89249999999998,179.275,180.78,,,,,,180.73563333333334,182.31126666666668,183.84253333333334,185.41816666666668,179.2043666666667,177.62873333333334,176.0974666666667,0,0,0,0,0,0,0,0,0,0,0,0,0,0,0,0,0,0,0,0,0,0,,,,,,,,,,,,,,,,,,USD,1.0,stock,25.0
2025-12-09,180.94,181.62,175.5701,178.78,1333976,182.151,182.3646,,181.60146429355737,181.80899074901717,182.35076369961166,182.34253552396555,39.440203562340955,0.4845355020287059,0.8596970091833558,-0.3751615071546499,0,3.401421428571435,0.5,0.05,1284435.5,1646154.1,1.0385698620133124,0.8103591273745271,23.0597920962076,24.51781504288262,2.1599999999999966,0.6800000000000068,3.2099000000000046,,0,-1.5781766940135191,-1.88555766864303,-2.0050341201476645,,0,,,-1.1063170704723957,-2.1830716200689437,5.843348528802328,189.49,-1.5536572375850968,189.49,0,25,20,20,182.53005000000002,175.46,178.995025,179.275,178.78,,,,,,178.6567,181.7433,184.7066,187.7932,175.6934,172.6068,169.6435,0,0,0,0,0,0,0,0,0,0,0,0,0,0,0,0,0,0,0,0,0,0,,,,,,,,,,,,,,,,,,USD,1.0,stock,25.0
2025-12-10,179.13,180.89,178.3162,180.06,2083607,182.51799999999997,182.2248,,181.45465817036143,181.7404028765067,182.3054020421936,182.3198237277072,44.09179687500003,0.29769695880801805,0.7472969991082883,-0.44960004030027023,0,3.4709785714285766,0.5,0.05,1358603.5,1648457.2,1.5336387695159037,1.2639739751811574,32.2552604544573,24.471887913377902,0.9300000000000068,0.8299999999999841,0.8137999999999863,,0,-0.7745519106750107,-1.3651005220481893,-1.2022659113628709,,0,,,0.7159637543349362,-0.31556219897026505,4.249652616952293,189.49,-0.7685987146453019,189.49,0,25,20,20,182.53005000000002,175.57999999999998,179.055025,179.275,180.06,,,,,,179.7554,181.1946,182.3292,183.76839999999999,178.62080000000003,177.18160000000003,176.04700000000005,0,0,0,0,0,0,0,0,0,0,0,0,0,0,0,0,0,0,0,0,0,0,,,,,,,,,,,,,,,,,,USD,1.0,stock,25.0
2025-12-11,180.69,182.595,180.0,181.58,1058309,182.68400000000003,182.0798,,181.46659548746985,181.7341125676241,182.29103764531848,182.31246229758077,47.525206232813964,0.26917448809311395,0.6516724969052534,-0.38249800881213947,1,3.3613357142857176,0.5,0.05,1358242.7,1580035.75,0.7791751798113843,0.6698006674848971,43.17487912987888,32.82997722684792,0.8900000000000148,1.0149999999999864,0.6899999999999977,,0,0.062454297020688845,-0.6079964753827587,-0.2752505782575137,,0,,,0.8441630567588732,-0.48229748986078347,1.8624481095029788,189.49,0.06249332678861951,189.49,0,25,20,20,181.78005000000002,176.755,179.267525,179.275,181.58,,,,,,181.39166666666668,182.78333333333336,183.98666666666668,185.37833333333336,180.18833333333336,178.79666666666668,177.59333333333336,0,0,0,0,0,0,0,0,0,0,0,0,0,0,0,0,0,0,0,0,0,0,,,,,,,,,,,,,,,,,,USD,1.0,stock,25.0
2025-12-12,182.04,183.695,180.97,181.83,1020121,182.8685,181.93599999999998,,181.50120544104416,181.7378728590898,182.28190818699534,182.30766167770435,38.86812600106783,0.2637033274122871,0.5740786630066601,-0.310375335594373,1,3.186692857142861,0.5,0.05,1407480.8,1534804.8,0.7247850201580014,0.6646584634085064,44.97086904359953,40.13366954264524,0.20999999999997954,1.6550000000000011,0.8600000000000136,,0,0.18082525378422096,-0.571137876038057,-0.058296210746282856,,0,,,0.13768036127326244,-0.25781678551837217,2.0714045133041648,189.49,0.18115282383766268,189.49,0,25,20,20,180.49755,176.755,178.626275,179.275,181.83,,,,,,182.165,183.35999999999999,184.89,186.08499999999998,180.635,179.44,177.91,0,0,0,0,0,0,0,0,0,0,0,0,0,0,0,0,0,0,0,0,0,0,,,,,,,,,,,,,,,,,,USD,1.0,stock,25.0
2025-12-15,186.45,188.63,184.38,188.11,2213258,183.31400000000002,181.7956,,182.130614446659,181.98776019794903,182.3973159456687,182.36539638737895,54.655380894800494,0.7573803003556918,0.6107389904764665,0.1466413098792253,1,3.4702642857142894,0.5,0.05,1499882.1,1565676.4,1.4756213171688628,1.4136113950494495,90.08613567626207,59.4106279499135,1.660000000000025,0.5199999999999818,2.069999999999993,,0,3.1786643736861504,2.549572058901702,3.3567593429376457,,0,,,3.4537755045922047,4.05465206328135,4.972098214285725,189.49,3.2830205792185554,189.49,0,25,20,20,182.10005,176.755,179.427525,179.275,188.11,,,,,,187.04,189.7,191.29,193.95,185.45,182.79,181.2,0,0,0,0,0,0,0,0,0,0,0,0,0,0,0,0,0,0,0,0,0,0,,,,,,,,,,,,,,,,,,USD,1.0,stock,25.0
2025-12-16,189.0,189.8499,186.85,188.15,1475890,183.7715,181.655,,182.70388926126287,182.22941666077455,182.51123048139803,182.42295463228066,52.92887029288705,1.1387240221733919,0.7163359968158516,0.4223880253575403,1,3.5727571428571463,0.5,0.05,1482651.3,1524700.25,0.9954397234197953,0.9679869862945192,88.09577164946298,74.38425878977485,0.8499999999999943,0.849899999999991,1.3000000000000114,,0,2.894557926514554,2.327132606962531,3.452032952431573,,0,,,0.02126415395247161,5.2410784204049765,5.111731843575429,189.8499,2.9808400690087686,189.8499,0,25,20,20,182.70999999999998,176.93495000000001,179.822475,179.275,188.15,,,,,,188.28329999999997,189.71659999999994,191.28319999999997,192.71649999999994,186.71669999999995,185.28339999999997,183.71679999999995,0,0,0,0,0,0,0,0,0,0,0,0,0,0,0,0,0,0,0,0,0,0,,,,,,,,,,,,,,,,,,USD,1.0,stock,25.0
2025-12-17,188.82,190.19,187.69,188.94,1069677,184.072,181.546,,183.29780456971403,182.49257679172456,182.638532848103,182.48780085484503,51.59208261617903,1.4875406244844385,0.870576922349569,0.6169637021348695,1,3.5870428571428596,0.5,0.05,1445896.4,1467382.95,0.7398019664479419,0.7289692169314084,91.45000991798851,89.87730574790453,0.12000000000000455,1.25,1.1299999999999955,,0,2.986236599071645,2.576479305599659,3.913411665078864,,0,,,0.4198777571086776,4.931689436854381,3.285409719564858,190.19,3.078157669990018,190.19,0,25,20,20,182.88004999999998,180.015,181.44752499999998,179.275,188.94,,,,,,188.93999999999997,190.18999999999994,191.43999999999997,192.68999999999994,187.68999999999994,186.43999999999997,185.18999999999994,0,0,0,0,0,0,0,0,0,0,0,0,0,0,0,0,0,0,0,0,0,0,,,,,,,,,,,,,,,,,,USD,1.0,stock,25.0
2025-12-18,188.51,190.04,186.84,188.16,1022619,184.35600000000002,181.398,,183.76087080116983,182.71482868224516,182.7478688313089,182.54424064733414,50.16736401673637,1.6816557331385695,1.0327926845073692,0.6488630486312004,1,3.6734714285714296,0.5,0.05,1418627.9,1449794.05,0.7208507600900843,0.7053546674439725,86.11481610681331,88.55353255808826,0.3499999999999943,1.5300000000000011,1.3199999999999932,,0,2.3379725759088896,2.021683673469374,3.5937500000000004,,0,,,-0.4128294696729151,3.623747108712405,3.1126698816308584,190.19,2.3939422901353393,190.19,0,25,20,20,182.88004999999998,181.7875,182.333775,179.275,188.16,,,,,,188.34666666666666,189.85333333333332,191.54666666666665,193.0533333333333,186.65333333333334,185.14666666666668,183.45333333333335,0,0,0,0,0,0,0,0,0,0,0,0,0,0,0,0,0,0,0,0,0,0,,,,,,,,,,,,,,,,,,USD,1.0,stock,25.0
2025-12-19,188.1,191.15,187.2106,189.26,3558737,184.686,181.3316,,184.28459739153462,182.97150206725513,182.87682192375823,182.61106412348008,59.499999999999936,1.9023253398261204,1.2066992155711196,0.6956261242550008,1,3.729142857142857,0.5,0.05,1666063.4,1552130.6,2.136015352116852,2.2928077057433183,87.86898503841479,88.47793702107221,1.1599999999999966,1.8900000000000148,0.8893999999999949,,0,2.6288717153468104,2.416781147627594,4.189157772376616,,0,,,0.5846088435374153,4.086234394764321,3.6132705573196144,191.15,2.6998472356832606,191.15,0,25,20,20,183.36005,183.36005,183.36005,179.0075,189.26,,,,,,189.20686666666666,191.2031333333333,193.14626666666666,195.14253333333332,187.2637333333333,185.26746666666665,183.3243333333333,0,0,0,0,0,0,0,0,0,0,0,0,0,0,0,0,0,0,0,0,0,0,,,,,,,,,,,,,,,,,,USD,1.0,stock,25.0
2025-12-22,187.56,188.0,184.09,186.38,1354660,184.705,181.2166,,184.4841595447218,183.10516865285297,182.94619178665408,182.6485659729977,57.99734160389894,1.8237921218197641,1.3301177968208486,0.4936743249989155,0,3.750571428571427,0.5,0.05,1619085.4,1526140.3,0.8366822404797178,0.8876379190039081,69.3836289064756,81.12247668390124,1.1800000000000068,0.4399999999999977,2.289999999999992,,0,1.0171909299700634,0.898701577422461,2.7703616267839877,,0,,,-1.521716157666697,-0.9196746584445359,0.20430107526880903,191.15,1.0276440318544657,191.15,0,25,20,20,184.7331,183.36005,184.04657500000002,178.675,186.38,,,,,,186.15666666666667,188.22333333333333,190.06666666666666,192.13333333333333,184.31333333333333,182.24666666666667,180.40333333333334,0,0,0,0,0,0,0,0,0,0,0,0,0,0,0,0,0,0,0,0,0,0,,,,,,,,,,,,,,,,,,USD,1.0,stock,25.0
2025-12-23,185.0,185.0,178.8,182.62,1750208,184.546,181.085,,184.30662054046257,183.08614243117245,182.93973254335398,182.6482817344604,54.1132699462588,1.4415362715661502,1.352401491769909,0.08913477979624118,0,3.936642857142853,0.5,0.05,1660708.6,1472572.05,1.053892296336636,1.1885381092218883,45.24996951199946,67.50086115229662,2.3799999999999955,0.0,3.819999999999993,,0,-0.923568360783359,-1.0546489979191698,0.840543204468293,,0,,,-2.0173838394677457,-2.939144299760832,-1.7115177610333765,191.15,-0.91511663309582,191.15,0,25,20,20,184.97500000000002,183.36005,184.167525,178.575,182.62,,,,,,182.14000000000001,185.48000000000002,188.34,191.68,179.28000000000003,175.94000000000003,173.08000000000004,0,0,0,0,0,0,0,0,0,0,0,0,0,0,0,0,0,0,0,0,0,0,,,,,,,,,,,,,,,,,,USD,1.0,stock,25.0
2025-12-24,183.09,184.96,182.6101,184.8,458464,184.44850000000002,180.99239999999998,,184.3536090604185,183.1533525319108,182.97656952269352,182.66969186645582,54.7677261613692,1.299523439925082,1.3418258814009436,-0.04230244147586171,0,3.879492857142854,0.5,0.05,1498194.3,1428398.9,0.30601104275994107,0.3209635627694757,59.24235713964794,57.95865185270767,1.710000000000008,0.1599999999999966,0.47990000000001487,,0,0.2415535387345807,0.1902056277056208,2.0603896103896298,,0,,,1.1937356258898246,-2.1911718005716008,-1.0441767068273045,191.15,0.24213843268737345,191.15,0,25,20,20,184.97500000000002,183.36005,184.167525,177.82,184.8,,,,,,184.1233666666667,185.6366333333334,186.47326666666672,187.98653333333343,183.2867333333334,181.77346666666668,180.93683333333337,0,0,0,0,0,0,0,0,0,0,0,0,0,0,0,0,0,0,0,0,0,0,,,,,,,,,,,,,,,,,,USD,1.0,stock,25.0
2025-12-26,184.58,185.12,183.58,184.2,814734,184.2485,180.84439999999998,,184.33897962609294,183.1943975306594,183.0007958687788,182.68491881305826,53.80304243394711,1.125587193597454,1.2985781438402457,-0.17299095024279176,0,3.7973499999999967,0.5,0.05,1473836.8,1416039.75,0.552797976003856,0.5753609670914959,55.391241278827124,53.29452264349151,0.3800000000000239,0.539999999999992,0.6199999999999761,,0,-0.07545039418726777,-0.026330076004353106,1.8217155266015255,,0,,,-0.32467532467533866,-2.1045918367346927,-2.125398512221044,191.15,-0.0753935094871681,191.15,0,25,20,20,184.97500000000002,183.36005,184.167525,177.82,184.2,,,,,,184.30000000000004,185.02000000000007,185.84000000000003,186.56000000000006,183.48000000000008,182.76000000000005,181.94000000000008,0,0,0,0,0,0,0,0,0,0,0,0,0,0,0,0,0,0,0,0,0,0,,,,,,,,,,,,,,,,,,USD,1.0,stock,25.0
2025-12-29,184.36,184.61,180.3,180.77,1869807,183.88299999999998,180.7238,,183.99907680456027,183.09932311769236,182.9566216931594,182.66586489452038,49.98140572703609,0.7028669186274215,1.179435898797681,-0.4765689801702595,0,3.880921428571424,0.5,0.05,1558805.4,1483143.1,1.1995127807486425,1.2607057269119883,33.37569560780243,49.33643134209249,3.5900000000000034,0.25,0.46999999999999886,,0,-1.7862902055431014,-1.7220777783924162,0.025557338053880017,,0,,,-1.8621064060803327,-4.4858924231216175,-3.8866439812845655,191.15,-1.7549418511431543,191.15,0,25,20,20,184.97500000000002,183.36005,184.167525,177.82,180.77,,,,,,181.89333333333335,183.48666666666668,186.20333333333335,187.79666666666668,179.17666666666668,177.58333333333334,174.86666666666667,0,0,0,0,0,0,0,0,0,0,0,0,0,0,0,0,0,0,0,0,0,0,,,,,,,,,,,,,,,,,,USD,1.0,stock,25.0
2025-12-30,180.55,183.3,180.21,182.19,1008005,183.7385,180.6128,,183.82678377555453,183.0636633875868,182.94144106557206,182.66112992044555,56.4804256936526,0.4769422938659602,1.038937177811337,-0.5619948839453768,0,3.6694999999999953,0.5,0.05,1438280.1,1469081.1,0.700840538640561,0.6861465987139852,30.1843569324751,39.65043127303488,1.6399999999999864,1.1100000000000136,0.3400000000000034,,0,-0.8983938611090256,-0.8499368790822713,0.8656896646358224,,0,,,0.7855285722188299,-2.2480952891941186,-1.5614869245731633,191.15,-0.8903946105878586,191.15,0,25,20,20,184.97500000000002,183.36005,184.167525,177.82,182.19,,,,,,181.9,183.59,184.99,186.68,180.5,178.81,177.41,0,0,0,0,0,0,0,0,0,0,0,0,0,0,0,0,0,0,0,0,0,0,,,,,,,,,,,,,,,,,,USD,1.0,stock,25.0
2025-12-31,182.19,183.74,181.81,181.98,924561,183.699,180.5282,,183.65089960645412,183.021166784152,182.92240262863004,182.65435250830183,53.80348652931852,0.2777484449062513,0.8866994312303199,-0.6089509863240686,0,3.623514285714283,0.5,0.05,1383147.2,1432899.25,0.6684472917994556,0.6452379677077785,25.74898785425085,29.76968013150946,0.21000000000000796,1.5500000000000114,0.1699999999999875,,0,-0.9181776054808926,-0.9446092977250372,0.7977799758215143,,0,,,-0.1152642845381191,-0.3504544956740907,-0.4322372380587747,191.15,-0.9098238070353601,191.15,0,25,20,20,184.97500000000002,183.36005,184.167525,176.29000000000002,181.98,,,,,,182.51,183.20999999999998,184.44,185.14,181.27999999999997,180.57999999999998,179.34999999999997,0,0,0,0,0,0,0,0,0,0,0,0,0,0,0,0,0,0,0,0,0,0,,,,,,,,,,,,,,,,,,USD,1.0,stock,25.0
2026-01-02,181.98,184.44,180.715,182.41,1192505,183.78799999999998,180.4538,,183.53271869155373,182.9971994592833,182.9122560419245,182.65192114006004,51.71842650103516,0.15282165788761404,0.7399238765617788,-0.5871022186741648,1,3.7042285714285685,0.5,0.05,1395430.0,1420663.2,0.8545788753287518,0.8394002181516351,29.230769230769123,28.388038005831692,0.4300000000000068,2.030000000000001,1.2649999999999864,,0,-0.6154918543685811,-0.7554410394166909,1.0724192752590294,,0,,,0.23628970216507117,-1.2932900432900518,0.9854398494159256,191.15,-0.6117267261978379,191.15,0,25,20,20,184.97500000000002,183.36005,184.167525,176.29000000000002,182.41,,,,,,182.52166666666665,184.3283333333333,186.24666666666664,188.05333333333328,180.6033333333333,178.79666666666665,176.8783333333333,0,0,0,0,0,0,0,0,0,0,0,0,0,0,0,0,0,0,0,0,0,0,,,,,,,,,,,,,,,,,,USD,1.0,stock,25.0
2026-01-05,184.1,185.0,179.78,179.99,1689701,183.6645,180.3696,,183.19531691140574,182.8792700687232,182.85438958564876,182.62543436254703,46.5045592705167,-0.13984544485222727,0.5639700122789776,-0.7038154571312049,0,3.8824428571428546,0.5,0.05,1462138.2,1440383.05,1.1556369979253671,1.1730914217575665,9.635627530364358,21.538461538461444,4.109999999999985,0.9000000000000057,0.21000000000000796,,0,-1.7808305524783217,-2.041502305683646,-0.2109006055891895,,0,,,-1.3266816512252588,-2.2855591748099813,-1.3537213635865353,191.15,-1.7496718614023525,191.15,0,25,20,20,183.4,183.36005,183.380025,176.29000000000002,179.99,,,,,,181.59,183.4,186.81,188.62,178.18,176.37,172.96,0,0,0,0,0,0,0,0,0,0,0,0,0,0,0,0,0,0,0,0,0,0,,,,,,,,,,,,,,,,,,USD,1.0,stock,25.0
2026-01-06,180.06,182.4,179.23,179.28,1775258,183.5135,180.3236,,182.82242958650994,182.73812222289092,182.78360959385375,182.5921464584421,28.722891566265005,-0.424187528823893,0.36633850405840346,-0.7905260328822965,0,3.6231571428571425,0.5,0.05,1283790.3,1474926.85,1.3828255284371598,1.2036244373746399,3.8866396761132793,14.251012145748918,0.7800000000000011,2.3400000000000034,0.05000000000001137,,0,-1.975920117419645,-2.3613900044622893,-0.5821062025881291,,0,,,-0.39446635924218487,-0.8242518116944209,-1.656609983543611,191.15,-1.9376340170743074,191.15,0,25,20,20,181.96,183.36005,182.66002500000002,176.29000000000002,179.28,,,,,,180.3033333333333,181.37666666666664,183.47333333333333,184.54666666666665,178.20666666666662,177.1333333333333,175.0366666666666,0,0,0,0,0,0,0,0,0,0,0,0,0,0,0,0,0,0,0,0,0,0,,,,,,,,,,,,,,,,,,USD,1.0,stock,27.0
2026-01-07,182.1,183.27,179.91,180.07,2120506,183.478,180.3374,,182.56029343541374,182.63348997885598,182.7298747504111,182.567050473781,31.209302325581334,-0.5791086769062588,0.17724906786547104,-0.7563577447717298,1,3.6938785714285722,0.5,0.05,1360374.9,1489730.15,1.558765896077618,1.4234161804404644,10.283400809716456,7.935222672064698,2.030000000000001,1.170000000000016,0.1599999999999966,,0,-1.382958535799271,-1.8925973232631839,-0.14849780640862398,,0,,,0.4406514948683604,-1.1636203962895886,-0.39274256001770036,191.15,-1.3640936857360848,191.15,0,25,20,20,182.175,183.36005,182.767525,176.29000000000002,180.07,,,,,,181.08333333333334,182.2566666666667,184.44333333333336,185.6166666666667,178.89666666666668,177.72333333333333,175.53666666666666,0,0,0,0,0,0,0,0,0,0,0,0,0,0,0,0,0,0,0,0,0,0,,,,,,,,,,,,,,,,,,USD,1.0,stock,25.0
2026-01-08,179.0,185.43,178.65,184.75,1412833,183.7765,180.4034,,182.7688369177553,182.716490371842,182.76987723060097,182.58877136458915,41.74871996849153,-0.32055278236214235,0.07768869781994836,-0.3982414801820907,1,3.999592857142858,0.5,0.05,1326637.4,1493673.0,1.0649729911127186,0.9458783816805955,48.799999999999955,20.990013495276564,5.75,0.6800000000000068,0.3499999999999943,,0,1.0723480824057947,0.5269282814614351,2.352692828146141,,0,,,2.598989281945907,1.5221452906913013,3.339299697952791,191.15,1.0839720357449205,191.15,0,25,20,20,182.04000000000002,183.36005,182.700025,176.29000000000002,184.75,,,,,,182.94333333333336,187.2366666666667,189.72333333333336,194.0166666666667,180.4566666666667,176.16333333333336,173.6766666666667,0,0,0,0,0,0,0,0,0,0,0,0,0,0,0,0,0,0,0,0,0,0,,,,,,,,,,,,,,,,,,USD,1.0,stock,25.0
2026-01-09,184.87,190.43,184.0,189.07,1855615,184.22700000000003,180.5798,,183.3689476874929,182.96564761216194,182.89463213692568,182.65326120175743,51.57276183892153,0.2302879074642874,0.10820853974881617,0.12207936771547123,1,4.230307142857145,0.5,0.05,1466352.5,1482273.4,1.265463113405542,1.2518709436464286,83.35999999999989,47.48113360323877,4.199999999999989,1.3600000000000136,0.8700000000000045,,0,3.015313012380125,2.5614851642248695,4.490506161739032,,0,,,2.3382949932341024,3.6511156186612492,5.003887593024547,191.15,3.109060931201469,191.15,0,25,20,20,184.54000000000002,183.36005,183.950025,176.29000000000002,189.07,,,,,,187.83333333333334,191.66666666666669,194.26333333333335,198.0966666666667,185.23666666666668,181.40333333333334,178.80666666666667,0,0,0,0,0,0,0,0,0,0,0,0,0,0,0,0,0,0,0,0,0,0,,,,,,,,,,,,,,,,,,USD,1.0,stock,25.0
2026-01-12,190.67,194.885,190.4,193.13,1766940,184.8045,180.9368,,184.29857171725547,183.36424966658697,183.09731268866972,182.7575073589539,56.067732831608666,0.9831085287532062,0.2831885375496942,0.699919991203512,1,4.364278571428573,0.5,0.05,1561573.1,1517704.95,1.1315128315158605,1.1642183811814015,89.1900215583616,73.78334051945382,2.460000000000008,1.7549999999999955,0.2699999999999818,,0,4.57278945929919,4.310826904157824,6.313467612488992,,0,,,2.1473528322843327,7.300405578087665,6.360832690824969,194.885,4.791913578306726,194.885,0,25,20,20,186.76749999999998,185.22755,185.997525,178.1575,193.13,,,,,,192.80499999999998,195.20999999999995,197.28999999999996,199.69499999999994,190.72499999999997,188.32,186.23999999999998,0,0,0,0,0,0,0,0,0,0,0,0,0,0,0,0,0,0,0,0,0,0,,,,,,,,,,,,,,,,,,USD,1.0,stock,25.0
2026-01-13,193.1,196.66,192.96,195.29,1826321,185.4775,181.41940000000002,,185.34537441085018,183.83192615025024,183.3387520413693,182.8822087782678,64.29258902791145,1.7340294311447906,0.5733567162687135,1.160672714876077,1,4.259278571428573,0.5,0.05,1557224.5,1558014.95,1.1728052056720146,1.172210189639066,92.39311493614656,88.31437883150268,2.1899999999999977,1.3700000000000045,0.13999999999998636,,0,5.092234927108305,5.024578831481387,7.102565415535854,,0,,,1.1184176461450868,8.930165104863885,7.402518836275629,196.66,5.3654565811315145,196.66,0,25,20,20,187.655,186.11505,186.88502499999998,179.04500000000002,195.29,,,,,,194.97,196.98,198.67,200.67999999999998,193.28,191.27,189.58,0,0,0,0,0,0,0,0,0,0,0,0,0,0,0,0,0,0,0,0,0,0,,,,,,,,,,,,,,,,,,USD,1.0,stock,25.0
2026-01-14,195.71,200.5,193.17,199.12,1888454,186.028,182.0092,,186.65724351457874,184.43145845808357,183.65125200094616,183.04377884017558,76.40845070422534,2.6081238198430583,0.9803101369835825,1.6278136828594758,1,4.2414214285714325,0.5,0.05,1645269.4,1541774.75,1.147808377156957,1.224857262709744,93.68421052631581,91.75578234027465,3.4099999999999966,1.3799999999999955,2.5400000000000205,,0,6.2589174796209655,6.574929690638817,8.593210124548017,,0,,,1.9611859286189803,10.579219192536238,5.852958375418638,200.5,6.676813742000787,200.5,0,25,20,20,189.575,188.03505,188.805025,180.965,199.12,,,,,,197.59666666666666,202.02333333333334,204.92666666666668,209.35333333333335,194.69333333333333,190.26666666666665,187.36333333333332,0,0,0,0,0,0,0,0,0,0,0,0,0,0,0,0,0,0,0,0,0,0,,,,,,,,,,,,,,,,,,USD,1.0,stock,27.0
2026-01-15,198.01,201.72,197.7,201.07,1294498,186.674,182.78440000000003,,188.02988698938074,185.08395028325677,183.99617770389773,183.22314422485044,76.23347307320216,3.418788952642643,1.468005900115395,1.9507830525272483,1,4.360714285714288,0.5,0.05,1682263.1,1532705.15,0.7694979459514982,0.8445838392335278,97.18248807975723,94.41993784740653,3.0600000000000023,0.6500000000000057,0.3100000000000023,,0,6.48535983021796,7.159695628388117,9.094146317202945,,0,,,0.9793089594214432,8.833558863328816,6.866861546638314,201.72,6.9351278243100305,201.72,0,25,20,20,190.185,188.64505,189.415025,181.575,201.07,,,,,,200.16333333333333,202.62666666666667,204.18333333333334,206.64666666666668,198.60666666666665,196.14333333333332,194.58666666666664,0,0,0,0,0,0,0,0,0,0,0,0,0,0,0,0,0,0,0,0,0,0,,,,,,,,,,,,,,,,,,USD,1.0,stock,27.0
2026-01-16,200.43,201.86,196.23,197.76,3971948,187.115,183.42059999999998,,188.95656441896352,185.58105027214867,184.2687286404542,183.36778955594647,70.10676156583632,3.750919310788845,1.924588582250085,1.82633072853876,0,4.652857142857148,0.5,0.05,1960207.4,1677818.7,2.0262896671035935,2.367328484299287,82.33520034467892,91.06729965025066,2.670000000000016,1.4300000000000068,1.5300000000000011,,0,4.451575435394654,5.382787216828469,7.250910194174763,,0,,,-1.6461928681553717,4.596181308510072,4.668148618609069,201.86,4.65897313920096,201.86,0,25,20,20,190.255,190.0881,190.17155,181.645,197.76,,,,,,198.61666666666667,201.00333333333336,204.2466666666667,206.63333333333338,195.37333333333333,192.98666666666665,189.7433333333333,0,0,0,0,0,0,0,0,0,0,0,0,0,0,0,0,0,0,0,0,0,0,,,,,,,,,,,,,,,,,,USD,1.0,stock,27.0
2026-01-20,198.67,201.5104,196.329,198.87,2228690,187.6505,184.0004,,189.900701140967,186.10218555559385,184.55786272678185,183.52204040613609,78.8216560509554,4.056936892689265,2.351058244337921,1.705878648351344,0,4.715100000000005,0.5,0.05,2014106.3,1738122.25,1.1065404045456786,1.2822400725840775,87.11762171477808,88.8784367130714,0.20000000000001705,2.6403999999999996,2.3409999999999798,,0,4.510131673471624,5.641625182279887,7.477045305978776,,0,,,0.5612864077670032,2.972091337441096,5.691964285714279,201.86,4.723152050067963,201.86,0,25,20,20,190.255,190.255,190.255,181.765,198.87,,,,,,198.90313333333333,201.47726666666665,204.08453333333333,206.65866666666665,196.29586666666665,193.72173333333333,191.11446666666666,0,0,0,0,0,0,0,0,0,0,0,0,0,0,0,0,0,0,0,0,0,0,,,,,,,,,,,,,,,,,,USD,1.0,stock,27.0
2026-01-21,197.67,198.3275,194.15,196.07,2100029,187.991,184.569,,190.48825341325585,186.4930802396882,184.785825841103,183.64689572547803,71.17144600366075,4.0270995350022645,2.68626650247079,1.3408330325314743,0,4.831528571428576,0.5,0.05,2046583.4,1665186.85,1.0261145477873026,1.261137151065059,75.05385609651005,81.50222605198901,1.5999999999999943,0.6574999999999989,1.9199999999999875,,0,2.846813172205919,4.120467180088734,5.865762227775797,,0,,,-1.4079549454417473,0.39940601157253397,3.5982246644827187,201.86,2.9302313852575432,201.86,0,25,20,20,190.255,190.255,190.255,182.94,196.07,,,,,,196.18249999999998,198.21499999999995,200.35999999999996,202.39249999999993,194.03749999999997,192.005,189.85999999999999,0,0,0,0,0,0,0,0,0,0,0,0,0,0,0,0,0,0,0,0,0,0,,,,,,,,,,,,,,,,,,USD,1.0,stock,27.0
2026-01-22,195.54,196.16,190.54,190.65,1688403,188.2045,184.9698,,190.50365785008864,186.6560967008769,184.9019481016752,183.71657835507526,61.41089760463281,3.5254651432531716,2.854106230627267,0.6713589126259047,0,5.095100000000004,0.5,0.05,2003373.1,1681874.0,0.8427801092068172,1.0038819792683638,51.70185264971993,71.29111015366935,4.889999999999986,0.6200000000000045,0.11000000000001364,,0,0.07675958558162191,1.2827170207185994,2.979386309992139,,0,,,-2.764318865711224,-4.253716351948578,2.2910183496083425,201.86,0.07681855118315992,201.86,0,25,20,20,192.93,190.255,191.5925,182.94,190.65,,,,,,192.45000000000002,194.36000000000004,198.07000000000002,199.98000000000005,188.74000000000004,186.83,183.12000000000003,0,0,0,0,0,0,0,0,0,0,0,0,0,0,0,0,0,0,0,0,0,0,,,,,,,,,,,,,,,,,,USD,1.0,stock,25.0
2026-01-23,191.36,192.76,189.11,191.2,2524488,188.6335,185.4156,,190.5699761500802,186.83428898711702,185.02666200065192,183.79104026198996,61.53240619260036,3.1361451480850633,2.910514014118826,0.22563113396623713,0,5.08974285714286,0.5,0.05,2114538.6,1720588.0,1.1938717978475304,1.4672239955178115,54.071520896165346,60.27574321413177,0.160000000000025,1.3999999999999773,2.089999999999975,,0,0.3295103817572073,1.3423117154811668,3.025313807531369,,0,,,0.28848675583528216,-4.908738250360578,4.6982805826305984,201.86,0.33059974222991745,201.86,0,25,20,20,195.485,190.255,192.87,182.94,191.2,,,,,,191.0233333333333,192.9366666666666,194.6733333333333,196.5866666666666,189.28666666666663,187.37333333333333,185.63666666666666,0,0,0,0,0,0,0,0,0,0,0,0,0,0,0,0,0,0,0,0,0,0,,,,,,,,,,,,,,,,,,USD,1.0,stock,25.0
2026-01-26,191.87,192.01,188.875,189.97,1491567,188.892,185.76059999999998,,190.51283556435828,186.95725804644576,185.12454988182714,183.85252244843784,63.5157096424702,2.697263155881103,2.867863842471282,-0.1706006865901788,0,4.940814285714288,0.5,0.05,2078133.8,1772243.15,0.7177434869689333,0.8416266131427846,48.772080999569106,51.51515151515145,1.9000000000000057,0.13999999999998636,1.0949999999999989,,0,-0.2857480467222639,0.5674580196873207,2.215823551087022,,0,,,-0.6433054393305437,-3.9391181229773475,2.7976190476190377,201.86,-0.2849338538005783,201.86,0,25,20,20,195.3675,190.255,192.81125,182.94,189.97,,,,,,190.285,191.695,193.42,194.82999999999998,188.56,187.15,185.425,0,0,0,0,0,0,0,0,0,0,0,0,0,0,0,0,0,0,0,0,0,0,,,,,,,,,,,,,,,,,,USD,1.0,stock,25.0
2026-01-27,189.76,191.905,188.79,191.63,1258118,189.2635,186.028,,190.61923217727653,187.14050282893808,185.2533706762464,183.9299102847718,66.30578294164246,2.4550933539449034,2.7853097447660065,-0.3302163908211031,0,4.936885714285716,0.5,0.05,2027251.6,1794412.35,0.6206027904972427,0.7011309301343138,55.924170616113685,52.922590837282705,1.8700000000000045,0.2750000000000057,0.9699999999999989,,0,0.5274580299136178,1.2349319000156562,2.9233418567030234,,0,,,0.8738221824498682,-3.640569216070799,4.033659066232365,201.86,0.5302549019730854,201.86,0,25,20,20,195.325,190.255,192.79,185.85000000000002,191.63,,,,,,190.775,192.76000000000002,193.89000000000001,195.87500000000003,189.645,187.66,186.53,0,0,0,0,0,0,0,0,0,0,0,0,0,0,0,0,0,0,0,0,0,0,,,,,,,,,,,,,,,,,,USD,1.0,stock,25.0
2026-01-28,191.63,193.04,189.36,192.0,1301669,189.825,186.3052,,190.75073387467876,187.3310713454503,185.38696729651875,184.01020968492335,65.92790387182912,2.266896576314622,2.6816271110757297,-0.4147305347611079,0,4.914742857142857,0.5,0.05,1974786.4,1766005.45,0.6591441990890762,0.7370696392811246,57.518311072813404,54.071520896165396,0.37000000000000455,1.039999999999992,2.269999999999982,,0,0.65065944027148,1.1328125000000058,2.9660416666666594,,0,,,0.19308041538381726,-2.075789258938132,6.212313990153229,201.86,0.6549207439180793,201.86,0,25,20,20,195.325,190.255,192.79,187.6225,192.0,,,,,,191.46666666666667,193.57333333333332,195.14666666666665,197.2533333333333,189.89333333333335,187.7866666666667,186.21333333333337,0,0,0,0,0,0,0,0,0,0,0,0,0,0,0,0,0,0,0,0,0,0,,,,,,,,,,,,,,,,,,USD,1.0,stock,25.0
2026-01-29,193.26,195.7,189.85,190.54,1963724,190.2425,186.532,,190.73066398185222,187.4569116848444,185.48900754807283,184.07518272288434,58.45749342681858,1.9771481428286108,2.540731317426306,-0.5635831745976954,0,4.848314285714285,0.5,0.05,1982313.4,1813791.4,0.9906223708118,1.0826625377096837,36.61814109742434,50.02020759545047,2.719999999999999,2.4399999999999977,0.6899999999999977,,0,-0.10006506867441226,0.15613519470976447,2.103495329064754,,0,,,-0.7604166666666745,-0.05769735116706309,4.583127504253803,201.86,-0.09996503858989687,201.86,0,25,20,20,195.325,190.255,192.79,188.71505000000002,190.54,,,,,,192.02999999999997,194.20999999999995,197.87999999999997,200.05999999999995,188.35999999999996,186.17999999999998,182.50999999999996,0,0,0,0,0,0,0,0,0,0,0,0,0,0,0,0,0,0,0,0,0,0,,,,,,,,,,,,,,,,,,USD,1.0,stock,25.0
2026-01-30,190.32,194.79,189.48,194.75,1401747,190.881,186.847,,191.11345788834248,187.74291514818384,185.6723935372199,184.18139981021884,58.32356389214538,2.063446114965444,2.445274276934134,-0.38182816196868963,1,4.768314285714284,0.5,0.05,1993038.3,1837650.7,0.7033216571904313,0.7627929508039804,45.600612088752854,46.579021419663526,4.430000000000007,0.03999999999999204,0.8400000000000034,,0,1.8672873487330008,1.9866495507060333,4.058023106546851,,0,,,2.2095098142122405,1.8566945606694585,7.017254643367399,201.86,1.9028184366703047,201.86,0,25,20,20,195.15019999999998,190.255,192.7026,188.71505000000002,194.75,,,,,,193.00666666666666,196.53333333333333,198.31666666666666,201.84333333333333,191.22333333333333,187.69666666666666,185.91333333333333,0,0,0,0,0,0,0,0,0,0,0,0,0,0,0,0,0,0,0,0,0,0,,,,,,,,,,,,,,,,,,USD,1.0,stock,25.0
2026-02-02,197.34,198.18,193.7,198.01,1672917,191.661,187.14860000000002,,191.77027142278607,188.14554592668642,185.91670257608683,184.31899782205744,57.32292917166866,2.367600410913525,2.429739503730012,-0.06213909281648711,1,4.672957142857143,0.5,0.05,1763135.2,1861671.3,0.9488308100252324,0.8986102971023939,70.54322876817126,50.92066065144948,0.6699999999999875,0.17000000000001592,3.640000000000015,,0,3.151218916829415,3.2064037169839854,5.485278521286792,,0,,,1.6739409499358038,4.232247196925831,8.552162710377708,201.86,3.2537517577255315,201.86,0,25,20,20,193.55874999999997,190.255,191.90687499999999,188.71505000000002,198.01,,,,,,196.63,199.56,201.11,204.04000000000002,195.07999999999998,192.14999999999998,190.59999999999997,0,0,0,0,0,0,0,0,0,0,0,0,0,0,0,0,0,0,0,0,0,0,,,,,,,,,,,,,,,,,,USD,1.0,stock,25.0
2026-02-03,196.19,204.41,195.715,201.47,2037068,192.73499999999999,187.52839999999998,,192.69405509680644,188.6680735374046,186.22468866368908,184.48965456014642,58.92547660311959,2.8549281309763614,2.514777229179282,0.34015090179707963,1,5.029742857142858,0.5,0.05,1743973.0,1879039.65,1.1680616615050807,1.084100593619725,81.17797695262486,65.77393926984966,5.280000000000001,2.9399999999999977,0.4749999999999943,,0,4.35595617371994,4.335633096738976,6.919938452375055,,0,,,1.747386495631531,5.134895371288417,11.933996333129615,204.41,4.55434128405501,204.41,0,25,20,20,196.6,191.53,194.065,189.99005,201.47,,,,,,200.53166666666667,205.34833333333333,209.22666666666666,214.04333333333332,196.65333333333334,191.83666666666667,187.95833333333334,0,0,0,0,0,0,0,0,0,0,0,0,0,0,0,0,0,0,0,0,0,0,,,,,,,,,,,,,,,,,,USD,1.0,stock,25.0
2026-02-04,203.14,205.96,202.0,205.79,3342838,194.0605,187.99099999999999,,193.94128794472962,189.33952163397697,186.6121205713388,184.70159829586638,59.498718313870675,3.5488181893620663,2.721585421215839,0.8272327681462275,1,4.826885714285715,0.5,0.05,1868253.9,1957418.65,1.7892846363120132,1.7077787626065584,99.00990099009891,83.57703557029834,2.6500000000000057,0.17000000000001592,1.1399999999999864,,0,5.757671439462738,5.6997424559016485,8.64910831430099,,0,,,2.1442398371966043,7.1822916666666625,14.786925479696556,205.96,6.109432488994853,205.96,0,25,20,20,197.375,192.305,194.84,190.76505,205.79,,,,,,204.58333333333334,207.16666666666669,208.54333333333335,211.1266666666667,203.20666666666668,200.62333333333333,199.24666666666667,0,0,0,0,0,0,0,0,0,0,0,0,0,0,0,0,0,0,0,0,0,0,,,,,,,,,,,,,,,,,,USD,1.0,stock,25.0
2026-02-05,218.85,225.55,215.9,224.38,5700300,196.276,188.75859999999997,,196.84021290237442,190.7136580404877,187.35999937190635,185.09640826307168,72.52173913043478,5.534984836936502,3.2842653043599714,2.2507195325765306,1,5.9511714285714294,0.5,0.05,2269443.6,2136408.35,2.5117610325279727,2.6681696876910257,96.81719260065285,92.33502351445885,5.530000000000001,1.170000000000016,2.9499999999999886,,0,12.273726311447357,12.525180497370524,15.87547909795883,,0,,,9.033480732785847,17.76005038312165,24.60709723996224,225.55,13.990935435171629,225.55,0,25,20,20,207.17000000000002,202.10000000000002,204.63500000000002,200.56005,224.38,,,,,,221.94333333333336,227.9866666666667,231.59333333333336,237.6366666666667,218.3366666666667,212.29333333333335,208.6866666666667,0,0,0,0,0,0,0,0,0,0,0,0,0,0,0,0,0,0,0,0,0,0,,,,,,,,,,,,,,,,,,USD,1.0,stock,28.5
2026-02-06,225.595,234.43,225.595,231.53,3831002,198.61499999999998,189.6732,,200.14400214976732,192.31429890164506,188.23465284969038,185.55843405149884,80.3741680158302,7.598391927350264,4.14709062895803,3.4513012983922335,1,6.266885714285714,0.5,0.05,2400095.0,2257316.8,1.596187650905485,1.6971485792335397,93.6459246275197,96.49100607275714,5.935000000000002,2.9000000000000057,0.0,,0,13.55590975261637,14.216300263464788,18.078348378179932,,0,,,3.1865585168018518,18.885750962772786,25.32070365358592,234.43,15.681707926848896,234.43,0,25,20,20,211.61,206.54000000000002,209.07500000000002,205.00005,231.53,,,,,,230.51833333333332,235.44166666666663,239.35333333333332,244.27666666666664,226.60666666666663,221.6833333333333,217.77166666666662,0,0,0,0,0,0,0,0,0,0,0,0,0,0,0,0,0,0,0,0,0,0,,,,,,,,,,,,,,,,,,USD,1.0,stock,30.25
2026-02-09,232.18,234.87,230.04,230.54,2482489,200.68849999999998,190.549,,203.0388590878847,193.81334600354134,189.07238249623114,186.0060118221307,78.54696232197583,9.049455694171854,5.127563642000795,3.921892052171059,1,6.241785714285716,0.5,0.05,2499187.2,2288660.5,0.9933185477262367,1.0846908049490085,90.60329861111109,93.6888052797612,1.6400000000000148,2.6899999999999977,0.5,,0,11.92901054572538,12.948512188774188,17.346664353257562,,0,,,-0.42759037705697445,16.428463208928832,21.933675358332884,234.87,13.54476726064123,234.87,0,25,20,20,212.115,206.76,209.4375,205.22005000000001,230.54,,,,,,231.81666666666663,233.59333333333328,236.64666666666665,238.4233333333333,228.76333333333326,226.98666666666662,223.93333333333325,0,0,0,0,0,0,0,0,0,0,0,0,0,0,0,0,0,0,0,0,0,0,,,,,,,,,,,,,,,,,,USD,1.0,stock,28.5
2026-02-10,230.5,231.585,227.29,229.0,2957998,202.482,191.365,,205.51134869856233,195.1932147877162,189.86302838739488,186.43381269952243,80.37262497694155,9.96035231268823,6.094121376138283,3.8662309365499468,0,6.211428571428574,0.5,0.05,2669175.2,2348213.4,1.108206759900961,1.259680231788133,87.26128472222221,90.50350265361766,1.5,1.085000000000008,1.710000000000008,,0,10.257052970060117,11.57991266375546,16.434497816593883,,0,,,-0.667996876897714,13.66456544398671,18.572981929270437,234.87,11.429369448540818,234.87,0,25,20,20,212.175,206.76,209.4675,205.22005000000001,229.0,,,,,,229.29166666666666,231.29333333333332,233.58666666666667,235.58833333333334,226.9983333333333,224.99666666666664,222.7033333333333,0,0,0,0,0,0,0,0,0,0,0,0,0,0,0,0,0,0,0,0,0,0,,,,,,,,,,,,,,,,,,USD,1.0,stock,30.25
2026-02-11,228.71,232.04,227.0001,230.85,3268803,204.26000000000002,192.22039999999998,,207.92455358441356,196.5915200901587,190.6746515876445,186.875764811965,89.69194312796209,10.708087813660455,7.0169146636427175,3.691173150017738,0,6.169992857142859,0.5,0.05,2865888.6,2420337.5,1.1405896935421704,1.3505566888915286,91.27604166666664,89.71354166666663,2.1399999999999864,1.1899999999999977,1.7099000000000046,,0,9.93088430391442,11.518301927658642,16.73363656053715,,0,,,0.8078602620087416,12.177462461732835,18.20881765579394,234.87,11.025848568807495,234.87,0,25,20,20,212.175,206.76,209.4675,205.22005000000001,230.85,,,,,,229.96336666666664,232.92663333333329,235.00326666666663,237.96653333333327,227.8867333333333,224.92346666666666,222.8468333333333,0,0,0,0,0,0,0,0,0,0,0,0,0,0,0,0,0,0,0,0,0,0,,,,,,,,,,,,,,,,,,USD,1.0,stock,28.75
2026-02-12,231.03,232.7567,226.09,226.26,2447176,205.61700000000002,193.04399999999998,,209.67078657637416,197.75498989054464,191.3793119522456,187.2676477491594,82.05925384052671,10.805737134209522,7.774679157756079,3.031057976453443,0,6.385471428571431,0.5,0.05,2914233.8,2448273.6,0.8397322136611003,0.9995516840928236,81.31510416666664,86.61747685185183,4.77000000000001,1.726699999999994,0.1699999999999875,,0,7.3319249640351085,9.123574648634303,14.680456112437025,,0,,,-1.9883040935672502,0.8378643372849659,13.62997187625552,234.87,7.912028992929394,234.87,0,25,20,20,214.285,206.76,210.52249999999998,205.22005000000001,226.26,,,,,,228.36890000000002,230.64780000000005,235.03560000000002,237.31450000000004,223.98110000000005,221.70220000000003,217.31440000000006,0,0,0,0,0,0,0,0,0,0,0,0,0,0,0,0,0,0,0,0,0,0,,,,,,,,,,,,,,,,,,USD,1.0,stock,28.75
2026-02-13,227.05,227.195,221.36,222.58,2200400,206.69250000000002,193.8402,,210.90023547386235,198.72851969875856,191.99714735913182,187.6190144382225,78.5401715385962,10.465539455047576,8.312851217214378,2.152688237833198,0,6.578328571428573,0.5,0.05,2994099.1,2493568.7,0.7349122144955055,0.8824300690011067,73.32899305555557,81.9733796296296,4.469999999999999,0.1449999999999818,1.2199999999999989,,0,5.247445649266627,7.137883008356541,12.9121214844101,,0,,,-1.6264474498364656,-3.865589772383704,10.697766946834442,234.87,5.538051913453257,234.87,0,25,20,20,215.29250000000002,206.76,211.02625,205.22005000000001,222.58,,,,,,223.71166666666667,226.06333333333333,229.54666666666665,231.8983333333333,220.22833333333335,217.8766666666667,214.39333333333337,0,0,0,0,0,0,0,0,0,0,0,0,0,0,0,0,0,0,0,0,0,0,,,,,,,,,,,,,,,,,,USD,1.0,stock,27.0
2026-02-17,221.08,222.055,214.62,219.4,2696965,207.7745,194.6156,,211.70973685730402,199.53916598508175,192.53977810449555,187.93524315028,73.67433930093777,9.826062191259155,8.615493412023334,1.210568779235821,0,6.924400000000001,0.5,0.05,3096503.9,2429819.55,0.8709709682587514,1.1099445635788057,66.00747088551967,73.55052270258062,1.6800000000000068,0.9749999999999943,4.780000000000001,,0,3.5051336110738296,5.298769371011858,11.296444849589793,,0,,,-1.4286997933327328,-4.832133252364013,10.942556634304212,234.87,3.632456048953172,234.87,0,25,20,20,218.435,209.435,213.935,205.22005000000001,219.4,,,,,,218.6916666666667,222.76333333333338,226.1266666666667,230.19833333333338,215.32833333333338,211.2566666666667,207.89333333333337,0,0,0,0,0,0,0,0,0,0,0,0,0,0,0,0,0,0,0,0,0,0,,,,,,,,,,,,,,,,,,USD,1.0,stock,27.0
2026-02-18,219.66,222.25,215.61,222.04,2469098,208.933,195.40720000000002,,212.6935714423227,200.42155163272562,193.12394091430752,188.2745939647051,74.65528562048588,9.42366761488637,8.777128252595942,0.6465393622904276,0,7.135828571428574,0.5,0.05,3139706.9,2441839.95,0.7864103493227346,1.011162914260617,71.73386208415948,70.35677534174489,2.3799999999999955,0.21000000000000796,4.049999999999983,,0,4.209344513455812,5.90299045217078,11.99459556836605,,0,,,1.2032816773017263,-3.039301310043674,11.65082717353043,234.87,4.394316431050107,234.87,0,25,20,20,224.745,211.82999999999998,218.2875,205.22005000000001,222.04,,,,,,219.96666666666667,224.32333333333332,226.60666666666665,230.9633333333333,217.68333333333334,213.32666666666668,211.04333333333335,0,0,0,0,0,0,0,0,0,0,0,0,0,0,0,0,0,0,0,0,0,0,,,,,,,,,,,,,,,,,,USD,1.0,stock,27.0
2026-02-19,222.66,223.485,218.75,219.91,1618365,210.125,196.15939999999998,,213.3808503525777,201.18580450987363,193.6543579259054,188.58937412426027,73.8431563565514,8.831094455450284,8.787921493166811,0.04317296228347267,0,7.056185714285718,0.5,0.05,2967259.6,2417756.75,0.545407284216049,0.6693663454770625,67.04119850187266,68.26084382385058,2.75,0.825000000000017,1.1599999999999966,,0,2.9690098892375456,4.449547542176344,10.800145514073948,,0,,,-0.9592866150243129,-4.739008013861811,12.158922833681851,234.87,3.0598573567561997,234.87,0,25,20,20,224.745,211.82999999999998,218.2875,205.22005000000001,219.91,,,,,,220.715,222.68,225.45000000000002,227.41500000000002,217.945,215.98,213.20999999999998,0,0,0,0,0,0,0,0,0,0,0,0,0,0,0,0,0,0,0,0,0,0,,,,,,,,,,,,,,,,,,USD,1.0,stock,27.0
2026-02-20,220.74,222.3,217.48,221.77,2742460,211.68099999999998,196.97920000000002,,214.17981698566555,201.9930278624276,194.21110331351122,188.91952960561093,72.80553679945984,8.414564550416912,8.713250104616831,-0.2986855541999187,0,7.0211857142857195,0.5,0.05,2671475.6,2470459.6,1.0265712327673888,1.1101011325989707,68.18071411221766,68.98525823274993,1.0300000000000011,0.5300000000000011,3.2600000000000193,,0,3.4225472400840764,4.549307841457377,11.178608468232849,,0,,,0.8458005547724134,-1.9844426765667778,16.323105166535544,234.87,3.5438367261479384,234.87,0,25,20,20,224.745,211.82999999999998,218.2875,205.22005000000001,221.77,,,,,,220.51666666666665,223.5533333333333,225.33666666666667,228.37333333333333,218.7333333333333,215.69666666666663,213.91333333333327,0,0,0,0,0,0,0,0,0,0,0,0,0,0,0,0,0,0,0,0,0,0,,,,,,,,,,,,,,,,,,USD,1.0,stock,27.0
2026-02-23,220.37,227.795,218.15,226.07,1890109,213.4245,197.925,,215.3122153679831,202.93722284821476,194.8419725548278,189.28918602744565,73.27471798274719,8.335350926240721,8.63767026894161,-0.3023193427008888,0,7.390114285714288,0.5,0.05,2477386.3,2438740.65,0.7629448019471167,0.7750348525170153,77.52522027838077,70.91571096415701,5.699999999999989,1.7249999999999943,2.219999999999999,,0,4.758607790514838,5.593621444685274,12.449683726279464,,0,,,1.9389457546106215,1.5679755593494438,18.23744769874478,234.87,4.996365214872325,234.87,0,25,20,20,223.68835,211.82999999999998,217.759175,205.22005000000001,226.07,,,,,,224.005,229.85999999999999,233.64999999999998,239.50499999999997,220.215,214.36,210.57000000000002,0,0,0,0,0,0,0,0,0,0,0,0,0,0,0,0,0,0,0,0,0,0,,,,,,,,,,,,,,,,,,USD,1.0,stock,27.0
2026-02-24,225.83,230.48,225.83,230.21,1619010,215.43650000000002,198.92800000000003,,216.73105199960375,204.0067435208338,195.54232953394012,189.69635830577954,73.5728346456693,8.508555626088537,8.611847340370996,-0.10329171428245942,1,7.101185714285715,0.5,0.05,2391038.4,2445112.8,0.6771158505860885,0.6621412312757106,85.82293885001523,77.17629108020454,4.3799999999999955,0.2699999999999818,0.0,,0,5.8550662440364265,6.417401502975537,13.588462707962288,,0,,,1.8312911929933229,4.927073837739293,21.182291940832766,234.87,6.219204805235247,234.87,0,25,20,20,223.68835,211.82999999999998,217.759175,205.22005000000001,230.21,,,,,,228.84,231.85,233.48999999999998,236.49999999999997,227.20000000000002,224.19000000000003,222.55000000000004,0,0,0,0,0,0,0,0,0,0,0,0,0,0,0,0,0,0,0,0,0,0,,,,,,,,,,,,,,,,,,USD,1.0,stock,27.0
2026-02-25,229.54,231.15,225.56,229.64,1666343,217.337,199.88920000000002,,217.9604756186891,205.01196926511483,196.21753092930763,190.09380747686635,70.84425799685368,8.501823631654872,8.589842598627772,-0.0880189669728999,1,7.179757142857143,0.5,0.05,2261872.9,2465524.05,0.7367093880474009,0.675857532194829,74.17283950617275,79.17366621152291,0.09999999999999432,1.5100000000000193,3.9799999999999898,,0,5.0860147976445305,5.3575161121755785,12.955408465424128,,0,,,-0.2476000173754489,3.422806701495218,19.835098888483003,234.87,5.358551520938888,234.87,0,25,20,20,223.68835,211.82999999999998,217.759175,206.5931,229.64,,,,,,228.78333333333333,232.00666666666666,234.37333333333333,237.59666666666666,226.41666666666666,223.19333333333333,220.82666666666665,0,0,0,0,0,0,0,0,0,0,0,0,0,0,0,0,0,0,0,0,0,0,,,,,,,,,,,,,,,,,,USD,1.0,stock,27.0
2026-02-26,230.43,232.6,229.75,231.5,1422310,219.31199999999998,200.88260000000002,,219.24995413119487,206.05071556844365,196.9161936831827,190.50580939251944,58.794466403162055,8.548038466424458,8.58148177218711,-0.03344330576265264,1,5.979757142857143,0.5,0.05,2077223.6,2471556.1,0.6847168499337288,0.5754714610766877,83.358024691358,81.11793434918198,1.0699999999999932,1.0999999999999943,0.6800000000000068,,0,5.291596487604808,5.264794816414694,13.225658747300207,,0,,,0.8099634210068096,5.2703378654904265,20.572916666666675,234.87,5.587251280096024,234.87,0,25,20,20,223.61,211.82999999999998,217.72,206.76,231.5,,,,,,231.28333333333333,232.81666666666666,234.13333333333333,235.66666666666666,229.96666666666667,228.43333333333334,227.11666666666667,0,0,0,0,0,0,0,0,0,0,0,0,0,0,0,0,0,0,0,0,0,0,,,,,,,,,,,,,,,,,,USD,1.0,stock,25.0
2026-02-27,232.17,236.78,232.17,236.28,2290091,221.599,201.84599999999998,,220.87186326155728,207.2361777030145,197.69567499638703,190.96127397567847,56.23196011545526,8.868143667837387,8.638814151317167,0.22932951652022027,1,5.639042857142856,0.5,0.05,2061515.1,2487874.45,1.1108776258781707,0.9205010325179391,97.74368231046931,85.09151550266667,4.110000000000014,0.5,0.0,,0,6.521134560031625,6.213390892161847,14.573387506348412,,0,,,2.0647948164146834,6.5428146277675125,24.00545817151254,236.78,6.976052318713112,236.78,0,25,20,20,225.7,212.785,219.2425,207.715,236.28,,,,,,235.07666666666668,237.98333333333338,239.6866666666667,242.5933333333334,233.37333333333336,230.46666666666667,228.76333333333335,0,0,0,0,0,0,0,0,0,0,0,0,0,0,0,0,0,0,0,0,0,0,,,,,,,,,,,,,,,,,,USD,1.0,stock,25.0
2026-03-02,235.43,239.48,234.74,235.69,1073134,223.64600000000002,202.7968,,222.2831143795042,208.35201387152375,198.4480378677457,191.40633592616925,56.82842747281889,8.970811347943368,8.705213590642407,0.26559775730096113,1,5.632614285714283,0.5,0.05,1948788.5,2471443.8,0.5506672478824665,0.43421339380648677,84.7546259050684,88.61877763563189,0.2599999999999909,3.789999999999992,0.6899999999999977,,0,5.688355730194656,5.110102252959389,13.956128813271674,,0,,,-0.24970374132385897,4.255319148936176,21.02182284980745,239.48,6.0314458243581175,239.48,0,25,20,20,227.54500000000002,214.135,220.84,209.065,235.69,,,,,,236.63666666666668,238.53333333333336,241.37666666666667,243.27333333333334,233.79333333333338,231.8966666666667,229.0533333333334,0,0,0,0,0,0,0,0,0,0,0,0,0,0,0,0,0,0,0,0,0,0,,,,,,,,,,,,,,,,,,USD,1.0,stock,25.0
2026-03-03,234.04,236.655,232.74,234.16,1168397,225.4535,203.7012,,223.41424634336093,209.36409175891498,199.15520543472104,191.83174551894368,56.84350132625994,8.82696623864814,8.729564120243554,0.09740211840458635,0,5.605471428571424,0.5,0.05,1795931.7,2446217.8,0.650579863365628,0.4776340847491176,78.60016090104587,87.03282303886118,0.12000000000000455,2.4950000000000045,1.299999999999983,,0,4.589064595421536,3.718184147591393,13.007687051588658,,0,,,-0.6491577920149316,1.7158246818122613,18.25665370435836,239.48,4.809788915664819,239.48,0,25,20,20,228.48,214.135,221.3075,209.065,234.16,,,,,,234.51833333333332,236.29666666666662,238.4333333333333,240.21166666666662,232.38166666666663,230.60333333333332,228.46666666666664,0,0,0,0,0,0,0,0,0,0,0,0,0,0,0,0,0,0,0,0,0,0,,,,,,,,,,,,,,,,,,USD,1.0,stock,25.0
2026-03-04,234.96,236.02,230.18,232.05,1249102,226.98250000000002,204.579,,224.23669907256465,210.2537352193497,199.80658750532064,192.2319271555711,51.58061116965229,8.445355782776943,8.672722452750232,-0.22736666997328925,0,5.662621428571425,0.5,0.05,1673932.1,2406819.5,0.7462082840755607,0.5189844938517408,70.11263073209983,77.82247251273803,2.9099999999999966,1.0600000000000023,1.8700000000000045,,0,3.3670764608641948,2.183796595561299,11.838396897220429,,0,,,-0.9010932695592722,1.0494687336701114,15.178438477192646,239.48,3.4843988337996907,239.48,0,25,20,20,228.48,214.135,221.3075,209.065,232.05,,,,,,232.75,235.32,238.59,241.16,229.48,226.91,223.64,0,0,0,0,0,0,0,0,0,0,0,0,0,0,0,0,0,0,0,0,0,0,,,,,,,,,,,,,,,,,,USD,1.0,stock,25.0
2026-03-05,229.21,229.84,225.22,226.58,1765500,228.022,205.3254,,224.45987058946326,210.89398089702226,200.3367540893737,192.5736990246699,50.41194644696193,7.613776584783551,8.460933279156896,-0.8471566943733446,0,5.674285714285712,0.5,0.05,1688645.6,2327952.6,1.0455124509251674,0.7583917301408971,48.109412711182685,65.60740144810946,2.6299999999999955,0.6299999999999955,1.3600000000000136,,0,0.9357089816121229,-0.6364198075734746,9.380616117927447,,0,,,-2.357250592544713,-2.1252699784017226,10.102531707080043,239.48,0.944547194547065,239.48,0,25,20,20,228.815,214.42000000000002,221.6175,209.065,226.58,,,,,,227.21333333333334,229.20666666666668,231.83333333333334,233.82666666666668,224.58666666666667,222.59333333333333,219.96666666666667,0,0,0,0,0,0,0,0,0,0,0,0,0,0,0,0,0,0,0,0,0,0,,,,,,,,,,,,,,,,,,USD,1.0,stock,25.0
2026-03-06,225.61,227.29,224.03,224.99,1270458,228.0525,206.09760000000003,,224.51035910475247,211.44676595988412,200.82493717671284,192.8962492831309,53.27891156462585,6.748650129549048,8.118476649235326,-1.3698265196862778,0,5.490357142857142,0.5,0.05,1541445.4,2106460.5,0.8241991574920526,0.6031245304623561,41.713596138374946,53.31187986055247,0.6200000000000045,1.6799999999999784,0.960000000000008,,0,0.21318320603028654,-1.3611716076270055,8.396995422018747,,0,,,-0.7017389001677143,-4.778229219569996,0.2718602370977763,239.48,0.21363864774887734,239.48,0,25,20,20,231.755,214.48,223.1175,209.065,224.99,,,,,,225.43666666666664,226.84333333333328,228.69666666666663,230.10333333333327,223.5833333333333,222.17666666666665,220.3233333333333,0,0,0,0,0,0,0,0,0,0,0,0,0,0,0,0,0,0,0,0,0,0,,,,,,,,,,,,,,,,,,USD,1.0,stock,25.0
2026-03-09,223.88,224.92,220.22,222.78,2150428,227.61499999999995,206.9008,,224.34556299953795,211.8912065104769,201.25969089598584,193.19360003653262,54.72330911123532,5.817640512148245,7.65830942181791,-1.8406689096696658,0,5.262499999999998,0.5,0.05,1567477.3,2022431.8,1.3719037589890457,1.0632882651469384,30.037704231252597,39.953571026936736,1.0999999999999943,1.039999999999992,2.5600000000000023,,0,-0.7027394737130557,-2.170302540623014,7.127749349133674,,0,,,-0.9822658784834903,-5.477534048962617,-3.7792078780287675,239.48,-0.6978355081357994,239.48,0,25,20,20,229.85,214.48,222.165,209.065,222.78,,,,,,222.64,225.05999999999997,227.33999999999997,229.75999999999996,220.35999999999999,217.94,215.66,0,0,0,0,0,0,0,0,0,0,0,0,0,0,0,0,0,0,0,0,0,0,,,,,,,,,,,,,,,,,,USD,1.0,stock,25.0
2026-03-10,219.78,222.25,216.58,219.0,1569207,227.038,207.58480000000003,,223.83646176148673,212.16998272575233,201.61098414557028,193.4503801356716,45.88299024918746,4.720380663618812,7.070723670178091,-2.350343006559279,0,5.231071428571427,0.5,0.05,1562497.0,1976767.7,1.0042944082452638,0.7938246866336394,10.567685589519607,27.439661986382376,0.7800000000000011,2.469999999999999,2.4199999999999875,,0,-2.2084300280761333,-3.6703196347032017,5.212420091324187,,0,,,-1.6967411796391052,-6.474205671335842,-5.005638934675105,239.48,-2.16071221079268,239.48,0,25,20,20,228.03,216.58999999999997,222.31,209.065,219.0,,,,,,219.27666666666667,221.97333333333333,224.94666666666666,227.64333333333332,216.30333333333334,213.60666666666668,210.63333333333335,0,0,0,0,0,0,0,0,0,0,0,0,0,0,0,0,0,0,0,0,0,0,,,,,,,,,,,,,,,,,,USD,1.0,stock,25.0
2026-03-11,218.08,219.14,214.85,217.85,1283500,226.48049999999998,208.25779999999997,,223.26632254610706,212.392728501213,201.93254881595504,193.69316242287886,47.13411240957151,3.715172740541732,6.399613484250819,-2.6844407437090876,0,5.199285714285712,0.5,0.05,1524212.7,1893042.8,0.842074075357068,0.6780089705314639,12.180267965895252,17.595219262222475,0.2300000000000182,1.0599999999999739,3.0,,0,-2.4862623576346423,-3.961670874454893,4.403121413816856,,0,,,-0.5251141552511496,-6.11937082525319,-4.868995633187778,239.48,-2.4259469517569245,239.48,0,25,20,20,227.165,217.5975,222.38125,209.065,217.85,,,,,,217.28,219.71,221.57,224.0,215.42000000000002,212.99,211.13000000000002,0,0,0,0,0,0,0,0,0,0,0,0,0,0,0,0,0,0,0,0,0,0,,,,,,,,,,,,,,,,,,USD,1.0,stock,25.0
2026-03-12,217.01,219.69,214.66,215.64,1423418,225.72000000000003,208.9552,,222.5400061131445,212.5200724815576,202.20398349286683,193.91153891618356,41.55414714797463,2.7089822282671605,5.661487233054088,-2.9525050047869277,0,5.21428571428571,0.5,0.05,1524323.5,1800773.55,0.9338030936346517,0.7904480827142313,3.94842868654307,8.898794080652634,1.3700000000000045,2.680000000000007,0.9799999999999898,,0,-3.1997802416733974,-4.6744574290484335,3.099981450565756,,0,,,-1.0144594904751059,-4.82831670933005,-6.5886939571150105,239.48,-3.100568852162424,239.48,0,25,20,20,227.07,220.74,223.905,209.065,215.64,,,,,,216.66333333333333,218.66666666666666,221.69333333333333,223.69666666666666,213.63666666666666,211.63333333333333,208.60666666666665,0,0,0,0,0,0,0,0,0,0,0,0,0,0,0,0,0,0,0,0,0,0,,,,,,,,,,,,,,,,,,USD,1.0,stock,25.0
2026-03-13,218.3,219.99,216.22,217.09,1160485,225.2615,209.6532,,222.02095791189262,212.6992853254181,202.4987560969685,194.14217036975387,36.572966507177085,2.005454251661547,4.9302806367755805,-2.9248263851140335,1,4.836071428571428,0.5,0.05,1411362.9,1736439.0,0.8222442293190505,0.6683131397071823,9.790491539081415,8.639729397173236,1.210000000000008,1.6899999999999977,0.8700000000000045,,0,-2.2713887843256804,-3.7641070523745954,3.4256759869178706,,0,,,0.6724169912817768,-3.511267167429666,-4.0528595421196805,239.48,-2.2209425444643984,239.48,0,25,20,20,225.6575,227.05,226.35375,209.065,217.09,,,,,,217.76666666666668,219.31333333333336,221.5366666666667,223.08333333333337,215.54333333333335,213.99666666666667,211.77333333333334,0,0,0,0,0,0,0,0,0,0,0,0,0,0,0,0,0,0,0,0,0,0,,,,,,,,,,,,,,,,,,USD,1.0,stock,25.0
2026-03-16,219.22,221.38,218.0101,220.11,1403260,225.138,210.4158,,221.8389619202838,212.9899015871664,202.8474935999988,194.40055673423393,34.37500000000006,1.6723146203989074,4.278687433500246,-2.6063728131013386,1,4.810357142857143,0.5,0.05,1444375.5,1696582.0,0.9715340643759188,0.8271100365322749,21.958098307816353,11.899006177813604,0.8900000000000148,1.2699999999999818,1.2099000000000046,,0,-0.7854990324309572,-2.2843123892599118,4.4042524192449335,,0,,,1.391128103551531,-1.1984917856180943,-1.1097133614880073,239.48,-0.7793770333748089,239.48,0,25,20,20,225.34,227.05,226.195,209.065,220.11,,,,,,219.83336666666665,221.6566333333333,223.20326666666665,225.0265333333333,218.2867333333333,216.46346666666665,214.9168333333333,0,0,0,0,0,0,0,0,0,0,0,0,0,0,0,0,0,0,0,0,0,0,,,,,,,,,,,,,,,,,,USD,1.0,stock,25.0
2026-03-17,220.93,221.02,214.81,217.71,1183783,225.05349999999999,211.1218,,221.44572745168531,213.17500348570888,203.14180065742457,194.6324914930973,32.53294289897518,1.2007970788638147,3.66310936257296,-2.4623122837091453,1,4.854642857142857,0.5,0.05,1445914.1,1620922.9,0.8187090782225582,0.7303141932290549,12.288477034649526,14.679022293849089,3.219999999999999,0.09000000000000341,2.9000000000000057,,0,-1.715919090388731,-3.373065086583059,3.0261356850856647,,0,,,-1.0903639089546169,-0.589041095890408,-0.7702825888787568,239.48,-1.6869720155248253,239.48,0,25,20,20,222.25,227.05,224.65,209.065,217.71,,,,,,217.8466666666667,220.88333333333338,224.0566666666667,227.0933333333334,214.67333333333337,211.63666666666668,208.46333333333337,0,0,0,0,0,0,0,0,0,0,0,0,0,0,0,0,0,0,0,0,0,0,,,,,,,,,,,,,,,,,,USD,1.0,stock,25.0
2026-03-18,216.71,218.165,212.21,212.72,1813170,224.5875,211.7764,,220.61470578962005,213.15716021175953,203.33146797113895,194.8124667021212,24.812231759656683,0.4196275283292721,3.0144129957242227,-2.5947854673949506,0,5.068571428571427,0.5,0.05,1502320.9,1588126.5,1.206912584388595,1.1417037622632706,1.8701870187018381,12.038920787055895,3.990000000000009,1.454999999999984,0.5099999999999909,,0,-3.711313364808221,-5.578930048890564,0.4435878149680348,,0,,,-2.2920398695512434,-2.3548313059444603,-4.197441902359933,239.48,-3.578503872334106,239.48,0,25,20,20,219.75,225.845,222.7975,209.065,212.72,,,,,,214.365,216.52,220.32,222.475,210.56500000000003,208.41000000000003,204.61000000000004,0,0,0,0,0,0,0,0,0,0,0,0,0,0,0,0,0,0,0,0,0,0,,,,,,,,,,,,,,,,,,USD,1.0,stock,27.0
2026-03-19,212.19,212.71,209.13,210.58,2274955,224.121,212.40239999999997,,219.65901952394194,213.056095105416,203.47500325883917,194.96935758070708,12.904157043879962,-0.36789422811031613,2.3379515509573148,-2.705845779067631,0,4.947857142857141,0.5,0.05,1553266.4,1620956.0,1.4646264156618596,1.4034649922638245,4.777594728171391,6.312086260507576,1.6099999999999852,0.5200000000000102,1.450000000000017,,0,-4.3114348579836275,-6.430335264507549,-0.8654193180738716,,0,,,-1.006017299736739,-2.3465034316453193,-4.2426447182938425,239.48,-4.133233200994211,239.48,0,25,20,20,217.02499999999998,224.305,220.665,209.065,210.58,,,,,,210.8066666666667,212.4833333333334,214.3866666666667,216.06333333333342,208.9033333333334,207.2266666666667,205.32333333333338,0,0,0,0,0,0,0,0,0,0,0,0,0,0,0,0,0,0,0,0,0,0,,,,,,,,,,,,,,,,,,USD,1.0,stock,28.75
2026-03-20,211.69,212.37,208.98,210.14,5666597,223.5395,213.00379999999998,,218.75244623594745,212.9417384346154,203.6069833923275,195.12030924657068,12.960278341548332,-1.0158056415247074,1.6672001124609104,-2.6830057539856176,1,4.851428571428572,0.5,0.05,1992880.3,1767162.85,2.8434206510044784,3.206607133009841,4.19150858175247,3.613096776208557,1.5500000000000114,0.6800000000000068,1.1599999999999966,,0,-4.098432585870115,-6.376463310174178,-1.3628057485485856,,0,,,-0.2089467185867777,-3.2014371919480533,-5.244171889795746,239.48,-3.937074251804267,239.48,0,25,20,20,215.615,224.23,219.9225,209.065,210.14,,,,,,210.49666666666667,212.01333333333335,213.88666666666668,215.40333333333336,208.62333333333333,207.10666666666665,205.23333333333332,0,0,0,0,0,0,0,0,0,0,0,0,0,0,0,0,0,0,0,0,0,0,,,,,,,,,,,,,,,,,,USD,1.0,stock,28.75
2026-03-23,211.3,216.39,210.26,215.17,1712721,222.99449999999996,213.61219999999997,,218.41126088014292,213.02912124110105,203.835954018222,195.3198086570526,25.006580679126117,-1.1105988498519537,1.1116403199983376,-2.2222391698502912,1,5.018214285714287,0.5,0.05,1949109.6,1758293.45,0.8787196984715482,0.9740814310603273,22.8920118343195,10.620371714747778,3.869999999999976,1.2199999999999989,1.0400000000000205,,0,-1.506372115138231,-3.6364270112004333,0.723985685736866,,0,,,2.393642333682311,-2.244332379264924,-4.82151545981333,239.48,-1.4840172924607726,239.48,0,25,20,20,215.18,224.23,219.70499999999998,209.065,215.17,,,,,,213.93999999999997,217.61999999999995,220.06999999999996,223.74999999999994,211.48999999999995,207.80999999999997,205.35999999999996,0,0,0,0,0,0,0,0,0,0,0,0,0,0,0,0,0,0,0,0,0,0,,,,,,,,,,,,,,,,,,USD,1.0,stock,27.0
2026-03-24,214.28,217.39,212.3,215.2,1171373,222.24399999999997,214.13479999999998,,218.10542651060553,213.11425374145003,204.06098463172253,195.51762150623614,26.538568643831823,-1.169817473471852,0.6553487613042998,-1.8251662347761517,1,4.964642857142857,0.5,0.05,1909326.2,1735911.6,0.613500720830207,0.6747883936025313,29.817833173537846,18.96711786320326,0.9199999999999875,2.1899999999999977,1.9799999999999898,,0,-1.3501052558575917,-3.2732342007434863,0.49498141263940726,,0,,,0.013942464098160023,-1.1529098341830912,-6.520133790886595,239.48,-1.3321202306097866,239.48,0,25,20,20,215.18,224.23,219.70499999999998,209.065,215.2,,,,,,214.96333333333334,217.62666666666667,220.0533333333333,222.71666666666664,212.5366666666667,209.87333333333336,207.44666666666672,0,0,0,0,0,0,0,0,0,0,0,0,0,0,0,0,0,0,0,0,0,0,,,,,,,,,,,,,,,,,,USD,1.0,stock,27.0
2026-03-25,215.84,217.64,212.18,217.0,1170979,221.612,214.6122,,218.00014779530974,213.26663594766768,204.31720275782703,195.73137651612436,35.14267990074444,-1.059292834160118,0.3124204422114162,-1.3717132763715343,1,4.866785714285712,0.5,0.05,1898074.1,1711143.4,0.6169300766497999,0.6843254633130105,43.80120152921906,32.170348845692125,1.1599999999999966,0.6399999999999864,3.6599999999999966,,0,-0.4608976015252274,-2.1253456221198133,1.1003686635944694,,0,,,0.8364312267657992,2.012034599473478,-5.504267549207453,239.48,-0.45878308130727863,239.48,0,25,20,20,215.18,224.23,219.70499999999998,211.74,217.0,,,,,,215.60666666666665,219.0333333333333,221.06666666666663,224.49333333333328,213.57333333333332,210.14666666666668,208.11333333333334,0,0,0,0,0,0,0,0,0,0,0,0,0,0,0,0,0,0,0,0,0,0,,,,,,,,,,,,,,,,,,USD,1.0,stock,25.0
2026-03-26,215.28,217.16,209.95,210.43,2009783,220.5585,214.915,,217.27918133861357,213.15539532226896,204.43824824777104,195.87763147616295,30.44062332079531,-1.4847303066747202,-0.047009707565811104,-1.437720599108909,0,5.14892857142857,0.5,0.05,1956710.6,1740517.05,1.0271232751537196,1.1547045747124396,9.096612296110523,27.571882332955795,4.849999999999994,1.8799999999999955,0.4800000000000182,,0,-3.2548502298215856,-4.813239557097373,-2.1313500926673883,,0,,,-3.02764976958525,-0.07123183588185755,-9.101511879049673,239.48,-3.1522492382459864,239.48,0,25,20,20,215.18,224.23,219.70499999999998,214.135,210.43,,,,,,212.51333333333332,215.07666666666665,219.72333333333333,222.28666666666666,207.86666666666665,205.3033333333333,200.65666666666664,0,0,0,0,0,0,0,0,0,0,0,0,0,0,0,0,0,0,0,0,0,0,,,,,,,,,,,,,,,,,,USD,1.0,stock,25.0
2026-03-27,210.93,216.075,210.445,213.73,1715047,219.43100000000004,215.2072,,216.94116406826942,213.17792883904272,204.62224333197358,196.05526698386282,38.18846254241713,-1.5378823970303301,-0.3451842454587149,-1.1926981515716153,1,5.211428571428568,0.5,0.05,2012166.8,1711764.85,0.8523383846706942,1.0019174070550636,35.79502637528257,29.564280066870708,2.799999999999983,2.344999999999999,0.48500000000001364,,0,-1.5024395584473054,-2.667384082721214,-0.6911523885275865,,0,,,1.5682174594876974,1.708384886266301,-9.543761638733706,239.48,-1.4802004414703434,239.48,0,25,20,20,215.0,224.23,219.615,214.135,213.73,,,,,,213.41666666666666,216.38833333333332,219.04666666666665,222.01833333333332,210.75833333333333,207.78666666666666,205.12833333333333,0,0,0,0,0,0,0,0,0,0,0,0,0,0,0,0,0,0,0,0,0,0,,,,,,,,,,,,,,,,,,USD,1.0,stock,25.0
2026-03-30,213.55,215.28,211.38,213.55,1617398,218.32399999999998,215.45679999999996,,216.61819606176758,213.19251986496263,204.79903059272658,196.22934392929702,42.14923653125903,-1.5763590217017907,-0.5914192007073301,-0.9849398209944605,1,5.0471428571428545,0.5,0.05,2033580.6,1738978.05,0.7953449201865911,0.9300853452405566,36.85483870967758,27.248825793690212,0.0,1.7299999999999898,2.170000000000016,,0,-1.4367576969176143,-2.235542027628177,-0.8929056427066014,,0,,,-0.08421840640059353,-0.7528930613003526,-9.393695107980815,236.655,-1.4164073552217584,236.655,0,25,20,20,213.5725,224.23,218.90125,214.135,213.55,,,,,,213.40333333333334,215.42666666666668,217.30333333333334,219.32666666666668,211.52666666666667,209.50333333333333,207.62666666666667,0,0,0,0,0,0,0,0,0,0,0,0,0,0,0,0,0,0,0,0,0,0,,,,,,,,,,,,,,,,,,USD,1.0,stock,25.0
2026-03-31,215.07,215.19,205.54,207.89,2473282,217.0105,215.65940000000003,,215.7869392939802,212.9845779094739,204.8602379077221,196.34537035786124,37.30239673635901,-2.0400502914962146,-0.8811454188651071,-1.1589048726311075,0,5.429999999999999,0.5,0.05,2162530.5,1804222.3,1.1436980888824457,1.3708299692338355,14.835858585858547,29.16190789027289,7.180000000000007,0.12000000000000455,2.3499999999999943,,0,-3.798614312367219,-4.387175910337207,-3.7372648997065987,,0,,,-2.650433153828158,-3.3968401486988875,-11.218824735223787,236.02,-3.6596002148312183,236.02,0,25,20,20,211.58999999999997,222.51,217.04999999999998,214.135,207.89,,,,,,209.54,213.54,219.19,223.19,203.89,199.89,194.23999999999998,0,0,0,0,0,0,0,0,0,0,0,0,0,0,0,0,0,0,0,0,0,0,,,,,,,,,,,,,,,,,,USD,1.0,stock,25.0
2026-04-01,203.39,205.21,199.62,202.89,2245649,215.5525,215.7398,,214.55865936122018,212.5887121091024,204.82122329568801,196.41049105081785,34.82504165674841,-2.778953134879316,-1.260706962067949,-1.5182461728113672,0,5.661428571428568,0.5,0.05,2205778.4,1854049.65,1.018075523815085,1.211212979113046,15.027573529411688,22.239423608315928,0.5,1.8200000000000216,3.269999999999982,,0,-5.751224486776181,-6.241066587806212,-6.3333826211247555,,0,,,-2.405118091298286,-6.502304147465443,-12.566257272139636,229.84,-5.438447180812882,229.84,0,25,20,20,208.63,219.55,214.09,214.135,202.89,,,,,,202.57333333333335,205.5266666666667,208.16333333333336,211.1166666666667,199.9366666666667,196.98333333333335,194.3466666666667,0,0,0,0,0,0,0,0,0,0,0,0,0,0,0,0,0,0,0,0,0,0,,,,,,,,,,,,,,,,,,USD,1.0,stock,25.0
2026-04-02,202.8,206.49,200.825,206.19,1686227,214.533,215.9422,,213.76164418396112,212.33778222247096,204.84832778488231,196.50779959757588,37.57409940720475,-3.062948774169456,-1.6211553244882504,-1.4417934496812057,1,5.75535714285714,0.5,0.05,2146905.6,1850086.0,0.7854220511605168,0.9114316847973554,30.193014705882334,20.018815607050847,3.3899999999999864,0.30000000000001137,1.9750000000000227,,0,-3.672168477598878,-4.0462680052378825,-4.7297153111208186,,0,,,1.626497116664205,-2.0149218267357383,-8.999029040515493,227.29,-3.542096718457613,227.29,0,25,20,20,208.63,219.55,214.09,214.135,206.19,,,,,,204.50166666666667,208.17833333333334,210.16666666666669,213.84333333333336,202.51333333333332,198.83666666666664,196.8483333333333,0,0,0,0,0,0,0,0,0,0,0,0,0,0,0,0,0,0,0,0,0,0,,,,,,,,,,,,,,,,,,USD,1.0,stock,25.0
2026-04-06,205.45,208.835,204.99,207.97,1474497,213.68200000000002,216.2886,,213.21005902358388,212.16649664511917,204.91014307627077,196.62185134287364,35.757860159549494,-3.1085527790358753,-1.9186348153977755,-1.1899179636380999,1,5.723571428571426,0.5,0.05,1727695.6,1860287.95,0.8534472160489383,0.7926176159986416,39.01869158878501,28.07975994135967,2.5200000000000102,0.8650000000000091,0.45999999999997954,,0,-2.5196225530527876,-2.746549983170658,-3.9999038322835045,,0,,,0.8632814394490484,-2.6949890048191594,-7.56478065691809,224.92,-2.4576978438921877,224.92,0,25,20,20,208.63,219.55,214.09,214.135,207.97,,,,,,207.26500000000001,209.54000000000002,211.11,213.38500000000002,205.69500000000002,203.42000000000002,201.85000000000002,0,0,0,0,0,0,0,0,0,0,0,0,0,0,0,0,0,0,0,0,0,0,,,,,,,,,,,,,,,,,,USD,1.0,stock,25.0
2026-04-07,207.64,208.84,205.95,206.98,1781870,212.892,216.6042,,212.61672006895685,211.9631046198204,204.95113034208717,196.72491749866595,36.981315214753685,-3.1878316685575783,-2.1724741860297363,-1.015357482527842,1,5.486428571428569,0.5,0.05,1734610.5,1841860.05,1.0272450212886408,0.9674296372300382,39.68724723645182,36.29965117703971,0.6599999999999966,1.200000000000017,1.0300000000000011,,0,-2.7233162957565282,-2.8563146197700293,-4.649821238767031,,0,,,-0.47603019666297985,-3.076562865839394,-7.092198581560294,222.25,-2.651117968111226,222.25,0,25,20,20,208.63,219.55,214.09,214.135,206.98,,,,,,207.25666666666666,208.56333333333333,210.14666666666668,211.45333333333335,205.67333333333332,204.36666666666665,202.7833333333333,0,0,0,0,0,0,0,0,0,0,0,0,0,0,0,0,0,0,0,0,0,0,,,,,,,,,,,,,,,,,,USD,1.0,stock,25.0
2026-04-08,207.32,209.02,206.27,208.99,1283842,212.3915,216.98460000000003,,212.27131815762763,211.84651228178822,205.03110795907554,196.84695812056978,45.12163222600055,-3.0532743122733734,-2.3486342112784637,-0.7046401009949097,1,5.257499999999999,0.5,0.05,1745857.4,1827591.8,0.7353647554490992,0.7024774350596232,51.99778024417322,43.56790635647,1.670000000000016,0.030000000000001137,1.049999999999983,,0,-1.5700838114874507,-1.6275898368342974,-3.8253504952390163,,0,,,0.9711083196444203,0.5291259800856318,-4.570776255707754,221.38,-1.5458132479259372,221.38,0,25,20,20,208.39,218.1375,213.26375,214.135,208.99,,,,,,208.09333333333333,209.91666666666666,210.84333333333333,212.66666666666666,207.16666666666666,205.34333333333333,204.41666666666666,0,0,0,0,0,0,0,0,0,0,0,0,0,0,0,0,0,0,0,0,0,0,,,,,,,,,,,,,,,,,,USD,1.0,stock,25.0
2026-04-09,207.6,210.92,207.0,210.84,1489457,212.041,217.36879999999996,,212.13500214261546,211.8070412119142,205.14613552424237,196.9861923681263,50.34264628360568,-2.7654783856999927,-2.4320030461627695,-0.3334753395372232,1,5.281071428571427,0.5,0.05,1777705.2,1837889.65,0.8378537678800737,0.8104169910309904,62.26415094339629,51.316392808007095,3.240000000000009,0.07999999999998408,0.5999999999999943,,0,-0.6142108435854009,-0.5696262568772498,-3.096566116486417,,0,,,0.8852098186516111,3.918379417418305,-3.217810420013767,221.38,-0.6104613239378793,221.38,0,25,20,20,207.8475,217.82,212.83375,214.135,210.84,,,,,,209.58666666666667,212.17333333333335,213.50666666666666,216.09333333333333,208.25333333333336,205.66666666666669,204.33333333333337,0,0,0,0,0,0,0,0,0,0,0,0,0,0,0,0,0,0,0,0,0,0,,,,,,,,,,,,,,,,,,USD,1.0,stock,25.0
2026-04-10,210.79,211.09,202.19,202.31,1885525,211.37449999999998,217.575,,211.19928765284254,211.43460822321168,205.08997442475243,197.0391655783937,41.4946773843146,-3.1889376639037437,-2.5833899697109644,-0.6055476941927793,0,5.674642857142855,0.5,0.05,1765279.4,1860995.0,1.0681170357508278,1.0131811208520174,14.927857935627083,43.06326304106552,8.47999999999999,0.30000000000001137,0.12000000000000455,,0,-4.393894346716692,-4.480500222430914,-7.545351193712612,,0,,,-4.045721874407137,-1.8817595421698363,-6.181598961231671,221.38,-4.2089572136503834,221.38,0,25,20,20,207.45,214.73000000000002,211.09,214.135,202.31,,,,,,205.19666666666663,208.20333333333326,214.09666666666664,217.10333333333327,199.30333333333326,196.29666666666662,190.40333333333325,0,0,0,0,0,0,0,0,0,0,0,0,0,0,0,0,0,0,0,0,0,0,,,,,,,,,,,,,,,,,,USD,1.0,stock,25.0
2026-04-13,200.24,201.37,196.845,197.61,2357780,210.40050000000002,217.7164,,209.90506978114325,210.89246672426222,204.94185611931178,197.0448455228873,30.787746170678375,-3.8592953586343413,-2.8385710474956403,-1.020724311138701,0,5.6185714285714266,0.5,0.05,1829552.7,1920859.75,1.2887193684008118,1.2274607763528804,3.678768934840179,26.95692593795451,2.6299999999999955,1.1299999999999955,0.7650000000000148,,0,-6.221886433451364,-6.472597540610297,-10.174788725266929,,0,,,-2.323167416341254,-4.9814877145742065,-8.9732369063522,221.38,-5.8574429831364485,221.38,0,25,20,20,206.01749999999998,212.0675,209.0425,214.42000000000002,197.61,,,,,,198.60833333333335,200.3716666666667,203.13333333333335,204.8966666666667,195.8466666666667,194.08333333333334,191.3216666666667,0,0,0,0,0,0,0,0,0,0,0,0,0,0,0,0,0,0,0,0,0,0,,,,,,,,,,,,,,,,,,USD,1.0,stock,25.0
2026-04-14,196.12,200.39,193.925,197.68,2588331,209.279,217.775,,208.74077742103435,210.37433077429117,204.79805698823628,197.0511654679332,30.848272846523855,-4.334939759250773,-3.137844789846667,-1.1970949694041058,0,5.716785714285712,0.5,0.05,1926646.0,1980113.3,1.3434388050529262,1.3071630800116336,15.833860425890784,11.480162432119338,1.5600000000000023,2.7099999999999795,2.194999999999993,,0,-5.595294122336273,-5.867563739376766,-10.165418858761633,,0,,,0.03542330853700815,-4.493187747608451,-10.190359365771663,221.02,-5.298810111607726,221.02,0,25,20,20,202.5075,209.4225,205.965,214.48,197.68,,,,,,197.33166666666668,200.73833333333334,203.79666666666665,207.20333333333332,194.27333333333337,190.8666666666667,187.8083333333334,0,0,0,0,0,0,0,0,0,0,0,0,0,0,0,0,0,0,0,0,0,0,,,,,,,,,,,,,,,,,,USD,1.0,stock,25.0
2026-04-15,196.67,197.53,191.74,191.89,2131540,207.988,217.6526,,207.1359414761739,209.64945505765232,204.54245189936032,196.99981058765528,24.75366981701187,-5.120074947662488,-3.534290821409831,-1.5857841262526566,0,5.751071428571428,0.5,0.05,1892471.8,2027501.15,1.126325898224745,1.0513138303275438,0.5900865460266614,6.700905302252532,4.780000000000001,0.8600000000000136,0.14999999999997726,,0,-7.945146425646947,-8.38918130178749,-13.425712647871189,,0,,,-2.928976123027127,-8.18220967510408,-11.859813513389383,218.165,-7.36035541081006,218.165,0,25,20,20,201.41500000000002,206.995,204.205,214.48,191.89,,,,,,193.72,195.7,199.51,201.48999999999998,189.91,187.93,184.12,0,0,0,0,0,0,0,0,0,0,0,0,0,0,0,0,0,0,0,0,0,0,,,,,,,,,,,,,,,,,,USD,1.0,stock,27.0
2026-04-16,192.0,193.29,190.72,191.36,1740680,206.92,217.45039999999997,,205.63347085939546,208.93222152597968,204.28141324788783,196.94369306937017,28.175783932249942,-5.719140124364969,-3.971260682000859,-1.7478794423641104,0,5.419642857142855,0.5,0.05,1841974.9,2023876.65,0.9450074482556738,0.8600721788059564,2.5241569710116942,6.316034647643036,0.6399999999999864,1.289999999999992,0.6400000000000148,,0,-7.45896261465063,-8.13127090301002,-13.634197324414693,,0,,,-0.27619990619623946,-9.239233542022385,-10.041368935690098,217.64,-6.941219636931146,217.64,0,25,20,20,200.905,206.05,203.47750000000002,215.1,191.36,,,,,,191.79,192.85999999999999,194.35999999999999,195.42999999999998,190.29,189.22,187.72,0,0,0,0,0,0,0,0,0,0,0,0,0,0,0,0,0,0,0,0,0,0,,,,,,,,,,,,,,,,,,USD,1.0,stock,27.0
2026-04-17,190.17,194.91,189.65,192.63,3200920,206.02249999999998,217.18720000000002,,204.39504506326256,208.2929187210393,204.0506921934742,196.90077075027196,24.67594815170429,-6.02200725569179,-4.381409996739045,-1.640597258952745,1,5.392142857142856,0.5,0.05,1993444.2,2070174.9,1.60572340073527,1.5462075209200923,11.62699960983219,4.913747708956839,2.460000000000008,2.280000000000001,0.5199999999999818,,0,-6.107587116888627,-6.952447697658716,-12.748377718943063,,0,,,0.6636705685618693,-4.7847362957836985,-8.524076360528078,217.64,-5.756032422224887,217.64,0,25,20,20,200.37,205.515,202.9425,214.565,192.63,,,,,,192.39666666666668,195.14333333333335,197.65666666666667,200.40333333333334,189.88333333333335,187.13666666666668,184.62333333333336,0,0,0,0,0,0,0,0,0,0,0,0,0,0,0,0,0,0,0,0,0,0,,,,,,,,,,,,,,,,,,USD,1.0,stock,27.0
2026-04-20,194.1,195.68,191.06,191.45,2084717,205.08800000000002,216.5286,,203.1621836286661,207.63241210452796,203.80117353617766,196.84653422539364,24.097515236755726,-6.28480050951552,-4.76208809929434,-1.52271241022118,1,5.443571428571427,0.5,0.05,2054466.2,1891080.9,1.014724408705288,1.1023944031162285,7.047768206734469,7.066308262526108,2.6500000000000057,1.5800000000000125,0.38999999999998636,,0,-6.117620072429413,-7.1235309480282245,-13.09929485505355,,0,,,-0.6125733271037825,-3.1172511512575385,-8.894070619586946,217.64,-5.764942776000724,217.64,0,25,20,20,200.37,205.515,202.9425,214.565,191.45,,,,,,192.73000000000002,194.40000000000003,197.35000000000002,199.02000000000004,189.78000000000003,188.11,185.16000000000003,0,0,0,0,0,0,0,0,0,0,0,0,0,0,0,0,0,0,0,0,0,0,,,,,,,,,,,,,,,,,,USD,1.0,stock,27.0
2026-04-21,191.24,191.95,188.22,188.71,1258430,203.765,215.6722,,201.78578518784076,206.8903567278798,203.50233841664937,196.7655736858375,25.868142929038754,-6.637646500294579,-5.137199779494388,-1.5004467208001913,1,5.020714285714283,0.5,0.05,2002122.2,1868366.35,0.628548047666621,0.673545635201576,2.1425448185396108,6.93910421170208,2.530000000000001,0.7099999999999795,0.4900000000000091,,0,-6.9290367165707965,-7.9778496105134735,-14.287637115150229,,0,,,-1.4311830765212696,-4.53763658437879,-12.297253334572655,217.64,-6.480032860426024,217.64,0,25,20,20,199.655,204.8,202.22750000000002,213.85,188.71,,,,,,189.62666666666667,191.03333333333333,193.35666666666665,194.76333333333332,187.30333333333334,185.89666666666668,183.57333333333335,0,0,0,0,0,0,0,0,0,0,0,0,0,0,0,0,0,0,0,0,0,0,,,,,,,,,,,,,,,,,,USD,1.0,stock,27.0
2026-04-22,188.55,189.96,187.7562,188.65,1421552,202.4375,214.8344,,200.53475802709403,206.17504862090414,203.20823270542857,196.684821708864,29.540229885057485,-6.843236418992774,-5.478407107394065,-1.364829311598709,1,4.587414285714284,0.5,0.05,2015893.2,1880875.3,0.7051722779758373,0.7557927949822085,3.8304948186750507,4.340269281316368,0.09999999999999432,1.3100000000000023,0.7938000000000045,,0,-6.299898238586812,-7.308507818711897,-13.879883381924188,,0,,,-0.03179481744475243,-1.6884673510865533,-12.337360594795532,217.64,-5.92653270885254,217.64,0,25,20,20,199.4231,204.3881,201.9056,213.6181,188.65,,,,,,188.78873333333334,189.82126666666667,190.99253333333334,192.02506666666667,187.61746666666667,186.58493333333334,185.41366666666667,0,0,0,0,0,0,0,0,0,0,0,0,0,0,0,0,0,0,0,0,0,0,,,,,,,,,,,,,,,,,,USD,1.0,stock,27.0
2026-04-23,189.68,193.5,189.62,192.1,1637810,201.1925,214.0964,,199.73144773879935,205.6230859298883,202.98826770136068,196.6392015923579,29.842632331902692,-6.65111186618941,-5.712948059153135,-0.9381638070362754,1,4.529199999999997,0.5,0.05,2030728.5,1904216.85,0.8065135245799722,0.8600963698015801,18.615913396017742,8.196317677744124,2.4199999999999875,1.4000000000000057,0.060000000000002274,,0,-3.972643278916893,-4.733211868818325,-11.450494534096823,,0,,,1.8287834614365117,0.38670568561871566,-11.474654377880189,217.16,-3.8208543647965985,217.16,0,25,20,20,194.56310000000002,202.9606,198.76185,213.6181,192.1,,,,,,191.74,193.86,195.62,197.74,189.98000000000002,187.86,186.10000000000002,0,0,0,0,0,0,0,0,0,0,0,0,0,0,0,0,0,0,0,0,0,0,,,,,,,,,,,,,,,,,,USD,1.0,stock,27.0
2026-04-24,191.63,193.07,190.08,191.48,1607716,200.245,213.30900000000003,,198.9455955731994,205.06845510910836,202.76038121222484,196.58786625313047,25.599289730689506,-6.474249474492353,-5.865208342220979,-0.6090411322713747,1,4.468128571428567,0.5,0.05,2002947.6,1884113.5,0.8026750175591213,0.8533010352083353,15.958823680669173,12.801743965120645,0.15000000000000568,1.4399999999999977,1.3999999999999773,,0,-3.8988905228741424,-4.577501566743271,-11.400146229371233,,0,,,-0.3227485684539344,-0.5969994289570679,-9.005369956755228,216.075,-3.7525814792177905,216.075,0,25,20,20,194.0731,202.6981,198.3856,213.6181,191.48,,,,,,191.54333333333332,193.00666666666663,194.5333333333333,195.9966666666666,190.01666666666665,188.55333333333334,187.02666666666667,0,0,0,0,0,0,0,0,0,0,0,0,0,0,0,0,0,0,0,0,0,0,,,,,,,,,,,,,,,,,,USD,1.0,stock,27.0
2026-04-27,191.56,192.8099,186.15,186.49,2413619,198.88299999999998,212.5136,,197.75934837575184,204.3398882420845,202.43819544564613,196.48738997200482,22.889653347446384,-6.659964130860828,-6.024159499948949,-0.6358046309118794,0,4.737407142857137,0.5,0.05,2008531.5,1919042.1,1.2016834189555903,1.2577207138915816,1.3632718524458838,11.979336309710924,5.069999999999993,1.2498999999999967,0.3400000000000034,,0,-6.042870060459988,-6.645396536007278,-13.954421148587048,,0,,,-2.6060162941299203,-2.590754766257497,-12.74505216862396,215.28,-5.69851613504488,215.28,0,25,20,20,191.84,201.89499999999998,196.8675,212.815,186.49,,,,,,188.4833,190.81660000000002,195.1432,197.47650000000002,184.15670000000003,181.82340000000002,177.49680000000004,0,0,0,0,0,0,0,0,0,0,0,0,0,0,0,0,0,0,0,0,0,0,,,,,,,,,,,,,,,,,,USD,1.0,stock,27.0
2026-04-28,188.99,189.8,186.5901,187.92,1784851,197.6015,211.8204,,196.8222675780612,203.6959710561204,202.15070642692046,196.40214231059187,21.687718355280737,-6.6154959655556524,-6.14242679307029,-0.4730691724853626,1,4.777407142857137,0.5,0.05,1928183.5,1927414.75,0.9256644919946675,0.926033693578406,7.09703287890931,8.139709470674779,1.0700000000000216,0.8100000000000023,1.3298999999999808,,0,-4.737264568998092,-5.151926351638996,-12.718390804597712,,0,,,0.7667971473001023,-0.4186317630226366,-12.00187309763523,215.19,-4.522998178816585,215.19,0,25,20,20,190.91500000000002,201.89499999999998,196.405,212.815,187.92,,,,,,188.1033666666667,189.61663333333337,191.3132666666667,192.82653333333337,186.40673333333336,184.89346666666668,183.19683333333336,0,0,0,0,0,0,0,0,0,0,0,0,0,0,0,0,0,0,0,0,0,0,,,,,,,,,,,,,,,,,,USD,1.0,stock,27.0
2026-04-29,188.5,190.09,187.03,189.16,2464367,196.66500000000002,211.21559999999997,,196.09252780872202,203.12593297548824,201.8934647154963,196.33008119307357,20.38251366120211,-6.406348588572342,-6.1952111521707005,-0.21113743640164184,1,4.7159785714285665,0.5,0.05,1961466.2,1926969.0,1.2563902452155433,1.2788825352146298,12.068965517241343,6.843090082865504,0.6599999999999966,0.9300000000000068,1.4699999999999989,,0,-3.664901569423783,-3.9675407062804107,-11.659758934235551,,0,,,0.6598552575564076,0.27034190299495275,-9.00957237000336,211.09,-3.5353350207634353,211.09,0,25,20,20,190.91500000000002,201.89499999999998,196.405,212.815,189.16,,,,,,188.76,190.48999999999998,191.82,193.54999999999998,187.42999999999998,185.7,184.36999999999998,0,0,0,0,0,0,0,0,0,0,0,0,0,0,0,0,0,0,0,0,0,0,,,,,,,,,,,,,,,,,,USD,1.0,stock,27.0
2026-04-30,187.215,189.43,181.454,185.74,3217026,195.8075,210.4896,,195.10657277931995,202.44413168233183,201.5735941270706,196.22470725085392,23.69006033661472,-6.442300374826772,-6.244628996701915,-0.19767137812485647,1,4.649978571428567,0.5,0.05,2109100.8,1975537.85,1.5253068985607516,1.6284304550277282,21.52038561960234,13.562128005250988,1.4749999999999943,2.2150000000000034,4.286000000000001,,0,-5.042840949348518,-5.420211047701084,-13.324862711316888,,0,,,-1.8079932332416893,-3.310775637688701,-8.45285622751244,211.09,-4.800746917898162,211.09,0,25,20,20,188.567,199.547,194.05700000000002,210.46699999999998,185.74,,,,,,185.54133333333334,189.62866666666667,193.51733333333334,197.60466666666667,181.65266666666668,177.56533333333334,173.67666666666668,0,0,0,0,0,0,0,0,0,0,0,0,0,0,0,0,0,0,0,0,0,0,,,,,,,,,,,,,,,,,,USD,1.0,stock,27.0
2026-05-01,186.59,188.08,180.18,182.34,1794126,194.615,209.7382,,193.890708705099,201.65573436145607,201.1927308770296,196.08655095980066,24.71016893010922,-6.668276271466823,-6.329358451654897,-0.33891781981192626,0,4.823907142857138,0.5,0.05,1968421.4,1980932.8,0.9114542241818749,0.9056975582412488,10.687778327560608,14.75904315480142,4.25,1.490000000000009,2.1599999999999966,,0,-6.334709172479433,-6.7319293627289705,-15.025885708017988,,0,,,-1.8305157747388834,-4.7733444746187565,-11.567001309471847,211.09,-5.957329663829959,211.09,0,25,20,20,186.84,198.67000000000002,192.755,209.82999999999998,182.34,,,,,,183.53333333333333,186.88666666666666,191.43333333333334,194.78666666666666,178.98666666666665,175.63333333333333,171.08666666666664,0,0,0,0,0,0,0,0,0,0,0,0,0,0,0,0,0,0,0,0,0,0,,,,,,,,,,,,,,,,,,USD,1.0,stock,27.0
2026-05-04,181.54,183.0,180.4,182.01,1714619,193.31699999999998,208.94299999999998,,192.7592126379467,200.88531340610484,200.8128748200587,195.94648577612108,24.269293924466254,-6.795655948076899,-6.422617950939298,-0.373037997137601,0,4.547835714285711,0.5,0.05,1931411.6,1992938.9,0.8877543243501281,0.8603469980941212,10.54755043227657,14.251904793146494,0.46999999999999886,0.9900000000000091,1.1399999999999864,,0,-5.905836293580957,-6.21229602769078,-14.797538596780393,,0,,,-0.18098058571899278,-2.4022735803528428,-12.482569601384819,211.09,-5.576497481413037,211.09,0,25,20,20,186.84,198.1275,192.48375,209.82999999999998,182.01,,,,,,181.8033333333333,183.20666666666662,184.4033333333333,185.80666666666662,180.60666666666663,179.20333333333332,178.00666666666663,0,0,0,0,0,0,0,0,0,0,0,0,0,0,0,0,0,0,0,0,0,0,,,,,,,,,,,,,,,,,,USD,1.0,stock,27.0
2026-05-05,181.67,186.39,181.64,184.91,1702226,192.2135,208.1198,,192.01166857718985,200.25883052743407,200.49796640778032,195.83666999725423,37.33671988388968,-6.586672436041198,-6.455428847959678,-0.13124358808151992,1,4.462835714285711,0.5,0.05,1975791.2,1988956.7,0.8615414422333696,0.8558386414344767,30.516129032258,17.250485930698385,3.240000000000009,1.4799999999999898,0.030000000000001137,,0,-3.8406081754312127,-3.9497593423827886,-12.551944189064951,,0,,,1.5933190484039406,-1.6017454235844997,-10.662865977389114,211.09,-3.6985609415372283,211.09,0,25,20,20,186.84,197.73000000000002,192.28500000000003,209.82999999999998,184.91,,,,,,184.3133333333333,186.98666666666662,189.0633333333333,191.73666666666662,182.23666666666662,179.5633333333333,177.48666666666662,0,0,0,0,0,0,0,0,0,0,0,0,0,0,0,0,0,0,0,0,0,0,,,,,,,,,,,,,,,,,,USD,1.0,stock,25.0
2026-05-06,185.35,187.55,184.13,186.41,2400092,191.0845,207.24379999999996,,191.47817633174319,199.71573913420136,200.21899677594308,195.74287228583879,41.32492113564663,-6.228219001414459,-6.409986878650635,0.18176787723617593,1,4.523549999999998,0.5,0.05,2073645.2,2044769.2,1.1574265452932835,1.1737715924124836,40.193548387096705,27.085742617210414,1.0600000000000023,1.1400000000000148,1.2199999999999989,,0,-2.718832858614446,-2.50764443967598,-11.176331741859325,,0,,,0.8112054513006228,-1.4537957284838199,-10.804344705488312,211.09,-2.646868916780564,211.09,0,25,20,20,186.625,197.685,192.155,209.82999999999998,186.41,,,,,,186.03,187.93,189.45000000000002,191.35000000000002,184.51,182.60999999999999,181.08999999999997,0,0,0,0,0,0,0,0,0,0,0,0,0,0,0,0,0,0,0,0,0,0,,,,,,,,,,,,,,,,,,USD,1.0,stock,25.0
2026-05-07,185.46,187.35,182.84,187.06,1833366,189.8955,206.3922,,191.05739763348194,199.21943563874248,199.95842258236004,195.65647554667623,40.02149767108563,-5.824550709311865,-6.2928996447828816,0.46834893547101686,1,4.46997857142857,0.5,0.05,2093200.8,2061964.65,0.875867236435224,0.8891355145200962,44.387096774193516,38.36559139784939,1.5999999999999943,0.28999999999999204,2.6200000000000045,,0,-2.136960137646711,-1.5158237998503132,-10.334758900887415,,0,,,0.34869373960624284,0.7106708301927389,-11.278694744830208,211.09,-2.092249597762454,211.09,0,25,20,20,186.49495000000002,195.635,191.064975,209.82999999999998,187.06,,,,,,185.75,188.66,190.26,193.17,184.15,181.24,179.64000000000001,0,0,0,0,0,0,0,0,0,0,0,0,0,0,0,0,0,0,0,0,0,0,,,,,,,,,,,,,,,,,,USD,1.0,stock,25.0
2026-05-08,187.0,187.765,184.755,185.94,1587775,189.077,205.481,,190.57002643029318,198.69867345683102,199.68083005597668,195.5597941979531,40.10771992818672,-5.531254460977237,-6.140570608021753,0.6093161470445159,1,4.3549785714285685,0.5,0.05,2091206.7,2047077.15,0.7592625826992616,0.7756302687468326,43.2432432432432,42.60796280151113,1.0600000000000023,0.7649999999999864,1.1850000000000023,,0,-2.4900647683624744,-1.687103366677423,-10.509304076583843,,0,,,-0.5987383727146356,1.9743336623889496,-8.091542682022645,201.37,-2.4295669770433492,201.37,0,25,20,20,185.135,195.635,190.385,209.82999999999998,185.94,,,,,,186.15333333333334,187.55166666666668,189.16333333333333,190.56166666666667,184.54166666666669,183.14333333333335,181.5316666666667,0,0,0,0,0,0,0,0,0,0,0,0,0,0,0,0,0,0,0,0,0,0,,,,,,,,,,,,,,,,,,USD,1.0,stock,25.0
2026-05-11,185.76,189.69,183.69,189.23,2315970,188.658,204.54,,190.44240486550333,198.32735292911215,199.47388292615534,195.49681117110782,50.91549295774645,-4.97597957170106,-5.907652400757615,0.9316728290565548,1,4.517121428571427,0.5,0.05,2081441.8,2044986.65,1.112675838450059,1.1325110606467774,67.94294294294285,51.857760986793174,3.469999999999999,0.46000000000000796,2.069999999999993,,0,-0.6407043626821037,0.30227765153517033,-8.090683295460552,,0,,,1.769387974615455,3.9668150101642707,-4.2406760791458,200.39,-0.6366254754867147,200.39,0,25,20,20,185.135,195.635,190.385,209.82999999999998,189.23,,,,,,187.53666666666666,191.38333333333333,193.53666666666666,197.38333333333333,185.38333333333333,181.53666666666666,179.38333333333333,0,0,0,0,0,0,0,0,0,0,0,0,0,0,0,0,0,0,0,0,0,0,,,,,,,,,,,,,,,,,,USD,1.0,stock,25.0
2026-05-12,190.45,192.63,188.55,191.91,1829954,188.3695,203.66440000000003,,190.58217583069347,198.0756920299313,199.32410306623146,195.4611215077137,55.25467440361056,-4.27043964908637,-5.580209850423367,1.3097702013369972,1,4.651135714285711,0.5,0.05,2085952.1,2007067.8,0.8772751780829483,0.9117549491850748,88.06306306306304,66.41641641641635,1.460000000000008,0.7199999999999989,1.8999999999999773,,0,0.6918994160317462,1.8448752019175703,-6.124954405711027,,0,,,1.4162659197801686,3.785625439402951,-2.918858761634968,197.53,0.6967200177660458,197.53,0,25,20,20,186.405,195.635,191.01999999999998,209.82999999999998,191.91,,,,,,191.03,193.51,195.10999999999999,197.58999999999997,189.43,186.95000000000002,185.35000000000002,0,0,0,0,0,0,0,0,0,0,0,0,0,0,0,0,0,0,0,0,0,0,,,,,,,,,,,,,,,,,,USD,1.0,stock,25.0
2026-05-13,191.41,196.58,190.35,195.67,3303226,188.5585,202.8946,,191.06673051348457,197.98135116601244,199.25174458967243,195.46319990067178,55.69741461857644,-3.36905720659243,-5.1379793216571805,1.7689221150647505,1,4.749707142857141,0.5,0.05,2169838.0,2065652.1,1.5223376123010104,1.5991202003473866,94.45121951219498,83.48574183940029,4.259999999999991,0.910000000000025,1.0600000000000023,,0,2.3525678369271814,3.6344355292073276,-3.692236929524204,,0,,,1.9592517325829784,4.967544659621259,1.9698785762676474,196.58,2.40924700712903,196.58,0,25,20,20,188.38,195.635,192.0075,209.82999999999998,195.67,,,,,,194.20000000000002,198.05000000000004,200.43000000000004,204.28000000000006,191.82000000000002,187.97,185.59,0,0,0,0,0,0,0,0,0,0,0,0,0,0,0,0,0,0,0,0,0,0,,,,,,,,,,,,,,,,,,USD,1.0,stock,25.0
2026-05-14,196.49,196.58,189.83,190.32,1592082,188.50650000000002,202.06,,190.99561332172414,197.68090602224726,199.07487836017395,195.41202378225714,48.39156960621187,-3.0512327037086493,-4.720629998067475,1.6693972943588253,0,5.018278571428572,0.5,0.05,2007343.6,2058222.2,0.793128789709943,0.7735228975763647,61.82926829268282,81.44785028931359,6.170000000000016,0.09000000000000341,0.4899999999999807,,0,-0.35498808413416494,0.952868852459004,-6.168558217738551,,0,,,-2.734195328870037,1.7427563348658026,-0.5434782608695787,196.58,-0.3537323763484035,196.58,0,25,20,20,188.49,195.635,192.0625,208.41750000000002,190.32,,,,,,192.24333333333334,194.65666666666667,198.99333333333334,201.40666666666667,187.90666666666667,185.49333333333334,181.15666666666667,0,0,0,0,0,0,0,0,0,0,0,0,0,0,0,0,0,0,0,0,0,0,,,,,,,,,,,,,,,,,,USD,1.0,stock,25.0
2026-05-15,190.38,190.65,186.18,186.98,1599552,188.224,201.268,,190.6131739577504,197.2612626488258,198.83537581838831,195.3281230481053,50.71200232490552,-3.033891766079364,-4.383282351669853,1.3493905855904886,0,4.861857142857143,0.5,0.05,1987886.2,1978153.8,0.804649682662921,0.8086085116334231,41.463414634146226,65.91463414634133,3.4000000000000057,0.27000000000001023,0.799999999999983,,0,-1.9430815904109615,-0.6653117980532677,-7.641458979570014,,0,,,-1.7549390500210205,0.5593202108206796,-2.9330841509629946,196.58,-1.9060455698385839,196.58,0,25,20,20,189.11,195.635,192.3725,208.10000000000002,186.98,,,,,,187.9366666666667,189.69333333333338,192.4066666666667,194.16333333333338,185.2233333333334,183.4666666666667,180.7533333333334,0,0,0,0,0,0,0,0,0,0,0,0,0,0,0,0,0,0,0,0,0,0,,,,,,,,,,,,,,,,,,USD,1.0,stock,25.0
2026-05-18,186.25,191.87,186.25,191.73,1678170,188.238,200.6028,,190.71953834272654,197.04435038808757,198.6946753071331,195.2923208287212,55.04903260005301,-2.6068139173261784,-4.027988664801118,1.4211747474749394,1,5.026857142857144,0.5,0.05,1984241.3,1957826.45,0.8457489520049805,0.8571597344596096,70.42682926829255,57.906504065040515,5.47999999999999,0.14000000000001478,0.0,,0,0.5270232395939356,1.8213112189015754,-4.627757784384297,,0,,,2.5403786501229986,1.3211435818844874,0.1462522851919612,196.58,0.5298154903550756,196.58,0,25,20,20,189.71,190.775,190.2425,205.01,191.73,,,,,,189.95000000000002,193.65000000000003,195.57000000000002,199.27000000000004,188.03000000000003,184.33,182.41000000000003,0,0,0,0,0,0,0,0,0,0,0,0,0,0,0,0,0,0,0,0,0,0,,,,,,,,,,,,,,,,,,USD,1.0,stock,25.0
2026-05-19,192.24,195.91,189.8046,192.8,2043643,188.4425,200.00320000000002,,190.91767754818113,196.87790527482923,198.5779490634275,195.26752161649512,54.845580404685855,-2.157145358703872,-3.653820003581669,1.496674644877797,1,5.244385714285714,0.5,0.05,2018383.0,1997087.1,1.012514968665511,1.0233119026205717,76.95121951219512,62.947154471544614,0.5600000000000023,3.109999999999985,2.4354000000000156,,0,0.9763083256321988,2.2601141078838256,-3.7360995850622456,,0,,,0.5580764616909262,0.46375905372311177,2.1673467224842424,196.58,0.9859340821615878,196.58,0,25,20,20,189.71,190.285,189.9975,203.735,192.8,,,,,,192.8382,195.8718,198.9436,201.9772,189.7664,186.7328,183.661,0,0,0,0,0,0,0,0,0,0,0,0,0,0,0,0,0,0,0,0,0,0,,,,,,,,,,,,,,,,,,USD,1.0,stock,25.0
2026-05-20,191.68,192.12,188.0,190.84,1615272,188.552,199.43999999999997,,190.9102796864496,196.64112467581634,198.42472234930023,195.22346667503746,57.06371191135732,-1.9366113556954758,-3.3103782740044307,1.373766918308955,0,5.0175285714285724,0.5,0.05,1939901.0,2006773.1,0.8326569242451032,0.8049101315938508,64.99999999999994,70.79268292682919,0.8400000000000034,0.4399999999999977,2.8400000000000034,,0,-0.03682649677719301,1.198910081743875,-4.506392789771518,,0,,,-1.0165975103734515,-2.4684417641948064,1.1608799363901356,196.58,-0.03681293986108148,196.58,0,25,20,20,190.135,188.85500000000002,189.495,202.55,190.84,,,,,,190.32000000000002,192.64000000000004,194.44000000000003,196.76000000000005,188.52000000000004,186.20000000000002,184.40000000000003,0,0,0,0,0,0,0,0,0,0,0,0,0,0,0,0,0,0,0,0,0,0,,,,,,,,,,,,,,,,,,USD,1.0,stock,25.0
2026-05-21,188.58,192.77,186.75,190.39,1572396,188.4665,198.8908,,190.86072924012106,196.3959825316667,198.2656189364428,195.17537247926595,62.14177978883857,-1.7776560957236995,-3.0038338383482843,1.2261777426245848,0,4.883242857142859,0.5,0.05,1913804.0,2003502.4,0.8216076463420496,0.7848236168821161,61.7428924598268,67.89803732400726,1.8099999999999739,2.380000000000024,1.8300000000000125,,0,-0.24724472930357355,1.0102946583328904,-4.464940385524464,,0,,,-0.2357996227206116,0.03678015973098692,-0.8901613742842263,196.58,-0.24663493742018097,196.58,0,25,20,20,190.135,188.38,189.2575,201.215,190.39,,,,,,189.97,193.19,195.99,199.21,187.17,183.95,181.14999999999998,0,0,0,0,0,0,0,0,0,0,0,0,0,0,0,0,0,0,0,0,0,0,,,,,,,,,,,,,,,,,,USD,1.0,stock,25.0
2026-05-22,190.56,195.07,190.51,194.78,1621035,188.63150000000002,198.47359999999998,,191.23399312201428,196.33261066767977,198.1965967792855,195.1714384247459,67.15936576189195,-1.2826608795552374,-2.659599246589675,1.3769383670344375,1,5.0318142857142885,0.5,0.05,1917130.0,2004168.35,0.8455529880602776,0.8088317530810223,87.9518072289156,71.56489989624744,4.219999999999999,0.28999999999999204,0.05000000000001137,,0,1.8205189844879959,3.156638258548097,-1.8962932539274953,,0,,,2.3057933715006085,4.171569151780941,1.7234175893043657,196.58,1.8542764390864526,196.58,0,25,20,20,191.38,188.38,189.88,200.78,194.78,,,,,,193.45333333333335,196.3966666666667,198.01333333333335,200.9566666666667,191.8366666666667,188.89333333333335,187.2766666666667,0,0,0,0,0,0,0,0,0,0,0,0,0,0,0,0,0,0,0,0,0,0,,,,,,,,,,,,,,,,,,USD,1.0,stock,25.0
2026-05-26,196.0,196.08,190.2,191.12,2139250,188.863,197.9542,,191.2231366342034,196.12819456306488,198.0564661499927,195.13112560459916,58.17750855938899,-1.172192708716068,-2.362117939014954,1.1899252302988859,0,5.112528571428576,0.5,0.05,1899458.0,1990449.9,1.1262423280746403,1.074757018501194,60.26200873362442,69.98556947412226,4.8799999999999955,0.0800000000000125,0.9200000000000159,,0,-0.053964333509520096,1.1809334449560511,-3.5758685642528154,,0,,,-1.8790430228976307,-0.3181557398424739,2.4827068475521408,196.58,-0.053935227723352346,196.58,0,25,20,20,191.38,188.38,189.88,200.78,191.12,,,,,,192.46666666666667,194.73333333333335,198.3466666666667,200.61333333333337,188.85333333333332,186.58666666666664,182.9733333333333,0,0,0,0,0,0,0,0,0,0,0,0,0,0,0,0,0,0,0,0,0,0,,,,,,,,,,,,,,,,,,USD,1.0,stock,25.0
2026-05-27,194.7,200.0,194.28,197.82,1957389,189.358,197.5084,,191.85140933570784,196.19453987431723,198.05178365197304,195.15788057370764,63.21519573778085,-0.537812316078913,-1.9972568144277456,1.4594444983488326,1,5.5025285714285745,0.5,0.05,1912201.5,1999076.8,1.0236311392915443,0.9791464740124041,87.29603729603726,78.50328441952574,3.1200000000000045,2.180000000000007,0.4199999999999875,,0,3.0171826227338747,4.277626124759877,0.15751693458699753,,0,,,3.505650899958135,2.6037344398340156,5.268199233716486,200.0,3.1110486417371668,200.0,0,25,20,20,193.09,190.09,191.59,200.78,197.82,,,,,,197.36666666666665,200.4533333333333,203.08666666666664,206.1733333333333,194.7333333333333,191.64666666666665,189.0133333333333,0,0,0,0,0,0,0,0,0,0,0,0,0,0,0,0,0,0,0,0,0,0,,,,,,,,,,,,,,,,,,USD,1.0,stock,25.0
2026-05-28,197.22,198.44,195.72,197.04,1359545,189.752,197.095,,192.3455608275452,196.2276951733636,198.03174833213197,195.17660813018819,61.52424942263277,-0.09688394787511356,-1.6171822411172194,1.5202982932421059,1,5.374671428571432,0.5,0.05,1717833.4,1943835.7,0.7914300653369529,0.69941353582507,81.85162477007967,76.46989026658044,0.18000000000000682,1.2199999999999989,1.3199999999999932,,0,2.382480294587288,3.698741372310182,-0.027913114088513408,,0,,,-0.3942978465271474,3.248794801928301,4.16578557834637,200.0,2.4406277702783963,200.0,0,25,20,20,193.09,190.09,191.59,200.78,197.04,,,,,,197.06666666666663,198.41333333333327,199.78666666666663,201.13333333333327,195.69333333333327,194.34666666666664,192.97333333333327,0,0,0,0,0,0,0,0,0,0,0,0,0,0,0,0,0,0,0,0,0,0,,,,,,,,,,,,,,,,,,USD,1.0,stock,25.0
2026-05-29,195.33,196.33,193.005,194.03,2836872,190.16649999999998,196.72119999999998,,192.50598360587423,196.14151104891795,197.95250579090163,195.16519909406694,58.95109537508298,0.009562881320164252,-1.2918332166297428,1.301396097949907,0,5.447885714285718,0.5,0.05,1842312.4,1924828.0,1.5398430798164309,1.4738314280548703,63.39668914776213,77.51478373795969,1.3000000000000114,1.0,1.0250000000000057,,0,0.7854539989309727,1.991186929856216,-1.387002009998444,,0,,,-1.5276086073893635,1.9118651189663494,4.4632281684074515,200.0,0.791672220041716,200.0,0,25,20,20,193.125,190.09,191.60750000000002,200.60000000000002,194.03,,,,,,194.455,195.90500000000003,197.78000000000003,199.23000000000005,192.58,191.13,189.255,0,0,0,0,0,0,0,0,0,0,0,0,0,0,0,0,0,0,0,0,0,0,,,,,,,,,,,,,,,,,,USD,1.0,stock,25.0
2026-06-01,192.3,193.0,183.54,186.4,1890220,190.3695,196.2376,,191.92446135769572,195.7594910077839,197.72374329999266,195.07798318268317,47.14314556834244,-0.5158085531430174,-1.1366282839323978,0.6208197307893804,0,5.768600000000005,0.5,0.05,1871379.2,1929632.7,1.0100678686607183,0.9795750248220815,17.37545565006083,54.207923189300864,5.900000000000006,0.6999999999999886,2.8600000000000136,,0,-2.9637668227981298,-2.1295600858369004,-5.277682403433466,,0,,,-3.9323815904756976,-4.30228976280932,2.2266096303608762,200.0,-2.8784560960156087,200.0,0,25,20,20,191.76999999999998,190.09,190.93,199.1725,186.4,,,,,,187.64666666666665,191.7533333333333,197.10666666666665,201.2133333333333,182.2933333333333,178.18666666666664,172.8333333333333,0,0,0,0,0,0,0,0,0,0,0,0,0,0,0,0,0,0,0,0,0,0,,,,,,,,,,,,,,,,,,USD,1.0,stock,25.0
2026-06-02,186.86,187.17,182.0,184.09,1297707,190.4735,195.7166,,191.1783221807723,195.30186390943945,197.4537681851413,194.96865001668633,42.046379170056966,-1.1058196934986029,-1.1304665658456388,0.024646872347035886,0,5.8464571428571475,0.5,0.05,1833332.9,1908787.1,0.7078403491259008,0.6798594772565258,11.61111111111113,30.794418636311352,2.7700000000000102,0.30999999999997385,2.0900000000000034,,0,-3.850465631360915,-3.467597370851213,-6.315715139334019,,0,,,-1.2392703862661003,-3.6783172875680226,1.142794351958698,200.0,-3.707701846064854,200.0,0,25,20,20,191.0,190.09,190.54500000000002,198.91,184.09,,,,,,184.42,186.83999999999997,189.58999999999997,192.00999999999996,181.67,179.25,176.5,0,0,0,0,0,0,0,0,0,0,0,0,0,0,0,0,0,0,0,0,0,0,,,,,,,,,,,,,,,,,,USD,1.0,stock,25.0
2026-06-03,184.19,188.13,182.3,183.2,1518842,190.38799999999998,195.0772,,190.4184819730797,194.82728101103007,197.17151534979197,194.85154902149543,36.53056815726941,-1.6264743511162294,-1.2296681228997568,-0.3968062282164726,0,5.817885714285716,0.5,0.05,1780852.8,1899617.9,0.85287340986296,0.7995513202944656,6.666666666666604,11.884411142612846,0.9900000000000091,3.9399999999999977,0.8999999999999773,,0,-3.940219417619934,-3.923580786026195,-6.483187772925773,,0,,,-0.4834591775761954,-7.390557072085735,-0.9247742144827265,200.0,-3.790851548800934,200.0,0,25,20,20,191.0,190.09,190.54500000000002,198.91,183.2,,,,,,184.54333333333332,186.78666666666663,190.3733333333333,192.61666666666662,180.95666666666665,178.71333333333334,175.12666666666667,0,0,0,0,0,0,0,0,0,0,0,0,0,0,0,0,0,0,0,0,0,0,,,,,,,,,,,,,,,,,,USD,1.0,stock,25.0
2026-06-04,185.7,186.26,180.07,182.71,1564094,190.203,194.42739999999998,,189.6843408327864,194.35209352040144,196.88514870920204,194.73073758844572,40.81583393676083,-2.0549476657612047,-1.3947240314720464,-0.6602236342891583,0,5.777885714285716,0.5,0.05,1775735.0,1857818.0,0.8808149864703911,0.8418983990896848,13.246362267937851,10.508046681905185,2.9899999999999807,0.5600000000000023,2.640000000000015,,0,-3.8171642673014046,-4.1010344261397815,-6.413113677412276,,0,,,-0.2674672489082819,-7.272634997969951,-1.984872056220155,200.0,-3.6768142283998704,200.0,0,25,20,20,190.035,190.035,190.035,198.855,182.71,,,,,,183.01333333333332,185.95666666666665,189.20333333333332,192.14666666666665,179.76666666666665,176.82333333333332,173.57666666666665,0,0,0,0,0,0,0,0,0,0,0,0,0,0,0,0,0,0,0,0,0,0,,,,,,,,,,,,,,,,,,USD,1.0,stock,25.0
2026-06-05,184.49,187.43,183.36,184.58,1618534,190.079,193.77900000000002,,189.1982131344258,193.9688741666602,196.64148239812872,194.6297352243816,46.99699699699703,-2.218054135460136,-1.5593900522696642,-0.6586640831904718,1,5.7957428571428595,0.5,0.05,1780348.8,1847076.4,0.9091106192224804,0.8762680309271452,22.629202207727133,14.18074371411052,0.09000000000000341,2.8499999999999943,1.1299999999999955,,0,-2.502011666716755,-2.979196012569073,-4.983746884819597,,0,,,1.0234798314268545,-4.870380868937785,-1.3257778252966923,200.0,-2.4409390860074005,200.0,0,25,20,20,190.035,190.035,190.035,198.855,184.58,,,,,,185.12333333333333,186.88666666666666,189.19333333333333,190.95666666666665,182.81666666666666,181.05333333333334,178.74666666666667,0,0,0,0,0,0,0,0,0,0,0,0,0,0,0,0,0,0,0,0,0,0,,,,,,,,,,,,,,,,,,USD,1.0,stock,25.0
2026-06-08,183.39,183.39,175.58,175.9,2666079,189.577,193.0884,,187.93171664543286,193.2602908660069,196.2307599744034,194.44336969976086,31.966279334700417,-3.012988786814418,-1.850109799178615,-1.162878987635803,0,6.037171428571431,0.5,0.05,1884853.2,1900991.6,1.4144756737553885,1.40246753326001,1.310401310401283,12.395321928688745,7.489999999999981,0.0,0.3199999999999932,,0,-6.840089053685531,-7.7754405912450215,-9.771688459351905,,0,,,-4.702567992198503,-5.633047210300424,-5.399591265999781,200.0,-6.402174609053808,200.0,0,25,20,20,187.79000000000002,187.79000000000002,187.79000000000002,196.61,175.9,,,,,,178.29,180.99999999999997,186.09999999999997,188.80999999999995,173.19,170.48000000000002,165.38000000000002,0,0,0,0,0,0,0,0,0,0,0,0,0,0,0,0,0,0,0,0,0,0,,,,,,,,,,,,,,,,,,USD,1.0,stock,25.0
2026-06-09,176.51,177.3,173.75,175.84,2191888,188.9075,192.3306,193.95805000000001,186.78012458396307,192.57714220459488,195.8269825491677,194.25826154354434,30.223880597014926,-3.6062511058320297,-2.2013380605092983,-1.4049130453227314,0,5.854642857142859,0.5,0.05,1890117.0,1894787.5,1.1596573122192966,1.156798849475205,7.9619047619047745,10.633836093344387,0.6699999999999875,0.7900000000000205,2.0900000000000034,,0,-6.221635909897104,-7.431471792538669,-9.378184713375797,-10.303713603275712,1,,,-0.034110289937461236,-4.481503612363513,-7.076045024573263,200.0,-5.857220948069968,200.0,0,25,20,20,186.095,186.875,186.485,195.45499999999998,175.84,,,,,,175.63,177.51,179.18,181.06,173.95999999999998,172.07999999999998,170.40999999999997,0,0,0,0,0,0,0,0,0,0,0,0,0,0,0,0,0,0,0,0,0,0,,,,,,,,,,,,,,,,,,USD,1.0,stock,25.0
2026-06-10,176.3,178.38,173.88,176.61,1986826,188.14249999999998,191.5918,193.93395,185.8115412902523,191.950979765199,195.44644824126337,194.08265695107127,32.933557207963574,-3.968536385907555,-2.5547777255889494,-1.4137586603186056,0,5.833214285714287,0.5,0.05,1893060.7,1902631.1,1.049531058354336,1.044251825800598,10.895238095238147,6.722514722514725,0.3100000000000023,1.7699999999999818,2.420000000000016,,0,-5.210090759443006,-6.5299246928259835,-8.482985108431002,-9.80915576694411,1,,,0.43789808917198414,-3.5971615720523875,-7.972487103329673,200.0,-4.952082753502786,200.0,0,25,20,20,185.04000000000002,186.875,185.9575,194.9125,176.61,,,,,,176.29,178.7,180.79,183.2,174.2,171.79,169.7,0,0,0,0,0,0,0,0,0,0,0,0,0,0,0,0,0,0,0,0,0,0,,,,,,,,,,,,,,,,,,USD,1.0,stock,25.0
2026-06-11,176.15,181.85,175.96,180.84,2210544,187.401,191.05079999999998,193.93474999999998,185.33806116737114,191.51525506852454,195.1572116424265,193.95088922021486,39.498570486034765,-3.869716746241295,-2.817765529719419,-1.0519512165218758,1,5.823928571428572,0.5,0.05,1978160.6,1847997.0,1.1174744861463726,1.1961837600385714,27.009523809523824,15.288888888888906,4.689999999999998,1.009999999999991,0.18999999999999773,,0,-2.487315398900207,-3.628069011280694,-5.646317186463159,-7.241069453660681,1,,,2.395107864786805,-1.0234798314268545,-7.579087238718241,200.0,-2.4269495100140928,200.0,0,25,20,20,183.375,186.875,185.125,194.515,180.84,,,,,,179.54999999999998,183.13999999999996,185.43999999999997,189.02999999999994,177.24999999999997,173.66,171.35999999999999,0,0,0,0,0,0,0,0,0,0,0,0,0,0,0,0,0,0,0,0,0,0,,,,,,,,,,,,,,,,,,USD,1.0,stock,25.0
2026-06-12,182.27,183.7,180.91,181.66,1486200,186.968,190.62619999999998,193.92605,184.9877696276215,191.128774477602,194.88994012475467,193.8285918150386,34.34367541766109,-3.682781510078371,-2.9907687257912094,-0.6920127842871615,1,5.69392857142857,0.5,0.05,1843093.4,1842702.9,0.8063617394538986,0.8065326211838056,30.13333333333332,22.679365079365084,0.6100000000000136,1.4299999999999784,0.75,,0,-1.8318670194987927,-2.9219420896179638,-4.9357040625343975,-6.7522019156666335,1,,,0.45343950453438087,-1.5819698775598745,-4.550231189575449,200.0,-1.7989133196860925,200.0,0,25,20,20,180.94,186.875,183.9075,194.47,181.66,,,,,,182.09,183.27,184.88,186.06,180.48000000000002,179.3,177.69000000000003,0,0,0,0,0,0,0,0,0,0,0,0,0,0,0,0,0,0,0,0,0,0,,,,,,,,,,,,,,,,,,USD,1.0,stock,25.0
2026-06-15,181.66,182.315,178.04,181.11,2984279,186.6745,190.1246,193.9233,184.6184582345147,190.7358813608333,194.61707002327438,193.70203866265018,37.097189997422014,-3.5382279032831434,-3.1002605612895966,-0.4379673419935468,1,5.579285714285711,0.5,0.05,1952499.3,1911939.25,1.5284404967520346,1.5608649699513204,28.03809523809529,28.393650793650803,0.549999999999983,0.6550000000000011,3.0700000000000216,,0,-1.9371974129063423,-3.0724421622218436,-4.977417039368325,-7.074871624979292,1,,,-0.3027634041616101,2.961910176236504,-3.1393731949940995,200.0,-1.9003832379847954,200.0,0,25,20,20,180.94,186.875,183.9075,192.42000000000002,181.11,,,,,,180.48833333333334,182.9366666666667,184.76333333333335,187.2116666666667,178.6616666666667,176.21333333333334,174.38666666666668,0,0,0,0,0,0,0,0,0,0,0,0,0,0,0,0,0,0,0,0,0,0,,,,,,,,,,,,,,,,,,USD,1.0,stock,25.0
2026-06-16,181.26,184.47,181.095,182.52,2888468,186.214,189.6156,193.93594999999996,184.4186050693228,190.41368993491827,194.37752408221945,193.59077459635515,27.16417910447761,-3.272173334958893,-3.1346431160234562,-0.13753021893543682,1,5.186071428571426,0.5,0.05,2111575.4,1972454.15,1.3679208424193614,1.464403114262504,35.52045362494942,31.230627398792667,1.2600000000000193,1.9499999999999886,0.16499999999999204,,0,-1.0402175483907505,-2.023887793118556,-3.887573964497036,-6.254629629629603,1,,,0.7785323836342561,3.79890809827117,-4.803630104834911,200.0,-1.0295084211319754,200.0,0,25,20,20,180.59,186.875,183.73250000000002,192.42000000000002,182.52,,,,,,182.69500000000002,184.29500000000004,186.07000000000002,187.67000000000004,180.92000000000004,179.32000000000002,177.54500000000004,0,0,0,0,0,0,0,0,0,0,0,0,0,0,0,0,0,0,0,0,0,0,,,,,,,,,,,,,,,,,,USD,1.0,stock,27.0
2026-06-17,181.0,183.15,172.46,175.31,3822647,185.3395,188.9822,193.89375,183.55111887224444,189.82138836884306,193.9999493479181,193.40887634166504,22.789882294014518,-3.6015929941355296,-3.2280330916458713,-0.3735599024896583,0,5.75535714285714,0.5,0.05,2341955.9,2061404.35,1.6322455089782006,1.8543897028256489,11.939673229995785,25.16607403101349,5.689999999999998,2.1500000000000057,2.8499999999999943,,0,-4.700883504788342,-5.721008499229926,-7.798870572129372,-10.60050767212367,1,,,-3.950252027175105,-0.7360851593907536,-9.071576763485478,200.0,-4.489822193881825,200.0,0,25,20,20,179.945,186.23000000000002,183.0875,191.775,175.31,,,,,,176.97333333333336,181.4866666666667,187.66333333333336,192.1766666666667,170.7966666666667,166.28333333333336,160.1066666666667,0,0,0,0,0,0,0,0,0,0,0,0,0,0,0,0,0,0,0,0,0,0,,,,,,,,,,,,,,,,,,USD,1.0,stock,27.0
2026-06-18,173.43,174.41,171.1,172.63,4124179,184.429,188.255,193.828,182.51101231298307,189.14721627594727,193.57678203409793,193.2021213531908,22.979797979797965,-4.032430698685488,-3.3889126130537948,-0.6435180856316931,0,5.767857142857141,0.5,0.05,2597964.4,2186849.7,1.58746555572509,1.885899611665127,6.986301369863017,18.148809408269397,0.8000000000000114,0.9799999999999898,1.5300000000000011,,0,-5.7238094844367,-6.8348490992295705,-9.05114985807797,-12.27944158025836,1,,,-1.5287205521647418,-4.539924795399253,-9.542024732760435,200.0,-5.413926638047681,200.0,0,25,20,20,177.785,185.55,181.66750000000002,191.095,172.63,,,,,,172.71333333333334,174.32666666666668,176.02333333333334,177.63666666666668,171.01666666666668,169.40333333333334,167.70666666666668,0,0,0,0,0,0,0,0,0,0,0,0,0,0,0,0,0,0,0,0,0,0,,,,,,,,,,,,,,,,,,USD,1.0,stock,27.0
2026-06-22,171.0,173.7,167.77,170.89,3288019,183.454,187.45600000000002,193.75900000000001,181.4042492355561,188.43124701022384,193.12753882550194,192.9801101954476,26.994956986057517,-4.462831399416245,-3.603696370326285,-0.8591350290899604,0,5.442142857142853,0.5,0.05,2764912.9,2272630.85,1.1891944227248534,1.446789741501573,15.324165029469443,11.416713209776075,0.11000000000001364,2.6999999999999886,3.119999999999976,,0,-6.152641603110845,-7.352097840716263,-9.69395517584413,-13.382292702908321,1,,,-1.007936048195568,-5.928657932401194,-10.242134565891071,200.0,-5.796032496407079,200.0,0,25,20,20,176.12,183.885,180.0025,189.43,170.89,,,,,,170.78666666666666,173.8033333333333,176.71666666666664,179.7333333333333,167.87333333333333,164.85666666666668,161.94333333333336,0,0,0,0,0,0,0,0,0,0,0,0,0,0,0,0,0,0,0,0,0,0,,,,,,,,,,,,,,,,,,USD,1.0,stock,27.0
2026-06-23,174.68,179.41,173.4129,179.27,2860942,182.67849999999999,186.9952,193.72885,181.20098740359836,188.07198242158762,192.85313211608607,192.84369118852774,43.9416792357969,-4.080691419653533,-3.699095380191735,-0.3815960394617983,1,5.681428571428569,0.5,0.05,2784399.2,2334626.2,1.0274898800430627,1.2254390017553987,56.48330058939101,26.264588996241148,4.590000000000003,0.13999999999998636,1.2670999999999992,,0,-1.0771391775524912,-1.9013220282255674,-4.309254197579071,-8.06540413900819,1,,,4.903739247469141,-1.0159571531113687,-7.962829859328469,200.0,-1.0656605304789883,200.0,0,25,20,20,176.12,183.885,180.0025,189.43,179.27,,,,,,177.3643,181.31569999999996,183.36139999999997,187.31279999999995,175.31859999999998,171.3672,169.3215,0,0,0,0,0,0,0,0,0,0,0,0,0,0,0,0,0,0,0,0,0,0,,,,,,,,,,,,,,,,,,USD,1.0,stock,25.0
2026-06-24,180.0,183.56,180.0,183.04,2486015,182.2745,186.7038,193.71664999999996,181.3761314603985,187.8746497776038,192.65881266824277,192.74614202247275,49.81247069854665,-3.4340496529488007,-3.646086234743148,0.21203658179434726,1,5.571428571428569,0.5,0.05,2813811.9,2351964.45,0.8835043309042797,1.0569951429325388,77.67039674465913,49.82595412117319,3.039999999999992,0.5200000000000102,0.0,,0,0.9090190885060538,0.4182145979020995,-2.001638986013991,-5.8329600087412405,1,,,2.102973168962996,0.2849002849002691,-4.227710339054003,200.0,0.9173580482748184,200.0,0,25,20,20,176.12,183.885,180.0025,189.43,183.04,,,,,,182.20000000000002,184.40000000000003,185.76000000000002,187.96000000000004,180.84000000000003,178.64000000000001,177.28000000000003,0,0,0,0,0,0,0,0,0,0,0,0,0,0,0,0,0,0,0,0,0,0,,,,,,,,,,,,,,,,,,USD,1.0,stock,25.0
2026-06-25,182.99,182.99,176.63,176.68,2117924,181.21750000000003,186.2838,193.6624,180.92888084512248,187.43564390397228,192.34240053619834,192.5862799127964,43.78734803214506,-3.3956374465225565,-3.59599647709903,0.20035903057647353,0,5.587142857142855,0.5,0.05,2826921.7,2359991.2,0.7491979703576508,0.8974287700733798,45.32044760935909,59.8247149811364,6.310000000000002,0.0,0.05000000000001137,,0,-2.404845395699837,-2.5682023998188943,-5.435702965813904,-9.611953814806421,1,,,-3.4746503496503434,0.7814728195767451,-10.686482661004948,198.44,-2.3483707107874996,198.44,0,25,20,20,176.12,183.885,180.0025,184.57,176.68,,,,,,178.76666666666665,180.9033333333333,185.12666666666667,187.26333333333332,174.5433333333333,172.40666666666664,168.18333333333328,0,0,0,0,0,0,0,0,0,0,0,0,0,0,0,0,0,0,0,0,0,0,,,,,,,,,,,,,,,,,,USD,1.0,stock,25.0
2026-06-26,177.62,179.74,176.665,179.11,2029422,180.321,186.0282,193.61950000000002,180.75565409796795,187.10914806460082,192.08037280280826,192.45218757535565,44.42860052963944,-3.132999536114312,-3.5033970889020867,0.37039755278777475,1,5.469642857142857,0.5,0.05,2808809.5,2393485.05,0.7225203418031731,0.8478941616953071,67.90419161676654,63.63167865692825,1.490000000000009,0.6299999999999955,0.9550000000000125,,0,-0.9187952085131675,-0.6761208196080533,-3.862542571604034,-8.100887722628553,1,,,1.3753678967625138,3.753692869142111,-9.099675192854228,196.33,-0.9104302192815528,196.33,0,25,20,20,176.12,183.885,180.0025,184.07999999999998,179.11,,,,,,178.505,180.345,181.58,183.42000000000002,177.26999999999998,175.42999999999998,174.19499999999996,0,0,0,0,0,0,0,0,0,0,0,0,0,0,0,0,0,0,0,0,0,0,,,,,,,,,,,,,,,,,,USD,1.0,stock,25.0
2026-06-29,179.95,181.67,178.82,181.58,1354037,179.69850000000002,185.8326,193.59939999999997,180.8341632314948,186.89231872873412,191.87244462849523,192.3440066044566,56.62313432835822,-2.6944883580324586,-3.3416153427281614,0.6471269846957028,1,5.030357142857142,0.5,0.05,2795593.2,2319343.3,0.48434693574158066,0.5838018890950728,82.69461077844318,65.30641666818958,1.6300000000000239,0.08999999999997499,1.1299999999999955,,0,0.4107483029547305,1.0361823989426084,-2.341998017402798,-6.619341337151647,1,,,1.379040812908272,6.255485985136655,-6.416533525743439,193.0,0.4124424031262372,193.0,0,25,20,20,176.12,183.885,180.0025,183.885,181.58,,,,,,180.69000000000003,182.56000000000006,183.54000000000002,185.41000000000005,179.71000000000006,177.84000000000003,176.86000000000007,0,0,0,0,0,0,0,0,0,0,0,0,0,0,0,0,0,0,0,0,0,0,,,,,,,,,,,,,,,,,,USD,1.0,stock,25.0
2026-06-30,178.76,179.4,174.9065,175.45,2221600,179.151,185.48899999999998,193.5489,180.32138578087626,186.44360034721515,191.54724770515867,192.17590703625308,49.60163432073543,-2.809221898190202,-3.2351366538205695,0.4259147556303673,0,5.253464285714285,0.5,0.05,2719325.3,2335912.3,0.8169673558363908,0.9510631028399483,45.98802395209571,65.52894211576846,3.3100000000000023,0.6400000000000148,0.5434999999999945,,0,-2.776509421987043,-2.1094328868623666,-5.721858079224843,-10.315702479338853,1,,,-3.375922458420544,-2.1308640597980766,-5.874463519313311,188.13,-2.7015019653830183,188.13,0,25,20,20,175.66500000000002,183.885,179.775,183.885,175.45,,,,,,176.5855,178.2645,181.079,182.758,173.771,172.09199999999998,169.27749999999997,0,0,0,0,0,0,0,0,0,0,0,0,0,0,0,0,0,0,0,0,0,0,,,,,,,,,,,,,,,,,,USD,1.0,stock,25.0
2026-07-01,175.22,180.95,175.22,178.67,2573404,178.88,185.2334,193.5172,180.16411094460233,186.13875327477535,191.29225270109612,192.04151990156402,52.003891050583626,-2.610232826824472,-3.11015588842135,0.49992306159687816,1,5.341321428571427,0.5,0.05,2687818.9,2399697.15,0.9574320650844446,1.072386988499778,65.26946107784421,64.65069860279435,3.4499999999999886,2.280000000000001,0.0,,0,-0.8362405242079479,-0.11753512061342586,-3.673476241114906,-8.309844965579009,1,,,1.83528070675405,-2.3874562937062915,-2.944212070183072,188.13,-0.8293055352526655,188.13,0,25,20,20,175.66500000000002,183.885,179.775,183.885,178.67,,,,,,178.27999999999997,181.33999999999995,184.00999999999996,187.06999999999994,175.60999999999996,172.54999999999998,169.87999999999997,0,0,0,0,0,0,0,0,0,0,0,0,0,0,0,0,0,0,0,0,0,0,,,,,,,,,,,,,,,,,,USD,1.0,stock,25.0
2026-07-02,180.37,183.24,179.03,182.14,2372198,178.827,185.102,193.50010000000003,180.3522908546402,185.9819394208626,191.11101997434173,191.9429973154788,51.28357030015796,-2.147774348383223,-2.9176795804137248,0.769905232030502,1,5.247035714285715,0.5,0.05,2542774.0,2442364.95,0.932917357185499,0.9712708987246151,86.0479041916167,65.7684630738522,1.7699999999999818,1.1000000000000227,1.3400000000000034,,0,0.9815027700449097,1.8189304930273351,-1.626221587789622,-6.23701548259583,1,,,1.9421279453741613,3.090332805071294,-0.5786026200873429,187.43,0.9912317370011402,187.43,0,25,20,20,175.66500000000002,183.885,179.775,183.885,182.14,,,,,,181.47,183.91,185.68,188.12,179.7,177.26,175.48999999999998,0,0,0,0,0,0,0,0,0,0,0,0,0,0,0,0,0,0,0,0,0,0,,,,,,,,,,,,,,,,,,USD,1.0,stock,25.0
2026-07-06,182.11,183.3824,176.67,177.51,2527982,178.567,184.87919999999997,193.42039999999997,180.08159648753158,185.6497065023974,190.84169284613694,191.79938540189195,46.189164370982546,-2.130317998055915,-2.760207263942163,0.629889265886248,0,5.5222071428571455,0.5,0.05,2383154.3,2490559.35,1.0607714322148591,1.01502580133254,58.3233532934131,69.880239520958,4.600000000000023,1.2723999999999762,0.8400000000000034,,0,-1.4487051363481458,-0.5954594107374325,-4.1514280885583785,-8.963100670384758,1,,,-2.542000658833865,-0.8933057897381635,-2.8460401729516804,187.43,-1.4280173752844558,187.43,0,25,20,20,178.48645,183.10500000000002,180.795725,183.885,177.51,,,,,,179.18746666666667,181.70493333333334,185.89986666666667,188.41733333333335,174.99253333333334,172.47506666666666,168.28013333333334,0,0,0,0,0,0,0,0,0,0,0,0,0,0,0,0,0,0,0,0,0,0,,,,,,,,,,,,,,,,,,USD,1.0,stock,25.0
2026-07-07,180.37,182.11,175.42,175.95,2088190,178.1355,184.5562,193.34470000000002,179.68811110776667,185.26932585524457,190.54680783928274,191.64168007450994,45.34799855751891,-2.2168086865681005,-2.651527548467351,0.43471886189925035,0,5.694707142857147,0.5,0.05,2263171.4,2514042.15,0.9226830985934164,0.83061057667629,48.98203592814362,64.45109780439113,4.420000000000016,1.740000000000009,0.5300000000000011,,0,-2.124530325528096,-1.2421142369991582,-4.891275930662121,-9.88616084114807,1,,,-0.878823728240663,-3.100561735874008,-4.675479466897836,184.47,-2.080333019653581,184.47,0,25,20,20,179.23325,182.05,180.641625,183.885,175.95,,,,,,177.82666666666668,180.23333333333338,184.5166666666667,186.9233333333334,173.54333333333335,171.13666666666666,166.85333333333332,0,0,0,0,0,0,0,0,0,0,0,0,0,0,0,0,0,0,0,0,0,0,,,,,,,,,,,,,,,,,,USD,1.0,stock,25.0
2026-07-08,176.5,177.21,173.54,174.41,1864457,178.06099999999998,184.2148,193.27134999999998,179.18543385940794,184.84346993935264,190.22726708999,191.470220571281,42.70552257600287,-2.3821582723076062,-2.597653693235402,0.21549542092779594,0,5.715778571428577,0.5,0.05,2163522.9,2473961.05,0.8617690157104415,0.7536323176955434,42.05193160227986,49.78577360794552,2.0900000000000034,0.710000000000008,0.8700000000000045,,0,-2.7380504898847198,-2.093343271601389,-5.6216960036695145,-10.814374175792665,1,,,-0.8752486501847123,-0.5927614705044104,-0.8470722001137077,184.47,-2.665079273773353,184.47,0,25,20,20,178.4612,180.385,179.42309999999998,183.885,174.41,,,,,,175.0533333333333,176.56666666666663,178.72333333333333,180.23666666666665,172.89666666666662,171.3833333333333,169.2266666666666,0,0,0,0,0,0,0,0,0,0,0,0,0,0,0,0,0,0,0,0,0,0,,,,,,,,,,,,,,,,,,USD,1.0,stock,25.0
2026-07-09,173.09,174.03,170.85,171.65,2644199,177.8515,183.918,193.1787,178.46777349184526,184.32607896133882,189.8594004149407,191.27300444619365,46.421587798201024,-2.7047295058949032,-2.6190688557673023,-0.08566065012760093,0,5.206492857142862,0.5,0.05,2179341.3,2496576.6,1.2133019275136026,1.0591299301611654,24.572514249525,38.53549392664949,1.4399999999999977,0.9399999999999977,0.8000000000000114,,0,-3.9719041607021603,-3.6128750364112916,-7.147101660355375,-12.542207981357405,1,,,-1.5824780689180584,-3.9290311747915085,-2.382848043676067,184.47,-3.820170643949219,184.47,0,25,20,20,177.1162,177.95,177.5331,183.885,171.65,,,,,,172.17666666666665,173.5033333333333,175.35666666666665,176.6833333333333,170.3233333333333,168.99666666666664,167.1433333333333,0,0,0,0,0,0,0,0,0,0,0,0,0,0,0,0,0,0,0,0,0,0,,,,,,,,,,,,,,,,,,USD,1.0,stock,25.0
2026-07-10,172.08,174.3,171.2053,173.66,2420716,177.704,183.63279999999997,193.08530000000002,178.0098903021457,183.90780135501183,189.53862020870423,191.09775067060963,51.020408163265316,-2.7662912472422647,-2.648513334062295,-0.11777791317996966,0,5.126828571428577,0.5,0.05,2209620.5,2518271.1,1.0955347309639822,0.9612610810647034,37.30208993033559,34.64217859404681,1.579999999999984,0.6400000000000148,0.8747000000000185,,0,-2.5048314534986154,-2.3286882413912307,-5.742715651272589,-11.185822872279179,1,,,1.1709874745120752,-4.655759306028329,-1.670347092463631,184.47,-2.443622820486207,184.47,0,25,20,20,177.1162,177.95,177.5331,183.885,173.66,,,,,,173.0551,174.90490000000003,176.14980000000003,177.99960000000004,171.8102,169.9604,168.7155,0,0,0,0,0,0,0,0,0,0,0,0,0,0,0,0,0,0,0,0,0,0,,,,,,,,,,,,,,,,,,USD,1.0,stock,25.0
2026-07-13,172.45,177.64,171.88,175.24,1959409,177.424,183.35440000000003,193.00779999999997,177.7460912257509,183.56788757638392,189.25547921447247,190.93996210672296,54.32319618366132,-2.656958808158379,-2.650202428881512,-0.006756379276867008,1,5.114685714285721,0.5,0.05,2202619.2,2505714.35,0.8895813674919386,0.781976205707566,34.539732494099226,32.13811222465327,2.7900000000000205,2.3999999999999773,0.5699999999999932,,0,-1.4300908615332566,-1.2462908011869422,-4.630449669025347,-10.139123487788156,1,,,0.909823793619724,-1.2788011942989064,-3.0966600309666026,184.47,-1.4099276155490557,184.47,0,25,20,20,177.1162,177.60000000000002,177.3581,183.885,175.24,,,,,,174.92,177.95999999999998,180.67999999999998,183.71999999999997,172.2,169.16,166.44,0,0,0,0,0,0,0,0,0,0,0,0,0,0,0,0,0,0,0,0,0,0,,,,,,,,,,,,,,,,,,USD,1.0,stock,25.0
2026-07-14,174.5,175.26,169.93,171.46,1375019,176.91400000000002,183.0688,192.91064999999998,177.14741587091746,183.09306845574142,188.90309348745322,190.74613163799935,41.457011594837006,-2.8425592184697734,-2.688673786799164,-0.1538854316706093,0,4.886828571428576,0.5,0.05,2204717.4,2500155.3,0.6236713149721592,0.5499734356501774,11.225238444607495,27.689020289680766,3.039999999999992,0.7599999999999909,1.5300000000000011,,0,-3.317051131994312,-3.180916831914153,-6.770558730899336,-12.510585559314105,1,,,-2.1570417712850953,-2.5518613242398347,-5.614884949906418,184.47,-3.2105553687905415,184.47,0,25,20,20,176.6562,177.60000000000002,177.12810000000002,183.885,171.46,,,,,,172.21666666666667,174.50333333333333,177.54666666666665,179.83333333333331,169.17333333333335,166.88666666666668,163.84333333333336,0,0,0,0,0,0,0,0,0,0,0,0,0,0,0,0,0,0,0,0,0,0,,,,,,,,,,,,,,,,,,USD,1.0,stock,25.0
2026-07-15,170.2,172.77,169.49,170.27,1251825,176.372,182.8274,192.8357,176.49242388321102,182.59020302610452,188.5341213391868,190.5423890346362,35.195919313702774,-3.0505075830331805,-2.761040546045968,-0.28946703698721254,0,4.81468571428572,0.5,0.05,2107739.9,2413532.6,0.5939181584976401,0.51866919054667,5.614580634015737,17.12651719090748,0.0700000000000216,2.5,0.7099999999999795,,0,-3.6544452241798364,-3.583719974158691,-7.374992658718506,-13.252892464908669,1,,,-0.6940394261052085,-2.373717103377093,-5.9853127933300225,184.47,-3.525603958688065,184.47,0,25,20,20,176.43619999999999,176.12,176.2781,183.885,170.27,,,,,,170.84333333333333,172.19666666666666,174.12333333333333,175.47666666666666,168.91666666666666,167.56333333333333,165.63666666666666,0,0,0,0,0,0,0,0,0,0,0,0,0,0,0,0,0,0,0,0,0,0,,,,,,,,,,,,,,,,,,USD,1.0,stock,25.0
2026-07-16,171.35,176.52,170.98,174.72,1375937,175.982,182.6816,192.76875,176.32362160861948,182.2815676133161,188.2605743819752,190.3849523278239,47.62251334303735,-2.82368071671641,-2.7735685801800565,-0.05011213653635371,1,4.803257142857149,0.5,0.05,1987993.2,2337906.05,0.692123594788956,0.5885339147824182,37.64648296910539,18.162100682576202,3.3700000000000045,1.8000000000000114,0.37000000000000455,,0,-0.9178237228820267,-0.7222985347985351,-4.556776556776559,-10.330099587912095,1,,,2.613496211898747,1.7885231575881066,-4.2735042735042805,183.56,-0.9094763333406287,183.56,0,25,20,20,176.43619999999999,176.12,176.2781,183.885,174.72,,,,,,174.07333333333335,177.1666666666667,179.61333333333337,182.70666666666673,171.6266666666667,168.53333333333333,166.08666666666667,0,0,0,0,0,0,0,0,0,0,0,0,0,0,0,0,0,0,0,0,0,0,,,,,,,,,,,,,,,,,,USD,1.0,stock,25.0
2026-07-17,176.885,177.66,170.885,171.42,1097396,175.7875,182.4118,192.70530000000002,175.85661002684617,181.8556237853429,187.92709766154005,190.1962463345122,40.86481349489187,-2.877036525536994,-2.7942621692514438,-0.08277435628555008,0,5.067542857142862,0.5,0.05,1860513.0,2201643.5,0.5898351691173348,0.49844400330934596,13.892487979038762,19.05118386071996,5.465000000000003,0.7750000000000057,0.5349999999999966,,0,-2.588151923256436,-2.5478357251195938,-6.412203943530518,-12.417045852292635,1,,,-1.8887362637362681,-1.2898767707013703,-2.2189264731047986,183.56,-2.522856562610238,183.56,0,25,20,20,175.8,176.12,175.96,183.885,171.42,,,,,,173.32166666666663,175.75833333333327,180.09666666666664,182.53333333333327,168.98333333333326,166.54666666666662,162.20833333333326,0,0,0,0,0,0,0,0,0,0,0,0,0,0,0,0,0,0,0,0,0,0,,,,,,,,,,,,,,,,,,USD,1.0,stock,25.0
2026-07-20,170.0,172.83,168.75,171.7,2040045,175.741,182.1176,192.62855,175.46074240524177,181.45736402905496,187.6057689949749,190.0122040824275,37.61904761904759,-2.863716586287694,-2.808153052658694,-0.055563533628999906,1,5.155400000000006,0.5,0.05,1811719.3,2097436.8,1.1260270837761677,0.972637173143906,20.16073918154227,23.899903376562136,1.6999999999999886,1.1300000000000239,1.25,,0,-2.1902984305426823,-2.353523587652898,-6.067326732673281,-12.189021549213747,1,,,0.16334150040835382,-2.020086738187643,-0.5387244395528068,183.56,-2.1433526119227433,183.56,0,25,20,20,173.20499999999998,176.12,174.6625,183.885,171.7,,,,,,171.09333333333333,173.43666666666667,175.17333333333335,177.51666666666668,169.35666666666665,167.01333333333332,165.27666666666664,0,0,0,0,0,0,0,0,0,0,0,0,0,0,0,0,0,0,0,0,0,0,,,,,,,,,,,,,,,,,,USD,1.0,stock,25.0
2026-07-21,169.54,172.1275,169.5,170.63,1186309,175.728,181.789,192.53754999999998,175.00067169998064,181.03276151811164,187.26961515349024,189.81934633036354,43.082663605051664,-2.9060019149523555,-2.827722825117427,-0.0782790898349286,0,4.866400000000005,0.5,0.05,1721531.2,1992351.3,0.6891010746711997,0.5954316389885659,12.848199885186277,15.633809015255764,1.0900000000000034,1.4975000000000023,0.03999999999999204,,0,-2.561490769489918,-2.987751274687929,-6.53988161519076,-12.839213502901007,1,,,-0.6231799650553205,-0.484077919048187,-0.15214465445607672,183.56,-2.4975170995192992,183.56,0,25,20,20,173.20499999999998,176.12,174.6625,183.885,170.63,,,,,,170.75249999999997,172.00499999999994,173.37999999999997,174.63249999999994,169.37749999999994,168.12499999999997,166.74999999999994,0,0,0,0,0,0,0,0,0,0,0,0,0,0,0,0,0,0,0,0,0,0,,,,,,,,,,,,,,,,,,USD,1.0,stock,25.0
2026-07-22,171.15,172.75,170.5948,172.33,1064022,175.38100000000003,181.5168,192.4541,174.7463220142682,180.6914767526955,186.97378119005478,189.64532298379277,40.486194477791145,-2.770402079405244,-2.81625867597499,0.045856596569746166,1,4.611057142857149,0.5,0.05,1641487.7,1902505.3,0.6482058927398603,0.5592741318513015,24.466252972854864,19.1583973465278,1.1800000000000068,0.4199999999999875,0.5552000000000135,,0,-1.4021482123067308,-1.7704404340509579,-5.3309348343294705,-11.677653339523006,1,,,0.9963078005040149,1.2098431902272777,-3.8712556479053917,183.56,-1.3827598695158199,183.56,0,25,20,20,173.20499999999998,176.12,174.6625,183.885,172.33,,,,,,171.8916,173.18840000000003,174.04680000000002,175.34360000000004,171.03320000000002,169.7364,168.87800000000001,0,0,0,0,0,0,0,0,0,0,0,0,0,0,0,0,0,0,0,0,0,0,,,,,,,,,,,,,,,,,,USD,1.0,stock,25.0
2026-07-23,170.0,172.46,169.25,172.14,2113103,174.836,181.175,192.33915000000002,174.49810087005218,180.35612472317803,186.68004294866753,189.47114066554607,33.3555259653795,-2.6477480534990434,-2.782556551479801,0.13480849798075756,1,4.513914285714291,0.5,0.05,1588378.1,1883859.7,1.330352640847919,1.1216880959871907,23.167764686585855,20.16073918154233,2.1399999999999864,0.3200000000000216,0.75,,0,-1.3698738643268258,-1.5661670733124355,-5.248634832113411,-11.734140815615216,1,,,-0.11025358324147083,-1.4766483516483575,-5.954982517482521,183.3824,-1.3513619106996833,183.3824,0,25,20,20,173.20499999999998,176.12,174.6625,183.885,172.14,,,,,,171.28333333333333,173.31666666666666,174.49333333333334,176.52666666666667,170.10666666666665,168.07333333333332,166.89666666666665,0,0,0,0,0,0,0,0,0,0,0,0,0,0,0,0,0,0,0,0,0,0,,,,,,,,,,,,,,,,,,USD,1.0,stock,25.0
2026-07-24,172.99,175.56,172.12,174.3,1954785,174.71699999999998,180.8228,192.23475000000002,174.4792341205234,180.11862963599458,186.4348935833474,189.32018404200832,44.17845484221986,-2.349170135156612,-2.6958792682151635,0.34670913305855144,1,4.280171428571434,0.5,0.05,1541785.0,1875702.75,1.2678713309572995,1.042161397908064,41.541916167664716,29.72531127570181,1.3100000000000023,1.259999999999991,0.8700000000000045,,0,-0.10283082072482809,-0.23924268502580215,-3.7422834193918466,-10.289586919104995,1,,,1.2547926106657448,1.680084004200233,-1.347068145800312,183.3824,-0.10272518757135736,183.3824,0,25,20,20,173.20499999999998,175.66500000000002,174.435,183.885,174.3,,,,,,173.99333333333334,175.86666666666667,177.43333333333334,179.30666666666667,172.42666666666668,170.55333333333334,168.98666666666668,0,0,0,0,0,0,0,0,0,0,0,0,0,0,0,0,0,0,0,0,0,0,,,,,,,,,,,,,,,,,,USD,1.0,stock,25.0
2026-07-27,175.28,180.58,175.28,180.19,2002988,174.771,180.51320000000004,192.16375,175.02311658523544,180.12142847379872,186.3112323242712,189.2293364396003,56.64576802507838,-1.6186128471657355,-2.4804259840052785,0.861813136839543,1,4.250885714285717,0.5,0.05,1546142.9,1874381.05,1.2954740470625323,1.0686130229496291,96.70329670329659,53.80432585251572,4.909999999999997,0.3900000000000148,0.0,,0,2.8674640184053253,3.0073810977301796,-0.17936622454078616,-6.645069093734389,1,,,3.379231210556499,4.944670937682005,0.6029814080732443,183.3824,2.952114849496642,183.3824,0,25,20,20,174.66500000000002,175.66500000000002,175.16500000000002,183.885,180.19,,,,,,178.6833333333333,182.08666666666662,183.98333333333332,187.38666666666663,176.7866666666666,173.3833333333333,171.4866666666666,0,0,0,0,0,0,0,0,0,0,0,0,0,0,0,0,0,0,0,0,0,0,,,,,,,,,,,,,,,,,,USD,1.0,stock,25.0
2026-07-28,183.2,185.9,180.8601,183.39,1970642,174.8615,180.3746,192.10289999999998,175.81996262473683,180.24960774933604,186.25338613963217,189.17123358945506,63.37902264600712,-0.7725225178604376,-2.1388452907763105,1.366322772915873,1,4.396600000000002,0.5,0.05,1605705.2,1905211.3,1.2272750938341608,1.034343014866645,85.36443148688036,74.53654811928055,0.18999999999999773,2.5100000000000193,2.3399,,0,4.127835419195788,4.650471672392159,1.6442554119635748,-4.751022411254699,0,,,1.7759032132748764,7.478169137900714,0.9968058156184512,185.9,4.305561929517834,185.9,0,25,20,20,177.325,176.835,177.07999999999998,183.885,183.39,,,,,,183.38336666666666,185.90663333333333,188.42326666666668,190.94653333333335,180.86673333333331,178.34346666666664,175.8268333333333,0,0,0,0,0,0,0,0,0,0,0,0,0,0,0,0,0,0,0,0,0,0,,,,,,,,,,,,,,,,,,USD,1.0,stock,25.0
2026-07-30,182.25,183.88,177.01,177.23,1978923,174.9505,180.1796,192.02615000000003,175.9542518985714,180.131191759166,186.0747052259761,189.05241534478387,57.548701298701275,-0.5922235701954719,-1.8295209466601428,1.2372973764646709,0,4.633028571428574,0.5,0.05,1678415.0,1893077.45,1.1790427278116555,1.0453470881500384,49.44606413994161,77.1712641100395,5.02000000000001,1.6299999999999955,0.21999999999999886,,0,0.7198262717534142,1.2861817976640437,-1.6642780567624014,-8.348558370479061,1,,,-3.358961775451219,2.8433818835954083,1.014534055286398,185.9,0.7250453385826556,185.9,0,25,20,20,177.325,177.325,177.325,183.885,177.23,,,,,,179.37333333333333,181.73666666666668,186.24333333333334,188.60666666666668,174.86666666666667,172.50333333333333,167.99666666666667,0,0,0,0,0,0,0,0,0,0,0,0,0,0,0,0,0,0,0,0,0,0,,,,,,,,,,,,,,,,,,USD,1.0,stock,25.0
2026-07-31,176.19,177.37,173.91,175.05,2173855,174.7695,179.84600000000003,191.94075,175.86813267013605,179.93192933723793,185.8563942314023,188.91308782891537,51.871801777538394,-0.6181178582620248,-1.5872403289805193,0.9691224707184944,0,4.659121428571431,0.5,0.05,1758206.8,1873100.0,1.2364046140647391,1.1605653729112166,36.734693877551074,57.18172983479101,1.1399999999999864,1.1800000000000068,1.1400000000000148,,0,-0.4673708484067624,0.16023993144816778,-2.7397886318194917,-9.649100257069406,1,,,-1.2300400609377538,1.6904844893691262,-2.0260816029551543,185.9,-0.46519665485421036,185.9,0,25,20,20,177.325,177.325,177.325,183.885,175.05,,,,,,175.4433333333333,176.9766666666666,178.9033333333333,180.4366666666666,173.5166666666666,171.9833333333333,170.0566666666666,0,0,0,0,0,0,0,0,0,0,0,0,0,0,0,0,0,0,0,0,0,0,,,,,,,,,,,,,,,,,,USD,1.0,stock,25.0
2026-08-03,177.06,180.615,175.875,177.67,1555068,174.546,179.54339999999996,191.8831,176.03973908250404,179.8432262259737,185.69428741493888,188.80121630822964,53.18312811108198,-0.4223584787328605,-1.3542639589309875,0.931905480198127,0,4.64519285714286,0.5,0.05,1803974.0,1832243.5,0.8620235103166676,0.8487234365956272,52.01166180758008,46.06413994169092,0.6099999999999852,2.9450000000000216,1.1850000000000023,,0,0.9175780477829379,1.758315979062304,-1.0544267462148789,-7.999718579388769,1,,,1.4967152242216342,1.9334480780263785,-2.4541561436257853,185.9,0.9260755133997876,185.9,0,25,20,20,177.575,177.325,177.45,183.885,177.67,,,,,,178.0533333333333,180.23166666666663,182.79333333333332,184.97166666666664,175.49166666666662,173.3133333333333,170.7516666666666,0,0,0,0,0,0,0,0,0,0,0,0,0,0,0,0,0,0,0,0,0,0,,,,,,,,,,,,,,,,,,USD,1.0,stock,25.0
2026-08-04,177.3,179.17,173.5925,179.04,1688903,174.6225,179.30740000000003,191.83115,176.32547821750367,179.81172715828848,185.56251934731634,188.7040897777995,60.59843400447425,-0.1548847941589031,-1.1143881259765707,0.9595033318176676,1,4.662871428571431,0.5,0.05,1768859.8,1790289.55,0.9547975481154584,0.9433686299515069,59.99999999999993,49.58211856171036,1.7399999999999807,0.12999999999999545,3.7075000000000102,,0,1.5161538105989276,2.46732573726541,-0.1493521000893865,-7.144297363717614,1,,,0.7710924748128622,-0.6382152172706657,0.8619232719283332,185.9,1.5394949215154612,185.9,0,25,20,20,177.575,177.325,177.45,183.885,179.04,,,,,,177.2675,180.94250000000002,182.845,186.52,175.36500000000004,171.69000000000003,169.78750000000005,0,0,0,0,0,0,0,0,0,0,0,0,0,0,0,0,0,0,0,0,0,0,,,,,,,,,,,,,,,,,,USD,1.0,stock,25.0
2026-08-05,180.0,180.08,177.81,179.58,1256198,174.804,179.0912,191.77105000000003,176.6354326729795,179.80263981874774,185.4440536176665,188.61330281483632,63.2583309598405,0.09951635237806045,-0.8716072303056445,0.9711235826837049,1,4.590728571428575,0.5,0.05,1775848.7,1748689.95,0.7073789563266285,0.7183651967577214,63.14868804664729,58.38678328474242,0.4199999999999875,0.0800000000000125,1.7700000000000102,,0,1.6396966961913955,2.6595389241563705,0.2721906671121651,-6.788645728923052,1,,,0.3016085790884748,-2.0775396695566717,2.0630861040068282,185.9,1.6670309475630751,185.9,0,25,20,20,177.575,177.325,177.45,183.885,179.58,,,,,,179.15666666666667,180.50333333333333,181.42666666666668,182.77333333333334,178.23333333333332,176.88666666666666,175.9633333333333,0,0,0,0,0,0,0,0,0,0,0,0,0,0,0,0,0,0,0,0,0,0,,,,,,,,,,,,,,,,,,USD,1.0,stock,25.0
2026-08-06,180.78,183.08,179.3775,183.02,1348592,175.2345,178.85600000000002,191.75215,177.2434867041243,179.92881080624784,185.3960525559305,188.55764806045985,62.1700879765396,0.5721153549083908,-0.5828627132628375,1.1549780681712283,1,4.40876428571429,0.5,0.05,1804305.7,1722896.7,0.7474298839714357,0.7827468704304791,83.20699708454814,68.78522837706511,2.240000000000009,0.060000000000002274,1.4025000000000034,,0,3.156219700511256,4.253906676865923,2.2751611845699853,-4.771145230029499,0,,,1.9155807996436014,3.266941262765899,4.936643541081365,185.9,3.259083537167455,185.9,0,25,20,20,179.01,177.325,178.1675,183.885,183.02,,,,,,181.82583333333332,184.27416666666664,185.52833333333334,187.97666666666666,180.57166666666663,178.1233333333333,176.86916666666662,0,0,0,0,0,0,0,0,0,0,0,0,0,0,0,0,0,0,0,0,0,0,,,,,,,,,,,,,,,,,,USD,1.0,stock,25.0
2026-08-07,182.21,184.09,181.5,182.35,1039895,175.7695,178.68060000000003,191.7252,177.7298213037315,180.02375940208125,185.33573468353586,188.49588041806723,67.36574515411502,0.8824181021340678,-0.28980655018345647,1.1722246523175244,1,4.109835714285718,0.5,0.05,1696984.9,1642681.5,0.6127897779172933,0.6330472462251507,79.30029154518945,75.21865889212829,0.13999999999998636,1.740000000000009,0.710000000000008,,0,2.5336872477480026,3.608719495475734,2.012284069097871,-5.141321634219911,0,,,-0.3660802098131466,4.170237075121386,6.23361491406933,185.9,2.599551759168668,185.9,0,25,20,20,179.74625,177.325,178.53562499999998,183.885,182.35,,,,,,182.64666666666668,183.79333333333335,185.23666666666668,186.38333333333335,181.20333333333335,180.05666666666667,178.61333333333334,0,0,0,0,0,0,0,0,0,0,0,0,0,0,0,0,0,0,0,0,0,0,,,,,,,,,,,,,,,,,,USD,1.0,stock,25.0
2026-08-10,181.07,182.88,180.21,182.75,1375185,176.224,178.37920000000003,191.7079,178.207933560519,180.13067079807806,185.28453201653514,188.43870747858398,67.48971193415638,1.1473855752922475,-0.002368125088315687,1.1497537003805631,0,4.009121428571431,0.5,0.05,1639024.9,1590404.95,0.8390263015528319,0.8646760059442723,81.08108108108105,81.19612323693954,1.6800000000000068,0.12999999999999545,0.8599999999999852,,0,2.485398872493026,3.5709986320109492,2.3916826265389735,-4.901723666210668,0,,,0.2193583767480245,2.85923341025498,5.234366002533686,185.9,2.5487453609569686,185.9,0,25,20,20,179.74625,177.325,178.53562499999998,183.885,182.75,,,,,,181.9466666666667,183.68333333333337,184.61666666666667,186.35333333333335,181.01333333333338,179.2766666666667,178.3433333333334,0,0,0,0,0,0,0,0,0,0,0,0,0,0,0,0,0,0,0,0,0,0,,,,,,,,,,,,,,,,,,USD,1.0,stock,25.0
2026-08-11,181.0,183.32,180.72,181.98,1592518,176.56099999999998,178.078,191.68715,178.5671779833267,180.2031935118789,185.21909573897997,188.37444173252842,68.13678491530837,1.2804810534043156,0.2542017106102106,1.026279342794105,0,4.007157142857145,0.5,0.05,1597977.9,1572060.4,0.9965832443615147,1.013013240458191,76.45645645645638,78.94594302757562,0.9799999999999898,1.3400000000000034,0.28000000000000114,,0,1.875383018284036,2.9777997582151947,2.144191669414214,-5.334185075283005,1,,,-0.42134062927496885,1.6420911528150173,3.8461538461538325,185.9,1.911225822805999,185.9,0,25,20,20,178.84125,177.325,178.083125,183.885,181.98,,,,,,182.00666666666666,183.29333333333332,184.60666666666665,185.89333333333332,180.69333333333333,179.40666666666667,178.09333333333333,0,0,0,0,0,0,0,0,0,0,0,0,0,0,0,0,0,0,0,0,0,0,,,,,,,,,,,,,,,,,,USD,1.0,stock,25.0
2026-08-12,180.57,184.46,179.2,184.23,965246,177.1995,177.882,191.6873,179.10649436586704,180.36110749180523,185.19950968474274,188.33320350633412,68.6871859296482,1.5496529402054477,0.5132919565292581,1.0363609836761896,1,4.2289285714285745,0.5,0.05,1497438.3,1551571.75,0.6445981781018957,0.622108516734724,89.96996996996988,82.50250250250242,3.6599999999999966,0.2300000000000182,1.3700000000000045,,0,2.7810376345508083,3.8161537208923577,3.445692883895123,-4.047820658958912,0,,,1.2363996043521341,2.5893752088205657,7.447801236439977,185.9,2.860591768195179,185.9,0,25,20,20,179.02625,177.325,178.175625,183.10500000000002,184.23,,,,,,182.63,186.06,187.89000000000001,191.32000000000002,180.79999999999998,177.36999999999998,175.53999999999996,0,0,0,0,0,0,0,0,0,0,0,0,0,0,0,0,0,0,0,0,0,0,,,,,,,,,,,,,,,,,,USD,1.0,stock,25.0
2026-08-13,185.09,186.685,184.94,186.12,1075784,177.99200000000002,177.87640000000002,191.71,179.7744472834035,180.58694641369524,185.21773721573794,188.31118158089797,70.84078711985691,1.8936519633094235,0.7893639578852912,1.1042880054241322,1,4.175000000000003,0.5,0.05,1407124.4,1542769.7,0.7645265763282906,0.697306927923202,96.12083762444217,87.5157546836228,1.0300000000000011,0.5649999999999977,0.15000000000000568,,0,3.4093878769592205,4.36707500537287,4.429185471738656,-3.003438641736516,0,,,1.025891548607727,1.6938039558518136,9.308744934515767,186.685,3.529730065915943,186.685,0,25,20,20,180.13875000000002,177.7175,178.92812500000002,182.05,186.12,,,,,,185.915,186.89,187.66,188.635,185.14499999999998,184.17,183.39999999999998,0,0,0,0,0,0,0,0,0,0,0,0,0,0,0,0,0,0,0,0,0,0,,,,,,,,,,,,,,,,,,USD,1.0,stock,27.0
2026-08-14,184.93,185.945,183.56,184.22,933200,178.467,177.87900000000002,191.73420000000002,180.1978332564127,180.72941910335425,185.19798004314907,188.27047330646118,64.90384615384613,1.9900198365297967,1.0294951336141924,0.9605247029156043,0,4.112142857142861,0.5,0.05,1283058.9,1520632.85,0.7273243652337396,0.6136918586232041,81.17242696200113,89.08774485213773,0.710000000000008,1.0149999999999864,0.6599999999999966,,0,2.1833496599648745,3.122896536749531,3.4420801215937358,-4.0789273694495805,0,,,-1.0208467655276166,1.0255004112969646,5.437271062271054,186.685,2.2320838552281286,186.685,0,25,20,20,180.13875000000002,177.7175,178.92812500000002,180.385,184.22,,,,,,184.57500000000002,185.59000000000003,186.96,187.97500000000002,183.20500000000004,182.19000000000003,180.82000000000005,0,0,0,0,0,0,0,0,0,0,0,0,0,0,0,0,0,0,0,0,0,0,,,,,,,,,,,,,,,,,,USD,1.0,stock,25.0
2026-08-17,182.4,184.12,180.16,181.06,1064547,178.949,177.8362,191.73225,180.27994437484958,180.74238306008544,185.11603984427484,188.19872730341183,51.423895253682495,1.7907636706878804,1.18174884102893,0.6090148296589504,0,3.9535714285714323,0.5,0.05,1234006.8,1518990.4,0.8626751489537983,0.7008253640049339,57.036471262173,78.10991194953876,1.3400000000000034,1.7199999999999989,0.9000000000000057,,0,0.43082714301912334,1.165911852424605,1.7805147464928814,-5.894316801060417,1,,,-1.7153403539246548,-0.9247606019151866,5.623614514059039,186.685,0.43269129456157546,186.685,0,25,20,20,182.2475,177.7175,179.98250000000002,177.95,181.06,,,,,,181.77999999999997,183.39999999999995,185.73999999999998,187.35999999999996,179.43999999999994,177.81999999999996,175.47999999999993,0,0,0,0,0,0,0,0,0,0,0,0,0,0,0,0,0,0,0,0,0,0,,,,,,,,,,,,,,,,,,USD,1.0,stock,25.0
2026-08-18,183.01,184.15,181.18,183.45,960051,179.5365,177.85100000000003,191.74824999999998,180.5818544343877,180.8485641165527,185.0830489562694,188.15147628546742,50.10087424344318,1.8048989974990377,1.3063788723229517,0.498520125176086,0,3.7664285714285746,0.5,0.05,1161121.6,1464990.7,0.8268307126488732,0.6553290747852529,75.29119725033406,71.16669849150273,0.4399999999999977,0.700000000000017,1.829999999999984,,0,1.5634481142612597,2.1332788225674566,3.0520577814118077,-4.52343962932679,0,,,1.3200044184248139,0.8077810748433834,6.843331391962737,186.685,1.5882800487323534,186.685,0,25,20,20,182.9425,177.7175,180.32999999999998,177.95,183.45,,,,,,182.92666666666665,184.6733333333333,185.89666666666665,187.6433333333333,181.7033333333333,179.95666666666665,178.7333333333333,0,0,0,0,0,0,0,0,0,0,0,0,0,0,0,0,0,0,0,0,0,0,,,,,,,,,,,,,,,,,,USD,1.0,stock,25.0
2026-08-19,184.65,189.83,184.54,188.79,1347637,180.4445,177.93519999999998,191.81579999999997,181.36358258349364,181.15999297472712,185.15645392743238,188.15782975526378,69.98616874135546,2.221387940185849,1.4893806858955312,0.732007254290318,1,3.731428571428576,0.5,0.05,1170265.5,1473057.1,1.1515651790127968,0.9148572719957698,93.59507313317924,75.3075805485621,4.139999999999986,1.0400000000000205,0.11000000000001364,,0,3.93369215345429,4.420520154669203,5.7496689443296845,-1.6027331956141615,0,,,2.910874897792315,2.4751669109265517,10.64291156303112,189.83,4.094767709546917,189.83,0,25,20,20,184.515,179.29000000000002,181.9025,178.8,188.79,,,,,,187.72,190.9,193.01000000000002,196.19000000000003,185.60999999999999,182.42999999999998,180.31999999999996,0,0,0,0,0,0,0,0,0,0,0,0,0,0,0,0,0,0,0,0,0,0,,,,,,,,,,,,,,,,,,USD,1.0,stock,25.0
2026-08-20,187.0,190.46,186.79,188.31,1110716,181.24349999999998,178.1834,191.90155000000001,182.02514614697046,181.44038540709076,185.2189003843149,188.15934388705222,74.35709037472442,2.4840913802944726,1.6883228247753197,0.7957685555191529,1,3.7464285714285768,0.5,0.05,1146477.9,1475391.8,0.9688071614812637,0.7528278251241467,87.25359419001035,85.37995485784121,1.3100000000000023,2.1500000000000057,0.21000000000000796,,0,3.3375040375070606,3.752588816313536,5.377622006266261,-1.9072539960703163,0,,,-0.2542507548069284,1.1766602192134101,9.272906632623457,190.46,3.4527393528117476,190.46,0,25,20,20,184.82999999999998,179.60500000000002,182.2175,179.115,188.31,,,,,,188.51999999999998,190.24999999999997,192.19,193.92,186.57999999999996,184.84999999999997,182.90999999999994,0,0,0,0,0,0,0,0,0,0,0,0,0,0,0,0,0,0,0,0,0,0,,,,,,,,,,,,,,,,,,USD,1.0,stock,27.0
2026-08-21,187.62,188.73,185.46,186.46,927395,181.9595,178.39579999999998,191.9857,182.4475131805923,181.63723303818526,185.24347661432847,188.14243499265368,66.6162570888469,2.514026082598434,1.8534634763399427,0.6605626062584915,0,3.582500000000004,0.5,0.05,1135227.9,1416106.4,0.8169240731310428,0.6548907624455338,76.28575663257745,85.71147465192234,1.1599999999999966,1.1099999999999852,1.0,,0,2.1519290032219844,2.413654403089143,4.324895419929222,-2.9634774214308703,0,,,-0.9824226010302084,1.2159374660731803,8.318810270709909,190.46,2.199255418426025,190.46,0,25,20,20,184.82999999999998,179.60500000000002,182.2175,179.115,186.46,,,,,,186.88333333333333,188.30666666666664,190.1533333333333,191.57666666666663,185.03666666666666,183.61333333333334,181.76666666666668,0,0,0,0,0,0,0,0,0,0,0,0,0,0,0,0,0,0,0,0,0,0,,,,,,,,,,,,,,,,,,USD,1.0,stock,25.0
