date,open,high,low,close,volume,SMA_20,SMA_50,SMA_200,EMA_20,EMA_50,EMA_100,EMA_200,RSI_14,MACD,MACD_Signal,MACD_Hist,MACD_Hist_Subiendo,ATR_14,BB_PctB,BB_Width,Vol_SMA_10,Vol_SMA_20,VolRel10,VolRel20,Stoch_K,Stoch_D,Body,Mecha_Sup,Mecha_Inf,Position_52w_Pct,RS_vs_SPY,Dist_EMA_20_pct,Dist_SMA_20_pct,Dist_SMA_50_pct,Dist_SMA_200_pct,Dist_BUY_ZONE,High_52W,Low_52W,Ret_1,Ret_5,Ret_20,Swing_High_20,Dist_EMA_20,TP_Dinamico,VWAP,ADX_14,Plus_DI,Minus_DI,Tenkan,Kijun,Senkou_A,Senkou_B,Chikou,Fib_236,Fib_382,Fib_500,Fib_618,Fib_786,Pivot_PP,Pivot_R1,Pivot_R2,Pivot_R3,Pivot_S1,Pivot_S2,Pivot_S3,Vol_Dryup,Vol_Climax,BB_Squeeze,BB_Breakout,MACD_Cross_Up,Golden_Cross,SMA20_Cross_Up,Oversold,Overbought,Trend_Up,Breakout_Vol,TP_Agotamiento,Vol_Climax_Up,MACD_Divergence,Trend_Weakness,Overextended,Exhaustion_Gap,Stoch_Extreme,Stop_Loss_Triggered,BUY_ZONE,ACC,REB,ROIC,ROE,Net_Margin,Gross_Margin,Operating_Margin,EBITDA_Margin,Current_PE,Current_PB,Current_EV_EBITDA,Current_EV_Sales,Current_FCF_Yield,Market_Cap,PE_5y_mean,PE_5y_max,PE_5y_min,PE_5y_pct,PE_5y_signal,Currency,FX_Rate,Asset_Type,Risk_Score
2025-08-22,655.0,670.39,642.5191,662.66,6368783,,,,662.66,662.66,662.66,662.66,,0.0,0.0,0.0,0,,0.5,0.05,,,,,,,7.659999999999968,7.730000000000018,12.48090000000002,,0,0.0,,,,0,,,,,,,0.0,,0,25,20,20,,,,,662.66,,,,,,658.5230333333333,674.5269666666666,686.3939333333333,702.3978666666666,646.6560666666666,630.6521333333333,618.7851666666666,0,0,0,0,0,0,0,0,0,0,0,0,0,0,0,0,0,0,0,0,0,0,,,,,,,,,,,,,,,,,,USD,1.0,stock,25.0
2025-08-25,664.99,670.4254,655.75,656.96,2201545,,,,662.1171428571428,662.4364705882352,662.5471287128712,662.6032835820896,,-0.45470085470094546,-0.0909401709401891,-0.3637606837607564,0,,0.5,0.05,,,,,,,8.029999999999973,5.435399999999959,1.2100000000000364,,0,-0.7850010437686815,,,,0,,,-0.8601696194126651,,,,-0.778886774459399,,0,25,20,20,,,,,656.96,,,,,,661.0451333333334,666.3402666666668,675.7205333333334,681.0156666666668,651.6648666666669,646.3697333333334,636.9894666666669,0,0,0,0,0,0,0,0,0,0,0,0,0,0,0,0,0,0,0,0,0,0,,,,,,,,,,,,,,,,,,USD,1.0,stock,25.0
2025-08-26,658.0,666.42,656.44,659.54,3762904,,,,661.8717006802719,662.3228835063437,662.487581609646,662.572803148437,,-0.5999542211509379,-0.19274298098233886,-0.407211240168599,0,,0.5,0.05,,,,,,,1.5399999999999636,6.8799999999999955,1.5599999999999454,,0,-0.35353438461230235,,,,0,,,0.392717973697021,,,,-0.35228892213935964,,0,25,20,20,,,,,659.54,,,,,,660.8000000000001,665.1600000000001,670.78,675.14,655.1800000000002,650.8200000000002,645.2000000000003,0,0,0,0,0,0,0,0,0,0,0,0,0,0,0,0,0,0,0,0,0,0,,,,,,,,,,,,,,,,,,USD,1.0,stock,25.0
2025-08-27,661.795,664.33,654.36,663.17,1690649,,,,661.9953482345318,662.3561037609969,662.5010948450986,662.5787454056665,,-0.41734698151879,-0.2376637810896291,-0.17968320042916092,1,,0.5,0.05,,,,,,,1.375,1.1600000000000819,7.434999999999945,,0,0.17712679485926444,,,,0,,,0.5503836006913954,,,,0.1774410905757646,,0,25,20,20,,,,,663.17,,,,,,660.62,666.88,670.59,676.85,656.91,650.65,646.9399999999999,0,0,0,0,0,0,0,0,0,0,0,0,0,0,0,0,0,0,0,0,0,0,,,,,,,,,,,,,,,,,,USD,1.0,stock,25.0
2025-08-28,663.66,674.6229,661.98,668.2,2071113,,,,662.5862674502907,662.5852761625265,662.6139444521264,662.6346782872022,,0.1317310208313529,-0.1637848207054327,0.2955158415367856,1,,0.5,0.05,,,,,,,4.540000000000077,6.422899999999913,1.67999999999995,,0,0.8401275890016928,,,,0,,,0.7584782182547656,,,,0.8472455324665285,,0,25,20,20,,,,,668.2,,,,,,668.2676333333333,674.5552666666665,680.9105333333332,687.1981666666665,661.9123666666666,655.6247333333333,649.2694666666666,0,0,0,0,0,0,0,0,0,0,0,0,0,0,0,0,0,0,0,0,0,0,,,,,,,,,,,,,,,,,,USD,1.0,stock,25.0
2025-08-29,668.2,673.74,664.3501,667.0,1594293,,,,663.0066229312155,662.7584025875254,662.7007970372327,662.6781143241454,,0.46469263497090196,-0.03808932957016578,0.5027819645410677,1,,0.5,0.05,,,,,,,1.2000000000000455,5.539999999999964,2.6499000000000024,,0,0.5987072067143216,,,,0,,,-0.17958695001497604,0.6549361663598319,,,0.6023132998475075,,0,25,20,20,,,,,667.0,,,,,,668.3633666666666,672.3766333333332,677.7532666666666,681.7665333333332,662.9867333333332,658.9734666666666,653.5968333333332,0,0,0,0,0,0,0,0,0,0,0,0,0,0,0,0,0,0,0,0,0,0,,,,,,,,,,,,,,,,,,USD,1.0,stock,25.0
2025-09-02,655.26,664.67,655.0783,661.99,1680258,,,,662.9098016996711,662.7282691527206,662.6867218483767,662.6712674154475,,0.32060623425434187,0.03364978319473576,0.2869564510596061,0,,0.5,0.05,,,,,,,6.730000000000018,2.67999999999995,0.181699999999978,,0,-0.13894495380158275,,,,0,,,-0.7511244377811033,0.7656478324403304,,,-0.13875216467048265,,0,25,20,20,,,,,661.99,,,,,,660.5794333333333,666.0805666666666,670.1711333333333,675.6722666666666,656.4888666666667,650.9877333333334,646.8971666666667,0,0,0,0,0,0,0,0,0,0,0,0,0,0,0,0,0,0,0,0,0,0,,,,,,,,,,,,,,,,,,USD,1.0,stock,25.0
2025-09-03,665.29,669.92,658.305,668.68,1987260,,,,663.4593443949404,662.9616703624179,662.8054006236564,662.7310557993734,,0.7377396099407179,0.17446774854393218,0.5632718613967856,1,,0.5,0.05,,,,,,,3.3899999999999864,1.240000000000009,6.985000000000014,,0,0.7807405044355306,,,,0,,,1.0105892838260244,1.3858143554598579,,,0.786884026755343,,0,25,20,20,,,,,668.68,,,,,,665.6349999999999,672.9649999999998,677.2499999999999,684.5799999999998,661.3499999999998,654.0199999999999,649.7349999999998,0,0,0,0,0,0,0,0,0,0,0,0,0,0,0,0,0,0,0,0,0,0,,,,,,,,,,,,,,,,,,USD,1.0,stock,25.0
2025-09-04,665.0,671.81,659.23,668.29,1719255,,,,663.9194068335175,663.1706244658525,662.9140065519008,662.7863686769915,,1.0250351081571125,0.34458122046656825,0.6804538876905443,1,,0.5,0.05,,,,,,,3.2899999999999636,3.519999999999982,5.769999999999982,,0,0.6539964935106649,,,,0,,,-0.05832386193694861,0.7720493990982735,,,0.6583017639637064,,0,25,20,20,658.5709999999999,,,,668.29,,,,,,666.4433333333333,673.6566666666665,679.0233333333332,686.2366666666665,661.0766666666666,653.8633333333333,648.4966666666667,0,0,0,0,0,0,0,0,0,0,0,0,0,0,0,0,0,0,0,0,0,0,,,,,,,,,,,,,,,,,,USD,1.0,stock,25.0
2025-09-05,672.22,677.0,667.25,672.82,1614148,,,,664.7670823731826,663.5490313495445,663.1101648380018,662.8862058045837,,1.5998103833049981,0.5956270530342542,1.004183330270744,1,,0.5,0.05,2469020.8,,0.6537603895439035,,,,0.6000000000000227,4.17999999999995,4.970000000000027,,0,1.196890346127861,,,,0,,,0.6778494366218357,0.691409757557615,,,1.211389348291584,,0,25,20,20,665.6800000000001,,,,672.82,,,,,,672.3566666666667,677.4633333333334,682.1066666666667,687.2133333333334,667.7133333333334,662.6066666666667,657.9633333333334,0,0,0,0,0,0,0,0,0,0,0,0,0,0,0,0,0,0,0,0,0,0,,,,,,,,,,,,,,,,,,USD,1.0,stock,25.0
2025-09-08,676.58,679.4009,667.96,671.68,1558832,,,,665.4254554804985,663.8678928652487,663.27986454418,662.9737062443392,,1.9409612640242813,0.8646938952322596,1.0762673687920217,1,,0.5,0.05,1988025.7,,0.784110587705179,,,,4.900000000000091,2.820899999999938,3.7199999999999136,,0,0.9311792102640323,,,,0,,,-0.16943610475314008,0.7016491754122889,,,0.9399316584582857,,0,25,20,20,666.88045,,,,671.68,,,,,,673.0136333333334,678.0672666666667,684.4545333333333,689.5081666666666,666.6263666666667,661.5727333333334,655.1854666666668,0,0,0,0,0,0,0,0,0,0,0,0,0,0,0,0,0,0,0,0,0,0,,,,,,,,,,,,,,,,,,USD,1.0,stock,25.0
2025-09-09,669.31,673.7,664.76,670.89,1254945,,,,665.9458882918797,664.1432696156311,663.4305602957804,663.0524753364352,,2.1231055578753057,1.1163762277608689,1.0067293301144369,0,,0.5,0.05,1893365.7,,0.6628117325670366,,,,1.580000000000041,2.810000000000059,4.5499999999999545,,0,0.7369481894379581,,,,0,,,-0.11761553120532842,1.3444311847610857,,,0.7424194360298153,,0,25,20,20,666.88045,,,,670.89,,,,,,669.7833333333333,674.8066666666666,678.7233333333334,683.7466666666667,665.8666666666666,660.8433333333332,656.9266666666665,0,0,0,0,0,0,0,0,0,0,0,0,0,0,0,0,0,0,0,0,0,0,,,,,,,,,,,,,,,,,,USD,1.0,stock,25.0
2025-09-10,669.39,670.0,653.35,656.26,2789681,,,,665.0234227402722,663.8341217875671,663.2885690027947,662.9848885171673,,1.0745507390078046,1.1080111300102562,-0.03346039100245157,0,,0.5,0.05,1796043.4,,1.5532369652091926,,,,13.129999999999995,0.6100000000000136,2.909999999999968,,0,-1.3353583549617798,,,,0,,,-2.180685358255452,-1.8573906801459539,,,-1.317761516453349,,0,25,20,20,666.37545,,,,656.26,,,,,,659.87,666.39,676.52,683.04,649.74,643.22,633.09,0,0,0,0,0,0,0,0,0,0,0,0,0,0,0,0,0,0,0,0,0,0,,,,,,,,,,,,,,,,,,USD,1.0,stock,25.0
2025-09-11,660.29,666.39,656.91,660.52,2201251,,,,664.5945253364367,663.7041562272703,663.2337458542245,662.9603622632651,48.074847067290406,0.5806168981400788,1.0025322836362207,-0.42191538549614194,0,12.74619285714284,0.5,0.05,1847103.6,,1.1917312055479725,,48.80699965836809,,0.2300000000000182,5.8700000000000045,3.3799999999999955,,0,-0.6168663078236466,,,,0,,,0.6491329655929023,-1.1626689012255165,,,-0.6130843967416236,,0,25,20,20,666.37545,,,,660.52,,,,,,661.2733333333333,665.6366666666667,670.7533333333333,675.1166666666667,656.1566666666666,651.7933333333333,646.6766666666666,0,0,0,0,0,0,0,0,0,0,0,0,0,0,0,0,0,0,0,0,0,0,,,,,,,,,,,,,,,,,,USD,1.0,stock,25.0
2025-09-12,658.455,660.4,645.31,646.03,2202314,,,,662.8264753043951,663.0110520614951,662.8930776194873,662.7919009472126,38.13329527615243,-0.9688824575044919,0.6082493354080782,-1.57713179291257,0,11.84184285714284,0.5,0.05,1860223.7,,1.1838973990063668,,2.1120005632002283,,12.425000000000068,1.9449999999999363,0.7200000000000273,,0,-2.5999528356879917,,,,0,,,-2.1937261551504883,-3.981748461698531,,,-2.534068256202583,,0,25,20,20,662.35545,,,,646.03,,,,,,650.58,655.8500000000001,665.6700000000001,670.9400000000002,640.7600000000001,635.49,625.6700000000001,0,0,0,0,0,0,0,0,0,0,0,0,0,0,0,0,0,0,0,0,0,0,,,,,,,,,,,,,,,,,,USD,1.0,stock,25.0
2025-09-15,647.36,652.64,640.255,651.33,2187128,,,,661.7315728944527,662.5529715884952,662.664105785438,662.6778521815688,45.959523467776684,-1.74904426084413,0.1367906161576366,-1.8858348770017666,0,11.678242857142843,0.5,0.05,1919507.2,,1.139421618215342,,28.29159631021397,26.40353217726076,3.9700000000000273,1.3099999999999454,7.105000000000018,,0,-1.5969743285972808,,,,0,,,0.8203953376778372,-3.0297165316817365,,,-1.5718719372804866,,0,25,20,20,659.82795,,,,651.33,,,,,,648.0749999999999,655.8949999999999,660.4599999999999,668.2799999999999,643.5099999999999,635.6899999999999,631.1249999999999,0,0,0,0,0,0,0,0,0,0,0,0,0,0,0,0,0,0,0,0,0,0,,,,,,,,,,,,,,,,,,USD,1.0,stock,25.0
2025-09-16,651.84,655.11,644.46,651.3,1578399,,,,660.7380897616478,662.1116785850248,662.4390739877065,662.5646397220507,43.86174016686534,-2.3427431750178584,-0.3591161420774624,-1.983627032940396,0,11.72609999999999,0.5,0.05,1909321.3,,0.8266806639615868,,28.214959931946805,19.539518935120334,0.5400000000000773,3.269999999999982,6.839999999999918,,0,-1.4491155783276222,,,,0,,,-0.004605960112402663,-2.9200017886687912,,,-1.428416176983601,,0,25,20,20,659.82795,,,,651.3,,,,,,650.2900000000001,656.1200000000001,660.94,666.7700000000001,645.4700000000001,639.6400000000001,634.8200000000002,0,0,0,0,0,0,0,0,0,0,0,0,0,0,0,0,0,0,0,0,0,0,,,,,,,,,,,,,,,,,,USD,1.0,stock,25.0
2025-09-17,653.68,666.025,652.5,662.68,1861297,,,,660.9230335938718,662.1339656993376,662.443844799831,662.5657875855129,49.672766127955114,-1.8733877012223275,-0.6619704539064355,-1.211417247315892,1,12.065742857142848,0.5,0.05,1896725.0,,0.9813214883549276,,57.28569275454125,37.93074966556734,9.0,3.3450000000000273,1.17999999999995,,0,0.26513044095614563,,,,0,,,1.7472746814064077,0.978270807301973,,,0.2658352511296826,,0,25,20,20,659.82795,,,,662.68,,,,,,660.4016666666666,668.3033333333333,673.9266666666666,681.8283333333333,654.7783333333333,646.8766666666667,641.2533333333333,0,0,0,0,0,0,0,0,0,0,0,0,0,0,0,0,0,0,0,0,0,0,,,,,,,,,,,,,,,,,,USD,1.0,stock,25.0
2025-09-18,667.075,693.38,665.535,674.96,3006935,,,,662.2598875373126,662.6369474366186,662.6916894572602,662.6891130821745,54.11592791037504,-0.504708766468184,-0.6305181164187852,0.12580934995060122,1,13.355535714285711,0.5,0.05,2025493.0,,1.4845447503397937,,65.32705882352948,50.27590383667251,7.884999999999991,18.41999999999996,1.5400000000000773,,0,1.8816096454141662,,,,0,,,1.8530814269330786,2.1861563616544677,,,1.9176931445922605,,0,25,20,20,666.8175,,,,674.96,,,,,,677.9583333333334,690.3816666666668,705.8033333333334,718.2266666666668,662.5366666666667,650.1133333333333,634.6916666666667,0,0,0,0,0,0,0,0,0,0,0,0,0,0,0,0,0,0,0,0,0,0,,,,,,,,,,,,,,,,,,USD,1.0,stock,25.0
2025-09-19,692.855,700.0,682.955,687.92,4226681,664.144,,,664.7037077718542,663.6284396940061,663.191259963057,662.9401666833469,61.14188325521938,1.6072158549656024,-0.1829713221419077,1.79018717710751,1,14.473399999999994,0.5,0.05,2286746.3,2377883.55,1.8483384011597614,1.7774970519477291,79.78073478952207,67.46449545586427,4.935000000000059,7.144999999999982,4.964999999999918,,0,3.3748535044984576,3.456215839051046,,,0,,,1.9201137845205496,6.484218999117686,,700.0,3.492727956335442,700.0,0,25,20,20,670.1275,,,,687.92,,,,,,690.2916666666666,697.6283333333332,707.3366666666666,714.6733333333332,680.5833333333333,673.2466666666667,663.5383333333333,0,0,0,0,0,0,0,0,0,0,0,0,0,0,0,0,0,0,0,0,0,0,,,,,,,,,,,,,,,,,,USD,1.0,stock,25.0
2025-09-22,686.53,705.08,685.55,702.09,2403634,666.1155,,,668.2643070316776,665.1367361765941,663.9615320429964,663.3297172636121,69.4584627329192,4.373912172556629,0.7284053767977997,3.6455067957588296,1,15.016850000000002,0.5,0.05,2371226.5,2179626.1,1.0136669778277192,1.1027735445083906,95.38758195140763,80.16512518815306,15.56000000000006,2.990000000000009,0.9800000000000182,,0,4.8178571078241275,5.123915737298641,,,0,,,2.0598325386673055,7.793284510156151,5.950261069024854,705.08,5.061723724041269,705.08,0,25,20,20,672.6675,,,,702.09,,,,,,697.5733333333334,709.5966666666668,717.1033333333335,729.1266666666669,690.0666666666667,678.0433333333333,670.5366666666666,0,0,0,0,0,0,0,0,0,0,0,0,0,0,0,0,0,0,0,0,0,0,,,,,,,,,,,,,,,,,,USD,1.0,stock,25.0
2025-09-23,699.8,702.54,694.22,699.18,2400102,668.2265,,,671.2086587429465,666.4717661304531,664.6589274480856,663.68643649482,65.36369131573639,6.259569832520356,1.834638267942311,4.424931564578045,1,14.781492857142853,0.5,0.05,2485742.2,2189553.95,0.9655474328753801,1.09616024761573,90.89857308137279,88.68896327410083,0.6200000000000045,2.740000000000009,4.959999999999923,,0,4.000592301989974,4.427114619983405,,,0,,,-0.4144767764816648,7.351450944265325,6.426570871894777,705.08,4.1673093594231645,705.08,0,25,20,20,672.6675,,,,699.18,,,,,,698.6466666666666,703.0733333333333,706.9666666666666,711.3933333333332,694.7533333333333,690.3266666666667,686.4333333333334,0,0,0,0,0,0,0,0,0,0,0,0,0,0,0,0,0,0,0,0,0,0,,,,,,,,,,,,,,,,,,USD,1.0,stock,25.0
2025-09-24,703.71,703.71,688.96,694.79,1727862,669.989,,,673.4545007674277,667.5822851057295,665.2555823501037,663.9959246889014,62.831687003679974,7.315403385682657,2.9307912914903804,4.384612094192277,0,14.936492857142857,0.5,0.05,2379560.3,2087801.85,0.7261265873363243,0.827598653579122,84.12649440802149,90.13754981360064,8.920000000000073,0.0,5.829999999999927,,0,3.0707838674379686,3.5695677830711343,,,0,,,-0.6278783718069669,4.845475946158029,5.344634138945326,705.08,3.1680684007991076,705.08,0,25,20,20,672.6675,,,,694.79,,,,,,695.82,702.6800000000001,710.57,717.4300000000001,687.9300000000001,681.07,673.1800000000001,0,0,0,0,0,0,0,0,0,0,0,0,0,0,0,0,0,0,0,0,0,0,,,,,,,,,,,,,,,,,,USD,1.0,stock,25.0
2025-09-25,691.59,695.79,683.525,692.68,1547964,671.4644999999999,,,675.2855006943394,668.5665092192303,665.7986401253493,664.2813383735889,59.847282824276,7.890937897297704,3.9228206126518455,3.9681172846458583,0,15.116135714285715,0.5,0.05,2314231.6,2080667.6,0.6688889737742756,0.7439746742824274,80.87157732356332,85.29888160431919,1.0899999999999181,3.1100000000000136,8.065000000000055,,0,2.5111883273171722,3.0628139978056277,,,0,,,-0.30368888441112407,2.6253407609339696,4.449839407693346,705.08,2.5758733584202957,705.08,0,25,20,20,672.6675,,,,692.68,,,,,,690.665,697.805,702.93,710.0699999999999,685.54,678.4,673.275,0,0,0,0,0,0,0,0,0,0,0,0,0,0,0,0,0,0,0,0,0,0,,,,,,,,,,,,,,,,,,USD,1.0,stock,25.0
2025-09-26,692.69,700.0,690.215,698.26,1480538,672.9675,,,677.4735482472595,669.730959838084,666.441439330788,664.6194345091751,62.62348024316108,8.697058236628095,4.877668137447095,3.8193900991809997,0,14.997857142857145,0.5,0.05,2242054.0,2051138.85,0.6603489478843952,0.72181266519329,89.47936752795982,84.82581308651487,5.569999999999936,1.740000000000009,2.4750000000000227,,0,2.9768928125254925,3.622218084954031,,,0,,,0.80556678408501,1.5030817536922925,4.498653097874872,705.08,3.068230753291937,705.08,0,25,20,20,674.77,,,,698.26,,,,,,696.1583333333334,702.1016666666668,705.9433333333334,711.8866666666668,692.3166666666668,686.3733333333334,682.5316666666669,0,0,0,0,0,0,0,0,0,0,0,0,0,0,0,0,0,0,0,0,0,0,,,,,,,,,,,,,,,,,,USD,1.0,stock,25.0
2025-09-29,700.05,703.96,691.4724,694.69,1816626,674.352,,,679.1132103189491,670.7097457267867,667.0008167697822,664.918644116049,61.01240051823061,8.944735901498007,5.691081690257278,3.253654211240729,0,15.251257142857144,0.5,0.05,2205003.8,2062255.5,0.8238652468535429,0.8808927894724975,83.97223293482455,84.77439259544923,5.3599999999999,3.910000000000082,3.2176000000000613,,0,2.242264849220655,2.9276367876319047,,,0,,,-0.5112708733136517,-1.0539959264481702,4.151424287856087,705.08,2.2936955789352482,705.08,0,25,20,20,678.79,672.6675,675.72875,,694.69,,,,,,696.7074666666667,701.9425333333335,709.1950666666668,714.4301333333335,689.4549333333334,684.2198666666667,676.9673333333334,0,0,0,0,0,0,0,0,0,0,0,0,0,0,0,0,0,0,0,0,0,0,,,,,,,,,,,,,,,,,,USD,1.0,stock,25.0
2025-09-30,697.02,702.12,680.12,682.91,2378585,675.3979999999999,,,679.474809336192,671.1881870708343,667.3158501010736,665.097662582556,62.66514589867877,8.097135942048453,6.172292540615513,1.9248434014329403,0,15.569828571428575,0.5,0.05,2285022.4,2097171.85,1.0409460318638453,1.1341869766180581,65.80023139220971,79.75061061833135,14.110000000000014,5.100000000000023,2.7899999999999636,,0,0.5030224573967185,1.099998535678209,,,0,,,-1.6957203932689513,-2.3270116422094422,3.1601685826069925,705.08,0.5055655657292011,705.08,0,25,20,20,685.3075,672.6675,678.9875,,682.91,,,,,,688.3833333333333,696.6466666666666,710.3833333333333,718.6466666666666,674.6466666666666,666.3833333333333,652.6466666666666,0,0,0,0,0,0,0,0,0,0,0,0,0,0,0,0,0,0,0,0,0,0,,,,,,,,,,,,,,,,,,USD,1.0,stock,25.0
2025-10-01,679.84,686.185,674.08,679.5,2151746,675.939,,,679.4772084470309,671.5141405190368,667.5571203961018,665.2409694225307,59.09352242238404,7.068764054251233,6.351586843342657,0.7171772109085754,0,15.710899999999997,0.5,0.05,2314067.3,2105396.15,0.9298545465812512,1.0220147880483206,60.53991515618971,70.10412649440799,0.34000000000003183,6.344999999999914,5.419999999999959,,0,0.0033541652640359815,0.5240618101545306,,,0,,,-0.4993337335812864,-2.2006649491213115,1.61811329784054,705.08,0.0033542777720558716,705.08,0,25,20,20,689.58,672.6675,681.12375,,679.5,,,,,,679.9216666666666,685.7633333333332,692.0266666666665,697.8683333333331,673.6583333333333,667.8166666666667,661.5533333333334,0,0,0,0,0,0,0,0,0,0,0,0,0,0,0,0,0,0,0,0,0,0,,,,,,,,,,,,,,,,,,USD,1.0,stock,25.0
2025-10-02,676.77,682.95,668.36,681.86,2289181,676.6175000000001,,,679.7041409758851,671.9198604986824,667.8403457347929,665.4063329108639,69.42426542339797,6.370765976299026,6.355422669933931,0.015343306365094733,0,15.666614285714283,0.5,0.05,2242291.9,2133892.45,1.0209112381844665,1.0727724351806014,64.18048592364056,63.50687749067999,5.090000000000032,1.0900000000000318,8.409999999999968,,0,0.31617326490993386,0.7688528436922462,,,0,,,0.3473142016188424,-1.5620488537275379,2.03055559712102,705.08,0.31717609091208426,705.08,0,25,20,20,686.72,672.6675,679.69375,,681.86,,,,,,677.7233333333334,687.0866666666667,692.3133333333334,701.6766666666667,672.4966666666667,663.1333333333333,657.9066666666666,0,0,0,0,0,0,0,0,0,0,0,0,0,0,0,0,0,0,0,0,0,0,,,,,,,,,,,,,,,,,,USD,1.0,stock,25.0
2025-10-03,677.06,688.365,677.06,679.94,1293991,676.9735000000001,,,679.7266037400865,672.2343757732439,668.0799428489554,665.5509465137409,66.1001688238604,5.598137670481265,6.203965670043399,-0.6058279995621341,0,15.58947142857143,0.5,0.05,1949022.9,2117884.6,0.6639178020945777,0.6109827702604759,58.52853843615971,61.08297983866333,2.880000000000109,8.424999999999955,0.0,,0,0.03138457215542043,0.436288496043768,,,0,,,-0.2815827295925777,-2.623664537564796,1.0582325138967397,705.08,0.031394425161438005,705.08,0,25,20,20,686.1600000000001,672.6675,679.41375,,679.94,,,,,,681.7883333333333,686.5166666666667,693.0933333333334,697.8216666666667,675.2116666666666,670.4833333333332,663.9066666666665,0,0,0,0,0,0,0,0,0,0,0,0,0,0,0,0,0,0,0,0,0,0,,,,,,,,,,,,,,,,,,USD,1.0,stock,25.0
2025-10-06,667.02,676.1675,658.33,670.09,2538399,676.894,,,678.8088319553164,672.1502826056657,668.1197459608572,665.5961112250469,59.52163778250737,4.143250676800903,5.7918226713948995,-1.648571994593996,0,16.372328571428575,0.5,0.05,1962499.4,2166862.95,1.2934521151955511,1.1714626437264986,33.45378470901487,52.05426968960504,3.07000000000005,6.077499999999986,8.68999999999994,,0,-1.3011434218263693,-1.0153859929263194,,,0,,,-1.4486572344618698,-3.5411478501201965,-0.23671986660313005,705.08,-1.2844311306618723,705.08,0,25,20,20,681.145,672.6675,676.90625,,670.09,,,,,,668.1958333333333,678.0616666666666,686.0333333333333,695.8991666666666,660.2241666666666,650.3583333333333,642.3866666666667,0,0,0,0,0,0,0,0,0,0,0,0,0,0,0,0,0,0,0,0,0,0,,,,,,,,,,,,,,,,,,USD,1.0,stock,25.0
2025-10-07,670.92,671.73,654.34,657.99,1597796,676.249,,,676.82608605481,671.5949774054435,667.9191569319294,665.5204285262903,47.64060770701281,1.9909232523868923,5.031642787593298,-3.0407195352064056,0,16.562685714285717,0.5,0.05,1882268.8,2184005.5,0.8488670693580003,0.731589732718164,7.19353567205356,33.05861960574271,12.92999999999995,0.8100000000000591,3.6499999999999773,,0,-2.8626705656332225,-2.7749661848964293,,,0,,,-1.8057275888313518,-3.6490899240016916,-1.9228189420024133,705.08,-2.78300237578087,705.08,0,25,20,20,679.1500000000001,672.6675,675.90875,,657.99,,,,,,661.3533333333334,668.3666666666667,678.7433333333333,685.7566666666667,650.9766666666667,643.9633333333334,633.5866666666667,0,0,0,0,0,0,0,0,0,0,0,0,0,0,0,0,0,0,0,0,0,0,,,,,,,,,,,,,,,,,,USD,1.0,stock,25.0
2025-10-08,659.57,664.0,655.23,657.8,1699880,676.326,,,675.0140778591139,671.0539978993477,667.7187775867426,665.4436083419491,40.171821305841895,0.2667815580182378,4.078670541678286,-3.8118889836600482,0,14.996257142857141,0.5,0.05,1879470.6,2129515.45,0.9044461775565948,0.7982473195956384,6.819077650768471,15.822132677278967,1.7700000000000955,4.42999999999995,2.5699999999999363,,0,-2.6169166705858773,-2.8163575554880005,,,0,,,-0.028875818781448626,-3.1935246504782966,0.23466309084814174,705.08,-2.5501805701164577,705.08,0,25,20,20,679.1500000000001,672.6675,675.90875,,657.8,,,,,,659.01,662.79,667.78,671.56,654.02,650.24,645.25,0,0,0,0,0,0,0,0,0,0,0,0,0,0,0,0,0,0,0,0,0,0,,,,,,,,,,,,,,,,,,USD,1.0,stock,25.0
2025-10-09,655.0,658.0,643.16,644.92,1698742,675.546,,,672.1479752058649,670.0291352366281,667.2673166444308,665.2393933335716,25.34969043797301,-2.1145463399402615,2.8400271653545768,-4.954573505294839,0,14.267685714285717,0.5,0.05,1894548.4,2104390.0,0.8966474543484875,0.8072372516501218,2.8423772609818942,5.618330194601309,10.080000000000041,3.0,1.759999999999991,,0,-4.2219151531763535,-4.748806053464009,,,0,,,-1.9580419580419561,-5.41753439122401,-2.3617755707624366,705.08,-4.050890013843392,705.08,0,25,20,20,673.56,672.6675,673.11375,,644.92,,,,,,648.6933333333333,654.2266666666666,663.5333333333333,669.0666666666666,639.3866666666665,633.8533333333332,624.5466666666665,0,0,0,0,0,0,0,0,0,0,0,0,0,0,0,0,0,0,0,0,0,0,,,,,,,,,,,,,,,,,,USD,1.0,stock,27.0
2025-10-10,645.4,653.18,641.23,641.79,3059279,675.334,,,669.256739471973,668.921718168525,666.7628153247391,665.0060660367201,10.422683118928902,-4.2058482960053425,1.4308520730825927,-5.636700369087935,0,13.726257142857134,0.5,0.05,2052422.5,2147238.25,1.490569802270244,1.4247506069715365,0.892714809500949,3.5180565737504383,3.6100000000000136,7.779999999999973,0.5599999999999454,,0,-4.2797082335301315,-5.2266317642842655,,,0,,,-0.4853315139862313,-5.61078918728124,-0.6563162701422542,705.08,-4.104066175507415,705.08,0,25,20,20,671.675,672.6675,672.17125,,641.79,,,,,,645.4,649.5699999999999,657.3499999999999,661.5199999999999,637.62,633.45,625.6700000000001,0,0,0,0,0,0,0,0,0,0,0,0,0,0,0,0,0,0,0,0,0,0,,,,,,,,,,,,,,,,,,USD,1.0,stock,28.75
2025-10-13,643.2,656.47,642.64,655.68,1345134,675.5514999999999,,,667.9637166651185,668.4024351030927,666.5433536351403,664.9132693597378,25.045892611289602,-4.688368651372457,0.20700792819158276,-4.89537657956404,1,14.180542857142857,0.5,0.05,2005273.3,2105138.55,0.6707983395580044,0.6389764702185518,23.035230352303408,8.923440807595417,12.479999999999905,0.7900000000000773,0.5600000000000591,,0,-1.8734316534160727,-3.0306704489995075,,,0,,,2.164259337166352,-2.150457401244621,0.667864216295877,705.08,-1.8389796269842762,705.08,0,25,20,20,664.7975,672.6675,668.7325000000001,,655.68,,,,,,651.5966666666667,660.5533333333334,665.4266666666667,674.3833333333334,646.7233333333334,637.7666666666667,632.8933333333333,0,0,0,0,0,0,0,0,0,0,0,0,0,0,0,0,0,0,0,0,0,0,,,,,,,,,,,,,,,,,,USD,1.0,stock,27.0
2025-10-14,645.82,660.71,644.45,657.16,1243673,675.8444999999999,,,666.9347912684406,667.9615552951283,666.3575446522663,664.8361224009344,27.66765578635018,-4.894920284194427,-0.8133777142856192,-4.081542569908808,1,14.2884,0.5,0.05,1891782.1,2088402.25,0.6574081655598707,0.5955141065376653,25.3945480631276,16.44083107497732,11.339999999999918,3.550000000000068,1.3700000000000045,,0,-1.487429433994856,-2.843219307322411,,,0,,,0.225719863347984,-0.12614173467682122,0.8997389835713188,705.08,-1.4656292333842653,705.08,0,25,20,20,664.7975,672.6675,668.7325000000001,,657.16,,,,,,654.1066666666667,663.7633333333333,670.3666666666667,680.0233333333333,647.5033333333333,637.8466666666667,631.2433333333333,0,0,0,0,0,0,0,0,0,0,0,0,0,0,0,0,0,0,0,0,0,0,,,,,,,,,,,,,,,,,,USD,1.0,stock,27.0
2025-10-15,657.1,657.42,647.76,652.69,1693137,675.345,,,665.5781444809701,667.3626707737508,666.0869002037065,664.7152654616217,26.913751298926286,-5.357547115787725,-1.7222115945860406,-3.635335521201684,1,14.10232857142857,0.5,0.05,1845921.2,2079994.25,0.9172314614513339,0.8140104233461223,18.2687709230034,22.232849779478133,4.409999999999968,0.31999999999993634,4.930000000000064,,0,-1.9746195714611878,-3.4710199328930997,,,0,,,-0.6801996469657179,-0.7768318637883742,-1.5075149393372178,705.08,-1.9363833665272219,705.08,0,25,20,20,664.7975,672.6675,668.7325000000001,,652.69,,,,,,652.6233333333333,657.4866666666667,662.2833333333333,667.1466666666666,647.8266666666667,642.9633333333334,638.1666666666667,0,0,0,0,0,0,0,0,0,0,0,0,0,0,0,0,0,0,0,0,0,0,,,,,,,,,,,,,,,,,,USD,1.0,stock,27.0
2025-10-16,659.21,659.4,642.74,646.99,1248245,673.9465,,,663.8078450065921,666.5637425081135,665.7087437640291,664.5388946610086,20.442753372535478,-6.113650221841908,-2.600499320037214,-3.513150901804694,1,14.593399999999999,0.5,0.05,1741827.6,1992059.75,0.7166294758447965,0.6266102209032636,9.182209469153499,17.615176151761503,12.220000000000027,0.18999999999994088,4.25,,0,-2.59939798244054,-4.166447703983061,,,0,,,-0.8733089215400947,0.3209700427960094,-4.143949271067915,705.08,-2.533541164525562,705.08,0,25,20,20,658.69875,672.6675,665.683125,,646.99,,,,,,649.7099999999999,656.6799999999998,666.3699999999999,673.3399999999998,640.0199999999999,633.05,623.3599999999999,0,0,0,0,0,0,0,0,0,0,0,0,0,0,0,0,0,0,0,0,0,0,,,,,,,,,,,,,,,,,,USD,1.0,stock,27.0
2025-10-17,647.57,662.2725,646.835,661.39,1812852,672.62,,,663.5775740535832,666.3608506450503,665.6232240855335,664.5075623758245,32.933579335793326,-5.4876495189288335,-3.177929359815538,-2.3097201591132954,1,14.804107142857138,0.5,0.05,1793713.7,1871368.3,1.0106696514611,0.9687307410305069,33.10888487436356,20.18662175550682,13.819999999999936,0.88250000000005,0.7350000000000136,,0,-0.3307540261545022,-1.6979391886783923,,,0,,,2.225691278072306,3.053958459932371,-3.856553087568315,705.08,-0.32966365035817463,705.08,0,25,20,20,656.48,672.6675,664.57375,,661.39,,,,,,656.8325,666.8299999999999,672.27,682.2674999999999,651.3924999999999,641.395,635.9549999999999,0,0,0,0,0,0,0,0,0,0,0,0,0,0,0,0,0,0,0,0,0,0,,,,,,,,,,,,,,,,,,USD,1.0,stock,25.0
2025-10-20,663.28,668.86,658.485,664.77,1205806,670.754,,,663.6911384294325,666.2984643452445,665.6063285590873,664.5101736954681,39.82727680574249,-4.665026181673056,-3.475348724187042,-1.189677457486014,1,13.973749999999995,0.5,0.05,1660454.4,1811476.9,0.7261903729485134,0.6656480135076522,49.941656942823734,30.744250428780266,1.490000000000009,4.090000000000032,4.794999999999959,,0,0.16229095334739577,-0.9001609579253032,,,0,,,0.511044920546122,1.3863469985358812,-5.315557834465679,703.96,0.1625547650252669,703.96,0,25,20,20,655.0450000000001,672.6675,663.85625,,664.77,,,,,,664.0383333333333,669.5916666666666,674.4133333333333,679.9666666666666,659.2166666666666,653.6633333333333,648.8416666666666,0,0,0,0,0,0,0,0,0,0,0,0,0,0,0,0,0,0,0,0,0,0,,,,,,,,,,,,,,,,,,USD,1.0,stock,25.0
2025-10-21,665.67,676.88,661.0,675.04,1201672,669.547,,,664.7719823885341,666.6412696650389,665.7931339341548,664.614948086558,47.6775671735055,-3.148098767222791,-3.409898732794192,0.26179996557140095,1,14.24339285714286,0.5,0.05,1620842.0,1751555.4,0.7413875010642617,0.6860599442073029,71.73013684098855,51.59355955272528,9.370000000000005,1.8400000000000318,4.669999999999959,,0,1.5210976551709372,0.8137295567669973,,,0,,,1.544895226920584,2.720798587862916,-3.452615921508051,703.96,1.5445924141647451,703.96,0,25,20,20,659.0550000000001,673.155,666.105,,675.04,,,,,,670.9733333333334,680.9466666666667,686.8533333333334,696.8266666666667,665.0666666666667,655.0933333333334,649.1866666666667,0,0,0,0,0,0,0,0,0,0,0,0,0,0,0,0,0,0,0,0,0,0,,,,,,,,,,,,,,,,,,USD,1.0,stock,25.0
2025-10-22,674.2,682.47,670.43,670.77,1272115,668.3459999999999,,,665.3432221610547,666.8031806585667,665.8916857374388,664.6761923842042,44.33779230062287,-2.2643738839102525,-3.1807937630174044,0.9164198791071518,1,14.061250000000005,0.5,0.05,1578065.5,1728768.05,0.8061230665013588,0.7358505960357146,62.671051235811966,61.44761500654141,3.4300000000000637,8.269999999999982,0.34000000000003183,,0,0.8090370527819264,0.3613757323672931,,,0,,,-0.6325551078454561,2.7700746142885535,-3.4571597173246538,703.96,0.8156358490162401,703.96,0,25,20,20,661.85,673.155,667.5025,,670.77,,,,,,674.5566666666667,678.6833333333335,686.5966666666668,690.7233333333336,666.6433333333334,662.5166666666667,654.6033333333334,0,0,0,0,0,0,0,0,0,0,0,0,0,0,0,0,0,0,0,0,0,0,,,,,,,,,,,,,,,,,,USD,1.0,stock,25.0
2025-10-23,671.46,680.98,669.56,677.72,1474344,667.5980000000001,,,666.521962907621,667.2312912209759,666.125909782242,664.8059815147097,48.92191142191141,-0.9917760535780644,-2.7429902211295363,1.7512141675514719,1,14.069464285714291,0.5,0.05,1555625.7,1725087.05,0.9477498346806691,0.854649045101811,88.48205625606208,74.29441477762087,6.259999999999991,3.259999999999991,1.900000000000091,,0,1.652310259750204,1.493537153986891,,,0,,,1.0361226649969524,4.749687012164028,-2.1597274354680285,703.96,1.6800702325740338,703.96,0,25,20,20,662.5550000000001,673.155,667.855,,677.72,,,,,,676.0866666666667,682.6133333333335,687.5066666666668,694.0333333333335,671.1933333333334,664.6666666666666,659.7733333333333,0,0,0,0,0,0,0,0,0,0,0,0,0,0,0,0,0,0,0,0,0,0,,,,,,,,,,,,,,,,,,USD,1.0,stock,25.0
2025-10-24,684.26,688.0,680.215,683.09,1027750,666.8395,,,668.0998712021333,667.8532013691729,666.4618323608115,664.9879120469018,56.60032493907392,0.4449518881760923,-2.1054017992684106,2.550353687444503,1,13.260178571428574,0.5,0.05,1352472.8,1702447.65,0.759904376635153,0.6036896347444223,89.50181740431908,80.21830829873103,1.169999999999959,3.740000000000009,2.875,,0,2.1944588264894467,2.3789690963123435,,,0,,,0.7923626276338247,3.2809688685949467,-2.1725431787586236,703.96,2.24369580716945,703.96,0,25,20,20,665.37,673.155,669.2625,,683.09,,,,,,683.7683333333334,687.3216666666668,691.5533333333334,695.1066666666668,679.5366666666669,675.9833333333335,671.7516666666669,0,0,0,0,0,0,0,0,0,0,0,0,0,0,0,0,0,0,0,0,0,0,,,,,,,,,,,,,,,,,,USD,1.0,stock,25.0
2025-10-27,686.97,689.17,677.29,683.39,1318458,666.2745,,,669.5560739447873,668.4624875899896,666.7970436011915,665.1710173996689,64.65159206275956,1.5894543851266008,-1.3664305623894084,2.955884947516009,1,12.866607142857147,0.5,0.05,1349805.2,1677539.25,0.9767765007869283,0.7859476313296395,87.94326241134755,88.64237869057622,3.580000000000041,2.199999999999932,6.100000000000023,,0,2.02430911415337,2.5044996268602113,,,0,,,0.04391807814490001,2.800968756111133,-1.626624825461731,702.12,2.0661340541215796,702.12,0,25,20,20,665.9549999999999,673.155,669.555,,683.39,,,,,,683.2833333333333,689.2766666666666,695.1633333333333,701.1566666666666,677.3966666666666,671.4033333333333,665.5166666666667,0,0,0,0,0,0,0,0,0,0,0,0,0,0,0,0,0,0,0,0,0,0,,,,,,,,,,,,,,,,,,USD,1.0,stock,25.0
2025-10-28,684.73,688.8987,678.245,678.93,1103280,666.0755,,,670.4488288071884,668.872978272735,667.0373001635442,665.3079226991748,61.61627267729523,2.112247459545074,-0.670694958002512,2.782942417547586,0,13.001157142857144,0.5,0.05,1335765.9,1613774.0,0.8259531104963826,0.6836645032080081,78.6399666249478,85.36168214687147,5.800000000000068,4.168699999999944,0.6849999999999454,,0,1.2491967055236226,1.893346884067565,,,0,,,-0.6526288063916752,0.576262147428297,-0.5828000761447405,689.17,1.2649990317531892,689.17,0,25,20,20,665.9549999999999,672.595,669.275,,678.93,,,,,,682.0245666666666,685.8041333333332,692.6782666666666,696.4578333333332,675.1504333333332,671.3708666666666,664.4967333333333,0,0,0,0,0,0,0,0,0,0,0,0,0,0,0,0,0,0,0,0,0,0,,,,,,,,,,,,,,,,,,USD,1.0,stock,25.0
2025-10-29,667.58,669.62,649.1,656.04,1990883,664.9024999999999,,,669.07655939698,668.369724222824,666.819531843474,665.2157045628646,55.50713153724248,0.6717890710178835,-0.4021981521984329,1.0739872232163163,0,14.071871428571423,0.5,0.05,1365540.5,1605730.85,1.4579450408098478,1.239860964245658,30.892782644972808,65.82533722708939,11.540000000000077,2.0399999999999636,6.939999999999941,,0,-1.9871592276355117,-1.3509084811901644,,,0,,,-3.371481596040826,-2.195983720202155,-3.45253863134658,689.17,-1.9484406102538547,689.17,0,25,20,20,668.0025,672.595,670.29875,,656.04,,,,,,658.2533333333333,667.4066666666666,678.7733333333333,687.9266666666666,646.8866666666667,637.7333333333333,626.3666666666667,0,0,0,0,0,0,0,0,0,0,0,0,0,0,0,0,0,0,0,0,0,0,,,,,,,,,,,,,,,,,,USD,1.0,stock,25.0
2025-10-30,653.08,665.93,652.5,656.18,1435236,663.6184999999999,,,667.8483156448866,667.8916958219289,666.6088480445933,665.1257970547765,57.34408492395631,-0.45326281823872705,-0.4124110854064918,-0.040851732832235255,0,14.17758571428571,0.5,0.05,1384239.6,1563033.6,1.036840731907973,0.9182374582350629,29.099505695250315,46.210751655056974,3.099999999999909,9.75,0.5800000000000409,,0,-1.7782187273136427,-1.1336066323264922,,,0,,,0.021340162185223832,-3.1783037242519185,-3.766169008300835,689.17,-1.7471505687065365,689.17,0,25,20,20,669.135,672.595,670.865,,656.18,,,,,,658.2033333333333,663.9066666666665,671.6333333333332,677.3366666666665,650.4766666666666,644.7733333333333,637.0466666666666,0,0,0,0,0,0,0,0,0,0,0,0,0,0,0,0,0,0,0,0,0,0,,,,,,,,,,,,,,,,,,USD,1.0,stock,25.0
2025-10-31,656.0,671.89,653.79,667.55,1585498,662.999,668.9752000000001,,667.8199046310879,667.8782959857748,666.6274847169776,665.149918477117,56.217915138816146,-0.42253979337431247,-0.41443682700005596,-0.008102966374256504,1,14.421871428571421,0.5,0.05,1361504.2,1577608.95,1.1645193602781394,1.005000637198464,53.43527891449488,37.809189084906,11.549999999999955,4.340000000000032,2.2100000000000364,,0,-0.040432122101402325,0.6817466856415146,-0.21349711632089458,,0,,,1.7327562559053877,-2.2749564479058515,-1.822219607612452,689.17,-0.040415781143422175,689.17,0,25,20,20,669.135,672.595,670.865,,667.55,,,,,,664.41,675.03,682.51,693.13,656.93,646.31,638.8299999999999,0,0,0,0,0,0,0,0,0,0,0,0,0,0,0,0,0,0,0,0,0,0,,,,,,,,,,,,,,,,,,USD,1.0,stock,25.0
2025-11-03,669.27,677.12,660.57,676.19,1270786,663.304,669.2457999999999,,668.6170565709842,668.2042451628032,666.8168414552553,665.2597700345586,59.272975343533815,0.29557699013332694,-0.2724340635733794,0.5680110537067063,1,14.442585714285704,0.5,0.05,1368002.2,1514228.3,0.928935640600578,0.839230121376017,72.04393710962758,51.526240573124255,6.920000000000073,0.92999999999995,8.699999999999932,,0,1.119943126786232,1.9056773983643769,1.0269598781407794,,0,,,1.2942850722792443,-1.0535711672690407,0.9103254786670512,689.17,1.1326279152754213,689.17,0,25,20,20,669.135,672.595,670.865,,676.19,,,,,,671.2933333333334,682.0166666666668,687.8433333333334,698.5666666666667,665.4666666666668,654.7433333333335,648.9166666666669,0,0,0,0,0,0,0,0,0,0,0,0,0,0,0,0,0,0,0,0,0,0,,,,,,,,,,,,,,,,,,USD,1.0,stock,25.0
2025-11-04,676.19,676.19,653.5438,660.42,1542669,663.4254999999999,669.315,,667.8363845166048,667.8989806466149,666.6901713274284,665.2116131187919,53.393029584759844,-0.4031699970345244,-0.29858125026560844,-0.10458874676891594,0,15.370171428571423,0.5,0.05,1402101.9,1511471.95,1.1002545535385124,1.0206401779404508,38.078828343743204,54.519348122621885,15.770000000000095,0.0,6.876199999999926,,0,-1.1229800000915793,-0.45508918566972284,-1.3468701735259527,,0,,,-2.332184740975185,-2.7263488135742975,0.36930652441524714,689.17,-1.1105092038333546,689.17,0,25,20,20,669.135,671.675,670.405,672.6675,660.42,,,,,,663.3846,673.2253999999999,686.0308,695.8716,650.5791999999999,640.7384,627.9329999999999,0,0,0,0,0,0,0,0,0,0,0,0,0,0,0,0,0,0,0,0,0,0,,,,,,,,,,,,,,,,,,USD,1.0,stock,25.0
2025-11-05,656.85,662.59,653.72,655.33,1467215,663.3019999999999,669.2307999999998,,666.6453002769282,667.4060794447869,666.4652174397565,665.1132886101473,53.68049426301854,-1.3520666964163865,-0.5092783394957641,-0.8427883569206225,0,14.813742857142854,0.5,0.05,1421611.9,1499838.7,1.0320784456010814,0.9782485276583409,20.06613912838082,43.396301527250536,1.5199999999999818,5.740000000000009,1.6100000000000136,,0,-1.7266568411225116,-1.2164863503883334,-2.121190850411209,,0,,,-0.7707216619726731,-0.10822510822510178,-0.3754940711462318,689.17,-1.697349440883738,689.17,0,25,20,20,669.135,665.2,667.1675,672.6675,655.33,,,,,,657.2133333333333,660.7066666666665,666.0833333333333,669.5766666666665,651.8366666666665,648.3433333333332,642.9666666666665,0,0,0,0,0,0,0,0,0,0,0,0,0,0,0,0,0,0,0,0,0,0,,,,,,,,,,,,,,,,,,USD,1.0,stock,25.0
2025-11-06,649.0,659.36,640.57,653.64,1866321,663.738,669.0401999999999,,665.4067002505541,666.8662331920501,666.2112527379792,664.9991265344245,46.14772840242569,-2.214910928736458,-0.8504048573439029,-1.3645060713925552,0,15.053207142857136,0.5,0.05,1460809.6,1508217.65,1.2775936028897947,1.2374347959659537,26.893004115226258,28.34599052911676,4.639999999999986,5.720000000000027,8.42999999999995,,0,-1.8001805658396204,-1.544887093813119,-2.356067560124828,,0,,,-0.2578853402102843,-0.3870889085311857,1.3521056875271498,689.17,-1.768347124566589,689.17,0,25,20,20,664.87,664.87,664.87,672.6675,653.64,,,,,,651.19,661.8100000000001,669.98,680.6,643.0200000000001,632.4000000000001,624.2300000000001,0,0,0,0,0,0,0,0,0,0,0,0,0,0,0,0,0,0,0,0,0,0,,,,,,,,,,,,,,,,,,USD,1.0,stock,25.0
2025-11-07,653.75,654.6093,633.47,648.85,1697871,664.091,668.6532000000001,,663.8298716552632,666.1597142433424,665.8674655550489,664.8384387082114,42.19607843137258,-3.247795601594362,-1.3298830061939948,-1.917912595400367,0,15.822085714285704,0.5,0.05,1527821.7,1440147.25,1.1113017965381693,1.1789565268412656,27.612208258527854,24.85711716737831,4.899999999999977,0.859299999999962,15.379999999999995,,0,-2.3086802273658313,-2.348925021191336,-3.052045927410042,,0,,,-0.7328192889052065,-2.80128829301175,1.1000483024042218,689.17,-2.2565829431433704,689.17,0,25,20,20,661.18435,661.3199999999999,661.252175,669.2750000000001,648.85,,,,,,645.6430999999999,657.8161999999998,666.7823999999998,678.9554999999997,636.6768999999998,624.5038,615.5375999999999,0,0,0,0,0,0,0,0,0,0,0,0,0,0,0,0,0,0,0,0,0,0,,,,,,,,,,,,,,,,,,USD,1.0,stock,25.0
2025-11-10,649.54,654.29,645.42,653.27,1530680,663.9705,668.3786,,662.8241695928572,665.6542352534074,665.6180107915825,664.7233298653437,38.679147165886654,-3.6674312216214275,-1.7973926492794814,-1.8700385723419461,1,15.32137142857142,0.5,0.05,1549043.9,1449424.55,0.9881450099638881,1.0560604896612245,35.54757630161576,30.017596225123288,3.730000000000018,1.0199999999999818,4.1200000000000045,,0,-1.4625146712472934,-1.6379904174384303,-2.312765012934931,,0,,,0.6812052092163068,-3.389579851816804,-0.3675573450463543,689.17,-1.4414334949079912,689.17,0,25,20,20,655.2950000000001,661.3199999999999,658.3075,669.2750000000001,653.27,,,,,,650.9933333333333,656.5666666666667,659.8633333333333,665.4366666666667,647.6966666666667,642.1233333333333,638.8266666666667,0,0,0,0,0,0,0,0,0,0,0,0,0,0,0,0,0,0,0,0,0,0,,,,,,,,,,,,,,,,,,USD,1.0,stock,25.0
2025-11-11,653.02,657.48,648.8,654.32,1150200,663.8285,668.2252000000001,,662.0142486792518,665.2097554395482,665.3942878056105,664.6198141452905,41.14925212525563,-3.870650796040195,-2.212044278631624,-1.658606517408571,1,15.081371428571417,0.5,0.05,1553735.9,1444750.9,0.7402802496872216,0.7961234009267619,37.43267504488339,33.530819868342334,1.3000000000000682,3.159999999999968,4.220000000000027,,0,-1.1759152523614897,-1.4531880425479753,-2.1251375473774354,,0,,,0.16072986667075018,-0.9236546440144044,-0.43216263923548937,689.17,-1.1622481985247406,689.17,0,25,20,20,655.2950000000001,661.3199999999999,658.3075,669.2750000000001,654.32,,,,,,653.5333333333333,658.2666666666667,662.2133333333334,666.9466666666667,649.5866666666666,644.8533333333332,640.9066666666665,0,0,0,0,0,0,0,0,0,0,0,0,0,0,0,0,0,0,0,0,0,0,,,,,,,,,,,,,,,,,,USD,1.0,stock,25.0
2025-11-12,655.49,661.51,651.72,659.3,1575627,664.159,668.0376,,661.7557488050372,664.9780003242719,665.2736088391628,664.5668806712081,39.874670184696534,-3.588493473478934,-2.487334117601086,-1.101159355877848,1,14.96494285714284,0.5,0.05,1512210.3,1438875.4,1.0419364290800028,1.0950406129675996,46.37342908438054,39.78456014362657,3.8099999999999454,2.2100000000000364,3.769999999999982,,0,-0.37247820491995665,-0.7369937812831848,-1.3252843925375464,,0,,,0.7610954884460064,0.6058016571803382,1.0127319248034894,689.17,-0.37109595337429746,689.17,0,25,20,20,655.2950000000001,661.3199999999999,658.3075,669.2750000000001,659.3,,,,,,657.51,663.3,667.3,673.0899999999999,653.51,647.72,643.72,0,0,0,0,0,0,0,0,0,0,0,0,0,0,0,0,0,0,0,0,0,0,,,,,,,,,,,,,,,,,,USD,1.0,stock,25.0
2025-11-13,655.51,662.58,649.0,650.11,1779518,664.3149999999999,667.674,,660.6466298712241,664.3949414880259,664.9733393571992,664.4230311122906,32.60181472884574,-4.059640944708917,-2.8017954830226524,-1.2578454616862649,0,15.200657142857128,0.5,0.05,1546638.5,1465439.05,1.150571384328012,1.214324130368984,29.874326750448844,37.893476959904255,5.399999999999977,7.07000000000005,1.1100000000000136,,0,-1.6207457001467653,-2.185014843641834,-2.70169663595391,,0,,,-1.3939026239951358,-0.540052628358112,0.4822331102489974,689.17,-1.5948964839611728,689.17,0,25,20,20,655.2950000000001,661.3199999999999,658.3075,669.2750000000001,650.11,,,,,,653.8966666666666,658.7933333333333,667.4766666666667,672.3733333333333,645.2133333333333,640.3166666666666,631.6333333333332,0,0,0,0,0,0,0,0,0,0,0,0,0,0,0,0,0,0,0,0,0,0,,,,,,,,,,,,,,,,,,USD,1.0,stock,25.0
2025-11-14,650.57,666.82,644.36,662.41,1438368,664.366,667.4658000000001,,660.8145698834885,664.3171006453582,664.9225801620071,664.4030009519693,40.17606293313354,-3.401313283197169,-2.921699043057556,-0.47961424013961285,1,15.956371428571417,0.5,0.05,1531925.5,1446714.85,0.9389281658931847,0.9942304801806658,52.21121909768762,42.819658310839,11.839999999999918,4.410000000000082,6.210000000000036,,0,0.2408523597940046,-0.29528539726151737,-0.7632433085249454,,0,,,1.8919875098060368,2.0898512753332765,0.15422065649617345,689.17,0.24143385894060476,689.17,0,25,20,20,654.83,661.3199999999999,658.075,669.2750000000001,662.41,,,,,,657.8633333333333,671.3666666666667,680.3233333333334,693.8266666666667,648.9066666666666,635.4033333333333,626.4466666666666,0,0,0,0,0,0,0,0,0,0,0,0,0,0,0,0,0,0,0,0,0,0,,,,,,,,,,,,,,,,,,USD,1.0,stock,25.0
2025-11-17,662.505,664.0,643.495,645.98,1441833,663.4265,666.9517999999999,,659.4017537041087,663.5979986592658,664.5474795647395,664.2196875096612,36.12631578947369,-4.157423368528953,-3.1688439081518354,-0.9885794603771174,0,16.660035714285705,0.5,0.05,1549030.2,1458516.2,0.9307972175106722,0.9885615257478799,28.659793814432984,36.915113220856476,16.524999999999977,1.4950000000000045,2.4850000000000136,,0,-2.0777351781957196,-2.7007802099136216,-3.246509179850756,,0,,,-2.4803369514349027,-1.1159245028854792,-2.8265415105976466,689.17,-2.0354440413167922,689.17,0,25,20,20,650.145,661.3199999999999,655.7325,669.2750000000001,645.98,,,,,,651.1583333333333,658.8216666666666,671.6633333333333,679.3266666666666,638.3166666666666,630.6533333333333,617.8116666666666,0,0,0,0,0,0,0,0,0,0,0,0,0,0,0,0,0,0,0,0,0,0,,,,,,,,,,,,,,,,,,USD,1.0,stock,25.0
2025-11-18,655.795,662.0,644.15,649.73,2437293,662.161,666.5286,,658.4806343037174,663.0541555745888,664.254064127814,664.0755115145403,46.83264732456583,-4.403293966797264,-3.415733919880921,-0.987560046916343,1,15.804321428571427,0.5,0.05,1638492.6,1520297.25,1.4875215182540342,1.6031687224324058,37.250859106529205,39.37395733954993,6.064999999999941,6.205000000000041,5.580000000000041,,0,-1.3468108758587927,-1.9132562756837341,-2.5854739661089936,,0,,,0.5805133285860187,-0.7014916248930247,-3.7494074425219126,689.17,-1.3289129319604553,689.17,0,25,20,20,650.145,661.3199999999999,655.7325,669.2750000000001,649.73,,,,,,651.96,659.7700000000001,669.8100000000001,677.6200000000001,641.9200000000001,634.11,624.07,0,0,0,0,0,0,0,0,0,0,0,0,0,0,0,0,0,0,0,0,0,0,,,,,,,,,,,,,,,,,,USD,1.0,stock,25.0
2025-11-19,648.58,656.81,645.87,650.62,1288086,661.1535000000001,666.4158,,657.7320024652681,662.5665416304872,663.9840826599365,663.9416258278284,47.22997210043845,-4.474750487186384,-3.6275372333420135,-0.8472132538443704,1,15.626464285714283,0.5,0.05,1620579.7,1521095.8,0.7948303930994569,0.8468145135894793,39.28980526918668,35.066819396716284,2.0399999999999636,6.189999999999941,2.7100000000000364,,0,-1.0931115651637084,-1.618994190157099,-2.4278073222464704,,0,,,0.1369799762978463,-1.3165478537843112,-3.004010316501926,689.17,-1.0812918390182287,689.17,0,25,20,20,650.145,661.3199999999999,655.7325,669.2750000000001,650.62,,,,,,651.0999999999999,656.3299999999998,662.0399999999998,667.2699999999998,645.3899999999999,640.16,634.4499999999999,0,0,0,0,0,0,0,0,0,0,0,0,0,0,0,0,0,0,0,0,0,0,,,,,,,,,,,,,,,,,,USD,1.0,stock,25.0
2025-11-20,653.62,664.54,637.44,637.44,2516563,659.1395,665.9542,,655.7994308019092,661.5811870567427,663.4584572607298,663.6779280583972,35.264754820397414,-5.531136644332378,-4.008257115540086,-1.5228795287922914,0,16.26932142857142,0.5,0.05,1685603.9,1573206.75,1.4929741204324456,1.5996390811315804,9.095074455899265,28.545246277205052,16.17999999999995,10.919999999999959,0.0,,0,-2.8801817899581423,-3.4041635291164565,-4.473236696787142,,0,,,-2.0257600442654566,-1.9489009552229541,-5.943457475063441,689.17,-2.7995496701574347,689.17,0,25,20,20,652.1300000000001,661.3199999999999,656.725,669.2750000000001,637.44,,,,,,646.4733333333334,655.5066666666667,673.5733333333333,682.6066666666666,628.4066666666668,619.3733333333334,601.3066666666668,0,0,0,0,0,0,0,0,0,0,0,0,0,0,0,0,0,0,0,0,0,0,,,,,,,,,,,,,,,,,,USD,1.0,stock,25.0
2025-11-21,669.6,682.27,659.51,663.15,3802233,658.1424999999999,666.2966,,656.4994850112512,661.6427091329489,663.4523491961609,663.6726750428909,44.53203622945315,-4.2448165492835415,-4.055569002288777,-0.1892475469947641,1,18.289321428571416,0.5,0.05,1896040.1,1711930.9,2.0053547390690736,2.221020135801042,60.81967213114749,36.401517285411146,6.4500000000000455,12.669999999999959,3.6399999999999864,,0,1.0028673737086324,0.7551081957324964,-0.47449295031290584,,0,,,4.033320783132521,0.11171328935251079,-2.919088260697722,689.17,1.0130266878480214,689.17,0,25,20,20,659.855,661.3199999999999,660.5875,669.2750000000001,663.15,,,,,,668.31,677.1099999999999,691.0699999999999,699.8699999999999,654.3499999999999,645.55,631.5899999999999,0,0,0,0,0,0,0,0,0,0,0,0,0,0,0,0,0,0,0,0,0,0,,,,,,,,,,,,,,,,,,USD,1.0,stock,25.0
2025-11-24,665.375,671.01,647.15,653.23,3184222,656.6345,666.3345999999999,,656.1881054863701,661.3127989708724,663.2499264398012,663.5687678285339,46.82952641326397,-3.979980958583951,-4.040451393547812,0.06047043496386095,1,18.376021428571416,0.5,0.05,2061394.3,1805219.1,1.5446933175278499,1.7638978005495287,40.49180327868854,36.802183288578426,12.144999999999982,5.634999999999991,6.080000000000041,,0,-0.45284287102093795,-0.5211793702065098,-2.0061234174792784,,0,,,-1.4958908240971014,1.1223257685996524,-4.413292556227044,688.8987,-0.45080144879759887,688.8987,0,25,20,20,659.855,661.3199999999999,660.5875,669.2750000000001,653.23,,,,,,657.13,667.11,680.99,690.97,643.25,633.27,619.39,0,0,0,0,0,0,0,0,0,0,0,0,0,0,0,0,0,0,0,0,0,0,,,,,,,,,,,,,,,,,,USD,1.0,stock,25.0
2025-11-25,651.95,658.47,640.34,648.07,1921905,655.0915,666.27,,655.4149525829064,660.7934735210343,662.9493338370329,663.4145512332251,46.800634584875716,-4.138756709932295,-4.060112456824709,-0.07864425310758616,0,19.037449999999986,0.5,0.05,2138564.8,1846150.35,0.898689158261653,1.0410338464578466,29.91803278688532,43.74316939890712,3.8799999999999955,6.519999999999982,7.730000000000018,,0,-1.133357906230242,-1.0834477757032337,-2.8083386053975543,,0,,,-0.7899208548290737,-0.2554907423083397,-4.545387595186535,682.27,-1.120656853182982,682.27,0,25,20,20,659.855,661.3199999999999,660.5875,669.2750000000001,648.07,,,,,,648.96,657.58,667.09,675.71,639.45,630.83,621.32,0,0,0,0,0,0,0,0,0,0,0,0,0,0,0,0,0,0,0,0,0,0,,,,,,,,,,,,,,,,,,USD,1.0,stock,25.0
2025-11-26,647.43,651.88,619.82,629.13,2283554,653.746,665.5989999999999,,652.9116237654868,659.5517686770722,662.2796440580818,663.0734114199591,40.624282763369266,-5.7268715383683,-4.393464273133428,-1.3334072652348725,0,19.985307142857128,0.5,0.05,2209357.5,1860783.9,1.0335828402601208,1.2271999988821916,14.907926341072788,28.439254135548882,18.299999999999955,4.4500000000000455,9.309999999999945,,0,-3.780081027051127,-3.9127048463751506,-5.796735173970394,,0,,,-2.9225238014412125,-3.3030032891703365,-4.1018840314614895,682.27,-3.642395524884798,682.27,0,25,20,20,651.0450000000001,654.495,652.77,662.45,629.13,,,,,,633.61,647.4,665.67,679.4599999999999,615.34,601.5500000000001,583.2800000000001,0,0,0,0,0,0,0,0,0,0,0,0,0,0,0,0,0,0,0,0,0,0,,,,,,,,,,,,,,,,,,USD,1.0,stock,25.0
2025-11-28,629.13,634.9245,626.495,634.08,872940,652.641,664.7814,,651.1181357878214,658.5528757877753,661.7212352648523,662.7849197640392,44.35699549170932,-6.510985759640221,-4.816968570434787,-1.694017189205434,0,19.077464285714274,0.5,0.05,2118699.7,1832669.1,0.4120168610964545,0.4763216665790895,22.834267413931155,22.55340884729642,4.9500000000000455,0.8444999999999254,2.634999999999991,,0,-2.687064059396507,-2.9272331566994576,-4.841881150643439,,0,,,0.7868008201802557,-0.5271084337349463,-3.367978298637553,682.27,-2.6167503024940406,682.27,0,25,20,20,651.0450000000001,654.495,652.77,662.45,634.08,,,,,,631.8331666666667,637.1713333333333,640.2626666666666,645.6008333333333,628.7418333333334,623.4036666666667,620.3123333333334,0,0,0,0,0,0,0,0,0,0,0,0,0,0,0,0,0,0,0,0,0,0,,,,,,,,,,,,,,,,,,USD,1.0,stock,25.0
2025-12-01,629.11,635.9026,627.14,631.62,1864935,650.8444999999999,663.6554,,649.2611704746956,657.4966845804115,661.1251712002017,662.4748210599193,41.60266852843068,-7.247360311808961,-5.303046918709622,-1.944313393099339,0,19.069792857142847,0.5,0.05,2161356.4,1846640.95,0.8628539929832951,1.0099066632308789,18.895116092874247,18.879103282626062,2.509999999999991,4.282600000000002,1.9700000000000273,,0,-2.793003779914447,-3.0436813273803742,-5.071941990437286,,0,,,-0.387963663891,-4.754580411671561,-5.382368361920453,682.27,-2.71711466462681,682.27,0,25,20,20,651.0450000000001,654.495,652.77,662.45,631.62,,,,,,631.5542,635.9684000000001,640.3168000000001,644.7310000000001,627.2058000000001,622.7916,618.4432,0,0,0,0,0,0,0,0,0,0,0,0,0,0,0,0,0,0,0,0,0,0,,,,,,,,,,,,,,,,,,USD,1.0,stock,25.0
2025-12-02,632.39,635.74,623.99,635.63,1537380,648.8165,662.3262,,647.9629637628199,656.6391675380424,660.6203163249502,662.207708412557,42.9134753924319,-7.421814900410482,-5.726800515049795,-1.695014385360687,1,19.289078571428554,0.5,0.05,2170911.1,1859970.65,0.7081727114482025,0.8265614298806274,25.31625300240186,22.34854550306909,3.240000000000009,0.11000000000001364,8.399999999999977,,0,-1.940274021493616,-2.074555952362227,-4.199959095700325,,0,,,0.6348753997656775,-2.6943036908898876,-5.998314083319789,682.27,-1.9033439336101046,682.27,0,25,20,20,651.0450000000001,654.495,652.77,662.45,635.63,,,,,,631.7866666666667,639.5833333333335,643.5366666666667,651.3333333333335,627.8333333333335,620.0366666666667,616.0833333333335,0,0,0,0,0,0,0,0,0,0,0,0,0,0,0,0,0,0,0,0,0,0,,,,,,,,,,,,,,,,,,USD,1.0,stock,25.0
2025-12-03,630.86,648.1,629.895,647.68,1779085,648.1795,661.2962,,647.9360148330275,656.2878276345898,660.3640724373274,662.0631540999943,45.818338851302705,-6.512663197458323,-5.8839730515315,-0.6286901459268233,1,19.890149999999988,0.5,0.05,2105090.3,1871791.45,0.8451347669028736,0.9504718060337332,44.611689351481076,29.60768614891906,16.819999999999936,0.42000000000007276,0.9650000000000318,,0,-0.03952798187801182,-0.07712141798419156,-2.102303606719375,,0,,,1.8957569655302597,-0.060178684401390736,-1.9290754368432195,682.27,-0.03951236343815241,682.27,0,25,20,20,651.0450000000001,654.35935,652.702175,662.45,647.68,,,,,,641.8916666666665,653.8883333333331,660.0966666666666,672.0933333333331,635.683333333333,623.6866666666665,617.478333333333,0,0,0,0,0,0,0,0,0,0,0,0,0,0,0,0,0,0,0,0,0,0,,,,,,,,,,,,,,,,,,USD,1.0,stock,25.0
2025-12-04,648.59,665.32,647.51,663.08,2174155,648.567,660.6619999999999,,649.3782991346438,656.5541873351941,660.4178531811427,662.0732719696462,54.46779193937308,-4.497656442182915,-5.606709729661784,1.1090532874788686,1,20.19229285714285,0.5,0.05,2193697.2,1907138.45,0.9910916602346029,1.140009001444022,69.27141713370703,46.39978649586332,14.490000000000009,2.240000000000009,1.080000000000041,,0,2.0663722123056347,2.188725342341804,0.3646618809193642,,0,,,2.377717391304368,5.396340978812009,1.1826102879465283,682.27,2.1099720892452023,682.27,0,25,20,20,651.0450000000001,651.0450000000001,651.0450000000001,661.8900000000001,663.08,,,,,,658.6366666666667,669.7633333333333,676.4466666666667,687.5733333333334,651.9533333333333,640.8266666666666,634.1433333333332,0,0,0,0,0,0,0,0,0,0,0,0,0,0,0,0,0,0,0,0,0,0,,,,,,,,,,,,,,,,,,USD,1.0,stock,25.0
2025-12-05,664.48,676.6,663.54,673.63,2356470,649.5665,660.2810000000001,,651.6879849313444,657.2238270475394,660.6794798508231,662.1882642883562,53.9121338912134,-2.026096660218627,-4.890587115773153,2.8644904555545256,1,19.553721428571414,0.5,0.05,2177687.9,1931645.9,1.0820972096139212,1.219928559370017,86.16493194555645,66.68267947691486,9.149999999999977,2.9700000000000273,0.9400000000000546,,0,3.257279971001227,3.572213232783572,1.9816516485310829,,0,,,1.5910599022742389,6.237383295483223,3.058258368520894,682.27,3.3669509912734026,682.27,0,25,20,20,648.21,651.0450000000001,649.6275,661.8900000000001,673.63,,,,,,671.2566666666667,678.9733333333334,684.3166666666667,692.0333333333334,665.9133333333333,658.1966666666666,652.8533333333332,0,0,0,0,0,0,0,0,0,0,0,0,0,0,0,0,0,0,0,0,0,0,,,,,,,,,,,,,,,,,,USD,1.0,stock,25.0
2025-12-08,671.04,671.78,653.74,656.24,1879211,649.936,659.4406,,652.1215101759783,657.1852455946948,660.5915693587276,662.1290775790194,53.55361596009975,-1.4538364702440276,-4.203236986667328,2.7494005164233,0,19.509792857142845,0.5,0.05,1985385.7,1940712.9,0.9465218773359756,0.9683096350830667,58.31865492393915,71.25166800106753,14.799999999999955,0.7400000000000091,2.5,,0,0.6275889650161081,0.9606241618919866,-0.48771790808241017,,0,,,-2.5815358579635683,3.897913302302025,1.1389381212915106,682.27,0.6315525189332143,682.27,0,25,20,20,648.21,651.0450000000001,649.6275,661.8900000000001,656.24,,,,,,660.5866666666667,667.4333333333334,678.6266666666667,685.4733333333334,649.3933333333334,642.5466666666667,631.3533333333335,0,0,0,0,0,0,0,0,0,0,0,0,0,0,0,0,0,0,0,0,0,0,,,,,,,,,,,,,,,,,,USD,1.0,stock,25.0
2025-12-09,653.42,660.77,650.47,655.75,1386861,650.0600000000001,658.6618,,652.4670806354089,657.1289614537264,660.4956966981588,662.065604170273,52.13323883770375,-1.0280048516572151,-3.5681905596653056,2.5401857080080905,0,18.970507142857123,0.5,0.05,1805649.6,1933521.95,0.7680676250807466,0.7172719192559464,57.53402722177741,67.339204697091,2.330000000000041,5.019999999999982,2.949999999999932,,0,0.5006358161785842,0.8677087304612948,-0.4440411742279788,,0,,,-0.074667804461781,3.1653634976322786,0.3796286374699642,682.27,0.50315478926446,682.27,0,25,20,20,648.21,651.0450000000001,649.6275,661.8900000000001,655.75,,,,,,655.6633333333333,660.8566666666666,665.9633333333333,671.1566666666665,650.5566666666666,645.3633333333333,640.2566666666667,0,0,0,0,0,0,0,0,0,0,0,0,0,0,0,0,0,0,0,0,0,0,,,,,,,,,,,,,,,,,,USD,1.0,stock,25.0
2025-12-10,653.95,669.43,652.75,662.43,1596527,650.4655,658.2522,,653.4159300987033,657.3368453182862,660.5339997338388,662.0692299994246,54.0200149771938,-0.1497834427740372,-2.884509136287052,2.7347256935130146,1,19.380507142857123,0.5,0.05,1773111.8,1955838.3,0.900409663959148,0.8162878291114353,68.23058446757398,61.36108887109685,8.479999999999905,7.0,1.2000000000000455,,0,1.3607581029386795,1.80615310296936,0.630677958425786,,0,,,1.0186808997331154,2.277359189723316,1.2394547010636803,682.27,1.3795301715302613,682.27,0,25,20,20,650.2950000000001,651.0450000000001,650.6700000000001,661.8900000000001,662.43,,,,,,661.5366666666665,670.323333333333,678.2166666666665,687.003333333333,653.6433333333331,644.8566666666666,636.9633333333331,0,0,0,0,0,0,0,0,0,0,0,0,0,0,0,0,0,0,0,0,0,0,,,,,,,,,,,,,,,,,,USD,1.0,stock,25.0
2025-12-11,659.43,678.33,657.92,676.01,2815749,651.301,658.1824,,655.5677462797792,658.0691258940398,660.8404551846538,662.2079441287837,63.09321746214948,1.6232935407416562,-1.9829486008813102,3.6062421416229666,1,18.902649999999994,0.5,0.05,1826331.3,2017844.4,1.5417514883526335,1.3954242457941752,89.97598078462771,71.9135308246597,16.58000000000004,2.32000000000005,1.509999999999991,,0,3.023957296522364,3.6551234449194463,2.637179923373909,,0,,,2.0500279274791255,1.9499909513180924,2.534506294554828,682.27,3.1182519024504622,682.27,0,25,20,20,651.1600000000001,651.0450000000001,651.1025000000001,660.97,676.01,,,,,,670.7533333333333,683.5866666666667,691.1633333333334,703.9966666666668,663.1766666666666,650.3433333333332,642.7666666666665,0,0,0,0,0,0,0,0,0,0,0,0,0,0,0,0,0,0,0,0,0,0,,,,,,,,,,,,,,,,,,USD,1.0,stock,25.0
2025-12-12,679.4,681.195,666.87,670.925,1940878,652.34175,657.9636999999999,,657.0303418721811,658.5732778197637,661.0401491413933,662.2946810031241,53.0691193305175,2.58831632223405,-1.0686956162582382,3.657011938492288,1,16.72372142857143,0.5,0.05,1933125.1,2025912.4,1.004010552653835,0.958026615563437,83.26680244399171,80.4911225653978,8.475000000000023,1.7950000000000728,4.05499999999995,,0,2.0709703957698467,2.769795431680129,1.931855274434557,,0,,,-0.7522078075768213,-0.40155575018927525,3.2017658550091532,682.27,2.114766585699312,682.27,0,25,20,20,652.5925,651.0450000000001,651.81875,654.495,670.925,,,,,,672.9966666666667,679.1233333333333,687.3216666666667,693.4483333333334,664.7983333333333,658.6716666666666,650.4733333333332,0,0,0,0,0,0,0,0,0,0,0,0,0,0,0,0,0,0,0,0,0,0,,,,,,,,,,,,,,,,,,USD,1.0,stock,25.0
2025-12-15,670.04,671.365,653.0201,654.6,1707452,651.95125,657.4569,,656.7988807414972,658.4174630033024,660.9126214356231,662.2181170130433,50.51476666416172,2.0126126174518504,-0.4524339695162205,2.4650465869680707,0,16.32978571428572,0.5,0.05,1917376.8,2039366.6,0.8905145822146173,0.8372462312563126,56.66802443991849,76.63693588951264,15.43999999999994,1.3250000000000455,1.579900000000066,,0,-0.33591212060757586,0.4046364191872997,-0.43643446379468315,,0,,,-2.4332078846368677,-0.24990857003535094,-1.1790280943826281,682.27,-0.3347875287203217,682.27,0,25,20,20,655.5450000000001,651.0450000000001,653.2950000000001,654.495,654.6,,,,,,659.6617,666.3033,678.0066,684.6482000000001,647.9584,641.3168,629.6134999999999,0,0,0,0,0,0,0,0,0,0,0,0,0,0,0,0,0,0,0,0,0,0,,,,,,,,,,,,,,,,,,USD,1.0,stock,25.0
2025-12-16,654.39,671.51,648.21,669.35,1775246,653.1197500000001,657.4421000000001,,657.9942254327832,658.8461899443494,661.0796982388781,662.2890810228638,57.45829244357212,2.715265126611712,0.18110584970936594,2.5341592769023458,1,16.699071428571433,0.5,0.05,1941163.4,2056037.25,0.9145268244806182,0.8634308546695835,80.7006109979633,73.5451459606245,14.960000000000036,2.159999999999968,6.17999999999995,,0,1.6965376211573655,2.4247777694778447,1.7790244266825916,,0,,,2.253284448518178,2.073961113229128,3.617759063748105,682.27,1.7258167516208491,682.27,0,25,20,20,664.3525,651.0450000000001,657.69875,654.495,669.35,,,,,,663.0233333333334,677.8366666666668,686.3233333333334,701.1366666666668,654.5366666666669,639.7233333333335,631.2366666666669,0,0,0,0,0,0,0,0,0,0,0,0,0,0,0,0,0,0,0,0,0,0,,,,,,,,,,,,,,,,,,USD,1.0,stock,25.0
2025-12-17,671.02,676.21,660.16,660.78,2237635,653.67225,657.4979,,658.2595372963276,658.9220256328063,661.0737636202865,662.274065291293,61.96235543124951,2.551186435764066,0.655121966920306,1.8960644688437602,0,15.555500000000011,0.5,0.05,1987018.4,2046054.35,1.1261269649037977,1.0936341940281302,64.31256009090103,67.22706517626094,10.240000000000009,5.190000000000055,0.6200000000000045,,0,0.3814374986640584,1.0756605829474273,0.49670086867036145,,0,,,-1.280346604915228,-0.24908292196911264,1.7007064472934763,682.27,0.38289801527596135,682.27,0,25,20,20,664.7025000000001,651.0450000000001,657.8737500000001,654.495,660.78,,,,,,665.7166666666666,671.2733333333332,681.7666666666667,687.3233333333333,655.2233333333331,649.6666666666665,639.1733333333331,0,0,0,0,0,0,0,0,0,0,0,0,0,0,0,0,0,0,0,0,0,0,,,,,,,,,,,,,,,,,,USD,1.0,stock,25.0
2025-12-18,663.75,676.5372,661.5,668.88,2040548,654.58525,657.7194999999999,,659.2710099347727,659.3125344315198,661.2283425584986,662.339795984912,62.847017129356146,3.039715251359098,1.1320406238080647,1.9076746275510335,1,16.078907142857158,0.5,0.05,1973657.7,2083677.45,1.0338915405645062,0.9793012829312906,78.47216152434218,74.49511087106883,5.1299999999999955,7.657199999999989,2.25,,0,1.4365790672807255,2.1371172706614074,1.6685354622652897,,0,,,1.2258240261509235,-1.054718125471521,2.806553748731977,682.27,1.457517457984087,682.27,0,25,20,20,664.7025000000001,651.0450000000001,657.8737500000001,654.495,668.88,,,,,,668.9724,676.4448,684.0096,691.482,661.4076,653.9352,646.3704,0,0,0,0,0,0,0,0,0,0,0,0,0,0,0,0,0,0,0,0,0,0,,,,,,,,,,,,,,,,,,USD,1.0,stock,25.0
2025-12-19,667.8,675.6,665.44,671.3,4555507,656.2782500000001,658.2471,,660.4166280362228,659.7826311204799,661.4277813197165,662.4289522437687,64.65288035450516,3.5808735513112424,1.6218072093087004,1.959066342002542,1,16.17872142857144,0.5,0.05,2193561.4,2185624.65,2.0767629299093247,2.0843043658022435,82.70256096495046,75.16242752673122,3.5,4.300000000000068,2.3599999999999,,0,1.6212381891519603,2.2377104126321887,1.944421272158485,,0,,,0.36179882789140194,0.05589298356747374,5.311872489959812,682.27,1.6479554726142016,682.27,0,25,20,20,664.7025000000001,651.0450000000001,657.8737500000001,654.495,671.3,,,,,,670.78,676.1199999999999,680.9399999999999,686.2799999999999,665.9599999999999,660.62,655.8,0,0,0,0,0,0,0,0,0,0,0,0,0,0,0,0,0,0,0,0,0,0,,,,,,,,,,,,,,,,,,USD,1.0,stock,25.0
2025-12-22,675.22,679.26,671.0,675.205,1184257,656.8810000000001,658.9154000000001,,661.8250444137254,660.3874299000689,661.7005975312072,662.5560770970645,64.62544809490373,4.2755602700623285,2.152557821459426,2.1230024486029024,1,15.929435714285725,0.5,0.05,2124066.0,2054725.85,0.5575424680777339,0.5763576683478236,88.32358674463937,83.16610307797734,0.014999999999986358,4.039999999999964,4.205000000000041,,0,1.9816138189549255,2.713842462659482,2.412541376322739,,0,,,0.5817071354089265,3.1477238007943775,1.8178391012591444,681.195,2.0216756224641173,681.195,0,25,20,20,664.7025000000001,651.0450000000001,657.8737500000001,654.495,675.205,,,,,,675.1550000000001,679.3100000000002,683.4150000000001,687.5700000000002,671.0500000000002,666.8950000000001,662.7900000000002,0,0,0,0,0,0,0,0,0,0,0,0,0,0,0,0,0,0,0,0,0,0,,,,,,,,,,,,,,,,,,USD,1.0,stock,25.0
2025-12-23,671.64,676.0,666.4,674.14,954503,657.9264999999999,659.2846000000001,,662.9978973267039,660.9267463745759,661.9469223325694,662.6713400115216,60.64274796878771,4.6861488927867185,2.6592760357248846,2.026872857061834,0,15.314792857142866,0.5,0.05,2080830.2,1943239.9,0.45871258500573475,0.4911915404783527,79.05595962594612,83.36070244517866,2.5,1.8600000000000136,5.240000000000009,,0,1.6527876514219757,2.405064229981913,2.2036075592606754,,0,,,-0.15772987463067434,0.7156196309852758,3.2010164873015556,681.195,1.6805638024226859,681.195,0,25,20,20,664.7025000000001,651.0450000000001,657.8737500000001,654.495,674.14,,,,,,672.18,677.9599999999999,681.78,687.56,668.3599999999999,662.5799999999999,658.7599999999999,0,0,0,0,0,0,0,0,0,0,0,0,0,0,0,0,0,0,0,0,0,0,,,,,,,,,,,,,,,,,,USD,1.0,stock,25.0
2025-12-24,672.67,676.495,672.03,674.83,334091,659.2645,659.638,,664.1247642479701,661.4719720069455,662.2020327814295,662.7923217029493,55.36040145985401,5.009474464519144,3.129315721483737,1.8801587430354072,0,14.361578571428579,0.5,0.05,1954586.6,1863849.2,0.17092668086438328,0.1792478704822257,80.70335000757919,82.69429879272157,2.160000000000082,1.6649999999999636,0.6399999999999864,,0,1.586360379951976,2.306580916675317,2.2512336440288676,,0,,,0.10235262705076131,2.126275008323497,4.129183575848283,681.195,1.6119314213726281,681.195,0,25,20,20,664.7025000000001,651.0450000000001,657.8737500000001,654.495,674.83,,,,,,674.4516666666667,676.8733333333334,678.9166666666667,681.3383333333335,672.4083333333334,669.9866666666667,667.9433333333334,0,0,0,0,0,0,0,0,0,0,0,0,0,0,0,0,0,0,0,0,0,0,,,,,,,,,,,,,,,,,,USD,1.0,stock,25.0
2025-12-26,674.34,678.13,673.225,676.55,555034,661.6355000000001,660.1151999999998,,665.3081200338777,662.0632672223594,662.4861509441733,662.929214024313,51.44884390195493,5.342912169272154,3.5720350110414203,1.7708771582307334,0,13.746221428571435,0.5,0.05,1728515.1,1777423.2,0.3211045133479019,0.31226890703350785,85.91784144307991,81.89238369220173,2.2099999999999227,1.580000000000041,1.115000000000009,,0,1.661648062393359,2.2044933855590663,2.429207006134079,,0,,,0.25487900656460116,1.1466929793086944,7.5373929076661295,681.195,1.6897253509471415,681.195,0,25,20,20,663.735,651.0450000000001,657.3900000000001,654.495,676.55,,,,,,675.9683333333334,678.7116666666667,680.8733333333333,683.6166666666667,673.8066666666667,671.0633333333334,668.9016666666668,0,0,0,0,0,0,0,0,0,0,0,0,0,0,0,0,0,0,0,0,0,0,,,,,,,,,,,,,,,,,,USD,1.0,stock,25.0
2025-12-29,672.8,678.57,670.99,674.15,886037,663.639,660.6583999999999,,666.150203840175,662.5372567430511,662.7171182522095,663.0408636360114,60.43949638610396,5.351811656822065,3.9279903401975496,1.4238213166245153,0,12.866935714285725,0.5,0.05,1623031.0,1778078.05,0.5459150194913098,0.49831164610574885,78.64180688191581,81.75433277752497,1.3500000000000227,4.420000000000073,1.8099999999999454,,0,1.1866492857413031,1.5591485574427009,2.001275680486548,,0,,,-0.35474096519103604,0.424549381796524,6.319391874842273,681.195,1.2008997540957496,681.195,0,25,20,20,663.735,651.0450000000001,657.3900000000001,654.495,674.15,,,,,,674.57,678.1500000000001,682.1500000000001,685.7300000000001,670.57,666.99,662.99,0,0,0,0,0,0,0,0,0,0,0,0,0,0,0,0,0,0,0,0,0,0,,,,,,,,,,,,,,,,,,USD,1.0,stock,25.0
2025-12-30,671.56,674.27,668.6,669.88,1192345,665.5519999999999,660.8282,,666.5054225220631,662.8252074590099,662.85895749474,663.1089147441108,57.88856632425189,4.957168102545438,4.133825892667128,0.8233422098783105,0,12.536221428571439,0.5,0.05,1571520.3,1744448.55,0.7587207114028371,0.6835082639725889,65.69652872517796,76.75205901672456,1.67999999999995,2.7100000000000364,1.2799999999999727,,0,0.5037585056930937,0.6460858661252894,1.3512569415417623,,0,,,-0.6333901950604459,-0.7886493731533495,6.057439599759351,681.195,0.5063090807524807,681.195,0,25,20,20,669.71,651.0450000000001,660.3775,654.495,669.88,,,,,,670.9166666666666,673.2333333333332,676.5866666666666,678.9033333333332,667.5633333333333,665.2466666666667,661.8933333333333,0,0,0,0,0,0,0,0,0,0,0,0,0,0,0,0,0,0,0,0,0,0,,,,,,,,,,,,,,,,,,USD,1.0,stock,25.0
2025-12-31,668.02,669.8,662.21,662.42,948492,666.8915,660.7811999999999,,666.116334662819,662.8093169704213,662.8502652671215,663.1020598710351,49.99446535311048,3.9963827753767873,4.10633726920906,-0.10995449383227296,0,11.892650000000012,0.5,0.05,1488844.9,1715004.15,0.6370656876347564,0.5530552214698723,43.080187964225914,62.47284119043989,5.600000000000023,1.7799999999999727,0.2099999999999227,,0,-0.5580046892936545,-0.6750249086682153,0.24739591195918906,,0,,,-1.1136322923508746,-1.7385112884564125,4.214716108427852,681.195,-0.554908275097333,681.195,0,25,20,20,670.38,650.5075,660.44375,654.495,662.42,,,,,,664.81,667.4099999999999,672.3999999999999,674.9999999999998,659.8199999999999,657.22,652.23,0,0,0,0,0,0,0,0,0,0,0,0,0,0,0,0,0,0,0,0,0,0,,,,,,,,,,,,,,,,,,USD,1.0,stock,25.0
2026-01-02,660.6,661.99,622.2301,629.46,2739014,665.9805,659.8695999999999,,662.6252551711219,661.50150061864,662.1890718954953,662.7673130066468,28.786912139992737,0.5688001654824575,3.39882984846374,-2.8300296829812823,0,13.305500000000004,0.5,0.05,1538982.8,1763000.6,1.779756083043943,1.5536092273593098,12.26136226806123,40.34602631915504,31.139999999999986,1.3899999999999864,7.229900000000043,,0,-5.268842368239742,-5.801877800019059,-4.8310615448161665,,0,,,-4.975695178285666,-6.723174725486414,-2.8131175889327897,681.195,-5.005129960305696,681.195,0,25,20,20,650.74505,650.5075,650.6262750000001,654.495,629.46,,,,,,637.8933666666667,653.5566333333334,677.6532666666667,693.3165333333334,613.7967333333333,598.1334666666667,574.0368333333333,0,0,0,0,0,0,0,0,0,0,0,0,0,0,0,0,0,0,0,0,0,0,,,,,,,,,,,,,,,,,,USD,1.0,stock,27.0
2026-01-05,629.46,639.52,619.7,633.84,2170690,664.5185,659.1309999999999,,659.8838022976818,660.4167358884972,661.6277041351884,662.4794790463817,32.9908728156676,-1.773708148998594,2.3643222489712734,-4.138030397969867,0,13.697999999999995,0.5,0.05,1551997.0,1762827.35,1.3986431674803494,1.2313684604450912,23.74076561450638,26.360771948931173,4.3799999999999955,5.67999999999995,9.759999999999991,,0,-4.1088921964031515,-4.840101602928181,-3.99012369052124,,0,,,0.6958345248307962,-6.312911093045592,-4.409724316824515,681.195,-3.946725500307561,681.195,0,25,20,20,649.48,650.4475,649.96375,654.435,633.84,,,,,,631.02,642.3399999999999,650.8399999999999,662.1599999999999,622.52,611.2,602.7,0,0,0,0,0,0,0,0,0,0,0,0,0,0,0,0,0,0,0,0,0,0,,,,,,,,,,,,,,,,,,USD,1.0,stock,25.0
2026-01-06,630.2,649.2372,627.72,647.2,2564384,663.1969999999999,658.5206,,658.675821126474,659.8984325203209,661.3420070236006,662.3274444290048,46.51107967939652,-2.5230385019510777,1.386850098786803,-3.909888600737881,1,13.92459285714285,0.5,0.05,1352884.7,1773223.05,1.8954933853564906,1.4461711401732569,46.17192746809944,27.39135178355568,17.0,2.0371999999999844,2.480000000000018,,0,-1.7731491233736074,-2.4717243510506552,-1.7491656365883652,,0,,,2.107787454247134,-3.997626640955265,-3.9235188456571035,681.195,-1.7422563206962605,681.195,0,25,20,20,649.135,650.4475,649.79125,654.435,647.2,,,,,,641.3857333333334,655.0514666666668,662.9029333333334,676.5686666666668,633.5342666666668,619.8685333333334,612.0170666666668,0,0,0,0,0,0,0,0,0,0,0,0,0,0,0,0,0,0,0,0,0,0,,,,,,,,,,,,,,,,,,USD,1.0,stock,25.0
2026-01-07,650.0,657.24,645.5901,651.15,1396543,662.9425,657.8818000000001,,657.959076257286,659.5553567352102,661.1401851023411,662.2162260764774,40.44619422572176,-2.766268396692112,0.5562263996910201,-3.322494796383132,1,13.092442857142853,0.5,0.05,1374113.3,1749089.65,1.0163230353712462,0.7984399198748904,52.80389523169906,40.905529438101624,1.1499999999999773,6.090000000000032,4.409899999999993,,0,-1.0457001086210629,-1.8110266451662471,-1.033832450280294,,0,,,0.6103213844252053,-2.796023168328654,-0.7756308667560718,681.195,-1.034878384233042,681.195,0,25,20,20,649.135,650.4475,649.79125,654.435,651.15,,,,,,651.3267000000001,657.0633000000001,662.9766000000001,668.7132000000001,645.4134000000001,639.6768000000001,633.7635000000001,0,0,0,0,0,0,0,0,0,0,0,0,0,0,0,0,0,0,0,0,0,0,,,,,,,,,,,,,,,,,,USD,1.0,stock,25.0
2026-01-08,640.6,657.81,638.75,652.75,1651602,662.7925,657.2689999999999,,657.4629737565921,659.2884800004962,660.9740428230868,662.1220347722339,45.451971001359325,-2.7976733752307155,-0.114553555293327,-2.6831198199373887,1,13.307442857142844,0.5,0.05,1443823.2,1762326.7,1.1439087555872491,0.9371712974671496,55.490261920752154,51.488694873516884,12.149999999999977,5.059999999999945,1.8500000000000227,,0,-0.7220181932733938,-1.5384909996170077,-0.6923018000765825,,0,,,0.245719112339704,-1.459798919114752,-0.45749142203583837,681.195,-0.7168424602929699,681.195,0,25,20,20,649.135,650.4475,649.79125,654.435,652.75,,,,,,649.77,660.79,668.8299999999999,679.8499999999999,641.73,630.71,622.6700000000001,0,0,0,0,0,0,0,0,0,0,0,0,0,0,0,0,0,0,0,0,0,0,,,,,,,,,,,,,,,,,,USD,1.0,stock,25.0
2026-01-09,650.45,652.71,636.0,646.9,1304648,662.016,656.6283999999999,,656.4569762559643,658.8026572553787,660.6953489057979,661.9705717396744,37.22538649308379,-3.257062764396437,-0.7430553971139491,-2.5140073672824883,1,13.378357142857128,0.5,0.05,1540878.9,1747732.75,0.8466908074346401,0.7464802613557479,45.66823371390188,51.32079695545102,3.550000000000068,2.259999999999991,10.899999999999977,,0,-1.4773498617969218,-2.3366826402844314,-1.5038491266037974,,0,,,-0.8962083492914608,2.770628792933616,-2.3443986534426253,681.195,-1.4558419822836723,681.195,0,25,20,20,649.135,650.4475,649.79125,654.435,646.9,,,,,,645.2033333333334,654.4066666666668,661.9133333333334,671.1166666666668,637.6966666666667,628.4933333333333,620.9866666666667,0,0,0,0,0,0,0,0,0,0,0,0,0,0,0,0,0,0,0,0,0,0,,,,,,,,,,,,,,,,,,USD,1.0,stock,25.0
2026-01-12,640.1,642.96,628.64,635.44,1601430,659.9875,656.2164,,654.455359469682,657.8864746179128,660.1952429868711,661.70658595122,31.140212475018444,-4.494053735801003,-1.4932550648513598,-3.0007986709496435,0,13.95692857142856,0.5,0.05,1645518.5,1687016.8,0.9732069253551389,0.9492673694772926,26.427132303559475,42.528542646071166,4.659999999999968,2.8600000000000136,6.800000000000068,,0,-2.992471274971976,-3.8630712577111757,-3.2696084602794855,,0,,,-1.7715257381357152,0.25242963523917084,-6.0013905119746696,681.195,-2.9055242950551197,681.195,0,25,20,20,646.985,650.4475,648.71625,654.29935,635.44,,,,,,635.68,642.7199999999999,650.0,657.04,628.3999999999999,621.3599999999999,614.0799999999998,0,0,0,0,0,0,0,0,0,0,0,0,0,0,0,0,0,0,0,0,0,0,,,,,,,,,,,,,,,,,,USD,1.0,stock,25.0
2026-01-13,632.1,637.26,604.39,605.28,2656824,656.70525,655.1984,,649.7719919011408,655.8234756132888,659.1078124326756,661.1451273845412,21.182773542138833,-7.8179178446131345,-2.7581876208037146,-5.05973022380942,0,15.714785714285702,0.5,0.05,1822597.2,1722814.1,1.4577132017979617,1.5421420105628343,1.1997843084389128,24.431716775300085,26.82000000000005,5.159999999999968,0.8899999999999864,,0,-7.350646296117643,-8.496109238699447,-8.247158339941848,,0,,,-4.746317512274967,-6.477132262051932,-9.784253083429595,679.26,-6.847323746744392,679.26,0,25,20,20,637.095,642.7925,639.94375,643.3299999999999,605.28,,,,,,615.6433333333333,626.8966666666666,648.5133333333333,659.7666666666667,594.0266666666666,582.7733333333333,561.1566666666666,0,0,0,0,0,0,0,0,0,0,0,0,0,0,0,0,0,0,0,0,0,0,,,,,,,,,,,,,,,,,,USD,1.0,stock,27.0
2026-01-14,590.99,592.66,556.66,566.6,4833991,652.30525,653.1794,,641.8508498153179,652.3245157853167,657.2759745627216,660.2043798483766,16.1696237573927,-13.418575846165368,-4.890265265876046,-8.528310580289322,0,18.501928571428557,0.5,0.05,2186761.8,1879141.05,2.210570442560319,2.5724471295010027,8.15355590189488,11.926824171297755,24.389999999999986,1.669999999999959,9.940000000000055,,0,-13.281124217316961,-15.126235439463462,-15.280515354747608,,0,,,-6.390430874966945,-12.984719342701368,-13.443324167430493,679.26,-11.724039913162084,679.26,0,25,20,20,609.325,618.9275,614.12625,619.4649999999999,566.6,,,,,,571.9733333333334,587.2866666666667,607.9733333333334,623.2866666666667,551.2866666666667,535.9733333333334,515.2866666666667,0,0,0,0,0,0,0,0,0,0,0,0,0,0,0,0,0,0,0,0,0,0,,,,,,,,,,,,,,,,,,USD,1.0,stock,30.25
2026-01-15,565.78,571.34,551.63,554.58,3404958,646.56675,650.7472,,633.5393403090972,648.4913975192259,655.2423909080142,659.1533909941638,14.688436013390458,-18.612497917510836,-7.634711796203004,-10.977786121307833,0,19.59085714285713,0.5,0.05,2432408.4,1960626.65,1.399829896986049,1.7366682228868,2.3239325665669166,3.892424258966903,11.199999999999932,5.560000000000059,2.9500000000000455,,0,-14.237682626329315,-16.586741317753958,-17.340545998773845,,0,,,-2.1214260501235427,-15.03944848716966,-17.146485396279964,679.26,-12.463210298917456,679.26,0,25,20,20,604.72,616.4125,610.5662500000001,616.95,554.58,,,,,,559.1833333333334,566.7366666666668,578.8933333333334,586.4466666666668,547.0266666666668,539.4733333333334,527.3166666666667,0,0,0,0,0,0,0,0,0,0,0,0,0,0,0,0,0,0,0,0,0,0,,,,,,,,,,,,,,,,,,USD,1.0,stock,30.25
2026-01-16,552.78,554.0,535.1,545.29,4773156,640.7922500000001,648.4446,,625.1346412320403,644.444283891021,653.0651158405286,658.0204219295454,13.096041385515065,-23.21078446437673,-10.749926329837749,-12.46085813453898,0,20.631928571428563,0.5,0.05,2635822.6,2087402.7,1.8108790781291577,2.28664837886815,7.102530145675011,5.86000620471227,7.490000000000009,1.2200000000000273,10.18999999999994,,0,-14.642601410632933,-17.51402923215172,-18.917383410662232,,0,,,-1.675141548559289,-15.707219044674602,-17.477829232119625,679.26,-12.77239109237001,679.26,0,25,20,20,596.4549999999999,608.1475,602.30125,608.685,545.29,,,,,,544.7966666666666,554.4933333333332,563.6966666666666,573.3933333333332,535.5933333333332,525.8966666666666,516.6933333333333,0,0,0,0,0,0,0,0,0,0,0,0,0,0,0,0,0,0,0,0,0,0,,,,,,,,,,,,,,,,,,USD,1.0,stock,30.25
2026-01-20,537.76,540.9099,526.74,528.95,3588767,633.79575,645.9169999999999,,615.9741992099412,639.9150962874515,650.6073907743796,656.7361391242763,12.14412347481489,-27.85239603853813,-14.170420271577825,-13.681975766960306,0,21.415499999999984,0.5,0.05,2777630.3,2164813.65,1.2920247161762313,1.6577717901954288,1.4980004066969679,3.641487706312965,8.809999999999945,3.1499000000000024,2.2100000000000364,,0,-16.452254317032065,-19.821485962756395,-22.113054163909606,,0,,,-2.9965706321406826,-16.75846657434219,-20.920045449108947,679.26,-14.127896805021997,679.26,0,25,20,20,592.275,603.9675,598.1212499999999,604.505,528.95,,,,,,532.1999666666667,537.6599333333334,546.3698666666667,551.8298333333333,523.4900333333334,518.0300666666667,509.3201333333334,0,0,0,0,0,0,0,0,0,0,0,0,0,0,0,0,0,0,0,0,0,0,,,,,,,,,,,,,,,,,,USD,1.0,stock,31.75
2026-01-21,532.0,537.4246,520.69,524.92,2643645,626.47675,643.3426000000001,,607.3023707137563,635.4054846683358,648.1185315511245,655.4245357499053,12.159340085621793,-31.493061562014645,-17.63494852966519,-13.858113032349454,0,22.205828571428558,0.5,0.05,2785556.4,2069220.55,0.9490545587229898,1.277604265045599,2.8368318690898713,3.8124541404872834,7.080000000000041,5.424600000000055,4.2299999999999045,,0,-15.694271644013632,-19.347090985293015,-22.56012344738248,,0,,,-0.7618867567823262,-13.276500132170243,-21.805452107850442,679.26,-13.565297072187155,679.26,0,25,20,20,589.25,600.9425000000001,595.09625,601.48,524.92,,,,,,527.6782,534.6663999999998,544.4128,551.4009999999998,517.9317999999998,510.94359999999995,501.19719999999984,0,0,0,0,0,0,0,0,0,0,0,0,0,0,0,0,0,0,0,0,0,0,,,,,,,,,,,,,,,,,,USD,1.0,stock,31.75
2026-01-22,526.84,548.25,526.84,547.69,3228281,620.101,641.3194,,601.625002074351,631.9656617401658,646.129847758033,654.3525503195581,22.267343485617616,-32.17012929052737,-20.54198468183763,-11.628144608689741,1,23.324399999999994,0.5,0.05,2968730.2,2171421.75,1.087428220994956,1.48671302569388,19.108280254777075,7.8143708435213055,20.850000000000023,0.5599999999999454,0.0,,0,-9.84772445623453,-13.22116525771877,-17.095327648852436,,0,,,4.337803855825673,-3.337451464878216,-18.88537555260994,678.57,-8.964887078892612,678.57,0,25,20,20,586.7,599.975,593.3375000000001,601.48,547.69,,,,,,540.9266666666667,555.0133333333334,562.3366666666667,576.4233333333334,533.6033333333335,519.5166666666668,512.1933333333335,0,0,0,0,0,0,0,0,0,0,0,0,0,0,0,0,0,0,0,0,0,0,,,,,,,,,,,,,,,,,,USD,1.0,stock,27.0
2026-01-23,546.82,564.57,545.72,563.965,3274010,614.59225,639.5333,,598.038335210127,629.2989691229045,644.5028210697551,653.4531717094131,32.77942839113402,-31.035693701293326,-22.64072648572877,-8.394967215564556,1,21.800121428571426,0.5,0.05,3130971.0,2287397.1,1.0456851883968263,1.4313255883729152,31.559947491248554,17.835019871705168,17.144999999999982,0.6050000000000182,1.1000000000000227,,0,-6.041746422229565,-8.977019850522638,-13.399466278935753,,0,,,2.971571509430504,1.6922716289804907,-16.343044471474766,678.57,-5.69751689883809,678.57,0,25,20,20,581.825,599.975,590.9000000000001,601.48,563.965,,,,,,558.085,570.45,576.9350000000001,589.3000000000001,551.6,539.235,532.75,0,0,0,0,0,0,0,0,0,0,0,0,0,0,0,0,0,0,0,0,0,0,,,,,,,,,,,,,,,,,,USD,1.0,stock,25.0
2026-01-26,564.15,569.38,561.6775,561.77,2111576,608.9392500000001,637.6823,,594.5842080472577,626.6507742553396,642.8645473852056,652.5409013441454,30.830407490158535,-29.968307485211994,-24.106242685625418,-5.862064799586577,1,20.934585714285713,0.5,0.05,3211663.8,2376271.35,0.6574710590815889,0.8886089545286989,29.959159859976634,26.87579586866742,2.3799999999999955,5.230000000000018,0.09249999999997272,,0,-5.8412175885607445,-8.39654128913971,-13.513056945013096,,0,,,-0.3892085501759901,3.0222450439215898,-16.753849117555543,678.57,-5.518849576416872,678.57,0,25,20,20,578.975,599.975,589.475,601.48,561.77,,,,,,564.2758333333333,566.8741666666665,571.9783333333332,574.5766666666665,559.1716666666665,556.5733333333333,551.4691666666665,0,0,0,0,0,0,0,0,0,0,0,0,0,0,0,0,0,0,0,0,0,0,,,,,,,,,,,,,,,,,,USD,1.0,stock,25.0
2026-01-27,560.58,561.57,537.34,545.4,2459622,602.38175,635.4043,,589.8999977570427,623.4644693825811,640.9345563478747,651.4748227238056,23.349390020419918,-30.096386005544787,-25.304271349609294,-4.792114655935492,1,21.142642857142853,0.5,0.05,3297483.0,2471500.75,0.7459089250801293,0.9951937097328415,18.020711785297507,26.513273045507564,15.180000000000064,0.9900000000000091,8.059999999999945,,0,-8.159148837008196,-10.447698936560329,-16.502438577191064,,0,,,-2.9140039517952188,3.109934776443879,-19.38511566033553,678.57,-7.543651114806506,678.57,0,25,20,20,556.675,599.975,578.325,601.48,545.4,,,,,,548.1033333333334,558.8666666666667,572.3333333333334,583.0966666666667,534.6366666666667,523.8733333333333,510.40666666666664,0,0,0,0,0,0,0,0,0,0,0,0,0,0,0,0,0,0,0,0,0,0,,,,,,,,,,,,,,,,,,USD,1.0,stock,27.0
2026-01-28,548.765,553.0,537.35,538.7,2261359,595.60925,633.1761,,585.0238074944672,620.1403725440485,638.9101096875207,650.3526851842653,20.979147310828978,-30.388226601183987,-26.321062399924234,-4.067164201259754,1,21.42836428571428,0.5,0.05,3257936.5,2540266.85,0.6941077580855244,0.890205294770508,13.134480746791136,20.37145079735509,10.06499999999994,4.235000000000014,1.3500000000000227,,0,-8.599184610073719,-10.564182290699819,-17.537794690922585,,0,,,-1.2284561789512205,2.625161929436892,-20.091967662983002,674.27,-7.91827732496258,674.27,0,25,20,20,546.0150000000001,599.975,572.9950000000001,601.48,538.7,,,,,,543.0166666666667,548.6833333333333,558.6666666666666,564.3333333333333,533.0333333333333,527.3666666666667,517.3833333333333,0,0,0,0,0,0,0,0,0,0,0,0,0,0,0,0,0,0,0,0,0,0,,,,,,,,,,,,,,,,,,USD,1.0,stock,27.0
2026-01-29,512.46,513.72,491.72,502.98,5915418,587.2642500000001,629.9875,,577.2101115426132,615.5458481305565,636.2184243471738,648.88629030681,17.135521811638753,-33.12003075330938,-27.680856070601266,-5.4391746827081136,0,23.42265,0.5,0.05,3366079.2,2776420.5,1.7573615023675022,2.130591529633209,6.994223243679726,12.716471925256123,9.480000000000018,1.259999999999991,11.259999999999991,,0,-14.75806424561874,-16.75697840868425,-25.251004016064243,,0,,,-6.630777798403564,-8.163377092881019,-24.914910133158173,669.8,-12.860154397543505,669.8,0,25,20,20,530.55,585.49,558.02,586.995,502.98,,,,,,502.8066666666667,513.8933333333333,524.8066666666666,535.8933333333333,491.8933333333333,480.8066666666667,469.8933333333333,0,0,0,0,0,0,0,0,0,0,0,0,0,0,0,0,0,0,0,0,0,0,,,,,,,,,,,,,,,,,,USD,1.0,stock,30.25
2026-01-30,501.5,506.1065,496.66,498.92,3885476,579.0892500000001,627.0463000000001,,569.7539104433166,610.97228545877,633.4996436670317,647.3940884132099,17.27119918609283,-35.206771547671906,-29.186039166015394,-6.0207323816565115,0,22.900971428571427,0.5,0.05,3414131.0,2923269.7,1.1380570927126112,1.3291541317586946,4.760645331922764,8.296449774131206,2.579999999999984,4.606499999999983,2.259999999999991,,0,-14.197448577590915,-16.06855808546462,-25.680730377615664,,0,,,-0.8071891526502006,-11.533517150887029,-24.68222577820717,661.99,-12.432369334367857,661.99,0,25,20,20,530.55,585.145,557.8475,586.995,498.92,,,,,,500.56216666666666,504.4643333333333,510.0086666666666,513.9108333333332,495.01783333333333,491.1156666666667,485.57133333333337,0,0,0,0,0,0,0,0,0,0,0,0,0,0,0,0,0,0,0,0,0,0,,,,,,,,,,,,,,,,,,USD,1.0,stock,30.25
2026-02-02,500.405,502.6151,486.62,487.12,2880631,571.97225,623.7941,,561.8840142106197,606.1153330878378,630.601036861744,645.7993213643223,17.24526301841793,-37.381776197982504,-30.825186572408818,-6.556589625573686,0,22.739192857142854,0.5,0.05,3224878.5,2930350.55,0.8932525674998298,0.9830329002787739,0.3319171534784918,4.028928576360326,13.284999999999968,2.2101000000000113,0.5,,0,-15.348171746308864,-17.419167761537206,-28.057583347019204,,0,,,-2.3651086346508476,-13.288356444808368,-22.61303339370254,657.81,-13.305951463248922,657.81,0,25,20,20,528.0,582.595,555.2975,584.4449999999999,487.12,,,,,,492.11836666666665,497.6167333333333,508.1134666666666,513.6118333333333,481.6216333333333,476.12326666666667,465.6265333333333,0,0,0,0,0,0,0,0,0,0,0,0,0,0,0,0,0,0,0,0,0,0,,,,,,,,,,,,,,,,,,USD,1.0,stock,31.75
2026-02-03,468.5,469.99,427.255,434.09,7569071,561.98475,619.4635,,549.7131557143703,599.3692415941971,626.7097292011154,643.692760952737,15.663109756097583,-42.89014991320619,-33.23817924056829,-9.651970672637894,0,24.66740714285714,0.5,0.05,3622908.9,3200269.6,2.089224766319683,2.365135424840457,4.132281369970666,3.0749479517906395,34.410000000000025,1.490000000000009,6.8349999999999795,,0,-26.63575657452839,-29.462726623511255,-42.70393236425626,,0,,,-10.886434554113977,-20.408874220755415,-31.514262274391026,657.81,-21.033361583663428,657.81,0,25,20,20,498.3175,552.9125,525.615,554.7625,434.09,,,,,,443.77833333333336,460.30166666666673,486.5133333333334,503.03666666666675,417.5666666666667,401.04333333333335,374.8316666666667,0,0,0,0,0,0,0,0,0,0,0,0,0,0,0,0,0,0,0,0,0,0,,,,,,,,,,,,,,,,,,USD,1.0,stock,31.75
2026-02-04,427.935,450.49,411.11,445.64,6970984,551.90675,615.6275,,539.8014265987159,593.3406438846208,623.124190009014,641.7220867144013,22.77515192437545,-45.7956831668634,-35.74968002582732,-10.046003141036081,0,24.00740714285714,0.5,0.05,4055642.8,3420599.6,1.718835790962656,2.037942119855244,21.550271484740666,8.671490002729941,17.704999999999984,4.850000000000023,16.82499999999999,,0,-21.129482676311806,-23.845873350686652,-38.144578583610105,,0,,,2.6607385565205366,-17.27492110636719,-31.143386897404213,657.81,-17.443715773784866,657.81,0,25,20,20,490.245,544.84,517.5425,546.69,445.64,,,,,,435.74666666666667,460.3833333333333,475.12666666666667,499.7633333333333,421.00333333333333,396.3666666666667,381.62333333333333,0,0,0,0,0,0,0,0,0,0,0,0,0,0,0,0,0,0,0,0,0,0,,,,,,,,,,,,,,,,,,USD,1.0,stock,30.0
2026-02-05,448.5,460.42,431.14,434.91,5211292,541.09475,611.0627,,529.8117669226477,587.127677457773,619.3971763454692,639.6642550058003,22.90817712578105,-48.40616439788408,-38.28097690023867,-10.125187497645413,0,24.690978571428566,0.5,0.05,4253943.9,3611337.05,1.225049535796652,1.4430367279066352,15.037593984962413,13.573382279891248,13.589999999999975,11.920000000000016,3.7700000000000387,,0,-21.821012835448187,-24.41533880572991,-40.503253546710795,,0,,,-2.4077730903868555,-13.533341285935819,-33.20893803271135,657.81,-17.912355452932648,657.81,0,25,20,20,490.245,542.69,516.4675,546.69,434.91,,,,,,442.1566666666667,453.1733333333334,471.4366666666667,482.45333333333343,423.8933333333334,412.87666666666667,394.61333333333334,0,0,0,0,0,0,0,0,0,0,0,0,0,0,0,0,0,0,0,0,0,0,,,,,,,,,,,,,,,,,,USD,1.0,stock,30.0
2026-02-06,437.12,448.0,435.4,443.77,3645588,530.6457499999999,606.8735,,521.6173129300146,581.5058077535466,615.9194104772422,637.7150584385785,26.9722814498934,-49.192995397710774,-40.46338059973309,-8.729614797977682,1,24.23454999999999,0.5,0.05,4291101.7,3711036.35,0.8495692376622068,0.9823638617821676,20.63562267012066,19.074496046607916,6.649999999999977,4.230000000000018,1.7200000000000273,,0,-17.542265797601146,-19.57675147035625,-36.75406178876447,,0,,,2.0372030994918466,-11.05387637296561,-32.01531980084259,652.71,-14.924219538023534,652.71,0,25,20,20,486.34000000000003,540.4549999999999,513.3975,546.69,443.77,,,,,,442.39000000000004,449.3800000000001,454.99000000000007,461.98000000000013,436.7800000000001,429.79,424.18000000000006,0,0,0,0,0,0,0,0,0,0,0,0,0,0,0,0,0,0,0,0,0,0,,,,,,,,,,,,,,,,,,USD,1.0,stock,30.0
2026-02-09,438.67,441.16,430.94,437.5,3720481,520.17575,602.6621,,513.6061402700132,575.8585211749761,612.3863528440295,635.7228688023737,28.26345312797109,-49.749025435777696,-42.320509566942015,-7.428515868835682,1,23.825978571428568,0.5,0.05,4451992.2,3831828.0,0.835689020299721,0.9709415453929561,16.67403803626713,17.449084897116734,1.170000000000016,2.490000000000009,6.560000000000002,,0,-17.395689204574435,-18.897314285714284,-37.751337142857146,,0,,,-1.4128940667462841,-10.186401707998026,-32.36976348740145,642.96,-14.817996574184766,642.96,0,25,20,20,482.055,536.55,509.3025,546.1525,437.5,,,,,,436.5333333333333,442.1266666666666,446.75333333333333,452.34666666666664,431.9066666666666,426.3133333333333,421.68666666666655,0,0,0,0,0,0,0,0,0,0,0,0,0,0,0,0,0,0,0,0,0,0,,,,,,,,,,,,,,,,,,USD,1.0,stock,30.0
2026-02-10,434.65,451.09,420.36,421.39,5183955,509.47325,598.5073,,504.8236507204881,569.8009321092908,608.604246847118,633.5902034411561,26.728556015105198,-50.90284924980989,-44.03697750351559,-6.865871746294303,1,24.825649999999992,0.5,0.05,4724425.5,4010954.25,1.097266747036227,1.2924492968225703,6.495229670815678,14.601630125734488,13.259999999999991,16.439999999999998,1.0299999999999727,,0,-19.799627594505832,-20.9030233275588,-42.031680865706356,,0,,,-3.6822857142857157,-2.925660577299638,-33.68532040790634,637.26,-16.527286429906958,637.26,0,25,20,20,462.415,534.46,498.4375,546.1525,421.39,,,,,,430.9466666666667,441.5333333333334,461.6766666666667,472.2633333333334,410.80333333333346,400.21666666666675,380.0733333333335,0,0,0,0,0,0,0,0,0,0,0,0,0,0,0,0,0,0,0,0,0,0,,,,,,,,,,,,,,,,,,USD,1.0,stock,30.0
2026-02-11,419.6,422.0,392.38,399.69,6088972,499.19375,593.8195000000001,,494.8109220804416,563.1299151638284,604.4673310679672,631.2628382327864,16.57180286398335,-52.95780694741558,-45.82114339229559,-7.136663555119988,0,25.274935714285704,0.5,0.05,5107186.8,4182561.65,1.1922360075022125,1.4557997011233534,4.12994350282486,9.09973706996922,19.910000000000025,2.3999999999999773,7.310000000000002,,0,-23.798674492842363,-24.895231304260808,-48.57001676299134,,0,,,-5.149623863879061,-10.311013374023869,-33.96609833465504,592.66,-19.22369087580039,592.66,0,25,20,20,449.24325,525.095,487.169125,536.7875,399.69,,,,,,404.69,417.0,434.31,446.62,387.38,375.07,357.76,0,0,0,0,0,0,0,0,0,0,0,0,0,0,0,0,0,0,0,0,0,0,,,,,,,,,,,,,,,,,,USD,1.0,stock,31.75
2026-02-12,397.95,408.995,391.15,397.96,4334005,490.76175,589.1463,,485.5870247394472,556.6526635887764,600.3780769874134,628.9414169568383,9.868246101776847,-54.102314466081964,-47.477377607052865,-6.6249368590290985,1,25.20314999999999,0.5,0.05,4949045.5,4157562.35,0.875725430287517,1.0424389666699767,3.8209055714526183,4.8153595816977175,0.009999999999990905,11.035000000000025,6.800000000000011,,0,-22.01905335698242,-23.319366267966636,-48.04158709418033,,0,,,-0.43283544747179103,-8.496010668874032,-29.76350158842217,571.34,-18.04558612052402,571.34,0,25,20,20,446.88255,524.48,485.681275,536.1725,397.96,,,,,,399.36833333333334,407.5866666666667,417.21333333333337,425.43166666666673,389.7416666666667,381.5233333333333,371.89666666666665,0,0,0,0,0,0,0,0,0,0,0,0,0,0,0,0,0,0,0,0,0,0,,,,,,,,,,,,,,,,,,USD,1.0,stock,31.75
2026-02-13,397.015,407.3899,389.32,399.4,4888297,483.00275,584.4217,,477.3787366690237,550.4858924676479,596.3983130866725,626.6574227582629,10.603193089726773,-54.26758600388524,-48.835419286419345,-5.432166717465897,1,25.943678571428563,0.5,0.05,5049327.6,4231729.3,0.9681085061702077,1.1551535208076755,5.8519593613933125,4.600936145223596,2.384999999999991,7.989900000000034,7.694999999999993,,0,-19.523970122439586,-20.932085628442668,-46.32491236855284,,0,,,0.36184541159915984,-9.998422606305068,-27.981535576472293,569.38,-16.334773771687267,569.38,0,25,20,20,429.655,523.5649999999999,476.60999999999996,535.2575,399.4,,,,,,398.70329999999996,408.0865999999999,416.7732,426.15649999999994,390.0166999999999,380.63339999999994,371.9467999999999,0,0,0,0,0,0,0,0,0,0,0,0,0,0,0,0,0,0,0,0,0,0,,,,,,,,,,,,,,,,,,USD,1.0,stock,31.75
2026-02-17,393.08,397.0,375.4,379.17,5481302,474.69674999999995,579.0515,,468.0255236529262,543.7676221747989,592.0967623324809,624.1948613377826,10.408231315200297,-55.39242739670675,-50.14682090847683,-5.245606488229917,1,25.91296428571428,0.5,0.05,5309394.7,4267136.6,1.0323779469625793,1.2845386763573494,2.1227477477477694,3.9318708935312325,13.909999999999968,3.920000000000016,3.7700000000000387,,0,-23.434217805450373,-25.19364664926021,-52.715536566711506,,0,,,-5.065097646469696,-13.332571428571427,-30.464523464578473,569.38,-18.985187593918234,569.38,0,25,20,20,417.90999999999997,514.0550000000001,465.9825,528.2975,379.17,,,,,,383.8566666666666,392.3133333333333,405.45666666666665,413.9133333333333,370.71333333333325,362.2566666666666,349.11333333333323,0,0,0,0,0,0,0,0,0,0,0,0,0,0,0,0,0,0,0,0,0,0,,,,,,,,,,,,,,,,,,USD,1.0,stock,31.75
2026-02-18,380.25,398.13,375.5,389.57,4526896,467.72775,573.5812999999999,,460.5535690193142,537.7206565993166,588.0863313952041,621.8602856030783,15.096194354725426,-54.81283102473833,-51.08002293172913,-3.732808093009197,1,26.411535714285712,0.5,0.05,5005177.2,4314043.05,0.9044427038467289,1.049339551676472,10.244360902255647,6.073022670465575,9.319999999999993,8.560000000000002,4.75,,0,-18.221004959138074,-20.062568986318254,-47.234463639397276,,0,,,2.7428330300392822,-7.551199601319436,-26.35031666509122,569.38,-15.412662889675133,569.38,0,25,20,20,417.90999999999997,509.18,463.54499999999996,528.2975,389.57,,,,,,387.73333333333335,399.9666666666667,410.36333333333334,422.5966666666667,377.3366666666667,365.10333333333335,354.7066666666667,0,0,0,0,0,0,0,0,0,0,0,0,0,0,0,0,0,0,0,0,0,0,,,,,,,,,,,,,,,,,,USD,1.0,stock,31.75
2026-02-19,390.495,390.495,379.16,381.54,2961716,460.55875000000003,567.7395,,453.02846720795094,531.5959249679709,583.9963050309426,619.4690389801622,17.34430461439173,-54.37465345667488,-51.73894903671828,-2.635704419956596,1,23.86546428571428,0.5,0.05,4604250.4,4329946.6,0.6432569349399415,0.6840075117785518,4.697547558843702,5.688218736282372,8.954999999999984,0.0,2.3799999999999955,,0,-18.736821095547235,-20.71047596582272,-48.8020915238245,,0,,,-2.061247015940648,-4.541019289949711,-27.31463842109273,569.38,-15.780126941810039,569.38,0,25,20,20,413.245,506.33,459.7875,528.2975,381.54,,,,,,383.7316666666666,388.3033333333332,395.0666666666666,399.6383333333332,376.96833333333325,372.39666666666665,365.63333333333327,0,0,0,0,0,0,0,0,0,0,0,0,0,0,0,0,0,0,0,0,0,0,,,,,,,,,,,,,,,,,,USD,1.0,stock,31.75
2026-02-20,380.88,392.96,378.88,380.55,4122758,452.20175,562.2257,,446.12575604528894,525.6725553613837,579.9676653273596,617.0917351097129,17.635478755399987,-53.49067213176278,-52.08929365572719,-1.401378476035589,1,24.196428571428566,0.5,0.05,4495397.0,4374670.45,0.9171065425367326,0.9424156738480723,4.048261566433571,6.330056675844305,0.3299999999999841,12.079999999999984,1.670000000000016,,0,-17.23183708981446,-18.828471948495597,-47.74029693864142,,0,,,-0.259474760182421,-4.374811538848123,-30.517263415435746,569.38,-14.698939739904175,569.38,0,25,20,20,413.245,484.03,448.6375,528.2975,380.55,,,,,,384.12999999999994,389.3799999999999,398.2099999999999,403.45999999999987,375.2999999999999,370.04999999999995,361.2199999999999,0,0,0,0,0,0,0,0,0,0,0,0,0,0,0,0,0,0,0,0,0,0,,,,,,,,,,,,,,,,,,USD,1.0,stock,31.75
2026-02-23,374.945,374.945,349.0,359.55,5495864,441.98099999999994,556.3017,,437.8804459457376,519.1579453472118,575.6029590832535,614.529130780263,16.790753371166744,-53.863727536669046,-52.44418043191556,-1.4195471047534838,0,25.307492857142854,0.5,0.05,4680424.6,4485763.15,1.174223381357324,1.2251792652048514,8.71972890321515,5.821846009497474,15.394999999999982,0.0,10.550000000000011,,0,-21.785689318797832,-22.92615769712138,-54.72165206508134,,0,,,-5.518328734726053,-9.977466199298945,-36.24604363745977,569.38,-17.888546216435607,569.38,0,25,20,20,400.04499999999996,460.17,430.10749999999996,515.0975000000001,359.55,,,,,,361.16499999999996,373.3299999999999,387.10999999999996,399.2749999999999,347.38499999999993,335.21999999999997,321.43999999999994,0,0,0,0,0,0,0,0,0,0,0,0,0,0,0,0,0,0,0,0,0,0,,,,,,,,,,,,,,,,,,USD,1.0,stock,31.75
2026-02-24,368.01,372.8399,356.52,358.71,6575962,431.828,550.2273,,430.340403474715,512.8658690590859,571.308049002397,611.9836667923997,23.0554761223906,-53.60918430647695,-52.67718120682784,-0.9320030996491084,1,22.19712857142857,0.5,0.05,4965972.7,4708982.45,1.3242042188431684,1.3964719702873387,8.714772931251103,7.160921133633273,9.300000000000011,4.829900000000009,2.1899999999999977,,0,-19.96888948585627,-20.38359677734103,-53.39056619553401,,0,,,-0.23362536503964693,-5.395996518711932,-36.14646563540239,561.57,-16.64505654043793,561.57,0,25,20,20,385.5,459.19,422.345,515.0975000000001,358.71,,,,,,362.68996666666663,368.8599333333333,379.00986666666665,385.1798333333333,352.54003333333327,346.3700666666666,336.22013333333325,0,0,0,0,0,0,0,0,0,0,0,0,0,0,0,0,0,0,0,0,0,0,,,,,,,,,,,,,,,,,,USD,1.0,stock,30.0
2026-02-25,356.55,381.59,353.53,381.23,5299367,423.61949999999996,544.3317000000001,,425.6632221914088,507.7036781155923,567.5441272399732,609.6876104064057,28.65097779250911,-51.002357738018986,-52.34221651306607,1.3398587750470838,1,21.38855714285714,0.5,0.05,4977513.9,4850969.7,1.064661416616034,1.092434570349924,28.92658409621254,15.453695310226266,24.680000000000007,0.3599999999999568,3.0200000000000387,,0,-11.655227078511341,-11.11914067623218,-42.78301812554102,,0,,,6.278051908226723,-2.1408219318735933,-30.100843417675094,553.0,-10.438586158009304,553.0,0,25,20,20,378.9975,459.19,419.09375,515.0975000000001,381.23,,,,,,372.1166666666666,390.70333333333326,400.1766666666666,418.76333333333326,362.64333333333326,344.0566666666666,334.58333333333326,0,0,0,0,0,0,0,0,0,0,0,0,0,0,0,0,0,0,0,0,0,0,,,,,,,,,,,,,,,,,,USD,1.0,stock,28.5
2026-02-26,388.0,406.87,385.56,394.42,9787160,416.4055,538.8016,,422.68767722079843,503.26118093458865,564.1159267005678,607.5456441337052,36.7947296327702,-47.3265550677113,-51.33908422399512,4.012529156283826,1,21.12855714285714,0.5,0.05,5347332.7,5227259.75,1.8302882107933922,1.8723309091345615,44.49015574493097,27.377170924131537,6.420000000000016,12.449999999999989,2.4399999999999977,,0,-7.166897525682881,-5.574134171695148,-36.60605445971299,,0,,,3.459853631665921,3.375792839545011,-26.782996101726386,513.72,-6.687603813449308,513.72,0,25,20,20,378.19495,459.19,418.692475,515.0975000000001,394.42,,,,,,395.61666666666673,405.67333333333346,416.92666666666673,426.98333333333346,384.36333333333346,374.30666666666673,363.05333333333346,0,0,0,0,0,0,0,0,0,0,0,0,0,0,0,0,0,0,0,0,0,0,,,,,,,,,,,,,,,,,,USD,1.0,stock,25.0
2026-02-27,384.675,409.63,384.675,409.03,8184708,411.70799999999997,533.8901999999999,,421.38694605691285,499.5658405057813,561.0449182510516,605.5703640925738,39.07959260656355,-42.74184864433386,-49.619637108062875,6.8777884637290185,1,21.97605714285714,0.5,0.05,5732403.0,5340724.25,1.4277970338093815,1.5325090038116085,58.80105789009696,44.07259924374682,24.35499999999996,0.6000000000000227,0.0,,0,-3.0210366126965935,-0.654719702711292,-30.525927193604375,,0,,,3.704173216368334,7.483904874523706,-18.678675096425312,506.1065,-2.932446335260688,506.1065,0,25,20,20,379.315,459.19,419.2525,515.0975000000001,409.03,,,,,,401.1116666666667,417.54833333333335,426.06666666666666,442.50333333333333,392.59333333333336,376.1566666666667,367.6383333333334,0,0,0,0,0,0,0,0,0,0,0,0,0,0,0,0,0,0,0,0,0,0,,,,,,,,,,,,,,,,,,USD,1.0,stock,25.0
2026-03-02,402.45,429.63,401.45,419.06,5673360,407.71500000000003,528.8844,,421.16533214673063,496.4087487212409,558.2333357114268,603.7145395742397,44.33730499938582,-37.86264163292043,-47.268238013034384,9.405596380113955,1,23.072485714285712,0.5,0.05,5810909.3,5430118.45,0.9763291263210734,1.0447948884061635,68.62572240180235,57.305645345610095,16.610000000000014,10.569999999999993,1.0,,0,-0.5023939642845014,2.7072495585357634,-26.207321147329743,,0,,,2.4521428746057783,16.551244611319692,-16.006574200272595,502.6151,-0.49988258435220656,502.6151,0,25,20,20,389.315,459.19,424.2525,514.13,419.06,,,,,,416.7133333333333,431.97666666666663,444.8933333333333,460.15666666666664,403.7966666666666,388.5333333333333,375.6166666666666,0,0,0,0,0,0,0,0,0,0,0,0,0,0,0,0,0,0,0,0,0,0,,,,,,,,,,,,,,,,,,USD,1.0,stock,25.0
2026-03-03,414.585,438.5,411.601,433.35,5902615,405.02650000000006,524.3358,,422.3257767041848,493.93585661452556,555.7603983706064,602.0193700262373,53.71428571428573,-32.46847498143785,-44.30828540671508,11.839810425277228,1,22.79884285714286,0.5,0.05,5853040.6,5581217.65,1.0084698541130912,1.0575855252661577,94.24581005586595,73.8908634492551,18.765000000000043,5.149999999999977,2.9839999999999804,,0,2.543953685430992,6.535940925349017,-20.995915541709916,,0,,,3.410012885982927,20.807894956929008,-11.038347840367868,469.99,2.6103600357638235,469.99,0,25,20,20,393.75,459.19,426.47,514.13,433.35,,,,,,427.817,444.033,454.716,470.932,417.134,400.918,390.235,0,0,0,0,0,0,0,0,0,0,0,0,0,0,0,0,0,0,0,0,0,0,,,,,,,,,,,,,,,,,,USD,1.0,stock,25.0
2026-03-04,432.95,442.05,427.15,440.14,4242244,405.329,519.7610000000001,,424.0223693990244,491.8262151786618,553.4708855315845,600.4086300259762,63.84420562666849,-27.33061250541664,-40.912750826455394,13.582138321038755,1,21.74741428571429,0.5,0.05,5824575.4,5414876.3,0.7283353220906025,0.7834424583254099,97.94734013970981,86.93962419912604,7.189999999999998,1.910000000000025,5.800000000000011,,0,3.6619327034524445,7.909074385422815,-18.089925932657813,,0,,,1.5668628129687168,15.45261390761481,1.393720196272663,460.42,3.801127431984175,460.42,0,25,20,20,395.525,455.285,425.405,514.13,440.14,,,,,,436.4466666666667,445.74333333333345,451.34666666666675,460.6433333333335,430.8433333333334,421.5466666666667,415.9433333333334,0,0,0,0,0,0,0,0,0,0,0,0,0,0,0,0,0,0,0,0,0,0,,,,,,,,,,,,,,,,,,USD,1.0,stock,25.0
2026-03-05,439.17,471.38,438.93,466.79,7369492,406.38649999999996,515.6708,,428.0954770753078,490.8444028187143,551.7544323527412,599.0790914187526,70.12455411964214,-20.86783577912746,-36.90376781698981,16.035932037862352,1,22.790628571428574,0.5,0.05,6265353.0,5434801.7,1.176229336160309,1.355981764707257,96.24938715476387,96.14751245011321,27.620000000000005,4.589999999999975,0.2400000000000091,,0,8.289492689366137,12.940187236230438,-10.471689624884844,,0,,,6.054891625391923,18.348461031387853,4.745983304909807,471.38,9.03876004228031,471.38,0,25,20,20,410.19,451.0,430.595,514.13,466.79,,,,,,459.0333333333333,479.1366666666666,491.4833333333333,511.5866666666666,446.6866666666666,426.5833333333333,414.2366666666666,0,0,0,0,0,0,0,0,0,0,0,0,0,0,0,0,0,0,0,0,0,0,,,,,,,,,,,,,,,,,,USD,1.0,stock,27.0
2026-03-06,467.0,483.21,463.6025,481.17,5508923,408.6995,511.7901,,433.15019354432616,490.4650144728824,550.3567208210038,597.9058666285163,72.226148409894,-14.419474118597464,-32.40690907731135,17.987434958713884,1,22.90045714285714,0.5,0.05,6403969.5,5449683.25,0.8602356710162345,1.0108703106735608,98.47999403919233,97.55890711122201,14.170000000000016,2.0399999999999636,3.3974999999999795,,0,9.979800581015827,15.061308892906874,-6.36367603965334,,0,,,3.0806144090490317,17.636848152947238,10.636683451748642,483.21,11.086179152488311,483.21,0,25,20,20,418.37,431.36,424.865,514.13,481.17,,,,,,475.9941666666667,488.3858333333333,495.60166666666663,507.9933333333333,468.77833333333336,456.3866666666667,449.1708333333334,0,0,0,0,0,0,0,0,0,0,0,0,0,0,0,0,0,0,0,0,0,0,,,,,,,,,,,,,,,,,,USD,1.0,stock,27.0
2026-03-09,475.71,481.0,466.1,473.67,3985896,410.19450000000006,507.7807,,437.0092227305808,489.806386454338,548.8381718938552,596.6696888511182,77.5960752248569,-9.801305021389055,-27.88578826612689,18.084483244737836,1,22.262599999999996,0.5,0.05,6252972.7,5466698.65,0.6374401730556092,0.7291230512587336,92.89173683034053,95.8737060080989,2.0399999999999636,5.2900000000000205,7.569999999999993,,0,7.73972961543252,13.40078535689403,-7.201363818692339,,0,,,-1.5587006671238801,13.031546795208326,6.737724496924091,483.21,8.389016835926329,483.21,0,25,20,20,418.37,427.55325,422.961625,514.13,473.67,,,,,,473.59,481.0799999999999,488.48999999999995,495.9799999999999,466.17999999999995,458.69,451.28,0,0,0,0,0,0,0,0,0,0,0,0,0,0,0,0,0,0,0,0,0,0,,,,,,,,,,,,,,,,,,USD,1.0,stock,27.0
2026-03-10,474.01,475.0,448.27,453.95,5013230,411.017,503.3631,,438.62263008957314,488.40025365220714,546.9591981929868,595.2495924446393,67.82984380192755,-7.644490999115874,-23.83752881272469,16.193037813608814,0,22.55545714285714,0.5,0.05,6096699.5,5531336.1,0.8222858941957037,0.9063325586018901,78.19834587586618,89.85669224846635,20.060000000000002,0.9900000000000091,5.680000000000007,,0,3.376444522618538,9.45764952087234,-10.885141535411385,,0,,,-4.163236008191362,4.75366332064151,3.760000000000008,483.21,3.494432083291457,483.21,0,25,20,20,433.9425,425.80755,429.875025,513.7850000000001,453.95,,,,,,459.0733333333333,469.87666666666667,485.80333333333334,496.6066666666667,443.14666666666665,432.3433333333333,416.41666666666663,0,0,0,0,0,0,0,0,0,0,0,0,0,0,0,0,0,0,0,0,0,0,,,,,,,,,,,,,,,,,,USD,1.0,stock,25.0
2026-03-11,458.1,458.4999,435.51,440.45,2867949,411.96999999999997,498.6411,,438.79666531913756,486.51985154819903,544.8501051594624,593.7092979924539,65.83517015214235,-6.944485813584322,-20.45892021289662,13.514434399312297,0,23.38795,0.5,0.05,5853557.7,5415535.8,0.4899497274964933,0.5295780705576723,68.13948289993294,79.74318853537989,17.650000000000034,0.39990000000000236,4.939999999999998,,0,0.375373976810632,6.466114201384951,-13.21173799523215,,0,,,-2.973895803502591,0.07043213522970326,4.523125845416365,483.21,0.3767883421948878,483.21,0,25,20,20,433.9425,416.105,425.02375,513.7850000000001,440.45,,,,,,444.8199666666667,454.1299333333334,467.8098666666667,477.1198333333334,431.14003333333335,421.83006666666665,408.1501333333333,0,0,0,0,0,0,0,0,0,0,0,0,0,0,0,0,0,0,0,0,0,0,,,,,,,,,,,,,,,,,,USD,1.0,stock,25.0
2026-03-12,440.4,450.65,434.43,435.13,3543843,413.742,493.8607,,438.4474590982673,484.50456325219125,542.67742980977,592.1313945298425,64.3375013134391,-6.741296727329313,-17.715395515783158,10.974098788453844,0,23.540807142857144,0.5,0.05,5229226.0,5288279.35,0.6776993382959543,0.6701315807002518,64.17554578645408,70.1711248540844,5.269999999999982,10.25,0.6999999999999886,,0,-0.7624064298640192,4.915312665180515,-13.497276675935929,,0,,,-1.2078556022249942,-6.782493198226192,8.86687182566488,483.21,-0.7566377748180265,483.21,0,25,20,20,442.33,416.105,429.2175,513.7850000000001,435.13,,,,,,440.07,445.71,456.28999999999996,461.92999999999995,429.49,423.85,413.27000000000004,0,0,0,0,0,0,0,0,0,0,0,0,0,0,0,0,0,0,0,0,0,0,,,,,,,,,,,,,,,,,,USD,1.0,stock,25.0
2026-03-13,431.93,441.94,428.99,439.96,2340014,415.842,489.26230000000004,,438.591510612718,482.7577176344583,540.6434212986854,590.6172513006899,73.0837687316989,-6.119979959154307,-15.396312404457388,9.276332445303082,0,22.212235714285715,0.5,0.05,4644756.6,5188579.8,0.5037969050950916,0.4509931600165425,66.64867365823565,66.32123411487423,8.029999999999973,1.9800000000000182,2.9399999999999977,,0,0.31104859243612015,5.481861987453404,-11.206086916992469,,0,,,1.110013099533469,-8.564540598956716,10.553824504975374,483.21,0.3120191235279855,483.21,0,25,20,20,447.40549999999996,416.105,431.75525,513.7850000000001,439.96,,,,,,436.96333333333337,444.9366666666667,449.91333333333336,457.8866666666667,431.98666666666674,424.0133333333334,419.03666666666675,0,0,0,0,0,0,0,0,0,0,0,0,0,0,0,0,0,0,0,0,0,0,,,,,,,,,,,,,,,,,,USD,1.0,stock,27.0
2026-03-16,445.32,455.89,442.11,452.31,3051501,418.4875,485.0600999999999,,439.8980334115068,481.5636894919305,538.8942446393055,589.2410597454591,75.20465316673847,-4.578264770878661,-13.232702877741643,8.654438106862981,0,22.184385714285714,0.5,0.05,4382570.7,5096740.0,0.6962810662700775,0.598716238222864,76.1721159777915,68.99877847416042,6.990000000000009,3.579999999999984,3.2099999999999795,,0,2.744128272311736,7.477725453781696,-7.240631425349853,,0,,,2.80707337030639,-4.509468617391854,13.247371056584889,483.21,2.821555370965326,483.21,0,25,20,20,455.17999999999995,416.105,435.6425,511.635,452.31,,,,,,450.1033333333333,458.0966666666666,463.88333333333327,471.87666666666655,444.3166666666666,436.3233333333333,430.53666666666663,0,0,0,0,0,0,0,0,0,0,0,0,0,0,0,0,0,0,0,0,0,0,,,,,,,,,,,,,,,,,,USD,1.0,stock,27.0
2026-03-17,455.08,474.77,454.5,459.28,2532940,422.49300000000005,481.6565,,441.7439349913633,480.6898193157764,537.3177249434776,587.9479148723699,72.93834126844177,-2.7621829023335636,-11.138598882660029,8.376415980326465,0,21.784385714285712,0.5,0.05,4045603.2,4949321.9,0.6260969933976718,0.5117751585323234,75.7142132237276,72.84500095325158,4.199999999999989,15.490000000000009,0.5799999999999841,,0,3.8181643025249707,8.009710851767968,-4.872082389827561,,0,,,1.5409785324224545,1.1741381209384283,21.12772634965845,483.21,3.9697353193948293,483.21,0,25,20,20,456.1,416.105,436.1025,509.4,459.28,,,,,,462.84999999999997,471.19999999999993,483.11999999999995,491.4699999999999,450.92999999999995,442.58,430.65999999999997,0,0,0,0,0,0,0,0,0,0,0,0,0,0,0,0,0,0,0,0,0,0,,,,,,,,,,,,,,,,,,USD,1.0,stock,27.0
2026-03-18,450.57,458.99,443.29,446.79,2467337,425.354,477.9155,,442.2245126112335,479.3604146367263,535.5250967267751,586.5433585054807,65.45476007790829,-2.304202146039529,-9.371719535335929,7.0675173892964,0,21.095099999999995,0.5,0.05,3868112.5,4846343.95,0.6378658842006276,0.5091130603720357,63.03851423352111,71.64161447834674,3.7799999999999727,8.420000000000016,3.5,,0,1.0218418918880328,4.797779717540687,-6.966471944313881,,0,,,-2.719473959240537,1.43943693949371,14.68798932155968,483.21,1.0323912986660089,483.21,0,25,20,20,456.1,416.105,436.1025,505.495,446.79,,,,,,449.69,456.09,465.39,471.78999999999996,440.39,433.99,424.69,0,0,0,0,0,0,0,0,0,0,0,0,0,0,0,0,0,0,0,0,0,0,,,,,,,,,,,,,,,,,,USD,1.0,stock,25.0
2026-03-19,452.88,470.0,451.54,455.24,2598495,429.03900000000004,474.07629999999995,,443.46408283873507,478.4145160235214,533.9352928311954,585.2368574258242,64.15140564708766,-1.2450525261961047,-7.746386133507965,6.50133360731186,0,20.970457142857136,0.5,0.05,3391012.8,4828182.9,0.7662887618707898,0.5381931575127362,65.79011741682977,68.18094829135948,2.3600000000000136,14.759999999999991,1.339999999999975,,0,2.586749222666054,5.755425709515852,-4.137663649942874,,0,,,1.8912688287562318,4.621607335738753,19.316454369135606,483.21,2.6554387642588937,483.21,0,25,20,20,454.995,416.105,435.55,503.405,455.24,,,,,,458.9266666666667,466.31333333333333,477.38666666666666,484.7733333333333,447.85333333333335,440.4666666666667,429.3933333333334,0,0,0,0,0,0,0,0,0,0,0,0,0,0,0,0,0,0,0,0,0,0,,,,,,,,,,,,,,,,,,USD,1.0,stock,25.0
2026-03-20,444.49,462.859,440.67,455.56,4718502,432.78950000000003,470.16450000000003,,444.61607494933173,477.51826049318726,532.383306834538,583.9465404365125,61.88460536598073,-0.37551874966692367,-6.272212656739757,5.896693907072834,0,20.542528571428562,0.5,0.05,3311970.7,4857970.1,1.4246810818706819,0.9712908689989673,61.38753508637185,63.40538891224091,11.069999999999993,7.298999999999978,3.819999999999993,,0,2.4023015740337756,4.99835367459829,-3.205834577223644,,0,,,0.07029259291801981,3.545776888808083,19.71094468532386,483.21,2.4614326083274056,483.21,0,25,20,20,451.995,416.105,434.05,503.405,455.56,,,,,,453.0296666666666,465.38933333333324,475.2186666666666,487.5783333333332,443.2003333333333,430.84066666666666,421.0113333333333,0,0,0,0,0,0,0,0,0,0,0,0,0,0,0,0,0,0,0,0,0,0,,,,,,,,,,,,,,,,,,USD,1.0,stock,25.0
2026-03-23,456.0,464.99,449.725,457.02,3124701,437.663,466.2499,,445.79740114463345,476.7144071405133,530.8909641249431,582.683589785403,58.40972074184608,0.4264865595757783,-4.93247281347665,5.3589593730524285,0,19.711528571428563,0.5,0.05,3225851.2,4739411.95,0.9686438729721941,0.6593014139655026,53.28219764537996,60.15328338286053,1.0199999999999818,7.970000000000027,6.274999999999977,,0,2.455603443036744,4.235482035797114,-2.019583388035544,,0,,,0.32048467819825177,1.0413212177488917,27.108886107634532,483.21,2.517421327838897,483.21,0,25,20,20,451.88,416.105,433.9925,503.405,457.02,,,,,,457.24500000000006,464.7650000000001,472.51000000000005,480.0300000000001,449.5000000000001,441.9800000000001,434.2350000000001,0,0,0,0,0,0,0,0,0,0,0,0,0,0,0,0,0,0,0,0,0,0,,,,,,,,,,,,,,,,,,USD,1.0,stock,25.0
2026-03-24,451.37,452.85,431.2,432.45,2824600,441.35,461.9609,,444.52622008323976,474.97854803696373,528.941638102667,581.1887281954986,47.5742855340357,-0.9100219481067597,-4.1279826404026725,3.2179606922959128,0,20.491528571428557,0.5,0.05,3006988.2,4551843.85,0.9393452225718744,0.6205397401758411,6.381409074142349,40.35038060196472,18.920000000000016,1.4800000000000182,1.25,,0,-2.7925124484309807,-2.0580413920684553,-6.824118395190195,,0,,,-5.376132335565186,-5.841752307960279,20.5569959019821,483.21,-2.7166496682644374,483.21,0,25,20,20,451.88,416.105,433.9925,503.405,432.45,,,,,,438.8333333333333,446.46666666666664,460.48333333333335,468.1166666666667,424.8166666666666,417.1833333333333,403.1666666666666,0,0,0,0,0,0,0,0,0,0,0,0,0,0,0,0,0,0,0,0,0,0,,,,,,,,,,,,,,,,,,USD,1.0,stock,25.0
2026-03-25,438.26,442.5,417.2101,426.86,2212571,443.63149999999996,457.7893,,442.843722932455,473.09154615316123,526.9202195263765,579.6531189597225,35.47471807930155,-2.3926993037200646,-3.780925973066151,1.3882266693460865,0,19.980092857142843,0.5,0.05,2941450.4,4397504.05,0.7522040827205517,0.503142458731789,14.621082759216312,24.761563159579538,11.399999999999977,4.240000000000009,9.649900000000002,,0,-3.7444883410146206,-3.9290399662652735,-7.245771447312939,,0,,,-1.2926349867036557,-4.460708610309094,11.969152480130107,483.21,-3.6093371328858,483.21,0,25,20,20,445.99005,416.105,431.047525,500.855,426.86,,,,,,428.8567,440.50329999999997,454.1466,465.79319999999996,415.2134,403.5668,389.9235,0,0,0,0,0,0,0,0,0,0,0,0,0,0,0,0,0,0,0,0,0,0,,,,,,,,,,,,,,,,,,USD,1.0,stock,25.0
2026-03-26,423.795,443.615,423.795,432.55,2192859,445.5379999999999,454.33469999999994,,441.8633683674593,471.5016815981353,525.0515023080325,578.1894063332577,31.11991301646472,-3.07317074411543,-3.639374927276007,0.5662041831605773,0,19.995271428571417,0.5,0.05,2806352.0,4017789.0,0.7813912866240585,0.5457874965559416,24.047537306062562,15.016676379807075,8.754999999999995,11.064999999999998,0.0,,0,-2.1531310524700737,-3.0026586521789125,-5.036342619350348,,0,,,1.332989739024515,-4.984184166593442,9.667359667359676,483.21,-2.1077484657461323,483.21,0,25,20,20,445.99005,416.105,431.047525,495.98,432.55,,,,,,433.32,442.84499999999997,453.14,462.66499999999996,423.025,413.5,403.205,0,0,0,0,0,0,0,0,0,0,0,0,0,0,0,0,0,0,0,0,0,0,,,,,,,,,,,,,,,,,,USD,1.0,stock,25.0
2026-03-27,426.49,427.47,409.5001,416.44,2649855,445.9085,451.3315,,439.44209518960605,469.34239996683584,522.9007794900517,576.5799595040711,29.16939652034648,-4.8564099553184406,-3.882781932884494,-0.9736280224339464,0,20.565264285714278,0.5,0.05,2837336.1,3741046.35,0.9339235489232312,0.7083192112816245,10.595283351577667,16.42130113895218,10.050000000000011,0.9800000000000182,6.939900000000023,,0,-5.523507633658163,-7.076289501488811,-8.378517913745078,,0,,,-3.7244249219743453,-8.587233295284925,1.8116030609001799,483.21,-5.23438592738398,483.21,0,25,20,20,442.13505,416.105,429.120025,493.13,416.44,,,,,,417.8033666666667,426.10663333333343,435.77326666666676,444.0765333333335,408.1367333333334,399.83346666666665,390.16683333333333,0,0,0,0,0,0,0,0,0,0,0,0,0,0,0,0,0,0,0,0,0,0,,,,,,,,,,,,,,,,,,USD,1.0,stock,27.0
2026-03-30,419.39,432.29,418.3996,429.03,2296690,446.40700000000004,448.8205,,438.45046707631025,467.76152153676384,521.041952173417,575.1118007030357,40.43304668304666,-5.193860505915495,-4.144997647490694,-1.0488628584248012,0,19.788121428571422,0.5,0.05,2761855.0,3572212.85,0.8315751551040876,0.6429320134157179,29.921755663789888,21.521525440476704,9.639999999999986,3.2600000000000477,0.9903999999999655,,0,-2.1957595217840886,-4.050299512854594,-4.612847586415871,,0,,,3.02324464508692,-6.1244584482079585,2.3791342528516113,483.21,-2.148581831632691,483.21,0,25,20,20,439.75005,416.105,427.927525,470.83,429.03,,,,,,426.5732,434.74679999999995,440.4636,448.63719999999995,420.85639999999995,412.6828,406.96599999999995,0,0,0,0,0,0,0,0,0,0,0,0,0,0,0,0,0,0,0,0,0,0,,,,,,,,,,,,,,,,,,USD,1.0,stock,25.0
2026-03-31,428.235,435.41,420.69,432.38,3293289,446.3585,446.56230000000005,,437.87232735475686,466.3740108882633,519.2862699521612,573.6915837806174,46.64001998501124,-5.131819079677712,-4.342361933928098,-0.7894571457496138,1,19.197414285714277,0.5,0.05,2837889.9,3441746.55,1.1604710246158598,0.9568656355593645,35.05428995601344,25.19044299046033,4.144999999999982,3.0300000000000296,7.545000000000016,,0,-1.270254719172225,-3.232920116564133,-3.280054581618034,,0,,,0.780831177306962,-0.016186842409526836,-0.2238375447098262,483.21,-1.2543216393547234,483.21,0,25,20,20,439.75005,418.37,429.060025,460.17,432.38,,,,,,429.49333333333334,438.2966666666667,444.21333333333337,453.0166666666667,423.57666666666665,414.7733333333333,408.8566666666666,0,0,0,0,0,0,0,0,0,0,0,0,0,0,0,0,0,0,0,0,0,0,,,,,,,,,,,,,,,,,,USD,1.0,stock,25.0
2026-04-01,431.255,431.62,413.75,425.87,2743553,445.645,444.5007,,436.7292485590657,464.7856183044098,517.4364428243956,572.220722250462,46.18238786279683,-5.544045095250112,-4.5826985661925015,-0.9613465290576109,0,19.369557142857136,0.5,0.05,2865511.5,3366812.0,0.9574391866862164,0.8148815556080945,25.08032033142387,30.018788650409068,5.384999999999991,0.3650000000000091,12.120000000000005,,0,-2.549897517802543,-4.643435790264629,-4.374738770047195,,0,,,-1.5056200564318445,-0.23192615845945008,-3.2421502249284306,483.21,-2.4864944573541714,483.21,0,25,20,20,437.24505,418.37,427.807525,459.19,425.87,,,,,,423.74666666666667,433.74333333333334,441.6166666666667,451.61333333333334,415.87333333333333,405.87666666666667,398.00333333333333,0,0,0,0,0,0,0,0,0,0,0,0,0,0,0,0,0,0,0,0,0,0,,,,,,,,,,,,,,,,,,USD,1.0,stock,25.0
2026-04-02,430.94,436.59,420.49,422.48,2554759,443.4295,442.45189999999997,,435.3721772677261,463.1265744493349,515.5561172239126,570.7307648151341,42.70694259012017,-6.0742615451116535,-4.881011161976332,-1.1932503831353216,0,19.594557142857134,0.5,0.05,2861137.9,3126075.35,0.8929171152498452,0.8172416573388098,19.886502047651433,26.67370411169625,8.45999999999998,5.649999999999977,1.990000000000009,,0,-3.0515473555496313,-4.9586962696459,-4.72730070062487,,0,,,-0.7960175640453593,-2.328054560166448,-9.492491270164315,483.21,-2.96118538135206,483.21,0,25,20,20,437.24505,433.9425,435.593775,459.19,422.48,,,,,,426.52,432.54999999999995,442.61999999999995,448.6499999999999,416.45,410.42,400.35,0,0,0,0,0,0,0,0,0,0,0,0,0,0,0,0,0,0,0,0,0,0,,,,,,,,,,,,,,,,,,USD,1.0,stock,25.0
2026-04-06,419.92,422.62,411.2,417.36,2182684,440.23900000000003,439.8453,,433.65673181365696,461.3318068238708,513.6116396551222,569.204687553292,34.48183997868749,-6.828883988221207,-5.270585727225307,-1.5582982609959002,0,19.27241428571428,0.5,0.05,2607556.1,2959763.4,0.8370611853758391,0.7374521895905599,12.042151129387417,19.002991169487572,2.5600000000000023,2.6999999999999886,6.160000000000025,,0,-3.904718184219127,-5.4818382211999275,-5.387507188039101,,0,,,-1.2118916871804553,0.22092018057824347,-13.261425275890016,481.0,-3.7579796687347815,481.0,0,25,20,20,431.17505,433.9425,432.55877499999997,459.19,417.36,,,,,,417.05999999999995,422.9199999999999,428.47999999999996,434.3399999999999,411.4999999999999,405.63999999999993,400.07999999999987,0,0,0,0,0,0,0,0,0,0,0,0,0,0,0,0,0,0,0,0,0,0,,,,,,,,,,,,,,,,,,USD,1.0,stock,25.0
2026-04-07,413.62,418.96,407.51,410.24,2154140,437.0675,436.7708,,431.42656687902297,459.328206556268,511.5646764936346,567.6229493686822,28.254700248315004,-7.910267566290315,-5.798522095038309,-2.1117454712520063,0,18.485985714285707,0.5,0.05,2510500.0,2868175.6,0.8580521808404701,0.751048854888801,4.3686989918387225,12.099117389625858,3.3799999999999955,5.339999999999975,2.730000000000018,,0,-5.1644322540520085,-6.5394647035881395,-6.467141185647425,,0,,,-1.705961280429369,-4.379647110924633,-13.391179513163177,475.0,-4.9108164646160795,475.0,0,25,20,20,425.5625,442.33,433.94624999999996,459.19,410.24,,,,,,412.2366666666667,416.96333333333337,423.68666666666667,428.41333333333336,405.5133333333334,400.7866666666667,394.0633333333334,0,0,0,0,0,0,0,0,0,0,0,0,0,0,0,0,0,0,0,0,0,0,,,,,,,,,,,,,,,,,,USD,1.0,stock,27.0
2026-04-08,416.795,417.2,386.21,389.51,4716210,433.8455,433.32559999999995,,427.4345128905446,456.59023767170845,509.14775220663194,565.85068121576,26.33057851239667,-10.32103512670011,-6.703024701370669,-3.618010425329441,0,19.557414285714284,0.5,0.05,2699661.0,2853324.6,1.7469637854530624,1.6528823955045282,3.9384174722520715,6.78308919782607,27.285000000000025,0.4049999999999727,3.3000000000000114,,0,-9.736467071588569,-11.382377859361767,-11.248902467202372,,0,,,-5.053139625585024,-9.91488968037375,-14.195395968719026,474.77,-8.87259024407703,474.77,0,25,20,20,414.9125,434.71,424.81125,459.19,389.51,,,,,,397.64000000000004,409.0700000000001,428.63000000000005,440.0600000000001,378.0800000000001,366.65000000000003,347.0900000000001,0,0,0,0,0,0,0,0,0,0,0,0,0,0,0,0,0,0,0,0,0,0,,,,,,,,,,,,,,,,,,USD,1.0,stock,27.0
2026-04-09,380.2,382.026,354.55,361.69,7471788,429.90749999999997,429.65139999999997,,421.1731307104927,452.8686597237983,506.2277967173917,563.8192316514242,16.677352710693157,-14.311453755206912,-8.224710512137918,-6.0867432430689945,0,20.3967,0.5,0.05,3225582.7,3083516.55,2.316414953490419,2.4231386077691073,6.465048895327768,4.924055119806187,18.50999999999999,1.8260000000000218,7.139999999999986,,0,-16.445887558542598,-18.860764743288446,-18.789958251541368,,0,,,-7.142307001103953,-15.070326625496044,-17.881711885571573,474.77,-14.123201689088857,474.77,0,25,20,20,395.57,418.88,407.225,459.19,361.69,,,,,,366.0886666666667,377.6273333333334,393.5646666666667,405.1033333333334,350.1513333333334,338.6126666666667,322.6753333333334,0,0,0,0,0,0,0,0,0,0,0,0,0,0,0,0,0,0,0,0,0,0,,,,,,,,,,,,,,,,,,USD,1.0,stock,31.75
2026-04-10,359.785,360.4,342.105,350.94,7791232,425.69800000000004,425.8962,,414.4842611190172,448.8714573816886,503.1527908417998,561.7010303414597,15.311671087533142,-18.1323064840347,-10.206229706517275,-7.926076777517425,0,20.2107,0.5,0.05,3785420.0,3295886.0,2.0582212805976616,2.3639264222124186,7.189648858689002,5.864371742089613,8.845000000000027,0.6149999999999523,8.83499999999998,,0,-18.10687328860125,-21.302216903174344,-21.358693793810914,,0,,,-2.9721584782548605,-16.93334595720508,-19.348240755636247,474.77,-15.330922565663062,474.77,0,25,20,20,389.34749999999997,412.6575,401.0025,451.83750000000003,350.94,,,,,,351.1483333333333,360.1916666666666,369.44333333333327,378.48666666666657,341.89666666666665,332.85333333333335,323.6016666666667,0,0,0,0,0,0,0,0,0,0,0,0,0,0,0,0,0,0,0,0,0,0,,,,,,,,,,,,,,,,,,USD,1.0,stock,31.75
2026-04-13,354.5,370.45,352.01,369.44,3483678,422.172,423.22540000000004,,410.19433148863465,445.7564982686812,500.50501280532853,559.7879852634353,23.909675881792182,-19.443432622187117,-12.053670289651244,-7.389762332535874,1,20.513914285714286,0.5,0.05,3868802.3,3353069.2,0.9004538691470485,1.0389520144708018,24.682829924601545,12.779175892872772,14.939999999999998,1.009999999999991,2.490000000000009,,0,-11.031380329318603,-14.273495019488964,-14.55862927674319,,0,,,5.271556391405929,-11.481694460417868,-16.028729884534954,474.77,-9.935371690957616,474.77,0,25,20,20,389.34749999999997,412.6575,401.0025,447.5525,369.44,,,,,,363.9666666666667,375.9233333333334,382.4066666666667,394.3633333333334,357.4833333333334,345.5266666666667,339.0433333333334,0,0,0,0,0,0,0,0,0,0,0,0,0,0,0,0,0,0,0,0,0,0,,,,,,,,,,,,,,,,,,USD,1.0,stock,28.5
2026-04-14,373.63,378.4698,364.33,366.8,2483247,417.8965,420.58299999999997,,406.0615380135266,442.6601650032427,497.85738878938145,557.8677068031027,27.503255431430347,-20.459688911369994,-13.734874013994993,-6.724814897375001,1,19.679614285714287,0.5,0.05,3887458.0,3324656.5,0.6387842646788724,0.7469183658522317,24.32765244803467,18.733377077108404,6.829999999999984,4.839800000000025,2.4700000000000273,,0,-10.703799894636479,-13.93034351145038,-14.662758996728451,,0,,,-0.7145950627977404,-10.588923556942277,-18.90517565386571,474.77,-9.668864036125168,474.77,0,25,20,20,389.34749999999997,411.5525,400.45,427.9125,366.8,,,,,,369.8666,375.4032,384.00640000000004,389.54300000000006,361.2634,355.72679999999997,347.12359999999995,0,0,0,0,0,0,0,0,0,0,0,0,0,0,0,0,0,0,0,0,0,0,,,,,,,,,,,,,,,,,,USD,1.0,stock,28.5
2026-04-15,375.0,392.05,372.76,389.72,3352802,414.41850000000005,418.635,,404.5052010598574,440.58408010115477,495.71605435790855,556.1945952926241,38.62411173731929,-19.19436618738075,-14.826772448672145,-4.367593738708607,1,19.676764285714288,0.5,0.05,3893409.3,3365649.6,0.8611480945504497,0.9961827279940253,46.90670869865039,31.9723970237622,14.720000000000027,2.329999999999984,2.240000000000009,,0,-3.7938009493629785,-6.337498717027615,-7.419429333880726,,0,,,6.248636859323886,0.05391389181279571,-15.145445044417338,470.0,-3.6551324979550834,470.0,0,25,20,20,389.34749999999997,408.5525,398.95,424.10575,389.72,,,,,,384.8433333333333,396.9266666666666,404.1333333333333,416.21666666666664,377.6366666666666,365.5533333333333,358.3466666666666,0,0,0,0,0,0,0,0,0,0,0,0,0,0,0,0,0,0,0,0,0,0,,,,,,,,,,,,,,,,,,USD,1.0,stock,25.0
2026-04-16,400.5,405.0,385.7,387.11,2675492,411.4345,417.6954,,402.8485152446329,438.4870573520899,493.56543942012814,554.5121615086179,35.81418581418582,-18.192482387248106,-15.499914436387337,-2.6925679508607683,1,19.639621428571434,0.5,0.05,3886603.2,3376057.35,0.6883882563571192,0.7924900920299828,47.63189924326615,39.6220867966504,13.389999999999986,4.5,1.410000000000025,,0,-4.065644195353486,-6.283614476505386,-7.90095838392188,,0,,,-0.6697115878066318,7.028118001603589,-13.35750576333401,470.0,-3.9068073107022734,470.0,0,25,20,20,382.3625,408.4375,395.4,422.36005,387.11,,,,,,392.6033333333333,399.5066666666666,411.9033333333333,418.8066666666666,380.2066666666666,373.3033333333333,360.9066666666666,0,0,0,0,0,0,0,0,0,0,0,0,0,0,0,0,0,0,0,0,0,0,,,,,,,,,,,,,,,,,,USD,1.0,stock,25.0
2026-04-17,396.25,399.2,389.21,393.25,3186310,408.33500000000004,416.6476,,401.9343709356202,436.71305510298833,491.5789950751751,552.9075628866416,42.279778946667555,-16.710408385580138,-15.742013226225898,-0.9683951593542393,1,18.856771428571427,0.5,0.05,3949758.3,3405448.1,0.8067101219839199,0.9356507297820806,54.13028523045987,49.55629772412547,3.0,2.9499999999999886,4.0400000000000205,,0,-2.2083587884603237,-3.835982199618573,-5.949802924348382,,0,,,1.5861124744904531,12.056191941642446,-13.616993234337937,464.99,-2.1606440164360166,464.99,0,25,20,20,380.5325,408.4375,394.485,412.6575,393.25,,,,,,393.8866666666666,398.5633333333332,403.8766666666666,408.5533333333332,388.5733333333332,383.8966666666666,378.5833333333332,0,0,0,0,0,0,0,0,0,0,0,0,0,0,0,0,0,0,0,0,0,0,,,,,,,,,,,,,,,,,,USD,1.0,stock,25.0
2026-04-20,393.9,404.87,391.91,404.83,2814307,405.7985,416.046,,402.21014513222786,435.4627392165967,489.8611931924984,551.4341543007048,41.888993162622334,-14.43504660779945,-15.48061990254061,1.0455732947411605,1,18.650342857142853,0.5,0.05,4012920.6,3310238.35,0.7013114089523724,0.8501825857947661,66.3861988675451,56.04946111375705,10.930000000000007,0.040000000000020464,1.9899999999999523,,0,0.6471493880819403,-0.23923622261196203,-2.770545661141716,,0,,,2.9446916719644056,9.579363360762239,-11.13574501712179,464.99,0.6513646906919351,464.99,0,25,20,20,379.65250000000003,408.4375,394.045,412.6575,404.83,,,,,,400.53666666666663,409.16333333333324,413.4966666666666,422.1233333333332,396.20333333333326,387.57666666666665,383.2433333333333,0,0,0,0,0,0,0,0,0,0,0,0,0,0,0,0,0,0,0,0,0,0,,,,,,,,,,,,,,,,,,USD,1.0,stock,25.0
2026-04-21,407.82,419.0,400.671,404.85,3137685,403.19,415.2676,,402.46155988153953,434.26223963947524,488.1778032282905,549.9756055016928,40.56222146040453,-12.486258359022031,-14.881747593836895,2.395489234814864,1,18.908128571428566,0.5,0.05,4111275.1,3310887.55,0.7631902326360986,0.9476869729387216,66.40736624861093,62.30795011553863,2.9699999999999704,11.180000000000007,4.1790000000000305,,0,0.5899568033742112,0.4100284055823206,-2.573199950598985,,0,,,0.0049403453301399836,10.373500545256276,-11.415255349875276,452.85,0.593457948919024,452.85,0,25,20,20,380.5525,408.4375,394.495,412.6575,404.85,,,,,,408.17366666666675,415.6763333333335,426.50266666666676,434.0053333333335,397.3473333333335,389.84466666666674,379.0183333333335,0,0,0,0,0,0,0,0,0,0,0,0,0,0,0,0,0,0,0,0,0,0,,,,,,,,,,,,,,,,,,USD,1.0,stock,25.0
2026-04-22,405.51,413.78,402.72,408.68,3354328,402.00149999999996,414.69120000000004,,403.05379227377387,433.25901455557425,486.6035893029778,548.5696790787904,43.99664734232032,-10.511609350902745,-14.007719945250066,3.4961105943473214,1,18.36741428571428,0.5,0.05,3975086.9,3337373.95,0.8438376529579769,1.0050800570310678,70.46091972270733,67.75149494628779,3.170000000000016,5.099999999999966,2.7899999999999636,,0,1.3766780185539154,1.6341636488206035,-1.4708818635607397,,0,,,0.9460293936025543,4.865031304526313,-5.496589201063706,443.615,1.3958949981556172,443.615,0,25,20,20,380.5525,408.4375,394.495,412.6575,408.68,,,,,,408.3933333333334,414.0666666666667,419.4533333333333,425.12666666666667,403.0066666666668,397.3333333333334,391.94666666666683,0,0,0,0,0,0,0,0,0,0,0,0,0,0,0,0,0,0,0,0,0,0,,,,,,,,,,,,,,,,,,USD,1.0,stock,25.0
2026-04-23,384.995,385.82,373.955,383.3,3900231,399.8235,413.92940000000004,,401.1724787238906,431.2998375141792,484.5579736732159,546.925204660096,38.13877452167595,-10.869344636838832,-13.380044883567821,2.510700246728989,0,19.697771428571425,0.5,0.05,3617931.2,3421756.95,1.0780279624996738,1.1398328569187242,51.164379308203436,62.677555093173886,1.6949999999999932,0.8249999999999886,9.345000000000027,,0,-4.662791214163995,-4.3108531176624085,-7.990973128098104,,0,,,-6.21023783889596,-0.9842163726072717,-10.204750972215715,443.615,-4.455061020322741,443.615,0,25,20,20,385.505,406.0525,395.77875,412.6575,383.3,,,,,,381.02500000000003,388.0950000000001,392.89000000000004,399.9600000000001,376.2300000000001,369.16,364.36500000000007,0,0,0,0,0,0,0,0,0,0,0,0,0,0,0,0,0,0,0,0,0,0,,,,,,,,,,,,,,,,,,USD,1.0,stock,25.0
2026-04-24,381.87,396.73,381.0,395.95,2336153,397.9935,413.8546,,400.6750997978058,429.91356937636823,482.80336033315217,545.422963817707,43.80103074874051,-10.016637585799174,-12.707363424014094,2.69072583821492,1,20.005628571428566,0.5,0.05,3072423.3,3428921.65,0.7603616988583572,0.6813083641033326,70.02405878145521,63.883119270788654,14.079999999999984,0.7800000000000296,0.8700000000000045,,0,-1.1933576961247119,-0.5161005177421377,-4.521934587700471,,0,,,3.300286981476641,0.6865861411315954,-8.461449543405397,436.59,-1.17928461244291,436.59,0,25,20,20,391.66499999999996,406.0525,398.85875,412.6575,395.95,,,,,,391.2266666666667,401.4533333333334,406.9566666666667,417.1833333333334,385.72333333333336,375.49666666666667,369.99333333333334,0,0,0,0,0,0,0,0,0,0,0,0,0,0,0,0,0,0,0,0,0,0,,,,,,,,,,,,,,,,,,USD,1.0,stock,25.0
2026-04-27,390.05,398.99,384.675,389.92,2380837,396.6675,413.69379999999995,,399.65080457896715,428.34519410670674,480.96408587110955,543.8756706453916,44.07925407925408,-9.715438185858659,-12.108978376383009,2.39354019052435,0,20.210271428571424,0.5,0.05,2962139.2,3415470.75,0.8037559477285875,0.6970743344822965,62.18219650172314,61.12354486379393,0.12999999999999545,8.939999999999998,5.2450000000000045,,0,-2.4955900130711783,-1.7304831760361103,-6.097096840377497,,0,,,-1.522919560550573,-3.683027443618303,-6.368264335798668,436.59,-2.4348267205963863,436.59,0,25,20,20,395.88,403.5475,399.71375,412.6575,389.92,,,,,,391.195,397.715,405.51,412.03,383.4,376.88,369.085,0,0,0,0,0,0,0,0,0,0,0,0,0,0,0,0,0,0,0,0,0,0,,,,,,,,,,,,,,,,,,USD,1.0,stock,25.0
2026-04-28,398.0,404.21,396.6,400.38,2225088,395.235,413.71340000000004,,399.72025176192267,427.2485198280124,479.36836139841427,542.4478530270295,53.36887125767062,-8.534322551308605,-11.394047211368129,2.8597246600595234,1,19.017414285714278,0.5,0.05,2936323.3,3411890.65,0.7577803166293031,0.6521568913704782,75.78516158397815,69.33047228905217,2.3799999999999955,3.829999999999984,1.3999999999999773,,0,0.16478051802720595,1.2850292222388684,-3.3301863229931663,,0,,,2.6826015592942065,-1.1041126343090069,-6.677854695475838,436.59,0.16505249237916514,436.59,0,25,20,20,396.47749999999996,403.5475,400.0125,412.6575,400.38,,,,,,400.3966666666667,404.1933333333334,408.00666666666666,411.80333333333334,396.5833333333334,392.78666666666675,388.97333333333347,0,0,0,0,0,0,0,0,0,0,0,0,0,0,0,0,0,0,0,0,0,0,,,,,,,,,,,,,,,,,,USD,1.0,stock,25.0
2026-04-29,396.69,396.9,389.005,395.08,1885041,393.37,414.03159999999997,,399.27832302269195,425.9870092465217,477.69928493507933,540.9815062307407,62.02723146747353,-7.934481839894147,-10.702134137073333,2.767652297179186,0,17.332771428571423,0.5,0.05,2789547.2,3341478.25,0.6757516058520178,0.5641338530334591,68.8926458157227,68.95333463380798,1.6100000000000136,0.20999999999997954,6.074999999999989,,0,-1.0626513674931573,0.43282373190239437,-4.7969018932874326,,0,,,-1.3237424446775559,-3.327787021630624,-8.6266709838568,436.59,-1.0514778240173497,436.59,0,25,20,20,396.47749999999996,397.4775,396.97749999999996,412.6575,395.08,,,,,,393.66166666666663,398.31833333333327,401.5566666666666,406.21333333333325,390.4233333333333,385.76666666666665,382.5283333333333,0,0,0,0,0,0,0,0,0,0,0,0,0,0,0,0,0,0,0,0,0,0,,,,,,,,,,,,,,,,,,USD,1.0,stock,25.0
2026-04-30,382.0,390.19,380.0,388.5,2450904,391.50149999999996,414.01019999999994,,398.2518160681499,424.5169304525405,475.93296246111737,539.464277313022,63.94830659536543,-7.8990000079894,-10.141507311256547,2.2425073032671463,0,17.01098571428571,0.5,0.05,2767088.4,3326845.8,0.8857338999361206,0.7367050195112741,54.470816539782064,66.3828746464943,6.5,1.6899999999999977,2.0,,0,-2.510119966061745,-0.7725868725868634,-6.566332046332031,,0,,,-1.6654854712969458,1.3566397078006665,-8.774978279756729,436.59,-2.4486557687112023,436.59,0,25,20,20,396.47749999999996,392.86,394.66875,412.6575,388.5,,,,,,386.23,392.46000000000004,396.42,402.65000000000003,382.27000000000004,376.04,372.08000000000004,0,0,0,0,0,0,0,0,0,0,0,0,0,0,0,0,0,0,0,0,0,0,,,,,,,,,,,,,,,,,,USD,1.0,stock,25.0
2026-05-01,402.2,408.42,386.78,399.04,2102005,390.3295,414.36019999999996,,398.32688120451655,423.5178351406762,474.4103295410953,538.0670208223452,61.68298073886961,-6.940386037032738,-9.501283056411786,2.5608970193790483,1,17.16312857142857,0.5,0.05,2658657.9,3304208.1,0.7906263532438679,0.6361599924653656,63.490031095664946,62.28449781705657,3.159999999999968,6.220000000000027,12.260000000000048,,0,0.17870859950969006,2.1828638732959162,-3.8392642341619743,,0,,,2.7129987129987265,0.7804015658542829,-5.548191630373034,422.62,0.17902853890428858,422.62,0,25,20,20,396.47749999999996,392.86,394.66875,412.6575,399.04,,,,,,398.08,409.38,419.72,431.02000000000004,387.73999999999995,376.43999999999994,366.0999999999999,0,0,0,0,0,0,0,0,0,0,0,0,0,0,0,0,0,0,0,0,0,0,,,,,,,,,,,,,,,,,,USD,1.0,stock,25.0
2026-05-04,400.255,418.15,399.4,406.99,2379732,389.81100000000004,414.889,,399.1519401374198,422.8696847430026,473.07527351057854,536.7627718589388,65.22463823016895,-5.476054452527933,-8.696237335635017,3.220182883107084,1,17.518142857142852,0.5,0.05,2615200.4,3314060.5,0.9099616228263043,0.7180713810143177,74.02681660899657,63.99588808148119,6.735000000000014,11.159999999999968,0.8550000000000182,,0,1.9258605524902879,4.220988230669052,-1.9408339271235167,,0,,,1.992281475541291,4.377821091505951,-2.484665516580409,419.0,1.963678257427921,419.0,0,25,20,20,396.0525,389.34749999999997,392.7,412.6575,406.99,,,,,,408.18,416.96000000000004,426.93,435.71000000000004,398.21000000000004,389.43,379.46000000000004,0,0,0,0,0,0,0,0,0,0,0,0,0,0,0,0,0,0,0,0,0,0,,,,,,,,,,,,,,,,,,USD,1.0,stock,25.0
2026-05-05,404.625,404.625,390.34,398.32,2078419,389.21500000000003,415.6644,,399.0727077433798,421.9069520079829,471.5949710648245,535.3852318404419,53.65211482928485,-4.958004869767478,-7.94859084246151,2.9905859726940314,0,16.903857142857138,0.5,0.05,2509273.8,3310274.45,0.82829502304611,0.6278690880147415,54.09035409035409,63.86906726500521,6.305000000000007,0.0,7.980000000000018,,0,-0.18897061241710214,2.2858505724040876,-4.354388431411932,,0,,,-2.1302734710926585,-0.5145112143463693,-2.905616224648988,419.0,-0.1886141870327608,419.0,0,25,20,20,396.0525,389.34749999999997,392.7,412.6575,398.32,,,,,,397.7616666666666,405.1833333333332,412.0466666666666,419.46833333333325,390.8983333333332,383.4766666666666,376.6133333333332,0,0,0,0,0,0,0,0,0,0,0,0,0,0,0,0,0,0,0,0,0,0,,,,,,,,,,,,,,,,,,USD,1.0,stock,25.0
2026-05-06,390.0,398.2765,381.51,388.55,2247680,389.16700000000003,416.26120000000003,,398.07054510115313,420.598836242964,469.9505161922537,533.9241847574524,50.576461168935154,-5.274997306410739,-7.413872135251356,2.138874828840617,0,16.725999999999996,0.5,0.05,2398609.0,3186847.95,0.9370764472242037,0.7052987890432614,32.40093240093245,53.506034366761035,1.4499999999999886,8.276499999999999,7.0400000000000205,,0,-2.4502754088671,-0.15879552181186943,-7.13195212971304,,0,,,-2.452801767423174,-1.6528298066214364,-0.2464635054298947,419.0,-2.391672837470018,419.0,0,25,20,20,399.075,389.34749999999997,394.21124999999995,412.6575,388.55,,,,,,389.4455,397.381,406.212,414.1475,380.61449999999996,372.679,363.84799999999996,0,0,0,0,0,0,0,0,0,0,0,0,0,0,0,0,0,0,0,0,0,0,,,,,,,,,,,,,,,,,,USD,1.0,stock,25.0
2026-05-07,395.38,411.8,395.0,406.78,2200436,391.42150000000004,416.77219999999994,,398.9000169962814,420.0569210961811,468.69961488151597,532.659068491209,54.938316665450024,-4.008994260402972,-6.73289656028168,2.7239022998787084,1,17.523142857142854,0.5,0.05,2228629.5,2923280.35,0.9873494001582587,0.7527283519009731,72.87157287157282,53.12095312095312,11.399999999999977,5.020000000000039,0.37999999999999545,,0,1.9371608741134188,3.775628103643231,-2.4564137863218374,,0,,,4.6918028567751735,4.705276705276695,12.466476817163862,419.0,1.9754280942515035,419.0,0,25,20,20,399.075,389.34749999999997,394.21124999999995,412.6575,406.78,,,,,,404.52666666666664,414.0533333333333,421.32666666666665,430.8533333333333,397.2533333333333,387.72666666666663,380.45333333333326,0,0,0,0,0,0,0,0,0,0,0,0,0,0,0,0,0,0,0,0,0,0,,,,,,,,,,,,,,,,,,USD,1.0,stock,25.0
2026-05-08,395.54,399.71,385.2,396.31,2348472,393.69,416.81,,398.6533487109213,419.12566928848776,467.2661571610899,531.3023613420428,46.86488077715632,-3.806638662984824,-6.147644980822309,2.3410063178374854,0,18.13885714285714,0.5,0.05,2229861.4,2651142.35,1.0531919158742333,0.8858339877524871,49.62814962814965,51.63355163355164,0.7699999999999818,3.3999999999999773,10.340000000000032,,0,-0.5912918450004554,0.6610986349070184,-5.172718326562539,,0,,,-2.573872855105952,-0.6841419406575788,12.928135863680401,419.0,-0.5878161361239577,419.0,0,25,20,20,399.075,389.34749999999997,394.21124999999995,412.6575,396.31,,,,,,393.74,402.28000000000003,408.25,416.79,387.77000000000004,379.23,373.26000000000005,0,0,0,0,0,0,0,0,0,0,0,0,0,0,0,0,0,0,0,0,0,0,,,,,,,,,,,,,,,,,,USD,1.0,stock,25.0
2026-05-11,392.52,400.08,389.0001,393.29,1622467,394.8825,416.49520000000007,,398.1425535955955,418.11250578697843,465.80128276186036,529.9291040152563,45.83813364055299,-3.845629136084767,-5.687241811874801,1.8416126757900342,0,17.621064285714283,0.5,0.05,2154024.4,2558081.8,0.7532259151753342,0.6342514144778326,43.74929290643747,55.41633846871998,0.7700000000000387,6.789999999999964,3.519900000000007,,0,-1.233835997761309,-0.4049174909100085,-5.900277149177464,,0,,,-0.7620297242057927,-3.3661760731221846,6.4557167605023835,419.0,-1.218798028940239,419.0,0,25,20,20,399.075,382.3625,390.71875,412.6575,393.29,,,,,,394.12336666666664,399.2466333333333,405.20326666666665,410.3265333333333,388.1667333333333,383.04346666666663,377.0868333333333,0,0,0,0,0,0,0,0,0,0,0,0,0,0,0,0,0,0,0,0,0,0,,,,,,,,,,,,,,,,,,USD,1.0,stock,25.0
2026-05-12,395.055,396.16,385.59,387.74,2575222,395.9295,415.86879999999996,,397.15183420553876,416.9214271286655,464.255514786378,528.5142870598806,42.5533428165007,-4.275087436820172,-5.404810936863876,1.1297235000437036,0,17.58606428571429,0.5,0.05,2189037.8,2562680.55,1.1764173281978045,1.004893879574651,31.191311234302585,41.52291792296324,7.314999999999998,1.1050000000000182,2.150000000000034,,0,-2.427357044808055,-2.112111208541809,-7.254552019394428,,0,,,-1.4111724173002105,-2.6561558545892705,5.7088331515812385,419.0,-2.3698327427761114,419.0,0,25,20,20,399.075,380.5525,389.81375,412.6575,387.74,,,,,,389.83,394.07,400.40000000000003,404.64000000000004,383.49999999999994,379.25999999999993,372.9299999999999,0,0,0,0,0,0,0,0,0,0,0,0,0,0,0,0,0,0,0,0,0,0,,,,,,,,,,,,,,,,,,USD,1.0,stock,25.0
2026-05-13,383.2,384.87,369.56,371.71,3494273,395.029,414.6360000000001,,394.72880237643983,415.14842998636493,462.4229303351626,526.9540453975933,45.58476190476188,-5.8415851090565525,-5.492165771302412,-0.34941933775414036,0,16.404278571428573,0.5,0.05,2349961.0,2569754.1,1.4869493578829607,1.3597694036172565,4.424778761061902,26.455127633933984,11.490000000000009,1.670000000000016,2.1499999999999773,,0,-6.1926777263027235,-6.273438971241026,-11.548249979823009,,0,,,-4.13421364832105,-4.3340625402136235,-4.62126655034385,419.0,-5.831548708342691,419.0,0,25,20,20,393.855,380.5525,387.20375,412.6575,371.71,,,,,,375.38000000000005,381.2000000000001,390.69000000000005,396.5100000000001,365.8900000000001,360.07000000000005,350.5800000000001,0,0,0,0,0,0,0,0,0,0,0,0,0,0,0,0,0,0,0,0,0,0,,,,,,,,,,,,,,,,,,USD,1.0,stock,25.0
2026-05-14,371.66,385.83,366.3048,378.29,2461925,394.588,413.39899999999994,,393.1632021501122,413.70300135944865,460.75693171466435,525.4748011647814,42.946157533152274,-6.477427044751096,-5.689218025992149,-0.7882090187589466,0,16.675364285714288,0.5,0.05,2351063.1,2559075.75,1.047153944953668,0.9620367822249889,23.117279902478966,19.57778996594782,6.6299999999999955,7.539999999999964,5.355200000000025,,0,-3.931693185152186,-4.308334875360174,-9.280974913426187,,0,,,1.7701971967394092,-7.003785830178466,-2.2784221539097427,419.0,-3.7829588498553135,419.0,0,25,20,20,392.2274,380.5525,386.38995,412.6575,378.29,,,,,,376.80826666666667,387.31173333333334,396.33346666666665,406.8369333333333,367.78653333333335,357.2830666666667,348.26133333333337,0,0,0,0,0,0,0,0,0,0,0,0,0,0,0,0,0,0,0,0,0,0,,,,,,,,,,,,,,,,,,USD,1.0,stock,25.0
2026-05-15,384.665,399.39,384.665,393.0,3524199,394.57550000000003,411.9232,,393.1476590881968,412.8911189531958,459.415210294572,524.1566439392612,51.15045569998505,-5.728329677619968,-5.697040356317713,-0.03128932130225426,1,17.160007142857143,0.5,0.05,2493282.5,2575970.2,1.4134776143497578,1.368105500599347,51.49020545778589,26.344088040442255,8.33499999999998,6.389999999999986,0.0,,0,-0.03757228707297802,-0.4008905852417389,-4.815063613231555,,0,,,3.8885511115810623,-0.8352047639474169,-0.06357279084552303,419.0,-0.037558175607419426,419.0,0,25,20,20,389.05240000000003,380.5525,384.80245,412.6575,393.0,,,,,,392.3516666666667,400.03833333333336,407.07666666666665,414.7633333333333,385.3133333333334,377.6266666666667,370.5883333333334,0,0,0,0,0,0,0,0,0,0,0,0,0,0,0,0,0,0,0,0,0,0,,,,,,,,,,,,,,,,,,USD,1.0,stock,25.0
2026-05-18,391.83,407.76,387.52,403.16,2637186,394.492,410.36299999999994,,394.1012153655114,412.5095064452274,458.3012457342834,522.9526972333979,51.040730757711906,-4.265665590236722,-5.410765403101516,1.1450998128647942,1,17.585007142857144,0.5,0.05,2519027.9,2567114.15,1.0469062291846787,1.0272959618877875,71.08700516151937,48.56483017392808,11.330000000000041,4.599999999999966,4.310000000000002,,0,2.2469452908246432,2.1500148824288137,-1.7866355789264603,,0,,,2.585241730279897,2.5095985150906497,-0.4125188350665665,419.0,2.298593427601336,419.0,0,25,20,20,389.05240000000003,385.505,387.2787,412.6575,403.16,,,,,,399.48,411.44000000000005,419.72,431.68000000000006,391.20000000000005,379.24,370.96000000000004,0,0,0,0,0,0,0,0,0,0,0,0,0,0,0,0,0,0,0,0,0,0,,,,,,,,,,,,,,,,,,USD,1.0,stock,25.0
2026-05-19,419.055,423.99,397.91,399.71,3192732,394.235,408.88380000000006,,394.63538533070084,412.0075650160028,457.14102304647577,521.7264017385382,51.75764938121631,-3.34630579994797,-4.997873482470807,1.6515676825228365,1,18.635364285714285,0.5,0.05,2630459.2,2569866.5,1.2137546174447411,1.2423727069090944,57.909481114739954,60.16223057801508,19.345000000000027,4.935000000000002,1.7999999999999545,,0,1.2695741085534857,1.3697430637211894,-2.295113957619295,,0,,,-0.8557396567119846,3.087120235209162,-1.2696060269235643,423.99,1.2858995563833324,423.99,0,25,20,20,395.1474,394.15999999999997,394.65369999999996,412.6575,399.71,,,,,,407.2033333333334,416.4966666666667,433.28333333333336,442.5766666666667,390.41666666666674,381.1233333333334,364.33666666666676,0,0,0,0,0,0,0,0,0,0,0,0,0,0,0,0,0,0,0,0,0,0,,,,,,,,,,,,,,,,,,USD,1.0,stock,25.0
2026-05-20,384.45,390.5,374.91,383.93,6992566,392.9975,407.4834,,393.61582482301503,410.90648403498307,455.69129981783266,520.355293263528,48.378397558725425,-3.846678547728061,-4.767634495522258,0.9209559477941971,0,19.329649999999997,0.5,0.05,3104947.8,2751778.4,2.252071999406882,2.541107961309675,30.554110933133636,53.18353240313098,0.5199999999999818,6.050000000000011,9.019999999999982,,0,-2.522810101584931,-2.3617586539212865,-6.1348162425442165,,0,,,-3.9478622000950647,3.28750907965889,-6.056082998923362,423.99,-2.460730542876458,423.99,0,25,20,20,395.1474,395.1474,395.1474,411.5525,383.93,,,,,,383.1133333333334,391.3166666666668,398.7033333333334,406.90666666666675,375.7266666666668,367.5233333333334,360.1366666666668,0,0,0,0,0,0,0,0,0,0,0,0,0,0,0,0,0,0,0,0,0,0,,,,,,,,,,,,,,,,,,USD,1.0,stock,25.0
2026-05-21,312.285,315.51,302.3639,307.07,22353549,389.18600000000004,404.8158,,385.3733653160612,406.83446505321905,452.74830378183594,518.2330515395129,27.80968006562756,-10.326153737040272,-5.879338343825861,-4.446815393214411,0,23.61008571428571,0.5,0.05,5120259.1,3674444.3,4.365706610433055,6.083518261523246,3.869317523130308,30.777636523667965,5.215000000000032,3.224999999999966,4.706099999999992,,0,-25.50016781713004,-26.74178526068976,-31.831764744195144,,0,,,-20.01927434688615,-18.826825980068207,-19.887816331854946,423.99,-20.318831648326626,423.99,0,25,20,20,363.17695000000003,363.17695000000003,363.17695000000003,388.68195000000003,307.07,,,,,,308.31463333333335,314.2653666666667,321.46073333333334,327.4114666666667,301.1192666666667,295.16853333333336,287.9731666666667,0,0,0,0,0,0,0,0,0,0,0,0,0,0,0,0,0,0,0,0,0,0,,,,,,,,,,,,,,,,,,USD,1.0,stock,30.0
2026-05-22,307.72,321.04,306.51,319.94,12480790,385.3855,402.51199999999994,,379.1416162383411,403.4268389727007,450.11843638021537,516.259986350065,29.483855762432242,-14.258322005167713,-7.555135076094231,-6.703186929073482,0,23.28294285714286,0.5,0.05,6133490.9,4181676.15,2.034859137069886,2.9846381097684955,14.450927884722107,16.291452113662018,12.21999999999997,1.1000000000000227,1.2100000000000364,,0,-18.503974569713417,-20.455554166406195,-25.808589110458197,,0,,,4.191226756114252,-18.590330788804078,-19.19686829145094,423.99,-15.614644687573676,423.99,0,25,20,20,363.17695000000003,363.17695000000003,363.17695000000003,388.56695,319.94,,,,,,315.83,325.15,330.36,339.68,310.61999999999995,301.29999999999995,296.0899999999999,0,0,0,0,0,0,0,0,0,0,0,0,0,0,0,0,0,0,0,0,0,0,,,,,,,,,,,,,,,,,,USD,1.0,stock,30.0
2026-05-26,314.47,317.06,302.38,304.35,9770085,381.107,399.79979999999995,,372.0186051680229,399.5414727384771,447.23193268951803,514.151429271955,28.552517460172552,-18.42023934338522,-9.728155929552429,-8.69208341383279,0,23.347942857142858,0.5,0.05,6948252.7,4551138.55,1.4061211389159751,2.146734249608815,1.6329554265079795,6.651066944786798,10.120000000000005,2.589999999999975,1.9700000000000273,,0,-22.233811456554246,-25.219977000164285,-31.361853129620478,,0,,,-4.872788647871474,-24.508879849191388,-21.945527287648748,423.99,-18.189575528745454,423.99,0,25,20,20,363.17695000000003,363.17695000000003,363.17695000000003,388.56695,304.35,,,,,,307.93,313.48,322.61,328.16,298.8,293.25,284.12,0,0,0,0,0,0,0,0,0,0,0,0,0,0,0,0,0,0,0,0,0,0,,,,,,,,,,,,,,,,,,USD,1.0,stock,30.0
2026-05-27,301.59,314.7,300.5,307.73,7921486,376.4745,396.9082000000001,,365.8958808663064,395.9410228271643,444.4695181808147,512.0974847020848,30.999623848034616,-21.201453903602555,-12.022815524362453,-9.178638379240102,0,23.161514285714283,0.5,0.05,7482879.1,4835958.45,1.0586147249125006,1.6380384740485103,5.854725078953776,7.31286946339462,6.140000000000043,6.96999999999997,1.089999999999975,,0,-18.90159583605966,-22.339225944821745,-28.979365027784116,,0,,,1.1105634959750255,-23.011683470516118,-23.140516509316143,423.99,-15.896839485755088,423.99,0,25,20,20,362.245,362.245,362.245,387.635,307.73,,,,,,307.6433333333334,314.78666666666675,321.84333333333336,328.98666666666674,300.58666666666676,293.4433333333334,286.38666666666677,0,0,0,0,0,0,0,0,0,0,0,0,0,0,0,0,0,0,0,0,0,0,,,,,,,,,,,,,,,,,,USD,1.0,stock,28.0
2026-05-28,307.96,319.0,303.11,313.0,7500044,372.3705,393.98260000000005,,360.8581779266582,392.6884336966873,441.866161385155,510.1164152025616,26.52213098337674,-22.718457289486764,-14.161943877387316,-8.556513412099449,1,22.635799999999996,0.5,0.05,7883456.2,5116708.6,0.9513649609672468,1.4657946321195623,10.122277107458093,5.8699858709732835,5.0400000000000205,6.0,4.849999999999966,,0,-15.290152692223064,-18.968210862619806,-25.873035143769986,,0,,,1.71254021382381,-18.474721954522966,-20.775539131315167,423.99,-13.26232322117001,423.99,0,25,20,20,362.245,362.245,362.245,387.635,313.0,,,,,,311.7033333333333,320.2966666666666,327.5933333333333,336.1866666666666,304.40666666666664,295.81333333333333,288.51666666666665,0,0,0,0,0,0,0,0,0,0,0,0,0,0,0,0,0,0,0,0,0,0,,,,,,,,,,,,,,,,,,USD,1.0,stock,30.0
2026-05-29,317.03,332.52,315.0,331.53,8922571,369.522,391.6774,,358.0650181241193,390.2900637477976,439.68128690228065,508.3394359468148,34.41139666955432,-22.169916269430416,-15.763538355795937,-6.406377913634479,1,22.48865714285714,0.5,0.05,8529520.8,5440291.95,1.0460811585101004,1.6400904734533595,25.127540691553946,13.70151429265527,14.5,0.9900000000000091,2.0299999999999727,,0,-8.003806027846453,-11.459596416613888,-18.142370222905924,,0,,,5.9201277955271525,7.965610447129312,-14.664092664092676,423.99,-7.410670347842043,423.99,0,25,20,20,362.245,362.245,362.245,387.635,331.53,,,,,,326.34999999999997,337.69999999999993,343.86999999999995,355.2199999999999,320.17999999999995,308.83,302.65999999999997,0,0,0,0,0,0,0,0,0,0,0,0,0,0,0,0,0,0,0,0,0,0,,,,,,,,,,,,,,,,,,USD,1.0,stock,25.0
2026-06-01,338.7,363.175,337.58,353.76,6565202,367.258,389.64779999999996,,357.6550163980127,388.85751222827616,437.9798752804533,506.801332106548,41.292567954535436,-19.71416571218475,-16.553663827073702,-3.1605018851110493,1,23.957592857142856,0.5,0.05,8833621.1,5663451.8,0.7432062033994191,1.1592227199673528,43.128998299457436,26.126272032823156,15.060000000000002,9.41500000000002,1.1200000000000045,,0,-1.1010335815277952,-3.8155811849841674,-10.144674355495242,,0,,,6.70527554067506,10.570732012252293,-11.347233360064157,423.99,-1.0890428539881571,423.99,0,25,20,20,362.245,362.245,362.245,385.25,353.76,,,,,,351.50499999999994,365.4299999999999,377.09999999999997,391.0249999999999,339.83499999999987,325.9099999999999,314.23999999999984,0,0,0,0,0,0,0,0,0,0,0,0,0,0,0,0,0,0,0,0,0,0,,,,,,,,,,,,,,,,,,USD,1.0,stock,25.0
2026-06-02,329.88,332.43,315.5,322.14,7382755,363.01550000000003,386.97939999999994,,354.2726338839163,386.2411391997163,435.68601636400865,504.9639059164331,37.03864696119497,-20.087874925599863,-17.260506046778936,-2.827368878820927,1,25.935449999999996,0.5,0.05,9308178.0,5913602.95,0.7931471658578081,1.2484360317088925,17.52368612843144,28.593408373147607,7.740000000000009,2.5500000000000114,6.639999999999986,,0,-9.974742001588224,-12.688737815856474,-20.127708449742336,,0,,,-8.938263229308008,5.845243962543112,-20.848178087913716,423.99,-9.070029917818921,423.99,0,25,20,20,345.5,362.245,353.8725,385.25,322.14,,,,,,323.3566666666667,331.21333333333337,340.2866666666667,348.1433333333334,314.28333333333336,306.4266666666667,297.35333333333335,0,0,0,0,0,0,0,0,0,0,0,0,0,0,0,0,0,0,0,0,0,0,,,,,,,,,,,,,,,,,,USD,1.0,stock,25.0
2026-06-03,319.52,319.52,310.29,311.44,5722617,358.6715,384.0678,,350.19333541878143,383.3077611918843,433.2256992082857,503.0382949122895,37.835546764622784,-21.005306646359827,-18.009466166695113,-2.9958404796647145,0,25.483307142857136,0.5,0.05,9561166.5,6095812.85,0.5985270730302625,0.9387783287999073,8.859016924447321,23.170567117445398,8.079999999999984,0.0,1.1499999999999773,,0,-12.443274922547339,-15.165521448754168,-23.319997431286918,,0,,,-3.3215372198422966,1.2056023137165583,-21.811608756778465,423.99,-11.06626868624954,423.99,0,25,20,20,331.8375,362.245,347.04125,382.745,311.44,,,,,,313.75,317.21,322.97999999999996,326.43999999999994,307.98,304.52000000000004,298.75000000000006,0,0,0,0,0,0,0,0,0,0,0,0,0,0,0,0,0,0,0,0,0,0,,,,,,,,,,,,,,,,,,USD,1.0,stock,26.5
2026-06-04,319.805,321.11,301.05,301.98,7030048,354.343,381.45840000000004,,345.6015891884213,380.11843722357514,430.6267744714879,501.037714863411,34.77514863732493,-22.239359343293017,-18.855444802014695,-3.3839145412783225,0,25.521507142857136,0.5,0.05,9564914.7,6334931.25,0.7349828221677712,1.1097275917556326,1.198477609523053,9.193726887467271,17.82499999999999,1.3050000000000068,0.9300000000000068,,0,-14.445191465799487,-17.3398900589443,-26.319093979733765,,0,,,-3.0375032108913347,-3.520766773162931,-22.28027280916227,423.99,-12.621929572389465,423.99,0,25,20,20,331.8375,362.245,347.04125,382.745,301.98,,,,,,308.0466666666667,315.04333333333335,328.1066666666667,335.10333333333335,294.98333333333335,287.9866666666667,274.92333333333335,0,0,0,0,0,0,0,0,0,0,0,0,0,0,0,0,0,0,0,0,0,0,,,,,,,,,,,,,,,,,,USD,1.0,stock,26.5
2026-06-05,303.82,306.995,293.67,296.76,6306263,348.842,378.8564,,340.95000926571447,376.849478901082,427.97594725423073,499.0051007851681,30.043132050431325,-23.36918001076731,-19.758191843765218,-3.610988167002091,0,24.966149999999995,0.5,0.05,7960186.1,6540222.6,0.7922255737211973,0.9642275784313519,2.37108655616941,4.142860363379928,7.060000000000002,3.1750000000000114,3.089999999999975,,0,-14.890823987637983,-17.55020892303545,-27.664240463674357,,0,,,-1.728591297436921,-10.487738666184054,-27.04656079453267,423.99,-12.960847064026806,423.99,0,25,20,20,328.4225,358.83000000000004,343.62625,373.26,296.76,,,,,,299.14166666666665,304.6133333333333,312.46666666666664,317.9383333333333,291.2883333333333,285.81666666666666,277.9633333333333,0,0,0,0,0,0,0,0,0,0,0,0,0,0,0,0,0,0,0,0,0,0,,,,,,,,,,,,,,,,,,USD,1.0,stock,26.5
2026-06-08,295.2,306.04,291.24,305.51,5587380,344.302,376.3156000000001,,337.57477028802737,374.0518522775102,425.5508789917707,497.0797763992461,29.63163822952734,-23.290046003680004,-20.464562675748176,-2.8254833279318277,1,24.577578571428567,0.5,0.05,7270845.1,6702168.0,0.7684636274261984,0.8336675535438682,10.749529190207143,4.773031118633202,10.310000000000002,0.5300000000000296,3.9599999999999795,,0,-10.495489603622591,-12.697456711727941,-23.176197178488458,,0,,,2.948510580940833,-13.639190411578472,-22.911357270823352,423.99,-9.498568349959594,423.99,0,25,20,20,327.2075,357.615,342.41125,367.4275,305.51,,,,,,300.93,310.62,315.73,325.42,295.82,286.13,281.02,0,0,0,0,0,0,0,0,0,0,0,0,0,0,0,0,0,0,0,0,0,0,,,,,,,,,,,,,,,,,,USD,1.0,stock,28.5
2026-06-09,299.1,308.74,291.18,293.78,4922935,339.3265,373.8624,536.837125,333.4038397844057,370.9039365019215,422.94155465529997,495.05689305198996,28.642283963063022,-23.898359291532643,-21.151321998905072,-2.747037292627571,1,23.96900714285714,0.5,0.05,6786130.1,6867191.4,0.7254407044156139,0.7168774995844734,2.6178010471203845,5.246138931165646,5.32000000000005,9.639999999999986,2.599999999999966,,0,-13.487589279190459,-15.503608142147199,-27.259309687521277,-82.73440159302882,1,,,-3.8394815226997503,-8.803625752778299,-25.301940044242176,423.99,-11.884638104356666,423.99,0,25,20,20,327.1775,357.58500000000004,342.38125,367.39750000000004,293.78,,,,,,297.90000000000003,304.62000000000006,315.46000000000004,322.18000000000006,287.06000000000006,280.34000000000003,269.50000000000006,0,0,0,0,0,0,0,0,0,0,0,0,0,0,0,0,0,0,0,0,0,0,,,,,,,,,,,,,,,,,,USD,1.0,stock,28.5
2026-06-10,286.68,292.382,281.93,284.22,6158266,334.1505,370.9662,534.944925,328.7196645668433,367.5045664430226,420.19459317697715,492.9590135191343,29.379162013483892,-24.865233129120497,-21.89410422494816,-2.971128904172339,0,23.04400714285714,0.5,0.05,6609808.1,7046343.6,0.9316860500080176,0.8739661801334809,2.8186349929226666,5.395321743416733,2.4599999999999795,5.701999999999998,2.2900000000000205,,0,-15.656767492380286,-17.56755330377876,-30.520793751319392,-88.2150886637112,1,,,-3.2541357478385047,-8.740046236835342,-26.69830298653737,423.99,-13.537268792690222,423.99,0,25,20,20,322.5525,352.96000000000004,337.75625,359.26,284.22,,,,,,286.17733333333337,290.4246666666667,296.62933333333336,300.8766666666667,279.9726666666667,275.72533333333337,269.5206666666667,0,0,0,0,0,0,0,0,0,0,0,0,0,0,0,0,0,0,0,0,0,0,,,,,,,,,,,,,,,,,,USD,1.0,stock,30.0
2026-06-11,279.86,283.0,273.27,276.91,6120360,329.4105,367.8568,533.044675,323.7854107985725,363.9518383472178,417.3572745002053,490.8092720910833,41.24375798397399,-25.92252478957687,-22.699788337873905,-3.222736451702964,0,18.0,0.5,0.05,6471839.7,7177647.95,0.945690913821614,0.8526971568729559,4.048718091318661,3.1617180437872374,2.9499999999999886,3.1399999999999864,3.640000000000043,,0,-16.92803105650662,-18.959409194323058,-32.84345094073887,-92.49744501823695,1,,,-2.5719513053268583,-8.301874296311007,-25.503752925667843,423.99,-14.47730788208174,423.99,0,25,20,20,318.22249999999997,348.63,333.42625,354.92999999999995,276.91,,,,,,277.7266666666667,282.1833333333334,287.4566666666667,291.9133333333334,272.4533333333334,267.99666666666667,262.72333333333336,0,0,0,0,0,0,0,0,0,0,0,0,0,0,0,0,0,0,0,0,0,0,,,,,,,,,,,,,,,,,,USD,1.0,stock,28.0
2026-06-12,276.02,276.86,268.01,276.73,5158329,324.33250000000004,364.874,531.130625,319.3039431034704,360.5313740983073,414.5725759952507,488.67913008022674,36.45709270983514,-26.46983278805891,-23.453797227910908,-3.0160355601480013,1,17.597857142857144,0.5,0.05,6095415.5,7312468.15,0.846263720660224,0.7054155852972843,9.163032627541664,5.343461903927664,0.7100000000000364,0.12999999999999545,8.009999999999991,,0,-15.384650418628393,-17.201785133523657,-31.851985690022765,-91.93098868933617,1,,,-0.06500306958939772,-6.749561935570824,-26.847127864865584,423.99,-13.33335964776178,423.99,0,25,20,20,300.22,346.0,323.11,352.29999999999995,276.73,,,,,,273.8666666666667,279.72333333333336,282.7166666666667,288.5733333333334,270.87333333333333,265.01666666666665,262.0233333333333,0,0,0,0,0,0,0,0,0,0,0,0,0,0,0,0,0,0,0,0,0,0,,,,,,,,,,,,,,,,,,USD,1.0,stock,28.0
2026-06-15,277.76,287.69,276.21,281.77,5098577,318.77099999999996,362.05980000000005,529.223625,315.7292818555208,357.4426927611188,411.9428220151467,486.62033276599567,42.42180158410523,-26.194933552817645,-24.002024492892257,-2.1929090599253875,1,17.16357142857143,0.5,0.05,5948753.0,7391187.05,0.8570833248581677,0.6898184236860844,14.459097357221655,9.223616025360661,4.009999999999991,5.920000000000016,1.5500000000000114,,0,-12.052128280342417,-13.131632182276318,-28.49480072399477,-87.82113958192852,1,,,1.821269829797978,-7.770613073221833,-28.302798982188303,423.99,-10.755822727605214,423.99,0,25,20,20,294.56,346.0,320.28,352.29999999999995,281.77,,,,,,281.89,287.57,293.37,299.05,276.09,270.40999999999997,264.60999999999996,0,0,0,0,0,0,0,0,0,0,0,0,0,0,0,0,0,0,0,0,0,0,,,,,,,,,,,,,,,,,,USD,1.0,stock,26.5
2026-06-16,282.2,284.8,275.38,280.99,4813896,312.6625,359.3324,527.287575,312.4207788216617,354.44454794695724,409.34969682672795,484.57425980314997,40.86623855717993,-25.743261120046668,-24.350271818323144,-1.3929893017235244,1,16.82214285714286,0.5,0.05,5691867.1,7500022.55,0.8457498946171811,0.6418508701683837,13.63946829191406,12.420532758892458,1.2099999999999795,2.6000000000000227,5.610000000000014,,0,-11.185728610150433,-11.271753443183036,-27.88084985230791,-87.65350190398232,1,,,-0.2768215210987579,-4.3535979304241135,-30.303105466812184,423.99,-10.060399612409663,423.99,0,25,20,20,294.56,346.0,320.28,352.29999999999995,280.99,,,,,,280.39000000000004,285.4000000000001,289.81000000000006,294.8200000000001,275.9800000000001,270.97,266.56000000000006,0,0,0,0,0,0,0,0,0,0,0,0,0,0,0,0,0,0,0,0,0,0,,,,,,,,,,,,,,,,,,USD,1.0,stock,26.5
2026-06-17,279.85,285.891,268.48,269.08,4709932,306.131,356.50919999999996,525.297975,308.2930856005511,351.09691861570406,406.57207906778285,482.4300383125714,35.648934779767345,-26.04610167989796,-24.689437790638106,-1.3566638892598526,1,16.93078571428572,0.5,0.05,5590598.6,7575882.55,0.8424736485284421,0.6217007680511097,1.1243629485630147,9.740976199232911,10.770000000000039,6.040999999999997,0.5999999999999659,,0,-14.57302125782336,-13.769510926118622,-32.49189832020217,-95.21999962836331,1,,,-4.2385850030250305,-5.326859475054546,-32.68119386555253,390.5,-12.719417798217725,390.5,0,25,20,20,288.375,346.0,317.1875,346.0,269.08,,,,,,274.4836666666667,280.48733333333337,291.8946666666667,297.89833333333337,263.07633333333337,257.0726666666667,245.66533333333336,0,0,0,0,0,0,0,0,0,0,0,0,0,0,0,0,0,0,0,0,0,0,,,,,,,,,,,,,,,,,,USD,1.0,stock,26.5
2026-06-18,261.0,269.87,259.23,267.0,10059120,300.28450000000004,354.059,523.323025,304.360410781451,347.7990002386177,403.8082755218861,480.2864558417996,26.374752873984036,-26.152474179155774,-24.98204506834164,-1.1704291108141334,1,16.296500000000005,0.5,0.05,5893505.8,7729210.25,1.7068143039750636,1.3014421492803874,7.475107027755046,7.41297942274404,6.0,2.8700000000000045,1.7699999999999818,,0,-13.992663214026585,-12.466104868913872,-32.60636704119852,-96.0011329588015,1,,,-0.77300431098557,-3.5787801090607196,-30.456072721589877,363.175,-12.275055972466141,363.175,0,25,20,20,283.985,341.61,312.7975,341.61,267.0,,,,,,265.3666666666667,271.50333333333333,276.00666666666666,282.1433333333333,260.86333333333334,254.7266666666667,250.22333333333336,0,0,0,0,0,0,0,0,0,0,0,0,0,0,0,0,0,0,0,0,0,0,,,,,,,,,,,,,,,,,,USD,1.0,stock,28.5
2026-06-22,259.415,267.43,252.84,257.77,6358191,297.81949999999995,351.98060000000004,521.2684750000001,299.92322880226516,344.2684512096523,400.91642848184875,478.0723617538215,11.159666585740837,-26.674076858868773,-25.320451426447068,-1.3536254324217047,0,15.078285714285716,0.5,0.05,5898698.6,6929442.35,1.077897250081569,0.9175617140389372,6.19424550822965,4.931238494849237,1.6450000000000387,8.014999999999986,4.929999999999978,,0,-16.353039066712643,-15.53691275167784,-36.54831826822363,-102.2223202855259,1,,,-3.456928838951323,-6.851443645430577,-16.054971179209954,363.175,-14.054672914333075,363.175,0,25,20,20,280.79,338.415,309.6025,338.415,257.77,,,,,,259.34666666666664,265.85333333333324,273.9366666666666,280.44333333333327,251.26333333333326,244.75666666666663,236.67333333333326,0,0,0,0,0,0,0,0,0,0,0,0,0,0,0,0,0,0,0,0,0,0,,,,,,,,,,,,,,,,,,USD,1.0,stock,31.75
2026-06-23,262.34,263.67,255.65,258.05,5781724,294.725,350.1228,519.217275,295.93530224966844,340.88733547594046,398.08739029408935,475.88308452244024,15.255339911091838,-26.75642566082206,-25.607646273322068,-1.1487793874999923,1,12.918285714285718,0.5,0.05,5918133.0,6594489.05,0.9769506700846365,0.8767508682116927,7.631463307455701,7.100271947813465,4.289999999999964,1.330000000000041,2.4000000000000057,,0,-14.681380449396794,-14.212361945359431,-35.680217012206924,-101.20801201317573,1,,,0.10862396710247246,-8.41821343649074,-19.34425204725886,363.175,-12.801886750809526,363.175,0,25,20,20,272.611,338.415,305.51300000000003,338.415,258.05,,,,,,259.1233333333334,262.5966666666668,267.14333333333343,270.6166666666668,254.57666666666677,251.10333333333338,246.55666666666676,0,0,0,0,0,0,0,0,0,0,0,0,0,0,0,0,0,0,0,0,0,0,,,,,,,,,,,,,,,,,,USD,1.0,stock,30.25
2026-06-24,258.12,270.4599,256.06,262.235,5249459,292.61924999999997,347.9787,517.16435,292.72574965446194,337.8029301631585,395.3972439516321,473.7572329351523,21.297322522312314,-26.182181267357294,-25.722553272129115,-0.4596279952281783,1,13.100421428571435,0.5,0.05,5950785.4,6368457.75,0.8821455735910086,0.8242904649873826,13.761535081294872,9.195747965660074,4.115000000000009,8.224899999999991,2.0600000000000023,,0,-11.627261675391127,-11.586649379373444,-32.697275344633624,-97.2140827883387,1,,,1.6217787250532911,-6.674614754973485,-13.83768687366519,363.175,-10.416148798133982,363.175,0,25,20,20,270.265,338.415,304.34000000000003,338.415,262.235,,,,,,262.9183,269.7766,277.3182,284.1765,255.37669999999997,248.51839999999999,240.97679999999997,0,0,0,0,0,0,0,0,0,0,0,0,0,0,0,0,0,0,0,0,0,0,,,,,,,,,,,,,,,,,,USD,1.0,stock,28.5
2026-06-25,256.27,262.3599,253.21,255.07,4316236,289.98625000000004,345.74410000000006,515.0812999999999,289.1394877826084,334.5585015293092,392.6184866456592,471.58124056763836,21.88324142891392,-26.00546920675265,-25.779136459053824,-0.2263327476988266,1,12.321128571428575,0.5,0.05,5766582.4,6188195.25,0.7484911687033207,0.6974951218612567,3.989266547406064,8.46075497871888,1.1999999999999886,6.0899,1.8599999999999852,,0,-13.356916839537542,-13.688889324499176,-35.54871211824208,-101.93723291645429,1,,,-2.732282113371598,-5.206629998513446,-17.112403730543015,363.175,-11.783062923672256,363.175,0,25,20,20,270.265,338.415,304.34000000000003,338.415,255.07,,,,,,256.87996666666663,260.54993333333323,266.02986666666663,269.69983333333323,251.40003333333328,247.73006666666666,242.2501333333333,0,0,0,0,0,0,0,0,0,0,0,0,0,0,0,0,0,0,0,0,0,0,,,,,,,,,,,,,,,,,,USD,1.0,stock,28.5
2026-06-26,260.32,271.115,259.38,267.72,10779231,287.72225,343.30410000000006,513.0654499999999,287.09953656521714,331.93738382227747,390.14524928633915,469.552770512239,34.017611447440856,-24.561544154065245,-25.53561799805611,0.9740738439908654,1,12.515414285714291,0.5,0.05,6232469.5,6352154.6,1.729528078717433,1.6969409088374519,26.61896243291596,14.789921353872296,7.400000000000034,3.394999999999982,0.9399999999999977,,0,-7.238733215754185,-7.471331988644832,-28.232519049753485,-91.64255565516207,1,,,4.959422903516697,0.2696629213483348,-14.466453674121393,363.175,-6.750110709710213,363.175,0,25,20,20,270.265,321.67,295.9675,338.415,267.72,,,,,,266.07166666666666,272.7633333333333,277.8066666666667,284.49833333333333,261.0283333333333,254.33666666666664,249.2933333333333,0,0,0,0,0,0,0,0,0,0,0,0,0,0,0,0,0,0,0,0,0,0,,,,,,,,,,,,,,,,,,USD,1.0,stock,25.0
2026-06-29,274.05,277.57,265.23,266.4,5402106,284.46575,340.88989999999995,511.11615,285.12815213043456,329.3672903390509,387.69484831037204,467.5313499101272,26.55837928554304,-23.255659350346434,-25.079626268514176,1.8239669181677414,1,12.339700000000004,0.5,0.05,6256847.2,6176131.35,0.8633910701862753,0.8746747265988766,24.257602862253975,18.288610614192,7.650000000000034,3.519999999999982,1.169999999999959,,0,-7.0300871360490165,-6.781437687687703,-27.961674174174167,-91.8604166666667,1,,,-0.493052442850761,3.347945843193534,-19.645280970047963,363.175,-6.568327957271371,363.175,0,25,20,20,269.3655,308.0075,288.6865,338.415,266.4,,,,,,269.7333333333333,274.23666666666657,282.07333333333327,286.57666666666654,261.8966666666666,257.3933333333333,249.55666666666662,0,0,0,0,0,0,0,0,0,0,0,0,0,0,0,0,0,0,0,0,0,0,,,,,,,,,,,,,,,,,,USD,1.0,stock,27.0
2026-06-30,263.465,266.1099,259.11,261.0,5260571,279.82775000000004,338.2449,509.11854999999997,282.83023287991693,326.68622012967637,385.1860394329389,465.4763116025637,28.739136074717877,-22.398277702414646,-24.543356555294274,2.145078852879628,1,11.606128571428572,0.5,0.05,6273046.6,6110899.8,0.8385990628540844,0.8608504757351774,20.63628546861564,23.83761692126186,2.464999999999975,2.644900000000007,1.8899999999999864,,0,-8.364073900351315,-7.213697318007677,-29.595747126436773,-95.06457854406129,1,,,-2.0270270270270174,1.143189304398362,-26.22116689280868,332.43,-7.718493407734646,332.43,0,25,20,20,269.3655,308.0075,288.6865,338.415,261.0,,,,,,262.0733,265.0366,269.0732,272.0365,258.03670000000005,255.07340000000005,251.03680000000008,0,0,0,0,0,0,0,0,0,0,0,0,0,0,0,0,0,0,0,0,0,0,,,,,,,,,,,,,,,,,,USD,1.0,stock,27.0
2026-07-01,270.14,276.15,266.44,267.08,4807361,277.07475,335.48990000000003,507.2238,281.3302107008772,324.34872130106163,382.84730597882134,463.50221894980194,38.35756011411491,-20.986274671101512,-23.831940178455724,2.8456655073542123,1,11.84184285714286,0.5,0.05,6272393.1,5982130.1,0.766431714874503,0.8036202689740901,40.8608321377331,28.58490682286757,3.0600000000000023,6.009999999999991,0.6399999999999864,,0,-5.335558896539327,-3.7422307922719824,-25.614010783285927,-89.91455743597425,1,,,2.329501915708798,1.8475794611703122,-17.091947600422174,321.11,-5.065296992234044,321.11,0,25,20,20,265.205,308.0075,286.60625,338.415,267.08,,,,,,269.88999999999993,273.33999999999986,279.5999999999999,283.04999999999984,263.6299999999999,260.17999999999995,253.9199999999999,0,0,0,0,0,0,0,0,0,0,0,0,0,0,0,0,0,0,0,0,0,0,,,,,,,,,,,,,,,,,,USD,1.0,stock,25.0
2026-07-02,269.25,277.31,268.95,275.35,5049761,275.27025000000003,332.8999,505.3439,280.7606668246032,322.42720281866707,380.71864645448824,461.6300575672169,48.95400295024809,-18.98112956484647,-22.861778055733875,3.880648490887406,1,11.790414285714286,0.5,0.05,6306376.0,5948487.3,0.8007389664047941,0.8489151519244229,64.59110473457682,42.029407446975185,6.100000000000023,1.9599999999999795,0.30000000000001137,,0,-1.9650142816790255,0.028963137824583256,-20.900635554748494,-83.52783729798438,1,,,3.0964505017223365,7.950758615282094,-11.588106858463899,321.11,-1.9271455954987273,321.11,0,25,20,20,265.205,308.0075,286.60625,338.415,275.35,,,,,,273.87,278.79,282.23,287.15000000000003,270.43,265.51,262.07,0,0,0,0,0,0,0,0,0,0,0,0,0,0,0,0,0,0,0,0,0,0,,,,,,,,,,,,,,,,,,USD,1.0,stock,25.0
2026-07-06,271.92,274.96,263.66,272.14,5539901,273.77824999999996,330.16909999999996,503.44809999999995,279.9396509365458,320.4551556493076,378.56857424746863,459.7445843575929,47.04252577319586,-17.449906138978918,-21.779403672382884,4.329497533403966,1,11.989699999999997,0.5,0.05,5854454.1,5873979.95,0.9462711476378302,0.9431256230283863,55.3802008608321,53.610712577714004,0.21999999999997044,2.819999999999993,8.259999999999991,,0,-2.8660435571932785,-0.6019879473800143,-21.32325273756154,-84.99599470860586,1,,,-1.1657889958235135,1.650978634394118,-9.88144910258959,308.74,-2.7861901343564024,308.74,0,25,20,20,265.39,308.0075,286.69875,338.415,272.14,,,,,,270.25333333333333,276.84666666666664,281.5533333333333,288.1466666666666,265.5466666666667,258.9533333333334,254.24666666666673,0,0,0,0,0,0,0,0,0,0,0,0,0,0,0,0,0,0,0,0,0,0,,,,,,,,,,,,,,,,,,USD,1.0,stock,25.0
2026-07-07,280.53,283.79,274.36,281.17,4819040,272.99875000000003,328.1265,501.54055,280.05682703782713,318.91456131011904,376.6398896089049,457.96772282169644,49.63230788086777,-15.331028456159856,-20.48972862913828,5.158700172978424,1,12.001842857142856,0.5,0.05,5700539.0,5799618.8,0.845365675070375,0.8309235772530429,85.71601464403497,68.56244007981464,0.6400000000000432,2.6200000000000045,6.169999999999959,,0,0.3959074446679526,2.906159974392711,-16.70039477895935,-78.37626702706547,1,,,3.3181450723892114,5.544294294294305,-5.2534034236419895,308.74,0.39748110194168795,308.74,0,25,20,20,268.5,308.0075,288.25374999999997,338.415,281.17,,,,,,279.77333333333337,285.1866666666667,289.2033333333334,294.61666666666673,275.7566666666667,270.34333333333336,266.3266666666667,0,0,0,0,0,0,0,0,0,0,0,0,0,0,0,0,0,0,0,0,0,0,,,,,,,,,,,,,,,,,,USD,1.0,stock,25.0
2026-07-08,279.17,279.17,269.06,272.1,4290364,271.32825,325.6495,499.52625,279.29903398660554,317.07869616070263,374.56979278496624,456.11829274386866,45.05451713395641,-14.219759292057631,-19.23573476172215,5.015975469664518,0,12.193985714285713,0.5,0.05,5551403.0,5734768.0,0.7728431893703267,0.7481320953175438,58.27357719887449,66.45659756791385,7.069999999999993,0.0,3.0400000000000205,,0,-2.645730976334257,0.28362734288864283,-19.680080852627697,-83.58186328555676,1,,,-3.2258064516129004,4.252873563218396,-10.935812248371569,308.74,-2.57753630001841,308.74,0,25,20,20,268.5,308.0075,288.25374999999997,338.415,272.1,,,,,,273.4433333333333,277.82666666666665,283.55333333333334,287.93666666666667,267.71666666666664,263.3333333333333,257.6066666666666,0,0,0,0,0,0,0,0,0,0,0,0,0,0,0,0,0,0,0,0,0,0,,,,,,,,,,,,,,,,,,USD,1.0,stock,25.0
2026-07-09,260.63,273.86,259.37,273.38,4013327,270.30825,323.31870000000004,497.45354999999995,278.7353164640717,315.3650218014594,372.56603451199663,454.3000012737805,52.71293375394322,-13.084950012011063,-18.005577811779933,4.920627799768869,0,11.985342857142856,0.5,0.05,5427789.8,5689287.6,0.7394035413825347,0.7054181968230961,66.36510500807748,70.11823228366232,12.75,0.4800000000000182,1.259999999999991,,0,-1.9589276699362341,1.123619138195921,-18.26713731801889,-81.96413417221449,1,,,0.47041528849687264,2.3588437921222116,-6.9439716794880475,292.382,-1.92129096951443,292.382,0,25,20,20,271.45000000000005,292.635,282.0425,338.415,273.38,,,,,,268.87,278.37,283.36,292.86,263.88,254.38,249.39,0,0,0,0,0,0,0,0,0,0,0,0,0,0,0,0,0,0,0,0,0,0,,,,,,,,,,,,,,,,,,USD,1.0,stock,25.0
2026-07-10,278.17,280.35,272.35,274.96,2574780,269.84525,320.8103,495.3179,278.37576251511246,313.7805111425787,370.6332417493828,452.5155236491658,55.05396825396823,-11.92069829673801,-16.78860190877155,4.86790361203354,0,11.796771428571429,0.5,0.05,5253644.2,5510113.3,0.49009409506643026,0.46728258745605106,71.47011308562186,65.36959843085795,3.2100000000000364,2.180000000000007,2.609999999999957,,0,-1.2422761547543193,1.860179662496348,-16.675261856270005,-80.14180244399188,1,,,0.577950106079439,-0.14163791538044368,-3.2580395468299383,287.69,-1.2270330161833114,287.69,0,25,20,20,271.45000000000005,286.975,279.21250000000003,338.415,274.96,,,,,,275.8866666666667,279.4233333333334,283.8866666666667,287.4233333333334,271.4233333333334,267.8866666666667,263.4233333333334,0,0,0,0,0,0,0,0,0,0,0,0,0,0,0,0,0,0,0,0,0,0,,,,,,,,,,,,,,,,,,USD,1.0,stock,25.0
2026-07-13,278.7,296.0,278.7,289.76,6564707,270.48775,318.7039,493.2708,279.4599756089113,312.83853031345797,369.0317914177119,450.89606570240795,68.96940227703982,-9.692060077686563,-15.369293542554555,5.677233464867992,1,12.257485714285716,0.5,0.05,4832191.8,5532330.65,1.3585360994983684,1.186607853961151,85.41715354054683,74.4174572114154,11.060000000000002,6.240000000000009,0.0,,0,3.554674348111782,6.651107813362778,-9.988921866372165,-70.23426283821094,1,,,5.38260110561537,6.474608657308734,4.640496912354175,296.0,3.6856885744179015,296.0,0,25,20,20,277.555,286.975,282.265,338.415,289.76,,,,,,288.15333333333336,297.60666666666674,305.4533333333334,314.90666666666675,280.30666666666673,270.85333333333335,263.0066666666667,0,0,0,0,0,0,0,0,0,0,0,0,0,0,0,0,0,0,0,0,0,0,,,,,,,,,,,,,,,,,,USD,1.0,stock,25.0
2026-07-14,273.48,287.62,271.7,282.43,5301447,270.77275,316.5825,491.209,279.74283507472927,311.64603892861646,367.3169044589453,449.2197864416875,63.34135930830686,-8.420254520564413,-13.979485738156528,5.5592312175921155,0,12.974628571428571,0.5,0.05,4822125.9,5539486.55,1.099400370280668,0.9570285895901309,68.28698293993925,75.05808318870264,8.949999999999989,5.189999999999998,1.7800000000000296,,0,0.9514445792836227,4.127482916120821,-12.092376872145302,-73.92238784831639,1,,,-2.529679734953061,0.4481274673684865,2.0597694503667885,296.0,0.9605840037164484,296.0,0,25,20,20,277.685,280.79,279.2375,338.415,282.43,,,,,,280.5833333333333,289.46666666666664,296.50333333333333,305.38666666666666,273.5466666666666,264.6633333333333,257.6266666666666,0,0,0,0,0,0,0,0,0,0,0,0,0,0,0,0,0,0,0,0,0,0,,,,,,,,,,,,,,,,,,USD,1.0,stock,25.0
2026-07-15,287.6,289.5,278.73,279.7,3390066,270.66925000000003,314.1957,489.14410000000004,279.73875554380265,310.3932530882786,365.58191625183747,447.53302239749166,59.711950175165406,-7.545646126573388,-12.692717815839902,5.1470716892665145,0,12.715349999999999,0.5,0.05,4635075.4,5454061.0,0.7313939272703093,0.6215673055361867,61.90698761392846,71.87037469813818,7.900000000000034,1.8999999999999773,0.9699999999999704,,0,-0.013856111477534938,3.228727207722544,-12.333106900250268,-74.8816946728638,1,,,-0.9666111956945111,2.79309077545018,-0.7346417290698071,296.0,-0.013854191825271315,296.0,0,25,20,20,277.685,280.79,279.2375,338.415,279.7,,,,,,282.6433333333334,286.55666666666673,293.41333333333336,297.3266666666667,275.78666666666675,271.8733333333334,265.01666666666677,0,0,0,0,0,0,0,0,0,0,0,0,0,0,0,0,0,0,0,0,0,0,,,,,,,,,,,,,,,,,,USD,1.0,stock,25.0
2026-07-16,286.0,298.45,277.565,294.79,5039217,271.35925,311.95169999999996,487.12674999999996,281.17220739677384,309.78136081030686,364.1800961280387,446.01319132885993,70.29844644317251,-5.57066067684741,-11.268306388041404,5.697645711193994,1,13.553571428571429,0.5,0.05,4658261.0,5465327.05,1.081780733196358,0.9220339339070295,90.69649211997975,73.63015422461582,8.79000000000002,3.659999999999968,8.435000000000002,,0,4.6194893324828445,7.948285219987125,-5.8216696631500175,-65.24534414328842,1,,,5.395066142295324,7.831589728582933,4.9112068045126245,298.45,4.843221429780057,298.45,0,25,20,20,278.90999999999997,280.79,279.85,338.415,294.79,,,,,,290.2683333333334,302.97166666666675,311.15333333333336,323.85666666666674,282.08666666666676,269.3833333333334,261.20166666666677,0,0,0,0,0,0,0,0,0,0,0,0,0,0,0,0,0,0,0,0,0,0,,,,,,,,,,,,,,,,,,USD,1.0,stock,27.0
2026-07-17,295.1,302.07,290.01,291.09,3627321,272.45975,309.8071,485.1087500000001,282.11675907327157,309.0483662687262,362.7327674918399,444.4716670370305,63.145460681741426,-4.254980786870078,-9.86564126780714,5.610660480937062,0,13.268928571428571,0.5,0.05,4516017.0,5411196.5,0.803212432548416,0.6703362186163448,74.44134078212285,75.68160683867701,4.010000000000048,6.96999999999997,1.079999999999984,,0,3.0826345551988763,6.400168332818025,-6.430004465972729,-66.6524957916796,1,,,-1.2551307710573778,5.866307826592965,8.179723502304137,302.07,3.1806834008035203,302.07,0,25,20,20,280.72,277.455,279.0875,338.415,291.09,,,,,,294.38999999999993,298.76999999999987,306.44999999999993,310.82999999999987,286.70999999999987,282.3299999999999,274.64999999999986,0,0,0,0,0,0,0,0,0,0,0,0,0,0,0,0,0,0,0,0,0,0,,,,,,,,,,,,,,,,,,USD,1.0,stock,25.0
2026-07-20,284.51,295.41,279.44,293.82,4582313,273.80075,307.9125,483.1633,283.23135344724574,308.4511754346585,361.3681582345758,442.972645474473,65.18272425249168,-2.9579098669519794,-8.484094987636109,5.526185120684129,0,13.528214285714288,0.5,0.05,4420258.2,5137356.15,1.0366618402517753,0.8919593787555491,80.79608938547486,81.97797409585915,9.310000000000002,1.5900000000000318,5.069999999999993,,0,3.603786860239009,6.8134402014839015,-4.79630385950583,-64.44193724048738,1,,,0.9378542718746941,1.4011595803423482,10.044943820224717,302.07,3.738514971551863,302.07,0,25,20,20,280.72,277.455,279.0875,338.415,293.82,,,,,,289.5566666666667,299.67333333333335,305.5266666666667,315.6433333333334,283.7033333333333,273.58666666666664,267.7333333333333,0,0,0,0,0,0,0,0,0,0,0,0,0,0,0,0,0,0,0,0,0,0,,,,,,,,,,,,,,,,,,USD,1.0,stock,25.0
2026-07-21,280.06,295.38,278.96,289.92,3176216,275.40825,305.57529999999997,481.2154,283.86836740465094,307.7244626725151,359.9533432200297,441.44973357920463,66.28378378378378,-2.2190889483044884,-7.231093779769785,5.012004831465297,0,14.180357142857149,0.5,0.05,4255975.8,4978257.4,0.7462955968875575,0.6380176324349962,71.54566744730683,75.59436587163485,9.860000000000014,5.4599999999999795,1.1000000000000227,,0,2.0873456799631196,5.005432533112584,-5.3998689293598074,-65.98213300220749,1,,,-1.3273432713906352,2.651984562546472,12.472359079799844,302.07,2.1318446471080543,302.07,0,25,20,20,280.72,277.455,279.0875,338.415,289.92,,,,,,288.08666666666664,297.2133333333333,304.50666666666666,313.6333333333333,280.7933333333333,271.66666666666663,264.3733333333333,0,0,0,0,0,0,0,0,0,0,0,0,0,0,0,0,0,0,0,0,0,0,,,,,,,,,,,,,,,,,,USD,1.0,stock,25.0
2026-07-22,294.55,296.44,284.0,284.47,3004659,276.72925,303.3385,479.22845,283.9256657470651,306.81252295986747,358.45862355230634,439.88774618040657,59.86163094022911,-2.0497097220330147,-6.194816968222431,4.145107246189417,0,13.986785714285721,0.5,0.05,4127405.3,4839404.15,0.7279776958177575,0.6208737495090175,58.78220140515229,70.374652745978,10.079999999999984,1.8899999999999864,0.4700000000000273,,0,0.19135031916718895,2.721112946883695,-6.63286111013463,-68.46361655007557,1,,,-1.8798289183222905,1.705398641401512,10.238325905832202,302.07,0.19171717058500165,302.07,0,25,20,20,286.885,277.455,282.16999999999996,338.415,284.47,,,,,,288.30333333333334,292.6066666666667,300.74333333333334,305.0466666666667,280.1666666666667,275.86333333333334,267.7266666666667,0,0,0,0,0,0,0,0,0,0,0,0,0,0,0,0,0,0,0,0,0,0,,,,,,,,,,,,,,,,,,USD,1.0,stock,25.0
2026-07-23,289.1,289.89,278.94,281.53,2493819,277.694,301.1033,477.2364,283.6975071044875,305.82105147124526,356.9352844720627,438.3120472134374,53.73008208594878,-2.128176599204494,-5.381488894418844,3.25331229521435,0,14.038214285714291,0.5,0.05,3975454.5,4701622.15,0.6273041233398596,0.5304167201101007,51.89695550351282,60.741608118657304,7.57000000000005,0.7899999999999636,2.589999999999975,,0,-0.7699027117847217,1.3625546122970753,-6.952473981458467,-69.51529144318546,1,,,-1.0335008964038606,-4.498117303843429,7.357904169923901,302.07,-0.7640204972577432,302.07,0,25,20,20,286.885,277.455,282.16999999999996,338.415,281.53,,,,,,283.4533333333333,287.96666666666664,294.4033333333333,298.91666666666663,277.01666666666665,272.50333333333333,266.06666666666666,0,0,0,0,0,0,0,0,0,0,0,0,0,0,0,0,0,0,0,0,0,0,,,,,,,,,,,,,,,,,,USD,1.0,stock,25.0
2026-07-24,286.64,296.7,286.3,296.33,3456672,279.75699999999995,299.2751,475.36760000000004,284.90060166596487,305.4488533743337,355.7351798290515,436.8992905247465,62.808429524515496,-0.9847739918693605,-4.502145913908947,3.5173719220395867,1,14.286785714285722,0.5,0.05,4063643.7,4658643.95,0.8506336320775367,0.7419910250921837,86.5573770491803,65.7455113192818,9.689999999999998,0.37000000000000455,0.339999999999975,,0,3.85698320589718,5.592751324536847,-0.9938581986299143,-60.418317416393904,1,,,5.256988598017975,1.8001305438180681,16.175951699533453,302.07,4.011714354831601,302.07,0,25,20,20,286.885,277.455,282.16999999999996,338.415,296.33,,,,,,293.10999999999996,299.9199999999999,303.50999999999993,310.3199999999999,289.5199999999999,282.71,279.11999999999995,0,0,0,0,0,0,0,0,0,0,0,0,0,0,0,0,0,0,0,0,0,0,,,,,,,,,,,,,,,,,,USD,1.0,stock,25.0
2026-07-27,304.96,310.12,299.6286,303.91,3828018,281.5665,297.9191,473.5972,286.7110205549206,305.3885061831834,354.7089386443178,435.57601400211223,62.228436222843605,0.5269491220469718,-3.496326906717764,4.023276028764736,1,14.439642857142863,0.5,0.05,3789974.8,4311083.3,1.0100378503835963,0.8879480477679473,87.7635467980296,75.40595978357425,1.0499999999999545,5.160000000000025,4.281400000000019,,0,5.659234459241035,7.352012108848016,1.971274390444543,-55.834687901023315,1,,,2.5579590321600953,3.4340752841875988,13.517854474824432,310.12,5.998715853960312,310.12,0,25,20,20,293.8425,281.48,287.66125,338.415,303.91,,,,,,304.55286666666666,309.4771333333333,315.04426666666666,319.9685333333333,298.9857333333333,294.06146666666666,288.4943333333333,0,0,0,0,0,0,0,0,0,0,0,0,0,0,0,0,0,0,0,0,0,0,,,,,,,,,,,,,,,,,,USD,1.0,stock,25.0
2026-07-28,305.73,319.99,305.73,312.99,5763178,283.896,296.6131,471.87314999999995,289.213780502071,305.6866039799213,353.8828210474006,434.3562526687579,71.98623507904071,2.4296729392515317,-2.3111269375239045,4.740799876775436,1,14.72321428571429,0.5,0.05,3836147.9,4329136.9,1.5023346727585765,1.3312533498305401,88.45265588914549,87.59119324545179,7.259999999999991,7.0,0.0,,0,7.596478960327484,9.29550464871082,5.232403591169057,-50.76301159781461,1,,,2.9877266295942784,7.95736754966887,17.488738738738753,319.99,8.220984303256163,319.99,0,25,20,20,298.77750000000003,286.415,292.59625000000005,338.415,312.99,,,,,,312.90333333333336,320.0766666666667,327.16333333333336,334.3366666666667,305.8166666666667,298.6433333333334,291.55666666666673,0,0,0,0,0,0,0,0,0,0,0,0,0,0,0,0,0,0,0,0,0,0,,,,,,,,,,,,,,,,,,USD,1.0,stock,27.0
2026-07-30,317.0,318.99,303.8,315.5,4683063,286.621,295.06309999999996,470.22605,291.71722997806427,306.07144303953226,353.1227651850759,433.1736033884718,72.35194226278918,4.0929503123975906,-1.0303114875396056,5.123261799937196,1,14.773214285714289,0.5,0.05,3965447.6,4300261.5,1.1809670615745873,1.0890181911030294,90.70200869745287,88.97273712820932,1.5,1.990000000000009,11.699999999999989,,0,7.538120450692784,9.153407290015855,6.477622820919188,-49.04153724247226,1,,,0.8019425540751968,10.908004358983359,20.881226053639846,319.99,8.15267923109104,319.99,0,25,20,20,299.46500000000003,286.6,293.0325,338.415,315.5,,,,,,312.7633333333333,321.72666666666663,327.9533333333333,336.91666666666663,306.53666666666663,297.5733333333333,291.34666666666664,0,0,0,0,0,0,0,0,0,0,0,0,0,0,0,0,0,0,0,0,0,0,,,,,,,,,,,,,,,,,,USD,1.0,stock,27.0
2026-07-31,310.425,317.53,306.81,316.07,3115372,289.0705,293.3213,468.59745000000004,294.0365414087248,306.46354331249177,352.38904706259916,432.00839340450693,72.05235489754315,5.394914632527389,0.25473373647379327,5.140180896053596,1,14.967500000000001,0.5,0.05,3773063.1,4215662.05,0.825687754864211,0.73899946510181,91.88237730378957,90.34568063012931,5.644999999999982,1.4599999999999795,3.615000000000009,,0,6.971069254049792,8.542253298319997,7.197361344006071,-48.257490429335284,1,,,0.1806656101426274,12.268674741590612,18.342818631121773,319.99,7.49344230676677,319.99,0,25,20,20,299.46500000000003,286.6,293.0325,338.415,316.07,,,,,,313.46999999999997,320.12999999999994,324.18999999999994,330.8499999999999,309.40999999999997,302.75,298.69,0,0,0,0,0,0,0,0,0,0,0,0,0,0,0,0,0,0,0,0,0,0,,,,,,,,,,,,,,,,,,USD,1.0,stock,27.0
2026-08-03,324.345,331.15,317.77,318.39,4026371,291.22249999999997,291.6949,466.911,296.3559184174177,306.9312474963156,351.715798605914,430.8778621268502,67.73194599281553,6.5385628647370595,1.5114995621264466,5.027063302610613,0,14.541785714285712,0.5,0.05,3812968.1,4164492.55,1.0559676594199674,0.9668335221298451,78.53658536585367,87.04032378903203,5.955000000000041,6.80499999999995,0.6200000000000045,,0,6.920469104740194,8.532774270548703,8.3844027764691,-46.64750777348535,1,,,0.7340146170152106,7.444403199136107,15.631015071726884,331.15,7.435006427490094,331.15,0,25,20,20,305.04499999999996,292.18,298.61249999999995,338.415,318.39,,,,,,322.43666666666667,327.10333333333335,335.81666666666666,340.48333333333335,313.72333333333336,309.0566666666667,300.34333333333336,0,0,0,0,0,0,0,0,0,0,0,0,0,0,0,0,0,0,0,0,0,0,,,,,,,,,,,,,,,,,,USD,1.0,stock,25.0
2026-08-04,311.19,324.37,309.047,323.6,3489661,293.7955,290.48830000000004,465.2432,298.9505928538541,307.5849240650876,351.1590501186682,429.8104207126527,76.18623584785645,7.775682558180733,2.7643361613373045,5.011346396843429,0,14.346285714285711,0.5,0.05,3703702.9,4061980.55,0.9422086744592824,0.8591033258394111,85.91023607352813,85.44306624772378,12.410000000000025,0.7699999999999818,2.1429999999999723,,0,7.617245718833715,9.210290482076642,10.23229295426452,-43.77107540173052,1,,,1.636357925814269,6.47889177717087,18.90938487543177,331.15,8.245311344204655,331.15,0,25,20,20,305.04499999999996,295.13,300.0875,338.415,323.6,,,,,,319.0056666666667,328.96433333333334,334.32866666666666,344.2873333333333,313.64133333333336,303.6826666666667,298.3183333333334,0,0,0,0,0,0,0,0,0,0,0,0,0,0,0,0,0,0,0,0,0,0,,,,,,,,,,,,,,,,,,USD,1.0,stock,27.0
2026-08-05,327.31,328.79,320.44,327.94,3646005,296.134,290.9057,463.61945,301.71148877253466,308.38316233704495,350.6992669480015,428.7967846856611,80.06731488406876,9.002534938420808,4.011975916754006,4.990559021666803,0,14.173428571428571,0.5,0.05,3750681.8,4003328.8,0.9720912608475611,0.9107433294012723,94.00951758887751,86.15211300941978,0.6299999999999955,0.8500000000000227,6.8700000000000045,,0,7.997960366977293,9.698725376593273,11.293010916631083,-41.373254253826914,1,,,1.3411619283065335,4.776510431643177,16.634064800654393,331.15,8.693242452971171,331.15,0,25,20,20,305.04499999999996,295.13,300.0875,321.67,327.94,,,,,,325.72333333333336,331.0066666666667,334.0733333333334,339.35666666666674,322.6566666666667,317.37333333333333,314.3066666666667,0,0,0,0,0,0,0,0,0,0,0,0,0,0,0,0,0,0,0,0,0,0,,,,,,,,,,,,,,,,,,USD,1.0,stock,28.75
2026-08-06,319.7,322.65,316.05,321.91,2955772,298.6245,290.9451,461.99405,303.63515650848376,308.9136265591216,350.1291824539817,427.73323458928644,69.05564924114668,9.38012543646164,5.085605820695533,4.294519615766107,0,13.530928571428571,0.5,0.05,3745793.1,3936599.2,0.7890911006269941,0.7508440280128086,82.30224095000966,87.40733153747176,2.2100000000000364,0.7399999999999523,3.6499999999999773,,0,5.677003973631221,7.233543537013455,9.619117144543505,-43.5165263582989,1,,,-1.838750991034932,2.0316957210776643,18.305769937522975,331.15,6.018684957848632,331.15,0,25,20,20,308.725,295.13,301.9275,308.0075,321.91,,,,,,320.2033333333334,324.35666666666674,326.80333333333334,330.9566666666667,317.7566666666668,313.6033333333334,311.1566666666668,0,0,0,0,0,0,0,0,0,0,0,0,0,0,0,0,0,0,0,0,0,0,,,,,,,,,,,,,,,,,,USD,1.0,stock,25.0
2026-08-07,327.0,336.3,324.64,325.25,2975823,301.21799999999996,291.3631,460.31335,305.6937130314853,309.55426865484236,349.63652537568504,426.7135009117811,74.12429378531075,9.835501177816013,6.03558489211963,3.7999162856963835,0,13.697357142857141,0.5,0.05,3793993.5,3884724.0,0.7843511065583006,0.7660320269857009,80.73570432357042,85.6824876208192,1.75,9.300000000000011,0.6100000000000136,,0,6.012693918067552,7.388777863182179,10.418724058416611,-41.52601076095312,1,,,1.0375570811717472,2.904419906982625,18.97358987489941,336.3,6.397346800030686,336.3,0,25,20,20,317.9643,297.83500000000004,307.89965,308.0075,325.25,,,,,,328.73,332.82000000000005,340.39000000000004,344.4800000000001,321.16,317.07,309.5,0,0,0,0,0,0,0,0,0,0,0,0,0,0,0,0,0,0,0,0,0,0,,,,,,,,,,,,,,,,,,USD,1.0,stock,27.0
2026-08-10,322.815,334.5,321.6559,334.43,2700352,304.1915,291.89709999999997,458.66165,308.4305022665819,310.5297875311231,349.33540606131504,425.79525712161416,76.28478964401296,10.812499252349312,6.990967764165566,3.821531488183746,1,13.474078571428569,0.5,0.05,3718361.5,3891002.6,0.7262209443594981,0.6939990222571426,96.73988842398883,86.59261123252297,11.615000000000009,0.06999999999999318,1.1591000000000236,,0,7.77427196525972,9.04180246987411,12.718027688903518,-37.14728044732829,1,,,2.8224442736356714,5.0378466660385035,21.62860052371256,336.3,8.429613005962121,336.3,0,25,20,20,320.05,297.83500000000004,308.9425,308.0075,334.43,,,,,,330.19530000000003,338.7347000000001,343.03940000000006,351.5788000000001,325.89060000000006,317.3512,313.04650000000004,0,0,0,0,0,0,0,0,0,0,0,0,0,0,0,0,0,0,0,0,0,0,,,,,,,,,,,,,,,,,,USD,1.0,stock,27.0
2026-08-11,332.27,338.09,330.18,336.44,2888833,306.5255,292.3659,456.96865,311.09807347928836,311.54587429460844,349.08005148584346,424.9061500855782,80.86518046709128,11.615076099891382,7.9157894313107295,3.699286668580653,0,12.866221428571423,0.5,0.05,3624443.0,3707208.9,0.7970419178891763,0.7792474278964965,97.21048182586648,91.56202485780857,4.170000000000016,1.6499999999999773,2.089999999999975,,0,7.53237620993688,8.891481393413379,13.100136725716322,-35.824708714778275,1,,,0.6010226355291026,3.9678615574783693,16.10988404196576,338.09,8.14596060891351,338.09,0,25,20,20,320.945,298.73,309.8375,308.0075,336.44,,,,,,334.90333333333336,339.6266666666667,342.81333333333333,347.5366666666667,331.71666666666675,326.9933333333334,323.8066666666668,0,0,0,0,0,0,0,0,0,0,0,0,0,0,0,0,0,0,0,0,0,0,,,,,,,,,,,,,,,,,,USD,1.0,stock,28.75
2026-08-12,331.79,336.98,328.6,334.71,2546529,309.1395,292.4295,455.28835,313.3468283860228,312.4542713810944,348.7954960108762,424.00867595537346,85.06420993858174,11.97350438671333,8.72733242239125,3.2461719643220803,0,12.576221428571424,0.5,0.05,3302778.1,3569463.0,0.7710263671664772,0.7134207582485097,94.28571428571429,96.07869484518987,2.919999999999959,2.2700000000000387,3.1899999999999977,,0,6.38259138178637,7.639598458366939,12.631979922918335,-36.024722894445944,1,,,-0.5142075853049599,2.0644020247606143,18.51078143256735,338.09,6.817739858422669,338.09,0,25,20,20,322.45,298.73,310.59000000000003,308.0075,334.71,,,,,,333.43,338.26,341.81,346.64,329.88,325.05,321.5,0,0,0,0,0,0,0,0,0,0,0,0,0,0,0,0,0,0,0,0,0,0,,,,,,,,,,,,,,,,,,USD,1.0,stock,28.75
2026-08-13,336.95,361.095,336.775,358.29,4604067,313.069,292.52009999999996,453.69120000000004,317.6271304444968,314.25175093477696,348.9835059908589,423.3547587816882,91.5908105765063,13.998899718135476,9.781645881540095,4.217253836595381,1,13.678721428571427,0.5,0.05,3294878.5,3630163.05,1.397340448213796,1.2682810486983498,96.24974931479376,95.91531514212484,21.340000000000032,2.805000000000007,0.17500000000001137,,0,11.349150005722521,12.621340255100616,18.356610566859267,-26.62681068408273,1,,,7.044904544232322,11.301295393122302,28.097962102252417,361.095,12.802076919121614,361.095,0,25,20,20,335.071,310.2325,322.65175,308.0075,358.29,,,,,,352.05333333333334,367.3316666666667,376.3733333333334,391.65166666666676,343.01166666666666,327.7333333333333,318.6916666666666,0,0,0,0,0,0,0,0,0,0,0,0,0,0,0,0,0,0,0,0,0,0,,,,,,,,,,,,,,,,,,USD,1.0,stock,30.25
2026-08-14,362.0,362.0,344.95,345.66,3226264,315.6125,292.9905,452.00405,320.29692754502094,315.48344697655045,348.91769399103987,422.581676604756,77.37210076573079,14.418694924028841,10.709055690037845,3.7096392339909965,0,13.813007142857142,0.5,0.05,3305967.7,3539515.4,0.9758909622740718,0.9114987887889964,73.80209519106518,88.11251959719107,16.339999999999975,0.0,0.7100000000000364,,0,7.337578098414363,8.692790603483195,15.237371984030556,-30.7655065671469,1,,,-3.5250774512266547,6.275172943889329,17.25635197937514,362.0,7.918612472926097,362.0,0,25,20,20,335.5235,310.685,323.10425,308.0075,345.66,,,,,,350.87000000000006,356.79000000000013,367.9200000000001,373.84000000000015,339.7400000000001,333.82000000000005,322.6900000000001,0,0,0,0,0,0,0,0,0,0,0,0,0,0,0,0,0,0,0,0,0,0,,,,,,,,,,,,,,,,,,USD,1.0,stock,27.0
2026-08-17,339.08,344.58,332.1,335.6,3530189,317.838,293.4737,450.2651,321.7543630169237,316.2723314088426,348.653977278346,421.71618728530575,67.11307916621666,13.780771567688532,11.323398865567983,2.4573727021205496,0,13.796578571428569,0.5,0.05,3256349.5,3534658.8,1.084094013864298,0.9987354366424279,54.639175257731985,74.89700658786364,3.4799999999999613,5.5,3.5,,0,4.125636764921426,5.292610250297973,12.55253277711562,-34.16719308700834,1,,,-2.9103743563038798,0.34984899680052806,15.29080353155383,362.0,4.303169925421663,362.0,0,25,20,20,339.025,316.85,327.9375,307.42,335.6,,,,,,337.4266666666667,342.75333333333333,349.90666666666664,355.2333333333333,330.27333333333337,324.9466666666667,317.7933333333334,0,0,0,0,0,0,0,0,0,0,0,0,0,0,0,0,0,0,0,0,0,0,,,,,,,,,,,,,,,,,,USD,1.0,stock,25.0
2026-08-18,348.01,355.86,343.0,350.41,3892939,320.6675,294.4423,448.6225,324.48347130102627,317.61106351045663,348.68875000550753,421.00667298395945,69.02969894222946,14.305352737875637,11.919789640029515,2.3855630978461217,0,14.095149999999999,0.5,0.05,3296677.3,3500190.1,1.1808674752606207,1.112207876937884,80.08591065292102,69.5090603672394,2.400000000000034,5.449999999999989,5.009999999999991,,0,7.398912330976215,8.487914157700981,15.972061299620455,-28.027881624382857,1,,,4.412991656734211,4.152300558792077,19.260091212306875,362.0,7.9900922518550965,362.0,0,25,20,20,339.025,316.85,327.9375,307.42,350.41,,,,,,349.75666666666666,356.5133333333333,362.6166666666667,369.37333333333333,343.6533333333333,336.89666666666665,330.7933333333333,0,0,0,0,0,0,0,0,0,0,0,0,0,0,0,0,0,0,0,0,0,0,,,,,,,,,,,,,,,,,,USD,1.0,stock,25.0
2026-08-19,349.32,365.38,349.32,362.47,4016392,324.295,295.75649999999996,447.15465000000006,328.1012359390238,319.3702374904387,348.96164604500245,420.4242185264076,71.77157689811811,15.515376700411082,12.63890705210583,2.8764696483052514,1,14.157292857142854,0.5,0.05,3333716.0,3542198.9,1.2047792913373545,1.133869698847233,95.03158613624728,76.58555734896676,13.150000000000034,2.909999999999968,0.0,,0,9.481823064247031,10.531906088779763,18.4052473308136,-23.363216266173758,1,,,3.441682600382401,8.293746825610238,25.024144591611485,365.38,10.475048642414594,365.38,0,25,20,20,343.51795,318.53999999999996,331.02897499999995,309.11,362.47,,,,,,359.0566666666667,368.79333333333335,375.1166666666667,384.85333333333335,352.73333333333335,342.99666666666667,336.67333333333335,0,0,0,0,0,0,0,0,0,0,0,0,0,0,0,0,0,0,0,0,0,0,,,,,,,,,,,,,,,,,,USD,1.0,stock,27.0
2026-08-20,363.09,366.63,358.385,361.87,3288045,328.165,296.8837,445.68309999999997,331.31730870673584,321.0368948437548,349.21725701440835,419.8415894863439,71.22335495829472,16.238724514928492,13.358870544670364,2.8798539702581287,1,13.980507142857144,0.5,0.05,3366943.3,3556368.2,0.9765667868538208,0.9245513442618231,91.73367139607176,88.95038939508002,1.2199999999999704,3.5400000000000205,3.4850000000000136,,0,8.443001987803399,9.314118329786936,17.958465747367846,-23.16110758007018,1,,,-0.16553094049163164,0.9991905997934536,27.2084929869582,366.63,9.221580186234021,366.63,0,25,20,20,344.14295,322.09749999999997,333.120225,309.735,361.87,,,,,,362.295,366.20500000000004,370.54,374.45000000000005,357.96000000000004,354.05,349.71500000000003,0,0,0,0,0,0,0,0,0,0,0,0,0,0,0,0,0,0,0,0,0,0,,,,,,,,,,,,,,,,,,USD,1.0,stock,27.0
2026-08-21,364.94,371.7,360.07,367.0,3448609,332.43850000000003,298.3481,444.18035000000003,334.7156602584753,322.8393695557644,349.5693905388755,419.3158025262808,71.9537530485051,17.029624090234904,14.093021253783274,2.9366028364516303,1,13.734078571428572,0.5,0.05,3414221.9,3604107.7,1.0100717238091643,0.9568551461433852,92.49836400491598,93.08787384574502,2.0600000000000023,4.699999999999989,4.8700000000000045,,0,8.796822817854148,9.417302452316068,18.70623978201635,-21.03006811989102,1,,,1.4176361676845328,6.173696696175424,30.3591091535538,371.7,9.645303036193166,371.7,0,25,20,20,350.15,324.6325,337.39125,312.27,367.0,,,,,,366.25666666666666,372.4433333333333,377.88666666666666,384.0733333333333,360.81333333333333,354.62666666666667,349.18333333333334,0,0,0,0,0,0,0,0,0,0,0,0,0,0,0,0,0,0,0,0,0,0,,,,,,,,,,,,,,,,,,USD,1.0,stock,27.0
