date,open,high,low,close,volume,SMA_20,SMA_50,SMA_200,EMA_20,EMA_50,EMA_100,EMA_200,RSI_14,MACD,MACD_Signal,MACD_Hist,MACD_Hist_Subiendo,ATR_14,BB_PctB,BB_Width,Vol_SMA_10,Vol_SMA_20,VolRel10,VolRel20,Stoch_K,Stoch_D,Body,Mecha_Sup,Mecha_Inf,Position_52w_Pct,RS_vs_SPY,Dist_EMA_20_pct,Dist_SMA_20_pct,Dist_SMA_50_pct,Dist_SMA_200_pct,Dist_BUY_ZONE,High_52W,Low_52W,Ret_1,Ret_5,Ret_20,Swing_High_20,Dist_EMA_20,TP_Dinamico,VWAP,ADX_14,Plus_DI,Minus_DI,Tenkan,Kijun,Senkou_A,Senkou_B,Chikou,Fib_236,Fib_382,Fib_500,Fib_618,Fib_786,Pivot_PP,Pivot_R1,Pivot_R2,Pivot_R3,Pivot_S1,Pivot_S2,Pivot_S3,Vol_Dryup,Vol_Climax,BB_Squeeze,BB_Breakout,MACD_Cross_Up,Golden_Cross,SMA20_Cross_Up,Oversold,Overbought,Trend_Up,Breakout_Vol,TP_Agotamiento,Vol_Climax_Up,MACD_Divergence,Trend_Weakness,Overextended,Exhaustion_Gap,Stoch_Extreme,Stop_Loss_Triggered,BUY_ZONE,ACC,REB,ROIC,ROE,Net_Margin,Gross_Margin,Operating_Margin,EBITDA_Margin,Current_PE,Current_PB,Current_EV_EBITDA,Current_EV_Sales,Current_FCF_Yield,Market_Cap,PE_5y_mean,PE_5y_max,PE_5y_min,PE_5y_pct,PE_5y_signal,Currency,FX_Rate,Asset_Type,Risk_Score
2025-08-22,2347.5,2461.935,2347.5,2430.62,436344,,,,2430.62,2430.62,2430.62,2430.62,,0.0,0.0,0.0,0,,0.5,0.05,,,,,,,83.11999999999989,31.315000000000055,0.0,,0,0.0,,,,0,,,,,,,0.0,,0,25,20,20,,,,,2430.62,,,,,,2413.3516666666665,2479.203333333333,2527.7866666666664,2593.638333333333,2364.768333333333,2298.9166666666665,2250.333333333333,0,0,0,0,0,0,0,0,0,0,0,0,0,0,0,0,0,0,0,0,0,0,,,,,,,,,,,,,,,,,,USD,1.0,stock,25.0
2025-08-25,2421.76,2440.0,2385.01,2407.74,199676,,,,2428.4409523809522,2429.7227450980395,2430.166930693069,2430.392338308458,,-1.8251851851850915,-0.36503703703701834,-1.4601481481480731,0,,0.5,0.05,,,,,,,14.020000000000437,18.23999999999978,22.729999999999563,,0,-0.8597669341769651,,,,0,,,-0.9413236129053537,,,,-0.852437954509716,,0,25,20,20,,,,,2407.74,,,,,,2410.9166666666665,2436.823333333333,2465.9066666666663,2491.8133333333326,2381.833333333333,2355.9266666666667,2326.8433333333332,0,0,0,0,0,0,0,0,0,0,0,0,0,0,0,0,0,0,0,0,0,0,,,,,,,,,,,,,,,,,,USD,1.0,stock,25.0
2025-08-26,2408.0,2426.9484,2375.0,2405.53,409826,,,,2426.2589569160996,2428.7740099961557,2429.6790706793445,2430.144951857628,,-3.4106700432630532,-0.9741636382822254,-2.436506404980828,0,,0.5,0.05,,,,,,,2.4699999999998,18.94840000000022,30.5300000000002,,0,-0.8617209893910854,,,,0,,,-0.09178731922879768,,,,-0.8543588002843254,,0,25,20,20,,,,,2405.53,,,,,,2402.4928,2429.9856,2454.4412,2481.934,2378.0371999999998,2350.5443999999998,2326.0887999999995,0,0,0,0,0,0,0,0,0,0,0,0,0,0,0,0,0,0,0,0,0,0,,,,,,,,,,,,,,,,,,USD,1.0,stock,25.0
2025-08-27,2380.07,2425.0,2380.07,2413.43,224192,,,,2425.0371514955186,2428.1722841139535,2429.357306903516,2429.978633928696,,-3.983791569753521,-1.5760892245764846,-2.4077023451770363,1,,0.5,0.05,,,,,,,33.35999999999967,11.570000000000164,0.0,,0,-0.480940051939306,,,,0,,,0.3284099553944264,,,,-0.47863808966228294,,0,25,20,20,,,,,2413.43,,,,,,2406.1666666666665,2432.263333333333,2451.0966666666664,2477.1933333333327,2387.333333333333,2361.2366666666667,2342.403333333333,0,0,0,0,0,0,0,0,0,0,0,0,0,0,0,0,0,0,0,0,0,0,,,,,,,,,,,,,,,,,,USD,1.0,stock,25.0
2025-08-28,2396.97,2504.37,2396.97,2472.29,373338,,,,2429.5374227816596,2429.902390619289,2430.20745924206,2430.399642546321,,0.30796554276548704,-1.1992782711080903,1.5072438138735773,1,,0.5,0.05,,,,,,,75.32000000000016,32.07999999999993,0.0,,0,1.7292703209712583,,,,0,,,2.4388525873963562,,,,1.7597002959267631,,0,25,20,20,,,,,2472.29,,,,,,2457.8766666666666,2518.7833333333333,2565.2766666666666,2626.1833333333334,2411.383333333333,2350.4766666666665,2303.983333333333,0,0,0,0,0,0,0,0,0,0,0,0,0,0,0,0,0,0,0,0,0,0,,,,,,,,,,,,,,,,,,USD,1.0,stock,25.0
2025-08-29,2484.0,2503.24,2446.3,2472.91,292510,,,,2433.6681444215014,2431.5889635361796,2431.0530541085536,2430.8226311777007,,3.7164024196072205,-0.21614213296502804,3.9325445525722484,1,,0.5,0.05,,,,,,,11.090000000000146,19.23999999999978,26.609999999999673,,0,1.5868695414915392,,,,0,,,0.025077964154696097,1.73988529675555,,,1.61245713259835,,0,25,20,20,,,,,2472.91,,,,,,2474.15,2502.0,2531.0899999999997,2558.9399999999996,2445.0600000000004,2417.2100000000005,2388.120000000001,0,0,0,0,0,0,0,0,0,0,0,0,0,0,0,0,0,0,0,0,0,0,,,,,,,,,,,,,,,,,,USD,1.0,stock,25.0
2025-09-02,2424.55,2438.777,2365.44,2379.76,360087,,,,2428.5340354289774,2429.556455162212,2430.0373500668,2430.3145452953354,,-1.0862912229763424,-0.39017195096729096,-0.6961192720090514,0,,0.5,0.05,,,,,,,44.789999999999964,14.226999999999862,14.320000000000164,,0,-2.049535895593555,,,,0,,,-3.766817231520747,-1.1620856072499297,,,-2.00837355859259,,0,25,20,20,,,,,2379.76,,,,,,2394.659,2423.878,2467.996,2497.215,2350.541,2321.322,2277.204,0,0,0,0,0,0,0,0,0,0,0,0,0,0,0,0,0,0,0,0,0,0,,,,,,,,,,,,,,,,,,USD,1.0,stock,25.0
2025-09-03,2367.87,2380.26,2342.7123,2373.12,302358,,,,2423.256508245265,2427.3432608421253,2428.910273827854,2429.7454453421483,,-5.366392609923878,-1.3854160827586084,-3.9809765271652697,0,,0.5,0.05,,,,,,,5.25,7.140000000000327,25.15769999999975,,0,-2.1126832290514304,,,,0,,,-0.27901973308234185,-1.3473122347258282,,,-2.0689723962227293,,0,25,20,20,,,,,2373.12,,,,,,2365.3641000000002,2388.0159000000003,2402.9118000000003,2425.5636000000004,2350.4682000000003,2327.8164,2312.9205,0,0,0,0,0,0,0,0,0,0,0,0,0,0,0,0,0,0,0,0,0,0,,,,,,,,,,,,,,,,,,USD,1.0,stock,25.0
2025-09-04,2376.68,2421.755,2372.11,2417.8,270736,,,,2422.7368407933354,2426.969015318905,2428.69026840552,2429.62658518949,,-5.094376401863428,-2.1272081465795725,-2.967168255283856,1,,0.5,0.05,,,,,,,41.120000000000346,3.9549999999999272,4.569999999999709,,0,-0.20418731050274008,,,,0,,,1.8827535059331213,0.1810700952586286,,,-0.20377123549739973,,0,25,20,20,2423.54115,,,,2417.8,,,,,,2403.8883333333333,2435.6666666666665,2453.5333333333333,2485.3116666666665,2386.0216666666665,2354.2433333333333,2336.3766666666666,0,0,0,0,0,0,0,0,0,0,0,0,0,0,0,0,0,0,0,0,0,0,,,,,,,,,,,,,,,,,,USD,1.0,stock,25.0
2025-09-05,2421.63,2450.22,2321.3325,2417.49,493514,,,,2422.237141670161,2426.597289227968,2428.468480912341,2429.5058231478038,,-4.847932063333246,-2.6713529299303076,-2.1765791334029387,1,,0.5,0.05,336258.1,,1.467664273366203,,,,4.140000000000327,28.58999999999969,96.1574999999998,,0,-0.196366548368804,,,,0,,,-0.01282157333114542,-2.216568444640399,,,-0.19598170585757718,,0,25,20,20,2412.8512499999997,,,,2417.49,,,,,,2396.3475,2471.3624999999997,2525.2349999999997,2600.2499999999995,2342.475,2267.46,2213.5875,0,0,0,0,0,0,0,0,0,0,0,0,0,0,0,0,0,0,0,0,0,0,,,,,,,,,,,,,,,,,,USD,1.0,stock,25.0
2025-09-08,2361.11,2373.93,2298.04,2346.96,789149,,,,2415.0678900825264,2423.4742582778513,2426.854451587344,2428.6844716736964,,-10.225926589404025,-4.182267661825051,-6.043658927578974,0,,0.5,0.05,371538.6,,2.1240027281149256,,,,14.150000000000091,12.819999999999709,48.92000000000007,,0,-2.9019621162067697,,,,0,,,-2.9174888003673183,-5.093189804723986,,,-2.8201232090497905,,0,25,20,20,2401.205,,,,2346.96,,,,,,2339.643333333333,2381.246666666666,2415.533333333333,2457.136666666666,2305.356666666666,2263.753333333333,2229.4666666666662,0,0,0,0,0,0,0,0,0,0,0,0,0,0,0,0,0,0,0,0,0,0,,,,,,,,,,,,,,,,,,USD,1.0,stock,25.0
2025-09-09,2348.21,2378.24,2341.33,2373.01,272591,,,,2411.062376741333,2421.4952677571514,2425.788224823238,2428.130496831172,,-12.244857610235613,-5.794785651507164,-6.450071958728449,0,,0.5,0.05,378830.1,,0.7195600349602632,,,,24.800000000000182,5.229999999999563,6.880000000000109,,0,-1.6035489416956885,,,,0,,,1.109946483962232,-0.2836420479376045,,,-1.5782410736615817,,0,25,20,20,2401.205,,,,2373.01,,,,,,2364.193333333333,2387.0566666666664,2401.103333333333,2423.9666666666662,2350.1466666666665,2327.2833333333333,2313.2366666666667,0,0,0,0,0,0,0,0,0,0,0,0,0,0,0,0,0,0,0,0,0,0,,,,,,,,,,,,,,,,,,USD,1.0,stock,25.0
2025-09-10,2377.0,2402.885,2318.42,2348.99,415705,,,,2405.150721813587,2418.6519239235377,2424.267467896045,2427.343029201011,,-15.603223992822222,-7.756473319770176,-7.846750673052046,0,,0.5,0.05,379418.0,,1.0956385833039024,,,,28.01000000000022,25.88500000000022,30.56999999999971,,0,-2.3908455043907093,,,,0,,,-1.0122165519740989,-1.0168048813376518,,,-2.3350188120950572,,0,25,20,20,2401.205,,,,2348.99,,,,,,2356.765,2395.1099999999997,2441.23,2479.575,2310.6449999999995,2272.2999999999997,2226.1799999999994,0,0,0,0,0,0,0,0,0,0,0,0,0,0,0,0,0,0,0,0,0,0,,,,,,,,,,,,,,,,,,USD,1.0,stock,25.0
2025-09-11,2357.08,2372.31,2331.555,2338.2,331253,,,,2398.7744625932455,2415.4969465147715,2422.563161601074,2426.456033885578,37.46473524305555,-18.917348947921255,-9.988648445400392,-8.928700502520863,0,73.9838285714285,0.5,0.05,390124.1,,0.8490964798124495,,19.46396549217267,,18.88000000000011,15.230000000000018,6.644999999999982,,0,-2.590645051460341,,,,0,,,-0.4593463573706158,-3.2922491521217734,,,-2.5252254239758916,,0,25,20,20,2400.64,,,,2338.2,,,,,,2347.355,2363.155,2388.11,2403.9100000000003,2322.4,2306.6,2281.645,0,0,0,0,0,0,0,0,0,0,0,0,0,0,0,0,0,0,0,0,0,0,,,,,,,,,,,,,,,,,,USD,1.0,stock,25.0
2025-09-12,2325.0,2352.38,2290.5,2339.36,571819,,,,2393.11594234627,2412.5111839063493,2420.915574242637,2425.589406682737,37.66089778258524,-21.205767656926128,-12.232072287705538,-8.97369536922059,0,70.22989999999994,0.5,0.05,409972.2,,1.3947750603577511,,22.845653901903095,,14.360000000000127,13.019999999999982,34.5,,0,-2.297890976432438,,,,0,,,0.04961081173553428,-3.2318644544548136,,,-2.2462740477825,,0,25,20,20,2370.3599999999997,,,,2339.36,,,,,,2327.4133333333334,2364.326666666667,2389.2933333333335,2426.206666666667,2302.4466666666667,2265.5333333333333,2240.5666666666666,0,0,0,0,0,0,0,0,0,0,0,0,0,0,0,0,0,0,0,0,0,0,,,,,,,,,,,,,,,,,,USD,1.0,stock,25.0
2025-09-15,2337.76,2352.44,2311.36,2335.82,375567,,,,2387.65918593234,2409.503686498257,2419.230513366545,2424.6961787555456,39.73919990869151,-23.03942029039763,-14.39354188824396,-8.64587840215367,1,69.23632857142853,0.5,0.05,418277.9,,0.8978887003114436,,21.19044279235058,21.16668739547545,1.9400000000000546,14.679999999999836,24.460000000000036,,0,-2.219314242207861,,,,0,,,-0.15132343888927258,-0.47465657701877273,,,-2.171130043926154,,0,25,20,20,2370.3599999999997,,,,2335.82,,,,,,2333.206666666667,2355.0533333333337,2374.286666666667,2396.1333333333337,2313.973333333334,2292.126666666667,2272.893333333334,0,0,0,0,0,0,0,0,0,0,0,0,0,0,0,0,0,0,0,0,0,0,,,,,,,,,,,,,,,,,,USD,1.0,stock,25.0
2025-09-16,2344.55,2394.17,2336.87,2390.14,436780,,,,2387.8954539387837,2408.7443262434235,2418.6544635969103,2424.352336180864,48.0885311871227,-19.88026585462285,-15.490886681519736,-4.389379173103112,1,69.69358571428565,0.5,0.05,425947.2,,1.0254322601486756,,46.589049422546374,30.208382038933348,45.58999999999969,4.0300000000002,7.680000000000291,,0,0.09390856021890641,,,,0,,,2.3255216583469407,0.7218680072987427,,,0.09399683128982209,,0,25,20,20,2370.3599999999997,,,,2390.14,,,,,,2373.726666666667,2410.583333333334,2431.026666666667,2467.883333333334,2353.2833333333338,2316.4266666666667,2295.9833333333336,0,0,0,0,0,0,0,0,0,0,0,0,0,0,0,0,0,0,0,0,0,0,,,,,,,,,,,,,,,,,,USD,1.0,stock,25.0
2025-09-17,2395.7,2468.25,2370.26,2446.32,418489,,,,2393.459696420804,2410.217882077015,2419.2022960009317,2424.5709199004573,53.647554619052926,-12.696993680102878,-14.932108081236366,2.2351144011334885,1,73.48358571428564,0.5,0.05,437560.3,,0.9564144644749535,,72.85734324589716,46.87894515359804,50.620000000000346,21.929999999999836,25.4399999999996,,0,2.160809034762262,,,,0,,,2.350489929460209,4.143482943733279,,,2.2085311759476807,,0,25,20,20,2379.375,,,,2446.32,,,,,,2428.2766666666666,2486.293333333333,2526.2666666666664,2584.283333333333,2388.3033333333333,2330.286666666667,2290.3133333333335,0,0,0,0,0,0,0,0,0,0,0,0,0,0,0,0,0,0,0,0,0,0,,,,,,,,,,,,,,,,,,USD,1.0,stock,25.0
2025-09-18,2459.67,2531.1896,2459.32,2476.37,378905,,,,2401.355915809299,2412.812082779877,2420.3343297434876,2425.086333632791,50.48336650554449,-4.52722780342674,-12.851132025674442,8.323904222247702,1,71.87427142857135,0.5,0.05,448377.2,,0.8450585801418984,,77.22394320319606,65.55677862387986,16.699999999999818,54.819600000000264,0.34999999999990905,,0,3.029195321809784,,,,0,,,1.2283756826580117,5.909246428876913,,,3.1238219914360292,,0,25,20,20,2410.8448,,,,2476.37,,,,,,2488.9598666666666,2518.599733333333,2560.8294666666666,2590.469333333333,2446.730133333333,2417.0902666666666,2374.860533333333,0,0,0,0,0,0,0,0,0,0,0,0,0,0,0,0,0,0,0,0,0,0,,,,,,,,,,,,,,,,,,USD,1.0,stock,25.0
2025-09-19,2493.06,2500.0,2433.315,2452.34,416953,2401.91,,,2406.21154287508,2414.362197180666,2420.9681053921313,2425.357514392664,47.6910988887642,0.008255180332980672,-10.279254584472959,10.28750976480594,1,72.5703428571428,0.5,0.05,440721.1,388489.6,0.9460699748661909,1.0732668261904565,67.24013002639086,72.4404721584947,40.7199999999998,6.940000000000055,19.02500000000009,,0,1.8809976236949304,2.0564032719769805,,,0,,,-0.970371955725502,4.829526024211761,,2531.1896,1.9170574283673882,2531.1896,0,25,20,20,2410.8448,,,,2452.34,,,,,,2461.885,2490.4550000000004,2528.57,2557.1400000000003,2423.7700000000004,2395.2000000000003,2357.0850000000005,0,0,0,0,0,0,0,0,0,0,0,0,0,0,0,0,0,0,0,0,0,0,,,,,,,,,,,,,,,,,,USD,1.0,stock,25.0
2025-09-22,2442.11,2463.34,2415.76,2460.66,288413,2403.412,,,2411.3971102203104,2416.177797291228,2421.754083503178,2425.70878290617,61.216793300426964,4.225305892049619,-7.3783424891684435,11.603648381218061,1,68.29248571428568,0.5,0.05,390647.5,381093.05,0.7382947542221568,0.7568046701455196,70.69686434312067,71.72031252423587,18.549999999999727,2.680000000000291,26.34999999999991,,0,2.002019367961825,2.3265302804938535,,,0,,,0.3392678013652173,5.344589908468955,1.2358986596012533,2531.1896,2.0429190020547328,2531.1896,0,25,20,20,2410.8448,,,,2460.66,,,,,,2446.5866666666666,2477.413333333333,2494.1666666666665,2524.993333333333,2429.833333333333,2399.0066666666667,2382.253333333333,0,0,0,0,0,0,0,0,0,0,0,0,0,0,0,0,0,0,0,0,0,0,,,,,,,,,,,,,,,,,,USD,1.0,stock,25.0
2025-09-23,2460.0,2516.6499,2433.49,2494.35,267950,2407.7425,,,2419.2973854374236,2419.243373868043,2423.191626404105,2426.3917800911836,65.63572110299995,10.168632735792926,-3.8689474441761695,14.037580179969096,1,71.55049999999996,0.5,0.05,390183.4,384506.75,0.6867283436455779,0.6968668300361437,84.69414548862926,74.2103799527136,34.34999999999991,22.29989999999998,26.51000000000022,,0,3.0089047071411916,3.4721470523382876,,,0,,,1.3691448635731795,4.35999564879046,3.5971491938498357,2531.1896,3.1022484054396786,2531.1896,0,25,20,20,2410.8448,,,,2494.35,,,,,,2481.4966333333336,2529.5032666666675,2564.6565333333338,2612.6631666666676,2446.3433666666674,2398.3367333333335,2363.1834666666673,0,0,0,0,0,0,0,0,0,0,0,0,0,0,0,0,0,0,0,0,0,0,,,,,,,,,,,,,,,,,,USD,1.0,stock,25.0
2025-09-24,2511.67,2529.9999,2481.5,2510.97,272620,2413.0145,,,2428.0281106338593,2422.8404964614533,2424.9298120198655,2427.2333544186345,62.95431161536102,16.035015502420265,0.11184514514311772,15.923170357277147,1,71.46870714285708,0.5,0.05,375874.9,377646.45,0.7252945062306634,0.7218921295301465,91.59930466459691,82.33010483211562,0.7000000000002728,18.329899999999725,29.4699999999998,,0,3.303181215472127,3.9011019645794085,,,0,,,0.6663058512237585,2.642745021092896,4.383233632505079,2531.1896,3.41601849677464,2531.1896,0,25,20,20,2410.8448,,,,2510.97,,,,,,2507.4899666666665,2533.479933333333,2555.9898666666663,2581.979833333333,2484.9800333333333,2458.9900666666667,2436.4801333333335,0,0,0,0,0,0,0,0,0,0,0,0,0,0,0,0,0,0,0,0,0,0,,,,,,,,,,,,,,,,,,USD,1.0,stock,25.0
2025-09-25,2507.89,2507.89,2443.1546,2492.25,362522,2416.9555,,,2434.144481049682,2425.5624377766903,2426.262885049175,2427.8802862154644,59.88836569493682,18.955115783938254,3.8804992729021452,15.074616511036108,0,67.10641428571424,0.5,0.05,379001.8,384562.95,0.9565178846116298,0.9426857163437091,83.82165245195466,86.70503420172695,15.639999999999873,0.0,49.095400000000154,,0,2.331448247580224,3.021145551208746,,,0,,,-0.7455286204136158,0.6412612008706242,3.2658912833602116,2531.1896,2.387102302376938,2531.1896,0,25,20,20,2421.2748,,,,2492.25,,,,,,2481.0982,2519.0418,2545.8336,2583.7772,2454.3064,2416.3628,2389.571,0,0,0,0,0,0,0,0,0,0,0,0,0,0,0,0,0,0,0,0,0,0,,,,,,,,,,,,,,,,,,USD,1.0,stock,25.0
2025-09-26,2499.0,2514.9,2459.35,2468.42,249728,2416.7619999999997,,,2437.4088161878076,2427.2431264913303,2427.0976794046373,2428.2836664521265,68.32971145720151,19.12596226337382,6.9295918709964806,12.196370392377341,0,62.542128571428556,0.5,0.05,346792.7,378382.45,0.7201074301737032,0.6599883266256138,73.92093385007078,83.11396365554079,30.579999999999927,15.900000000000091,9.070000000000164,,0,1.2563171507357938,2.092755689874509,,,0,,,-0.9561641087370787,0.6557002699462577,-0.15653503432040416,2531.1896,1.2723012900517467,2531.1896,0,25,20,20,2434.0298000000003,,,,2468.42,,,,,,2480.89,2502.43,2536.44,2557.98,2446.8799999999997,2425.3399999999997,2391.3299999999995,0,0,0,0,0,0,0,0,0,0,0,0,0,0,0,0,0,0,0,0,0,0,,,,,,,,,,,,,,,,,,USD,1.0,stock,25.0
2025-09-29,2492.23,2548.4999,2484.65,2501.31,283323,2418.182,,,2443.49464321754,2430.14770976618,2428.5672303075157,2429.010296636682,68.97030991246747,21.66556036249449,9.876785569296082,11.788774793198407,0,65.62569285714282,0.5,0.05,337568.3,377923.1,0.8393057049491911,0.7496842611631838,81.70933399586593,79.81730676596379,9.079999999999927,47.18989999999985,7.579999999999927,,0,2.3114030960760457,3.3233785496399952,,,0,,,1.3324312718256959,1.6519958060032813,1.148444545090599,2548.4999,2.3660930439499444,2548.4999,0,25,20,20,2459.37995,2419.49995,2439.43995,,2501.31,,,,,,2511.4866333333334,2538.3232666666668,2575.336533333333,2602.1731666666665,2474.473366666667,2447.6367333333337,2410.6234666666674,0,0,0,0,0,0,0,0,0,0,0,0,0,0,0,0,0,0,0,0,0,0,,,,,,,,,,,,,,,,,,USD,1.0,stock,25.0
2025-09-30,2475.0,2481.1,2314.18,2336.94,928702,2416.041,,,2433.346581958727,2426.4925054616238,2426.752829707367,2428.0941742820883,48.74088315813675,10.296236247987508,9.960675705034369,0.3355605429531394,0,72.95890714285711,0.5,0.05,386760.5,406353.85,2.4012328042806854,2.2854514605927814,18.000006976746924,57.87675827422788,138.05999999999995,6.099999999999909,22.76000000000022,,0,-4.125334067572413,-3.384810906570135,,,0,,,-6.571356609136814,-6.310662096337715,-1.7993411100279078,2548.4999,-3.9618927559889183,2548.4999,0,25,20,20,2431.3399499999996,2419.49995,2425.4199499999995,,2336.94,,,,,,2377.4066666666663,2440.6333333333328,2544.3266666666664,2607.553333333333,2273.7133333333327,2210.486666666666,2106.7933333333326,0,0,0,0,0,0,0,0,0,0,0,0,0,0,0,0,0,0,0,0,0,0,,,,,,,,,,,,,,,,,,USD,1.0,stock,25.0
2025-10-01,2344.29,2345.0,2172.77,2176.91,1189734,2406.2305,,,2408.92405034361,2416.704956227835,2421.805446940884,2425.594829264356,37.15332536837912,-11.494615821759908,5.669617399675515,-17.164233221435424,0,82.34997857142854,0.5,0.05,463885.0,450722.65,2.564717548530347,2.6396144058879667,1.1018553487491611,33.60373210712067,167.3800000000001,0.7100000000000364,4.139999999999873,,0,-10.657953261439843,-10.534220523586196,,,0,,,-6.847843761500094,-13.304021951676049,-8.26801847357066,2548.4999,-9.631438994953596,2548.4999,0,25,20,20,2360.6349499999997,2360.6349499999997,2360.6349499999997,,2176.91,,,,,,2231.56,2290.35,2403.79,2462.58,2118.12,2059.33,1945.8899999999999,0,0,0,0,0,0,0,0,0,0,0,0,0,0,0,0,0,0,0,0,0,0,,,,,,,,,,,,,,,,,,USD,1.0,stock,26.5
2025-10-02,2201.65,2250.865,2159.36,2246.6,898141,2397.6705,,,2393.464616977552,2410.034173630665,2418.3360321499754,2423.813786187099,43.33888665479402,-22.87691170749622,-0.03968842175883225,-22.837223285737387,0,84.46604999999992,0.5,0.05,515808.6,482092.9,1.7412292078883524,1.8630039977771917,22.418672564802492,13.840178296766192,44.94999999999982,4.264999999999873,42.289999999999964,,0,-6.537194737717085,-6.724405768717184,,,0,,,3.2013266510788174,-9.856555321496641,-7.080817271900086,2548.4999,-6.136068021887514,2548.4999,0,25,20,20,2353.9299499999997,2353.9299499999997,2353.9299499999997,,2246.6,,,,,,2218.941666666667,2278.523333333334,2310.4466666666667,2370.0283333333336,2187.0183333333343,2127.4366666666674,2095.5133333333347,0,0,0,0,0,0,0,0,0,0,0,0,0,0,0,0,0,0,0,0,0,0,,,,,,,,,,,,,,,,,,USD,1.0,stock,25.0
2025-10-03,2241.005,2249.5,2160.0,2172.75,617597,2385.4335,,,2372.4441772654045,2400.7289119196585,2413.4729424044313,2421.315639060859,39.363936393639335,-37.42512743897032,-7.516776225201131,-29.90835121376919,0,87.92462142857137,0.5,0.05,535873.0,488297.05,1.1525062841382194,1.2647977291691606,3.4409218895312157,8.987149934360955,68.25500000000011,8.49499999999989,12.75,,0,-9.190849258561938,-9.78867794269935,,,0,,,-3.2871895308466126,-11.978107453350727,-10.123723365970482,2548.4999,-8.417233972416657,2548.4999,0,25,20,20,2353.9299499999997,2353.9299499999997,2353.9299499999997,,2172.75,,,,,,2194.0833333333335,2228.166666666667,2283.5833333333335,2317.666666666667,2138.666666666667,2104.5833333333335,2049.166666666667,0,0,0,0,0,0,0,0,0,0,0,0,0,0,0,0,0,0,0,0,0,0,,,,,,,,,,,,,,,,,,USD,1.0,stock,25.0
2025-10-06,2178.31,2178.31,2116.0,2154.22,636849,2375.7965,,,2351.660922287747,2391.0618957659462,2408.3392207726606,2418.6579710105025,33.858784893267625,-49.87498161674739,-15.988417303510385,-33.886564313237,0,88.20747857142851,0.5,0.05,570716.6,480682.05,1.1158760757966388,1.324886169558443,8.836996262889267,11.565530239074326,24.090000000000146,0.0,38.2199999999998,,0,-9.165309127561116,-10.28569505435843,,,0,,,-0.8528362674030676,-13.876328803706862,-8.212325732010783,2548.4999,-8.395807423447435,2548.4999,0,25,20,20,2332.24995,2332.24995,2332.24995,,2154.22,,,,,,2149.5099999999998,2183.0199999999995,2211.8199999999997,2245.3299999999995,2120.7099999999996,2087.2,2058.3999999999996,0,0,0,0,0,0,0,0,0,0,0,0,0,0,0,0,0,0,0,0,0,0,,,,,,,,,,,,,,,,,,USD,1.0,stock,25.0
2025-10-07,2151.87,2189.47,2118.27,2187.57,332543,2366.5245,,,2336.0332154032,2383.081821422184,2403.967553034588,2416.3585882143784,31.725920589855477,-56.40036615356075,-24.07080707352046,-32.3295590800403,1,86.29390714285708,0.5,0.05,577175.9,483679.65,0.5761553800150006,0.6875273747820484,16.54798070473547,9.608632952385317,35.70000000000027,1.8999999999996362,33.59999999999991,,0,-6.786672673477863,-8.18051536636541,,,0,,,1.5481241470230778,-6.391691699401781,-7.814547768445978,2548.4999,-6.355355498555054,2548.4999,0,25,20,20,2332.24995,2332.24995,2332.24995,,2187.57,,,,,,2165.103333333333,2211.936666666666,2236.303333333333,2283.136666666666,2140.736666666666,2093.903333333333,2069.5366666666664,0,0,0,0,0,0,0,0,0,0,0,0,0,0,0,0,0,0,0,0,0,0,,,,,,,,,,,,,,,,,,USD,1.0,stock,25.0
2025-10-08,2194.3,2199.11,2140.64,2179.89,396471,2358.0695,,,2321.1624329838473,2375.1135146997453,2399.5303737665763,2414.0056669386136,28.378063010501748,-61.48275727324608,-31.553197113465586,-29.929560159780493,1,84.4082214285714,0.5,0.05,589561.0,482717.95,0.672485120284415,0.8213305513084814,14.772257750811018,13.385744906145254,14.41000000000031,4.809999999999945,39.25,,0,-6.48071384261809,-8.173783998275152,,,0,,,-0.35107447990236906,0.1368912816790857,-7.198838649802674,2548.4999,-6.086279485500813,2548.4999,0,25,20,20,2332.24995,2332.24995,2332.24995,,2179.89,,,,,,2173.213333333333,2205.7866666666664,2231.6833333333334,2264.2566666666667,2147.316666666666,2114.743333333333,2088.846666666666,0,0,0,0,0,0,0,0,0,0,0,0,0,0,0,0,0,0,0,0,0,0,,,,,,,,,,,,,,,,,,USD,1.0,stock,27.0
2025-10-09,2183.0,2279.45,2170.0,2275.0,523234,2354.9095,,,2316.7660107949096,2371.1874945154414,2397.064425771199,2412.6225259740504,38.281704287149125,-57.17690692800579,-36.67793907637363,-20.49896785163216,1,87.46286428571423,0.5,0.05,605632.2,492317.0,0.863946798073154,1.0627989689569932,36.76301428046575,22.69441757867074,92.0,4.449999999999818,13.0,,0,-1.8358686063696512,-3.5125054945055036,,,0,,,4.363064191312405,1.2641324668387854,-2.70293388076297,2548.4999,-1.8027720797137885,2548.4999,0,25,20,20,2332.24995,2332.24995,2332.24995,,2275.0,,,,,,2241.483333333333,2312.9666666666662,2350.933333333333,2422.416666666666,2203.5166666666664,2132.0333333333333,2094.0666666666666,0,0,0,0,0,0,0,0,0,0,0,0,0,0,0,0,0,0,0,0,0,0,,,,,,,,,,,,,,,,,,USD,1.0,stock,25.0
2025-10-10,2271.01,2280.0,2120.0,2133.67,731154,2344.625,,,2299.3282954811084,2361.873082965816,2391.8486945678087,2409.846878949433,31.623374433791568,-64.42597680648623,-42.227546622396154,-22.19843018409008,0,95.49286428571425,0.5,0.05,653774.8,500283.75,1.1183575751160797,1.4614786108883209,4.085550077583852,18.54027403628687,137.34000000000015,8.989999999999782,13.670000000000073,,0,-7.764007343268093,-9.886955339860425,,,0,,,-6.212307692307684,-1.7986422736163798,-8.792575747212917,2548.4999,-7.204638668026576,2548.4999,0,25,20,20,2298.55,2332.24995,2315.3999750000003,,2133.67,,,,,,2177.89,2235.7799999999997,2337.89,2395.7799999999997,2075.7799999999997,2017.8899999999999,1915.7799999999997,0,0,0,0,0,0,0,0,0,0,0,0,0,0,0,0,0,0,0,0,0,0,,,,,,,,,,,,,,,,,,USD,1.0,stock,25.0
2025-10-13,2150.01,2207.91,2146.0,2175.91,352689,2336.6295,,,2287.5741721019554,2354.580413045588,2387.5726808139907,2407.519148810633,32.27422515140721,-66.00167569354153,-46.982372436625226,-19.019303256916302,1,94.8557285714285,0.5,0.05,660711.4,499139.85,0.533801898983429,0.706593552889035,13.852026324167909,18.233530227405833,25.899999999999636,32.0,4.010000000000218,,0,-5.131837810477249,-7.386311933857566,,,0,,,1.9796875805536907,1.006860951991917,-6.845989845107936,2548.4999,-4.881335585256761,2548.4999,0,25,20,20,2230.5,2332.24995,2281.3749749999997,,2175.91,,,,,,2176.6066666666666,2207.213333333333,2238.5166666666664,2269.123333333333,2145.3033333333333,2114.6966666666667,2083.3933333333334,0,0,0,0,0,0,0,0,0,0,0,0,0,0,0,0,0,0,0,0,0,0,,,,,,,,,,,,,,,,,,USD,1.0,stock,25.0
2025-10-14,2150.0,2183.9499,2121.41,2157.82,315811,2325.0135,,,2275.2166319017692,2346.8643184163493,2383.02312277807,2405.0345801657513,30.37423169688013,-67.92711868831611,-51.17132168696341,-16.755797001352704,1,95.85858571428568,0.5,0.05,599422.3,493091.4,0.5268589440199338,0.6404715231293833,9.669366397541406,9.202314266431053,7.820000000000164,26.129899999999907,28.590000000000146,,0,-5.440520150048153,-7.748259817779048,,,0,,,-0.8313762977328887,-1.359956481392599,-9.719932723606139,2548.4999,-5.159800181472899,2548.4999,0,25,20,20,2198.0,2332.24995,2265.1249749999997,,2157.82,,,,,,2154.3932999999997,2187.3765999999996,2216.9332,2249.9165,2124.8366999999994,2091.8533999999995,2062.296799999999,0,0,0,0,0,0,0,0,0,0,0,0,0,0,0,0,0,0,0,0,0,0,,,,,,,,,,,,,,,,,,USD,1.0,stock,25.0
2025-10-15,2181.92,2181.92,2033.0,2048.35,756996,2305.1150000000002,,,2253.610286006363,2335.157874556885,2376.395932228009,2401.4854798655947,27.59122024110009,-77.39420800116432,-56.41589894980359,-20.978309051360725,0,101.6517714285714,0.5,0.05,556148.5,510016.75,1.3611400552190647,1.484257134692145,2.977692139222513,8.833028286977273,133.57000000000016,0.0,15.349999999999909,,0,-10.020762370022847,-12.53521126760565,,,0,,,-5.073175705109801,-6.034249434604499,-16.268108832859163,2548.4999,-9.108064836272382,2548.4999,0,25,20,20,2156.5,2290.74995,2223.6249749999997,,2048.35,,,,,,2087.7566666666667,2142.5133333333333,2236.6766666666667,2291.4333333333334,1993.5933333333332,1938.8366666666666,1844.6733333333332,0,0,0,0,0,0,0,0,0,0,0,0,0,0,0,0,0,0,0,0,0,0,,,,,,,,,,,,,,,,,,USD,1.0,stock,28.5
2025-10-16,2050.51,2071.7787,2025.25,2043.06,818296,2283.4494999999997,,,2233.557877815281,2323.703055946811,2369.795220698741,2397.919057180365,28.117540538315907,-84.35145224341068,-62.00300960852502,-22.348442634885657,0,101.0073928571428,0.5,0.05,548164.0,531986.3,1.4927941273049672,1.538189987223355,3.4037273585718704,5.350261965111927,7.450000000000273,21.268699999999626,17.809999999999945,,0,-9.32414504788312,-11.76614979491546,,,0,,,-0.2582566455927915,-10.195164835164839,-17.49778910259775,2548.4999,-8.528898207984353,2548.4999,0,25,20,20,2152.625,2286.87495,2219.7499749999997,,2043.06,,,,,,2046.6962333333333,2068.1424666666667,2093.224933333333,2114.6711666666665,2021.6137666666668,2000.1675333333335,1975.085066666667,0,0,0,0,0,0,0,0,0,0,0,0,0,0,0,0,0,0,0,0,0,0,,,,,,,,,,,,,,,,,,USD,1.0,stock,27.0
2025-10-17,2061.9,2061.9,2020.0,2024.98,742277,2262.0815000000002,,,2213.6933180233495,2311.9884263018384,2362.967196526489,2394.208220790511,25.116235333451755,-90.28329371818108,-67.65906643045624,-22.62422728772485,0,98.28025714285711,0.5,0.05,560632.0,548252.5,1.3240004138186903,1.3538962430631871,1.0800260247234914,2.487148507505956,36.92000000000007,0.0,4.980000000000018,,0,-9.319268240839392,-11.708831692164871,,,0,,,-0.8849470891701627,-5.094039846836673,-17.426621104740782,2548.4999,-8.524817619807218,2548.4999,0,25,20,20,2150.0,2284.24995,2217.1249749999997,,2024.98,,,,,,2035.6266666666668,2051.2533333333336,2077.5266666666666,2093.1533333333336,2009.3533333333335,1993.7266666666667,1967.4533333333334,0,0,0,0,0,0,0,0,0,0,0,0,0,0,0,0,0,0,0,0,0,0,,,,,,,,,,,,,,,,,,USD,1.0,stock,27.0
2025-10-20,2039.73,2105.0,2033.09,2102.11,361246,2244.154,,,2203.066335354459,2303.757899780198,2357.8017074863606,2391.3017708323964,36.50200604688059,-87.7490579081782,-71.67706472600064,-16.071993182177565,1,90.62954285714282,0.5,0.05,533071.7,551894.15,0.6776686888461722,0.6545566754059632,25.264615384615425,9.916122922636927,62.38000000000011,2.8899999999998727,6.6400000000001,,0,-4.802619052021971,-6.757210612194407,,,0,,,3.8089265079161327,-3.3916843987113365,-14.5712938805036,2548.4999,-4.582537245217168,2548.4999,0,25,20,20,2150.0,2284.24995,2217.1249749999997,,2102.11,,,,,,2080.066666666667,2127.043333333334,2151.9766666666674,2198.9533333333343,2055.133333333334,2008.156666666667,1983.223333333334,0,0,0,0,0,0,0,0,0,0,0,0,0,0,0,0,0,0,0,0,0,0,,,,,,,,,,,,,,,,,,USD,1.0,stock,25.0
2025-10-21,2105.0,2163.24,2096.0,2142.05,349419,2226.5389999999998,,,2197.2552557968916,2297.416413514308,2353.5293964470266,2388.821653709686,47.675318093307396,-81.57745939141614,-73.65714365908374,-7.920315732332398,1,83.13025714285709,0.5,0.05,534759.3,555967.6,0.6534136012220825,0.6284880629734538,46.942307692307764,24.428983033882222,37.05000000000018,21.1899999999996,9.0,,0,-2.577216021889843,-3.9443056884759726,,,0,,,1.8999957185875216,-0.7308301897285263,-14.123920059334083,2548.4999,-2.5124643871596866,2548.4999,0,25,20,20,2150.0,2284.24995,2217.1249749999997,,2142.05,,,,,,2133.7633333333333,2171.5266666666666,2201.003333333333,2238.7666666666664,2104.286666666667,2066.5233333333335,2037.046666666667,0,0,0,0,0,0,0,0,0,0,0,0,0,0,0,0,0,0,0,0,0,0,,,,,,,,,,,,,,,,,,USD,1.0,stock,25.0
2025-10-22,2129.56,2131.4438,2088.45,2095.21,283279,2205.7509999999997,,,2187.5366600067114,2289.4867502392367,2348.414160873818,2385.9001447175497,39.5870303880704,-79.54902796784017,-74.83552052083503,-4.713507447005142,1,80.42275714285714,0.5,0.05,523440.1,556500.55,0.5411870431783885,0.5090363342857432,28.926923076923092,33.71128205128209,34.34999999999991,1.8838000000000648,6.760000000000218,,0,-4.40655877008564,-5.27589119945016,,,0,,,-2.1866903200205456,2.2876949740034735,-16.55774461662225,2548.4999,-4.220576582539562,2548.4999,0,25,20,20,2150.0,2284.24995,2217.1249749999997,,2095.21,,,,,,2105.0346,2121.6192,2148.0284,2164.6130000000003,2078.6254,2062.0407999999998,2035.6315999999997,0,0,0,0,0,0,0,0,0,0,0,0,0,0,0,0,0,0,0,0,0,0,,,,,,,,,,,,,,,,,,USD,1.0,stock,25.0
2025-10-23,2108.69,2149.98,2095.0,2148.32,296386,2188.5544999999997,,,2183.801740006072,2283.9507992494628,2344.451900262455,2383.5361631780715,48.27029552953172,-72.81656428306906,-74.43172927328183,1.6151649902127758,1,77.95704285714285,0.5,0.05,500755.3,553193.75,0.5918779092303167,0.5357725028527528,49.35384615384622,41.741025641025686,39.63000000000011,1.6599999999998545,13.690000000000055,,0,-1.6516040443729032,-1.8728355179861271,,,0,,,2.534829444303921,5.15207580785686,-13.799979937807194,2548.4999,-1.6247692890826848,2548.4999,0,25,20,20,2113.955,2284.24995,2199.1024749999997,,2148.32,,,,,,2131.1,2167.2,2186.08,2222.18,2112.22,2076.12,2057.24,0,0,0,0,0,0,0,0,0,0,0,0,0,0,0,0,0,0,0,0,0,0,,,,,,,,,,,,,,,,,,USD,1.0,stock,25.0
2025-10-24,2171.82,2185.0,2140.0211,2161.11,367718,2173.189,,,2181.640621910256,2279.1335130043863,2340.8213675839907,2381.3229675245584,50.49182668284677,-65.69173872624742,-72.68373116387495,6.99199243762753,1,76.71910714285715,0.5,0.05,464411.7,559093.25,0.7917931438850485,0.6577042380676211,54.27307692307697,44.18461538461543,10.710000000000036,13.179999999999836,21.088900000000194,,0,-0.9500035588311483,-0.55892573723687,,,0,,,0.595348923810235,6.722535531215135,-12.449664157639296,2548.4999,-0.9410634228234672,2548.4999,0,25,20,20,2102.5,2284.24995,2193.3749749999997,,2161.11,,,,,,2162.0437,2184.0663000000004,2207.0226000000002,2229.0452000000005,2139.0874000000003,2117.0648,2094.1085000000003,0,0,0,0,0,0,0,0,0,0,0,0,0,0,0,0,0,0,0,0,0,0,,,,,,,,,,,,,,,,,,USD,1.0,stock,25.0
2025-10-27,2300.0,2304.0873,2220.0001,2282.32,640426,2162.2395,,,2191.229134109279,2279.258473278724,2339.6629246615353,2380.337863370085,56.009691618779414,-49.69181284866636,-68.08534750083324,18.393534652166878,1,81.84605714285716,0.5,0.05,493185.4,576948.4,1.2985502003911713,1.110023010723316,92.33781305957712,65.32157871216675,17.679999999999836,4.087300000000141,62.31989999999996,,0,3.9911522438010896,5.261334957411758,,,0,,,5.608691829661616,8.572814933566741,-8.75501237351627,2481.1,4.157067121497036,2481.1,0,25,20,20,2162.04365,2284.24995,2223.1468,,2282.32,,,,,,2268.8024666666665,2317.604833333333,2352.8896666666665,2401.692033333333,2233.517633333333,2184.7152666666666,2149.430433333333,0,0,0,0,0,0,0,0,0,0,0,0,0,0,0,0,0,0,0,0,0,0,,,,,,,,,,,,,,,,,,USD,1.0,stock,25.0
2025-10-28,2290.54,2298.05,2250.05,2290.14,385602,2159.8995,,,2200.6492165750624,2279.6851998168136,2338.6822726880396,2379.4403721922736,56.99156573023021,-35.96615225684445,-61.661508452035484,25.69535619519103,1,81.0982,0.5,0.05,500164.5,549793.4,0.7709503573324377,0.7013580010236572,95.09048802955984,80.5671260040713,0.40000000000009095,7.510000000000218,40.08999999999969,,0,3.907655576730571,5.687010401110845,,,0,,,0.342633811209625,6.913470740645633,-2.0026188092120534,2345.0,4.06656284658646,2345.0,0,25,20,20,2162.04365,2284.24995,2223.1468,,2290.14,,,,,,2279.4133333333334,2308.7766666666666,2327.4133333333334,2356.7766666666666,2260.7766666666666,2231.4133333333334,2212.7766666666666,0,0,0,0,0,0,0,0,0,0,0,0,0,0,0,0,0,0,0,0,0,0,,,,,,,,,,,,,,,,,,USD,1.0,stock,25.0
2025-10-29,2283.42,2319.28,2251.0,2295.92,545820,2165.85,,,2209.7226245202946,2280.321858647527,2337.835495011049,2378.6093237127484,51.49616660945189,-24.341476268872157,-54.197502015402826,29.85602574653067,1,78.15748571428574,0.5,0.05,479046.9,517597.7,1.1393873960983778,1.0545255514079757,92.19460037423146,93.2076338211228,12.5,23.360000000000127,32.42000000000007,,0,3.7543719066738146,5.665267082476748,,,0,,,0.2523863169937357,9.57946936106644,5.466923299539261,2319.28,3.900823321588514,2319.28,0,25,20,20,2169.6400000000003,2284.24995,2226.9449750000003,,2295.92,,,,,,2288.7333333333336,2326.466666666667,2357.013333333334,2394.7466666666674,2258.186666666667,2220.4533333333334,2189.9066666666668,0,0,0,0,0,0,0,0,0,0,0,0,0,0,0,0,0,0,0,0,0,0,,,,,,,,,,,,,,,,,,USD,1.0,stock,25.0
2025-10-30,2210.55,2428.0,2210.0,2360.76,892725,2171.558,,,2224.1071364707427,2283.47629556331,2338.2894456048894,2378.4317185016766,68.23635224772337,-9.784006748165211,-45.3148029619553,35.53079621379009,1,82.3003428571429,0.5,0.05,486489.8,517326.9,1.835033334717398,1.72564968108173,83.51960784313731,90.26823208230952,150.21000000000004,67.23999999999978,0.5500000000001819,,0,5.788511476357507,8.014452972771489,,,0,,,2.824140213944748,9.888657183287396,5.081456423039277,2428.0,6.144167305991427,2428.0,0,25,20,20,2230.545,2284.24995,2257.3974749999998,,2360.76,,,,,,2332.92,2455.84,2550.92,2673.84,2237.84,2114.92,2019.8400000000001,0,0,0,0,0,0,0,0,0,0,0,0,0,0,0,0,0,0,0,0,0,0,,,,,,,,,,,,,,,,,,USD,1.0,stock,25.0
2025-10-31,2375.0,2419.78,2308.0,2327.26,754766,2179.2835,2309.7006,,2233.9312187116243,2285.1933035804354,2338.0710407414263,2377.922547173302,62.3271270097249,-0.939447929968992,-36.439731955558045,35.50028402558905,0,84.98177142857149,0.5,0.05,487738.7,524185.35,1.5474802389066111,1.4398838120905135,75.30882352941182,83.67434391559352,47.73999999999978,44.7800000000002,19.26000000000022,,0,4.010243002001319,6.358400006875047,0.7545095949743515,,0,,,-1.4190345481963407,7.688178759989084,7.11126452652171,2428.0,4.1777822211644215,2428.0,0,25,20,20,2258.225,2284.24995,2271.237475,,2327.26,,,,,,2351.6800000000003,2395.3600000000006,2463.4600000000005,2507.140000000001,2283.5800000000004,2239.9,2171.8,0,0,0,0,0,0,0,0,0,0,0,0,0,0,0,0,0,0,0,0,0,0,,,,,,,,,,,,,,,,,,USD,1.0,stock,25.0
2025-11-03,2331.2,2387.55,2289.0,2316.4,497482,2187.3925,2307.4162,,2241.7853883581365,2286.4170955968893,2337.641911221794,2377.3103825248118,63.06992384531696,5.134430892605906,-28.124899385925257,33.259330278531166,0,87.55392142857148,0.5,0.05,501362.3,517217.0,0.9922604870769103,0.9618438682409898,72.64705882352943,77.1584967320262,14.799999999999727,56.350000000000364,27.40000000000009,,0,3.221145382570522,5.569310136418587,0.3878345708858562,,0,,,-0.466643176954884,1.4932174278804,7.528478985433251,2428.0,3.3283565870910885,2428.0,0,25,20,20,2258.225,2284.24995,2271.237475,,2316.4,,,,,,2330.9833333333336,2372.966666666667,2429.5333333333338,2471.5166666666673,2274.416666666667,2232.4333333333334,2175.866666666667,0,0,0,0,0,0,0,0,0,0,0,0,0,0,0,0,0,0,0,0,0,0,,,,,,,,,,,,,,,,,,USD,1.0,stock,25.0
2025-11-04,2300.0,2372.79,2270.0001,2305.69,383692,2193.2985,2305.3752,,2247.8715418478378,2287.1728957695605,2337.0092001084913,2376.5977419026744,75.33372711163614,8.980296854536846,-20.703860137832837,29.684156992369683,0,84.25891428571433,0.5,0.05,504789.6,519774.45,0.7601028230375586,0.7381894204303424,70.02205882352943,72.65931372549024,5.690000000000055,67.09999999999991,29.999899999999798,,0,2.5076423175779174,4.874527798619944,0.01365317974229427,,0,,,-0.46235537903643875,0.6789977905280908,5.399598641414904,2428.0,2.5721424501256545,2428.0,0,25,20,20,2261.5,2250.55,2256.025,2284.24995,2305.69,,,,,,2316.1600333333336,2362.319966666667,2418.9499333333333,2465.1098666666667,2259.530066666667,2213.370133333334,2156.7401666666674,0,0,0,0,0,0,0,0,0,0,0,0,0,0,0,0,0,0,0,0,0,0,,,,,,,,,,,,,,,,,,USD,1.0,stock,27.0
2025-11-05,2295.0,2320.0,2233.42,2301.88,464509,2199.398,2303.3022,,2253.015204528996,2287.749644955068,2336.3135723835708,2375.8542817842404,75.55388807709015,11.587168512977769,-14.245654407670717,25.832822920648486,0,87.11972142857147,0.5,0.05,522912.6,523176.35,0.8883109720438942,0.8878631459545142,69.08823529411768,70.58578431372551,6.880000000000109,18.11999999999989,61.57999999999993,,0,2.1228211492781583,4.452100022590229,-0.0617842806749255,,0,,,-0.16524337616938833,0.2595909265131313,5.5961539343728495,2428.0,2.1688622150785486,2428.0,0,25,20,20,2284.01055,2224.0,2254.005275,2284.24995,2301.88,,,,,,2285.1,2336.7799999999997,2371.68,2423.3599999999997,2250.2,2198.52,2163.62,0,0,0,0,0,0,0,0,0,0,0,0,0,0,0,0,0,0,0,0,0,0,,,,,,,,,,,,,,,,,,USD,1.0,stock,27.0
2025-11-06,2274.12,2276.91,2121.78,2128.33,742547,2192.0645,2297.6002,,2241.140423145282,2281.4978941725167,2332.1950858017176,2373.391353607283,57.80718850564291,-0.3469026208699688,-11.465904050310568,11.1190014294406,0,96.99115000000003,0.5,0.05,567528.7,534142.0,1.3083866948050382,1.3901677830988763,24.116887392064008,54.409060503237036,145.78999999999996,2.7899999999999636,6.549999999999727,,0,-5.300419725572732,-2.9945779085010327,-7.953193348775797,,0,,,-7.539489460788584,-9.845558210067951,-6.447032967032973,2428.0,-5.033616902369762,2428.0,0,25,20,20,2274.8900000000003,2224.0,2249.445,2284.24995,2128.33,,,,,,2175.6733333333336,2229.566666666667,2330.8033333333333,2384.6966666666667,2074.4366666666674,2020.543333333334,1919.3066666666678,0,0,0,0,0,0,0,0,0,0,0,0,0,0,0,0,0,0,0,0,0,0,,,,,,,,,,,,,,,,,,USD,1.0,stock,25.0
2025-11-07,2120.0,2122.0,2078.36,2108.6,655943,2190.811,2290.3264,,2228.517525702874,2274.7175845971237,2327.7674603402975,2370.7566137703943,50.536816159076224,-11.266908180199607,-11.426104876288377,0.1591966960887703,0,94.84472142857145,0.5,0.05,596351.2,530381.45,1.0999273582412512,1.236738200402748,8.648896007321758,33.95133956450115,11.400000000000091,2.0,30.23999999999978,,0,-5.687068467365749,-3.8988428341079504,-8.618343924879069,,0,,,-0.9270178966607645,-9.395598257177983,-1.174970824916699,2428.0,-5.381044767195726,2428.0,0,25,20,20,2253.1800000000003,2224.0,2238.59,2284.24995,2108.6,,,,,,2102.986666666667,2127.613333333334,2146.626666666667,2171.253333333334,2083.9733333333343,2059.3466666666673,2040.3333333333344,0,0,0,0,0,0,0,0,0,0,0,0,0,0,0,0,0,0,0,0,0,0,,,,,,,,,,,,,,,,,,USD,1.0,stock,25.0
2025-11-10,2127.15,2131.56,2049.43,2092.04,823965,2186.6175,2282.709,,2215.519666112124,2267.5537577501777,2323.0995898385095,2367.983314130888,45.69702810139215,-21.015095918361567,-13.343903084703015,-7.6711928336585515,0,95.9082928571429,0.5,0.05,614705.1,553945.25,1.3404232370936893,1.4874484436864472,11.25551417175162,14.673765857045792,35.11000000000013,4.4099999999998545,42.61000000000013,,0,-5.902356843660927,-4.520826561633615,-9.114022676430656,,0,,,-0.7853552119889917,-9.685719219478505,-3.8544792753376744,2428.0,-5.573395172285279,2428.0,0,25,20,20,2238.715,2224.0,2231.3575,2284.24995,2092.04,,,,,,2091.0099999999998,2132.5899999999997,2173.14,2214.72,2050.4599999999996,2008.8799999999997,1968.3299999999995,0,0,0,0,0,0,0,0,0,0,0,0,0,0,0,0,0,0,0,0,0,0,,,,,,,,,,,,,,,,,,USD,1.0,stock,25.0
2025-11-11,2086.16,2124.5,2070.0,2099.57,395268,2183.705,2277.1052,,2204.476840768112,2260.9661594070335,2318.673261326856,2365.312534885805,50.402362495385766,-27.81239291072916,-16.237601049908246,-11.574791860820913,0,95.97257857142858,0.5,0.05,615671.7,557918.1,0.6420109938462334,0.7084695764485863,13.244578281427557,11.049662820166974,13.41000000000031,24.929999999999836,16.159999999999854,,0,-4.996586956763148,-4.007249103387825,-8.455788566230218,,0,,,0.3599357564864958,-8.939623279799102,-2.6994837382172787,2428.0,-4.758808930447146,2428.0,0,25,20,20,2238.715,2224.0,2231.3575,2284.24995,2099.57,,,,,,2098.023333333333,2126.046666666666,2152.523333333333,2180.546666666666,2071.546666666666,2043.523333333333,2017.0466666666662,0,0,0,0,0,0,0,0,0,0,0,0,0,0,0,0,0,0,0,0,0,0,,,,,,,,,,,,,,,,,,USD,1.0,stock,25.0
2025-11-12,2141.565,2143.435,2094.66,2103.91,406033,2186.4829999999997,2271.721,,2194.8990464092444,2254.8070943322477,2314.420523478799,2362.711514638185,45.496217268726014,-32.47474932457044,-19.485030704840685,-12.989718619729754,0,95.52936428571431,0.5,0.05,601693.0,540369.95,0.6748175564615178,0.7513981856318991,14.390997701878119,12.963696718352429,37.6550000000002,1.8699999999998909,9.25,,0,-4.324759443571473,-3.924740126716441,-7.976149169878948,,0,,,0.2067089927937582,-8.600361443689518,2.7124270754509627,2428.0,-4.145477513332494,2428.0,0,25,20,20,2234.605,2224.0,2229.3025,2284.24995,2103.91,,,,,,2114.0016666666666,2133.3433333333332,2162.7766666666666,2182.1183333333333,2084.568333333333,2065.2266666666665,2035.793333333333,0,0,0,0,0,0,0,0,0,0,0,0,0,0,0,0,0,0,0,0,0,0,,,,,,,,,,,,,,,,,,USD,1.0,stock,25.0
2025-11-13,2084.51,2100.0,2017.88,2031.05,700919,2185.8825,2263.986,,2179.2943753226496,2246.032306319218,2308.8092259841696,2359.4114000646705,38.2426324353643,-41.569703787556136,-23.901965321383777,-17.66773846617236,0,98.4615857142857,0.5,0.05,582512.4,534501.1,1.2032688059515986,1.3113518381907914,3.2112552423680505,10.28227707522457,53.460000000000264,15.489999999999782,13.169999999999845,,0,-7.298903292516166,-7.623273676177357,-11.468747692080447,,0,,,-3.463075892029599,-4.57071976620167,-0.5878437246091606,2428.0,-6.802402511624969,2428.0,0,25,20,20,2202.715,2222.94,2212.8275000000003,2283.18995,2031.05,,,,,,2049.6433333333334,2081.4066666666668,2131.7633333333333,2163.5266666666666,1999.2866666666669,1967.5233333333335,1917.166666666667,0,0,0,0,0,0,0,0,0,0,0,0,0,0,0,0,0,0,0,0,0,0,,,,,,,,,,,,,,,,,,USD,1.0,stock,25.0
2025-11-14,2030.15,2049.55,1990.55,2048.89,600885,2187.078,2256.614,,2166.8749110062067,2238.301235483171,2303.6623106181464,2356.3216348898977,24.04776199052762,-46.798517639894726,-28.48127578508597,-18.317241854808756,0,92.46320714285716,0.5,0.05,567124.3,527431.5,1.0595296304531474,1.1392664260667025,13.336381300720062,10.312878081655406,18.73999999999978,0.6600000000003092,39.600000000000136,,0,-5.7584795184810735,-6.744529965005447,-10.138367603922132,,0,,,0.8783634080893998,-2.83173669733473,1.1807524024928462,2428.0,-5.444934103345152,2428.0,0,25,20,20,2181.67,2209.275,2195.4725,2269.52495,2048.89,,,,,,2029.6633333333332,2068.7766666666666,2088.6633333333334,2127.7766666666666,2009.7766666666662,1970.663333333333,1950.776666666666,0,0,0,0,0,0,0,0,0,0,0,0,0,0,0,0,0,0,0,0,0,0,,,,,,,,,,,,,,,,,,USD,1.0,stock,27.0
2025-11-17,2055.0,2074.19,2038.0,2057.72,375250,2184.8585,2250.8292,,2156.4792051960917,2231.219618405399,2298.7921658534306,2353.3504743437297,24.217952700004446,-49.65746276477648,-32.71651318102408,-16.940949583752406,1,91.61963571428574,0.5,0.05,554901.1,528131.7,0.6762466320574964,0.7105235303997091,15.354897702594545,10.634178081894214,2.7199999999998,16.470000000000255,17.0,,0,-4.7994481851802915,-6.178610306552885,-9.384619870536339,,0,,,0.4309650591295844,-1.64050400565956,-2.1116877803730727,2428.0,-4.57965024462694,2428.0,0,25,20,20,2155.275,2209.275,2182.275,2269.52495,2057.72,,,,,,2056.6366666666668,2075.2733333333335,2092.826666666667,2111.4633333333336,2039.0833333333335,2020.4466666666667,2002.8933333333334,0,0,0,0,0,0,0,0,0,0,0,0,0,0,0,0,0,0,0,0,0,0,,,,,,,,,,,,,,,,,,USD,1.0,stock,27.0
2025-11-18,2051.1,2084.13,2035.61,2058.81,380027,2180.6965,2244.5452,,2147.1773761297973,2224.458456899305,2294.040043757323,2350.419723355235,23.421141127676265,-51.24452845789119,-36.4221162363975,-14.822412221493693,1,90.20820714285716,0.5,0.05,554534.6,529662.1,0.6853080042255254,0.7174895088774523,15.604069036461306,14.765116013258634,7.710000000000036,25.320000000000164,15.490000000000009,,0,-4.292157903342092,-5.920240333007906,-9.021483284033014,,0,,,0.05297124973271394,-1.9413498954547914,-3.885997058892199,2428.0,-4.115513562697649,2428.0,0,25,20,20,2133.73,2209.275,2171.5025,2269.52495,2058.81,,,,,,2059.5166666666664,2083.423333333333,2108.036666666667,2131.943333333333,2034.9033333333327,2010.9966666666662,1986.3833333333325,0,0,0,0,0,0,0,0,0,0,0,0,0,0,0,0,0,0,0,0,0,0,,,,,,,,,,,,,,,,,,USD,1.0,stock,27.0
2025-11-19,2065.0,2095.67,2054.17,2077.18,428859,2179.795,2239.1090000000004,,2140.5109593555308,2218.682831138548,2289.745785465099,2347.70092013777,14.515241003053148,-50.4385596595298,-39.225404921023966,-11.213154738505835,1,77.6010642857143,0.5,0.05,550969.6,536941.1,0.7783714382789904,0.7987077167309413,20.18265265708358,17.047206465379805,12.179999999999836,18.490000000000236,10.829999999999927,,0,-3.0488912542741087,-4.940111112180949,-7.795617134769281,,0,,,0.8922630062997428,-1.27049160848135,-0.860534266254942,2428.0,-2.958684190741015,2428.0,0,25,20,20,2066.9925,2209.275,2138.13375,2269.52495,2077.18,,,,,,2075.6733333333336,2097.176666666667,2117.1733333333336,2138.676666666667,2055.676666666667,2034.1733333333336,2014.1766666666672,0,0,0,0,0,0,0,0,0,0,0,0,0,0,0,0,0,0,0,0,0,0,,,,,,,,,,,,,,,,,,USD,1.0,stock,28.75
2025-11-20,2105.3,2107.9999,1897.18,1899.75,1195156,2167.3665,2230.34,,2117.5813441788137,2206.1756612899776,2282.023096644008,2343.2436970518224,10.671376791595335,-63.38626433705849,-44.05757680423088,-19.328687532827615,0,84.67534285714284,0.5,0.05,596230.5,581879.6,2.004520063968549,2.0539575541056947,0.5240940514305393,12.103605248325138,205.55000000000018,2.699899999999616,2.5699999999999363,,0,-11.466316314189427,-14.086932491117258,-17.401763389919733,,0,,,-8.541869265061274,-6.464636518057166,-11.570436434050801,2428.0,-10.286799360866462,2428.0,0,25,20,20,2020.3075,2162.59,2091.44875,2222.83995,1899.75,,,,,,1968.3099666666667,2039.4399333333333,2179.129866666666,2250.259833333333,1828.6200333333336,1757.490066666667,1617.8001333333339,0,0,0,0,0,0,0,0,0,0,0,0,0,0,0,0,0,0,0,0,0,0,,,,,,,,,,,,,,,,,,USD,1.0,stock,30.25
2025-11-21,1903.62,1966.74,1901.0,1951.78,816081,2156.9,2222.5884,,2101.7907399713076,2196.1993608472335,2275.4836293837307,2339.348535887128,18.818841075460057,-68.65758550222108,-48.97757854382892,-19.680006958392163,0,82.42105714285711,0.5,0.05,612244.3,604297.75,1.3329336018318176,1.350461754987504,11.479994112823515,10.72891360711254,48.16000000000008,14.960000000000036,2.619999999999891,,0,-7.685842665223933,-10.509381180255978,-13.874944922071142,,0,,,2.7387814186077053,-4.73963951212607,-9.686226059756331,2428.0,-7.137282371572135,2428.0,0,25,20,20,2020.3075,2162.59,2091.44875,2222.83995,1951.78,,,,,,1939.84,1978.6799999999998,2005.58,2044.4199999999998,1912.9399999999998,1874.1,1847.1999999999998,0,0,0,0,0,0,0,0,0,0,0,0,0,0,0,0,0,0,0,0,0,0,,,,,,,,,,,,,,,,,,USD,1.0,stock,28.75
2025-11-24,1970.0,2011.0,1935.09,2008.92,870208,2143.2300000000005,2216.0504,,2092.9459075930877,2188.855072186558,2270.2051416731615,2336.0606897588978,26.488250859596576,-67.44693871706659,-52.67145057847645,-14.775488138590134,1,80.50106428571428,0.5,0.05,616868.6,615786.85,1.4106861655788607,1.4131643116445245,26.42732131876449,12.810469827672845,38.92000000000007,2.0799999999999272,34.91000000000008,,0,-4.182640801678892,-6.685681858909284,-10.310535013838281,,0,,,2.9275840514812135,-2.371556868767366,-11.979038872726,2428.0,-4.014719505566122,2428.0,0,25,20,20,2020.3075,2162.59,2091.44875,2222.83995,2008.92,,,,,,1985.0033333333333,2034.9166666666667,2060.9133333333334,2110.826666666667,1959.0066666666667,1909.0933333333332,1883.0966666666666,0,0,0,0,0,0,0,0,0,0,0,0,0,0,0,0,0,0,0,0,0,0,,,,,,,,,,,,,,,,,,USD,1.0,stock,27.0
2025-11-25,2000.67,2059.94,1990.56,2055.0,524784,2131.4730000000004,2209.3476,,2089.3320116318414,2183.605853669438,2265.9436537192373,2333.2640659802023,31.668597225934818,-62.05390276041226,-54.54794101486362,-7.505961745548639,1,79.27249285714286,0.5,0.05,629820.2,622745.95,0.8332282768955331,0.8426935574611124,41.561109209174944,26.489474880254317,54.32999999999993,4.940000000000055,10.110000000000127,,0,-1.6706575003329147,-3.721313868613159,-7.510832116788324,,0,,,2.2937697867510876,-0.18505835895492595,-10.267494563651125,2428.0,-1.6432051699158572,2428.0,0,25,20,20,2002.58995,2162.59,2082.589975,2222.83995,2055.0,,,,,,2035.1666666666667,2079.7733333333335,2104.546666666667,2149.1533333333336,2010.3933333333334,1965.7866666666666,1941.0133333333333,0,0,0,0,0,0,0,0,0,0,0,0,0,0,0,0,0,0,0,0,0,0,,,,,,,,,,,,,,,,,,USD,1.0,stock,25.0
2025-11-26,2077.44,2079.97,2026.0,2033.32,378105,2118.343,2201.0876,,2083.997534333571,2177.7122907804405,2261.337244734698,2330.2795479107476,40.89087457575118,-58.85088139539357,-55.40852909096961,-3.442352304423963,1,70.26320714285714,0.5,0.05,627027.4,614360.2,0.6030119257946304,0.6154451411403278,55.284156666869684,41.0908623982697,44.12000000000012,2.5299999999997453,7.319999999999936,,0,-2.4923540974156047,-4.181486435976625,-8.25091967816182,,0,,,-1.0549878345498809,-2.1115165753569642,-11.437680755427026,2428.0,-2.431746367194088,2428.0,0,25,20,20,2002.58995,2162.59,2082.589975,2222.83995,2033.32,,,,,,2046.4299999999996,2066.859999999999,2100.3999999999996,2120.829999999999,2012.8899999999994,1992.4599999999998,1958.9199999999996,0,0,0,0,0,0,0,0,0,0,0,0,0,0,0,0,0,0,0,0,0,0,,,,,,,,,,,,,,,,,,USD,1.0,stock,25.0
2025-11-28,2075.38,2090.86,2050.0,2071.78,248705,2103.8940000000002,2192.9957999999997,,2082.8339596351357,2173.5580832988544,2257.58363592807,2327.7074131056656,46.59225529394346,-52.60269221886438,-54.84736171654857,2.2446694976841925,1,70.80392142857146,0.5,0.05,581806.0,582159.2,0.4274706689171304,0.4272113195153491,70.90211366266684,55.91579317957048,3.599999999999909,15.480000000000018,21.7800000000002,,0,-0.5335489113291696,-1.5500680574192256,-5.850804622112362,,0,,,1.8914878130348534,9.05540202658246,-12.240973245903863,2419.78,-0.5307172750857139,2419.78,0,25,20,20,2002.58995,2162.59,2082.589975,2222.83995,2071.78,,,,,,2070.8800000000006,2091.760000000001,2111.7400000000007,2132.6200000000013,2050.900000000001,2030.0200000000004,2010.0400000000009,0,0,0,0,0,0,0,0,0,0,0,0,0,0,0,0,0,0,0,0,0,0,,,,,,,,,,,,,,,,,,USD,1.0,stock,25.0
2025-12-01,2060.0,2084.8799,2035.39,2064.55,538712,2090.7585,2185.24,,2081.092630146075,2169.283256502821,2253.761187691871,2325.0889313832213,47.41104895368332,-47.68467856524285,-53.41482508628743,5.730146521044581,1,68.47248571428572,0.5,0.05,575588.7,571356.5,0.9359322029775776,0.9428649188378885,67.96613266735709,64.7174676656312,4.550000000000182,20.329899999999725,24.6099999999999,,0,-0.8012705018563255,-1.269453391780278,-5.84582596691771,,0,,,-0.34897527729778055,5.777802826138201,-11.288382045839318,2387.55,-0.7949011930772931,2387.55,0,25,20,20,2002.58995,2162.59,2082.589975,2222.83995,2064.55,,,,,,2061.6066333333333,2087.8232666666663,2111.0965333333334,2137.3131666666663,2038.3333666666667,2012.1167333333335,1988.843466666667,0,0,0,0,0,0,0,0,0,0,0,0,0,0,0,0,0,0,0,0,0,0,,,,,,,,,,,,,,,,,,USD,1.0,stock,25.0
2025-12-02,2067.75,2153.75,2066.01,2115.91,616371,2080.734,2178.345,,2084.408570132163,2167.190187620358,2251.031461202923,2323.0075489813985,51.421512336012775,-39.19102480738866,-50.57006503050768,11.37904022311902,1,70.95105714285714,0.5,0.05,599700.8,577300.95,1.0277975283674792,1.0676770928577202,85.25158826051364,74.70661153017919,48.159999999999854,37.840000000000146,1.7399999999997817,,0,1.4887887418575003,1.6624525617819252,-2.9507398707884525,,0,,,2.4877091860211475,5.325747167632344,-8.65524089103783,2372.79,1.5112886369412535,2372.79,0,25,20,20,2025.4650000000001,2162.59,2094.0275,2222.83995,2115.91,,,,,,2111.89,2157.7699999999995,2199.6299999999997,2245.5099999999993,2070.0299999999997,2024.15,1982.29,0,0,0,0,0,0,0,0,0,0,0,0,0,0,0,0,0,0,0,0,0,0,,,,,,,,,,,,,,,,,,USD,1.0,stock,25.0
2025-12-03,2117.0,2151.6299,2102.56,2119.83,383793,2071.441,2170.8546,,2087.7820396433854,2165.3329253607358,2248.4334124662314,2320.985881827355,51.38598690625436,-31.777124856848786,-46.811476995775905,15.034352138927119,1,70.97212142857141,0.5,0.05,600077.4,577306.0,0.6395724951481259,0.6647999501131115,86.77943641111584,79.99905244632886,2.8299999999999272,31.79989999999998,14.440000000000055,,0,1.5118174738830268,2.282683045338547,-2.4070137699721297,,0,,,0.18526307829729305,3.154744525547448,-8.060927531454798,2320.0,1.535024238549762,2320.0,0,25,20,20,2025.4650000000001,2162.59,2094.0275,2222.83995,2119.83,,,,,,2124.6733,2146.7866,2173.7432,2195.8565,2097.7167,2075.6034,2048.6468,0,0,0,0,0,0,0,0,0,0,0,0,0,0,0,0,0,0,0,0,0,0,,,,,,,,,,,,,,,,,,USD,1.0,stock,25.0
2025-12-04,2128.51,2151.3275,2079.08,2139.56,443086,2063.325,2163.4264000000003,,2092.713273963063,2164.322222405413,2246.277503308484,2319.180649172357,60.409831347493245,-24.032478173584423,-42.255677231337614,18.22319905775319,1,69.98765714285715,0.5,0.05,601500.1,576234.85,0.7366349565029167,0.768933014030651,94.46934559769262,88.8334567564407,11.049999999999727,11.767499999999927,49.43000000000029,,0,2.1895495352753405,3.563115780814753,-1.1154816878236806,,0,,,0.9307350117698121,5.224952294769136,-7.0516273654578026,2276.91,2.2385640029998646,2276.91,0,25,20,20,2027.375,2162.59,2094.9825,2222.83995,2139.56,,,,,,2123.3224999999998,2167.5649999999996,2195.5699999999997,2239.8124999999995,2095.3174999999997,2051.075,2023.0699999999997,0,0,0,0,0,0,0,0,0,0,0,0,0,0,0,0,0,0,0,0,0,0,,,,,,,,,,,,,,,,,,USD,1.0,stock,25.0
2025-12-05,2145.49,2163.0,2051.04,2066.42,668871,2060.2295,2154.9098,,2090.2091526332474,2160.482919565985,2242.715968589504,2316.6656178373087,51.52040798626171,-23.525390565060206,-38.509619898082136,14.98422933302193,0,73.77051428571427,0.5,0.05,548871.6,572551.05,1.218629275043562,1.1682294530767168,63.66714317959523,81.63864172946789,79.06999999999971,17.51000000000022,15.38000000000011,,0,-1.1512254349671092,0.29957607843517564,-4.2822756264457285,,0,,,-3.4184598702536872,-0.25871472839781307,-2.9088534202872607,2163.0,-1.1381230726732654,2163.0,0,25,20,20,2049.045,2162.59,2105.8175,2222.83995,2066.42,,,,,,2093.4866666666667,2135.9333333333334,2205.4466666666667,2247.8933333333334,2023.9733333333334,1981.5266666666666,1912.0133333333333,0,0,0,0,0,0,0,0,0,0,0,0,0,0,0,0,0,0,0,0,0,0,,,,,,,,,,,,,,,,,,USD,1.0,stock,25.0
2025-12-08,2087.08,2121.42,2075.0001,2088.36,361376,2059.2174999999997,2147.3086,,2090.033042858652,2157.654569779084,2239.6594147560486,2314.3939201473854,52.59837177747628,-21.109804654506206,-35.02965684936695,13.919852194860745,0,75.1140857142857,0.5,0.05,503401.1,557822.7,0.7178689120862073,0.6478330838813121,71.92084869460541,76.68577915729774,1.2800000000002,33.059999999999945,12.079899999999725,,0,-0.08011276114520603,1.3954730027390096,-2.8227221360301726,,0,,,1.0617396269877455,1.1532779540335714,-0.959878592430985,2163.0,-0.08004863197587118,2163.0,0,25,20,20,2076.7799999999997,2158.48,2117.63,2222.83995,2088.36,,,,,,2094.9267,2114.8532999999998,2141.3466,2161.2731999999996,2068.4334,2048.5068,2022.0135,0,0,0,0,0,0,0,0,0,0,0,0,0,0,0,0,0,0,0,0,0,0,,,,,,,,,,,,,,,,,,USD,1.0,stock,25.0
2025-12-09,2072.05,2091.99,2044.59,2074.48,418183,2058.3395,2138.772,,2088.551800681638,2154.39282194461,2236.3885352559287,2312.006716961839,51.30065240126829,-20.08392048350788,-32.04050957619514,11.95658909268726,0,75.03408571428567,0.5,0.05,458198.6,537533.6,0.9126675638031195,0.7779662517840745,66.69927018283049,67.4290873523437,2.4299999999998363,17.509999999999764,27.460000000000264,,0,-0.6783290598915293,0.7780504029925559,-3.09918630210944,,0,,,-0.6646363653776244,-1.9580227892490587,-0.8393720961358264,2163.0,-0.67375875843947,2163.0,0,25,20,20,2094.5,2142.3650000000002,2118.4325,2222.83995,2074.48,,,,,,2070.353333333333,2096.116666666666,2117.753333333333,2143.516666666666,2048.7166666666662,2022.9533333333331,2001.3166666666664,0,0,0,0,0,0,0,0,0,0,0,0,0,0,0,0,0,0,0,0,0,0,,,,,,,,,,,,,,,,,,USD,1.0,stock,25.0
2025-12-10,2031.012,2037.5,1957.0,1970.73,1173949,2051.8975,2131.4478,,2077.330676807196,2147.1903583389394,2231.1279702013558,2308.6109287333634,42.261221047734,-27.327641768526064,-31.09793601466133,3.770294246135265,0,80.46122857142852,0.5,0.05,523115.1,576467.65,2.2441504747234404,2.0364525225309693,27.669099390565034,55.42973942266698,60.281999999999925,6.488000000000056,13.730000000000018,,0,-5.409197444966897,-4.1186514641782495,-8.155241966174966,,0,,,-5.001253326134747,-7.033582881646161,-6.136494615564148,2163.0,-5.131618090338829,2163.0,0,25,20,20,2060.0,2134.985,2097.4925000000003,2222.83995,1970.73,,,,,,1988.4099999999999,2019.8199999999997,2068.91,2100.3199999999997,1939.3199999999997,1907.9099999999999,1858.8199999999997,0,0,0,0,0,0,0,0,0,0,0,0,0,0,0,0,0,0,0,0,0,0,,,,,,,,,,,,,,,,,,USD,1.0,stock,25.0
2025-12-11,1978.41,2042.05,1969.69,2019.81,522746,2047.6925000000003,2128.3058,,2071.8525171112724,2142.1950501687847,2226.9434559399424,2305.7372876514396,60.730756855314425,-28.776282185352102,-30.633605248799487,1.8573230634473852,0,70.57123571428568,0.5,0.05,537579.2,582303.3,0.9724074145725877,0.8977211703935045,45.34732824427479,46.57189927255677,41.399999999999864,22.24000000000001,8.720000000000027,,0,-2.5766045871281182,-1.3804516266381686,-5.371584455963687,,0,,,2.490447702120524,-5.596945166295875,-3.997319276965261,2163.0,-2.511883287128657,2163.0,0,25,20,20,2060.0,2108.59,2084.295,2189.14,2019.81,,,,,,2010.5166666666664,2051.343333333333,2082.876666666666,2123.703333333333,1978.983333333333,1938.1566666666665,1906.623333333333,0,0,0,0,0,0,0,0,0,0,0,0,0,0,0,0,0,0,0,0,0,0,,,,,,,,,,,,,,,,,,USD,1.0,stock,25.0
2025-12-12,2014.645,2050.49,2005.0,2015.89,401373,2046.9345,2123.6916,,2066.5227535768654,2137.2419109464795,2222.764179584696,2302.8532350379924,56.26919090180127,-29.896028583887073,-30.486089915817004,0.590061331929931,0,69.03552142857139,0.5,0.05,552846.0,567326.0,0.7260123072247968,0.7074821178652133,35.45259093501828,36.15633952328603,1.2450000000001182,34.59999999999968,9.644999999999982,,0,-2.5116823624734135,-1.5399897811884562,-5.347593370670026,,0,,,-0.1940776607700645,-2.445291857415244,-0.7464119544078107,2163.0,-2.4501425638419416,2163.0,0,25,20,20,2060.0,2087.045,2073.5225,2162.59,2015.89,,,,,,2023.7933333333333,2042.5866666666666,2069.283333333333,2088.0766666666664,1997.0966666666668,1978.3033333333335,1951.606666666667,0,0,0,0,0,0,0,0,0,0,0,0,0,0,0,0,0,0,0,0,0,0,,,,,,,,,,,,,,,,,,USD,1.0,stock,25.0
2025-12-15,2028.86,2028.86,1955.11,1966.76,487078,2042.828,2119.5717999999997,,2057.0215389504974,2130.5563458113234,2217.69478988995,2299.509023744082,45.81164315517583,-34.35182956753829,-31.259237846161263,-3.092591721377026,0,68.88123571428567,0.5,0.05,547682.6,561635.65,0.8893435723537685,0.8672490786509012,5.60392515272504,28.801281444006033,62.09999999999991,0.0,11.650000000000091,,0,-4.589351977389078,-3.8676808558237905,-7.769722792816598,,0,,,-2.437136946956442,-5.822750866708814,-4.008511925969671,2163.0,-4.387972475803501,2163.0,0,25,20,20,2059.055,2030.0900000000001,2044.5725,2162.59,1966.76,,,,,,1983.5766666666666,2012.0433333333333,2057.326666666667,2085.793333333333,1938.2933333333333,1909.8266666666666,1864.5433333333333,0,0,0,0,0,0,0,0,0,0,0,0,0,0,0,0,0,0,0,0,0,0,,,,,,,,,,,,,,,,,,USD,1.0,stock,25.0
2025-12-16,1964.435,1974.2997,1906.18,1933.72,908305,2036.628,2115.1618,,2045.2785352409262,2122.837273426566,2212.071526723812,2295.869331965534,37.63105291070045,-40.08703740866076,-33.024797758661165,-7.062239649999597,0,68.79121428571422,0.5,0.05,576876.0,588288.4,1.5745238144765947,1.5439791095659883,10.72346390468031,17.25999333080787,30.714999999999918,9.864700000000084,27.539999999999964,,0,-5.769115241137609,-5.321763233560179,-9.383044080838996,,0,,,-1.6799202749700037,-6.785314874088932,-6.026087125556434,2163.0,-5.454442185684259,2163.0,0,25,20,20,2034.5900000000001,2030.0900000000001,2032.3400000000001,2162.59,1933.72,,,,,,1938.0665666666666,1969.9531333333332,2006.1862666666666,2038.0728333333332,1901.8334333333332,1869.9468666666667,1833.7137333333333,0,0,0,0,0,0,0,0,0,0,0,0,0,0,0,0,0,0,0,0,0,0,,,,,,,,,,,,,,,,,,USD,1.0,stock,25.0
2025-12-17,1943.69,1956.05,1901.83,1916.28,687554,2029.5014999999999,2109.736,,2032.9929604560762,2114.7369881941513,2206.214268768885,2292.09232368727,37.959343236903834,-45.514826601464165,-35.52280352722177,-9.992023074242397,0,68.80907142857139,0.5,0.05,607252.1,603664.75,1.1322381594069415,1.1389666201314554,5.532794731401019,7.286727929602118,27.410000000000082,12.3599999999999,14.450000000000045,,0,-6.090600562343509,-5.908400651261814,-10.095393157576133,,0,,,-0.9018885877996818,-2.7629355619491314,-6.922931207833649,2163.0,-5.740942675467657,2163.0,0,25,20,20,2032.415,2030.0900000000001,2031.2525,2162.59,1916.28,,,,,,1924.72,1947.6100000000001,1978.94,2001.8300000000002,1893.39,1870.5,1839.17,0,0,0,0,0,0,0,0,0,0,0,0,0,0,0,0,0,0,0,0,0,0,,,,,,,,,,,,,,,,,,USD,1.0,stock,25.0
2025-12-18,1932.49,1983.22,1932.49,1964.46,686120,2023.8655000000003,2105.4274,,2026.4660118412119,2108.843772970851,2201.427055525937,2288.8323005660036,39.17577762536811,-45.40526170578073,-37.499295162933564,-7.9059665428471675,1,69.48049999999994,0.5,0.05,631555.5,616527.8,1.0863969991552602,1.1128776350393281,23.980549067657115,13.412269234579476,31.970000000000027,18.75999999999999,0.0,,0,-3.156389635890363,-3.024011687690271,-7.1758854850696885,,0,,,2.514246352307592,-2.7403567662304784,-5.426587970228858,2163.0,-3.0598101068013595,2163.0,0,25,20,20,2011.625,2030.0900000000001,2020.8575,2162.59,1964.46,,,,,,1960.0566666666666,1987.6233333333332,2010.7866666666666,2038.3533333333332,1936.8933333333332,1909.3266666666666,1886.1633333333332,0,0,0,0,0,0,0,0,0,0,0,0,0,0,0,0,0,0,0,0,0,0,,,,,,,,,,,,,,,,,,USD,1.0,stock,25.0
2025-12-19,1969.835,2014.46,1962.0,1997.61,737890,2028.7585000000004,2099.8796,,2023.717820237287,2104.4816642268966,2197.391074228394,2285.9345662320134,43.58394356477396,-42.15753693901115,-38.43094351814908,-3.7265934208620735,1,69.69264999999996,0.5,0.05,638457.4,593664.5,1.1557388167166673,1.2429410887799421,36.67343109851818,22.0622582991921,27.774999999999864,16.850000000000136,7.835000000000036,,0,-1.3069528204848353,-1.5592883495777687,-5.119597919513835,,0,,,1.6874866375492514,-0.9067955096756397,5.151204105803386,2163.0,-1.290091927649572,2163.0,0,25,20,20,1996.9099999999999,2030.0900000000001,2013.5,2162.59,1997.61,,,,,,1991.3566666666666,2020.7133333333331,2043.8166666666666,2073.173333333333,1968.253333333333,1938.8966666666665,1915.793333333333,0,0,0,0,0,0,0,0,0,0,0,0,0,0,0,0,0,0,0,0,0,0,,,,,,,,,,,,,,,,,,USD,1.0,stock,25.0
2025-12-22,2009.88,2013.0,1960.03,1993.65,311112,2030.852,2097.0791999999997,,2020.8542183099264,2100.135324453293,2193.3565975109996,2283.0262620904014,37.11044574705859,-39.44849289736521,-38.63445339399231,-0.8140395033729035,1,67.10479285714283,0.5,0.05,633431.0,568416.05,0.491153732608603,0.5473314836905115,35.15717731745612,31.937052494543803,16.230000000000018,3.119999999999891,33.62000000000012,,0,-1.3645433406027296,-1.8660246281945174,-5.187931683093802,,0,,,-0.19823689308723358,1.3672232504220228,2.1452212851858388,2163.0,-1.3461742100663576,2163.0,0,25,20,20,1976.1599999999999,2030.0900000000001,2003.125,2162.59,1993.65,,,,,,1988.8933333333334,2017.756666666667,2041.8633333333335,2070.726666666667,1964.7866666666669,1935.9233333333334,1911.8166666666668,0,0,0,0,0,0,0,0,0,0,0,0,0,0,0,0,0,0,0,0,0,0,,,,,,,,,,,,,,,,,,USD,1.0,stock,25.0
2025-12-23,1995.0,2006.66,1974.0,1995.07,254277,2030.1594999999998,2093.4624000000003,,2018.3985784708857,2096.015115651203,2189.4301302335543,2280.161025651691,36.77717483466168,-36.76319066647625,-38.2602008484891,1.4970101820128505,1,65.93265714285712,0.5,0.05,617040.4,537619.5,0.4120913314590098,0.472968335411941,35.70088448137228,35.84383096578219,0.06999999999993634,11.590000000000146,21.0,,0,-1.1693112758392317,-1.7588104678031256,-4.931776829885689,,0,,,0.07122614300403285,3.1726413338021953,-0.689425163769597,2163.0,-1.155796417997837,2163.0,0,25,20,20,1976.1599999999999,2030.0900000000001,2003.125,2162.59,1995.07,,,,,,1991.9099999999999,2009.8199999999997,2024.57,2042.4799999999998,1977.1599999999996,1959.2499999999998,1944.4999999999995,0,0,0,0,0,0,0,0,0,0,0,0,0,0,0,0,0,0,0,0,0,0,,,,,,,,,,,,,,,,,,USD,1.0,stock,25.0
2025-12-24,1996.0,2008.17,1982.1163,1998.21,98153,2027.3199999999997,2090.2702,,2016.4758567117537,2092.1796209197832,2185.6435930012067,2277.3555428093855,34.47283432563657,-33.98988332698809,-37.4061373441889,3.4162540172008065,1,62.6331,0.5,0.05,509460.8,516287.95,0.19266055406029278,0.19011290114363505,36.90316651989129,35.92040943957323,2.2100000000000364,9.960000000000036,13.88370000000009,,0,-0.9141109649012723,-1.456803839436279,-4.607133384379014,,0,,,0.15738796132467314,4.275471225499405,-2.763503649635035,2163.0,-0.9058306674467036,2163.0,0,25,20,20,1976.1599999999999,2030.0900000000001,2003.125,2162.59,1998.21,,,,,,1996.1654333333333,2010.2145666666668,2022.2191333333335,2036.268266666667,1984.1608666666666,1970.1117333333332,1958.1071666666664,0,0,0,0,0,0,0,0,0,0,0,0,0,0,0,0,0,0,0,0,0,0,,,,,,,,,,,,,,,,,,USD,1.0,stock,25.0
2025-12-26,1998.08,2012.0,1994.01,2005.71,192536,2025.9395,2089.4174000000003,,2015.45053702492,2088.7886553935173,2182.080551555638,2274.652602084914,42.20727543449797,-30.831424490329255,-36.09119477341697,5.259770283087718,1,55.92095714285714,0.5,0.05,476439.8,507009.5,0.404114013984558,0.3797483084636481,47.3063436404208,39.97013154722812,7.630000000000109,6.289999999999964,4.069999999999936,,0,-0.48564034805231354,-1.008595459961805,-4.173454786584314,,0,,,0.37533592565346385,2.099813689258112,-1.357877756575443,2163.0,-0.48329328088093,2163.0,0,25,20,20,1965.3449999999998,2030.0900000000001,1997.7175,2162.59,2005.71,,,,,,2003.9066666666668,2013.8033333333335,2021.8966666666668,2031.7933333333335,1995.8133333333335,1985.9166666666667,1977.8233333333335,0,0,0,0,0,0,0,0,0,0,0,0,0,0,0,0,0,0,0,0,0,0,,,,,,,,,,,,,,,,,,USD,1.0,stock,25.0
2025-12-29,1995.0,2039.76,1986.0,2014.97,276102,2023.0989999999997,2088.8556,,2015.4047715939753,2085.893806162399,2178.7714317228533,2272.068695596507,40.2627039936314,-27.266803755165483,-34.326316569766675,7.059512814601192,1,55.83238571428571,0.5,0.05,463912.7,508379.35,0.5951593909802426,0.543102311295689,59.497265460664806,47.902258540325626,19.970000000000027,24.789999999999964,9.0,,0,-0.02157707529021554,-0.4034303240246593,-3.6668337493858387,,0,,,0.46168189818069916,0.869038501008701,-2.742086514977471,2163.0,-0.021572420592782315,2163.0,0,25,20,20,1970.795,2030.0900000000001,2000.4425,2162.59,2014.97,,,,,,2013.5766666666668,2041.1533333333336,2067.336666666667,2094.913333333334,1987.3933333333337,1959.8166666666668,1933.6333333333337,0,0,0,0,0,0,0,0,0,0,0,0,0,0,0,0,0,0,0,0,0,0,,,,,,,,,,,,,,,,,,USD,1.0,stock,25.0
2025-12-30,2014.92,2025.1934,1997.06,2020.88,294173,2020.9154999999998,2088.7736,,2015.9262219183586,2083.3442451364226,2175.64486871844,2269.5693055905717,42.734764693125136,-23.691823934109607,-32.19941804263526,8.507594108525652,1,54.45620000000002,0.5,0.05,444622.2,496152.4,0.6616246332279405,0.5929085498729826,80.0820664603796,62.29522518715506,5.960000000000036,4.3134000000000015,17.860000000000127,,0,0.24512974949732447,-0.001756660464734619,-3.359605716321596,,0,,,0.2933046149570462,1.3658365309858755,-2.1152309219926946,2163.0,0.24573211200792397,2163.0,0,25,20,20,1970.795,2032.0,2001.3975,2162.59,2020.88,,,,,,2014.3778000000002,2031.6956000000005,2042.5112000000004,2059.8290000000006,2003.5622000000003,1986.2444,1975.4288000000001,0,0,0,0,0,0,0,0,0,0,0,0,0,0,0,0,0,0,0,0,0,0,,,,,,,,,,,,,,,,,,USD,1.0,stock,25.0
2025-12-31,2014.56,2027.73,2007.5,2014.26,199741,2015.833,2087.0166,,2015.76753411661,2080.6350590526413,2172.4491287438173,2267.028914490168,58.00919963201473,-21.149012690443215,-29.989336972196853,8.840324281753638,1,47.50977142857145,0.5,0.05,373765.8,475320.9,0.5344014888467591,0.4202234742886332,75.62895197094052,71.73609463066164,0.2999999999999545,13.170000000000073,6.759999999999991,,0,-0.07484307470783472,-0.07809319551597572,-3.6120758988412582,,0,,,-0.3275800641304838,0.9618710120447016,-4.804079568601683,2163.0,-0.07478710174140657,2163.0,0,25,20,20,1986.125,2032.415,2009.27,2162.59,2014.26,,,,,,2016.4966666666667,2025.4933333333333,2036.7266666666667,2045.7233333333334,2005.2633333333333,1996.2666666666667,1985.0333333333333,0,0,0,0,0,0,0,0,0,0,0,0,0,0,0,0,0,0,0,0,0,0,,,,,,,,,,,,,,,,,,USD,1.0,stock,25.0
2026-01-02,2027.55,2035.0,1968.88,1973.7,502483,2008.5265,2083.6495999999997,,2011.7611022959804,2076.4415273250866,2168.5135024320584,2264.1102188235996,41.24149982904685,-22.151322825001444,-28.421734142757774,6.270411317756331,0,47.06405714285716,0.5,0.05,355258.7,481255.4,1.4144143408732848,1.04410880376615,48.34521727431736,68.01874523521248,53.84999999999991,7.4500000000000455,4.819999999999936,,0,-1.9284137556862941,-1.7645285504382577,-5.5707351674519785,,0,,,-2.013642727353959,-1.2265978050355009,-6.893477307142549,2163.0,-1.8919295264503353,2163.0,0,25,20,20,1999.895,2032.415,2016.155,2162.59,1973.7,,,,,,1992.5266666666666,2016.1733333333332,2058.6466666666665,2082.293333333333,1950.0533333333333,1926.4066666666668,1883.9333333333334,0,0,0,0,0,0,0,0,0,0,0,0,0,0,0,0,0,0,0,0,0,0,,,,,,,,,,,,,,,,,,USD,1.0,stock,25.0
2026-01-05,2011.94,2211.9253,2010.8945,2148.62,1073342,2008.9795000000001,2084.7178,,2024.7952830296965,2079.2720556652794,2168.1195716908296,2262.9610624173947,65.28337516984085,-8.73043962187785,-24.48347523858179,15.75303561670394,1,60.830864285714306,0.5,0.05,393980.9,512768.2,2.724350342871951,2.0932304304362086,79.58521138501615,67.853126876758,136.67999999999984,63.30529999999999,1.0454999999999472,,0,5.7629881956932065,6.4990784782790705,2.9741043088121675,,0,,,8.86254243299387,7.125157674838323,0.42345155078613583,2211.9253,6.115419075108903,2211.9253,0,25,20,20,2085.97765,2056.87765,2071.4276499999996,2162.59,2148.62,,,,,,2123.8132666666666,2236.7320333333328,2324.8440666666665,2437.7628333333328,2035.7012333333332,1922.7824666666668,1834.6704333333334,0,0,0,0,0,0,0,0,0,0,0,0,0,0,0,0,0,0,0,0,0,0,,,,,,,,,,,,,,,,,,USD,1.0,stock,25.0
2026-01-06,2142.165,2239.9499,2138.0,2187.04,689431,2015.0105000000003,2085.4922,,2040.2471608363921,2083.4982495607587,2168.494233637546,2262.2056289605057,76.00585568568192,4.948832854892771,-18.59701361988688,23.54584647477965,1,62.84514285714288,0.5,0.05,389135.0,513796.2,1.7717013375820732,1.3418374834224154,84.35173439954286,70.76072101962545,44.875,52.90990000000011,4.164999999999964,,0,6.711941215689142,7.865859792230578,4.6431615333967295,,0,,,1.7881244705904242,8.539581234460059,5.837148304797668,2239.9499,7.194855700886289,2239.9499,0,25,20,20,2104.4149500000003,2070.8899499999998,2087.65245,2162.59,2187.04,,,,,,2188.3299666666667,2238.6599333333334,2290.2798666666667,2340.6098333333334,2136.7100333333333,2086.3800666666666,2034.7601333333332,0,0,0,0,0,0,0,0,0,0,0,0,0,0,0,0,0,0,0,0,0,0,,,,,,,,,,,,,,,,,,USD,1.0,stock,27.0
2026-01-07,2187.04,2188.4899,2130.0,2162.61,383332,2018.723,2085.5222,,2051.9007645662596,2086.6006711466116,2168.377714159575,2261.2146276773165,77.58309030874169,13.660982711566248,-12.145414353596255,25.806397065162503,1,62.15730000000003,0.5,0.05,396357.0,514894.0,0.9671382112590418,0.7444872148442203,77.12648678767505,80.354477524078,24.429999999999836,1.4499000000000706,32.61000000000013,,0,5.119241815849393,6.653395665422806,3.5645724379338035,,0,,,-1.117034896481084,7.013281342781363,3.555421479055343,2239.9499,5.395447837709773,2239.9499,0,25,20,20,2104.4149500000003,2070.8899499999998,2087.65245,2162.59,2162.61,,,,,,2160.3666333333335,2190.733266666667,2218.8565333333336,2249.223166666667,2132.243366666667,2101.8767333333335,2073.753466666667,0,0,0,0,0,0,0,0,0,0,0,0,0,0,0,0,0,0,0,0,0,0,,,,,,,,,,,,,,,,,,USD,1.0,stock,27.0
2026-01-08,2176.7,2200.7,2160.02,2179.8,340766,2023.989,2083.4718000000003,,2064.0816441313777,2090.255546787921,2168.6038980376034,2260.404531879532,81.77543047315879,21.702342482902168,-5.37586298629657,27.07820546919874,1,61.19015714285716,0.5,0.05,405005.9,511023.15,0.8413852736466307,0.6668308470956746,80.43650570367066,80.63824229696286,3.100000000000364,20.899999999999636,16.679999999999836,,0,5.308668495670356,7.147949353151671,4.419130195430769,,0,,,0.7948728619584733,8.218402788120716,5.076934942732647,2239.9499,5.606287725954751,2239.9499,0,25,20,20,2104.4149500000003,2070.8899499999998,2087.65245,2162.59,2179.8,,,,,,2180.173333333333,2200.3266666666664,2220.853333333333,2241.006666666666,2159.6466666666665,2139.4933333333333,2118.9666666666667,0,0,0,0,0,0,0,0,0,0,0,0,0,0,0,0,0,0,0,0,0,0,,,,,,,,,,,,,,,,,,USD,1.0,stock,28.75
2026-01-09,2191.498,2193.06,2162.0,2178.41,309300,2034.3730000000003,2081.2372,,2074.970058976008,2093.712584168787,2168.798078274482,2259.588665890681,79.07956615108597,27.644349796822098,1.228179570327164,26.416170226494934,0,58.627300000000005,0.5,0.05,426120.6,467790.7,0.7258508506746681,0.661193136161108,78.01517505543544,78.52605584892704,13.088000000000193,1.5619999999998981,16.409999999999854,,0,4.748414716421228,6.612024366395655,4.460721351811634,,0,,,-0.06376731810259217,10.371890358210468,10.538226951434225,2239.9499,4.985129331217385,2239.9499,0,25,20,20,2104.4149500000003,2070.8899499999998,2087.65245,2162.59,2178.41,,,,,,2177.8233333333333,2193.6466666666665,2208.883333333333,2224.7066666666665,2162.5866666666666,2146.7633333333333,2131.5266666666666,0,0,0,0,0,0,0,0,0,0,0,0,0,0,0,0,0,0,0,0,0,0,,,,,,,,,,,,,,,,,,USD,1.0,stock,27.0
2026-01-12,2164.27,2165.025,2122.57,2149.9,408556,2040.8774999999998,2078.3168,,2082.106243835436,2095.9160122405997,2168.42385890271,2258.4972363793313,70.96330148941446,29.710431312892524,6.924629918840237,22.785801394052285,0,58.868728571428555,0.5,0.05,447722.6,462081.2,0.912520386507181,0.8841649476325806,67.83011854462653,75.42726643457753,14.36999999999989,0.7550000000001091,27.329999999999927,,0,3.1533446283345272,5.071049816270536,3.3296060281873587,,0,,,-1.3087527141355304,0.059573121352318736,6.440704818770082,2239.9499,3.256018100194614,2239.9499,0,25,20,20,2104.4149500000003,2070.8899499999998,2087.65245,2162.59,2149.9,,,,,,2145.831666666667,2169.0933333333337,2188.286666666667,2211.5483333333336,2126.638333333334,2103.376666666667,2084.183333333334,0,0,0,0,0,0,0,0,0,0,0,0,0,0,0,0,0,0,0,0,0,0,,,,,,,,,,,,,,,,,,USD,1.0,stock,27.0
2026-01-13,2127.21,2130.15,2030.91,2073.57,690139,2043.7614999999998,2072.573,,2081.293268232061,2095.039698035086,2166.545564667013,2256.657164375557,59.17355371900827,24.901572884595225,10.520018511991235,14.38155437260399,0,63.58444285714284,0.5,0.05,489126.3,476519.5,1.4109627717830753,1.4482912031931536,38.62103464825865,61.48877608277353,53.63999999999987,2.9400000000000546,42.66000000000008,,0,-0.3724623828499132,1.4375449104684346,0.04808132833713345,,0,,,-3.550397692915941,-5.188291023483782,2.861267231843012,2239.9499,-0.3710802485140125,2239.9499,0,25,20,20,2104.4149500000003,2070.8899499999998,2087.65245,2162.59,2073.57,,,,,,2078.2100000000005,2125.510000000001,2177.4500000000007,2224.750000000001,2026.270000000001,1978.9700000000005,1927.0300000000009,0,0,0,0,0,0,0,0,0,0,0,0,0,0,0,0,0,0,0,0,0,0,,,,,,,,,,,,,,,,,,USD,1.0,stock,25.0
2026-01-14,2055.7,2108.0,2041.02,2101.95,500449,2050.521,2068.0668,,2083.260576019484,2095.310690269004,2165.266444574597,2255.117789605651,61.553095814597015,23.114101775421204,13.03883516467723,10.075266610743974,0,66.03587142857141,0.5,0.05,509753.9,477188.05,0.9817462897292203,1.0487458770185045,49.090658903847206,51.84727069891079,46.25,6.050000000000182,14.679999999999836,,0,0.889146934061992,2.446728038250179,1.6119888674801857,,0,,,1.3686540603885966,-2.8049440259686365,6.87374158514511,2239.9499,0.8971236817732227,2239.9499,0,25,20,20,2104.4149500000003,2070.8899499999998,2087.65245,2162.59,2101.95,,,,,,2083.6566666666668,2126.2933333333335,2150.6366666666668,2193.2733333333335,2059.3133333333335,2016.6766666666667,1992.3333333333335,0,0,0,0,0,0,0,0,0,0,0,0,0,0,0,0,0,0,0,0,0,0,,,,,,,,,,,,,,,,,,USD,1.0,stock,25.0
2026-01-15,2137.12,2151.46,2084.615,2098.85,425229,2058.7775,2063.7158,,2084.7452830652473,2095.449486729043,2163.9512674543075,2253.5628862264903,60.87952953385799,21.202959433185697,14.671660018378926,6.531299414806771,0,68.9495357142857,0.5,0.05,532302.7,453034.25,0.7988480990233565,0.9386243976034925,47.94704244182029,45.21957866464205,38.26999999999998,14.340000000000146,14.235000000000127,,0,0.6720211989781338,1.909259832765551,1.6739738428186848,,0,,,-0.14748209995479877,-3.7136434535278595,8.539498996752371,2239.9499,0.6765678785474493,2239.9499,0,25,20,20,2125.4222,2070.8899499999998,2098.156075,2158.48,2098.85,,,,,,2111.6416666666664,2138.668333333333,2178.4866666666667,2205.5133333333333,2071.823333333333,2044.7966666666662,2004.9783333333326,0,0,0,0,0,0,0,0,0,0,0,0,0,0,0,0,0,0,0,0,0,0,,,,,,,,,,,,,,,,,,USD,1.0,stock,25.0
2026-01-16,2104.74,2110.0399,2061.62,2075.01,547103,2066.7140000000004,2059.1022,,2083.8181132495097,2094.6479382298653,2162.1900542373905,2251.786240592396,57.23593534644784,17.562230140172687,15.249774042737679,2.3124560974350086,0,71.12310000000001,0.5,0.05,536764.7,446011.7,1.0192603947316208,1.226656161710556,39.15226294029699,45.39665476198817,29.729999999999563,5.299900000000434,13.390000000000327,,0,-0.42448533980604714,0.3998053021431136,0.7666372692179991,,0,,,-1.1358601138718671,-4.746581222083979,8.283236270273676,2239.9499,-0.4226910781466466,2239.9499,0,25,20,20,2135.42995,2070.8899499999998,2103.15995,2142.3650000000002,2075.01,,,,,,2082.2233,2102.8266000000003,2130.6432000000004,2151.2465000000007,2054.4067,2033.8033999999998,2005.9867999999997,0,0,0,0,0,0,0,0,0,0,0,0,0,0,0,0,0,0,0,0,0,0,,,,,,,,,,,,,,,,,,USD,1.0,stock,25.0
2026-01-20,2049.04,2110.36,2028.21,2034.82,536212,2070.232,2053.761,,2079.1516262733658,2092.3017445737923,2159.667874945561,2249.6273725268,51.946880087879315,11.303627644049811,14.460544763000106,-3.156917118950295,0,73.15095714285715,0.5,0.05,483051.7,438516.3,1.1100509531381424,1.2227869294710367,24.325828872921647,37.141711418346304,14.220000000000027,61.320000000000164,6.6099999999999,,0,-2.1786509997624277,-1.7403013534366696,-0.9308440058580135,,0,,,-1.9368581356234538,-5.3528071073073225,3.58164584669578,2239.9499,-2.1321978499867775,2239.9499,0,25,20,20,2114.455,2070.8899499999998,2092.672475,2134.985,2034.82,,,,,,2057.7966666666666,2087.383333333333,2139.9466666666667,2169.5333333333333,2005.2333333333331,1975.6466666666665,1923.083333333333,0,0,0,0,0,0,0,0,0,0,0,0,0,0,0,0,0,0,0,0,0,0,,,,,,,,,,,,,,,,,,USD,1.0,stock,25.0
2026-01-21,2045.0,2093.51,2032.009,2057.77,943090,2073.24,2052.3498,,2077.1152809139976,2090.947558512075,2157.6500952436686,2247.7183439444443,53.50112939657953,8.102117111257485,13.188859232651582,-5.0867421213940975,0,75.53435714285716,0.5,0.05,508417.6,448776.3,1.8549515201676732,2.1014701533926816,32.792279777282495,32.090123863500374,12.769999999999982,35.74000000000024,12.990999999999985,,0,-0.9401089973125089,-0.7517846989702348,0.2634016435267315,,0,,,1.1278638896806692,-0.7619709004277775,3.0115988606384647,2239.9499,-0.931353261504343,2239.9499,0,25,20,20,2114.455,2070.8899499999998,2092.672475,2108.59,2057.77,,,,,,2061.0963333333334,2090.183666666667,2122.5973333333336,2151.684666666667,2028.6826666666666,1999.5953333333332,1967.1816666666664,0,0,0,0,0,0,0,0,0,0,0,0,0,0,0,0,0,0,0,0,0,0,,,,,,,,,,,,,,,,,,USD,1.0,stock,25.0
2026-01-22,2113.405,2166.0,2111.01,2153.75,872953,2081.245,2053.2528,,2084.413825588855,2093.4103993547387,2157.5728656348833,2246.7833355469875,61.318749087132225,13.158003535865191,13.182688093294306,-0.024684557429115017,1,81.82007142857144,0.5,0.05,557379.7,476868.35,1.5661729338187238,1.8305953834008906,68.20012107578152,41.772743241995215,40.3449999999998,12.25,2.394999999999982,,0,3.2193232460194934,3.366453859547306,4.666149738827617,,0,,,4.664272489150867,2.4643783153738275,8.030496827427068,2239.9499,3.3264111742089937,2239.9499,0,25,20,20,2110.635,2070.8899499999998,2090.762475,2087.045,2153.75,,,,,,2143.5866666666666,2176.163333333333,2198.5766666666664,2231.1533333333327,2121.173333333333,2088.596666666667,2066.1833333333334,0,0,0,0,0,0,0,0,0,0,0,0,0,0,0,0,0,0,0,0,0,0,,,,,,,,,,,,,,,,,,USD,1.0,stock,25.0
2026-01-23,2145.0,2153.46,2100.31,2137.29,467184,2088.356,2054.1578,,2089.44965172325,2095.131168007494,2157.1712247312225,2245.693849621147,63.8146227769427,15.656170922256933,13.677384659086833,1.9787862631701003,1,80.91435714285717,0.5,0.05,570021.5,487513.7,0.8195901382667145,0.958299223180805,55.181191973644744,52.05786427556958,7.710000000000036,8.460000000000036,36.98000000000002,,0,2.2383648581498004,2.2895348782804272,3.8896078679074906,,0,,,-0.7642484039466102,1.8314791433404087,7.128571929806982,2239.9499,2.289614791018969,2239.9499,0,25,20,20,2097.105,2070.8899499999998,2083.997475,2068.56495,2137.29,,,,,,2130.3533333333335,2160.396666666667,2183.5033333333336,2213.546666666667,2107.246666666667,2077.2033333333334,2054.096666666667,0,0,0,0,0,0,0,0,0,0,0,0,0,0,0,0,0,0,0,0,0,0,,,,,,,,,,,,,,,,,,USD,1.0,stock,25.0
2026-01-26,2131.465,2241.99,2127.97,2212.62,539447,2099.0765,2056.4188,,2101.1801610829407,2099.738573183671,2158.2692202810995,2245.364756590091,56.49746192893401,23.44423743954667,15.630755215178802,7.813482224367867,1,72.04255000000003,0.5,0.05,593036.2,509578.4,0.9096358704578237,1.0586143368714216,86.26157732248109,69.88096345730246,81.15499999999975,29.36999999999989,3.4950000000003456,,0,5.036555708484023,5.131631278755492,7.059558351637424,,0,,,3.5245567985626725,6.6317752685528975,10.730103442581097,2241.99,5.3036784270618424,2241.99,0,25,20,20,2135.1,2071.91,2103.505,2069.585,2212.62,,,,,,2194.193333333333,2260.4166666666665,2308.213333333333,2374.4366666666665,2146.3966666666665,2080.173333333333,2032.3766666666666,0,0,0,0,0,0,0,0,0,0,0,0,0,0,0,0,0,0,0,0,0,0,,,,,,,,,,,,,,,,,,USD,1.0,stock,25.0
2026-01-27,2222.0,2302.46,2205.0,2295.0,569687,2113.541,2060.2406,,2119.639193360756,2107.3958840392133,2160.976760473553,2245.858639609095,60.06226000074564,35.85045209053396,19.674694590249835,16.175757500284128,1,71.72184285714289,0.5,0.05,609149.3,528435.95,0.9352173596850558,1.0780625352987434,97.27985414767547,79.57420781460043,73.0,7.460000000000036,17.0,,0,7.640993753343962,7.906710239651408,10.229167755991282,,0,,,3.7231878948938313,12.786388968065964,14.423321417353453,2302.46,8.273144183619467,2302.46,0,25,20,20,2165.335,2117.475,2141.4049999999997,2099.82,2295.0,,,,,,2267.4866666666667,2329.9733333333334,2364.9466666666667,2427.4333333333334,2232.5133333333333,2170.0266666666666,2135.0533333333333,0,0,0,0,0,0,0,0,0,0,0,0,0,0,0,0,0,0,0,0,0,0,,,,,,,,,,,,,,,,,,USD,1.0,stock,25.0
2026-01-28,2303.91,2342.0,2266.3501,2268.6,486219,2126.2225000000003,2064.9916,,2133.8259368502077,2113.717614076891,2163.1079137315023,2246.0849218020394,59.8425050610107,43.05588576762648,24.350932825725167,18.70495294190131,1,72.94755714285716,0.5,0.05,588757.3,538941.8,0.8258394418209336,0.9021734814408531,76.60855986487775,86.71666377834475,35.309999999999945,38.090000000000146,2.2498999999997977,,0,5.940847357391883,6.276007229128079,8.975068324076526,,0,,,-1.1503267973856257,10.245557083639078,12.587284177928204,2342.0,6.316075778361544,2342.0,0,25,20,20,2185.105,2151.015,2168.06,2119.59,2268.6,,,,,,2292.3167,2318.2832999999996,2367.9665999999997,2393.9331999999995,2242.6333999999997,2216.6668,2166.9835,0,0,0,0,0,0,0,0,0,0,0,0,0,0,0,0,0,0,0,0,0,0,,,,,,,,,,,,,,,,,,USD,1.0,stock,25.0
2026-01-29,2268.975,2292.34,2209.93,2218.14,418727,2136.0855,2068.3766,,2141.8558476263784,2117.8126096032875,2164.1976580140467,2245.806862878636,53.353157250306076,44.18520405289655,28.317787071159444,15.867416981737108,0,75.92827142857149,0.5,0.05,580585.1,545169.5,0.7212155461791906,0.7680675459650622,60.527741483157484,78.13871849857023,50.835000000000036,23.365000000000236,8.210000000000036,,0,3.4391044917643394,3.6992480186101755,6.751755975727404,,0,,,-2.22427929119281,2.989669181659882,9.761094176794249,2342.0,3.561591339499351,2342.0,0,25,20,20,2185.105,2151.015,2168.06,2119.59,2218.14,,,,,,2240.1366666666668,2270.3433333333337,2322.546666666667,2352.753333333334,2187.9333333333334,2157.7266666666665,2105.523333333333,0,0,0,0,0,0,0,0,0,0,0,0,0,0,0,0,0,0,0,0,0,0,,,,,,,,,,,,,,,,,,USD,1.0,stock,25.0
2026-01-30,2200.0,2226.68,2129.0001,2147.79,558645,2142.7619999999997,2070.178,,2142.421004995295,2118.9881935404132,2163.872753894957,2244.8315707106894,47.61027690194488,38.95449668035462,30.44512899299848,8.509367687356143,0,80.68683571428575,0.5,0.05,593926.7,563114.7,0.9405958681433249,0.9920625407221656,38.108288983077834,58.41486344370435,52.210000000000036,26.679999999999836,18.78989999999976,,0,0.24997765166543678,0.23410109926949316,3.613574883950483,,0,,,-3.1715761854526736,0.4912763359207206,6.629233564683812,2342.0,0.2506041059244038,2342.0,0,25,20,20,2185.105,2155.44,2170.2725,2119.59,2147.79,,,,,,2167.8233666666665,2206.646633333333,2265.503266666666,2304.3265333333325,2108.966733333333,2070.143466666667,2011.2868333333336,0,0,0,0,0,0,0,0,0,0,0,0,0,0,0,0,0,0,0,0,0,0,,,,,,,,,,,,,,,,,,USD,1.0,stock,25.0
2026-02-02,2134.51,2184.9,2112.2801,2147.22,342198,2151.438,2071.9462,,2142.8780521386,2120.095323205495,2163.5429963920865,2243.860311300633,49.78130304217259,34.36696814995457,31.2294968243897,3.1374713255648743,0,81.88540000000008,0.5,0.05,573436.2,555100.45,0.59674990870824,0.6164613990134579,37.9266388348895,45.5208897670416,12.709999999999582,37.68000000000029,22.22990000000027,,0,0.20221252882329727,-0.19644004806215956,3.5056398505975137,,0,,,-0.026538907435091907,-2.9557718903381547,8.791609667122646,2342.0,0.2026222564119467,2342.0,0,25,20,20,2187.0045,2155.44,2171.22225,2119.59,2147.22,,,,,,2148.1333666666665,2183.986633333333,2220.7532666666666,2256.606533333333,2111.366733333333,2075.5134666666663,2038.7468333333327,0,0,0,0,0,0,0,0,0,0,0,0,0,0,0,0,0,0,0,0,0,0,,,,,,,,,,,,,,,,,,USD,1.0,stock,25.0
2026-02-03,2145.0,2158.265,2065.6392,2099.9,502041,2149.0019999999995,2072.4006,,2138.7849043158762,2119.3033497464558,2162.282739037788,2242.4278703921686,52.25540079834164,26.606289464883503,30.30485535248846,-3.698565887604957,0,80.00224285714292,0.5,0.05,570019.1,526535.4,0.8807441715549532,0.9534800509139556,22.846489690557398,32.96047250284157,45.09999999999991,13.264999999999873,34.26080000000002,,0,-1.851750288865001,-2.3383018238963476,1.3095575979808634,,0,,,-2.203779771052794,-8.501089324618727,-2.267501931472282,2342.0,-1.818083914722322,2342.0,0,25,20,20,2203.8196,2155.44,2179.6297999999997,2119.59,2099.9,,,,,,2107.9347333333335,2150.230266666667,2200.5605333333333,2242.8560666666667,2057.604466666667,2015.3089333333337,1964.9786666666673,0,0,0,0,0,0,0,0,0,0,0,0,0,0,0,0,0,0,0,0,0,0,,,,,,,,,,,,,,,,,,USD,1.0,stock,25.0
2026-02-04,2085.31,2090.26,1985.34,2052.78,766896,2142.289,2075.4611999999997,,2130.5939610476976,2116.6945909328692,2160.114367967733,2240.5408269056798,45.919163416051155,16.4639196749863,27.53666821698803,-11.07274854200173,0,83.40081428571435,0.5,0.05,552399.7,530408.65,1.388299088504212,1.445858773230791,18.908764649806614,26.56063105841783,32.529999999999745,4.950000000000273,67.44000000000028,,0,-3.79066246980667,-4.360379582809654,-1.1049016455732974,,0,,,-2.243916376970323,-9.513356254958993,-6.138890921062245,2342.0,-3.652219168472305,2342.0,0,25,20,20,2163.67,2155.44,2159.5550000000003,2119.59,2052.78,,,,,,2042.7933333333337,2100.246666666668,2147.713333333334,2205.166666666668,1995.3266666666673,1937.8733333333334,1890.406666666667,0,0,0,0,0,0,0,0,0,0,0,0,0,0,0,0,0,0,0,0,0,0,,,,,,,,,,,,,,,,,,USD,1.0,stock,25.0
2026-02-05,2066.02,2094.09,2024.1401,2034.76,519063,2135.8965,2077.1207999999997,,2121.466917138393,2113.481469719816,2157.6321032555006,2238.493256488708,44.809433564961054,6.8925026638130475,23.407835106353033,-16.515332442539986,0,83.6225928571429,0.5,0.05,517010.7,537195.2,1.0039695503400607,0.9662465338484038,13.856333763247928,18.537196034537303,31.25999999999999,28.070000000000164,10.619899999999916,,0,-4.261284728341082,-4.97043877410603,-2.081857319782171,,0,,,-0.8778339617494413,-8.26728700623044,-5.9118380105520725,2342.0,-4.087120870843009,2342.0,0,25,20,20,2163.67,2155.44,2159.5550000000003,2119.59,2034.76,,,,,,2050.9967,2077.8533,2120.9466,2147.8032000000003,2007.9034000000001,1981.0468,1937.9535,0,0,0,0,0,0,0,0,0,0,0,0,0,0,0,0,0,0,0,0,0,0,,,,,,,,,,,,,,,,,,USD,1.0,stock,25.0
2026-02-06,2042.425,2042.425,1913.0,1970.15,938144,2125.4139999999998,2076.3454,,2107.0557821728316,2107.860627770019,2153.9195863593523,2235.823174334592,42.033609870240376,-5.839091890967211,17.558449706888986,-23.397541597856197,0,89.40867142857145,0.5,0.05,564106.7,567064.1,1.6630612612826616,1.6543879254567517,13.321678321678343,15.36225891157762,72.27499999999986,0.0,57.15000000000009,,0,-6.949002978089563,-7.8808212572646585,-5.390219018856436,,0,,,-3.1753130590339795,-8.27082722240069,-9.61785484906873,2342.0,-6.497492061252028,2342.0,0,25,20,20,2127.5,2127.5,2127.5,2121.5,1970.15,,,,,,1975.1916666666668,2037.3833333333337,2104.616666666667,2166.8083333333334,1907.9583333333337,1845.7666666666669,1778.5333333333338,0,0,0,0,0,0,0,0,0,0,0,0,0,0,0,0,0,0,0,0,0,0,,,,,,,,,,,,,,,,,,USD,1.0,stock,25.0
2026-02-09,1984.015,2037.02,1958.88,2035.59,546634,2118.273,2075.9572,,2100.2495172039903,2105.0264855045284,2151.5764262334246,2233.8308044407154,50.056336791583135,-10.527160651653048,11.941327635180581,-22.46848828683363,1,89.12224285714287,0.5,0.05,564825.4,578930.8,0.9677928790029626,0.9442130216599289,28.57575757575756,18.5845898868946,51.57499999999982,1.4300000000000637,25.13499999999999,,0,-3.176450916146689,-4.061869040425637,-1.9830712471568397,,0,,,3.321574499403579,-5.1988152122279025,-6.556157931702478,2342.0,-3.0786588295504047,2342.0,0,25,20,20,2127.5,2127.5,2127.5,2121.915,2035.59,,,,,,2010.4966666666667,2062.1133333333332,2088.6366666666663,2140.253333333333,1983.9733333333334,1932.3566666666668,1905.8333333333335,0,0,0,0,0,0,0,0,0,0,0,0,0,0,0,0,0,0,0,0,0,0,,,,,,,,,,,,,,,,,,USD,1.0,stock,25.0
2026-02-10,2035.18,2082.09,2012.33,2025.32,545650,2112.0440000000003,2075.7972,,2093.113372708372,2101.9007409749393,2149.076298981278,2231.756070068171,47.58092170982987,-14.899440613425213,6.573173985459421,-21.472614598884633,1,89.71217142857144,0.5,0.05,562421.7,585785.5,0.9701794934299299,0.9314843061154637,26.181818181818166,22.693084693084682,9.860000000000127,46.91000000000008,12.990000000000009,,0,-3.347291919715013,-4.281990006517508,-2.492307388462072,,0,,,-0.5045220304678244,-3.55159769512835,-5.794688125029079,2342.0,-3.238877243455344,2342.0,0,25,20,20,2102.67,2127.5,2115.085,2121.915,2025.32,,,,,,2039.9133333333332,2067.4966666666664,2109.673333333333,2137.2566666666667,1997.7366666666662,1970.153333333333,1927.976666666666,0,0,0,0,0,0,0,0,0,0,0,0,0,0,0,0,0,0,0,0,0,0,,,,,,,,,,,,,,,,,,USD,1.0,stock,25.0
2026-02-11,2053.23,2060.0,1972.0,2018.18,471003,2109.2745000000004,2074.7252000000003,,2085.9768610218603,2098.6175746621966,2146.4842930608565,2229.6309350426172,38.350490659425645,-18.72479453659753,1.5135802810480317,-20.23837481764556,1,88.26717142857144,0.5,0.05,560900.1,574828.7,0.8397270743934615,0.8193797560908146,24.517482517482534,26.42501942501941,35.049999999999955,6.769999999999982,46.180000000000064,,0,-3.3593069509092444,-4.513695507833809,-2.8017917133258803,,0,,,-0.3525368830604503,-1.6855191496409794,-2.671238492069239,2342.0,-3.2501252669048526,2342.0,0,25,20,20,2069.84,2127.5,2098.67,2121.915,2018.18,,,,,,2016.7266666666667,2061.4533333333334,2104.7266666666665,2149.4533333333334,1973.4533333333334,1928.7266666666667,1885.4533333333334,0,0,0,0,0,0,0,0,0,0,0,0,0,0,0,0,0,0,0,0,0,0,,,,,,,,,,,,,,,,,,USD,1.0,stock,25.0
2026-02-12,2092.62,2113.9,1997.0001,2007.0,584395,2104.527,2073.5742,,2078.4552552102546,2095.024728597012,2143.7222278517306,2227.415701858114,38.70167710157997,-22.400330578552257,-3.2692018908720266,-19.13112868768023,1,92.80002142857144,0.5,0.05,577466.9,579026.0,1.0119973975997585,1.0092724679029956,21.91142191142191,24.203574203574192,85.61999999999989,21.2800000000002,9.999900000000025,,0,-3.5603017045468146,-4.859342301943201,-3.317100149476832,,0,,,-0.5539644630310536,-1.3642886630364282,-4.517233997002778,2342.0,-3.437902020316825,2342.0,0,25,20,20,2048.95,2127.5,2088.225,2121.915,2007.0,,,,,,2039.3000333333332,2081.5999666666667,2156.1999333333333,2198.4998666666665,1964.7000666666663,1922.400133333333,1847.8001666666662,0,0,0,0,0,0,0,0,0,0,0,0,0,0,0,0,0,0,0,0,0,0,,,,,,,,,,,,,,,,,,USD,1.0,stock,25.0
2026-02-13,1990.26,2006.32,1963.47,1988.26,425771,2098.9975,2071.0212,,2069.865230904516,2090.8378764951685,2140.6437678942702,2225.036043133158,28.426923076923075,-26.519678411097175,-7.919297194917057,-18.600381216180118,1,87.76502142857144,0.5,0.05,564179.5,579053.1,0.7546729365388143,0.7352883526571224,17.543123543123542,21.32400932400932,2.0,16.059999999999945,24.789999999999964,,0,-4.104354103815196,-5.569568366310238,-4.162493838833963,,0,,,-0.9337319382162423,0.9192193487805422,-5.269075922528998,2342.0,-3.9425383684934463,2342.0,0,25,20,20,2035.6325,2127.5,2081.56625,2121.915,1988.26,,,,,,1986.0166666666667,2008.5633333333333,2028.8666666666666,2051.413333333333,1965.7133333333334,1943.1666666666667,1922.8633333333335,0,0,0,0,0,0,0,0,0,0,0,0,0,0,0,0,0,0,0,0,0,0,,,,,,,,,,,,,,,,,,USD,1.0,stock,27.0
2026-02-17,1975.39,2006.66,1931.12,1975.51,425711,2094.0225,2068.1348000000003,,2060.8790184374193,2086.3152146718285,2137.3737922924033,2222.553196932828,14.530275107134102,-30.461963141312253,-12.427830384196097,-18.034132757116154,1,86.19930714285717,0.5,0.05,572530.8,572983.5,0.7435599971215522,0.7429725288773587,14.571095571095569,18.008547008546998,0.11999999999989086,31.15000000000009,44.27000000000021,,0,-4.321366049142718,-5.999083780897087,-4.68865255048065,,0,,,-0.6412642209771335,-2.9514784411399098,-4.795157613698253,2342.0,-4.142359530747565,2342.0,0,25,20,20,2013.45,2127.5,2070.475,2121.915,1975.51,,,,,,1971.0966666666666,2011.0733333333333,2046.6366666666668,2086.6133333333337,1935.533333333333,1895.5566666666664,1859.9933333333329,0,0,0,0,0,0,0,0,0,0,0,0,0,0,0,0,0,0,0,0,0,0,,,,,,,,,,,,,,,,,,USD,1.0,stock,28.75
2026-02-18,1988.205,2047.8672,1976.0,2009.05,328066,2092.734,2065.5245999999997,,2055.9429214433794,2083.2852062533257,2134.832727098494,2220.4287870130984,21.634499792354234,-30.52794732434313,-16.047853772225505,-14.480093552117626,1,85.96411428571432,0.5,0.05,555133.3,562576.2,0.5909679711161264,0.5831494471326729,25.32029314071807,19.144837418312385,20.845000000000027,38.81719999999996,12.204999999999927,,0,-2.334084340528084,-4.165351783181103,-2.8110101789402844,,0,,,1.6977894315898245,-0.8033298441727732,-1.2664510865825984,2342.0,-2.280847437654455,2342.0,0,25,20,20,2013.45,2127.5,2070.475,2121.915,2009.05,,,,,,2010.9723999999999,2045.9447999999998,2082.8396,2117.812,1974.0775999999998,1939.1052,1902.2104,0,0,0,0,0,0,0,0,0,0,0,0,0,0,0,0,0,0,0,0,0,0,,,,,,,,,,,,,,,,,,USD,1.0,stock,27.0
2026-02-19,2009.08,2025.39,1990.18,1996.55,284678,2089.673,2064.1272,,2050.2864527344864,2079.8838256159406,2132.094455274762,2218.2011373910777,23.591943749255137,-31.228898495386602,-19.084062716857726,-12.144835778528876,1,82.59268571428572,0.5,0.05,506911.5,529655.6,0.5615930985980787,0.5374775608905108,26.635424636572306,22.17560444946197,12.529999999999973,16.310000000000173,6.369999999999891,,0,-2.6914654145644445,-4.664195737647433,-3.384698605093784,,0,,,-0.6221846146188481,-1.0717577223042563,-2.9750652405273637,2342.0,-2.6209241475900895,2342.0,0,25,20,20,2013.45,2127.5,2070.475,2121.915,1996.55,,,,,,2004.04,2017.8999999999999,2039.25,2053.1099999999997,1982.6899999999998,1968.83,1947.4799999999998,0,0,0,0,0,0,0,0,0,0,0,0,0,0,0,0,0,0,0,0,0,0,,,,,,,,,,,,,,,,,,USD,1.0,stock,27.0
2026-02-20,1986.01,2020.5499,1964.8675,1996.87,361113,2081.829,2062.2974,,2045.1991715216782,2076.628381474139,2129.416743289123,2215.9988375165394,28.41039139391161,-31.396664814632686,-21.54658313641272,-9.850081678219965,1,79.59286428571431,0.5,0.05,491116.5,504063.6,0.7352898955746753,0.7164036443020286,30.845899227657178,27.600539001649178,10.8599999999999,23.67990000000009,21.142499999999927,,0,-2.4202462614831357,-4.254608462243425,-3.276497718930128,,0,,,0.016027647692262725,-0.504733432984561,-7.284039466047599,2342.0,-2.3630545227397195,2342.0,0,25,20,20,2022.51,2127.5,2075.005,2121.915,1996.87,,,,,,1994.0958,2023.3241,2049.7781999999997,2079.0065,1967.6417000000001,1938.4134000000001,1911.9593000000002,0,0,0,0,0,0,0,0,0,0,0,0,0,0,0,0,0,0,0,0,0,0,,,,,,,,,,,,,,,,,,USD,1.0,stock,27.0
2026-02-23,1995.35,2008.19,1848.91,1864.46,757872,2068.1875,2058.097,,2027.9859170910422,2068.3080527888787,2124.1700751051803,2212.500938635778,20.629051022104022,-41.7329299956416,-25.583852508258495,-16.149077487383103,0,85.78287142857144,0.5,0.05,473089.3,518598.0,1.6019639421140999,1.4613862760751102,5.026587577378728,20.835970480536062,130.88999999999987,12.840000000000146,15.549999999999955,,0,-8.77068518986957,-10.926890359675186,-10.385688081267508,,0,,,-6.630877323010509,-6.226549847605445,-12.765230736119104,2342.0,-8.063464135175305,2342.0,0,25,20,20,1981.4050000000002,2095.455,2038.43,2095.455,1864.46,,,,,,1907.1866666666667,1965.4633333333334,2066.4666666666667,2124.7433333333333,1806.1833333333334,1747.9066666666668,1646.9033333333334,0,0,0,0,0,0,0,0,0,0,0,0,0,0,0,0,0,0,0,0,0,0,,,,,,,,,,,,,,,,,,USD,1.0,stock,27.0
2026-02-24,1885.0,1928.96,1857.12,1922.56,900838,2053.6845,2057.1335999999997,,2017.945353558562,2062.5924428755893,2120.1777963902264,2209.6159541717407,31.98276913073512,-44.72079667596927,-29.411241341800654,-15.309555334168614,1,84.29817142857146,0.5,0.05,508509.7,536667.55,1.7715256955767018,1.6785773613478212,27.79350164157133,21.221996148869067,37.559999999999945,6.400000000000091,27.88000000000011,,0,-4.961372001839317,-6.820307298601859,-6.99970872170438,,0,,,3.116183774390424,-2.680320524826507,-13.109345481826972,2342.0,-4.726855134622645,2342.0,0,25,20,20,1981.4050000000002,2095.455,2038.43,2095.455,1922.56,,,,,,1902.8799999999999,1948.6399999999999,1974.72,2020.48,1876.7999999999997,1831.0399999999997,1804.9599999999996,0,0,0,0,0,0,0,0,0,0,0,0,0,0,0,0,0,0,0,0,0,0,,,,,,,,,,,,,,,,,,USD,1.0,stock,25.0
2026-02-25,1760.12,1781.4799,1654.24,1767.71,2381191,2027.3199999999997,2052.0916,,1994.113415124413,2051.028425507919,2113.1982360656675,2205.218880000878,26.239018453998327,-58.904785708408326,-35.30995021512219,-23.594835493286133,0,95.28102857142859,0.5,0.05,692063.8,627242.75,3.4407102350968217,3.7962830180181437,24.685637210111825,19.16857547635395,7.5900000000001455,13.769900000000007,105.87999999999988,,0,-12.807723841829993,-14.686232470258112,-16.08757092509519,,0,,,-8.054365013315579,-12.012642791369055,-22.975599128540303,2342.0,-11.353587684995722,2342.0,0,25,20,20,1884.0700000000002,1998.12,1941.095,1998.12,1767.71,,,,,,1734.4766333333334,1814.7132666666669,1861.7165333333335,1941.953166666667,1687.4733666666668,1607.2367333333334,1560.2334666666668,0,0,0,0,0,0,0,0,0,0,0,0,0,0,0,0,0,0,0,0,0,0,,,,,,,,,,,,,,,,,,USD,1.0,stock,28.5
2026-02-26,1791.0,1796.0,1731.26,1740.88,1089704,2000.934,2046.5913999999998,,1969.9959470173262,2038.8657421546675,2105.8255977277336,2200.5985926376857,25.859236380364038,-71.48660291948272,-42.5452807559943,-28.941322163488422,0,94.90889285714287,0.5,0.05,753933.9,657417.0,1.4453574776250278,1.6575537292160074,18.84871426706698,23.775951039583365,50.11999999999989,5.0,9.620000000000118,,0,-13.160927060873012,-14.938077294241983,-17.560739396167435,,0,,,-1.517782894253017,-12.805589642132675,-23.261923653354486,2292.34,-11.630275045195868,2292.34,0,25,20,20,1851.0536,1998.12,1924.5868,1998.12,1740.88,,,,,,1756.0466666666669,1780.8333333333337,1820.7866666666669,1845.5733333333337,1716.0933333333337,1691.3066666666668,1651.3533333333337,0,0,0,0,0,0,0,0,0,0,0,0,0,0,0,0,0,0,0,0,0,0,,,,,,,,,,,,,,,,,,USD,1.0,stock,28.5
2026-02-27,1739.37,1775.98,1721.41,1757.58,792929,1977.9060000000002,2042.4078,,1949.7658568251998,2027.8349287368376,2098.9296452974813,2196.1904474373105,31.0465966439003,-79.19729614275207,-49.87568383334586,-29.321612309406206,0,89.56210714285716,0.5,0.05,774787.3,676127.1,1.0234150714654202,1.172751395410715,22.48183439933862,22.005395292172466,18.210000000000036,18.40000000000009,17.95999999999981,,0,-10.934686149432734,-12.53575939644285,-16.205680538012494,,0,,,0.9592849593309083,-11.983253792184767,-20.76334225973112,2226.68,-9.85686851333707,2226.68,0,25,20,20,1851.0536,1998.12,1924.5868,1998.12,1757.58,,,,,,1751.6566666666668,1781.9033333333334,1806.2266666666667,1836.4733333333334,1727.3333333333335,1697.0866666666668,1672.7633333333335,0,0,0,0,0,0,0,0,0,0,0,0,0,0,0,0,0,0,0,0,0,0,,,,,,,,,,,,,,,,,,USD,1.0,stock,26.5
2026-03-02,1700.15,1780.0,1682.12,1777.0,818928,1959.3665,2039.2734,,1933.3119656989902,2017.998264864805,2092.554800836145,2192.0193982090786,24.88198154443903,-82.78673047844427,-56.45789316236555,-26.32883731607872,1,90.97210714285718,0.5,0.05,814103.0,689141.25,1.0059267684801554,1.188331129503567,26.70669625375277,22.679081640052782,76.84999999999991,3.0,18.0300000000002,,0,-8.796396494034338,-10.262605514912778,-14.759335959482275,,0,,,1.104928367414293,-4.690902459693424,-17.263792083956066,2184.9,-8.085191033433423,2184.9,0,25,20,20,1851.0536,1998.12,1924.5868,1998.12,1777.0,,,,,,1746.3733333333332,1810.6266666666666,1844.2533333333333,1908.5066666666667,1712.7466666666664,1648.493333333333,1614.8666666666663,0,0,0,0,0,0,0,0,0,0,0,0,0,0,0,0,0,0,0,0,0,0,,,,,,,,,,,,,,,,,,USD,1.0,stock,27.0
2026-03-03,1688.88,1721.9599,1660.2,1714.01,977641,1937.7059999999997,2035.228,,1912.4260642038482,2006.0771564387342,2085.0588641859244,2187.2630857890877,22.570356142174887,-89.68037013770822,-63.1023885574341,-26.577981580274127,0,94.33210714285715,0.5,0.05,869296.0,720913.4,1.1246353371003663,1.3561143405019243,13.003089239872944,20.730539964321437,25.12999999999988,7.949900000000071,28.680000000000064,,0,-11.576132239826386,-13.051032374373527,-18.740730800870477,,0,,,-3.5447383230163165,-10.84751581225033,-20.17538957349503,2158.265,-10.37509726089462,2158.265,0,25,20,20,1839.815,1998.12,1918.9675,1998.12,1714.01,,,,,,1698.7232999999999,1737.2465999999997,1760.4832,1799.0064999999997,1675.4866999999997,1636.9633999999999,1613.7267999999997,0,0,0,0,0,0,0,0,0,0,0,0,0,0,0,0,0,0,0,0,0,0,,,,,,,,,,,,,,,,,,USD,1.0,stock,28.5
2026-03-04,1731.755,1789.0,1727.0,1769.03,520948,1921.1625,2031.3194,,1898.769296184434,1996.7811895195682,2078.800866875312,2183.101562547405,29.755423742585506,-89.67031152160234,-68.41597315026775,-21.254338371334597,1,93.40282142857144,0.5,0.05,888584.2,721858.75,0.5862674578278569,0.7216758126156952,24.972805987033883,21.56086382688652,37.274999999999864,19.970000000000027,4.755000000000109,,0,-7.333922894718242,-8.599769365132302,-14.826735555643495,,0,,,3.2100162776179886,0.07467288186411292,-15.756464593552078,2113.9,-6.832809886127003,2113.9,0,25,20,20,1837.3949499999999,1998.12,1917.7574749999999,1998.12,1769.03,,,,,,1761.6766666666665,1796.353333333333,1823.6766666666665,1858.353333333333,1734.353333333333,1699.6766666666665,1672.353333333333,0,0,0,0,0,0,0,0,0,0,0,0,0,0,0,0,0,0,0,0,0,0,,,,,,,,,,,,,,,,,,USD,1.0,stock,27.0
2026-03-05,1769.7,1810.62,1765.0,1780.36,489818,1907.5414999999998,2026.9744,,1887.492220357345,1988.2940840482127,2072.8911467391667,2179.0941838155904,31.588952071486574,-87.73672928366636,-72.28012437694747,-15.456604906718894,1,88.3114,0.5,0.05,909098.2,708004.85,0.5387954788602596,0.6918285941120319,32.040468748094625,23.338787991667143,10.659999999999854,30.25999999999999,4.7000000000000455,,0,-6.017447053255814,-7.143583320227366,-13.85194005706712,,0,,,0.6404639830867698,2.2678185745140356,-13.270784009976733,2113.9,-5.675902618399277,2113.9,0,25,20,20,1831.2150000000001,1998.12,1914.6675,1998.12,1780.36,,,,,,1785.3266666666666,1805.6533333333332,1830.9466666666665,1851.273333333333,1760.0333333333333,1739.7066666666667,1714.4133333333334,0,0,0,0,0,0,0,0,0,0,0,0,0,0,0,0,0,0,0,0,0,0,,,,,,,,,,,,,,,,,,USD,1.0,stock,25.0
2026-03-06,1758.125,1794.17,1738.55,1787.86,440041,1895.1965,2022.8586000000003,,1878.0034374661693,1980.4339238894593,2067.246965615619,2175.201306364689,33.41773408797536,-84.62367505982843,-74.74883451352366,-9.874840546304767,1,89.17497142857144,0.5,0.05,916991.0,704053.75,0.4798749387943829,0.6250105194383241,33.94582488202033,30.319699872382937,29.7349999999999,6.310000000000173,19.575000000000045,,0,-5.041974062072501,-6.00363003814617,-13.144127616256327,,0,,,0.42126311532499905,1.7228234276675858,-12.134109182409725,2113.9,-4.799961260336792,2113.9,0,25,20,20,1791.6,1973.29,1882.445,1998.12,1787.86,,,,,,1773.5266666666666,1808.5033333333333,1829.1466666666668,1864.1233333333334,1752.8833333333332,1717.9066666666665,1697.263333333333,0,0,0,0,0,0,0,0,0,0,0,0,0,0,0,0,0,0,0,0,0,0,,,,,,,,,,,,,,,,,,USD,1.0,stock,25.0
2026-03-09,1742.71,1769.52,1721.41,1769.52,601173,1885.1650000000002,2018.3475999999998,,1867.6716815170103,1972.1627896192845,2061.351382138082,2171.1646764506127,33.11142084119044,-82.68332004047033,-76.335731618913,-6.347588421557333,1,88.5256857142857,0.5,0.05,901321.1,687205.2,0.6669909314227749,0.874808572461326,29.28659401586069,31.757629215325206,26.809999999999945,0.0,21.299999999999955,,0,-5.546796957198013,-6.535388127853893,-14.061869885618691,,0,,,-1.0258073898403608,-0.4209341586944304,-10.1834885668604,2113.9,-5.255296339733913,2113.9,0,25,20,20,1732.4299999999998,1940.46,1836.445,1998.12,1769.52,,,,,,1753.4833333333336,1785.556666666667,1801.5933333333335,1833.666666666667,1737.4466666666672,1705.3733333333337,1689.3366666666673,0,0,0,0,0,0,0,0,0,0,0,0,0,0,0,0,0,0,0,0,0,0,,,,,,,,,,,,,,,,,,USD,1.0,stock,25.0
2026-03-10,1773.495,1773.495,1723.699,1742.09,442005,1870.4899999999998,2013.2252,,1855.711521372533,1963.1403272812734,2055.0293745709914,2166.895276684935,27.89114519495145,-82.40898696216436,-77.55038268756329,-4.858604274601078,1,86.91417142857141,0.5,0.05,855437.8,681973.75,0.5167003375347687,0.6481261192237971,23.669675333423115,28.967364743768034,31.404999999999973,0.0,18.39099999999985,,0,-6.522138429847664,-7.370457324248453,-15.56378832322097,,0,,,-1.5501378905013796,1.6382634873775448,-14.418424142386232,2113.9,-6.122800880629101,2113.9,0,25,20,20,1735.4099999999999,1919.5700000000002,1827.49,1998.12,1742.09,,,,,,1746.4279999999999,1769.1569999999997,1796.2239999999997,1818.9529999999995,1719.3609999999999,1696.632,1669.565,0,0,0,0,0,0,0,0,0,0,0,0,0,0,0,0,0,0,0,0,0,0,,,,,,,,,,,,,,,,,,USD,1.0,stock,27.0
2026-03-11,1745.26,1766.56,1726.46,1766.1,367969,1857.5289999999998,2008.433,,1847.1770907656253,1955.4132556231843,2049.30800081711,2162.9072639816027,31.271840715156415,-79.33959224882301,-77.90822459981524,-1.4313676490077683,1,87.2634571428571,0.5,0.05,654115.6,673089.7,0.5625442964515752,0.546686422329743,30.53698521388581,27.83108485438986,20.839999999999918,0.4600000000000364,18.799999999999955,,0,-4.590741790704115,-5.176886925995123,-13.72136345620294,,0,,,1.378229597781977,-0.1656274907717803,-12.798965101811078,2113.9,-4.389242978972862,2113.9,0,25,20,20,1735.4099999999999,1906.2525,1820.83125,1998.12,1766.1,,,,,,1753.04,1779.62,1793.1399999999999,1819.7199999999998,1739.52,1712.94,1699.42,0,0,0,0,0,0,0,0,0,0,0,0,0,0,0,0,0,0,0,0,0,0,,,,,,,,,,,,,,,,,,USD,1.0,stock,25.0
2026-03-12,1700.0,1712.69,1631.18,1680.0,1203895,1840.6199999999997,2001.7335999999998,,1831.255463073661,1944.6127357948244,2041.9949710979595,2158.102216578801,27.399683323110267,-82.89901699194479,-78.90638307824115,-3.992633913703642,0,92.92328571428568,0.5,0.05,665534.7,709734.3,1.8089139454336491,1.6962615446371971,12.949258640354351,22.38530639588775,20.0,12.690000000000055,48.819999999999936,,0,-9.003301373432206,-9.560714285714266,-19.15080952380951,,0,,,-4.875148632580261,-5.637062167202133,-16.75668176277637,2113.9,-8.259659349754903,2113.9,0,25,20,20,1720.9,1872.54,1796.72,1986.5900000000001,1680.0,,,,,,1674.6233333333332,1718.0666666666664,1756.1333333333332,1799.5766666666664,1636.5566666666664,1593.1133333333332,1555.0466666666664,0,0,0,0,0,0,0,0,0,0,0,0,0,0,0,0,0,0,0,0,0,0,,,,,,,,,,,,,,,,,,USD,1.0,stock,27.0
2026-03-13,1670.8,1695.0,1645.909,1670.0,678931,1823.7699999999998,1994.7160000000001,,1815.8977999237886,1933.8436089009099,2034.6287340465146,2153.24547810538,33.19622550205659,-85.54074273664787,-80.2332550099225,-5.30748772672537,0,85.05264285714281,0.5,0.05,654134.9,714461.1,1.0379067070110461,0.9502700706868435,13.036469877090449,18.840904577110194,0.7999999999999545,24.200000000000045,24.090999999999894,,0,-8.736395205017283,-9.207784431137709,-19.444071856287433,,0,,,-0.5952380952380931,-6.592238765898895,-16.791230692575986,2047.8672,-8.034471980191386,2047.8672,0,25,20,20,1720.9,1872.54,1796.72,1986.5900000000001,1670.0,,,,,,1670.3029999999999,1694.6969999999997,1719.3939999999998,1743.7879999999996,1645.6059999999998,1621.212,1596.5149999999999,0,0,0,0,0,0,0,0,0,0,0,0,0,0,0,0,0,0,0,0,0,0,,,,,,,,,,,,,,,,,,USD,1.0,stock,25.0
2026-03-16,1685.0,1741.96,1681.0,1732.33,466005,1810.9735,1989.0774,,1807.9389618358086,1925.9411144342077,2028.642620501039,2149.0572643928886,33.681050012867786,-81.66345387296337,-80.51929478253068,-1.1441590904326944,1,85.06121428571423,0.5,0.05,618842.6,716472.8,0.7530266985498413,0.6504154798339867,56.36981720909493,27.451848575513235,47.32999999999993,9.63000000000011,4.0,,0,-4.364581911980323,-4.539752818458385,-14.82092903776994,,0,,,3.7323353293413186,-2.1016998960170064,-12.872058986249291,2047.8672,-4.18205279225988,2047.8672,0,25,20,20,1720.9,1872.54,1796.72,1986.5900000000001,1732.33,,,,,,1718.43,1755.8600000000001,1779.39,1816.8200000000002,1694.9,1657.47,1633.94,0,0,0,0,0,0,0,0,0,0,0,0,0,0,0,0,0,0,0,0,0,0,,,,,,,,,,,,,,,,,,USD,1.0,stock,25.0
2026-03-17,1733.33,1752.262,1711.0,1728.14,362733,1798.605,1984.1662,,1800.339060708589,1918.1842079858075,2022.6920735604244,2144.869032906392,45.422152294129894,-78.02929930599726,-80.021295687224,1.9919963812267412,1,68.84278571428567,0.5,0.05,557351.8,713323.9,0.6508151583972636,0.508510930308097,54.03477485510484,41.14702064709673,5.189999999999827,18.932000000000016,17.1400000000001,,0,-4.177847900551392,-4.077505294709914,-14.815130718576027,,0,,,-0.24187077519871591,-0.8007623027512789,-12.52182980597415,2047.8672,-4.01030351917001,2047.8672,0,25,20,20,1720.9,1872.54,1796.72,1986.5900000000001,1728.14,,,,,,1730.4673333333333,1749.9346666666665,1771.7293333333332,1791.1966666666665,1708.6726666666666,1689.2053333333333,1667.4106666666667,0,0,0,0,0,0,0,0,0,0,0,0,0,0,0,0,0,0,0,0,0,0,,,,,,,,,,,,,,,,,,USD,1.0,stock,25.0
2026-03-18,1718.45,1741.21,1686.99,1690.26,366872,1782.6654999999998,1974.999,,1789.8553406411042,1909.24600375107,2016.1092602225942,2140.3455599421495,44.289775291038694,-77.31457080702398,-79.479950711184,2.1653799041600195,1,68.09135714285709,0.5,0.05,541944.2,715264.2,0.6769553027784042,0.5129181636659573,32.92465448060632,47.77641551493536,28.190000000000055,22.75999999999999,3.269999999999982,,0,-5.892308913486934,-5.4669399973968416,-16.845869866174436,,0,,,-2.191952040922618,-4.294207576014941,-15.867698663547447,2025.39,-5.5644352020890375,2025.39,0,25,20,20,1712.6750000000002,1872.54,1792.6075,1986.5900000000001,1690.26,,,,,,1706.1533333333334,1725.3166666666668,1760.3733333333334,1779.5366666666669,1671.0966666666668,1651.9333333333334,1616.8766666666668,0,0,0,0,0,0,0,0,0,0,0,0,0,0,0,0,0,0,0,0,0,0,,,,,,,,,,,,,,,,,,USD,1.0,stock,25.0
2026-03-19,1680.015,1684.03,1648.51,1666.93,427484,1766.1845,1964.5968,,1778.1481653419514,1899.743415368675,2009.1948194261072,2135.634957355661,39.92486718385312,-77.73460322740652,-79.13088121442851,1.396277987021989,0,67.17564285714282,0.5,0.05,535710.8,722404.5,0.7979753254927845,0.5917515740834948,19.923094070441394,35.62750780205084,13.085000000000036,4.014999999999873,18.420000000000073,,0,-6.672035738870339,-5.954329215983875,-17.857186564522802,,0,,,-1.3802610249310732,-0.7779761904761817,-16.509478851018,2020.5499,-6.254718673601829,2020.5499,0,25,20,20,1702.3375,1872.54,1787.43875,1986.5900000000001,1666.93,,,,,,1666.49,1684.47,1702.01,1719.99,1648.95,1630.97,1613.43,0,0,0,0,0,0,0,0,0,0,0,0,0,0,0,0,0,0,0,0,0,0,,,,,,,,,,,,,,,,,,USD,1.0,stock,25.0
2026-03-20,1656.0,1671.72,1631.18,1635.76,537380,1748.1290000000001,1954.0597999999998,,1764.587387690337,1889.3911245699035,2001.8000705265804,2130.661077182968,34.701702699189795,-79.66431975930254,-79.23756892340332,-0.42675083589922735,0,63.07992857142852,0.5,0.05,545444.7,731217.85,0.9852144497874854,0.7349109434349832,2.5523851983949686,18.466711249814217,20.24000000000001,15.720000000000027,4.579999999999927,,0,-7.875690057853046,-6.869528537193729,-19.45883259157821,,0,,,-1.869904555080304,-2.0502994011976083,-18.08380114879786,2008.19,-7.300708856304293,2008.19,0,25,20,20,1702.3375,1872.54,1787.43875,1986.5900000000001,1635.76,,,,,,1646.22,1661.26,1686.76,1701.8,1620.72,1605.68,1580.18,0,0,0,0,0,0,0,0,0,0,0,0,0,0,0,0,0,0,0,0,0,0,,,,,,,,,,,,,,,,,,USD,1.0,stock,25.0
2026-03-23,1662.46,1691.7915,1637.21,1666.08,460670,1738.2099999999998,1943.7853999999998,,1755.2057317198287,1880.6338255671621,1995.1521483379352,2126.038379897565,44.413101760111886,-77.8496609764943,-78.95998733402152,1.1103263575272138,1,58.73932142857138,0.5,0.05,531394.4,716357.75,0.8669078936473549,0.643072543013599,19.449398127507745,13.974959132114693,3.619999999999891,25.711500000000115,25.25,,0,-5.349426901459039,-4.329323922020544,-16.668191203303554,,0,,,1.8535726512446837,-3.8243290827960075,-10.640078092316275,1928.96,-5.077794022043182,1928.96,0,25,20,20,1698.87,1839.5236,1769.1968,1986.5900000000001,1666.08,,,,,,1665.0271666666667,1692.8443333333335,1719.6086666666667,1747.4258333333335,1638.2628333333334,1610.4456666666667,1583.6813333333334,0,0,0,0,0,0,0,0,0,0,0,0,0,0,0,0,0,0,0,0,0,0,,,,,,,,,,,,,,,,,,USD,1.0,stock,25.0
2026-03-24,1647.32,1653.52,1606.21,1612.02,511063,1722.6830000000002,1932.4576000000002,,1741.5689953655592,1870.0999500547246,1987.5653731233226,2120.923769152316,31.657281712189516,-79.85322277370733,-79.13863442195868,-0.7145883517486453,0,57.659321428571374,0.5,0.05,538300.2,696869.0,0.9494014678055108,0.7333702604076232,2.8423266963455553,8.281370007416081,35.299999999999955,6.2000000000000455,5.809999999999945,,0,-8.036438466368857,-6.864865200183636,-19.87801640178163,,0,,,-3.2447421492365236,-6.71936301457059,-16.152421770972037,1810.62,-7.43863698253118,1810.62,0,25,20,20,1679.2359999999999,1827.0385999999999,1753.1372999999999,1974.105,1612.02,,,,,,1623.9166666666667,1641.6233333333334,1671.2266666666667,1688.9333333333334,1594.3133333333335,1576.6066666666668,1547.0033333333336,0,0,0,0,0,0,0,0,0,0,0,0,0,0,0,0,0,0,0,0,0,0,,,,,,,,,,,,,,,,,,USD,1.0,stock,25.0
2026-03-25,1637.1,1658.66,1617.25,1639.47,403799,1716.271,1922.249,,1731.8452815212204,1861.0556382878726,1980.672395437712,2116.133184384631,34.13793879894621,-78.32321309603981,-78.97555015677491,0.6523370607351069,1,57.73217857142853,0.5,0.05,541883.2,597999.4,0.745177189475518,0.6752498413878006,17.69525430942753,13.328993044426932,2.3700000000001182,19.190000000000055,19.84999999999991,,0,-5.634460009711697,-4.6845016987197035,-17.248196063361938,,0,,,1.7028324710611553,-3.0048631571474194,-7.254583613828059,1810.62,-5.333922291261471,1810.62,0,25,20,20,1679.2359999999999,1827.0385999999999,1753.1372999999999,1974.105,1639.47,,,,,,1638.46,1659.67,1679.8700000000001,1701.0800000000002,1618.26,1597.05,1576.85,0,0,0,0,0,0,0,0,0,0,0,0,0,0,0,0,0,0,0,0,0,0,,,,,,,,,,,,,,,,,,USD,1.0,stock,25.0
2026-03-26,1624.77,1668.59,1620.0,1630.99,290137,1710.7765,1913.3973999999998,,1722.2400166144375,1852.0334563942306,1973.7479915676586,2111.30588901762,32.377721359725,-76.90838257255632,-78.5621166399312,1.6537340673748844,1,57.230035714285656,0.5,0.05,450507.4,558021.05,0.6440227174958724,0.5199391671694105,14.813043608213524,11.783541537995527,6.220000000000027,37.59999999999991,4.769999999999982,,0,-5.594762482568105,-4.891906142894802,-17.315090834401182,,0,,,-0.517240327666868,-2.1560593426238728,-6.312324801249947,1810.62,-5.298333317896997,1810.62,0,25,20,20,1679.2359999999999,1815.8000000000002,1747.518,1974.105,1630.99,,,,,,1639.86,1659.7199999999998,1688.4499999999998,1708.3099999999997,1611.1299999999999,1591.27,1562.54,0,0,0,0,0,0,0,0,0,0,0,0,0,0,0,0,0,0,0,0,0,0,,,,,,,,,,,,,,,,,,USD,1.0,stock,25.0
2026-03-27,1618.955,1633.12,1593.21,1599.52,546356,1702.8735000000001,1903.3488,,1710.552395984491,1842.1309679081824,1966.3375362890908,2106.213492111972,31.449958535201432,-77.43387566586625,-78.33646844511821,0.902592779251961,0,55.33432142857138,0.5,0.05,437249.9,545692.4,1.2495280159012043,1.001216069712534,3.500013866932884,12.00277059485797,19.434999999999945,14.164999999999964,6.309999999999945,,0,-6.941607231200056,-6.461532209662909,-18.994998499549865,,0,,,-1.9295029399321928,-2.215483934073459,-8.993047258161791,1810.62,-6.491025720412824,1810.62,0,25,20,20,1672.7359999999999,1806.87995,1739.807975,1967.605,1599.52,,,,,,1608.6166666666668,1624.0233333333335,1648.5266666666666,1663.9333333333334,1584.1133333333337,1568.706666666667,1544.2033333333338,0,0,0,0,0,0,0,0,0,0,0,0,0,0,0,0,0,0,0,0,0,0,,,,,,,,,,,,,,,,,,USD,1.0,stock,25.0
2026-03-30,1608.05,1633.5829,1598.23,1619.2,385822,1694.9834999999998,1893.7558,,1701.8521677954918,1833.3885770098223,1959.4635256695049,2101.367586717823,36.35980198459388,-75.39323491941809,-77.74782173997819,2.354586820560101,1,54.302671428571394,0.5,0.05,429231.6,524037.1,0.8988667190393252,0.7362493991360536,14.992789154888966,11.101948876678449,11.150000000000091,14.382900000000063,9.819999999999936,,0,-5.104506410294699,-4.680305088932792,-16.956262351778648,,0,,,1.2303691107332204,-2.813790454239884,-8.880135059088346,1810.62,-4.85660090573883,1810.62,0,25,20,20,1667.21,1800.7,1733.955,1967.605,1619.2,,,,,,1617.0042999999998,1635.7785999999996,1652.3572,1671.1314999999997,1600.4256999999996,1581.6513999999997,1565.0727999999995,0,0,0,0,0,0,0,0,0,0,0,0,0,0,0,0,0,0,0,0,0,0,,,,,,,,,,,,,,,,,,USD,1.0,stock,25.0
2026-03-31,1645.0,1741.64,1631.02,1729.02,800442,1695.734,1886.836,,1704.4395803863972,1829.295691636888,1954.9002875374356,2097.662635606203,46.54285074960842,-64.17469034690839,-75.03319546136424,10.858505114455852,1,60.18409999999998,0.5,0.05,473002.5,515177.15,1.6922574404997859,1.5537218605289462,85.3871689761839,34.62665733266857,84.01999999999998,12.620000000000118,13.980000000000018,,0,1.4216388250918306,1.9251367826861494,-9.127482620212609,,0,,,6.782361660079039,7.25797446681804,0.875724178972126,1810.62,1.442140859462462,1810.62,0,25,20,20,1667.4250000000002,1761.085,1714.255,1967.605,1729.02,,,,,,1700.5600000000002,1770.1000000000004,1811.1800000000003,1880.7200000000005,1659.4800000000002,1589.94,1548.8600000000001,0,0,0,0,0,0,0,0,0,0,0,0,0,0,0,0,0,0,0,0,0,0,,,,,,,,,,,,,,,,,,USD,1.0,stock,25.0
2026-04-01,1740.155,1741.0399,1692.31,1718.97,643621,1693.2310000000002,1880.519,,1705.823429873407,1824.9691939256377,1950.2284006555062,2093.8945496797733,54.23375268887296,-55.45560624768382,-71.11767761862816,15.662071370944346,1,54.02766428571427,0.5,0.05,500677.4,521310.8,1.2855004040525895,1.2346204989422818,79.06848074843452,59.81614629316912,21.184999999999945,0.884900000000016,26.660000000000082,,0,0.7647934592571791,1.4973501573616645,-9.398011599969749,,0,,,-0.5812541208314537,4.849128071876896,-2.829799381581999,1810.62,0.7706876278260975,1810.62,0,25,20,20,1667.4250000000002,1701.915,1684.67,1967.605,1718.97,,,,,,1717.4399666666668,1742.5699333333337,1766.1698666666668,1791.2998333333337,1693.8400333333336,1668.7100666666668,1645.1101333333336,0,0,0,0,0,0,0,0,0,0,0,0,0,0,0,0,0,0,0,0,0,0,,,,,,,,,,,,,,,,,,USD,1.0,stock,25.0
2026-04-02,1689.965,1737.99,1684.085,1715.52,290514,1689.989,1873.674,,1706.7469127426061,1820.677068673652,1945.580709553417,2090.129628787437,55.01675189560924,-48.26765595629513,-66.54767328616157,18.28001732986644,1,54.37152142857143,0.5,0.05,486980.4,511345.6,0.5965619971563537,0.568136305465423,76.89937881950559,80.45167618137467,25.555000000000064,22.470000000000027,5.879999999999882,,0,0.5113952187904457,1.488236802835289,-9.219012311135982,,0,,,-0.20070158292465612,5.182741770335797,-3.6419600530229745,1794.17,0.5140239125024226,1794.17,0,25,20,20,1667.4250000000002,1701.915,1684.67,1967.605,1715.52,,,,,,1712.5316666666665,1740.978333333333,1766.4366666666665,1794.883333333333,1687.073333333333,1658.6266666666666,1633.168333333333,0,0,0,0,0,0,0,0,0,0,0,0,0,0,0,0,0,0,0,0,0,0,,,,,,,,,,,,,,,,,,USD,1.0,stock,25.0
2026-04-06,1706.58,1727.26,1694.001,1710.37,210667,1686.1145000000001,1864.8064,,1707.091968671882,1816.3513012746853,1940.923071740478,2086.350926013433,47.230769230769226,-42.4968384236538,-61.73750631366002,19.240667890006222,1,51.60716428571428,0.5,0.05,454309.1,499876.9,0.46370851915579064,0.4214377579760137,73.66144405603194,76.54310120799067,3.7899999999999636,16.8900000000001,12.57899999999995,,0,0.19165626900132746,1.4181434426468984,-9.029414688049958,,0,,,-0.3002005222906279,6.930204061218359,-4.334231986844605,1773.495,0.19202429560185405,1773.495,0,25,20,20,1667.4250000000002,1701.915,1684.67,1967.605,1710.37,,,,,,1710.5436666666665,1727.086333333333,1743.8026666666665,1760.345333333333,1693.827333333333,1677.2846666666665,1660.568333333333,0,0,0,0,0,0,0,0,0,0,0,0,0,0,0,0,0,0,0,0,0,0,,,,,,,,,,,,,,,,,,USD,1.0,stock,25.0
2026-04-07,1714.26,1744.91,1691.91,1742.3,351316,1684.7535,1856.9066,,1710.4451145126552,1813.447328675678,1936.9899416070032,2082.927533714792,51.66886667923814,-34.94412567387894,-56.378830185703805,21.43470451182486,1,52.445592857142856,0.5,0.05,443373.7,487384.05,0.7923699578933076,0.7208196493094101,98.27949901120625,82.94677396224792,28.039999999999964,2.6100000000001273,22.34999999999991,,0,1.828323795405197,3.3029042070825874,-6.577891293118296,,0,,,1.8668475242199056,7.60251976284585,-1.5382702653827018,1773.495,1.862374022823932,1773.495,0,25,20,20,1669.06,1701.915,1685.4875,1967.605,1742.3,,,,,,1726.3733333333332,1760.8366666666664,1779.3733333333332,1813.8366666666664,1707.8366666666664,1673.3733333333332,1654.8366666666664,0,0,0,0,0,0,0,0,0,0,0,0,0,0,0,0,0,0,0,0,0,0,,,,,,,,,,,,,,,,,,USD,1.0,stock,25.0
2026-04-08,1822.785,1843.91,1765.43,1775.74,521108,1686.4360000000001,1848.1690000000003,,1716.6636750352595,1811.9686099040828,1933.7968734563694,2079.870941339521,60.181038589804665,-25.960956132900037,-50.29525537514306,24.33429924224302,1,55.83059285714286,0.5,0.05,444378.2,491339.2,1.172667786133523,1.0605870649034312,72.80813721579574,81.58302676101131,47.04500000000007,21.125,10.309999999999945,,0,3.326856688746127,5.029114622636189,-4.078806582044686,,0,,,1.9193020719738385,2.7021087089796447,1.9315879202567166,1843.91,3.4413453155596754,1843.91,0,25,20,20,1718.56,1718.56,1718.56,1967.605,1775.74,,,,,,1795.0266666666666,1824.6233333333332,1873.5066666666667,1903.1033333333332,1746.1433333333332,1716.5466666666666,1667.6633333333332,0,0,0,0,0,0,0,0,0,0,0,0,0,0,0,0,0,0,0,0,0,0,,,,,,,,,,,,,,,,,,USD,1.0,stock,25.0
2026-04-09,1783.49,1802.22,1744.1,1793.205,322689,1687.7912499999998,1838.1331,,1723.9533250319014,1811.232782064707,1931.012875962184,2077.0185439132574,65.25299865920977,-17.23378961352455,-43.68296222281936,26.449172609294813,1,56.99987857142859,0.5,0.05,436267.2,489075.2,0.7396590896588146,0.6597942402313591,79.77463103310724,83.62075575336975,9.714999999999918,9.0150000000001,39.3900000000001,,0,3.8618939255745186,5.878510822800526,-2.5054636809511512,,0,,,0.9835336254181204,4.318574495191885,1.5347375573297128,1843.91,4.017027257209359,1843.91,0,25,20,20,1718.56,1718.56,1718.56,1967.605,1793.205,,,,,,1779.8416666666665,1815.583333333333,1837.9616666666666,1873.7033333333331,1757.463333333333,1721.7216666666664,1699.3433333333328,0,0,0,0,0,0,0,0,0,0,0,0,0,0,0,0,0,0,0,0,0,0,,,,,,,,,,,,,,,,,,USD,1.0,stock,25.0
2026-04-10,1801.0,1812.89,1756.8701,1773.96,366930,1692.4892499999999,1828.2403,,1728.7158655050534,1809.7711043366792,1927.9029180223388,2074.0030360136234,67.1886271485784,-11.735083199614792,-37.29338641817845,25.55830321856366,0,58.10558571428573,0.5,0.05,443946.5,447226.95,0.826518510676399,0.8204559228821071,72.09812524930194,74.8936311660683,27.039999999999964,11.8900000000001,17.089899999999943,,0,2.550459677498173,4.592592279420065,-3.059837876840509,,0,,,-1.0732180648615142,3.406547285954109,5.592857142857155,1843.91,2.617210577964371,1843.91,0,25,20,20,1721.0700000000002,1718.56,1719.815,1967.605,1773.96,,,,,,1781.2400333333335,1805.6099666666669,1837.2599333333335,1861.6298666666669,1749.5900666666669,1725.2201333333335,1693.5701666666669,0,0,0,0,0,0,0,0,0,0,0,0,0,0,0,0,0,0,0,0,0,0,,,,,,,,,,,,,,,,,,USD,1.0,stock,25.0
2026-04-13,1761.75,1839.01,1761.11,1831.93,465483,1700.5857499999997,1820.5160999999998,,1738.5457830760006,1810.6400806372014,1926.0024642001142,2071.5943490881145,69.30014430014431,-2.6688592776097266,-30.368480990064707,27.69962171245498,1,59.66762142857145,0.5,0.05,435859.2,436554.55,1.0679664442095063,1.0662653727924725,95.22138013562027,82.36471213934315,70.18000000000006,7.079999999999927,0.6400000000001,,0,5.097586530271324,7.169719912878785,0.623053282603606,,0,,,3.267830165279939,7.107234107239968,9.696407185628741,1843.91,5.371398201477055,1843.91,0,25,20,20,1737.4650000000001,1718.56,1728.0125,1967.605,1831.93,,,,,,1810.6833333333334,1860.256666666667,1888.5833333333335,1938.156666666667,1782.3566666666668,1732.7833333333333,1704.4566666666667,0,0,0,0,0,0,0,0,0,0,0,0,0,0,0,0,0,0,0,0,0,0,,,,,,,,,,,,,,,,,,USD,1.0,stock,25.0
2026-04-14,1841.0,1878.85,1836.339,1840.66,358273,1706.00225,1814.3735000000001,,1748.270946592572,1811.8173323769192,1924.3125144139733,2069.2964948683325,79.74527099107539,5.1611322200017185,-23.262558348051424,28.423690568053143,1,58.74262142857145,0.5,0.05,433104.3,431167.95,0.8272210643025248,0.8309360656328931,86.63002380618966,84.64984306370394,0.33999999999991815,37.84999999999991,4.32100000000014,,0,5.019343790131151,7.315731857051279,1.4281018765008167,,0,,,0.476546592937499,5.645411238018716,6.253427464744021,1878.85,5.2845958223750635,1878.85,0,25,20,20,1781.4675,1736.03,1758.74875,1942.775,1840.66,,,,,,1851.9496666666666,1867.5603333333333,1894.4606666666666,1910.0713333333333,1825.0493333333334,1809.4386666666667,1782.5383333333334,0,0,0,0,0,0,0,0,0,0,0,0,0,0,0,0,0,0,0,0,0,0,,,,,,,,,,,,,,,,,,USD,1.0,stock,27.0
2026-04-15,1858.1895,1887.0736,1843.035,1872.12,470744,1713.20125,1808.8715000000002,,1760.0660945361365,1814.1821428719422,1923.278999277063,2067.3345396955133,79.95442138332388,13.746554251235693,-15.860735828194002,29.607290079429696,1,58.72645,0.5,0.05,400134.5,436568.5,1.176464413840846,1.0782821023504903,94.91138065415382,92.25426153198792,13.930499999999938,14.953600000000051,15.15449999999987,,0,5.985401868676337,8.48870531803516,3.3784426211994796,,0,,,1.709169537013877,5.427596382353261,8.33150092006434,1887.0736,6.366460089863564,1887.0736,0,25,20,20,1785.5792999999999,1740.1417999999999,1762.8605499999999,1909.945,1872.12,,,,,,1867.4095333333335,1891.7840666666668,1911.4481333333333,1935.8226666666667,1847.745466666667,1823.3709333333336,1803.706866666667,0,0,0,0,0,0,0,0,0,0,0,0,0,0,0,0,0,0,0,0,0,0,,,,,,,,,,,,,,,,,,USD,1.0,stock,27.0
2026-04-16,1860.74,1891.5,1808.6,1822.13,412601,1719.7947499999998,1803.3160999999998,,1765.9769426755522,1814.493823543631,1921.276048796329,2064.894693529389,72.23333721065491,16.328562346917806,-9.422876193171641,25.751438540089445,0,61.1771642857143,0.5,0.05,377032.5,438854.95,1.0943380212581144,0.9401762472999335,76.74410808273831,86.09517084769392,38.6099999999999,30.75999999999999,13.5300000000002,,0,3.0817261844351336,5.616243078155802,1.032522377656936,,0,,,-2.6702348140076326,1.6130336464598383,7.801758309372531,1891.5,3.1797163353318147,1891.5,0,25,20,20,1791.705,1742.355,1767.03,1889.055,1822.13,,,,,,1840.743333333333,1872.8866666666663,1923.6433333333332,1955.7866666666664,1789.9866666666662,1757.843333333333,1707.0866666666661,0,0,0,0,0,0,0,0,0,0,0,0,0,0,0,0,0,0,0,0,0,0,,,,,,,,,,,,,,,,,,USD,1.0,stock,27.0
2026-04-17,1850.19,1875.0,1832.5,1855.83,360958,1729.23975,1799.3771,,1774.534376706452,1816.1148500713316,1919.9800874340253,2062.8144478226286,79.66001666358085,20.853741768356258,-3.367552600866061,24.22129436922232,0,62.10287857142858,0.5,0.05,384076.9,435528.65,0.9398065856082466,0.8287812983141293,87.83714665666449,86.49754513118553,5.639999999999873,19.170000000000073,17.690000000000055,,0,4.380553353138382,6.821220154863321,3.0419219432814426,,0,,,1.84948384582877,4.615098423865249,11.332209510897261,1891.5,4.581236878850061,1891.5,0,25,20,20,1791.705,1742.355,1767.03,1875.7375,1855.83,,,,,,1854.4433333333334,1876.3866666666668,1896.9433333333334,1918.8866666666668,1833.8866666666668,1811.9433333333334,1791.3866666666668,0,0,0,0,0,0,0,0,0,0,0,0,0,0,0,0,0,0,0,0,0,0,,,,,,,,,,,,,,,,,,USD,1.0,stock,27.0
2026-04-20,1855.83,1871.44,1835.01,1870.08,356896,1740.9557499999999,1796.0835,,1783.633959877266,1818.231130460691,1918.9919668907773,2060.896692122901,79.40114848236261,25.298212918846957,2.3656005030765432,22.932612415770414,0,62.1798142857143,0.5,0.05,398699.8,426504.45,0.895149684047998,0.8367931448311969,91.77671990171987,85.45265821370755,14.25,1.3600000000001273,20.819999999999936,,0,4.622585136610939,6.904744716803564,3.9568628080082124,,0,,,0.7678505035482841,2.082503152413029,14.324839829803881,1891.5,4.846624479424147,1891.5,0,25,20,20,1817.8,1742.355,1780.0774999999999,1853.555,1870.08,,,,,,1858.8433333333332,1882.6766666666665,1895.2733333333333,1919.1066666666666,1846.2466666666664,1822.4133333333332,1809.8166666666664,0,0,0,0,0,0,0,0,0,0,0,0,0,0,0,0,0,0,0,0,0,0,,,,,,,,,,,,,,,,,,USD,1.0,stock,27.0
2026-04-21,1884.01,1902.9999,1851.0,1854.18,260883,1750.3607500000003,1793.7640999999996,,1790.3526303651454,1819.640890050468,1917.7085616058114,2058.8398096142155,68.80804255702827,27.223673644514975,7.33721513136423,19.886458513150743,0,57.14837857142858,0.5,0.05,389656.5,416515.1,0.6695204622532923,0.6263470399992702,77.69914245215837,85.77100300351424,29.829999999999927,18.989900000000034,3.1800000000000637,,0,3.442350237563488,5.599200185526744,3.2583621870584527,,0,,,-0.8502310061601515,0.7345191398737461,11.289974070872955,1902.9999,3.565072519922345,1902.9999,0,25,20,20,1823.54995,1748.10495,1785.82745,1853.555,1854.18,,,,,,1869.3933,1887.7866,1921.3932,1939.7865,1835.7866999999999,1817.3934,1783.7867999999999,0,0,0,0,0,0,0,0,0,0,0,0,0,0,0,0,0,0,0,0,0,0,,,,,,,,,,,,,,,,,,USD,1.0,stock,25.0
2026-04-22,1871.74,1881.38,1843.96,1860.98,255561,1762.8087499999997,1790.2719,,1797.0790465208456,1821.2620316171165,1916.5852237522308,2056.871055289696,71.55062522763146,28.964434342465665,11.662658973584518,17.301775368881145,0,56.340528571428585,0.5,0.05,363101.8,403740.0,0.7038274114862554,0.6329840986773666,80.80537231590907,83.42707822326243,10.759999999999991,9.6400000000001,17.019999999999982,,0,3.4337259658435015,5.275244763511715,3.7995088609227428,,0,,,0.366738935809896,-0.5950473260260991,15.443977121871932,1902.9999,3.5558231900186565,1902.9999,0,25,20,20,1829.935,1748.10495,1789.019975,1853.555,1860.98,,,,,,1862.1066666666666,1880.253333333333,1899.5266666666666,1917.6733333333332,1842.833333333333,1824.6866666666665,1805.413333333333,0,0,0,0,0,0,0,0,0,0,0,0,0,0,0,0,0,0,0,0,0,0,,,,,,,,,,,,,,,,,,USD,1.0,stock,27.0
2026-04-23,1845.15,1846.85,1792.32,1809.2,304035,1771.29525,1785.9495000000002,,1798.23342304267,1820.7890107693866,1914.4587836779292,2054.4066666798485,62.397766072893816,25.867600879692418,14.503647354806098,11.36395352488632,0,57.39445714285716,0.5,0.05,361236.4,398751.8,0.8416510628497017,0.7624667775794367,55.56400377280012,71.35617284695586,35.950000000000045,1.699999999999818,16.88000000000011,,0,0.6061561440045358,2.0951110988282196,1.285126022551397,,0,,,-2.782404969424712,-0.709609083874374,10.352735945153002,1902.9999,0.6098528042468622,1902.9999,0,25,20,20,1832.05495,1748.10495,1790.0799499999998,1853.555,1809.2,,,,,,1816.1233333333332,1839.9266666666665,1870.6533333333332,1894.4566666666665,1785.3966666666665,1761.5933333333332,1730.8666666666666,0,0,0,0,0,0,0,0,0,0,0,0,0,0,0,0,0,0,0,0,0,0,,,,,,,,,,,,,,,,,,USD,1.0,stock,25.0
2026-04-24,1819.43,1841.06,1799.715,1835.22,299236,1781.50675,1782.2903,,1801.7559541814635,1821.3549319156853,1912.8896988526235,2052.225704822338,65.65792113976126,25.22218889740907,16.647355663326692,8.574833234082377,0,57.972028571428595,0.5,0.05,354467.0,399206.75,0.844185777519487,0.7495765039043052,67.89050541972874,68.08662716947931,15.789999999999964,5.839999999999918,19.715000000000146,,0,1.8234351096073786,2.9268016913503567,2.884106537635822,,0,,,1.4382047313729718,-1.1105543072371882,12.521842561879604,1902.9999,1.8573018027704662,1902.9999,0,25,20,20,1847.65995,1748.10495,1797.88245,1853.555,1835.22,,,,,,1825.3316666666667,1850.9483333333335,1866.6766666666667,1892.2933333333335,1809.6033333333335,1783.9866666666667,1768.2583333333334,0,0,0,0,0,0,0,0,0,0,0,0,0,0,0,0,0,0,0,0,0,0,,,,,,,,,,,,,,,,,,USD,1.0,stock,25.0
2026-04-27,1832.84,1874.2299,1832.01,1839.28,365050,1793.4947500000003,1778.9359,,1805.3296728308478,1822.0578757621292,1911.4320810535617,2050.1068420877873,63.07677786467467,24.752966530692447,18.268477836799846,6.484488693892601,0,57.202021428571456,0.5,0.05,344423.7,390141.45,1.0598864131591408,0.9356862748113537,59.89934543697007,61.117951543166306,6.440000000000055,34.94990000000007,0.8299999999999272,,0,1.8458487652316211,2.489302879387569,3.2808544647905715,,0,,,0.22122688288053194,-1.6469883641341498,14.989496849054706,1902.9999,1.8805610786818976,1902.9999,0,25,20,20,1847.65995,1748.10495,1797.88245,1853.555,1839.28,,,,,,1848.5066333333334,1865.0032666666668,1890.7265333333335,1907.2231666666669,1822.7833666666668,1806.2867333333334,1780.5634666666667,0,0,0,0,0,0,0,0,0,0,0,0,0,0,0,0,0,0,0,0,0,0,,,,,,,,,,,,,,,,,,USD,1.0,stock,25.0
2026-04-28,1839.91,1846.33,1778.34,1791.99,329141,1802.1342499999998,1775.0105,,1804.0592277993385,1820.8787433793007,1909.0668913297288,2047.5385153008442,52.11225497842251,20.330835428214186,18.680949355082717,1.6498860731314693,0,54.800592857142874,0.5,0.05,341510.5,387307.4,0.9637800301894085,0.8498185162483339,30.138470823455563,52.64277389338479,47.92000000000007,6.419999999999845,13.650000000000091,,0,-0.6735097740131628,-0.5660885384404951,0.9475220285827441,,0,,,-2.5711147840459248,-3.354043296767306,10.67131916996047,1902.9999,-0.6690039669075051,1902.9999,0,25,20,20,1840.66995,1748.10495,1794.38745,1853.555,1791.99,,,,,,1805.5533333333333,1832.7666666666667,1873.5433333333333,1900.7566666666667,1764.7766666666666,1737.5633333333333,1696.7866666666666,0,0,0,0,0,0,0,0,0,0,0,0,0,0,0,0,0,0,0,0,0,0,,,,,,,,,,,,,,,,,,USD,1.0,stock,25.0
2026-04-29,1767.75,1771.5,1738.0,1767.02,450809,1804.0342500000002,1770.8406999999997,,1800.5316822946395,1818.7666357957987,1906.2540816004273,2044.7472862928757,46.66148177425318,14.642603533928195,17.873280190851816,-3.2306766569236203,0,54.505592857142865,0.5,0.05,339517.0,369825.75,1.327795073589835,1.2189767748730314,17.58788944720571,35.87523523587711,0.7300000000000182,3.75,29.019999999999982,,0,-1.896508375379991,-2.0947272809589124,-0.21622279317720008,,0,,,-1.3934229543691612,-5.048952702339626,2.1977767752831,1902.9999,-1.8612103649257337,1902.9999,0,25,20,20,1820.49995,1748.10495,1784.30245,1820.5385999999999,1767.02,,,,,,1758.8400000000001,1779.6800000000003,1792.3400000000001,1813.1800000000003,1746.1800000000003,1725.3400000000001,1712.6800000000003,0,0,0,0,0,0,0,0,0,0,0,0,0,0,0,0,0,0,0,0,0,0,,,,,,,,,,,,,,,,,,USD,1.0,stock,25.0
2026-04-30,1768.0,1810.0,1761.44,1792.63,317745,1807.7172500000001,1766.5123,,1799.7791411237215,1817.7416696861596,1904.0040997865574,2042.2386565785189,52.34235816626103,12.062107280183682,16.71104560871819,-4.648938328534509,0,53.97274285714286,0.5,0.05,330031.4,353531.95,0.9627720271465078,0.8987730811882773,33.10911097521883,26.94515708196003,24.63000000000011,17.36999999999989,6.559999999999945,,0,-0.39880740162339084,-0.8416265487021883,1.456948728962475,,0,,,1.4493327749544482,-0.9158744196329782,4.285124231371107,1902.9999,-0.39722324591770236,1902.9999,0,25,20,20,1820.49995,1748.10495,1784.30245,1820.5385999999999,1792.63,,,,,,1788.0233333333333,1814.6066666666666,1836.5833333333333,1863.1666666666665,1766.0466666666666,1739.4633333333334,1717.4866666666667,0,0,0,0,0,0,0,0,0,0,0,0,0,0,0,0,0,0,0,0,0,0,,,,,,,,,,,,,,,,,,USD,1.0,stock,25.0
2026-05-01,1799.44,1861.34,1799.43,1850.05,375142,1814.44375,1763.5823,,1804.5668419690812,1819.0086630318006,1902.935701770982,2040.3263316374391,52.27649630634705,14.483403864512866,16.265517259877125,-1.7821133953642594,1,53.31631428571427,0.5,0.05,331449.8,357763.35,1.131821470400646,1.0485758253325836,67.90913206614061,39.53537749618838,50.6099999999999,11.289999999999964,0.009999999999990905,,0,2.4584826372756807,1.9246101456717413,4.673803410718625,,0,,,3.2031149763197098,0.808077505694138,7.8419371385935355,1902.9999,2.5204473989607985,1902.9999,0,25,20,20,1820.49995,1748.10495,1784.30245,1820.5385999999999,1850.05,,,,,,1836.9399999999998,1874.4499999999996,1898.8499999999997,1936.3599999999994,1812.5399999999997,1775.03,1750.6299999999999,0,0,0,0,0,0,0,0,0,0,0,0,0,0,0,0,0,0,0,0,0,0,,,,,,,,,,,,,,,,,,USD,1.0,stock,25.0
2026-05-04,1847.155,1876.01,1813.19,1813.53,373030,1819.6017500000003,1759.9155,,1805.420476067264,1818.7938135011416,1901.165291834923,2038.0696517206488,46.8140075627686,13.302101714177752,15.672834150737252,-2.3707324365595,0,54.45202857142856,0.5,0.05,333063.2,365881.5,1.1199976460923933,1.019537746510824,45.775785318657746,48.93134278667239,33.625,28.855000000000018,0.33999999999991815,,0,0.4471678953607611,-0.334802843074021,2.9563613505152886,,0,,,-1.9740007026837092,-1.4000043495280723,6.031443488835753,1902.9999,0.44917646832060615,1902.9999,0,25,20,20,1809.69,1748.10495,1778.897475,1809.3000000000002,1813.53,,,,,,1834.243333333333,1855.2966666666662,1897.063333333333,1918.116666666666,1792.4766666666662,1771.4233333333332,1729.6566666666663,0,0,0,0,0,0,0,0,0,0,0,0,0,0,0,0,0,0,0,0,0,0,,,,,,,,,,,,,,,,,,USD,1.0,stock,25.0
2026-05-05,1812.605,1821.31,1778.27,1817.31,329252,1823.35225,1758.9725,,1806.5528116799055,1818.735624736391,1899.5047910065086,2035.8730382706924,43.11587831897309,12.52652764523532,15.043572849636867,-2.5170452044015477,0,54.21105714285714,0.5,0.05,339900.1,364778.3,0.9686728541709756,0.9026085159122679,48.06669579799741,53.91720439426525,4.704999999999927,4.0,34.335000000000036,,0,0.591929187650672,-0.3324831756827381,3.2101017437861383,,0,,,0.20843327653801147,1.4129543133611255,4.305228720656595,1902.9999,0.5954538528044119,1902.9999,0,25,20,20,1807.005,1750.6149500000001,1778.8099750000001,1806.87995,1817.31,,,,,,1805.6299999999999,1832.9899999999998,1848.6699999999998,1876.0299999999997,1789.9499999999998,1762.59,1746.9099999999999,0,0,0,0,0,0,0,0,0,0,0,0,0,0,0,0,0,0,0,0,0,0,,,,,,,,,,,,,,,,,,USD,1.0,stock,25.0
2026-05-06,1830.01,1864.5,1825.0,1841.14,422294,1826.62225,1757.3441,,1809.8468296151525,1819.6142276879052,1898.3490525707361,2033.9353960988449,52.55558841717527,13.677100353098467,14.770278350329189,-1.0931779972307218,1,51.66034285714285,0.5,0.05,356573.4,359837.6,1.1843115610979393,1.1735682985880298,62.50912879341145,52.117203303355524,11.13000000000011,23.3599999999999,5.009999999999991,,0,1.6996627298764677,0.7885196128485723,4.551305169623172,,0,,,1.3112787581645469,4.194632771558893,3.682971606203611,1902.9999,1.7290507612460113,1902.9999,0,25,20,20,1807.005,1767.0099500000001,1787.007475,1800.7,1841.14,,,,,,1843.5466666666669,1862.0933333333337,1883.0466666666669,1901.5933333333337,1822.5933333333337,1804.0466666666669,1783.0933333333337,0,0,0,0,0,0,0,0,0,0,0,0,0,0,0,0,0,0,0,0,0,0,,,,,,,,,,,,,,,,,,USD,1.0,stock,25.0
2026-05-07,1850.81,1890.0,1839.55,1870.01,814640,1830.4625,1759.3900999999998,,1815.5766553660903,1821.590532484458,1897.7878832129,2032.3042976302,51.931353854535566,16.725701758368587,15.161363031937068,1.5643387264315187,1,51.48748571428572,0.5,0.05,407633.9,384435.15,1.9984598925653632,2.119057011306068,80.00610909461156,63.52731122867346,19.200000000000045,19.99000000000001,11.259999999999991,,0,2.910858478505979,2.1148282629504602,5.915471040261824,,0,,,1.5680502297489518,4.316562815528013,4.283113196762223,1902.9999,2.9981297938055826,1902.9999,0,25,20,20,1814.0,1793.54245,1803.771225,1761.085,1870.01,,,,,,1866.5200000000002,1893.4900000000005,1916.9700000000003,1943.9400000000005,1843.0400000000004,1816.0700000000002,1792.5900000000004,0,0,0,0,0,0,0,0,0,0,0,0,0,0,0,0,0,0,0,0,0,0,,,,,,,,,,,,,,,,,,USD,1.0,stock,25.0
2026-05-08,1685.0,1704.19,1623.0,1632.52,2333893,1823.3905,1757.2229,,1798.1426881883674,1814.176001798793,1892.5350538423472,2028.3263444199492,29.879391537080323,-0.02147038004773094,12.124796349540109,-12.14626672958784,0,66.5289142857143,0.5,0.05,611099.6,482783.3,3.819169575630552,4.834245509320642,3.4000012142861413,48.63841303410303,52.48000000000002,19.190000000000055,9.519999999999982,,0,-10.14521648668117,-11.691771004336852,-7.638675177026928,,0,,,-12.69993208592467,-11.758060592956943,-7.973122280096511,1902.9999,-9.21076448917592,1902.9999,0,25,20,20,1756.5,1762.99995,1759.749975,1748.10495,1632.52,,,,,,1653.2366666666667,1683.4733333333334,1734.4266666666667,1764.6633333333334,1602.2833333333333,1572.0466666666666,1521.0933333333332,0,0,0,0,0,0,0,0,0,0,0,0,0,0,0,0,0,0,0,0,0,0,,,,,,,,,,,,,,,,,,USD,1.0,stock,28.5
2026-05-11,1641.325,1642.0,1536.71,1557.3,1864548,1809.659,1753.2173,,1775.2052893132848,1804.1024331008011,1885.896735944479,2023.6395151222384,27.151125203952816,-19.142685355957383,5.8713000084406115,-25.013985364397996,0,70.33534999999999,0.5,0.05,761049.4,552736.55,2.449969739152281,3.3733032490795116,5.82807325426701,29.744727854388227,84.02500000000009,0.6749999999999545,20.589999999999918,,0,-13.992505574602507,-16.204905926924816,-12.580575354780715,,0,,,-4.607600519442334,-14.128798531041674,-14.991293335444045,1902.9999,-12.274934658265844,1902.9999,0,25,20,20,1713.355,1719.85495,1716.604975,1719.85495,1557.3,,,,,,1578.67,1620.63,1683.96,1725.92,1515.3400000000001,1473.38,1410.0500000000002,0,0,0,0,0,0,0,0,0,0,0,0,0,0,0,0,0,0,0,0,0,0,,,,,,,,,,,,,,,,,,USD,1.0,stock,28.5
2026-05-12,1562.75,1583.0,1541.1401,1578.78,1163548,1796.565,1749.2529000000002,,1756.4981189024957,1795.266259253711,1879.8152164208257,2019.2130522852015,28.760875455339118,-32.19203970624608,-1.7413679344967266,-30.450671771749352,0,70.6524857142857,0.5,0.05,844490.1,593000.3,1.3778112970181653,1.9621372872829912,11.90806419655239,7.045379555035171,16.029999999999973,4.220000000000027,21.609899999999925,,0,-11.256674071276281,-13.794512218295143,-10.797761562725663,,0,,,1.379310344827589,-13.125443650230284,-14.227505351341375,1902.9999,-10.11775173511364,1902.9999,0,25,20,20,1713.355,1719.85495,1716.604975,1719.85495,1578.78,,,,,,1567.6400333333333,1594.1399666666666,1609.4999333333333,1635.9998666666665,1552.2800666666667,1525.7801333333334,1510.4201666666668,0,0,0,0,0,0,0,0,0,0,0,0,0,0,0,0,0,0,0,0,0,0,,,,,,,,,,,,,,,,,,USD,1.0,stock,28.5
2026-05-13,1533.13,1562.555,1495.0,1562.0,1309272,1781.059,1746.2126999999998,,1737.9744885308294,1786.118562812389,1873.5218457986311,2014.6636686803736,30.360377538373527,-43.3876074769139,-10.070615842980162,-33.31699163393374,0,71.73248571428569,0.5,0.05,930336.4,634926.7,1.4073103019509932,2.062083701945437,16.962025316455698,11.566054255758354,28.86999999999989,0.5550000000000637,38.13000000000011,,0,-11.265972377133762,-14.024263764404607,-11.793386683738785,,0,,,-1.0628459950087987,-15.161258785317798,-16.56517744589021,1902.9999,-10.125263039941787,1902.9999,0,25,20,20,1692.5,1698.99995,1695.749975,1698.99995,1562.0,,,,,,1539.8516666666667,1584.7033333333334,1607.4066666666668,1652.2583333333334,1517.1483333333333,1472.2966666666666,1449.5933333333332,0,0,0,0,0,0,0,0,0,0,0,0,0,0,0,0,0,0,0,0,0,0,,,,,,,,,,,,,,,,,,USD,1.0,stock,26.5
2026-05-14,1547.002,1619.335,1541.69,1607.37,701696,1770.3210000000004,1742.9795,,1725.5359658136076,1779.1088152511188,1868.2515122184602,2010.610995360171,32.437682097766256,-48.04535877898229,-17.665564430180588,-30.379794348801703,1,74.32534285714283,0.5,0.05,968731.5,649381.45,0.7243451874951935,1.0805605857697353,28.448101265822757,19.106063592943602,60.36799999999994,11.965000000000146,5.311999999999898,,0,-7.351509970548643,-10.137740532671414,-8.436732052980958,,0,,,2.904609475031994,-14.044844679974977,-11.786206253121357,1902.9999,-6.84807318738739,1902.9999,0,25,20,20,1692.5,1698.99995,1695.749975,1698.99995,1607.37,,,,,,1589.4650000000001,1637.2400000000002,1667.1100000000001,1714.8850000000002,1559.5950000000003,1511.8200000000002,1481.9500000000003,0,0,0,0,0,0,0,0,0,0,0,0,0,0,0,0,0,0,0,0,0,0,,,,,,,,,,,,,,,,,,USD,1.0,stock,25.0
2026-05-15,1591.0,1594.05,1538.105,1546.81,619897,1754.8700000000001,1738.3084999999999,,1708.5144452599307,1769.9990577902909,1861.8863337586888,2005.9960600829556,29.26303549398034,-55.97806582443195,-25.328064709030862,-30.65000111540109,0,76.25713571428568,0.5,0.05,993207.0,662328.4,0.6241367610175925,0.9359360099914181,13.116455696202518,19.508860759493647,44.190000000000055,3.0499999999999545,8.704999999999927,,0,-10.454059985384806,-13.450908644242032,-12.380221229498124,,0,,,-3.767645283910981,-5.250165388479166,-16.651309656595704,1902.9999,-9.464622655580138,1902.9999,0,25,20,20,1692.5,1698.99995,1695.749975,1698.99995,1546.81,,,,,,1559.655,1581.205,1615.6,1637.1499999999999,1525.26,1503.71,1469.315,0,0,0,0,0,0,0,0,0,0,0,0,0,0,0,0,0,0,0,0,0,0,,,,,,,,,,,,,,,,,,USD,1.0,stock,28.5
2026-05-18,1540.0,1586.185,1528.67,1585.91,673385,1740.6614999999997,1734.2694999999999,,1696.8378314256515,1762.7798790534168,1856.421455862477,2001.8160992861106,35.21664275466286,-58.4361346967994,-31.94967870658457,-26.48645599021483,1,75.50892142857138,0.5,0.05,1023242.5,678152.85,0.6580893580944889,0.9929693578667406,23.01518987341774,21.526582278480998,45.91000000000008,0.2749999999998636,11.329999999999927,,0,-6.994585532952781,-9.75789925027269,-9.354849896904604,,0,,,2.5277829856285017,1.8371540486739946,-15.195606605065015,1902.9999,-6.537326630232658,1902.9999,0,25,20,20,1692.5,1698.99995,1695.749975,1698.99995,1585.91,,,,,,1566.9216666666669,1605.1733333333336,1624.4366666666667,1662.6883333333335,1547.6583333333338,1509.406666666667,1490.1433333333339,0,0,0,0,0,0,0,0,0,0,0,0,0,0,0,0,0,0,0,0,0,0,,,,,,,,,,,,,,,,,,USD,1.0,stock,25.0
2026-05-19,1583.89,1625.0,1572.92,1594.86,558157,1727.6954999999998,1730.7763,,1687.125657004161,1756.1947857572045,1851.2420210929229,1997.7667848653532,37.35939381479632,-58.98207316151115,-37.35615759756989,-21.625915563941263,1,75.3724928571428,0.5,0.05,1046133.0,693016.55,0.5335430581006431,0.8054021220705335,25.28101265822782,20.470886075949352,10.9699999999998,30.1400000000001,10.970000000000027,,0,-5.785188480754492,-8.3289755840638,-8.522146144489177,,0,,,0.5643447610520047,1.0185079618439508,-13.98569718150342,1890.0,-5.46880765052188,1890.0,0,25,20,20,1692.5,1698.99995,1695.749975,1698.99995,1594.86,,,,,,1597.5933333333332,1622.2666666666664,1649.6733333333332,1674.3466666666664,1570.1866666666665,1545.5133333333333,1518.1066666666666,0,0,0,0,0,0,0,0,0,0,0,0,0,0,0,0,0,0,0,0,0,0,,,,,,,,,,,,,,,,,,USD,1.0,stock,25.0
2026-05-20,1598.0,1662.0,1587.21,1651.2,536931,1717.2064999999998,1728.9584999999997,,1683.7041658609078,1752.0773431784905,1847.2807929524688,1994.3183591453,40.064071040170845,-54.24328337561292,-40.733582753178496,-13.509700622434423,1,77.24606428571424,0.5,0.05,1057596.7,707085.05,0.5076897460062044,0.7593584392712022,39.544303797468366,29.280168776371298,53.200000000000045,10.799999999999955,10.789999999999964,,0,-1.96851779680885,-3.997486676356573,-4.70921148255812,,0,,,3.532598472593218,5.710627400768242,-11.272555320315103,1890.0,-1.9305152603389668,1890.0,0,25,20,20,1599.595,1698.99995,1649.2974749999998,1698.99995,1651.2,,,,,,1633.47,1679.73,1708.26,1754.52,1604.94,1558.68,1530.15,0,0,0,0,0,0,0,0,0,0,0,0,0,0,0,0,0,0,0,0,0,0,,,,,,,,,,,,,,,,,,USD,1.0,stock,25.0
2026-05-21,1632.0,1680.0,1615.5,1677.9,494359,1710.6415000000002,1727.1945,,1683.151388159869,1749.1684277597262,1843.9267178444993,1991.16991776077,37.36031366099356,-47.78248472995915,-42.14336314853463,-5.639121581424519,1,76.94534999999996,0.5,0.05,1025568.6,716601.25,0.48203406383541775,0.6898662261613415,46.303797468354446,37.043037974683536,45.90000000000009,2.099999999999909,16.5,,0,-0.31297384587096,-1.9513379820013161,-2.9378687645270856,,0,,,1.6170058139534982,4.387913174937963,-7.257351315498561,1890.0,-0.31199737568526137,1890.0,0,25,20,20,1587.5,1698.99995,1643.249975,1698.99995,1677.9,,,,,,1657.8,1700.1,1722.3,1764.6,1635.6,1593.3,1571.1,0,0,0,0,0,0,0,0,0,0,0,0,0,0,0,0,0,0,0,0,0,0,,,,,,,,,,,,,,,,,,USD,1.0,stock,25.0
2026-05-22,1681.205,1703.92,1650.13,1664.42,399474,1702.1015,1726.8829,,1681.3674464303576,1745.8449600044428,1840.3721293723308,1987.9186747979763,38.66859183828559,-43.25140334399157,-42.364971187626026,-0.8864321563655437,1,76.30034999999997,0.5,0.05,832126.7,721613.15,0.48006391334396553,0.5535847011657146,42.89113924050635,42.91308016877637,16.784999999999854,22.715000000000146,14.289999999999964,,0,-1.0182193454991864,-2.2639417935376835,-3.7528328186395252,,0,,,-0.8033851838607831,7.603390203063087,-9.306786107387666,1890.0,-1.0079561410765974,1890.0,0,25,20,20,1599.46,1698.99995,1649.229975,1698.99995,1664.42,,,,,,1672.8233333333335,1695.5166666666669,1726.6133333333335,1749.3066666666668,1641.726666666667,1619.0333333333335,1587.936666666667,0,0,0,0,0,0,0,0,0,0,0,0,0,0,0,0,0,0,0,0,0,0,,,,,,,,,,,,,,,,,,USD,1.0,stock,25.0
2026-05-26,1657.99,1659.65,1616.47,1648.04,499102,1692.5395,1726.4437,,1678.1934039131806,1742.0094713768176,1836.563572355057,1984.5367974368025,37.37827156811573,-40.51518398639314,-41.995013747379446,1.4798297609863056,1,76.65106428571426,0.5,0.05,695582.1,728315.75,0.7175314028351218,0.685282447894337,38.74430379746835,42.6464135021097,9.950000000000045,1.6600000000000819,31.569999999999936,,0,-1.82965243035246,-2.7001468410960974,-4.757390597315603,,0,,,-0.9841266026603956,3.917624581470558,-10.397546866165019,1890.0,-1.7967776445116233,1890.0,0,25,20,20,1599.46,1698.99995,1649.229975,1698.99995,1648.04,,,,,,1641.3866666666665,1666.303333333333,1684.5666666666666,1709.4833333333331,1623.123333333333,1598.2066666666665,1579.943333333333,0,0,0,0,0,0,0,0,0,0,0,0,0,0,0,0,0,0,0,0,0,0,,,,,,,,,,,,,,,,,,USD,1.0,stock,25.0
2026-05-27,1645.0,1709.0,1644.505,1696.17,441398,1687.7485000000001,1725.7205,,1679.9054606833538,1740.211845048315,1833.7835016153529,1981.6674760692722,39.56825214074979,-34.07028068358659,-40.410067134620874,6.339786451034286,1,77.88713571428568,0.5,0.05,623367.1,733928.6,0.708086775834015,0.601418176100509,50.929113924050654,44.18818565400844,51.17000000000007,12.829999999999927,0.49499999999989086,,0,0.9588979475315726,0.49650094035385156,-1.7421897569229399,,0,,,2.9204388243003976,6.352281704977258,-5.347128053169936,1890.0,0.9681818231622494,1890.0,0,25,20,20,1618.835,1698.99995,1658.917475,1698.99995,1696.17,,,,,,1683.2250000000001,1721.9450000000002,1747.72,1786.44,1657.4500000000003,1618.7300000000002,1592.9550000000004,0,0,0,0,0,0,0,0,0,0,0,0,0,0,0,0,0,0,0,0,0,0,,,,,,,,,,,,,,,,,,USD,1.0,stock,25.0
2026-05-28,1705.0,1715.91,1681.0,1695.53,568431,1684.1740000000002,1725.0683000000001,,1681.3935120468439,1738.459615830734,1831.0458085140585,1978.8203370039064,36.91308391587412,-28.68364384311326,-38.06478247631936,9.381138633206099,1,76.77713571428568,0.5,0.05,549283.0,739809.7,1.0348599902054132,0.768347589927518,90.77452356163138,60.14931376105012,9.470000000000027,10.910000000000082,14.529999999999973,,0,0.8337503879704942,0.66976107765712,-1.742127830235983,,0,,,-0.0377320669508463,2.6847141472868152,-4.045794614661968,1890.0,0.8407602296470784,1890.0,0,25,20,20,1622.29,1692.5,1657.395,1698.99995,1695.53,,,,,,1697.4799999999998,1713.9599999999996,1732.3899999999999,1748.8699999999997,1679.0499999999995,1662.5699999999997,1644.1399999999994,0,0,0,0,0,0,0,0,0,0,0,0,0,0,0,0,0,0,0,0,0,0,,,,,,,,,,,,,,,,,,USD,1.0,stock,25.0
2026-05-29,1682.87,1707.0,1679.0145,1695.65,760043,1679.325,1725.1761000000001,,1682.7512728042873,1736.7808073667838,1828.3647033949683,1976.0027217103352,57.35352358765289,-24.12689254253587,-35.27720448956266,11.150311947026793,1,61.13252857142853,0.5,0.05,555117.7,761924.6,1.3691564869936592,0.9975304643005358,90.82884432574352,77.51082727047518,12.7800000000002,11.349999999999909,3.8554999999998927,,0,0.7606951432024774,0.9627576445610855,-1.7412850529295574,,0,,,0.00707743301504582,1.0578699564932403,-5.4099284291794785,1890.0,0.7665260697867259,1890.0,0,25,20,20,1622.29,1692.5,1657.395,1698.99995,1695.65,,,,,,1693.8881666666668,1708.7618333333337,1721.8736666666668,1736.7473333333337,1680.7763333333337,1665.9026666666668,1652.7908333333337,0,0,0,0,0,0,0,0,0,0,0,0,0,0,0,0,0,0,0,0,0,0,,,,,,,,,,,,,,,,,,USD,1.0,stock,25.0
2026-06-01,1700.45,1733.78,1681.25,1730.98,610176,1673.3715,1726.4570999999999,,1687.3444849181647,1736.553324724949,1826.436293426751,1973.5646846783918,72.30326689952742,-17.463490326498913,-31.714461656949915,14.250971330451002,1,57.3639571428571,0.5,0.05,554145.6,773676.3,1.1011113324729096,0.7886709209006402,98.82737247675686,93.47691345471058,30.529999999999973,2.7999999999999545,19.200000000000045,,0,2.5208561093620587,3.328085824215187,0.26129129163827214,,0,,,2.083566773803547,3.998990639381894,-6.436042269127862,1890.0,2.5860466236656863,1890.0,0,25,20,20,1653.35,1692.5,1672.925,1698.99995,1730.98,,,,,,1715.3366666666668,1749.4233333333336,1767.8666666666668,1801.9533333333336,1696.8933333333337,1662.8066666666668,1644.3633333333337,0,0,0,0,0,0,0,0,0,0,0,0,0,0,0,0,0,0,0,0,0,0,,,,,,,,,,,,,,,,,,USD,1.0,stock,27.0
2026-06-02,1720.0,1733.22,1662.72,1672.83,505497,1666.3365000000001,1727.1985,,1685.9621530211966,1734.0543708141668,1823.3945846460233,1970.5722997562189,61.03795507358635,-16.682608358646803,-28.708090997289293,12.02548263864249,0,59.409678571428536,0.5,0.05,537356.8,780299.65,0.9407101575712822,0.6478242044578644,74.47441159226064,88.04354279825367,47.17000000000007,13.220000000000027,10.1099999999999,,0,-0.7850261545522678,0.3881745305858822,-3.2500911628796736,,0,,,-3.3593686813250367,1.5042110628382677,-7.758349737804171,1890.0,-0.7789114955910637,1890.0,0,25,20,20,1660.495,1692.5,1676.4975,1698.99995,1672.83,,,,,,1689.5900000000001,1716.4600000000003,1760.0900000000001,1786.9600000000003,1645.9600000000003,1619.0900000000001,1575.4600000000003,0,0,0,0,0,0,0,0,0,0,0,0,0,0,0,0,0,0,0,0,0,0,,,,,,,,,,,,,,,,,,USD,1.0,stock,25.0
2026-06-03,1652.01,1670.0,1629.515,1638.54,544593,1657.398,1726.6477000000002,,1681.4457574953685,1730.3087092136113,1819.7340978213495,1967.2684957785452,58.628308608017306,-18.616075667495807,-26.689687931330596,8.07361226383479,0,56.51932142857139,0.5,0.05,536000.4,791066.7,1.016030958185852,0.6884286748513115,53.56637901613765,75.62272102838504,13.470000000000027,17.99000000000001,9.024999999999864,,0,-2.6185358609108453,-1.150902632831664,-5.377207758126152,,0,,,-2.049819766503469,-3.397654716213594,-9.83706687356587,1890.0,-2.5517182046526257,1890.0,0,25,20,20,1674.6399999999999,1692.5,1683.57,1698.99995,1638.54,,,,,,1646.0183333333334,1662.5216666666668,1686.5033333333333,1703.0066666666667,1622.0366666666669,1605.5333333333335,1581.551666666667,0,0,0,0,0,0,0,0,0,0,0,0,0,0,0,0,0,0,0,0,0,0,,,,,,,,,,,,,,,,,,USD,1.0,stock,25.0
2026-06-04,1657.65,1683.545,1616.0,1634.78,493487,1647.08,1727.1029,,1677.0013996386667,1726.5624853228815,1816.0716404387483,1963.9601525369678,53.40979772597219,-20.218694491608403,-25.39548924338616,5.176794751777756,0,55.79789285714282,0.5,0.05,531656.0,794626.35,0.9282073370751012,0.6210302489969027,51.733216322948635,59.92466897711563,22.87000000000012,25.894999999999982,18.779999999999973,,0,-2.582696120497361,-0.752394817651302,-5.64742044801136,,0,,,-0.22947257924738063,-3.582950463866752,-11.208273135122814,1890.0,-2.5176722957872273,1890.0,0,25,20,20,1674.8899999999999,1692.5,1683.695,1698.99995,1634.78,,,,,,1644.7749999999999,1673.5499999999997,1712.32,1741.0949999999998,1606.0049999999997,1577.2299999999998,1538.4599999999996,0,0,0,0,0,0,0,0,0,0,0,0,0,0,0,0,0,0,0,0,0,0,,,,,,,,,,,,,,,,,,USD,1.0,stock,25.0
2026-06-05,1630.175,1650.2,1604.0,1607.8,446452,1633.9695,1726.4695,,1670.4107901492698,1721.9051329572783,1811.9474495389711,1960.4162704221724,58.27881091353331,-23.396145769854684,-24.995620548679867,1.5994747788251829,0,54.15039285714283,0.5,0.05,526865.3,776216.95,0.8473740821420579,0.5751639409574862,38.57929891277847,47.95963141728824,22.375,20.02500000000009,3.7999999999999545,,0,-3.8941902070699004,-1.627658912800098,-7.380862047518347,,0,,,-1.650374974002622,-5.18090407808216,-14.021850150533954,1733.78,-3.7482271138631047,1733.78,0,25,20,20,1668.8899999999999,1692.5,1680.695,1698.99995,1607.8,,,,,,1620.6666666666667,1637.3333333333335,1666.8666666666668,1683.5333333333335,1591.1333333333334,1574.4666666666667,1544.9333333333334,0,0,0,0,0,0,0,0,0,0,0,0,0,0,0,0,0,0,0,0,0,0,,,,,,,,,,,,,,,,,,USD,1.0,stock,25.0
2026-06-08,1606.08,1630.57,1582.43,1611.99,431887,1632.943,1726.0895,,1664.846905373149,1717.5947355864048,1807.9878960827537,1956.94934235827,53.91074856046063,-25.284734141474246,-25.05344326723874,-0.23129087423550487,0,53.48074999999998,0.5,0.05,530106.6,681116.65,0.814717266300778,0.6340866869133209,24.28820092005468,38.200238718593916,5.910000000000082,18.579999999999927,23.649999999999864,,0,-3.2789846942691296,-1.2998219591932936,-7.078176663626948,,0,,,0.2606045528050771,-6.874140660204042,-1.2575649915468112,1733.78,-3.174880837544754,1733.78,0,25,20,20,1658.105,1692.5,1675.3025,1698.99995,1611.99,,,,,,1608.33,1634.2299999999998,1656.4699999999998,1682.3699999999997,1586.09,1560.19,1537.95,0,0,0,0,0,0,0,0,0,0,0,0,0,0,0,0,0,0,0,0,0,0,,,,,,,,,,,,,,,,,,USD,1.0,stock,25.0
2026-06-09,1609.165,1668.93,1600.121,1641.16,507012,1637.136,1726.9223000000002,2002.009625,1662.5910096233251,1714.597294975173,1804.6843733880457,1953.8071598472425,56.545834982751806,-24.149300710218995,-24.872614755834793,0.7233140456157976,1,54.67567857142855,0.5,0.05,530897.6,613239.85,0.9550090262227594,0.8267760159422125,38.80409646514705,33.89053209932672,31.99500000000012,27.769999999999982,9.043999999999869,,0,-1.3058452328429313,0.24519242487022072,-5.225712301055356,-21.987473799020194,1,,,1.809564575462641,-1.8931989502818491,5.384961150709566,1733.78,-1.289012721666313,1733.78,0,25,20,20,1658.105,1692.5,1675.3025,1698.99995,1641.16,,,,,,1636.737,1673.353,1705.546,1742.162,1604.544,1567.928,1535.7350000000001,0,0,0,0,0,0,0,0,0,0,0,0,0,0,0,0,0,0,0,0,0,0,,,,,,,,,,,,,,,,,,USD,1.0,stock,25.0
2026-06-10,1628.0,1629.0,1579.245,1588.29,404117,1637.6115,1726.3041,1997.7979750000002,1655.5147229925321,1709.6440677212447,1800.3993362912527,1950.170173182096,41.017733230532,-27.202060264532065,-25.33850385757425,-1.8635564069578159,0,53.75603571428571,0.5,0.05,527169.5,575268.3,0.7665788707427118,0.702484388588768,5.8530429999676885,22.981780128389797,39.710000000000036,1.0,9.045000000000073,,0,-4.232521957106837,-3.105320816727425,-8.68947736244641,-25.782947383664208,1,,,-3.221501864534848,-3.0667545497821247,0.602363850568155,1733.78,-4.060653889626291,1733.78,0,25,20,20,1656.5124999999998,1692.5,1674.50625,1698.99995,1588.29,,,,,,1598.845,1618.4450000000002,1648.6000000000001,1668.2000000000003,1568.69,1549.09,1518.935,0,0,0,0,0,0,0,0,0,0,0,0,0,0,0,0,0,0,0,0,0,0,,,,,,,,,,,,,,,,,,USD,1.0,stock,25.0
2026-06-11,1585.56,1623.32,1546.0,1610.0,650200,1640.0115,1723.9237,1993.8092750000003,1651.1799874694339,1705.7364572223726,1796.6290524042972,1946.7853953394883,40.16512166859792,-27.55197660748945,-25.78119840755729,-1.7707781999321597,1,54.67174999999999,0.5,0.05,535346.4,542314.7,1.2145407160672044,1.1989348619906488,34.082436894237944,26.246525453117552,24.440000000000055,13.319999999999936,39.559999999999945,,0,-2.557763196859246,-1.8640683229813708,-7.076006211180127,-23.839085403726727,1,,,1.3668788445434954,-1.515800291170677,3.0729833546734975,1733.78,-2.493973266508971,1733.78,0,25,20,20,1639.8899999999999,1692.5,1666.195,1698.99995,1610.0,,,,,,1593.1066666666666,1640.2133333333331,1670.4266666666665,1717.533333333333,1562.8933333333332,1515.7866666666666,1485.5733333333333,0,0,0,0,0,0,0,0,0,0,0,0,0,0,0,0,0,0,0,0,0,0,,,,,,,,,,,,,,,,,,USD,1.0,stock,25.0
2026-06-12,1628.0,1632.86,1565.98,1589.6,596258,1639.123,1721.3363,1989.729625,1645.3152267580592,1701.182086350907,1792.5294672081725,1943.231311803772,39.37578098375554,-29.139495376387913,-26.452857801323415,-2.6866375750644984,0,55.606749999999984,0.5,0.05,518967.9,537042.8,1.1489304059075716,1.1102616029858328,23.21866013419955,21.051380009468385,38.40000000000009,4.8599999999999,23.61999999999989,,0,-3.5049840688260767,-3.115437845999002,-8.287386763965781,-25.171717727730254,1,,,-1.26708074534162,-1.1319815897499752,-1.1055326402757304,1733.78,-3.386294969617524,1733.78,0,25,20,20,1639.6100000000001,1692.5,1666.055,1698.99995,1589.6,,,,,,1596.1466666666668,1626.3133333333335,1663.0266666666666,1693.1933333333334,1559.4333333333336,1529.2666666666669,1492.5533333333337,0,0,0,0,0,0,0,0,0,0,0,0,0,0,0,0,0,0,0,0,0,0,,,,,,,,,,,,,,,,,,USD,1.0,stock,25.0
2026-06-15,1618.1,1673.5,1617.42,1646.36,532507,1644.1005,1719.9531,1985.8942749999999,1645.4147289715775,1699.0322006116558,1789.6350223129612,1940.2773684027395,49.785987261146495,-25.5233406183861,-26.266954364735955,0.7436137463498547,1,58.174607142857134,0.5,0.05,511201.0,532673.3,1.0416783222255042,0.9996878011343913,53.445521354776815,36.915539461071425,28.25999999999999,27.1400000000001,0.6799999999998363,,0,0.05741581600758277,0.1372421584586536,-4.47004907796594,-20.623331166937973,1,,,3.5707096124811377,2.1321472217569415,6.4358259902638215,1733.78,0.05744880070529427,1733.78,0,25,20,20,1614.7725,1614.3899999999999,1614.58125,1698.99995,1646.36,,,,,,1645.76,1674.1,1701.84,1730.1799999999998,1618.02,1589.68,1561.94,0,0,0,0,0,0,0,0,0,0,0,0,0,0,0,0,0,0,0,0,0,0,,,,,,,,,,,,,,,,,,USD,1.0,stock,25.0
2026-06-16,1657.1517,1712.0,1652.61,1674.08,448012,1648.509,1719.2273,1981.903225,1648.1447547838081,1698.0536829406105,1787.346804049338,1937.6286383688814,47.031632132011055,-20.18802460435745,-25.051168412660257,4.863143808302805,1,58.25639285714286,0.5,0.05,505452.5,521404.65,0.8863582631404534,0.8592405150203397,68.20747683459365,48.29055277452333,16.928300000000036,37.92000000000007,4.541699999999992,,0,1.5492237656618435,1.5274658319793506,-2.6968424448055104,-18.38760543104273,1,,,1.6837143759566686,2.0058982670793757,5.559584087369385,1733.78,1.573602387831146,1733.78,0,25,20,20,1629.0,1614.3899999999999,1621.695,1698.99995,1674.08,,,,,,1679.5633333333333,1706.5166666666667,1738.9533333333334,1765.9066666666668,1647.1266666666666,1620.1733333333332,1587.7366666666665,0,0,0,0,0,0,0,0,0,0,0,0,0,0,0,0,0,0,0,0,0,0,,,,,,,,,,,,,,,,,,USD,1.0,stock,25.0
2026-06-17,1674.08,1702.0,1630.0,1631.82,460638,1650.357,1717.0176999999999,1977.6977749999999,1646.5900162329692,1695.4562836096063,1784.2670653552918,1934.5857663453105,42.30016194919147,-19.149038842889922,-23.870742498706193,4.72170365581627,0,60.90567857142857,0.5,0.05,497057.0,516528.7,0.9267307371186806,0.8917955575362995,45.70241772286715,55.78513863741252,42.25999999999999,27.920000000000073,1.8199999999999363,,0,-0.9051253344712826,-1.1359708791410839,-5.221023152063337,-21.195828890441344,1,,,-2.524371595144792,2.7406833764614724,2.3174447913923535,1733.78,-0.8970063031694913,1733.78,0,25,20,20,1629.0,1614.3899999999999,1621.695,1698.99995,1631.82,,,,,,1654.6066666666666,1679.2133333333331,1726.6066666666666,1751.2133333333331,1607.2133333333331,1582.6066666666666,1535.2133333333331,0,0,0,0,0,0,0,0,0,0,0,0,0,0,0,0,0,0,0,0,0,0,,,,,,,,,,,,,,,,,,USD,1.0,stock,25.0
2026-06-18,1635.0,1647.67,1608.09,1635.15,655326,1649.5544999999997,1714.2059,1973.9747249999998,1645.5004908774483,1693.0913313111905,1781.3142521799396,1931.6063059836656,42.74441139787011,-17.851154968886476,-22.66682499274225,4.815670023855773,1,61.733857142857154,0.5,0.05,513240.9,522448.45,1.276839004841586,1.254336193360321,47.47576951752056,53.795221358327105,0.15000000000009095,12.519999999999982,26.910000000000082,,0,-0.6329994726751819,-0.8809283551967491,-4.834779683821046,-20.72132373176771,1,,,0.20406662499541373,1.5621118012422386,-0.9720203488372103,1733.78,-0.6290177933601789,1733.78,0,25,20,20,1629.0,1614.3899999999999,1621.695,1698.99995,1635.15,,,,,,1630.3033333333333,1652.5166666666667,1669.8833333333334,1692.0966666666668,1612.9366666666665,1590.7233333333331,1573.3566666666663,0,0,0,0,0,0,0,0,0,0,0,0,0,0,0,0,0,0,0,0,0,0,,,,,,,,,,,,,,,,,,USD,1.0,stock,25.0
2026-06-22,1633.495,1635.15,1588.01,1589.45,414503,1645.132,1710.1308000000001,1970.056375,1640.1623488891198,1689.0269653774183,1777.5149600575644,1928.2017656256194,33.43864822485901,-20.27644646396766,-22.18874928698733,1.9123028230196724,0,61.34885714285716,0.5,0.05,510046.0,518455.65,0.8126776800523874,0.7994955788407359,23.20799059929497,38.79539261322755,44.044999999999845,1.6550000000002,1.4400000000000546,,0,-3.1905595576532617,-3.5032243857938288,-7.592613797225462,-23.945790996885705,1,,,-2.794850625324896,-0.009436336185197902,-5.271470290243762,1733.78,-3.0919103175040683,1733.78,0,25,20,20,1629.0,1631.225,1630.1125,1698.99995,1589.45,,,,,,1604.2033333333331,1620.3966666666663,1651.3433333333332,1667.5366666666664,1573.2566666666662,1557.063333333333,1526.116666666666,0,0,0,0,0,0,0,0,0,0,0,0,0,0,0,0,0,0,0,0,0,0,,,,,,,,,,,,,,,,,,USD,1.0,stock,25.0
2026-06-23,1581.125,1606.74,1566.0,1583.66,403852,1641.0939999999998,1706.3248,1965.885675,1634.781172804442,1684.8949275194802,1773.6762479772165,1924.7734893507377,38.10844691008992,-22.407413345139958,-22.232482098617858,-0.17493124652209957,0,59.223142857142875,0.5,0.05,507242.5,518674.55,0.7961714564532744,0.7786231269685393,22.686746987951857,31.12350236825578,2.535000000000082,23.079999999999927,15.125,,0,-3.228039655256924,-3.626662288622541,-7.745652475910234,-24.135589394188138,1,,,-0.36427695114662484,-3.8084015646638547,-4.852140685644246,1733.78,-3.1270957639391104,1733.78,0,25,20,20,1629.0,1631.225,1630.1125,1698.99995,1583.66,,,,,,1585.4666666666665,1604.933333333333,1626.2066666666665,1645.673333333333,1564.193333333333,1544.7266666666665,1523.453333333333,0,0,0,0,0,0,0,0,0,0,0,0,0,0,0,0,0,0,0,0,0,0,,,,,,,,,,,,,,,,,,USD,1.0,stock,25.0
2026-06-24,1583.0,1684.58,1579.0,1659.57,634864,1641.6705000000002,1702.8776,1962.0960750000002,1637.1420134897332,1683.9017931069516,1771.4167183143013,1922.1346486606808,52.52430680590564,-17.76612057859211,-21.33920979461271,3.573089216020602,1,63.67064285714288,0.5,0.05,520027.7,525462.65,1.2208272751624576,1.2082000499940386,68.41566265060237,38.10346674594972,76.56999999999994,25.00999999999999,4.0,,0,1.351433594862928,1.078562519206768,-2.609567538579276,-18.229184367034847,1,,,4.793326850460322,-0.866744719487722,0.6996189412878273,1733.78,1.3699475259607552,1733.78,0,25,20,20,1629.0,1631.225,1630.1125,1698.99995,1659.57,,,,,,1641.05,1703.1,1746.6299999999999,1808.6799999999998,1597.52,1535.47,1491.94,0,0,0,0,0,0,0,0,0,0,0,0,0,0,0,0,0,0,0,0,0,0,,,,,,,,,,,,,,,,,,USD,1.0,stock,25.0
2026-06-25,1663.0,1663.35,1613.83,1619.25,442164,1637.8245,1698.4494,1958.457525,1635.4380122049968,1681.366428671385,1768.4035159714438,1919.1208710620672,48.2862880978129,-17.1437274358143,-20.50011332285303,3.35638588703873,0,62.38314285714288,0.5,0.05,523832.4,525500.95,0.8440944088223638,0.8414142733709616,44.126506024096386,45.07630522088352,43.75,0.34999999999990905,5.420000000000073,,0,-0.9997228473056518,-1.1471051412691027,-4.8911162575266305,-20.948434460398335,1,,,-2.4295450026211585,-0.7703055484060695,-4.53492279665364,1733.78,-0.9898273174640907,1733.78,0,25,20,20,1638.99,1639.8899999999999,1639.44,1698.99995,1619.25,,,,,,1632.1433333333334,1650.456666666667,1681.6633333333334,1699.976666666667,1600.936666666667,1582.6233333333334,1551.416666666667,0,0,0,0,0,0,0,0,0,0,0,0,0,0,0,0,0,0,0,0,0,0,,,,,,,,,,,,,,,,,,USD,1.0,stock,25.0
2026-06-26,1619.98,1693.94,1600.06,1675.1,481660,1636.803,1694.509,1954.9679750000003,1639.2153443759494,1681.1206863705463,1766.5559215957717,1916.6928026932903,56.98161749450183,-12.005456712147407,-18.801182000711904,6.795725288564498,1,65.78885714285717,0.5,0.05,506978.4,521162.4,0.9500601998033841,0.9242032809734547,77.77108433734934,63.437751004016015,55.11999999999989,18.840000000000146,19.920000000000073,,0,2.142239605041522,2.286251567070611,-1.1586770939048479,-16.70753835591907,1,,,3.4491276825690864,2.443200929578304,-1.2049329708114898,1733.78,2.189136146581879,1733.78,0,25,20,20,1639.0,1639.8899999999999,1639.445,1698.99995,1675.1,,,,,,1656.3666666666668,1712.6733333333336,1750.246666666667,1806.5533333333337,1618.7933333333335,1562.4866666666667,1524.9133333333334,0,0,0,0,0,0,0,0,0,0,0,0,0,0,0,0,0,0,0,0,0,0,,,,,,,,,,,,,,,,,,USD,1.0,stock,25.0
2026-06-29,1685.965,1744.415,1682.4,1683.13,422981,1636.1770000000001,1691.729,1951.638675,1643.397692530621,1681.1994829834662,1764.9039231483307,1914.3687947062924,57.321641760322755,-7.202361909136016,-16.481417982396728,9.279056073260712,1,67.30135714285719,0.5,0.05,489650.7,504309.3,0.863842326785196,0.8387332932388913,69.11271829246787,63.670102884637856,2.834999999999809,58.450000000000045,0.7300000000000182,,0,2.3606202414180166,2.789624093207297,-0.5108933950437538,-15.952937384515742,1,,,0.4793743657095284,5.893862656893889,-0.738359920974252,1744.415,2.4176927867165507,1744.415,0,25,20,20,1655.2075,1645.2075,1650.2075,1698.99995,1683.13,,,,,,1703.3149999999998,1724.2299999999996,1765.3299999999997,1786.2449999999994,1662.2149999999997,1641.3,1600.1999999999998,0,0,0,0,0,0,0,0,0,0,0,0,0,0,0,0,0,0,0,0,0,0,,,,,,,,,,,,,,,,,,USD,1.0,stock,25.0
2026-06-30,1669.18,1702.48,1657.005,1697.39,432934,1634.4975,1688.5602,1948.4346250000003,1648.5398170515143,1681.8344052194086,1763.5670137790569,1912.2098017241403,55.97035526958442,-2.219625389293469,-13.629059463776077,11.409434074482608,1,65.6346428571429,0.5,0.05,479693.4,495447.2,0.9025223194648915,0.873824698171672,76.29967492377095,74.3944925178627,28.210000000000036,5.089999999999918,12.174999999999955,,0,2.8779586864825277,3.7052474681717316,0.5201986579395546,-14.790037940602938,1,,,0.8472310516715931,7.181465718651725,-1.9405192434343466,1744.415,2.9632394949280916,1744.415,0,25,20,20,1655.2075,1645.2075,1650.2075,1698.99995,1697.39,,,,,,1685.625,1714.245,1731.1,1759.7199999999998,1668.77,1640.15,1623.295,0,0,0,0,0,0,0,0,0,0,0,0,0,0,0,0,0,0,0,0,0,0,,,,,,,,,,,,,,,,,,USD,1.0,stock,25.0
2026-07-01,1715.0,1766.66,1713.58,1742.19,497192,1637.9655,1686.0023999999999,1945.448775,1657.4588820942272,1684.2012912892358,1763.1437065755113,1910.5180624035022,66.6256157635468,5.283312059463924,-9.846585159128079,15.129897218592003,1,66.16000000000001,0.5,0.05,484611.4,495031.95,1.025960181704351,1.0043634557325036,88.91054110396084,78.10764477339988,27.190000000000055,24.470000000000027,1.4200000000000728,,0,4.863483196768025,5.982384240524858,3.225113219568486,-11.666854648459697,1,,,2.6393462904812592,4.9783980187638965,4.146267104248502,1766.66,5.112109797783561,1766.66,0,25,20,20,1666.33,1656.33,1661.33,1698.99995,1742.19,,,,,,1740.8100000000002,1768.0400000000004,1793.8900000000003,1821.1200000000006,1714.9600000000003,1687.73,1661.88,0,0,0,0,0,0,0,0,0,0,0,0,0,0,0,0,0,0,0,0,0,0,,,,,,,,,,,,,,,,,,USD,1.0,stock,25.0
2026-07-02,1757.9,1781.73,1749.0,1763.36,407805,1644.2064999999998,1684.1860000000001,1942.5864749999998,1667.544702847158,1687.3055543759326,1763.1479896136198,1909.0538030761043,66.58663205710576,12.79024809983548,-5.319218507335368,18.109466607170848,1,63.46142857142859,0.5,0.05,479328.1,488192.55,0.8507846712930037,0.8353363852029286,91.4855156431054,85.56524389027906,5.459999999999809,18.37000000000012,8.900000000000091,,0,5.4336775901030885,6.7571851465384345,4.489951002631326,-10.163918598584518,1,,,1.2151372697581708,8.899799289794652,7.617757271717496,1781.73,5.745890769179814,1781.73,0,25,20,20,1673.865,1663.865,1668.865,1698.99995,1763.36,,,,,,1764.6966666666667,1780.3933333333334,1797.4266666666667,1813.1233333333334,1747.6633333333334,1731.9666666666667,1714.9333333333334,0,0,0,0,0,0,0,0,0,0,0,0,0,0,0,0,0,0,0,0,0,0,,,,,,,,,,,,,,,,,,USD,1.0,stock,25.0
2026-07-06,1764.13,1812.0,1756.326,1805.68,329440,1652.7514999999999,1683.08,1939.6641750000001,1680.700445433143,1691.947689498445,1763.9902076410726,1908.0252080206208,72.31217215315354,21.901947298419373,0.12501465381558052,21.776932644603793,1,62.66100000000002,0.5,0.05,446739.5,479990.2,0.737431993365261,0.6863473462583194,97.43089430894312,92.60898368533644,41.549999999999955,6.319999999999936,7.804000000000087,,0,6.921467511788197,8.469302423463748,6.789685880111655,-7.420150580390769,1,,,2.399963705652852,7.795355501164125,10.454006043626674,1812.0,7.436158829281915,1812.0,0,25,20,20,1689.0,1679.0,1684.0,1698.99995,1805.68,,,,,,1791.3353333333334,1826.3446666666669,1847.0093333333334,1882.0186666666668,1770.6706666666669,1735.6613333333335,1714.996666666667,0,0,0,0,0,0,0,0,0,0,0,0,0,0,0,0,0,0,0,0,0,0,,,,,,,,,,,,,,,,,,USD,1.0,stock,27.0
2026-07-07,1828.025,1836.09,1793.46,1813.61,287909,1663.042,1683.1682,1936.500625,1693.358498249034,1696.7187604985058,1764.972777786794,1907.0857532144455,69.20691793564392,29.4237407184105,5.9847598667345645,23.438980851675936,1,59.71314285714287,0.5,0.05,434080.1,472063.05,0.6632623794548518,0.6098952248010091,91.67684845792142,93.53108613665664,14.415000000000191,8.064999999999827,20.149999999999864,,0,6.63050500112846,8.302115669851842,7.192384250197112,-6.776022684039017,1,,,0.439169731070832,7.75222353591225,12.800721482771493,1836.09,7.101361104297069,1836.09,0,25,20,20,1707.545,1691.045,1699.295,1692.5,1813.61,,,,,,1814.3866666666665,1835.313333333333,1857.0166666666664,1877.943333333333,1792.6833333333332,1771.7566666666667,1750.0533333333333,0,0,0,0,0,0,0,0,0,0,0,0,0,0,0,0,0,0,0,0,0,0,,,,,,,,,,,,,,,,,,USD,1.0,stock,25.0
2026-07-08,1800.295,1815.36,1764.68,1809.38,275218,1672.9115000000002,1682.6513999999997,1933.165675,1704.4081650824594,1701.136848322094,1765.852128721709,1906.113556665048,66.42388929351787,34.64413452930444,11.716634799248538,22.9274997300559,0,58.64457142857142,0.5,0.05,421216.7,464229.6,0.6533881491403356,0.5928488833973534,90.11070383946098,93.07281553544185,9.085000000000036,5.979999999999791,35.61500000000001,,0,5.80153615700078,7.5422796759110815,7.003979263615181,-6.8413310084117125,1,,,-0.23323647311163098,6.59777658640619,12.245113183084278,1836.09,6.158843701177774,1836.09,0,25,20,20,1718.0749999999998,1691.045,1704.56,1692.5,1809.38,,,,,,1796.4733333333334,1828.2666666666667,1847.1533333333332,1878.9466666666665,1777.5866666666668,1745.7933333333335,1726.906666666667,0,0,0,0,0,0,0,0,0,0,0,0,0,0,0,0,0,0,0,0,0,0,,,,,,,,,,,,,,,,,,USD,1.0,stock,25.0
2026-07-09,1777.19,1809.38,1760.9,1807.83,385716,1681.2450000000001,1682.0223999999998,1929.943125,1714.2578636460348,1705.3208934859335,1766.6833736975168,1905.135610827585,73.70888224359493,38.215734984799155,17.016454836358662,21.199280148440494,0,56.964571428571425,0.5,0.05,396301.9,458164.8,0.9732882935963718,0.8418717457124598,89.53682105964678,90.44145778567638,30.639999999999873,1.550000000000182,16.289999999999964,,0,5.175936695041298,7.002041121123104,6.959039290198751,-6.75467964355056,1,,,-0.08566470282639349,3.767671723520394,10.15562163347874,1836.09,5.4584632999697975,1836.09,0,25,20,20,1718.0749999999998,1691.045,1704.56,1692.5,1807.83,,,,,,1792.7033333333336,1824.5066666666671,1841.1833333333336,1872.9866666666671,1776.026666666667,1744.2233333333336,1727.546666666667,0,0,0,0,0,0,0,0,0,0,0,0,0,0,0,0,0,0,0,0,0,0,,,,,,,,,,,,,,,,,,USD,1.0,stock,27.0
2026-07-10,1823.74,1884.06,1810.0001,1852.22,406437,1694.4415000000001,1683.2269999999999,1926.900925,1727.3971147273649,1711.081642760995,1768.377168277764,1904.6090873367634,76.32747119466345,44.11957311961896,22.437078493010723,21.68249462660824,1,59.58242857142856,0.5,0.05,392729.2,458280.8,1.034903949082472,0.8868732881674293,89.98931019304537,89.8789450307177,28.480000000000018,31.839999999999918,13.739900000000034,,0,6.739096072423102,8.518345552904078,9.123808186932447,-4.031968394683131,0,,,2.4554299906517807,5.039243262861826,16.617242443130674,1884.06,7.226067718211743,1884.06,0,25,20,20,1770.5325,1715.03,1742.78125,1692.5,1852.22,,,,,,1848.7600333333332,1887.5199666666665,1922.8199333333332,1961.5798666666665,1813.4600666666665,1774.7001333333333,1739.4001666666666,0,0,0,0,0,0,0,0,0,0,0,0,0,0,0,0,0,0,0,0,0,0,,,,,,,,,,,,,,,,,,USD,1.0,stock,27.0
2026-07-13,1856.64,1897.26,1855.0,1867.3,484012,1707.3065,1685.2326,1923.7656749999996,1740.7211990390444,1717.2078528487991,1770.3360362326598,1904.2378526368952,86.40306055603597,49.44526313271626,27.838715420951832,21.60654771176443,0,59.432428571428545,0.5,0.05,392964.4,449971.4,1.231694270524251,1.0756505857927858,90.95574473223449,90.16062532830887,10.659999999999854,29.960000000000036,1.6400000000001,,0,6.7787072757969,8.568173298345206,9.75030257591174,-3.0239209018368607,0,,,0.8141581453606994,3.41256479553409,15.981366459627333,1897.26,7.27162977223651,1897.26,0,25,20,20,1777.1325000000002,1721.63,1749.3812500000001,1696.13,1867.3,,,,,,1873.1866666666667,1891.3733333333334,1915.4466666666667,1933.6333333333334,1849.1133333333335,1830.9266666666667,1806.8533333333335,0,0,0,0,0,0,0,0,0,0,0,0,0,0,0,0,0,0,0,0,0,0,,,,,,,,,,,,,,,,,,USD,1.0,stock,28.75
2026-07-14,1851.39,1896.0,1842.037,1873.88,410915,1721.5205,1686.8576,1920.580225,1753.4029896067545,1723.3518586194346,1772.386411752805,1903.9357844514536,87.94519115109044,53.579233791037495,32.986819094968965,20.59241469606853,0,60.37692857142854,0.5,0.05,391757.8,440704.25,1.048900621761711,0.932405348938659,92.6538050650412,91.19961999677366,22.49000000000001,22.11999999999989,9.353000000000065,,0,6.429280978144041,8.130696736183749,9.98048967916836,-2.492167321279901,0,,,0.35238044234993104,3.3232062019949327,17.883744338198305,1897.26,6.871039407789856,1897.26,0,25,20,20,1805.42,1721.63,1763.525,1696.13,1873.88,,,,,,1870.6390000000001,1899.2410000000002,1924.602,1953.2040000000002,1845.2780000000002,1816.6760000000002,1791.3150000000003,0,0,0,0,0,0,0,0,0,0,0,0,0,0,0,0,0,0,0,0,0,0,,,,,,,,,,,,,,,,,,USD,1.0,stock,28.75
2026-07-15,1873.0,1905.49,1819.67,1843.19,508181,1731.3619999999999,1686.7203999999997,1917.3349249999999,1761.9541334537303,1728.0513935755353,1773.788463005225,1903.3313487852702,77.22716488730725,53.759305004354474,37.14131627684607,16.617988727508404,0,58.96549999999997,0.5,0.05,399282.5,439487.95,1.2727354692479635,1.1563024651756664,79.60252758406183,87.7373591271125,29.809999999999945,32.49000000000001,23.519999999999982,,0,4.407351740529722,6.067090207737683,8.48906515334829,-4.0226414531328745,0,,,-1.6377782995709467,1.8685958726193386,11.955465390315624,1905.49,4.610555121944841,1905.49,0,25,20,20,1827.245,1725.745,1776.495,1700.245,1843.19,,,,,,1856.1166666666668,1892.5633333333335,1941.9366666666667,1978.3833333333334,1806.7433333333336,1770.2966666666669,1720.9233333333336,0,0,0,0,0,0,0,0,0,0,0,0,0,0,0,0,0,0,0,0,0,0,,,,,,,,,,,,,,,,,,USD,1.0,stock,27.0
2026-07-16,1862.82,1883.36,1840.0,1857.42,344746,1740.529,1687.5982000000001,1914.2799250000003,1771.0461207438511,1733.1246722588476,1775.4445330447254,1902.8745194441233,88.27745813377905,54.42290148197503,40.59763331787187,13.825268164103164,0,58.525499999999965,0.5,0.05,384037.9,434324.65,0.8976874417863445,0.7937518628058526,84.2615329208002,85.50595518996772,5.399999999999864,20.539999999999964,17.420000000000073,,0,4.650207236712695,6.293191631402702,9.142886369264891,-3.061231439308299,0,,,0.7720310982590073,2.7430676556977174,10.951686896683555,1905.49,4.876997738481894,1905.49,0,25,20,20,1830.908,1725.745,1778.3265,1700.245,1857.42,,,,,,1860.26,1880.52,1903.62,1923.8799999999999,1837.16,1816.9,1793.8000000000002,0,0,0,0,0,0,0,0,0,0,0,0,0,0,0,0,0,0,0,0,0,0,,,,,,,,,,,,,,,,,,USD,1.0,stock,28.75
2026-07-17,1827.13,1833.26,1789.0,1813.91,313614,1749.6335,1687.5302,1910.8429250000002,1775.1283949587225,1736.292724327128,1776.2062254596815,1901.9893003451768,73.23024400040165,50.85172605581465,42.64845186546043,8.203274190354222,0,56.706928571428534,0.5,0.05,374618.8,426973.45,0.8371549959585585,0.7345046864155136,63.14465661911183,75.66957237465795,13.220000000000027,6.129999999999882,24.910000000000082,,0,2.138011535372623,3.5435330308560054,6.9672585740196675,-5.343866288845646,1,,,-2.3424965812794074,-2.068328816231335,11.158706229853799,1905.49,2.1847211250417375,1905.49,0,25,20,20,1833.1950000000002,1725.745,1779.47,1700.245,1813.91,,,,,,1812.0566666666666,1835.1133333333332,1856.3166666666666,1879.3733333333332,1790.8533333333332,1767.7966666666666,1746.5933333333332,0,0,0,0,0,0,0,0,0,0,0,0,0,0,0,0,0,0,0,0,0,0,,,,,,,,,,,,,,,,,,USD,1.0,stock,27.0
2026-07-20,1819.39,1863.2,1805.0,1832.42,294322,1759.497,1687.3558000000003,1908.320325,1780.584738295987,1740.0624214123386,1777.3193695099849,1901.2970685009464,74.13742926434922,48.95087093781649,43.908935679931645,5.041935257884845,0,55.91299999999996,0.5,0.05,371107.0,408923.25,0.7930920192828483,0.7197487548091237,70.59379841841562,72.66666265277587,13.029999999999973,30.779999999999973,14.3900000000001,,0,2.828787161459325,3.9796007465537375,7.916536601870739,-4.142081236834342,0,,,1.020447541498748,-1.8679376640068468,12.064336605204407,1905.49,2.911137032075155,1905.49,0,25,20,20,1833.1950000000002,1725.745,1779.47,1700.245,1832.42,,,,,,1833.54,1862.08,1891.74,1920.28,1803.8799999999999,1775.34,1745.6799999999998,0,0,0,0,0,0,0,0,0,0,0,0,0,0,0,0,0,0,0,0,0,0,,,,,,,,,,,,,,,,,,USD,1.0,stock,27.0
2026-07-21,1840.0,1840.0,1797.96,1822.65,261299,1771.157,1686.4086000000002,1906.549025,1784.5909536963695,1743.3011499844038,1778.2170057573119,1900.5145106054147,70.55059719123244,46.124379082543555,44.35202436045403,1.7723547220895242,0,55.66764285714282,0.5,0.05,368446.0,401263.05,0.7091921204192745,0.6511912821277713,56.833932572560116,63.5241292033625,17.34999999999991,0.0,24.690000000000055,,0,2.088116001625686,2.825172139467268,7.4749074150275625,-4.603134172770413,0,,,-0.5331747088549554,-2.733899716097088,14.671741797477122,1905.49,2.1326481693073704,1905.49,0,25,20,20,1833.1950000000002,1735.7350000000001,1784.4650000000001,1700.245,1822.65,,,,,,1820.2033333333336,1842.4466666666672,1862.2433333333336,1884.4866666666671,1800.4066666666672,1778.1633333333336,1758.3666666666672,0,0,0,0,0,0,0,0,0,0,0,0,0,0,0,0,0,0,0,0,0,0,,,,,,,,,,,,,,,,,,USD,1.0,stock,27.0
2026-07-22,1818.09,1818.09,1773.68,1799.21,246055,1781.9344999999998,1689.7423999999999,1904.3120750000003,1785.9832438205246,1745.493653906584,1778.6327086136027,1899.506505524764,60.059985885673946,41.51439966222961,43.784499420809155,-2.2700997585795477,0,54.21764285714283,0.5,0.05,365529.7,393373.2,0.6731463954912555,0.6255001611701051,32.08511725988883,53.17094941695484,18.87999999999988,0.0,25.529999999999973,,0,0.735142433594488,0.9601714085626576,6.084203622701084,-5.841567965940621,1,,,-1.2860395577867445,-2.3860806536493806,13.610876071884114,1905.49,0.7405868014293956,1905.49,0,25,20,20,1839.585,1735.745,1787.665,1700.245,1799.21,,,,,,1796.993333333333,1820.3066666666662,1841.403333333333,1864.716666666666,1775.8966666666663,1752.5833333333333,1731.4866666666665,0,0,0,0,0,0,0,0,0,0,0,0,0,0,0,0,0,0,0,0,0,0,,,,,,,,,,,,,,,,,,USD,1.0,stock,25.0
2026-07-23,1790.8,1804.25,1771.17,1798.7,305940,1788.891,1694.5704,1902.4418249999999,1787.194363456665,1747.5801772827965,1779.030080720264,1898.5034557185475,56.725279744233866,37.388810091758614,42.50536155499905,-5.116551463240434,0,53.75621428571425,0.5,0.05,357552.1,376927.0,0.8556515260293536,0.8116691030358664,28.40765868440108,39.108902838949994,7.900000000000091,5.5499999999999545,19.62999999999988,,0,0.6396640097478711,0.5453382998832473,5.789158836937787,-5.767600211263681,1,,,-0.028345773978577515,-3.161374379515669,8.383496929927636,1905.49,0.643782051834674,1905.49,0,25,20,20,1838.33,1735.745,1787.0375,1700.245,1798.7,,,,,,1791.3733333333332,1811.5766666666664,1824.4533333333331,1844.6566666666663,1778.4966666666664,1758.2933333333333,1745.4166666666665,0,0,0,0,0,0,0,0,0,0,0,0,0,0,0,0,0,0,0,0,0,0,,,,,,,,,,,,,,,,,,USD,1.0,stock,25.0
2026-07-24,1800.705,1839.91,1797.28,1801.44,303866,1798.0005,1699.0236000000002,1900.6779249999997,1788.5510907465064,1749.6923271932753,1779.4738414980807,1897.5376501890098,49.050008962179604,33.94900276342105,40.79408979668345,-6.845087033262402,0,52.82449999999998,0.5,0.05,347295.0,370012.1,0.8749506903353057,0.821232602933796,28.037900269728187,29.510225404672685,0.7350000000001273,38.47000000000003,3.4249999999999545,,0,0.7154781315777208,0.1909305888622409,5.685251798561142,-5.508811006750138,1,,,0.1523322399510807,-0.6874651994861924,11.251505326540068,1905.49,0.7206341110509801,1905.49,0,25,20,20,1838.33,1735.745,1787.0375,1700.245,1801.44,,,,,,1812.8766666666668,1828.4733333333336,1855.506666666667,1871.1033333333337,1785.8433333333335,1770.2466666666667,1743.2133333333334,0,0,0,0,0,0,0,0,0,0,0,0,0,0,0,0,0,0,0,0,0,0,,,,,,,,,,,,,,,,,,USD,1.0,stock,25.0
2026-07-27,1825.71,1855.44,1818.51,1819.74,329242,1805.2325,1704.1784,1898.838775,1791.521463056363,1752.4392947543233,1780.2711911713861,1896.7635442169799,51.31246520789622,32.326942859299834,39.10066040920673,-6.773717549906898,1,53.63664285714284,0.5,0.05,331818.0,362391.2,0.9922367080749085,0.9085264763603531,40.694377204509266,32.379978719546166,5.970000000000027,29.730000000000018,1.2300000000000182,,0,1.5506905900643493,0.7972292745117399,6.350445668062471,-4.346707496675346,0,,,1.0158539834798752,-0.6919810960369421,8.634708375619372,1905.49,1.5751157619678042,1905.49,0,25,20,20,1838.33,1735.745,1787.0375,1700.245,1819.74,,,,,,1831.2299999999998,1843.9499999999996,1868.1599999999999,1880.8799999999997,1807.0199999999995,1794.2999999999997,1770.0899999999995,0,0,0,0,0,0,0,0,0,0,0,0,0,0,0,0,0,0,0,0,0,0,,,,,,,,,,,,,,,,,,USD,1.0,stock,25.0
2026-07-28,1839.14,1886.0,1839.14,1862.52,409005,1814.202,1709.2814,1897.251925,1798.2832284795666,1756.7561851561145,1781.8998804551209,1896.4228124337264,59.76551014407523,34.10034956850063,38.10059824106551,-4.000248672564879,1,54.7495,0.5,0.05,331627.0,361692.4,1.2333284081211722,1.1308089415204743,70.28148557991558,46.337921018051,23.37999999999988,23.480000000000018,0.0,,0,3.448917140241899,2.5942271760840145,8.227487490067215,-1.8647813177845096,0,,,2.35088529130536,2.1874742819520954,10.65811909953478,1905.49,3.572116477711082,1905.49,0,25,20,20,1828.585,1735.745,1782.165,1700.245,1862.52,,,,,,1862.5533333333333,1885.9666666666665,1909.4133333333332,1932.8266666666664,1839.1066666666666,1815.6933333333334,1792.2466666666667,0,0,0,0,0,0,0,0,0,0,0,0,0,0,0,0,0,0,0,0,0,0,,,,,,,,,,,,,,,,,,USD,1.0,stock,25.0
2026-07-30,1845.01,1887.9999,1828.89,1885.73,370121,1823.6190000000001,1716.0598,1895.3055750000003,1806.6114924338935,1761.8139818166592,1783.9559224263066,1896.3164162901073,63.26002587322122,36.952672778632405,37.87101314857889,-0.9183403699464847,1,55.50877857142856,0.5,0.05,317821.0,358551.75,1.1645580373858242,1.0322666114445125,85.28886241810602,65.42157506751028,40.72000000000003,2.269900000000007,16.11999999999989,,0,4.195643467840384,3.2937377037009474,8.99758714131928,-0.5077914123443069,0,,,1.2461611150484275,4.808777185542534,11.095858936366998,1905.49,4.379386929478504,1905.49,0,25,20,20,1829.58495,1735.745,1782.664975,1717.08,1885.73,,,,,,1867.5399666666665,1906.1899333333329,1926.6498666666664,1965.2998333333328,1847.080033333333,1808.4300666666666,1787.970133333333,0,0,0,0,0,0,0,0,0,0,0,0,0,0,0,0,0,0,0,0,0,0,,,,,,,,,,,,,,,,,,USD,1.0,stock,25.0
2026-07-31,1874.0,1889.22,1851.79,1877.95,365958,1830.407,1721.9006,1894.0269749999998,1813.4056360116178,1766.368335470908,1785.817191289152,1896.1336658792604,55.003305720841595,38.14565907969131,37.92594233480138,0.21971674488993642,1,52.73734999999999,0.5,0.05,319942.2,351990.05,1.1438253534544676,1.0396827978518144,79.49672424061943,78.35569074621367,3.9500000000000455,11.269999999999982,22.210000000000036,,0,3.436958597853095,2.531643547485296,8.309560957426987,-0.8560917489815874,0,,,-0.41257231947309236,4.4059598598988226,7.792491060102513,1905.49,3.559289918737668,1905.49,0,25,20,20,1830.1950000000002,1742.245,1786.22,1717.08,1877.95,,,,,,1872.9866666666667,1894.1833333333334,1910.4166666666667,1931.6133333333335,1856.7533333333333,1835.5566666666666,1819.3233333333333,0,0,0,0,0,0,0,0,0,0,0,0,0,0,0,0,0,0,0,0,0,0,,,,,,,,,,,,,,,,,,USD,1.0,stock,25.0
2026-08-03,1916.7,1926.0,1875.99,1898.79,442985,1837.1785,1727.9792000000002,1892.6413750000002,1821.5374802009876,1771.5613419230294,1788.054276610159,1896.1600970645416,55.98919700254859,40.308076733459075,38.40236921453292,1.9057075189261568,1,53.092349999999996,0.5,0.05,332879.3,353749.05,1.3307676386005378,1.252257779914886,82.42588645611312,82.40382437161286,17.910000000000082,9.299999999999955,22.799999999999955,,0,4.068513095129654,3.2447769368913875,8.995770990999517,0.3238180630822688,0,,,1.109720706089079,5.40401012523315,7.680224117593681,1926.0,4.24106122650237,1926.0,0,25,20,20,1848.585,1763.03,1805.8075,1727.335,1898.79,,,,,,1900.26,1924.53,1950.27,1974.54,1874.52,1850.25,1824.51,0,0,0,0,0,0,0,0,0,0,0,0,0,0,0,0,0,0,0,0,0,0,,,,,,,,,,,,,,,,,,USD,1.0,stock,25.0
2026-08-04,1889.66,1906.38,1864.56,1888.5,448426,1841.3195,1732.7252,1891.294775,1827.9148630389889,1776.147171651538,1790.0433008357004,1896.0838771932526,52.74193548387095,40.7220725962859,38.866309890883514,1.855762705402384,0,52.224992857142865,0.5,0.05,348289.7,359698.35,1.2875086458198448,1.2466723853473334,75.77988761867854,79.23416610513702,1.1600000000000819,16.720000000000027,23.940000000000055,,0,3.208108920360664,2.498305533492186,8.248599417527133,-0.14798914482393816,0,,,-0.5419240674324199,3.7785617725609066,4.586637720969389,1926.0,3.3144397578936293,1926.0,0,25,20,20,1848.585,1763.03,1805.8075,1736.0,1888.5,,,,,,1886.4800000000002,1908.4000000000005,1928.3000000000004,1950.2200000000007,1866.5800000000004,1844.66,1824.7600000000002,0,0,0,0,0,0,0,0,0,0,0,0,0,0,0,0,0,0,0,0,0,0,,,,,,,,,,,,,,,,,,USD,1.0,stock,25.0
2026-08-05,1923.25,1944.99,1909.11,1922.57,603962,1846.7675,1737.6185999999998,1890.6658750000001,1836.9296379876566,1781.8892433514777,1792.6675919082609,1896.3474207037677,64.7010889695533,43.3001938837283,39.75308668945247,3.5471071942758243,1,50.129992857142874,0.5,0.05,382556.0,375501.0,1.5787544830037956,1.6084164889041574,87.10159935565522,81.7691244768156,0.6800000000000637,21.74000000000001,13.460000000000036,,0,4.454473023730907,3.942769313991169,9.620008634276003,1.6594519315291407,0,,,1.8040773100344243,3.224126452333387,6.007906881854419,1944.99,4.6621471090292665,1944.99,0,25,20,20,1858.08,1800.9975,1829.53875,1745.495,1922.57,,,,,,1925.5566666666666,1942.0033333333333,1961.4366666666667,1977.8833333333334,1906.1233333333332,1889.6766666666665,1870.243333333333,0,0,0,0,0,0,0,0,0,0,0,0,0,0,0,0,0,0,0,0,0,0,,,,,,,,,,,,,,,,,,USD,1.0,stock,25.0
2026-08-06,1825.505,1833.21,1766.05,1830.0,1200540,1847.7985,1740.9301999999998,1889.6005750000002,1836.2696724650227,1783.7759396906356,1793.4068475140377,1895.6872473634319,46.063964170877334,37.44213855185262,39.290897061932505,-1.8487585100798825,0,58.21285000000002,0.5,0.05,478004.5,421767.1,2.511566313706252,2.8464524615599465,35.73823628031744,66.20657441821704,4.494999999999891,3.2100000000000364,59.455000000000155,,0,-0.34260505273348213,-0.9725956284153061,4.867202185792362,-3.2568620218579323,0,,,-4.814909210067775,-2.955354159927459,1.139616885341943,1944.99,-0.3414352782184909,1944.99,0,25,20,20,1855.52,1800.9975,1828.25875,1745.495,1830.0,,,,,,1809.7533333333333,1853.4566666666667,1876.9133333333334,1920.6166666666668,1786.2966666666666,1742.5933333333332,1719.1366666666665,0,0,0,0,0,0,0,0,0,0,0,0,0,0,0,0,0,0,0,0,0,0,,,,,,,,,,,,,,,,,,USD,1.0,stock,25.0
2026-08-07,1820.55,1851.19,1800.01,1820.69,491840,1848.4415000000001,1744.3832,1888.579125,1834.7858941350207,1785.2235498988462,1793.9471079593043,1894.9410060961343,51.079205399210494,31.683124960761006,37.76934264169821,-6.086217680937203,0,56.981421428571444,0.5,0.05,496594.5,427073.3,0.9904257900560719,1.151652421258833,30.535374986028884,51.125070207333835,0.14000000000010004,30.5,20.539999999999964,,0,-0.7742061600283777,-1.5242298249564767,4.191092388050688,-3.7287580532655156,0,,,-0.5087431693989064,-3.0490694640432414,0.7113500716328547,1944.99,-0.7682582572756232,1944.99,0,25,20,20,1855.52,1829.2849999999999,1842.4025,1745.495,1820.69,,,,,,1823.9633333333331,1847.9166666666663,1875.1433333333332,1899.0966666666664,1796.7366666666662,1772.783333333333,1745.5566666666662,0,0,0,0,0,0,0,0,0,0,0,0,0,0,0,0,0,0,0,0,0,0,,,,,,,,,,,,,,,,,,USD,1.0,stock,25.0
2026-08-10,1817.415,1848.5,1806.51,1824.34,313126,1847.0475,1746.9466,1887.190275,1833.7910470745426,1786.7575283341855,1794.5489474056546,1894.2385085230385,48.65000334157586,27.101184113486852,35.635710936055936,-8.534526822569084,0,55.823564285714305,0.5,0.05,497520.5,422407.75,0.6293730610095464,0.7412884825148213,32.57516485972949,32.94959204202525,6.9249999999999545,24.160000000000082,10.904999999999973,,0,-0.5180529437792658,-1.244696712235657,4.242268436804539,-3.445096582873807,0,,,0.20047344688001179,-3.9209180583424152,-1.5052207621125024,1944.99,-0.5153829870431513,1944.99,0,25,20,20,1855.52,1846.995,1851.2575,1745.495,1824.34,,,,,,1826.45,1846.39,1868.44,1888.38,1804.4,1784.46,1762.41,0,0,0,0,0,0,0,0,0,0,0,0,0,0,0,0,0,0,0,0,0,0,,,,,,,,,,,,,,,,,,USD,1.0,stock,25.0
2026-08-11,1850.0,1946.0,1830.27,1940.0,803682,1850.6825000000001,1751.8359999999998,1886.1800250000001,1843.9061854483957,1792.7670370269625,1797.429166268909,1894.69384674669,64.48229050968777,32.428937761765155,34.99435630119778,-2.5654185394326277,1,61.510707142857164,0.5,0.05,544964.5,438391.25,1.4747419327313982,1.8332528306621083,96.66574048346763,53.258760109741985,90.0,6.0,19.730000000000018,,0,4.9532894098765095,4.603994845360819,9.69917525773197,2.774225515463912,0,,,6.33982700593092,2.727032036007415,3.8933219086381365,1946.0,5.211426444032263,1946.0,0,25,20,20,1856.025,1851.163,1853.594,1746.0,1940.0,,,,,,1905.4233333333334,1980.5766666666668,2021.1533333333334,2096.306666666667,1864.8466666666668,1789.6933333333334,1749.1166666666668,0,0,0,0,0,0,0,0,0,0,0,0,0,0,0,0,0,0,0,0,0,0,,,,,,,,,,,,,,,,,,USD,1.0,stock,25.0
2026-08-12,1921.0,1927.0,1827.0,1828.29,683442,1848.4029999999998,1754.4888,1884.8454249999998,1842.4189296914055,1794.1600943984542,1798.0402718873465,1894.0331119531907,52.946779619796516,27.32220414988319,33.45992587093487,-6.137721721051676,0,66.0842785714286,0.5,0.05,572408.2,452017.6,1.1939766062051522,1.5119809494143592,34.58738538482912,54.60943024267541,92.71000000000004,6.0,1.2899999999999636,,0,-0.7727947804454203,-1.1000989996116495,4.036624386722012,-3.0933508907230136,0,,,-5.758247422680418,-4.903852655560003,-2.432919930838695,1946.0,-0.7668684610058847,1946.0,0,25,20,20,1856.025,1853.45,1854.7375000000002,1746.0,1828.29,,,,,,1860.7633333333333,1894.5266666666666,1960.7633333333333,1994.5266666666666,1794.5266666666666,1760.7633333333333,1694.5266666666666,0,0,0,0,0,0,0,0,0,0,0,0,0,0,0,0,0,0,0,0,0,0,,,,,,,,,,,,,,,,,,USD,1.0,stock,25.0
2026-08-13,1840.0,1858.5,1815.01,1828.25,356745,1847.6560000000002,1756.4342000000001,1883.2450749999998,1841.0695078160336,1795.4969534416523,1798.6384843252208,1893.3785536252983,52.99726138553606,23.00664699926483,31.369270096600864,-8.362623097336034,0,66.82785000000003,0.5,0.05,571070.6,444445.8,0.6246950902392804,0.8026738018449044,34.56515698805225,55.27276095211632,11.75,18.5,13.240000000000009,,0,-0.7011900897598027,-1.0614522083960167,3.928117051825508,-3.008071926705856,0,,,-0.0021878367217453842,-0.09562841530054156,-0.8105512725220976,1946.0,-0.6963076495270794,1946.0,0,25,20,20,1856.025,1853.45,1854.7375000000002,1746.0,1828.25,,,,,,1833.92,1852.8300000000002,1877.41,1896.3200000000002,1809.3400000000001,1790.43,1765.8500000000001,0,0,0,0,0,0,0,0,0,0,0,0,0,0,0,0,0,0,0,0,0,0,,,,,,,,,,,,,,,,,,USD,1.0,stock,25.0
2026-08-14,1837.265,1874.98,1832.01,1844.58,269802,1847.014,1759.8692,1881.662425,1841.403840404983,1797.4217787968817,1799.5482173088797,1892.8929958777828,54.25830141745962,20.66600653084015,29.22861738344872,-8.562610852608572,0,67.12070714285717,0.5,0.05,561455.0,440698.6,0.4805407379041953,0.6122143342411345,43.63989997221448,37.5974807816986,7.314999999999827,30.40000000000009,5.255000000000109,,0,0.17218876898898383,-0.13195415758600706,4.592416701905032,-2.0103451734270164,0,,,0.8932038834951417,1.3121399030038061,-0.6912814549213553,1946.0,0.17248577011322294,1946.0,0,25,20,20,1856.025,1853.45,1854.7375000000002,1746.0,1844.58,,,,,,1850.5233333333333,1869.0366666666666,1893.4933333333333,1912.0066666666667,1826.0666666666666,1807.5533333333333,1783.0966666666666,0,0,0,0,0,0,0,0,0,0,0,0,0,0,0,0,0,0,0,0,0,0,,,,,,,,,,,,,,,,,,USD,1.0,stock,25.0
2026-08-17,1823.39,1829.1771,1767.51,1787.57,533820,1845.6970000000001,1762.8497999999997,1879.1886749999999,1836.2768079854607,1797.0354345303372,1799.3110248869216,1891.8450058690487,47.049977074736354,14.048855092264148,26.19266492521181,-12.14380983294766,0,68.7685642857143,0.5,0.05,570538.5,451708.9,0.9356423799620884,1.1817787960343487,11.958877465962754,30.054644808743145,35.820000000000164,5.7871000000000095,20.059999999999945,,0,-2.7247496873107475,-3.251732799275003,1.3828940964549756,-5.12531956790503,0,,,-3.090676468355935,-2.0155234221691076,-1.4521117365249747,1946.0,-2.6524763463573833,1946.0,0,25,20,20,1856.025,1856.025,1856.025,1746.0,1787.57,,,,,,1794.7523666666666,1821.9947333333332,1856.4194666666667,1883.6618333333333,1760.327633333333,1733.0852666666665,1698.660533333333,0,0,0,0,0,0,0,0,0,0,0,0,0,0,0,0,0,0,0,0,0,0,,,,,,,,,,,,,,,,,,USD,1.0,stock,25.0
2026-08-18,1782.06,1813.99,1759.21,1779.14,340286,1843.0330000000001,1765.7369999999999,1876.633675,1830.8352072249404,1796.3336527840495,1798.911598651537,1890.7235630245807,41.83989038950871,8.031897639336876,22.56051146803682,-14.528613828699946,0,67.9485642857143,0.5,0.05,559724.5,454007.1,0.6079526624258899,0.7495169128412309,10.669736067241324,22.089504501806164,2.9199999999998454,31.930000000000064,19.930000000000064,,0,-2.905628968206004,-3.591229470418293,0.7533415020740496,-5.479820306440186,1,,,-0.47158992375122555,-8.291752577319578,-2.907630346754564,1946.0,-2.8235860344468957,1946.0,0,25,20,20,1852.605,1852.605,1852.605,1746.0,1779.14,,,,,,1784.1133333333335,1809.0166666666669,1838.8933333333334,1863.7966666666669,1754.236666666667,1729.3333333333335,1699.456666666667,0,0,0,0,0,0,0,0,0,0,0,0,0,0,0,0,0,0,0,0,0,0,,,,,,,,,,,,,,,,,,USD,1.0,stock,25.0
2026-08-19,1780.5,1918.17,1771.0,1908.65,708131,1847.333,1771.7540000000001,1874.6973249999999,1838.2461398701842,1800.738215419969,1801.0846363020014,1890.901935531799,51.856772521062865,13.557507639016876,20.759910702232833,-7.202403063215957,1,74.23857142857146,0.5,0.05,570141.4,476348.7,1.2420269778689987,1.4865811536800666,80.00428288452277,34.210965472575595,128.1500000000001,9.519999999999982,9.5,,0,3.6886731527423016,3.212584811254028,7.172399339847534,1.7788842899431654,0,,,7.279359690637044,4.395363973986632,4.718404520889918,1946.0,3.829947394030041,1946.0,0,25,20,20,1852.605,1852.605,1852.605,1746.0,1908.65,,,,,,1865.9399999999998,1960.8799999999997,2013.11,2108.0499999999997,1813.7099999999996,1718.7699999999998,1666.5399999999995,0,0,0,0,0,0,0,0,0,0,0,0,0,0,0,0,0,0,0,0,0,0,,,,,,,,,,,,,,,,,,USD,1.0,stock,25.0
2026-08-20,1897.76,1929.64,1885.33,1921.96,399504,1853.4705000000001,1777.9533999999999,1872.503325,1846.2188884539762,1805.4920108936958,1803.4782078603776,1891.2109709991441,53.53363415926646,18.79395413290831,20.36671938836793,-1.5727652554596183,1,74.73000000000003,0.5,0.05,490037.8,484021.15,0.8152513948923941,0.8253854196247415,87.12993200920822,59.26798365365742,24.200000000000045,7.680000000000064,12.430000000000064,,0,3.9408266325013956,3.5635236945617965,7.492694957231167,2.5732416387437893,0,,,0.6973515311869516,5.125666621085734,6.822438737001235,1946.0,4.102499005924993,1946.0,0,25,20,20,1852.605,1852.605,1852.605,1746.0,1921.96,,,,,,1912.3100000000002,1939.2900000000004,1956.6200000000003,1983.6000000000006,1894.9800000000002,1868.0,1850.67,0,0,0,0,0,0,0,0,0,0,0,0,0,0,0,0,0,0,0,0,0,0,,,,,,,,,,,,,,,,,,USD,1.0,stock,25.0
2026-08-21,1928.39,1962.565,1911.01,1922.73,422675,1859.672,1783.5848,1870.4806749999998,1853.505660982169,1810.0895790939433,1805.8396294869046,1891.5245931782572,51.9861945375502,22.743831538288987,20.84214181835214,1.9016897199368472,1,74.84035714285719,0.5,0.05,483121.3,489857.9,0.8748838024736231,0.8628522679740389,80.41110373484791,82.51510620952628,5.660000000000082,34.174999999999955,11.720000000000027,,0,3.6003151257759005,3.279607641218475,7.236855928809553,2.717455128905266,0,,,0.04006326874648192,4.2367368181374765,6.89553566464669,1962.565,3.734778936750003,1962.565,0,25,20,20,1860.8875,1860.8875,1860.8875,1754.2825,1922.73,,,,,,1932.1016666666667,1953.1933333333334,1983.6566666666668,2004.7483333333334,1901.6383333333333,1880.5466666666666,1850.0833333333333,0,0,0,0,0,0,0,0,0,0,0,0,0,0,0,0,0,0,0,0,0,0,,,,,,,,,,,,,,,,,,USD,1.0,stock,25.0
