date,open,high,low,close,volume,SMA_20,SMA_50,SMA_200,EMA_20,EMA_50,EMA_100,EMA_200,RSI_14,MACD,MACD_Signal,MACD_Hist,MACD_Hist_Subiendo,ATR_14,BB_PctB,BB_Width,Vol_SMA_10,Vol_SMA_20,VolRel10,VolRel20,Stoch_K,Stoch_D,Body,Mecha_Sup,Mecha_Inf,Position_52w_Pct,RS_vs_SPY,Dist_EMA_20_pct,Dist_SMA_20_pct,Dist_SMA_50_pct,Dist_SMA_200_pct,Dist_BUY_ZONE,High_52W,Low_52W,Ret_1,Ret_5,Ret_20,Swing_High_20,Dist_EMA_20,TP_Dinamico,VWAP,ADX_14,Plus_DI,Minus_DI,Tenkan,Kijun,Senkou_A,Senkou_B,Chikou,Fib_236,Fib_382,Fib_500,Fib_618,Fib_786,Pivot_PP,Pivot_R1,Pivot_R2,Pivot_R3,Pivot_S1,Pivot_S2,Pivot_S3,Vol_Dryup,Vol_Climax,BB_Squeeze,BB_Breakout,MACD_Cross_Up,Golden_Cross,SMA20_Cross_Up,Oversold,Overbought,Trend_Up,Breakout_Vol,TP_Agotamiento,Vol_Climax_Up,MACD_Divergence,Trend_Weakness,Overextended,Exhaustion_Gap,Stoch_Extreme,Stop_Loss_Triggered,BUY_ZONE,ACC,REB,ROIC,ROE,Net_Margin,Gross_Margin,Operating_Margin,EBITDA_Margin,Current_PE,Current_PB,Current_EV_EBITDA,Current_EV_Sales,Current_FCF_Yield,Market_Cap,PE_5y_mean,PE_5y_max,PE_5y_min,PE_5y_pct,PE_5y_signal,Currency,FX_Rate,Asset_Type,Risk_Score
2025-08-22,155.75,159.11,155.0,158.72,1958280,,,,158.72,158.72,158.72,158.72,,0.0,0.0,0.0,0,,0.5,0.05,,,,,,,2.969999999999999,0.3900000000000148,0.75,,0,0.0,,,,0,,,,,,,0.0,,0,25,20,20,,,,,158.72,,,,,,157.61,160.22000000000003,161.72000000000003,164.33000000000004,156.11,153.5,152.0,0,0,0,0,0,0,0,0,0,0,0,0,0,0,0,0,0,0,0,0,0,0,,,,,,,,,,,,,,,,,,USD,1.0,stock,25.0
2025-08-25,157.59,157.92,155.8,155.85,1606448,,,,158.44666666666666,158.60745098039217,158.66316831683167,158.69144278606967,,-0.22894586894588542,-0.04578917378917709,-0.18315669515670835,0,,0.5,0.05,,,,,,,1.740000000000009,0.3299999999999841,0.04999999999998295,,0,-1.6661319644957742,,,,0,,,-1.8082157258064502,,,,-1.638826944923632,,0,25,20,20,,,,,155.85,,,,,,156.52333333333334,157.24666666666667,158.64333333333332,159.36666666666665,155.1266666666667,154.40333333333336,153.00666666666672,0,0,0,0,0,0,0,0,0,0,0,0,0,0,0,0,0,0,0,0,0,0,,,,,,,,,,,,,,,,,,USD,1.0,stock,25.0
2025-08-26,155.76,156.72,154.58,156.57,2960618,,,,158.2679365079365,158.5275509419454,158.62171943927066,158.6703339026262,,-0.3482744458243303,-0.10628622819620773,-0.2419882176281226,0,,0.5,0.05,,,,,,,0.8100000000000023,0.15000000000000568,1.1799999999999784,,0,-1.084458394287861,,,,0,,,0.46198267564965256,,,,-1.0728240636734145,,0,25,20,20,,,,,156.57,,,,,,155.95666666666668,157.33333333333334,158.09666666666666,159.47333333333333,155.19333333333336,153.8166666666667,153.05333333333337,0,0,0,0,0,0,0,0,0,0,0,0,0,0,0,0,0,0,0,0,0,0,,,,,,,,,,,,,,,,,,USD,1.0,stock,25.0
2025-08-27,156.04,157.22,155.75,156.53,2155078,,,,158.10241874527588,158.44921561088873,158.58029925235442,158.6490370478737,,-0.44098743972253374,-0.17322647050147294,-0.2677609692210608,0,,0.5,0.05,,,,,,,0.4900000000000091,0.6899999999999977,0.28999999999999204,,0,-1.004547847234321,,,,0,,,-0.025547678354720382,,,,-0.9945570458408098,,0,25,20,20,,,,,156.53,,,,,,156.5,157.25,157.97,158.72,155.78,155.03,154.31,0,0,0,0,0,0,0,0,0,0,0,0,0,0,0,0,0,0,0,0,0,0,,,,,,,,,,,,,,,,,,USD,1.0,stock,25.0
2025-08-28,157.76,158.47,156.58,157.56,2982306,,,,158.05075981715436,158.41434441046172,158.56009530676326,158.63820085834263,,-0.42643508520149,-0.22386819344147638,-0.2025668917600136,1,,0.5,0.05,,,,,,,0.19999999999998863,0.710000000000008,0.9799999999999898,,0,-0.31147487760494763,,,,0,,,0.6580208266785847,,,,-0.3105077240515043,,0,25,20,20,,,,,157.56,,,,,,157.53666666666666,158.4933333333333,159.42666666666665,160.3833333333333,156.60333333333332,155.64666666666668,154.71333333333334,0,0,0,0,0,0,0,0,0,0,0,0,0,0,0,0,0,0,0,0,0,0,,,,,,,,,,,,,,,,,,USD,1.0,stock,25.0
2025-08-29,157.6,158.24,155.315,155.53,3279345,,,,157.81068745361586,158.30123286495342,158.50009341950062,158.60727348661783,,-0.5721113306884149,-0.2935168208908641,-0.2785945097975508,0,,0.5,0.05,,,,,,,2.069999999999993,0.6400000000000148,0.2150000000000034,,0,-1.4663971282812671,,,,0,,,-1.288398070576291,-2.009828629032262,,,-1.4452046882351999,,0,25,20,20,,,,,155.53,,,,,,156.36166666666668,157.40833333333336,159.2866666666667,160.33333333333337,154.48333333333335,153.43666666666667,151.55833333333334,0,0,0,0,0,0,0,0,0,0,0,0,0,0,0,0,0,0,0,0,0,0,,,,,,,,,,,,,,,,,,USD,1.0,stock,25.0
2025-09-02,153.95,154.49,151.7,154.27,2745252,,,,157.47347912470005,158.14314530162193,158.41632919337187,158.56411653650224,,-0.7802381745235891,-0.3908610916174091,-0.38937708290618,0,,0.5,0.05,,,,,,,0.3200000000000216,0.21999999999999886,2.25,,0,-2.0765405618072457,,,,0,,,-0.8101330932938966,-1.0137953160089697,,,-2.0342975480736465,,0,25,20,20,,,,,154.27,,,,,,153.48666666666668,155.27333333333337,156.2766666666667,158.0633333333334,152.48333333333335,150.69666666666666,149.69333333333333,0,0,0,0,0,0,0,0,0,0,0,0,0,0,0,0,0,0,0,0,0,0,,,,,,,,,,,,,,,,,,USD,1.0,stock,25.0
2025-09-03,153.5,154.085,150.43,152.0,3964392,,,,156.95219539853815,157.9022376427348,158.28927316974074,158.49880194409923,,-1.1154915345138647,-0.5357871801967002,-0.5797043543171645,0,,0.5,0.05,,,,,,,1.5,0.585000000000008,1.5699999999999932,,0,-3.2580232885119416,,,,0,,,-1.471446165813195,-2.9188222520278417,,,-3.1552253130090824,,0,25,20,20,,,,,152.0,,,,,,152.17166666666665,153.9133333333333,155.82666666666665,157.5683333333333,150.2583333333333,148.51666666666665,146.6033333333333,0,0,0,0,0,0,0,0,0,0,0,0,0,0,0,0,0,0,0,0,0,0,,,,,,,,,,,,,,,,,,USD,1.0,stock,25.0
2025-09-04,152.2,155.6,152.02,155.52,2741207,,,,156.8157958367726,157.80881655870598,158.23443607727063,158.46916212375996,,-1.084644548357943,-0.6455586538289488,-0.43908589452899416,1,,0.5,0.05,,,,,,,3.3200000000000216,0.07999999999998408,0.1799999999999784,,0,-0.8332020555379268,,,,0,,,2.3157894736842266,-0.6452437232479347,,,-0.8263171639426935,,0,25,20,20,154.77,,,,155.52,,,,,,154.38,156.73999999999998,157.95999999999998,160.31999999999996,153.16,150.8,149.58,0,0,0,0,0,0,0,0,0,0,0,0,0,0,0,0,0,0,0,0,0,0,,,,,,,,,,,,,,,,,,USD,1.0,stock,25.0
2025-09-05,155.8,157.56,154.28,155.3,2053261,,,,156.67143432850855,157.7104315956195,158.17632843217618,158.43762817227974,,-1.0656659176277117,-0.7295801065887014,-0.33608581103901025,1,,0.5,0.05,2644618.7,,0.7763920749709589,,,,0.5,1.759999999999991,1.0200000000000102,,0,-0.8830871400570135,,,,0,,,-0.1414609053497884,-1.4343742066514231,,,-0.8753569751796102,,0,25,20,20,154.45,,,,155.3,,,,,,155.71333333333334,157.14666666666668,158.99333333333334,160.42666666666668,153.86666666666667,152.43333333333334,150.58666666666667,0,0,0,0,0,0,0,0,0,0,0,0,0,0,0,0,0,0,0,0,0,0,,,,,,,,,,,,,,,,,,USD,1.0,stock,25.0
2025-09-08,154.61,154.98,152.0,154.0,2715877,,,,156.41701201150772,157.56492447422266,158.0936288592618,158.39347266807798,,-1.1423559828091072,-0.8121352818327826,-0.3302207009763246,1,,0.5,0.05,2720378.4,,0.9983453037268639,,,,0.6100000000000136,0.3699999999999761,2.0,,0,-1.5694883191608586,,,,0,,,-0.8370895041854509,-0.9837330418568824,,,-1.545236020318494,,0,25,20,20,154.45,,,,154.0,,,,,,153.66,155.32,156.64,158.29999999999998,152.34,150.68,149.36,0,0,0,0,0,0,0,0,0,0,0,0,0,0,0,0,0,0,0,0,0,0,,,,,,,,,,,,,,,,,,USD,1.0,stock,25.0
2025-09-09,154.15,154.15,151.55,153.08,1669316,,,,156.09920134374508,157.38904508307667,157.9943490798705,158.34060229327125,,-1.2628128033038308,-0.9022707861269923,-0.36054201717683854,0,,0.5,0.05,2726665.2,,0.6122189112179962,,,,1.0699999999999932,0.0,1.5300000000000011,,0,-1.9723029420858809,,,,0,,,-0.5974025974025854,-0.7713748622544925,,,-1.9341555355536395,,0,25,20,20,154.45,,,,153.08,,,,,,152.9266666666667,154.3033333333334,155.5266666666667,156.9033333333334,151.7033333333334,150.3266666666667,149.1033333333334,0,0,0,0,0,0,0,0,0,0,0,0,0,0,0,0,0,0,0,0,0,0,,,,,,,,,,,,,,,,,,USD,1.0,stock,25.0
2025-09-10,153.16,155.21,152.4601,153.57,2811664,,,,155.85832502529317,157.23927860923052,157.90673820700175,158.29313361373622,,-1.303708456930167,-0.9825583202876274,-0.32115013664253955,1,,0.5,0.05,2711769.8,,1.0368372713642582,,,,0.4099999999999966,1.6400000000000148,0.6998999999999853,,0,-1.4900859707580751,,,,0,,,0.3200940684609188,1.0328947368420938,,,-1.4682084033187315,,0,25,20,20,154.45,,,,153.57,,,,,,153.7467,155.0333,156.4966,157.7832,152.2834,150.9968,149.5335,0,0,0,0,0,0,0,0,0,0,0,0,0,0,0,0,0,0,0,0,0,0,,,,,,,,,,,,,,,,,,USD,1.0,stock,25.0
2025-09-11,153.79,159.5,153.4,159.47,3663942,,,,156.20229407050334,157.32675787945678,157.93769388607103,158.3048437270324,51.66149756313691,-0.8502368641082398,-0.9560940290517499,0.10585716494351005,1,3.2003500000000003,0.5,0.05,2862656.2,,1.2799098962704636,,99.66923925027562,,5.680000000000007,0.030000000000001137,0.38999999999998636,,0,2.049103862479875,,,,0,,,3.841896203685624,2.5398662551440188,,,2.091970511023191,,0,25,20,20,154.965,,,,159.47,,,,,,157.45666666666668,161.51333333333335,163.55666666666667,167.61333333333334,155.41333333333336,151.35666666666668,149.31333333333336,0,0,0,0,0,0,0,0,0,0,0,0,0,0,0,0,0,0,0,0,0,0,,,,,,,,,,,,,,,,,,USD,1.0,stock,25.0
2025-09-12,159.11,162.1,157.81,157.87,2865130,,,,156.36112320664589,157.3480614920271,157.93635341307953,158.30051692377836,48.241621845262735,-0.6128988712807484,-0.8874549974975496,0.27455612621680126,1,3.2132071428571414,0.5,0.05,2850938.6,,1.0049777992412745,,63.753213367609305,,1.240000000000009,2.9899999999999807,0.060000000000002274,,0,0.9557717066916571,,,,0,,,-1.0033235091239656,1.654861558274301,,,0.9649948544818248,,0,25,20,20,156.265,,,,157.87,,,,,,159.26,160.70999999999998,163.54999999999998,164.99999999999997,156.42,154.97,152.13,0,0,0,0,0,0,0,0,0,0,0,0,0,0,0,0,0,0,0,0,0,0,,,,,,,,,,,,,,,,,,USD,1.0,stock,25.0
2025-09-15,158.0,158.38,155.25,156.66,3219697,,,,156.3895876631558,157.32107868841823,157.91107908806805,158.28419337229798,51.79920035539761,-0.5164899154041507,-0.8132619810788699,0.29677206567471925,1,3.228207142857142,0.5,0.05,2844973.8,,1.1317141127978052,,53.384747215081376,72.26906661098877,1.3400000000000034,0.37999999999999545,1.4099999999999966,,0,0.17261096440967869,,,,0,,,-0.7664534110343957,1.7272727272727328,,,0.1729094250357882,,0,25,20,20,156.265,,,,156.66,,,,,,156.76333333333332,158.27666666666664,159.89333333333332,161.40666666666664,155.14666666666665,153.63333333333333,152.01666666666665,0,0,0,0,0,0,0,0,0,0,0,0,0,0,0,0,0,0,0,0,0,0,,,,,,,,,,,,,,,,,,USD,1.0,stock,25.0
2025-09-16,156.895,157.48,153.63,156.5,2208605,,,,156.4001031238076,157.28887952416653,157.88313692790828,158.26644020441444,49.84054669703874,-0.4478334409663205,-0.74017627305636,0.29234283209003953,0,3.3503499999999997,0.5,0.05,2791309.1,,0.7912434348456786,,52.01371036846615,56.38389031705228,0.39500000000001023,0.5849999999999795,2.8700000000000045,,0,0.06383186977149462,,,,0,,,-0.10213200561726143,2.234125947217125,,,0.06387264087243592,,0,25,20,20,156.825,,,,156.5,,,,,,155.87,158.11,159.72,161.96,154.26000000000002,152.02,150.41000000000003,0,0,0,0,0,0,0,0,0,0,0,0,0,0,0,0,0,0,0,0,0,0,,,,,,,,,,,,,,,,,,USD,1.0,stock,25.0
2025-09-17,156.495,158.54,153.54,155.16,2757388,,,,156.28199806439736,157.2053940526306,157.82921342438533,158.2355303516342,47.05376344086021,-0.49583382776327767,-0.6913077839977436,0.19547395623446595,0,3.602492857142857,0.5,0.05,2670608.7,,1.0324942025389192,,40.531276778063365,48.64324478720363,1.335000000000008,2.0449999999999875,1.6200000000000045,,0,-0.7231232691398298,,,,0,,,-0.8562300319488791,1.0353584684508643,,,-0.7179317376880675,,0,25,20,20,156.825,,,,155.16,,,,,,155.74666666666667,157.95333333333335,160.74666666666667,162.95333333333335,152.95333333333335,150.74666666666667,147.95333333333335,0,0,0,0,0,0,0,0,0,0,0,0,0,0,0,0,0,0,0,0,0,0,,,,,,,,,,,,,,,,,,USD,1.0,stock,25.0
2025-09-18,155.15,156.92,154.31,155.4,1795288,,,,156.19799824874048,157.13459428586077,157.78111018825888,158.20731611927962,45.19145146927873,-0.5086451413191355,-0.6547752554620221,0.14613011414288657,0,3.650349999999999,0.5,0.05,2576016.8,,0.6969240262718784,,42.587832047986325,45.04427306483861,0.25,1.5199999999999818,0.8400000000000034,,0,-0.5135123865768788,,,,0,,,0.15467904098995788,-2.5522041763341052,,,-0.5108889087488063,,0,25,20,20,156.825,,,,155.4,,,,,,155.54333333333332,156.77666666666664,158.1533333333333,159.38666666666663,154.16666666666666,152.93333333333334,151.55666666666667,0,0,0,0,0,0,0,0,0,0,0,0,0,0,0,0,0,0,0,0,0,0,,,,,,,,,,,,,,,,,,USD,1.0,stock,25.0
2025-09-19,155.91,157.41,154.69,156.6,6507181,155.808,,,156.23628412981282,157.11362980406233,157.75772186769927,158.19132292406292,52.473416551086444,-0.41715947369118567,-0.6072520991078549,0.19009262541666927,1,3.635707142857141,0.5,0.05,3021408.8,2833013.75,2.153691019897738,2.2969111957186934,52.870608397600634,45.32990574121678,0.6899999999999977,0.8100000000000023,1.2199999999999989,,0,0.23225789922552897,0.5057471264367827,,,0,,,0.7722007722007707,-0.8044593653005694,,162.1,0.2327985923455373,162.1,0,25,20,20,156.825,,,,156.6,,,,,,156.23333333333335,157.7766666666667,158.95333333333335,160.4966666666667,155.0566666666667,153.51333333333335,152.3366666666667,0,0,0,0,0,0,0,0,0,0,0,0,0,0,0,0,0,0,0,0,0,0,,,,,,,,,,,,,,,,,,USD,1.0,stock,25.0
2025-09-22,155.6,155.71,153.64,153.86,2484860,155.565,,,156.00997135554493,156.9860364784128,157.68053925645768,158.14822518352497,49.112938122025106,-0.5593042130289518,-0.5976625218920744,0.038358308863122526,0,3.5735642857142835,0.5,0.05,2998307.1,2859342.75,0.8287543327366299,0.8690318780426026,29.39160239931457,41.61668094830051,1.7399999999999807,0.11000000000001364,0.22000000000002728,,0,-1.3973556190984793,-1.1081502664760066,,,0,,,-1.7496807151979432,-1.7873100983020418,-3.061995967741926,162.1,-1.3780986797601293,162.1,0,25,20,20,157.28005000000002,,,,153.86,,,,,,154.40333333333334,155.16666666666669,156.47333333333336,157.2366666666667,153.09666666666666,152.33333333333331,151.02666666666664,0,0,0,0,0,0,0,0,0,0,0,0,0,0,0,0,0,0,0,0,0,0,,,,,,,,,,,,,,,,,,USD,1.0,stock,25.0
2025-09-23,153.84,158.14,153.84,156.29,2254053,155.587,,,156.03664075025495,156.95874093023977,157.65300382563674,158.12973538070383,59.21787709497207,-0.47045118301687694,-0.5722202541170349,0.10176907110015798,1,3.606421428571425,0.5,0.05,3056780.8,2891723.0,0.7373943856229404,0.7794844111970614,44.928909952606524,42.39704024984058,2.4499999999999886,1.8499999999999943,0.0,,0,0.16210842008128842,0.4498048499584126,,,0,,,1.5793578577927736,-0.13418530351437807,0.2823227462303457,162.1,0.16237163817859984,162.1,0,25,20,20,157.75,,,,156.29,,,,,,156.09,158.34,160.39,162.64,154.04000000000002,151.79000000000002,149.74000000000004,0,0,0,0,0,0,0,0,0,0,0,0,0,0,0,0,0,0,0,0,0,0,,,,,,,,,,,,,,,,,,USD,1.0,stock,25.0
2025-09-24,156.0,156.5,154.46,154.6,1739323,155.4885,,,155.89981782165924,156.86624128591666,157.59254830433701,158.0946136356222,47.854477611940254,-0.5302905334858394,-0.5638343099907959,0.033543776504956435,0,3.4949928571428535,0.5,0.05,2949546.7,2830658.25,0.5896916295646378,0.6144588453939998,28.909952606634956,34.41015498618535,1.4000000000000057,0.5,0.13999999999998636,,0,-0.8407618510085683,-0.5747089262613153,,,0,,,-1.0813231812655921,-0.3609177623098758,-1.2582231589704285,162.1,-0.8337519824084504,162.1,0,25,20,20,157.82,,,,154.6,,,,,,155.1866666666667,155.91333333333338,157.2266666666667,157.95333333333338,153.8733333333334,153.1466666666667,151.8333333333334,0,0,0,0,0,0,0,0,0,0,0,0,0,0,0,0,0,0,0,0,0,0,,,,,,,,,,,,,,,,,,USD,1.0,stock,25.0
2025-09-25,154.0,154.0,151.821,153.03,2949463,155.3135,,,155.62650183864406,156.71580045117483,157.50220081316203,158.04421947009365,45.0197455024133,-0.6963721837565799,-0.5903418847439527,-0.10603029901262728,0,3.4592071428571387,0.5,0.05,2878098.8,2870377.5,1.0247956046540168,1.0275522993055792,14.028436018957272,29.289099526066252,0.9699999999999989,0.0,1.2090000000000032,,0,-1.6967273336235111,-1.4921910736456927,,,0,,,-1.0155239327296228,-1.5250965250965254,-2.235993100364142,162.1,-1.6684188155409108,162.1,0,25,20,20,155.1805,,,,153.03,,,,,,152.95033333333333,154.07966666666667,155.12933333333334,156.25866666666667,151.90066666666667,150.77133333333333,149.72166666666666,0,0,0,0,0,0,0,0,0,0,0,0,0,0,0,0,0,0,0,0,0,0,,,,,,,,,,,,,,,,,,USD,1.0,stock,25.0
2025-09-26,154.02,154.5,152.37,152.81,2103977,155.076,,,155.35826356829702,156.56263180603074,157.40928594557465,157.99213768432156,47.25932749884845,-0.8361071270313118,-0.6394949332014246,-0.19661219382988726,0,3.375635714285709,0.5,0.05,2801983.5,2826461.05,0.7508884331403094,0.74438563375922,11.94312796208524,18.293838862559156,1.210000000000008,0.47999999999998977,0.4399999999999977,,0,-1.667602623059366,-1.4828872455991042,,,0,,,-0.14376266091615797,-2.4201787994891366,-3.0147245493780117,162.1,-1.6402497747902385,162.1,0,25,20,20,155.1805,,,,152.81,,,,,,153.22666666666666,154.08333333333331,155.35666666666665,156.2133333333333,151.95333333333332,151.09666666666666,149.82333333333332,0,0,0,0,0,0,0,0,0,0,0,0,0,0,0,0,0,0,0,0,0,0,,,,,,,,,,,,,,,,,,USD,1.0,stock,25.0
2025-09-29,153.5,154.4,152.54,154.08,2043475,155.00349999999997,,,155.23652418084015,156.4652736959903,157.34335949120685,157.953210941194,52.26654578422485,-0.8347472435339114,-0.678545395267922,-0.15620184826598937,1,3.3227785714285676,0.5,0.05,2684361.3,2764667.55,0.7612518478790468,0.7391395034097319,21.976845996692436,15.982803325911652,0.5800000000000125,0.3199999999999932,0.960000000000008,,0,-0.7505998058412102,-0.5993639667704839,,,0,,,0.8310974412669481,0.14298713115818984,-0.9322960200604302,162.1,-0.7450077788992902,162.1,0,25,20,20,155.1805,156.265,155.72275,,154.08,,,,,,153.67333333333332,154.80666666666664,155.53333333333333,156.66666666666666,152.94666666666663,151.8133333333333,151.08666666666662,0,0,0,0,0,0,0,0,0,0,0,0,0,0,0,0,0,0,0,0,0,0,,,,,,,,,,,,,,,,,,USD,1.0,stock,25.0
2025-09-30,153.85,155.22,152.43,155.18,2177105,155.049,,,155.23114092552203,156.4148708059515,157.30052068940077,157.92561680247567,53.55094838994269,-0.7364197308959888,-0.6901202623935354,-0.04629946850245337,1,3.325642857142853,0.5,0.05,2681211.3,2736260.2,0.8119856126221757,0.795649843534617,32.67827609689668,22.199416685224787,1.3300000000000125,0.03999999999999204,1.4199999999999875,,0,-0.03295587416034289,0.08441809511535006,,,0,,,0.713914849428865,-0.7102181841448507,0.5898748946651988,162.1,-0.03294501684205032,162.1,0,25,20,20,154.9805,156.265,155.62275,,155.18,,,,,,154.27666666666667,156.12333333333333,157.06666666666666,158.91333333333333,153.33333333333334,151.48666666666668,150.54333333333335,0,0,0,0,0,0,0,0,0,0,0,0,0,0,0,0,0,0,0,0,0,0,,,,,,,,,,,,,,,,,,USD,1.0,stock,25.0
2025-10-01,154.45,156.54,154.2595,156.0,2298007,155.249,,,155.30436559928185,156.39860136258085,157.27476780446216,157.9064564362819,40.13644115974983,-0.5855771528360947,-0.6692116404820473,0.0836344876459526,1,3.052821428571424,0.5,0.05,2635273.2,2652940.95,0.8720185064683236,0.8662111382464053,40.65570580795801,31.770275967182375,1.5500000000000114,0.539999999999992,0.1904999999999859,,0,0.44591948763983885,0.4814102564102594,,,0,,,0.5284186106456978,0.905562742561461,2.6315789473684292,162.1,0.4479168361004304,162.1,0,25,20,20,154.9805,156.265,155.62275,,156.0,,,,,,155.59983333333332,156.94016666666664,157.8803333333333,159.22066666666663,154.65966666666665,153.31933333333333,152.37916666666666,0,0,0,0,0,0,0,0,0,0,0,0,0,0,0,0,0,0,0,0,0,0,,,,,,,,,,,,,,,,,,USD,1.0,stock,25.0
2025-10-02,157.26,159.5799,156.535,158.8,2167531,155.41299999999998,,,155.637283161255,156.49277385816592,157.3049704221956,157.91534741701543,52.47472059606175,-0.23736057854034698,-0.5828414280937073,0.34548084955336034,1,3.0020999999999964,0.5,0.05,2672497.5,2624257.15,0.8110507119277006,0.8259598340048345,89.94831741612862,54.42743310699444,1.5400000000000205,0.7798999999999978,0.7249999999999943,,0,1.9916352888822497,2.1328715365239477,,,0,,,1.7948717948718107,3.7705025158465633,2.1090534979423925,162.1,2.0321074581263012,162.1,0,25,20,20,155.70045,156.265,155.982725,,158.8,,,,,,158.30496666666667,160.07493333333335,161.34986666666668,163.11983333333336,157.03003333333334,155.26006666666666,153.98513333333332,0,0,0,0,0,0,0,0,0,0,0,0,0,0,0,0,0,0,0,0,0,0,,,,,,,,,,,,,,,,,,USD,1.0,stock,25.0
2025-10-03,158.92,160.3899,157.71,158.66,3411657,155.58100000000002,,,155.9251609554212,156.57776311863,157.33180269106302,157.9227568954531,55.64334085778781,0.026995547515184626,-0.46087403297192897,0.4878695804871136,1,2.969949999999997,0.5,0.05,2362945.1,2692176.95,1.4438156011326713,1.2672484251081637,79.8118778372952,70.13863368712727,0.2599999999999909,1.469900000000024,0.9499999999999886,,0,1.7237104781159658,1.9406277574687885,,,0,,,-0.08816120906801617,3.8282834893004436,2.1635544108177696,162.1,1.7539433840063043,162.1,0,25,20,20,156.10545000000002,156.265,156.185225,,158.66,,,,,,158.91996666666668,160.12993333333335,161.59986666666668,162.80983333333336,157.45003333333335,156.24006666666668,154.77013333333335,0,0,0,0,0,0,0,0,0,0,0,0,0,0,0,0,0,0,0,0,0,0,,,,,,,,,,,,,,,,,,USD,1.0,stock,25.0
2025-10-06,158.7,159.21,154.63,155.93,2421544,155.6775,,,155.92562181680967,156.55236064338962,157.30404422193305,157.90292846863267,48.59536717594876,0.016026751148274343,-0.36549387614788836,0.3815206272961627,0,3.0220928571428556,0.5,0.05,2356613.5,2677460.3,1.027552460341927,0.9044182653240461,47.95247931473121,72.57089152271834,2.769999999999982,0.5100000000000193,1.3000000000000114,,0,0.002807787590803709,0.1619316359905071,,,0,,,-1.7206605319551205,1.2006749740394618,1.2532467532467617,162.1,0.002807866429728889,162.1,0,25,20,20,156.10545000000002,156.265,156.185225,,155.93,,,,,,156.59,158.55,161.17000000000002,163.13000000000002,153.97,152.01,149.39,0,0,0,0,0,0,0,0,0,0,0,0,0,0,0,0,0,0,0,0,0,0,,,,,,,,,,,,,,,,,,USD,1.0,stock,25.0
2025-10-07,156.83,157.9356,155.18,155.33,1696736,155.79000000000002,,,155.86889592949444,156.50442493188416,157.2649542373403,157.87732719033784,50.434782608695684,-0.0406129240810742,-0.3005176857345256,0.2599047616534514,0,2.861778571428569,0.5,0.05,2300881.8,2678831.3,0.7374285806424303,0.6333866563377843,40.950413705376526,56.23825695246765,1.5,1.1055999999999813,0.15000000000000568,,0,-0.34693615495682095,-0.2961436940706933,,,0,,,-0.3847880459180386,0.09666194097177616,1.4698197021165482,162.1,-0.34573666944955683,162.1,0,25,20,20,156.10545000000002,156.265,156.185225,,155.33,,,,,,156.14853333333335,157.1170666666667,158.90413333333333,159.87266666666667,154.3614666666667,153.39293333333336,151.6058666666667,0,0,0,0,0,0,0,0,0,0,0,0,0,0,0,0,0,0,0,0,0,0,,,,,,,,,,,,,,,,,,USD,1.0,stock,25.0
2025-10-08,155.71,156.09,152.78,156.0,2084240,155.9115,,,155.88138203144734,156.48464356200637,157.2399056385811,157.85864731779716,51.5015015015015,-0.0310786192142416,-0.2466298724304688,0.2155512532162272,0,2.91177857142857,0.5,0.05,2335373.5,2642460.1,0.8924653808052545,0.7887498471594708,48.769386969155846,45.890759996421195,0.28999999999999204,0.09000000000000341,2.930000000000007,,0,0.07603715932862525,0.05673076923077594,,,0,,,0.4313397283203457,0.0,1.5823403008400128,162.1,0.076095019820087,162.1,0,25,20,20,156.37995,156.265,156.322475,,156.0,,,,,,154.95666666666668,157.13333333333335,158.26666666666668,160.44333333333336,153.82333333333335,151.64666666666668,150.51333333333335,0,0,0,0,0,0,0,0,0,0,0,0,0,0,0,0,0,0,0,0,0,0,,,,,,,,,,,,,,,,,,USD,1.0,stock,25.0
2025-10-09,156.1,156.6,151.37,152.88,2512543,155.58200000000002,,,155.59553612369047,156.3432849909473,157.15357087346067,157.8091085385156,41.50684931506847,-0.2721434388289481,-0.25173258571016466,-0.020410853118783434,0,3.091064285714284,0.5,0.05,2291681.5,2584890.15,1.0963753034616721,0.9720115185552469,16.740762092706014,35.48685425574613,3.219999999999999,0.5,1.509999999999991,,0,-1.7762533514458854,-1.7673992673992847,,,0,,,-2.0000000000000018,-3.7279596977330076,-4.132438703204366,162.1,-1.7452532324139156,162.1,0,25,20,20,155.87995,156.735,156.307475,,152.88,,,,,,153.61666666666667,155.86333333333334,158.84666666666666,161.09333333333333,150.63333333333335,148.38666666666668,145.40333333333336,0,0,0,0,0,0,0,0,0,0,0,0,0,0,0,0,0,0,0,0,0,0,,,,,,,,,,,,,,,,,,USD,1.0,stock,25.0
2025-10-10,153.24,154.25,148.455,148.75,3504585,155.126,,,154.9435803023866,156.04550910894937,156.98716352943174,157.7189681550478,39.02962644911975,-0.7873692269734534,-0.3588599139628224,-0.42850931301063094,0,3.2935642857142824,0.5,0.05,2431742.3,2616862.9,1.4411827272980366,1.3392314133078964,2.4717425365942534,22.66063053281871,4.490000000000009,1.009999999999991,0.2949999999999875,,0,-4.163751463789316,-4.286386554621853,,,0,,,-2.701465201465203,-6.24606075885541,-5.776905048457593,160.3899,-3.997313273837656,160.3899,0,25,20,20,154.42245000000003,155.2775,154.84997500000003,,148.75,,,,,,150.485,152.51500000000001,156.28,158.31,146.72000000000003,144.69000000000003,140.92500000000004,0,0,0,0,0,0,0,0,0,0,0,0,0,0,0,0,0,0,0,0,0,0,,,,,,,,,,,,,,,,,,USD,1.0,stock,25.0
2025-10-13,150.57,152.43,150.415,151.1,2724952,154.848,,,154.57752503549264,155.8515675752651,156.87058603379944,157.6531077753956,38.81947436449805,-0.9945988988590955,-0.48600771094207706,-0.5085911879170184,0,3.2492785714285697,0.5,0.05,2499890.0,2592125.65,1.0900287612654957,1.0512422497728844,22.16189494675265,13.791466525350977,0.5300000000000011,1.3300000000000125,0.15500000000000114,,0,-2.30147255823471,-2.4804765056254263,,,0,,,1.5798319327731125,-3.097543769640232,-3.549087195199796,160.3899,-2.2496964126538903,160.3899,0,25,20,20,154.42245000000003,155.2775,154.84997500000003,,151.1,,,,,,151.31500000000003,152.21500000000006,153.33000000000004,154.23000000000008,150.20000000000005,149.3,148.18500000000003,0,0,0,0,0,0,0,0,0,0,0,0,0,0,0,0,0,0,0,0,0,0,,,,,,,,,,,,,,,,,,USD,1.0,stock,25.0
2025-10-14,149.27,153.71,149.27,152.53,2604831,154.64950000000002,,,154.38252265116,155.7213100232939,156.78463383511033,157.6021315786255,45.49019607843139,-1.0315497939391776,-0.5951161275414972,-0.43643366639768033,1,3.420707142857142,0.5,0.05,2542662.6,2611936.95,1.0244501177623802,0.9972794327979471,34.14356215804061,19.59239988046251,3.259999999999991,1.1800000000000068,0.0,,0,-1.214530027640465,-1.3895627089752944,,,0,,,0.9463931171409756,-1.8026137899954997,-2.536741214057503,160.3899,-1.1999561992816559,160.3899,0,25,20,20,154.42245000000003,155.2775,154.84997500000003,,152.53,,,,,,151.83666666666667,154.40333333333334,156.27666666666667,158.84333333333333,149.96333333333334,147.39666666666668,145.52333333333334,0,0,0,0,0,0,0,0,0,0,0,0,0,0,0,0,0,0,0,0,0,0,,,,,,,,,,,,,,,,,,USD,1.0,stock,25.0
2025-10-15,153.69,155.66,152.71,153.47,2381669,154.565,,,154.2956157320019,155.63302335571376,156.71899752154377,157.56101584152472,50.98566308243727,-0.973758617219147,-0.6708446254770273,-0.30291399174211975,1,3.44577857142857,0.5,0.05,2551028.8,2593151.0,0.9336111767926729,0.9184459370086817,42.01962312210397,32.77502674229908,0.21999999999999886,1.9699999999999989,0.7599999999999909,,0,-0.5379655515748308,-0.713494494037922,,,0,,,0.6162722087458272,-1.6217948717948683,-1.0891982469708683,160.3899,-0.5350869680159388,160.3899,0,25,20,20,154.42245000000003,155.2775,154.84997500000003,,153.47,,,,,,153.9466666666667,155.18333333333337,156.89666666666668,158.13333333333335,152.23333333333338,150.9966666666667,149.2833333333334,0,0,0,0,0,0,0,0,0,0,0,0,0,0,0,0,0,0,0,0,0,0,,,,,,,,,,,,,,,,,,USD,1.0,stock,25.0
2025-10-16,154.47,154.47,150.61,151.41,4279373,154.3655,,,154.02079518609693,155.46741459666617,156.61386885775084,157.49981170379812,47.10264900662251,-1.081714149792134,-0.7530185303400486,-0.3286956194520855,0,3.569349999999998,0.5,0.05,2762213.0,2717355.25,1.5492552529439259,1.5748301588465476,24.759319307241654,33.640834862462086,3.0600000000000023,0.0,0.799999999999983,,0,-1.7243215019463287,-1.9519846773660925,,,0,,,-1.342281879194629,-0.9615384615384581,-2.5675675675675746,160.3899,-1.6950926548213316,160.3899,0,25,20,20,153.8325,155.2775,154.555,,151.41,,,,,,152.16333333333333,153.71666666666664,156.0233333333333,157.57666666666663,149.85666666666665,148.30333333333334,145.99666666666667,0,0,0,0,0,0,0,0,0,0,0,0,0,0,0,0,0,0,0,0,0,0,,,,,,,,,,,,,,,,,,USD,1.0,stock,25.0
2025-10-17,151.45,153.07,151.27,152.64,4493997,154.16750000000002,,,153.88929088265914,155.35653559287536,156.5351783853201,157.45145536843697,47.01492537313427,-1.0558478103573918,-0.8135843863435174,-0.24226342401387446,1,3.5650642857142816,0.5,0.05,2870447.0,2616696.05,1.5656087710380997,1.717431797246761,35.065228866601096,33.94805709864892,1.1899999999999977,0.4300000000000068,0.1799999999999784,,0,-0.8184557669412692,-1.0007206498951993,,,0,,,0.8123637804636319,2.615126050420158,-2.5287356321839094,160.3899,-0.8118114493176395,160.3899,0,25,20,20,153.1953,155.2775,154.2364,,152.64,,,,,,152.32666666666668,153.38333333333335,154.12666666666667,155.18333333333334,151.58333333333337,150.5266666666667,149.7833333333334,0,0,0,0,0,0,0,0,0,0,0,0,0,0,0,0,0,0,0,0,0,0,,,,,,,,,,,,,,,,,,USD,1.0,stock,25.0
2025-10-20,153.23,156.07,153.03,154.78,4230387,154.2135,,,153.9741203224059,155.33392635393906,156.50042237769003,157.42487372297987,49.20508744038155,-0.8528374554115885,-0.8214350001571317,-0.03140245525445684,1,3.6107785714285683,0.5,0.05,3051331.3,2703972.4,1.386406975866567,1.5645082028204134,52.99583574223487,37.60679463869254,1.5500000000000114,1.289999999999992,0.19999999999998863,,0,0.5206613758845499,0.36600335960717834,,,0,,,1.401991614255782,2.4354731965585685,0.5979461848433454,160.3899,0.5233864469604875,160.3899,0,25,20,20,152.5275,154.42245000000003,153.47497500000003,,154.78,,,,,,154.62666666666667,156.22333333333333,157.66666666666666,159.26333333333332,153.18333333333334,151.58666666666667,150.14333333333335,0,0,0,0,0,0,0,0,0,0,0,0,0,0,0,0,0,0,0,0,0,0,,,,,,,,,,,,,,,,,,USD,1.0,stock,25.0
2025-10-21,158.0,166.82,152.8,166.64,7302219,154.731,,,155.18039457741486,155.7773017910395,156.7012060929833,157.51656652175618,64.69613259668506,0.26203205294095255,-0.6047415895375149,0.8667736424784674,1,4.449314285714282,0.5,0.05,3611879.6,2956380.7,2.021722706371497,2.469986020406641,99.01987476177507,62.36031312353702,8.639999999999986,0.18000000000000682,5.199999999999989,,0,6.876863551719352,7.146543446951507,,,0,,,7.6624886936296654,9.25063921851439,6.622304689999359,166.82,7.384699242318445,166.82,0,25,20,20,157.6375,157.6375,157.6375,,166.64,,,,,,162.08666666666667,171.37333333333333,176.10666666666665,185.39333333333332,157.35333333333335,148.0666666666667,143.33333333333337,0,0,0,0,0,0,0,0,0,0,0,0,0,0,0,0,0,0,0,0,0,0,,,,,,,,,,,,,,,,,,USD,1.0,stock,25.0
2025-10-22,167.16,169.18,165.53,167.23,5276083,155.3625,,,156.3279760462325,156.22642721099874,156.9096970614391,157.61321760114168,62.40070609002645,1.1795847212748356,-0.24787632737504484,1.4274610486498804,1,4.454321428571425,0.5,0.05,3931063.9,3133218.7,1.3421514211458125,1.6839178829106312,90.59107358262959,80.86892802887985,0.06999999999999318,1.950000000000017,1.6299999999999955,,0,6.519179545397057,7.096513783412055,,,0,,,0.3540566490638497,8.96592167850394,8.169469598965073,169.18,6.973815071042261,169.18,0,25,20,20,158.8175,158.8175,158.8175,,167.23,,,,,,167.31333333333336,169.09666666666672,170.96333333333337,172.74666666666673,165.44666666666672,163.66333333333336,161.7966666666667,0,0,0,0,0,0,0,0,0,0,0,0,0,0,0,0,0,0,0,0,0,0,,,,,,,,,,,,,,,,,,USD,1.0,stock,25.0
2025-10-23,167.22,171.63,166.71,171.6,4779102,156.291,,,157.78245451801985,156.82931241841055,157.2005941493314,157.75238956530944,66.92830978545265,2.233626444655812,0.2484242270311265,1.9852022176246853,1,4.614328571428566,0.5,0.05,4157719.8,3224700.65,1.1494526398820815,1.4820296575435614,99.87055016181229,96.49383283540566,4.3799999999999955,0.030000000000001137,0.5099999999999909,,0,8.052182681806613,8.92132867132867,,,0,,,2.613167493870727,13.334654250049539,12.134875514604971,171.63,8.757339670110207,171.63,0,25,20,20,160.45,160.04250000000002,160.24625,,171.6,,,,,,169.98000000000002,173.25000000000003,174.9,178.17000000000002,168.33000000000004,165.06000000000003,163.41000000000005,0,0,0,0,0,0,0,0,0,0,0,0,0,0,0,0,0,0,0,0,0,0,,,,,,,,,,,,,,,,,,USD,1.0,stock,25.0
2025-10-24,172.0,172.85,167.75,168.5,3612557,157.0755,,,158.80317313535127,157.28698644121798,157.42434476023573,157.85933096266956,66.28660274682561,2.786694729986749,0.756078327622251,2.030616402364498,1,4.651471428571422,0.5,0.05,4168517.0,3300129.65,0.866628827470297,1.0946712351134447,82.16847714695635,90.87670029713274,3.5,0.8499999999999943,0.75,,0,5.754793391482925,6.780118694362016,,,0,,,-1.806526806526798,10.390461215932923,10.267652640533997,172.85,6.106192132813315,172.85,0,25,20,20,161.06,160.6525,160.85625,,168.5,,,,,,169.70000000000002,171.65000000000003,174.8,176.75000000000003,166.55000000000004,164.60000000000002,161.45000000000005,0,0,0,0,0,0,0,0,0,0,0,0,0,0,0,0,0,0,0,0,0,0,,,,,,,,,,,,,,,,,,USD,1.0,stock,25.0
2025-10-27,169.98,170.63,167.4,168.4,2922636,157.79149999999998,,,159.7171566462702,157.72279089450353,157.64168446795384,157.96421324164797,67.15673405093202,3.1802759252746284,1.2409178471527267,1.9393580781219018,0,4.685357142857137,0.5,0.05,4188285.4,3344087.7,0.6978120449957875,0.8739710983058249,81.75855708136916,87.93252813004592,1.579999999999984,0.6500000000000057,1.0,,0,5.1560827516210175,6.299584323040393,,,0,,,-0.059347181008895245,8.799586509884993,9.293873312564905,172.85,5.4363873838299765,172.85,0,25,20,20,161.73000000000002,160.6525,161.19125000000003,,168.4,,,,,,168.80999999999997,170.21999999999994,172.03999999999996,173.44999999999993,166.98999999999995,165.57999999999998,163.75999999999996,0,0,0,0,0,0,0,0,0,0,0,0,0,0,0,0,0,0,0,0,0,0,,,,,,,,,,,,,,,,,,USD,1.0,stock,25.0
2025-10-28,168.32,168.5,166.35,166.83,2448274,158.374,,,160.39457029900638,158.07993634962102,157.82363131017257,158.05243002531316,63.88817645550143,3.327152634685092,1.6581648046592,1.668987830025892,0,4.602499999999994,0.5,0.05,4172629.7,3357646.15,0.5867460512970992,0.7291637923192115,75.32281205164999,79.74994875999185,1.4899999999999807,0.18000000000000682,0.4800000000000182,,0,3.857477492653382,5.068632739914893,,,0,,,-0.9323040380047498,0.11401824291887852,7.50741074880783,172.85,4.012249098580305,172.85,0,25,20,20,161.73000000000002,160.6525,161.19125000000003,,166.83,,,,,,167.2266666666667,168.10333333333338,169.3766666666667,170.2533333333334,165.95333333333338,165.07666666666668,163.80333333333337,0,0,0,0,0,0,0,0,0,0,0,0,0,0,0,0,0,0,0,0,0,0,,,,,,,,,,,,,,,,,,USD,1.0,stock,25.0
2025-10-29,167.15,168.0,163.61,164.63,3163430,158.8055,,,160.79794455624386,158.33680159081237,157.95841088818895,158.11787848277274,65.4320987654321,3.228812134825091,1.9722942706923785,1.2565178641327126,0,4.542499999999994,0.5,0.05,4250805.8,3400917.3,0.7441953711458661,0.9301696339396434,66.30457060873127,74.4619799139168,2.5200000000000102,0.8499999999999943,1.0199999999999818,,0,2.327677485121869,3.537933547956023,,,0,,,-1.3187076664868513,-1.5547449620283427,5.532051282051276,172.85,2.383149519934167,172.85,0,25,20,20,162.06,160.6525,161.35625,,164.63,,,,,,165.41333333333333,167.21666666666664,169.8033333333333,171.60666666666663,162.82666666666665,161.02333333333334,158.43666666666667,0,0,0,0,0,0,0,0,0,0,0,0,0,0,0,0,0,0,0,0,0,0,,,,,,,,,,,,,,,,,,USD,1.0,stock,25.0
2025-10-30,165.01,169.255,164.6,166.45,2143743,159.18800000000002,,,161.3362355508873,158.65496623430994,158.12656116763074,158.2007851645362,74.748322147651,3.2601543399509865,2.2298662845441,1.0302880554068863,0,4.461071428571423,0.5,0.05,4037242.8,3399727.9,0.5309918442358731,0.6305631106536497,72.8583545377438,71.49524573270837,1.4399999999999977,2.805000000000007,0.4099999999999966,,0,3.0722525978448147,4.362871733253212,,,0,,,1.1055093239385139,-3.0011655011655036,4.817380352644829,172.85,3.169631689776072,172.85,0,25,20,20,162.825,160.6525,161.73874999999998,,166.45,,,,,,166.76833333333335,168.9366666666667,171.42333333333335,173.5916666666667,164.2816666666667,162.11333333333334,159.6266666666667,0,0,0,0,0,0,0,0,0,0,0,0,0,0,0,0,0,0,0,0,0,0,,,,,,,,,,,,,,,,,,USD,1.0,stock,27.0
2025-10-31,165.49,167.34,165.21,166.5,2096607,159.57999999999998,157.2214,,161.82802264127898,158.96261461727818,158.29237183757863,158.28336441663038,73.01255230125523,3.2515460466456148,2.434202236964403,0.8173438096812116,0,4.350357142857137,0.5,0.05,3797503.8,3333975.4,0.5521013566859367,0.6288609688001897,73.07039864291774,70.74444126313095,1.009999999999991,0.8400000000000034,0.28000000000000114,,0,2.8059924076402543,4.1561561561561655,5.57273273273274,,0,,,0.030039050765995334,-1.1869436201780381,4.941384091768564,172.85,2.887001449110766,172.85,0,25,20,20,162.825,160.6525,161.73874999999998,,166.5,,,,,,166.35,167.48999999999998,168.48,169.61999999999998,165.35999999999999,164.22,163.23,0,0,0,0,0,0,0,0,0,0,0,0,0,0,0,0,0,0,0,0,0,0,,,,,,,,,,,,,,,,,,USD,1.0,stock,27.0
2025-11-03,166.01,166.275,161.485,162.19,3141267,159.893,157.2908,,161.86249667544288,159.08917874993395,158.36955259327013,158.32223641248478,63.29113924050632,2.863929337683942,2.520147657108311,0.34378168057563085,0,4.391428571428564,0.5,0.05,3688591.8,3369961.55,0.8516168690718231,0.9321373414483023,52.06834532374098,65.99903283480084,3.819999999999993,0.2650000000000148,0.7049999999999841,,0,0.20192571956169536,1.4162402120969215,3.020654787594801,,0,,,-2.5885885885885918,-3.6876484560570133,4.0146219457448895,172.85,0.2023342845216357,172.85,0,25,20,20,167.16750000000002,160.6525,163.91000000000003,,162.19,,,,,,163.31666666666666,165.1483333333333,168.10666666666665,169.9383333333333,160.35833333333332,158.52666666666667,155.56833333333333,0,0,0,0,0,0,0,0,0,0,0,0,0,0,0,0,0,0,0,0,0,0,,,,,,,,,,,,,,,,,,USD,1.0,stock,25.0
2025-11-04,161.82,162.225,159.35,160.59,3520969,160.156,157.3856,,161.7413065158769,159.14803448523068,158.41352184884894,158.34480122430085,59.62162162162163,2.399968333936954,2.4961117924740397,-0.09614345853708572,0,4.373214285714279,0.5,0.05,3310466.8,3461173.2,1.0635868633390313,1.0172761652031743,44.874100719424455,56.67094822869439,1.2299999999999898,0.40500000000000114,1.240000000000009,,0,-0.716922919158654,0.2702534404383819,1.995391992029387,,0,,,-0.9864973179604108,-3.7403344722172327,3.386338762634389,172.85,-0.7118197204397305,172.85,0,25,20,20,166.1,160.6525,163.37625,160.6525,160.59,,,,,,160.72166666666666,162.09333333333333,163.59666666666666,164.96833333333333,159.21833333333333,157.84666666666666,156.34333333333333,0,0,0,0,0,0,0,0,0,0,0,0,0,0,0,0,0,0,0,0,0,0,,,,,,,,,,,,,,,,,,USD,1.0,stock,25.0
2025-11-05,160.69,164.825,160.14,164.32,2656328,160.572,157.54059999999998,,161.98689637150764,159.35085666228045,158.5304818122381,158.40425593848693,66.69252650633567,2.3066659140903027,2.4582226167972925,-0.15155670270698973,0,4.432142857142852,0.5,0.05,3048491.3,3489777.6,0.8713582354655236,0.7611740071917477,60.47265987025019,52.47170197113854,3.6299999999999955,0.5049999999999955,0.5500000000000114,,0,1.4198537174369237,2.280915287244395,4.125730282375858,,0,,,2.3226850986985514,-0.18830103869282855,5.333333333333323,172.85,1.4403039262765511,172.85,0,25,20,20,166.1,160.6525,163.37625,160.6525,164.32,,,,,,163.095,166.05,167.78,170.735,161.365,158.41,156.68,0,0,0,0,0,0,0,0,0,0,0,0,0,0,0,0,0,0,0,0,0,0,,,,,,,,,,,,,,,,,,USD,1.0,stock,25.0
2025-11-06,164.2,165.49,159.57,163.85,5193127,161.1205,157.687,,162.16433481231644,159.52729365591654,158.63581880605517,158.4584424465617,64.78501714587182,2.1697860590641085,2.400535305250656,-0.23074924618654746,0,4.726428571428569,0.5,0.05,3089893.8,3623806.8,1.6806813878198663,1.4330584621674645,55.11221945137153,53.48632668034873,0.3499999999999943,1.2900000000000205,4.280000000000001,,0,1.0287855890653368,1.6658529142508403,3.7613671040585794,,0,,,-0.2860272638753658,-1.5620306398317796,7.175562532705393,172.85,1.0394796054474533,172.85,0,25,20,20,164.99,160.6525,162.82125000000002,160.6525,163.85,,,,,,162.97,166.37,168.89000000000001,172.29000000000002,160.45,157.04999999999998,154.52999999999997,0,0,0,0,0,0,0,0,0,0,0,0,0,0,0,0,0,0,0,0,0,0,,,,,,,,,,,,,,,,,,USD,1.0,stock,25.0
2025-11-07,163.91,165.28,162.66,164.84,2506370,161.925,157.8326,,162.41916006828632,159.73563508117473,158.7586738792026,158.52194053167054,63.683351468988036,2.1167914597237996,2.3437865361452848,-0.2269950764214852,1,4.6685714285714255,0.5,0.05,2979275.1,3573896.05,0.841268401162417,0.7012990766757192,60.049875311720704,58.544918211114144,0.9300000000000068,0.4399999999999977,1.25,,0,1.4685998129784559,1.768381460810478,4.251031303081771,,0,,,0.6042111687519114,-0.9969969969969905,10.816806722689076,172.85,1.4904891336070736,172.85,0,25,20,20,164.3025,160.6525,162.47750000000002,160.6525,164.84,,,,,,164.26,165.85999999999999,166.88,168.48,163.23999999999998,161.64,160.61999999999998,0,0,0,0,0,0,0,0,0,0,0,0,0,0,0,0,0,0,0,0,0,0,,,,,,,,,,,,,,,,,,USD,1.0,stock,25.0
2025-11-10,165.0,169.17,163.97,167.67,2755069,162.7535,158.0754,,162.91924006178286,160.04678664661887,158.93513578258472,158.61296599901712,51.85719437432384,2.276903480642659,2.3304099250447594,-0.053506444402100506,1,4.038571428571426,0.5,0.05,2962518.4,3575401.9,0.9299753209971624,0.7705620450668776,61.62962962962958,58.93057479757394,2.6699999999999875,1.5,1.0300000000000011,,0,2.833398901542989,2.9322478678356205,5.722311683664332,,0,,,1.716816306721669,3.3787533140144266,10.966247518199857,172.85,2.9160214204384505,172.85,0,25,20,20,164.3025,160.6525,162.47750000000002,160.6525,167.67,,,,,,166.93666666666664,169.90333333333328,172.13666666666663,175.10333333333327,164.7033333333333,161.73666666666665,159.5033333333333,0,0,0,0,0,0,0,0,0,0,0,0,0,0,0,0,0,0,0,0,0,0,,,,,,,,,,,,,,,,,,USD,1.0,stock,25.0
2025-11-11,167.67,170.18,166.0,168.67,2365839,163.5605,158.3634,,163.4669314844702,160.38495187616323,159.1279053710484,158.71303598907664,52.55863539445629,2.4561718334350076,2.3555623067228093,0.10060952671219825,1,4.076428571428569,0.5,0.05,2954274.9,3563452.3,0.8008188405215777,0.6639176845442831,69.03703703703698,63.572180659462425,1.0,1.5100000000000193,1.6699999999999875,,0,3.0847622668700976,3.029287958735992,6.1105116499673775,,0,,,0.5964096141229724,5.031446540880502,10.581524945912268,172.85,3.1829486663020274,172.85,0,25,20,20,164.765,160.6525,162.70875,160.6525,168.67,,,,,,168.28333333333333,170.56666666666666,172.46333333333334,174.74666666666667,166.38666666666666,164.10333333333332,162.20666666666665,0,0,0,0,0,0,0,0,0,0,0,0,0,0,0,0,0,0,0,0,0,0,,,,,,,,,,,,,,,,,,USD,1.0,stock,25.0
2025-11-12,168.66,171.78,168.66,171.08,2694423,164.441,158.745,,164.19198562880635,160.80436552807842,159.36458051221575,158.83609035734455,49.006875477463744,2.7608843966376924,2.436626724705786,0.32425767193190635,1,3.9478571428571416,0.5,0.05,2907374.2,3579090.0,0.9267548016350974,0.7528234830641308,86.88888888888903,72.51851851851853,2.420000000000016,0.6999999999999886,0.0,,0,4.026194979654934,3.8806406359597903,7.210077156885672,,0,,,1.4288255172822728,4.113924050632933,11.474555287678378,172.85,4.195097796530459,172.85,0,25,20,20,165.565,160.6525,163.10875,160.6525,171.08,,,,,,170.50666666666666,172.35333333333332,173.62666666666667,175.47333333333333,169.23333333333332,167.38666666666666,166.11333333333332,0,0,0,0,0,0,0,0,0,0,0,0,0,0,0,0,0,0,0,0,0,0,,,,,,,,,,,,,,,,,,USD,1.0,stock,25.0
2025-11-13,170.42,172.56,169.25,170.62,3879287,165.4015,159.047,,164.80417747368193,161.18929237011457,159.58746010603326,158.9533431896098,54.502973661852174,2.9314610840855266,2.535593596581734,0.3958674875037924,1,3.8199999999999994,0.5,0.05,3080928.6,3559085.7,1.2591291469721173,1.0899672913186664,85.31415594246785,80.41336062279795,0.20000000000001705,1.9399999999999977,1.1699999999999875,,0,3.408640561668077,3.058551166334548,6.782909389286138,,0,,,-0.2688800561141069,4.131827891364059,12.687405059111034,172.85,3.5289290693173228,172.85,0,25,20,20,165.95499999999998,160.6525,163.30374999999998,160.6525,170.62,,,,,,170.81000000000003,172.37000000000006,174.12000000000003,175.68000000000006,169.06000000000006,167.50000000000003,165.75000000000006,0,0,0,0,0,0,0,0,0,0,0,0,0,0,0,0,0,0,0,0,0,0,,,,,,,,,,,,,,,,,,USD,1.0,stock,25.0
2025-11-14,168.91,169.34,166.99,167.58,2748828,166.14849999999998,159.2926,,165.06854152380748,161.43990835560027,159.74572822274547,159.03918057080773,48.45166163141996,2.789189701498117,2.5863128175650107,0.2028768839331061,0,3.8485714285714283,0.5,0.05,3146150.7,3471827.25,0.8737114849584287,0.7917525274335007,62.30128690386081,78.1681105784059,1.329999999999984,0.4300000000000068,0.5900000000000034,,0,1.4986624156776045,0.8542188805346869,4.945339539324513,,0,,,-1.7817371937639104,1.662217908274699,9.787735849056611,172.85,1.5214640251912008,172.85,0,25,20,20,165.95499999999998,160.6525,163.30374999999998,160.6525,167.58,,,,,,167.97000000000003,168.95000000000005,170.32000000000002,171.30000000000004,166.60000000000005,165.62000000000003,164.25000000000006,0,0,0,0,0,0,0,0,0,0,0,0,0,0,0,0,0,0,0,0,0,0,,,,,,,,,,,,,,,,,,USD,1.0,stock,25.0
2025-11-17,166.91,167.8195,164.9704,165.39,2908373,166.679,159.5204,,165.0991566167782,161.59481391028262,159.8574959807109,159.10237280393403,47.34317343173427,2.4712370262344905,2.5632976592989065,-0.09206063306441603,0,3.8985071428571416,0.5,0.05,3122861.3,3405726.55,0.9313167382746074,0.8539655070076017,45.72293716881142,64.44612667171336,1.5200000000000102,0.9095000000000084,0.4195999999999742,,0,0.1758530644064235,-0.779369974000856,3.5489449180724297,,0,,,-1.3068385248836578,-1.3598139202003923,6.85489081276649,172.85,0.17616285218032837,172.85,0,25,20,20,166.065,161.06,163.5625,160.6525,165.39,,,,,,166.05996666666667,167.14953333333332,168.90906666666666,169.99863333333332,164.30043333333333,163.21086666666667,161.45133333333334,0,0,0,0,0,0,0,0,0,0,0,0,0,0,0,0,0,0,0,0,0,0,,,,,,,,,,,,,,,,,,USD,1.0,stock,25.0
2025-11-18,163.99,166.59,163.31,165.79,2325703,166.6365,159.7746,,165.16495122470408,161.75933101184017,159.9749713078255,159.16891635812374,52.292490118577064,2.225875391469714,2.495813205733068,-0.26993781426335417,0,3.8192214285714283,0.5,0.05,3003334.7,3156900.75,0.7743735654903864,0.7367045036179867,48.75094625283871,52.25839010850365,1.799999999999983,0.8000000000000114,0.6800000000000068,,0,0.377012350139278,-0.510585680680391,3.628324989444478,,0,,,0.2418525908458813,-1.7074761368352398,-0.5100816130580887,172.85,0.3784391123305214,172.85,0,25,20,20,166.065,161.06,163.5625,160.6525,165.79,,,,,,165.23,167.14999999999998,168.51,170.42999999999998,163.86999999999998,161.95,160.58999999999997,0,0,0,0,0,0,0,0,0,0,0,0,0,0,0,0,0,0,0,0,0,0,,,,,,,,,,,,,,,,,,USD,1.0,stock,25.0
2025-11-19,165.59,167.31,164.555,166.58,2219374,166.60399999999998,160.0348,,165.29971777473227,161.9483768545131,160.1057639551953,159.24265848391354,50.26782035434697,2.071294334130158,2.4109094314124864,-0.3396150972823282,0,3.683507142857142,0.5,0.05,2959639.3,3004065.3,0.7498798924585168,0.7387901987350275,54.73126419379268,49.73504920514761,0.9900000000000091,0.7299999999999898,1.0349999999999966,,0,0.7685689910359828,-0.01440749189576929,3.929163164845733,,0,,,0.4765064237891359,-2.6303483750292234,-0.38868624050707457,172.85,0.774521724841955,172.85,0,25,20,20,167.61,161.73000000000002,164.67000000000002,160.6525,166.58,,,,,,166.14833333333334,167.74166666666667,168.90333333333334,170.49666666666667,164.98666666666668,163.39333333333335,162.23166666666668,0,0,0,0,0,0,0,0,0,0,0,0,0,0,0,0,0,0,0,0,0,0,,,,,,,,,,,,,,,,,,USD,1.0,stock,25.0
2025-11-20,168.73,169.75,163.955,164.61,3303613,166.25449999999998,160.1376,,165.2340303676149,162.0527542327675,160.19495674816173,159.29606486715818,46.39175257731963,1.7694283281333014,2.2826132107566495,-0.513184882623348,0,3.945292857142856,0.5,0.05,2770687.9,2930290.85,1.1923439662763893,1.127401056451444,39.818319454958484,47.766843300529956,4.119999999999976,1.0200000000000102,0.6550000000000011,,0,-0.3790962685225032,-0.9990280055889466,2.7169673774375926,,0,,,-1.1826149597790825,-3.5224475442503733,-4.0734265734265644,172.85,-0.3776645562821057,172.85,0,25,20,20,167.935,161.73000000000002,164.8325,160.6525,164.61,,,,,,166.10500000000002,168.25500000000002,171.9,174.05,162.46000000000004,160.31000000000003,156.66500000000005,0,0,0,0,0,0,0,0,0,0,0,0,0,0,0,0,0,0,0,0,0,0,,,,,,,,,,,,,,,,,,USD,1.0,stock,25.0
2025-11-21,165.36,169.3799,165.17,168.09,3183547,166.23399999999998,160.34199999999998,,165.5060274754611,162.2895089687374,160.35129423829713,159.383566709276,61.63249211356466,1.7903660347951984,2.1841637755643593,-0.39379774076916085,1,3.9277857142857124,0.5,0.05,2838405.6,2908840.35,1.1215969275145172,1.0944385448998601,66.16199848599548,53.57052737824889,2.7299999999999898,1.2898999999999887,0.19000000000002615,,0,1.5372553540001745,1.104170384912858,4.609435421500398,,0,,,2.114087843994894,0.30433225921946416,-0.24332344213650048,172.56,1.5612558430368997,172.56,0,25,20,20,167.935,162.06,164.9975,160.6525,168.09,,,,,,167.54663333333335,169.9232666666667,171.75653333333335,174.1331666666667,165.7133666666667,163.33673333333334,161.5034666666667,0,0,0,0,0,0,0,0,0,0,0,0,0,0,0,0,0,0,0,0,0,0,,,,,,,,,,,,,,,,,,USD,1.0,stock,25.0
2025-11-24,168.24,170.76,166.64,169.56,7138057,166.292,160.6,,165.89212009684576,162.57462626408105,160.53364484743977,159.4848247519698,67.77645659928653,1.903632146455692,2.128057449742626,-0.22442530328693389,1,4.016714285714285,0.5,0.05,3276704.4,3119611.4,2.178425676725676,2.288123770800427,76.90531177829101,60.96187657308167,1.3199999999999932,1.1999999999999886,1.6000000000000227,,0,2.1631752200720946,1.9273413540929467,5.284265156876627,,0,,,0.8745315009816235,2.521313259568303,0.6888361045130686,172.56,2.2110030910527763,172.56,0,25,20,20,167.935,162.825,165.38,160.6525,169.56,,,,,,168.98666666666665,171.33333333333331,173.10666666666665,175.45333333333332,167.2133333333333,164.86666666666665,163.0933333333333,0,0,0,0,0,0,0,0,0,0,0,0,0,0,0,0,0,0,0,0,0,0,,,,,,,,,,,,,,,,,,USD,1.0,stock,25.0
2025-11-25,170.29,172.16,170.22,171.54,2605826,166.52749999999997,160.9008,,166.43001342095567,162.92620954784257,160.75159247422314,159.6047767444875,65.37478705281087,2.1286283063440408,2.128171621062909,0.0004566852811316302,1,3.8677857142857124,0.5,0.05,3300703.1,3127489.0,0.7894760361815032,0.8332006923125869,92.14780600461887,78.40503875630179,1.25,0.6200000000000045,0.06999999999999318,,0,2.9788892264453293,2.9220589949866023,6.202168590416223,,0,,,1.1677282377919207,3.468242957958867,2.8232332314331865,172.56,3.070351599455501,172.56,0,25,20,20,167.935,162.825,165.38,160.6525,171.54,,,,,,171.30666666666664,172.3933333333333,173.24666666666664,174.3333333333333,170.4533333333333,169.36666666666665,168.5133333333333,0,0,0,0,0,0,0,0,0,0,0,0,0,0,0,0,0,0,0,0,0,0,,,,,,,,,,,,,,,,,,USD,1.0,stock,25.0
2025-11-26,171.11,172.365,170.675,170.8,2032000,166.836,161.2136,,166.84620261895992,163.2349856440056,160.9505708410702,159.71617200076128,64.63157894736844,2.2216181375233077,2.146860924354989,0.07475721316831851,1,3.565642857142854,0.5,0.05,3234460.8,3070917.5,0.628234542214888,0.6616914977364257,82.22222222222233,83.7584466683774,0.3100000000000023,1.2549999999999955,0.125,,0,2.3148696610304973,2.320843091334894,5.612646370023418,,0,,,-0.4313862655940248,2.53331732500901,3.7477980926927223,172.56,2.369725722838113,172.56,0,25,20,20,167.8375,166.1,166.96875,160.6525,170.8,,,,,,171.28,171.885,172.97,173.575,170.195,169.59,168.505,0,0,0,0,0,0,0,0,0,0,0,0,0,0,0,0,0,0,0,0,0,0,,,,,,,,,,,,,,,,,,USD,1.0,stock,25.0
2025-11-28,170.655,172.24,170.01,172.05,1596274,167.11599999999999,161.5466,,167.34180236953517,163.58067248149558,161.17036151748465,159.83889665747014,65.01457725947522,2.3688709324640627,2.191262925976804,0.1776080064872585,1,3.537785714285712,0.5,0.05,3006159.5,3043544.05,0.5310010995757212,0.5244786912152627,94.48648648648658,89.61883823777593,1.3950000000000102,0.18999999999999773,0.6450000000000102,,0,2.7365287012291994,2.86777099680327,6.1048532403371105,,0,,,0.7318501170960223,4.519774011299438,3.364373685791544,172.56,2.8135215252838535,172.56,0,25,20,20,167.8375,166.1,166.96875,160.6525,172.05,,,,,,171.4333333333333,172.85666666666663,173.66333333333333,175.08666666666664,170.6266666666666,169.2033333333333,168.3966666666666,0,0,0,0,0,0,0,0,0,0,0,0,0,0,0,0,0,0,0,0,0,0,,,,,,,,,,,,,,,,,,USD,1.0,stock,25.0
2025-12-01,170.68,171.98,169.6101,170.48,2244666,167.315,161.8242,,167.64067833434135,163.85123434496634,161.35471079436616,159.94477828276897,56.17582417582417,2.3320020859650867,2.219410757974461,0.11259132799062588,0,3.3406357142857144,0.5,0.05,2955743.3,3050947.0,0.7594252180153804,0.7357276281757762,77.51351351351337,84.74074074074076,0.20000000000001705,1.299999999999983,0.8699000000000012,,0,1.6654866645111712,1.8565227592679447,5.077311121539183,,0,,,-0.912525428654476,1.4218573383306454,2.3903903903903734,172.56,1.6936949276690008,172.56,0,25,20,20,167.8375,166.1,166.96875,160.6525,170.48,,,,,,170.69003333333333,171.76996666666668,173.05993333333333,174.13986666666668,169.40006666666667,168.32013333333333,167.03016666666667,0,0,0,0,0,0,0,0,0,0,0,0,0,0,0,0,0,0,0,0,0,0,,,,,,,,,,,,,,,,,,USD,1.0,stock,25.0
2025-12-02,170.88,171.925,169.65,171.56,1928773,167.78349999999998,162.1782,,168.01394706440408,164.15353888045786,161.55679572913118,160.06035262821405,56.32939115199301,2.362694561375122,2.2480675186545933,0.11462704272052848,1,3.204564285714286,0.5,0.05,2857783.3,2990322.3,0.6749192634724963,0.6450050551407118,89.1891891891892,87.06306306306305,0.6800000000000068,0.3650000000000091,1.2299999999999898,,0,2.0669462203287035,2.2012706924691225,5.468524131499183,,0,,,0.6335053965274673,1.1795234725171078,5.777174918305694,172.56,2.1105705791416414,172.56,0,25,20,20,168.16000000000003,165.95499999999998,167.0575,160.6525,171.56,,,,,,171.045,172.43999999999997,173.32,174.71499999999997,170.16499999999996,168.76999999999998,167.88999999999996,0,0,0,0,0,0,0,0,0,0,0,0,0,0,0,0,0,0,0,0,0,0,,,,,,,,,,,,,,,,,,USD,1.0,stock,25.0
2025-12-03,172.05,174.69,171.16,173.09,2883544,168.4085,162.5142,,168.49738067731798,164.50398833612618,161.78517601172265,160.19000086076915,54.5785876993166,2.48186736049837,2.294827487023349,0.18703987347502116,1,3.23385,0.5,0.05,2913567.4,2958451.05,0.989695313037893,0.9746803145517653,85.94024604569424,84.2143162494656,1.039999999999992,1.5999999999999943,0.8900000000000148,,0,2.653312913907231,2.7046623144029116,6.1100005777341355,,0,,,0.8918162741897939,0.9035793400956171,7.783797247649282,174.69,2.725632472279882,174.69,0,25,20,20,169.3225,167.01999999999998,168.17125,161.5725,173.09,,,,,,172.98000000000002,174.80000000000004,176.51000000000002,178.33000000000004,171.27000000000004,169.45000000000002,167.74000000000004,0,0,0,0,0,0,0,0,0,0,0,0,0,0,0,0,0,0,0,0,0,0,,,,,,,,,,,,,,,,,,USD,1.0,stock,25.0
2025-12-04,171.9,172.01,168.7403,169.27,2860792,168.656,162.8076,,168.57096346995436,164.6908907543173,161.9333903481242,160.28034911091075,47.333069932832885,2.242223629207473,2.2843067154601737,-0.04208308625270085,0,3.3081142857142862,0.5,0.05,2977709.2,2968674.25,0.9607358569466756,0.9636597885402887,52.37258347978919,75.8340062382242,2.6299999999999955,0.10999999999998522,0.5297000000000196,,0,0.41297130622416617,0.36273409346015495,3.8178058722750645,,0,,,-2.206944364203589,-0.8957845433255285,3.0124148003894957,174.69,0.4146838314596455,174.69,0,25,20,20,169.93,167.01999999999998,168.475,161.5725,169.27,,,,,,170.00676666666666,171.27323333333334,173.27646666666666,174.54293333333334,168.00353333333334,166.73706666666666,164.73383333333334,0,0,0,0,0,0,0,0,0,0,0,0,0,0,0,0,0,0,0,0,0,0,,,,,,,,,,,,,,,,,,USD,1.0,stock,25.0
2025-12-05,169.2,169.34,165.655,167.48,3021437,168.8375,163.09660000000002,,168.46706218710156,164.80026758748133,162.04322420261676,160.35198742821512,49.79218620116371,1.8861241402564133,2.2046702004194216,-0.31854606016300835,0,3.3120428571428584,0.5,0.05,2949491.6,2860089.75,1.0243924749607696,1.0564133520635148,36.6432337434094,58.318687756297614,1.7199999999999989,0.14000000000001478,1.8249999999999886,,0,-0.5893612294611724,-0.8105445426319656,2.6172677334606917,,0,,,-1.057482129142806,-2.6562045916884713,2.2154409520903195,174.69,-0.5859081141958351,174.69,0,25,20,20,170.1725,167.01999999999998,168.59625,161.5725,167.48,,,,,,167.49166666666667,169.32833333333335,171.17666666666668,173.01333333333335,165.64333333333335,163.80666666666667,161.95833333333334,0,0,0,0,0,0,0,0,0,0,0,0,0,0,0,0,0,0,0,0,0,0,,,,,,,,,,,,,,,,,,USD,1.0,stock,25.0
2025-12-08,165.77,165.82,162.29,163.96,3254025,168.7935,163.3196,,168.03781816928236,164.76731591738402,162.08118015900058,160.38788805081995,47.18393068137066,1.3048368011607465,2.024703520567687,-0.7198667194069404,0,3.4792500000000013,0.5,0.05,2956539.4,2897472.5,1.1006195283580527,1.1230563879381081,13.467741935483993,34.161186386227534,1.8100000000000023,0.04999999999998295,1.670000000000016,,0,-2.4870810986108514,-2.947975115881914,0.3905830690412293,,0,,,-2.1017434917601996,-3.824495541999051,-0.5338510070371227,174.69,-2.4267264439093896,174.69,0,25,20,20,168.49,167.01999999999998,167.755,161.5725,163.96,,,,,,164.02333333333334,165.7566666666667,167.55333333333334,169.2866666666667,162.2266666666667,160.49333333333334,158.6966666666667,0,0,0,0,0,0,0,0,0,0,0,0,0,0,0,0,0,0,0,0,0,0,,,,,,,,,,,,,,,,,,USD,1.0,stock,25.0
2025-12-09,163.4,165.74,163.4,165.09,2335040,168.6645,163.53979999999999,,167.75707358173167,164.77997019513367,162.14076074991144,160.4346752343939,48.660030627871386,0.924684762824711,1.8046997690190918,-0.8800150061943808,0,3.4121071428571446,0.5,0.05,2476237.7,2876471.05,0.9429789393804964,0.8117724668218024,22.580645161290406,24.230540280061273,1.6899999999999977,0.6500000000000057,0.0,,0,-1.6155270347880981,-2.165182627657641,0.939002968078029,,0,,,0.6891924859721898,-3.7712753555607326,-1.5387368044372796,174.69,-1.589842696220059,174.69,0,25,20,20,168.49,167.01999999999998,167.755,161.5725,165.09,,,,,,164.74333333333334,166.08666666666667,167.08333333333334,168.42666666666668,163.74666666666667,162.40333333333334,161.40666666666667,0,0,0,0,0,0,0,0,0,0,0,0,0,0,0,0,0,0,0,0,0,0,,,,,,,,,,,,,,,,,,USD,1.0,stock,25.0
2025-12-10,164.58,166.7263,163.41,165.66,3382148,168.514,163.7494,,167.5573522882334,164.81448116787354,162.21044865585378,160.48666851564371,48.22393822393819,0.6617772141246974,1.576115258040213,-0.9143380439155155,0,3.4522000000000026,0.5,0.05,2553869.9,2927286.5,1.3243227464327765,1.1553867378543234,27.177419354838733,21.075268817204382,1.079999999999984,1.0663000000000125,1.170000000000016,,0,-1.1453291610729244,-1.7228057467101372,1.1533260895810626,,0,,,0.3452662184262989,-4.292564561788669,-1.7845497124562737,174.69,-1.1323599127835149,174.69,0,25,20,20,168.49,167.01999999999998,167.755,161.5725,165.66,,,,,,165.26543333333333,167.12086666666667,168.58173333333335,170.43716666666668,163.80456666666666,161.94913333333332,160.48826666666665,0,0,0,0,0,0,0,0,0,0,0,0,0,0,0,0,0,0,0,0,0,0,,,,,,,,,,,,,,,,,,USD,1.0,stock,25.0
2025-12-11,166.56,170.0,166.22,168.6,2525384,168.39,164.0014,,167.6566520703064,164.96293288678046,162.3369744250448,160.56739818215473,57.424637141793795,0.6827838102813928,1.397448968488449,-0.7146651582070562,1,3.3482714285714326,0.5,0.05,2603208.3,2918834.55,0.9701044668611422,0.8652028598195126,50.887096774193544,33.548387096774235,2.039999999999992,1.4000000000000057,0.3400000000000034,,0,0.5595183450139984,0.12455516014235347,2.72752075919336,,0,,,1.7747193045997811,-0.3958173332545778,-1.4496142155716707,174.69,0.5626665676814367,174.69,0,25,20,20,168.49,167.13,167.81,161.5725,168.6,,,,,,168.27333333333334,170.32666666666668,172.05333333333334,174.10666666666668,166.54666666666668,164.49333333333334,162.76666666666668,0,0,0,0,0,0,0,0,0,0,0,0,0,0,0,0,0,0,0,0,0,0,,,,,,,,,,,,,,,,,,USD,1.0,stock,25.0
2025-12-12,168.47,169.84,167.8,168.9,2423570,168.304,164.2034,,167.77506615884866,165.11732767553417,162.46693532751914,160.65030964302883,51.70958210215281,0.7153925815120203,1.2610376910931633,-0.545645109581143,1,3.1532785714285763,0.5,0.05,2685937.9,2846048.7,0.9023179575372908,0.8515560538370267,53.30645161290331,43.7903225806452,0.4300000000000068,0.9399999999999977,0.6699999999999875,,0,0.6660354299297492,0.3528715216104225,2.780698638247494,,0,,,0.1779359430605032,0.8478624313351002,-1.00808814910327,174.69,0.6705012055165958,174.69,0,25,20,20,168.49,167.13,167.81,161.5725,168.9,,,,,,168.84666666666666,169.89333333333332,170.88666666666666,171.9333333333333,167.85333333333332,166.80666666666667,165.81333333333333,0,0,0,0,0,0,0,0,0,0,0,0,0,0,0,0,0,0,0,0,0,0,,,,,,,,,,,,,,,,,,USD,1.0,stock,25.0
2025-12-15,169.56,170.36,165.19,165.7,2576436,168.20999999999998,164.34419999999997,,167.5774408103869,165.14017757061126,162.53095641014252,160.7005553182226,42.40755310778913,0.477517486817959,1.1043336502381225,-0.6268161634201634,0,3.2282785714285773,0.5,0.05,2719114.9,2837429.1,0.947527447258665,0.9080177545229235,27.49999999999996,43.897849462365606,3.8600000000000136,0.8000000000000114,0.5099999999999909,,0,-1.1330360955865424,-1.5147857573928734,0.8182257091128644,,0,,,-1.8946121965660256,1.0612344474261848,-1.1218522496718175,174.69,-1.1203422139088617,174.69,0,25,20,20,168.49,168.49,168.49,161.5725,165.7,,,,,,167.08333333333334,168.9766666666667,172.25333333333336,174.1466666666667,163.80666666666667,161.91333333333333,158.63666666666666,0,0,0,0,0,0,0,0,0,0,0,0,0,0,0,0,0,0,0,0,0,0,,,,,,,,,,,,,,,,,,USD,1.0,stock,25.0
2025-12-16,166.0,167.0,162.84,163.2,2786531,168.1005,164.4896,,167.16054168558813,165.06409217568535,162.5442047980605,160.7254254145587,33.92444101773323,0.08627611648140032,0.900722143486778,-0.8144460270053777,0,3.3397071428571485,0.5,0.05,2804890.7,2831337.0,0.9934543973496007,0.9841749675153469,7.338709677419324,29.38172043010754,2.8000000000000114,1.0,0.3599999999999852,,0,-2.426802503424106,-3.0027573529411904,-0.790196078431377,,0,,,-1.5087507543753764,-1.1448300926767296,-1.3241429348811895,174.69,-2.369304170500664,174.69,0,25,20,20,167.14999999999998,168.49,167.82,161.5725,163.2,,,,,,164.34666666666666,165.85333333333332,168.50666666666666,170.01333333333332,161.69333333333333,160.18666666666667,157.53333333333333,0,0,0,0,0,0,0,0,0,0,0,0,0,0,0,0,0,0,0,0,0,0,,,,,,,,,,,,,,,,,,USD,1.0,stock,25.0
2025-12-17,162.19,164.23,161.0114,162.17,2638563,167.91950000000003,164.6264,,166.6852520012464,164.95059836487417,162.5367948020593,160.73979929103078,33.54937094929467,-0.30340046844304425,0.6598976211008136,-0.9632980895438579,0,3.448892857142862,0.5,0.05,2780392.6,2846980.0,0.9489893621497913,0.926793655030945,8.47016507537306,14.43629158426412,0.020000000000010232,2.039999999999992,1.1585999999999785,,0,-2.7842708276786152,-3.5453536412406983,-1.5147067891718582,,0,,,-0.6311274509803955,-2.1067246166847853,-2.183485131793239,174.69,-2.7088491315432313,174.69,0,25,20,20,165.6857,167.85070000000002,166.7682,161.5725,162.17,,,,,,162.47046666666665,163.9295333333333,165.68906666666663,167.14813333333328,160.71093333333332,159.25186666666667,157.49233333333333,0,0,0,0,0,0,0,0,0,0,0,0,0,0,0,0,0,0,0,0,0,0,,,,,,,,,,,,,,,,,,USD,1.0,stock,25.0
2025-12-18,163.37,164.23,161.43,161.76,2605982,167.6785,164.7416,,166.21618038208007,164.8254768603693,162.521412726771,160.7499505418663,29.73611658133123,-0.6379516336295126,0.4003277701547484,-1.0382794037842609,0,3.489607142857145,0.5,0.05,2754911.6,2866310.4,0.9459403343468443,0.9091764799792793,5.47278230228227,7.0938856850248895,1.6100000000000136,0.8599999999999852,0.3299999999999841,,0,-2.7548098306627584,-3.658815529179045,-1.8432245301681593,,0,,,-0.2528211136461733,-4.056939501779366,-2.8935046224036642,174.69,-2.680954628987794,174.69,0,25,20,20,165.6857,167.85070000000002,166.7682,161.5725,161.76,,,,,,162.47333333333333,163.51666666666665,165.2733333333333,166.31666666666663,160.71666666666667,159.67333333333335,157.91666666666669,0,0,0,0,0,0,0,0,0,0,0,0,0,0,0,0,0,0,0,0,0,0,,,,,,,,,,,,,,,,,,USD,1.0,stock,27.0
2025-12-19,161.68,163.935,161.68,161.96,3716111,167.546,164.9232,,165.81082986950102,164.71310521878618,162.51029564307254,160.76199083498207,32.26477935054129,-0.8768398498453678,0.14489424615472518,-1.021734096000093,1,3.4764000000000004,0.5,0.05,2824379.0,2886935.3,1.3157267491367128,1.2872165856990283,6.934920240375475,6.959289206010273,0.28000000000000114,1.9749999999999943,0.0,,0,-2.37764254723451,-3.448999753025429,-1.8295875524820946,,0,,,0.12363996043522896,-4.108940201302547,-1.6098657432719765,174.69,-2.322423615231738,174.69,0,25,20,20,165.6857,167.85070000000002,166.7682,161.5725,161.96,,,,,,162.525,163.37,164.78,165.625,161.115,160.27,158.86,0,0,0,0,0,0,0,0,0,0,0,0,0,0,0,0,0,0,0,0,0,0,,,,,,,,,,,,,,,,,,USD,1.0,stock,25.0
2025-12-22,162.18,162.6399,159.07,160.0,2334602,167.1415,165.1482,,165.2574175009771,164.52827756314753,162.46058681845724,160.75440883662404,26.78714859437754,-1.2103637816401829,-0.12615735940425643,-1.0842064222359264,0,3.5688928571428584,0.5,0.05,2732436.7,2844488.05,0.8544029583558147,0.8207459335257183,5.95390524967994,6.1205359307792335,2.180000000000007,0.45990000000000464,0.9300000000000068,,0,-3.2858859381106957,-4.463437500000005,-3.2176250000000017,,0,,,-1.2101753519387581,-3.4399517199758534,-4.812897852341013,174.69,-3.1813503929080986,174.69,0,25,20,20,164.715,166.88,165.7975,161.5725,160.0,,,,,,160.56996666666666,162.06993333333332,164.13986666666668,165.63983333333334,158.5000333333333,157.00006666666664,154.9301333333333,0,0,0,0,0,0,0,0,0,0,0,0,0,0,0,0,0,0,0,0,0,0,,,,,,,,,,,,,,,,,,USD,1.0,stock,27.0
2025-12-23,159.98,160.49,158.45,160.15,1828970,166.671,165.3292,,164.77099678659835,164.3565804038084,162.41483262403233,160.74839481834917,22.4914965986395,-1.4459125739963383,-0.3901084023226728,-1.0558041716736655,1,3.462464285714288,0.5,0.05,2681829.7,2579033.7,0.6819858844877436,0.7091687091952307,12.536873156342306,8.475232882132579,0.17000000000001592,0.3400000000000034,1.5300000000000011,,0,-2.8854179123311523,-4.0718076802997105,-3.233968154854811,,0,,,0.09375000000000355,-1.8688725490195957,-5.549657938192965,174.69,-2.8044964688677476,174.69,0,25,20,20,164.405,166.57,165.4875,161.5725,160.15,,,,,,159.6966666666667,160.94333333333338,161.7366666666667,162.9833333333334,158.90333333333336,157.65666666666667,156.86333333333334,0,0,0,0,0,0,0,0,0,0,0,0,0,0,0,0,0,0,0,0,0,0,,,,,,,,,,,,,,,,,,USD,1.0,stock,27.0
2025-12-24,160.11,160.68,159.07,160.34,854422,166.11100000000002,165.4854,,164.3489970926366,164.1990674467963,162.37374682949704,160.74433118831584,27.551533433886405,-1.5988250173067797,-0.6318517253194942,-0.9669732919872855,1,3.266771428571431,0.5,0.05,2429057.1,2491463.5,0.351750479640845,0.3429398022487586,15.869017632241905,11.453265346088054,0.22999999999998977,0.3400000000000034,1.0400000000000205,,0,-2.5003100240966725,-3.599226643382821,-3.2090557565173974,,0,,,0.11863877614735063,-1.1284454584694958,-6.529089425206946,174.69,-2.439319474749762,174.69,0,25,20,20,164.405,166.57,165.4875,161.98000000000002,160.34,,,,,,160.03,160.99,161.64000000000001,162.60000000000002,159.38,158.42,157.76999999999998,0,0,0,0,0,0,0,0,0,0,0,0,0,0,0,0,0,0,0,0,0,0,,,,,,,,,,,,,,,,,,USD,1.0,stock,27.0
2025-12-26,160.32,162.175,160.0,162.08,1245725,165.675,165.65759999999997,,164.13290213143313,164.1159667626082,162.3679300605961,160.75762142524803,36.39112903225814,-1.5616045667117646,-0.8178022935979483,-0.7438022731138163,1,3.158914285714289,0.5,0.05,2301091.2,2452149.75,0.54136272391116,0.5080134278096189,30.478589420655048,19.628160069746425,1.7600000000000193,0.09499999999999886,0.3199999999999932,,0,-1.266598057399503,-2.218040473840078,-2.207305034550815,,0,,,1.0851939628290008,0.1978239366963619,-5.1053864168618235,174.69,-1.2507560061231398,174.69,0,25,20,20,164.405,166.57,165.4875,161.98000000000002,162.08,,,,,,161.41833333333332,162.83666666666664,163.59333333333333,165.01166666666666,160.66166666666663,159.2433333333333,158.48666666666662,0,0,0,0,0,0,0,0,0,0,0,0,0,0,0,0,0,0,0,0,0,0,,,,,,,,,,,,,,,,,,USD,1.0,stock,25.0
2025-12-29,161.87,162.7,160.82,161.72,2185159,165.1585,165.8638,,163.9031019284395,164.0220072817216,162.35509976236648,160.76719733146447,43.28537170263789,-1.5433651303001454,-0.9629148609383879,-0.5804502693617576,1,2.9224857142857172,0.5,0.05,2277250.1,2481594.0,0.9595603925980726,0.8805465358152864,27.455919395466022,24.601175482787664,0.15000000000000568,0.8299999999999841,0.9000000000000057,,0,-1.3499269901307807,-2.1262057877813536,-2.5623299530051935,,0,,,-0.22211253701875933,-0.14818473697210122,-6.004068584713751,174.69,-1.3319466823712989,174.69,0,25,20,20,162.725,166.57,164.64749999999998,162.65,161.72,,,,,,161.74666666666667,162.67333333333335,163.62666666666667,164.55333333333334,160.79333333333335,159.86666666666667,158.91333333333336,0,0,0,0,0,0,0,0,0,0,0,0,0,0,0,0,0,0,0,0,0,0,,,,,,,,,,,,,,,,,,USD,1.0,stock,25.0
2025-12-30,161.48,161.68,160.64,161.17,1293576,164.693,166.03439999999998,,163.64280650668337,163.910163858909,162.33163244033943,160.7712053182161,37.826086956521756,-1.5553614108289082,-1.081404170916492,-0.4739572399124161,1,2.832485714285718,0.5,0.05,2148964.1,2434039.5,0.6019532853061621,0.5314523449598908,22.837951301427314,26.924153372516134,0.3100000000000023,0.20000000000001705,0.5300000000000011,,0,-1.5342846104631034,-2.18589067444315,-3.0181795619532106,,0,,,-0.34009398961167836,0.7312499999999833,-5.461051149694985,174.69,-1.5111000351747153,174.69,0,25,20,20,161.33999999999997,166.57,163.95499999999998,162.65,161.17,,,,,,161.16333333333333,161.68666666666667,162.20333333333335,162.7266666666667,160.64666666666665,160.1233333333333,159.60666666666663,0,0,0,0,0,0,0,0,0,0,0,0,0,0,0,0,0,0,0,0,0,0,,,,,,,,,,,,,,,,,,USD,1.0,stock,25.0
2025-12-31,161.17,161.3399,160.04,160.1,1201817,164.12,166.1408,,163.30539636318971,163.76074566836354,162.28744169894657,160.76452665833335,33.25301204819284,-1.6323914151084011,-1.191601619754874,-0.44078979535352714,1,2.688457142857146,0.5,0.05,1990492.7,2397691.7,0.6037786523909382,0.5012391709909993,13.853904282115888,21.382591659669746,1.0699999999999932,0.1699000000000126,0.060000000000002274,,0,-2.0021214011178765,-2.5109306683322985,-3.773141786383522,,0,,,-0.6638952658683306,-0.03122073056510688,-6.67987875961763,174.69,-1.962823295845624,174.69,0,25,20,20,161.33999999999997,166.57,163.95499999999998,162.98000000000002,160.1,,,,,,160.4933,160.94660000000002,161.7932,162.24650000000003,159.6467,159.1934,158.3468,0,0,0,0,0,0,0,0,0,0,0,0,0,0,0,0,0,0,0,0,0,0,,,,,,,,,,,,,,,,,,USD,1.0,stock,25.0
2026-01-02,160.1,161.89,159.06,161.82,1961223,163.5565,166.0444,,163.1639300428859,163.6846379950944,162.2781854276803,160.7750288806385,27.958387516254987,-1.5369318296851304,-1.2606676617409254,-0.27626416794420505,1,2.580600000000002,0.5,0.05,1922758.7,2351575.65,1.0200047463053996,0.8340037880558936,28.29554995801845,21.662468513853884,1.7199999999999989,0.06999999999999318,1.039999999999992,,0,-0.8305092342639449,-1.0731059201582045,-2.610554937584973,,0,,,1.0743285446595863,0.923038543095922,-6.5110636085273565,172.01,-0.8236685905596156,172.01,0,25,20,20,161.1925,166.57,163.88125,163.745,161.82,,,,,,160.92333333333332,162.78666666666663,163.7533333333333,165.61666666666662,159.95666666666665,158.09333333333333,157.12666666666667,0,0,0,0,0,0,0,0,0,0,0,0,0,0,0,0,0,0,0,0,0,0,,,,,,,,,,,,,,,,,,USD,1.0,stock,27.0
2026-01-05,160.98,164.3999,160.8,163.55,2894564,163.2705,165.97080000000003,,163.20069861023012,163.67935807371813,162.30336987465694,160.80264053356748,34.0868530636527,-1.3066209655536625,-1.269858322503473,-0.0367626430501895,1,2.6920214285714303,0.5,0.05,1951616.9,2353264.25,1.4831619873756987,1.2300208104550945,42.821158690176425,28.323537643436925,2.5700000000000216,0.849899999999991,0.1799999999999784,,0,0.213574680385137,0.1708957505350125,-1.480158972791204,,0,,,1.0690891113583012,0.9069595261599117,-3.379216636143434,170.36,0.21403179811388126,170.36,0,25,20,20,161.42495,166.57,163.997475,163.745,163.55,,,,,,162.91663333333335,165.0332666666667,166.51653333333334,168.63316666666668,161.4333666666667,159.31673333333336,157.8334666666667,0,0,0,0,0,0,0,0,0,0,0,0,0,0,0,0,0,0,0,0,0,0,,,,,,,,,,,,,,,,,,USD,1.0,stock,25.0
2026-01-06,162.88,166.53,161.8224,166.21,2854814,163.207,165.863,,163.48729874258916,163.77859893357234,162.38072888703996,160.85644510537279,51.567301782421694,-0.8990939812278214,-1.1957054542483427,0.2966114730205214,1,2.658992857142859,0.5,0.05,1865487.2,2344933.1,1.530331593805629,1.2174394228986745,90.76023391812876,53.95898085544121,3.3300000000000125,0.3199999999999932,1.0576000000000079,,0,1.6381091735821232,1.806750496360035,0.20877203537693784,,0,,,1.6264139406909184,2.7764036606480413,-0.7582994984475677,170.36,1.6653900812794893,170.36,0,25,20,20,162.49,166.57,164.53,166.57,166.21,,,,,,164.85413333333335,167.88586666666671,169.56173333333336,172.59346666666673,163.1782666666667,160.14653333333334,158.4706666666667,0,0,0,0,0,0,0,0,0,0,0,0,0,0,0,0,0,0,0,0,0,0,,,,,,,,,,,,,,,,,,USD,1.0,stock,25.0
2026-01-07,165.85,165.865,161.77,162.91,2734582,163.1545,165.75119999999998,,163.43231790996163,163.74453623029498,162.39120950313819,160.87687848740887,49.150556531927386,-0.8328082358873417,-1.1231260105761427,0.29031777468880104,0,2.678992857142859,0.5,0.05,1905485.2,2318960.95,1.4351105954535885,1.1792272741807057,55.19801980198021,62.926470803428465,2.9399999999999977,0.01500000000001478,1.1399999999999864,,0,-0.3206174636066717,-0.15008286784114933,-1.7440304462586622,,0,,,-1.985440105890146,1.0796053856176657,-0.6404000975847812,170.36,-0.3195927932989269,170.36,0,25,20,20,162.79500000000002,166.57,164.6825,166.57,162.91,,,,,,163.515,165.25999999999996,167.60999999999999,169.35499999999996,161.16499999999996,159.42,157.06999999999996,0,0,0,0,0,0,0,0,0,0,0,0,0,0,0,0,0,0,0,0,0,0,,,,,,,,,,,,,,,,,,USD,1.0,stock,25.0
2026-01-08,161.77,165.79,161.05,165.24,2526909,163.16199999999998,165.688,,163.6044781090129,163.80318186832264,162.44762119614535,160.92029263181277,58.35601524224281,-0.5855153216076303,-1.0156038727824401,0.4300885511748098,1,2.7876642857142877,0.5,0.05,1975279.1,2328554.4,1.2792668134847374,1.0851835799928058,84.03465346534666,76.66430239515188,3.469999999999999,0.549999999999983,0.7199999999999989,,0,0.9897857001858636,1.2575647542967994,-0.27112079399659833,,0,,,1.430237554477931,3.210493441599005,0.09085953116483303,170.36,0.9996803937709705,170.36,0,25,20,20,162.79500000000002,166.57,164.6825,166.57,165.24,,,,,,164.02666666666667,167.00333333333333,168.76666666666665,171.7433333333333,162.26333333333335,159.2866666666667,157.52333333333337,0,0,0,0,0,0,0,0,0,0,0,0,0,0,0,0,0,0,0,0,0,0,,,,,,,,,,,,,,,,,,USD,1.0,stock,25.0
2026-01-09,165.49,166.25,163.95,165.24,2306849,163.14100000000002,165.65619999999998,,163.7602420986307,163.859527677408,162.50291582592465,160.9632747946803,59.68819599109132,-0.3850947725667311,-0.8895020527392983,0.5044072801725672,1,2.751950000000004,0.5,0.05,2120521.8,2274789.45,1.0878685614078574,1.014093414227853,84.03465346534666,74.42244224422451,0.25,0.7599999999999909,1.2900000000000205,,0,0.8955203954062642,1.2702735415153652,-0.2518760590655864,,0,,,0.0,2.1134593993326067,-0.25353132922852906,170.36,0.9036124290034155,170.36,0,25,20,20,162.79500000000002,166.57,164.6825,166.57,165.24,,,,,,165.14666666666668,166.34333333333336,167.4466666666667,168.64333333333337,164.04333333333335,162.84666666666666,161.74333333333334,0,0,0,0,0,0,0,0,0,0,0,0,0,0,0,0,0,0,0,0,0,0,,,,,,,,,,,,,,,,,,USD,1.0,stock,25.0
2026-01-12,164.3,168.27,163.11,167.94,3247797,163.108,165.72240000000002,,164.1583142797135,164.01954619986262,162.61058085907464,161.03269494597703,64.61388074291293,-0.008296966080905577,-0.7132610354076198,0.7049640693267142,1,2.959450000000004,0.5,0.05,2320729.0,2310910.1,1.3994727518809822,1.4054190165164797,96.6395112016292,88.23627271077419,3.6399999999999864,0.3300000000000125,1.1899999999999977,,0,2.2518076219402787,2.877218054066925,1.320471596998914,,0,,,1.6339869281045694,2.684194435952292,-0.3914590747330915,170.36,2.303682111307986,170.36,0,25,20,20,163.66500000000002,165.23,164.4475,166.57,167.94,,,,,,166.44,169.76999999999998,171.6,174.92999999999998,164.60999999999999,161.28,159.45,0,0,0,0,0,0,0,0,0,0,0,0,0,0,0,0,0,0,0,0,0,0,,,,,,,,,,,,,,,,,,USD,1.0,stock,25.0
2026-01-13,168.0,170.4,167.79,169.42,2828238,163.134,165.7818,,164.65942720545507,164.2313287018288,162.74542084206325,161.11615071765885,73.57357357357348,0.40507222095018847,-0.48959438413605816,0.8946666050862466,1,2.890885714285718,0.5,0.05,2385036.9,2331143.5,1.1858256784203214,1.2132406263278086,91.79916317991619,90.82444261563069,1.4199999999999875,0.9800000000000182,0.21000000000000796,,0,2.809923736598343,3.7103057490260904,2.147444221461447,,0,,,0.8812671192092392,1.931291739365859,0.307874481941961,170.4,2.891163218128332,170.4,0,25,20,20,164.73000000000002,164.425,164.57750000000001,166.57,169.42,,,,,,169.20333333333335,170.6166666666667,171.81333333333336,173.22666666666672,168.0066666666667,166.59333333333333,165.39666666666668,0,0,0,0,0,0,0,0,0,0,0,0,0,0,0,0,0,0,0,0,0,0,,,,,,,,,,,,,,,,,,USD,1.0,stock,27.0
2026-01-14,169.4,170.85,168.13,169.99,3121984,163.3485,165.8516,,165.16710080493556,164.4571589488159,162.8888778550917,161.20444772544334,74.11764705882347,0.7697908464480747,-0.2377173380192316,1.0075081844673064,1,2.9394571428571448,0.5,0.05,2567877.7,2358420.9,1.2157837579258544,1.3237603177617703,92.70568278201878,93.71478572118808,0.5900000000000034,0.8599999999999852,1.2700000000000102,,0,2.837166418650774,3.9069945290899506,2.4344961468321773,,0,,,0.3364419785149453,4.345957890859986,2.589016294508162,170.85,2.920012019076581,170.85,0,25,20,20,164.95499999999998,164.64999999999998,164.80249999999998,166.57,169.99,,,,,,169.65666666666667,171.18333333333334,172.37666666666667,173.90333333333334,168.46333333333334,166.93666666666667,165.74333333333334,0,0,0,0,0,0,0,0,0,0,0,0,0,0,0,0,0,0,0,0,0,0,,,,,,,,,,,,,,,,,,USD,1.0,stock,27.0
2026-01-15,170.5,173.06,169.928,171.1,2909304,163.74349999999998,166.0298,,165.7321388235131,164.71766251945058,163.0514743332087,161.30291093215536,75.23452157598491,1.1353135205965827,0.036888833703931284,1.0984246868926515,1,3.04817142857143,0.5,0.05,2738626.4,2364559.55,1.0623223379428461,1.2303788246737115,85.99999999999993,90.16828198731166,0.5999999999999943,1.960000000000008,0.5720000000000027,,0,3.1372654450537016,4.299532437171251,2.9632963179427234,,0,,,0.652979587034519,3.5463568143306645,4.840686274509798,173.06,3.238877633868635,173.06,0,25,20,20,166.93,165.755,166.3425,166.57,171.1,,,,,,171.36266666666666,172.7973333333333,174.49466666666666,175.92933333333332,169.6653333333333,168.23066666666665,166.5333333333333,0,0,0,0,0,0,0,0,0,0,0,0,0,0,0,0,0,0,0,0,0,0,,,,,,,,,,,,,,,,,,USD,1.0,stock,27.0
2026-01-16,168.81,171.4325,167.0,167.8,7328123,164.025,166.17399999999998,,165.92907798317853,164.83853849908,163.14550454443227,161.36755858457173,62.49999999999998,1.1455057750366393,0.2586122219704729,0.8868935530661664,0,3.2094214285714293,0.5,0.05,3275316.4,2599037.55,2.2373786544713665,2.819552568603713,62.428571428571495,80.37808473686341,1.009999999999991,2.6225000000000023,0.8000000000000114,,0,1.114971404542003,2.2497020262216956,0.9690107270560389,,0,,,-1.9286966686148377,1.5492616799806402,3.471665536165758,173.06,1.1275431886695295,173.06,0,25,20,20,167.055,165.755,166.405,166.57,167.8,,,,,,168.74416666666667,170.48833333333334,173.17666666666668,174.92083333333335,166.05583333333334,164.31166666666667,161.62333333333333,0,0,0,0,0,0,0,0,0,0,0,0,0,0,0,0,0,0,0,0,0,0,,,,,,,,,,,,,,,,,,USD,1.0,stock,25.0
2026-01-20,159.45,163.73,153.07,156.12,11902051,163.743,166.01,,164.99488008001867,164.49663502852783,163.00638564256232,161.31534407129243,41.81286549707603,0.20869907096502516,0.24862959176938337,-0.039930520804358216,0,4.127278571428574,0.5,0.05,4176065.1,3063841.0,2.850063568214011,3.884682984528244,15.257628814407253,54.562066747659564,3.329999999999984,4.280000000000001,3.0500000000000114,,0,-5.684652882410115,-4.8827824750192095,-6.334870612349467,,0,,,-6.960667461263414,-7.038227938549479,-3.4866468842729925,173.06,-5.378882105744469,173.06,0,25,20,20,163.065,163.065,163.065,163.88,156.12,,,,,,157.64,162.20999999999998,168.29999999999998,172.86999999999998,151.54999999999998,146.98,140.89,0,0,0,0,0,0,0,0,0,0,0,0,0,0,0,0,0,0,0,0,0,0,,,,,,,,,,,,,,,,,,USD,1.0,stock,25.0
2026-01-21,157.12,158.64,154.34,155.88,6969518,163.43900000000002,165.8506,,164.12679626287402,164.15872777250715,162.86526909518486,161.26126104570744,42.19533785777517,-0.5467899316091973,0.08954568709366725,-0.6363356187028646,0,4.357278571428572,0.5,0.05,4587535.5,3226511.35,1.5192292244931946,2.1600785628725587,14.057028514257134,30.581076252411965,1.240000000000009,1.5199999999999818,1.539999999999992,,0,-5.290477458861964,-4.849243007441639,-6.396330510649212,,0,,,-0.1537279016141535,-7.991972612442444,-3.7540133366263384,173.06,-5.0246495091913745,173.06,0,25,20,20,163.065,163.065,163.065,163.88,155.88,,,,,,156.28666666666666,158.23333333333332,160.58666666666664,162.5333333333333,153.93333333333334,151.98666666666668,149.63333333333335,0,0,0,0,0,0,0,0,0,0,0,0,0,0,0,0,0,0,0,0,0,0,,,,,,,,,,,,,,,,,,USD,1.0,stock,25.0
2026-01-22,156.56,162.5,156.2,160.63,5559599,163.4705,165.7664,,163.79376804736222,164.02034629123239,162.82100634082477,161.25497984127256,50.70535001330849,-0.7535486665991584,-0.07907318364489789,-0.6744754829542605,0,4.737285714285714,0.5,0.05,4870037.2,3387761.2,1.1415927171973141,1.6410834978569326,37.81890945472736,22.37785559446392,4.069999999999993,1.8700000000000045,0.36000000000001364,,0,-1.9695997306619097,-1.7683496233580225,-3.1976592168337232,,0,,,3.047215807031045,-5.506206247426326,0.3937499999999927,173.06,-1.9315558125797543,173.06,0,25,20,20,163.065,163.065,163.065,163.88,160.63,,,,,,159.77666666666667,163.35333333333335,166.07666666666668,169.65333333333336,157.05333333333334,153.47666666666666,150.75333333333333,0,0,0,0,0,0,0,0,0,0,0,0,0,0,0,0,0,0,0,0,0,0,,,,,,,,,,,,,,,,,,USD,1.0,stock,25.0
2026-01-23,159.88,164.27,159.88,162.68,4461495,163.597,165.6666,,163.6876948999944,163.96778369157622,162.81821413605596,161.26915914633454,51.134564643799486,-0.7434189157610831,-0.21194233006813493,-0.5314765856929482,1,4.848714285714288,0.5,0.05,5063495.8,3519387.45,0.8811096476074889,1.2676907738589565,48.0740370185093,33.3166583291646,2.8000000000000114,1.5900000000000034,0.0,,0,-0.6194337964066823,-0.563683304647161,-1.835874108679605,,0,,,1.2762248645956653,-4.92109877264757,1.5797689665938197,173.06,-0.6156204353723997,173.06,0,25,20,20,163.065,163.065,163.065,163.88,162.68,,,,,,162.27666666666667,164.67333333333335,166.66666666666669,169.06333333333336,160.28333333333333,157.88666666666666,155.89333333333332,0,0,0,0,0,0,0,0,0,0,0,0,0,0,0,0,0,0,0,0,0,0,,,,,,,,,,,,,,,,,,USD,1.0,stock,25.0
2026-01-26,162.0,162.86,159.49,159.52,3891115,163.55599999999998,165.4836,,163.2907715761854,163.7933608017105,162.75290296504494,161.2517545777143,44.87668446478515,-0.9790902629305549,-0.36537191664061897,-0.6137183462899359,0,4.8322928571428605,0.5,0.05,5221922.4,3671222.1,0.7451499087768902,1.0598963761958178,32.266133066533335,39.386359846590004,2.4799999999999898,0.8600000000000136,0.030000000000001137,,0,-2.3638237062345673,-2.53009027081242,-3.7384653961885563,,0,,,-1.9424637324809368,-4.934445768772344,-0.511413246850434,173.06,-2.3092374050214346,173.06,0,25,20,20,163.065,163.065,163.065,163.88,159.52,,,,,,160.62333333333333,161.75666666666666,163.99333333333334,165.12666666666667,158.38666666666666,157.25333333333333,155.01666666666665,0,0,0,0,0,0,0,0,0,0,0,0,0,0,0,0,0,0,0,0,0,0,,,,,,,,,,,,,,,,,,USD,1.0,stock,25.0
2026-01-27,159.65,160.92,157.92,158.05,4661263,163.3545,165.22299999999998,,162.79165047369156,163.5681309663493,162.6597761736579,161.2198963232097,39.302569480859994,-1.2698402897678136,-0.5462655912660579,-0.7235746985017557,0,4.710321428571431,0.5,0.05,5363269.0,3841999.0,0.8691085604693705,1.213238993555178,24.912456228114138,35.08420877105226,1.5999999999999943,1.2699999999999818,0.13000000000002387,,0,-3.000095206385036,-3.356216387219228,-4.538437203416623,,0,,,-0.9215145436308969,1.2362285421470665,-2.486426456071078,173.06,-2.912711100289409,173.06,0,25,20,20,163.065,163.065,163.065,163.88,158.05,,,,,,158.96333333333334,160.0066666666667,161.96333333333334,163.0066666666667,157.0066666666667,155.96333333333334,154.0066666666667,0,0,0,0,0,0,0,0,0,0,0,0,0,0,0,0,0,0,0,0,0,0,,,,,,,,,,,,,,,,,,USD,1.0,stock,25.0
2026-01-28,157.86,159.7,155.12,155.94,4323412,163.0655,164.92940000000002,,162.13911233334,163.26898857551208,162.52671129893199,161.16736004138673,40.568335588633296,-1.6514838687455438,-0.7673092467619551,-0.8841746219835886,0,4.72032142857143,0.5,0.05,5512786.4,3948911.65,0.7842516807834238,1.0948363456042376,14.357178589294664,23.845255961314052,1.920000000000016,1.839999999999975,0.8199999999999932,,0,-3.9753189260869544,-4.569385661151718,-5.764653071694252,,0,,,-1.335020563112943,0.038491147036179285,-3.5740786544645076,173.06,-3.823329389268711,173.06,0,25,20,20,163.065,163.065,163.065,163.88,155.94,,,,,,156.92,158.71999999999997,161.49999999999997,163.29999999999995,154.14,152.34,149.56,0,0,0,0,0,0,0,0,0,0,0,0,0,0,0,0,0,0,0,0,0,0,,,,,,,,,,,,,,,,,,USD,1.0,stock,25.0
2026-01-29,157.48,158.75,154.63,156.38,4137203,162.826,164.7054,,161.5906254444505,162.99883216078612,162.4049942435076,161.11972461808935,37.364517969195646,-1.8965723267053534,-0.9931618627506349,-0.9034104639547185,0,4.676035714285717,0.5,0.05,5614308.3,4091093.0,0.7369034222791079,1.0112708266470598,16.558279139569787,18.609304652326202,1.0999999999999943,1.2700000000000102,1.75,,0,-3.332028037121435,-4.122010487274586,-5.323826576288529,,0,,,0.282159805053217,-2.6458320363568433,-2.9720171247750726,173.06,-3.2245839943491896,173.06,0,25,20,20,162.25125,163.065,162.65812499999998,163.88,156.38,,,,,,156.58666666666667,158.54333333333335,160.70666666666668,162.66333333333336,154.42333333333335,152.46666666666667,150.30333333333334,0,0,0,0,0,0,0,0,0,0,0,0,0,0,0,0,0,0,0,0,0,0,,,,,,,,,,,,,,,,,,USD,1.0,stock,25.0
2026-01-30,155.67,156.73,152.0,153.16,4738533,162.47899999999998,164.4608,,160.78770873545523,162.61299560546118,162.22192505056682,161.0405233781084,34.22152560083593,-2.323845935343911,-1.2592986772692902,-1.064547258074621,0,4.849607142857145,0.5,0.05,5797231.2,4267928.8,0.8173786479311019,1.1102652415382375,5.508072174738825,12.141176634534432,2.509999999999991,1.0600000000000023,1.1599999999999966,,0,-4.980222470263273,-6.084486811177846,-7.378427787934193,,0,,,-2.0590868397493245,-5.851979345955261,-4.3347907557776395,173.06,-4.743962579879247,173.06,0,25,20,20,158.135,162.53,160.33249999999998,163.345,153.16,,,,,,153.96333333333334,155.92666666666668,158.69333333333333,160.65666666666667,151.1966666666667,149.23333333333335,146.4666666666667,0,0,0,0,0,0,0,0,0,0,0,0,0,0,0,0,0,0,0,0,0,0,,,,,,,,,,,,,,,,,,USD,1.0,stock,25.0
2026-02-02,153.55,153.64,150.55,153.43,5393635,162.0595,164.2136,,160.0869745701738,162.25287813073723,162.04782752481302,160.9647967773312,29.762900976290126,-2.610583424330315,-1.5295556266814951,-1.0810277976488198,0,4.70175,0.5,0.05,5603782.4,4439549.4,0.9624990078130086,1.2149059541943603,12.794313638382926,11.620221650897186,0.12000000000000455,0.08999999999997499,2.8799999999999955,,0,-4.33876984303838,-5.624388972169723,-7.028351691325038,,0,,,0.1762862366153195,-3.8177031093279856,-5.184773204795445,173.06,-4.158348665184946,173.06,0,25,20,20,157.41000000000003,161.805,159.60750000000002,162.62,153.43,,,,,,152.54,154.52999999999997,155.62999999999997,157.61999999999995,151.44,149.45000000000002,148.35000000000002,0,0,0,0,0,0,0,0,0,0,0,0,0,0,0,0,0,0,0,0,0,0,,,,,,,,,,,,,,,,,,USD,1.0,stock,27.0
2026-02-03,153.0,157.08,151.225,155.68,5178901,161.666,163.99560000000002,,159.6672627063477,161.99511820404166,161.92173193026227,160.9122117347707,31.239759694156234,-2.6259978852247343,-1.748844078390143,-0.8771538068345912,1,4.933535714285715,0.5,0.05,4931467.4,4553766.25,1.0501744369231762,1.1372786207460692,22.789871168369604,13.697418993830455,2.680000000000007,1.4000000000000057,1.7750000000000057,,0,-2.561191358137016,-3.8450668036998903,-5.34146968139775,,0,,,1.4664667926741926,-1.499525466624485,-4.811984102720879,173.06,-2.4972324562743253,173.06,0,25,20,20,157.41000000000003,161.805,159.60750000000002,162.62,155.68,,,,,,154.66166666666666,158.09833333333333,160.51666666666668,163.95333333333335,152.2433333333333,148.80666666666664,146.3883333333333,0,0,0,0,0,0,0,0,0,0,0,0,0,0,0,0,0,0,0,0,0,0,,,,,,,,,,,,,,,,,,USD,1.0,stock,25.0
2026-02-04,156.0,163.82,155.81,163.79,6515014,161.54500000000002,163.9792,,160.0599043533622,162.0655057254518,161.9587273375838,160.94084644387746,42.980072463768096,-1.9611972732733705,-1.7913147173667887,-0.16988255590658174,1,5.320678571428571,0.5,0.05,4886017.0,4736776.25,1.3333997814579852,1.3754109664774645,58.81830297645485,31.467495927735797,7.789999999999992,0.030000000000001137,0.18999999999999773,,0,2.2773647027521693,1.3706575493009197,-0.11551376762928116,,0,,,5.209403905447063,5.033987431063225,-1.4559894109861138,173.06,2.330437258292304,173.06,0,25,20,20,157.41000000000003,161.805,159.60750000000002,162.62,163.79,,,,,,161.14,166.46999999999997,169.14999999999998,174.47999999999996,158.45999999999998,153.13,150.45,0,0,0,0,0,0,0,0,0,0,0,0,0,0,0,0,0,0,0,0,0,0,,,,,,,,,,,,,,,,,,USD,1.0,stock,25.0
2026-02-05,163.17,165.82,161.21,165.08,3513977,161.65349999999998,163.919,,160.53800870066107,162.18372118719878,162.0205347170376,160.98203205140106,43.21154713576908,-1.315086283587533,-1.6960690306109376,0.3809827470234046,1,5.426249999999998,0.5,0.05,4681454.8,4775746.0,0.7506164536716237,0.7357964598619776,69.57979169160782,50.395988612144095,1.910000000000025,0.7399999999999807,1.9599999999999795,,0,2.7513879932995793,2.075660285921997,0.7032953719408779,,0,,,0.7875938701996654,5.563371275099138,1.3320238168313958,173.06,2.8292311185994192,173.06,0,25,20,20,158.185,161.805,159.995,162.62,165.08,,,,,,164.03666666666666,166.86333333333332,168.64666666666665,171.4733333333333,162.25333333333333,159.42666666666668,157.64333333333335,0,0,0,0,0,0,0,0,0,0,0,0,0,0,0,0,0,0,0,0,0,0,,,,,,,,,,,,,,,,,,USD,1.0,stock,25.0
2026-02-06,166.98,172.98,166.01,172.65,7257683,162.024,163.98080000000002,,161.6915316815505,162.59416349358315,162.23101917808634,161.09813123496923,54.98868545566755,-0.19001258758194695,-1.3948577420051396,1.2048451544231926,1,5.673928571428568,0.5,0.05,4961073.6,5012284.7,1.46292588765464,1.4479790024696721,98.52875613018287,75.6422835994152,5.670000000000016,0.3299999999999841,0.9699999999999989,,0,6.347215938864477,6.154648132059082,5.021256878077028,,0,,,4.585655439786773,12.72525463567511,4.484386347131442,173.06,6.777391620008951,173.06,0,25,20,20,161.765,161.805,161.785,162.62,172.65,,,,,,170.54666666666665,175.08333333333331,177.51666666666665,182.0533333333333,168.11333333333332,163.57666666666665,161.14333333333332,0,0,0,0,0,0,0,0,0,0,0,0,0,0,0,0,0,0,0,0,0,0,,,,,,,,,,,,,,,,,,USD,1.0,stock,25.0
2026-02-09,171.64,172.6,168.75,170.28,4694804,162.276,163.9556,,162.50948104521234,162.89556884677597,162.3904049369361,161.18949311322825,68.0152671755725,0.5045609644176352,-1.0149740007205847,1.51953496513822,1,4.900357142857138,0.5,0.05,5041442.5,5131682.45,0.9312421990333124,0.9148664294299815,87.96255015604106,85.35703265927725,1.3599999999999852,0.960000000000008,1.5300000000000011,,0,4.563377351883757,4.700493305144462,3.7141179234202473,,0,,,-1.3727193744569988,10.982206869582223,3.05010893246187,173.06,4.781578837622279,173.06,0,25,20,20,161.765,161.805,161.785,162.62,170.28,,,,,,170.54333333333332,172.33666666666664,174.39333333333332,176.18666666666664,168.48666666666665,166.69333333333333,164.63666666666666,0,0,0,0,0,0,0,0,0,0,0,0,0,0,0,0,0,0,0,0,0,0,,,,,,,,,,,,,,,,,,USD,1.0,stock,25.0
2026-02-10,170.07,173.75,169.44,173.43,3216133,162.5505,164.0082,,163.54953046947784,163.30868379396125,162.60901077976905,161.31128920165386,70.78891257995735,1.294274591033627,-0.5531242823697424,1.8473988734033695,1,4.901071428571425,0.5,0.05,4896929.5,5130099.25,0.6567652240041438,0.6269143818221451,98.62068965517244,95.03733198046545,3.3600000000000136,0.3199999999999932,0.6299999999999955,,0,5.697093657684462,6.273136135616679,5.432624113475188,,0,,,1.84989429175475,11.401593011305234,3.269024651661323,173.75,6.04127049595296,173.75,0,25,20,20,162.15,162.15,162.15,162.62,173.43,,,,,,172.20666666666668,174.97333333333336,176.51666666666668,179.28333333333336,170.66333333333336,167.89666666666668,166.35333333333335,0,0,0,0,0,0,0,0,0,0,0,0,0,0,0,0,0,0,0,0,0,0,,,,,,,,,,,,,,,,,,USD,1.0,stock,27.0
2026-02-11,174.0,174.93,172.44,172.85,2997279,162.722,164.02419999999998,,164.43528947238474,163.68285305694317,162.8118026455162,161.42610224442348,66.06203995793899,1.8519787191113153,-0.07210368207353085,1.924082401184846,1,4.6060714285714255,0.5,0.05,4764316.2,5138551.3,0.6291100074340154,0.5832926101175637,91.46841673502865,92.68388551541405,1.1500000000000057,0.9300000000000068,0.4099999999999966,,0,4.868215520749352,5.859415678333808,5.106045704367958,,0,,,-0.3344288762036629,5.531473227913786,2.0245543619407336,174.93,5.117338592351505,174.93,0,25,20,20,162.74,162.74,162.74,162.74,172.85,,,,,,173.40666666666667,174.37333333333333,175.89666666666668,176.86333333333334,171.88333333333333,170.91666666666666,169.39333333333332,0,0,0,0,0,0,0,0,0,0,0,0,0,0,0,0,0,0,0,0,0,0,,,,,,,,,,,,,,,,,,USD,1.0,stock,25.0
2026-02-12,173.39,177.41,172.4,174.61,4525581,162.953,164.1068,,165.4043095226338,164.11136862333757,163.04543031590202,161.55728530666804,65.80132450331124,2.4082200876153763,0.4239610718642506,1.9842590157511257,1,4.650357142857138,0.5,0.05,4803154.0,5208731.15,0.9422102643388074,0.8688451889093949,89.57557706626959,93.2215611521569,1.2200000000000273,2.799999999999983,0.9899999999999807,,0,5.272143907775158,6.676020846457825,6.015233949945604,,0,,,1.0182238935493304,5.772958565543984,2.7178069298193996,177.41,5.565568698865433,177.41,0,25,20,20,163.98000000000002,163.98000000000002,163.98000000000002,163.98000000000002,174.61,,,,,,174.8066666666667,177.2133333333334,179.8166666666667,182.2233333333334,172.2033333333334,169.7966666666667,167.1933333333334,0,0,0,0,0,0,0,0,0,0,0,0,0,0,0,0,0,0,0,0,0,0,,,,,,,,,,,,,,,,,,USD,1.0,stock,25.0
2026-02-13,174.5,174.7,170.575,171.82,3178374,162.989,164.112,,166.01532766333534,164.41366789301063,163.21918417103268,161.65940187078078,66.45264847512033,2.594013523479049,0.8579715621872103,1.7360419612918387,0,4.704285714285709,0.5,0.05,4647138.1,5222184.65,0.6839422310260158,0.6086291874033982,79.18838421444525,86.74412600524784,2.680000000000007,0.19999999999998863,1.2450000000000045,,0,3.37834497536064,5.139681061576062,4.486090094284716,,0,,,-1.5978466296317606,-0.4807413843035069,0.4208065458795929,177.41,3.4964677167857796,177.41,0,25,20,20,164.3175,163.98000000000002,164.14875,163.98000000000002,171.82,,,,,,172.365,174.15500000000003,176.49,178.28000000000003,170.03000000000003,168.24,165.90500000000003,0,0,0,0,0,0,0,0,0,0,0,0,0,0,0,0,0,0,0,0,0,0,,,,,,,,,,,,,,,,,,USD,1.0,stock,25.0
2026-02-17,170.0,171.5,167.25,167.62,4748968,162.98,164.00259999999997,,166.16815360016054,164.5394064070102,163.30632903893303,161.71871130490237,61.92969334330588,2.3749740384892846,1.1613720574476252,1.2136019810416594,0,4.816428571428566,0.5,0.05,4582671.4,5093226.9,1.0362881353439393,0.9324084893999126,63.5517498138496,77.43857036485481,2.3799999999999955,1.5,0.37000000000000455,,0,0.8661534422142155,2.7681660899654066,2.158095692638129,,0,,,-2.4444185775811866,-1.5621329574817877,-0.10727056019070869,177.41,0.8737212085373169,177.41,0,25,20,20,166.61,163.98000000000002,165.29500000000002,163.98000000000002,167.62,,,,,,168.79,170.32999999999998,173.04,174.57999999999998,166.07999999999998,164.54,161.82999999999998,0,0,0,0,0,0,0,0,0,0,0,0,0,0,0,0,0,0,0,0,0,0,,,,,,,,,,,,,,,,,,USD,1.0,stock,25.0
2026-02-18,166.84,167.2,162.51,164.17,4211164,163.3825,163.90060000000003,,165.9778532572881,164.5249198812451,163.32343143420167,161.74310223719192,59.927623642943274,1.9010829999532461,1.3093142459487495,0.5917687540044967,0,4.8542857142857105,0.5,0.05,4485897.7,4708682.55,0.9387561379297615,0.8943401801423203,50.70737155621737,64.48250186150408,2.670000000000016,0.3599999999999852,1.6599999999999966,,0,-1.1012080509764977,0.47968569166107966,0.16409819089965397,,0,,,-2.0582269418923826,-5.339329989044583,5.156290033307709,177.41,-1.0892135437405006,177.41,0,25,20,20,169.31,163.98000000000002,166.645,163.98000000000002,164.17,,,,,,164.62666666666667,166.74333333333334,169.31666666666666,171.43333333333334,162.05333333333334,159.93666666666667,157.36333333333334,0,0,0,0,0,0,0,0,0,0,0,0,0,0,0,0,0,0,0,0,0,0,,,,,,,,,,,,,,,,,,USD,1.0,stock,25.0
2026-02-19,164.09,165.63,163.53,165.05,3373841,163.84099999999998,163.852,,165.88948628040353,164.54551125845117,163.35762091075213,161.77600669254326,60.34853186918119,1.5783355139212745,1.3631184995432544,0.2152170143780201,0,4.7099999999999955,0.5,0.05,4171780.4,4528898.7,0.8087292897775732,0.7449583714469038,53.98361876396131,56.08091337800943,0.960000000000008,0.5799999999999841,0.5600000000000023,,0,-0.5086254349612359,0.7325053014238301,0.725840654347172,,0,,,0.5360297252847701,-4.512583164593565,5.882730305363104,177.41,-0.5060515281749282,177.41,0,25,20,20,169.95999999999998,163.98000000000002,166.97,163.98000000000002,165.05,,,,,,164.73666666666665,165.9433333333333,166.83666666666664,168.0433333333333,163.8433333333333,162.63666666666666,161.7433333333333,0,0,0,0,0,0,0,0,0,0,0,0,0,0,0,0,0,0,0,0,0,0,,,,,,,,,,,,,,,,,,USD,1.0,stock,25.0
2026-02-20,165.0,169.37,164.09,167.06,2292509,164.16250000000002,163.914,,166.00096377750796,164.64411866008055,163.430935348163,161.82858374037866,67.08456243854471,1.4678258252760656,1.3840599646898166,0.08376586058624902,0,4.749285714285711,0.5,0.05,4049633.6,4365544.2,0.5661028197711516,0.5251370493511439,61.4668652271035,55.385951849094056,2.0600000000000023,2.3100000000000023,0.9099999999999966,,0,0.6339256689165808,1.734406799952101,1.8831557524242877,,0,,,1.2178127840048347,-4.323921883053671,4.002988233829297,177.41,0.6379699240249425,177.41,0,25,20,20,169.95999999999998,163.98000000000002,166.97,163.98000000000002,167.06,,,,,,166.84,169.59,172.12,174.87,164.31,161.56,159.03,0,0,0,0,0,0,0,0,0,0,0,0,0,0,0,0,0,0,0,0,0,0,,,,,,,,,,,,,,,,,,USD,1.0,stock,25.0
2026-02-23,166.7,167.44,164.31,166.34,2922017,164.3455,163.93900000000002,,166.03325294155482,164.71062381066565,163.48854058879343,161.87347345440477,65.69414053002671,1.3070809031150077,1.3686641523748548,-0.06158324925984715,0,4.7521428571428554,0.5,0.05,3616067.0,4288570.3,0.8080649501239883,0.6813499128136014,57.72388772197826,57.72479057101435,0.3599999999999852,0.7400000000000091,2.030000000000001,,0,0.18440967803606023,1.199050138271021,1.4434291210773007,,0,,,-0.4309828804022531,-3.1893842393202143,2.2498155888861504,177.41,0.184750375608891,177.41,0,25,20,20,169.95999999999998,163.98000000000002,166.97,163.98000000000002,166.34,,,,,,166.03,167.75,169.16,170.88,164.62,162.9,161.49,0,0,0,0,0,0,0,0,0,0,0,0,0,0,0,0,0,0,0,0,0,0,,,,,,,,,,,,,,,,,,USD,1.0,stock,25.0
2026-02-24,165.51,168.29,165.495,166.46,2468484,164.6925,163.955,,166.0738955185496,164.77922679848268,163.54738136921335,161.91911053446043,63.82051282051279,1.1758182899903318,1.3300949798979502,-0.15427668990761845,0,4.533571428571425,0.5,0.05,3393435.0,4217438.75,0.7274292862541938,0.5853040545046445,49.30555555555559,56.165436168212445,0.950000000000017,1.829999999999984,0.014999999999986358,,0,0.23195030725124163,1.0618166526492925,1.504866033882011,,0,,,0.07214139713840328,-0.692041522491349,4.350551654964896,177.41,0.23248956751742542,177.41,0,25,20,20,169.95999999999998,163.98000000000002,166.97,163.98000000000002,166.46,,,,,,166.74833333333333,168.00166666666667,169.54333333333332,170.79666666666665,165.20666666666668,163.95333333333335,162.4116666666667,0,0,0,0,0,0,0,0,0,0,0,0,0,0,0,0,0,0,0,0,0,0,,,,,,,,,,,,,,,,,,USD,1.0,stock,25.0
2026-02-25,167.26,167.63,165.0,165.54,2988120,165.067,163.8938,,166.0230483263068,164.80906104167946,163.58683916388242,161.95513928536133,52.750707324740645,0.9861872593087355,1.2613134357801075,-0.27512617647137194,0,4.139999999999996,0.5,0.05,3370633.7,4133781.6,0.8865157907843857,0.7228538633971374,26.728395061728314,44.585946113087395,1.7199999999999989,0.37000000000000455,0.539999999999992,,0,-0.29180157442720817,0.28573154524585287,0.9944424308324231,,0,,,-0.5526853298089773,0.8345008223183292,4.739006643467247,177.41,-0.29095257024639276,177.41,0,25,20,20,169.95999999999998,163.98000000000002,166.97,163.98000000000002,165.54,,,,,,166.05666666666664,167.1133333333333,168.68666666666664,169.74333333333328,164.4833333333333,163.42666666666665,161.8533333333333,0,0,0,0,0,0,0,0,0,0,0,0,0,0,0,0,0,0,0,0,0,0,,,,,,,,,,,,,,,,,,USD,1.0,stock,25.0
2026-02-26,165.88,168.16,164.41,166.17,3474139,165.57850000000002,163.8392,,166.0370437238014,164.86243119690772,163.6379908636075,161.9970781979448,51.749598715890805,0.8766337479848971,1.1843774982210655,-0.3077437502361684,0,4.0785714285714265,0.5,0.05,3418319.7,4091317.95,1.0163294556679412,0.8491491109851288,24.563758389261714,33.532569668848545,0.28999999999999204,1.990000000000009,1.4699999999999989,,0,0.08001220208136144,0.35596076307394114,1.4026599265812014,,0,,,0.3805726712577062,0.6785822478036829,6.560215467487485,177.41,0.0800762728706299,177.41,0,25,20,20,168.605,163.98000000000002,166.29250000000002,163.98000000000002,166.17,,,,,,166.24666666666667,168.08333333333334,169.99666666666667,171.83333333333334,164.33333333333334,162.49666666666667,160.58333333333334,0,0,0,0,0,0,0,0,0,0,0,0,0,0,0,0,0,0,0,0,0,0,,,,,,,,,,,,,,,,,,USD,1.0,stock,25.0
2026-02-27,165.25,166.05,162.87,165.32,5367134,166.02550000000002,163.8316,,165.9687538453441,164.8803750715388,163.67129797521923,162.03014209647273,34.99795333606225,0.713004828879491,1.0901029643527507,-0.37709813547325965,0,3.749999999999998,0.5,0.05,3502475.0,4152814.5,1.5323832432779678,1.2924087989001194,18.859060402684573,23.38373795122487,0.06999999999999318,0.7300000000000182,2.3799999999999955,,0,-0.39242308573924367,-0.42674812484879576,0.9003145414952726,,0,,,-0.5115243425407701,-1.0415419609721144,5.716843586136333,177.41,-0.3908891464887726,177.41,0,25,20,20,167.005,163.98000000000002,165.4925,163.98000000000002,165.32,,,,,,164.74666666666667,166.62333333333333,167.92666666666668,169.80333333333334,163.44333333333333,161.56666666666666,160.26333333333332,0,0,0,0,0,0,0,0,0,0,0,0,0,0,0,0,0,0,0,0,0,0,,,,,,,,,,,,,,,,,,USD,1.0,stock,25.0
2026-03-02,162.27,164.225,159.22,161.46,3984428,166.44050000000001,163.7968,,165.53934871721611,164.7462427157922,163.62750989650203,162.02446904078644,32.98611111111117,0.26875989420852875,0.9258343503239064,-0.6570744561153776,0,3.9071428571428544,0.5,0.05,3583080.4,4115109.25,1.112011887871676,0.9682435527076225,12.314458493677897,18.579092428541397,0.8100000000000023,1.954999999999984,2.240000000000009,,0,-2.5265382863966965,-3.084664932491023,-1.4472934472934362,,0,,,-2.334865714977008,-2.9337501502945784,5.419169495951959,177.41,-2.4642773750334643,177.41,0,25,20,20,164.29500000000002,163.98000000000002,164.13750000000002,163.98000000000002,161.46,,,,,,161.635,164.04999999999998,166.64,169.05499999999998,159.045,156.63,154.04,0,0,0,0,0,0,0,0,0,0,0,0,0,0,0,0,0,0,0,0,0,0,,,,,,,,,,,,,,,,,,USD,1.0,stock,25.0
2026-03-03,157.52,159.64,156.8405,158.48,4050489,166.693,163.72299999999998,,164.86702979176695,164.50050770732977,163.5255790074624,161.98920069212193,20.970873786407836,-0.3200788425759242,0.6766517117439402,-0.9967305543198645,0,3.9292499999999984,0.5,0.05,3513232.5,4047951.95,1.1529236963394822,1.0006267490403387,7.97053890468897,13.048019267017146,0.9599999999999795,1.1599999999999966,0.6795000000000186,,0,-4.0301803330180235,-5.182357395254936,-3.308303886925792,,0,,,-1.8456583673975069,-4.793944491169055,3.2914032457798337,177.41,-3.874049165460198,177.41,0,25,20,20,163.10525,163.98000000000002,163.54262500000002,163.98000000000002,158.48,,,,,,158.32016666666667,159.79983333333334,161.11966666666666,162.59933333333333,157.00033333333334,155.52066666666667,154.20083333333335,0,0,0,0,0,0,0,0,0,0,0,0,0,0,0,0,0,0,0,0,0,0,,,,,,,,,,,,,,,,,,USD,1.0,stock,27.0
2026-03-04,159.29,161.785,158.77,160.89,3866041,166.95350000000002,163.7056,,164.48826504969392,164.35891916978744,163.47338932414632,161.9782633718023,28.317621464829628,-0.5855213988307071,0.4242170896290108,-1.0097384884597178,0,3.987464285714284,0.5,0.05,3478720.2,3982308.95,1.111340026714422,0.9708038850175097,19.68691509273436,13.323970830367074,1.5999999999999943,0.8950000000000102,0.5199999999999818,,0,-2.236475262411546,-3.768723972900761,-1.7500155385667338,,0,,,1.5206966178697545,-2.8089887640449507,3.3466084275436625,177.41,-2.187551220512208,177.41,0,25,20,20,163.10525,163.98000000000002,163.54262500000002,163.98000000000002,160.89,,,,,,160.48166666666665,162.1933333333333,163.49666666666664,165.2083333333333,159.1783333333333,157.46666666666667,156.16333333333333,0,0,0,0,0,0,0,0,0,0,0,0,0,0,0,0,0,0,0,0,0,0,,,,,,,,,,,,,,,,,,USD,1.0,stock,27.0
2026-03-05,159.57,160.97,154.8,156.21,4538198,166.5745,163.5906,,163.699858854485,164.0393537121487,163.32955983257906,161.9208677163615,19.83606557377051,-1.1601499383598934,0.10734368403122996,-1.2674936223911235,0,4.070321428571426,0.5,0.05,3595155.9,3883468.15,1.2623090976388536,1.16859410833587,7.085427135678383,11.58096037770057,3.359999999999985,1.4000000000000057,1.4099999999999966,,0,-4.794737119573006,-6.6349785545099484,-4.724793547148062,,0,,,-2.9088196904717423,-5.9938617078895025,-4.627877159777761,177.41,-4.575360606231695,177.41,0,25,20,20,161.54500000000002,163.98000000000002,162.76250000000002,163.98000000000002,156.21,,,,,,157.32666666666668,159.85333333333335,163.49666666666667,166.02333333333334,153.68333333333337,151.1566666666667,147.51333333333338,0,0,0,0,0,0,0,0,0,0,0,0,0,0,0,0,0,0,0,0,0,0,,,,,,,,,,,,,,,,,,USD,1.0,stock,28.75
2026-03-06,154.11,154.12,151.76,153.41,4938118,165.991,163.4588,,162.719872296915,163.6225163116723,163.13313290520125,161.83618246545245,19.829564077351705,-1.820498225018241,-0.27822469777866426,-1.542273527239577,0,4.093535714285713,0.5,0.05,3859716.8,3954675.2,1.2793990481374178,1.2486785261151154,8.358662613981787,11.710334947464842,0.700000000000017,0.009999999999990905,1.6500000000000057,,0,-6.068621535046619,-8.2008995502249,-6.550290072355127,,0,,,-1.7924588694705923,-7.204210016936852,-7.069299733462575,177.41,-5.721410769010001,177.41,0,25,20,20,160.02499999999998,163.98000000000002,162.0025,163.98000000000002,153.41,,,,,,153.09666666666666,154.43333333333334,155.45666666666668,156.79333333333335,152.07333333333332,150.73666666666665,149.7133333333333,0,0,0,0,0,0,0,0,0,0,0,0,0,0,0,0,0,0,0,0,0,0,,,,,,,,,,,,,,,,,,USD,1.0,stock,28.75
2026-03-09,151.49,152.92,147.72,151.63,6235129,164.94,163.2884,,161.66369398292312,163.15222155435183,162.90534809519727,161.73462841106985,21.537913848344616,-2.459112999750346,-0.7144023581730006,-1.7447106415773452,0,4.1735357142857135,0.5,0.05,4191028.0,3903547.5,1.4877326040293695,1.597298098716616,18.060046189376422,11.168045313012195,0.13999999999998636,1.289999999999992,3.7700000000000102,,0,-6.617222174321127,-8.77794631669195,-7.688715953307393,,0,,,-1.1602894205071435,-6.088195218630011,-12.174920359108032,177.41,-6.206522773123696,177.41,0,25,20,20,157.94,162.565,160.2525,162.565,151.63,,,,,,150.75666666666666,153.79333333333332,155.95666666666665,158.9933333333333,148.59333333333333,145.55666666666667,143.39333333333335,0,0,0,0,0,0,0,0,0,0,0,0,0,0,0,0,0,0,0,0,0,0,,,,,,,,,,,,,,,,,,USD,1.0,stock,27.0
2026-03-10,152.4,156.51,151.61,155.25,5891098,164.1885,163.1866,,161.05286598454947,162.8423305130047,162.75375704380724,161.67010474528809,34.21797593772119,-2.64265320217865,-1.1000525269741306,-1.5426006752045194,1,4.158535714285711,0.5,0.05,4533289.4,3963362.2,1.299519505637562,1.4863890057789821,34.78060046189376,20.39976975508399,2.8499999999999943,1.259999999999991,0.789999999999992,,0,-3.737755867664715,-5.757487922705317,-5.112141706924315,,0,,,2.3873903581085543,-2.0381120646138284,-8.826638477801275,177.41,-3.603081478293075,177.41,0,25,20,20,157.94,162.565,160.2525,162.565,155.25,,,,,,154.45666666666668,157.30333333333334,159.35666666666665,162.20333333333332,152.40333333333336,149.5566666666667,147.5033333333334,0,0,0,0,0,0,0,0,0,0,0,0,0,0,0,0,0,0,0,0,0,0,,,,,,,,,,,,,,,,,,USD,1.0,stock,25.0
2026-03-11,153.88,155.39,152.91,155.17,3554297,163.27550000000002,163.04840000000002,,160.49259303364,162.54145480661236,162.6035836369992,161.605427086131,32.01019664967221,-2.7627185664495073,-1.432585734869206,-1.3301328315803014,1,4.185678571428568,0.5,0.05,4589907.1,3980270.4,0.7743723179059551,0.8929787785272076,34.411085450346356,29.083910700538848,1.289999999999992,0.21999999999999886,0.9699999999999989,,0,-3.430168868750406,-5.223625700844258,-5.077270090868098,,0,,,-0.05152979066023189,-3.5552240661321344,-10.52874358530821,177.41,-3.3164103919265377,177.41,0,25,20,20,156.885,162.565,159.725,162.565,155.17,,,,,,154.48999999999998,156.06999999999996,156.96999999999997,158.54999999999995,153.58999999999997,152.01,151.10999999999999,0,0,0,0,0,0,0,0,0,0,0,0,0,0,0,0,0,0,0,0,0,0,,,,,,,,,,,,,,,,,,USD,1.0,stock,25.0
2026-03-12,152.76,153.48,148.27,149.1,5683160,162.08800000000002,162.796,,159.40758417329332,162.01433893184324,162.33618594121702,161.48099497582123,21.510152284263953,-3.3095194237392036,-1.8079724726432054,-1.5015469510959982,0,4.301392857142852,0.5,0.05,4810809.2,4114564.45,1.1813314067828755,1.3812300351741968,6.708799222168186,25.300161711469432,3.6599999999999966,0.7199999999999989,0.8299999999999841,,0,-6.91320199416051,-8.710932260228054,-9.185781354795438,,0,,,-3.9118386286008833,-4.551565200691387,-13.740237199884298,177.41,-6.466181785985703,177.41,0,25,20,20,155.9725,162.565,159.26875,162.565,149.1,,,,,,150.28333333333333,152.29666666666665,155.4933333333333,157.50666666666663,147.08666666666667,145.07333333333335,141.8766666666667,0,0,0,0,0,0,0,0,0,0,0,0,0,0,0,0,0,0,0,0,0,0,,,,,,,,,,,,,,,,,,USD,1.0,stock,27.0
2026-03-13,151.15,152.39,150.4,150.96,4010743,160.90550000000002,162.59179999999998,,158.60305234726536,161.58083544431997,162.11091493248006,161.37630845864888,26.454378444580556,-3.5518332643651718,-2.156744630987599,-1.395088633377573,1,4.312821428571423,0.5,0.05,4675170.1,4088822.55,0.8578817271268911,0.9809041480658045,15.751093825960185,18.956992832824906,0.18999999999999773,1.2399999999999807,0.5600000000000023,,0,-5.062965253885369,-6.5881690514043525,-7.705219925808141,,0,,,1.247484909456742,-1.597027573169929,-13.544470534333664,174.7,-4.818981875916674,174.7,0,25,20,20,154.7525,162.565,158.65875,162.565,150.96,,,,,,151.25,152.1,153.23999999999998,154.08999999999997,150.11,149.26000000000002,148.12000000000003,0,0,0,0,0,0,0,0,0,0,0,0,0,0,0,0,0,0,0,0,0,0,,,,,,,,,,,,,,,,,,USD,1.0,stock,27.0
2026-03-16,152.59,152.75,148.13,149.95,5104897,159.81199999999998,162.3888,,157.7789521237163,161.12472425042506,161.8701047357973,161.26261384712004,25.394932935916543,-3.781773358708989,-2.481750376531877,-1.3000229821771119,1,4.443178571428567,0.5,0.05,4787217.0,4185148.7,1.0663600584640303,1.2197647839848558,10.909980430528327,11.123291159552231,2.640000000000015,0.1599999999999966,1.8199999999999932,,0,-5.221041763065227,-6.576858952984326,-8.295298432810947,,0,,,-0.6690514043455331,-1.107960166194033,-12.728436736119198,171.5,-4.961974977231142,171.5,0,25,20,20,154.7525,162.565,158.65875,162.565,149.95,,,,,,150.27666666666667,152.42333333333335,154.89666666666668,157.04333333333335,147.80333333333334,145.65666666666667,143.18333333333334,0,0,0,0,0,0,0,0,0,0,0,0,0,0,0,0,0,0,0,0,0,0,,,,,,,,,,,,,,,,,,USD,1.0,stock,27.0
2026-03-17,151.65,151.65,148.0,149.06,4412336,158.884,162.1336,,156.94857573098142,160.65159780923193,161.61643929548447,161.14119480386512,25.417661097852047,-3.989825872981669,-2.7833654758218356,-1.2064603971598333,1,4.516035714285711,0.5,0.05,4823401.7,4168317.1,0.9147768057551582,1.0585413475380747,6.555772994129176,11.07228241687256,2.5900000000000034,0.0,1.0600000000000023,,0,-5.292215034872813,-6.5906346437676,-8.770696363880317,,0,,,-0.5935311770590146,-3.98711755233494,-11.072664359861594,169.37,-5.02621683200418,169.37,0,25,20,20,154.345,162.565,158.45499999999998,162.565,149.06,,,,,,149.57,151.14,153.22,154.79,147.48999999999998,145.92,143.83999999999997,0,0,0,0,0,0,0,0,0,0,0,0,0,0,0,0,0,0,0,0,0,0,,,,,,,,,,,,,,,,,,USD,1.0,stock,27.0
2026-03-18,147.84,148.3322,144.1,145.08,4239589,157.9295,161.7642,,155.81823518517368,160.04094691475225,161.2889850520095,160.9813819202446,21.399511798209957,-4.4248547559818405,-3.111663331853837,-1.3131914241280036,0,4.602464285714283,0.5,0.05,4860756.5,4169738.35,0.8722076491591381,1.01675180650124,4.464692482915797,7.3101486358577645,2.759999999999991,0.49219999999999686,0.9800000000000182,,0,-7.401595798989291,-8.85683760683759,-11.499999999999982,,0,,,-2.6700657453374466,-6.502545595153686,-11.628190290552464,169.37,-6.891513802869347,169.37,0,25,20,20,150.305,160.755,155.53,160.755,145.08,,,,,,145.8374,147.5748,150.0696,151.80700000000002,143.3426,141.6052,139.1104,0,0,0,0,0,0,0,0,0,0,0,0,0,0,0,0,0,0,0,0,0,0,,,,,,,,,,,,,,,,,,USD,1.0,stock,27.0
2026-03-19,143.43,143.965,141.12,142.71,4276188,156.8125,161.2942,,154.56983183420476,159.36130193770316,160.9210843579103,160.79957712501826,20.55222714248505,-4.904323484759999,-3.47019536243507,-1.4341281223249291,0,4.649607142857142,0.5,0.05,4834555.5,4214855.7,0.8845048939866343,1.0145514590214797,6.8816273533867305,5.967364276810565,0.7199999999999989,0.5349999999999966,1.5900000000000034,,0,-8.310442039243748,-9.881928386237819,-13.022353023614308,,0,,,-1.6335814722911568,-4.285714285714281,-13.535292335655868,169.37,-7.672798561963819,169.37,0,25,20,20,148.815,159.265,154.04,159.265,142.71,,,,,,142.59833333333336,144.0766666666667,145.44333333333336,146.9216666666667,141.2316666666667,139.75333333333336,138.3866666666667,0,0,0,0,0,0,0,0,0,0,0,0,0,0,0,0,0,0,0,0,0,0,,,,,,,,,,,,,,,,,,USD,1.0,stock,27.0
2026-03-20,141.61,143.3,139.34,141.2,6900740,155.5195,160.86,,153.29651451666146,158.64909401857756,160.53056783597148,160.60455645710763,21.892341842397357,-5.344541736825363,-3.8450646373131288,-1.4994770995122342,0,4.49675,0.5,0.05,5030817.7,4445267.25,1.3716935121699996,1.552379106115611,8.286923591000159,6.54441447576756,0.410000000000025,1.6899999999999977,1.8599999999999852,,0,-8.566936626530788,-10.141288951841364,-13.923512747875371,,0,,,-1.05808983252752,-6.465288818230008,-15.47946845444751,168.29,-7.890925997111779,168.29,0,25,20,20,147.925,158.375,153.15,158.375,141.2,,,,,,141.28,143.22,145.24,147.18,139.26,137.32,135.29999999999998,0,0,0,0,0,0,0,0,0,0,0,0,0,0,0,0,0,0,0,0,0,0,,,,,,,,,,,,,,,,,,USD,1.0,stock,27.0
2026-03-23,144.04,148.215,143.18,146.56,4924711,154.53050000000002,160.4864,,152.65494170555084,158.17501190020198,160.25392292832848,160.46480962668866,34.48724622592404,-5.200957270644949,-4.116243163979493,-1.084714106665456,1,4.667857142857143,0.5,0.05,4899775.9,4545401.95,1.0050890286635352,1.0834489565878767,32.1675206059256,15.778690516770828,2.5200000000000102,1.6550000000000011,0.8599999999999852,,0,-4.158666556735015,-5.438387008733635,-9.502183406113538,,0,,,3.7960339943342802,-2.2607535845281634,-11.89130696164482,168.29,-3.992626532396896,168.29,0,25,20,20,147.365,157.01999999999998,152.1925,158.375,146.56,,,,,,145.98499999999999,148.78999999999996,151.01999999999998,153.82499999999996,143.75499999999997,140.95,138.71999999999997,0,0,0,0,0,0,0,0,0,0,0,0,0,0,0,0,0,0,0,0,0,0,,,,,,,,,,,,,,,,,,USD,1.0,stock,25.0
2026-03-24,145.03,147.8,144.9,146.67,3036877,153.541,160.115,,152.08494725740314,157.72383496293915,159.98493435549028,160.32754783935843,30.315614617940227,-5.020417221407939,-4.297077975465182,-0.723339245942757,1,4.638928571428571,0.5,0.05,4614353.8,4573821.6,0.6581370071796402,0.6639692724351121,33.8881183541377,24.78085418368782,1.6399999999999864,1.1300000000000239,0.12999999999999545,,0,-3.6919255862842824,-4.684666257585062,-9.16683711733826,,0,,,0.07505458515282282,-1.6033811887830485,-11.888742040129774,168.16,-3.5604754810075847,168.16,0,25,20,20,146.41,155.42000000000002,150.91500000000002,158.375,146.67,,,,,,146.45666666666668,148.01333333333335,149.35666666666668,150.91333333333336,145.11333333333334,143.55666666666667,142.21333333333334,0,0,0,0,0,0,0,0,0,0,0,0,0,0,0,0,0,0,0,0,0,0,,,,,,,,,,,,,,,,,,USD,1.0,stock,25.0
2026-03-25,148.48,149.17,146.47,148.05,2238540,152.66649999999998,159.71720000000002,,151.70066656622188,157.34446888596116,159.74859902171818,160.20538318424045,37.568555758683765,-4.711670262929857,-4.379996432958118,-0.33167382997173966,1,4.391071428571428,0.5,0.05,4482778.1,4536342.6,0.4993644454540367,0.49346801980961497,50.72801397786846,38.92788431264392,0.4299999999999784,0.6899999999999977,1.5800000000000125,,0,-2.465833546924601,-3.1182033096926536,-7.88058088483621,,0,,,0.940887707097593,2.0471464019851116,-10.565422254440005,168.16,-2.4064934247525187,168.16,0,25,20,20,146.04500000000002,154.35500000000002,150.20000000000002,158.375,148.05,,,,,,147.89666666666668,149.32333333333335,150.59666666666666,152.02333333333334,146.62333333333336,145.1966666666667,143.92333333333337,0,0,0,0,0,0,0,0,0,0,0,0,0,0,0,0,0,0,0,0,0,0,,,,,,,,,,,,,,,,,,USD,1.0,stock,25.0
2026-03-26,147.09,147.4,143.711,143.99,2812180,151.5575,159.20860000000002,,150.96631736943885,156.82076422376662,159.4365475559416,160.04403608787985,36.17957746478878,-4.739954893604505,-4.451988125087395,-0.28796676851711034,1,4.383142857142856,0.5,0.05,4195680.1,4503244.65,0.6702560569381827,0.6244786189886441,27.082119976703606,37.23275076956992,3.0999999999999943,0.3100000000000023,0.27899999999999636,,0,-4.845001298311581,-5.2555733037016426,-10.569206194874651,,0,,,-2.7423167848699803,0.8969238315464922,-13.347776373593302,166.05,-4.621108530034998,166.05,0,25,20,20,146.04500000000002,154.35500000000002,150.20000000000002,158.375,143.99,,,,,,145.03366666666668,146.35633333333334,148.72266666666667,150.04533333333333,142.66733333333335,141.34466666666668,138.97833333333335,0,0,0,0,0,0,0,0,0,0,0,0,0,0,0,0,0,0,0,0,0,0,,,,,,,,,,,,,,,,,,USD,1.0,stock,25.0
2026-03-27,143.69,146.19,142.66,143.04,3428091,150.4435,158.6696,,150.21143000092084,156.28034209734437,159.11186344592292,159.87484169894572,37.08270676691731,-4.783882112582063,-4.5183669225863285,-0.2655151899957344,1,4.228857142857142,0.5,0.05,4137414.9,4406292.5,0.8285586731947043,0.777998963981624,21.549213744903852,33.11978256649197,0.6500000000000057,2.5,0.37999999999999545,,0,-5.013583613619163,-5.175824944071595,-10.926733780760635,,0,,,-0.659768039447195,1.3031161473087804,-13.476893297846605,164.225,-4.774223906181365,164.225,0,25,20,20,145.495,154.35500000000002,149.925,158.375,143.04,,,,,,143.96333333333334,145.26666666666668,147.49333333333334,148.79666666666668,141.73666666666668,140.43333333333334,138.20666666666668,0,0,0,0,0,0,0,0,0,0,0,0,0,0,0,0,0,0,0,0,0,0,,,,,,,,,,,,,,,,,,USD,1.0,stock,25.0
2026-03-30,143.7,143.9069,141.76,142.52,2483552,149.4965,158.09799999999998,,149.47891285797598,155.740720838625,158.7833116945185,159.7021567069164,28.888888888888957,-4.805262331295722,-4.575746004328208,-0.22951632696751467,1,4.032207142857144,0.5,0.05,3875280.4,4331248.7,0.6408702709615541,0.5734032312667707,19.813084112149596,22.814805944585682,1.1799999999999784,0.20690000000001874,0.7600000000000193,,0,-4.882762319657574,-4.895102441762551,-10.93039573393206,,0,,,-0.3635346756151958,-2.756550218340603,-11.730459556546514,161.785,-4.65544786547105,161.785,0,25,20,20,144.255,153.815,149.035,158.375,142.52,,,,,,142.72896666666668,143.69793333333337,144.8758666666667,145.84483333333338,141.55103333333335,140.58206666666666,139.40413333333333,0,0,0,0,0,0,0,0,0,0,0,0,0,0,0,0,0,0,0,0,0,0,,,,,,,,,,,,,,,,,,USD,1.0,stock,27.0
2026-03-31,144.41,145.29,141.78,145.23,3384956,148.834,157.6466,,149.0742544905497,155.32853570769853,158.51492928472604,159.55815514764362,34.838316046369755,-4.551070054432699,-4.570810814349106,0.01974075991640678,1,4.105778571428573,0.5,0.05,3772542.4,4297972.05,0.8972612209739512,0.7875705008365516,41.6548797736916,27.672392543581676,0.8199999999999932,0.060000000000002274,2.6299999999999955,,0,-2.6470112859255677,-2.4815809405770253,-8.549610961922479,,0,,,1.9014875105248352,-0.9817958682757144,-8.360676426047453,161.785,-2.5787514441626147,161.785,0,25,20,20,144.255,153.815,149.035,158.375,145.23,,,,,,144.1,146.42,147.60999999999999,149.92999999999998,142.91,140.59,139.4,0,0,0,0,0,0,0,0,0,0,0,0,0,0,0,0,0,0,0,0,0,0,,,,,,,,,,,,,,,,,,USD,1.0,stock,25.0
2026-04-01,146.02,147.28,145.17,145.25,2419779,148.052,157.4292,,148.710039777164,154.93329901327897,158.25225741770174,159.415785444682,42.79835390946504,-4.298457073364148,-4.5163400661521145,0.21788299278796686,1,3.7636357142857184,0.5,0.05,3590561.4,4225658.95,0.6739277595977052,0.5726394459732724,44.07158836689037,35.17985075091051,0.7700000000000102,1.259999999999991,0.0800000000000125,,0,-2.382127213193813,-1.9290877796901842,-8.384991394148027,,0,,,0.013771259381667456,-1.891252955082745,-9.720927341662,160.97,-2.326702206756681,160.97,0,25,20,20,144.255,153.75,149.0025,158.375,145.25,,,,,,145.9,146.63000000000002,148.01000000000002,148.74000000000004,144.52,143.79,142.41,0,0,0,0,0,0,0,0,0,0,0,0,0,0,0,0,0,0,0,0,0,0,,,,,,,,,,,,,,,,,,USD,1.0,stock,25.0
2026-04-02,142.34,146.17,142.145,144.47,1782939,147.46499999999997,157.201,,148.30622646505316,154.52297356177783,157.9793414292324,159.26707116165034,37.34892787524367,-4.113777876534215,-4.435827628228535,0.32204975169431993,1,3.8161357142857173,0.5,0.05,3341236.5,4087896.0,0.5336165219073837,0.436150772915945,38.25503355704696,41.32716723254297,2.1299999999999955,1.6999999999999886,0.19499999999999318,,0,-2.655379293315677,-2.073094760157802,-8.812210147435449,,0,,,-0.5370051635111839,0.3333564830890978,-7.515523974137384,156.51,-2.586692788624843,156.51,0,25,20,20,145.46499999999997,153.75,149.6075,158.375,144.47,,,,,,144.26166666666666,146.3783333333333,148.28666666666663,150.40333333333328,142.35333333333332,140.23666666666668,138.32833333333335,0,0,0,0,0,0,0,0,0,0,0,0,0,0,0,0,0,0,0,0,0,0,,,,,,,,,,,,,,,,,,USD,1.0,stock,25.0
2026-04-06,144.02,145.1525,143.5101,144.5,2151061,147.0195,156.8784,,147.94372870647666,154.12991577504144,157.71242377716837,159.12013513019113,38.95419537900287,-3.9198123761513557,-4.332624577813099,0.41281220166174304,1,3.603450000000003,0.5,0.05,2866268.6,3948543.15,0.7504743274932433,0.5447733298799078,41.91714053614944,41.41458748669558,0.47999999999998977,0.6525000000000034,0.509900000000016,,0,-2.383203257077275,-1.7435986159169505,-8.56636678200692,,0,,,0.020765556863011625,1.0206935123042493,-5.807965582426178,156.51,-2.3277287496985353,156.51,0,25,20,20,145.46499999999997,152.695,149.07999999999998,158.375,144.5,,,,,,144.38753333333332,145.26496666666665,146.02993333333333,146.90736666666666,143.62256666666664,142.7451333333333,141.98016666666663,0,0,0,0,0,0,0,0,0,0,0,0,0,0,0,0,0,0,0,0,0,0,,,,,,,,,,,,,,,,,,USD,1.0,stock,25.0
2026-04-07,143.83,144.7,142.64,144.35,2887043,146.6555,156.5118,,147.60146882966936,153.7463896662163,157.44782132613534,158.97316861148275,40.158796489761805,-3.735140689228615,-4.213127800096203,0.4779871108675877,1,3.4898785714285743,0.5,0.05,2662501.8,3781138.85,1.0843346659897095,0.7635379483617747,50.96642929806713,43.712867797087846,0.5199999999999818,0.3499999999999943,1.1900000000000261,,0,-2.252489663782032,-1.597159681330097,-8.4252164877035,,0,,,-0.10380622837370401,1.2840303115352114,-4.8011607201741135,156.51,-2.2028702393344926,156.51,0,25,20,20,145.46499999999997,151.7825,148.62374999999997,158.375,144.35,,,,,,143.89666666666665,145.1533333333333,145.95666666666665,147.2133333333333,143.0933333333333,141.83666666666664,141.0333333333333,0,0,0,0,0,0,0,0,0,0,0,0,0,0,0,0,0,0,0,0,0,0,,,,,,,,,,,,,,,,,,USD,1.0,stock,25.0
2026-04-08,148.98,150.24,147.02,149.17,4223629,146.3515,156.3048,,147.75085275065325,153.56692340479603,157.28390407215247,158.87562464519934,58.25595478401285,-3.16338776426943,-4.003179792930848,0.8397920286614182,1,3.5563071428571464,0.5,0.05,2781177.0,3697765.4,1.518648040020466,1.1422111851660466,90.18348623853191,61.02235202424949,0.18999999999999773,1.0700000000000216,1.9599999999999795,,0,0.9513623713526419,1.8894549842461625,-4.78299926258632,,0,,,3.339106338759956,2.7129380981890883,-3.916264090177146,155.39,0.9605002089170422,155.39,0,25,20,20,146.0,150.5625,148.28125,158.375,149.17,,,,,,148.80999999999997,150.59999999999994,152.02999999999997,153.81999999999994,147.37999999999994,145.58999999999997,144.15999999999994,0,0,0,0,0,0,0,0,0,0,0,0,0,0,0,0,0,0,0,0,0,0,,,,,,,,,,,,,,,,,,USD,1.0,stock,25.0
2026-04-09,148.18,151.44,147.68,150.5,2825888,146.118,156.1538,,148.0126762982101,153.4466518987256,157.14956933805044,158.7922850964909,66.41382216603449,-2.5732863243239876,-3.7172010992094764,1.1439147748854888,1,3.542021428571431,0.5,0.05,2839911.8,3661344.95,0.9950618888938735,0.7718169248161116,92.23140495867769,77.79377349842558,2.319999999999993,0.9399999999999977,0.5,,0,1.652706778597943,2.9116279069767477,-3.756677740863781,,0,,,0.8916001877053104,3.6144578313253017,-3.0096023715924347,153.48,1.6804801885877279,153.48,0,25,20,20,146.6,150.5625,148.58125,158.375,150.5,,,,,,149.87333333333333,152.06666666666666,153.63333333333333,155.82666666666665,148.30666666666667,146.11333333333334,144.54666666666668,0,0,0,0,0,0,0,0,0,0,0,0,0,0,0,0,0,0,0,0,0,0,,,,,,,,,,,,,,,,,,USD,1.0,stock,25.0
2026-04-10,151.22,151.5,149.7,150.32,1826290,146.179,156.04139999999998,,148.2324214126663,153.3240380987756,157.01433034125736,158.7079837522472,70.35714285714283,-2.0959899104143176,-3.392958861450445,1.2969689510361273,1,3.387735714285717,0.5,0.05,2741322.8,3468501.45,0.666207569571887,0.5265357464388547,87.8850102669404,90.09996715471668,0.9000000000000057,0.28000000000000114,0.6200000000000045,,0,1.3887563779495045,2.7547897817988236,-3.806146886641823,,0,,,-0.11960132890366237,4.049283588288222,0.8182427900737643,152.75,1.408314434479928,152.75,0,25,20,20,146.63,150.155,148.39249999999998,158.375,150.32,,,,,,150.50666666666666,151.31333333333333,152.30666666666667,153.11333333333334,149.51333333333332,148.70666666666665,147.7133333333333,0,0,0,0,0,0,0,0,0,0,0,0,0,0,0,0,0,0,0,0,0,0,,,,,,,,,,,,,,,,,,USD,1.0,stock,27.0
2026-04-13,149.93,152.79,148.7101,152.79,2489292,146.2705,155.96959999999999,,148.6664765162219,153.3030954282354,156.9306802354899,158.6490983417771,65.96617119425932,-1.5011167666341976,-3.014590442487196,1.5134736758529983,1,3.1780857142857144,0.5,0.05,2647442.9,3392428.9,0.9402627720507212,0.733778679930477,99.99999999999999,93.37213840853934,2.859999999999985,0.0,1.2198999999999955,,0,2.6988176476065755,4.266967733490408,-2.0810262451731094,,0,,,1.6431612559872244,5.73702422145328,1.2122416534181113,152.79,2.773674052420381,152.79,0,25,20,20,147.285,147.925,147.60500000000002,158.375,152.79,,,,,,151.4300333333333,154.14996666666661,155.5099333333333,158.2298666666666,150.07006666666663,147.35013333333333,145.99016666666665,0,0,0,0,0,0,0,0,0,0,0,0,0,0,0,0,0,0,0,0,0,0,,,,,,,,,,,,,,,,,,USD,1.0,stock,25.0
2026-04-14,153.16,154.16,152.38,152.55,2233160,146.40050000000002,155.9574,,149.03633589562935,153.27356227418693,156.84393409221286,158.58841079608777,64.96945010183305,-1.0370866196084023,-2.6190896779114374,1.5820030583030351,1,3.098085714285714,0.5,0.05,2622403.7,3248842.05,0.8515698784287102,0.6873710588669585,87.01612903225819,91.63371309973286,0.6099999999999852,1.0,0.17000000000001592,,0,2.303286859633341,4.03113733202228,-2.233628318584068,,0,,,-0.157078342823469,5.680637339799111,1.7339113037679432,154.16,2.357588894852657,154.16,0,25,20,20,148.1525,147.925,148.03875,158.375,152.55,,,,,,153.03,153.68,154.81,155.46,151.9,151.25,150.12,0,0,0,0,0,0,0,0,0,0,0,0,0,0,0,0,0,0,0,0,0,0,,,,,,,,,,,,,,,,,,USD,1.0,stock,25.0
2026-04-15,152.0,152.68,150.09,151.24,2837572,146.5095,155.9136,,149.24620866747418,153.19381473402274,156.73296510028783,158.51529228070382,58.15022994379151,-0.7662130101766707,-2.248514344364484,1.4823013341878135,0,3.090228571428572,0.5,0.05,2567665.3,3170103.85,1.105117555625338,0.8951037992020355,76.45161290322592,87.82258064516135,0.7599999999999909,0.6800000000000068,1.1500000000000057,,0,1.3182963055579415,3.1278101031473193,-3.09018778101031,,0,,,-0.8587348410357243,1.3876784876315718,1.462498322823036,154.16,1.3359075251070989,154.16,0,25,20,20,148.1525,147.925,148.03875,158.375,151.24,,,,,,151.33666666666667,152.58333333333334,153.92666666666668,155.17333333333335,149.99333333333334,148.74666666666667,147.40333333333334,0,0,0,0,0,0,0,0,0,0,0,0,0,0,0,0,0,0,0,0,0,0,,,,,,,,,,,,,,,,,,USD,1.0,stock,25.0
2026-04-16,151.49,152.87,150.43,150.55,2143933,146.78300000000002,155.81099999999998,,149.37037927057187,153.09013572484537,156.61053014780686,158.43603564109483,70.24691358024694,-0.6003010596512297,-1.9188716874218332,1.3185706277706035,0,2.9545857142857153,0.5,0.05,2540080.7,3065321.05,0.8440412936486623,0.6994154821074942,70.88709677419368,78.1182795698926,0.9399999999999977,1.3799999999999955,0.12000000000000455,,0,0.783540836551403,2.5021587512454304,-3.4945200929923392,,0,,,-0.4562285109759312,0.033222591362136455,3.770333609043286,154.16,0.789728683282884,154.16,0,25,20,20,148.39999999999998,147.365,147.8825,158.375,150.55,,,,,,151.28333333333333,152.13666666666666,153.72333333333333,154.57666666666665,149.69666666666666,148.84333333333333,147.25666666666666,0,0,0,0,0,0,0,0,0,0,0,0,0,0,0,0,0,0,0,0,0,0,,,,,,,,,,,,,,,,,,USD,1.0,stock,27.0
2026-04-17,152.84,156.38,151.91,154.55,4950480,147.375,155.62619999999998,,149.86367648289837,153.1473853042632,156.56972757062258,158.39736861979043,79.896103896104,-0.14438370742016104,-1.563974091421499,1.419590384001338,1,3.118871428571428,0.5,0.05,2856834.8,3099035.65,1.7328548364084617,1.5974259605564718,87.48290013679902,78.27386993807288,1.710000000000008,1.829999999999984,0.9300000000000068,,0,3.0322377981893505,4.642510514396642,-0.6963442251698295,,0,,,2.6569246097641885,2.8139968068121357,8.296545441805069,156.38,3.127057621355245,156.38,0,25,20,20,149.51,147.86,148.685,158.375,154.55,,,,,,154.28,156.65,158.75,161.12,152.18,149.81,147.71,0,0,0,0,0,0,0,0,0,0,0,0,0,0,0,0,0,0,0,0,0,0,,,,,,,,,,,,,,,,,,USD,1.0,stock,27.0
2026-04-20,154.02,154.93,151.015,151.4,4672682,147.885,155.3526,,150.00999300833664,153.07886039037052,156.46735672763995,158.32774306138455,70.2925045703839,-0.03682015558760554,-1.2585433042547205,1.221723148667115,0,3.2451642857142855,0.5,0.05,3108996.9,2987632.75,1.5029548598134659,1.5640081599721385,65.89041095890417,74.75346928996562,2.6200000000000045,0.9099999999999966,0.3850000000000193,,0,0.9181023723007725,2.3216644649934044,-2.6107001321003893,,0,,,-2.038175347783888,-0.9097454021860019,7.223796033994345,156.38,0.9266095969927295,156.38,0,25,20,20,151.7,147.86,149.78,158.375,151.4,,,,,,152.44833333333335,153.88166666666672,156.36333333333337,157.79666666666674,149.9666666666667,148.53333333333333,146.05166666666668,0,0,0,0,0,0,0,0,0,0,0,0,0,0,0,0,0,0,0,0,0,0,,,,,,,,,,,,,,,,,,USD,1.0,stock,27.0
2026-04-21,151.77,158.1435,146.86,148.47,7233665,147.9805,154.869,,149.86332700754267,152.89812076721873,156.30899322808273,158.22965606574888,57.33031674208146,-0.1858593083616995,-1.0440065050761165,0.858147196714417,0,3.8004142857142846,0.5,0.05,3543659.1,3103080.45,2.0412982162985145,2.331123899800922,39.534956402162685,64.30275583262194,3.3000000000000114,6.373499999999979,1.6099999999999852,,0,-0.9384569324056485,0.32969623492961037,-4.3099616084057395,,0,,,-1.9352708058124168,-2.6745329400196693,1.3032205240174566,158.1435,-0.9297317998769237,158.1435,0,25,20,20,152.50175000000002,148.74175,150.62175000000002,158.375,148.47,,,,,,151.15783333333334,155.45566666666667,162.44133333333332,166.73916666666665,144.1721666666667,139.87433333333337,132.88866666666672,0,0,0,0,0,0,0,0,0,0,0,0,0,0,0,0,0,0,0,0,0,0,,,,,,,,,,,,,,,,,,USD,1.0,stock,25.0
2026-04-22,150.62,150.91,144.75,145.78,4582964,147.93599999999998,154.37900000000002,,149.47443872111003,152.6189787763474,156.10049831267514,158.10577889096533,51.069842551473556,-0.5150967151406576,-0.9382245470890248,0.42312783194836723,0,4.089699999999998,0.5,0.05,3579592.6,3180384.8,1.2803032389775306,1.4410092766133207,22.72088008250771,42.715415814524846,4.840000000000003,0.28999999999999204,1.0300000000000011,,0,-2.534256222465381,-1.4789408698037985,-5.8986143503910125,,0,,,-1.8118138344446644,-3.610156043374768,-0.6068043908092902,158.1435,-2.471619062576398,158.1435,0,25,20,20,151.44675,148.74175,150.09425,158.375,145.78,,,,,,147.14666666666665,149.5433333333333,153.30666666666664,155.7033333333333,143.3833333333333,140.98666666666665,137.2233333333333,0,0,0,0,0,0,0,0,0,0,0,0,0,0,0,0,0,0,0,0,0,0,,,,,,,,,,,,,,,,,,USD,1.0,stock,25.0
2026-04-23,146.2,147.365,143.59,144.84,5138333,147.77550000000002,153.8072,,149.03306360481383,152.3139207851181,155.8775181480677,157.97378109105523,50.74207781789009,-0.842161957316307,-0.9190120291344813,0.07685007181817427,0,4.071842857142856,0.5,0.05,3810837.1,3325374.45,1.348347584839037,1.5451892943966055,14.190344115844917,25.482060200171762,1.3599999999999852,1.1650000000000205,1.25,,0,-2.8949624446381037,-2.0267191383595824,-6.191107428887042,,0,,,-0.6448072437920116,-3.792759880438401,-2.1681864235055803,158.1435,-2.8135123196101244,158.1435,0,25,20,20,150.86675,148.74175,149.80425,158.375,144.84,,,,,,145.26500000000001,146.94000000000003,149.04000000000002,150.71500000000003,143.16500000000002,141.49,139.39000000000001,0,0,0,0,0,0,0,0,0,0,0,0,0,0,0,0,0,0,0,0,0,0,,,,,,,,,,,,,,,,,,USD,1.0,stock,25.0
2026-04-24,144.41,146.28,144.0,145.99,5930968,147.8755,153.27,,148.74324802340297,152.06592389158408,155.68172570949213,157.85453948815916,52.85988483685223,-0.997074475176845,-0.9346245183429541,-0.062449956833890874,0,4.117385714285713,0.5,0.05,4221304.9,3481313.85,1.4050082001894721,1.7036579451174734,21.608023994582013,19.50641606431154,1.5800000000000125,0.28999999999999204,0.4099999999999966,,0,-1.8859154896931025,-1.2915268169052532,-4.986642920747997,,0,,,0.7939795636564551,-5.5386606276286,1.3889853462045965,158.1435,-1.8510070608178262,158.1435,0,25,20,20,150.86675,148.74175,149.80425,158.375,145.99,,,,,,145.42333333333332,146.84666666666664,147.70333333333332,149.12666666666664,144.56666666666663,143.14333333333332,142.28666666666663,0,0,0,0,0,0,0,0,0,0,0,0,0,0,0,0,0,0,0,0,0,0,,,,,,,,,,,,,,,,,,USD,1.0,stock,25.0
2026-04-27,145.68,147.2,144.66,145.77,2991030,148.012,152.6932,,148.46008154498364,151.81902491544352,155.48545391326456,157.73429531414763,52.718223583460976,-1.1246318669458901,-0.9726259880635413,-0.15200587888234884,0,4.151671428571427,0.5,0.05,4271478.7,3459460.8,0.700232919340087,0.8645942743447187,14.979214621912316,16.925860910779747,0.09000000000000341,1.4299999999999784,1.0200000000000102,,0,-1.8454287884912033,-1.5380393771009055,-4.749399739315345,,0,,,-0.1506952530995309,-3.7186261558784683,1.9085570469798752,158.1435,-1.811989806949236,158.1435,0,25,20,20,150.86675,148.74175,149.80425,158.375,145.77,,,,,,145.87666666666667,147.09333333333333,148.41666666666666,149.63333333333333,144.55333333333334,143.33666666666667,142.01333333333335,0,0,0,0,0,0,0,0,0,0,0,0,0,0,0,0,0,0,0,0,0,0,,,,,,,,,,,,,,,,,,USD,1.0,stock,25.0
2026-04-28,145.435,146.07,143.75,146.03,3726593,148.1875,152.1774,,148.22864520736616,151.59200433052416,155.2982172021108,157.6178346642556,42.717996289424896,-1.1910129360875032,-1.0163033776683337,-0.17470955841916957,0,3.8966714285714255,0.5,0.05,4420822.0,3521612.85,0.8429638198506975,1.0582063272514468,16.765726457553168,17.78432169134916,0.5949999999999989,0.03999999999999204,1.6850000000000023,,0,-1.5056120025790285,-1.4774361432582337,-4.2096829418612645,,0,,,0.17836317486450426,-1.643429649087358,2.4628122368790306,158.1435,-1.4832795673807417,158.1435,0,25,20,20,150.86675,149.95175,150.40925,158.375,146.03,,,,,,145.28333333333333,146.81666666666666,147.60333333333332,149.13666666666666,144.49666666666667,142.96333333333334,142.17666666666668,0,0,0,0,0,0,0,0,0,0,0,0,0,0,0,0,0,0,0,0,0,0,,,,,,,,,,,,,,,,,,USD,1.0,stock,25.0
2026-04-29,145.8,146.57,143.37,143.87,3757630,148.1195,151.7024,,147.81353613999795,151.28918063128793,155.07191587137592,157.4810402894869,35.194283162125956,-1.4017557915564112,-1.0933938604459492,-0.30836193111046195,0,3.856671428571425,0.5,0.05,4512827.8,3540246.55,0.832655303178198,1.0614034776758698,3.3844383524554136,11.709793143973627,1.9300000000000068,0.7699999999999818,0.5,,0,-2.7410413150746824,-2.953708208799599,-5.444081462431366,,0,,,-1.479148120249263,-1.3101934421731354,-0.9364456379535757,158.1435,-2.667912725031436,158.1435,0,25,20,20,150.75675,149.95175,150.35425,157.01999999999998,143.87,,,,,,144.60333333333332,145.83666666666664,147.8033333333333,149.03666666666663,142.63666666666666,141.40333333333334,139.43666666666667,0,0,0,0,0,0,0,0,0,0,0,0,0,0,0,0,0,0,0,0,0,0,,,,,,,,,,,,,,,,,,USD,1.0,stock,25.0
2026-04-30,144.0,146.895,143.83,146.52,5018108,148.183,151.3494,,147.6903422219029,151.10215393986488,154.90257100263582,157.3719752119796,42.35720032180212,-1.3394972789858457,-1.1426145441539286,-0.1968827348319171,1,3.947028571428567,0.5,0.05,4800245.3,3670163.0,1.0453857430994205,1.3672711538969795,21.321961620469143,13.824042143492571,2.5200000000000102,0.375,0.1699999999999875,,0,-0.7987593652080939,-1.134998634998623,-3.2960687960687904,,0,,,1.8419406408563432,1.1599005799503015,0.8743545611015646,158.1435,-0.7924297583009691,158.1435,0,25,20,20,150.75675,149.95175,150.35425,155.42000000000002,146.52,,,,,,145.74833333333333,147.66666666666666,148.81333333333333,150.73166666666665,144.60166666666666,142.68333333333334,141.53666666666666,0,0,0,0,0,0,0,0,0,0,0,0,0,0,0,0,0,0,0,0,0,0,,,,,,,,,,,,,,,,,,USD,1.0,stock,25.0
2026-05-01,147.28,147.32,142.2,142.5,2757948,148.0845,150.8984,,147.19602391505504,150.76481456967412,154.6569755372371,157.22399535912407,30.518742900416527,-1.596138076499102,-1.2333192506229633,-0.3628188258761387,0,4.021321428571426,0.5,0.05,4580992.1,3718913.45,0.6020416407179572,0.7416004801079734,1.8816445573431893,8.862681510089244,4.780000000000001,0.03999999999999204,0.30000000000001137,,0,-3.2954553789859906,-3.9189473684210467,-5.893614035087726,,0,,,-2.743652743652747,-2.390574696897052,-1.3636049006714224,158.1435,-3.1903198130983843,158.1435,0,25,20,20,150.17174999999997,149.95175,150.06175,154.35500000000002,142.5,,,,,,144.00666666666666,145.81333333333333,149.12666666666667,150.93333333333334,140.69333333333333,138.88666666666666,135.57333333333332,0,0,0,0,0,0,0,0,0,0,0,0,0,0,0,0,0,0,0,0,0,0,,,,,,,,,,,,,,,,,,USD,1.0,stock,25.0
2026-05-04,141.857,144.2524,141.39,141.56,4053603,147.9375,150.3884,,146.65925973266883,150.40384144929476,154.39762948699476,157.06813470878456,29.730726669125772,-1.8540060736790167,-1.357456615234174,-0.49654945844484266,0,4.098635714285712,0.5,0.05,4519084.2,3814040.55,0.8969965640383509,1.0628106720050472,1.0147133434805615,8.072773173764293,0.29699999999999704,2.395399999999995,0.17000000000001592,,0,-3.6021896953015164,-4.50515682396157,-6.2365074879909494,,0,,,-0.6596491228070156,-2.888111408383076,-2.03460207612457,158.1435,-3.4769435915357687,158.1435,0,25,20,20,146.14999999999998,149.76675,147.958375,154.35500000000002,141.56,,,,,,142.40079999999998,143.41159999999996,145.26319999999998,146.27399999999997,140.54919999999996,139.53839999999997,137.68679999999995,0,0,0,0,0,0,0,0,0,0,0,0,0,0,0,0,0,0,0,0,0,0,,,,,,,,,,,,,,,,,,USD,1.0,stock,27.0
2026-05-05,142.4,144.29,142.315,142.82,3386050,147.861,149.918,,146.29361594860512,150.1064359022636,154.16836949715326,156.92636222412003,34.441980783444166,-1.9343983099461184,-1.472844954176563,-0.4615533557695555,1,4.108635714285711,0.5,0.05,4134322.7,3838990.9,0.8190096046445527,0.8820156359318279,8.535529889276907,3.810629263366882,0.4199999999999875,1.4699999999999989,0.08500000000000796,,0,-2.4321635265404913,-3.529617700602154,-4.96989217196472,,0,,,0.8900819440519792,-2.1981784564815476,-1.0599237963283659,158.1435,-2.3744138977503,158.1435,0,25,20,20,144.3775,149.76675,147.072125,154.35500000000002,142.82,,,,,,143.14166666666668,143.96833333333336,145.11666666666667,145.94333333333336,141.99333333333337,141.16666666666669,140.01833333333337,0,0,0,0,0,0,0,0,0,0,0,0,0,0,0,0,0,0,0,0,0,0,,,,,,,,,,,,,,,,,,USD,1.0,stock,25.0
2026-05-06,144.99,148.32,144.475,146.54,4910368,147.7295,149.5196,,146.31708109635701,149.96657567080229,154.01731267542743,156.82301533631784,43.3366566965769,-1.678587118304165,-1.5139933870020834,-0.16459373130208155,1,4.32720714285714,0.5,0.05,4167063.1,3873327.85,1.178376204574392,1.2677387998539809,30.7398454054377,13.430029546065052,1.549999999999983,1.7800000000000011,0.5150000000000148,,0,0.15212153926776123,-0.8117237614303328,-2.033301487648427,,0,,,2.604677216076179,1.8558420796552344,-1.7630890929811627,158.1435,0.1523533014550599,158.1435,0,25,20,20,144.855,149.76675,147.310875,153.815,146.54,,,,,,146.44499999999996,148.41499999999994,150.28999999999996,152.25999999999993,144.56999999999994,142.59999999999997,140.72499999999994,0,0,0,0,0,0,0,0,0,0,0,0,0,0,0,0,0,0,0,0,0,0,,,,,,,,,,,,,,,,,,USD,1.0,stock,25.0
2026-05-07,146.43,146.94,143.47,143.75,2764418,147.392,149.0838,,146.07259718241824,149.72278838959434,153.81399955314174,156.6929355817276,31.301939058171726,-1.6816001491453108,-1.5475147394307291,-0.1340854097145816,1,4.158635714285713,0.5,0.05,3929671.6,3870254.35,0.7034730332173305,0.7142729521123076,14.086608768317147,17.78732802101058,2.680000000000007,0.5099999999999909,0.28000000000000114,,0,-1.615719779073555,-2.5335652173913017,-3.710469565217389,,0,,,-1.9039170192438837,-1.8905268905269002,-4.485049833887045,158.1435,-1.590029360207604,158.1435,0,25,20,20,144.855,149.76675,147.310875,153.815,143.75,,,,,,144.72,145.97,148.19,149.44,142.5,141.25,139.03,0,0,0,0,0,0,0,0,0,0,0,0,0,0,0,0,0,0,0,0,0,0,,,,,,,,,,,,,,,,,,USD,1.0,stock,25.0
2026-05-08,144.72,145.3,142.8,143.29,2565966,147.0405,148.62619999999998,,145.80758792694985,149.4705221782377,153.60560352238645,156.5595730386258,34.51699121802213,-1.7014924080761773,-1.5783102731598189,-0.12318213491635843,1,4.057564285714283,0.5,0.05,3593171.4,3907238.15,0.7141229054645153,0.6567211676104258,11.340913838899366,18.722456004218067,1.4300000000000068,0.5800000000000125,0.4899999999999807,,0,-1.7569878756018273,-2.6174192197641264,-3.7240561099867344,,0,,,-0.32000000000000917,0.5543859649122851,-4.676689728579031,158.1435,-1.7266508298670842,158.1435,0,25,20,20,144.855,149.76675,147.310875,153.75,143.29,,,,,,143.79666666666665,144.7933333333333,146.29666666666665,147.2933333333333,142.2933333333333,141.29666666666665,139.7933333333333,0,0,0,0,0,0,0,0,0,0,0,0,0,0,0,0,0,0,0,0,0,0,,,,,,,,,,,,,,,,,,USD,1.0,stock,25.0
2026-05-11,143.5,144.81,142.88,143.34,3319348,146.568,148.1866,,145.57257955295464,149.23010954379703,153.40232424471543,156.4280349984405,38.99613899613901,-1.693698680365884,-1.601387954601032,-0.09231072576485211,1,3.389457142857142,0.5,0.05,3626003.2,3948740.95,0.9154288666926714,0.840609207347471,20.48319327731108,15.303571961509194,0.1599999999999966,1.3100000000000023,0.46000000000000796,,0,-1.5575411978196125,-2.2519882796149076,-3.381191572484997,,0,,,0.034894270360807944,1.2574173495337737,-6.184959748674645,158.1435,-1.5336539063955321,158.1435,0,25,20,20,144.855,149.76675,147.310875,153.75,143.34,,,,,,143.67666666666665,144.4733333333333,145.60666666666665,146.4033333333333,142.5433333333333,141.74666666666664,140.6133333333333,0,0,0,0,0,0,0,0,0,0,0,0,0,0,0,0,0,0,0,0,0,0,,,,,,,,,,,,,,,,,,USD,1.0,stock,25.0
2026-05-12,143.62,144.6,142.02,143.21,2798587,146.101,147.8216,,145.34757197648278,148.99402681658933,153.20049604184976,156.2965122621376,43.80722891566267,-1.6786614443493875,-1.6168426525507031,-0.061818791798684325,1,3.133742857142855,0.5,0.05,3533202.6,3977012.3,0.79208223157087,0.7036908082984807,26.262626262626547,19.362244459612327,0.4099999999999966,0.9799999999999898,1.1899999999999977,,0,-1.492613627877086,-2.0187137769708756,-3.2201661895118923,,0,,,-0.09069345611831814,0.27307099845961247,-6.122582759750905,158.1435,-1.4706623216441717,158.1435,0,25,20,20,144.855,149.76675,147.310875,152.695,143.21,,,,,,143.27666666666667,144.53333333333333,145.85666666666665,147.11333333333332,141.95333333333335,140.6966666666667,139.37333333333336,0,0,0,0,0,0,0,0,0,0,0,0,0,0,0,0,0,0,0,0,0,0,,,,,,,,,,,,,,,,,,USD,1.0,stock,25.0
2026-05-13,147.01,149.755,146.02,147.1,7625853,145.894,147.59400000000002,,145.51446988348442,148.91975125515447,153.07969414003097,156.20500467743972,54.767932489451454,-1.3374366988168163,-1.5609614618039258,0.22352476298710955,1,3.331599999999997,0.5,0.05,3920024.9,4216426.35,1.9453583062699424,1.8086057639783037,68.26060968320385,38.33547640771382,0.09000000000000341,2.655000000000001,0.9899999999999807,,0,1.077858678800524,0.8198504418762671,-0.3358259687287751,,0,,,2.7162907618182963,0.3821482189163339,-2.7373710658555983,158.1435,1.0896030599466349,158.1435,0,25,20,20,145.5725,149.76675,147.669625,151.7825,147.1,,,,,,147.625,149.23,151.35999999999999,152.96499999999997,145.495,143.89000000000001,141.76000000000002,0,0,0,0,0,0,0,0,0,0,0,0,0,0,0,0,0,0,0,0,0,0,,,,,,,,,,,,,,,,,,USD,1.0,stock,25.0
2026-05-14,148.04,148.06,144.68,145.12,4105608,145.6225,147.2786,,145.47690132315256,148.77074140201117,152.9220764342878,156.09470612343534,48.22666123114552,-1.2128026480568792,-1.4913296990545164,0.2785270509976372,1,3.4101714285714246,0.5,0.05,3828774.9,4314510.1,1.0723033103878736,0.9515815016865995,44.59055588762719,46.37126394448586,2.9199999999999875,0.020000000000010232,0.4399999999999977,,0,-0.24593531088241177,-0.34626515986769413,-1.4874586549062894,,0,,,-1.3460231135282053,0.9530434782608621,-3.6067751577549045,158.1435,-0.24533195298115368,158.1435,0,25,20,20,145.5725,149.76675,147.669625,150.5625,145.12,,,,,,145.95333333333335,147.2266666666667,149.33333333333334,150.60666666666668,143.8466666666667,142.57333333333335,140.4666666666667,0,0,0,0,0,0,0,0,0,0,0,0,0,0,0,0,0,0,0,0,0,0,,,,,,,,,,,,,,,,,,USD,1.0,stock,25.0
2026-05-15,144.38,146.86,144.38,146.22,5276157,145.20600000000002,147.0788,,145.54767262570948,148.6707123274225,152.7893620494504,155.99645034111262,50.885478158205416,-1.0135844869423352,-1.39578065663208,0.3821961696897449,1,3.4058857142857124,0.5,0.05,4080595.8,4330793.95,1.292986921174599,1.2182886234982386,57.740585774058665,56.863917114963236,1.8400000000000034,0.6400000000000148,0.0,,0,0.4598053442008739,0.6934755847353177,-0.5873341540145003,,0,,,0.757993384784994,2.0448042431432834,-5.3898414752507335,158.1435,0.4619293199002058,158.1435,0,25,20,20,145.8875,149.76675,147.827125,150.5625,146.22,,,,,,145.82000000000002,147.26000000000005,148.30000000000004,149.74000000000007,144.78000000000003,143.34,142.3,0,0,0,0,0,0,0,0,0,0,0,0,0,0,0,0,0,0,0,0,0,0,,,,,,,,,,,,,,,,,,USD,1.0,stock,25.0
2026-05-18,146.6,152.69,146.495,152.53,5520476,145.2625,147.0612,,146.2126561851657,148.82205694203338,152.78422616728307,155.96195829791748,60.330578512396706,-0.3425892383546625,-1.1851423729765966,0.8425531346219342,1,3.702314285714284,0.5,0.05,4227283.1,4373183.65,1.305915849354873,1.262347168978371,98.5840707964602,66.97173748604868,5.930000000000007,0.1599999999999966,0.10499999999998977,,0,4.141705772526249,4.7646364649577215,3.5853930374352507,,0,,,4.315415127889488,6.411329705595081,0.7463672391017084,158.1435,4.320654572360629,158.1435,0,25,20,20,147.35500000000002,149.76675,148.560875,150.155,152.53,,,,,,150.5716666666667,154.64833333333337,156.76666666666668,160.84333333333336,148.45333333333338,144.3766666666667,142.25833333333338,0,0,0,0,0,0,0,0,0,0,0,0,0,0,0,0,0,0,0,0,0,0,,,,,,,,,,,,,,,,,,USD,1.0,stock,25.0
2026-05-19,151.36,151.36,148.36,149.36,4629317,145.307,147.0158,,146.51240321514996,148.84315274822814,152.716419708525,155.89626717057502,58.45395749923008,-0.06585405227198748,-0.9612847088356749,0.8954306565636874,1,3.7715999999999985,0.5,0.05,4351609.8,4242966.25,1.0638171188970114,1.0910567577576182,70.53097345132761,75.61854334061549,2.0,0.0,1.0,,0,1.90653239478445,2.7135779325120684,1.5694965184788432,,0,,,-2.078279682685369,4.294392849661333,0.5994476998720355,152.69,1.9435875204834547,152.69,0,25,20,20,147.35500000000002,149.76675,148.560875,148.74175,149.36,,,,,,149.69333333333336,151.0266666666667,152.69333333333336,154.0266666666667,148.0266666666667,146.69333333333336,145.0266666666667,0,0,0,0,0,0,0,0,0,0,0,0,0,0,0,0,0,0,0,0,0,0,,,,,,,,,,,,,,,,,,USD,1.0,stock,25.0
2026-05-20,149.8,150.865,147.55,149.78,3873136,145.507,146.9064,,146.82360290894522,148.87989185614077,152.6582727836037,155.8354087907683,55.39021164021163,0.18521601149390676,-0.7319845647697586,0.9172005762636654,1,3.7894571428571413,0.5,0.05,4247886.6,4207474.85,0.9117795187847059,0.9205369344037792,74.24778761061953,81.12094395280245,0.020000000000010232,1.0649999999999977,2.2299999999999898,,0,1.973826339334212,2.8528508479102657,1.918547202563767,,0,,,0.28119978575253946,1.8218898708361797,2.7438606118809217,152.69,2.01357072873919,152.69,0,25,20,20,147.35500000000002,149.76675,148.560875,148.74175,149.78,,,,,,149.39833333333334,151.24666666666667,152.71333333333334,154.56166666666667,147.93166666666667,146.08333333333334,144.61666666666667,0,0,0,0,0,0,0,0,0,0,0,0,0,0,0,0,0,0,0,0,0,0,,,,,,,,,,,,,,,,,,USD,1.0,stock,25.0
2026-05-21,148.77,152.92,147.318,151.6,2834762,145.845,146.835,,147.27849786999803,148.98656276374308,152.63731688689867,155.79326541971588,66.22681883024254,0.5249977878176537,-0.4805880942522761,1.00558588206993,1,3.823885714285711,0.5,0.05,4254921.0,4092296.3,0.6662314059414969,0.6927069283815055,88.55160450997404,77.77678852397372,2.829999999999984,1.3199999999999932,1.4519999999999982,,0,2.85059507256066,3.7961741424802082,3.1431398416886456,,0,,,1.2151155027373406,4.46527012127893,4.667219000276157,152.92,2.9342383256899645,152.92,0,25,20,20,147.47,149.76675,148.61837500000001,148.74175,151.6,,,,,,150.61266666666666,153.9073333333333,156.21466666666663,159.50933333333327,148.30533333333332,145.01066666666668,142.70333333333335,0,0,0,0,0,0,0,0,0,0,0,0,0,0,0,0,0,0,0,0,0,0,,,,,,,,,,,,,,,,,,USD,1.0,stock,25.0
2026-05-22,152.9,153.46,151.7038,152.44,3209711,146.16750000000002,146.9018,,147.7700695014268,149.12199167496883,152.63340962181158,155.75989959464408,69.47029348604156,0.8522342474693971,-0.21402362590794144,1.0662578733773387,1,3.752285714285711,0.5,0.05,4319295.5,3956233.45,0.7431098427972802,0.8113047525039251,91.08391608391598,84.62776940150319,0.46000000000000796,0.5600000000000023,0.7361999999999966,,0,3.063454800953289,4.1147336657045255,3.633035948569922,,0,,,0.5540897097625397,4.253864040486932,4.41811082950887,153.46,3.160268188496794,153.46,0,25,20,20,147.74,149.76675,148.753375,148.74175,152.44,,,,,,152.5346,153.36540000000002,154.29080000000002,155.12160000000003,151.60920000000002,150.7784,149.853,0,0,0,0,0,0,0,0,0,0,0,0,0,0,0,0,0,0,0,0,0,0,,,,,,,,,,,,,,,,,,USD,1.0,stock,25.0
2026-05-26,153.12,154.59,152.05,154.03,2319339,146.5805,146.96320000000003,,148.36625335843377,149.3144625896759,152.66106487682524,155.7426866633541,69.82667138309166,1.225741624718296,0.07392942421730606,1.1518122005009899,1,3.7387142857142828,0.5,0.05,4219294.6,3922648.9,0.5496982836894111,0.5912685685430578,95.54494828957834,91.72682296115613,0.9099999999999966,0.5600000000000023,1.0699999999999932,,0,3.6770412527210508,4.836395507368694,4.587937414789309,,0,,,1.0430333245867285,0.983413099062469,5.666460863003353,154.59,3.817408954773126,154.59,0,25,20,20,149.485,149.76675,149.625875,148.74175,154.03,,,,,,153.55666666666664,155.06333333333328,156.09666666666664,157.60333333333327,152.52333333333328,151.01666666666665,149.9833333333333,0,0,0,0,0,0,0,0,0,0,0,0,0,0,0,0,0,0,0,0,0,0,,,,,,,,,,,,,,,,,,USD,1.0,stock,25.0
2026-05-27,154.71,156.69,154.65,155.17,2878202,147.0375,147.06759999999997,,149.0142292290591,149.54409150772784,152.71074676045245,155.73698828859435,66.7964188400156,1.5953472151586823,0.3782129824055813,1.217134232753101,1,3.5358571428571395,0.5,0.05,4227256.1,3880229.35,0.6808676673268034,0.7417607930830171,89.63871847307422,92.08919428218951,0.45999999999997954,1.5200000000000102,0.060000000000002274,,0,3.9671139852683357,5.241025971515109,5.221627891989442,,0,,,0.7401155619035205,3.889930369576833,6.258987879202893,156.69,4.130995276617815,156.69,0,25,20,20,150.535,149.76675,150.15087499999998,148.74175,155.17,,,,,,155.50333333333333,156.35666666666665,157.54333333333332,158.39666666666665,154.31666666666666,153.46333333333334,152.27666666666667,0,0,0,0,0,0,0,0,0,0,0,0,0,0,0,0,0,0,0,0,0,0,,,,,,,,,,,,,,,,,,USD,1.0,stock,25.0
2026-05-28,153.94,154.2899,151.24,152.85,3224562,147.4865,147.1434,,149.37954073105348,149.67373497801304,152.7135042503445,155.70826203696654,68.04123711340209,1.6816724245902037,0.6389048708425058,1.042767553747698,0,3.568714285714281,0.5,0.05,3787127.0,3853575.95,0.8514533576507997,0.8367713629726177,73.82413087934556,86.33593254733272,1.0900000000000034,0.349899999999991,1.6099999999999852,,0,2.270500012395494,3.508995747464827,3.733464180569173,,0,,,-1.4951343687568452,2.0496728535184916,6.241746020713146,156.69,2.3232493900853606,156.69,0,25,20,20,150.535,149.04,149.7875,148.74175,152.85,,,,,,152.79330000000002,154.34660000000002,155.8432,157.3965,151.29670000000004,149.74340000000004,148.24680000000006,0,0,0,0,0,0,0,0,0,0,0,0,0,0,0,0,0,0,0,0,0,0,,,,,,,,,,,,,,,,,,USD,1.0,stock,25.0
2026-05-29,152.5,154.415,151.78,153.13,7901754,147.817,147.30440000000002,,149.736727328096,149.80927478279685,152.72175169093174,155.68260768834,69.64856230031955,1.7524779599044678,0.8616194886548982,0.8908584712495695,0,3.5783571428571372,0.5,0.05,4166741.6,3997758.25,1.8963868553787928,1.9765462306281276,75.73278800272662,79.73187911838214,0.6299999999999955,1.2849999999999966,0.7199999999999989,,0,2.215942448836927,3.4696009926206415,3.804349245738902,,0,,,0.18318613019299157,1.0092348284960417,4.511329511329509,156.69,2.266159233244632,156.69,0,25,20,20,151.5925,149.04,150.31625,148.74175,153.13,,,,,,153.10833333333332,154.43666666666664,155.7433333333333,157.07166666666663,151.80166666666665,150.47333333333333,149.16666666666666,0,0,0,0,0,0,0,0,0,0,0,0,0,0,0,0,0,0,0,0,0,0,,,,,,,,,,,,,,,,,,USD,1.0,stock,25.0
2026-06-01,150.33,151.06,148.398,150.93,2691101,148.2385,147.46880000000002,,149.85037234446781,149.8532247913146,152.68627145942816,155.6353180596003,63.957337256344296,1.6124825478583489,1.0117921004955885,0.6006904473627603,0,3.778499999999994,0.5,0.05,3908236.0,3994415.9,0.6885717750923946,0.673715774063487,60.73619631901843,70.0977050670302,0.5999999999999943,0.12999999999999545,1.9320000000000164,,0,0.7153168061566239,1.783277015835168,2.2932485258066593,,0,,,-1.436687781623447,-0.9905536604565723,5.915789473684208,156.69,0.7204704523859331,156.69,0,25,20,20,152.00400000000002,149.04,150.522,148.74175,150.93,,,,,,150.12933333333334,151.86066666666667,152.79133333333334,154.52266666666668,149.19866666666667,147.46733333333333,146.53666666666666,0,0,0,0,0,0,0,0,0,0,0,0,0,0,0,0,0,0,0,0,0,0,,,,,,,,,,,,,,,,,,USD,1.0,stock,25.0
2026-06-02,150.18,153.16,149.18,152.9,3391686,148.8055,147.7028,,150.14081307356614,149.97270617204737,152.6905037077563,155.60810096447992,66.68963141577683,1.6415746603822186,1.1377486124729146,0.503826047909304,0,3.8784999999999945,0.5,0.05,3695357.0,3961320.05,0.9178236365255102,0.8562009525082428,69.21202274573524,68.56033568916008,2.719999999999999,0.2599999999999909,1.0,,0,1.8045696052543292,2.6778940483976523,3.3990843688685475,,0,,,1.3052408401245552,-0.7336233201324371,8.010737496467923,156.69,1.837732772288852,156.69,0,25,20,20,152.00400000000002,149.04,150.522,148.74175,152.9,,,,,,151.74666666666667,154.31333333333333,155.72666666666666,158.29333333333332,150.33333333333334,147.76666666666668,146.35333333333335,0,0,0,0,0,0,0,0,0,0,0,0,0,0,0,0,0,0,0,0,0,0,,,,,,,,,,,,,,,,,,USD,1.0,stock,25.0
2026-06-03,152.66,153.85,151.505,151.65,3330840,149.247,147.8046,,150.28454516179795,150.03848240059452,152.66989967393934,155.56871687528113,58.62068965517246,1.545945122782598,1.2193879145348514,0.3265572082477466,0,3.578499999999995,0.5,0.05,3565509.3,3958559.55,0.9341835120160814,0.8414272812947832,59.057676685621516,63.00196525012507,1.009999999999991,1.1899999999999977,0.14500000000001023,,0,0.9003988382473161,1.58456973293768,2.5357072205736975,,0,,,-0.8175277959450611,-2.268479731906925,6.18260747794428,156.69,0.9085796791226881,156.69,0,25,20,20,152.00400000000002,149.04,150.522,148.74175,151.65,,,,,,152.335,153.16500000000002,154.68,155.51000000000002,150.82000000000002,149.99,148.47500000000002,0,0,0,0,0,0,0,0,0,0,0,0,0,0,0,0,0,0,0,0,0,0,,,,,,,,,,,,,,,,,,USD,1.0,stock,25.0
2026-06-04,153.25,154.32,152.43,152.77,2473253,149.5585,147.9266,,150.52125514638863,150.14560073782613,152.6718818586138,155.54086894617387,64.9823736780259,1.542748816996209,1.2840600950271228,0.2586887219690861,0,3.527785714285709,0.5,0.05,3425521.0,3836703.8,0.7220078347206162,0.6446296427678363,68.15597075548345,65.4752233956134,0.47999999999998977,1.0699999999999932,0.3400000000000034,,0,1.4719806595610292,2.102179747332592,3.170386856058128,,0,,,0.7385426969996667,-0.052338894340842046,4.251398935444262,156.69,1.4939716330589856,156.69,0,25,20,20,152.54399999999998,149.04,150.79199999999997,149.76675,152.77,,,,,,153.17333333333332,153.91666666666663,155.0633333333333,155.80666666666662,152.02666666666664,151.28333333333333,150.13666666666666,0,0,0,0,0,0,0,0,0,0,0,0,0,0,0,0,0,0,0,0,0,0,,,,,,,,,,,,,,,,,,USD,1.0,stock,25.0
2026-06-05,153.59,154.64,152.69,153.76,2488404,150.05900000000003,148.0408,,150.82970703720875,150.28734188536237,152.69342875250263,155.52314885715722,64.83084185680569,1.6016377646906506,1.3475756289598284,0.25406213573082215,0,3.489928571428564,0.5,0.05,3390885.2,3822903.1,0.7338508540483765,0.6509199775427214,71.26042177538,66.15802307216165,0.1699999999999875,0.8799999999999955,0.9000000000000057,,0,1.9057576500983626,2.4069979188345245,3.719562955254944,,0,,,0.6480329907704308,0.4114151374648989,6.96347826086956,156.69,1.9427823738120482,156.69,0,25,20,20,152.54399999999998,149.04,150.79199999999997,149.76675,153.76,,,,,,153.69666666666666,154.70333333333332,155.64666666666665,156.6533333333333,152.75333333333333,151.74666666666667,150.80333333333334,0,0,0,0,0,0,0,0,0,0,0,0,0,0,0,0,0,0,0,0,0,0,,,,,,,,,,,,,,,,,,USD,1.0,stock,25.0
2026-06-08,152.8,156.08,152.25,153.85,3054404,150.58700000000002,148.238,,151.117353986046,150.42705396828933,152.71633115344318,155.50650060982233,53.43749999999999,1.6367030340844337,1.4054011099847494,0.2313019240996843,0,3.301357142857136,0.5,0.05,3375354.5,3847325.0,0.9049135431552449,0.7939032964462321,69.69696969696962,69.70445407594435,1.049999999999983,2.230000000000018,0.5500000000000114,,0,1.7761755046824805,2.120896977575546,3.6477088072798147,,0,,,0.05853277835587978,1.934671702113544,7.36966990020238,156.69,1.808293979397181,156.69,0,25,20,20,152.54399999999998,149.04,150.79199999999997,149.76675,153.85,,,,,,154.06000000000003,155.87000000000006,157.89000000000004,159.70000000000007,152.04000000000005,150.23000000000002,148.21000000000004,0,0,0,0,0,0,0,0,0,0,0,0,0,0,0,0,0,0,0,0,0,0,,,,,,,,,,,,,,,,,,USD,1.0,stock,25.0
2026-06-09,154.28,157.93,153.66,156.39,3434465,151.2395,148.505,157.5619,151.6195107492797,150.66089498914073,152.78907707119677,155.51529164853056,68.92837910608507,1.8481450196882747,1.4939498919254546,0.35419512776282014,1,3.308499999999995,0.5,0.05,3486867.1,3853080.85,0.9849715809357918,0.8913555499360986,85.48812664907632,75.48183937380865,2.109999999999985,1.5400000000000205,0.6200000000000045,,0,3.050379979998906,3.293369141249437,5.0418824733039145,-0.7493445872498384,0,,,1.6509587260318481,2.282537606278612,9.104227710339053,157.93,3.1463557870258807,157.93,0,25,20,20,153.164,149.66,151.41199999999998,149.76675,156.39,,,,,,155.99333333333334,158.32666666666668,160.26333333333335,162.5966666666667,154.05666666666667,151.72333333333333,149.78666666666666,0,0,0,0,0,0,0,0,0,0,0,0,0,0,0,0,0,0,0,0,0,0,,,,,,,,,,,,,,,,,,USD,1.0,stock,25.0
2026-06-10,154.36,163.01,151.72,156.85,7862123,151.92149999999998,148.79160000000002,157.55255,152.11765258268161,150.9036049895666,152.86949138661862,155.52857232864469,68.99516389038155,2.029438370008222,1.601047587542008,0.4283907824662141,1,3.878142857142852,0.5,0.05,3985259.2,4106257.65,1.972800915935405,1.9146687008303047,60.744328320163106,71.97647488873635,2.4899999999999807,6.159999999999997,2.640000000000015,,0,3.017116619265783,3.142174051641705,5.137647433853987,-0.44791201785145185,0,,,0.2941364537374591,3.4289482360698953,9.524474547866756,163.01,3.110978467634565,163.01,0,25,20,20,155.704,152.515,154.1095,152.2,156.85,,,,,,157.19333333333336,162.6666666666667,168.48333333333335,173.9566666666667,151.37666666666672,145.90333333333336,140.08666666666673,0,0,0,0,0,0,0,0,0,0,0,0,0,0,0,0,0,0,0,0,0,0,,,,,,,,,,,,,,,,,,USD,1.0,stock,25.0
2026-06-11,158.48,159.6107,155.135,157.91,4873937,152.462,149.0452,157.56285,152.66930471766432,151.17836557821104,152.96930343836874,155.55226812636963,67.67507002801125,2.232908221455375,1.7274197143246817,0.5054885071306934,1,3.797692857142855,0.5,0.05,4150196.7,3968661.85,1.1743869874890507,1.2281058916621983,65.09718039967153,70.44321178963698,0.5699999999999932,1.1307000000000187,2.7750000000000057,,0,3.3187861961469696,3.450066493572293,5.613830663035908,0.21984041542650826,0,,,0.6758049091488694,3.3645349217778175,7.348742352141402,163.01,3.432710519005405,163.01,0,25,20,20,155.704,152.515,154.1095,152.2,157.91,,,,,,157.55190000000002,159.96880000000004,162.02760000000004,164.44450000000006,155.49310000000003,153.0762,151.0174,0,0,0,0,0,0,0,0,0,0,0,0,0,0,0,0,0,0,0,0,0,0,,,,,,,,,,,,,,,,,,USD,1.0,stock,25.0
2026-06-12,159.87,159.9857,156.27,158.32,4576913,153.122,149.3066,157.5716,153.20746617312486,151.45842967318316,153.0752578257278,155.57980774700275,66.87715269804825,2.3995822279002255,1.8618522170397904,0.537730010860435,1,3.930242857142854,0.5,0.05,3817712.6,3992227.1,1.1988626383243202,1.1464560721007078,67.90309334793321,64.58153402258928,1.5500000000000114,0.11570000000000391,2.049999999999983,,0,3.2292406688195654,3.2832238504294966,5.693153107630111,0.4727134916624582,0,,,0.25964156798174987,2.96566077003122,9.095920617420061,163.01,3.3370004442851107,163.01,0,25,20,20,156.095,152.515,154.305,152.2,158.32,,,,,,158.1919,160.1138,161.9076,163.8295,156.3981,154.4762,152.6824,0,0,0,0,0,0,0,0,0,0,0,0,0,0,0,0,0,0,0,0,0,0,,,,,,,,,,,,,,,,,,USD,1.0,stock,25.0
2026-06-15,161.41,162.4,157.21,158.23,4426175,153.7225,149.58180000000002,157.58010000000002,153.68580272806534,151.7239814507054,153.1773319281886,155.60617781917188,63.19095477386934,2.495642122090345,1.9886101980499014,0.5070319240404437,0,4.119528571428568,0.5,0.05,3991220.0,3949728.0,1.1089779566147695,1.1206278001928234,67.28716123733915,66.76247832831463,3.180000000000007,0.9900000000000091,1.0199999999999818,,0,2.8718936181094925,2.8487012576628916,5.465588068002259,0.4107312140554724,0,,,-0.05684689236988838,2.846928826779327,8.21365066338393,163.01,2.9568100574489895,163.01,0,25,20,20,157.2575,152.515,154.88625,152.2,158.23,,,,,,159.28,161.35,164.47,166.54,156.16,154.09,150.97,0,0,0,0,0,0,0,0,0,0,0,0,0,0,0,0,0,0,0,0,0,0,,,,,,,,,,,,,,,,,,USD,1.0,stock,25.0
2026-06-16,159.63,163.15,158.42,161.63,3430510,154.1775,149.9244,157.60045,154.4423929444401,152.11245276636402,153.34471149396705,155.66611634833436,67.76677667766782,2.8136874281128996,2.153625644062501,0.6600617840503986,1,4.280957142857141,0.5,0.05,3995102.4,3845229.7,0.8586788664040251,0.8921469632880449,89.6963123644251,74.96218898323248,2.0,1.5200000000000102,1.210000000000008,,0,4.446951095440147,4.610839571861651,7.242219884922356,2.4930705933304464,0,,,2.1487707767174458,3.350597864313576,5.966039467645712,163.15,4.653908113263705,163.15,0,25,20,20,157.435,152.585,155.01,152.26999999999998,161.63,,,,,,161.06666666666666,163.71333333333334,165.79666666666668,168.44333333333336,158.98333333333332,156.33666666666664,154.2533333333333,0,0,0,0,0,0,0,0,0,0,0,0,0,0,0,0,0,0,0,0,0,0,,,,,,,,,,,,,,,,,,USD,1.0,stock,25.0
2026-06-17,161.5,164.3,158.87,159.23,3781599,154.671,150.222,157.61895,154.89835552116006,152.3915722657223,153.46125186042315,155.70157787720666,67.46987951807229,2.8393504179811373,2.2907705988462284,0.5485798191349089,0,4.3881000000000006,0.5,0.05,4040178.3,3802843.8,0.9359980474129075,0.9944134439600175,68.11721796000492,75.03356385392306,2.2700000000000102,2.8000000000000114,0.3599999999999852,,0,2.7203695778684507,2.863153928279845,5.6572253972241295,1.0117754192049098,0,,,-1.4848728577615544,1.5173732865795264,6.608194965184766,164.3,2.796443167047183,164.3,0,25,20,20,158.01,153.16000000000003,155.585,152.845,159.23,,,,,,160.79999999999998,162.72999999999996,166.23,168.15999999999997,157.29999999999995,155.36999999999998,151.86999999999995,0,0,0,0,0,0,0,0,0,0,0,0,0,0,0,0,0,0,0,0,0,0,,,,,,,,,,,,,,,,,,USD,1.0,stock,25.0
2026-06-18,161.61,162.22,159.91,160.6,6934632,155.212,150.4506,157.65060000000003,155.44136928104956,152.71347139255673,153.6026132097217,155.75031839584142,69.30232558139535,2.9363872286416495,2.419893924805313,0.5164933038363366,0,4.413457142857145,0.5,0.05,4486316.2,3955918.6,1.5457296567727437,1.7529764136198354,76.732486479688,78.18200560137267,1.0100000000000193,0.6099999999999852,0.6899999999999977,,0,3.21209882873626,3.354919053549194,6.319676214196754,1.8364881693648625,0,,,0.8603906299064379,1.7035019948071772,7.223928428361592,164.3,3.318698711166939,164.3,0,25,20,20,158.01,154.34,156.175,152.845,160.6,,,,,,160.91,161.91,163.22,164.22,159.6,158.6,157.29,0,0,0,0,0,0,0,0,0,0,0,0,0,0,0,0,0,0,0,0,0,0,,,,,,,,,,,,,,,,,,USD,1.0,stock,25.0
2026-06-22,161.03,163.555,160.52,163.22,2642370,155.79299999999998,150.705,157.7067,156.18219125428294,153.1254921222604,153.7930565124995,155.82464358593256,81.0824481537683,3.1879529665820314,2.5735057331606566,0.6144472334213749,1,4.292242857142859,0.5,0.05,4501712.8,3946299.0,0.5869699195381811,0.6695818031020965,92.85714285714278,79.2356157656119,2.1899999999999977,0.33500000000000796,0.5099999999999909,,0,4.311854396346685,4.550300208307818,7.667565249356688,3.377833598823665,0,,,1.6313823163138341,3.0949974734714614,7.664907651715036,164.3,4.506153159458929,164.3,0,25,20,20,158.01,154.34,156.175,152.845,163.22,,,,,,162.4316666666667,164.3433333333334,165.4666666666667,167.3783333333334,161.3083333333334,159.3966666666667,158.2733333333334,0,0,0,0,0,0,0,0,0,0,0,0,0,0,0,0,0,0,0,0,0,0,,,,,,,,,,,,,,,,,,USD,1.0,stock,28.75
2026-06-23,162.03,164.17,161.0,161.84,2816252,156.26299999999998,150.93540000000002,157.7383,156.72103018244647,153.46723752923057,153.95240192809356,155.88449787860986,73.3055265901981,3.238633211787942,2.7065312288861136,0.5321019829018283,0,4.2343857142857155,0.5,0.05,4477897.6,3926626.05,0.6289228230676825,0.7172193033253065,80.77373974208672,83.45445635963917,0.18999999999999773,2.1399999999999864,0.8400000000000034,,0,3.1629818447562617,3.445996045477031,6.737889273356394,2.5344167078596107,0,,,-0.8454846219825951,2.281488971750001,6.166360535292581,164.3,3.2662941352505763,164.3,0,25,20,20,158.01,154.34,156.175,152.845,161.84,,,,,,162.33666666666667,163.67333333333335,165.50666666666666,166.84333333333333,160.50333333333336,159.16666666666669,157.33333333333337,0,0,0,0,0,0,0,0,0,0,0,0,0,0,0,0,0,0,0,0,0,0,,,,,,,,,,,,,,,,,,USD,1.0,stock,27.0
2026-06-24,162.45,168.425,161.58,165.91,4555993,156.857,151.1978,157.79135,157.5961701650706,153.9551889986725,154.18918604832933,155.9842541186237,82.40909090909089,3.5661048202907466,2.8784459471670405,0.6876588731237061,1,4.555814285714287,0.5,0.05,4590050.4,4038458.75,0.9925801686186277,1.1281514265807469,84.94462735707864,86.19183665210271,3.460000000000008,2.515000000000015,0.8699999999999761,,0,5.011048059146169,5.456572840696762,8.867578807787352,4.8934060635284204,0,,,2.514829461196233,2.6480232630081035,7.7127832240472705,168.425,5.275400935328106,168.425,0,25,20,20,161.78,157.46,159.62,154.9075,165.91,,,,,,165.30499999999998,169.02999999999994,172.14999999999998,175.87499999999994,162.18499999999995,158.45999999999998,155.33999999999995,0,0,0,0,0,0,0,0,0,0,0,0,0,0,0,0,0,0,0,0,0,0,,,,,,,,,,,,,,,,,,USD,1.0,stock,28.75
2026-06-25,167.17,169.76,166.617,167.97,2381833,157.497,151.5062,157.8612,158.58415395887337,154.5047894300971,154.4620734533129,156.10351527167222,83.129904097646,3.946362008487654,3.092029159431163,0.8543328490564908,1,4.640100000000002,0.5,0.05,4042021.4,4013640.3,0.5892677856678344,0.5934345935284734,90.0776053215078,85.2653241402244,0.8000000000000114,1.789999999999992,0.5529999999999973,,0,5.587810943100926,6.2350419717806655,9.80163124367446,6.018217538846224,0,,,1.241637032125853,5.488915405388428,8.24901720693434,169.76,5.918527044991341,169.76,0,25,20,20,163.015,158.539,160.777,155.575,167.97,,,,,,168.11566666666667,169.61433333333335,171.25866666666667,172.75733333333335,166.47133333333335,164.97266666666667,163.32833333333335,0,0,0,0,0,0,0,0,0,0,0,0,0,0,0,0,0,0,0,0,0,0,,,,,,,,,,,,,,,,,,USD,1.0,stock,28.75
2026-06-26,167.16,167.8,163.37,164.01,6334093,158.055,151.7616,157.91584999999998,159.10090120088543,154.87754278577958,154.65114130572255,156.18218676150633,69.78000771902738,3.8834140846135767,3.250306144467646,0.6331079401459307,0,4.829385714285716,0.5,0.05,4188037.0,4169116.85,1.5124252722695621,1.5192889112714603,68.12638580931262,81.04953949596636,3.1500000000000057,0.6400000000000148,0.6399999999999864,,0,2.9931704158981525,3.630876166087424,7.46808121456009,3.715718553746731,0,,,-2.3575638506876273,2.123287671232865,7.301275760549553,169.76,3.085525450868558,169.76,0,25,20,20,163.485,158.539,161.012,155.575,164.01,,,,,,165.06,166.75,169.49,171.18,162.32,160.63,157.89,0,0,0,0,0,0,0,0,0,0,0,0,0,0,0,0,0,0,0,0,0,0,,,,,,,,,,,,,,,,,,USD,1.0,stock,25.0
2026-06-29,164.21,165.59,161.76,162.43,5260365,158.52,151.9992,157.96015,159.41795822937254,155.17371757849412,154.80517811154982,156.24435405741175,65.65693430656935,3.6638005934345586,3.3330050342610287,0.3307955591735299,0,4.829385714285716,0.5,0.05,4256382.2,4037047.4,1.2358770319075199,1.3030228478367631,59.368070953436884,72.52402069475244,1.7800000000000011,1.3799999999999955,0.6700000000000159,,0,1.854362969049721,2.407190789878715,6.421720125592565,2.7518623407006144,0,,,-0.9633558929333486,-0.48400931258423263,6.073271076862796,169.76,1.8893992898175869,169.76,0,25,20,20,164.08999999999997,158.539,161.31449999999998,155.575,162.43,,,,,,163.26000000000002,164.76000000000005,167.09000000000003,168.59000000000006,160.93000000000004,159.43,157.10000000000002,0,0,0,0,0,0,0,0,0,0,0,0,0,0,0,0,0,0,0,0,0,0,,,,,,,,,,,,,,,,,,USD,1.0,stock,25.0
2026-06-30,163.69,165.25,160.91,161.91,4024629,159.06900000000002,152.1464,157.97234999999998,159.65529554086086,155.4378855165924,154.94586765389536,156.30072864390516,60.87470449172578,3.4085045465742496,3.348104936723673,0.060399609850576574,0,4.834385714285716,0.5,0.05,4216227.6,4103723.8,0.9545568650041569,0.9807260907763822,56.48558758314857,61.32668144863269,1.7800000000000011,1.5600000000000023,1.0,,0,1.392566524080745,1.7546785251065282,6.030263726761779,2.4319992588475197,0,,,-0.32013790555932564,0.04325259515569613,7.274895646988666,169.76,1.4122328053704196,169.76,0,25,20,20,164.315,159.079,161.697,155.575,161.91,,,,,,162.68999999999997,164.46999999999994,167.02999999999997,168.80999999999995,160.12999999999994,158.34999999999997,155.78999999999994,0,0,0,0,0,0,0,0,0,0,0,0,0,0,0,0,0,0,0,0,0,0,,,,,,,,,,,,,,,,,,USD,1.0,stock,25.0
2026-07-01,162.11,163.0,159.22,159.96,2662176,159.422,152.31759999999997,157.9828,159.68431501315982,155.61522333947113,155.04515740332317,156.3371393041648,55.78712318570899,3.014087364030445,3.2813014221850274,-0.26721405815458255,0,4.297957142857145,0.5,0.05,4139394.2,4067248.3,0.6431317896710586,0.6545398273324007,32.99145299145311,49.615037176012855,2.1500000000000057,0.8899999999999864,0.7400000000000091,,0,0.17234620332595027,0.336334083520887,4.777694423605925,1.236059014753695,0,,,-1.2043727997035347,-3.5862817190042695,4.617396991497702,169.76,0.17264374827137557,169.76,0,25,20,20,164.49,159.079,161.7845,155.575,159.96,,,,,,160.7266666666667,162.23333333333338,164.5066666666667,166.01333333333338,158.45333333333338,156.9466666666667,154.67333333333337,0,0,0,0,0,0,0,0,0,0,0,0,0,0,0,0,0,0,0,0,0,0,,,,,,,,,,,,,,,,,,USD,1.0,stock,25.0
2026-07-02,161.36,161.9999,159.61,160.44,1837673,159.8615,152.55700000000002,158.0017,159.7562850119065,155.804430267335,155.151985969594,156.37796378870047,54.811715481171554,2.709013077262142,3.1668437532004505,-0.4578306759383084,0,4.1489714285714285,0.5,0.05,3945001.6,3992589.95,0.4658231317320632,0.4602709076097334,30.911786508524784,40.129609027708824,0.9200000000000159,0.639899999999983,0.8299999999999841,,0,0.4261499551816871,0.36057092994265216,4.913363251059574,1.519758165046122,0,,,0.30007501875468634,-4.482943382746917,5.796241345202757,169.76,0.42797376519023467,169.76,0,25,20,20,164.49,159.079,161.7845,155.575,160.44,,,,,,160.6833,161.7566,163.07319999999999,164.14649999999997,159.3667,158.29340000000002,156.97680000000003,0,0,0,0,0,0,0,0,0,0,0,0,0,0,0,0,0,0,0,0,0,0,,,,,,,,,,,,,,,,,,USD,1.0,stock,25.0
2026-07-06,160.42,160.45,156.05,159.15,2180319,160.1805,152.8244,158.01495,159.6985435822011,155.9356290803807,155.23115456425552,156.40554623856414,51.527419948472605,2.3362168346116334,3.000718369482687,-0.6645015348710537,0,4.197849999999998,0.5,0.05,3469570.3,3977943.25,0.6284118237927043,0.5481020876806123,22.611232676878185,28.838157392285357,1.2699999999999818,0.030000000000001137,3.0999999999999943,,0,-0.3446708025140379,-0.6475023562676653,3.9746151429469108,0.7131950989632464,0,,,-0.8040388930441233,-2.9632339491494353,4.17621260718728,169.76,-0.3434869034473952,169.76,0,25,20,20,162.905,159.079,160.99200000000002,155.575,159.15,,,,,,158.54999999999998,161.04999999999995,162.94999999999996,165.44999999999993,156.64999999999998,154.15,152.25,0,0,0,0,0,0,0,0,0,0,0,0,0,0,0,0,0,0,0,0,0,0,,,,,,,,,,,,,,,,,,USD,1.0,stock,25.0
2026-07-07,159.81,159.9,156.43,158.01,1839595,160.393,153.08780000000002,158.0292,159.53772990770574,156.01697695958146,155.2861812065475,156.4215109526083,49.61020552799434,1.92657628171321,2.785889951928792,-0.8593136702155819,0,4.074992857142855,0.5,0.05,3389292.8,3945502.8,0.5427666208124597,0.46625109479075777,14.296134208606729,22.6063844646699,1.8000000000000114,0.09000000000000341,1.579999999999984,,0,-0.966856469657457,-1.5081323966837605,3.1151192962470575,-0.01215112967534466,0,,,-0.7163053722903046,-2.721172197254207,2.764047866805419,169.76,-0.9575978726722235,169.76,0,25,20,20,162.905,159.079,160.99200000000002,155.575,158.01,,,,,,158.11333333333334,159.79666666666668,161.58333333333334,163.26666666666668,156.32666666666668,154.64333333333335,152.85666666666668,0,0,0,0,0,0,0,0,0,0,0,0,0,0,0,0,0,0,0,0,0,0,,,,,,,,,,,,,,,,,,USD,1.0,stock,25.0
2026-07-08,156.0,156.49,153.56,154.7,2311310,160.4355,153.262,158.0257,159.07699372601945,155.96533080430376,155.27457365790298,156.4043814903933,37.68218983291858,1.3196319592804286,2.4926383533991197,-1.173006394118691,0,4.041421428571425,0.5,0.05,3338798.6,3908348.1,0.692257987648611,0.5913777229822492,7.037037037036958,14.648134640840624,1.3000000000000114,0.4900000000000091,1.1399999999999864,,0,-2.829343067885885,-3.7074983839689732,0.9295410471880985,-2.1497737556561165,0,,,-2.094804126321126,-4.4530912235192455,0.5524861878452914,169.76,-2.7514938668994597,169.76,0,25,20,20,161.66,159.079,160.36950000000002,155.575,154.7,,,,,,154.91666666666666,156.2733333333333,157.84666666666666,159.20333333333332,153.3433333333333,151.98666666666665,150.4133333333333,0,0,0,0,0,0,0,0,0,0,0,0,0,0,0,0,0,0,0,0,0,0,,,,,,,,,,,,,,,,,,USD,1.0,stock,25.0
2026-07-09,156.44,157.31,154.6,155.34,3830021,160.38299999999998,153.4534,158.01940000000002,158.72108956163663,155.94080802766442,155.27586922903362,156.39379062979236,42.62419416003036,0.88012137094384,2.170134956908064,-1.2900135859642239,0,3.8471357142857108,0.5,0.05,3266201.4,3928125.9,1.1726224230998126,0.9750250112910078,10.98765432098767,10.773608522210452,1.0999999999999943,0.8700000000000045,0.7400000000000091,,0,-2.1765736845864736,-3.2464271919659957,1.2144972318784701,-1.7248615939230174,0,,,0.41370394311570635,-2.8882220555138782,-0.6713984270093842,169.76,-2.1302081348954194,169.76,0,25,20,20,160.68,159.47,160.075,155.575,155.34,,,,,,155.75,156.9,158.46,159.61,154.19,153.04,151.48,0,0,0,0,0,0,0,0,0,0,0,0,0,0,0,0,0,0,0,0,0,0,,,,,,,,,,,,,,,,,,USD,1.0,stock,25.0
2026-07-10,155.53,158.41,155.4,157.52,1945321,160.41649999999998,153.6832,158.0377,158.606700079576,156.00273712461876,155.32030746212206,156.4049966931775,44.33406916850629,0.6996487291308995,1.8760377113526312,-1.1763889822217317,1,3.8528499999999957,0.5,0.05,3222550.2,3632285.8,0.6036588661985777,0.5355638589892899,24.44444444444451,14.156378600823047,1.990000000000009,0.8899999999999864,0.12999999999999545,,0,-0.6898807005942043,-1.8388141188420355,2.4357541899441406,-0.3286566785170078,0,,,1.403373245783457,-1.8199950137122833,0.42715970672617676,169.76,-0.6851539556845786,169.76,0,25,20,20,159.575,160.6325,160.10375,155.575,157.52,,,,,,157.11,158.82000000000002,160.12,161.83,155.81000000000003,154.10000000000002,152.80000000000004,0,0,0,0,0,0,0,0,0,0,0,0,0,0,0,0,0,0,0,0,0,0,,,,,,,,,,,,,,,,,,USD,1.0,stock,25.0
2026-07-13,157.22,159.4,156.76,157.7,1726417,160.406,153.9598,158.04475,158.52034769104498,156.06929645306508,155.36743008663447,156.41788229822052,38.84397736459173,0.5646385541591883,1.6137578799139427,-1.0491193257547544,1,3.8246357142857113,0.5,0.05,2761782.6,3474909.8,0.6251096664885932,0.4968235434485235,25.55555555555549,20.329218106995892,0.47999999999998977,1.700000000000017,0.46000000000000796,,0,-0.5201951116328387,-1.7159162967660224,2.371718452758394,-0.2186112872542833,0,,,0.11427120365665733,-0.9110901665095983,-0.13298714457602445,169.76,-0.5175030858775546,169.76,0,25,20,20,159.405,160.74,160.0725,155.575,157.7,,,,,,157.95333333333332,159.14666666666665,160.59333333333333,161.78666666666666,156.50666666666663,155.3133333333333,153.86666666666662,0,0,0,0,0,0,0,0,0,0,0,0,0,0,0,0,0,0,0,0,0,0,,,,,,,,,,,,,,,,,,USD,1.0,stock,25.0
2026-07-14,158.77,159.77,155.92,156.58,3579151,160.31900000000002,154.161,158.05465,158.3355526728502,156.08932404314095,155.39144137204767,156.41949540968102,39.25653594771242,0.3630819948034514,1.3636227028918446,-1.0005407080883932,1,3.8732071428571424,0.5,0.05,2593661.2,3425021.7,1.379960883094523,1.0450009703588155,18.641975308642053,22.88065843621402,2.1899999999999977,1.0,0.660000000000025,,0,-1.1211857662857325,-2.3879167198876,1.5448971771618412,-0.941786945970109,0,,,-0.7102092580849595,-0.9050060122776871,-1.0990399191510791,169.76,-1.1087545678875348,169.76,0,25,20,20,158.28,160.74,159.51,155.575,156.58,,,,,,157.42333333333332,158.92666666666665,161.27333333333334,162.77666666666667,155.07666666666663,153.5733333333333,151.2266666666666,0,0,0,0,0,0,0,0,0,0,0,0,0,0,0,0,0,0,0,0,0,0,,,,,,,,,,,,,,,,,,USD,1.0,stock,25.0
2026-07-15,157.65,163.02,157.0,160.53,3285947,160.434,154.5216,158.09215,158.5445476563883,156.26346819831187,155.49319500824475,156.46039595286828,38.957307060755326,0.5161293400967679,1.1941240303328293,-0.6779946902360614,1,3.8442785714285708,0.5,0.05,2519793.0,3368010.3,1.3040543409716592,0.9756344866284999,43.02469135802471,29.074074074074087,2.8799999999999955,2.490000000000009,0.6500000000000057,,0,1.236810779051711,0.059801906185761936,3.74285180340123,1.5186258020307715,0,,,2.522672116489977,3.7685843568196598,1.4535802313088597,169.76,1.2522993524285422,169.76,0,25,20,20,158.29000000000002,160.74,159.51500000000001,155.575,160.53,,,,,,160.1833333333333,163.36666666666662,166.20333333333332,169.38666666666663,157.3466666666666,154.1633333333333,151.3266666666666,0,0,0,0,0,0,0,0,0,0,0,0,0,0,0,0,0,0,0,0,0,0,,,,,,,,,,,,,,,,,,USD,1.0,stock,25.0
2026-07-16,159.88,163.35,159.12,161.77,3481152,160.44099999999997,154.9258,158.13694999999998,158.8517335938751,156.47941062190748,155.6174881763983,156.51322783393428,36.83092608326254,0.7290737919351784,1.1011139826532992,-0.3720401907181208,1,3.8714214285714275,0.5,0.05,2601690.6,3370542.4,1.3380345841277206,1.0328165579522157,57.65449438202249,39.773720349563085,1.8900000000000148,1.579999999999984,0.7599999999999909,,0,1.8039601941799468,0.8215367497063956,4.230821536749707,2.2458119552451166,0,,,0.7724412882327281,4.139307325865849,0.08661758336943048,169.76,1.8371007606286647,169.76,0,25,20,20,158.45499999999998,160.74,159.5975,155.575,161.77,,,,,,161.41333333333333,163.70666666666665,165.64333333333332,167.93666666666664,159.47666666666666,157.18333333333334,155.24666666666667,0,0,0,0,0,0,0,0,0,0,0,0,0,0,0,0,0,0,0,0,0,0,,,,,,,,,,,,,,,,,,USD,1.0,stock,25.0
2026-07-17,163.67,164.23,159.73,159.84,2922743,160.4715,155.2662,158.16575,158.94585420398226,156.6111984406562,155.70110227191518,156.54633004454192,40.30683403068342,0.7336419659745559,1.0276195793175507,-0.29397761334299477,1,3.864278571428571,0.5,0.05,2710197.6,3327599.6,1.078424318581051,0.8783337394318715,52.20282626766418,50.960670669237125,3.829999999999984,0.5600000000000023,0.11000000000001364,,0,0.5594005230341209,-0.39508258258257534,2.86148648648649,1.0474537037037042,0,,,-1.1930518637571885,1.472828847130514,0.3830936381335359,169.76,0.562547416222786,169.76,0,25,20,20,158.89499999999998,160.74,159.8175,155.575,159.84,,,,,,161.26666666666665,162.8033333333333,165.76666666666665,167.3033333333333,158.3033333333333,156.76666666666665,153.8033333333333,0,0,0,0,0,0,0,0,0,0,0,0,0,0,0,0,0,0,0,0,0,0,,,,,,,,,,,,,,,,,,USD,1.0,stock,25.0
2026-07-20,160.42,161.68,159.01,159.11,4061984,160.397,155.51760000000002,158.18540000000002,158.96148713693634,156.7091906586697,155.76860519722376,156.57183919832755,41.96515004840271,0.6706268092706296,0.9562210253081666,-0.285594216037537,1,3.781421428571428,0.5,0.05,2898364.1,3183967.2,1.40147471465024,1.2757618859892776,47.4764756201883,52.44459875662499,1.3099999999999739,1.2600000000000193,0.10000000000002274,,0,0.09333974172815805,-0.8088743636477767,2.257809062912449,0.5811074099679454,0,,,-0.4567067067066999,0.8941027266962775,-0.927770859277699,169.76,0.09342694619844419,169.76,0,25,20,20,158.89499999999998,161.66,160.27749999999997,155.89,159.11,,,,,,159.93333333333334,160.85666666666668,162.60333333333335,163.5266666666667,158.18666666666667,157.26333333333332,155.51666666666665,0,0,0,0,0,0,0,0,0,0,0,0,0,0,0,0,0,0,0,0,0,0,,,,,,,,,,,,,,,,,,USD,1.0,stock,25.0
2026-07-21,169.09,176.16,169.0,170.76,10998503,160.774,156.05780000000001,158.2592,160.0851550286567,157.26020278970228,156.06546450024902,156.71301492769743,63.919471531928295,1.5429582185849995,1.0735684639635332,0.46938975462146626,1,4.689278571428569,0.5,0.05,3814254.9,3601773.85,2.8835259541778395,3.053635085945221,76.10619469026545,58.59516552603932,1.6699999999999875,5.400000000000006,0.09000000000000341,,0,6.251373255647286,5.847973764347617,8.609861794331211,7.320684000936987,0,,,7.321978505436477,9.05607357261462,4.619531920107822,176.16,6.668229149312696,176.16,0,25,20,20,165.38,164.86,165.12,159.09,170.76,,,,,,171.97333333333333,174.94666666666666,179.13333333333333,182.10666666666665,167.78666666666666,164.81333333333333,160.62666666666667,0,0,0,0,0,0,0,0,0,0,0,0,0,0,0,0,0,0,0,0,0,0,,,,,,,,,,,,,,,,,,USD,1.0,stock,25.0
2026-07-22,172.05,174.65,169.73,170.76,4593285,161.22,156.6072,158.319,161.10180693068938,157.78960660187082,156.3564454012342,156.85278592344173,68.09651474530831,2.2088251835055246,1.3006198078719315,0.908205375633593,1,4.770707142857142,0.5,0.05,4042452.4,3690625.5,1.1362619878962583,1.2445817111489639,76.10619469026545,66.56295500023974,1.2900000000000205,2.5999999999999943,1.0300000000000011,,0,5.656004374157071,5.5867884750527015,8.288123682361201,7.285664089950809,0,,,0.0,6.372640627920001,5.511616411270381,176.16,5.995086742550222,176.16,0,25,20,20,165.78,164.86,165.32,159.09,170.76,,,,,,171.71333333333334,173.6966666666667,176.63333333333335,178.6166666666667,168.77666666666667,166.79333333333332,163.85666666666665,0,0,0,0,0,0,0,0,0,0,0,0,0,0,0,0,0,0,0,0,0,0,,,,,,,,,,,,,,,,,,USD,1.0,stock,25.0
2026-07-23,170.99,171.99,168.315,169.59,4736773,161.404,157.13219999999998,158.37365,161.91020627062372,158.25236712728767,156.61849598734835,156.9795243719647,64.98526039960697,2.6120106952409117,1.5628979853457277,1.049112709895184,1,4.862500000000002,0.5,0.05,4133127.6,3699664.5,1.1460505114819102,1.2803250132545803,70.92920353982302,74.38053097345131,1.4000000000000057,1.0,1.2750000000000057,,0,4.528447272466705,4.826935550445195,7.345834070405107,6.613803879945755,0,,,-0.6851721714687176,4.834023613772631,2.2180700379724083,176.16,4.743242508467901,176.16,0,25,20,20,166.04,164.86,165.45,159.09,169.59,,,,,,169.965,171.615,173.64000000000001,175.29000000000002,167.94,166.29,164.265,0,0,0,0,0,0,0,0,0,0,0,0,0,0,0,0,0,0,0,0,0,0,,,,,,,,,,,,,,,,,,USD,1.0,stock,25.0
2026-07-24,170.31,173.35,169.46,172.62,4101308,161.6365,157.72039999999998,158.4571,162.9301866258024,158.8158037105313,156.93535745294542,157.1351509951292,70.87077781220951,3.139839677993848,1.878286323875352,1.261553354118496,1,4.826071428571431,0.5,0.05,4348726.3,3785638.25,0.9431055709346436,1.0833861370668474,84.33628318584074,77.12389380530975,2.3100000000000023,0.7299999999999898,0.8499999999999943,,0,5.613378156759123,6.362820067199625,8.631444792028747,8.204669215618125,0,,,1.7866619494073976,7.995495495495497,2.7683514913377394,176.16,5.947217992484073,176.16,0,25,20,20,166.04,164.86,165.45,159.09,172.62,,,,,,171.81000000000003,174.16000000000005,175.70000000000002,178.05000000000004,170.27000000000007,167.92000000000004,166.38000000000008,0,0,0,0,0,0,0,0,0,0,0,0,0,0,0,0,0,0,0,0,0,0,,,,,,,,,,,,,,,,,,USD,1.0,stock,27.0
2026-07-27,175.16,179.29,173.52,178.23,4826348,162.34750000000003,158.34300000000002,158.5716,164.38731170905933,159.57714474149088,157.35703354298613,157.34504999020257,77.51769188894943,3.965120622566701,2.295653183613622,1.6694674389530793,1,5.054642857142858,0.5,0.05,4658719.4,3710251.0,1.0359816905907662,1.3008144192940045,95.88029537504856,83.71526070023744,3.069999999999993,1.0600000000000023,1.6399999999999864,,0,7.766755479403388,8.911238287605883,11.158054199629678,11.02979296414745,0,,,3.249913103927704,12.016843693042523,8.670203036400226,179.29,8.420776608014688,179.29,0,25,20,20,168.14499999999998,166.425,167.285,160.655,178.23,,,,,,177.01333333333332,180.50666666666663,182.7833333333333,186.2766666666666,174.73666666666665,171.24333333333334,168.96666666666667,0,0,0,0,0,0,0,0,0,0,0,0,0,0,0,0,0,0,0,0,0,0,,,,,,,,,,,,,,,,,,USD,1.0,stock,27.0
2026-07-28,179.6,184.895,178.975,182.48,5501439,163.35,159.09019999999998,158.704,166.1104248796251,160.4752959280991,157.8545180272834,157.5951489952752,86.86305732484084,4.905553036433588,2.817633154177615,2.087919882255973,1,5.212857142857146,0.5,0.05,4850948.2,3722304.7,1.134095598052356,1.4779657882386683,92.02838752269345,90.74832202786092,2.8799999999999955,2.4150000000000205,0.625,,0,8.970613283852966,10.483340640070143,12.817733450241128,13.029373081981577,0,,,2.3845592773382718,6.863434059498719,12.34377885858522,184.895,9.854634429017564,184.895,0,25,20,20,171.9525,169.22750000000002,170.59,164.6375,182.48,,,,,,182.11666666666667,185.25833333333335,188.0366666666667,191.17833333333337,179.33833333333334,176.19666666666666,173.41833333333332,0,0,0,0,0,0,0,0,0,0,0,0,0,0,0,0,0,0,0,0,0,0,,,,,,,,,,,,,,,,,,USD,1.0,stock,28.75
2026-07-30,177.61,178.42,173.96,176.07,2811850,164.058,159.68720000000002,158.81994999999998,167.05895584347033,161.08685295052658,158.21522064060454,157.7789783585063,73.85500575373997,5.0751162890479975,3.2691297811516913,1.8059865078963062,0,5.6278571428571444,0.5,0.05,4803538.5,3661665.75,0.5853705554769677,0.7679155313398007,70.07967452110522,85.99611913961576,1.5400000000000205,0.8099999999999739,2.109999999999985,,0,5.117875933736391,6.822286590560574,9.304708354631666,9.797268131992967,0,,,-3.51271372205173,3.109627547435001,8.745599407077997,184.895,5.393930610324636,184.895,0,25,20,20,171.9525,169.22750000000002,170.59,164.6375,176.07,,,,,,176.15,178.34,180.60999999999999,182.79999999999998,173.88000000000002,171.69000000000003,169.42000000000004,0,0,0,0,0,0,0,0,0,0,0,0,0,0,0,0,0,0,0,0,0,0,,,,,,,,,,,,,,,,,,USD,1.0,stock,27.0
2026-07-31,176.5,177.14,174.93,176.28,2675801,164.874,160.16219999999998,158.9576,167.9371505250446,161.68266263874122,158.5729390437609,157.96306812608336,72.61330761812926,5.16688104492485,3.6486800339063237,1.518201011018526,0,5.566428571428572,0.5,0.05,4723003.4,3662347.0,0.566546490311652,0.7306246513506229,70.26747195858498,77.45851133412788,0.21999999999999886,0.6399999999999864,1.3499999999999943,,0,4.732726046605069,6.4703880190605885,9.143294758339016,9.8266394372589,0,,,0.11927074459021636,3.944808066513361,10.202550637659403,184.895,4.9678403193528275,184.895,0,25,20,20,171.9525,169.22750000000002,170.59,164.6375,176.28,,,,,,176.11666666666667,177.30333333333334,178.32666666666665,179.51333333333332,175.09333333333336,173.9066666666667,172.88333333333338,0,0,0,0,0,0,0,0,0,0,0,0,0,0,0,0,0,0,0,0,0,0,,,,,,,,,,,,,,,,,,USD,1.0,stock,27.0
2026-08-03,178.0,179.44,176.13,177.23,2748788,165.7135,160.71959999999999,159.08825000000002,168.82218380837367,162.2923621431043,158.9423857953696,158.15477889099796,73.112426035503,5.255678149444606,3.9700796570139802,1.2855984924306254,0,5.614285714285714,0.5,0.05,4705607.9,3707902.75,0.5841515184467452,0.741332280087443,73.5461604831751,71.29776898762178,0.7700000000000102,1.4399999999999977,1.0999999999999943,,0,4.744014101239251,6.49805337696777,9.315804322067372,10.236274897026448,0,,,0.5389153619242082,2.670605955277483,10.464971328845674,184.895,4.980279251197136,184.895,0,25,20,20,176.60500000000002,169.22750000000002,172.91625000000002,165.695,177.23,,,,,,177.6,179.07,180.91,182.38,175.76,174.29,172.45,0,0,0,0,0,0,0,0,0,0,0,0,0,0,0,0,0,0,0,0,0,0,,,,,,,,,,,,,,,,,,USD,1.0,stock,27.0
2026-08-04,179.17,181.67,176.6,181.45,2980022,166.8285,161.353,159.23284999999998,170.02483296948094,163.043642059061,159.38808112615436,158.38657213586367,77.42006615214996,5.6019929390319305,4.296462313417571,1.3055306256143595,1,5.701428571428569,0.5,0.05,4597411.7,3747887.9,0.6481955923155631,0.7951203663268585,87.65011650833476,77.15458298336495,2.280000000000001,0.21999999999999886,2.569999999999993,,0,6.2965924665302015,8.058142739046568,11.075778451364002,12.24422705979609,0,,,2.3810867234666855,1.806654323065704,14.011938422871495,184.895,6.719704898971927,184.895,0,25,20,20,176.60500000000002,169.22750000000002,172.91625000000002,166.1065,181.45,,,,,,179.90666666666667,183.21333333333334,184.97666666666666,188.28333333333333,178.14333333333335,174.83666666666667,173.07333333333335,0,0,0,0,0,0,0,0,0,0,0,0,0,0,0,0,0,0,0,0,0,0,,,,,,,,,,,,,,,,,,USD,1.0,stock,27.0
2026-08-05,181.09,183.38,181.09,182.08,2728125,168.03199999999998,161.9626,159.3759,171.17294411524466,163.79016589988214,159.83742605434932,158.6223276369994,75.63645015465147,5.8597382250159455,4.609117495737246,1.2506207292786993,0,5.404999999999997,0.5,0.05,3770373.9,3792314.4,0.7235688216492269,0.719382601822254,89.12497585474215,83.44041761541735,0.9900000000000091,1.299999999999983,0.0,,0,5.990254769747007,7.715289982425324,11.04865992970123,12.469299209138846,0,,,0.34720308624967,-0.21920210434018816,15.233213087779273,184.895,6.371950860068177,184.895,0,25,20,20,176.60500000000002,169.22750000000002,172.91625000000002,166.1065,182.08,,,,,,182.18333333333337,183.27666666666673,184.47333333333336,185.56666666666672,180.98666666666674,179.89333333333337,178.69666666666674,0,0,0,0,0,0,0,0,0,0,0,0,0,0,0,0,0,0,0,0,0,0,,,,,,,,,,,,,,,,,,USD,1.0,stock,27.0
2026-08-06,182.03,183.5,179.46,180.71,2546951,169.3325,162.52800000000002,159.5224,172.08123515188802,164.45368880576913,160.2507443503028,158.84210547145713,72.4620493358634,5.885610022011747,4.864416000992147,1.0211940210195998,0,5.391428571428569,0.5,0.05,3565740.5,3804096.45,0.7142838913824492,0.6695285026224821,83.83233532934132,86.86914256413941,1.3199999999999932,1.4699999999999989,1.25,,0,4.774923827188305,6.295999114603506,10.061424381605882,11.7246416911073,0,,,-0.7524165202108968,2.6353154995172545,16.81318681318682,184.895,5.01435548187214,184.895,0,25,20,20,177.1775,169.22750000000002,173.20250000000001,166.1065,180.71,,,,,,181.22333333333336,182.9866666666667,185.26333333333335,187.0266666666667,178.94666666666672,177.18333333333337,174.90666666666672,0,0,0,0,0,0,0,0,0,0,0,0,0,0,0,0,0,0,0,0,0,0,,,,,,,,,,,,,,,,,,USD,1.0,stock,27.0
2026-08-07,180.22,183.54,179.17,182.9,2430401,170.7105,163.1054,159.6737,173.11159370885105,165.1770735584841,160.69924446217797,159.08148750656702,77.1805752003772,6.013508324250495,5.094234465643817,0.9192738586066778,0,5.3821428571428545,0.5,0.05,3335103.3,3734115.45,0.728733349878548,0.6508639147726404,92.29283368746377,88.41671495718242,2.680000000000007,0.6399999999999864,1.0500000000000114,,0,5.351780366948583,6.664570803717885,10.822635319846912,12.698906506287594,0,,,1.211886447899957,3.7553891536192374,17.741727822840225,184.895,5.6543909517762625,184.895,0,25,20,20,179.2075,169.22750000000002,174.21750000000003,166.6465,182.9,,,,,,181.87,184.57000000000002,186.24,188.94000000000003,180.20000000000002,177.5,175.83,0,0,0,0,0,0,0,0,0,0,0,0,0,0,0,0,0,0,0,0,0,0,,,,,,,,,,,,,,,,,,USD,1.0,stock,27.0
2026-08-10,183.36,183.5,181.01,182.04,1942450,171.9365,163.6428,159.81,173.9619181175319,165.8383647914847,161.1218336807487,159.30993041694944,76.94477085781432,5.976579548805063,5.270703482276067,0.7058760665289956,0,5.369285714285711,0.5,0.05,3119217.5,3733971.9,0.6227363112703747,0.5202101279873049,82.7804583835946,86.30187580013323,1.3200000000000216,0.13999999999998636,1.0300000000000011,,0,4.437531247235826,5.550153812348933,10.106130520764667,12.211601845748183,0,,,-0.470202296336808,2.713987473903967,15.566277298120855,184.895,4.643592097559189,184.895,0,25,20,20,179.4275,169.22750000000002,174.32750000000001,166.6465,182.04,,,,,,182.1833333333333,183.35666666666663,184.67333333333332,185.84666666666664,180.86666666666662,179.6933333333333,178.3766666666666,0,0,0,0,0,0,0,0,0,0,0,0,0,0,0,0,0,0,0,0,0,0,,,,,,,,,,,,,,,,,,USD,1.0,stock,27.0
2026-08-11,181.94,184.38,181.755,183.13,2335481,173.208,164.2484,159.89245,174.83506877300505,166.51646813299513,161.55763895439722,159.54694603469125,69.33416692716474,5.966489145834402,5.409860614987735,0.556628530846667,0,4.3389285714285695,0.5,0.05,2870130.8,3764425.1,0.8137193608040443,0.6204084124292977,89.35464414957772,88.14264540687869,1.1899999999999977,1.25,0.18500000000000227,,0,4.529531604322037,5.418009064598917,10.310489815977716,12.689100638890405,0,,,0.5987695012085181,0.9258748966657571,16.12555485098288,184.895,4.744432158381548,184.895,0,25,20,20,179.17000000000002,169.22750000000002,174.19875000000002,166.6465,183.13,,,,,,183.08833333333334,184.42166666666668,185.71333333333334,187.04666666666668,181.79666666666668,180.46333333333334,179.17166666666668,0,0,0,0,0,0,0,0,0,0,0,0,0,0,0,0,0,0,0,0,0,0,,,,,,,,,,,,,,,,,,USD,1.0,stock,25.0
2026-08-12,183.77,184.4,181.39,183.78,2647472,174.56799999999998,164.8614,159.9752,175.68696698509982,167.1934693826816,161.99768570777547,159.78807094976895,69.94485294117648,5.942441233013113,5.516376738592811,0.42606449442030225,0,4.202499999999999,0.5,0.05,2584734.1,3717841.15,1.0242724773894536,0.712099278367501,93.2750301568154,88.4700442299959,0.009999999999990905,0.6200000000000045,2.380000000000024,,0,4.4036527450757355,5.012514963543377,10.294156056154096,12.952878441614974,0,,,0.3549391142903868,0.9336555360281107,17.371311789500577,184.895,4.606507331637505,184.895,0,25,20,20,179.66500000000002,169.22750000000002,174.44625000000002,166.6465,183.78,,,,,,183.18999999999997,184.98999999999995,186.2,187.99999999999997,181.97999999999993,180.17999999999995,178.9699999999999,0,0,0,0,0,0,0,0,0,0,0,0,0,0,0,0,0,0,0,0,0,0,,,,,,,,,,,,,,,,,,USD,1.0,stock,25.0
2026-08-13,184.18,184.69,180.49,182.65,2852759,175.674,165.49579999999997,160.03045,176.35011298651887,167.79960783826272,162.4066424264334,160.01555283086577,70.03067484662576,5.765737697520507,5.56624893037835,0.19948876714215658,0,4.239999999999997,0.5,0.05,2588825.0,3696181.75,1.1019512713296573,0.7718124250789345,85.45513443472625,89.36160291370646,1.5300000000000011,0.5099999999999909,2.1599999999999966,,0,3.449157959748776,3.8193265808924166,9.391842321379706,12.38409526416644,0,,,-0.6148656001741193,1.0735432460848848,13.779355883635457,184.895,3.572374809854948,184.895,0,25,20,20,180.41,169.22750000000002,174.81875000000002,166.6465,182.65,,,,,,182.61,184.73000000000002,186.81,188.93,180.53000000000003,178.41000000000003,176.33000000000004,0,0,0,0,0,0,0,0,0,0,0,0,0,0,0,0,0,0,0,0,0,0,,,,,,,,,,,,,,,,,,USD,1.0,stock,27.0
2026-08-14,181.94,184.245,181.355,182.65,2644603,176.71800000000002,166.09080000000003,160.1012,176.950102225898,168.38197615833084,162.8075009922466,160.24077121065815,66.95975650997632,5.56158834410013,5.565316813122706,-0.003728469022576064,0,4.168571428571427,0.5,0.05,2585705.2,3654354.3,1.0227782347345706,0.7236854401337057,80.26373626373622,86.33130028509261,0.710000000000008,1.5949999999999989,0.585000000000008,,0,3.120666725486996,3.247741582261149,9.066082671776607,12.345359978100191,0,,,0.0,-0.13668671405139277,12.907213945725404,184.895,3.2211893083991536,184.895,0,25,20,20,180.64499999999998,169.7475,175.19625,166.6465,182.65,,,,,,182.75,184.145,185.64000000000001,187.03500000000003,181.255,179.85999999999999,178.36499999999998,0,0,0,0,0,0,0,0,0,0,0,0,0,0,0,0,0,0,0,0,0,0,,,,,,,,,,,,,,,,,,USD,1.0,stock,25.0
2026-08-17,181.7,183.2316,179.66,180.21,3873786,177.7365,166.662,160.16025,177.2605686805744,168.84582023055316,163.15210493299418,160.43947000458195,53.75000000000002,5.143618470689859,5.480977144636137,-0.3373586739462784,0,3.947257142857142,0.5,0.05,2698205.0,3701906.45,1.4356900235526953,1.0464300090565497,57.15592135345221,74.29159735063823,1.4899999999999807,1.5315999999999974,0.5500000000000114,,0,1.6366635144695627,1.3725653404361584,7.5178957882470465,11.125769935075754,0,,,-1.3358883109772735,-1.0052735662491652,12.743993993993996,184.895,1.663895891443578,184.895,0,25,20,20,181.93,170.1475,176.03875,167.03750000000002,180.21,,,,,,181.03386666666665,182.4077333333333,184.60546666666664,185.9793333333333,178.83613333333332,177.46226666666666,175.26453333333333,0,0,0,0,0,0,0,0,0,0,0,0,0,0,0,0,0,0,0,0,0,0,,,,,,,,,,,,,,,,,,USD,1.0,stock,25.0
2026-08-18,180.6,181.66,179.01,180.94,2272206,178.828,167.2254,160.2308,177.6109907109959,169.32010179013932,163.5043404788755,160.64345537767068,46.63461538461541,4.815766080175393,5.347934931743989,-0.5321688515685956,0,3.6604714285714266,0.5,0.05,2627423.4,3612417.55,0.8648038987549552,0.6289987158322825,65.0512581547064,67.49030525729827,0.3400000000000034,0.7199999999999989,1.5900000000000034,,0,1.839841543607876,1.1672377583729383,7.579639659555648,11.44534099701559,0,,,0.40508295877030864,-1.1958717850707123,13.720067877568965,184.895,1.874326175242708,184.895,0,25,20,20,181.85,170.4075,176.12875,168.2,180.94,,,,,,180.53666666666663,182.06333333333328,183.18666666666664,184.71333333333328,179.41333333333327,177.88666666666663,176.76333333333326,0,0,0,0,0,0,0,0,0,0,0,0,0,0,0,0,0,0,0,0,0,0,,,,,,,,,,,,,,,,,,USD,1.0,stock,25.0
2026-08-19,182.01,183.43,179.9,180.66,2765366,179.323,167.7634,160.31095000000002,177.90137254804392,169.7648036807221,163.84405650899677,160.84262497590282,63.70149253731342,4.481684964186229,5.174684938232438,-0.6929999740462085,0,3.3040428571428566,0.5,0.05,2631147.5,3200760.7,1.0510113933179346,0.8639714927767015,58.709016393442575,60.305398633867064,1.3499999999999943,1.420000000000016,0.7599999999999909,,0,1.5269719096402485,0.7400642090113967,7.1386029004760365,11.263727443817102,0,,,-0.15474743008732084,-1.6976820111002322,5.797610681658472,184.895,1.550649897999567,184.895,0,25,20,20,181.85,170.4075,176.12875,168.3075,180.66,,,,,,181.33,182.76000000000002,184.86,186.29000000000002,179.23000000000002,177.8,175.70000000000002,0,0,0,0,0,0,0,0,0,0,0,0,0,0,0,0,0,0,0,0,0,0,,,,,,,,,,,,,,,,,,USD,1.0,stock,25.0
2026-08-20,179.25,181.97,177.9,178.09,3499948,179.6895,168.2482,160.36915000000002,177.91933706727784,170.0912819677526,164.12615439990773,161.0142406477844,54.73574045002617,3.963852922152739,4.932518535016499,-0.9686656128637594,0,3.4369000000000005,0.5,0.05,2726447.2,3146093.85,1.2837028349567892,1.1124741240634,22.89719626168233,48.885823603277096,1.1599999999999966,2.719999999999999,0.18999999999999773,,0,0.0958295989231098,-0.8981413891852469,5.5263069234656665,9.950502554887969,0,,,-1.422561718144577,-2.4965781549411425,4.292574373389568,184.895,0.09592152013113242,184.895,0,25,20,20,181.29500000000002,170.9475,176.12125,168.3075,178.09,,,,,,179.32000000000002,180.74000000000004,183.39000000000001,184.81000000000003,176.67000000000004,175.25000000000003,172.60000000000005,0,0,0,0,0,0,0,0,0,0,0,0,0,0,0,0,0,0,0,0,0,0,,,,,,,,,,,,,,,,,,USD,1.0,stock,25.0
2026-08-21,178.02,181.03,178.02,178.96,2587896,180.158,168.6996,160.43145,178.0184478227752,170.43907483176233,164.41989391674124,161.19280541745817,54.54545454545458,3.582373653640417,4.6624895587412825,-1.0801159051008655,0,3.4154714285714283,0.5,0.05,2742196.7,3038650.0,0.9437309876421337,0.8516597831273757,29.171817058096572,36.92600990440716,0.9399999999999977,2.069999999999993,0.0,,0,0.5261243726110981,-0.6694233348234125,5.733348234242291,10.35345887349128,0,,,0.48851704194508017,-2.02025732274842,5.525089922754889,184.895,0.5289070816762631,184.895,0,25,20,20,181.29500000000002,171.9525,176.62375,168.3075,178.96,,,,,,179.33666666666667,180.65333333333334,182.34666666666666,183.66333333333333,177.64333333333335,176.32666666666668,174.63333333333335,0,0,0,0,0,0,0,0,0,0,0,0,0,0,0,0,0,0,0,0,0,0,,,,,,,,,,,,,,,,,,USD,1.0,stock,25.0
