date,open,high,low,close,volume,SMA_20,SMA_50,SMA_200,EMA_20,EMA_50,EMA_100,EMA_200,RSI_14,MACD,MACD_Signal,MACD_Hist,MACD_Hist_Subiendo,ATR_14,BB_PctB,BB_Width,Vol_SMA_10,Vol_SMA_20,VolRel10,VolRel20,Stoch_K,Stoch_D,Body,Mecha_Sup,Mecha_Inf,Position_52w_Pct,RS_vs_SPY,Dist_EMA_20_pct,Dist_SMA_20_pct,Dist_SMA_50_pct,Dist_SMA_200_pct,Dist_BUY_ZONE,High_52W,Low_52W,Ret_1,Ret_5,Ret_20,Swing_High_20,Dist_EMA_20,TP_Dinamico,VWAP,ADX_14,Plus_DI,Minus_DI,Tenkan,Kijun,Senkou_A,Senkou_B,Chikou,Fib_236,Fib_382,Fib_500,Fib_618,Fib_786,Pivot_PP,Pivot_R1,Pivot_R2,Pivot_R3,Pivot_S1,Pivot_S2,Pivot_S3,Vol_Dryup,Vol_Climax,BB_Squeeze,BB_Breakout,MACD_Cross_Up,Golden_Cross,SMA20_Cross_Up,Oversold,Overbought,Trend_Up,Breakout_Vol,TP_Agotamiento,Vol_Climax_Up,MACD_Divergence,Trend_Weakness,Overextended,Exhaustion_Gap,Stoch_Extreme,Stop_Loss_Triggered,BUY_ZONE,ACC,REB,ROIC,ROE,Net_Margin,Gross_Margin,Operating_Margin,EBITDA_Margin,Current_PE,Current_PB,Current_EV_EBITDA,Current_EV_Sales,Current_FCF_Yield,Market_Cap,PE_5y_mean,PE_5y_max,PE_5y_min,PE_5y_pct,PE_5y_signal,Currency,FX_Rate,Asset_Type,Risk_Score
2025-08-22,10.94,11.2399,10.88,11.17,10224373,,,,11.17,11.17,11.17,11.17,,0.0,0.0,0.0,0,,0.5,0.05,,,,,,,0.23000000000000043,0.06990000000000052,0.05999999999999872,,0,0.0,,,,0,,,,,,,0.0,,0,25,20,20,,,,,11.17,,,,,,11.096633333333335,11.313266666666669,11.456533333333335,11.673166666666669,10.95336666666667,10.736733333333335,10.59346666666667,0,0,0,0,0,0,0,0,0,0,0,0,0,0,0,0,0,0,0,0,0,0,,,,,,,,,,,,,,,,,,USD,1.0,stock,25.0
2025-08-25,11.18,11.24,10.96,11.03,8052378,,,,11.156666666666668,11.164509803921568,11.167227722772278,11.16860696517413,,-0.011168091168091365,-0.0022336182336182733,-0.008934472934473092,0,,0.5,0.05,,,,,,,0.15000000000000036,0.0600000000000005,0.06999999999999851,,0,-1.148383197340605,,,,0,,,-1.25335720680394,,,,-1.1353450851508995,,0,25,20,20,,,,,11.03,,,,,,11.076666666666668,11.193333333333335,11.356666666666667,11.473333333333334,10.913333333333336,10.796666666666669,10.633333333333336,0,0,0,0,0,0,0,0,0,0,0,0,0,0,0,0,0,0,0,0,0,0,,,,,,,,,,,,,,,,,,USD,1.0,stock,25.0
2025-08-26,11.025,11.125,10.81,10.82,10390976,,,,11.124603174603177,11.150999615532488,11.160351926281736,11.165138239152498,,-0.03654288520385407,-0.009095471627665433,-0.027447413576188635,0,,0.5,0.05,,,,,,,0.20500000000000007,0.09999999999999964,0.009999999999999787,,0,-2.8151864565912805,,,,0,,,-1.9038984587488539,,,,-2.7381037311835796,,0,25,20,20,,,,,10.82,,,,,,10.918333333333335,11.026666666666669,11.233333333333334,11.341666666666669,10.71166666666667,10.603333333333335,10.39666666666667,0,0,0,0,0,0,0,0,0,0,0,0,0,0,0,0,0,0,0,0,0,0,,,,,,,,,,,,,,,,,,USD,1.0,stock,25.0
2025-08-27,10.94,11.18,10.93,11.14,7684181,,,,11.126069538926684,11.150568258060627,11.159948917840513,11.164888107419637,,-0.030479913178268703,-0.013372359937786089,-0.017107553240482614,1,,0.5,0.05,,,,,,,0.20000000000000107,0.03999999999999915,0.009999999999999787,,0,0.1250490222021242,,,,0,,,2.957486136783727,,,,0.12520559056887298,,0,25,20,20,,,,,11.14,,,,,,11.083333333333334,11.236666666666668,11.333333333333334,11.486666666666668,10.986666666666668,10.833333333333334,10.736666666666668,0,0,0,0,0,0,0,0,0,0,0,0,0,0,0,0,0,0,0,0,0,0,,,,,,,,,,,,,,,,,,USD,1.0,stock,25.0
2025-08-28,11.2,11.41,11.2,11.26,9160030,,,,11.138824820933666,11.154859698920994,11.161930127388224,11.165834494410486,,-0.015809722409752425,-0.013859832432179356,-0.0019498899775730692,1,,0.5,0.05,,,,,,,0.0600000000000005,0.15000000000000036,0.0,,0,1.0761561195944427,,,,0,,,1.077199281867136,,,,1.0878632262768384,,0,25,20,20,,,,,11.26,,,,,,11.29,11.379999999999999,11.5,11.59,11.169999999999998,11.079999999999998,10.959999999999997,0,0,0,0,0,0,0,0,0,0,0,0,0,0,0,0,0,0,0,0,0,0,,,,,,,,,,,,,,,,,,USD,1.0,stock,25.0
2025-08-29,11.3,11.445,11.1,11.12,7799578,,,,11.137031980844746,11.153492651904484,11.161099827835983,11.165378429789486,,-0.015303906594992256,-0.014148647264741937,-0.001155259330250319,1,,0.5,0.05,,,,,,,0.1800000000000015,0.14499999999999957,0.019999999999999574,,0,-0.15316529536642984,,,,0,,,-1.243339253996456,-0.44762757385855556,,,-0.15293105805964577,,0,25,20,20,,,,,11.12,,,,,,11.221666666666666,11.343333333333332,11.566666666666666,11.688333333333333,10.998333333333331,10.876666666666665,10.65333333333333,0,0,0,0,0,0,0,0,0,0,0,0,0,0,0,0,0,0,0,0,0,0,,,,,,,,,,,,,,,,,,USD,1.0,stock,25.0
2025-09-02,10.94,11.07,10.76,10.9,11563941,,,,11.11445750647858,11.143551763594505,11.155929534215467,11.162737848398548,,-0.03228306620912669,-0.017775531053618888,-0.0145075351555078,0,,0.5,0.05,,,,,,,0.03999999999999915,0.13000000000000078,0.14000000000000057,,0,-1.9675000594365084,,,,0,,,-1.978417266187038,-1.1786038077969074,,,-1.9295364290481372,,0,25,20,20,,,,,10.9,,,,,,10.909999999999998,11.059999999999997,11.219999999999999,11.369999999999997,10.749999999999996,10.599999999999998,10.439999999999996,0,0,0,0,0,0,0,0,0,0,0,0,0,0,0,0,0,0,0,0,0,0,,,,,,,,,,,,,,,,,,USD,1.0,stock,25.0
2025-09-03,10.93,11.04,10.78,10.88,7413681,,,,11.092128220147288,11.13321640031629,11.150465583042884,11.159924536474186,,-0.046813369995595266,-0.023583098842014164,-0.023230271153581103,0,,0.5,0.05,,,,,,,0.049999999999998934,0.10999999999999943,0.10000000000000142,,0,-1.949707905765505,,,,0,,,-0.18348623853210455,0.5545286506469571,,,-1.9124212769375124,,0,25,20,20,,,,,10.88,,,,,,10.9,11.020000000000001,11.16,11.280000000000001,10.760000000000002,10.64,10.500000000000002,0,0,0,0,0,0,0,0,0,0,0,0,0,0,0,0,0,0,0,0,0,0,,,,,,,,,,,,,,,,,,USD,1.0,stock,25.0
2025-09-04,10.93,10.935,10.48,10.85,38006285,,,,11.069068389657069,11.12210987481369,11.144515769517282,11.156840710240612,,-0.06005718783404568,-0.030877916640420465,-0.029179271193625213,0,,0.5,0.05,,,,,,,0.08000000000000007,0.005000000000000782,0.3699999999999992,,0,-2.019063499143496,,,,0,,,-0.27573529411766273,-2.603231597845612,,,-1.9791041300437413,,0,25,20,20,10.9625,,,,10.85,,,,,,10.755,11.030000000000001,11.21,11.485000000000001,10.575000000000001,10.3,10.120000000000001,0,0,0,0,0,0,0,0,0,0,0,0,0,0,0,0,0,0,0,0,0,0,,,,,,,,,,,,,,,,,,USD,1.0,stock,25.0
2025-09-05,11.16,11.55,10.89,11.49,34586722,,,,11.109157114451634,11.136536938546488,11.151357041408028,11.160155728049164,,-0.01869485494013645,-0.02844130430036366,0.00974644936022721,1,,0.5,0.05,14488214.5,,2.3872314977114675,,,,0.33000000000000007,0.0600000000000005,0.2699999999999996,,0,3.3145594912825636,,,,0,,,5.898617511520743,2.042628774422739,,,3.4281888501958195,,0,25,20,20,11.015,,,,11.49,,,,,,11.31,11.73,11.97,12.39,11.07,10.65,10.41,0,0,0,0,0,0,0,0,0,0,0,0,0,0,0,0,0,0,0,0,0,0,,,,,,,,,,,,,,,,,,USD,1.0,stock,25.0
2025-09-08,11.53,11.84,11.34,11.8,16018891,,,,11.174951674980049,11.162555097819176,11.164201456429652,11.166522337720316,,0.03865392273959678,-0.015022258892371573,0.053676181631968356,1,,0.5,0.05,15067666.3,,1.0631301942225784,,,,0.27000000000000135,0.03999999999999915,0.1899999999999995,,0,5.297019703558914,,,,0,,,2.6979982593559715,6.115107913669071,,,5.593297789550109,,0,25,20,20,11.16,,,,11.8,,,,,,11.660000000000002,11.980000000000004,12.160000000000002,12.480000000000004,11.480000000000004,11.160000000000002,10.980000000000004,0,0,0,0,0,0,0,0,0,0,0,0,0,0,0,0,0,0,0,0,0,0,,,,,,,,,,,,,,,,,,USD,1.0,stock,25.0
2025-09-09,11.86,11.99,11.6415,11.9,11779321,,,,11.24400389641052,11.191474505747836,11.178771724619162,11.173820622917129,,0.09112200869677167,0.006206594625457078,0.08491541407131459,1,,0.5,0.05,15440360.6,,0.7628915739182931,,,,0.040000000000000924,0.08999999999999986,0.2184999999999988,,0,5.512572299071261,,,,0,,,0.8474576271186418,9.174311926605494,,,5.834186021572769,,0,25,20,20,11.235,,,,11.9,,,,,,11.843833333333334,12.046166666666668,12.192333333333334,12.394666666666668,11.697666666666668,11.495333333333335,11.349166666666669,0,0,0,0,0,0,0,0,0,0,0,0,0,0,0,0,0,0,0,0,0,0,,,,,,,,,,,,,,,,,,USD,1.0,stock,25.0
2025-09-10,11.86,12.05,11.53,11.61,13405484,,,,11.278860668180947,11.207887270228314,11.187310898389079,11.178160716221436,,0.10805715286610429,0.026576706273586524,0.08148044659251777,0,,0.5,0.05,15741811.4,,0.8515845895600045,,,,0.25,0.19000000000000128,0.08000000000000007,,0,2.852190627209755,,,,0,,,-2.436974789915969,6.7095588235293935,,,2.935928916590284,,0,25,20,20,11.265,,,,11.61,,,,,,11.729999999999999,11.929999999999998,12.25,12.45,11.409999999999997,11.209999999999997,10.889999999999995,0,0,0,0,0,0,0,0,0,0,0,0,0,0,0,0,0,0,0,0,0,0,,,,,,,,,,,,,,,,,,USD,1.0,stock,25.0
2025-09-11,11.64,11.7178,11.42,11.69,11254500,,,,11.318016795020856,11.226793651787988,11.197265138024939,11.183253644418238,59.92366412213739,0.1264757740487319,0.0465565198286156,0.0799192542201163,0,0.38365714285714286,0.5,0.05,16098843.3,,0.6990874928262703,,77.07006369426745,,0.049999999999998934,0.027800000000000935,0.22000000000000064,,0,3.1820633445606776,,,,0,,,0.6890611541774394,7.741935483870965,,,3.2866465186974283,,0,25,20,20,11.265,,,,11.69,,,,,,11.609266666666665,11.79853333333333,11.907066666666665,12.09633333333333,11.50073333333333,11.311466666666664,11.202933333333329,0,0,0,0,0,0,0,0,0,0,0,0,0,0,0,0,0,0,0,0,0,0,,,,,,,,,,,,,,,,,,USD,1.0,stock,25.0
2025-09-12,11.76,11.76,11.37,11.4,9219768,,,,11.325824719304585,11.233586057600224,11.201279689747217,11.185410324573281,53.95189003436427,0.1163310952140506,0.0605114349057026,0.05581966030834801,0,0.3858071428571429,0.5,0.05,16104817.1,,0.5724851106815737,,58.59872611464967,,0.35999999999999943,0.0,0.030000000000001137,,0,0.6506603569773305,,,,0,,,-2.480752780153972,-0.7832898172323799,,,0.6549216726706513,,0,25,20,20,11.265,,,,11.4,,,,,,11.51,11.65,11.9,12.040000000000001,11.26,11.12,10.87,0,0,0,0,0,0,0,0,0,0,0,0,0,0,0,0,0,0,0,0,0,0,,,,,,,,,,,,,,,,,,USD,1.0,stock,25.0
2025-09-15,11.44,11.665,11.31,11.59,10316795,,,,11.350984269847006,11.247563074949236,11.208977121633412,11.189436092487975,59.459459459459474,0.1222139696858644,0.07285194186173496,0.049362027824129434,0,0.39116428571428574,0.5,0.05,16356538.8,,0.6307443846249428,,70.7006369426751,68.7898089171974,0.15000000000000036,0.07499999999999929,0.129999999999999,,0,2.062258241182004,,,,0,,,1.6666666666666607,-1.7796610169491633,,,2.105682859484888,,0,25,20,20,11.265,,,,11.59,,,,,,11.521666666666667,11.733333333333333,11.876666666666665,12.088333333333331,11.378333333333334,11.166666666666668,11.023333333333335,0,0,0,0,0,0,0,0,0,0,0,0,0,0,0,0,0,0,0,0,0,0,,,,,,,,,,,,,,,,,,USD,1.0,stock,25.0
2025-09-16,11.61,11.63,11.42,11.57,7286529,,,,11.371842910813958,11.260207660245344,11.21612608952186,11.19322279803536,63.53790613718411,0.12383486598502458,0.0830485266863929,0.04078633929863168,0,0.38366428571428585,0.5,0.05,15928797.6,,0.4574437558300069,,69.42675159235667,66.24203821656049,0.03999999999999915,0.02000000000000135,0.15000000000000036,,0,1.7126801139675178,,,,0,,,-0.17256255392579245,-2.7731092436974802,,,1.7425239755783646,,0,25,20,20,11.265,,,,11.57,,,,,,11.540000000000001,11.660000000000002,11.750000000000002,11.870000000000003,11.450000000000001,11.33,11.24,0,0,0,0,0,0,0,0,0,0,0,0,0,0,0,0,0,0,0,0,0,0,,,,,,,,,,,,,,,,,,USD,1.0,stock,25.0
2025-09-17,11.63,11.985,11.615,11.82,7676962,,,,11.414524538355487,11.282160301020037,11.228083988739247,11.199459387109634,62.59259259259259,0.1436365953819756,0.09516614042550944,0.04847045495646615,1,0.38759285714285724,0.5,0.05,15955125.7,,0.48115960628251275,,85.35031847133756,75.15923566878978,0.1899999999999995,0.16499999999999915,0.015000000000000568,,0,3.4304184572293885,,,,0,,,2.160760587726873,1.8087855297157729,,,3.5522764025958407,,0,25,20,20,11.47,,,,11.82,,,,,,11.806666666666667,11.998333333333333,12.176666666666666,12.368333333333332,11.628333333333334,11.436666666666667,11.258333333333335,0,0,0,0,0,0,0,0,0,0,0,0,0,0,0,0,0,0,0,0,0,0,,,,,,,,,,,,,,,,,,USD,1.0,stock,25.0
2025-09-18,12.0,12.17,11.83,12.15,11869213,,,,11.48456982041687,11.3161932303918,11.24633975133847,11.208917502660782,65.29209621993128,0.183838672882354,0.11290064691687837,0.07093802596547563,1,0.39330714285714297,0.5,0.05,13341418.5,,0.8896515014501644,,98.81656804733731,84.53121270367718,0.15000000000000036,0.019999999999999574,0.16999999999999993,,0,5.476791601507252,,,,0,,,2.7918781725888353,3.934987168520121,,,5.794123680628878,,0,25,20,20,11.74,,,,12.15,,,,,,12.049999999999999,12.269999999999998,12.389999999999999,12.609999999999998,11.929999999999998,11.709999999999999,11.589999999999998,0,0,0,0,0,0,0,0,0,0,0,0,0,0,0,0,0,0,0,0,0,0,,,,,,,,,,,,,,,,,,USD,1.0,stock,25.0
2025-09-19,12.09,12.125,11.77,11.87,13039238,11.403,,,11.521277456567644,11.337911142925455,11.258689459232757,11.21549543795769,62.29508196721311,0.19090481710193963,0.12850148095389063,0.06240333614804899,0,0.39580714285714297,0.5,0.05,11186670.1,12837442.3,1.1656049461939528,1.0157193072641892,82.24852071005913,88.80513574291133,0.22000000000000064,0.03500000000000014,0.09999999999999964,,0,2.937847880643265,3.934288121314227,,,0,,,-2.304526748971203,4.122807017543839,,12.17,3.0267697722492404,12.17,0,25,20,20,11.74,,,,11.87,,,,,,11.921666666666667,12.073333333333334,12.276666666666667,12.428333333333335,11.718333333333334,11.566666666666666,11.363333333333333,0,0,0,0,0,0,0,0,0,0,0,0,0,0,0,0,0,0,0,0,0,0,,,,,,,,,,,,,,,,,,USD,1.0,stock,25.0
2025-09-22,12.18,13.17,12.02,13.14,28233551,11.5015,,,11.675441508323106,11.40858129418328,11.295943133307356,11.23464473708249,77.31707317073169,0.29557595781982826,0.16191637632707817,0.1336595814927501,1,0.4629500000000002,0.5,0.05,12408136.1,13737901.2,2.2754062957126977,2.0551575228973116,98.88475836431229,93.31661570723624,0.9600000000000009,0.02999999999999936,0.16000000000000014,,0,11.145802828591286,12.469558599695588,,,0,,,10.699241786015179,13.373597929249371,17.636526410026864,13.17,12.543923847615106,13.17,0,25,20,20,12.24,,,,13.14,,,,,,12.776666666666666,13.533333333333331,13.926666666666666,14.683333333333332,12.383333333333331,11.626666666666665,11.23333333333333,0,0,0,0,0,0,0,0,0,0,0,0,0,0,0,0,0,0,0,0,0,0,,,,,,,,,,,,,,,,,,USD,1.0,stock,28.5
2025-09-23,13.17,13.215,12.49,12.53,16141414,11.5765,,,11.756828031339953,11.452558498332957,11.320379902944833,11.247533844176198,67.59061833688696,0.3255539061564079,0.19464388229294413,0.13091002386346376,0,0.4961642857142859,0.5,0.05,12844345.4,14142353.0,1.2566941714289308,1.1413527862018435,74.95429616087749,85.3625250784163,0.6400000000000006,0.04499999999999993,0.03999999999999915,,0,6.170566389944502,7.609736632083002,,,0,,,-4.642313546423149,8.29732065687121,13.599274705349051,13.215,6.576365381878651,13.215,0,25,20,20,12.2625,,,,12.53,,,,,,12.745,12.999999999999998,13.469999999999999,13.724999999999998,12.274999999999999,12.02,11.549999999999999,0,0,0,0,0,0,0,0,0,0,0,0,0,0,0,0,0,0,0,0,0,0,,,,,,,,,,,,,,,,,,USD,1.0,stock,25.0
2025-09-24,12.62,12.635,12.22,12.32,12530297,11.6515,,,11.810463456926625,11.48657581212382,11.340174360312261,11.258205149209271,65.09240246406571,0.3285787499396964,0.2214308558222946,0.10714789411740178,0,0.493307142857143,0.5,0.05,12756826.7,14249319.05,0.982242472573528,0.8793611088383904,61.50537634408603,78.44814362309194,0.29999999999999893,0.015000000000000568,0.09999999999999964,,0,4.135848563907268,5.426136363636362,,,0,,,-1.6759776536312776,4.230118443316422,13.863216266173751,13.215,4.314280679430419,13.215,0,25,20,20,12.2625,,,,12.32,,,,,,12.391666666666666,12.56333333333333,12.806666666666665,12.97833333333333,12.148333333333332,11.976666666666667,11.733333333333333,0,0,0,0,0,0,0,0,0,0,0,0,0,0,0,0,0,0,0,0,0,0,,,,,,,,,,,,,,,,,,USD,1.0,stock,25.0
2025-09-25,12.16,12.21,11.88,12.14,8699008,11.7015,,,11.84184788960028,11.51220029007975,11.356012491791226,11.266979227326592,57.36961451247166,0.312845180254925,0.2397137207088207,0.07313145954610434,0,0.4747357142857143,0.5,0.05,12501277.5,14300060.4,0.695849524178629,0.6083196683560861,43.56955380577429,60.00974210357927,0.019999999999999574,0.05000000000000071,0.2599999999999998,,0,2.4559481911014935,3.6120263591433375,,,0,,,-1.461038961038963,-0.08230452674896638,8.9766606822262,13.215,2.5177836531878084,13.215,0,25,20,20,12.2625,,,,12.14,,,,,,12.076666666666668,12.273333333333335,12.406666666666668,12.603333333333335,11.943333333333335,11.746666666666668,11.613333333333335,0,0,0,0,0,0,0,0,0,0,0,0,0,0,0,0,0,0,0,0,0,0,,,,,,,,,,,,,,,,,,USD,1.0,stock,25.0
2025-09-26,12.17,12.38,11.96,12.21,11597802,11.749,,,11.876909995352634,11.539564984586427,11.372923135518132,11.276362518596976,54.91606714628298,0.30253716776395123,0.2522784101198468,0.050258757644104424,0,0.4690214285714286,0.5,0.05,12739080.9,14421949.0,0.9104112055682133,0.8041771607984469,47.244094488189006,50.7730082126831,0.040000000000000924,0.16999999999999993,0.20999999999999908,,0,2.7280098660718037,3.7755937755937783,,,0,,,0.5766062602965416,2.8643639427127443,8.436944937833047,13.215,2.8045173768067913,13.215,0,25,20,20,12.317499999999999,,,,12.21,,,,,,12.183333333333335,12.40666666666667,12.603333333333335,12.82666666666667,11.98666666666667,11.763333333333335,11.56666666666667,0,0,0,0,0,0,0,0,0,0,0,0,0,0,0,0,0,0,0,0,0,0,,,,,,,,,,,,,,,,,,USD,1.0,stock,25.0
2025-09-29,12.31,12.68,12.17,12.56,13659617,11.821000000000002,,,11.941966186271431,11.57958204401441,11.39642960808213,11.289135030849742,57.466063348416284,0.31893360051017794,0.26560944819791305,0.053324152312264894,1,0.48055714285714285,0.5,0.05,13073363.1,14714950.95,1.044843388462147,0.9282815176492315,65.61679790026248,52.14348206474193,0.25,0.11999999999999922,0.14000000000000057,,0,4.920651383189247,5.883757961783431,,,0,,,2.8665028665028736,-4.414003044140036,12.949640287769792,13.215,5.1753103642100875,13.215,0,25,20,20,12.415,11.8475,12.13125,,12.56,,,,,,12.47,12.770000000000001,12.98,13.280000000000001,12.260000000000002,11.96,11.750000000000002,0,0,0,0,0,0,0,0,0,0,0,0,0,0,0,0,0,0,0,0,0,0,,,,,,,,,,,,,,,,,,USD,1.0,stock,25.0
2025-09-30,15.18,15.18,13.34,13.38,80835381,11.945,,,12.078921787578913,11.650186669739336,11.435708229704264,11.309939657408451,67.87878787878789,0.3935583429693583,0.29119922715220214,0.10235911581715618,1,0.6305571428571427,0.5,0.05,20428248.3,18178522.95,3.9570392827073673,4.446751874304508,53.48837209302327,55.44975482715825,1.799999999999999,0.0,0.040000000000000924,,0,9.72405240972412,10.72496263079223,,,0,,,6.52866242038217,6.783719074221883,22.752293577981654,15.18,10.771476422332842,15.18,0,25,20,20,13.475,12.83,13.1525,,13.38,,,,,,13.966666666666667,14.593333333333334,15.806666666666667,16.433333333333334,12.753333333333334,12.126666666666667,10.913333333333334,0,0,0,0,0,0,0,0,0,0,0,0,0,0,0,0,0,0,0,0,0,0,,,,,,,,,,,,,,,,,,USD,1.0,stock,25.0
2025-10-01,13.52,13.64,12.97,12.99,31188003,12.050500000000001,,,12.165691141142826,11.702728368965245,11.466486284561606,11.326656675742695,62.3574144486692,0.41642891506166,0.31624516473409375,0.10018375032756627,0,0.6571428571428569,0.5,0.05,22779352.4,19367239.05,1.3691347520485262,1.6103484301238074,43.41085271317829,54.17200756882135,0.5299999999999994,0.120000000000001,0.019999999999999574,,0,6.345718697899723,7.232486528098529,,,0,,,-2.9147982062780353,5.438311688311681,19.393382352941167,15.18,6.775684581285037,15.18,0,25,20,20,13.475,12.83,13.1525,,12.99,,,,,,13.200000000000001,13.430000000000001,13.870000000000001,14.100000000000001,12.760000000000002,12.530000000000001,12.090000000000002,0,0,0,0,0,0,0,0,0,0,0,0,0,0,0,0,0,0,0,0,0,0,,,,,,,,,,,,,,,,,,USD,1.0,stock,25.0
2025-10-02,13.08,13.08,12.61,12.75,23590179,12.145500000000002,,,12.221339603891128,11.743797844692098,11.491902397738604,11.34081929588456,62.955854126679455,0.4104565266432427,0.3350874371159236,0.07536908952731913,0,0.6628571428571427,0.5,0.05,23951449.0,18646433.75,0.9849165701832904,1.2651308725455344,37.20930232558139,44.702842377260986,0.33000000000000007,0.0,0.14000000000000057,,0,4.1463560479127235,4.74117647058822,,,0,,,-1.8475750577367167,5.0247116968698435,17.511520737327203,15.18,4.325715619100816,15.18,0,25,20,20,13.530000000000001,12.83,13.18,,12.75,,,,,,12.813333333333333,13.016666666666666,13.283333333333333,13.486666666666666,12.546666666666665,12.343333333333332,12.076666666666664,0,0,0,0,0,0,0,0,0,0,0,0,0,0,0,0,0,0,0,0,0,0,,,,,,,,,,,,,,,,,,USD,1.0,stock,25.0
2025-10-03,12.75,13.365,12.75,12.9,23026198,12.216,,,12.285973927330069,11.789139105684566,11.519785518575462,11.356333531746404,62.66924564796905,0.41306554965852094,0.35068305962444307,0.062382490034077864,0,0.6814285714285714,0.5,0.05,24950145.0,18068407.55,0.9228883439354761,1.2743900056648876,39.36170212765959,39.99395238880643,0.15000000000000036,0.46499999999999986,0.0,,0,4.759892036201018,5.302325581395357,,,0,,,1.17647058823529,5.651105651105648,12.271540469973896,15.18,4.99778101680677,15.18,0,25,20,20,13.530000000000001,12.83,13.18,,12.9,,,,,,13.005,13.260000000000002,13.620000000000001,13.875000000000002,12.645000000000001,12.39,12.030000000000001,0,0,0,0,0,0,0,0,0,0,0,0,0,0,0,0,0,0,0,0,0,0,,,,,,,,,,,,,,,,,,USD,1.0,stock,25.0
2025-10-06,14.19,15.22,13.91,14.52,61163247,12.352,,,12.498738315203395,11.896231689775366,11.579195706326443,11.387812800087236,71.78729689807975,0.5396331255290825,0.38847307280537097,0.15116005272371152,1,0.8321428571428571,0.5,0.05,28243114.6,20325625.35,2.165598513699335,3.0091692603199536,80.58252427184463,52.38450957502854,0.33000000000000007,0.7000000000000011,0.27999999999999936,,0,13.92053501926036,14.931129476584019,,,0,,,12.558139534883717,15.605095541401258,23.05084745762711,15.22,16.171725768015744,15.22,0,25,20,20,13.55,12.850000000000001,13.200000000000001,,14.52,,,,,,14.550000000000002,15.190000000000005,15.860000000000003,16.500000000000007,13.880000000000004,13.240000000000002,12.570000000000004,0,0,0,0,0,0,0,0,0,0,0,0,0,0,0,0,0,0,0,0,0,0,,,,,,,,,,,,,,,,,,USD,1.0,stock,28.5
2025-10-07,15.01,15.26,14.17,14.82,42503563,12.498,,,12.719810856612595,12.010889270568489,11.643370048775424,11.42196391650428,71.9941348973607,0.6565777148803296,0.4420940012203627,0.21448371365996688,1,0.8803571428571428,0.5,0.05,30879329.5,21861837.45,1.3764406056808973,1.944189874122406,87.39255014326649,69.11225884759024,0.1899999999999995,0.25,0.6500000000000004,,0,14.171316757000035,15.66801619433199,,,0,,,2.066115702479343,10.762331838565009,24.537815126050422,15.26,16.511166455714935,15.26,0,25,20,20,13.57,12.870000000000001,13.22,,14.82,,,,,,14.75,15.33,15.84,16.42,14.24,13.66,13.15,0,0,0,0,0,0,0,0,0,0,0,0,0,0,0,0,0,0,0,0,0,0,,,,,,,,,,,,,,,,,,USD,1.0,stock,28.5
2025-10-08,15.015,15.59,14.765,15.58,35929811,12.6965,,,12.992209822649489,12.150854397212862,11.721323117116503,11.463337409872398,73.6551724137931,0.8013453821511902,0.5139442774065283,0.28740110474466196,1,0.9142857142857143,0.5,0.05,33219280.9,22988053.8,1.0815950865450552,1.562977506168878,99.73821989528797,89.23776477013303,0.5649999999999995,0.009999999999999787,0.25,,0,16.609693051030238,18.50770218228498,,,0,,,5.128205128205132,19.938414164742113,34.19465977605513,15.59,19.91801404591837,15.59,0,25,20,20,13.775,13.035,13.405000000000001,,15.58,,,,,,15.311666666666667,15.858333333333334,16.136666666666667,16.683333333333334,15.033333333333335,14.486666666666668,14.208333333333336,0,0,0,0,0,0,0,0,0,0,0,0,0,0,0,0,0,0,0,0,0,0,,,,,,,,,,,,,,,,,,USD,1.0,stock,30.0
2025-10-09,16.44,18.74,16.19,18.51,99862094,13.0375,,,13.517713649063824,12.400232656145691,11.855752362322118,11.533453455545311,83.53535353535354,1.1393673963132471,0.639028901187872,0.5003384951253751,1,1.1128571428571425,0.5,0.05,42335589.5,27418433.5,2.3588213883262448,3.642151693312457,96.64723032069976,94.59266678641806,2.0700000000000003,0.22999999999999687,0.25,,0,26.970752841362383,29.565099945975152,,,0,,,18.806161745827985,45.176470588235304,58.34046193327633,18.74,36.93144033482261,18.74,0,25,20,20,15.454999999999998,14.61,15.032499999999999,,18.51,,,,,,17.813333333333333,19.436666666666664,20.36333333333333,21.98666666666666,16.886666666666667,15.263333333333335,14.33666666666667,0,0,0,0,0,0,0,0,0,0,0,0,0,0,0,0,0,0,0,0,0,0,,,,,,,,,,,,,,,,,,USD,1.0,stock,31.75
2025-10-10,18.58,18.6,16.85,17.05,63675413,13.319999999999999,,,13.854121872962507,12.582576473551743,11.958608751187025,11.588344465937897,69.37561942517343,1.2747479783910602,0.7661727166285097,0.5085752617625505,1,1.1449999999999996,0.5,0.05,47543350.6,30141215.75,1.3393126945495506,2.112569497134501,75.36443148688049,90.58329390095606,1.5299999999999976,0.020000000000003126,0.1999999999999993,,0,18.74415323775656,21.876832844574793,,,0,,,-7.887628309022155,32.170542635658926,49.56140350877194,18.74,23.06806708027104,18.74,0,25,20,20,15.674999999999999,14.815,15.245,,17.05,,,,,,17.5,18.15,19.25,19.9,16.4,15.75,14.649999999999999,0,0,0,0,0,0,0,0,0,0,0,0,0,0,0,0,0,0,0,0,0,0,,,,,,,,,,,,,,,,,,USD,1.0,stock,28.0
2025-10-13,17.32,17.47,16.61,17.14,40097176,13.5975,,,14.167062646966077,12.761298964785007,12.061210558094212,11.643584819510654,74.08568443051202,1.373467830692583,0.8876317394413245,0.4858360912512585,0,1.1546428571428569,0.5,0.05,50187106.5,31630234.8,0.7989537312735892,1.267685056830498,76.67638483965017,82.89601554907681,0.17999999999999972,0.14999999999999858,0.5300000000000011,,0,17.345025396930712,20.668028004667445,,,0,,,0.5278592375366653,18.044077134986235,47.88610871440897,18.74,20.98485357986744,18.74,0,25,20,20,15.674999999999999,15.024999999999999,15.349999999999998,,17.14,,,,,,17.073333333333334,17.53666666666667,17.933333333333334,18.39666666666667,16.67666666666667,16.213333333333335,15.81666666666667,0,0,0,0,0,0,0,0,0,0,0,0,0,0,0,0,0,0,0,0,0,0,,,,,,,,,,,,,,,,,,USD,1.0,stock,30.0
2025-10-14,16.78,16.91,16.05,16.48,34401894,13.843,,,14.38734239487407,12.907130377930693,12.14871133912205,11.691708353644875,70.75848303393212,1.3825108166189324,0.986607554876846,0.39590326174208634,0,1.2028571428571426,0.5,0.05,45543757.8,32986003.05,0.7553591460562352,1.042923992575087,67.05539358600585,73.0320699708455,0.3000000000000007,0.129999999999999,0.4299999999999997,,0,12.698165079647639,16.001213592233015,,,0,,,-3.850641773628938,11.201079622132259,42.43733794295592,18.74,14.545129654184805,18.74,0,25,20,20,15.674999999999999,15.024999999999999,15.349999999999998,,16.48,,,,,,16.48,16.91,17.34,17.77,16.05,15.620000000000001,15.190000000000001,0,0,0,0,0,0,0,0,0,0,0,0,0,0,0,0,0,0,0,0,0,0,,,,,,,,,,,,,,,,,,USD,1.0,stock,28.5
2025-10-15,17.02,17.2,16.1801,16.69,33082302,14.086500000000001,,,14.606643119171778,13.055478206247138,12.238637847258246,11.74144259888224,72.63681592039799,1.3905928048333767,1.0674046048681523,0.3231881999652244,0,1.2442785714285713,0.5,0.05,45733187.7,34256270.05,0.723376253958348,0.9657298343256143,69.76401179941006,71.16526340835536,0.3299999999999983,0.17999999999999972,0.5099000000000018,,0,12.482665553194865,15.599161174355903,,,0,,,1.274271844660202,7.124518613607189,41.201353637901875,18.74,14.263077860057644,18.74,0,25,20,20,15.745,15.024999999999999,15.384999999999998,,16.69,,,,,,16.690033333333332,17.199966666666665,17.709933333333332,18.219866666666665,16.180066666666665,15.670133333333332,15.160166666666665,0,0,0,0,0,0,0,0,0,0,0,0,0,0,0,0,0,0,0,0,0,0,,,,,,,,,,,,,,,,,,USD,1.0,stock,28.5
2025-10-16,16.93,17.58,15.8,15.93,37932547,14.2755,,,14.732677107822086,13.168204551100192,12.311734127510558,11.783119786953064,67.31843575418992,1.3204508548038572,1.1180138548552934,0.2024369999485638,0,1.341421428571428,0.5,0.05,47167424.5,35559436.75,0.8042106899434376,1.0667364409252067,57.22983257229834,64.68307931923808,1.0,0.6499999999999986,0.129999999999999,,0,7.516151237777235,10.38606403013183,,,0,,,-4.5536249251048595,-13.938411669367923,31.11111111111111,18.74,8.126987942620513,18.74,0,25,20,20,16.325,15.024999999999999,15.674999999999999,,15.93,,,,,,16.436666666666664,17.073333333333327,18.21666666666666,18.853333333333325,15.29333333333333,14.656666666666666,13.513333333333332,0,0,0,0,0,0,0,0,0,0,0,0,0,0,0,0,0,0,0,0,0,0,,,,,,,,,,,,,,,,,,USD,1.0,stock,25.0
2025-10-17,15.515,15.96,15.275,15.44,23036566,14.454000000000002,,,14.800041192791412,13.257294568704106,12.373679986371735,11.819506654744576,63.235294117647044,1.2113601434724242,1.1366831125787196,0.07467703089370459,0,1.3539214285714283,0.5,0.05,47168461.3,36059303.15,0.4883891771131402,0.6388522236320587,46.16639477977162,57.72007971716001,0.07500000000000107,0.4450000000000003,0.16499999999999915,,0,4.144810927516762,6.3860103626942815,,,0,,,-3.0759573132454476,-9.442815249266868,30.07582139848357,18.74,4.324033959583097,18.74,0,25,20,20,16.455,15.024999999999999,15.739999999999998,,15.44,,,,,,15.558333333333332,15.841666666666663,16.243333333333332,16.526666666666664,15.156666666666663,14.873333333333331,14.471666666666662,0,0,0,0,0,0,0,0,0,0,0,0,0,0,0,0,0,0,0,0,0,0,,,,,,,,,,,,,,,,,,USD,1.0,stock,25.0
2025-10-20,15.65,16.15,15.62,15.93,20296457,14.5935,,,14.907656317287469,13.362106546401984,12.444102164859423,11.860407086040649,62.08530805687203,1.151173858030731,1.1395812616691219,0.011592596361609031,0,1.2174928571428567,0.5,0.05,43081782.3,35662448.45,0.4711146084594555,0.5691268514122451,54.15986949429038,52.51869894878678,0.27999999999999936,0.21999999999999886,0.030000000000001137,,0,6.417725566305908,8.38983050847457,,,0,,,3.17357512953369,-7.059509918319728,21.232876712328764,18.74,6.857843117344903,18.74,0,25,20,20,16.752499999999998,15.024999999999999,15.888749999999998,,15.93,,,,,,15.899999999999999,16.18,16.43,16.709999999999997,15.649999999999999,15.37,15.12,0,0,0,0,0,0,0,0,0,0,0,0,0,0,0,0,0,0,0,0,0,0,,,,,,,,,,,,,,,,,,USD,1.0,stock,25.0
2025-10-21,15.68,16.59,15.425,16.28,19590160,14.781,,,15.038355715641044,13.47653374066073,12.520060537832503,11.904383134935768,65.65176022835395,1.1188207984051246,1.1354291690163225,-0.01660837061119791,0,1.2528499999999998,0.5,0.05,40790442.0,35834885.75,0.48026348917719497,0.5466784556443018,59.86949429037524,53.39858618814575,0.6000000000000014,0.3099999999999987,0.254999999999999,,0,7.626807643482534,9.20761670761671,,,0,,,2.1971123666038928,-1.2135922330097082,29.928172386272966,18.74,8.256516256411938,18.74,0,25,20,20,17.0075,15.079999999999998,16.04375,,16.28,,,,,,16.098333333333333,16.771666666666665,17.263333333333332,17.936666666666664,15.606666666666666,14.933333333333334,14.441666666666666,0,0,0,0,0,0,0,0,0,0,0,0,0,0,0,0,0,0,0,0,0,0,,,,,,,,,,,,,,,,,,USD,1.0,stock,25.0
2025-10-22,15.8,15.83,14.7,15.03,28047100,14.916500000000003,,,15.03755993319904,13.537453986125017,12.569762309360573,11.935483800259792,59.89583333333332,0.9810077653832945,1.104544888289717,-0.1235371229064226,0,1.332135714285714,0.5,0.05,40002170.9,36610725.9,0.7011394474093405,0.766089699412379,38.06343906510851,50.69760094992472,0.7700000000000014,0.02999999999999936,0.33000000000000007,,0,-0.05029895674677551,0.7551563539587266,,,0,,,-7.6781326781326875,-9.946075494307982,21.99675324675323,18.74,-0.05027366961544062,18.74,0,25,20,20,16.65,15.177499999999998,15.913749999999999,,15.03,,,,,,15.186666666666667,15.673333333333336,16.31666666666667,16.803333333333335,14.543333333333335,14.056666666666667,13.413333333333334,0,0,0,0,0,0,0,0,0,0,0,0,0,0,0,0,0,0,0,0,0,0,,,,,,,,,,,,,,,,,,USD,1.0,stock,25.0
2025-10-23,15.0,15.73,14.99,15.44,16109246,15.0815,,,15.075887558608656,13.612063633727958,12.626598699274226,11.970354608217407,60.780984719864165,0.8945615683960089,1.0625482243109756,-0.16798665591496675,0,1.3410642857142854,0.5,0.05,31626886.1,36981237.8,0.5093528951621955,0.4356059169009211,31.67701863354037,43.20331732967471,0.4399999999999995,0.2900000000000009,0.009999999999999787,,0,2.358241200721136,2.321891191709841,,,0,,,2.727877578176985,-3.0759573132454476,27.18286655683688,18.74,2.415197380425058,18.74,0,25,20,20,16.14,15.254999999999999,15.6975,,15.44,,,,,,15.386666666666665,15.78333333333333,16.126666666666665,16.52333333333333,15.04333333333333,14.646666666666665,14.30333333333333,0,0,0,0,0,0,0,0,0,0,0,0,0,0,0,0,0,0,0,0,0,0,,,,,,,,,,,,,,,,,,USD,1.0,stock,25.0
2025-10-24,15.56,16.755,15.32,16.48,34811843,15.294999999999998,,,15.20961255302688,13.72453172652294,12.70290367552622,12.01522670166798,58.74999999999999,0.8996015956179821,1.029958898572377,-0.13035730295439496,1,1.2778499999999993,0.5,0.05,28740529.1,38141939.85,1.2112457247699033,0.9126919904153747,50.547045951859985,40.09583455016962,0.9199999999999999,0.2749999999999986,0.2400000000000002,,0,7.7086616927980645,7.190533980582538,,,0,,,6.735751295336789,6.735751295336789,34.971334971334954,18.74,8.352529971056365,18.74,0,25,20,20,16.14,15.254999999999999,15.6975,,16.48,,,,,,16.185000000000002,17.050000000000004,17.62,18.485000000000003,15.615000000000006,14.750000000000004,14.180000000000007,0,0,0,0,0,0,0,0,0,0,0,0,0,0,0,0,0,0,0,0,0,0,,,,,,,,,,,,,,,,,,USD,1.0,stock,25.0
2025-10-27,16.835,17.5,16.55,17.39,30177194,15.5365,,,15.417268500357652,13.868275580384786,12.795717464129662,12.068707032994668,60.88060965283657,0.9658910574515183,1.0171453303482054,-0.05125427289668716,1,1.2728499999999998,0.5,0.05,27748530.9,38967818.7,1.0875240245601616,0.7744132211331602,66.58415841584163,49.60274100041399,0.5549999999999997,0.10999999999999943,0.28500000000000014,,0,11.344056927213044,10.65842438182864,,,0,,,5.521844660194186,9.165097300690528,38.45541401273884,18.74,12.795596701170409,18.74,0,25,20,20,16.14,15.309999999999999,15.725,,17.39,,,,,,17.146666666666665,17.74333333333333,18.096666666666664,18.693333333333328,16.79333333333333,16.196666666666665,15.84333333333333,0,0,0,0,0,0,0,0,0,0,0,0,0,0,0,0,0,0,0,0,0,0,,,,,,,,,,,,,,,,,,USD,1.0,stock,26.5
2025-10-28,17.38,17.5,16.11,16.16,25832250,15.6755,,,15.488004833656923,13.95814712625205,12.862336920285511,12.10941641575094,52.3615635179153,0.9087002818800567,0.9954563206545757,-0.08675603877451898,0,1.3132071428571426,0.5,0.05,26891566.5,36217662.15,0.9606078545108184,0.7132500682405312,36.13861386138617,51.08993940969592,1.2199999999999989,0.120000000000001,0.05000000000000071,,0,4.158385930340823,2.998143564356439,,,0,,,-7.073030477285802,-0.7371007371007376,20.777279521674142,18.74,4.338810412060092,18.74,0,25,20,20,16.14,15.309999999999999,15.725,,16.16,,,,,,16.59,17.07,17.98,18.46,15.68,15.2,14.29,0,0,0,0,0,0,0,0,0,0,0,0,0,0,0,0,0,0,0,0,0,0,,,,,,,,,,,,,,,,,,USD,1.0,stock,25.0
2025-10-29,16.45,16.68,16.0201,16.21,19572984,15.836500000000001,,,15.55676627807055,14.046455082085302,12.92862727829966,12.150218242459887,37.76595744680852,0.857525739402357,0.9678702044041321,-0.11034446500177508,0,1.134628571428571,0.5,0.05,25540634.7,35636911.2,0.7663468128299882,0.5492334588189561,38.717948717948744,47.14690699839218,0.23999999999999844,0.23000000000000043,0.1899000000000015,,0,4.029819382661637,2.30413325107958,,,0,,,0.30940594059405413,7.85096473719229,24.788298691301016,18.74,4.199032821173616,18.74,0,25,20,20,16.1,15.309999999999999,15.705,,16.21,,,,,,16.303366666666665,16.58663333333333,16.963266666666666,17.246533333333332,15.926733333333331,15.643466666666665,15.26683333333333,0,0,0,0,0,0,0,0,0,0,0,0,0,0,0,0,0,0,0,0,0,0,,,,,,,,,,,,,,,,,,USD,1.0,stock,25.0
2025-10-30,15.89,16.325,15.41,15.87,15449391,15.992500000000001,,,15.586598061111449,14.117966647493722,12.986872282689765,12.187230996266258,42.874396135265705,0.7805368444195153,0.9304035324072087,-0.14986668798769343,0,1.074985714285714,0.5,0.05,23292319.1,35229871.8,0.663282644105627,0.43853100254540245,40.625000000000014,38.493854193111645,0.02000000000000135,0.4349999999999987,0.4599999999999991,,0,1.7857715115850694,-0.7718966603654838,,,0,,,-2.0974706971005674,2.7849740932642364,24.47058823529411,18.74,1.8182411439455675,18.74,0,25,20,20,16.1,15.309999999999999,15.705,,15.87,,,,,,15.868333333333332,16.326666666666664,16.78333333333333,17.241666666666664,15.411666666666665,14.953333333333333,14.496666666666666,0,0,0,0,0,0,0,0,0,0,0,0,0,0,0,0,0,0,0,0,0,0,,,,,,,,,,,,,,,,,,USD,1.0,stock,25.0
2025-10-31,15.8,16.0,15.48,15.86,15424043,16.1405,13.5558,,15.612636341005595,14.18628168092534,13.043765900854323,12.22377596147754,42.19512195121952,0.7105251820321676,0.8864278623322006,-0.17590268030003298,0,1.0506999999999997,0.5,0.05,22531066.8,34849764.05,0.6845678075039039,0.4425867267815835,40.2777777777778,39.87357549857552,0.05999999999999872,0.14000000000000057,0.3200000000000003,,0,1.5596699810492052,-1.7686002522068096,14.528373266078184,,0,,,-0.0630119722747291,-3.762135922330101,22.94573643410851,18.74,1.5843810974109414,18.74,0,25,20,20,16.1,15.35,15.725000000000001,,15.86,,,,,,15.780000000000001,16.080000000000002,16.3,16.6,15.560000000000002,15.260000000000002,15.040000000000003,0,0,0,0,0,0,0,0,0,0,0,0,0,0,0,0,0,0,0,0,0,0,,,,,,,,,,,,,,,,,,USD,1.0,stock,25.0
2025-11-03,16.08,16.58,15.275,15.87,21230543,16.208,13.6498,,15.63714716567173,14.252309850300819,13.099730932520576,12.260056797681743,45.96026490066225,0.6483733077169287,0.8388169514091464,-0.19044364369221767,0,1.0660571428571424,0.5,0.05,22624475.4,32853128.85,0.9383882996022972,0.6462259073385029,40.625000000000014,40.509259259259274,0.20999999999999908,0.5,0.5949999999999989,,0,1.4672516340785753,-2.1298046628859435,13.989918084436034,,0,,,0.06305170239595537,-8.740655549166199,9.297520661157034,18.74,1.4891004852819465,18.74,0,25,20,20,16.1,15.454999999999998,15.7775,,15.87,,,,,,15.908333333333331,16.541666666666664,17.21333333333333,17.84666666666666,15.236666666666665,14.603333333333333,13.931666666666667,0,0,0,0,0,0,0,0,0,0,0,0,0,0,0,0,0,0,0,0,0,0,,,,,,,,,,,,,,,,,,USD,1.0,stock,25.0
2025-11-04,15.06,15.2,14.1501,14.27,26177506,16.180500000000002,13.7146,,15.506942673702993,14.25300358166157,13.122904577421158,12.280056232530681,36.46532438478747,0.4646546220543666,0.7639844855381905,-0.29932986348382395,0,1.1160571428571424,0.5,0.05,23283210.0,32036826.0,1.1243082891061842,0.8171067258660393,3.495728738447171,28.132835505408327,0.7900000000000009,0.1399999999999988,0.11989999999999945,,0,-8.668133662950197,-13.388227049754747,3.8920812894183516,,0,,,-10.081915563957155,-11.69554455445545,-3.7112010796221395,18.74,-7.97670243406927,18.74,0,25,20,20,15.825050000000001,15.674999999999999,15.750025,14.61,14.27,,,,,,14.540033333333332,14.929966666666663,15.589933333333331,15.979866666666663,13.880066666666664,13.490133333333333,12.830166666666665,0,0,0,0,0,0,0,0,0,0,0,0,0,0,0,0,0,0,0,0,0,0,,,,,,,,,,,,,,,,,,USD,1.0,stock,25.0
2025-11-05,14.42,15.19,14.07,14.55,26182491,16.128999999999998,13.789200000000001,,15.41580527620747,14.264650500027782,13.15116389271975,12.30264273767963,41.84397163120568,0.3377564538337925,0.6787388791973109,-0.3409824253635184,0,1.0689142857142853,0.5,0.05,23096749.1,31549460.0,1.1336007022737238,0.8298871359446406,13.994169096209927,19.37163261155237,0.13000000000000078,0.6399999999999988,0.34999999999999964,,0,-5.950551726511816,-10.852233676975924,5.228865979381441,,0,,,1.962158374211631,-10.240592227020361,-6.611039794608464,18.74,-5.616348031742076,18.74,0,25,20,20,15.785,15.674999999999999,15.73,14.61,14.55,,,,,,14.603333333333333,15.136666666666667,15.723333333333333,16.256666666666668,14.016666666666667,13.483333333333334,12.896666666666668,0,0,0,0,0,0,0,0,0,0,0,0,0,0,0,0,0,0,0,0,0,0,,,,,,,,,,,,,,,,,,USD,1.0,stock,25.0
2025-11-06,14.48,14.585,13.8,14.14,18140995,15.910500000000003,13.849200000000002,,15.294300011806758,14.259762245124733,13.170744805735199,12.320924899493765,42.24343675417662,0.20177918296201725,0.5833469399502522,-0.381567756988235,0,1.0760571428571424,0.5,0.05,23299924.0,27463405.05,0.7785860159887217,0.660551558227118,9.189189189189188,8.893029007948762,0.33999999999999986,0.10500000000000043,0.33999999999999986,,0,-8.163366420132654,-12.521216407355034,2.0565770862800496,,0,,,-2.8178694158075612,-10.901071203528668,-23.608860075634798,18.6,-7.547256238701158,18.6,0,25,20,20,15.65,15.674999999999999,15.6625,14.61,14.14,,,,,,14.175000000000002,14.550000000000004,14.960000000000003,15.335000000000004,13.765000000000004,13.390000000000002,12.980000000000004,0,0,0,0,0,0,0,0,0,0,0,0,0,0,0,0,0,0,0,0,0,0,,,,,,,,,,,,,,,,,,USD,1.0,stock,25.0
2025-11-07,13.75,14.365,13.54,14.3,17661094,15.773,13.91,,15.199604772587067,14.261340196296313,13.19310629473054,12.340617189051041,39.875776397515544,0.10570833902587395,0.48781921976537657,-0.3821108807395026,0,1.0842714285714283,0.5,0.05,21584849.1,25162689.1,0.8182171632601313,0.7018762553482409,19.191919191919226,14.125092492439448,0.5500000000000007,0.0649999999999995,0.21000000000000085,,0,-6.29094246564382,-10.300699300699293,2.727272727272731,,0,,,1.1315417256011262,-9.83606557377048,-16.129032258064512,17.58,-5.91860634566979,17.58,0,25,20,20,15.52,15.745,15.6325,14.61,14.3,,,,,,14.068333333333333,14.596666666666668,14.893333333333334,15.421666666666669,13.771666666666667,13.243333333333332,12.946666666666665,0,0,0,0,0,0,0,0,0,0,0,0,0,0,0,0,0,0,0,0,0,0,,,,,,,,,,,,,,,,,,USD,1.0,stock,25.0
2025-11-10,14.55,14.66,14.0,14.2,14971269,15.626000000000001,13.9716,,15.104404318054966,14.25893469840234,13.213044783943797,12.35911851055302,36.666666666666664,0.021257297890423743,0.39450683539038606,-0.3732495374999623,1,1.0481999999999998,0.5,0.05,20064256.6,23906393.75,0.7461661450242816,0.6262453951257286,16.666666666666668,15.015925015925026,0.3500000000000014,0.10999999999999943,0.1999999999999993,,0,-6.369044493344838,-10.042253521126774,1.6084507042253438,,0,,,-0.6993006993007089,-10.522999369880282,-17.152858809801643,17.58,-5.987686101423359,17.58,0,25,20,20,15.11,16.14,15.625,14.61,14.2,,,,,,14.286666666666667,14.573333333333334,14.946666666666667,15.233333333333334,13.913333333333334,13.626666666666667,13.253333333333334,0,0,0,0,0,0,0,0,0,0,0,0,0,0,0,0,0,0,0,0,0,0,,,,,,,,,,,,,,,,,,USD,1.0,stock,25.0
2025-11-11,14.06,14.53,14.0101,14.37,9739231,15.520499999999998,14.040999999999999,,15.034461049668778,14.263290200425779,13.235954788222138,12.379127281592295,45.089285714285715,-0.031589042576273485,0.30928765979705414,-0.3408767023733276,1,0.9724785714285711,0.5,0.05,18454954.7,22673260.6,0.5277298784157948,0.42954699687084263,20.959595959595955,18.93939393939395,0.3099999999999987,0.16000000000000014,0.049900000000000944,,0,-4.623946065892684,-8.006263048016695,2.2894919972164276,,0,,,1.1971830985915588,0.700770847932719,-12.803398058252435,17.58,-4.419586757873288,17.58,0,25,20,20,15.059999999999999,16.14,15.6,14.61,14.37,,,,,,14.303366666666667,14.596633333333335,14.823266666666667,15.116533333333335,14.076733333333335,13.783466666666667,13.556833333333335,0,0,0,0,0,0,0,0,0,0,0,0,0,0,0,0,0,0,0,0,0,0,,,,,,,,,,,,,,,,,,USD,1.0,stock,25.0
2025-11-12,14.25,14.745,13.9,14.25,15319756,15.398499999999999,14.1084,,14.959750473509848,14.262769016095357,13.25603489142566,12.397742930531676,40.74650077760499,-0.08220553106070838,0.23098902162550164,-0.31319455268621,1,0.979978571428571,0.5,0.05,18029631.9,21785133.3,0.8496987672832079,0.7032206683812212,17.92929292929295,18.518518518518523,0.0,0.4949999999999992,0.34999999999999964,,0,-4.98070507726209,-8.059649122807008,0.9936842105263185,,0,,,-0.8350730688935215,-2.0618556701030966,-14.619532654284006,17.58,-4.744400481589895,17.58,0,25,20,20,15.059999999999999,16.14,15.6,14.61,14.25,,,,,,14.298333333333332,14.696666666666664,15.14333333333333,15.541666666666663,13.851666666666665,13.453333333333333,13.006666666666666,0,0,0,0,0,0,0,0,0,0,0,0,0,0,0,0,0,0,0,0,0,0,,,,,,,,,,,,,,,,,,USD,1.0,stock,25.0
2025-11-13,14.31,14.8411,13.88,14.09,24757698,15.3065,14.173200000000001,,14.876917095080337,14.255993760562205,13.272549051991488,12.414581309332357,28.468468468468487,-0.1336890416275942,0.1580534089748825,-0.2917424506024767,1,0.9461285714285711,0.5,0.05,18960462.6,21126390.85,1.3057539007513455,1.171884879711955,13.888888888888903,17.5925925925926,0.22000000000000064,0.5311000000000003,0.20999999999999908,,0,-5.5849332511024645,-8.633782824698368,-0.5904897090134953,,0,,,-1.1228070175438587,-0.35360678925036026,-11.550533584431887,17.5,-5.2895172437343465,17.5,0,25,20,20,15.059999999999999,16.14,15.6,14.61,14.09,,,,,,14.270366666666666,14.660733333333331,15.231466666666666,15.621833333333331,13.699633333333331,13.309266666666666,12.738533333333331,0,0,0,0,0,0,0,0,0,0,0,0,0,0,0,0,0,0,0,0,0,0,,,,,,,,,,,,,,,,,,USD,1.0,stock,27.0
2025-11-14,13.5,14.385,13.47,14.03,14839491,15.235999999999999,14.224,,14.796258324120304,14.247131260148002,13.287548080664925,12.430655127149945,14.255319148936195,-0.17728792834948415,0.09098514151000915,-0.2682730698594933,1,0.938628571428571,0.5,0.05,18902007.4,20716537.1,0.7850748698786353,0.7163113665362537,13.895781637717093,15.237987818632982,0.5299999999999994,0.3550000000000004,0.02999999999999936,,0,-5.461570378619419,-8.595866001425513,-1.3827512473271621,,0,,,-0.42583392476934767,-1.8881118881118986,-9.132124352331605,17.5,-5.178730374497308,17.5,0,25,20,20,14.335,16.035,15.185,14.61,14.03,,,,,,13.961666666666666,14.453333333333331,14.876666666666665,15.36833333333333,13.538333333333332,13.046666666666667,12.623333333333333,0,0,0,0,0,0,0,0,0,0,0,0,0,0,0,0,0,0,0,0,0,0,,,,,,,,,,,,,,,,,,USD,1.0,stock,28.75
2025-11-17,14.0,14.18,13.3,13.52,16209349,15.1155,14.2584,,14.674709912299322,14.218616308769649,13.29215108896859,12.441494379616117,16.83417085427139,-0.2501099857145004,0.022766116065107242,-0.27287610177960764,0,0.9021999999999996,0.5,0.05,18399888.0,20512181.7,0.880948242728434,0.7902303732030611,6.508875739644939,11.431182088750312,0.4800000000000004,0.17999999999999972,0.21999999999999886,,0,-8.540753789196174,-11.801035502958591,-5.461538461538465,,0,,,-3.6350677120456143,-4.788732394366191,-15.128688010043945,17.5,-7.868706905964289,17.5,0,25,20,20,14.245000000000001,15.44,14.842500000000001,14.815,13.52,,,,,,13.666666666666666,14.033333333333331,14.546666666666665,14.91333333333333,13.153333333333332,12.786666666666667,12.273333333333333,0,0,0,0,0,0,0,0,0,0,0,0,0,0,0,0,0,0,0,0,0,0,,,,,,,,,,,,,,,,,,USD,1.0,stock,28.75
2025-11-18,13.43,13.785,13.29,13.74,14209587,14.988500000000002,14.2952,,14.585689920651767,14.199847041759075,13.301019384236538,12.454414833550285,20.24096385542171,-0.2867641903655578,-0.03913994522102576,-0.24762424514453202,1,0.8904214285714281,0.5,0.05,17203096.1,20243153.05,0.8259900960502103,0.7019453424524693,13.677811550152011,11.360822975838014,0.3100000000000005,0.04499999999999993,0.14000000000000057,,0,-6.154948476359291,-9.086608442503652,-4.0407569141193544,,0,,,1.6272189349112454,-4.384133611691022,-15.601965601965606,17.5,-5.7980796606292895,17.5,0,25,20,20,14.06555,15.434999999999999,14.750274999999998,15.024999999999999,13.74,,,,,,13.604999999999999,13.919999999999998,14.1,14.415,13.424999999999997,13.109999999999998,12.929999999999996,0,0,0,0,0,0,0,0,0,0,0,0,0,0,0,0,0,0,0,0,0,0,,,,,,,,,,,,,,,,,,USD,1.0,stock,27.0
2025-11-19,13.66,13.875,13.31,13.48,10684776,14.910999999999998,14.3326,,14.480386118684931,14.171617746003818,13.304563554845716,12.464619661077148,20.638820638820675,-0.3329546448315934,-0.0979028851431393,-0.23505175968845413,1,0.8654214285714282,0.5,0.05,15653324.6,19375036.85,0.6825882854304318,0.55147126081466,5.775075987841985,8.653921092546312,0.17999999999999972,0.21499999999999986,0.16999999999999993,,0,-7.421262008048449,-10.615727002967338,-6.324925816023732,,0,,,-1.8922852983988325,-5.403508771929822,-10.312707917498331,17.5,-6.90855969230041,17.5,0,25,20,20,14.06555,15.434999999999999,14.750274999999998,15.024999999999999,13.48,,,,,,13.555000000000001,13.800000000000002,14.120000000000001,14.365000000000002,13.235000000000003,12.990000000000002,12.670000000000003,0,0,0,0,0,0,0,0,0,0,0,0,0,0,0,0,0,0,0,0,0,0,,,,,,,,,,,,,,,,,,USD,1.0,stock,27.0
2025-11-20,13.85,13.91,12.685,12.73,15996666,14.7755,14.3534,,14.313682678810176,14.115083716748767,13.293186058710157,12.46726026146444,17.463617463617496,-0.42517845223567896,-0.16335799856164723,-0.26182045367403173,0,0.915778571428571,0.5,0.05,15438891.7,19369407.85,1.036127871795357,0.825872743445794,1.1553273427471105,6.869404960247036,1.1199999999999992,0.0600000000000005,0.04499999999999993,,0,-12.44055521453398,-16.068342498036124,-12.752553024351926,,0,,,-5.56379821958457,-9.652235628105032,-17.551813471502587,17.5,-11.064117560427986,17.5,0,25,20,20,13.76305,15.1325,14.447775,15.024999999999999,12.73,,,,,,13.108333333333334,13.531666666666668,14.333333333333334,14.756666666666668,12.306666666666668,11.883333333333335,11.081666666666669,0,0,0,0,0,0,0,0,0,0,0,0,0,0,0,0,0,0,0,0,0,0,,,,,,,,,,,,,,,,,,USD,1.0,stock,30.25
2025-11-21,12.82,13.12,12.355,13.01,19365234,14.602,14.385600000000002,,14.189522423685398,14.071747100405679,13.287578413983223,12.472660656872755,21.85039370078742,-0.4702520511735173,-0.22473680908402127,-0.24551524208949604,1,0.8772071428571425,0.5,0.05,15609305.7,18597077.4,1.2406210995022027,1.0413052321866447,23.022847100175735,9.984416810254944,0.1899999999999995,0.10999999999999943,0.46499999999999986,,0,-9.066275354999219,-12.236740968485785,-10.57340507302077,,0,,,2.199528672427342,-7.270135424091229,-21.055825242718452,17.5,-8.312629477342513,17.5,0,25,20,20,13.59805,14.9275,14.262775000000001,15.024999999999999,13.01,,,,,,12.828333333333333,13.301666666666666,13.593333333333332,14.066666666666665,12.536666666666667,12.063333333333334,11.771666666666668,0,0,0,0,0,0,0,0,0,0,0,0,0,0,0,0,0,0,0,0,0,0,,,,,,,,,,,,,,,,,,USD,1.0,stock,27.0
2025-11-24,13.15,13.44,13.04,13.31,11857214,14.398,14.42,,14.105758383334408,14.041874665095651,13.288022405785535,12.48099239163024,37.30158730158732,-0.47627550274961905,-0.2750445478171408,-0.20123095493247822,1,0.7850714285714283,0.5,0.05,15297900.2,17681078.4,0.7750876816414322,0.6706159959111997,33.68606701940036,19.288080487441068,0.16000000000000014,0.129999999999999,0.11000000000000121,,0,-5.978650513406515,-8.174305033809159,-8.339594290007508,,0,,,2.3059185242121583,-1.553254437869811,-23.461759631972402,17.5,-5.641372563665739,17.5,0,25,20,20,13.59805,14.9275,14.262775000000001,15.024999999999999,13.31,,,,,,13.263333333333334,13.486666666666668,13.663333333333334,13.886666666666668,13.086666666666668,12.863333333333333,12.686666666666667,0,0,0,0,0,0,0,0,0,0,0,0,0,0,0,0,0,0,0,0,0,0,,,,,,,,,,,,,,,,,,USD,1.0,stock,25.0
2025-11-25,13.31,13.72,13.08,13.61,15257932,14.270500000000002,14.460799999999999,,14.058543299207322,14.024938403719352,13.294398199730376,12.492226298181183,37.6315789473684,-0.4516354662038342,-0.3103627314944795,-0.1412727347093547,1,0.7507857142857141,0.5,0.05,15849770.3,17152362.5,0.9626595030213151,0.889552794840944,50.48067253931856,35.72986221963155,0.29999999999999893,0.11000000000000121,0.23000000000000043,,0,-3.295689193294069,-4.8530492285084685,-6.251285819250548,,0,,,2.2539444027047217,-0.9461426491994218,-15.779702970297038,16.68,-3.19053894604154,16.68,0,25,20,20,13.59805,14.9275,14.262775000000001,15.024999999999999,13.61,,,,,,13.469999999999999,13.859999999999998,14.11,14.499999999999998,13.219999999999997,12.829999999999998,12.579999999999997,0,0,0,0,0,0,0,0,0,0,0,0,0,0,0,0,0,0,0,0,0,0,,,,,,,,,,,,,,,,,,USD,1.0,stock,25.0
2025-11-26,13.58,13.77,13.47,13.59,9845926,14.139499999999998,14.496200000000002,,14.013920127854243,14.007881995730358,13.300251700725815,12.503149419592317,41.93548387096773,-0.42877919294199174,-0.33404602378398196,-0.09473316915800978,1,0.7161428571428569,0.5,0.05,15302387.3,16666009.6,0.6434241799643903,0.5907788508654165,49.67619967016609,44.614313076295,0.009999999999999787,0.17999999999999972,0.10999999999999943,,0,-3.1193534058443233,-4.043414275202342,-6.668138337012524,,0,,,-0.14695077149154967,0.8160237388723957,-16.162862430598402,16.58,-3.0249931781161967,16.58,0,25,20,20,13.370000000000001,14.9275,14.14875,15.079999999999998,13.59,,,,,,13.61,13.749999999999998,13.909999999999998,14.049999999999997,13.45,13.31,13.15,0,0,0,0,0,0,0,0,0,0,0,0,0,0,0,0,0,0,0,0,0,0,,,,,,,,,,,,,,,,,,USD,1.0,stock,25.0
2025-11-28,13.7,13.94,13.51,13.86,6284085,14.038999999999998,14.5304,,13.999261068058601,14.002082701780148,13.311335825463916,12.516650420392393,43.749999999999986,-0.3844470222332319,-0.344126223473832,-0.04032079875939992,1,0.6879285714285711,0.5,0.05,13455026.0,16207744.3,0.4670436905881862,0.3877211340260347,60.536583403724656,53.564485204403105,0.16000000000000014,0.08000000000000007,0.1899999999999995,,0,-1.0047696108124222,-1.2914862914862806,-4.836940836940843,,0,,,1.9867549668874052,8.876669285153183,-12.665406427221171,16.58,-0.9947744197466721,16.58,0,25,20,20,13.2675,14.9275,14.0975,15.177499999999998,13.86,,,,,,13.770000000000001,14.030000000000003,14.200000000000001,14.460000000000003,13.600000000000003,13.340000000000002,13.170000000000003,0,0,0,0,0,0,0,0,0,0,0,0,0,0,0,0,0,0,0,0,0,0,,,,,,,,,,,,,,,,,,USD,1.0,stock,25.0
2025-12-01,13.68,14.2,13.55,14.12,16075681,13.952000000000002,14.575400000000002,,14.010760013957782,14.006706909553476,13.327348977434927,12.532604147552668,48.913043478260875,-0.3245919366667298,-0.3402193661124116,0.015627429445681795,1,0.6872142857142852,0.5,0.05,13578645.0,16240326.2,1.1838943429186048,0.9898619524033945,70.99473070270699,60.40250459219925,0.4399999999999995,0.08000000000000007,0.129999999999999,,0,0.773654292083692,1.189801699716696,-3.225212464589254,,0,,,1.8759018759018753,8.531898539584937,-10.970996216897856,16.58,0.779686369143361,16.58,0,25,20,20,13.2775,14.9275,14.1025,15.254999999999999,14.12,,,,,,13.956666666666665,14.36333333333333,14.606666666666664,15.013333333333328,13.713333333333331,13.306666666666667,13.063333333333333,0,0,0,0,0,0,0,0,0,0,0,0,0,0,0,0,0,0,0,0,0,0,,,,,,,,,,,,,,,,,,USD,1.0,stock,25.0
2025-12-02,14.27,14.665,14.25,14.3,18649506,13.873500000000002,14.5986,,14.038306679295136,14.018208599374908,13.346609393723343,12.55019017593523,49.05149051490517,-0.2596388988392242,-0.32410327265777417,0.06446437381854997,1,0.6890071428571424,0.5,0.05,13822660.7,16111274.35,1.3491979876204299,1.1575438165138068,78.23498652507944,69.9221002105037,0.030000000000001137,0.36499999999999844,0.019999999999999574,,0,1.8300232217123398,2.9825174825174754,-2.0881118881118788,,0,,,1.2747875354107707,7.438016528925617,-9.892879647132947,15.2,1.8641373684393983,15.2,0,25,20,20,13.51,14.9275,14.21875,15.254999999999999,14.3,,,,,,14.405000000000001,14.560000000000002,14.82,14.975000000000001,14.145000000000003,13.990000000000002,13.730000000000004,0,0,0,0,0,0,0,0,0,0,0,0,0,0,0,0,0,0,0,0,0,0,,,,,,,,,,,,,,,,,,USD,1.0,stock,25.0
2025-12-03,14.36,15.0,14.17,14.86,41665684,13.903,14.645199999999999,,14.116563186028932,14.051220026850402,13.376577524540702,12.573173358264233,57.38498789346247,-0.16111855411580223,-0.2915063289493798,0.13038777483357755,1,0.6879357142857139,0.5,0.05,16568270.4,16885683.25,2.5147877837628725,2.4675154320450727,94.70699432892246,81.31223718556963,0.5,0.14000000000000057,0.1899999999999995,,0,5.002939528742042,6.440107671601608,1.445491251682371,,0,,,3.9160839160839123,9.184423218221905,4.1345480028030845,15.19,5.266415091081389,15.19,0,25,20,20,13.6775,14.9275,14.3025,15.309999999999999,14.86,,,,,,14.676666666666668,15.183333333333335,15.506666666666668,16.013333333333335,14.353333333333335,13.846666666666668,13.523333333333335,0,0,0,0,0,0,0,0,0,0,0,0,0,0,0,0,0,0,0,0,0,0,,,,,,,,,,,,,,,,,,USD,1.0,stock,25.0
2025-12-04,16.1,18.7,15.75,18.48,94766949,14.0995,14.768400000000002,,14.53212859688332,14.224897672856269,13.477635395341876,12.631947752709365,78.91963109354414,0.2066807878084269,-0.19186890559781847,0.39854969340624535,1,0.8935714285714281,0.5,0.05,24976487.7,20314906.15,3.7942464184025364,4.664897208988584,96.53270291568165,89.82489458989453,2.379999999999999,0.21999999999999886,0.3500000000000014,,0,21.36294049305563,23.704004329004327,20.084415584415577,,0,,,24.360699865410496,35.982339955849895,27.01030927835051,18.7,27.166504733266493,18.7,0,25,20,20,15.5275,15.5275,15.5275,15.309999999999999,18.48,,,,,,17.643333333333334,19.53666666666667,20.593333333333334,22.486666666666668,16.58666666666667,14.693333333333335,13.63666666666667,0,0,0,0,0,0,0,0,0,0,0,0,0,0,0,0,0,0,0,0,0,0,,,,,,,,,,,,,,,,,,USD,1.0,stock,30.0
2025-12-05,18.15,18.98,18.09,18.67,43510186,14.325999999999999,14.899,,14.926211587656336,14.399215411175632,13.580454496424215,12.692027874572956,80.0518134715026,0.5076440239278828,-0.05196631969267822,0.559610343620561,1,0.891785714285714,0.5,0.05,27727839.7,21583365.7,1.5691877358913036,2.015912930576903,95.32075471698116,95.52015065386176,0.5200000000000031,0.3099999999999987,0.05999999999999872,,0,20.052428561026595,23.267273701124815,20.198178896625617,,0,,,1.0281385281385447,34.704184704184726,32.03677510608205,18.98,25.081973348412802,18.98,0,25,20,20,16.009999999999998,15.6675,15.83875,15.43,18.67,,,,,,18.580000000000002,19.070000000000004,19.470000000000002,19.960000000000004,18.180000000000003,17.69,17.290000000000003,0,0,0,0,0,0,0,0,0,0,0,0,0,0,0,0,0,0,0,0,0,0,,,,,,,,,,,,,,,,,,USD,1.0,stock,31.75
2025-12-08,19.08,19.84,18.74,19.29,32127888,14.5755,15.0406,,15.341810484070018,14.591010885247176,13.693514803425716,12.757679338507554,86.84546615581098,0.7871150035208725,0.11584994495003192,0.6712650585708406,1,0.9124999999999996,0.5,0.05,29004105.1,22306705.4,1.1077014060330377,1.440279387918935,92.65197060788242,94.83514274684842,0.21000000000000085,0.5500000000000007,0.33999999999999986,,0,20.467545442871852,24.440124416796262,22.02903058579575,,0,,,3.320835565077651,36.61473087818696,34.89510489510488,19.84,25.734834360191943,19.84,0,25,20,20,16.46,16.0975,16.278750000000002,15.86,19.29,,,,,,19.29,19.84,20.39,20.94,18.74,18.189999999999998,17.639999999999997,0,0,0,0,0,0,0,0,0,0,0,0,0,0,0,0,0,0,0,0,0,0,,,,,,,,,,,,,,,,,,USD,1.0,stock,31.75
2025-12-09,19.27,19.56,18.835,18.98,18020977,14.814499999999999,15.168999999999999,,15.688304723682398,14.76312810543356,13.798197678605403,12.819592976930364,83.0808080808081,0.9723744319367924,0.28715484234738403,0.6852195895894084,1,0.9289285714285709,0.5,0.05,29620481.4,22459190.8,0.6083958176317823,0.8023876354441051,88.51035404141618,92.16102645542658,0.28999999999999915,0.28999999999999915,0.14499999999999957,,0,17.342967736130678,21.946786090621714,20.07903055848262,,0,,,-1.6070502851218138,32.72727272727272,33.66197183098591,19.84,20.981841787842118,19.84,0,25,20,20,16.655,16.0975,16.37625,15.9,18.98,,,,,,19.125,19.415,19.849999999999998,20.139999999999997,18.69,18.400000000000002,17.965000000000003,0,0,0,0,0,0,0,0,0,0,0,0,0,0,0,0,0,0,0,0,0,0,,,,,,,,,,,,,,,,,,USD,1.0,stock,31.75
2025-12-10,18.66,18.95,18.225,18.69,22619639,15.0305,15.2752,,15.974180464284073,14.917123081691068,13.895065051306286,12.878004987110163,82.76729559748429,1.083305614519789,0.44638499678186505,0.636920617737924,0,0.9424999999999993,0.5,0.05,30356652.1,23103211.2,0.7451295658522238,0.979069048202269,84.6359385437542,88.59942106435092,0.030000000000001137,0.259999999999998,0.4349999999999987,,0,14.530869639999617,19.57998929909043,18.270733012306053,,0,,,-1.5279241306638491,25.77388963660836,30.06263048016704,19.84,17.001307464806114,19.84,0,25,20,20,16.675,16.0975,16.38625,16.005,18.69,,,,,,18.621666666666666,19.01833333333333,19.346666666666664,19.74333333333333,18.293333333333333,17.89666666666667,17.568333333333335,0,0,0,0,0,0,0,0,0,0,0,0,0,0,0,0,0,0,0,0,0,0,,,,,,,,,,,,,,,,,,USD,1.0,stock,30.25
2025-12-11,18.64,18.95,17.92,18.03,22482243,15.219500000000002,15.376,,16.169972801018922,15.039196686330635,13.97694495128042,12.929268619079219,83.71501272264634,1.1052225739278931,0.5781525122110707,0.5270700617168225,0,0.9285714285714278,0.5,0.05,31620283.8,23461335.55,0.7110069960852153,0.9582678254648636,75.81830327321312,82.98819861946116,0.6099999999999994,0.3099999999999987,0.10999999999999943,,0,10.316290621081968,15.587909040488071,14.719911259012767,,0,,,-3.5313001605136396,-2.4350649350649345,26.526315789473685,19.84,11.502970486529655,19.84,0,25,20,20,16.695,16.0975,16.396250000000002,16.0975,18.03,,,,,,18.3,18.68,19.33,19.709999999999997,17.650000000000002,17.270000000000003,16.620000000000005,0,0,0,0,0,0,0,0,0,0,0,0,0,0,0,0,0,0,0,0,0,0,,,,,,,,,,,,,,,,,,USD,1.0,stock,30.25
2025-12-12,18.04,18.09,17.225,17.42,17496455,15.386000000000001,15.4694,,16.289023010445693,15.132561522160808,14.045124259175855,12.973952513416739,76.92307692307695,1.061137883162985,0.6747495864014535,0.3863882967615314,0,0.9357142857142849,0.5,0.05,32741520.8,23098273.4,0.534381255741792,0.7574789118220413,64.41176470588238,74.95533550761657,0.6199999999999974,0.05000000000000071,0.19500000000000028,,0,6.492405221322095,11.67623421354765,11.197474167623428,,0,,,-3.3832501386577896,-6.695232994108191,23.63378282469839,19.84,6.943184921704913,19.84,0,25,20,20,17.005,16.0975,16.55125,16.0975,17.42,,,,,,17.578333333333333,17.931666666666665,18.44333333333333,18.796666666666663,17.066666666666666,16.713333333333335,16.201666666666668,0,0,0,0,0,0,0,0,0,0,0,0,0,0,0,0,0,0,0,0,0,0,,,,,,,,,,,,,,,,,,USD,1.0,stock,27.0
2025-12-15,17.59,17.6,16.01,16.16,24013158,15.492500000000001,15.534600000000001,,16.27673510468896,15.172853227174109,14.087002986716927,13.005654478457368,65.57377049180329,0.9139930356045731,0.7225982762420775,0.19139475936249561,0,1.0185714285714278,0.5,0.05,33535268.5,23556956.75,0.7160568283507257,1.0193658822250034,45.562130177514796,61.930732718870104,1.4299999999999997,0.010000000000001563,0.14999999999999858,,0,-0.7223706973326731,4.130569306930685,3.8700495049504893,,0,,,-7.23306544202067,-16.226023846552618,15.181753385602281,19.84,-0.7171899274525346,19.84,0,25,20,20,17.005,16.0975,16.55125,16.0975,16.16,,,,,,16.59,17.169999999999998,18.18,18.759999999999998,15.579999999999998,15.0,13.989999999999998,0,0,0,0,0,0,0,0,0,0,0,0,0,0,0,0,0,0,0,0,0,0,,,,,,,,,,,,,,,,,,USD,1.0,stock,25.0
2025-12-16,16.2,16.6,15.94,16.09,14453603,15.620999999999999,15.565999999999999,,16.258950809004297,15.208819767284929,14.12666629391065,13.036344483646847,63.90134529147982,0.7827086902456521,0.7346203590427924,0.04808833120285971,0,1.0199999999999994,0.5,0.05,33115678.2,23469169.45,0.43645800978945376,0.6158548997991917,41.13029827315541,50.36806438551753,0.10999999999999943,0.40000000000000213,0.15000000000000036,,0,-1.050036103196377,2.91485394655066,3.2566811684276007,,0,,,-0.4331683168316891,-15.226554267650162,19.00887573964498,19.84,-1.0391249164166925,19.84,0,25,20,20,17.795,16.0975,16.94625,16.0975,16.09,,,,,,16.209999999999997,16.479999999999997,16.869999999999997,17.139999999999997,15.819999999999993,15.549999999999995,15.159999999999991,0,0,0,0,0,0,0,0,0,0,0,0,0,0,0,0,0,0,0,0,0,0,,,,,,,,,,,,,,,,,,USD,1.0,stock,25.0
2025-12-17,16.21,17.45,15.84,15.96,20336728,15.732,15.588799999999999,,16.23047930338484,15.238277815626697,14.162969931654994,13.065435583312054,63.12292358803987,0.6605604573832977,0.7198083787108935,-0.05924792132759582,0,1.113571428571428,0.5,0.05,30982782.6,23775526.5,0.6563880417893775,0.8553639390488367,38.704581358609815,41.79900326976001,0.25,1.2399999999999984,0.120000000000001,,0,-1.694732477348615,1.4285714285714382,2.325814536340863,,0,,,-0.8079552517091249,-14.60674157303371,16.157205240174676,19.84,-1.6664899312519434,19.84,0,25,20,20,17.84,16.0975,16.96875,16.0975,15.96,,,,,,16.416666666666668,16.993333333333336,18.026666666666667,18.603333333333335,15.383333333333336,14.806666666666668,13.773333333333337,0,0,0,0,0,0,0,0,0,0,0,0,0,0,0,0,0,0,0,0,0,0,,,,,,,,,,,,,,,,,,USD,1.0,stock,25.0
2025-12-18,16.19,16.3355,15.86,15.94,15143297,15.855,15.596000000000002,,16.20281460782438,15.265796332660944,14.198158645879646,13.094038214323875,61.84510250569476,0.5557370788457483,0.6869941187378645,-0.13125703989211623,0,1.116821428571428,0.5,0.05,23020417.4,23998452.55,0.6578202617646716,0.6310113941075755,37.996820349761514,39.27723332717559,0.2500000000000018,0.1454999999999984,0.08000000000000007,,0,-1.6487742021604757,0.5332496863237082,2.158092848180663,,0,,,-0.12531328320802837,-11.591791458679989,18.249258160237392,19.84,-1.622030580399692,19.84,0,25,20,20,17.84,16.0975,16.96875,16.0975,15.94,,,,,,16.045166666666663,16.230333333333327,16.520666666666664,16.705833333333327,15.754833333333327,15.569666666666663,15.279333333333327,0,0,0,0,0,0,0,0,0,0,0,0,0,0,0,0,0,0,0,0,0,0,,,,,,,,,,,,,,,,,,USD,1.0,stock,25.0
2025-12-19,16.1,16.24,15.9044,16.12,18769138,16.0245,15.548200000000001,,16.194927502317295,15.29929451569385,14.236214910317672,13.124147286818166,61.49425287356323,0.48163628849472495,0.6459225526892367,-0.16428626419451176,0,1.094364285714285,0.5,0.05,20546312.6,24137076.15,0.9135039637233981,0.7776061144837545,34.391534391534414,37.03097869996858,0.019999999999999574,0.11999999999999744,0.19560000000000066,,0,-0.46481080841993905,0.5924317617866082,3.5471464019851093,,0,,,1.129234629861986,-7.462686567164178,26.630007855459546,19.84,-0.46266031327755536,19.84,0,25,20,20,17.7,16.0975,16.89875,16.0975,16.12,,,,,,16.08813333333333,16.27186666666666,16.42373333333333,16.60746666666666,15.936266666666665,15.752533333333334,15.600666666666667,0,0,0,0,0,0,0,0,0,0,0,0,0,0,0,0,0,0,0,0,0,0,,,,,,,,,,,,,,,,,,USD,1.0,stock,25.0
2025-12-22,16.56,16.825,16.22,16.7,22494357,16.209,15.541199999999998,,16.243029644953744,15.354224142529386,14.285002733875737,13.159727910829925,63.186813186813175,0.4643591873536721,0.6096098796221239,-0.14525069226845178,1,1.1057928571428564,0.5,0.05,19582959.5,24293532.3,1.1486699443973216,0.9259401523919187,44.62081128747794,39.003055342924625,0.14000000000000057,0.125,0.33999999999999986,,0,2.7363494314147045,2.94011976047904,6.93892215568863,,0,,,3.598014888337464,3.3415841584158334,28.362797847809375,19.84,2.8133320263207398,19.84,0,25,20,20,17.395,16.0975,16.74625,16.0975,16.7,,,,,,16.581666666666667,16.943333333333335,17.186666666666667,17.548333333333336,16.338333333333335,15.976666666666667,15.733333333333334,0,0,0,0,0,0,0,0,0,0,0,0,0,0,0,0,0,0,0,0,0,0,,,,,,,,,,,,,,,,,,USD,1.0,stock,25.0
2025-12-23,16.63,16.66,15.68,15.96,19389072,16.3415,15.5176,,16.216074440672436,15.377980058508625,14.318170996571267,13.187591314702265,55.926724137931046,0.38649981537873046,0.5649878667734451,-0.1784880513947147,0,1.119364285714285,0.5,0.05,19719769.0,24670125.2,0.9832301788119323,0.7859332631193944,6.7307692307692575,28.581038303260538,0.6699999999999982,0.030000000000001137,0.28000000000000114,,0,-1.604476445316011,-2.3903508771929762,2.77192982456141,,0,,,-4.431137724550894,-0.8079552517091249,19.909842223891804,19.84,-1.579139523620839,19.84,0,25,20,20,17.314999999999998,16.0975,16.706249999999997,16.0975,15.96,,,,,,16.1,16.520000000000003,17.080000000000002,17.500000000000004,15.540000000000003,15.120000000000001,14.560000000000002,0,0,0,0,0,0,0,0,0,0,0,0,0,0,0,0,0,0,0,0,0,0,,,,,,,,,,,,,,,,,,USD,1.0,stock,25.0
2025-12-24,16.98,17.3493,16.69,17.16,34596942,16.519,15.531199999999998,,16.30597211298935,15.447863193469072,14.37444483822332,13.227117769282343,40.37900874635568,0.41682082234561335,0.5353544578878788,-0.11853363554226548,1,0.9443142857142848,0.5,0.05,20917499.3,25637075.7,1.6539712278130685,1.3494886236186447,35.57692307692309,28.976167865056762,0.17999999999999972,0.18929999999999936,0.28999999999999915,,0,4.976852488407062,3.7354312354312453,9.491841491841502,,0,,,7.5187969924811915,7.5187969924811915,26.083761939750193,19.84,5.237515930315696,19.84,0,25,20,20,16.884999999999998,16.0975,16.49125,16.0975,17.16,,,,,,17.066433333333332,17.442866666666664,17.72573333333333,18.102166666666662,16.783566666666665,16.407133333333334,16.124266666666667,0,0,0,0,0,0,0,0,0,0,0,0,0,0,0,0,0,0,0,0,0,0,,,,,,,,,,,,,,,,,,USD,1.0,stock,25.0
2025-12-26,16.94,17.175,16.72,16.84,17152552,16.6815,15.5342,,16.356831911752266,15.502456793725187,14.423267712713947,13.263066846204906,36.90987124463516,0.4102994366661541,0.5103434536435338,-0.10004401697737975,1,0.9132428571428564,0.5,0.05,20384530.2,26002407.0,0.8414494634759844,0.6596524698655782,27.884615384615387,23.397435897435912,0.10000000000000142,0.23499999999999943,0.120000000000001,,0,2.869169170117183,0.9412114014251787,7.7541567695961975,,0,,,-1.8648018648018683,5.646173149309908,23.914643119941136,19.84,2.953922195046712,19.84,0,25,20,20,16.64,16.0975,16.36875,16.0975,16.84,,,,,,16.911666666666665,17.10333333333333,17.366666666666667,17.558333333333334,16.64833333333333,16.456666666666663,16.193333333333328,0,0,0,0,0,0,0,0,0,0,0,0,0,0,0,0,0,0,0,0,0,0,,,,,,,,,,,,,,,,,,USD,1.0,stock,25.0
2025-12-29,16.42,17.36,16.33,16.85,33827184,16.831,15.5526,,16.403800301109193,15.555301625343807,14.471321817412681,13.298757723357097,30.87774294670848,0.40131203265329063,0.48853716944548525,-0.08722513679219462,1,0.9032428571428566,0.5,0.05,22017603.1,27379561.95,1.5363699602705618,1.2354903289458947,30.154639175257785,31.205392545598755,0.4299999999999997,0.509999999999998,0.09000000000000341,,0,2.6480694296190403,0.11275964391692524,7.699703264094963,,0,,,0.059382422802856105,4.5285359801488845,21.5728715728716,19.84,2.7200995543736117,19.84,0,25,20,20,16.564999999999998,16.0975,16.331249999999997,16.0975,16.85,,,,,,16.846666666666668,17.363333333333337,17.87666666666667,18.393333333333338,16.333333333333336,15.816666666666666,15.303333333333335,0,0,0,0,0,0,0,0,0,0,0,0,0,0,0,0,0,0,0,0,0,0,,,,,,,,,,,,,,,,,,USD,1.0,stock,25.0
2025-12-30,16.64,17.17,16.63,16.685,21572131,16.95925,15.5775,,16.43058122481308,15.599603522389149,14.515157028949062,13.332451676358518,31.59582999198075,0.37653486959302995,0.4661367094749942,-0.08960183988196424,0,0.8900285714285712,0.5,0.05,21773500.4,27654384.45,0.9907516294440191,0.7800618755048804,30.733944954128415,29.591066504667197,0.04499999999999815,0.485000000000003,0.010000000000001563,,0,1.52483533225604,-1.6436919388672588,6.6376985316152135,,0,,,-0.9792284866468992,-0.08982035928144505,18.165722379603388,19.84,1.5484465930073306,19.84,0,25,20,20,16.564999999999998,16.0975,16.331249999999997,16.0975,16.685,,,,,,16.828333333333333,17.026666666666667,17.368333333333336,17.56666666666667,16.486666666666665,16.28833333333333,15.946666666666662,0,0,0,0,0,0,0,0,0,0,0,0,0,0,0,0,0,0,0,0,0,0,,,,,,,,,,,,,,,,,,USD,1.0,stock,25.0
2025-12-31,16.56,16.72,16.26,16.39,70045206,17.06375,15.586699999999999,,16.42671634625945,15.630599462687615,14.55228263233621,13.362875042762912,31.570512820512818,0.3292988031544475,0.4387691282108849,-0.10947032505643739,0,0.8689571428571424,0.5,0.05,27332660.7,30224169.45,2.5626925519182993,2.317522938583181,21.712538226299724,27.53370745189531,0.16999999999999815,0.16000000000000014,0.129999999999999,,0,-0.22401675570134075,-4.110738255033546,4.901159243441134,,0,,,-1.7680551393467026,2.694235588972438,14.615384615384608,19.84,-0.22351604231487496,19.84,0,25,20,20,16.52,16.439999999999998,16.479999999999997,16.0975,16.39,,,,,,16.456666666666667,16.653333333333332,16.916666666666664,17.11333333333333,16.193333333333335,15.99666666666667,15.733333333333338,0,0,0,0,0,0,0,0,0,0,0,0,0,0,0,0,0,0,0,0,0,0,,,,,,,,,,,,,,,,,,USD,1.0,stock,25.0
2026-01-02,16.5,16.59,15.49,15.88,44139509,17.11475,15.5787,,16.374648122806168,15.640379875915553,14.578574065359255,13.387921062237908,32.34811165845649,0.24785403539596373,0.4005861096479007,-0.15273207425193697,0,0.8739571428571427,0.5,0.05,29712938.8,30347860.7,1.4855315826248732,1.4544520760898314,15.000000000000023,22.48216106014272,0.6199999999999992,0.08999999999999986,0.39000000000000057,,0,-3.1149126121295136,-7.775503778337531,1.8973551637279675,,0,,,-3.1116534472239166,-7.459207459207451,6.864064602960984,19.84,-3.020816808376079,19.84,0,25,20,20,16.425,16.46,16.442500000000003,16.0975,15.88,,,,,,15.986666666666666,16.483333333333334,17.086666666666666,17.583333333333332,15.383333333333333,14.886666666666667,14.283333333333333,0,0,0,0,0,0,0,0,0,0,0,0,0,0,0,0,0,0,0,0,0,0,,,,,,,,,,,,,,,,,,USD,1.0,stock,25.0
2026-01-05,15.83,16.475,15.6101,16.03,20021880,16.992250000000002,15.598700000000001,,16.341824492062724,15.655659096467884,14.607315172975904,13.414210404902208,37.65541740674956,0.19318529672027296,0.3591059470623752,-0.16592065034210224,0,0.87395,0.5,0.05,30200797.1,26610607.25,0.6629586607831619,0.752402221110531,25.592417061611403,20.768318429303715,0.20000000000000107,0.4450000000000003,0.21990000000000087,,0,-1.9452557209153003,-6.002807236431696,2.690580162195884,,0,,,0.9445843828715494,-4.809976247030868,-13.257575757575758,19.84,-1.9081375657545265,19.84,0,25,20,20,16.425,16.655,16.54,16.0975,16.03,,,,,,16.038366666666665,16.46663333333333,16.903266666666667,17.331533333333333,15.601733333333328,15.173466666666663,14.736833333333326,0,0,0,0,0,0,0,0,0,0,0,0,0,0,0,0,0,0,0,0,0,0,,,,,,,,,,,,,,,,,,USD,1.0,stock,25.0
2026-01-06,15.98,17.33,15.905,17.33,30008472,16.92525,15.636499999999998,,16.435936445199605,15.72131952405738,14.661229724006084,13.453173485450446,60.3174603174603,0.25185582571544174,0.33765592279298856,-0.08580009707754682,1,0.8621642857142857,0.5,0.05,31324730.5,25935521.55,0.9579802131098941,1.1570413936788557,93.8775510204081,44.823322694006514,1.3499999999999979,0.0,0.07500000000000107,,0,5.159051095212887,2.335545297172533,9.772071552221584,,0,,,8.109794135994996,2.8486646884272826,-7.177289769684004,19.84,5.43968734474828,19.84,0,25,20,20,16.425,16.675,16.55,16.0975,17.33,,,,,,16.855,17.805,18.28,19.23,16.380000000000003,15.430000000000001,14.955000000000004,0,0,0,0,0,0,0,0,0,0,0,0,0,0,0,0,0,0,0,0,0,0,,,,,,,,,,,,,,,,,,USD,1.0,stock,25.0
2026-01-07,17.41,17.94,17.095,17.84,21646652,16.852750000000004,15.6637,,16.569656783752023,15.804405032917876,14.72417567006537,13.496823500520591,64.32078559738135,0.33563637321062245,0.33725201287651535,-0.0016156396658928984,1,0.8753785714285715,0.5,0.05,31239960.0,25411459.75,0.6929154838866631,0.8518460652383419,95.91836734693872,71.79611180965274,0.4299999999999997,0.10000000000000142,0.3150000000000013,,0,7.120757938609732,5.533912556053789,12.19899103139013,,0,,,2.9428736295441515,6.922385376086315,-7.516848107827889,19.56,7.666683944194048,19.56,0,25,20,20,16.715,16.695,16.705,16.0975,17.84,,,,,,17.625,18.155,18.470000000000002,19.000000000000004,17.31,16.779999999999998,16.464999999999996,0,0,0,0,0,0,0,0,0,0,0,0,0,0,0,0,0,0,0,0,0,0,,,,,,,,,,,,,,,,,,USD,1.0,stock,25.0
2026-01-08,17.66,17.77,16.74,16.88,21073937,16.747750000000003,15.6535,,16.599213280537544,15.846585227705411,14.766865260757145,13.530486948276605,56.62824207492794,0.3208702907842209,0.3339756684580565,-0.013105377673835572,0,0.8389500000000002,0.5,0.05,31408446.5,25564107.75,0.6709640032658094,0.8243564456107411,56.73469387755095,82.17687074829927,0.7800000000000011,0.10999999999999943,0.14000000000000057,,0,1.6634284328344486,0.7834715639810163,7.265995260663506,,0,,,-5.381165919282516,2.9896278218425776,-11.064278187565868,18.95,1.691566429787822,18.95,0,25,20,20,16.715,17.005,16.86,16.0975,16.88,,,,,,17.13,17.52,18.16,18.55,16.49,16.099999999999998,15.459999999999997,0,0,0,0,0,0,0,0,0,0,0,0,0,0,0,0,0,0,0,0,0,0,,,,,,,,,,,,,,,,,,USD,1.0,stock,25.0
2026-01-09,17.04,17.48,16.17,16.32,18807268,16.629250000000003,15.6567,,16.57262153953397,15.865150512893436,14.797620404108489,13.558243297049973,52.540106951871664,0.2609724166235452,0.31937501809115426,-0.05840260146760906,0,0.8985571428571429,0.5,0.05,29829479.1,25373489.2,0.6304926725991672,0.7412172544247482,33.87755102040815,62.17687074829928,0.7199999999999989,0.4400000000000013,0.14999999999999858,,0,-1.5479261000855946,-1.8949142156862882,4.064338235294115,,0,,,-3.3175355450236865,2.7707808564231717,-12.680577849117181,18.95,-1.5243305890461607,18.95,0,25,20,20,16.715,17.005,16.86,16.0975,16.32,,,,,,16.65666666666667,17.143333333333338,17.96666666666667,18.453333333333337,15.83333333333334,15.346666666666671,14.52333333333334,0,0,0,0,0,0,0,0,0,0,0,0,0,0,0,0,0,0,0,0,0,0,,,,,,,,,,,,,,,,,,USD,1.0,stock,25.0
2026-01-12,16.575,17.36,16.34,17.24,18682878,16.589750000000002,15.6773,,16.636181392911688,15.919066179054479,14.845984356502381,13.594877692104204,56.81265206812651,0.284460151493402,0.3123920447716038,-0.027931893278201836,1,0.9488714285714287,0.5,0.05,29982511.7,25183520.95,0.6231258470583704,0.7418691785431218,71.42857142857133,54.01360544217681,0.6649999999999991,0.120000000000001,0.23499999999999943,,0,3.502428115361431,3.77175174013919,9.064385150812052,,0,,,5.637254901960764,7.548346849656884,-4.381586245146996,18.09,3.629550512989625,18.09,0,25,20,20,16.715,17.665,17.189999999999998,16.0975,17.24,,,,,,16.98,17.62,18.0,18.64,16.6,15.96,15.580000000000002,0,0,0,0,0,0,0,0,0,0,0,0,0,0,0,0,0,0,0,0,0,0,,,,,,,,,,,,,,,,,,USD,1.0,stock,25.0
2026-01-13,17.47,17.5223,15.5,15.97,49787094,16.517249999999997,15.679299999999998,,16.572735545967717,15.92106358379744,14.868242092017185,13.618510749894211,45.90347923681257,0.1983099705339626,0.2895756299240756,-0.091265659390113,0,1.042964285714286,0.5,0.05,31578502.7,26798052.9,1.5766135105576111,1.8578623673065442,19.591836734693885,41.63265306122445,1.4999999999999982,0.052300000000002456,0.47000000000000064,,0,-3.774173738057084,-3.4267376330619688,1.8202880400751587,,0,,,-7.366589327146156,-7.8476630121177005,-8.323765786452364,17.94,-3.636910420104826,17.94,0,25,20,20,16.715,17.665,17.189999999999998,16.0975,15.97,,,,,,16.330766666666666,17.16153333333333,18.353066666666667,19.183833333333332,15.13923333333333,14.308466666666664,13.116933333333328,0,0,0,0,0,0,0,0,0,0,0,0,0,0,0,0,0,0,0,0,0,0,,,,,,,,,,,,,,,,,,USD,1.0,stock,25.0
2026-01-14,15.73,15.905,15.06,15.37,29951726,16.47775,15.669500000000001,,16.458189303494603,15.899453247177934,14.87817789217526,13.635938503626608,46.63625997719497,0.08069019946278999,0.24779854383181849,-0.1671083443690285,0,1.0351071428571432,0.5,0.05,32416462.2,27094981.3,0.923966527106095,1.1054344591852514,10.763888888888841,33.92809901738469,0.3600000000000012,0.17499999999999893,0.3099999999999987,,0,-7.079956431324681,-7.207221860767738,-1.9486011711125695,,0,,,-3.7570444583594376,-13.84529147982063,-4.8886138613861485,17.94,-6.611840971251594,17.94,0,25,20,20,16.5,17.45,16.975,16.0975,15.37,,,,,,15.445,15.83,16.29,16.674999999999997,14.985000000000001,14.600000000000001,14.140000000000002,0,0,0,0,0,0,0,0,0,0,0,0,0,0,0,0,0,0,0,0,0,0,,,,,,,,,,,,,,,,,,USD,1.0,stock,25.0
2026-01-15,15.39,15.45,14.75,14.79,32439025,16.412750000000003,15.647900000000002,,16.29931413173321,15.85594527670037,14.876431795300503,13.647421702595498,35.46012269938649,-0.05864939552986925,0.18650895595948097,-0.24515835148935022,0,0.9858714285714291,0.5,0.05,28655844.1,27994252.4,1.1320212689180564,1.1587744704337952,1.2539184952977784,10.536548039626835,0.6000000000000014,0.05999999999999872,0.03999999999999915,,0,-10.204963703402385,-10.97194050033809,-5.800540906017597,,0,,,-3.7735849056603765,-12.381516587677721,-8.07955251709137,17.94,-9.259985540095347,17.94,0,25,20,20,16.345,17.155,16.75,16.0975,14.79,,,,,,14.996666666666664,15.243333333333329,15.696666666666664,15.943333333333328,14.54333333333333,14.296666666666665,13.84333333333333,0,0,0,0,0,0,0,0,0,0,0,0,0,0,0,0,0,0,0,0,0,0,,,,,,,,,,,,,,,,,,USD,1.0,stock,26.5
2026-01-16,14.87,14.9062,14.31,14.34,36139235,16.33175,15.649299999999998,,16.11271278585386,15.796496442319963,14.865809383512373,13.654313028937832,34.90338164251207,-0.20304766060355028,0.10859763264687472,-0.311645293250425,0,0.9959571428571431,0.5,0.05,27855816.7,28784377.75,1.2973676338127254,1.2555155895284205,0.8264462809917178,4.281417888392779,0.5299999999999994,0.0362000000000009,0.02999999999999936,,0,-12.36201384835327,-13.889470013947,-9.130404463040437,,0,,,-3.0425963488843744,-12.132352941176471,-10.150375939849631,17.94,-11.00195112650559,17.94,0,25,20,20,16.125,16.63,16.377499999999998,16.0975,14.34,,,,,,14.518733333333335,14.72746666666667,15.114933333333335,15.32366666666667,14.13126666666667,13.922533333333336,13.53506666666667,0,0,0,0,0,0,0,0,0,0,0,0,0,0,0,0,0,0,0,0,0,0,,,,,,,,,,,,,,,,,,USD,1.0,stock,26.5
2026-01-20,14.025,14.54,14.01,14.37,26166702,16.25325,15.6457,,15.946740139582062,15.74055540536624,14.855991375918068,13.661434292331487,35.06024096385541,-0.31147310861736166,0.024583484394027452,-0.3360565930113891,0,0.9602428571428573,0.5,0.05,28470298.9,29335548.0,0.9190877163569224,0.8919793146526528,9.160305343511432,3.7468900399336427,0.34499999999999886,0.16999999999999993,0.015000000000000568,,0,-10.972443560070024,-13.105427974947823,-8.877522616562286,,0,,,0.20920502092049986,-16.647331786542917,-9.849435382685067,17.94,-9.887538931347922,17.94,0,25,20,20,15.975000000000001,16.48,16.2275,16.0975,14.37,,,,,,14.306666666666665,14.60333333333333,14.836666666666664,15.13333333333333,14.07333333333333,13.776666666666666,13.543333333333331,0,0,0,0,0,0,0,0,0,0,0,0,0,0,0,0,0,0,0,0,0,0,,,,,,,,,,,,,,,,,,USD,1.0,stock,26.5
2026-01-21,14.45,14.55,13.93,14.2,18280909,16.157249999999998,15.6469,,15.780383935812342,15.680141467900897,14.843001447682067,13.666793155094357,35.03913305237808,-0.40643352391459686,-0.061619917267697416,-0.3448136066468994,0,0.9659571428571428,0.5,0.05,27297542.6,29311136.55,0.6696906482710279,0.6236847543873217,6.733167082294251,5.573306235599134,0.25,0.10000000000000142,0.2699999999999996,,0,-11.129464336706638,-13.783450704225341,-10.189436619718318,,0,,,-1.1830201809324925,-11.083281152160307,-11.910669975186117,17.94,-10.014863657567833,17.94,0,25,20,20,15.85,16.009999999999998,15.93,16.0975,14.2,,,,,,14.226666666666667,14.523333333333333,14.846666666666668,15.143333333333334,13.903333333333332,13.606666666666666,13.283333333333331,0,0,0,0,0,0,0,0,0,0,0,0,0,0,0,0,0,0,0,0,0,0,,,,,,,,,,,,,,,,,,USD,1.0,stock,26.5
2026-01-22,14.49,15.16,14.4,15.15,20327906,16.07975,15.663900000000002,,15.720347370496881,15.659351606414587,14.849080626935887,13.681551432158095,43.08035714285713,-0.40041751283505356,-0.12937943638116867,-0.2710380764538849,1,1.0016714285714288,0.5,0.05,27165668.0,29202814.0,0.7482939863654374,0.6960940818922451,30.42394014962594,15.439137525143872,0.6600000000000001,0.009999999999999787,0.08999999999999986,,0,-3.764669112190634,-6.136963696369638,-3.3920792079208004,,0,,,6.690140845070425,-1.4313597918022003,-9.281437125748493,17.94,-3.6280837633860363,17.94,0,25,20,20,15.72615,15.935,15.830575,16.0975,15.15,,,,,,14.903333333333334,15.406666666666668,15.663333333333334,16.166666666666668,14.646666666666668,14.143333333333334,13.886666666666668,0,0,0,0,0,0,0,0,0,0,0,0,0,0,0,0,0,0,0,0,0,0,,,,,,,,,,,,,,,,,,USD,1.0,stock,25.0
2026-01-23,15.14,15.5,14.76,14.8,22912985,16.02175,15.675899999999999,,15.63269523997337,15.625651543417936,14.848108733333197,13.69268027362916,43.86363636363636,-0.41906117922190766,-0.18731578494931647,-0.2317453942725912,1,0.9759571428571432,0.5,0.05,27349572.8,29379009.65,0.83778219014814,0.7799100539115689,21.695760598503757,19.617622610141314,0.33999999999999986,0.35999999999999943,0.040000000000000924,,0,-5.626319189009246,-8.255067567567568,-5.918243243243229,,0,,,-2.310231023102305,0.06761325219744041,-7.2681704260651685,17.94,-5.326626197152085,17.94,0,25,20,20,15.72615,15.935,15.830575,16.0975,14.8,,,,,,15.020000000000001,15.280000000000003,15.760000000000002,16.020000000000003,14.540000000000003,14.280000000000001,13.800000000000002,0,0,0,0,0,0,0,0,0,0,0,0,0,0,0,0,0,0,0,0,0,0,,,,,,,,,,,,,,,,,,USD,1.0,stock,25.0
2026-01-26,14.73,15.5,14.7,14.91,25891588,15.90925,15.6867,,15.563867121880667,15.59758677700939,14.849334302970163,13.704792907722403,43.60730593607305,-0.42011748560224227,-0.23387612507990163,-0.18624136052234064,1,0.9713214285714288,0.5,0.05,28058004.8,28943741.95,0.922787923965285,0.8945487437224751,24.438902743142148,25.519534497090614,0.17999999999999972,0.5899999999999999,0.030000000000001137,,0,-4.385426706107761,-6.7018779342723,-5.209255533199195,,0,,,0.7432432432432412,3.974895397489542,-13.111888111888115,17.94,-4.201186740803124,17.94,0,25,20,20,15.72615,15.935,15.830575,16.0975,14.91,,,,,,15.036666666666667,15.373333333333335,15.836666666666668,16.173333333333336,14.573333333333334,14.236666666666666,13.773333333333333,0,0,0,0,0,0,0,0,0,0,0,0,0,0,0,0,0,0,0,0,0,0,,,,,,,,,,,,,,,,,,USD,1.0,stock,25.0
2026-01-27,14.93,15.0,14.085,14.36,19017295,15.785250000000001,15.6889,,15.449213110272986,15.549053962224708,14.839644514792536,13.711312381277404,31.460674157303373,-0.46003205629222066,-0.27910731132236544,-0.18092474496985522,1,0.9348928571428574,0.5,0.05,28091446.5,29036979.1,0.6769781328277275,0.6549336600927608,10.723192019950114,18.95261845386534,0.5700000000000003,0.07000000000000028,0.2749999999999986,,0,-7.585049514435838,-9.92513927576603,-9.254178272980509,,0,,,-3.6887994634473564,-0.06958942240778976,-14.726840855106893,17.94,-7.0502821243931955,17.94,0,25,20,20,14.9175,15.935,15.42625,16.0975,14.36,,,,,,14.481666666666667,14.878333333333334,15.396666666666667,15.793333333333333,13.963333333333335,13.566666666666668,13.048333333333336,0,0,0,0,0,0,0,0,0,0,0,0,0,0,0,0,0,0,0,0,0,0,,,,,,,,,,,,,,,,,,USD,1.0,stock,25.0
2026-01-28,14.65,14.67,14.08,14.11,16192507,15.648249999999999,15.689299999999998,,15.321669004532701,15.492620473510014,14.82519610855902,13.715279422259718,25.93548387096773,-0.5060046452226334,-0.32448677810241905,-0.1815178671202144,0,0.9166785714285715,0.5,0.05,24731987.8,28155245.25,0.6547191892113096,0.5751151110999468,4.687499999999993,13.283198254364086,0.5400000000000009,0.019999999999999574,0.02999999999999936,,0,-8.587306906681091,-10.901842664776753,-11.192771084337338,,0,,,-1.7409470752089096,-0.6338028169014076,-16.261127596439184,17.94,-7.908205066786435,17.94,0,25,20,20,14.715,15.935,15.325,16.0975,14.11,,,,,,14.286666666666667,14.493333333333334,14.876666666666667,15.083333333333334,13.903333333333334,13.696666666666667,13.313333333333334,0,0,0,0,0,0,0,0,0,0,0,0,0,0,0,0,0,0,0,0,0,0,,,,,,,,,,,,,,,,,,USD,1.0,stock,27.0
2026-01-29,13.9,13.9,13.01,13.25,32170847,15.476499999999998,15.673699999999998,,15.124367194577207,15.404674572588053,14.794004106409336,13.710649776267084,26.27450980392156,-0.6048606092538975,-0.3805615443327147,-0.2242990649211828,0,0.9166785714285713,0.5,0.05,24953899.9,28685181.05,1.289211190592297,1.1215145180336938,5.318795292866168,6.909829104272092,0.6500000000000004,0.0,0.2400000000000002,,0,-14.146167506243074,-16.803773584905645,-18.2920754716981,,0,,,-6.094968107725018,-12.541254125412548,-20.587353910698226,17.94,-12.393028881560449,17.94,0,25,20,20,14.254999999999999,15.475000000000001,14.865,16.0975,13.25,,,,,,13.386666666666665,13.76333333333333,14.276666666666666,14.65333333333333,12.87333333333333,12.496666666666664,11.983333333333329,0,0,0,0,0,0,0,0,0,0,0,0,0,0,0,0,0,0,0,0,0,0,,,,,,,,,,,,,,,,,,USD,1.0,stock,28.5
2026-01-30,13.24,13.33,12.525,12.59,26905974,15.2865,15.6551,,14.88299889033176,15.294295177584601,14.750360460737864,13.699499032224628,25.93548387096773,-0.7280684373780613,-0.45006292294178407,-0.2780055144362772,0,0.8806071428571428,0.5,0.05,24400594.8,26528219.45,1.102676972448229,1.0142397250110202,1.3007023792848036,3.768999224050322,0.6500000000000004,0.08999999999999986,0.0649999999999995,,0,-18.21285854115774,-21.417791898332013,-24.345512311358213,,0,,,-4.981132075471695,-14.93243243243244,-23.18486882245272,17.94,-15.406833711593764,17.94,0,25,20,20,14.0125,15.232500000000002,14.6225,16.0975,12.59,,,,,,12.815,13.104999999999999,13.62,13.909999999999998,12.299999999999999,12.01,11.495,0,0,0,0,0,0,0,0,0,0,0,0,0,0,0,0,0,0,0,0,0,0,,,,,,,,,,,,,,,,,,USD,1.0,stock,30.0
2026-02-02,12.59,12.92,12.415,12.54,28958967,15.119499999999999,15.631100000000002,,14.659856138871591,15.186283601993049,14.706590946663846,13.6879617284214,15.84302325581396,-0.8202903148271581,-0.5241084013188588,-0.29618191350829925,0,0.8423928571428573,0.5,0.05,23682568.0,25769192.35,1.2227967423127424,1.123782484397498,2.4474771405635063,3.0223249375714922,0.05000000000000071,0.33000000000000007,0.125,,0,-16.904753898497546,-20.57017543859649,-24.649920255183435,,0,,,-0.3971405877680745,-15.895372233400407,-21.032745591939563,17.94,-14.460279274164575,17.94,0,25,20,20,13.9575,15.1775,14.567499999999999,16.0975,12.54,,,,,,12.625,12.835,13.13,13.340000000000002,12.33,12.12,11.825,0,0,0,0,0,0,0,0,0,0,0,0,0,0,0,0,0,0,0,0,0,0,,,,,,,,,,,,,,,,,,USD,1.0,stock,31.75
2026-02-03,12.48,12.48,11.79,12.15,37939886,14.9255,15.6045,,14.42082222088382,15.06721365681685,14.655965383363572,13.672658626646061,18.166666666666657,-0.9143069958505006,-0.6021481202251873,-0.3121588756253133,0,0.7515142857142857,0.5,0.05,24859886.4,26665092.65,1.5261488081458008,1.4228297084128076,8.748481166464185,4.165553562104164,0.33000000000000007,0.0,0.3600000000000012,,0,-18.689894822089055,-22.843621399176946,-28.432098765432094,,0,,,-3.1100478468899406,-15.389972144846787,-24.204616344354335,17.94,-15.746829037218701,17.94,0,25,20,20,13.645,14.865,14.254999999999999,15.815,12.15,,,,,,12.14,12.490000000000002,12.830000000000002,13.180000000000003,11.8,11.45,11.11,0,0,0,0,0,0,0,0,0,0,0,0,0,0,0,0,0,0,0,0,0,0,,,,,,,,,,,,,,,,,,USD,1.0,stock,31.75
2026-02-04,12.095,12.525,11.62,12.33,42467599,14.6755,15.596499999999999,,14.221696295085362,14.959871944784819,14.609906662900926,13.65929883931625,22.759856630824373,-0.9631883613719179,-0.6743561684545334,-0.2888321929173845,1,0.751157142857143,0.5,0.05,27278555.4,27288049.0,1.5568126089257646,1.5562709888127217,18.298969072164965,9.831642459730885,0.23499999999999943,0.19500000000000028,0.4750000000000014,,0,-15.342224615453057,-19.022708840227086,-26.492295214922944,,0,,,1.4814814814814836,-12.61516654854713,-28.851702250432766,17.94,-13.301481453651078,17.94,0,25,20,20,13.559999999999999,14.780000000000001,14.17,15.73,12.33,,,,,,12.158333333333333,12.696666666666667,13.063333333333334,13.601666666666668,11.791666666666666,11.253333333333332,10.886666666666665,0,0,0,0,0,0,0,0,0,0,0,0,0,0,0,0,0,0,0,0,0,0,,,,,,,,,,,,,,,,,,USD,1.0,stock,30.0
2026-02-05,12.06,12.37,11.82,12.08,36465697,14.387499999999998,15.5779,,14.017725219362946,14.846935790087377,14.559809501259323,13.643584423004645,24.19047619047619,-1.010452241921497,-0.7415753831479261,-0.2688768587735708,1,0.7404428571428572,0.5,0.05,28892334.5,28029001.25,1.2621235919859644,1.3009988003050947,11.855670103092804,12.967706780573984,0.019999999999999574,0.28999999999999915,0.2400000000000002,,0,-16.040771683468098,-19.10182119205296,-28.956125827814567,,0,,,-2.0275750202757514,-8.830188679245287,-32.28699551569507,17.77,-13.823392804749304,17.77,0,25,20,20,13.559999999999999,14.780000000000001,14.17,15.73,12.08,,,,,,12.089999999999998,12.359999999999996,12.639999999999997,12.909999999999995,11.809999999999997,11.54,11.259999999999998,0,0,0,0,0,0,0,0,0,0,0,0,0,0,0,0,0,0,0,0,0,0,,,,,,,,,,,,,,,,,,USD,1.0,stock,30.0
2026-02-06,12.265,12.95,12.09,12.89,34352153,14.187999999999999,15.5695,,13.910322817518855,14.770193210083951,14.52674396658092,13.636086070536939,37.07664884135473,-0.9713518378857362,-0.7875306740954882,-0.18382116379024804,1,0.76,0.5,0.05,30036251.3,28692912.05,1.1436897586484103,1.19723480628729,32.73195876288663,20.962199312714798,0.625,0.05999999999999872,0.1750000000000007,,0,-7.915615341496156,-10.06982156710627,-20.78743211792086,,0,,,6.705298013245042,2.3828435266084247,-23.637440758293828,17.5223,-7.335004592660105,17.5223,0,25,20,20,13.309999999999999,14.780000000000001,14.045,15.73,12.89,,,,,,12.643333333333333,13.196666666666665,13.503333333333332,14.056666666666665,12.336666666666666,11.783333333333333,11.476666666666667,0,0,0,0,0,0,0,0,0,0,0,0,0,0,0,0,0,0,0,0,0,0,,,,,,,,,,,,,,,,,,USD,1.0,stock,25.0
2026-02-09,12.89,13.27,12.5908,13.0,30916821,14.022,15.5573,,13.823625406326585,14.700773868512032,14.496511412787239,13.62975685590473,37.961335676625666,-0.9208731528105876,-0.814199169838508,-0.10667398297207953,1,0.7706571428571429,0.5,0.05,30538774.6,29298389.7,1.0123792262443956,1.0552395990555072,35.567010309278366,26.718213058419266,0.10999999999999943,0.2699999999999996,0.2992000000000008,,0,-6.335580048666036,-7.861538461538463,-19.67153846153846,,0,,,0.853374709076804,3.6682615629984205,-20.343137254901965,17.5223,-5.958099862498013,17.5223,0,25,20,20,13.145,14.780000000000001,13.9625,15.73,13.0,,,,,,12.9536,13.3164,13.6328,13.9956,12.6372,12.2744,11.958,0,0,0,0,0,0,0,0,0,0,0,0,0,0,0,0,0,0,0,0,0,0,,,,,,,,,,,,,,,,,,USD,1.0,stock,25.0
2026-02-10,13.09,13.34,12.89,12.95,23716050,13.8075,15.544500000000001,,13.740422986676434,14.632116069746855,14.465887424415214,13.622993106094732,38.77917414721724,-0.874818648517401,-0.8263230655742867,-0.04849558294311429,1,0.7585142857142857,0.5,0.05,31008650.1,29550048.3,0.7648204589209124,0.8025722922422431,34.27835051546391,34.19243986254297,0.14000000000000057,0.25,0.05999999999999872,,0,-6.103652406767833,-6.621621621621622,-20.03474903474905,,0,,,-0.38461538461539435,6.584362139917688,-24.883990719257543,17.5223,-5.752537512439591,17.5223,0,25,20,20,12.76,14.780000000000001,13.77,15.73,12.95,,,,,,13.06,13.23,13.51,13.68,12.780000000000001,12.610000000000001,12.330000000000002,0,0,0,0,0,0,0,0,0,0,0,0,0,0,0,0,0,0,0,0,0,0,,,,,,,,,,,,,,,,,,USD,1.0,stock,25.0
2026-02-11,12.925,12.935,11.49,11.695,43227380,13.59375,15.501199999999999,,13.545620797469153,14.516935047403843,14.411018366506003,13.603809095088815,20.595744680851055,-0.9288805765097212,-0.8468345677613737,-0.08204600874834755,0,0.7942285714285713,0.5,0.05,33712137.4,29222062.6,1.2822497573233076,1.4792720346851902,5.1122194513715735,24.98586009203795,1.2300000000000004,0.009999999999999787,0.20500000000000007,,0,-15.824034181010289,-16.235570756733644,-32.545532278751594,,0,,,-9.691119691119688,-5.1500405515004015,-26.768941765810894,15.905,-13.662133505279586,15.905,0,25,20,20,12.415,14.715,13.565,15.665,11.695,,,,,,12.040000000000001,12.590000000000002,13.485000000000001,14.035000000000002,11.145000000000001,10.595,9.700000000000001,0,0,0,0,0,0,0,0,0,0,0,0,0,0,0,0,0,0,0,0,0,0,,,,,,,,,,,,,,,,,,USD,1.0,stock,30.0
2026-02-12,11.81,11.82,11.0301,11.18,31044566,13.38425,15.4424,,13.320323578662569,14.386074849466437,14.347037804793011,13.579691591655097,20.033112582781442,-1.001733875346897,-0.8778144292784783,-0.12391944606841865,0,0.7977928571428571,0.5,0.05,33599509.3,29276704.6,0.9239589103165862,1.0603845762067088,3.353542584845311,14.248037517226933,0.6300000000000008,0.009999999999999787,0.1499000000000006,,0,-19.144218056015823,-19.716010733452592,-38.12522361359571,,0,,,-4.40359127832407,-7.450331125827814,-27.26089785296031,15.5,-16.06810499777265,15.5,0,25,20,20,12.18505,14.485050000000001,13.33505,15.43505,11.18,,,,,,11.343366666666666,11.656633333333334,12.133266666666668,12.446533333333335,10.866733333333332,10.553466666666665,10.076833333333331,0,0,0,0,0,0,0,0,0,0,0,0,0,0,0,0,0,0,0,0,0,0,,,,,,,,,,,,,,,,,,USD,1.0,stock,30.0
2026-02-13,11.26,11.68,11.21,11.32,23818966,13.21075,15.3828,,13.129816571170895,14.265836620075596,14.287096462123843,13.557207098205794,20.428336079077425,-1.0362288089048342,-0.9094973052037496,-0.12673150370108455,0,0.7763642857142855,0.5,0.05,33290808.5,28845701.65,0.7154817522680472,0.8257370990315294,7.302450943348727,5.256070993188537,0.0600000000000005,0.35999999999999943,0.049999999999998934,,0,-15.987778897269392,-16.702738515901064,-35.89045936395759,,0,,,1.2522361359570633,-12.179984484096195,-23.461798512508448,15.5,-13.784020221156057,15.5,0,25,20,20,12.18505,14.40005,13.29255,15.43505,11.32,,,,,,11.403333333333334,11.596666666666668,11.873333333333333,12.066666666666666,11.126666666666669,10.933333333333335,10.65666666666667,0,0,0,0,0,0,0,0,0,0,0,0,0,0,0,0,0,0,0,0,0,0,,,,,,,,,,,,,,,,,,USD,1.0,stock,30.0
2026-02-17,11.23,11.28,10.63,10.94,37647613,13.04075,15.304400000000001,,12.921262612011763,14.135411654582438,14.220817324260004,13.531165236532104,21.01694915254238,-1.0817592689983204,-0.9439496979626638,-0.1378095710356566,0,0.760292857142857,0.5,0.05,34159673.1,28921120.55,1.1021069460995514,1.3017342441802449,7.673267326732644,6.109753618308893,0.2900000000000009,0.049999999999998934,0.3099999999999987,,0,-18.110261535756518,-19.20246800731261,-39.89396709323585,,0,,,-3.3568904593639592,-15.846153846153854,-23.709902370990243,15.5,-15.333351480450194,15.5,0,25,20,20,11.985,14.076150000000002,13.030575,15.235,10.94,,,,,,10.950000000000001,11.270000000000001,11.6,11.92,10.620000000000003,10.300000000000002,9.970000000000004,0,0,0,0,0,0,0,0,0,0,0,0,0,0,0,0,0,0,0,0,0,0,,,,,,,,,,,,,,,,,,USD,1.0,stock,30.0
2026-02-18,10.94,11.48,10.82,11.1,27814692,12.87725,15.1568,,12.747809029915404,14.016375903422343,14.159018961403369,13.506974537661138,24.096385542168676,-1.0923400081713002,-0.9736277600043911,-0.11871224816690906,1,0.765292857142857,0.5,0.05,33147153.7,29003520.05,0.8391276141456453,0.9590109046091458,14.373088685015258,9.782935651698876,0.16000000000000014,0.3800000000000008,0.11999999999999922,,0,-14.84512639563427,-16.011261261261268,-36.547747747747756,,0,,,1.4625228519195677,-14.28571428571428,-22.75574112734864,15.5,-12.926213642269623,15.5,0,25,20,20,11.985,14.076150000000002,13.030575,15.235,11.1,,,,,,11.133333333333333,11.446666666666665,11.793333333333333,12.106666666666666,10.786666666666665,10.473333333333333,10.126666666666665,0,0,0,0,0,0,0,0,0,0,0,0,0,0,0,0,0,0,0,0,0,0,,,,,,,,,,,,,,,,,,USD,1.0,stock,28.5
2026-02-19,11.115,11.24,10.925,11.21,21534416,12.72775,15.0076,,12.601351027066316,13.906321946425388,14.100622546326074,13.48411906962471,29.841897233201593,-1.0794065131282338,-0.9947835106291597,-0.08462300249907406,1,0.7092214285714284,0.5,0.05,31053835.4,29166195.4,0.6934543099948292,0.7383347640878797,21.40221402214023,14.48285667796271,0.09500000000000064,0.02999999999999936,0.1899999999999995,,0,-12.41169515670219,-13.539250669045488,-33.87689562890275,,0,,,0.9909909909910031,-4.147071398033342,-21.05633802816901,15.5,-11.041284573994064,15.5,0,25,20,20,11.985,14.076150000000002,13.030575,15.235,11.21,,,,,,11.125,11.325,11.44,11.639999999999999,11.01,10.81,10.695,0,0,0,0,0,0,0,0,0,0,0,0,0,0,0,0,0,0,0,0,0,0,,,,,,,,,,,,,,,,,,USD,1.0,stock,28.5
2026-02-20,11.05,11.595,10.75,10.8,20256861,12.510250000000001,14.8378,,12.429793786393335,13.784505399506745,14.035263684022587,13.457411417190633,31.392931392931416,-1.0896790567483041,-1.0137626198529885,-0.07591643689531558,1,0.7120785714285713,0.5,0.05,29432951.8,29162643.15,0.6882374944126399,0.6946167703595139,6.273062730627306,14.016121812594266,0.25,0.5449999999999999,0.05000000000000071,,0,-15.090683207345682,-15.835648148148149,-37.387037037037025,,0,,,-3.6574487065120453,-3.398926654740597,-28.712871287128706,15.5,-13.11199376595804,15.5,0,25,20,20,11.985,13.2675,12.626249999999999,15.235,10.8,,,,,,11.048333333333332,11.346666666666664,11.893333333333333,12.191666666666665,10.501666666666663,10.203333333333331,9.656666666666663,0,0,0,0,0,0,0,0,0,0,0,0,0,0,0,0,0,0,0,0,0,0,,,,,,,,,,,,,,,,,,USD,1.0,stock,28.0
2026-02-23,10.58,10.58,10.035,10.17,37391938,12.278749999999999,14.6616,,12.21457533054635,13.642760089722167,13.958723809091445,13.424700855825552,28.01484230055661,-1.1355657612170393,-1.0381232481257987,-0.09744251309124063,0,0.7306499999999999,0.5,0.05,29736930.3,29886590.8,1.2574242742197232,1.2511275792620682,4.084720121028738,10.586665624598758,0.41000000000000014,0.0,0.1349999999999998,,0,-20.103985551094883,-20.735004916420834,-44.16519174041298,,0,,,-5.833333333333335,-10.159010600706718,-31.283783783783793,15.5,-16.73881633390276,15.5,0,25,20,20,11.6875,12.7675,12.2275,14.9375,10.17,,,,,,10.261666666666668,10.488333333333337,10.806666666666668,11.033333333333337,9.943333333333337,9.716666666666669,9.398333333333337,0,0,0,0,0,0,0,0,0,0,0,0,0,0,0,0,0,0,0,0,0,0,,,,,,,,,,,,,,,,,,USD,1.0,stock,30.0
2026-02-24,10.12,10.425,9.92,10.1,32097373,12.03825,14.4898,,12.01318720382765,13.50382832149777,13.882313436634188,13.391619255270074,29.783037475345182,-1.1641600081800991,-1.063330600136659,-0.1008294080434402,0,0.71315,0.5,0.05,29854985.5,30196880.05,1.075109314657011,1.0629367321012357,5.263157894736834,5.206980248797627,0.019999999999999574,0.3050000000000015,0.17999999999999972,,0,-18.942447562650006,-19.190594059405942,-43.463366336633676,,0,,,-0.68829891838742,-7.678244972577697,-32.26022803487593,15.0,-15.925725383003018,15.0,0,25,20,20,11.4275,12.71,12.068750000000001,14.739999999999998,10.1,,,,,,10.148333333333333,10.376666666666667,10.653333333333334,10.881666666666668,9.871666666666666,9.643333333333333,9.366666666666665,0,0,0,0,0,0,0,0,0,0,0,0,0,0,0,0,0,0,0,0,0,0,,,,,,,,,,,,,,,,,,USD,1.0,stock,30.0
2026-02-25,10.16,10.17,9.465,9.94,52682462,11.81725,14.328,,11.815740803463113,13.3640703481057,13.80424782402757,13.357274785068382,26.336633663366356,-1.1860596602659115,-1.0878764121625095,-0.09818324810340195,1,0.6988642857142856,0.5,0.05,32751626.7,31880138.4,1.6085448970997218,1.6525167280955093,12.258064516129023,7.201980843964866,0.22000000000000064,0.009999999999999787,0.47499999999999964,,0,-18.870631825584642,-18.885814889336018,-44.144869215291756,,0,,,-1.5841584158415856,-10.450450450450454,-30.779944289693596,14.67,-15.874931878273316,14.67,0,25,20,20,10.6425,12.4825,11.5625,14.2075,9.94,,,,,,9.858333333333333,10.251666666666665,10.563333333333333,10.956666666666665,9.546666666666665,9.153333333333332,8.841666666666665,0,0,0,0,0,0,0,0,0,0,0,0,0,0,0,0,0,0,0,0,0,0,,,,,,,,,,,,,,,,,,USD,1.0,stock,30.0
2026-02-26,10.19,10.78,10.1,10.71,51832800,11.64725,14.193800000000001,,11.710432155514244,13.25998915798391,13.74297558988841,13.330933742430886,37.7019748653501,-1.1282766565124493,-1.0959564610324974,-0.03232019547995191,1,0.7195785714285714,0.5,0.05,33612168.7,33662153.05,1.5420843701763283,1.5397945557139578,32.12903225806454,16.55008488964347,0.5200000000000014,0.06999999999999851,0.08999999999999986,,0,-9.34110322609004,-8.751167133520063,-32.52847805788983,,0,,,7.7464788732394485,-4.460303300624446,-24.09638554216866,13.9,-8.543084851425887,13.9,0,25,20,20,10.5725,12.4825,11.5275,14.2075,10.71,,,,,,10.53,10.959999999999999,11.209999999999999,11.639999999999999,10.28,9.85,9.6,0,0,0,0,0,0,0,0,0,0,0,0,0,0,0,0,0,0,0,0,0,0,,,,,,,,,,,,,,,,,,USD,1.0,stock,25.0
2026-02-27,10.445,10.83,10.17,10.73,50361729,11.52125,14.0852,,11.617057664512888,13.160773896886502,13.683312706920322,13.305053804695257,27.4058577405858,-1.0685517771442115,-1.0904755242548403,0.021923747110628833,1,0.7045785714285715,0.5,0.05,35543885.0,34571697.15,1.416888699701791,1.4567329102036868,32.6451612903226,25.67741935483872,0.28500000000000014,0.09999999999999964,0.27500000000000036,,0,-8.267079818386652,-7.37418452935694,-31.26933830382106,,0,,,0.18674136321195078,-0.6481481481481532,-19.018867924528294,13.34,-7.635820447225806,13.34,0,25,20,20,10.530000000000001,12.4825,11.506250000000001,13.7775,10.73,,,,,,10.576666666666666,10.983333333333333,11.236666666666666,11.643333333333333,10.323333333333332,9.916666666666666,9.663333333333332,0,0,0,0,0,0,0,0,0,0,0,0,0,0,0,0,0,0,0,0,0,0,,,,,,,,,,,,,,,,,,USD,1.0,stock,27.0
2026-03-02,10.41,10.8599,10.31,10.7,31362932,11.42675,13.9774,,11.529718839321184,13.064272959753698,13.624237207773383,13.279132871315205,25.531914893617056,-1.0119747146517835,-1.0747753623342289,0.06280064768244542,1,0.6953428571428572,0.5,0.05,36298281.6,34794545.05,0.8640335194269912,0.9013749699825434,31.87096774193547,32.21505376344087,0.28999999999999915,0.15990000000000038,0.09999999999999964,,0,-7.754381675898923,-6.792056074766364,-30.62990654205608,,0,,,-0.2795899347623587,5.211406096361837,-15.011914217633048,13.34,-7.1963492855653595,13.34,0,25,20,20,10.530000000000001,12.4825,11.506250000000001,13.7025,10.7,,,,,,10.623299999999999,10.936599999999997,11.173199999999998,11.486499999999996,10.386699999999998,10.0734,9.836799999999998,0,0,0,0,0,0,0,0,0,0,0,0,0,0,0,0,0,0,0,0,0,0,,,,,,,,,,,,,,,,,,USD,1.0,stock,27.0
2026-03-03,10.45,11.28,10.24,11.04,37679240,11.35175,13.879000000000001,,11.483078949862024,12.984889706430025,13.57306419375807,13.256852942247393,30.861723446893805,-0.9289929737856149,-1.045618884624506,0.11662591083889118,1,0.7374857142857143,0.5,0.05,36301444.3,35230558.7,1.037954294286853,1.0695044697091334,45.38904899135444,36.63505934120417,0.5899999999999999,0.2400000000000002,0.20999999999999908,,0,-4.013396284982114,-2.823822463768116,-25.715579710144947,,0,,,3.1775700934579376,9.306930693069294,-11.961722488038273,13.34,-3.8585378694740156,13.34,0,25,20,20,10.530000000000001,12.4825,11.506250000000001,13.7025,11.04,,,,,,10.853333333333333,11.466666666666667,11.893333333333333,12.506666666666666,10.426666666666668,9.813333333333334,9.386666666666668,0,0,0,0,0,0,0,0,0,0,0,0,0,0,0,0,0,0,0,0,0,0,,,,,,,,,,,,,,,,,,USD,1.0,stock,25.0
2026-03-04,11.0,11.295,10.93,11.07,35665811,11.297749999999999,13.7816,,11.443738097494212,12.909795992452377,13.523498566158901,13.235093211478762,41.69986719787518,-0.8509988124370729,-1.0066948701870195,0.15569605774994666,1,0.6592714285714286,0.5,0.05,37086556.2,35116854.95,0.961691099266855,1.0156322669208735,68.15286624203823,48.47096099177605,0.07000000000000028,0.22499999999999964,0.07000000000000028,,0,-3.3761345753767955,-2.0573622402890566,-24.495031616982825,,0,,,0.27173913043478937,11.368209255533213,-8.888888888888891,13.34,-3.265874265123624,13.34,0,25,20,20,10.530000000000001,12.2325,11.381250000000001,13.7025,11.07,,,,,,11.098333333333334,11.26666666666667,11.463333333333335,11.63166666666667,10.901666666666669,10.733333333333334,10.536666666666669,0,0,0,0,0,0,0,0,0,0,0,0,0,0,0,0,0,0,0,0,0,0,,,,,,,,,,,,,,,,,,USD,1.0,stock,25.0
2026-03-05,11.07,11.8,11.07,11.55,33237716,11.258750000000001,13.690199999999999,,11.453858278685239,12.856470659415029,13.484419386631002,13.218326114847134,54.959785522788216,-0.7419036853128631,-0.9537366332121883,0.21183294789932516,1,0.6549928571428572,0.5,0.05,38256886.2,34655360.8,0.8688034835412193,0.9590930589878609,89.29336188436831,67.61175903925367,0.4800000000000004,0.25,0.0,,0,0.8323958555390645,2.5216450216450195,-18.529870129870112,,0,,,4.336043360433606,7.843137254901955,-6.326034063260333,13.34,0.8393828435408041,13.34,0,25,20,20,10.6325,12.067499999999999,11.35,13.7025,11.55,,,,,,11.473333333333334,11.876666666666669,12.203333333333335,12.60666666666667,11.146666666666668,10.743333333333334,10.416666666666668,0,0,0,0,0,0,0,0,0,0,0,0,0,0,0,0,0,0,0,0,0,0,,,,,,,,,,,,,,,,,,USD,1.0,stock,25.0
2026-03-06,11.36,11.9,11.235,11.86,39618746,11.24775,13.5934,,11.492538442619978,12.817393378653655,13.452252666103654,13.204810432112337,56.9230769230769,-0.6232462075339189,-0.8876385480765344,0.2643923405426155,1,0.6667785714285716,0.5,0.05,40193074.7,34813013.25,0.9857107547932877,1.138044147902078,98.3572895277207,85.26783921804241,0.5,0.040000000000000924,0.125,,0,3.09832679072531,5.162310286677905,-14.61551433389546,,0,,,2.6839826839826664,10.531220876048453,-1.8211920529801362,13.34,3.1973924578515547,13.34,0,25,20,20,10.682500000000001,11.682500000000001,11.182500000000001,13.7025,11.86,,,,,,11.665,12.094999999999999,12.33,12.76,11.429999999999998,10.999999999999998,10.764999999999997,0,0,0,0,0,0,0,0,0,0,0,0,0,0,0,0,0,0,0,0,0,0,,,,,,,,,,,,,,,,,,USD,1.0,stock,25.0
2026-03-09,11.78,12.0,11.6239,11.97,50166649,11.20175,13.513599999999999,,11.538010971894266,12.784162265765277,13.422901128161007,13.192523761146045,64.18732782369145,-0.5144034975072937,-0.8129915379626863,0.29858804045539256,1,0.644357142857143,0.5,0.05,41470545.8,35603738.05,1.2096934832239417,1.4090275838325916,98.81656804733731,95.4890731531421,0.19000000000000128,0.02999999999999936,0.15609999999999857,,0,3.608930894784748,6.418128654970761,-12.8955722639933,,0,,,0.927487352445211,11.869158878504681,-7.137315748642359,13.34,3.7440511120853275,13.34,0,25,20,20,10.7325,11.4025,11.067499999999999,13.7025,11.97,,,,,,11.864633333333332,12.105366666666663,12.240733333333331,12.481466666666662,11.729266666666664,11.488533333333333,11.353166666666665,0,0,0,0,0,0,0,0,0,0,0,0,0,0,0,0,0,0,0,0,0,0,,,,,,,,,,,,,,,,,,USD,1.0,stock,25.0
2026-03-10,12.02,12.04,11.355,11.59,50201098,11.13125,13.4022,,11.542962307904336,12.737332372990169,13.386606056316234,13.17657825108489,56.36363636363635,-0.45357911218720837,-0.7411090528075908,0.2875299406203824,0,0.6461428571428571,0.5,0.05,43280918.3,36567951.9,1.1598898538157867,1.3728167805865004,82.52427184466022,93.23270980657274,0.4299999999999997,0.019999999999999574,0.23499999999999943,,0,0.40584721394015427,3.958153580672996,-15.635893011216574,,0,,,-3.1746031746031855,4.98188405797102,-10.84615384615385,13.34,0.40750104558041944,13.34,0,25,20,20,11.07,11.4025,11.23625,13.7025,11.59,,,,,,11.661666666666667,11.968333333333334,12.346666666666666,12.653333333333332,11.283333333333335,10.976666666666668,10.598333333333336,0,0,0,0,0,0,0,0,0,0,0,0,0,0,0,0,0,0,0,0,0,0,,,,,,,,,,,,,,,,,,USD,1.0,stock,25.0
2026-03-11,12.0,12.415,11.65,12.38,120193315,11.10275,13.312999999999999,,11.622680183342018,12.723319338755262,13.366673263121852,13.168652099332801,62.91390728476819,-0.33773574349269886,-0.6604343909446123,0.32269864745191346,1,0.6825714285714285,0.5,0.05,50032003.6,41391815.15,2.402328636704847,2.9037942541159616,98.81355932203397,93.3847997380105,0.3800000000000008,0.034999999999998366,0.34999999999999964,,0,6.117284464119408,10.317043618739905,-7.5363489499192085,,0,,,6.816220880069035,11.833785004516706,-4.401544401544388,12.935,6.515879338600376,12.935,0,25,20,20,11.2925,11.4025,11.3475,13.7025,12.38,,,,,,12.148333333333333,12.646666666666667,12.913333333333332,13.411666666666665,11.881666666666668,11.383333333333335,11.116666666666669,0,0,0,0,0,0,0,0,0,0,0,0,0,0,0,0,0,0,0,0,0,0,,,,,,,,,,,,,,,,,,USD,1.0,stock,25.0
2026-03-12,10.95,11.975,10.7,11.37,91586937,11.0865,13.203399999999998,,11.598615403976112,12.670247992137408,13.327135178703596,13.150755063518545,55.55555555555553,-0.32369622963241085,-0.5930867586821721,0.26939052904976124,0,0.7422142857142857,0.5,0.05,54007417.3,43809793.0,1.6958214552503699,2.0905585424701734,64.57627118644068,81.97136745104496,0.41999999999999993,0.6050000000000004,0.25,,0,-2.0106895688312454,2.4934036939313993,-16.124890061565516,,0,,,-8.1583198707593,-1.55844155844157,-2.7789653698161665,12.415,-1.9710577169214623,12.415,0,25,20,20,11.3275,11.4025,11.365,13.7025,11.37,,,,,,11.348333333333331,11.996666666666663,12.623333333333331,13.271666666666663,10.721666666666662,10.07333333333333,9.446666666666662,0,0,0,0,0,0,0,0,0,0,0,0,0,0,0,0,0,0,0,0,0,0,,,,,,,,,,,,,,,,,,USD,1.0,stock,25.0
2026-03-13,11.5,12.16,11.37,11.58,49122542,11.1065,13.101300000000002,,11.59684250835934,12.627493168916335,13.292538442491642,13.135125659901446,64.96815286624201,-0.29225562783722836,-0.5329205325131834,0.24066490467595503,0,0.744,0.5,0.05,53883498.6,44713691.8,0.9116435138085113,1.098601793377303,71.69491525423732,78.36158192090399,0.08000000000000007,0.5800000000000001,0.13000000000000078,,0,-0.14544480448479355,4.088946459412777,-13.137305699481882,,0,,,1.8469656992084582,-2.360876897133213,3.5778175313059046,12.415,-0.14523356980314706,12.415,0,25,20,20,11.3275,11.4025,11.365,13.7025,11.58,,,,,,11.703333333333333,12.036666666666667,12.493333333333334,12.826666666666668,11.246666666666666,10.913333333333332,10.456666666666665,0,0,0,0,0,0,0,0,0,0,0,0,0,0,0,0,0,0,0,0,0,0,,,,,,,,,,,,,,,,,,USD,1.0,stock,25.0
2026-03-16,11.57,11.88,11.47,11.57,39007094,11.119,13.0049,,11.594286078991784,12.586022848566675,13.258428770363095,13.119552270250686,65.8064516129032,-0.2650898500451362,-0.47935439601957397,0.21426454597443778,0,0.7372142857142857,0.5,0.05,54647914.8,45473098.2,0.713789247819571,0.8578059455821287,71.35593220338987,69.20903954802263,0.0,0.3100000000000005,0.09999999999999964,,0,-0.20990560926347288,3.898012100259295,-12.40190146931719,,0,,,-0.08635578583764403,-3.341687552213868,2.2084805653710182,12.415,-0.2094659285299926,12.415,0,25,20,20,11.5575,11.4025,11.48,13.7025,11.57,,,,,,11.64,11.81,12.05,12.22,11.4,11.23,10.99,0,0,0,0,0,0,0,0,0,0,0,0,0,0,0,0,0,0,0,0,0,0,,,,,,,,,,,,,,,,,,USD,1.0,stock,25.0
2026-03-17,11.61,12.09,11.56,11.98,32634361,11.171000000000001,12.9269,,11.631020738135424,12.5622572466621,13.233113349167786,13.108213441690978,70.81632653061223,-0.20807860134711298,-0.4250992370850818,0.21702063573796881,1,0.7247142857142856,0.5,0.05,54143426.9,45222435.6,0.6027391110701935,0.72164094142687,81.20950323974087,74.75345023245602,0.370000000000001,0.10999999999999943,0.049999999999998934,,0,2.9130155414405356,6.752921535893148,-7.904006677796321,,0,,,3.5436473638720933,3.364969801553075,9.506398537477168,12.415,3.0004181896121462,12.415,0,25,20,20,11.5575,11.4025,11.48,13.7025,11.98,,,,,,11.876666666666665,12.19333333333333,12.406666666666665,12.72333333333333,11.66333333333333,11.346666666666666,11.133333333333331,0,0,0,0,0,0,0,0,0,0,0,0,0,0,0,0,0,0,0,0,0,0,,,,,,,,,,,,,,,,,,USD,1.0,stock,27.0
2026-03-18,11.84,12.6522,11.73,12.45,31844906,11.2385,12.8553,,11.709018763074907,12.557855001694959,13.21760615413476,13.101664054211467,68.91304347826083,-0.12354752500140265,-0.36478889466834596,0.24124136966694332,1,0.7305857142857143,0.5,0.05,53761336.4,45423946.3,0.5923384374797648,0.7010598724664309,91.85400048344206,81.47314530885761,0.6099999999999994,0.20220000000000127,0.10999999999999943,,0,5.9516565214866874,9.73092369477911,-3.255421686746992,,0,,,3.923205342237046,0.5654281098545821,12.162162162162149,12.6522,6.32829489744966,12.6522,0,25,20,20,11.6761,11.4025,11.5393,13.7025,12.45,,,,,,12.2774,12.8248,13.1996,13.747,11.9026,11.3552,10.9804,0,0,0,0,0,0,0,0,0,0,0,0,0,0,0,0,0,0,0,0,0,0,,,,,,,,,,,,,,,,,,USD,1.0,stock,25.0
2026-03-19,12.46,12.76,12.03,12.24,23095733,11.290000000000001,12.7535,,11.75958840468682,12.545390099667706,13.198247616429121,13.09309028252777,65.76200417536532,-0.07266366148266812,-0.3063638480312104,0.2337001865485423,0,0.7355857142857143,0.5,0.05,52747138.1,45502012.15,0.4378575564841877,0.5075760808964577,79.36507936507938,84.14286102942077,0.22000000000000064,0.29999999999999893,0.21000000000000085,,0,3.9249313342580083,7.761437908496727,-4.195261437908501,,0,,,-1.6867469879518038,7.651715039577844,9.188224799286338,12.76,4.085275596225041,12.76,0,25,20,20,11.73,11.2,11.465,13.7025,12.24,,,,,,12.343333333333334,12.656666666666668,13.073333333333334,13.386666666666668,11.926666666666668,11.613333333333333,11.196666666666667,0,0,0,0,0,0,0,0,0,0,0,0,0,0,0,0,0,0,0,0,0,0,,,,,,,,,,,,,,,,,,USD,1.0,stock,25.0
2026-03-20,12.08,12.51,11.741,12.06,27384323,11.353,12.6379,,11.788199032811885,12.526355193798384,13.175708059668148,13.082810777228985,63.765182186234824,-0.046328285090694976,-0.25435673544310733,0.20802845035241235,0,0.7512357142857143,0.5,0.05,51523695.8,45858385.25,0.5314898819816416,0.5971497437319819,72.22222222222224,81.1471006902479,0.019999999999999574,0.4299999999999997,0.31900000000000084,,0,2.2537393630855322,5.862354892205644,-4.7918739635157515,,0,,,-1.4705882352941124,4.145077720207269,11.66666666666667,12.76,2.30570391992509,12.76,0,25,20,20,11.73,11.1125,11.42125,13.7025,12.06,,,,,,12.103666666666667,12.466333333333335,12.872666666666667,13.235333333333335,11.697333333333335,11.334666666666667,10.928333333333335,0,0,0,0,0,0,0,0,0,0,0,0,0,0,0,0,0,0,0,0,0,0,,,,,,,,,,,,,,,,,,USD,1.0,stock,25.0
2026-03-23,12.05,12.26,11.78,12.13,17602067,11.451,12.5429,,11.82075150587742,12.510811852865116,13.155000969377689,13.073330072977953,61.670235546038555,-0.019583152189966313,-0.20740201879247913,0.18781886660251282,0,0.7112357142857144,0.5,0.05,48267237.6,44868891.7,0.36467939486969936,0.3923000175197106,69.4174757281554,73.66825910515234,0.08000000000000007,0.129999999999999,0.27000000000000135,,0,2.549451724011387,5.597691673536688,-3.4039571310799563,,0,,,0.5804311774461057,4.840103716508226,19.272369714847603,12.76,2.6161491844982883,12.76,0,25,20,20,11.73,11.1125,11.42125,13.7025,12.13,,,,,,12.056666666666667,12.333333333333334,12.536666666666667,12.813333333333334,11.853333333333333,11.576666666666666,11.373333333333333,0,0,0,0,0,0,0,0,0,0,0,0,0,0,0,0,0,0,0,0,0,0,,,,,,,,,,,,,,,,,,USD,1.0,stock,25.0
2026-03-24,11.99,11.99,10.91,11.07,30510482,11.499500000000001,12.437899999999999,,11.749251362460523,12.454309427262562,13.11371382146922,13.053396440411008,50.0,-0.0829642229692844,-0.1825144596278402,0.09955023665855578,0,0.772307142857143,0.5,0.05,46298176.0,44789547.15,0.6589996547596173,0.681196483139705,17.961165048543734,53.20028766630711,0.9199999999999999,0.0,0.16000000000000014,,0,-6.13596533388006,-3.879855465221327,-12.356820234869003,,0,,,-8.738664468260515,-7.595993322203675,9.603960396039612,12.76,-5.781231003626041,12.76,0,25,20,20,11.73,11.1125,11.42125,13.6175,11.07,,,,,,11.323333333333332,11.736666666666665,12.403333333333332,12.816666666666665,10.656666666666665,10.243333333333332,9.576666666666664,0,0,0,0,0,0,0,0,0,0,0,0,0,0,0,0,0,0,0,0,0,0,,,,,,,,,,,,,,,,,,USD,1.0,stock,25.0
2026-03-25,11.16,11.37,10.71,10.93,18305759,11.549000000000001,12.311699999999998,,11.67122742317857,12.394532586977755,13.070471963618344,13.03226811762085,44.21641791044775,-0.14284438699331403,-0.17458044510093498,0.03173605810762095,0,0.7673071428571429,0.5,0.05,36109420.4,43070712.0,0.506952446126773,0.4250164009362093,11.165048543689338,32.84789644012949,0.23000000000000043,0.20999999999999908,0.21999999999999886,,0,-6.781586671350135,-5.663311985361405,-12.641354071363208,,0,,,-1.2646793134598044,-12.208835341365454,9.95975855130784,12.76,-6.350895208386764,12.76,0,25,20,20,11.735,11.1125,11.42375,13.49365,10.93,,,,,,11.003333333333332,11.296666666666663,11.66333333333333,11.956666666666662,10.636666666666665,10.343333333333334,9.976666666666667,0,0,0,0,0,0,0,0,0,0,0,0,0,0,0,0,0,0,0,0,0,0,,,,,,,,,,,,,,,,,,USD,1.0,stock,25.0
2026-03-26,10.89,11.1899,10.79,11.04,17625828,11.5655,12.213100000000003,,11.611110525732991,12.341413661998237,13.03026459800214,13.01244455426144,42.05426356589148,-0.17935626037973762,-0.1755356081566955,-0.0038206522230421203,0,0.7483714285714286,0.5,0.05,28713309.5,41360363.4,0.6138556755361133,0.4261526386878893,16.504854368932026,15.210355987055033,0.14999999999999858,0.1499000000000006,0.10000000000000142,,0,-5.1731025881611625,-4.759963768115951,-10.62590579710148,,0,,,1.0064043915827936,-9.80392156862746,3.081232492997188,12.76,-4.9186554935229925,12.76,0,25,20,20,11.735,11.1125,11.42375,13.49365,11.04,,,,,,11.006633333333333,11.223266666666667,11.406533333333334,11.623166666666668,10.823366666666667,10.606733333333333,10.423466666666666,0,0,0,0,0,0,0,0,0,0,0,0,0,0,0,0,0,0,0,0,0,0,,,,,,,,,,,,,,,,,,USD,1.0,stock,25.0
2026-03-27,10.9,11.0,10.52,10.69,19769361,11.5635,12.1195,,11.52338571375842,12.276652341919876,12.983922724774374,12.989335653224014,38.148148148148145,-0.23383871092033104,-0.18719622870942262,-0.046642482210908415,0,0.75865,0.5,0.05,25777991.4,39830745.0,0.7669085109555899,0.49633420113030774,7.58928571428571,11.753062875635692,0.21000000000000085,0.09999999999999964,0.16999999999999993,,0,-7.795937453306092,-8.171188026192704,-13.372310570626764,,0,,,-3.170289855072461,-11.359867330016593,-0.37278657968313755,12.76,-7.232125474749967,12.76,0,25,20,20,11.64,11.1125,11.37625,13.49365,10.69,,,,,,10.736666666666666,10.953333333333333,11.216666666666667,11.433333333333334,10.473333333333333,10.256666666666666,9.993333333333332,0,0,0,0,0,0,0,0,0,0,0,0,0,0,0,0,0,0,0,0,0,0,,,,,,,,,,,,,,,,,,USD,1.0,stock,25.0
2026-03-30,10.78,11.19,10.73,10.87,19299462,11.572,12.041099999999998,,11.461158502924285,12.221489504981841,12.942062868838248,12.968247736276512,43.07692307692307,-0.2595005885698516,-0.20165710068150844,-0.05784348788834315,0,0.7454357142857144,0.5,0.05,23807228.2,39227571.5,0.8106555638425812,0.49198717284856647,15.624999999999982,13.239713361072573,0.08999999999999986,0.3200000000000003,0.049999999999998934,,0,-5.438440689275855,-6.458141674333026,-10.773689052437895,,0,,,1.6838166510757757,-10.387469084913448,1.5887850467289688,12.76,-5.1579297395935395,12.76,0,25,20,20,11.64,11.1125,11.37625,12.684999999999999,10.87,,,,,,10.93,11.129999999999999,11.389999999999999,11.589999999999998,10.67,10.47,10.21,0,0,0,0,0,0,0,0,0,0,0,0,0,0,0,0,0,0,0,0,0,0,,,,,,,,,,,,,,,,,,USD,1.0,stock,25.0
2026-03-31,11.0,11.18,10.91,11.1,13944277,11.575,11.976300000000002,,11.426762455026733,12.177509524394319,12.905586376386005,12.949658206562317,36.20689655172413,-0.2583011982545784,-0.21298592019612245,-0.04531527805845598,1,0.7086500000000002,0.5,0.05,21938219.8,38040823.35,0.6356157029660173,0.366560862042961,25.892857142857142,16.36904761904761,0.09999999999999964,0.08000000000000007,0.08999999999999986,,0,-2.9438059011417406,-4.279279279279277,-7.894594594594616,,0,,,2.1159153633854677,0.27100271002709064,0.5434782608695787,12.76,-2.859624117616863,12.76,0,25,20,20,11.64,11.1125,11.37625,12.4825,11.1,,,,,,11.063333333333333,11.216666666666665,11.333333333333332,11.486666666666665,10.946666666666665,10.793333333333333,10.676666666666666,0,0,0,0,0,0,0,0,0,0,0,0,0,0,0,0,0,0,0,0,0,0,,,,,,,,,,,,,,,,,,USD,1.0,stock,25.0
2026-04-01,11.28,11.35,10.79,11.02,15737487,11.572500000000002,11.9093,,11.388023173595617,12.132116994025914,12.868248032299151,12.930457627392544,45.28301886792453,-0.2607996679704776,-0.2225486697509935,-0.038250998219484106,1,0.6286500000000002,0.5,0.05,20327477.9,37044407.15,0.7741977178585446,0.4248276112579116,22.32142857142857,21.279761904761898,0.2599999999999998,0.07000000000000028,0.23000000000000043,,0,-3.339593226820481,-5.013611615245027,-8.069872958257719,,0,,,-0.7207207207207245,0.8234217749313766,-0.4516711833785103,12.76,-3.2316686398120367,12.76,0,25,20,20,11.515,11.1125,11.31375,12.4825,11.02,,,,,,11.053333333333333,11.316666666666666,11.613333333333333,11.876666666666667,10.756666666666666,10.493333333333332,10.196666666666665,0,0,0,0,0,0,0,0,0,0,0,0,0,0,0,0,0,0,0,0,0,0,,,,,,,,,,,,,,,,,,USD,1.0,stock,25.0
2026-04-02,10.96,11.26,10.66,11.24,13769360,11.556999999999999,11.8501,,11.373925728491272,12.097132013868036,12.836005497006099,12.913637153488141,45.43010752688172,-0.24223522495050887,-0.22648598079089657,-0.01574924415961229,1,0.6150785714285715,0.5,0.05,19394840.6,36070989.35,0.7099496347497695,0.3817294797876122,32.14285714285717,26.785714285714292,0.27999999999999936,0.019999999999999574,0.3000000000000007,,0,-1.1915100399579384,-2.8202846975088827,-5.427935943060492,,0,,,1.9963702359346636,1.8115942028985588,-2.6839826839826886,12.76,-1.1774802446247135,12.76,0,25,20,20,11.39,11.43,11.41,12.4825,11.24,,,,,,11.053333333333335,11.446666666666669,11.653333333333334,12.046666666666669,10.84666666666667,10.453333333333335,10.24666666666667,0,0,0,0,0,0,0,0,0,0,0,0,0,0,0,0,0,0,0,0,0,0,,,,,,,,,,,,,,,,,,USD,1.0,stock,25.0
2026-04-06,11.28,11.42,11.015,11.15,14977282,11.5215,11.7701,,11.35259946863496,12.059989581951642,12.802619249540632,12.896088525095223,44.473684210526315,-0.23210940520608148,-0.22761066567393357,-0.004498739532147911,1,0.6147214285714285,0.5,0.05,18154136.5,34838916.15,0.8250065763249054,0.4299009169950886,28.125000000000032,27.529761904761923,0.129999999999999,0.14000000000000057,0.1349999999999998,,0,-1.81703559313865,-3.331838565022415,-5.5614349775784655,,0,,,-0.8007117437722422,4.303086997193639,-5.986509274873519,12.76,-1.7846086193272535,12.76,0,25,20,20,11.254999999999999,11.465,11.36,12.4825,11.15,,,,,,11.195,11.375,11.6,11.78,10.97,10.790000000000001,10.565000000000001,0,0,0,0,0,0,0,0,0,0,0,0,0,0,0,0,0,0,0,0,0,0,,,,,,,,,,,,,,,,,,USD,1.0,stock,25.0
2026-04-07,11.14,11.37,10.93,10.95,24161975,11.4705,11.693100000000001,,11.314256662098297,12.016460578737853,12.765933719846759,12.876724460168903,35.65459610027854,-0.2374853651760489,-0.22958560557435664,-0.007899759601692258,0,0.6082928571428571,0.5,0.05,18810127.3,33538682.45,1.284519483289196,0.7204211148133519,19.196428571428555,26.48809523809525,0.19000000000000128,0.22999999999999865,0.019999999999999574,,0,-3.3265448593451805,-4.753424657534248,-6.786301369863031,,0,,,-1.7937219730941756,0.7359705611775569,-8.521303258145373,12.76,-3.219448462032181,12.76,0,25,20,20,10.969999999999999,11.5,11.235,12.4825,10.95,,,,,,11.083333333333334,11.236666666666668,11.523333333333333,11.676666666666668,10.796666666666669,10.643333333333334,10.35666666666667,0,0,0,0,0,0,0,0,0,0,0,0,0,0,0,0,0,0,0,0,0,0,,,,,,,,,,,,,,,,,,USD,1.0,stock,25.0
2026-04-08,11.32,11.35,10.32,10.39,23468724,11.4105,11.6027,,11.226232218088935,11.952677810944213,12.718885527374546,12.851980933202048,22.010869565217405,-0.28366327836988603,-0.24040114013346253,-0.0432621382364235,0,0.6159928571428571,0.5,0.05,18105951.5,32202063.75,1.2961883831402068,0.7287956505582659,2.8688524590164057,16.730093676815,0.9299999999999997,0.02999999999999936,0.07000000000000028,,0,-8.048433282857886,-9.82194417709336,-11.671799807507217,,0,,,-5.114155251141539,-6.396396396396387,-10.353753235547881,12.76,-7.448912527762479,12.76,0,25,20,20,10.870000000000001,11.5,11.185,12.4825,10.39,,,,,,10.686666666666667,11.053333333333335,11.716666666666667,12.083333333333334,10.023333333333335,9.656666666666668,8.993333333333336,0,0,0,0,0,0,0,0,0,0,0,0,0,0,0,0,0,0,0,0,0,0,,,,,,,,,,,,,,,,,,USD,1.0,stock,27.0
2026-04-09,10.32,10.41,9.73,9.94,33751124,11.288499999999999,11.514299999999999,,11.103733911604275,11.873749269338559,12.66385809118891,12.823005998543321,20.663265306122454,-0.3525073610332079,-0.26282238431341165,-0.08968497671979625,0,0.6124214285714285,0.5,0.05,19650488.0,27879954.2,1.7175717977080265,1.2105874980239386,7.553956834532342,9.873079288325767,0.3800000000000008,0.08999999999999986,0.20999999999999908,,0,-11.707584623785467,-13.56639839034205,-15.838028169014077,,0,,,-4.331087584215599,-9.800362976406529,-19.709208400646215,12.76,-10.480563753316186,12.76,0,25,20,20,10.575,11.245000000000001,10.91,12.4825,9.94,,,,,,10.026666666666666,10.32333333333333,10.706666666666665,11.00333333333333,9.64333333333333,9.346666666666666,8.963333333333331,0,0,0,0,0,0,0,0,0,0,0,0,0,0,0,0,0,0,0,0,0,0,,,,,,,,,,,,,,,,,,USD,1.0,stock,28.5
2026-04-10,9.91,9.94,9.28,9.38,29335315,11.189,11.4197,,10.939568777165771,11.775955180344889,12.598831198294079,12.788747232388662,18.83720930232559,-0.44710021940437805,-0.29967795133160496,-0.1474222680727731,0,0.6046357142857142,0.5,0.05,20821436.7,24767373.1,1.4088996558052116,1.1844338469629627,3.3557046979866243,4.592837997178457,0.5299999999999994,0.02999999999999936,0.10000000000000142,,0,-16.626532805605226,-19.285714285714274,-21.74520255863539,,0,,,-5.633802816901401,-16.548042704626333,-17.502198768689524,12.76,-14.256218036866935,12.76,0,25,20,20,10.35,11.02,10.684999999999999,12.14,9.38,,,,,,9.533333333333333,9.786666666666667,10.193333333333333,10.446666666666667,9.126666666666667,8.873333333333333,8.466666666666667,0,0,0,0,0,0,0,0,0,0,0,0,0,0,0,0,0,0,0,0,0,0,,,,,,,,,,,,,,,,,,USD,1.0,stock,31.75
2026-04-13,9.365,10.12,9.35,10.12,30942915,11.116,11.3571,,10.861514607911888,11.711015761507834,12.549745431991225,12.762192533558924,29.778672032193143,-0.457084935001113,-0.3311593480655066,-0.1259255869356064,1,0.6253499999999999,0.5,0.05,21938792.1,23858391.75,1.4104201753204086,1.2969405198906585,30.996309963099616,13.968657165206196,0.754999999999999,0.0,0.015000000000000568,,0,-7.327219445769649,-9.841897233201587,-12.224308300395274,,0,,,7.889125799573549,-9.237668161434986,-12.60794473229707,12.76,-6.826990845012946,12.76,0,25,20,20,10.35,11.02,10.684999999999999,11.975,10.12,,,,,,9.863333333333332,10.376666666666663,10.633333333333331,11.146666666666663,9.606666666666664,9.093333333333332,8.836666666666664,0,0,0,0,0,0,0,0,0,0,0,0,0,0,0,0,0,0,0,0,0,0,,,,,,,,,,,,,,,,,,USD,1.0,stock,27.0
2026-04-14,10.3,10.42,9.905,10.02,23794955,11.0385,11.3057,,10.781370359539327,11.644701417919292,12.499651463040902,12.734907035712567,36.9077306733167,-0.4676759807250388,-0.3584626745974131,-0.1092133061276257,1,0.574992857142857,0.5,0.05,22388341.4,23097784.8,1.0628279502652216,1.0301834226111588,34.57943925233645,22.97715130447423,0.28000000000000114,0.11999999999999922,0.11500000000000021,,0,-7.598506582228818,-10.164670658682647,-12.831337325349304,,0,,,-0.9881422924901129,-8.493150684931505,-13.396715643906665,12.76,-7.061907105952159,12.76,0,25,20,20,10.35,11.02,10.684999999999999,11.59,10.02,,,,,,10.115,10.325000000000001,10.63,10.840000000000002,9.81,9.6,9.295,0,0,0,0,0,0,0,0,0,0,0,0,0,0,0,0,0,0,0,0,0,0,,,,,,,,,,,,,,,,,,USD,1.0,stock,25.0
2026-04-15,10.2,10.64,10.03,10.61,24469867,10.969999999999999,11.267099999999997,,10.765049372916534,11.604124891726379,12.462232622188607,12.713763682123387,46.41255605381165,-0.4235786406999065,-0.37148586781791176,-0.05209277288199471,1,0.5721357142857143,0.5,0.05,23440900.4,22689560.1,1.0438962063078432,1.0784637027846122,62.149532710280354,42.57509397523881,0.41000000000000014,0.030000000000001137,0.16999999999999993,,0,-1.4613512998730913,-3.3930254476908526,-6.1932139491046,,0,,,5.888223552894201,2.117420596727615,-11.435726210350595,12.76,-1.4403034073082754,12.76,0,25,20,20,10.35,11.02,10.684999999999999,11.309999999999999,10.61,,,,,,10.426666666666668,10.823333333333336,11.036666666666669,11.433333333333337,10.213333333333335,9.816666666666666,9.603333333333333,0,0,0,0,0,0,0,0,0,0,0,0,0,0,0,0,0,0,0,0,0,0,,,,,,,,,,,,,,,,,,USD,1.0,stock,25.0
2026-04-16,10.88,11.06,10.57,10.61,23380754,10.878,11.236299999999998,,10.750282765972102,11.565139601854757,12.4255547484819,12.692830710161962,45.05747126436782,-0.384202335657994,-0.37402916138592823,-0.010173174272065766,1,0.5785714285714285,0.5,0.05,24205227.1,22266352.5,0.965938220839911,1.0500486777077656,62.149532710280354,52.959501557632386,0.27000000000000135,0.17999999999999972,0.03999999999999915,,0,-1.3221749855994596,-2.5259189443920893,-5.902921771913277,,0,,,0.0,6.740442655935608,-14.779116465863451,12.76,-1.3049216381185809,12.76,0,25,20,20,10.35,11.02,10.684999999999999,11.309999999999999,10.61,,,,,,10.746666666666668,10.923333333333336,11.236666666666668,11.413333333333336,10.433333333333335,10.256666666666668,9.943333333333335,0,0,0,0,0,0,0,0,0,0,0,0,0,0,0,0,0,0,0,0,0,0,,,,,,,,,,,,,,,,,,USD,1.0,stock,25.0
2026-04-17,10.88,10.9399,10.215,10.41,23880210,10.7865,11.197899999999999,,10.717874883498569,11.519840009625158,12.385642773264436,12.670115976727516,46.666666666666664,-0.3649279959737832,-0.3722089283034993,0.00728093232971605,1,0.5932071428571428,0.5,0.05,25216312.1,22305576.35,0.947014373287361,1.070593721735417,52.80373831775704,59.03426791277258,0.47000000000000064,0.059899999999998954,0.19500000000000028,,0,-2.957491676259063,-3.61671469740634,-7.5686839577329375,,0,,,-1.8850141376060225,10.980810234541561,-14.950980392156865,12.51,-2.872536644111961,12.51,0,25,20,20,10.325,11.02,10.6725,11.309999999999999,10.41,,,,,,10.521633333333332,10.828266666666664,11.246533333333332,11.553166666666664,10.103366666666664,9.796733333333332,9.378466666666665,0,0,0,0,0,0,0,0,0,0,0,0,0,0,0,0,0,0,0,0,0,0,,,,,,,,,,,,,,,,,,USD,1.0,stock,25.0
2026-04-20,10.38,10.72,10.3309,10.56,12701442,10.7115,11.1675,,10.702839180308228,11.482199224933975,12.349491431219596,12.649119797854606,46.28297362110313,-0.33370248202206554,-0.3645076390472125,0.030805157025146968,1,0.5852857142857143,0.5,0.05,24988728.1,21571432.3,0.5082868543437391,0.5888084677622449,59.81308411214957,58.25545171339565,0.17999999999999972,0.16000000000000014,0.04910000000000103,,0,-1.35264375291882,-1.434659090909078,-5.752840909090908,,0,,,1.4409221902017322,4.347826086956541,-12.43781094527363,12.26,-1.3345914845757199,12.26,0,25,20,20,10.315,11.02,10.6675,11.309999999999999,10.56,,,,,,10.536966666666666,10.743033333333333,10.926066666666667,11.132133333333334,10.353933333333332,10.147866666666665,9.964833333333331,0,0,0,0,0,0,0,0,0,0,0,0,0,0,0,0,0,0,0,0,0,0,,,,,,,,,,,,,,,,,,USD,1.0,stock,25.0
2026-04-21,10.68,11.27,10.575,10.78,25716843,10.644,11.1253,,10.710187829802683,11.45466200042676,12.318412392977622,12.63052159091078,46.153846153846146,-0.28788531317645294,-0.34918317387306064,0.0612978606966077,1,0.6138571428571428,0.5,0.05,25144214.9,21977171.1,1.022773751428604,1.1701616592501296,70.09345794392522,60.903426791277276,0.09999999999999964,0.4900000000000002,0.10500000000000043,,0,0.6476082578600784,1.261595547309826,-3.2031539888682743,,0,,,2.083333333333326,7.584830339321358,-11.129431162407267,11.99,0.6518295599172756,11.99,0,25,20,20,10.274999999999999,11.02,10.647499999999999,11.309999999999999,10.78,,,,,,10.875,11.175,11.57,11.870000000000001,10.48,10.18,9.785,0,0,0,0,0,0,0,0,0,0,0,0,0,0,0,0,0,0,0,0,0,0,,,,,,,,,,,,,,,,,,USD,1.0,stock,25.0
2026-04-22,10.75,11.02,10.62,10.89,20120921,10.635,11.0831,,10.727312798392903,11.432518392566887,12.290126999057273,12.613202968115647,48.448687350835336,-0.23993299783386313,-0.3273331386652212,0.08740014083135805,1,0.6024285714285714,0.5,0.05,24809434.6,21457693.05,0.8110189258404139,0.9377019679196128,75.23364485981311,68.38006230529597,0.14000000000000057,0.129999999999999,0.13000000000000078,,0,1.4939136970348692,2.3415977961432577,-1.7731864095500403,,0,,,1.0204081632653184,2.639019792648445,-1.6260162601625994,11.42,1.51656994314056,11.42,0,25,20,20,10.274999999999999,11.02,10.647499999999999,11.309999999999999,10.89,,,,,,10.843333333333334,11.066666666666668,11.243333333333334,11.466666666666669,10.666666666666668,10.443333333333333,10.266666666666667,0,0,0,0,0,0,0,0,0,0,0,0,0,0,0,0,0,0,0,0,0,0,,,,,,,,,,,,,,,,,,USD,1.0,stock,25.0
2026-04-23,10.5,10.5,9.9,10.09,34095753,10.593,11.0259,,10.666616341403104,11.379870612466226,12.246560127788811,12.588096470920467,37.94549266247379,-0.2634469046414196,-0.31455589186046085,0.051108987219041224,0,0.6302857142857142,0.5,0.05,24843897.5,22247192.75,1.3723995198418444,1.5325867574910097,37.850467289719646,61.05919003115266,0.41000000000000014,0.0,0.1899999999999995,,0,-5.714730836502522,-4.985133795837464,-9.275520317145691,,0,,,-7.346189164370987,-4.901036757775678,-7.685269899359559,11.42,-5.4058037052006265,11.42,0,25,20,20,10.309999999999999,11.02,10.665,11.309999999999999,10.09,,,,,,10.163333333333332,10.426666666666664,10.763333333333332,11.026666666666664,9.826666666666664,9.563333333333333,9.226666666666665,0,0,0,0,0,0,0,0,0,0,0,0,0,0,0,0,0,0,0,0,0,0,,,,,,,,,,,,,,,,,,USD,1.0,stock,25.0
2026-04-24,10.16,10.37,9.875,10.37,21517413,10.5595,10.999400000000001,,10.63836716603138,11.340267843349903,12.209400521297944,12.566025859269518,42.13709677419354,-0.25653105493632644,-0.302950924475634,0.046419869539307546,0,0.6367142857142857,0.5,0.05,24062107.3,22441772.0,0.8942447447235845,0.9588107837473797,52.15311004784689,55.079074065793215,0.20999999999999908,0.0,0.28500000000000014,,0,-2.587918669540793,-1.8273866923818776,-6.06943105110899,,0,,,2.775024777006929,-0.3842459173871382,-6.068840579710145,11.42,-2.5226349292425674,11.42,0,25,20,20,10.5725,11.02,10.79625,11.309999999999999,10.37,,,,,,10.204999999999998,10.534999999999997,10.699999999999998,11.029999999999996,10.039999999999997,9.709999999999999,9.544999999999998,0,0,0,0,0,0,0,0,0,0,0,0,0,0,0,0,0,0,0,0,0,0,,,,,,,,,,,,,,,,,,USD,1.0,stock,25.0
2026-04-27,10.38,10.59,10.24,10.46,25467028,10.548,10.985,,10.621379816885533,11.305747535767553,12.174758926816796,12.545070378082757,44.94845360824743,-0.241009736165255,-0.2905626868135582,0.04955295064830317,1,0.6302857142857142,0.5,0.05,23514518.6,22726655.35,1.0830342067900127,1.1205796720985606,57.00483091787446,49.00280275181367,0.08000000000000007,0.129999999999999,0.14000000000000057,,0,-1.5428280772995393,-0.841300191204581,-5.019120458890999,,0,,,0.8678881388621162,-0.9469696969696906,-2.1515434985968085,11.42,-1.519386554927405,11.42,0,25,20,20,10.5725,10.895,10.73375,11.1075,10.46,,,,,,10.43,10.62,10.78,10.969999999999999,10.27,10.08,9.92,0,0,0,0,0,0,0,0,0,0,0,0,0,0,0,0,0,0,0,0,0,0,,,,,,,,,,,,,,,,,,USD,1.0,stock,25.0
2026-04-28,10.535,10.99,10.45,10.56,22075495,10.5325,10.9698,,10.61553412003929,11.276502534364905,12.142783502523395,12.525318434022234,51.93621867881549,-0.21812540110341594,-0.27607522967152975,0.057949828568113815,1,0.5952857142857144,0.5,0.05,23342572.6,22865457.0,0.9457181681851125,0.9654517292175704,64.32160804020106,57.826516335307474,0.025000000000000355,0.4299999999999997,0.08500000000000085,,0,-0.5258912882508547,0.2604166666666653,-3.880681818181807,,0,,,0.9560229445506607,-2.0408163265306034,-2.8518859245630024,11.42,-0.5231401398301446,11.42,0,25,20,20,10.5725,10.77,10.67125,11.02,10.56,,,,,,10.666666666666666,10.883333333333333,11.206666666666667,11.423333333333334,10.343333333333332,10.126666666666665,9.803333333333331,0,0,0,0,0,0,0,0,0,0,0,0,0,0,0,0,0,0,0,0,0,0,,,,,,,,,,,,,,,,,,USD,1.0,stock,25.0
2026-04-29,10.4,10.54,10.19,10.38,17059707,10.496500000000001,10.958599999999999,,10.593102299083169,11.241345572232948,12.10787689851303,12.503971981942412,55.33980582524274,-0.2120692935637596,-0.26327404244997576,0.05120474888621618,0,0.5731428571428573,0.5,0.05,22601556.6,23021228.5,0.7548023041917387,0.7410424252554549,55.2763819095478,58.867606955874436,0.019999999999999574,0.1399999999999988,0.19000000000000128,,0,-2.053008661687554,-1.122350674373798,-5.574181117533699,,0,,,-1.7045454545454475,-4.683195592286504,-6.486486486486475,11.42,-2.0117081197413915,11.42,0,25,20,20,10.5725,10.635,10.60375,11.02,10.38,,,,,,10.37,10.549999999999999,10.719999999999999,10.899999999999999,10.2,10.02,9.85,0,0,0,0,0,0,0,0,0,0,0,0,0,0,0,0,0,0,0,0,0,0,,,,,,,,,,,,,,,,,,USD,1.0,stock,25.0
2026-04-30,10.31,10.37,10.04,10.3,19005583,10.4605,10.9426,,10.565187794408581,11.204430059596362,12.072077355968217,12.482041912470349,62.63736263736264,-0.2112895022598824,-0.2528771344119571,0.04158763215207467,0,0.5502857142857146,0.5,0.05,22164039.5,23184633.3,0.8574963512404857,0.8197491309901374,49.47916666666673,56.35905220547187,0.009999999999999787,0.05999999999999872,0.26000000000000156,,0,-2.574638780665832,-1.558252427184456,-6.238834951456309,,0,,,-0.770712909441229,2.0812685827552135,-6.533575317604345,11.42,-2.5100149620523187,11.42,0,25,20,20,10.5725,10.35,10.46125,11.02,10.3,,,,,,10.236666666666666,10.433333333333334,10.566666666666666,10.763333333333334,10.103333333333333,9.906666666666666,9.773333333333333,0,0,0,0,0,0,0,0,0,0,0,0,0,0,0,0,0,0,0,0,0,0,,,,,,,,,,,,,,,,,,USD,1.0,stock,25.0
2026-05-01,10.63,10.92,10.28,10.67,38241098,10.432,10.9318,,10.575169909226812,11.183472018043563,12.044313447929243,12.464011644684573,58.409785932721725,-0.17875502756584893,-0.23805271304273545,0.05929768547688652,1,0.5410000000000004,0.5,0.05,23600128.3,24408220.2,1.620376699392774,1.5667302935918286,56.989247311827974,53.91493196268084,0.03999999999999915,0.25,0.3500000000000014,,0,0.8887543652594943,2.2305529522024323,-2.453608247422689,,0,,,3.592233009708723,2.892960462873684,-5.071174377224197,11.42,0.8967240393031323,11.42,0,25,20,20,10.5725,10.35,10.46125,11.02,10.67,,,,,,10.623333333333333,10.966666666666667,11.263333333333334,11.606666666666667,10.326666666666666,9.983333333333333,9.686666666666666,0,0,0,0,0,0,0,0,0,0,0,0,0,0,0,0,0,0,0,0,0,0,,,,,,,,,,,,,,,,,,USD,1.0,stock,25.0
2026-05-04,10.675,11.055,10.63,10.83,30757417,10.416,10.9324,,10.599439441681401,11.169610370277148,12.02026763707916,12.447752822349404,62.16216216216217,-0.1384644274201996,-0.2181350559182283,0.0796706284980287,1,0.5345714285714288,0.5,0.05,25405725.8,25197226.95,1.210649018340582,1.220666744837967,68.45878136200719,58.30906511350063,0.15499999999999936,0.22499999999999964,0.04499999999999993,,0,2.1289063556657344,3.82271468144044,-0.9455216989842972,,0,,,1.4995313964386137,3.537284894837467,-2.8699551569506765,11.37,2.175214638350959,11.37,0,25,20,20,10.465,10.35,10.407499999999999,11.02,10.83,,,,,,10.838333333333333,11.046666666666665,11.263333333333332,11.471666666666664,10.621666666666666,10.413333333333334,10.196666666666667,0,0,0,0,0,0,0,0,0,0,0,0,0,0,0,0,0,0,0,0,0,0,,,,,,,,,,,,,,,,,,USD,1.0,stock,25.0
2026-05-05,10.88,10.88,10.42,10.7,29376367,10.4035,10.943,,10.609016637711743,11.151194277325104,11.994123723473631,12.430362247002645,51.56794425087107,-0.11569014608192774,-0.1976460739509682,0.08195592786904046,1,0.5231428571428574,0.5,0.05,25771678.2,25457946.55,1.1398701618119693,1.1539173806616385,59.139784946236524,61.52927120669057,0.1800000000000015,0.0,0.27999999999999936,,0,0.8503117970865035,2.7710280373831777,-2.271028037383181,,0,,,-1.2003693444136765,1.325757575757569,-2.2831050228310557,11.35,0.8576041059718807,11.35,0,25,20,20,10.465,10.35,10.407499999999999,11.02,10.7,,,,,,10.666666666666666,10.913333333333332,11.126666666666667,11.373333333333333,10.453333333333331,10.206666666666665,9.99333333333333,0,0,0,0,0,0,0,0,0,0,0,0,0,0,0,0,0,0,0,0,0,0,,,,,,,,,,,,,,,,,,USD,1.0,stock,25.0
2026-05-06,10.58,10.64,10.22,10.5,31815569,10.409,10.950999999999999,,10.598634100786816,11.125657246841767,11.964537115088014,12.411154662455356,48.2084690553746,-0.1124830578985847,-0.1806134707404915,0.0681304128419068,0,0.5224285714285716,0.5,0.05,26941143.0,25875288.8,1.1809287007607658,1.2295734840261956,44.802867383512556,57.46714456391876,0.08000000000000007,0.0600000000000005,0.27999999999999936,,0,-0.9393723884458657,0.86666666666666,-4.2952380952380835,,0,,,-1.869158878504662,1.156069364161838,1.0587102983637964,11.27,-0.930630304328494,11.27,0,25,20,20,10.465,10.35,10.407499999999999,11.02,10.5,,,,,,10.453333333333333,10.686666666666666,10.873333333333333,11.106666666666666,10.266666666666666,10.033333333333333,9.846666666666666,0,0,0,0,0,0,0,0,0,0,0,0,0,0,0,0,0,0,0,0,0,0,,,,,,,,,,,,,,,,,,USD,1.0,stock,25.0
2026-05-07,10.79,11.095,10.79,10.93,33927411,10.4585,10.970800000000002,,10.630192757854738,11.117984413632286,11.944051231620923,12.396416805117493,57.87878787878787,-0.07438652945979918,-0.15936808248435305,0.08498155302455387,1,0.5131500000000002,0.5,0.05,26924308.8,25884103.15,1.260103323432392,1.3107431539500722,75.62724014336918,59.85663082437276,0.14000000000000057,0.16500000000000092,0.0,,0,2.742975682939264,4.313815187557172,-0.37328453796891686,,0,,,4.095238095238085,6.11650485436892,9.95975855130784,11.27,2.8203368365426065,11.27,0,25,20,20,10.567499999999999,10.35,10.458749999999998,11.02,10.93,,,,,,10.938333333333333,11.086666666666666,11.243333333333334,11.391666666666667,10.781666666666665,10.633333333333331,10.476666666666663,0,0,0,0,0,0,0,0,0,0,0,0,0,0,0,0,0,0,0,0,0,0,,,,,,,,,,,,,,,,,,USD,1.0,stock,25.0
2026-05-08,10.82,10.835,10.32,10.79,24799510,10.529,10.9724,,10.645412495201906,11.105122279764354,11.921198731984866,12.380432558300404,53.49544072948326,-0.054859203424172165,-0.13846630667231688,0.08360710324814472,0,0.5289285714285715,0.5,0.05,27252518.5,25657312.9,0.9099896583869854,0.9665669236937123,65.59139784946233,62.00716845878136,0.030000000000001137,0.015000000000000568,0.46999999999999886,,0,1.340013946228848,2.4189063948100022,-1.6904541241890756,,0,,,-1.2808783165599302,1.1246485473289436,15.031982942430687,11.27,1.3582142060090305,11.27,0,25,20,20,10.567499999999999,10.35,10.458749999999998,11.02,10.79,,,,,,10.648333333333333,10.976666666666667,11.163333333333334,11.491666666666667,10.461666666666666,10.133333333333333,9.946666666666665,0,0,0,0,0,0,0,0,0,0,0,0,0,0,0,0,0,0,0,0,0,0,,,,,,,,,,,,,,,,,,USD,1.0,stock,25.0
2026-05-11,10.72,10.95,10.61,10.66,36951646,10.556000000000001,10.970999999999998,,10.646801781373153,11.08766650408732,11.896224499668334,12.363313826377018,48.125000000000014,-0.04930521062219562,-0.12063408746229264,0.07132887684009702,0,0.5025000000000002,0.5,0.05,28400980.3,25957749.45,1.3010693859746805,1.4235304208932489,64.34426229508195,68.52096676263783,0.0600000000000005,0.22999999999999865,0.05000000000000071,,0,0.12381068130250783,0.9756097560975535,-2.917448405253266,,0,,,-1.2048192771084265,-1.5697137580794052,5.335968379446654,11.27,0.12396416217626922,11.27,0,25,20,20,10.567499999999999,10.35,10.458749999999998,11.02,10.66,,,,,,10.74,10.870000000000001,11.08,11.21,10.530000000000001,10.4,10.190000000000001,0,0,0,0,0,0,0,0,0,0,0,0,0,0,0,0,0,0,0,0,0,0,,,,,,,,,,,,,,,,,,USD,1.0,stock,25.0
2026-05-12,10.65,10.68,9.99,10.01,30618104,10.555499999999999,10.9572,,10.586153992670948,11.045405072554484,11.85887351947688,12.339897768403118,38.235294117647044,-0.09624376086996556,-0.11575602214382721,0.01951226127386166,0,0.5232142857142857,0.5,0.05,29255241.2,26298906.9,1.0465852525598045,1.1642348526660629,11.06557377049178,47.000411305012015,0.6400000000000006,0.02999999999999936,0.019999999999999574,,0,-5.755784142566911,-5.449550449550437,-9.462537462537469,,0,,,-6.0975609756097615,-6.4485981308411215,-0.09980039920159944,11.27,-5.44252419783269,11.27,0,25,20,20,10.5425,10.325,10.43375,11.02,10.01,,,,,,10.226666666666667,10.463333333333333,10.916666666666666,11.153333333333332,9.773333333333333,9.536666666666667,9.083333333333334,0,0,0,0,0,0,0,0,0,0,0,0,0,0,0,0,0,0,0,0,0,0,,,,,,,,,,,,,,,,,,USD,1.0,stock,25.0
2026-05-13,10.01,10.01,9.315,9.47,43274590,10.4985,10.925799999999999,,10.479853612416571,10.983624481473916,11.811569093348625,12.31134157170259,41.09195402298851,-0.1749991063818097,-0.1276046389914237,-0.047394467390386,0,0.5021428571428572,0.5,0.05,31876729.5,27239143.05,1.357560536440854,1.5886913153092017,8.707865168539383,28.039233744704376,0.5399999999999991,0.0,0.15500000000000114,,0,-10.663712908305918,-10.860612460401258,-15.372756071805682,,0,,,-5.39460539460539,-9.809523809523801,-10.744580584354368,11.27,-9.636142352409312,11.27,0,25,20,20,10.205,10.315,10.26,11.02,9.47,,,,,,9.598333333333334,9.88166666666667,10.293333333333335,10.57666666666667,9.18666666666667,8.903333333333334,8.491666666666669,0,0,0,0,0,0,0,0,0,0,0,0,0,0,0,0,0,0,0,0,0,0,,,,,,,,,,,,,,,,,,USD,1.0,stock,26.5
2026-05-14,9.44,9.83,9.2002,9.67,28532958,10.4515,10.8978,,10.402724696948326,10.93210979592592,11.769161784569445,12.285059566014008,39.70588235294118,-0.2187533046445722,-0.1458343721220534,-0.0729189325225188,0,0.5117714285714287,0.5,0.05,32829467.0,27496753.25,0.8691264466767006,1.0376846219107705,24.794173527549045,14.855870822193408,0.23000000000000043,0.16000000000000014,0.2397999999999989,,0,-7.577297796776897,-8.081695966907956,-12.697001034126165,,0,,,2.11193241816261,-11.527904849039338,-8.859566446748346,11.27,-7.043584429022458,11.27,0,25,20,20,10.1476,10.2351,10.19135,10.9801,9.67,,,,,,9.566733333333334,9.933266666666666,10.196533333333333,10.563066666666666,9.303466666666667,8.936933333333334,8.673666666666668,0,0,0,0,0,0,0,0,0,0,0,0,0,0,0,0,0,0,0,0,0,0,,,,,,,,,,,,,,,,,,USD,1.0,stock,25.0
2026-05-15,9.65,10.48,9.64,10.27,47173272,10.4445,10.8722,,10.390084249619914,10.90614470588961,11.739475412597773,12.265009222073571,47.5703324808184,-0.20267749639295296,-0.15720299697623333,-0.04547449941671963,1,0.5467714285714287,0.5,0.05,33722684.4,28661406.35,1.3988587456578636,1.6458812740708377,56.459784673844155,29.9872744566442,0.6199999999999992,0.21000000000000085,0.009999999999999787,,0,-1.1692721481978032,-1.6991236611489786,-5.863680623174293,,0,,,6.204756980351589,-4.819277108433728,-1.344860710854956,11.27,-1.1557581895864537,11.27,0,25,20,20,10.1476,10.2351,10.19135,10.9801,10.27,,,,,,10.13,10.620000000000001,10.97,11.46,9.780000000000001,9.290000000000001,8.940000000000001,0,0,0,0,0,0,0,0,0,0,0,0,0,0,0,0,0,0,0,0,0,0,,,,,,,,,,,,,,,,,,USD,1.0,stock,25.0
2026-05-18,10.11,10.845,10.0511,10.64,28222032,10.4485,10.8478,,10.413885749656114,10.895707658599822,11.717703622249303,12.24883997608279,50.95693779904306,-0.15825710535373005,-0.15741381865173268,-0.0008432867019973755,1,0.5649071428571429,0.5,0.05,33469145.9,29437435.85,0.8432253420604916,0.9587123057798527,75.98691154739286,52.413623249595354,0.5300000000000011,0.20500000000000007,0.05889999999999951,,0,2.125133931803448,1.7998120300752003,-1.9530075187969818,,0,,,3.6027263875365145,-0.18761726078798668,0.7575757575757569,11.27,2.171276464708225,11.27,0,25,20,20,10.1476,10.2351,10.19135,10.9801,10.64,,,,,,10.512033333333333,10.972966666666666,11.305933333333334,11.766866666666667,10.179066666666666,9.718133333333332,9.385166666666665,0,0,0,0,0,0,0,0,0,0,0,0,0,0,0,0,0,0,0,0,0,0,,,,,,,,,,,,,,,,,,USD,1.0,stock,25.0
2026-05-19,10.96,11.3,10.415,10.55,42360466,10.437000000000001,10.8194,,10.426849011593626,10.882150495517477,11.694580778244367,12.231936095723757,52.07823960880195,-0.12883079208535264,-0.15169721333845668,0.022866421253104036,1,0.6016928571428573,0.5,0.05,34767555.8,30269617.0,1.2183906813489604,1.3994384534168371,64.28231260120012,65.57633627414572,0.41000000000000014,0.33999999999999986,0.13500000000000156,,0,1.167307946979852,1.0710900473933604,-2.55355450236966,,0,,,-0.8458646616541388,5.394605394605412,-2.1335807050092637,11.3,1.1810949623365856,11.3,0,25,20,20,10.2501,10.2501,10.2501,10.9801,10.55,,,,,,10.755,11.095000000000002,11.640000000000002,11.980000000000004,10.21,9.87,9.325,0,0,0,0,0,0,0,0,0,0,0,0,0,0,0,0,0,0,0,0,0,0,,,,,,,,,,,,,,,,,,USD,1.0,stock,25.0
2026-05-20,10.375,10.775,10.1,10.77,33096711,10.431000000000001,10.802999999999999,,10.459530058108518,10.877752436869732,11.676272247982102,12.217389467905612,55.55555555555555,-0.08675797351798664,-0.13870936537436268,0.05195139185637604,1,0.6256214285714287,0.5,0.05,34895670.0,30918406.5,0.9484475007930784,1.0704533236536624,74.75950090484803,71.67624168448033,0.3949999999999996,0.005000000000000782,0.27500000000000036,,0,2.8827292654733667,3.1476323119777034,-0.30640668523676395,,0,,,2.0853080568720372,13.727560718057008,-1.1019283746556585,11.3,2.9682972386584106,11.3,0,25,20,20,10.2501,10.2501,10.2501,10.9801,10.77,,,,,,10.548333333333334,10.996666666666668,11.223333333333334,11.671666666666669,10.321666666666667,9.873333333333333,9.646666666666667,0,0,0,0,0,0,0,0,0,0,0,0,0,0,0,0,0,0,0,0,0,0,,,,,,,,,,,,,,,,,,USD,1.0,stock,25.0
2026-05-21,10.57,10.62,10.26,10.57,37144245,10.455,10.7668,,10.470051004955325,10.865683713855233,11.65436586683394,12.200997532901576,48.76847290640394,-0.06876066012739379,-0.12471962432496891,0.05595896419757512,1,0.6163357142857143,0.5,0.05,35217353.4,31070831.1,1.0547142648146866,1.1954699531677477,65.23478426516809,68.09219925707208,0.0,0.049999999999998934,0.3100000000000005,,0,0.9455912492400708,1.0879848628193018,-1.8618732261116333,,0,,,-1.857010213556165,9.307135470527417,4.757185332011904,11.3,0.9546180338316503,11.3,0,25,20,20,10.2501,10.2501,10.2501,10.9801,10.57,,,,,,10.483333333333333,10.706666666666665,10.843333333333332,11.066666666666665,10.346666666666666,10.123333333333333,9.986666666666666,0,0,0,0,0,0,0,0,0,0,0,0,0,0,0,0,0,0,0,0,0,0,,,,,,,,,,,,,,,,,,USD,1.0,stock,25.0
2026-05-22,10.7,11.1099,10.67,10.93,39347026,10.483,10.758,,10.513855671150056,10.868205921155027,11.640021988282772,12.188350791280666,51.17370892018779,-0.025158654933880698,-0.10480743044675128,0.07964877551287058,1,0.6245428571428572,0.5,0.05,36672105.0,31962311.75,1.0729415723477014,1.2310444347005032,82.37927421659201,74.12451979553605,0.23000000000000043,0.17989999999999995,0.02999999999999936,,0,3.8073589098805467,4.089661482159188,1.5736505032022012,,0,,,3.4058656575212787,6.426484907497576,5.400192864030862,11.3,3.9580563198317513,11.3,0,25,20,20,10.2501,10.2501,10.2501,10.9801,10.93,,,,,,10.9033,11.1366,11.3432,11.5765,10.6967,10.4634,10.2568,0,0,0,0,0,0,0,0,0,0,0,0,0,0,0,0,0,0,0,0,0,0,,,,,,,,,,,,,,,,,,USD,1.0,stock,25.0
2026-05-26,10.96,11.4,10.73,11.09,51375585,10.5145,10.748199999999999,,10.568726559611955,10.876903728168557,11.629130463762321,12.177421927685835,54.54545454545456,0.02205270132808934,-0.07943540409178317,0.1014881054198725,1,0.6395428571428571,0.5,0.05,38114498.9,33257739.6,1.347927599279024,1.5447707997569382,85.90780980089097,77.84062276088369,0.129999999999999,0.3100000000000005,0.23000000000000043,,0,4.700391707737106,5.189359783588817,3.0820559062218305,,0,,,1.4638609332113361,4.2293233082706605,6.022944550669207,11.4,4.932225632367806,11.4,0,25,20,20,10.3001,10.3001,10.3001,10.9801,11.09,,,,,,11.073333333333332,11.416666666666664,11.743333333333332,12.086666666666664,10.746666666666664,10.403333333333332,10.076666666666664,0,0,0,0,0,0,0,0,0,0,0,0,0,0,0,0,0,0,0,0,0,0,,,,,,,,,,,,,,,,,,USD,1.0,stock,25.0
2026-05-27,11.09,11.46,10.98,11.16,41505882,10.5445,10.74,,10.625038315839387,10.888005542750182,11.619840751608612,12.16729832641533,57.93269230769231,0.06437438841278897,-0.05067344559086874,0.11504783400365771,1,0.6395428571428573,0.5,0.05,39203276.7,34229258.95,1.058735021503955,1.212584884195981,86.72448889282235,85.00385763676844,0.07000000000000028,0.3000000000000007,0.10999999999999943,,0,4.7935634781416985,5.515232974910401,3.763440860215053,,0,,,0.6311992786294018,5.781990521327018,5.681818181818188,11.46,5.034915341087419,11.46,0,25,20,20,10.330100000000002,10.330100000000002,10.330100000000002,10.9801,11.16,,,,,,11.200000000000001,11.420000000000002,11.680000000000001,11.900000000000002,10.940000000000001,10.72,10.46,0,0,0,0,0,0,0,0,0,0,0,0,0,0,0,0,0,0,0,0,0,0,,,,,,,,,,,,,,,,,,USD,1.0,stock,25.0
2026-05-28,11.42,12.09,11.23,11.58,85009731,10.6045,10.732000000000001,,10.715987047664207,10.915142580289391,11.619051825834182,12.161454561973386,57.83132530120483,0.13030306759980093,-0.01447814295273481,0.14478121055253573,1,0.6634714285714286,0.5,0.05,43376790.8,37626760.15,1.9597976113991358,2.259289151154833,82.35171984220362,84.99467284530566,0.16000000000000014,0.5099999999999998,0.1899999999999995,,0,7.461251747286641,8.42400690846287,7.322970639032807,,0,,,3.7634408602150504,7.520891364902504,11.560693641618492,12.09,8.062840581018847,12.09,0,25,20,20,10.865,10.6451,10.75505,10.9801,11.58,,,,,,11.633333333333333,12.036666666666665,12.493333333333332,12.896666666666665,11.176666666666666,10.773333333333333,10.316666666666666,0,0,0,0,0,0,0,0,0,0,0,0,0,0,0,0,0,0,0,0,0,0,,,,,,,,,,,,,,,,,,USD,1.0,stock,25.0
2026-05-29,10.7,12.02,10.42,11.72,65006360,10.675500000000001,10.7174,,10.811607328839045,10.946705616356473,11.62105079958004,12.157061979267185,61.204819277108456,0.19163974710415665,0.026745435058643484,0.16489431204551316,1,0.7341857142857143,0.5,0.05,47024131.0,39926799.0,1.382404280899949,1.628138534221088,87.19634576787324,85.42418483429975,1.0200000000000014,0.29999999999999893,0.27999999999999936,,0,7.750790709564464,8.912116040955626,8.554607508532431,,0,,,1.2089810017271274,10.879848628193,13.786407766990294,12.09,8.402013165405064,12.09,0,25,20,20,11.07055,10.6451,10.857825,10.9801,11.72,,,,,,11.386666666666665,12.35333333333333,12.986666666666665,13.95333333333333,10.75333333333333,9.786666666666665,9.15333333333333,0,0,0,0,0,0,0,0,0,0,0,0,0,0,0,0,0,0,0,0,0,0,,,,,,,,,,,,,,,,,,USD,1.0,stock,25.0
2026-06-01,11.95,13.2,11.9,13.1,67981128,10.797,10.7346,,11.029549487997231,11.031148533362101,11.650336922360632,12.166444447135174,72.5925925925926,0.3475970914781765,0.0909157663425501,0.2566813251356264,1,0.8156142857142857,0.5,0.05,49104916.6,41413800.5,1.3844057317877616,1.6415090423782768,97.4998749937497,89.01598020127553,1.1500000000000004,0.09999999999999964,0.049999999999998934,,0,15.80496574047915,17.58015267175572,18.056488549618315,,0,,,11.77474402730374,19.85361390667886,22.774133083411428,13.2,18.771850239721125,13.2,0,25,20,20,11.649999999999999,11.200099999999999,11.425049999999999,11.200099999999999,13.1,,,,,,12.733333333333334,13.566666666666668,14.033333333333333,14.866666666666667,12.26666666666667,11.433333333333335,10.96666666666667,0,0,0,0,0,0,0,0,0,0,0,0,0,0,0,0,0,0,0,0,0,0,,,,,,,,,,,,,,,,,,USD,1.0,stock,30.0
2026-06-02,12.44,12.77,11.78,12.18,60617126,10.864500000000001,10.737,,11.139116203426067,11.076201532053785,11.660825300135668,12.166579328258207,69.13580246913581,0.39243436024439404,0.15121948512291888,0.24121487512147516,0,0.8606142857142858,0.5,0.05,52344426.0,42906785.95,1.1580435708665522,1.4127631482497467,74.49872493624682,86.39831523262325,0.2599999999999998,0.33000000000000007,0.40000000000000036,,0,8.545843978439516,10.800492610837425,11.847290640394085,,0,,,-7.022900763358775,9.828674481514877,12.465373961218829,13.2,9.344401993524293,13.2,0,25,20,20,11.649999999999999,11.200099999999999,11.425049999999999,11.200099999999999,12.18,,,,,,12.243333333333332,12.706666666666665,13.233333333333333,13.696666666666665,11.716666666666665,11.253333333333332,10.726666666666665,0,0,0,0,0,0,0,0,0,0,0,0,0,0,0,0,0,0,0,0,0,0,,,,,,,,,,,,,,,,,,USD,1.0,stock,25.0
2026-06-03,12.18,12.24,11.51,11.67,33872901,10.913,10.7278,,11.189676565004538,11.099487746483048,11.661006977360705,12.161638240414842,69.50354609929079,0.38240732739462935,0.19745705357726098,0.18495027381736837,0,0.8631142857142857,0.5,0.05,51495669.5,43131612.65,0.6577815441354734,0.7853381526646906,61.748087404370224,77.91556244478892,0.5099999999999998,0.0600000000000005,0.16000000000000014,,0,4.115882047947405,6.486718080548412,8.073693230505567,,0,,,-4.187192118226601,4.5698924731182755,9.065420560747661,13.2,4.292558700916011,13.2,0,25,20,20,11.73,11.200099999999999,11.46505,11.200099999999999,11.67,,,,,,11.806666666666667,12.103333333333333,12.536666666666667,12.833333333333334,11.373333333333333,11.076666666666666,10.643333333333333,0,0,0,0,0,0,0,0,0,0,0,0,0,0,0,0,0,0,0,0,0,0,,,,,,,,,,,,,,,,,,USD,1.0,stock,25.0
2026-06-04,11.91,12.14,11.43,11.67,43326108,10.9715,10.7398,,11.235421654051725,11.121860776032731,11.66118505701693,12.156746317624645,68.38235294117648,0.3701934717158153,0.23200433720497188,0.13818913451084341,0,0.8688428571428572,0.5,0.05,52518609.2,43707139.6,0.8249667814889508,0.9912821657173831,57.022471910112365,64.42309475024314,0.2400000000000002,0.23000000000000043,0.2400000000000002,,0,3.723893281476218,5.985432733504706,7.9708654670094194,,0,,,0.0,0.7772020725388629,11.142857142857142,13.2,3.867930900408679,13.2,0,25,20,20,11.809999999999999,11.200099999999999,11.505049999999999,11.200099999999999,11.67,,,,,,11.746666666666668,12.063333333333336,12.456666666666669,12.773333333333337,11.353333333333335,11.036666666666667,10.643333333333334,0,0,0,0,0,0,0,0,0,0,0,0,0,0,0,0,0,0,0,0,0,0,,,,,,,,,,,,,,,,,,USD,1.0,stock,25.0
2026-06-05,11.64,11.94,11.045,11.24,35568433,10.986999999999998,10.746000000000002,,11.23585768699918,11.126493686776547,11.652844758858178,12.147624463717932,59.203036053130944,0.3221034882441991,0.25002416741281736,0.07207932083138174,0,0.8727714285714286,0.5,0.05,52361028.0,43789190.7,0.679292106335269,0.8122651373869761,37.75604179237195,52.17553370228486,0.40000000000000036,0.29999999999999893,0.19500000000000028,,0,0.03685331851263165,2.250889679715319,4.395017793594288,,0,,,-3.6846615252784876,-4.0955631399317465,2.836230558096986,13.2,0.0368669051906273,13.2,0,25,20,20,11.809999999999999,11.200099999999999,11.505049999999999,11.200099999999999,11.24,,,,,,11.408333333333333,11.771666666666667,12.303333333333333,12.666666666666666,10.876666666666667,10.513333333333334,9.981666666666667,0,0,0,0,0,0,0,0,0,0,0,0,0,0,0,0,0,0,0,0,0,0,,,,,,,,,,,,,,,,,,USD,1.0,stock,25.0
2026-06-08,11.2,11.25,10.9,11.17,38924832,11.006,10.7486,,11.229585526332592,11.128199816706879,11.64328347650455,12.137896857113773,55.33199195171025,0.27517141015966295,0.2550536159621865,0.020117794197476446,0,0.8410642857142857,0.5,0.05,52318808.6,44495456.8,0.7439930885582131,0.8748046384816529,34.51612903225808,43.09821424491414,0.02999999999999936,0.05000000000000071,0.2699999999999996,,0,-0.5334424917868573,1.4682184422560403,3.7726051924798587,,0,,,-0.6227758007117501,-14.732824427480917,3.5217794253938894,13.2,-0.5306119820083124,13.2,0,25,20,20,11.809999999999999,11.200099999999999,11.505049999999999,11.200099999999999,11.17,,,,,,11.106666666666667,11.313333333333334,11.456666666666667,11.663333333333334,10.963333333333335,10.756666666666668,10.613333333333335,0,0,0,0,0,0,0,0,0,0,0,0,0,0,0,0,0,0,0,0,0,0,,,,,,,,,,,,,,,,,,USD,1.0,stock,25.0
2026-06-09,11.0,11.2397,10.3,10.75,51919894,11.0105,10.7498,13.02365,11.183910714300916,11.113368451345824,11.62559469479159,12.124086938137518,51.886792452830186,0.20176113348192715,0.24439511946613465,-0.042633985984207506,0,0.8449714285714284,0.5,0.05,52373239.5,45243869.2,0.9913439477044379,1.147556451692686,20.967741935483883,31.07997092003798,0.25,0.23969999999999914,0.4499999999999993,,0,-4.036378737682941,-2.423255813953492,0.001860465116274734,-21.150232558139535,1,,,-3.76007162041182,-11.740558292282433,0.8442776735459567,13.2,-3.8797762731248615,13.2,0,25,20,20,11.75,11.200099999999999,11.47505,11.200099999999999,10.75,,,,,,10.763233333333332,11.226466666666663,11.70293333333333,12.166166666666662,10.286766666666665,9.823533333333334,9.347066666666667,0,0,0,0,0,0,0,0,0,0,0,0,0,0,0,0,0,0,0,0,0,0,,,,,,,,,,,,,,,,,,USD,1.0,stock,25.0
2026-06-10,10.59,10.975,10.33,10.75,47065262,11.047500000000001,10.7474,13.02155,11.142585884367495,11.099118708155792,11.608256185983835,12.11041443129038,49.803149606299215,0.14194668727023085,0.2239054330269539,-0.08195874575672304,0,0.8428285714285711,0.5,0.05,52929177.5,46066227.1,0.889212041883704,1.0216869269070226,16.66666666666668,24.05017921146955,0.16000000000000014,0.22499999999999964,0.2599999999999998,,0,-3.6519617150464674,-2.7674418604651274,0.024186046511621113,-21.1306976744186,1,,,0.0,-7.8834618680377,7.3926073926073865,13.2,-3.5232924245912614,13.2,0,25,20,20,11.75,11.200099999999999,11.47505,11.200099999999999,10.75,,,,,,10.685,11.040000000000001,11.33,11.685,10.395000000000001,10.040000000000001,9.750000000000002,0,0,0,0,0,0,0,0,0,0,0,0,0,0,0,0,0,0,0,0,0,0,,,,,,,,,,,,,,,,,,USD,1.0,stock,25.0
2026-06-11,10.46,10.74,10.305,10.65,45402453,11.1065,10.738399999999999,13.019650000000002,11.095672942999162,11.081506209796743,11.589280815964353,12.09588294441187,50.80321285140562,0.08548868311838476,0.19622208304524008,-0.11073339992685532,0,0.8381857142857141,0.5,0.05,48968449.7,46172620.25,0.9271776680322391,0.9833198279450038,12.068965517241374,16.56779137313065,0.1899999999999995,0.08999999999999986,0.15500000000000114,,0,-4.184722469475695,-4.286384976525823,-0.830046948356791,-22.250234741784052,1,,,-0.9302325581395321,-8.740359897172233,12.460401267159437,13.2,-4.016637344023012,13.2,0,25,20,20,11.75,11.200099999999999,11.47505,11.200099999999999,10.65,,,,,,10.565,10.825,11.0,11.26,10.389999999999999,10.129999999999999,9.954999999999998,0,0,0,0,0,0,0,0,0,0,0,0,0,0,0,0,0,0,0,0,0,0,,,,,,,,,,,,,,,,,,USD,1.0,stock,25.0
2026-06-12,10.62,10.7,10.07,10.55,40796703,11.1505,10.729000000000001,13.0183,11.043704091284956,11.0606628290204,11.568700997826445,12.080501024566976,45.97457627118645,0.03230376609778496,0.16343841965574907,-0.1311346535579641,0,0.8446214285714283,0.5,0.05,46547484.0,46785807.5,0.8764534512756909,0.8719888611519636,15.33546325878596,14.690365147564677,0.06999999999999851,0.08000000000000007,0.4800000000000004,,0,-4.679659633032755,-5.6919431279620705,-1.6966824644549787,-23.39620853080568,1,,,-0.9389671361502261,-6.138790035587183,9.10031023784903,13.2,-4.47045744076535,13.2,0,25,20,20,11.42,11.200099999999999,11.31005,11.200099999999999,10.55,,,,,,10.44,10.809999999999999,11.069999999999999,11.439999999999998,10.18,9.81,9.55,0,0,0,0,0,0,0,0,0,0,0,0,0,0,0,0,0,0,0,0,0,0,,,,,,,,,,,,,,,,,,USD,1.0,stock,25.0
2026-06-15,10.76,11.08,10.615,10.79,69999338,11.1765,10.72,13.01655,11.019541796876865,11.050048600431365,11.553281176087308,12.06766021835238,46.874999999999986,0.009411836624691361,0.13263310304953752,-0.12322126642484615,1,0.8346214285714283,0.5,0.05,46749305.0,47927110.8,1.4973343026169053,1.4605374042284227,23.003194888178886,16.802541221402077,0.02999999999999936,0.2900000000000009,0.14499999999999957,,0,-2.127356782918129,-3.58202038924932,0.6487488415199121,-20.635310472659885,1,,,2.274881516587657,-3.40196956132498,5.063291139240511,13.2,-2.083043025817301,13.2,0,25,20,20,11.155000000000001,11.200099999999999,11.17755,11.200099999999999,10.79,,,,,,10.828333333333333,11.041666666666666,11.293333333333333,11.506666666666666,10.576666666666666,10.363333333333333,10.111666666666666,0,0,0,0,0,0,0,0,0,0,0,0,0,0,0,0,0,0,0,0,0,0,,,,,,,,,,,,,,,,,,USD,1.0,stock,25.0
2026-06-16,10.72,10.8503,10.37,10.52,33455479,11.1705,10.7074,13.01285,10.971966387650497,11.029262380806605,11.53282016269944,12.05226061418967,43.59999999999999,-0.03016915469040704,0.1000726515015486,-0.13024180619195563,0,0.8346428571428569,0.5,0.05,44033140.3,48188783.15,0.7597795381402767,0.6942586389007003,14.376996805111803,17.571884984025555,0.20000000000000107,0.13030000000000008,0.15000000000000036,,0,-4.2962584377423685,-6.183460076045637,-1.781368821292778,-23.696292775665405,1,,,-2.5023169601482764,-2.1395348837209394,-1.1278195488721887,13.2,-4.119283378038855,13.2,0,25,20,20,11.105,11.200099999999999,11.15255,11.200099999999999,10.52,,,,,,10.5801,10.7902,11.060400000000001,11.270500000000002,10.309899999999999,10.099799999999998,9.829599999999997,0,0,0,0,0,0,0,0,0,0,0,0,0,0,0,0,0,0,0,0,0,0,,,,,,,,,,,,,,,,,,USD,1.0,stock,25.0
2026-06-17,10.44,10.8,10.23,10.23,40515948,11.154499999999999,10.693,13.0084,10.901302922159974,10.997918758029876,11.507021743636086,12.034128667779823,36.13963039014372,-0.08396999797499483,0.06326412160623993,-0.14723411958123475,0,0.8089285714285712,0.5,0.05,44697445.0,48096557.25,0.9064488585421382,0.8423876950153225,5.111821086261987,14.164004259850897,0.20999999999999908,0.3600000000000012,0.0,,0,-6.5621009008795115,-9.03714565004886,-4.525904203323551,-27.159335288367544,1,,,-2.7566539923954303,-4.837209302325574,-3.033175355450235,13.2,-6.158006313129428,13.2,0,25,20,20,11.004999999999999,11.200099999999999,11.102549999999999,11.200099999999999,10.23,,,,,,10.42,10.61,10.99,11.18,10.04,9.85,9.469999999999999,0,0,0,0,0,0,0,0,0,0,0,0,0,0,0,0,0,0,0,0,0,0,,,,,,,,,,,,,,,,,,USD,1.0,stock,25.0
2026-06-18,10.2,10.36,9.88,10.27,45204618,11.1295,10.6906,13.00525,10.841178834335214,10.969372924381645,11.482526263564084,12.016575148697438,34.80083857442345,-0.12197384957431545,0.026216527370128855,-0.1481903769444443,0,0.7289285714285711,0.5,0.05,44885296.0,48701952.6,1.0071141783269069,0.9281890270658265,11.746987951807197,10.411935281060334,0.07000000000000028,0.08999999999999986,0.3199999999999985,,0,-5.56162448232925,-8.369036027263881,-4.095423563777997,-26.633398247322305,1,,,0.3910068426197455,-3.5680751173708947,-4.64252553389044,13.2,-5.268604485392561,13.2,0,25,20,20,10.565000000000001,11.200099999999999,10.88255,11.200099999999999,10.27,,,,,,10.17,10.459999999999999,10.649999999999999,10.939999999999998,9.98,9.690000000000001,9.500000000000002,0,0,0,0,0,0,0,0,0,0,0,0,0,0,0,0,0,0,0,0,0,0,,,,,,,,,,,,,,,,,,USD,1.0,stock,25.0
2026-06-22,10.175,10.52,10.0,10.16,51866161,11.109,10.695,13.00165,10.776304659636622,10.937632809700013,11.456337624681627,11.998101764133285,7.999999999999943,-0.1591338603763539,-0.010853550179167702,-0.1482803101971862,0,0.6603571428571426,0.5,0.05,46515068.8,49438048.4,1.115039971734923,1.0491142486118041,9.688581314878874,8.849130117649358,0.015000000000000568,0.34499999999999886,0.16000000000000014,,0,-6.065990744454942,-9.340551181102361,-5.265748031496064,-27.96899606299212,1,,,-1.071080817916259,-3.696682464454981,-3.878902554399244,13.2,-5.719072345319198,13.2,0,25,20,20,10.55985,11.200099999999999,10.879975,11.200099999999999,10.16,,,,,,10.226666666666667,10.453333333333333,10.746666666666666,10.973333333333333,9.933333333333334,9.706666666666667,9.413333333333334,0,0,0,0,0,0,0,0,0,0,0,0,0,0,0,0,0,0,0,0,0,0,,,,,,,,,,,,,,,,,,USD,1.0,stock,28.75
2026-06-23,10.27,10.4298,10.105,10.16,50782424,11.0705,10.710600000000001,12.998199999999999,10.717608977766467,10.907137405398052,11.430667572707733,11.979812194340914,10.852713178294493,-0.1864343376671087,-0.04596970767675591,-0.1404646299903528,1,0.5892714285714283,0.5,0.05,47700828.0,50009818.3,1.0646025683243905,1.0154490803258929,11.864406779660992,11.099992015449027,0.10999999999999943,0.1598000000000006,0.054999999999999716,,0,-5.488277340221131,-8.961614173228337,-5.419291338582688,-27.93503937007873,1,,,0.0,-5.8387395736793195,-7.044830741079588,13.2,-5.202736719759223,13.2,0,25,20,20,10.48,11.42,10.95,11.200099999999999,10.16,,,,,,10.2316,10.3582,10.5564,10.683,10.0334,9.9068,9.7086,0,0,0,0,0,0,0,0,0,0,0,0,0,0,0,0,0,0,0,0,0,0,,,,,,,,,,,,,,,,,,USD,1.0,stock,28.75
2026-06-24,10.16,10.58,10.06,10.31,78960144,11.0315,10.714400000000001,12.9923,10.678789075122042,10.883720252245187,11.408476135624412,11.963197147631055,19.369369369369323,-0.19373318069927237,-0.0755224022812592,-0.11821077841801317,1,0.5742714285714283,0.5,0.05,50404853.0,51389046.25,1.5665186842227274,1.5365170160168131,19.02654867256636,13.52651225570208,0.15000000000000036,0.2699999999999996,0.09999999999999964,,0,-3.5770036384291126,-6.9980601357904835,-3.9224054316197936,-26.01648884578079,1,,,1.476377952755903,-1.9961977186311652,-7.0333633904418384,13.2,-3.4534727910414023,13.2,0,25,20,20,10.48,11.54,11.01,11.200099999999999,10.31,,,,,,10.316666666666668,10.573333333333336,10.836666666666668,11.093333333333335,10.053333333333336,9.796666666666669,9.533333333333337,0,0,0,0,0,0,0,0,0,0,0,0,0,0,0,0,0,0,0,0,0,0,,,,,,,,,,,,,,,,,,USD,1.0,stock,28.75
2026-06-25,10.11,10.315,9.91,9.93,50754856,10.97,10.712600000000002,12.98295,10.607475829872323,10.846319458039494,11.379199380463533,11.942966330241692,16.53846153846149,-0.22755725224071988,-0.10592937227315133,-0.12162787996756855,0,0.5524857142857139,0.5,0.05,50773812.4,51851494.95,0.9996266500563192,0.9788503889606754,2.427184466019367,11.10604663941558,0.17999999999999972,0.20500000000000007,0.019999999999999574,,0,-6.822515910093889,-10.473313192346435,-7.881168177240706,-30.744712990936566,1,,,-3.6857419980601436,-2.9325513196481023,-11.021505376344088,13.2,-6.386777031010944,13.2,0,25,20,20,10.48,11.54,11.01,11.200099999999999,9.93,,,,,,10.051666666666668,10.193333333333335,10.456666666666667,10.598333333333334,9.788333333333336,9.646666666666668,9.383333333333336,0,0,0,0,0,0,0,0,0,0,0,0,0,0,0,0,0,0,0,0,0,0,,,,,,,,,,,,,,,,,,USD,1.0,stock,28.75
2026-06-26,9.91,10.585,9.87,10.53,66302432,10.9175,10.711000000000002,12.976099999999999,10.60009717940829,10.833914773410493,11.362383551147422,11.928906963771626,37.184115523465664,-0.20360110028896905,-0.12546371787631488,-0.07813738241265417,1,0.5396285714285712,0.5,0.05,52863810.3,50916130.0,1.2542121278004057,1.3021891490967596,47.82608695652172,23.093273365035824,0.6199999999999992,0.05500000000000149,0.040000000000000924,,0,-0.6656902128042869,-3.679962013295357,-1.7188983855650781,-23.229819563152894,1,,,6.042296072507547,2.5316455696202445,-9.067357512953379,13.2,-0.6612880827589197,13.2,0,25,20,20,10.475,11.535,11.004999999999999,11.200099999999999,10.53,,,,,,10.328333333333333,10.786666666666667,11.043333333333335,11.501666666666669,10.071666666666665,9.613333333333332,9.356666666666664,0,0,0,0,0,0,0,0,0,0,0,0,0,0,0,0,0,0,0,0,0,0,,,,,,,,,,,,,,,,,,USD,1.0,stock,25.0
2026-06-29,10.85,10.945,10.55,10.68,50637238,10.8655,10.7124,12.971450000000003,10.607706971845596,10.827878899943414,11.348871005580147,11.916480028808724,41.40350877192981,-0.17054598294456014,-0.13448017088996395,-0.03606581205459619,1,0.5442714285714284,0.5,0.05,53847863.8,50197673.9,0.9403759857229471,1.0087566627265572,59.13703730743963,36.46343624332691,0.16999999999999993,0.09500000000000064,0.129999999999999,,0,0.6769010126816799,-1.7368913857678008,-0.3033707865168621,-21.455524344569316,1,,,1.4245014245014342,5.118110236220463,-8.87372013651878,13.2,0.6815141891294667,13.2,0,25,20,20,10.407499999999999,11.535,10.97125,11.200099999999999,10.68,,,,,,10.725,10.899999999999999,11.12,11.294999999999998,10.504999999999999,10.33,10.11,0,0,0,0,0,0,0,0,0,0,0,0,0,0,0,0,0,0,0,0,0,0,,,,,,,,,,,,,,,,,,USD,1.0,stock,25.0
2026-06-30,10.52,11.04,10.48,10.87,64745736,10.754,10.7216,12.967350000000001,10.632687260241253,10.82953070778877,11.339388411410244,11.906067292203662,52.29007633587784,-0.12754785986338923,-0.133093708684649,0.0055458488212597745,1,0.5171499999999999,0.5,0.05,53322503.6,50035904.3,1.2142291083271641,1.2939855271087806,82.6446280991735,63.20258412104496,0.34999999999999964,0.16999999999999993,0.03999999999999915,,0,2.183189878185336,1.0671573137074486,1.3652253909843493,-19.29484820607178,1,,,1.7790262172284521,6.98818897637794,-17.022900763358784,12.77,2.231916861188311,12.77,0,25,20,20,10.454999999999998,11.535,10.995,11.200099999999999,10.87,,,,,,10.796666666666667,11.113333333333333,11.356666666666666,11.673333333333332,10.553333333333335,10.236666666666668,9.993333333333336,0,0,0,0,0,0,0,0,0,0,0,0,0,0,0,0,0,0,0,0,0,0,,,,,,,,,,,,,,,,,,USD,1.0,stock,25.0
2026-07-01,11.12,11.92,11.08,11.55,65987327,10.7225,10.7414,12.9681,10.720050378313514,10.857784405522544,11.343558937916972,11.902524334072282,62.12121212121214,-0.0381613205848268,-0.11410723106468457,0.07594591047985777,1,0.5460785714285714,0.5,0.05,56575688.4,50304414.35,1.1663548224717668,1.311760167624335,81.95121951219517,74.57762830626943,0.4300000000000015,0.3699999999999992,0.03999999999999915,,0,7.185711010272608,7.164502164502169,7.000865800865802,-12.277922077922069,1,,,6.255749770009222,12.027158098933066,-5.172413793103436,12.24,7.742030983039602,12.24,0,25,20,20,10.895,11.535,11.215,11.200099999999999,11.55,,,,,,11.516666666666666,11.953333333333331,12.356666666666666,12.793333333333331,11.113333333333332,10.676666666666666,10.273333333333332,0,0,0,0,0,0,0,0,0,0,0,0,0,0,0,0,0,0,0,0,0,0,,,,,,,,,,,,,,,,,,USD,1.0,stock,25.0
2026-07-02,11.36,11.775,11.3,11.71,58403970,10.7245,10.76,12.968699999999998,10.814331294664608,10.891204624913817,11.350815196572082,11.900608669056638,65.77380952380955,0.04506928791643894,-0.08227192726845986,0.1273412151848988,1,0.5482214285714285,0.5,0.05,58364490.6,51530967.8,1.0006764284172471,1.1333761521164367,89.75609756097566,84.78398172411478,0.3500000000000014,0.0649999999999995,0.05999999999999872,,0,7.648750686040925,8.415883859948762,8.112724167378317,-10.748932536293744,1,,,1.3852813852813783,17.925478348439093,0.3427592116538314,12.14,8.282238456827027,12.14,0,25,20,20,10.895,11.535,11.215,11.200099999999999,11.71,,,,,,11.595,11.89,12.07,12.365,11.415000000000001,11.120000000000001,10.940000000000001,0,0,0,0,0,0,0,0,0,0,0,0,0,0,0,0,0,0,0,0,0,0,,,,,,,,,,,,,,,,,,USD,1.0,stock,25.0
2026-07-06,11.45,12.27,11.35,11.83,69801978,10.732499999999998,10.7788,12.97,10.911061647553694,10.928020129819158,11.360304004560755,11.89990609523518,68.93491124260356,0.1193374935750775,-0.04195004309975238,0.16128753667482987,1,0.5689357142857142,0.5,0.05,60824226.6,52854761.3,1.1476015709832306,1.3206374654462776,81.66666666666669,84.45799457994585,0.3800000000000008,0.4399999999999995,0.09999999999999964,,0,7.767864348658544,9.27726120033814,8.885883347421807,-9.636517328825025,1,,,1.0247651579846195,12.34567901234569,1.371036846615259,12.27,8.422080106680871,12.27,0,25,20,20,11.07,11.535,11.3025,11.200099999999999,11.83,,,,,,11.816666666666665,12.28333333333333,12.736666666666665,13.20333333333333,11.36333333333333,10.896666666666665,10.44333333333333,0,0,0,0,0,0,0,0,0,0,0,0,0,0,0,0,0,0,0,0,0,0,,,,,,,,,,,,,,,,,,USD,1.0,stock,25.0
2026-07-07,12.19,12.315,11.56,11.65,73354249,10.753,10.81,12.969149999999999,10.981436728739057,10.956333065904682,11.366040558925889,11.897419467421894,62.95180722891569,0.1618058883950937,-0.0011988568007831601,0.16300474519587685,1,0.5850071428571428,0.5,0.05,62973035.4,54744052.1,1.164851726362868,1.339949203358295,72.80163599182008,81.40813340648748,0.5399999999999991,0.125,0.08999999999999986,,0,5.738740525845007,7.699570815450646,7.210300429184548,-11.323175965665225,1,,,-1.5215553677092153,9.082397003745335,3.6476868327402157,12.315,6.0881220533855505,12.315,0,25,20,20,11.0925,11.535,11.313749999999999,11.200099999999999,11.65,,,,,,11.841666666666667,12.123333333333333,12.596666666666666,12.878333333333332,11.368333333333334,11.086666666666668,10.613333333333335,0,0,0,0,0,0,0,0,0,0,0,0,0,0,0,0,0,0,0,0,0,0,,,,,,,,,,,,,,,,,,USD,1.0,stock,25.0
2026-07-08,11.38,11.55,11.25,11.42,58007127,10.7655,10.831,12.965499999999999,11.023204659335338,10.974516082928027,11.367109062709533,11.892669024959984,63.719512195121965,0.17488732720399192,0.034018380000171856,0.14086894720382007,0,0.5792714285714284,0.5,0.05,63695505.7,55698166.85,0.9106941904693913,1.0414548679172553,63.394683026584886,72.62099522835723,0.03999999999999915,0.13000000000000078,0.13000000000000078,,0,3.4745651546818026,5.731173380035031,5.157618213660249,-13.533274956217154,1,,,-1.9742489270386354,5.059797608095673,2.2381378692927445,12.315,3.599636883532082,12.315,0,25,20,20,11.0925,11.535,11.313749999999999,11.200099999999999,11.42,,,,,,11.406666666666666,11.563333333333333,11.706666666666667,11.863333333333333,11.263333333333332,11.106666666666666,10.963333333333331,0,0,0,0,0,0,0,0,0,0,0,0,0,0,0,0,0,0,0,0,0,0,,,,,,,,,,,,,,,,,,USD,1.0,stock,25.0
2026-07-09,11.08,11.87,10.92,11.8,98167995,10.818,10.8578,12.965150000000001,11.097185167970068,11.006888001244574,11.375681160477662,11.891746945109636,73.29376854599406,0.21345669006334056,0.06990604201280559,0.14355064805053497,1,0.6064142857142855,0.5,0.05,65616290.8,58010571.9,1.4960918059086632,1.69224318576318,78.93660531697347,71.71097477845949,0.7200000000000006,0.06999999999999851,0.16000000000000014,,0,5.956057898558754,8.322033898305094,7.984745762711877,-9.874152542372885,1,,,3.327495621716303,2.164502164502169,9.76744186046512,12.315,6.33327119798339,12.315,0,25,20,20,11.0925,11.32,11.20625,11.200099999999999,11.8,,,,,,11.530000000000001,12.140000000000002,12.48,13.090000000000002,11.190000000000003,10.580000000000002,10.240000000000004,0,0,0,0,0,0,0,0,0,0,0,0,0,0,0,0,0,0,0,0,0,0,,,,,,,,,,,,,,,,,,USD,1.0,stock,27.0
2026-07-10,12.12,12.23,11.51,11.68,78695437,10.8645,10.8802,12.95785,11.15269134244911,11.033284550215374,11.381707276111767,11.889640010332426,70.43478260869564,0.23166964740256368,0.10225876309075721,0.12941088431180647,0,0.6235571428571428,0.5,0.05,68410348.9,59592080.65,1.1503440380787182,1.3205687088222184,74.02862985685073,72.1199727334697,0.4399999999999995,0.11000000000000121,0.16999999999999993,,0,4.514628917387756,6.982020547945207,6.847602739726022,-10.940496575342474,1,,,-1.016949152542379,-0.256191289496166,8.651162790697665,12.315,4.728084382142453,12.315,0,25,20,20,11.3975,11.0925,11.245000000000001,11.200099999999999,11.68,,,,,,11.806666666666667,12.103333333333333,12.526666666666667,12.823333333333334,11.383333333333333,11.086666666666666,10.663333333333332,0,0,0,0,0,0,0,0,0,0,0,0,0,0,0,0,0,0,0,0,0,0,,,,,,,,,,,,,,,,,,USD,1.0,stock,27.0
2026-07-13,11.75,12.18,11.65,11.85,90847291,10.924499999999998,10.909600000000001,12.95445,11.219101690787289,11.065312607069673,11.390980399357078,11.88924558236892,74.07407407407405,0.2568602020426667,0.13317905088113913,0.12368115116152756,0,0.6242714285714285,0.5,0.05,70864834.8,61864322.55,1.281979860058885,1.4684924566429283,80.98159509202455,77.98227675528294,0.09999999999999964,0.33000000000000007,0.09999999999999964,,0,5.324036364664226,7.810126582278492,7.935864978902941,-9.320253164556961,1,,,1.4554794520547976,0.16906170752324368,11.267605633802802,12.315,5.623429812841264,12.315,0,25,20,20,11.3975,11.0925,11.245000000000001,11.200099999999999,11.85,,,,,,11.893333333333333,12.136666666666665,12.423333333333332,12.666666666666664,11.606666666666666,11.363333333333333,11.076666666666666,0,0,0,0,0,0,0,0,0,0,0,0,0,0,0,0,0,0,0,0,0,0,,,,,,,,,,,,,,,,,,USD,1.0,stock,27.0
2026-07-14,11.31,12.11,11.175,11.94,85790202,10.994,10.9424,12.952549999999999,11.287758672617072,11.0996140734591,11.401852074617333,11.889750601449826,74.72222222222219,0.28084869696533765,0.16271298009797885,0.1181357168673588,0,0.6678571428571427,0.5,0.05,74380131.2,64113997.5,1.15340213328368,1.3380884883991206,84.66257668711657,79.89093387866394,0.629999999999999,0.16999999999999993,0.1349999999999998,,0,5.462657683274104,7.922948073701841,8.355108877721944,-8.480318257956442,1,,,0.75949367088608,2.489270386266096,13.175355450236959,12.315,5.778306803858214,12.315,0,25,20,20,11.6175,11.0925,11.355,11.200099999999999,11.94,,,,,,11.741666666666667,12.308333333333334,12.676666666666666,13.243333333333332,11.373333333333335,10.806666666666668,10.438333333333336,0,0,0,0,0,0,0,0,0,0,0,0,0,0,0,0,0,0,0,0,0,0,,,,,,,,,,,,,,,,,,USD,1.0,stock,27.0
2026-07-15,12.055,12.42,11.83,11.95,126653869,11.052000000000001,10.968,12.951600000000001,11.350829275224969,11.132962541166586,11.412706488981346,11.890350097952814,73.69942196531788,0.2972402676658312,0.18961843761154934,0.10762183005428189,0,0.6728571428571427,0.5,0.05,80570944.5,66946724.05,1.571954626894066,1.8918605920941998,81.56862745098037,82.4042664100405,0.10500000000000043,0.3650000000000002,0.11999999999999922,,0,5.013980960460504,7.514644351464418,8.217573221757316,-8.38158995815901,1,,,0.08375209380233617,4.640980735551659,10.750695088044493,12.42,5.278651543837574,12.42,0,25,20,20,11.67,11.145,11.407499999999999,11.200099999999999,11.95,,,,,,12.066666666666668,12.303333333333336,12.656666666666668,12.893333333333336,11.713333333333336,11.476666666666668,11.123333333333337,0,0,0,0,0,0,0,0,0,0,0,0,0,0,0,0,0,0,0,0,0,0,,,,,,,,,,,,,,,,,,USD,1.0,stock,27.0
2026-07-16,12.05,12.16,11.42,12.03,97417985,11.127500000000001,10.991999999999997,12.9507,11.41551220139402,11.168140480728683,11.424930122862904,11.891739649216966,83.2278481012658,0.31307707926689154,0.21431016594261781,0.09876691332427373,0,0.6967857142857142,0.5,0.05,83714010.3,70144849.35,1.1636998950461224,1.3888116647583906,84.70588235294116,83.64569549701271,0.02000000000000135,0.10999999999999943,0.6099999999999994,,0,5.107961750673152,7.502078137988347,8.628428927680815,-7.653366583541148,1,,,0.6694560669456173,1.9491525423728673,14.353612167300378,12.42,5.382919204719882,12.42,0,25,20,20,11.67,11.145,11.407499999999999,11.200099999999999,12.03,,,,,,11.87,12.319999999999999,12.61,13.059999999999999,11.579999999999998,11.129999999999999,10.839999999999998,0,0,0,0,0,0,0,0,0,0,0,0,0,0,0,0,0,0,0,0,0,0,,,,,,,,,,,,,,,,,,USD,1.0,stock,28.75
2026-07-17,12.0,12.44,11.92,12.15,92437024,11.2235,11.021,12.94865,11.485463420308875,11.206644775602069,11.439287942212154,11.894309403951125,80.22388059701491,0.33148965725328594,0.23774606420475147,0.09374359304853447,0,0.6828571428571426,0.5,0.05,87117315.7,72740903.15,1.0610637306401762,1.2707709142596753,85.2040816326531,83.82619714552489,0.15000000000000036,0.28999999999999915,0.08000000000000007,,0,5.469436869885805,7.625514403292187,9.292181069958843,-6.573251028806587,1,,,0.9975062344139696,4.023972602739723,18.768328445747805,12.44,5.785892613754493,12.44,0,25,20,20,11.68,11.155,11.4175,11.200099999999999,12.15,,,,,,12.17,12.42,12.69,12.94,11.9,11.65,11.38,0,0,0,0,0,0,0,0,0,0,0,0,0,0,0,0,0,0,0,0,0,0,,,,,,,,,,,,,,,,,,USD,1.0,stock,28.75
2026-07-20,11.94,12.55,11.71,12.16,170318397,11.318000000000001,11.054200000000002,12.942549999999999,11.549704999327076,11.244031254990222,11.453559468108942,11.896953091474,79.1338582677165,0.3429355271029859,0.25878395678439836,0.08415157031858755,0,0.7132142857142855,0.5,0.05,97168957.6,78996592.1,1.7528066700182448,2.1560220823753737,81.15942028985505,83.68979475848312,0.22000000000000064,0.39000000000000057,0.22999999999999865,,0,5.01887336079707,6.924342105263149,9.093749999999988,-6.435444078947358,1,,,0.08230452674897748,2.6160337552742607,18.4031158714703,12.55,5.284074361280063,12.55,0,25,20,20,11.735,11.21,11.4725,11.200099999999999,12.16,,,,,,12.14,12.57,12.98,13.41,11.73,11.3,10.89,0,0,0,0,0,0,0,0,0,0,0,0,0,0,0,0,0,0,0,0,0,0,,,,,,,,,,,,,,,,,,USD,1.0,stock,27.0
2026-07-21,11.9,12.4801,11.79,12.04,177005793,11.412,11.0764,12.9378,11.596399761295926,11.275245715578842,11.465172151908765,11.898376443797643,73.68421052631575,0.3384223422034296,0.27471163386820463,0.06371070833522496,0,0.7225071428571427,0.5,0.05,107534112.0,85253573.7,1.646043192322079,2.0762272514565567,68.71165644171771,78.35838612140863,0.1399999999999988,0.44010000000000105,0.11000000000000121,,0,3.684387364651773,5.215946843853807,8.00332225913621,-7.456810631229239,1,,,-0.9868421052631637,0.8375209380234505,18.503937007874004,12.55,3.8253272380677226,12.55,0,25,20,20,11.735,11.21,11.4725,11.200099999999999,12.04,,,,,,12.103366666666666,12.416733333333333,12.793466666666667,13.106833333333334,11.726633333333332,11.413266666666665,11.036533333333331,0,0,0,0,0,0,0,0,0,0,0,0,0,0,0,0,0,0,0,0,0,0,,,,,,,,,,,,,,,,,,USD,1.0,stock,27.0
2026-07-22,12.02,12.02,10.38,10.7,106030160,11.439,11.0746,12.927550000000002,11.511028355458219,11.252687060065947,11.450020228108592,11.886452300078265,36.4217252396166,0.22413511936527541,0.2645963309676188,-0.040461211602343394,0,0.7660785714285712,0.5,0.05,112336415.3,88015960.5,0.9438627689591231,1.2046696916975643,14.746543778801776,54.87254017012486,1.3200000000000003,0.0,0.3199999999999985,,0,-7.579704256618876,-6.906542056074774,-3.500934579439261,-20.818224299065445,1,,,-11.129568106312293,-10.460251046025103,5.31496062992125,12.55,-7.045663779236995,12.55,0,25,20,20,11.465,11.21,11.3375,11.200099999999999,10.7,,,,,,11.033333333333331,11.686666666666662,12.67333333333333,13.32666666666666,10.046666666666663,9.393333333333333,8.406666666666665,0,0,0,0,0,0,0,0,0,0,0,0,0,0,0,0,0,0,0,0,0,0,,,,,,,,,,,,,,,,,,USD,1.0,stock,25.0
2026-07-23,10.77,10.955,10.1601,10.2,44642881,11.4335,11.0654,12.91405,11.386168512081246,11.211405214573166,11.425267352304461,11.869671680176989,28.242074927953894,0.09215356165031174,0.23010777710415742,-0.13795421545384567,0,0.7889285714285712,0.5,0.05,106983903.9,86300097.35,0.41728595959377773,0.5172981534301827,1.6695259215866507,28.375908714035386,0.5700000000000003,0.1850000000000005,0.03989999999999938,,0,-11.62910305962007,-12.093137254901972,-8.484313725490207,-26.608333333333338,1,,,-4.672897196261683,-15.211970074812964,-1.0669253152279512,12.55,-10.417626533655005,12.55,0,25,20,20,11.35505,11.21,11.282525,11.200099999999999,10.2,,,,,,10.438366666666665,10.71663333333333,11.233266666666665,11.51153333333333,9.92173333333333,9.643466666666665,9.12683333333333,0,0,0,0,0,0,0,0,0,0,0,0,0,0,0,0,0,0,0,0,0,0,,,,,,,,,,,,,,,,,,USD,1.0,stock,28.5
2026-07-24,10.27,10.99,10.27,10.84,66120046,11.479,11.082,12.89565,11.334152463311604,11.196840304197748,11.41367789978358,11.859426190821994,37.59398496240603,0.03875315533060508,0.19183685274944695,-0.15308369741884187,0,0.779642857142857,0.5,0.05,105726364.8,87068356.85,0.6253884366976741,0.7594038568329776,28.448889074856677,14.954986258415042,0.5700000000000003,0.15000000000000036,0.0,,0,-4.558602060070147,-5.894833948339477,-2.2324723247232554,-18.963560885608857,1,,,6.2745098039215685,-10.78189300411523,9.164149043303116,12.55,-4.359853680380287,12.55,0,25,20,20,11.35505,11.21,11.282525,11.200099999999999,10.84,,,,,,10.699999999999998,11.129999999999995,11.419999999999998,11.849999999999996,10.409999999999995,9.979999999999997,9.689999999999994,0,0,0,0,0,0,0,0,0,0,0,0,0,0,0,0,0,0,0,0,0,0,,,,,,,,,,,,,,,,,,USD,1.0,stock,25.0
2026-07-27,11.15,11.69,11.12,11.62,55676962,11.5335,11.125,12.87965,11.361376038234308,11.213434802072346,11.417763485926478,11.857043840664561,49.67320261437907,0.05869582097379222,0.16520864639431604,-0.10651282542052382,1,0.7864285714285713,0.5,0.05,102209331.9,86537083.35,0.544734624177697,0.643388473988822,61.08623791790446,30.40155097144927,0.46999999999999886,0.07000000000000028,0.030000000000001137,,0,2.2256795332675656,0.7444061962134177,4.259896729776242,-10.840361445783138,1,,,7.19557195571956,-4.440789473684214,10.351377018043696,12.55,2.276343647946753,12.55,0,25,20,20,11.35505,11.21,11.282525,11.200099999999999,11.62,,,,,,11.476666666666667,11.833333333333334,12.046666666666667,12.403333333333334,11.263333333333334,10.906666666666666,10.693333333333333,0,0,0,0,0,0,0,0,0,0,0,0,0,0,0,0,0,0,0,0,0,0,,,,,,,,,,,,,,,,,,USD,1.0,stock,25.0
2026-07-28,11.625,12.24,11.425,12.19,46813933,11.608999999999998,11.175400000000002,12.8627,11.440292606021517,11.251731476500883,11.43305529808635,11.860356837274864,57.80933062880323,0.11912160378855319,0.1559912378731635,-0.0368696340846103,1,0.8160714285714283,0.5,0.05,98311705.0,86345918.1,0.47617863000138183,0.5421672967306141,84.93660822628557,58.15724507301558,0.5649999999999995,0.05000000000000071,0.1999999999999993,,0,6.150183707780825,4.766201804758009,8.32321575061524,-5.518457752255953,1,,,4.905335628227192,1.2458471760797396,14.138576779026213,12.55,6.55321869638089,12.55,0,25,20,20,11.35505,11.21,11.282525,11.200099999999999,12.19,,,,,,11.951666666666666,12.478333333333332,12.766666666666666,13.293333333333331,11.663333333333332,11.136666666666667,10.848333333333333,0,0,0,0,0,0,0,0,0,0,0,0,0,0,0,0,0,0,0,0,0,0,,,,,,,,,,,,,,,,,,USD,1.0,stock,25.0
2026-07-30,12.2,12.425,11.66,12.37,66490312,11.684000000000001,11.2174,12.832,11.528836167352802,11.295585144089083,11.451608658520284,11.865427913520886,56.02536997885833,0.1794652045261742,0.16068603120376565,0.018779173322408554,1,0.8028571428571427,0.5,0.05,92295349.3,86433146.9,0.7204080433552247,0.7692686704665151,92.46830411314275,79.4970500857776,0.16999999999999993,0.05500000000000149,0.5399999999999991,,0,6.800030983404991,5.5456750202101714,9.317704122877927,-3.7348423605497296,0,,,1.4766201804758072,15.607476635514029,13.799448022079108,12.55,7.296173008592084,12.55,0,25,20,20,11.35505,11.21,11.282525,11.200099999999999,12.37,,,,,,12.151666666666666,12.64333333333333,12.916666666666666,13.408333333333331,11.87833333333333,11.386666666666665,11.11333333333333,0,0,0,0,0,0,0,0,0,0,0,0,0,0,0,0,0,0,0,0,0,0,,,,,,,,,,,,,,,,,,USD,1.0,stock,25.0
2026-07-31,12.27,12.82,12.16,12.76,39802002,11.744499999999999,11.2598,12.810550000000001,11.646089865700155,11.353013177654217,11.477517397955525,11.874329128311723,60.8,0.2558088779869756,0.17971060056040766,0.07609827742656794,1,0.7985714285714284,0.5,0.05,86533751.0,85123880.65,0.4599592822458372,0.46757739069312504,97.74427610060528,91.71639614667788,0.4900000000000002,0.0600000000000005,0.10999999999999943,,0,8.729703246863988,7.95846394984327,11.757053291536048,-0.39615987460815993,0,,,3.1527890056588515,25.098039215686274,10.47619047619046,12.82,9.564670607432904,12.82,0,25,20,20,11.49005,11.344999999999999,11.417525,11.42,12.76,,,,,,12.58,13.0,13.24,13.66,12.34,11.92,11.68,0,0,0,0,0,0,0,0,0,0,0,0,0,0,0,0,0,0,0,0,0,0,,,,,,,,,,,,,,,,,,USD,1.0,stock,25.0
2026-08-03,13.045,13.22,12.81,13.05,40926045,11.811499999999999,11.309800000000001,12.7901,11.779795592776331,11.419561680491308,11.508655667302941,11.886027345940462,61.71875,0.3358409996102587,0.21093668037037788,0.12490431923988082,1,0.7935714285714285,0.5,0.05,81382653.1,84249984.4,0.502884133670496,0.48576917006527065,94.44426288440799,94.88561436605202,0.005000000000000782,0.16999999999999993,0.23499999999999943,,0,9.73336710516222,9.490421455938712,13.33486590038314,1.9915708812260537,0,,,2.2727272727272707,20.387453874538753,11.44321093082834,13.22,10.782907031108342,13.22,0,25,20,20,11.69005,11.545,11.617525,11.545,13.05,,,,,,13.026666666666666,13.24333333333333,13.436666666666666,13.65333333333333,12.83333333333333,12.616666666666665,12.42333333333333,0,0,0,0,0,0,0,0,0,0,0,0,0,0,0,0,0,0,0,0,0,0,,,,,,,,,,,,,,,,,,USD,1.0,stock,25.0
2026-08-04,12.98,14.1,12.9,14.1,61961956,11.925,11.3764,12.7782,12.000767441083347,11.524676908707335,11.559969416465258,11.908056924587822,67.76315789473684,0.47847766470416886,0.26444487723713606,0.2140327874670328,1,0.8125,0.5,0.05,70547009.0,83857983.3,0.8783073425550898,0.7388915588195406,100.0,97.3961796616711,1.1199999999999992,0.0,0.08000000000000007,,0,14.888174176713848,15.42553191489361,19.316312056737583,9.37446808510638,0,,,8.045977011494255,21.342512908777977,19.188503803888413,14.1,17.492485953274567,14.1,0,25,20,20,12.13005,11.985,12.057525,11.985,14.1,,,,,,13.700000000000001,14.500000000000002,14.9,15.700000000000001,13.300000000000002,12.500000000000002,12.100000000000003,0,0,0,0,0,0,0,0,0,0,0,0,0,0,0,0,0,0,0,0,0,0,,,,,,,,,,,,,,,,,,USD,1.0,stock,26.5
2026-08-05,14.19,14.3238,13.77,13.82,91827175,12.0335,11.441399999999998,12.76385,12.174027684789696,11.614689578954106,11.60472249732733,11.927081233795905,64.7244094488189,0.5624411183851041,0.32404412546672967,0.23839699291837446,1,0.8099142857142858,0.5,0.05,62029147.2,84781629.6,1.4803875136945297,1.083102264408468,87.90018493167135,94.11481593869313,0.3699999999999992,0.1338000000000008,0.05000000000000071,,0,11.910074639727238,12.926917510853835,17.21128798842259,7.642185238784374,0,,,-1.9858156028368712,13.371616078753078,18.626609442060094,14.3238,13.520359554190865,14.3238,0,25,20,20,12.24195,12.24195,12.24195,12.0969,13.82,,,,,,13.971266666666667,14.172533333333334,14.525066666666667,14.726333333333335,13.618733333333333,13.417466666666666,13.064933333333332,0,0,0,0,0,0,0,0,0,0,0,0,0,0,0,0,0,0,0,0,0,0,,,,,,,,,,,,,,,,,,USD,1.0,stock,26.5
2026-08-06,13.2,14.02,13.04,14.0,73479247,12.1625,11.5028,12.7542,12.347929810047821,11.708231164093162,11.652153735004017,11.94770729117107,65.27131782945736,0.6361738400053785,0.38647006837445946,0.249703771630919,1,0.8270571428571429,0.5,0.05,58774055.9,85555235.6,1.2501986782232601,0.8588515534401732,92.22326296322981,93.37448263163374,0.8000000000000007,0.019999999999999574,0.16000000000000014,,0,11.800501356801275,13.125000000000004,17.837142857142855,8.898571428571422,0,,,1.302460202604916,13.177041228779318,22.591943957968486,14.3238,13.379329291359005,14.3238,0,25,20,20,12.2969,12.24195,12.269425,12.0969,14.0,,,,,,13.686666666666667,14.333333333333336,14.666666666666668,15.313333333333336,13.353333333333335,12.706666666666667,12.373333333333335,0,0,0,0,0,0,0,0,0,0,0,0,0,0,0,0,0,0,0,0,0,0,,,,,,,,,,,,,,,,,,USD,1.0,stock,26.5
2026-08-07,14.22,15.1,14.16,15.05,62524292,12.325,11.582,12.752250000000002,12.605269828138505,11.839280922364019,11.719437819459383,11.978575875338525,69.64769647696477,0.7704524812747628,0.4632665509545202,0.30718593032024266,1,0.8684857142857144,0.5,0.05,60562197.0,83773050.45,1.0323980155475536,0.7463532921881323,98.98783376181706,93.03709388557274,0.8300000000000001,0.049999999999998934,0.0600000000000005,,0,16.24405429808303,18.106312292358812,23.043189368770765,15.267441860465109,0,,,7.499999999999996,17.946708463949857,27.542372881355924,15.1,19.394508845849305,15.1,0,25,20,20,13.11,12.63005,12.870025,12.485,15.05,,,,,,14.770000000000001,15.380000000000003,15.71,16.32,14.440000000000003,13.830000000000002,13.500000000000004,0,0,0,0,0,0,0,0,0,0,0,0,0,0,0,0,0,0,0,0,0,0,,,,,,,,,,,,,,,,,,USD,1.0,stock,28.0
2026-08-10,14.89,15.67,14.73,15.59,55249146,12.5205,11.6706,12.750549999999999,12.889529844506267,11.98636794501641,11.796082615113653,12.014510443743116,71.68141592920354,0.9099533827675899,0.5526039173171342,0.35734946545045565,1,0.8756285714285715,0.5,0.05,59475107.0,82600735.9,0.9289457184162779,0.6688699004677995,98.54806802301313,96.58638824935333,0.6999999999999993,0.08000000000000007,0.16000000000000014,,0,17.32180984922215,19.68890314304041,25.140474663245666,18.213277742142406,0,,,3.588039867109627,19.463601532567033,33.476027397260275,15.67,20.950881747209095,15.67,0,25,20,20,13.5475,12.91505,13.231275,12.77,15.59,,,,,,15.329999999999998,15.929999999999996,16.269999999999996,16.869999999999997,14.989999999999997,14.389999999999999,14.049999999999997,0,0,0,0,0,0,0,0,0,0,0,0,0,0,0,0,0,0,0,0,0,0,,,,,,,,,,,,,,,,,,USD,1.0,stock,30.0
2026-08-11,15.5,16.04,15.4,15.72,66746358,12.714,11.7534,12.747750000000002,13.159098430743764,12.1327848883491,11.873783949467837,12.051380986591443,73.23232323232324,1.019249492110772,0.6459330322758619,0.37331645983491013,1,0.8720499999999999,0.5,0.05,60582046.6,81395689.25,1.1017514551910168,0.8200232544870305,94.55773057364925,97.36454411949315,0.22000000000000064,0.3199999999999985,0.09999999999999964,,0,16.290722450739416,19.12213740458015,25.232824427480928,18.907442748091597,0,,,0.8338678640154029,11.489361702127665,32.65822784810128,16.04,19.461071613182636,16.04,0,25,20,20,13.85,13.10005,13.475024999999999,12.954999999999998,15.72,,,,,,15.719999999999999,16.04,16.36,16.679999999999996,15.399999999999999,15.08,14.76,0,0,0,0,0,0,0,0,0,0,0,0,0,0,0,0,0,0,0,0,0,0,,,,,,,,,,,,,,,,,,USD,1.0,stock,30.0
2026-08-12,15.31,15.53,14.98,15.26,66627370,12.88,11.824199999999998,12.748899999999999,13.359184294482453,12.255420775080507,11.940837732646692,12.083307543938792,82.38636363636363,1.0565698114866464,0.7280603881180188,0.32850942336862765,0,0.8063357142857143,0.5,0.05,62563390.3,80437547.65,1.064957792097146,0.8283118014724805,86.73446827326997,93.28008895664414,0.05000000000000071,0.21999999999999886,0.27999999999999936,,0,12.456197283863345,15.59633027522935,22.515072083879435,16.455439056356493,0,,,-2.926208651399498,10.419681620839349,27.80569514237856,16.04,14.228531200835459,16.04,0,25,20,20,14.1,13.10005,13.600024999999999,12.954999999999998,15.26,,,,,,15.256666666666666,15.533333333333331,15.806666666666665,16.08333333333333,14.983333333333333,14.706666666666667,14.433333333333334,0,0,0,0,0,0,0,0,0,0,0,0,0,0,0,0,0,0,0,0,0,0,,,,,,,,,,,,,,,,,,USD,1.0,stock,30.25
2026-08-13,15.3,16.74,14.86,16.68,104662149,13.116499999999998,11.8958,12.7551,13.675452456912696,12.428933685861665,12.034682530020024,12.129045777332436,90.7035175879397,1.1870450496131966,0.8198573204170544,0.3671877291961422,1,0.883842857142857,0.5,0.05,66380574.0,79337961.65,1.5766984630172074,1.3191938237803214,99.07264296754252,93.45494727148726,1.379999999999999,0.05999999999999872,0.4400000000000013,,0,18.012874958556978,21.363908872901685,28.68225419664269,23.53057553956834,0,,,9.305373525557004,19.14285714285715,39.58158995815899,16.74,21.970370286129427,16.74,0,25,20,20,14.774999999999999,13.45005,14.112524999999998,13.305,16.68,,,,,,16.093333333333334,17.326666666666668,17.973333333333333,19.206666666666667,15.446666666666669,14.213333333333335,13.56666666666667,0,0,0,0,0,0,0,0,0,0,0,0,0,0,0,0,0,0,0,0,0,0,,,,,,,,,,,,,,,,,,USD,1.0,stock,31.75
2026-08-14,16.66,16.82,15.835,16.01,52095245,13.3155,11.9724,12.752749999999999,13.897790318159105,12.569367658965131,12.11340168784141,12.167662237259478,82.35294117647061,1.2222943666683186,0.9003447296673073,0.3219496370010113,0,0.8977714285714284,0.5,0.05,67609898.3,77071824.65,0.7705268948762788,0.6759311231643456,85.78947368421055,90.5321949750077,0.6499999999999986,0.16000000000000014,0.1750000000000007,,0,13.193064845976869,16.830106183635234,25.219237976264843,20.345096814490958,0,,,-4.016786570743392,6.3787375415282455,33.08395677472986,16.82,15.198169158452801,16.82,0,25,20,20,14.86,13.49005,14.175025,13.344999999999999,16.01,,,,,,16.221666666666668,16.608333333333334,17.206666666666667,17.593333333333334,15.623333333333335,15.236666666666668,14.638333333333335,0,0,0,0,0,0,0,0,0,0,0,0,0,0,0,0,0,0,0,0,0,0,,,,,,,,,,,,,,,,,,USD,1.0,stock,30.25
2026-08-17,15.95,16.27,15.63,15.99,72180453,13.507500000000002,12.058800000000002,12.745750000000001,14.097048383096334,12.703510103711597,12.190166010854451,12.205695448829037,80.22130013831259,1.2343866308377915,0.9671531099014041,0.2672335209363874,0,0.8827714285714283,0.5,0.05,70735339.1,76058996.1,1.0204298716650955,0.9490061228930683,84.61538461538461,89.82583375571257,0.040000000000000924,0.27999999999999936,0.3199999999999985,,0,11.838346572255572,15.525328330206367,24.585365853658526,20.28924327704815,0,,,-0.12492192379763845,2.565747273893515,31.604938271604933,16.82,13.427999716405104,16.82,0,25,20,20,14.93,13.49005,14.210025,13.344999999999999,15.99,,,,,,15.963333333333333,16.296666666666667,16.60333333333333,16.936666666666664,15.656666666666666,15.323333333333334,15.016666666666667,0,0,0,0,0,0,0,0,0,0,0,0,0,0,0,0,0,0,0,0,0,0,,,,,,,,,,,,,,,,,,USD,1.0,stock,30.25
2026-08-18,15.39,15.9499,15.0,15.58,93957522,13.6785,12.136999999999999,12.74285,14.238281870420494,12.816313629056241,12.257291436382085,12.23927061849243,73.97454031117398,1.1970869901633012,1.0131398859537835,0.18394710420951776,0,0.8952714285714284,0.5,0.05,73934895.7,72240952.35,1.2708142901999115,1.3006130033389574,75.96899224806201,82.12461684921907,0.1899999999999995,0.36989999999999945,0.39000000000000057,,0,8.611798007570645,12.204749679075741,22.09884467265726,18.210205391527595,0,,,-2.564102564102566,-0.8905852417302795,28.125,16.82,9.423314847888188,16.82,0,25,20,20,14.93,13.49005,14.210025,13.344999999999999,15.58,,,,,,15.509966666666665,16.01993333333333,16.459866666666663,16.96983333333333,15.070033333333331,14.560066666666666,14.120133333333332,0,0,0,0,0,0,0,0,0,0,0,0,0,0,0,0,0,0,0,0,0,0,,,,,,,,,,,,,,,,,,USD,1.0,stock,27.0
2026-08-19,15.6,16.165,15.515,15.78,72831836,13.8655,12.2278,12.740699999999999,14.385112168475686,12.932536623995212,12.327048041602241,12.274501756616884,74.04795486600847,1.1701760239349888,1.0445471135500246,0.12562891038496415,0,0.8870571428571425,0.5,0.05,72035361.8,67032254.5,1.011056711316469,1.0865192666315586,77.68240343347638,79.42226009897435,0.17999999999999972,0.3849999999999998,0.08499999999999908,,0,8.839593355667384,12.132446134347266,22.51077313054499,19.260456273764266,0,,,1.283697047496779,3.407601572739183,31.06312292358804,16.82,9.69674629705805,16.82,0,25,20,20,15.49,13.49005,14.490025,13.344999999999999,15.78,,,,,,15.82,16.125,16.47,16.775,15.475000000000001,15.170000000000002,14.825000000000003,0,0,0,0,0,0,0,0,0,0,0,0,0,0,0,0,0,0,0,0,0,0,,,,,,,,,,,,,,,,,,USD,1.0,stock,27.0
2026-08-20,15.55,15.99,15.4,15.92,66394395,14.126499999999998,12.322799999999999,12.74095,14.531291961954192,13.049692050505204,12.39819560513487,12.310775370978906,73.09941520467837,1.1469246854491608,1.0650226279298518,0.08190205751930901,0,0.8820571428571425,0.5,0.05,71326876.6,65050466.25,0.9308468022837832,1.0206597865853113,77.55610972568577,77.06916846907473,0.3699999999999992,0.07000000000000028,0.15000000000000036,,0,8.72304043998623,11.26570351758795,22.59547738693468,19.96890703517588,0,,,0.8871989860583129,-4.55635491606714,48.78504672897197,16.82,9.556672880028295,16.82,0,25,20,20,15.775,13.49005,14.632525000000001,13.344999999999999,15.92,,,,,,15.770000000000001,16.14,16.36,16.730000000000004,15.550000000000002,15.180000000000001,14.960000000000003,0,0,0,0,0,0,0,0,0,0,0,0,0,0,0,0,0,0,0,0,0,0,,,,,,,,,,,,,,,,,,USD,1.0,stock,27.0
2026-08-21,15.85,16.415,15.66,16.39,52222541,14.435999999999998,12.435599999999999,12.7436,14.708311775101413,13.180684519112843,12.477241236716358,12.351364670770161,73.78917378917379,1.1531303355192506,1.0826441694477316,0.07048616607151903,0,0.903128571428571,0.5,0.05,70296701.5,65429449.25,0.7428875023389255,0.7981503986142754,89.03061224489797,81.42304180135338,0.5400000000000009,0.02499999999999858,0.1899999999999995,,0,10.260452866983453,11.921903599755963,24.12690665039659,22.247712019524098,0,,,2.9522613065326775,2.3735165521548973,60.68627450980393,16.82,11.433591091979643,16.82,0,25,20,20,15.84,13.49005,14.665025,13.344999999999999,16.39,,,,,,16.155,16.650000000000002,16.91,17.405,15.895000000000003,15.400000000000002,15.140000000000004,0,0,0,0,0,0,0,0,0,0,0,0,0,0,0,0,0,0,0,0,0,0,,,,,,,,,,,,,,,,,,USD,1.0,stock,28.5
