date,open,high,low,close,volume,SMA_20,SMA_50,SMA_200,EMA_20,EMA_50,EMA_100,EMA_200,RSI_14,MACD,MACD_Signal,MACD_Hist,MACD_Hist_Subiendo,ATR_14,BB_PctB,BB_Width,Vol_SMA_10,Vol_SMA_20,VolRel10,VolRel20,Stoch_K,Stoch_D,Body,Mecha_Sup,Mecha_Inf,Position_52w_Pct,RS_vs_SPY,Dist_EMA_20_pct,Dist_SMA_20_pct,Dist_SMA_50_pct,Dist_SMA_200_pct,Dist_BUY_ZONE,High_52W,Low_52W,Ret_1,Ret_5,Ret_20,Swing_High_20,Dist_EMA_20,TP_Dinamico,VWAP,ADX_14,Plus_DI,Minus_DI,Tenkan,Kijun,Senkou_A,Senkou_B,Chikou,Fib_236,Fib_382,Fib_500,Fib_618,Fib_786,Pivot_PP,Pivot_R1,Pivot_R2,Pivot_R3,Pivot_S1,Pivot_S2,Pivot_S3,Vol_Dryup,Vol_Climax,BB_Squeeze,BB_Breakout,MACD_Cross_Up,Golden_Cross,SMA20_Cross_Up,Oversold,Overbought,Trend_Up,Breakout_Vol,TP_Agotamiento,Vol_Climax_Up,MACD_Divergence,Trend_Weakness,Overextended,Exhaustion_Gap,Stoch_Extreme,Stop_Loss_Triggered,BUY_ZONE,ACC,REB,ROIC,ROE,Net_Margin,Gross_Margin,Operating_Margin,EBITDA_Margin,Current_PE,Current_PB,Current_EV_EBITDA,Current_EV_Sales,Current_FCF_Yield,Market_Cap,PE_5y_mean,PE_5y_max,PE_5y_min,PE_5y_pct,PE_5y_signal,Currency,FX_Rate,Asset_Type,Risk_Score
2025-08-22,164.54,172.05,163.81,170.79,1725284,,,,170.79,170.79,170.79,170.79,,0.0,0.0,0.0,0,,0.5,0.05,,,,,,,6.25,1.2600000000000193,0.7299999999999898,,0,0.0,,,,0,,,,,,,0.0,,0,25,20,20,,,,,170.79,,,,,,168.88333333333333,173.95666666666665,177.12333333333333,182.19666666666666,165.71666666666664,160.64333333333332,157.47666666666663,0,0,0,0,0,0,0,0,0,0,0,0,0,0,0,0,0,0,0,0,0,0,,,,,,,,,,,,,,,,,,USD,1.0,stock,25.0
2025-08-25,170.25,171.1,168.545,168.67,1356249,,,,170.5880952380952,170.70686274509805,170.74801980198018,170.76890547263682,,-0.16911680911678673,-0.033823361823357344,-0.13529344729342938,0,,0.5,0.05,,,,,,,1.5800000000000125,0.8499999999999943,0.125,,0,-1.137188141397533,,,,0,,,-1.2412904736811337,,,,-1.1244015799684455,,0,25,20,20,,,,,168.67,,,,,,169.4383333333333,170.33166666666662,171.9933333333333,172.88666666666663,167.7766666666666,166.8833333333333,165.2216666666666,0,0,0,0,0,0,0,0,0,0,0,0,0,0,0,0,0,0,0,0,0,0,,,,,,,,,,,,,,,,,,USD,1.0,stock,25.0
2025-08-26,168.77,170.0,164.01,164.25,2281734,,,,169.98446712018136,170.45365244136872,170.61934614253502,170.70404074156582,,-0.6522810691471363,-0.15751490328811313,-0.4947661658590232,0,,0.5,0.05,,,,,,,4.52000000000001,1.2299999999999898,0.2400000000000091,,0,-3.4913041827588214,,,,0,,,-2.620501571115186,,,,-3.373524191552759,,0,25,20,20,,,,,164.25,,,,,,166.08666666666667,168.16333333333336,172.07666666666668,174.15333333333336,162.17333333333335,160.09666666666666,156.18333333333334,0,0,0,0,0,0,0,0,0,0,0,0,0,0,0,0,0,0,0,0,0,0,,,,,,,,,,,,,,,,,,USD,1.0,stock,25.0
2025-08-27,165.94,172.6,165.94,171.88,2482509,,,,170.16499406111646,170.50958763974643,170.6443095852571,170.7157418287144,,-0.414734195163561,-0.20895876166320274,-0.2057754335003583,1,,0.5,0.05,,,,,,,5.939999999999998,0.7199999999999989,0.0,,0,0.9977926104744798,,,,0,,,4.645357686453577,,,,1.0078488518429205,,0,25,20,20,,,,,171.88,,,,,,170.14,174.33999999999997,176.79999999999998,180.99999999999997,167.67999999999998,163.48,161.01999999999998,0,0,0,0,0,0,0,0,0,0,0,0,0,0,0,0,0,0,0,0,0,0,,,,,,,,,,,,,,,,,,USD,1.0,stock,25.0
2025-08-28,173.0,177.91,172.805,176.78,2762454,,,,170.79499462672442,170.75548616367794,170.765808405351,170.77608270604065,,0.16698753454056714,-0.13376950242244875,0.3007570369630159,1,,0.5,0.05,,,,,,,3.780000000000001,1.1299999999999955,0.19499999999999318,,0,3.385567017352406,,,,0,,,2.850826157784514,,,,3.504204198932131,,0,25,20,20,,,,,176.78,,,,,,175.83166666666668,178.85833333333335,180.93666666666667,183.96333333333334,173.75333333333336,170.7266666666667,168.64833333333337,0,0,0,0,0,0,0,0,0,0,0,0,0,0,0,0,0,0,0,0,0,0,,,,,,,,,,,,,,,,,,USD,1.0,stock,25.0
2025-08-29,177.05,180.24,176.26,177.78,2894558,,,,171.46023323370304,171.0309572945141,170.90470328841334,170.84577342538353,,0.7006215104108549,0.03310870014421197,0.6675128102666429,1,,0.5,0.05,,,,,,,0.7299999999999898,2.460000000000008,0.7900000000000205,,0,3.5548243707374083,,,,0,,,0.5656748500961539,4.09274547690146,,,3.685849859823194,,0,25,20,20,,,,,177.78,,,,,,178.09333333333333,179.92666666666668,182.07333333333335,183.9066666666667,175.94666666666666,174.11333333333332,171.96666666666664,0,0,0,0,0,0,0,0,0,0,0,0,0,0,0,0,0,0,0,0,0,0,,,,,,,,,,,,,,,,,,USD,1.0,stock,25.0
2025-09-02,174.705,175.205,171.56,172.68,2078617,,,,171.57640149715988,171.09562563590572,170.9398576787418,170.86402443607622,,0.7038889101905568,0.16726474215348094,0.5366241680370758,0,,0.5,0.05,,,,,,,2.0250000000000057,0.5,1.1200000000000045,,0,0.6391003606903686,,,,0,,,-2.8687141410732364,2.3774233710796455,,,0.6432111253122397,,0,25,20,20,,,,,172.68,,,,,,173.1483333333333,174.73666666666662,176.79333333333332,178.38166666666663,171.0916666666666,169.5033333333333,167.4466666666666,0,0,0,0,0,0,0,0,0,0,0,0,0,0,0,0,0,0,0,0,0,0,,,,,,,,,,,,,,,,,,USD,1.0,stock,25.0
2025-09-03,171.425,173.68,169.82,170.68,2819661,,,,171.4910299260018,171.0793265913604,170.93471198213302,170.86219334716006,,0.5388831532066831,0.2415884243641214,0.2972947288425617,0,,0.5,0.05,,,,,,,0.7450000000000045,2.2549999999999955,0.8600000000000136,,0,-0.47517572416322584,,,,0,,,-1.15821172110262,3.914764079147637,,,-0.47292848282021077,,0,25,20,20,,,,,170.68,,,,,,171.39333333333335,172.9666666666667,175.25333333333336,176.8266666666667,169.10666666666668,167.53333333333333,165.24666666666667,0,0,0,0,0,0,0,0,0,0,0,0,0,0,0,0,0,0,0,0,0,0,,,,,,,,,,,,,,,,,,USD,1.0,stock,25.0
2025-09-04,170.36,170.999,165.43,168.08,3099164,,,,171.16616993304925,170.96170594071882,170.87818303199177,170.83450983126792,,0.19605661251327433,0.232482061993952,-0.03642544948067766,0,,0.5,0.05,,,,,,,2.280000000000001,0.6389999999999816,2.6500000000000057,,0,-1.8361315641654177,,,,0,,,-1.5233184907429087,-2.210844775424703,,,-1.8030256412563146,,0,25,20,20,172.025,,,,168.08,,,,,,168.16966666666667,170.90933333333334,173.73866666666666,176.47833333333332,165.34033333333335,162.60066666666668,159.77133333333336,0,0,0,0,0,0,0,0,0,0,0,0,0,0,0,0,0,0,0,0,0,0,,,,,,,,,,,,,,,,,,USD,1.0,stock,25.0
2025-09-05,170.0,174.52,169.63,172.43,2352407,,,,171.28653470133025,171.0192860999063,170.90891208086322,170.8503853553349,,0.2722346035652947,0.24043257030822057,0.03180203325707415,1,,0.5,0.05,2385263.7,,0.9862251289029385,,,,2.430000000000007,2.0900000000000034,0.37000000000000455,,0,0.6631475373599448,,,,0,,,2.5880533079486012,-2.4606855979183107,,,0.6675745414918902,,0,25,20,20,172.125,,,,172.43,,,,,,172.1933333333333,174.7566666666666,177.08333333333331,179.64666666666662,169.8666666666666,167.30333333333328,164.97666666666657,0,0,0,0,0,0,0,0,0,0,0,0,0,0,0,0,0,0,0,0,0,0,,,,,,,,,,,,,,,,,,USD,1.0,stock,25.0
2025-09-08,172.99,172.99,169.04,172.7,1834998,,,,171.42115044406071,171.0851964489296,170.9443791683709,170.86878948115248,,0.3503542876821939,0.26241691378301524,0.08793737389917866,1,,0.5,0.05,2396235.1,,0.7657837914151244,,,,0.29000000000002046,0.0,3.6599999999999966,,0,0.7405035066237836,,,,0,,,0.15658528098356772,-2.857464281696487,,,0.7460278691552691,,0,25,20,20,172.125,,,,172.7,,,,,,171.57666666666668,174.11333333333337,175.5266666666667,178.0633333333334,170.16333333333336,167.62666666666667,166.21333333333334,0,0,0,0,0,0,0,0,0,0,0,0,0,0,0,0,0,0,0,0,0,0,,,,,,,,,,,,,,,,,,USD,1.0,stock,25.0
2025-09-09,183.95,184.0,175.25,182.36,3625099,,,,172.46294563986447,171.5273456077951,171.1704310660269,170.9831298843251,,1.1781648175438306,0.4455664945351784,0.7325983230086522,1,,0.5,0.05,2623120.1,,1.3819798033647028,,,,1.589999999999975,0.05000000000001137,7.110000000000014,,0,5.427206821745745,,,,0,,,5.593514765489305,5.605744730136664,,,5.73865552592525,,0,25,20,20,174.715,,,,182.36,,,,,,180.53666666666666,185.82333333333332,189.28666666666666,194.57333333333332,177.07333333333332,171.78666666666666,168.32333333333332,0,0,0,0,0,0,0,0,0,0,0,0,0,0,0,0,0,0,0,0,0,0,,,,,,,,,,,,,,,,,,USD,1.0,stock,25.0
2025-09-10,182.5,182.5,173.2,174.32,2172208,,,,172.63980795987737,171.63686146631295,171.23279876768976,171.01633257204327,,1.1719404199420183,0.5908412796165463,0.5810991403254719,0,,0.5,0.05,2612167.5,,0.8315730135988599,,,,8.180000000000007,0.0,1.1200000000000045,,0,0.9638550023649723,,,,0,,,-4.408861592454494,2.1326458870400744,,,0.9732355822088886,,0,25,20,20,174.715,,,,174.32,,,,,,176.67333333333332,180.14666666666665,185.97333333333333,189.44666666666666,170.84666666666664,167.3733333333333,161.54666666666662,0,0,0,0,0,0,0,0,0,0,0,0,0,0,0,0,0,0,0,0,0,0,,,,,,,,,,,,,,,,,,USD,1.0,stock,25.0
2025-09-11,175.95,178.82,175.25,176.71,1875776,,,,173.0274452970319,171.83580807547716,171.34125819803253,171.07298597928664,55.43318649045522,1.3443635794284319,0.7415457395789234,0.6028178398495084,1,6.163142857142863,0.5,0.05,2551494.2,,0.7351676519586052,,63.89301634472514,,0.7600000000000193,2.109999999999985,0.6999999999999886,,0,2.0839537677370292,,,,0,,,1.3710417622762927,5.134459781056644,,,2.128306695302791,,0,25,20,20,174.715,,,,176.71,,,,,,176.92666666666665,178.6033333333333,180.49666666666664,182.1733333333333,175.0333333333333,173.35666666666665,171.4633333333333,0,0,0,0,0,0,0,0,0,0,0,0,0,0,0,0,0,0,0,0,0,0,,,,,,,,,,,,,,,,,,USD,1.0,stock,25.0
2025-09-12,176.98,177.05,173.94,174.87,1385181,,,,173.20292669731458,171.95479599408588,171.411134273319,171.1107672133236,53.62215909090909,1.3173519399442455,0.8567069796519879,0.46064496029225754,0,5.796714285714292,0.5,0.05,2413766.9,,0.5738669297354273,,54.32716358179094,,2.109999999999985,0.0700000000000216,0.9300000000000068,,0,0.9533214975041022,,,,0,,,-1.0412540320298813,1.415066983703528,,,0.9624971901304892,,0,25,20,20,174.715,,,,174.87,,,,,,175.28666666666666,176.63333333333333,178.39666666666668,179.74333333333334,173.5233333333333,172.17666666666665,170.4133333333333,0,0,0,0,0,0,0,0,0,0,0,0,0,0,0,0,0,0,0,0,0,0,,,,,,,,,,,,,,,,,,USD,1.0,stock,25.0
2025-09-15,174.38,176.67,173.49,173.87,2033068,,,,173.2664574880465,172.0299020335335,171.4598246837483,171.13822226592734,54.71014492753624,1.2014043370441811,0.9256464511304267,0.2757578859137545,0,5.841357142857147,0.5,0.05,2327617.9,,0.8734543586385034,,49.32466233116563,55.84828075256056,0.5099999999999909,2.289999999999992,0.37999999999999545,,0,0.34712285728043485,,,,0,,,-0.5718533767941847,0.6774753908511899,,,0.34833199726215325,,0,25,20,20,174.715,,,,173.87,,,,,,174.67666666666665,175.8633333333333,177.85666666666663,179.04333333333327,172.6833333333333,171.49666666666667,169.50333333333333,0,0,0,0,0,0,0,0,0,0,0,0,0,0,0,0,0,0,0,0,0,0,,,,,,,,,,,,,,,,,,USD,1.0,stock,25.0
2025-09-16,174.73,175.96,171.3,172.04,1780760,,,,173.14965201299447,172.03029803221847,171.4713133038721,171.1471951787042,57.403535449534296,0.950888074520833,0.930694775808508,0.020193298712325003,0,5.746357142857145,0.5,0.05,2297832.2,,0.7749739080164338,,35.59504577275168,46.41562389523608,2.6899999999999977,1.2300000000000182,0.7399999999999807,,0,-0.6449965199921377,,,,0,,,-1.0525104963478582,-5.659135775389346,,,-0.640862976098385,,0,25,20,20,174.715,,,,172.04,,,,,,173.1,174.89999999999998,177.76,179.55999999999997,170.23999999999998,168.44,165.57999999999998,0,0,0,0,0,0,0,0,0,0,0,0,0,0,0,0,0,0,0,0,0,0,,,,,,,,,,,,,,,,,,USD,1.0,stock,25.0
2025-09-17,172.99,176.89,171.2396,172.25,1807202,,,,173.06397086889976,172.03891379566087,171.48673284240928,171.15816836100566,50.40938260677141,0.760530454885469,0.8966619116239003,-0.1361314567384313,0,5.553528571428574,0.5,0.05,2196586.3,,0.8227320729442773,,36.72590199246093,40.54853669879275,0.7400000000000091,3.8999999999999773,1.0104000000000042,,0,-0.4725520283888294,,,,0,,,0.12206463613113616,-1.1874713171179385,,,-0.47032947690560145,,0,25,20,20,176.51999999999998,,,,172.25,,,,,,173.45986666666667,175.68013333333334,179.11026666666666,181.33053333333334,170.02973333333335,167.80946666666668,164.37933333333336,0,0,0,0,0,0,0,0,0,0,0,0,0,0,0,0,0,0,0,0,0,0,,,,,,,,,,,,,,,,,,USD,1.0,stock,25.0
2025-09-18,174.78,175.7,168.1149,169.63,2322276,,,,172.73692602424265,171.9444465879879,171.44996585543086,171.1429627056723,41.66860871591704,0.39372000696735654,0.7960735306925917,-0.40235352372523514,0,5.664607142857144,0.5,0.05,2118897.5,,1.0959831704931455,,22.617124394184113,31.64602405313224,5.150000000000006,0.9199999999999875,1.5150999999999897,,0,-1.8315899453178413,,,,0,,,-1.5210449927431036,-4.00656442759324,,,-1.7986461237631461,,0,25,20,20,176.05745000000002,,,,169.63,,,,,,171.14829999999998,174.18169999999995,178.73339999999996,181.76679999999993,166.59659999999997,163.5632,159.01149999999998,0,0,0,0,0,0,0,0,0,0,0,0,0,0,0,0,0,0,0,0,0,0,,,,,,,,,,,,,,,,,,USD,1.0,stock,25.0
2025-09-19,171.37,171.9,168.34,169.05,2755088,172.591,,,172.38579021241,171.83093887865505,171.40244177908568,171.12213720611336,39.72699458696166,0.05557825994358723,0.6479744765427908,-0.5923962165992036,0,5.634607142857143,0.5,0.05,2159165.6,2272214.65,1.2759966164707328,1.212512206978333,19.493807215939718,26.27894453419492,2.319999999999993,0.5300000000000011,0.710000000000008,,0,-1.9732565586571955,-2.0946465542738815,,,0,,,-0.3419206508282646,-3.3281866529421777,,184.0,-1.9350726114372312,184.0,0,25,20,20,176.05745000000002,,,,169.05,,,,,,169.76333333333335,171.1866666666667,173.32333333333335,174.7466666666667,167.6266666666667,166.20333333333335,164.0666666666667,0,0,0,0,0,0,0,0,0,0,0,0,0,0,0,0,0,0,0,0,0,0,,,,,,,,,,,,,,,,,,USD,1.0,stock,25.0
2025-09-22,167.75,172.34,166.28,170.63,1634719,172.583,,,172.21857209694238,171.78384323635484,171.3871459022721,171.11724031849036,47.369771619194246,-0.08394109467556632,0.5015913622991194,-0.5855324569746857,1,5.623178571428572,0.5,0.05,2139137.7,2267686.4,0.7641953110358439,0.7208752497699858,28.002154011847015,23.371028540656948,2.8799999999999955,1.710000000000008,1.4699999999999989,,0,-0.9310039834392462,-1.1445818437554962,,,0,,,0.934634723454586,-1.8634612066486533,-0.09368229990046606,184.0,-0.922416251394869,184.0,0,25,20,20,174.39,,,,170.63,,,,,,169.75,173.22,175.81,179.28,167.16,163.69,161.1,0,0,0,0,0,0,0,0,0,0,0,0,0,0,0,0,0,0,0,0,0,0,,,,,,,,,,,,,,,,,,USD,1.0,stock,25.0
2025-09-23,169.53,170.52,163.2,165.68,2815917,172.4335,,,171.59585094485263,171.54447683492916,171.27413311212808,171.06313842477405,44.036259541984734,-0.5871663315460864,0.28383982353007825,-0.8710061550761647,0,5.878178571428571,0.5,0.05,2058219.5,2340669.8,1.3681325048178778,1.203038976279354,11.923076923077003,19.80634605028791,3.8499999999999943,0.9900000000000091,2.480000000000018,,0,-3.570648807854069,-4.076231289232257,,,0,,,-2.9010138897028637,-3.6968146942571445,-1.7726922392838018,184.0,-3.447548942633732,184.0,0,25,20,20,171.01,,,,165.68,,,,,,166.46666666666667,169.73333333333335,173.7866666666667,177.05333333333337,162.41333333333333,159.14666666666665,155.0933333333333,0,0,0,0,0,0,0,0,0,0,0,0,0,0,0,0,0,0,0,0,0,0,,,,,,,,,,,,,,,,,,USD,1.0,stock,25.0
2025-09-24,167.15,169.72,163.63,163.83,2415343,172.4125,,,170.8562460929619,171.24194833159862,171.12672453565028,170.99116689815938,44.83847461743988,-1.1223181116407375,0.0026082364959151005,-1.1249263481366525,0,5.915392857142858,0.5,0.05,2082533.0,2347350.25,1.1598101926836213,1.0289657455251937,3.028846153846267,14.318025696256761,3.319999999999993,2.569999999999993,0.20000000000001705,,0,-4.288742045389663,-5.238662027711641,,,0,,,-1.1166103331723742,-4.8882438316400485,-0.25570776255706695,184.0,-4.112372976483952,184.0,0,25,20,20,170.125,,,,163.83,,,,,,165.7266666666667,167.82333333333338,171.8166666666667,173.91333333333338,161.73333333333338,159.63666666666668,155.64333333333337,0,0,0,0,0,0,0,0,0,0,0,0,0,0,0,0,0,0,0,0,0,0,,,,,,,,,,,,,,,,,,USD,1.0,stock,25.0
2025-09-25,162.8,164.175,160.1,162.42,1833601,171.9395,,,170.0527940841084,170.89598957349673,170.9543141488057,170.90588165539162,36.90818728747057,-1.6412852543172676,-0.3261704616667214,-1.3151147926505462,0,5.746464285714288,0.5,0.05,2078315.5,2314904.85,0.8822534403462804,0.7920848237023651,9.707112970711266,8.219678682544846,0.3800000000000239,1.375,2.319999999999993,,0,-4.699417611198382,-5.861039280876754,,,0,,,-0.8606482329243881,-4.250427400813539,-5.503839888294159,184.0,-4.488484958578933,184.0,0,25,20,20,168.495,,,,162.42,,,,,,162.23166666666665,164.36333333333332,166.30666666666667,168.43833333333333,160.2883333333333,158.15666666666664,156.21333333333328,0,0,0,0,0,0,0,0,0,0,0,0,0,0,0,0,0,0,0,0,0,0,,,,,,,,,,,,,,,,,,USD,1.0,stock,25.0
2025-09-26,162.11,167.19,161.3,166.65,2137668,171.43300000000002,,,169.72871845705046,170.72948017845764,170.86908020526502,170.86353457424346,42.83005451528801,-1.6917434401257196,-0.5992850573585211,-1.0924583827671985,1,5.885035714285714,0.5,0.05,2153564.2,2283665.55,0.9926186551578076,0.9360687689140821,27.405857740585816,13.38060562171445,4.539999999999992,0.539999999999992,0.8100000000000023,,0,-1.847415815811855,-2.8700870087008794,,,0,,,2.6043590690801643,-1.419698314108253,-5.730286231474146,184.0,-1.8139054398325174,184.0,0,25,20,20,168.495,,,,166.65,,,,,,165.04666666666665,168.7933333333333,170.93666666666664,174.68333333333328,162.9033333333333,159.15666666666667,157.01333333333332,0,0,0,0,0,0,0,0,0,0,0,0,0,0,0,0,0,0,0,0,0,0,,,,,,,,,,,,,,,,,,USD,1.0,stock,25.0
2025-09-29,168.1,168.66,164.92,165.31,2299444,170.8095,,,169.30788812780756,170.51695154400832,170.75899940912117,170.80827552375348,24.8302332447594,-1.8188916661565884,-0.8432063791181346,-0.9756852870384538,1,5.345035714285714,0.5,0.05,2180201.8,2253909.85,1.0546931939969961,1.0202022942488138,23.2589285714286,20.123966427575226,2.789999999999992,0.5600000000000023,0.3900000000000148,,0,-2.4184188057634484,-3.326779989111374,,,0,,,-0.8040804080408082,-3.1178573521654984,-7.014287321408485,184.0,-2.361312383029443,184.0,0,25,20,20,168.495,172.05,170.2725,,165.31,,,,,,166.29666666666665,167.67333333333332,170.03666666666666,171.41333333333333,163.9333333333333,162.55666666666664,160.1933333333333,0,0,0,0,0,0,0,0,0,0,0,0,0,0,0,0,0,0,0,0,0,0,,,,,,,,,,,,,,,,,,USD,1.0,stock,27.0
2025-09-30,165.15,165.285,157.58,159.7,3329225,170.1605,,,168.39285116325445,170.0927573658119,170.54000932181185,170.6977454190395,26.749363867684508,-2.3453024795294084,-1.1436255992003894,-1.201676880329019,0,5.232892857142856,0.5,0.05,2335048.3,2316440.25,1.425762798996492,1.437216004168465,9.98116760828615,20.215317973433525,5.450000000000017,0.1349999999999909,2.119999999999976,,0,-5.443238048374741,-6.550093926111475,,,0,,,-3.393624100175441,-3.609367455335599,-7.516794069956001,184.0,-5.162244776547471,184.0,0,25,20,20,166.64,170.79000000000002,168.715,,159.7,,,,,,160.855,164.12999999999997,168.55999999999997,171.83499999999995,156.42499999999998,153.15,148.72,0,0,0,0,0,0,0,0,0,0,0,0,0,0,0,0,0,0,0,0,0,0,,,,,,,,,,,,,,,,,,USD,1.0,stock,27.0
2025-10-01,160.25,162.25,149.06,149.57,4722283,169.105,,,166.60019867151593,169.28794335146637,170.12476161246903,170.487519096462,15.36498213374172,-3.5390966782741486,-1.6227198150151414,-1.9163768632590072,0,5.8536071428571415,0.5,0.05,2626556.4,2411571.35,1.797898952407799,1.958176771340396,1.8220793140406957,11.687391831251816,10.680000000000007,2.0,0.5099999999999909,,0,-11.386105951404648,-13.060774219429028,,,0,,,-6.3431433938634925,-8.704144540072035,-12.368174361378026,184.0,-10.222195896113076,184.0,0,25,20,20,160.7,166.53,163.615,,149.57,,,,,,153.62666666666667,158.19333333333333,166.81666666666666,171.38333333333333,145.00333333333333,140.43666666666667,131.81333333333333,0,0,0,0,0,0,0,0,0,0,0,0,0,0,0,0,0,0,0,0,0,0,,,,,,,,,,,,,,,,,,USD,1.0,stock,30.25
2025-10-02,150.4,151.76,147.4,151.05,3492337,168.25349999999997,,,165.11922736946678,168.572729886703,169.74704356073698,170.29411094624845,19.31993817619788,-4.316011259304673,-2.161378103873048,-2.1546331554316254,0,5.942892857142853,0.5,0.05,2743562.5,2431230.0,1.272920518486457,1.4364486288833225,12.377076975245874,8.060107965857574,0.6500000000000057,0.7099999999999795,3.0,,0,-9.314284918548012,-11.389275074478624,,,0,,,0.9895032426288752,-7.0003694126339,-10.13207996192289,184.0,-8.520647530639064,184.0,0,25,20,20,159.87,165.7,162.785,,151.05,,,,,,150.07,152.73999999999998,154.42999999999998,157.09999999999997,148.38,145.71,144.02,0,0,0,0,0,0,0,0,0,0,0,0,0,0,0,0,0,0,0,0,0,0,,,,,,,,,,,,,,,,,,USD,1.0,stock,28.75
2025-10-03,151.455,152.38,149.21,150.49,3426390,167.1565,,,163.72596761999375,167.86360322447936,169.36571596547486,170.09705511593754,19.54142782699327,-4.92019207054733,-2.7131408972079045,-2.2070511733394254,0,5.942178571428569,0.5,0.05,2810692.7,2484929.15,1.2190553595560267,1.3788682868483393,10.478128179043763,8.225761489443444,0.9650000000000034,0.924999999999983,1.2800000000000011,,0,-8.795247272239845,-11.074822247325393,,,0,,,-0.3707381661701481,-9.696969696969692,-12.724003943629292,184.0,-8.08422012243915,184.0,0,25,20,20,158.96,165.7,162.32999999999998,,150.49,,,,,,150.69333333333336,152.1766666666667,153.86333333333334,155.3466666666667,149.00666666666672,147.52333333333337,145.83666666666673,0,0,0,0,0,0,0,0,0,0,0,0,0,0,0,0,0,0,0,0,0,0,,,,,,,,,,,,,,,,,,USD,1.0,stock,28.75
2025-10-06,151.77,156.775,148.25,150.19,3916768,166.031,,,162.436827846661,167.170520745088,168.9859988176437,169.8989749655302,20.352781546811457,-5.361414164021795,-3.2427955505706825,-2.1186186134511127,1,6.218249999999998,0.5,0.05,3038897.6,2589017.65,1.2888779141488675,1.512839435451512,9.460834181078312,10.772013111789315,1.5800000000000125,5.0049999999999955,1.9399999999999977,,0,-8.15422321503496,-10.547306744789939,,,0,,,-0.19934879393980198,-9.146452120258907,-13.03416328894036,184.0,-7.5394404144741785,184.0,0,25,20,20,158.56,165.7,162.13,,150.19,,,,,,151.73833333333332,155.22666666666663,160.26333333333332,163.75166666666664,146.70166666666663,143.2133333333333,138.17666666666662,0,0,0,0,0,0,0,0,0,0,0,0,0,0,0,0,0,0,0,0,0,0,,,,,,,,,,,,,,,,,,USD,1.0,stock,27.0
2025-10-07,151.12,152.0,146.16,150.12,2927275,164.419,,,161.26379662316947,166.5018728727316,168.61241468264086,169.70216924448013,19.858349223644822,-5.651586298065666,-3.72455370006968,-1.9270325979959866,1,6.231792857142856,0.5,0.05,3050033.4,2554126.45,0.9597517850132395,1.1460963493017347,13.405551794177416,11.114838051433162,1.0,0.8799999999999955,3.960000000000008,,0,-7.4232591414664695,-9.52504662936318,,,0,,,-0.046607630334905004,-5.998747651847203,-17.67931563939461,182.5,-6.9102903791912755,182.5,0,25,20,20,157.41,165.07999999999998,161.245,,150.12,,,,,,149.42666666666665,152.6933333333333,155.26666666666665,158.5333333333333,146.8533333333333,143.58666666666664,141.0133333333333,0,0,0,0,0,0,0,0,0,0,0,0,0,0,0,0,0,0,0,0,0,0,,,,,,,,,,,,,,,,,,USD,1.0,stock,28.75
2025-10-08,151.02,153.25,149.17,149.52,2254555,163.179,,,160.14533980191524,165.83591707380097,168.2343470651628,169.50135164005744,21.014701643124866,-5.862386844133482,-4.15212032888244,-1.7102665152510417,1,5.981428571428572,0.5,0.05,3033954.6,2558243.8,0.7431076918553758,0.8812901256713689,12.83422459893053,11.900203524728752,1.5,2.2299999999999898,0.35000000000002274,,0,-7.106300028033194,-9.1352327447833,,,0,,,-0.3996802557953649,-0.033429163602316514,-14.226709499770529,178.82,-6.634810488433682,178.82,0,25,20,20,157.41,165.07999999999998,161.245,,149.52,,,,,,150.64666666666665,152.1233333333333,154.72666666666666,156.20333333333332,148.0433333333333,146.56666666666663,143.96333333333328,0,0,0,0,0,0,0,0,0,0,0,0,0,0,0,0,0,0,0,0,0,0,,,,,,,,,,,,,,,,,,USD,1.0,stock,27.0
2025-10-09,149.75,150.73,147.61,147.74,2297564,161.7305,,,158.96387886839952,165.12627326698524,167.82851841040713,169.28482077796733,20.312064641961584,-6.102730441831795,-4.542242351472312,-1.5604880903594838,1,5.949999999999998,0.5,0.05,3080350.9,2579333.2,0.7458773609201471,0.8907588984625948,6.035141329259022,10.758305907455656,2.009999999999991,0.9799999999999898,0.12999999999999545,,0,-7.597048103695349,-9.469676458643562,,,0,,,-1.1904761904761862,-2.191327375041374,-16.394092015166095,177.05,-7.060647329631001,177.05,0,25,20,20,157.41,165.07999999999998,161.245,,147.74,,,,,,148.69333333333336,149.7766666666667,151.81333333333333,152.89666666666668,146.65666666666672,145.57333333333338,143.53666666666675,0,0,0,0,0,0,0,0,0,0,0,0,0,0,0,0,0,0,0,0,0,0,,,,,,,,,,,,,,,,,,USD,1.0,stock,27.0
2025-10-10,149.21,149.55,144.32,144.56,2528015,160.215,,,157.59208088093288,164.3197527467113,167.36775566960696,169.03880266077363,15.23072819418519,-6.475162258355198,-4.928826332848889,-1.546335925506309,1,5.890714285714286,0.5,0.05,3119385.6,2636474.9,0.8104208085079317,0.9588617741060232,0.9160305343511792,6.595132154180245,4.650000000000006,0.3400000000000034,0.2400000000000091,,0,-9.014997842371942,-10.829413392363033,,,0,,,-2.152429944497092,-3.940461160209985,-17.3328758506319,176.89,-8.2695023811375,176.89,0,25,20,20,154.8025,164.16,159.48125,,144.56,,,,,,146.14333333333335,147.9666666666667,151.37333333333336,153.19666666666672,142.73666666666668,140.91333333333333,137.50666666666666,0,0,0,0,0,0,0,0,0,0,0,0,0,0,0,0,0,0,0,0,0,0,,,,,,,,,,,,,,,,,,USD,1.0,stock,28.75
2025-10-13,145.45,149.41,144.8,149.39,2579381,158.991,,,156.81093032084402,163.73427224684025,167.01176050783255,168.84329218653707,28.204442065828204,-6.307863399410792,-5.20463374616127,-1.1032296532495218,1,5.70642857142857,0.5,0.05,3147379.3,2663790.55,0.8195329364973584,0.9683122421167836,19.960629921259812,8.970600594956672,3.9399999999999977,0.020000000000010232,0.6499999999999773,,0,-4.9674879984229445,-6.426802329473209,,,0,,,3.341173215273918,-0.5326586323989635,-14.079484672456443,176.89,-4.732406284217811,176.89,0,25,20,20,153.285,164.16,158.7225,,149.39,,,,,,147.86666666666667,150.93333333333334,152.47666666666666,155.54333333333332,146.32333333333335,143.2566666666667,141.71333333333337,0,0,0,0,0,0,0,0,0,0,0,0,0,0,0,0,0,0,0,0,0,0,,,,,,,,,,,,,,,,,,USD,1.0,stock,27.0
2025-10-14,147.595,157.44,147.33,156.37,3907742,158.2075,,,156.76893695695412,163.44547725676807,166.80103257698437,168.71917982647204,41.22352941176471,-5.548095194831433,-5.273326035895303,-0.2747691589361301,1,5.9935714285714266,0.5,0.05,3205231.0,2770139.65,1.2191764025744167,1.4106660651566791,49.50698438783899,23.46121494781666,8.775000000000006,1.0699999999999932,0.26499999999998636,,0,-0.25512371743564416,-1.1750975251007263,,,0,,,4.6723341589129275,4.163335997868378,-9.108346896070675,176.89,-0.25447449265006983,176.89,0,25,20,20,150.88,164.16,157.51999999999998,,156.37,,,,,,153.71333333333334,160.09666666666666,163.82333333333332,170.20666666666665,149.98666666666668,143.60333333333335,139.8766666666667,0,0,0,0,0,0,0,0,0,0,0,0,0,0,0,0,0,0,0,0,0,0,,,,,,,,,,,,,,,,,,USD,1.0,stock,25.0
2025-10-15,159.34,159.8799,149.73,149.84,3918132,157.08700000000002,,,156.10903819914896,162.91192912905169,166.46517054575696,168.53132729088526,36.79126417471654,-5.410520730333872,-5.300764974783016,-0.10975575555085548,1,6.427492857142854,0.5,0.05,3124815.9,2875686.15,1.253876108349295,1.3625033455059066,22.67871815940842,30.71544415616907,9.5,0.5398999999999887,0.11000000000001364,,0,-4.183821542411207,-4.8364922584089785,,,0,,,-4.175992837500797,0.21401819154627244,-13.010159651669085,175.7,-4.015807330227423,175.7,0,25,20,20,152.09994999999998,163.41,157.754975,,149.84,,,,,,153.14996666666664,156.5699333333333,163.29986666666665,166.7198333333333,146.4200333333333,143.00006666666664,136.2701333333333,0,0,0,0,0,0,0,0,0,0,0,0,0,0,0,0,0,0,0,0,0,0,,,,,,,,,,,,,,,,,,USD,1.0,stock,25.0
2025-10-16,152.77,155.94,148.31,150.13,2726124,156.11200000000002,,,155.53960598970622,162.41067700634378,166.14170182207863,168.34822950689636,31.08974358974359,-5.217942209940219,-5.284200421814457,0.06625821187423853,1,6.551778571428569,0.5,0.05,3048194.6,2895878.55,0.8943405384944911,0.9413806390464822,23.87017255546426,32.018625034237225,2.640000000000015,3.1699999999999875,1.8199999999999932,,0,-3.6032811494746033,-3.9845467261706706,,,0,,,0.19353977576079817,1.6177067821849134,-11.495608088191943,172.34,-3.4779604559781614,172.34,0,25,20,20,152.09994999999998,161.57,156.834975,,150.13,,,,,,151.46,154.61,159.09,162.24,146.98000000000002,143.83,139.35000000000002,0,0,0,0,0,0,0,0,0,0,0,0,0,0,0,0,0,0,0,0,0,0,,,,,,,,,,,,,,,,,,USD,1.0,stock,25.0
2025-10-17,150.0,152.14,149.21,151.95,2228875,155.257,,,155.19773875259133,162.00045437864404,165.86067802362163,168.18506304414117,34.873188405797094,-4.862412688720838,-5.199842875195734,0.3374301864748963,1,6.493921428571424,0.5,0.05,2928443.1,2869567.9,0.7611126198764114,0.776728440543261,36.39398998330548,27.64762689939272,1.9499999999999886,0.18999999999999773,0.789999999999992,,0,-2.1373733152953904,-2.176373807173423,,,0,,,1.2122826883367743,5.112064194797994,-10.115350488021313,172.34,-2.0926456652623866,172.34,0,25,20,20,152.09994999999998,160.685,156.392475,,151.95,,,,,,151.1,152.98999999999998,154.02999999999997,155.91999999999996,150.06,148.17000000000002,147.13000000000002,0,0,0,0,0,0,0,0,0,0,0,0,0,0,0,0,0,0,0,0,0,0,,,,,,,,,,,,,,,,,,USD,1.0,stock,25.0
2025-10-20,153.67,159.32,152.895,158.79,2530051,154.66500000000002,,,155.53985887139214,161.87455420693252,165.72066459741131,168.09157982977163,48.997576558713384,-3.9828107824808683,-4.956436456652761,0.9736256741718927,1,6.468207142857139,0.5,0.05,2789771.4,2914334.5,0.906902622917419,0.8681402220644199,80.70273284997208,46.988965129580606,5.1200000000000045,0.5300000000000011,0.7749999999999773,,0,2.046817260915581,2.597770640468526,,,0,,,4.501480750246789,6.292255171028849,-6.938990798804435,170.52,2.08958729433799,170.52,0,25,20,20,152.09994999999998,160.605,156.35247499999997,,158.79,,,,,,157.00166666666667,161.10833333333332,163.42666666666665,167.5333333333333,154.68333333333334,150.57666666666668,148.25833333333335,0,0,0,0,0,0,0,0,0,0,0,0,0,0,0,0,0,0,0,0,0,0,,,,,,,,,,,,,,,,,,USD,1.0,stock,25.0
2025-10-21,158.51,169.32,158.4,168.71,4319069,154.8165,,,156.79415802649766,162.1426109046999,165.7798593578586,168.09773326430127,71.18193891102257,-2.4569368014384168,-4.456536525609892,1.9995997241714756,1,6.306064285714281,0.5,0.05,2928950.8,2989492.1,1.4746130252512266,1.4447500965130498,97.56000000000006,71.55224094442588,10.200000000000017,0.6099999999999852,0.10999999999998522,,0,7.062913860175659,8.235137217710875,,,0,,,6.2472447887146565,7.891539297819272,1.8288266537904496,169.72,7.599672158377621,169.72,0,25,20,20,156.82,160.605,158.71249999999998,,168.71,,,,,,165.4766666666667,172.55333333333337,176.39666666666668,183.47333333333336,161.63333333333338,154.5566666666667,150.7133333333334,0,0,0,0,0,0,0,0,0,0,0,0,0,0,0,0,0,0,0,0,0,0,,,,,,,,,,,,,,,,,,USD,1.0,stock,27.0
2025-10-22,170.56,171.3,167.18,167.89,4269280,155.0195,,,157.85090488111692,162.36799871235874,165.82164432106933,168.09566626664653,68.91284815813113,-1.2988653142804765,-3.8250022833440096,2.526136969063533,1,6.288921428571426,0.5,0.05,3130423.3,3082188.95,1.3638027802821429,1.385145449956921,87.3610081541882,88.5412470013868,2.670000000000016,0.7400000000000091,0.7099999999999795,,0,5.979567049188796,7.66603133003752,,,0,,,-0.4860411356766181,12.046182594767751,2.478178599768044,171.3,6.359859087563587,171.3,0,25,20,20,157.81,160.605,159.20749999999998,,167.89,,,,,,168.79,170.39999999999998,172.91,174.51999999999998,166.27999999999997,164.67,162.15999999999997,0,0,0,0,0,0,0,0,0,0,0,0,0,0,0,0,0,0,0,0,0,0,,,,,,,,,,,,,,,,,,USD,1.0,stock,25.0
2025-10-23,167.335,168.34,163.2318,165.01,2580316,155.149,,,158.5327234638677,162.47160660599172,165.80557215629568,168.06496311971472,65.49957301451747,-0.606486054378621,-3.1812990375509322,2.574812983172311,1,6.427364285714284,0.5,0.05,3158698.5,3119524.7,0.8168921471929024,0.8271503668491549,76.68643439584872,87.20248085001232,2.325000000000017,1.0049999999999955,1.7781999999999982,,0,3.925384241035258,5.9760014544572995,,,0,,,-1.7154088986836569,9.911410111236929,1.594631203053809,171.3,4.085766266173154,171.3,0,25,20,20,158.05,160.01,159.03,,165.01,,,,,,165.52726666666666,167.82273333333333,170.63546666666667,172.93093333333334,162.71453333333332,160.41906666666665,157.6063333333333,0,0,0,0,0,0,0,0,0,0,0,0,0,0,0,0,0,0,0,0,0,0,,,,,,,,,,,,,,,,,,USD,1.0,stock,25.0
2025-10-24,167.3,168.6525,162.15,162.64,1977820,154.9485,,,158.92389265778507,162.47821026850184,165.7428875591413,168.01098338718023,62.72745859742382,-0.24617197833723026,-2.594273625708192,2.348101647370962,0,6.282899999999998,0.5,0.05,3103679.0,3111532.3,0.6372501795449852,0.6356418025935325,67.90214974054848,77.31653076352846,4.660000000000025,1.352499999999992,0.4899999999999807,,0,2.284866786900462,4.729156419085091,,,0,,,-1.4362765892976248,7.035208950312599,-2.406240624062417,171.3,2.3382936826351854,171.3,0,25,20,20,159.315,158.32999999999998,158.8225,,162.64,,,,,,164.48083333333332,166.81166666666664,170.98333333333332,173.31416666666664,160.30916666666664,157.97833333333332,153.80666666666664,0,0,0,0,0,0,0,0,0,0,0,0,0,0,0,0,0,0,0,0,0,0,,,,,,,,,,,,,,,,,,USD,1.0,stock,25.0
2025-10-27,164.75,167.1,163.77,164.26,2297650,154.89600000000002,,,159.43209335704364,162.54808437561942,165.7135234490593,167.97366016939736,64.01109789932617,0.16816152258792272,-2.0417865960489694,2.209948118636892,0,6.18432857142857,0.5,0.05,3075505.9,3111442.6,0.7470803421316798,0.7384516751168734,73.90659747961448,72.83172720533723,0.4900000000000091,2.3499999999999943,0.4899999999999807,,0,2.9391858291466884,5.700718373310591,,,0,,,0.9960649286768319,3.4448013099061647,-0.6351702861290942,171.3,3.028189959310382,171.3,0,25,20,20,159.805,158.32999999999998,159.0675,,164.26,,,,,,165.04333333333332,166.31666666666663,168.3733333333333,169.64666666666662,162.98666666666665,161.71333333333334,159.65666666666667,0,0,0,0,0,0,0,0,0,0,0,0,0,0,0,0,0,0,0,0,0,0,,,,,,,,,,,,,,,,,,USD,1.0,stock,25.0
2025-10-28,163.9,164.8804,162.06,163.96,2772930,155.10899999999998,,,159.8633225611347,162.6034536157912,165.67880021244426,167.93372325228893,64.39393939393938,0.4669337922861132,-1.540042518381953,2.0069763106680663,0,6.094357142857141,0.5,0.05,2962024.7,3083627.85,0.9361603230384945,0.8992427539529454,72.79466271312083,71.53446997776126,0.060000000000002274,0.9204000000000008,1.8400000000000034,,0,2.498583458688277,5.398267870212264,,,0,,,-0.1826372823572231,-2.815482188370577,2.667501565435204,171.3,2.5626124699733133,171.3,0,25,20,20,159.805,157.81,158.8075,,163.96,,,,,,163.63346666666666,165.20693333333332,166.45386666666667,168.02733333333333,162.38653333333332,160.81306666666666,159.5661333333333,0,0,0,0,0,0,0,0,0,0,0,0,0,0,0,0,0,0,0,0,0,0,,,,,,,,,,,,,,,,,,USD,1.0,stock,25.0
2025-10-29,162.33,162.76,158.42,159.28,2603324,155.59449999999998,,,159.80776803150283,162.47312210144648,165.55209129734635,167.8476165532612,60.87448171880888,0.32236011421736066,-1.1675619918620905,1.4899221060794512,0,6.267214285714287,0.5,0.05,2830543.9,2977679.9,0.9197257106664201,0.874279334054678,55.44848035581912,67.38324684951814,3.0500000000000114,0.4299999999999784,0.8600000000000136,,0,-0.3313460770359308,2.313849824208952,,,0,,,-2.8543547206635766,-5.128357853356357,6.491943571571834,171.3,-0.33025180065013604,171.3,0,25,20,20,160.255,157.81,159.0325,,159.28,,,,,,160.1533333333333,161.88666666666663,164.4933333333333,166.22666666666663,157.54666666666662,155.8133333333333,153.20666666666662,0,0,0,0,0,0,0,0,0,0,0,0,0,0,0,0,0,0,0,0,0,0,,,,,,,,,,,,,,,,,,USD,1.0,stock,25.0
2025-10-30,157.945,165.0,157.26,160.67,5494295,156.0755,,,159.8898853618359,162.40241143080152,165.45541622215137,167.7761974830795,65.71094207138675,0.3162997098704068,-0.8707896515155911,1.1870893613859979,0,6.4465,0.5,0.05,3107361.0,3077777.8,1.768154713919625,1.7851499871108305,59.8867924528301,62.709978507256686,2.7249999999999943,4.3300000000000125,0.6850000000000023,,0,0.48553845656568956,2.8595879753531976,,,0,,,0.8726770467101908,-2.630143627658932,6.368752068851347,171.3,0.4879074347940579,171.3,0,25,20,20,162.09750000000003,157.81,159.95375,,160.67,,,,,,160.97666666666666,164.69333333333333,168.71666666666667,172.43333333333334,156.95333333333332,153.23666666666665,149.2133333333333,0,0,0,0,0,0,0,0,0,0,0,0,0,0,0,0,0,0,0,0,0,0,,,,,,,,,,,,,,,,,,USD,1.0,stock,25.0
2025-10-31,159.97,170.53,158.5,169.42,6806507,157.022,163.9518,,160.79751532737532,162.67761098253482,165.53392283161372,167.79255372702897,68.1464033339373,1.0059526727339403,-0.4954411866656848,1.501393859399625,1,6.959357142857144,0.5,0.05,3565124.2,3246783.65,1.9091921117362474,2.0963845250360307,92.15686274509792,69.16404518458238,9.449999999999989,1.1100000000000136,1.4699999999999989,,0,5.08941368942549,7.317908157242354,3.227600047219924,,0,,,5.445945104873351,4.168716182980825,12.57890889760116,171.3,5.362324570171211,171.3,0,25,20,20,164.28,157.81,161.04500000000002,,169.42,,,,,,166.14999999999998,173.79999999999995,178.17999999999998,185.82999999999996,161.76999999999995,154.11999999999998,149.73999999999995,0,0,0,0,0,0,0,0,0,0,0,0,0,0,0,0,0,0,0,0,0,0,,,,,,,,,,,,,,,,,,USD,1.0,stock,25.0
2025-11-03,169.99,176.72,167.14,176.08,4227185,158.3165,164.05759999999998,,162.2529900581015,163.20319486557267,165.7427560428689,167.87501587899885,67.96063422635319,2.066097271299583,0.016866504927368686,2.0492307663722142,1,6.921500000000003,0.5,0.05,3734837.6,3262304.5,1.131825651535692,1.2957665355885695,97.74727208729325,83.2636424284071,6.090000000000003,0.6399999999999864,2.8500000000000227,,0,7.852686245966903,10.088312130849625,6.827805542935048,,0,,,3.93105890685872,7.195908924875205,17.238164991011406,176.72,8.521882978518413,176.72,0,25,20,20,166.99,160.51999999999998,163.755,,176.08,,,,,,173.31333333333336,179.48666666666674,182.89333333333337,189.06666666666675,169.90666666666672,163.73333333333335,160.3266666666667,0,0,0,0,0,0,0,0,0,0,0,0,0,0,0,0,0,0,0,0,0,0,,,,,,,,,,,,,,,,,,USD,1.0,stock,25.0
2025-11-04,174.31,174.84,161.76,165.0,4944125,159.0605,163.9842,,162.51461005256803,163.27365781202082,165.72804800241605,167.84640875582474,62.75664759340288,1.9892749793347662,0.41134819980884824,1.577926779525918,0,7.21936428571429,0.5,0.05,3797343.2,3363147.0,1.301995826977135,1.4700888780656927,58.74692009855684,82.88368497698268,9.310000000000002,0.5300000000000011,3.240000000000009,,0,1.506296937837557,3.599696969696976,0.6156363636363715,,0,,,-6.2925942753293995,0.6343010490363454,9.91207034372501,176.72,1.5293332375643203,176.72,0,25,20,20,166.99,160.51999999999998,163.755,164.16,165.0,,,,,,167.20000000000002,172.64000000000004,180.28000000000003,185.72000000000006,159.56000000000003,154.12,146.48000000000002,0,0,0,0,0,0,0,0,0,0,0,0,0,0,0,0,0,0,0,0,0,0,,,,,,,,,,,,,,,,,,USD,1.0,stock,25.0
2025-11-05,167.6,168.98,160.01,161.46,2780571,159.6575,163.9284,,162.41417099994248,163.2025339762553,165.643532200388,167.7828624000454,59.039412797191645,1.6240236112217588,0.6538832820914304,0.9701403291303283,0,7.315078571428576,0.5,0.05,3648472.3,3389447.8,0.7621192574217982,0.8203610629436453,44.52926208651401,67.00781809078804,6.139999999999986,1.3799999999999955,1.450000000000017,,0,-0.590964325493916,1.1163755728973177,-1.5287997027127476,,0,,,-2.1454545454545393,1.3686589653440606,7.985553772070619,176.72,-0.587492454671837,176.72,0,25,20,20,166.99,160.51999999999998,163.755,164.16,161.46,,,,,,163.48333333333335,166.9566666666667,172.45333333333335,175.9266666666667,157.9866666666667,154.51333333333335,149.0166666666667,0,0,0,0,0,0,0,0,0,0,0,0,0,0,0,0,0,0,0,0,0,0,,,,,,,,,,,,,,,,,,USD,1.0,stock,25.0
2025-11-06,159.55,159.81,152.93,156.13,2664869,160.077,163.6134,,161.81567852375747,162.92517970267667,165.45514542414267,167.66691352044296,53.15805379268661,0.8941654326577861,0.7019397122047016,0.1922257204530845,0,7.7150785714285774,0.5,0.05,3656927.6,3407813.05,0.7287180090740654,0.7819880260156877,13.578174186778538,38.9514521239498,3.420000000000016,0.2599999999999909,3.1999999999999886,,0,-3.64163102783416,-2.528021520527767,-4.793057067828103,,0,,,-3.301127214170696,-2.825667517271424,5.678895356707714,176.72,-3.513675915478557,176.72,0,25,20,20,164.825,160.51999999999998,162.67249999999999,164.16,156.13,,,,,,156.29,159.64999999999998,163.17,166.52999999999997,152.76999999999998,149.41,145.89,0,0,0,0,0,0,0,0,0,0,0,0,0,0,0,0,0,0,0,0,0,0,,,,,,,,,,,,,,,,,,USD,1.0,stock,25.0
2025-11-07,155.0,158.11,153.1,157.83,1692457,160.7405,163.2344,,161.43609009292342,162.72536873394426,165.30415244544676,167.56903378392116,49.213630406290974,0.4477618405332464,0.6511041378704105,-0.20334229733716414,0,7.54650714285715,0.5,0.05,3628391.3,3366035.15,0.4664483127825822,0.5028043156352661,20.596889449348495,26.23477524088035,2.8300000000000125,0.28000000000000114,1.9000000000000057,,0,-2.2847938243194634,-1.8440727364886171,-3.4241905848064254,,0,,,1.0888362262217566,-6.840986896470291,9.17957941339238,176.72,-2.233757080494037,176.72,0,25,20,20,164.825,160.51999999999998,162.67249999999999,164.16,157.83,,,,,,156.3466666666667,159.5933333333334,161.3566666666667,164.6033333333334,154.58333333333337,151.33666666666667,149.57333333333335,0,0,0,0,0,0,0,0,0,0,0,0,0,0,0,0,0,0,0,0,0,0,,,,,,,,,,,,,,,,,,USD,1.0,stock,25.0
2025-11-10,157.545,160.4,154.48,159.13,2394371,161.2275,162.8614,,161.21646246502596,162.58437388163273,165.18189200098246,167.48506329850903,40.86226631056849,0.19661644111332066,0.5602065985189927,-0.363590157405672,0,7.189364285714295,0.5,0.05,3638063.4,3356784.65,0.658144385279267,0.7132930019803326,26.061370323665365,20.0788113199308,1.585000000000008,1.2700000000000102,3.0649999999999977,,0,-1.3111685194658205,-1.318104694275119,-2.3448752592220248,,0,,,0.823671038459084,-9.626306224443448,6.519847379342658,176.72,-1.2941993845563964,176.72,0,25,20,20,164.825,160.51999999999998,162.67249999999999,164.16,159.13,,,,,,158.00333333333333,161.52666666666667,163.92333333333335,167.4466666666667,155.60666666666665,152.08333333333331,149.68666666666664,0,0,0,0,0,0,0,0,0,0,0,0,0,0,0,0,0,0,0,0,0,0,,,,,,,,,,,,,,,,,,USD,1.0,stock,25.0
2025-11-11,160.2,164.31,157.38,157.54,2716482,161.286,162.5586,,160.86632318264253,162.3865552980393,165.0305674069036,167.38610744479251,40.27072758037225,-0.12922814750476164,0.4223196493142419,-0.5515477968190035,0,7.390078571428581,0.5,0.05,3632418.6,3297221.65,0.7478438746018975,0.8238699997617691,19.377889869693092,22.01204988090232,2.6599999999999966,4.110000000000014,0.1599999999999966,,0,-2.111414994695023,-2.3778088104608415,-3.1856036562143077,,0,,,-0.9991830578772065,-4.521212121212126,0.7482253629212732,176.72,-2.0677560827109462,176.72,0,25,20,20,164.825,160.51999999999998,162.67249999999999,164.16,157.54,,,,,,159.74333333333334,162.10666666666668,166.67333333333335,169.0366666666667,155.17666666666668,152.81333333333333,148.24666666666667,0,0,0,0,0,0,0,0,0,0,0,0,0,0,0,0,0,0,0,0,0,0,,,,,,,,,,,,,,,,,,USD,1.0,stock,25.0
2025-11-12,158.68,159.0525,153.155,155.5,2066409,161.56900000000002,162.255,,160.35524478429562,162.11649430595932,164.8418432998362,167.26783771897368,40.91690544412609,-0.545781849156981,0.22869934961999733,-0.7744811987769784,0,7.4464571428571515,0.5,0.05,3578727.1,3204635.5,0.5774145226105672,0.6448187321147756,10.802858343841926,18.747372845733462,3.180000000000007,0.3725000000000023,2.344999999999999,,0,-3.122343912730303,-3.902893890675252,-4.344051446945334,,0,,,-1.2949092294020526,-3.6913167347950027,3.7773625200213434,176.72,-3.027805414675853,176.72,0,25,20,20,164.825,160.51999999999998,162.67249999999999,164.16,155.5,,,,,,155.9025,158.65,161.8,164.5475,152.7525,150.005,146.855,0,0,0,0,0,0,0,0,0,0,0,0,0,0,0,0,0,0,0,0,0,0,,,,,,,,,,,,,,,,,,USD,1.0,stock,25.0
2025-11-13,154.07,157.3,151.66,152.05,3119505,161.665,161.9344,,159.56426909055318,161.7217298233727,164.58853947211668,167.11641644813812,40.08983717012917,-1.1411355259596974,-0.0452676254959416,-1.0958679004637557,0,7.38485000000001,0.5,0.05,3341248.1,3224304.55,0.9336346498782895,0.9674970064474835,1.556264964086252,10.579004392540424,2.019999999999982,3.230000000000018,0.3900000000000148,,0,-4.941972437062263,-6.3235777704702265,-6.500756330154553,,0,,,-2.2186495176848786,-2.613206942932167,1.2788916272563844,176.72,-4.709242948550594,176.72,0,25,20,20,164.19,160.51999999999998,162.355,164.16,152.05,,,,,,153.67000000000002,155.68000000000004,159.31000000000003,161.32000000000005,150.04000000000002,148.03,144.4,0,0,0,0,0,0,0,0,0,0,0,0,0,0,0,0,0,0,0,0,0,0,,,,,,,,,,,,,,,,,,USD,1.0,stock,25.0
2025-11-14,150.33,154.91,149.1,151.79,2658755,161.65699999999998,161.5216,,158.8238625105005,161.3322502224561,164.33510304692624,166.96391479193775,38.02573458805454,-1.6153170616204022,-0.35927751272083375,-1.2560395488995684,0,7.481278571428581,0.5,0.05,2926472.9,3245798.55,0.908518578798389,0.8191374045687463,9.739319333816065,7.36614754724808,1.4599999999999795,3.1200000000000045,1.2300000000000182,,0,-4.6339432838135,-6.500428223203103,-6.411226035970759,,0,,,-0.17099638276883988,-3.826902363302298,-0.10529779532740813,176.72,-4.428718959051555,176.72,0,25,20,20,161.97,160.51999999999998,161.245,164.16,151.79,,,,,,151.9333333333333,154.76666666666662,157.7433333333333,160.57666666666663,148.95666666666662,146.1233333333333,143.14666666666662,0,0,0,0,0,0,0,0,0,0,0,0,0,0,0,0,0,0,0,0,0,0,,,,,,,,,,,,,,,,,,USD,1.0,stock,25.0
2025-11-17,150.25,151.7,145.0601,146.02,2971271,161.0185,160.988,,157.60444703330998,160.73176982157548,163.9724277390663,166.75551762982894,34.41084462982275,-2.4287035404243795,-0.7731627182615429,-1.6555408221628367,0,7.76052857142858,0.5,0.05,2800881.5,3267859.55,1.0608342409345057,0.909240729149452,3.0319110294094576,4.775831775770591,4.22999999999999,1.4499999999999886,0.9599000000000046,,0,-7.9334659863785575,-10.27153814545951,-10.250650595808786,,0,,,-3.8013044337571578,-8.238547099855452,-8.042068140311088,176.72,-7.350330051830059,176.72,0,25,20,20,157.02005,160.76,158.89002499999998,164.16,146.02,,,,,,147.59336666666664,150.12663333333327,154.23326666666662,156.76653333333326,143.4867333333333,140.95346666666666,136.8468333333333,0,0,0,0,0,0,0,0,0,0,0,0,0,0,0,0,0,0,0,0,0,0,,,,,,,,,,,,,,,,,,USD,1.0,stock,25.0
2025-11-18,146.27,149.47,145.2,148.75,2561485,160.0205,160.3158,,156.76116636347092,160.2618964952392,163.6709935264115,166.5763582504277,40.52887209929844,-2.820516838171983,-1.182633542243631,-1.637883295928352,1,7.669814285714294,0.5,0.05,2562617.5,3179980.35,0.999558069044639,0.8055034050760722,11.654806237543376,8.142012200256298,2.4799999999999898,0.7199999999999989,1.0700000000000216,,0,-5.385658059476249,-7.576806722689075,-7.775327731092434,,0,,,1.869606903163934,-5.579535356100029,-11.830952522079308,176.72,-5.110427888049775,176.72,0,25,20,20,154.68505,160.89005,157.78755,164.16,148.75,,,,,,147.80666666666664,150.4133333333333,152.07666666666665,154.6833333333333,146.1433333333333,143.53666666666663,141.87333333333328,0,0,0,0,0,0,0,0,0,0,0,0,0,0,0,0,0,0,0,0,0,0,,,,,,,,,,,,,,,,,,USD,1.0,stock,25.0
2025-11-19,148.23,150.1,146.22,146.51,2065228,158.9515,159.7596,,155.78486480504512,159.72260643660238,163.33117187242317,166.37669299420452,37.455705173635735,-3.274039885260038,-1.6009148108469125,-1.6731250744131254,0,7.394100000000007,0.5,0.05,2491083.2,3069777.75,0.8290481827343221,0.6727614075644401,4.579610169330874,6.4221091454279025,1.7199999999999989,1.8700000000000045,0.28999999999999204,,0,-6.330533618896409,-8.491911814893195,-9.043478260869577,,0,,,-1.5058823529411791,-5.781350482315117,-12.73452856036691,176.72,-5.953636649267586,176.72,0,25,20,20,154.68505,160.89005,157.78755,164.16,146.51,,,,,,147.60999999999999,148.99999999999997,151.48999999999998,152.87999999999997,145.11999999999998,143.73,141.23999999999998,0,0,0,0,0,0,0,0,0,0,0,0,0,0,0,0,0,0,0,0,0,0,,,,,,,,,,,,,,,,,,USD,1.0,stock,25.0
2025-11-20,147.54,149.9,143.39,144.04,2300046,157.903,159.1062,,154.66630625218366,159.10760226261797,162.94916846900884,166.1544373425209,24.700956937799063,-3.7890902510953026,-2.0385498988965907,-1.750540352198712,0,6.999814285714294,0.5,0.05,2454600.9,3055764.25,0.9370346112070602,0.7526909184829949,1.9501950195019666,6.061537142125406,3.5,2.3600000000000136,0.6500000000000057,,0,-7.377330083437704,-9.62440988614274,-10.459733407386844,,0,,,-1.685891748003554,-5.268003946070388,-12.708320707835885,176.72,-6.8704726385961905,176.72,0,25,20,20,153.85,160.055,156.9525,162.945,144.04,,,,,,145.77666666666664,148.1633333333333,152.28666666666666,154.67333333333332,141.65333333333328,139.26666666666662,135.14333333333326,0,0,0,0,0,0,0,0,0,0,0,0,0,0,0,0,0,0,0,0,0,0,,,,,,,,,,,,,,,,,,USD,1.0,stock,27.0
2025-11-21,143.5,146.525,139.7,146.28,3995540,157.08499999999998,158.5344,,153.86761041864236,158.60455903663296,162.61908592506808,165.95668174707296,17.424573677306498,-3.970749765626067,-2.4249898722424863,-1.5457598933835808,1,6.803028571428579,0.5,0.05,2684909.2,3156650.25,1.4881471596879328,1.2657531508281603,18.72509960159365,8.418301596808831,2.780000000000001,0.24500000000000455,3.8000000000000114,,0,-5.187045678590618,-7.386519004648605,-8.37735849056604,,0,,,1.555123576784223,-3.630015152513333,-10.05902606984751,176.72,-4.931259020659395,176.72,0,25,20,20,152.005,158.20999999999998,155.1075,159.26,146.28,,,,,,144.16833333333332,148.63666666666666,150.99333333333334,155.46166666666667,141.81166666666664,137.3433333333333,134.98666666666662,0,0,0,0,0,0,0,0,0,0,0,0,0,0,0,0,0,0,0,0,0,0,,,,,,,,,,,,,,,,,,USD,1.0,stock,28.75
2025-11-24,146.75,148.29,145.0,146.45,3605126,156.1945,157.986,,153.16117133115262,158.12790966264737,162.2989060057598,165.76258541128118,23.370657479184587,-4.054263632957884,-2.750844624385566,-1.3034190085723178,1,6.015171428571435,0.5,0.05,2805984.7,3222024.05,1.284798880050914,1.1189010212384976,23.05327868852459,14.576191103206737,0.30000000000001137,1.539999999999992,1.4499999999999886,,0,-4.582568338103536,-6.653806759986355,-7.877091157391602,,0,,,0.11621547716706981,0.29448020819065057,-10.842566662608066,176.72,-4.381770701297576,176.72,0,25,20,20,149.37625,158.20999999999998,153.79312499999997,158.375,146.45,,,,,,146.57999999999998,148.15999999999997,149.86999999999998,151.44999999999996,144.86999999999998,143.29,141.57999999999998,0,0,0,0,0,0,0,0,0,0,0,0,0,0,0,0,0,0,0,0,0,0,,,,,,,,,,,,,,,,,,USD,1.0,stock,27.0
2025-11-25,146.46,150.89,146.23,149.04,2529018,155.44850000000002,157.52599999999998,,152.76867882342378,157.7715210484259,162.0363534115863,165.59619152659184,31.670602125147553,-3.8668826044234663,-2.9740522203931463,-0.89283038403032,1,5.707314285714292,0.5,0.05,2787238.3,3209828.45,0.9073562170841295,0.7878981819106251,37.95205201137748,26.576810100498573,2.579999999999984,1.8499999999999943,0.2300000000000182,,0,-2.501797385550048,-4.299852388620526,-5.69377348362855,,0,,,1.768521679754187,0.19495798319326685,-9.099780434252269,176.72,-2.440735137687189,176.72,0,25,20,20,148.5,158.20999999999998,153.355,158.295,149.04,,,,,,148.72,151.21,153.38,155.87,146.55,144.06,141.89000000000001,0,0,0,0,0,0,0,0,0,0,0,0,0,0,0,0,0,0,0,0,0,0,,,,,,,,,,,,,,,,,,USD,1.0,stock,25.0
2025-11-26,147.37,149.16,146.9275,148.03,1816101,154.886,157.0416,,152.3173760783358,157.3895006151543,161.75899987868362,165.42140355120287,36.299052774018946,-3.756576868626695,-3.130557150039856,-0.6260197185868388,1,5.2574928571428625,0.5,0.05,2762207.5,3170467.3,0.6574817424107349,0.5728180826845305,33.84802925639987,31.617786652100648,0.6599999999999966,1.1299999999999955,0.44249999999999545,,0,-2.8962886430695103,-4.631493616158883,-6.0876849287306545,,0,,,-0.6776704240472275,1.037471844925264,-7.0630336514314385,176.72,-2.8147649261833583,176.72,0,25,20,20,147.305,158.20999999999998,152.7575,158.295,148.03,,,,,,148.03916666666666,149.1508333333333,150.27166666666665,151.3833333333333,146.91833333333332,145.80666666666667,144.68583333333333,0,0,0,0,0,0,0,0,0,0,0,0,0,0,0,0,0,0,0,0,0,0,,,,,,,,,,,,,,,,,,USD,1.0,stock,25.0
2025-11-28,148.22,151.36,147.6647,149.52,1241515,154.3285,156.6394,,152.0509593089705,157.08089274789336,161.51664344544236,165.26318063029538,35.843270868824504,-3.508484604186208,-3.206142640869127,-0.30234196331708096,1,5.163585714285718,0.5,0.05,2574408.5,2957828.3,0.4822525251917091,0.41973869815228965,39.90247866720852,37.23418664499529,1.3000000000000114,1.8400000000000034,0.5552999999999884,,0,-1.6927229193221607,-3.215957731407157,-4.761503477795602,,0,,,1.0065527257988371,3.8044987503471406,-6.939690047924307,176.72,-1.6645467548991495,176.72,0,25,20,20,145.7,158.20999999999998,151.95499999999998,158.295,149.52,,,,,,149.5149,151.3651,153.21020000000001,155.06040000000002,147.6698,145.8196,143.9745,0,0,0,0,0,0,0,0,0,0,0,0,0,0,0,0,0,0,0,0,0,0,,,,,,,,,,,,,,,,,,USD,1.0,stock,25.0
2025-12-01,148.03,154.63,147.9,151.58,2797531,153.4365,156.29,,152.00610604144953,156.86517146366225,161.31987822870093,165.12702957924768,37.46263699767521,-3.1097971080668856,-3.186873534308679,0.07707642624179334,1,5.2214428571428595,0.5,0.05,2588286.1,2757379.5,1.0808430335425439,1.0145614704105836,48.2730597318164,40.67452255180826,3.5500000000000114,3.049999999999983,0.12999999999999545,,0,-0.28110967241688534,-1.2247658002374868,-3.10727008840215,,0,,,1.377742108079194,3.6231884057971175,-10.530043678432289,176.72,-0.2803216611136153,176.72,0,25,20,20,147.165,158.20999999999998,152.6875,158.20999999999998,151.58,,,,,,151.37,154.84,158.1,161.57,148.11,144.64000000000001,141.38000000000002,0,0,0,0,0,0,0,0,0,0,0,0,0,0,0,0,0,0,0,0,0,0,,,,,,,,,,,,,,,,,,USD,1.0,stock,25.0
2025-12-02,153.56,156.645,152.0,153.91,2482480,152.328,155.9556,,152.1874292755972,156.7492823866559,161.17314796674646,165.0154173446283,44.11669367909238,-2.576126880531035,-3.0647242035531503,0.4885973230221152,1,5.088228571428573,0.5,0.05,2539407.0,2670144.25,0.9775825615980424,0.9297175611392531,73.42720578736595,53.867581395463624,0.3499999999999943,2.7350000000000136,1.5600000000000023,,0,1.119206500164252,1.027873432525498,-1.3290884283022595,,0,,,1.5371421031798338,5.093888699214766,-12.590867787369387,174.84,1.131874513290704,174.84,0,25,20,20,148.1725,158.20999999999998,153.19125,158.20999999999998,153.91,,,,,,154.18499999999997,156.36999999999995,158.82999999999998,161.01499999999996,151.72499999999994,149.53999999999996,147.07999999999993,0,0,0,0,0,0,0,0,0,0,0,0,0,0,0,0,0,0,0,0,0,0,,,,,,,,,,,,,,,,,,USD,1.0,stock,25.0
2025-12-03,153.57,156.87,151.63,156.755,2429045,151.91575,155.7771,,152.62243601125462,156.74950660678704,161.08565988819703,164.9332241372191,51.982309271836975,-1.9017000426550226,-2.8321193713735253,0.9304193287185027,1,5.041264285714287,0.5,0.05,2526163.0,2544390.25,0.9615551332198279,0.9546668401201427,96.90340909090901,72.86789153669712,3.1850000000000023,0.1150000000000091,1.9399999999999977,,0,2.6363203653761444,3.087142355905708,0.6238397499282354,,0,,,1.8484828796049735,5.176462694578632,-4.9969696969697,168.98,2.707704120540071,168.98,0,25,20,20,148.285,158.20999999999998,153.2475,158.20999999999998,156.755,,,,,,155.085,158.54000000000002,160.32500000000002,163.78000000000003,153.3,149.845,148.06,0,0,0,0,0,0,0,0,0,0,0,0,0,0,0,0,0,0,0,0,0,0,,,,,,,,,,,,,,,,,,USD,1.0,stock,25.0
2025-12-04,157.24,158.21,153.75,156.54,1870810,151.66975,155.63129999999998,,152.9955373435161,156.74129066142282,160.995646821104,164.84970946918708,57.89936664320898,-1.3687821492461296,-2.5394519269480464,1.1706697777019168,1,4.956978571428572,0.5,0.05,2506721.2,2498902.2,0.7463175402194707,0.7486527483948751,90.97784981091294,87.10282156306262,0.700000000000017,0.9699999999999989,2.789999999999992,,0,2.2642536453838553,3.1111856394531743,0.5804906094289065,,0,,,-0.13715670951485182,5.74883469566978,-3.047194351542193,164.31,2.3167098322126973,164.31,0,25,20,20,148.95499999999998,158.20999999999998,153.58249999999998,158.20999999999998,156.54,,,,,,156.16666666666666,158.58333333333331,160.62666666666667,163.04333333333332,154.1233333333333,151.70666666666665,149.6633333333333,0,0,0,0,0,0,0,0,0,0,0,0,0,0,0,0,0,0,0,0,0,0,,,,,,,,,,,,,,,,,,USD,1.0,stock,25.0
2025-12-05,156.1,164.4899,155.79,159.33,4031029,151.82975000000002,155.56949999999998,,153.59881950127647,156.84280867470036,160.9626637157356,164.79478698690662,62.18093699515351,-0.7130911256437287,-2.1741797666871827,1.461088641043454,1,5.163400000000002,0.5,0.05,2679819.5,2567210.2,1.5042166086186028,1.570198264248093,79.18547472962783,89.0222445438166,3.230000000000018,5.159899999999993,0.3100000000000023,,0,3.5970504605055833,4.707368354986502,2.3601958199962567,,0,,,1.7822920659256614,6.560995184590701,2.049574072887994,164.4899,3.7312659806450648,164.4899,0,25,20,20,154.74495000000002,158.20999999999998,156.477475,158.20999999999998,159.33,,,,,,159.86996666666667,163.94993333333335,168.56986666666668,172.64983333333336,155.25003333333333,151.17006666666666,146.55013333333332,0,0,0,0,0,0,0,0,0,0,0,0,0,0,0,0,0,0,0,0,0,0,,,,,,,,,,,,,,,,,,USD,1.0,stock,25.0
2025-12-08,160.6,162.4,159.31,160.74,2009989,151.97525,155.4513,,154.27893192972633,156.99563970706507,160.9582545332458,164.7544408477334,77.67957878901842,-0.07876806013595683,-1.7550974253769376,1.6763293652409808,1,4.903407142857146,0.5,0.05,2481264.4,2583086.8,0.810066432259295,0.7781345171985704,84.87327500312628,85.01219984788902,0.14000000000001478,1.6599999999999966,1.289999999999992,,0,4.019577000294689,5.452749782257073,3.2902202314296414,,0,,,0.8849557522123908,6.043013590183399,1.8437559399353765,164.4899,4.187913404285611,164.4899,0,25,20,20,155.35995,158.20999999999998,156.78497499999997,158.20999999999998,160.74,,,,,,160.8166666666667,162.32333333333338,163.9066666666667,165.41333333333338,159.23333333333338,157.7266666666667,156.14333333333337,0,0,0,0,0,0,0,0,0,0,0,0,0,0,0,0,0,0,0,0,0,0,,,,,,,,,,,,,,,,,,USD,1.0,stock,27.0
2025-12-09,159.7,162.69,158.26,161.41,1863786,152.08925000000002,155.3733,,154.9580812697524,157.16875187541547,160.967199988033,164.72116282934803,75.8051365674684,0.4725536357477438,-1.3095672131520015,1.7821208488997453,1,4.914835714285717,0.5,0.05,2307130.4,2556557.55,0.807837302997698,0.7290217268920859,87.57598860826383,83.87824611367265,1.710000000000008,1.2800000000000011,1.4399999999999977,,0,3.997223672788302,5.774580261445992,3.7399789356297606,,0,,,0.41682219733729653,4.872977714248594,1.4327907999748701,164.4899,4.163654245960907,164.4899,0,25,20,20,155.70870000000002,158.20999999999998,156.95935,158.20999999999998,161.41,,,,,,160.78666666666666,163.31333333333333,165.21666666666667,167.74333333333334,158.88333333333333,156.35666666666665,154.45333333333332,0,0,0,0,0,0,0,0,0,0,0,0,0,0,0,0,0,0,0,0,0,0,,,,,,,,,,,,,,,,,,USD,1.0,stock,27.0
2025-12-10,160.54,164.03,159.7,161.73,1918537,152.29874999999998,155.41389999999998,,155.60302591072835,157.34762435088936,160.98230493876503,164.69140001512565,83.65767359575412,0.9246426722862964,-0.862725236064342,1.7873679083506384,1,4.946978571428575,0.5,0.05,2246082.3,2516660.3,0.8541703925987041,0.7623345113363135,88.86683689728471,87.10536683622495,1.1899999999999977,2.3000000000000114,0.8400000000000034,,0,3.7883967657649427,5.831478389909112,3.905336053917026,,0,,,0.19825289635091448,3.1737424643552004,2.659641995683626,164.4899,3.9375674434421173,164.4899,0,25,20,20,156.0773,157.26999999999998,156.67365,158.20999999999998,161.73,,,,,,161.82000000000002,163.94000000000005,166.15000000000003,168.27000000000007,159.61000000000004,157.49,155.28000000000003,0,0,0,0,0,0,0,0,0,0,0,0,0,0,0,0,0,0,0,0,0,0,,,,,,,,,,,,,,,,,,USD,1.0,stock,28.75
2025-12-11,162.43,164.84,160.97,163.265,1510896,152.687,155.6878,,156.33273772875424,157.57967829791332,161.02750682116573,164.6772069801493,94.34832756632066,1.3907563884086471,-0.41202891116974427,1.8027852995783915,1,4.758407142857146,0.5,0.05,2215561.8,2488884.65,0.6819471251038902,0.6070574624661693,93.73508353221952,90.05930301258935,0.8349999999999795,1.575000000000017,1.460000000000008,,0,4.2460186024229,6.479037148194639,4.641043701956927,,0,,,0.9491127187287507,4.296026574677403,4.993569131832798,164.84,4.434299796677007,164.84,0,25,20,20,156.37,154.33999999999997,155.355,158.20999999999998,163.265,,,,,,163.025,165.08,166.895,168.95000000000002,161.21,159.155,157.34,0,0,0,0,0,0,0,0,0,0,0,0,0,0,0,0,0,0,0,0,0,0,,,,,,,,,,,,,,,,,,USD,1.0,stock,28.75
2025-12-12,163.0,164.49,160.31,162.04,1438406,153.1865,155.9076,,156.87628651649194,157.75459287446574,161.04755619104364,164.65096611467519,88.14133591481126,1.6423753239642451,-0.0011480641429463811,1.6435233881071916,0,4.569478571428574,0.5,0.05,2235250.9,2404829.7,0.6435098628077949,0.5981321671135382,85.8870967741935,89.49633906789923,0.960000000000008,1.490000000000009,1.7299999999999898,,0,3.1866906217650257,5.46377437669711,3.7844976549000187,,0,,,-0.7503139068385734,1.700872403188347,6.570207168694497,164.84,3.291583194739379,164.84,0,25,20,20,158.235,152.26999999999998,155.2525,158.20999999999998,162.04,,,,,,162.28,164.25,166.46,168.43,160.07,158.1,155.89,0,0,0,0,0,0,0,0,0,0,0,0,0,0,0,0,0,0,0,0,0,0,,,,,,,,,,,,,,,,,,USD,1.0,stock,28.75
2025-12-15,162.65,162.65,157.1225,159.17,2711684,153.5555,156.0812,,157.0947354196832,157.81009903625142,161.0103768605279,164.59642913840975,77.22602739726028,1.5918502697817303,0.317451602641989,1.2743986671397414,0,4.729300000000003,0.5,0.05,2226666.2,2407476.15,1.2178224109208644,1.1263596526179502,69.53250940354641,83.05156323665314,3.480000000000018,0.0,2.047499999999985,,0,1.303803845144687,3.5273606835458895,1.9405666897028286,,0,,,-1.7711676129350762,-0.9767326116710384,4.861980367613139,164.84,1.321027451857421,164.84,0,25,20,20,158.235,152.26999999999998,155.2525,158.20999999999998,159.17,,,,,,159.6475,162.1725,165.175,167.70000000000002,156.645,154.12,151.1175,0,0,0,0,0,0,0,0,0,0,0,0,0,0,0,0,0,0,0,0,0,0,,,,,,,,,,,,,,,,,,USD,1.0,stock,27.0
2025-12-16,158.91,163.5,158.11,159.56,1588882,154.23250000000002,156.2686,,157.3295225225705,157.87872260345725,160.98165652665605,164.5463154156395,74.85822306238188,1.5652354806668427,0.5670083782469597,0.998227102419883,0,4.781442857142859,0.5,0.05,2137306.4,2338356.7,0.7434039405861509,0.6794865813243975,70.52337752965805,75.31432790246599,0.6500000000000057,3.9399999999999977,0.799999999999983,,0,1.3978926281207713,3.338869390824759,2.0627976936575645,,0,,,0.24502104667964986,-1.1461495570286862,9.272702369538411,164.84,1.4177107015051915,164.84,0,25,20,20,159.29500000000002,152.26999999999998,155.7825,158.20999999999998,159.56,,,,,,160.39000000000001,162.67000000000002,165.78,168.06,157.28000000000003,155.00000000000003,151.89000000000004,0,0,0,0,0,0,0,0,0,0,0,0,0,0,0,0,0,0,0,0,0,0,,,,,,,,,,,,,,,,,,USD,1.0,stock,27.0
2025-12-17,160.7,166.4799,160.1715,161.98,3488750,154.894,156.5058,,157.77242513946857,158.03955701116482,161.00142570434602,164.52077993886698,80.90385467434646,1.7195944295863228,0.7975255885148325,0.9220688410714903,0,5.116257142857145,0.5,0.05,2243276.9,2384719.95,1.5552025699546945,1.4629600427505123,76.08369828649175,72.0465284065654,1.2800000000000011,4.499899999999997,0.5284999999999798,,0,2.597589122441921,4.374614149895039,3.3795530312384225,,0,,,1.5166708448232535,0.15457861868546363,8.894117647058808,166.4799,2.6668632727246138,166.4799,0,25,20,20,161.13495,153.08995,157.11245,158.20999999999998,161.98,,,,,,162.87713333333332,165.58276666666663,169.1855333333333,171.8911666666666,159.27436666666665,156.56873333333334,152.96596666666667,0,0,0,0,0,0,0,0,0,0,0,0,0,0,0,0,0,0,0,0,0,0,,,,,,,,,,,,,,,,,,USD,1.0,stock,28.75
2025-12-18,162.35,166.33,161.0,165.0,2193624,155.8185,156.81539999999998,,158.46076560237634,158.3125155597466,161.08060539336887,164.52554829768422,82.1161825726141,2.061846091223117,1.0503896890564894,1.0114564021666277,1,5.233021428571432,0.5,0.05,2275558.3,2391139.75,0.963993759245808,0.9173968188183063,92.03494098461248,79.54733893358743,2.6500000000000057,1.3300000000000125,1.3499999999999943,,0,3.9631723621961568,5.5645454545454545,4.960363636363647,,0,,,1.8644277071243387,1.062689492542801,12.62029895570269,166.4799,4.126721446009215,166.4799,0,25,20,20,161.8012,153.08995,157.445575,158.20999999999998,165.0,,,,,,164.11,167.22000000000003,169.44000000000003,172.55000000000004,161.89000000000001,158.78,156.56,0,0,0,0,0,0,0,0,0,0,0,0,0,0,0,0,0,0,0,0,0,0,,,,,,,,,,,,,,,,,,USD,1.0,stock,28.75
2025-12-19,163.89,165.73,160.49,161.07,4378540,156.67,157.082,,158.70926411643575,158.4206522044624,161.08039538557938,164.49116473253315,68.27108201771271,1.9929908849132119,1.238909928227834,0.7540809566853779,0,5.126592857142859,0.5,0.05,2310309.4,2495064.45,1.8952180171192656,1.75488052022063,63.56945164613906,77.2293636390811,2.819999999999993,1.8400000000000034,0.5799999999999841,,0,1.4656583370983087,2.731731545290871,2.4759421369590857,,0,,,-2.381818181818185,-0.5986176252777087,11.823104693140785,166.4799,1.487459409951212,166.4799,0,25,20,20,161.8012,153.08995,157.445575,158.20999999999998,161.07,,,,,,162.43,164.37,167.67,169.60999999999999,159.13000000000002,157.19000000000003,153.89000000000004,0,0,0,0,0,0,0,0,0,0,0,0,0,0,0,0,0,0,0,0,0,0,,,,,,,,,,,,,,,,,,USD,1.0,stock,25.0
2025-12-22,161.95,166.0,161.08,164.45,1372908,157.57850000000002,157.47979999999998,,159.2560008672514,158.6570972160521,161.14712022942928,164.4907551332045,69.50407105847518,2.185961980996211,1.4283203387815095,0.7576416422147016,1,5.116950000000003,0.5,0.05,2246601.3,2363932.85,0.6111044269403744,0.5807728421727376,86.33054768045577,80.64498010373576,2.5,1.5500000000000114,0.8699999999999761,,0,3.158406283215924,4.178473700212812,4.238491942839772,,0,,,2.098466505246166,3.3172080165860374,12.421383647798724,166.4799,3.2614150201335708,166.4799,0,25,20,20,161.8012,153.08995,157.445575,158.20999999999998,164.45,,,,,,163.84333333333333,166.60666666666665,168.76333333333332,171.52666666666664,161.68666666666667,158.92333333333335,156.76666666666668,0,0,0,0,0,0,0,0,0,0,0,0,0,0,0,0,0,0,0,0,0,0,,,,,,,,,,,,,,,,,,USD,1.0,stock,25.0
2025-12-23,162.78,163.845,158.04,162.39,1864530,158.3755,157.7398,,159.55447697513222,158.80348556052067,161.17173171003463,164.4698520970532,60.73947017343241,2.14790842971081,1.5722379569673697,0.5756704727434405,0,5.20052142857143,0.5,0.05,2246675.7,2276903.05,0.8299061586859198,0.8188886215423182,67.87170362689413,72.59056765116298,0.3900000000000148,1.0649999999999977,4.349999999999994,,0,1.7461192344773502,2.47213498368126,2.8635999753679315,,0,,,-1.2526603830951721,1.7736274755577819,10.88426083987708,166.4799,1.7771503994273419,166.4799,0,25,20,20,161.8012,153.08995,157.445575,158.20999999999998,162.39,,,,,,161.42499999999998,164.80999999999997,167.23,170.61499999999998,159.00499999999997,155.61999999999998,153.19999999999996,0,0,0,0,0,0,0,0,0,0,0,0,0,0,0,0,0,0,0,0,0,0,,,,,,,,,,,,,,,,,,USD,1.0,stock,25.0
2025-12-24,160.84,162.05,159.875,161.12,438965,158.97949999999997,157.8348,,159.703574406072,158.89432926402966,161.17070731973692,164.436520235391,58.391352143642386,1.9923062635503754,1.6562516182839708,0.3360546452664046,0,5.061592857142857,0.5,0.05,2098718.5,2172400.4,0.20915858891985753,0.20206449971193158,49.860148364344056,68.02079989056465,0.28000000000000114,0.9300000000000068,0.9650000000000034,,0,0.8791122107298975,1.3285129096325914,2.038977159880836,,0,,,-0.7820678613215004,-0.530929744412878,8.105206655931308,166.4799,0.8869091372535729,166.4799,0,25,20,20,161.8012,153.08995,157.445575,158.20999999999998,161.12,,,,,,161.01500000000001,162.15500000000003,163.19000000000003,164.33000000000004,159.98000000000002,158.84,157.805,0,0,0,0,0,0,0,0,0,0,0,0,0,0,0,0,0,0,0,0,0,0,,,,,,,,,,,,,,,,,,USD,1.0,stock,25.0
2025-12-26,161.68,163.39,161.205,163.15,865667,159.7355,158.101,,160.03180541501752,159.0612183124991,161.2099012341976,164.42371903901895,57.19939690915943,2.0096287115607936,1.7269270369393355,0.2827016746214581,0,4.602314285714284,0.5,0.05,2034195.6,2124878.7,0.42555740460750185,0.4073959610023857,64.41426037147086,60.71537078756969,1.4699999999999989,0.23999999999998067,0.4749999999999943,,0,1.9112439993763344,2.092859331903159,3.094698130554708,,0,,,1.259930486593852,-1.1212121212121229,10.214145781260564,166.4799,1.9484842884175049,166.4799,0,25,20,20,161.8012,153.08995,157.445575,158.20999999999998,163.15,,,,,,162.58166666666668,163.95833333333334,164.76666666666665,166.14333333333332,161.77333333333337,160.3966666666667,159.5883333333334,0,0,0,0,0,0,0,0,0,0,0,0,0,0,0,0,0,0,0,0,0,0,,,,,,,,,,,,,,,,,,USD,1.0,stock,25.0
2025-12-29,162.02,164.6845,162.02,163.99,1260691,160.459,158.3782,,160.408776327873,159.2545038688717,161.26495269490653,164.41940342669042,56.25963020030817,2.0673072253973714,1.7950030746309427,0.2723041507664288,0,4.571921428571427,0.5,0.05,2016424.1,2125837.5,0.6252112340851311,0.593032628317075,73.39111291598113,62.555173883932014,1.9699999999999989,0.694500000000005,0.0,,0,2.1838061297195006,2.1531800719556107,3.422037929142031,,0,,,0.5148636224333369,1.8128763891475774,9.677635098983405,166.4799,2.2325609322067548,166.4799,0,25,20,20,162.25995,153.08995,157.67495,158.20999999999998,163.99,,,,,,163.56483333333335,165.1096666666667,166.22933333333336,167.7741666666667,162.4451666666667,160.90033333333335,159.7806666666667,0,0,0,0,0,0,0,0,0,0,0,0,0,0,0,0,0,0,0,0,0,0,,,,,,,,,,,,,,,,,,USD,1.0,stock,25.0
2025-12-30,162.56,164.5,162.0901,162.93,1092159,161.0265,158.5978,,160.64889286807556,159.3986409720532,161.29792392867077,164.4045834920965,52.88425047438333,2.0043794829570913,1.8368783562961726,0.16750112666091876,0,4.427628571428569,0.5,0.05,1854471.6,2040568.9,0.5889327180853026,0.5352227998770344,62.06317994314676,66.62285107686624,0.37000000000000455,1.5699999999999932,0.46989999999999554,,0,1.40005347813444,1.1682931320198908,2.6589332842324924,,0,,,-0.646380876882735,-0.9242930982061304,7.487795223644267,166.4799,1.4199333037406503,166.4799,0,25,20,20,162.25995,153.08995,157.67495,158.20999999999998,162.93,,,,,,163.17336666666668,164.25663333333335,165.58326666666667,166.66653333333335,161.84673333333336,160.7634666666667,159.43683333333337,0,0,0,0,0,0,0,0,0,0,0,0,0,0,0,0,0,0,0,0,0,0,,,,,,,,,,,,,,,,,,USD,1.0,stock,25.0
2025-12-31,163.0,163.2611,161.5342,162.14,1372626,161.438,158.66479999999999,,160.790903071116,159.50614524765894,161.31459870236046,164.38205032302093,50.76435495898583,1.8692152461967169,1.8433457342762816,0.025869511920435295,0,4.241692857142853,0.5,0.05,1832846.0,1985076.2,0.7489041632521226,0.6914727001411836,53.62066385961904,63.02498557291565,0.8600000000000136,0.261099999999999,0.6057999999999879,,0,0.8320568205772758,0.4329591710867141,2.14333292216603,,0,,,-0.4848708034125182,-0.1539503664018671,5.347280878435434,166.4799,0.8390380942678733,166.4799,0,25,20,20,162.185,155.73995,158.96247499999998,158.20999999999998,162.14,,,,,,162.31176666666667,163.08933333333334,164.03866666666667,164.81623333333334,161.36243333333334,160.58486666666667,159.63553333333334,0,0,0,0,0,0,0,0,0,0,0,0,0,0,0,0,0,0,0,0,0,0,,,,,,,,,,,,,,,,,,USD,1.0,stock,25.0
2026-01-02,162.14,162.14,153.8373,154.76,2673868,161.33825,158.3858,,160.21653135005732,159.3200219046135,161.18480466865034,164.28630852876202,36.98147864686975,1.1532977929377353,1.7053361460085723,-0.552038353070837,0,4.558314285714281,0.5,0.05,1751357.8,1997317.35,1.5267399956764973,1.3387296715767276,7.298340531219787,40.99406144466186,7.3799999999999955,0.0,0.9226999999999919,,0,-3.525802112986129,-4.250613853708967,-2.342853450504005,,0,,,-4.551622055014182,-3.947368421052644,-1.272686676661039,166.4799,-3.4057230574636206,166.4799,0,25,20,20,159.91865,156.35494999999997,158.1368,158.20999999999998,154.76,,,,,,156.91243333333333,159.98756666666665,165.2151333333333,168.29026666666664,151.68486666666666,148.60973333333334,143.38216666666668,0,0,0,0,0,0,0,0,0,0,0,0,0,0,0,0,0,0,0,0,0,0,,,,,,,,,,,,,,,,,,USD,1.0,stock,25.0
2026-01-05,155.0,156.38,152.42,153.88,4158731,161.20525,158.10559999999998,,159.6130521738614,159.10668771227571,161.04015507125132,164.1827631702669,37.37623762376239,0.5090513803509111,1.4660791928770402,-0.9570278125261291,0,4.542599999999995,0.5,0.05,1947868.5,2111713.4,2.135016301151746,1.9693633615243433,10.384142134723634,23.767715508520823,1.1200000000000045,1.3799999999999955,1.460000000000008,,0,-3.7256642668712043,-4.760365219651684,-2.746035872108127,,0,,,-0.5686223830447146,-5.681887833282262,-1.6992461990545493,166.4799,-3.5918442105953705,166.4799,0,25,20,20,159.20999999999998,156.7037,157.95684999999997,158.20999999999998,153.88,,,,,,154.22666666666666,156.03333333333333,158.18666666666667,159.99333333333334,152.07333333333332,150.26666666666665,148.11333333333332,0,0,0,0,0,0,0,0,0,0,0,0,0,0,0,0,0,0,0,0,0,0,,,,,,,,,,,,,,,,,,USD,1.0,stock,25.0
2026-01-06,152.67,161.18,150.5,158.36,2990456,161.15675,157.9726,,159.49371387158888,159.0774058412061,160.9870826936028,164.1248252282742,48.8063660477454,0.35587767954530136,1.2440388902106925,-0.8881612106653911,1,4.91063571428571,0.5,0.05,1809060.1,2059684.75,1.6530440309860353,1.4518998599178832,49.186790906075885,22.28975785733977,5.690000000000026,2.819999999999993,2.1699999999999875,,0,-0.7159092394473775,-1.7660709775195595,0.2446324829502486,,0,,,2.911359500909816,-3.4331361668394345,-0.6087993472666753,166.4799,-0.7108204104530662,166.4799,0,25,20,20,157.59225,157.07229999999998,157.33227499999998,158.20999999999998,158.36,,,,,,156.68,162.86,167.36,173.54000000000002,152.18,146.0,141.5,0,0,0,0,0,0,0,0,0,0,0,0,0,0,0,0,0,0,0,0,0,0,,,,,,,,,,,,,,,,,,USD,1.0,stock,25.0
2026-01-07,158.36,163.9199,157.21,160.87,2683362,161.16325,157.9372,,159.62478874096138,159.14770365135487,160.98476422442252,164.09243890759487,51.81692094313454,0.4320421284349436,1.0816395378555428,-0.6495974094205992,1,5.004914285714283,0.5,0.05,1940105.5,2093353.4,1.3831010736271816,1.2818485402417004,64.89402311654024,41.48831871911326,2.509999999999991,3.049900000000008,1.1500000000000057,,0,0.7740481500830648,-0.18229004786473577,1.8230869646298342,,0,,,1.5849962111644356,-1.264346651936421,0.08087594873709136,166.4799,0.7800863943878739,166.4799,0,25,20,20,157.59225,157.18995,157.3911,158.20999999999998,160.87,,,,,,160.66663333333335,164.1232666666667,167.37653333333336,170.8331666666667,157.4133666666667,153.95673333333335,150.70346666666669,0,0,0,0,0,0,0,0,0,0,0,0,0,0,0,0,0,0,0,0,0,0,,,,,,,,,,,,,,,,,,USD,1.0,stock,25.0
2026-01-08,159.19,159.19,149.02,149.43,4094808,160.56425,157.6406,,158.65385647991744,158.7666172336547,160.75595701205773,163.94654399309144,36.077213223874004,-0.4258010199100113,0.780151426302432,-1.2059524462124434,0,5.357064285714283,0.5,0.05,2163133.3,2204904.5,1.8929984573766214,1.8571362161036906,2.368573079144983,38.816462367253706,9.759999999999991,0.0,0.4099999999999966,,0,-6.172693890060517,-7.451147694572696,-5.494612862209729,,0,,,-7.111332131534775,-7.838904650302192,-7.422092807137092,166.4799,-5.813824311976303,166.4799,0,25,20,20,156.85225000000003,157.74995,157.30110000000002,158.20999999999998,149.43,,,,,,152.54666666666668,156.07333333333335,162.71666666666667,166.24333333333334,145.90333333333336,142.3766666666667,135.73333333333338,0,0,0,0,0,0,0,0,0,0,0,0,0,0,0,0,0,0,0,0,0,0,,,,,,,,,,,,,,,,,,USD,1.0,stock,25.0
2026-01-09,150.0,150.8383,143.11,146.42,3705518,159.79874999999998,157.28979999999999,,157.48872729135385,158.28243616566826,160.4720766751853,163.77215052052338,29.38304482911674,-1.3331618794975384,0.35748876514243794,-1.6906506446399763,0,5.5283714285714245,0.5,0.05,2489788.6,2294253.55,1.4882861942576169,1.6151301149779196,14.46046308431619,27.241019760000473,3.5800000000000125,0.8383000000000038,3.309999999999974,,0,-7.559573344730137,-9.137242180030048,-7.423712607567272,,0,,,-2.014321086796511,-5.388989402946498,-9.46639460829778,166.4799,-7.028266391966417,166.4799,0,25,20,20,153.89725,154.79495,154.3461,158.20999999999998,146.42,,,,,,146.78943333333333,150.46886666666666,154.51773333333333,158.19716666666665,142.74056666666667,139.06113333333334,135.01226666666668,0,0,0,0,0,0,0,0,0,0,0,0,0,0,0,0,0,0,0,0,0,0,,,,,,,,,,,,,,,,,,USD,1.0,stock,27.0
2026-01-12,145.91,148.73,143.66,146.44,2515898,158.9575,157.033,,156.43646754932016,157.81802690426952,160.19421377072618,163.59969131136396,32.22357229647632,-2.0272689702912317,-0.11946278194429599,-1.9078061883469357,0,5.516228571428568,0.5,0.05,2654811.7,2344503.65,0.9476747446909323,1.073104748631976,14.54783748361724,10.458957882359476,0.5300000000000011,2.289999999999992,2.25,,0,-6.826323101147336,-8.547869434580724,-7.23367932258945,,0,,,0.013659336156268687,-4.834936314010918,-10.305331822497166,166.4799,-6.390113319433363,166.4799,0,25,20,20,153.805,154.79495,154.29997500000002,158.20999999999998,146.44,,,,,,146.27666666666667,148.89333333333335,151.34666666666666,153.96333333333334,143.82333333333335,141.20666666666668,138.75333333333336,0,0,0,0,0,0,0,0,0,0,0,0,0,0,0,0,0,0,0,0,0,0,,,,,,,,,,,,,,,,,,USD,1.0,stock,25.0
2026-01-13,146.27,148.0,137.66,137.89,5130978,157.75,156.5774,,154.67013730652775,157.0365356531217,159.75254617130585,163.3438734873703,21.32987910189985,-3.2300335688299526,-0.7415769393214274,-2.488456629508525,0,5.902657142857139,0.5,0.05,3041840.4,2529132.25,1.6868005303631315,2.028750374757983,0.851079575940312,9.953126714624586,8.380000000000024,1.7299999999999898,0.22999999999998977,,0,-12.169219890149948,-14.402784828486487,-13.552396838059341,,0,,,-5.8385686970773065,-12.926244001010367,-14.903727474697614,166.4799,-10.848983261243648,166.4799,0,25,20,20,150.78995,152.06995,151.42995000000002,157.19,137.89,,,,,,141.1833333333333,144.70666666666662,151.5233333333333,155.04666666666662,134.36666666666662,130.8433333333333,124.02666666666661,0,0,0,0,0,0,0,0,0,0,0,0,0,0,0,0,0,0,0,0,0,0,,,,,,,,,,,,,,,,,,USD,1.0,stock,28.5
2026-01-14,137.2,138.92,131.195,131.96,4012319,156.3895,155.8282,,152.50726708685843,156.0531420980973,159.2021987223691,163.03159613923728,19.685196254233944,-4.608609438695595,-1.514983439196261,-3.093625999499334,0,5.99658571428571,0.5,0.05,3333856.4,2594164.0,1.2035068457057718,1.5466712975740933,2.284298063572207,5.894405041043258,5.239999999999981,1.7199999999999989,0.7650000000000148,,0,-15.570829862729937,-18.512806911185198,-18.08745074264929,,0,,,-4.300529407498721,-17.97103251072294,-17.094929949111005,166.4799,-13.472975733776678,166.4799,0,25,20,20,147.55745000000002,148.83745,148.19745,153.95749999999998,131.96,,,,,,134.025,136.85500000000002,141.75,144.58,129.13000000000002,126.30000000000001,121.40500000000003,0,0,0,0,0,0,0,0,0,0,0,0,0,0,0,0,0,0,0,0,0,0,,,,,,,,,,,,,,,,,,USD,1.0,stock,31.75
2026-01-15,132.66,133.97,127.705,128.45,4631034,154.834,154.8756,,150.21609879287192,154.97066593738762,158.59324429222318,162.68750065526478,18.84417318329203,-5.9161704827362485,-2.395220847904259,-3.5209496348319895,0,6.264442857142854,0.5,0.05,3659697.2,2746271.6,1.2654145266444448,1.6862986166408305,2.0146297272813047,1.7166691222646129,4.210000000000008,1.3100000000000023,0.7449999999999903,,0,-16.945191742212483,-20.54028804982485,-20.572674192292727,,0,,,-2.659896938466222,-14.040018737870586,-19.497367761343696,166.4799,-14.489857590353544,166.4799,0,25,20,20,145.81245,147.09244999999999,146.45245,152.2125,128.45,,,,,,130.04166666666666,132.37833333333333,136.30666666666667,138.64333333333332,126.11333333333332,123.77666666666666,119.84833333333331,0,0,0,0,0,0,0,0,0,0,0,0,0,0,0,0,0,0,0,0,0,0,,,,,,,,,,,,,,,,,,USD,1.0,stock,31.75
2026-01-16,129.22,129.46,118.08,118.55,8298932,152.6625,153.9466,,147.20027986021745,153.54240452807832,157.80030876168408,162.24832154426713,13.01824212271977,-7.662935739659957,-3.448763826255399,-4.2141719134045585,0,6.915157142857142,0.5,0.05,4222203.6,2986780.7,1.9655451954045988,2.7785541804257674,1.0084863049705473,1.7691380319413579,10.670000000000002,0.2400000000000091,0.46999999999999886,,0,-24.16725420516023,-28.77477857444116,-29.857950231969628,,0,,,-7.707279096924868,-19.03428493375221,-26.811952092850966,166.33,-19.463468335402613,166.33,0,25,20,20,140.99995,142.27994999999999,141.63995,147.4,118.55,,,,,,122.03000000000002,125.98000000000003,133.41000000000003,137.36000000000004,114.60000000000002,110.65,103.22000000000001,0,0,0,0,0,0,0,0,0,0,0,0,0,0,0,0,0,0,0,0,0,0,,,,,,,,,,,,,,,,,,USD,1.0,stock,31.75
2026-01-20,115.83,121.21,115.53,118.06,6710475,150.3155,153.0786,,144.4250151116253,152.15093768383997,157.01337195452203,161.8086367527819,11.693077564637221,-8.983245433948838,-4.555660147794087,-4.427585286154751,0,7.130549999999999,0.5,0.05,4477378.0,3212623.25,1.4987510547467737,2.088783675458988,5.166428425566676,2.7298481526061806,2.230000000000004,3.1499999999999915,0.29999999999999716,,0,-22.33187795326554,-27.32127731661865,-29.661697441978646,,0,,,-0.41332770982707157,-19.37995083310571,-28.448484848484846,166.0,-18.255158284905093,166.0,0,25,20,20,139.72495,141.00495,140.36495000000002,145.185,118.06,,,,,,118.26666666666667,121.00333333333333,123.94666666666666,126.68333333333332,115.32333333333334,112.58666666666667,109.64333333333335,0,0,0,0,0,0,0,0,0,0,0,0,0,0,0,0,0,0,0,0,0,0,,,,,,,,,,,,,,,,,,USD,1.0,stock,31.75
2026-01-21,118.605,123.4,116.56,122.41,6242351,148.3825,152.4042,,142.32834700575623,150.98462640212077,156.32815666829387,161.4166105164358,17.96331435800127,-9.568294391765477,-5.558186996588365,-4.010107395177112,1,7.446985714285714,0.5,0.05,4802567.5,3305813.8,1.2997945369846442,1.8882947974867792,14.217842979630033,6.79758590338909,3.8049999999999926,0.9900000000000091,2.0450000000000017,,0,-16.271829920558968,-21.217629278653703,-24.50306347520628,,0,,,3.684567169235975,-11.226339836101229,-24.00198671385112,166.0,-13.994645075833464,166.0,0,25,20,20,137.36,141.00495,139.182475,142.255,122.41,,,,,,120.79,125.02000000000001,127.63000000000001,131.86,118.18,113.95,111.34,0,0,0,0,0,0,0,0,0,0,0,0,0,0,0,0,0,0,0,0,0,0,,,,,,,,,,,,,,,,,,USD,1.0,stock,31.75
2026-01-22,123.2,128.77,122.985,128.44,4959238,146.582,151.8164,,141.00564729092233,150.10052340595917,155.77591594218902,161.08848503866034,25.394275700934585,-9.436600049407957,-6.333869607152283,-3.102730442255674,1,7.777921428571429,0.5,0.05,5030155.1,3485130.3,0.9859016076860135,1.4229706131790827,26.679121056253457,15.354464153816727,5.239999999999995,0.3300000000000125,0.2150000000000034,,0,-9.78328191445214,-14.124883213952035,-18.200249143568975,,0,,,4.926068131688588,-2.6674749924219587,-21.897233201581024,164.6845,-8.911449670520593,164.6845,0,25,20,20,133.18415,141.00495,137.09455,141.00495,128.44,,,,,,126.73166666666667,130.47833333333335,132.51666666666668,136.26333333333335,124.69333333333333,120.94666666666666,118.90833333333332,0,0,0,0,0,0,0,0,0,0,0,0,0,0,0,0,0,0,0,0,0,0,,,,,,,,,,,,,,,,,,USD,1.0,stock,27.0
2026-01-23,128.76,132.28,128.65,131.75,5862998,145.05,151.2688,,140.12415707273925,149.380895037098,155.30015523046248,160.79655981439507,32.13786679087099,-8.961835535601836,-6.859462792842194,-2.1023727427596413,1,7.459157142857144,0.5,0.05,5206974.1,3685053.7,1.1259894686243974,1.5910210480786209,33.519391443255714,24.805451826379738,2.990000000000009,0.5300000000000011,0.10999999999998522,,0,-6.356096449896966,-10.094876660341564,-14.8150284629981,,0,,,2.5770787916536975,2.5690930323083006,-18.86815690621343,164.6845,-5.976240819341506,164.6845,0,25,20,20,132.13,141.00495,136.567475,141.00495,131.75,,,,,,130.89333333333335,133.13666666666668,134.52333333333334,136.76666666666668,129.5066666666667,127.26333333333335,125.8766666666667,0,0,0,0,0,0,0,0,0,0,0,0,0,0,0,0,0,0,0,0,0,0,,,,,,,,,,,,,,,,,,USD,1.0,stock,25.0
2026-01-26,132.74,138.95,132.51,138.44,6110712,143.916,150.8868,,139.9637611610498,148.95184032976084,154.9662907704533,160.57410648290855,39.00598120193677,-7.954064642612963,-7.0783831627963485,-0.8756814798166142,1,7.690585714285715,0.5,0.05,5447493.5,3968641.05,1.1217474605522706,1.5397492297772812,47.34459050339015,35.847701000966445,5.699999999999989,0.5099999999999909,0.2300000000000182,,0,-1.1006653864849791,-3.9555041895405942,-8.990754117307134,,0,,,5.077798861480076,16.777730915225654,-14.076464746772599,164.6845,-1.0886826335686162,164.6845,0,25,20,20,131.765,141.00495,136.384975,141.00495,138.44,,,,,,136.63333333333333,140.75666666666666,143.07333333333332,147.19666666666666,134.31666666666666,130.19333333333333,127.87666666666667,0,0,0,0,0,0,0,0,0,0,0,0,0,0,0,0,0,0,0,0,0,0,,,,,,,,,,,,,,,,,,USD,1.0,stock,25.0
2026-01-27,139.49,140.68,131.1701,133.86,4270846,142.4515,150.454,,139.38245057428315,148.36000345408394,154.54834441856312,160.3082944781035,32.57963594994311,-7.439212066708706,-7.15054894357882,-0.2886631231298855,1,7.607007142857143,0.5,0.05,5622988.3,4138900.0,0.7595331471701622,1.031879484887289,37.879805496601584,39.58126248108249,5.6299999999999955,1.1899999999999977,2.689900000000023,,0,-4.125542039655715,-6.418272822351708,-12.396533691916922,,0,,,-3.308292401040147,13.38302558021347,-17.952804167943604,164.6845,-3.9620845748726303,164.6845,0,25,20,20,128.10500000000002,140.93,134.5175,141.00495,133.86,,,,,,135.2367,139.30330000000004,144.74660000000003,148.81320000000005,129.79340000000002,125.7268,120.2835,0,0,0,0,0,0,0,0,0,0,0,0,0,0,0,0,0,0,0,0,0,0,,,,,,,,,,,,,,,,,,USD,1.0,stock,25.0
2026-01-28,135.49,138.85,133.61,134.76,2524161,140.98999999999998,150.1082,,138.9422171862562,147.82666998529632,154.15649601423513,160.05408259274924,30.999854460777158,-6.8792653241431765,-7.0962922196916915,0.21702689554851506,1,7.502014285714284,0.5,0.05,5362306.6,4202073.5,0.4707229907368594,0.6006941573011514,44.044892349977076,43.089762783322946,0.7300000000000182,3.359999999999985,1.1499999999999773,,0,-3.1034559114397418,-4.623033541110114,-11.389284654200074,,0,,,0.6723442402509994,10.089045012662368,-17.82425757668151,164.5,-3.0100406276443747,164.5,0,25,20,20,128.10500000000002,140.765,134.435,141.00495,134.76,,,,,,135.74,137.87,140.98,143.10999999999999,132.63000000000002,130.50000000000003,127.39000000000004,0,0,0,0,0,0,0,0,0,0,0,0,0,0,0,0,0,0,0,0,0,0,,,,,,,,,,,,,,,,,,USD,1.0,stock,25.0
2026-01-29,125.16,125.4099,115.01,120.38,9472321,138.8625,149.48,,137.17438697804133,146.75032998587292,153.48765450900277,159.65931560177663,29.727843684577792,-7.509286932399334,-7.178891162233221,-0.3303957701661133,0,8.066299999999998,0.5,0.05,5908306.8,4621081.6,1.603220909245945,2.0498060454072053,14.988151824116665,32.304283223565115,4.780000000000001,0.24989999999999668,5.36999999999999,,0,-13.951143859479426,-15.353464030569878,-24.173450739325467,,0,,,-10.67082220243395,-6.275303643724694,-26.1155097281041,163.9199,-12.243092422734685,163.9199,0,25,20,20,127.845,140.505,134.175,140.74495,120.38,,,,,,120.26663333333333,125.52326666666666,130.66653333333332,135.92316666666665,115.12336666666667,109.86673333333334,104.72346666666668,0,0,0,0,0,0,0,0,0,0,0,0,0,0,0,0,0,0,0,0,0,0,,,,,,,,,,,,,,,,,,USD,1.0,stock,28.5
2026-01-30,121.62,123.56,117.83,118.18,4400025,136.6645,148.9232,,135.36539774203737,145.6299248883877,152.78849303357697,159.24658609330126,30.06775832862789,-8.092816261575535,-7.361676182101684,-0.7311400794738514,0,7.923564285714285,0.5,0.05,5885205.9,4772451.55,0.747641641560918,0.9219632622566908,9.400948991696332,22.811331055263363,3.4399999999999977,1.9399999999999977,0.3500000000000085,,0,-14.541714115787244,-15.640971399559989,-26.013877136571335,,0,,,-1.8275461040039742,-10.299810246679309,-27.112372024176622,163.9199,-12.695561811732103,163.9199,0,25,20,20,127.845,139.84725,133.846125,140.74495,118.18,,,,,,119.85666666666667,121.88333333333334,125.58666666666667,127.61333333333334,116.15333333333334,114.12666666666667,110.42333333333333,0,0,0,0,0,0,0,0,0,0,0,0,0,0,0,0,0,0,0,0,0,0,,,,,,,,,,,,,,,,,,USD,1.0,stock,26.5
2026-02-02,117.84,119.61,113.47,113.7,5168711,134.6115,148.2222,,133.30202652851,144.37777097119604,152.01446346855565,158.79338623167638,28.260292164674624,-8.815150450969114,-7.65237103587517,-1.1627794150939437,0,7.999992857142857,0.5,0.05,5572183.8,4897193.7,0.9275916203625588,1.0554434471317726,0.6660874601795655,8.35172942533086,4.140000000000001,1.769999999999996,0.23000000000000398,,0,-17.24012887291996,-18.39182058047494,-30.362532981530325,,0,,,-3.790827551193099,-17.87055764229991,-26.53140346342724,163.9199,-14.704972639195105,163.9199,0,25,20,20,127.075,139.07725,133.076125,139.97494999999998,113.7,,,,,,115.59333333333332,117.71666666666664,121.73333333333332,123.85666666666664,111.57666666666664,109.45333333333332,105.43666666666664,0,0,0,0,0,0,0,0,0,0,0,0,0,0,0,0,0,0,0,0,0,0,,,,,,,,,,,,,,,,,,USD,1.0,stock,30.0
2026-02-03,110.01,110.24,100.92,105.0,7658011,132.1675,147.392,,130.60659543055667,142.83354465860012,151.08348399393077,158.25812865723185,28.20410868124584,-9.97464133495589,-8.116825095691315,-1.8578162392645758,0,8.174278571428571,0.5,0.05,5666937.4,5072157.7,1.3513491431897589,1.509813269409979,10.261569416498988,6.776201956124967,5.010000000000005,0.22999999999998977,4.079999999999998,,0,-24.387233743387302,-25.873809523809516,-40.37333333333333,,0,,,-7.651715039577834,-21.559838637382345,-31.76501169742656,163.9199,-19.605897654817635,163.9199,0,25,20,20,120.80000000000001,132.80225000000002,126.80112500000001,133.69995,105.0,,,,,,105.38666666666666,109.85333333333331,114.70666666666665,119.1733333333333,100.53333333333332,96.06666666666666,91.21333333333332,0,0,0,0,0,0,0,0,0,0,0,0,0,0,0,0,0,0,0,0,0,0,,,,,,,,,,,,,,,,,,USD,1.0,stock,30.0
2026-02-04,103.94,110.23,98.705,105.04,7445077,129.50150000000002,146.612,,128.17168158002747,141.35144486806678,150.17173183563511,157.72859503875193,30.649798734905104,-10.766212354205294,-8.646702547394112,-2.119509806811182,0,8.445707142857144,0.5,0.05,5787210.0,5294888.75,1.2864708555590691,1.4060875216688924,15.09231685527101,8.673324577316526,1.1000000000000085,5.189999999999998,5.234999999999999,,0,-22.021783682432844,-23.287795125666424,-39.57730388423457,,0,,,0.03809523809523707,-22.05402196497476,-33.67011871684768,163.9199,-18.0474199096659,163.9199,0,25,20,20,119.6925,131.69475,125.693625,132.59244999999999,105.04,,,,,,104.65833333333335,110.6116666666667,116.18333333333335,122.1366666666667,99.08666666666669,93.13333333333334,87.56166666666668,0,0,0,0,0,0,0,0,0,0,0,0,0,0,0,0,0,0,0,0,0,0,,,,,,,,,,,,,,,,,,USD,1.0,stock,28.0
2026-02-05,104.49,106.96,97.93,98.41,8239639,126.37849999999999,145.65460000000002,,125.33723571526295,139.6674666379465,149.14674704681067,157.13836026224695,29.334067143643367,-11.792586088896911,-9.275879255694672,-2.516706833202239,0,8.643207142857142,0.5,0.05,6115250.1,5572702.6,1.3473919897405342,1.478571456513757,1.1228070175438356,8.825564429771282,6.079999999999998,2.469999999999999,0.47999999999998977,,0,-27.362296225244336,-28.420384107306162,-48.00792602377809,,0,,,-6.311881188118818,-18.250539956803458,-38.826381550320136,159.19,-21.48382766030948,159.19,0,25,20,20,119.305,131.215,125.26,132.20495,98.41,,,,,,101.09999999999998,104.26999999999995,110.12999999999997,113.29999999999994,95.23999999999997,92.07,86.20999999999998,0,0,0,0,0,0,0,0,0,0,0,0,0,0,0,0,0,0,0,0,0,0,,,,,,,,,,,,,,,,,,USD,1.0,stock,30.0
2026-02-06,100.14,102.99,92.32,94.72,14004997,123.643,144.62,,122.42130850428552,137.9048208874388,148.0689896795471,156.51728205068233,32.07462012938167,-12.756695583724877,-9.972042521300713,-2.784653062424164,0,8.592492857142856,0.5,0.05,6929450.0,6068212.05,2.0210834914747924,2.3079280823747745,4.962779156327554,7.0593010097141375,5.420000000000002,2.8499999999999943,2.4000000000000057,,0,-29.24546928239603,-30.535261824324326,-52.68158783783784,,0,,,-3.749618941164512,-19.85107463191742,-36.61246068393228,150.8383,-22.627848732163976,150.8383,0,25,20,20,116.5,128.11995000000002,122.30997500000001,129.39995,94.72,,,,,,96.67666666666666,101.03333333333333,107.34666666666666,111.70333333333333,90.36333333333333,86.00666666666666,79.69333333333333,0,0,0,0,0,0,0,0,0,0,0,0,0,0,0,0,0,0,0,0,0,0,,,,,,,,,,,,,,,,,,USD,1.0,stock,28.0
2026-02-09,93.455,94.0,88.51,91.23,8779270,120.8835,143.46380000000002,,119.45070769435355,136.07443575459806,146.94346513143725,155.86765735366063,30.689506261695684,-13.645081135698632,-10.706650244180297,-2.938430891518335,0,8.630349999999998,0.5,0.05,7196305.8,6321899.65,1.2199690013173148,1.3887075857017122,5.213724362660531,3.7664368455106447,2.2249999999999943,0.5450000000000017,2.719999999999999,,0,-30.933582916095087,-32.504110489970394,-57.25506960429685,,0,,,-3.6845439189189144,-19.762532981530345,-37.692938123207206,148.73,-23.625400166371342,148.73,0,25,20,20,113.68,126.21495000000002,119.94747500000001,127.49494999999999,91.23,,,,,,91.24666666666667,93.98333333333333,96.73666666666666,99.47333333333333,88.49333333333334,85.75666666666667,83.00333333333334,0,0,0,0,0,0,0,0,0,0,0,0,0,0,0,0,0,0,0,0,0,0,,,,,,,,,,,,,,,,,,USD,1.0,stock,28.0
2026-02-10,91.29,97.0,90.5,92.92,6759798,118.20749999999998,142.3616,,116.92397362822464,134.38210494069227,145.87369354467612,155.24131250437048,27.92995060619667,-14.050795387123102,-11.375479272768859,-2.675316114354244,1,8.606064285714284,0.5,0.05,7445201.0,6534094.65,0.9079402960376758,1.034542405962852,8.453133985048872,6.209879168012324,1.6299999999999955,4.079999999999998,0.7900000000000063,,0,-25.83294622064641,-27.214270340077462,-53.20878174774,,0,,,1.8524608133289489,-11.504761904761907,-36.54739142310844,148.0,-20.52955684225074,148.0,0,25,20,20,106.95994999999999,126.21495000000002,116.58745,127.49494999999999,92.92,,,,,,93.47333333333334,96.44666666666669,99.97333333333334,102.94666666666669,89.94666666666669,86.97333333333334,83.44666666666669,0,0,0,0,0,0,0,0,0,0,0,0,0,0,0,0,0,0,0,0,0,0,,,,,,,,,,,,,,,,,,USD,1.0,stock,30.0
2026-02-11,91.75,93.0,85.04,86.97,8582986,115.6615,141.1106,,114.0712142350604,132.52280670772396,144.7072837715142,154.56199596203845,18.927019331634924,-14.68318352841439,-12.037020123897964,-2.6461634045164253,1,8.720349999999998,0.5,0.05,8051083.5,6706695.05,1.0660659524895004,1.2797638681961543,3.4687275341480817,5.711861960619166,4.780000000000001,1.25,1.9299999999999926,,0,-31.161566327538686,-32.99011153271243,-62.252040933655294,,0,,,-6.403357727077063,-17.202970297029708,-36.92798607585757,140.68,-23.758153550653354,140.68,0,25,20,20,104.30000000000001,124.47995,114.389975,125.75995,86.97,,,,,,88.33666666666666,91.63333333333331,96.29666666666665,99.5933333333333,83.67333333333332,80.37666666666667,75.71333333333332,0,0,0,0,0,0,0,0,0,0,0,0,0,0,0,0,0,0,0,0,0,0,,,,,,,,,,,,,,,,,,USD,1.0,stock,31.75
2026-02-12,87.14,88.5,83.17,86.48,11092388,113.3875,139.8086,,111.44347954600703,130.71720644467598,143.5542682512862,153.88456316639628,14.583007354091677,-15.050402915142143,-12.639696682146802,-2.4107062329953415,1,8.826778571428568,0.5,0.05,8213090.2,7060698.5,1.3505742333135462,1.5710043418508806,5.755520778994961,5.892460766063976,0.6599999999999966,1.3599999999999994,3.3100000000000023,,0,-28.866188189184804,-31.114130434782606,-61.66581868640149,,0,,,-0.5634126710359788,-12.12275175287063,-34.46498939072447,140.68,-22.400125738806807,140.68,0,25,20,20,101.39,123.54495,112.46747500000001,124.82495,86.48,,,,,,86.05000000000001,88.93000000000002,91.38000000000001,94.26000000000002,83.60000000000002,80.72000000000001,78.27000000000002,0,0,0,0,0,0,0,0,0,0,0,0,0,0,0,0,0,0,0,0,0,0,,,,,,,,,,,,,,,,,,USD,1.0,stock,31.75
2026-02-13,86.38,88.25,84.0,84.38,6198006,111.18400000000001,138.418,,108.86600530353016,128.90006109390438,142.38250056314192,153.19297547319832,4.433580579905566,-15.334117216252011,-13.178580788967846,-2.155536427284165,1,8.616064285714284,0.5,0.05,8392888.3,7139047.1,0.738483079776005,0.8681839345197765,2.103981916188478,3.776076743110511,2.0,1.8700000000000045,0.37999999999999545,,0,-29.0187311016001,-31.765821284664636,-64.04124200047406,,0,,,-2.4283071230342346,-10.916385135135142,-34.30906967691708,140.68,-22.49187451607188,140.68,0,25,20,20,96.705,121.18,108.9425,124.82495,84.38,,,,,,85.54333333333334,87.08666666666667,89.79333333333334,91.33666666666667,82.83666666666667,81.29333333333334,78.58666666666667,0,0,0,0,0,0,0,0,0,0,0,0,0,0,0,0,0,0,0,0,0,0,,,,,,,,,,,,,,,,,,USD,1.0,stock,31.75
2026-02-17,85.44,87.2,80.4,82.15,8777063,109.36399999999999,136.9259,,106.3216238460511,127.06672536473167,141.18977777971335,152.48608019485803,4.616464806038238,-15.559544463944903,-13.654773523963257,-1.9047709399816455,1,8.422499999999996,0.5,0.05,8753723.5,7162953.65,1.0026662368305328,1.22534130874908,2.9940119760479047,3.617838223743785,3.289999999999992,1.7600000000000051,1.75,,0,-29.42376609379317,-33.12720632988434,-66.6779062690201,,0,,,-2.642806352216154,-9.952866381672699,-30.704344158582874,140.68,-22.734438180750992,140.68,0,25,20,20,95.315,115.61915,105.467075,123.43995,82.15,,,,,,83.25000000000001,86.10000000000002,90.05000000000001,92.90000000000002,79.30000000000003,76.45000000000002,72.50000000000003,0,0,0,0,0,0,0,0,0,0,0,0,0,0,0,0,0,0,0,0,0,0,,,,,,,,,,,,,,,,,,USD,1.0,stock,31.75
2026-02-18,82.04,84.48,80.4,83.61,4623708,107.6415,135.46730000000002,,104.1586120511891,125.36254005631082,140.0495841603131,151.80074606356592,5.544933078393882,-15.44237727095279,-14.012294273361164,-1.4300829975916258,1,8.339642857142854,0.5,0.05,8450293.2,7058615.3,0.5471653930303862,0.6550446232705159,7.131764345177382,4.076586079137925,1.5699999999999932,0.8700000000000045,1.6400000000000006,,0,-24.57673968567049,-28.742375313957652,-62.02284415739747,,0,,,1.7772367620206841,-10.019371502367635,-29.180077926478067,140.68,-19.728193038027822,140.68,0,25,20,20,93.68,114.565,104.1225,123.43995,83.61,,,,,,82.83,85.25999999999999,86.91,89.33999999999999,81.17999999999999,78.75,77.1,0,0,0,0,0,0,0,0,0,0,0,0,0,0,0,0,0,0,0,0,0,0,,,,,,,,,,,,,,,,,,USD,1.0,stock,31.75
2026-02-19,83.71,84.35,80.21,80.26,6662217,105.53400000000002,133.8859,,101.88255376059966,123.59381299527902,138.8656319987227,151.08889784402794,6.860215053763454,-15.44183457250081,-14.298202333189094,-1.1436322393117155,1,7.224642857142856,0.5,0.05,8372007.2,7079608.6,0.7957729658904259,0.9410431248981759,0.11534025374858445,3.4137055249912946,3.4499999999999886,0.6400000000000006,0.05000000000001137,,0,-26.940635136555763,-31.49015698978322,-66.81522551706949,,0,,,-4.006697763425415,-7.715304127860179,-34.43346131851972,140.68,-21.22301901796419,140.68,0,25,20,20,91.6,114.10499999999999,102.85249999999999,123.34494999999998,80.26,,,,,,81.60666666666667,83.00333333333334,85.74666666666667,87.14333333333335,78.86333333333334,77.46666666666667,74.72333333333334,0,0,0,0,0,0,0,0,0,0,0,0,0,0,0,0,0,0,0,0,0,0,,,,,,,,,,,,,,,,,,USD,1.0,stock,31.75
2026-02-20,79.565,81.19,75.01,75.98,9565018,102.91100000000002,132.1907,,99.41564387863778,121.72660464252299,137.62037195914402,150.34154562667442,6.566488266776432,-15.606858560066911,-14.559933578564657,-1.0469249815022543,1,7.256785714285712,0.5,0.05,8504545.1,7309897.6,1.1246948411150175,1.3085023243006852,2.1748878923766792,3.140664163767552,3.5849999999999937,1.625,0.9699999999999989,,0,-30.844490495706467,-35.44485390892341,-73.98091603053433,,0,,,-5.33266882631448,-12.14153561517114,-40.843973839925255,140.68,-23.573396463887487,140.68,0,25,20,20,86.005,107.845,96.925,120.74494999999999,75.98,,,,,,77.39333333333333,79.77666666666666,83.57333333333332,85.95666666666665,73.59666666666666,71.21333333333334,67.41666666666667,0,0,0,0,0,0,0,0,0,0,0,0,0,0,0,0,0,0,0,0,0,0,,,,,,,,,,,,,,,,,,USD,1.0,stock,31.75
2026-02-23,73.5,73.75,68.27,68.81,10326653,99.76400000000001,130.3387,,96.50082065210084,119.65144367614954,136.25779033619065,149.53028646621001,6.221962161107868,-16.130260731976918,-14.87399900924711,-1.2562617227298087,0,7.36892857142857,0.5,0.05,8136710.7,7533080.35,1.2691434390066245,1.3708406813953604,1.2866333095068054,1.1922871518773601,4.689999999999998,0.25,0.5400000000000063,,0,-40.2424366401698,-44.98474059003053,-89.41825316087775,,0,,,-9.436693866807055,-18.452239867267117,-47.77229601518026,140.68,-28.694906908543484,140.68,0,25,20,20,82.63499999999999,104.475,93.55499999999999,117.37494999999998,68.81,,,,,,70.27666666666666,72.28333333333332,75.75666666666666,77.76333333333332,66.80333333333331,64.79666666666665,61.32333333333331,0,0,0,0,0,0,0,0,0,0,0,0,0,0,0,0,0,0,0,0,0,0,,,,,,,,,,,,,,,,,,USD,1.0,stock,31.75
2026-02-24,68.81,73.2,67.85,71.18,10131830,96.401,128.5277,,94.08931392332933,117.7506027476731,134.96912122062253,148.75068162575022,12.372051624388078,-16.167453194504958,-15.13268984629868,-1.034763348206278,1,6.838214285714285,0.5,0.05,8271966.7,7734136.25,1.2248393117926841,1.3100144182228495,7.857479943369541,3.7730003817510123,2.3700000000000045,2.019999999999996,0.960000000000008,,0,-32.18504344384563,-35.4327058162405,-80.5671536948581,,0,,,3.4442668216829064,-13.353621424223983,-48.58422421265529,140.68,-24.348475898121077,140.68,0,25,20,20,80.425,104.265,92.345,117.16494999999999,71.18,,,,,,70.74333333333334,73.63666666666668,76.09333333333335,78.9866666666667,68.28666666666668,65.39333333333333,62.93666666666667,0,0,0,0,0,0,0,0,0,0,0,0,0,0,0,0,0,0,0,0,0,0,,,,,,,,,,,,,,,,,,USD,1.0,stock,31.75
2026-02-25,70.89,73.55,67.87,73.19,6396622,93.36749999999999,126.72619999999999,,92.09890307348844,116.0031281301173,133.7457722855607,147.99883404738455,16.052014495843082,-15.852006227032561,-15.276553122445458,-0.575453104587103,1,6.420714285714284,0.5,0.05,8235649.1,7840425.05,0.7766991918099085,0.8158514314220758,13.65379698286884,7.599303411915066,2.299999999999997,0.35999999999999943,3.019999999999996,,0,-25.835364221189298,-27.568656920344303,-73.14687798879628,,0,,,2.8238269176734887,-12.462624088027752,-45.32347228447633,138.85,-20.531083913562437,138.85,0,25,20,20,78.175,104.265,91.22,117.16494999999999,73.19,,,,,,71.53666666666668,75.20333333333335,77.21666666666667,80.88333333333334,69.52333333333335,65.85666666666668,63.84333333333336,0,0,0,0,0,0,0,0,0,0,0,0,0,0,0,0,0,0,0,0,0,0,,,,,,,,,,,,,,,,,,USD,1.0,stock,31.75
2026-02-26,75.0,81.67,75.0,79.43,10623894,90.60100000000001,125.074,,90.89234087601336,114.56888781128917,132.67021243832187,147.3165570916892,29.600171969045576,-14.926433745656396,-15.206529247087648,0.2800955014312514,1,6.381428571428571,0.5,0.05,8439739.9,8245411.7,1.258794006199172,1.2884613147940205,32.953898690950524,18.155058539062974,4.430000000000007,2.239999999999995,0.0,,0,-14.43074515424066,-14.06395568425029,-57.464434092911986,,0,,,8.525754884547077,-1.0341390480936963,-41.058177500742055,125.4099,-12.610898526256669,125.4099,0,25,20,20,78.05,104.265,91.1575,117.16494999999999,79.43,,,,,,78.7,82.4,85.37,89.07000000000001,75.73,72.03,69.06,0,0,0,0,0,0,0,0,0,0,0,0,0,0,0,0,0,0,0,0,0,0,,,,,,,,,,,,,,,,,,USD,1.0,stock,28.5
2026-02-27,75.43,76.77,73.56,75.13,7419952,88.3385,123.3932,,89.39116555448828,113.02226475986608,131.53080229102838,146.59828289177187,29.21705919796308,-14.374188254599204,-15.040061048589958,0.6658727939907543,1,6.038571428571428,0.5,0.05,8072496.3,8142793.25,0.9191644968607791,0.9112293253915049,24.97427101200686,23.86065556194208,0.30000000000001137,1.3399999999999892,1.5699999999999932,,0,-18.981985298134283,-17.58085984293891,-64.23958471981898,,0,,,-5.413571698350761,-1.1187154514346043,-37.589300548263836,123.56,-15.953663279841015,123.56,0,25,20,20,77.525,104.265,90.89500000000001,117.16494999999999,75.13,,,,,,75.15333333333332,76.74666666666664,78.36333333333332,79.95666666666664,73.53666666666665,71.94333333333333,70.32666666666665,0,0,0,0,0,0,0,0,0,0,0,0,0,0,0,0,0,0,0,0,0,0,,,,,,,,,,,,,,,,,,USD,1.0,stock,30.0
2026-03-02,72.91,75.65,72.34,73.8,5432935,86.11949999999999,121.67800000000001,,87.90629264453702,111.4841367300674,130.38761808724564,145.87392186797317,30.620413609072713,-13.883805738761254,-14.808809986624219,0.9250042478629652,1,5.831428571428572,0.5,0.05,7995989.2,8194438.75,0.6794575210281675,0.663002698018824,20.41166380789023,26.11327783694921,0.8900000000000006,1.8500000000000085,0.5699999999999932,,0,-19.11421767552442,-16.693089430894297,-64.87533875338755,,0,,,-1.7702648742180194,7.251852928353419,-37.55288542900661,119.61,-16.04696571789012,119.61,0,25,20,20,76.16499999999999,104.265,90.215,117.16494999999999,73.8,,,,,,73.93,75.52000000000001,77.24000000000001,78.83000000000001,72.21000000000001,70.62,68.9,0,0,0,0,0,0,0,0,0,0,0,0,0,0,0,0,0,0,0,0,0,0,,,,,,,,,,,,,,,,,,USD,1.0,stock,28.0
2026-03-03,72.11,78.7499,71.0,78.38,5951499,84.3535,120.006,,86.99902667839063,110.18593528967261,129.35776426373582,145.20234055585405,34.8098620977852,-12.976026779187208,-14.442253345136818,1.4662265659496097,1,5.920707142857142,0.5,0.05,7713432.8,8233578.15,0.771575918830848,0.7228326362579068,41.86878727634194,29.084907365413017,6.269999999999996,0.36990000000000123,1.1099999999999994,,0,-10.996461697359837,-7.621204388874715,-53.10793569788213,,0,,,6.2059620596205844,10.115200899128961,-31.06420404573439,110.24,-9.907038052566499,110.24,0,25,20,20,76.1,104.265,90.1825,117.16494999999999,78.38,,,,,,76.0433,81.0866,83.7932,88.8365,73.33670000000001,68.2934,65.58680000000001,0,0,0,0,0,0,0,0,0,0,0,0,0,0,0,0,0,0,0,0,0,0,,,,,,,,,,,,,,,,,,USD,1.0,stock,26.5
2026-03-04,77.5,78.2999,74.35,76.81,6379882,82.94399999999999,118.2422,,86.02864318521058,108.87707508223448,128.3172144763351,144.52181975430327,38.31646734130635,-12.242171163803718,-14.002236908870199,1.7600657450664805,1,5.6399928571428575,0.5,0.05,7889050.2,8169671.7,0.8087009003948282,0.7809226899533797,43.3898305084746,35.22342719756893,0.6899999999999977,0.7998999999999938,2.460000000000008,,0,-12.001878902760813,-7.985939330816281,-53.94115349563858,,0,,,-2.003062005613665,4.946030878535335,-26.84761904761904,110.23,-10.715783538935767,110.23,0,25,20,20,74.75999999999999,104.265,89.51249999999999,117.16494999999999,76.81,,,,,,76.48663333333333,78.62326666666667,80.43653333333333,82.57316666666667,74.67336666666667,72.53673333333333,70.72346666666667,0,0,0,0,0,0,0,0,0,0,0,0,0,0,0,0,0,0,0,0,0,0,,,,,,,,,,,,,,,,,,USD,1.0,stock,26.5
2026-03-05,77.76,84.26,77.7,82.51,12190089,81.8175,116.671,,85.69353431042862,107.84307213783313,127.41014092234826,143.90478672192216,45.923187512836314,-11.07300028378755,-13.41638958385367,2.3433893000661197,1,5.79142142857143,0.5,0.05,8441837.4,8406922.3,1.4440089784245311,1.4500061455308084,71.86274509803926,52.373787627618604,4.75,1.75,0.060000000000002274,,0,-3.858361786969594,0.8392922070052232,-41.402254272209426,,0,,,7.420908735841691,3.8776281002140145,-21.448971820258944,106.96,-3.7150227681077066,106.96,0,25,20,20,76.055,103.35,89.7025,117.09,82.51,,,,,,81.49000000000001,85.28000000000002,88.05000000000001,91.84000000000002,78.72000000000001,74.93,72.16000000000001,0,0,0,0,0,0,0,0,0,0,0,0,0,0,0,0,0,0,0,0,0,0,,,,,,,,,,,,,,,,,,USD,1.0,stock,25.0
2026-03-06,81.8,84.95,79.43,83.62,7532173,81.078,115.0544,,85.49605485229256,106.89314774027105,126.54300941893541,143.30493809782345,49.203354297693934,-9.942248166580725,-12.721561300399083,2.7793131338183574,1,5.882135714285715,0.5,0.05,8238552.9,8371549.0,0.9142592262774691,0.8997346847041091,81.49870801033593,65.5837612056166,1.8200000000000074,1.3299999999999983,2.3699999999999903,,0,-2.2435480175706224,3.039942597464723,-37.591963645060986,,0,,,1.3452914798206317,11.300412618128597,-15.028960471496788,102.99,-2.1943174518797677,102.99,0,25,20,20,76.4,96.62995,86.51497499999999,116.925,83.62,,,,,,82.66666666666667,85.90333333333334,88.18666666666667,91.42333333333333,80.38333333333334,77.14666666666668,74.86333333333334,0,0,0,0,0,0,0,0,0,0,0,0,0,0,0,0,0,0,0,0,0,0,,,,,,,,,,,,,,,,,,USD,1.0,stock,25.0
2026-03-09,82.68,83.91,80.04,82.04,5374026,80.444,113.4474,,85.16690677112184,105.91851449555455,125.66176170766937,142.69533672371577,49.88310308182784,-9.069069178266759,-11.99106287597262,2.9219936977058616,1,5.6728499999999995,0.5,0.05,7743290.2,7940000.45,0.6940235818618808,0.6768294326733949,82.9824561403509,78.7813030829087,0.6400000000000006,1.2299999999999898,2.0,,0,-3.811441700538564,1.945392491467581,-38.2830326669917,,0,,,-1.8895001195886163,11.16531165311654,-13.38682432432432,97.0,-3.671504448934737,97.0,0,25,20,20,76.41,95.705,86.0575,116.925,82.04,,,,,,81.99666666666667,83.95333333333333,85.86666666666666,87.82333333333332,80.08333333333334,78.12666666666668,76.21333333333335,0,0,0,0,0,0,0,0,0,0,0,0,0,0,0,0,0,0,0,0,0,0,,,,,,,,,,,,,,,,,,USD,1.0,stock,25.0
2026-03-10,81.1,82.0,76.86,78.01,6561695,79.783,111.7852,,84.48529660244358,104.82406294670928,124.71816246593333,142.051701532435,44.35711406690851,-8.60308485205762,-11.31346727118962,2.7103824191319994,0,5.751421428571429,0.5,0.05,7386276.7,7829121.7,0.8883630097421072,0.8381138078361969,59.41520467836261,74.63212294301648,3.089999999999989,0.9000000000000057,1.1500000000000057,,0,-8.30059813157746,-2.272785540315339,-43.295987693885394,,0,,,-4.912237932715746,-0.47205919877518765,-14.490847308999232,97.0,-7.6644065450985135,97.0,0,25,20,20,77.975,93.72999999999999,85.85249999999999,116.26725,78.01,,,,,,78.95666666666666,81.05333333333333,84.09666666666666,86.19333333333333,75.91333333333333,73.81666666666666,70.77333333333333,0,0,0,0,0,0,0,0,0,0,0,0,0,0,0,0,0,0,0,0,0,0,,,,,,,,,,,,,,,,,,USD,1.0,stock,25.0
2026-03-11,78.13,79.1,74.2001,75.45,6176854,78.90950000000001,110.03119999999998,,83.62479216411562,103.67213890958342,123.7425552883901,141.38899803459984,45.074749129633425,-8.344173088195106,-10.719608434590716,2.3754353463956104,0,5.8057,0.5,0.05,7364299.9,7799974.5,0.8387564444516986,0.7919069479009194,44.44444444444448,62.280701754386,2.6799999999999926,0.9699999999999989,1.2498999999999967,,0,-10.834714597900085,-4.585155732273035,-45.83326706428095,,0,,,-3.2816305601845897,-1.7706027860955542,-18.80111924235902,93.0,-9.775560515681036,93.0,0,25,20,20,77.975,89.04499999999999,83.50999999999999,116.26725,75.45,,,,,,76.25003333333332,78.29996666666663,81.14993333333331,83.19986666666662,73.40006666666665,71.35013333333333,68.50016666666666,0,0,0,0,0,0,0,0,0,0,0,0,0,0,0,0,0,0,0,0,0,0,,,,,,,,,,,,,,,,,,USD,1.0,stock,26.5
2026-03-12,75.77,80.42,73.32,73.34,7607371,78.228,108.2182,,82.64528814848556,102.48264326607035,122.7444848866398,140.71189357654413,47.17102443206172,-8.214550787867566,-10.218596905246088,2.004046117378522,0,5.871414285714287,0.5,0.05,7062647.6,7751193.75,1.0771273650974742,0.9814450838620825,32.105263157894775,45.32163742690062,2.4299999999999926,4.650000000000006,0.020000000000010232,,0,-12.687875850130295,-6.664848650122704,-47.55685846741204,,0,,,-2.796554009277663,-11.113804387346992,-15.6720708290215,88.5,-11.259308736109809,88.5,0,25,20,20,77.975,89.03999999999999,83.5075,116.26725,73.34,,,,,,75.69333333333334,78.06666666666669,82.79333333333335,85.1666666666667,70.96666666666668,68.59333333333333,63.866666666666674,0,0,0,0,0,0,0,0,0,0,0,0,0,0,0,0,0,0,0,0,0,0,,,,,,,,,,,,,,,,,,USD,1.0,stock,26.5
2026-03-13,73.07,76.09,72.64,75.21,5790984,77.6645,106.46379999999999,,81.9371654676774,101.41312784387152,121.80320795819149,140.06013344145413,57.73694390715666,-7.870207950997056,-9.748919114396283,1.8787111633992275,0,5.567128571428571,0.5,0.05,6899750.8,7486123.55,0.8393033557096005,0.7735624400695338,43.0409356725146,39.863547758284625,2.1400000000000006,0.8800000000000097,0.4299999999999926,,0,-8.944509330777036,-3.263528786065697,-41.55537827416567,,0,,,2.5497682028906343,-10.057402535278658,-13.031914893617035,88.25,-8.210151558551464,88.25,0,25,20,20,77.975,87.405,82.69,116.26725,75.21,,,,,,74.64666666666666,76.65333333333332,78.09666666666666,80.10333333333332,73.20333333333332,71.19666666666666,69.75333333333332,0,0,0,0,0,0,0,0,0,0,0,0,0,0,0,0,0,0,0,0,0,0,,,,,,,,,,,,,,,,,,USD,1.0,stock,25.0
2026-03-16,76.7,77.44,74.89,76.17,5215369,77.254,104.7444,,81.38791161361289,100.42320126175892,120.89958007783127,139.42441072064364,56.245306633291605,-7.434153501015913,-9.28596599172021,1.8518124907042974,0,5.367128571428571,0.5,0.05,6877994.2,7436991.7,0.7582688860074933,0.7012740111031722,48.59484777517564,41.247015535195004,0.5300000000000011,0.7399999999999949,1.2800000000000011,,0,-6.850350024435977,-1.4231324668504701,-37.51398188263095,,0,,,1.2764260071798983,-7.155046318868852,-9.72979378999762,87.2,-6.411162923536841,87.2,0,25,20,20,78.795,85.41999999999999,82.10749999999999,116.175,76.17,,,,,,76.16666666666667,77.44333333333334,78.71666666666667,79.99333333333334,74.89333333333335,73.61666666666667,72.34333333333335,0,0,0,0,0,0,0,0,0,0,0,0,0,0,0,0,0,0,0,0,0,0,,,,,,,,,,,,,,,,,,USD,1.0,stock,25.0
2026-03-17,75.69,78.8,74.0825,74.91,5655619,76.892,103.1474,,80.77096765041165,99.42268356521936,119.98889532381482,138.78247628561238,52.1938775510204,-7.108308521674374,-8.850434497711044,1.7421259760366699,0,5.298378571428572,0.5,0.05,6848406.2,7280919.5,0.8258299573410234,0.7767726315336957,28.028673835125417,39.88815242760523,0.7800000000000011,3.1099999999999994,0.8275000000000006,,0,-7.824012348700644,-2.64584167667868,-37.695100787611814,,0,,,-1.6541945647892908,-3.973849506473537,-8.813146682897155,84.95,-7.256280097793012,84.95,0,25,20,20,78.795,82.425,80.61,115.88495,74.91,,,,,,75.93083333333333,77.77916666666665,80.64833333333333,82.49666666666666,73.06166666666665,71.21333333333332,68.34416666666665,0,0,0,0,0,0,0,0,0,0,0,0,0,0,0,0,0,0,0,0,0,0,,,,,,,,,,,,,,,,,,USD,1.0,stock,25.0
2026-03-18,74.37,74.47,71.91,73.47,4741773,76.385,101.5392,,80.0756373979915,98.40493126854409,119.06772907977887,138.13260089968588,41.337209302325576,-6.886882301145562,-8.457724058397947,1.570841757252385,0,4.90695,0.5,0.05,6684595.3,7286822.75,0.7093582763342458,0.6507325843763663,17.706093189964147,31.44320493342174,0.9000000000000057,0.09999999999999432,1.5600000000000023,,0,-8.99093153394787,-3.967605825507018,-38.20498162515312,,0,,,-1.9223067681217398,-2.624254473161036,-12.127735916756366,84.95,-8.249247352425304,84.95,0,25,20,20,78.43,82.425,80.42750000000001,115.88495,73.47,,,,,,73.28333333333333,74.65666666666667,75.84333333333333,77.21666666666667,72.09666666666666,70.72333333333333,69.53666666666666,0,0,0,0,0,0,0,0,0,0,0,0,0,0,0,0,0,0,0,0,0,0,,,,,,,,,,,,,,,,,,USD,1.0,stock,25.0
2026-03-19,74.37,76.72,72.9301,74.6,4749052,76.102,99.86399999999999,,79.55414812199231,97.4714045521306,118.18717998909018,137.50043571660444,49.151456932436766,-6.544774780205358,-8.075134202759429,1.5303594225540706,0,4.7583714285714285,0.5,0.05,5940491.6,7191164.5,0.7994375414990909,0.6604009684384219,25.80645161290318,23.84707287933092,0.22999999999998977,2.1200000000000045,1.4399000000000086,,0,-6.640949225190776,-2.0134048257372785,-33.865951742627345,,0,,,1.53804273853273,1.718025634033249,-7.052080737602806,84.95,-6.227391328979326,84.95,0,25,20,20,77.91,80.425,79.16749999999999,115.88495,74.6,,,,,,74.75003333333333,76.56996666666667,78.53993333333334,80.35986666666668,72.78006666666667,70.96013333333333,68.99016666666667,0,0,0,0,0,0,0,0,0,0,0,0,0,0,0,0,0,0,0,0,0,0,,,,,,,,,,,,,,,,,,USD,1.0,stock,25.0
2026-03-20,72.91,75.16,70.54,73.73,6517945,75.98949999999999,98.1212,,78.99946734846924,96.54036907949802,117.30683979128641,136.86590401793177,49.88625284367892,-6.271559203625955,-7.714419202932735,1.4428599993067799,0,4.8519428571428564,0.5,0.05,5839068.8,7038810.85,1.1162644632651015,0.9260008741391311,22.137404580152662,21.883316461006668,0.8200000000000074,1.4299999999999926,2.3699999999999903,,0,-7.146978636198609,-3.064559880645583,-33.08178489081784,,0,,,-1.1662198391420797,-1.9678234277356599,-2.961305606738618,84.95,-6.670256807207878,84.95,0,25,20,20,76.27000000000001,78.175,77.2225,115.88495,73.73,,,,,,73.14333333333333,75.74666666666666,77.76333333333332,80.36666666666665,71.12666666666667,68.52333333333334,66.50666666666667,0,0,0,0,0,0,0,0,0,0,0,0,0,0,0,0,0,0,0,0,0,0,,,,,,,,,,,,,,,,,,USD,1.0,stock,25.0
2026-03-23,73.23,75.45,72.0,74.41,4236594,76.26950000000001,96.6208,,78.5623752200436,95.67251146853732,116.45739741918172,136.24445223665882,42.612579084480835,-5.9317856413073,-7.357892490607648,1.4261068493003481,0,4.544807142857143,0.5,0.05,5725325.6,6734307.9,0.739974334385454,0.6291060733947136,26.856349757113055,24.933401983389633,1.1799999999999926,1.0400000000000063,1.230000000000004,,0,-5.580399435618343,-2.4989920709582196,-29.849213815347408,,0,,,0.922284009222829,-2.3106209793882226,8.138351983723279,84.95,-5.285450202356171,84.95,0,25,20,20,75.48,78.05,76.765,115.88495,74.41,,,,,,73.95333333333333,75.90666666666667,77.40333333333334,79.35666666666667,72.45666666666666,70.50333333333333,69.00666666666666,0,0,0,0,0,0,0,0,0,0,0,0,0,0,0,0,0,0,0,0,0,0,,,,,,,,,,,,,,,,,,USD,1.0,stock,25.0
2026-03-24,72.8,72.82,67.33,68.17,7891608,76.119,95.0558,,77.57262519908707,94.59398160702605,115.50121133167318,135.5670945029607,36.30310716550411,-6.095760364376076,-7.105466065361335,1.0097057009852586,0,4.762664285714285,0.5,0.05,5858316.9,6622296.8,1.347077690522341,1.1916723515019745,4.767309875141902,17.920354737469214,4.6299999999999955,0.01999999999999602,0.8400000000000034,,0,-13.79290772933412,-11.660554496112656,-39.43934281942204,,0,,,-8.385969627738199,-8.99746362301428,-4.2287159314414176,84.95,-12.121060973449852,84.95,0,25,20,20,73.875,77.265,75.57,113.25999999999999,68.17,,,,,,69.44,71.55,74.92999999999999,77.03999999999999,66.06,63.95,60.57000000000001,0,0,0,0,0,0,0,0,0,0,0,0,0,0,0,0,0,0,0,0,0,0,,,,,,,,,,,,,,,,,,USD,1.0,stock,26.5
2026-03-25,70.0,71.296,66.1,66.46,5764090,75.7825,93.45620000000001,,76.51427994203115,93.49068821067209,114.53009823599648,134.87946172183672,20.871143375680546,-6.291173490833074,-6.9426075504556835,0.6514340596226091,0,4.6016642857142855,0.5,0.05,5817040.5,6590670.2,0.990897347199147,0.8745832859304657,1.9098143236074232,11.17782465195413,3.5400000000000063,1.2960000000000065,0.35999999999999943,,0,-15.12831769791026,-14.02723442672285,-40.62022269034008,,0,,,-2.5084347953645447,-9.541309377977413,-9.195245252083629,84.95,-13.140396733326764,84.95,0,25,20,20,72.44999999999999,75.525,73.9875,108.46915,66.46,,,,,,67.952,69.804,73.14800000000001,75.00000000000001,64.60799999999999,62.755999999999986,59.41199999999998,0,0,0,0,0,0,0,0,0,0,0,0,0,0,0,0,0,0,0,0,0,0,,,,,,,,,,,,,,,,,,USD,1.0,stock,30.0
2026-03-26,66.09,69.37,65.82,68.13,4760801,75.2175,92.061,,75.71577709040915,92.49615141809672,113.6112844095411,134.21528797336074,22.447527570259666,-6.239361285170247,-6.801958297398596,0.5625970122283492,0,4.460950000000001,0.5,0.05,5532383.5,6297515.55,0.8605334391587279,0.7559808248508414,12.769485903814273,6.482203367521204,2.039999999999992,1.240000000000009,0.27000000000001023,,0,-11.134268443283652,-10.402906208718635,-35.12549537648615,,0,,,2.512789647908509,-8.672922252010729,-14.226362835200824,84.95,-10.018753530524137,84.95,0,25,20,20,72.31,75.38499999999999,73.8475,107.27499999999999,68.13,,,,,,67.77333333333333,69.72666666666666,71.32333333333334,73.27666666666667,66.17666666666665,64.22333333333331,62.62666666666664,0,0,0,0,0,0,0,0,0,0,0,0,0,0,0,0,0,0,0,0,0,0,,,,,,,,,,,,,,,,,,USD,1.0,stock,28.5
2026-03-27,67.01,67.06,64.3,65.12,5724221,74.71700000000001,90.7242,,74.70665546275113,91.42257685268116,112.6510609558868,133.52777267014324,21.360866621530107,-6.367777804549277,-6.715122198828733,0.34734439427945585,0,4.458092857142859,0.5,0.05,5525707.2,6212729.0,1.0359255010833726,0.9213698199293741,4.632768361581962,6.437356196334558,1.8900000000000006,0.04999999999999716,0.8200000000000074,,0,-14.721522516509712,-14.737407862407876,-39.31848894348893,,0,,,-4.418024365184192,-11.677743116777428,-13.323572474377732,84.95,-12.83239813557314,84.95,0,25,20,20,71.55,74.625,73.0875,106.15,65.12,,,,,,65.49333333333334,66.68666666666668,68.25333333333334,69.44666666666669,63.92666666666668,62.733333333333334,61.16666666666667,0,0,0,0,0,0,0,0,0,0,0,0,0,0,0,0,0,0,0,0,0,0,,,,,,,,,,,,,,,,,,USD,1.0,stock,28.5
2026-03-30,65.525,68.68,65.24,66.88,5005857,74.37100000000001,89.4928,,73.96125970439388,90.46012285845838,111.74470331319597,132.8646107530274,29.59295929592956,-6.255422908854229,-6.623182340833832,0.3677594319796036,1,4.342378571428573,0.5,0.05,5504756.0,6191375.1,0.909369461607381,0.8085210343660167,16.004962779156312,11.135739014850854,1.3549999999999898,1.8000000000000114,0.2850000000000108,,0,-10.588007931210955,-11.200657894736864,-33.81100478468901,,0,,,2.7027027027026973,-10.1196075796264,-9.376693766937672,84.95,-9.5742821751496,84.95,0,25,20,20,70.50999999999999,74.625,72.5675,102.49000000000001,66.88,,,,,,66.93333333333334,68.62666666666668,70.37333333333335,72.06666666666669,65.18666666666667,63.493333333333325,61.746666666666655,0,0,0,0,0,0,0,0,0,0,0,0,0,0,0,0,0,0,0,0,0,0,,,,,,,,,,,,,,,,,,USD,1.0,stock,28.5
2026-03-31,67.0,69.56,66.65,68.25,4134008,73.86449999999999,88.4868,,73.41733020873733,89.58913764832275,110.88342205946931,132.2216793027485,36.19631901840489,-5.9868209488782895,-6.495910062442724,0.5090891135644346,1,4.200242857142859,0.5,0.05,5352594.9,6100500.55,0.7723371705189197,0.677650623275495,24.503722084367258,15.047151075035183,1.25,1.3100000000000023,0.3499999999999943,,0,-7.571179793021724,-8.226373626373615,-29.650989010989015,,0,,,2.048444976076569,0.11735367463694413,-12.924215361061487,84.95,-7.038297625432268,84.95,0,25,20,20,70.50999999999999,74.625,72.5675,102.49000000000001,68.25,,,,,,68.15333333333334,69.65666666666667,71.06333333333333,72.56666666666666,66.74666666666667,65.24333333333334,63.83666666666667,0,0,0,0,0,0,0,0,0,0,0,0,0,0,0,0,0,0,0,0,0,0,,,,,,,,,,,,,,,,,,USD,1.0,stock,25.0
2026-04-01,68.32,70.43,65.12,69.37,5538737,73.4925,87.513,,73.03187018885758,88.79623028956499,110.06137409789565,131.59628945894005,42.0884814667198,-5.6188072087389855,-6.320489491701977,0.7016822829629916,1,4.072385714285716,0.5,0.05,5432291.3,6058443.3,1.0195949911596236,0.9142178486674952,34.96551724137936,25.15806736830098,1.0500000000000114,1.0600000000000023,3.1999999999999886,,0,-5.278751893985263,-5.94277065013695,-26.153957041948967,,0,,,1.6410256410256396,4.378573578092104,-9.686238770993361,84.95,-5.014071499727616,84.95,0,25,20,20,69.875,74.625,72.25,102.49000000000001,69.37,,,,,,68.30666666666667,71.49333333333334,73.61666666666667,76.80333333333334,66.18333333333334,62.99666666666667,60.873333333333335,0,0,0,0,0,0,0,0,0,0,0,0,0,0,0,0,0,0,0,0,0,0,,,,,,,,,,,,,,,,,,USD,1.0,stock,25.0
2026-04-02,69.61,69.96,66.905,68.29,3953173,72.78150000000001,86.4306,,72.58026350420448,87.99206439585656,109.23421817516504,130.9663761309904,35.761316872428,-5.352599210524559,-6.126911435466494,0.7743122249419345,1,4.044171428571429,0.5,0.05,5352703.4,5646597.5,0.7385376518340246,0.7000982450050672,27.51724137931041,28.995493568352348,1.3199999999999932,0.3499999999999943,1.3850000000000051,,0,-6.282418369021049,-6.577097671694247,-26.564065016839933,,0,,,-1.5568689635289013,0.23484514897991193,-17.234274633377765,84.95,-5.911060799546347,84.95,0,25,20,20,69.875,74.625,72.25,102.49000000000001,68.29,,,,,,68.385,69.86500000000001,71.44,72.92,66.81000000000002,65.33000000000001,63.755000000000024,0,0,0,0,0,0,0,0,0,0,0,0,0,0,0,0,0,0,0,0,0,0,,,,,,,,,,,,,,,,,,USD,1.0,stock,25.0
2026-04-06,68.3,69.5,66.96,68.09,3589120,72.005,85.2236,,72.15261936094691,87.21159128229355,108.4194811815974,130.34074054759748,32.837723024638905,-5.098987824908974,-5.921326713354991,0.8223388884460165,1,4.043457142857144,0.5,0.05,5059820.9,5449444.85,0.7093373601425299,0.6586212171685709,26.1379310344828,29.540229885057528,0.20999999999999375,1.2000000000000028,1.1300000000000097,,0,-5.966543341088134,-5.749742987222781,-25.16316639741519,,0,,,-0.2928686484111931,4.560810810810811,-18.57211193494379,83.91,-5.63059164993507,83.91,0,25,20,20,68.56,74.625,71.5925,102.49000000000001,68.09,,,,,,68.18333333333332,69.40666666666665,70.72333333333333,71.94666666666666,66.86666666666665,65.64333333333332,64.32666666666664,0,0,0,0,0,0,0,0,0,0,0,0,0,0,0,0,0,0,0,0,0,0,,,,,,,,,,,,,,,,,,USD,1.0,stock,25.0
2026-04-07,67.61,68.25,64.32,64.83,5371971,71.1445,83.8852,,71.45522704085674,86.33388182024284,107.55632313839745,129.68889238294477,30.26624902114328,-5.102238302561631,-5.757509031196319,0.6552707286346884,0,3.9872071428571445,0.5,0.05,5173358.6,5449342.1,1.0383913846606343,0.9858017539401683,4.267310789049928,19.30749440094772,2.780000000000001,0.6400000000000006,0.5100000000000051,,0,-10.219384607213856,-9.740089464753964,-29.392565170445785,,0,,,-4.787780878249381,-3.065191387559807,-20.977571916138483,82.0,-9.271857798546442,82.0,0,25,20,20,67.798,74.625,71.2115,102.49000000000001,64.83,,,,,,65.8,67.28,69.73,71.21000000000001,63.349999999999994,61.86999999999999,59.41999999999999,0,0,0,0,0,0,0,0,0,0,0,0,0,0,0,0,0,0,0,0,0,0,,,,,,,,,,,,,,,,,,USD,1.0,stock,26.5
2026-04-08,67.67,68.57,63.2,63.62,7500034,70.425,82.38879999999999,,70.70901494172753,85.4431413567039,106.6862969376371,129.03149046868663,30.541288028447227,-5.143164023770268,-5.634640029711109,0.4914760059408412,0,4.156492857142858,0.5,0.05,5134201.2,5496259.05,1.4607986145926652,1.36457068922179,3.106508875739606,11.170583566424119,4.050000000000004,0.8999999999999915,0.4199999999999946,,0,-11.142745900231898,-10.696321911348633,-29.501414649481283,,0,,,-1.8664198673453702,-6.783882783882788,-18.44635303166262,80.42,-10.025616885724837,80.42,0,25,20,20,66.815,74.075,70.445,101.94,63.62,,,,,,65.13,67.05999999999999,70.49999999999999,72.42999999999998,61.69,59.760000000000005,56.32000000000001,0,0,0,0,0,0,0,0,0,0,0,0,0,0,0,0,0,0,0,0,0,0,,,,,,,,,,,,,,,,,,USD,1.0,stock,26.5
2026-04-09,62.07,63.234,57.3,58.96,11045911,69.6005,80.8908,,69.59006113775348,84.40458679369591,105.74122175075318,128.3342617078042,22.884882108183078,-5.488354671169972,-5.605382958002883,0.11702828683291067,0,4.337214285714286,0.5,0.05,5662383.3,5739711.9,1.9507529629793872,1.9244713310436363,9.14600550964189,5.506608391477148,3.1099999999999994,1.1640000000000015,1.6600000000000037,,0,-18.02927601382883,-18.04698100407055,-37.19606512890095,,0,,,-7.324740647595096,-15.006486954014708,-21.855533465871435,80.42,-15.275257650243015,80.42,0,25,20,20,63.865,71.125,67.495,98.99000000000001,58.96,,,,,,59.83133333333333,62.36266666666667,65.76533333333333,68.29666666666668,56.428666666666665,53.89733333333333,50.49466666666666,0,0,0,0,0,0,0,0,0,0,0,0,0,0,0,0,0,0,0,0,0,0,,,,,,,,,,,,,,,,,,USD,1.0,stock,30.0
2026-04-10,59.17,59.26,56.0101,57.15,7527993,68.791,79.3386,,68.40529341034838,83.33577946845293,104.77901933984717,127.62596059628375,22.162525184687695,-5.840645296099424,-5.652435425622192,-0.18820987047723214,0,4.239350000000001,0.5,0.05,5939102.5,5735743.0,1.2675304054779322,1.312470415776997,5.8637132907062135,6.038742558695911,2.020000000000003,0.0899999999999963,1.1398999999999972,,0,-19.694301680399615,-20.369203849518808,-38.82519685039371,,0,,,-3.069877883310723,-16.312783716503155,-22.07526588491956,78.8,-16.453833978651826,78.8,0,25,20,20,63.22005,70.48005,66.85005000000001,98.34505,57.15,,,,,,57.473366666666664,58.936633333333326,60.72326666666666,62.18653333333332,55.68673333333333,54.22346666666667,52.43683333333333,0,0,0,0,0,0,0,0,0,0,0,0,0,0,0,0,0,0,0,0,0,0,,,,,,,,,,,,,,,,,,USD,1.0,stock,30.0
2026-04-13,57.5,61.4,56.72,61.3,10182619,68.0955,78.157,,67.728598799839,82.4716312540038,103.9180486598502,126.96600078935556,30.285714285714278,-5.71904227806867,-5.665756796111488,-0.05328548195718241,1,4.3272071428571435,0.5,0.05,6384942.3,5955324.75,1.5947863773177715,1.70983437972883,31.46895579390715,15.492891531418424,3.799999999999997,0.10000000000000142,0.7800000000000011,,0,-10.487110603326279,-11.08564437194128,-27.499184339314848,,0,,,7.261592300962372,-9.972095755617572,-18.494880999867036,78.8,-9.491705001660671,78.8,0,25,20,20,63.22005,70.48005,66.85005000000001,97.43005,61.3,,,,,,59.80666666666667,62.893333333333345,64.48666666666668,67.57333333333335,58.213333333333345,55.12666666666667,53.533333333333346,0,0,0,0,0,0,0,0,0,0,0,0,0,0,0,0,0,0,0,0,0,0,,,,,,,,,,,,,,,,,,USD,1.0,stock,26.5
2026-04-14,62.2,63.45,59.36,59.71,6930603,67.2725,76.9876,,66.96492272366386,81.57901826365071,103.04264175569475,126.29678685115302,35.2097902097902,-5.685432594106459,-5.669691955710483,-0.01574063839597617,1,4.113635714285715,0.5,0.05,6577416.9,6041086.45,1.0536967787460758,1.1472444662664942,24.204659195729388,20.512442760114258,2.490000000000002,1.25,0.3500000000000014,,0,-12.150264149495662,-12.665382682967666,-28.935856640428735,,0,,,-2.593800978792815,-7.897578281659722,-21.60955756859656,78.8,-10.833914874511066,78.8,0,25,20,20,63.22005,69.96005,66.59004999999999,90.71,59.71,,,,,,60.84,62.32000000000001,64.93,66.41000000000001,58.230000000000004,56.75,54.14,0,0,0,0,0,0,0,0,0,0,0,0,0,0,0,0,0,0,0,0,0,0,,,,,,,,,,,,,,,,,,USD,1.0,stock,26.5
2026-04-15,61.38,66.105,60.25,66.0,10878118,66.827,76.03359999999999,,66.87302532141017,80.96807637095853,102.30912409716613,125.69681882278334,49.3068113321278,-5.0925425842317225,-5.5542620814147305,0.4617194971830081,1,4.1992785714285725,0.5,0.05,7251827.9,6302211.4,1.500051869681022,1.7260795155173625,69.27856642556463,41.6507271384004,4.619999999999997,0.10500000000000398,1.1300000000000026,,0,-1.3227656385002544,-1.2530303030303003,-15.20242424242423,,0,,,10.53424886953609,3.7409619616472822,-11.894273127753296,76.72,-1.3054969731280557,76.72,0,25,20,20,62.98505,69.00505,65.99504999999999,89.78505,66.0,,,,,,64.11833333333334,67.98666666666668,69.97333333333334,73.84166666666668,62.131666666666675,58.263333333333335,56.27666666666667,0,0,0,0,0,0,0,0,0,0,0,0,0,0,0,0,0,0,0,0,0,0,,,,,,,,,,,,,,,,,,USD,1.0,stock,25.0
2026-04-16,69.78,71.0699,66.85,68.73,9575682,66.59,75.3082,,67.04988005270444,80.48815180739152,101.64419094672719,125.1299848046462,50.87616822429907,-4.352215168127799,-5.313852698757344,0.9616375306295453,1,4.307842857142857,0.5,0.05,7655522.4,6543906.85,1.2508201922314275,1.4632974184221466,84.46260906519343,59.315278228829165,1.0499999999999972,1.289900000000003,1.8800000000000097,,0,2.4445219660927773,3.113633056889278,-9.571075221882722,,0,,,4.136363636363649,16.57055630936228,-6.451612903225801,76.72,2.505776216116883,76.72,0,25,20,20,63.540000000000006,68.21505,65.877525,87.81005,68.73,,,,,,68.8833,70.91660000000002,73.10320000000002,75.13650000000003,66.6967,64.6634,62.4768,0,0,0,0,0,0,0,0,0,0,0,0,0,0,0,0,0,0,0,0,0,0,,,,,,,,,,,,,,,,,,USD,1.0,stock,25.0
2026-04-17,70.115,70.5,65.91,66.94,23913007,66.207,74.5462,,67.03941528578021,79.95685173651341,100.9569792448118,124.55097998071938,52.755905511811015,-3.865380694905326,-5.024158297986941,1.1587776030816146,1,4.362128571428572,0.5,0.05,9651505.8,7502104.6,2.4776451981202765,3.187506476515937,72.57666104463534,75.43927884513114,3.174999999999997,0.3850000000000051,1.0300000000000011,,0,-0.14851402118346374,1.0950104571257904,-11.362712877203467,,0,,,-2.6043940055288872,17.130358705161864,-10.268096514745306,75.45,-0.1482937841214998,75.45,0,25,20,20,63.540000000000006,68.21505,65.877525,83.12505,66.94,,,,,,67.78333333333333,69.65666666666667,72.37333333333333,74.24666666666667,65.06666666666666,63.19333333333333,60.47666666666666,0,0,0,0,0,0,0,0,0,0,0,0,0,0,0,0,0,0,0,0,0,0,,,,,,,,,,,,,,,,,,USD,1.0,stock,25.0
2026-04-20,67.0,71.589,66.32,71.48,8296019,66.0945,74.0076,,67.4623281157059,79.62442617821877,100.3732766855086,124.0229105281749,56.424581005586596,-3.077742509960018,-4.634875140381557,1.5571326304215392,1,4.4842,0.5,0.05,10122195.7,7591008.3,0.8195869004982783,1.0928744472588707,99.30033571048023,85.44653527343634,4.480000000000004,0.10899999999999466,0.6800000000000068,,0,5.620693738520009,7.534275321768337,-3.536094012311125,,0,,,6.782193008664494,16.60685154975532,-3.051675030516754,75.45,5.955430232711979,75.45,0,25,20,20,63.799549999999996,67.40505,65.6023,83.12005,71.48,,,,,,69.79633333333334,73.27266666666668,75.06533333333334,78.54166666666669,68.00366666666667,64.52733333333333,62.73466666666667,0,0,0,0,0,0,0,0,0,0,0,0,0,0,0,0,0,0,0,0,0,0,,,,,,,,,,,,,,,,,,USD,1.0,stock,25.0
2026-04-21,72.08,75.95,70.6093,71.22,6094411,65.935,73.5376,,67.82020162849581,79.29484083789647,99.79598407787476,123.4975084333672,54.280772556932824,-2.446313817937792,-4.197162875892804,1.750849057955012,1,4.65782142857143,0.5,0.05,10194439.7,7683899.15,0.5978171610549622,0.7931404201212089,76.27871754622639,82.71857143378067,0.8599999999999994,3.8700000000000045,0.6106999999999942,,0,4.773656797955897,7.420668351586629,-3.2541420949171562,,0,,,-0.36373810856183963,19.276503098308485,-4.287058191103343,75.95,5.012958218743642,75.95,0,25,20,20,65.98005,67.40505,66.69255000000001,81.48505,71.22,,,,,,72.5931,74.57690000000001,77.9338,79.91760000000001,69.23620000000001,67.25240000000001,63.89550000000001,0,0,0,0,0,0,0,0,0,0,0,0,0,0,0,0,0,0,0,0,0,0,,,,,,,,,,,,,,,,,,USD,1.0,stock,25.0
2026-04-22,71.28,74.585,70.35,74.01,7533873,66.227,73.19319999999999,,68.40970623530573,79.08759217758681,99.28537053177824,123.00509541412971,56.38063806380638,-1.7011624060350385,-3.6979627819212513,1.9968003758862127,1,4.581035714285714,0.5,0.05,10197823.6,7666012.4,0.7387726338000199,0.9827629550925328,90.27076364475249,88.6166056338197,2.730000000000004,0.5749999999999886,0.9300000000000068,,0,7.566941987156156,10.51614646669369,1.1036346439670515,,0,,,3.9174389216512395,12.136363636363633,8.56681824849641,75.95,8.186402300035024,75.95,0,25,20,20,65.98005,67.40505,66.69255000000001,79.50005,74.01,,,,,,72.98166666666667,75.61333333333334,77.21666666666667,79.84833333333334,71.37833333333334,68.74666666666667,67.14333333333335,0,0,0,0,0,0,0,0,0,0,0,0,0,0,0,0,0,0,0,0,0,0,,,,,,,,,,,,,,,,,,USD,1.0,stock,25.0
2026-04-23,67.2,68.05,65.2,67.62,7796945,66.285,72.6872,,68.33449611765757,78.63788268042656,98.658333491545,122.45399993737222,49.19606431485481,-1.6077114433644084,-3.2799125142098826,1.6722010708454742,0,4.992107142857145,0.5,0.05,9872927.0,7767655.15,0.7897298339185532,1.003770745409572,58.224464515870196,74.9246485689497,0.4200000000000017,0.4299999999999926,2.0,,0,-1.056634305911802,1.9742679680567996,-7.493640934634723,,0,,,-8.633968382650991,-1.6150152771715387,1.7454107733975377,75.95,-1.0455862825524451,75.95,0,25,20,20,66.33500000000001,66.36505,66.350025,76.50505,67.62,,,,,,66.95666666666666,68.71333333333332,69.80666666666666,71.56333333333332,65.86333333333333,64.10666666666667,63.013333333333335,0,0,0,0,0,0,0,0,0,0,0,0,0,0,0,0,0,0,0,0,0,0,,,,,,,,,,,,,,,,,,USD,1.0,stock,25.0
2026-04-24,68.63,71.96,68.32,71.55,5275777,66.456,72.3788,,68.64073458264255,78.35992649688042,98.1215348085441,121.9474924753088,53.810572687224656,-1.2026691057351115,-2.8644638325149288,1.6617947267798172,0,5.120678571428572,0.5,0.05,9647705.4,7793403.95,0.5468426720409602,0.6769541311919293,77.9336907406757,75.47630630043281,2.9200000000000017,0.4099999999999966,0.3100000000000023,,0,4.0660592835184435,7.119496855345904,-1.1583508036338241,,0,,,5.811889973380646,6.886764266507317,5.019815059445176,75.95,4.2383949342131935,75.95,0,25,20,20,67.655,66.36505,67.010025,76.50505,71.55,,,,,,70.61,72.9,74.25,76.54,69.26,66.97,65.62,0,0,0,0,0,0,0,0,0,0,0,0,0,0,0,0,0,0,0,0,0,0,,,,,,,,,,,,,,,,,,USD,1.0,stock,25.0
2026-04-27,69.42,71.97,68.86,69.22,5727399,66.661,72.03359999999999,,68.69590271762898,78.00149800680668,97.54922718857291,121.42284080888783,54.93591185068585,-1.0574915579544921,-2.503069377602842,1.4455778196483497,0,5.062107142857142,0.5,0.05,9202183.4,7793562.85,0.6223956588389664,0.7348884085793957,66.24857697380627,67.46891074345073,0.20000000000000284,2.549999999999997,0.35999999999999943,,0,0.7571471863204516,3.69690840797457,-4.064721178850035,,0,,,-3.256464011180993,-3.1617235590374992,6.296068796068788,75.95,0.7629236412035982,75.95,0,25,20,20,68.1,65.98005,67.040025,74.50505,69.22,,,,,,70.01666666666667,71.17333333333333,73.12666666666667,74.28333333333333,68.06333333333333,66.90666666666667,64.95333333333333,0,0,0,0,0,0,0,0,0,0,0,0,0,0,0,0,0,0,0,0,0,0,,,,,,,,,,,,,,,,,,USD,1.0,stock,25.0
2026-04-28,69.87,72.8,69.375,69.71,4815706,66.8025,71.7402,,68.79248341118813,77.67634122222603,96.99795536305662,120.90828517894865,56.95999999999999,-0.8926089600300315,-2.18097729408828,1.2883683340582484,0,4.93425,0.5,0.05,8990693.7,7784055.3,0.5356323061033655,0.618662871010179,68.70596141404918,70.96274304284373,0.1600000000000108,2.9299999999999926,0.33499999999999375,,0,1.3161907743679016,4.170850667049203,-2.912351169129261,,0,,,0.7078878936723321,-2.120190957596191,4.231459330143528,75.95,1.333745408386642,75.95,0,25,20,20,70.575,65.98005,68.277525,72.25505,69.71,,,,,,70.62833333333333,71.88166666666666,74.05333333333333,75.30666666666666,68.45666666666666,67.20333333333333,65.03166666666667,0,0,0,0,0,0,0,0,0,0,0,0,0,0,0,0,0,0,0,0,0,0,,,,,,,,,,,,,,,,,,USD,1.0,stock,25.0
2026-04-29,69.6,70.7,68.48,70.49,3863676,66.9145,71.507,,68.95415165774165,77.39452391939363,96.47304535586738,120.40661069955613,64.45949335339853,-0.6910330333367227,-1.8829884419379685,1.1919554086012458,0,4.641392857142857,0.5,0.05,8289249.5,7770538.7,0.4661068532199447,0.4972211257373958,72.61771623729302,69.19075154171617,0.8900000000000006,0.21000000000000796,1.1199999999999903,,0,2.178817338996095,5.072350688040844,-1.442757837991219,,0,,,1.1189212451585107,-4.756114038643444,3.2820512820512793,75.95,2.2273471652318038,75.95,0,25,20,20,70.575,65.98005,68.277525,72.13005,70.49,,,,,,69.89,71.3,72.11,73.52,69.08,67.67,66.86,0,0,0,0,0,0,0,0,0,0,0,0,0,0,0,0,0,0,0,0,0,0,,,,,,,,,,,,,,,,,,USD,1.0,stock,25.0
2026-04-30,69.585,69.585,66.55,68.59,8764406,66.8755,71.2066,,68.91947054748054,77.04924847157427,95.92090584387,119.89102253339139,64.31431431431432,-0.6767951074848497,-1.6417497750473449,0.9649546675624951,0,4.690685714285714,0.5,0.05,8208121.9,7931822.15,1.0677723974835218,1.1049675388901654,61.72646905876236,67.68338223670152,0.9949999999999903,0.0,2.0400000000000063,,0,-0.4803477875499923,2.4996355153812524,-3.81484181367545,,0,,,-2.695417789757404,1.4344868382135445,-1.1244053625486528,75.95,-0.47805147785277646,75.95,0,25,20,20,70.575,65.98005,68.277525,71.60505,68.59,,,,,,68.24166666666666,69.93333333333332,71.27666666666666,72.96833333333332,66.89833333333333,65.20666666666666,63.86333333333333,0,0,0,0,0,0,0,0,0,0,0,0,0,0,0,0,0,0,0,0,0,0,,,,,,,,,,,,,,,,,,USD,1.0,stock,25.0
2026-05-01,82.92,90.23,82.05,88.88,27384489,67.905,71.37899999999999,,70.8204733524824,77.5131995119047,95.78148196577357,119.58245514499944,74.58110516934046,0.9606482259601705,-1.1212701748458418,2.0819184008060123,1,5.902114285714286,0.5,0.05,8555270.1,9103387.95,3.2008912260993374,3.008164559217758,95.62682215743438,76.6570024844966,5.959999999999994,1.3500000000000085,0.8700000000000045,,0,20.31899937839514,23.599234923492343,19.690594059405946,,0,,,29.58157165767603,24.22082459818309,30.150827353931753,90.23,25.50043199744383,90.23,0,25,20,20,77.715,73.12005,75.41752500000001,73.12005,88.88,,,,,,87.05333333333333,92.05666666666666,95.23333333333333,100.23666666666666,83.87666666666665,78.87333333333332,75.69666666666664,0,0,0,0,0,0,0,0,0,0,0,0,0,0,0,0,0,0,0,0,0,0,,,,,,,,,,,,,,,,,,USD,1.0,stock,30.0
2026-05-04,88.17,96.3179,87.46,93.16,15945777,69.1585,71.7226,,72.94804731891264,78.1267995310457,95.72957143179784,119.31954514355667,78.44871576798775,2.5740223678220957,-0.38221166631225434,2.95623403413435,1,6.242678571428572,0.5,0.05,9320245.9,9721220.8,1.71087513903469,1.6403060200011093,91.24456927073659,82.86595349564446,4.989999999999995,3.157899999999998,0.710000000000008,,0,21.695956076736103,25.76373980249033,23.01137827393731,,0,,,4.81548154815481,34.58537994799191,36.8189161404024,96.3179,27.70732517722536,96.3179,0,25,20,20,80.75895,76.164,78.46147500000001,76.164,93.16,,,,,,92.31263333333334,97.16526666666668,101.17053333333334,106.02316666666668,88.30736666666668,83.45473333333334,79.44946666666668,0,0,0,0,0,0,0,0,0,0,0,0,0,0,0,0,0,0,0,0,0,0,,,,,,,,,,,,,,,,,,USD,1.0,stock,30.0
2026-05-05,92.49,93.9,88.93,92.35,7608537,70.53450000000001,72.1934,,74.79585233615906,78.68457209845569,95.66264922522758,119.05119146053622,74.71393734758956,3.7441129648042732,0.44305325991105127,3.301059704893222,1,6.140892857142857,0.5,0.05,9471658.5,9833049.1,0.8032951145778746,0.7737718913658227,87.24881820431327,91.37340321082809,0.14000000000000057,1.4100000000000108,3.4199999999999875,,0,19.008281173623104,23.62263129399024,21.826312939902543,,0,,,-0.8694718763417764,32.4774063979343,42.44948326392102,96.3179,23.469413230223484,96.3179,0,25,20,20,80.75895,76.164,78.46147500000001,76.164,92.35,,,,,,91.72666666666667,94.52333333333334,96.69666666666667,99.49333333333334,89.55333333333334,86.75666666666667,84.58333333333334,0,0,0,0,0,0,0,0,0,0,0,0,0,0,0,0,0,0,0,0,0,0,,,,,,,,,,,,,,,,,,USD,1.0,stock,30.0
2026-05-06,91.48,91.48,84.485,88.8,10297611,71.7935,72.5458,,76.12958068509629,79.08125554557508,95.52675518116367,118.75018458033188,68.53870312211342,4.334991774806781,1.2214409628901972,3.113550811916584,0,6.340542857142856,0.5,0.05,9748032.3,9972927.95,1.0563784241872074,1.032556441962463,75.84059335623549,84.77799361042845,2.680000000000007,0.0,4.314999999999998,,0,14.26849021948616,19.15146396396397,18.304279279279275,,0,,,-3.844071467244181,25.975315647609598,39.578748821125444,96.3179,16.64322750878381,96.3179,0,25,20,20,81.43395,76.164,78.798975,76.164,88.8,,,,,,88.255,92.02499999999999,95.25,99.02,85.02999999999999,81.25999999999999,78.03499999999998,0,0,0,0,0,0,0,0,0,0,0,0,0,0,0,0,0,0,0,0,0,0,,,,,,,,,,,,,,,,,,USD,1.0,stock,26.5
2026-05-07,91.61,95.0,90.42,92.37,12651813,73.464,72.9294,,77.67628728651569,79.60238277908194,95.46424517757627,118.48769518152261,72.74190663566446,5.0333157225317535,1.9838159148185086,3.0494998077132447,0,6.4555428571428575,0.5,0.05,10233519.1,10053223.05,1.236311075043579,1.2584832682091938,87.31308989359825,83.46750048471569,0.7600000000000051,2.6299999999999955,1.1899999999999977,,0,15.90745124335208,20.46768431308867,21.04644365053589,,0,,,4.020270270270276,34.66977693541333,56.66553595658075,96.3179,18.916600196512082,96.3179,0,25,20,20,81.43395,76.164,78.798975,76.164,92.37,,,,,,92.59666666666668,94.77333333333335,97.17666666666668,99.35333333333335,90.19333333333336,88.01666666666668,85.61333333333336,0,0,0,0,0,0,0,0,0,0,0,0,0,0,0,0,0,0,0,0,0,0,,,,,,,,,,,,,,,,,,USD,1.0,stock,30.0
2026-05-08,88.64,92.13,84.42,91.6,12639847,75.1865,73.17280000000001,,79.00235516399039,80.07287757205911,95.38772547108961,118.22015592598508,69.29420790180284,5.461651399837294,2.6793830118222655,2.7822683880150283,0,6.647042857142856,0.5,0.05,10969926.1,10308815.75,1.1522271786315863,1.226120177771147,84.83862985612782,82.66410436865385,2.9599999999999937,0.5300000000000011,4.219999999999999,,0,13.752887375556341,17.91866812227074,20.117030567685575,,0,,,-0.8336039839774934,3.060306030603055,60.279965004374446,96.3179,15.945910485655581,96.3179,0,25,20,20,81.43395,76.164,78.798975,76.164,91.6,,,,,,89.38333333333333,94.34666666666665,97.09333333333332,102.05666666666664,86.63666666666666,81.67333333333333,78.92666666666666,0,0,0,0,0,0,0,0,0,0,0,0,0,0,0,0,0,0,0,0,0,0,,,,,,,,,,,,,,,,,,USD,1.0,stock,26.5
2026-05-11,90.24,92.43,84.9,87.31,7931115,76.487,73.41640000000001,,79.79355943408655,80.35668629472346,95.22777051126606,117.91259218542803,64.3225921310308,5.392778766389057,3.222062162735624,2.170716603653433,0,6.803421428571427,0.5,0.05,11190297.7,10196240.55,0.7087492408714025,0.7778469879273296,71.05235250450707,81.06802408474438,2.9299999999999926,2.190000000000012,2.4099999999999966,,0,8.608911425854377,12.396060016034827,15.912953842629701,,0,,,-4.683406113537114,-6.279519106912835,42.43066884176183,96.3179,9.419858719452677,96.3179,0,25,20,20,81.43395,76.164,78.798975,76.164,87.31,,,,,,88.21333333333332,91.52666666666664,95.74333333333333,99.05666666666664,83.99666666666664,80.68333333333332,76.46666666666664,0,0,0,0,0,0,0,0,0,0,0,0,0,0,0,0,0,0,0,0,0,0,,,,,,,,,,,,,,,,,,USD,1.0,stock,25.0
2026-05-12,87.31,88.2,83.38,85.0,5970245,77.75150000000001,73.6404,,80.28941091655449,80.53877702826371,95.02524040213207,117.58510370597102,59.867121565810734,5.09308905338672,3.596267540865843,1.496821512520877,0,6.845207142857142,0.5,0.05,11305751.6,10148222.65,0.5280714817757008,0.588304494876253,63.628972392095875,73.17331825091026,2.3100000000000023,0.8900000000000006,1.6200000000000045,,0,5.541869509935897,8.52764705882352,13.364235294117647,,0,,,-2.6457450463864385,-7.958852192744981,42.35471445319041,96.3179,5.867011639108014,96.3179,0,25,20,20,81.43395,76.164,78.798975,76.164,85.0,,,,,,85.52666666666666,87.67333333333332,90.34666666666666,92.49333333333333,82.85333333333331,80.70666666666665,78.0333333333333,0,0,0,0,0,0,0,0,0,0,0,0,0,0,0,0,0,0,0,0,0,0,,,,,,,,,,,,,,,,,,USD,1.0,stock,25.0
2026-05-13,84.44,84.89,80.2,80.62,6261521,78.4825,73.68520000000001,,80.32089559116835,80.5419622428416,94.73998811694133,117.21729172879719,62.108792846497764,4.4508468103975645,3.767183394772187,0.6836634156253774,0,6.55877857142857,0.5,0.05,11545536.1,9917392.8,0.5423326336487745,0.6313676513851503,47.26567880166222,60.64900123275507,3.819999999999993,0.45000000000000284,0.4200000000000017,,0,0.3710052205800704,2.6513272140908,8.601835772761095,,0,,,-5.152941176470582,-9.2117117117117,22.151515151515166,96.3179,0.37238679503038397,96.3179,0,25,20,20,88.25895,76.164,82.21147500000001,76.164,80.62,,,,,,81.90333333333334,83.60666666666667,86.59333333333333,88.29666666666667,78.91666666666667,77.21333333333334,74.22666666666667,0,0,0,0,0,0,0,0,0,0,0,0,0,0,0,0,0,0,0,0,0,0,,,,,,,,,,,,,,,,,,USD,1.0,stock,25.0
2026-05-14,80.33,82.5,78.2,80.86,4546415,79.089,73.7662,,80.37223886819994,80.55443431174979,94.46513686710091,116.85552763199324,59.3118623724745,3.916088964062496,3.796964508630249,0.11912445543224681,0,6.55592142857143,0.5,0.05,11123737.0,9665929.45,0.4087129172507405,0.4703546641342391,48.07191639316177,52.98885586230663,0.5300000000000011,1.6400000000000006,2.1299999999999955,,0,0.6032168337868613,2.1902052930991847,8.77294088548108,,0,,,0.2976928801786016,-12.460755656598465,17.648770551433145,96.3179,0.606877621761814,96.3179,0,25,20,20,87.25895,76.164,81.71147500000001,76.164,80.86,,,,,,80.52,82.83999999999999,84.82,87.13999999999999,78.53999999999999,76.22,74.24,0,0,0,0,0,0,0,0,0,0,0,0,0,0,0,0,0,0,0,0,0,0,,,,,,,,,,,,,,,,,,USD,1.0,stock,25.0
2026-05-15,82.1,89.19,82.1,87.46,6813596,80.115,73.8652,,81.04726373789518,80.82524080932822,94.32642128557416,116.5630348197346,66.80796166605234,3.978987073468801,3.8333690215979597,0.1456180518708412,1,6.928778571428571,0.5,0.05,9066647.7,8810958.9,0.7515011308975864,0.773309247873123,70.24345015939988,55.1936817847413,5.359999999999999,1.730000000000004,0.0,,0,7.332193302200796,8.39812485707752,15.544020123485014,,0,,,8.162255750680192,-4.5196506550218345,30.654317299073796,96.3179,7.9123414737892235,96.3179,0,25,20,20,86.6,76.164,81.382,76.164,87.46,,,,,,86.25,90.4,93.34,97.49000000000001,83.31,79.16,76.22,0,0,0,0,0,0,0,0,0,0,0,0,0,0,0,0,0,0,0,0,0,0,,,,,,,,,,,,,,,,,,USD,1.0,stock,25.0
2026-05-18,85.8,91.4,85.25,89.435,5670422,81.01275000000001,73.98150000000001,,81.84609576285754,81.16287842464868,94.22956145813706,116.29310412501088,67.69216970131852,4.14047149453107,3.894789516184582,0.24568197834648808,1,7.11235,0.5,0.05,8039112.2,8679679.05,0.705354255411437,0.6532985802049903,76.87811367278178,65.06449340844783,3.635000000000005,1.9650000000000034,0.5499999999999972,,0,8.485385181575959,9.417174484262302,17.27902946273829,,0,,,2.2581751657900773,2.4338563738403485,25.11891438164522,96.3179,9.272164012722971,96.3179,0,25,20,20,86.6,76.51894999999999,81.55947499999999,76.164,89.435,,,,,,88.69500000000001,92.14000000000001,94.84500000000001,98.29000000000002,85.99000000000001,82.545,79.84,0,0,0,0,0,0,0,0,0,0,0,0,0,0,0,0,0,0,0,0,0,0,,,,,,,,,,,,,,,,,,USD,1.0,stock,25.0
2026-05-19,92.8,94.5,85.78,86.62,6642357,81.78275,74.07310000000001,,82.30075330925206,81.37688319230952,94.07887707282741,115.99784935759784,63.958116995500184,3.995247362947012,3.9148810855370684,0.08036627740994362,0,7.576635714285715,0.5,0.05,7942494.2,8707076.35,0.836306182005144,0.7628688130201132,67.42161858915144,71.51439414044438,6.179999999999993,1.7000000000000028,0.8400000000000034,,0,4.986431183038496,5.584449318864017,14.48499191872546,,0,,,-3.147537317604965,1.9058823529411795,21.62313956753721,96.3179,5.248125341596825,96.3179,0,25,20,20,86.6,77.83895,82.21947499999999,76.164,86.62,,,,,,88.96666666666665,92.15333333333331,97.68666666666665,100.8733333333333,83.43333333333331,80.24666666666666,74.71333333333331,0,0,0,0,0,0,0,0,0,0,0,0,0,0,0,0,0,0,0,0,0,0,,,,,,,,,,,,,,,,,,USD,1.0,stock,25.0
2026-05-20,84.185,86.7225,82.2004,86.23,3900741,82.39375,74.2375,,82.67496727979949,81.56720149849346,93.92345376445459,115.7016518515521,65.67442687044607,3.8048267770854522,3.8928702238467454,-0.08804344676129316,0,7.618214285714286,0.5,0.05,7302807.2,8525419.75,0.5341426787222316,0.45754239842560246,44.3208098068761,62.87351402293644,2.0450000000000017,0.4924999999999926,1.9846000000000004,,0,4.1227330629717205,4.448857706134763,13.907572770497515,,0,,,-0.45024243823597043,6.958571074175146,16.51128225915417,96.3179,4.300011039821892,96.3179,0,25,20,20,86.35,78.28395,82.316975,76.164,86.23,,,,,,85.05096666666667,87.90153333333333,89.57306666666666,92.42363333333333,83.37943333333334,80.52886666666667,78.85733333333334,0,0,0,0,0,0,0,0,0,0,0,0,0,0,0,0,0,0,0,0,0,0,,,,,,,,,,,,,,,,,,USD,1.0,stock,25.0
2026-05-21,82.775,84.3,81.0,82.18,4864854,83.12175,74.3721,,82.6278275388662,81.59123281227802,93.6909101255545,115.36810307690979,41.63127654259306,3.289200086999216,3.7721361964772395,-0.48293610947802357,0,6.446071428571429,0.5,0.05,6524111.3,8378815.2,0.7456730543514792,0.5806135931963269,21.967225782237488,44.569884726088354,0.5949999999999989,1.5249999999999915,1.1800000000000068,,0,-0.5449349462961703,-1.1459600876125564,9.500973472864448,,0,,,-4.696741273338745,1.6324511501360384,21.53209109730849,96.3179,-0.541981499701835,96.3179,0,25,20,20,86.35,80.75895,83.554475,76.164,82.18,,,,,,82.49333333333334,83.98666666666668,85.79333333333334,87.28666666666668,80.68666666666668,79.19333333333334,77.38666666666668,0,0,0,0,0,0,0,0,0,0,0,0,0,0,0,0,0,0,0,0,0,0,,,,,,,,,,,,,,,,,,USD,1.0,stock,25.0
2026-05-22,83.52,88.55,83.52,85.42,4461119,83.81524999999999,74.6137,,82.89374872564085,81.74138054512986,93.52712972702867,115.07011200151766,40.07437804565273,3.1061968387892307,3.638948324939638,-0.5327514861504072,0,6.268364285714284,0.5,0.05,5706238.5,8338082.3,0.7817968001162237,0.5350293795972726,42.976190476190474,36.421408688434695,1.9000000000000057,3.1299999999999955,0.0,,0,2.9574470549744256,1.8786583938187895,12.650784359634754,,0,,,3.942565100997797,-2.3324948547907565,19.38504542278128,96.3179,3.04757754739801,96.3179,0,25,20,20,86.35,80.75895,83.554475,76.164,85.42,,,,,,85.83,88.14,90.86,93.17,83.11,80.8,78.08,0,0,0,0,0,0,0,0,0,0,0,0,0,0,0,0,0,0,0,0,0,0,,,,,,,,,,,,,,,,,,USD,1.0,stock,25.0
2026-05-26,83.29,86.03,82.0,84.92,4020488,84.60024999999999,74.8079,,83.08672503748457,81.8660322884581,93.35669151461225,114.7701108870747,40.395553257497426,2.8875339310601476,3.48866544616374,-0.6011315151035923,0,6.2012214285714276,0.5,0.05,5315175.8,8252736.75,0.7564167491882395,0.4871702711224855,40.0,34.98113875280933,1.6299999999999955,1.1099999999999994,1.2900000000000063,,0,2.158825909697871,0.37653085256713764,11.907795572303343,,0,,,-0.5853430110044466,-5.048359143512049,22.681305980930368,96.3179,2.2064595297122978,96.3179,0,25,20,20,86.35,80.75895,83.554475,76.164,84.92,,,,,,84.31666666666666,86.63333333333333,88.34666666666666,90.66333333333333,82.60333333333332,80.28666666666666,78.57333333333332,0,0,0,0,0,0,0,0,0,0,0,0,0,0,0,0,0,0,0,0,0,0,,,,,,,,,,,,,,,,,,USD,1.0,stock,25.0
2026-05-27,84.21,90.84,83.73,89.07,4700195,85.56825,75.0659,,83.65656074820032,82.14854082616563,93.27180653412488,114.51438839068591,50.343686354378825,3.014364599579409,3.393805276846874,-0.379440677267465,1,6.147292857142858,0.5,0.05,5188170.8,8246961.2,0.9059445382946915,0.5699305339280607,64.7023809523809,49.22619047619046,4.859999999999999,1.7700000000000102,0.47999999999998977,,0,6.077735771639916,3.9314584035028486,15.722577747838773,,0,,,4.8869524258125185,2.828446086354175,27.772199110601072,96.3179,6.4710277393469475,96.3179,0,25,20,20,86.35,80.75895,83.554475,76.164,89.07,,,,,,87.88,92.02999999999999,94.99,99.13999999999999,84.91999999999999,80.77,77.80999999999999,0,0,0,0,0,0,0,0,0,0,0,0,0,0,0,0,0,0,0,0,0,0,,,,,,,,,,,,,,,,,,USD,1.0,stock,25.0
2026-05-28,90.99,95.23,88.98,93.29,5520059,86.70824999999999,75.43350000000001,,84.57403115313362,82.58546079376698,93.27216680077586,114.30320044649999,51.15201602804909,3.416019800275933,3.398248181532686,0.017771618743247064,1,6.1508642857142855,0.5,0.05,5114024.6,8329780.35,1.0793962547618563,0.6626896230222926,88.60833822665886,64.43690639301326,2.3000000000000114,1.9399999999999977,2.009999999999991,,0,9.342875813984767,7.055150605638347,19.140851109443666,,0,,,4.737846637476162,8.187405775252232,32.345013477088955,96.3179,10.305727098528456,96.3179,0,25,20,20,88.11500000000001,80.75895,84.436975,76.164,93.29,,,,,,92.5,96.02,98.75,102.27,89.77,86.25,83.52,0,0,0,0,0,0,0,0,0,0,0,0,0,0,0,0,0,0,0,0,0,0,,,,,,,,,,,,,,,,,,USD,1.0,stock,25.0
2026-05-29,97.875,108.48,97.36,107.61,13857687,88.65925,76.1163,,86.76793294807327,83.5668152724428,93.55608428986942,114.23660143708209,64.96821241585641,4.834114105091999,3.6854213662445483,1.1486927388474504,1,6.668007142857143,0.5,0.05,6045151.8,8584444.4,2.292363774884859,1.6142788460485573,97.12681638044913,83.47917851982965,9.735,0.8700000000000045,0.5150000000000006,,0,19.36815077774067,17.610584518167453,29.266517981600227,,0,,,15.349983921106226,30.944268678510568,56.88875929435777,108.48,24.020472015162305,108.48,0,25,20,20,94.74000000000001,86.84,90.79,82.24505,107.61,,,,,,104.48333333333333,111.60666666666667,115.60333333333334,122.72666666666667,100.48666666666666,93.36333333333333,89.36666666666666,0,0,0,0,0,0,0,0,0,0,0,0,0,0,0,0,0,0,0,0,0,0,,,,,,,,,,,,,,,,,,USD,1.0,stock,28.0
2026-06-01,114.18,119.38,110.23,115.95,12693308,90.01275000000001,76.9433,,89.54717742920914,84.83674408528817,93.99952816531754,114.25365017900167,74.89136102902833,6.5553661774682155,4.259410328489282,2.2959558489789336,1,6.970864285714285,0.5,0.05,6633123.0,7849885.35,1.913624698350988,1.6170055273482435,91.67071393880526,92.46862284863776,1.769999999999996,3.4299999999999926,3.950000000000003,,0,22.770868970065425,22.369340232858985,33.64096593359207,,0,,,7.750209088374693,35.74104425193163,30.45679567956796,119.38,29.48481831452858,119.38,0,25,20,20,100.19,92.965,96.5775,87.69505,115.95,,,,,,115.18666666666667,120.14333333333333,124.33666666666666,129.29333333333332,110.99333333333334,106.03666666666668,101.84333333333335,0,0,0,0,0,0,0,0,0,0,0,0,0,0,0,0,0,0,0,0,0,0,,,,,,,,,,,,,,,,,,USD,1.0,stock,30.0
2026-06-02,103.37,109.615,103.0,109.1,7037082,90.80975,77.6507,,91.4093510073797,85.78824431723767,94.29854740956868,114.20237007771807,69.41356532946673,7.282781719330288,4.864084606657483,2.4186971126728043,1,7.55157857142857,0.5,0.05,6769789.0,7404450.6,1.0394832098902935,0.9503854344034655,75.0364254492472,87.94465192283387,5.72999999999999,0.5150000000000006,0.37000000000000455,,0,16.215076986819703,16.76466544454629,28.82612282309807,,0,,,-5.907718844329457,28.473857748469133,17.110347788750534,119.38,19.35321583367558,119.38,0,25,20,20,100.19,92.965,96.5775,87.69505,109.1,,,,,,107.23833333333334,111.47666666666669,113.85333333333334,118.09166666666668,104.8616666666667,100.62333333333335,98.2466666666667,0,0,0,0,0,0,0,0,0,0,0,0,0,0,0,0,0,0,0,0,0,0,,,,,,,,,,,,,,,,,,USD,1.0,stock,28.0
2026-06-03,106.13,106.13,99.645,101.53,5029807,91.26875,78.1931,,92.3732223400102,86.40556806950286,94.44174449056733,114.07627684311392,66.02053325160895,7.165824873560354,5.324432660038058,1.8413922135222958,0,7.88407857142857,0.5,0.05,6608534.0,7275514.1,0.7611078342034708,0.6913335512606594,56.65371539582323,74.45361826129191,4.599999999999994,0.0,1.8850000000000051,,0,9.01879017038294,10.106618733379301,22.98522604156407,,0,,,-6.938588450962413,13.988997417761318,9.940443963183544,119.38,9.912805278444493,119.38,0,25,20,20,100.19,92.965,96.5775,87.69505,101.53,,,,,,102.43499999999999,105.22499999999998,108.91999999999999,111.70999999999998,98.73999999999998,95.94999999999999,92.25499999999998,0,0,0,0,0,0,0,0,0,0,0,0,0,0,0,0,0,0,0,0,0,0,,,,,,,,,,,,,,,,,,USD,1.0,stock,25.0
2026-06-04,105.49,106.26,100.57,101.5,4861059,91.90375,78.8597,,93.24243926000923,86.99750657658119,94.58151192639768,113.95113976009786,65.86471944657956,6.990137032873818,5.65757353460521,1.332563498268608,0,7.983364285714286,0.5,0.05,6704565.8,7003686.5,0.7250371082941718,0.6940714722168104,53.413236060448156,61.70112563517287,3.989999999999995,0.7700000000000102,0.9300000000000068,,0,8.135527822651001,9.454433497536943,22.30571428571428,,0,,,-0.029547916871863755,8.800514524600711,14.301801801801805,119.38,8.856011066982406,119.38,0,25,20,20,100.69,92.965,96.8275,87.69505,101.5,,,,,,102.77666666666666,104.98333333333332,108.46666666666667,110.67333333333333,99.29333333333331,97.08666666666664,93.6033333333333,0,0,0,0,0,0,0,0,0,0,0,0,0,0,0,0,0,0,0,0,0,0,,,,,,,,,,,,,,,,,,USD,1.0,stock,25.0
2026-06-05,101.39,103.372,96.7852,99.47,3802158,92.25874999999999,79.51989999999999,,93.8355402828655,87.48662396573488,94.67831367042942,113.80704881721132,59.92890211640212,6.610892861021128,5.848237399888394,0.7626554611327343,0,7.8588499999999994,0.5,0.05,6598296.2,6561203.75,0.5762333009542675,0.5794909203970384,48.12402292860865,52.73032479496002,1.9200000000000017,1.9819999999999993,2.6847999999999956,,0,5.664481468919779,7.249673268322114,20.056398914245506,,0,,,-2.0000000000000018,-7.564352755320137,7.686478293818322,119.38,6.0046115790984205,119.38,0,25,20,20,100.69,92.965,96.8275,87.69505,99.47,,,,,,99.87573333333334,102.96626666666668,106.46253333333334,109.55306666666668,96.37946666666669,93.28893333333335,89.79266666666669,0,0,0,0,0,0,0,0,0,0,0,0,0,0,0,0,0,0,0,0,0,0,,,,,,,,,,,,,,,,,,USD,1.0,stock,25.0
2026-06-08,98.03,99.9799,96.12,97.89,2872992,92.57325,80.1151,,94.22167930354497,87.89459949649039,94.74191141952983,113.64867022201518,57.035865856703005,6.112386539928323,5.90106722789638,0.21131931203194299,0,7.695271428571429,0.5,0.05,6439483.5,6072861.0,0.4461525524523822,0.4730870671994633,44.00729546638875,48.51485148514853,0.14000000000000057,1.9498999999999995,1.769999999999996,,0,3.7473906389365887,5.431351517008887,18.15803452855246,,0,,,-1.5884186186789995,-15.575679172056923,6.866812227074237,119.38,3.8932873236499512,119.38,0,25,20,20,101.555,98.78999999999999,100.1725,87.69505,97.89,,,,,,97.99663333333332,99.87326666666664,101.85653333333332,103.73316666666663,96.01336666666664,94.13673333333332,92.15346666666665,0,0,0,0,0,0,0,0,0,0,0,0,0,0,0,0,0,0,0,0,0,0,,,,,,,,,,,,,,,,,,USD,1.0,stock,25.0
2026-06-09,95.31,99.0812,92.0,95.61,3424081,92.98825000000001,80.72489999999999,122.807275,94.35390032225497,88.19716422211822,94.75910129241042,113.46918096607475,57.548278757346765,5.470281740896311,5.814910130496367,-0.3446283896000555,0,7.578214285714286,0.5,0.05,6379842.8,5847509.3,0.5367030360058401,0.5855623008585895,38.06670140698281,43.39933993399342,0.29999999999999716,3.471199999999996,3.3100000000000023,,0,1.313774372706858,2.7421294843635513,15.56855977408222,-28.446056897814042,1,,,-2.3291449586270274,-12.364802933088903,9.506356660176385,119.38,1.3312641803412069,119.38,0,25,20,20,104.18,98.78999999999999,101.485,87.69505,95.61,,,,,,95.56373333333333,99.12746666666666,102.64493333333333,106.20866666666666,92.04626666666667,88.48253333333334,84.96506666666667,0,0,0,0,0,0,0,0,0,0,0,0,0,0,0,0,0,0,0,0,0,0,,,,,,,,,,,,,,,,,,USD,1.0,stock,25.0
2026-06-10,92.79,96.655,91.06,91.54,3932212,93.31524999999999,81.21809999999999,122.411025,94.08590981537355,88.32825582125085,94.69535671236268,113.25098016044217,54.19895619168117,4.5801964226701415,5.567967388931121,-0.9877709662609799,0,7.654850000000001,0.5,0.05,6303044.5,5745607.65,0.6238591525095531,0.6843857498692936,27.462219906201167,36.51207225985758,1.25,3.864999999999995,0.480000000000004,,0,-2.781199273949692,-1.9393161459471109,11.275835700240346,-33.72408236836355,1,,,-4.256876895722195,-9.839456318329553,7.694117647058829,119.38,-2.705941644577208,119.38,0,25,20,20,105.22,98.78999999999999,102.005,87.69505,91.54,,,,,,93.085,95.10999999999999,98.67999999999999,100.70499999999998,89.51499999999999,87.49,83.91999999999999,0,0,0,0,0,0,0,0,0,0,0,0,0,0,0,0,0,0,0,0,0,0,,,,,,,,,,,,,,,,,,USD,1.0,stock,25.0
2026-06-11,88.952,91.62,86.51,89.2,6705587,93.74425,81.6371,122.013675,93.62058507105226,88.3624418674763,94.58653776756343,113.01166692501488,55.70546163849155,3.643973493317219,5.183168609808342,-1.5391951164911228,0,7.646278571428569,0.5,0.05,6421597.3,5767810.95,1.0442241527664775,1.1625878618646472,19.26163723916534,28.263519517449783,0.24800000000000466,2.4200000000000017,2.441999999999993,,0,-4.955812859924056,-5.0944506726457295,8.478587443946187,-36.78663116591929,1,,,-2.556259558662888,-12.118226600985215,10.64252046638552,119.38,-4.721808849728195,119.38,0,25,20,20,102.945,98.78999999999999,100.86749999999999,87.69505,89.2,,,,,,89.11,91.71,94.22,96.82,86.6,84.0,81.49,0,0,0,0,0,0,0,0,0,0,0,0,0,0,0,0,0,0,0,0,0,0,,,,,,,,,,,,,,,,,,USD,1.0,stock,25.0
2026-06-12,89.71,90.05,84.76,88.52,4883515,94.12725,82.0201,121.635025,93.13481506428538,88.36862061777136,94.4664083068196,112.76796874665654,52.62890094979647,2.814693722532809,4.709473632353236,-1.8947799098204268,0,7.569135714285713,0.5,0.05,5524180.1,5784665.95,0.8840253054023348,0.8442172879490129,17.442482611021926,21.38877991879615,1.1899999999999977,0.3400000000000034,3.759999999999991,,0,-5.213302151248736,-6.33444419340263,7.3428603705377276,-37.40965318572075,1,,,-0.7623318385650335,-11.008344224389266,9.473163492456083,119.38,-4.95498387053225,119.38,0,25,20,20,97.1875,98.78999999999999,97.98875,87.69505,88.52,,,,,,87.77666666666666,90.79333333333331,93.06666666666665,96.0833333333333,85.50333333333332,82.48666666666666,80.21333333333332,0,0,0,0,0,0,0,0,0,0,0,0,0,0,0,0,0,0,0,0,0,0,,,,,,,,,,,,,,,,,,USD,1.0,stock,25.0
2026-06-15,90.0,93.86,88.34,91.55,3205239,94.33175,82.48530000000001,121.233375,92.98388029625819,88.49338059354504,94.40865764727862,112.55684467952562,55.39112050739957,2.374606224368023,4.242500150756193,-1.8678939263881702,1,7.675564285714286,0.5,0.05,4575373.2,5604248.1,0.7005415427095651,0.5719302469853182,21.93548387096773,19.54653457371834,1.5499999999999972,2.3100000000000023,1.6599999999999966,,0,-1.5662264295556474,-3.0385035499726953,9.901365374112494,-32.42312943746587,1,,,3.4229552643470385,-6.476657472673408,4.676423507889327,119.38,-1.5420740580944508,119.38,0,25,20,20,95.51,98.78999999999999,97.15,87.69505,91.55,,,,,,91.25,94.16,96.77,99.67999999999999,88.64,85.73,83.12,0,0,0,0,0,0,0,0,0,0,0,0,0,0,0,0,0,0,0,0,0,0,,,,,,,,,,,,,,,,,,USD,1.0,stock,25.0
2026-06-16,90.39,93.0,86.9617,87.95,4673986,94.2575,82.8825,120.789225,92.50446312518598,88.47207155066093,94.28076343644142,112.3120004538587,49.08106334099114,1.7155678001720531,3.737113680639365,-2.021545880467312,0,7.599014285714284,0.5,0.05,4339063.6,5554426.3,1.077187713957454,0.8414885260067273,9.214326978625069,16.19743115353825,2.4399999999999977,2.6099999999999994,0.9883000000000095,,0,-5.178468590319472,-7.171688459351894,5.76179647527005,-37.338516202387716,1,,,-3.9322774440196606,-8.01171425583098,-1.6604237714541226,119.38,-4.923506359928208,119.38,0,25,20,20,95.51,98.78999999999999,97.15,87.69505,87.95,,,,,,89.3039,91.6461,95.3422,97.68440000000001,85.6078,83.26559999999999,79.56949999999999,0,0,0,0,0,0,0,0,0,0,0,0,0,0,0,0,0,0,0,0,0,0,,,,,,,,,,,,,,,,,,USD,1.0,stock,25.0
2026-06-17,87.49,88.46,83.83,84.39,4909880,94.146,83.27369999999999,120.32227499999999,91.7316571132635,88.31199031338011,94.0849067347297,112.03416960357156,42.61778367617783,0.8956879202444554,3.1688285285603834,-2.273140608315928,0,7.483299999999998,0.5,0.05,4327070.9,5467802.45,1.1346890572095778,0.8979622151491592,1.5752461322081641,10.908352327266996,3.0999999999999943,0.9699999999999989,0.5600000000000023,,0,-8.699676636169563,-11.560611446853892,1.3227870600782197,-42.57883043014574,1,,,-4.0477544059124515,-7.810793095914359,-2.5744631724774925,119.38,-8.00340617873997,119.38,0,25,20,20,93.601,98.78999999999999,96.1955,87.69505,84.39,,,,,,85.56,87.29,90.19,91.92,82.66000000000001,80.93,78.03000000000002,0,0,0,0,0,0,0,0,0,0,0,0,0,0,0,0,0,0,0,0,0,0,,,,,,,,,,,,,,,,,,USD,1.0,stock,25.0
2026-06-18,83.64,85.7019,81.76,82.72,7557539,93.9705,83.6557,119.872475,90.87340405485745,88.0926965756005,93.85985907661623,111.74248632393403,23.871509552802863,0.1099052459964156,2.55704387204759,-2.4471386260511743,0,6.679864285714284,0.5,0.05,4596718.9,5650642.35,1.6441159802049239,1.3374654653200624,2.5518341307814834,4.447135747204915,0.9200000000000017,2.0618999999999943,0.9599999999999937,,0,-9.856629660127474,-13.60070116054159,-1.131165377176012,-44.91353360735009,1,,,-1.9789074534897533,-7.264573991031398,-4.07050910356025,119.38,-8.97226657200548,119.38,0,25,20,20,90.86995,98.78999999999999,94.82997499999999,87.69505,82.72,,,,,,83.39396666666667,85.02793333333334,87.33586666666666,88.96983333333333,81.08603333333335,79.45206666666668,77.14413333333336,0,0,0,0,0,0,0,0,0,0,0,0,0,0,0,0,0,0,0,0,0,0,,,,,,,,,,,,,,,,,,USD,1.0,stock,27.0
2026-06-22,81.31,85.5,78.55,79.96,5774033,93.8595,84.0757,119.41887500000001,89.83403224010912,87.77376729812597,93.58461434242581,111.42624267891976,7.205707491082052,-0.7271598719585626,1.9002031232463596,-2.6273629952049222,0,6.33557857142857,0.5,0.05,4793906.4,5696101.3,1.204452594235048,1.0136815860349955,4.53887011105745,2.888650124682375,1.3500000000000085,4.189999999999998,1.4099999999999966,,0,-12.348714657465147,-17.38306653326664,-5.147198599299655,-49.348267883942,1,,,-3.3365570599613203,-9.670131043831908,-2.7013871988318505,119.38,-10.991416052346107,119.38,0,25,20,20,88.81559999999999,98.78999999999999,93.80279999999999,87.69505,79.96,,,,,,81.33666666666666,84.12333333333332,88.28666666666666,91.07333333333332,77.17333333333332,74.38666666666666,70.22333333333331,0,0,0,0,0,0,0,0,0,0,0,0,0,0,0,0,0,0,0,0,0,0,,,,,,,,,,,,,,,,,,USD,1.0,stock,30.25
2026-06-23,81.4,83.08,79.97,81.35,4572249,93.656,84.5597,118.98522499999999,89.02602916962255,87.52185485506222,93.34234475148668,111.1269765826121,12.079803224924845,-1.2638102079978495,1.267400456997518,-2.5312106649953674,1,5.633435714285712,0.5,0.05,4963832.1,5701657.8,0.9211127427134371,0.8019157165131867,10.104655359076133,5.731786533638364,0.05000000000001137,1.6799999999999926,1.3799999999999955,,0,-9.435807215270502,-15.127228027043655,-3.945543945912738,-46.26333743085432,1,,,1.7383691845922922,-11.141452758055713,-4.7646921095762185,119.38,-8.622230196291587,119.38,0,25,20,20,87.60249999999999,98.965,93.28375,87.69505,81.35,,,,,,81.46666666666667,82.96333333333334,84.57666666666667,86.07333333333334,79.85333333333334,78.35666666666667,76.74333333333334,0,0,0,0,0,0,0,0,0,0,0,0,0,0,0,0,0,0,0,0,0,0,,,,,,,,,,,,,,,,,,USD,1.0,stock,28.75
2026-06-24,81.27,84.095,80.56,81.55,2647340,93.4875,84.96470000000001,118.53082500000001,88.31402639156326,87.2876644685892,93.10883297422951,110.83267830815825,15.811088295687895,-1.6539059389916275,0.6831391777996889,-2.3370451167913164,1,5.21057857142857,0.5,0.05,4886158.0,5633000.4,0.5418040104310995,0.46996978732683914,10.82641645615301,8.48998064209554,0.28000000000000114,2.5450000000000017,0.7099999999999937,,0,-8.294330339133369,-14.638258736971183,-4.187247087676285,-45.34742489270388,1,,,0.24585125998770607,-7.276861853325755,-3.968440885539337,119.38,-7.659062402582789,119.38,0,25,20,20,86.205,98.965,92.58500000000001,87.69505,81.55,,,,,,82.06833333333333,83.57666666666665,85.60333333333332,87.11166666666665,80.04166666666666,78.53333333333333,76.50666666666666,0,0,0,0,0,0,0,0,0,0,0,0,0,0,0,0,0,0,0,0,0,0,,,,,,,,,,,,,,,,,,USD,1.0,stock,28.75
2026-06-25,79.15,80.15,74.41,74.68,6239530,92.768,85.2641,118.04072500000001,87.01554768760485,86.79324625413471,92.74390558860121,110.47295016578852,12.81198003327789,-2.4887227545680304,0.04876679132614509,-2.5374895458941755,0,5.314149999999998,0.5,0.05,5116889.8,5709967.15,1.2193989403484906,1.092743589601912,0.932256059664423,7.287775958297865,4.469999999999999,1.0,0.27000000000001023,,0,-16.5178731756894,-24.220674879485795,-14.172603106588097,-58.06203133369041,1,,,-8.424279583077855,-11.50610261879369,-16.15583249129896,119.38,-14.176257020056674,119.38,0,25,20,20,84.13499999999999,96.895,90.51499999999999,88.05,74.68,,,,,,76.41333333333334,78.41666666666669,82.15333333333335,84.1566666666667,72.67666666666668,70.67333333333333,66.93666666666667,0,0,0,0,0,0,0,0,0,0,0,0,0,0,0,0,0,0,0,0,0,0,,,,,,,,,,,,,,,,,,USD,1.0,stock,31.75
2026-06-26,75.3,79.38,75.3,78.74,7936890,92.04050000000001,85.51889999999999,117.52262499999999,86.22740028878533,86.47743267554121,92.46660052744079,110.15719941787023,22.788133368338137,-2.7905453564632836,-0.5190956382317407,-2.271449718231543,1,5.17937857142857,0.5,0.05,5240020.1,5830808.7,1.514667854041247,1.3611988333625145,16.933973148115548,9.564215221311004,3.4399999999999977,0.6400000000000006,0.0,,0,-9.50901738479215,-16.891668783337586,-8.609220218440429,-49.25403225806451,1,,,5.436529191215844,-4.811411992263059,-15.596526958945233,119.38,-8.683319065296166,119.38,0,25,20,20,84.13499999999999,96.895,90.51499999999999,89.37,78.74,,,,,,77.80666666666667,80.31333333333335,81.88666666666667,84.39333333333335,76.23333333333335,73.72666666666667,72.15333333333335,0,0,0,0,0,0,0,0,0,0,0,0,0,0,0,0,0,0,0,0,0,0,,,,,,,,,,,,,,,,,,USD,1.0,stock,27.0
2026-06-29,80.46,82.83,79.01,79.26,3142948,90.623,85.72949999999999,117.047325,85.56383835652007,86.19439610002979,92.20508368531324,109.84976459779192,24.844720496894425,-2.9537334877890515,-1.0060232081432028,-1.9477102796458488,1,5.195814285714284,0.5,0.05,5065963.4,5295071.75,0.620404798029137,0.5935609843247167,19.658549239599242,12.50825948245975,1.1999999999999886,2.3700000000000045,0.25,,0,-7.9533665865759025,-14.336361342417359,-8.162376987130939,-47.67515140045419,1,,,0.6604013208026505,-0.8754377188594176,-26.345135210482297,119.38,-7.367409501025149,119.38,0,25,20,20,83.705,96.895,90.3,89.815,79.26,,,,,,80.36666666666667,81.72333333333334,84.18666666666667,85.54333333333334,77.90333333333335,76.54666666666668,74.08333333333336,0,0,0,0,0,0,0,0,0,0,0,0,0,0,0,0,0,0,0,0,0,0,,,,,,,,,,,,,,,,,,USD,1.0,stock,27.0
2026-06-30,77.49,79.2,76.47,77.79,3321721,88.715,85.9465,116.552725,84.82347279875626,85.8648119392443,91.91963648362388,109.53076196497808,25.40033130866925,-3.1651916136108014,-1.4378568892367225,-1.7273347243740789,1,4.889299999999998,0.5,0.05,5077611.6,4826492.4,0.6541896587757914,0.6882267130473467,15.194425713643556,17.262316033786124,0.30000000000001137,1.4099999999999966,1.019999999999996,,0,-9.041615630230428,-14.044221622316488,-10.485280884432438,-49.829958863607125,1,,,-1.8546555639666895,-4.376152427781177,-32.910737386804655,109.615,-8.291894409278866,109.615,0,25,20,20,81.435,96.895,89.16499999999999,92.28999999999999,77.79,,,,,,77.82000000000001,79.17000000000002,80.55000000000001,81.90000000000002,76.44000000000001,75.09,73.71000000000001,0,0,0,0,0,0,0,0,0,0,0,0,0,0,0,0,0,0,0,0,0,0,,,,,,,,,,,,,,,,,,USD,1.0,stock,27.0
2026-07-01,80.62,84.61,80.16,83.17,3674588,87.41850000000001,86.18029999999999,116.09422500000001,84.66599919887472,85.7591330396661,91.74637635523528,109.26846582602309,38.84892086330935,-2.8656195855382407,-1.723409428497026,-1.1422101570412146,1,4.976799999999998,0.5,0.05,4977671.8,4658367.7,0.7382141988549747,0.7888145025563353,45.03856041131107,26.630511788184634,2.549999999999997,1.4399999999999977,0.46000000000000796,,0,-1.7987245387455977,-5.108212095707596,-3.61945413009497,-39.5866598533125,1,,,6.916056048335251,1.9865113427345316,-23.767186067827673,106.26,-1.7669421172963569,106.26,0,25,20,20,80.05595,96.895,88.47547499999999,92.28999999999999,83.17,,,,,,82.64666666666666,85.13333333333333,87.09666666666666,89.58333333333333,80.68333333333332,78.19666666666666,76.23333333333332,0,0,0,0,0,0,0,0,0,0,0,0,0,0,0,0,0,0,0,0,0,0,,,,,,,,,,,,,,,,,,USD,1.0,stock,25.0
2026-07-02,82.78,85.59,81.9,83.84,3103667,86.534,86.43270000000001,115.64407500000002,84.5873326085057,85.6838729204635,91.58981444721083,109.01544626556515,42.52649191299498,-2.54480822923594,-1.887689188644809,-0.6571190405911311,1,4.875371428571427,0.5,0.05,4797050.5,4562060.7,0.646994856526943,0.6803212855102958,48.483290488431905,36.23875887112885,1.0600000000000023,1.75,0.8799999999999955,,0,-0.8913795425879066,-3.2132633587786295,-3.092437977099246,-37.934249761450396,1,,,0.8055789347120479,12.265666845206201,-17.42342164877376,106.26,-0.8835041671837194,106.26,0,25,20,20,80.0,96.895,88.44749999999999,92.28999999999999,83.84,,,,,,83.77666666666667,85.65333333333334,87.46666666666667,89.34333333333333,81.96333333333334,80.08666666666667,78.27333333333334,0,0,0,0,0,0,0,0,0,0,0,0,0,0,0,0,0,0,0,0,0,0,,,,,,,,,,,,,,,,,,USD,1.0,stock,25.0
2026-07-06,82.0001,86.84,81.51,85.5,2434270,85.73400000000001,86.6625,115.211375,84.67425331245754,85.67666221770024,91.46922406211755,108.78146172560928,45.901194353963085,-2.1320379845063684,-1.936558947817121,-0.19547903668924738,1,4.87822857142857,0.5,0.05,4284723.6,4440721.25,0.5681276617236174,0.5481699622555682,57.01799485861184,50.179948586118286,3.4998999999999967,1.3400000000000034,0.4900999999999982,,0,0.9657855994648686,-0.27368421052632613,-1.359649122807011,-34.750146198830414,1,,,1.9799618320610612,8.585217170434344,-15.763546798029559,103.372,0.9752039790600388,103.372,0,25,20,20,80.625,96.895,88.75999999999999,92.28999999999999,85.5,,,,,,84.61666666666667,87.72333333333334,89.94666666666667,93.05333333333334,82.39333333333335,79.28666666666668,77.06333333333335,0,0,0,0,0,0,0,0,0,0,0,0,0,0,0,0,0,0,0,0,0,0,,,,,,,,,,,,,,,,,,USD,1.0,stock,25.0
2026-07-07,89.11,91.27,87.1101,88.39,3762714,85.18,87.07790000000001,114.79207500000001,85.02813394936634,85.78306762092768,91.40824932821423,108.57856160893655,45.694822888283376,-1.5538044539119085,-1.8600080490360786,0.30620359512417017,1,4.896085714285713,0.5,0.05,4083591.7,4438749.05,0.9214226779822282,0.8476969429033164,75.20172135556751,60.2343355675371,0.7199999999999989,2.1599999999999966,1.2798999999999978,,0,3.803446148471168,3.631632537617371,1.4844439416223403,-29.869979635705405,1,,,3.3801169590643276,11.51905122382033,-11.139036895546395,99.9799,3.9538278620058076,99.9799,0,25,20,20,82.84,96.895,89.8675,92.28999999999999,88.39,,,,,,88.92336666666667,90.73663333333333,93.08326666666666,94.89653333333332,86.57673333333334,84.76346666666667,82.41683333333334,0,0,0,0,0,0,0,0,0,0,0,0,0,0,0,0,0,0,0,0,0,0,,,,,,,,,,,,,,,,,,USD,1.0,stock,25.0
2026-07-08,86.0,87.04,83.98,85.47,3038473,84.559,87.35629999999999,114.37127500000001,85.07021643037906,85.77079045932268,91.29066023260603,108.34862567252924,46.55746807329261,-1.3159997851679748,-1.751206396262458,0.4352066110944832,1,4.77977857142857,0.5,0.05,3930214.1,4447023.1,0.7731062284876541,0.6832599992565814,65.59905100830369,65.93958907416102,0.5300000000000011,1.0400000000000063,1.4899999999999949,,0,0.4677472442037398,1.0658710658710675,-2.206973206973197,-33.814525564525574,1,,,-3.303541124561604,9.872734284612417,-12.687710695678822,99.0812,0.46994540086555064,99.0812,0,25,20,20,82.84,96.895,89.8675,92.28999999999999,85.47,,,,,,85.49666666666667,87.01333333333334,88.55666666666667,90.07333333333334,83.95333333333333,82.43666666666667,80.89333333333333,0,0,0,0,0,0,0,0,0,0,0,0,0,0,0,0,0,0,0,0,0,0,,,,,,,,,,,,,,,,,,USD,1.0,stock,25.0
2026-07-09,81.36,90.86,80.66,90.71,2820363,84.314,87.78609999999999,113.97957500000001,85.60733867510487,85.96448495111396,91.27916201017818,108.17311695936975,58.38196286472148,-0.6966827394549995,-1.5403016649009662,0.8436189254459667,1,5.177635714285713,0.5,0.05,3947516.4,4416837.2,0.7144651761294772,0.6385480995314928,96.6785290628707,79.1597671422473,9.349999999999994,0.15000000000000568,0.7000000000000028,,0,5.625246747762236,7.05104178150149,3.223349134604788,-25.652711939146755,1,,,6.130806130806121,9.065768907057814,-5.124986926053765,96.655,5.960541939354795,96.655,0,25,20,20,83.285,92.01249999999999,87.64874999999999,92.965,90.71,,,,,,87.40999999999998,94.15999999999997,97.60999999999999,104.35999999999997,83.95999999999997,77.20999999999998,73.75999999999996,0,0,0,0,0,0,0,0,0,0,0,0,0,0,0,0,0,0,0,0,0,0,,,,,,,,,,,,,,,,,,USD,1.0,stock,25.0
2026-07-10,93.97,94.9,88.14,88.86,2460166,84.18,88.1691,113.570725,85.91711594414251,86.0780345608742,91.23125781195682,107.98094664136607,58.10454065469906,-0.3511017749852243,-1.3024616869178178,0.9513599119325935,1,5.378928571428571,0.5,0.05,3569580.0,4343234.9,0.689203211582315,0.5664363214616828,70.52220595412395,77.59992867509946,5.109999999999999,0.9300000000000068,0.7199999999999989,,0,3.3118209046336826,5.266711681296413,0.7775151924375413,-27.808603421111854,1,,,-2.0394664314849487,5.987595419847325,-2.9276818876993738,94.9,3.425259360161431,94.9,0,25,20,20,85.685,90.33500000000001,88.01,92.965,88.86,,,,,,90.63333333333334,93.12666666666668,97.39333333333335,99.88666666666668,86.36666666666667,83.87333333333333,79.60666666666667,0,0,0,0,0,0,0,0,0,0,0,0,0,0,0,0,0,0,0,0,0,0,,,,,,,,,,,,,,,,,,USD,1.0,stock,25.0
2026-07-13,90.4,96.5,90.4,96.16,5449198,84.52799999999999,88.6825,113.223125,86.89262871136704,86.4734057545654,91.3288566671656,107.8633252817505,69.0947666195191,0.5059898840721218,-0.94077137271983,1.4467612567919517,1,5.428214285714285,0.5,0.05,3320810.8,4280415.45,1.640923957486527,1.2730535303529942,98.46084200995924,88.55385900898465,5.759999999999991,0.3400000000000034,0.0,,0,9.637449343420299,12.096505823627293,7.776102329450907,-17.74451435108153,1,,,8.21516993022733,12.467836257309939,7.802690582959637,96.5,10.665313532424676,96.5,0,25,20,20,86.485,90.33500000000001,88.41,92.965,96.16,,,,,,94.35333333333334,98.30666666666667,100.45333333333333,104.40666666666667,92.20666666666668,88.25333333333334,86.10666666666668,0,0,0,0,0,0,0,0,0,0,0,0,0,0,0,0,0,0,0,0,0,0,,,,,,,,,,,,,,,,,,USD,1.0,stock,25.0
2026-07-14,90.0,91.98,88.61,89.08,4318051,84.55600000000001,89.0923,112.849375,87.10094978647494,86.57562513673932,91.2843248519742,107.67642652272812,58.03367283309084,0.6069478518911495,-0.6312275277976341,1.2381753796887836,0,5.744642857142856,0.5,0.05,3438321.1,4252142.25,1.2558603092654725,1.0155001282000855,66.41014033499322,78.46439609969214,0.9200000000000017,1.980000000000004,0.46999999999999886,,0,2.2216549321116483,5.078581050740892,-0.013807813201612262,-26.68317804220925,1,,,-7.362728785357731,0.7806312931327053,0.6326253953908845,96.5,2.2721339071234374,96.5,0,25,20,20,88.33,88.89099999999999,88.6105,92.965,89.08,,,,,,89.89,91.17,93.26,94.54,87.8,86.52,84.42999999999999,0,0,0,0,0,0,0,0,0,0,0,0,0,0,0,0,0,0,0,0,0,0,,,,,,,,,,,,,,,,,,USD,1.0,stock,25.0
2026-07-15,91.17,95.85,90.85,91.77,3439911,84.56700000000001,89.15009999999998,112.49612499999999,87.54562123538209,86.77932611176915,91.29394218163807,107.51815362200446,60.09881422924901,0.8937160847762584,-0.3262388052828556,1.219954890059114,0,5.975714285714284,0.5,0.05,3450140.1,4263875.85,0.9970351638763887,0.8067568383821495,78.58759619737437,81.15285951410895,0.5999999999999943,4.079999999999998,0.3200000000000074,,0,4.603224108769653,7.848970251716235,2.854854527623423,-22.5848588863463,1,,,3.019757521329147,7.3710073710073765,0.2403058438011918,96.5,4.825345579831927,96.5,0,25,20,20,88.58,87.19495,87.887475,92.965,91.77,,,,,,92.82333333333332,94.79666666666665,97.82333333333332,99.79666666666665,89.79666666666665,87.82333333333332,84.79666666666665,0,0,0,0,0,0,0,0,0,0,0,0,0,0,0,0,0,0,0,0,0,0,,,,,,,,,,,,,,,,,,USD,1.0,stock,25.0
2026-07-16,94.24,95.21,88.5,92.36,2763185,84.7875,89.1341,112.12467500000001,88.00413349867902,86.99817606817037,91.31505223744722,107.36732622278055,69.94584837545126,1.1552727790904953,-0.029936488408185413,1.1852092674986807,0,5.9449999999999985,0.5,0.05,3358999.8,4168335.8,0.8226213648479527,0.6628988480246721,80.47169811320755,75.15647821519171,1.8799999999999955,0.9699999999999989,3.8599999999999994,,0,4.716182872803134,8.198895625812046,3.4927457773928063,-21.39960480727589,1,,,0.6429116268933166,1.818983574027122,5.014212620807279,96.5,4.94961580570117,96.5,0,25,20,20,88.58,86.7456,87.6628,96.895,92.36,,,,,,92.02333333333333,95.54666666666665,98.73333333333332,102.25666666666665,88.83666666666666,85.31333333333333,82.12666666666667,0,0,0,0,0,0,0,0,0,0,0,0,0,0,0,0,0,0,0,0,0,0,,,,,,,,,,,,,,,,,,USD,1.0,stock,25.0
2026-07-17,90.13,94.35,90.01,93.29,3225933,85.23249999999999,89.1529,111.76457500000001,88.50754935594769,87.24491426157545,91.3541601139334,107.22725332504145,67.66205389657685,1.4212186475236877,0.2602945387781892,1.1609241087454985,0,5.919285714285713,0.5,0.05,3371226.4,4084138.45,0.9569019155758866,0.7898686686294878,83.97403894158765,81.01111108405654,3.160000000000011,1.059999999999988,0.11999999999999034,,0,5.1264343917379325,8.637045771250957,4.43466609497267,-19.8033819273234,1,,,1.0069294066695544,4.9853702453297455,10.546273255125026,96.5,5.403438100877593,96.5,0,25,20,20,88.58,85.5325,87.05625,96.895,93.29,,,,,,92.55000000000001,95.09000000000002,96.89,99.43,90.75000000000003,88.21000000000002,86.41000000000004,0,0,0,0,0,0,0,0,0,0,0,0,0,0,0,0,0,0,0,0,0,0,,,,,,,,,,,,,,,,,,USD,1.0,stock,25.0
2026-07-20,91.0,97.25,89.93,96.43,2822853,85.91799999999999,89.30550000000001,111.44822500000001,89.26206846490506,87.60511370229798,91.45467179484561,107.11981796857337,69.59598265236248,1.8638689017374475,0.5810094113700409,1.2828594903674064,1,6.149999999999998,0.5,0.05,3410084.7,3847404.15,0.8277955676584807,0.7337032684751874,96.05389797882583,86.83321167787369,5.430000000000007,0.8199999999999932,1.0699999999999932,,0,7.433300357870944,10.901171834491356,7.388260914653114,-15.574224826298869,1,,,3.3658484296280378,0.2807820299500996,16.573984526112206,97.25,8.030209985457763,97.25,0,25,20,20,88.955,85.83,87.3925,96.895,96.43,,,,,,94.53666666666668,99.14333333333335,101.85666666666667,106.46333333333334,91.82333333333335,87.21666666666668,84.50333333333336,0,0,0,0,0,0,0,0,0,0,0,0,0,0,0,0,0,0,0,0,0,0,,,,,,,,,,,,,,,,,,USD,1.0,stock,25.0
2026-07-21,93.408,96.5,89.27,90.6,3263332,86.45,89.2701,111.153375,89.38949051586648,87.7225602237765,91.43774760088826,106.95544167037862,63.29665767074941,1.7243627601472582,0.8096800811254844,0.9146826790217738,0,6.467142857142854,0.5,0.05,3360146.5,3721869.1,0.9711874169772062,0.8767992404676457,61.08835576360442,80.37209756133932,2.808000000000007,3.0919999999999987,1.3299999999999983,,0,1.3361031833703205,4.58057395143487,1.4678807947019814,-22.68584437086093,1,,,-6.045836357979894,1.706331387516835,13.306653326663342,97.25,1.354196647891898,97.25,0,25,20,20,88.955,85.83,87.3925,96.895,90.6,,,,,,92.12333333333333,94.97666666666667,99.35333333333334,102.20666666666668,87.74666666666667,84.89333333333333,80.51666666666667,0,0,0,0,0,0,0,0,0,0,0,0,0,0,0,0,0,0,0,0,0,0,,,,,,,,,,,,,,,,,,USD,1.0,stock,25.0
2026-07-22,90.54,90.6,84.71,85.4,3027058,86.6525,89.1461,110.82512500000001,89.00953903816492,87.63147943068722,91.31818824245482,106.7409596637082,52.32340070848093,1.1805974040848781,0.8838635457173633,0.29673385836751487,0,6.400714285714284,0.5,0.05,3359005.0,3644609.55,0.9011769854465831,0.8305575558841414,28.57142857142862,61.9045607712863,5.140000000000001,0.05999999999998806,0.6900000000000119,,0,-4.226626508389826,-1.4666276346604188,-4.3865339578454305,-29.77180913348947,1,,,-5.739514348785857,-6.9412662090007515,4.978488014751092,97.25,-4.055227200555703,97.25,0,25,20,20,90.97999999999999,85.83,88.405,96.895,85.4,,,,,,86.90333333333335,89.0966666666667,92.79333333333335,94.98666666666671,83.2066666666667,81.01333333333335,77.3166666666667,0,0,0,0,0,0,0,0,0,0,0,0,0,0,0,0,0,0,0,0,0,0,,,,,,,,,,,,,,,,,,USD,1.0,stock,25.0
2026-07-23,87.69,87.7,80.0,80.15,4098524,86.58250000000001,89.00290000000001,110.47342499999999,88.16577341548255,87.33808808046419,91.09703600002997,106.47637300038772,46.49039376070002,0.3223128954424368,0.771553415662378,-0.4492405202199412,0,6.687142857142855,0.5,0.05,3486821.1,3717168.75,1.1754328319281995,1.102592934474659,0.8695652173913373,30.176449850808137,7.539999999999992,0.010000000000005116,0.15000000000000568,,0,-10.000964960053077,-8.025577043044297,-11.045414847161577,-37.833343730505284,1,,,-6.147540983606559,-13.220008661758332,-1.716738197424883,97.25,-9.091706571560472,97.25,0,25,20,20,88.625,85.83,87.22749999999999,96.895,80.15,,,,,,82.61666666666666,85.23333333333332,90.31666666666666,92.93333333333332,77.53333333333332,74.91666666666666,69.83333333333331,0,0,0,0,0,0,0,0,0,0,0,0,0,0,0,0,0,0,0,0,0,0,,,,,,,,,,,,,,,,,,USD,1.0,stock,26.5
2026-07-24,81.43,87.09,81.43,86.88,4165689,87.1925,89.04050000000001,110.156875,88.0433188044842,87.32012384201461,91.01353033666304,106.28138421431423,51.19708535739069,0.18306078302524043,0.6538548891349506,-0.4707941061097102,0,6.802142857142855,0.5,0.05,3657373.4,3613476.7,1.1389837854674614,1.1528202188213916,39.884057971014464,23.108350586611483,5.449999999999989,0.21000000000000796,0.0,,0,-1.3389949407046569,-0.35969152854511977,-2.486763351749555,-26.791983195211795,1,,,8.39675608234558,-6.871047271947706,16.336368505623987,97.25,-1.3213027635493404,97.25,0,25,20,20,88.625,85.83,87.22749999999999,96.895,86.88,,,,,,85.13333333333334,88.83666666666667,90.79333333333334,94.49666666666667,83.17666666666668,79.47333333333334,77.51666666666668,0,0,0,0,0,0,0,0,0,0,0,0,0,0,0,0,0,0,0,0,0,0,,,,,,,,,,,,,,,,,,USD,1.0,stock,25.0
2026-07-27,90.13,97.73,89.3525,95.87,6121925,88.049,89.34550000000002,109.885625,88.78871701358094,87.65541310311208,91.10969805276872,106.17778835148523,55.86758707248197,0.7890249595299821,0.6808889032139569,0.10813605631602519,1,7.164999999999999,0.5,0.05,3724646.1,3522728.45,1.6436259541544094,1.7378361934199043,89.5093062605753,43.420976482993716,5.740000000000009,1.8599999999999994,0.7774999999999892,,0,7.3863387779483345,8.157922186293936,6.8055700427662345,-14.619406487952435,1,,,10.347605893186017,-0.580732137301676,21.755143510287045,97.73,7.9754311410265455,97.73,0,25,20,20,88.86500000000001,86.07,87.4675,96.895,95.87,,,,,,94.3175,99.28249999999998,102.695,107.65999999999998,90.90499999999999,85.94,82.52749999999999,0,0,0,0,0,0,0,0,0,0,0,0,0,0,0,0,0,0,0,0,0,0,,,,,,,,,,,,,,,,,,USD,1.0,stock,25.0
2026-07-28,98.626,102.65,96.61,99.98,6034115,89.08500000000001,89.72789999999999,109.637925,89.85455348847799,88.13873023632338,91.28534759627824,106.11611881564956,61.17357153858001,1.5826547279080074,0.861242068152767,0.7214126597552404,1,7.334285714285714,0.5,0.05,3896252.5,3667286.8,1.5486971134442646,1.6453894470429749,88.21192052980132,72.5350949204637,1.3539999999999992,2.6700000000000017,2.0160000000000053,,0,10.127472005923197,10.897179435887173,10.254150830166045,-9.659856971394271,1,,,4.287055387503913,10.353200883002224,26.141811758768597,102.65,11.268707169993778,102.65,0,25,20,20,91.325,88.53,89.92750000000001,96.895,99.98,,,,,,99.74666666666667,102.88333333333334,105.78666666666668,108.92333333333335,96.84333333333333,93.70666666666666,90.80333333333333,0,0,0,0,0,0,0,0,0,0,0,0,0,0,0,0,0,0,0,0,0,0,,,,,,,,,,,,,,,,,,USD,1.0,stock,26.5
2026-07-30,97.735,99.1768,95.18,98.12,3941324,90.1015,89.9411,109.389825,90.64173887052772,88.53015257999698,91.4206872478371,106.03655544434956,56.01949634443543,2.0380324127864355,1.0966001370795009,0.9414322757069347,1,6.9485714285714275,0.5,0.05,3946393.8,3698266.95,0.9987153334773636,1.0657218781894584,80.0,85.90707559679221,0.3850000000000051,1.0567999999999955,2.5549999999999926,,0,7.621546197994585,8.172136159804325,8.335609457806765,-11.485757236037502,1,,,-1.8603720744148844,14.894613583138172,26.134464584136772,102.65,8.250350470608474,102.65,0,25,20,20,91.325,88.53,89.92750000000001,96.895,98.12,,,,,,97.49226666666668,99.80453333333335,101.48906666666667,103.80133333333335,95.80773333333336,93.49546666666669,91.81093333333337,0,0,0,0,0,0,0,0,0,0,0,0,0,0,0,0,0,0,0,0,0,0,,,,,,,,,,,,,,,,,,USD,1.0,stock,25.0
2026-07-31,95.68,101.62,95.35,101.015,2730271,90.99375,90.1727,109.17210000000001,91.62966850190602,89.01975443960495,91.61067363896902,105.98658971853514,59.70924195223261,2.6025245315625654,1.3977850159761138,1.2047395155864515,1,6.913571428571428,0.5,0.05,3943102.4,3651051.1,0.6924169658896,0.7478041049603497,92.78145695364236,86.99779249448125,5.334999999999994,0.605000000000004,0.3300000000000125,,0,9.291027568275975,9.920556353016874,10.733356432213032,-8.075137355838255,1,,,2.9504688136975155,26.032439176543964,21.456053865576518,102.65,10.242677564525673,102.65,0,25,20,20,91.325,88.53,89.92750000000001,96.895,101.015,,,,,,99.32833333333333,103.30666666666667,105.59833333333334,109.57666666666668,97.03666666666666,93.05833333333332,90.76666666666665,0,0,0,0,0,0,0,0,0,0,0,0,0,0,0,0,0,0,0,0,0,0,,,,,,,,,,,,,,,,,,USD,1.0,stock,25.0
2026-08-03,105.07,108.94,102.35,103.71,3450825,91.98724999999999,90.51449999999998,108.9437,92.78017626362926,89.59584250079692,91.85026425997954,105.96393708451987,56.50974305914813,3.23011779235226,1.7642515712513431,1.465866221100917,1,6.933928571428571,0.5,0.05,3965591.6,3668409.0,0.870191726248361,0.9406870935056587,81.92812715964062,84.90319470442768,1.3599999999999994,3.8700000000000045,1.3599999999999994,,0,10.538833030923476,11.30339407964517,12.723459647092866,-5.046475749686639,0,,,2.6679206058506155,19.37154696132597,23.699904580152655,108.94,11.780343793823265,108.94,0,25,20,20,94.47,91.675,93.07249999999999,96.895,103.71,,,,,,105.0,107.65,111.59,114.24000000000001,101.06,98.41,94.47,0,0,0,0,0,0,0,0,0,0,0,0,0,0,0,0,0,0,0,0,0,0,,,,,,,,,,,,,,,,,,USD,1.0,stock,26.5
2026-08-04,103.84,110.57,103.32,110.31,4584044,93.22775,90.99610000000001,108.71340000000001,94.44968328614077,90.40816240272646,92.2158035815641,106.00718149163907,68.45765953747174,4.2115071813772005,2.253702693276515,1.9578044881006855,1,6.9125,0.5,0.05,4141710.7,3775897.7,1.1067996613090334,1.2140275940208867,99.14949296696109,91.28635902674803,6.469999999999999,0.2599999999999909,0.5200000000000102,,0,14.377950062423384,15.48567672921766,17.508748073610725,1.4473755779167756,0,,,6.363899334683265,15.062063210597687,29.01754385964912,110.57,16.79234504769009,110.57,0,25,20,20,95.285,92.935,94.11,96.895,110.31,,,,,,108.06666666666666,112.81333333333333,115.31666666666666,120.06333333333333,105.56333333333333,100.81666666666666,98.31333333333333,0,0,0,0,0,0,0,0,0,0,0,0,0,0,0,0,0,0,0,0,0,0,,,,,,,,,,,,,,,,,,USD,1.0,stock,26.5
2026-08-05,112.94,113.55,109.08,113.32,4590081,94.47425,91.6189,108.5308,96.24685630650832,91.30666583791366,92.63370846113708,106.07994585490636,68.63219782120007,5.172521578118946,2.837466470245001,2.335055107873945,1,6.748214285714285,0.5,0.05,4274385.6,3817266.05,1.0738574919398944,1.2024524724966446,99.31445603576749,93.4640253874564,0.37999999999999545,0.23000000000000398,3.8599999999999994,,0,15.06631106026445,16.630559477585596,19.150282386163077,4.226261913166249,0,,,2.728673737648446,13.342668533706735,28.20454802579477,113.55,17.738910493991032,113.55,0,25,20,20,96.775,95.00999999999999,95.8925,96.895,113.32,,,,,,111.98333333333333,114.88666666666667,116.45333333333333,119.35666666666667,110.41666666666667,107.51333333333334,105.94666666666667,0,0,0,0,0,0,0,0,0,0,0,0,0,0,0,0,0,0,0,0,0,0,,,,,,,,,,,,,,,,,,USD,1.0,stock,28.0
2026-08-06,108.73,110.88,107.4201,110.17,7803774,95.70925000000001,92.1139,108.331,97.57286999160277,92.04640443250528,92.98096175893635,106.12064291107644,64.7458188441795,5.615224919405293,3.3930181600770597,2.222206759328233,0,6.69035,0.5,0.05,4752057.2,4055531.1,1.6421885662487394,1.9242298499449306,89.92548435171386,96.12981111814749,1.4399999999999977,0.7099999999999937,1.309899999999999,,0,11.434265234090251,13.125850957610954,16.389307433965687,1.6692384496686925,0,,,-2.779738792799147,12.280880554423156,28.899028899028913,113.55,12.910484245755354,113.55,0,25,20,20,97.49000000000001,95.00999999999999,96.25,96.895,110.17,,,,,,109.49003333333333,111.55996666666665,112.94993333333332,115.01986666666664,108.10006666666666,106.03013333333334,104.64016666666667,0,0,0,0,0,0,0,0,0,0,0,0,0,0,0,0,0,0,0,0,0,0,,,,,,,,,,,,,,,,,,USD,1.0,stock,26.5
2026-08-07,145.135,153.2,141.51,149.07,20077447,98.62725,93.39689999999999,108.3166,102.47735856383107,94.28262386652469,94.09163578351186,106.54799969803092,78.35502236681577,9.001215002528156,4.5146575285672785,4.486557473960877,1,9.453921428571428,0.5,0.05,6349949.5,4918385.3,3.1618278224102414,4.082121626380105,94.35792349726776,94.53262129491638,3.9350000000000023,4.1299999999999955,3.625,,0,31.255545338544927,33.838297444153746,37.34695109680017,27.338431609311066,0,,,35.30906780430243,47.572142751076576,64.33689780619558,153.2,45.46627868745007,153.2,0,25,20,20,121.27625,116.6,118.938125,113.80499999999999,149.07,,,,,,147.92666666666665,154.3433333333333,159.61666666666665,166.0333333333333,142.6533333333333,136.23666666666665,130.9633333333333,0,0,0,0,0,0,0,0,0,0,0,0,0,0,0,0,0,0,0,0,0,0,,,,,,,,,,,,,,,,,,USD,1.0,stock,30.0
2026-08-10,149.325,153.99,145.0,151.87,8646417,101.77775,94.65289999999999,108.28200000000001,107.18141965299003,96.54095234234725,95.23576180760072,106.99896487516494,78.2799428688023,11.774840110359136,5.96669404492565,5.808146065433486,1,9.573207142857143,0.5,0.05,6798022.3,5227697.85,1.27190182944825,1.6539626520304727,97.13474793891065,93.80605192929744,2.545000000000016,2.1200000000000045,4.324999999999989,,0,29.42554839468623,32.9836373213933,37.675051030486614,28.700862579838017,0,,,1.878312202321064,46.437180599749304,70.90929552104434,153.99,41.694335167133886,153.99,0,25,20,20,124.58500000000001,116.995,120.79,114.2,151.87,,,,,,150.28666666666666,155.57333333333332,159.27666666666667,164.56333333333333,146.58333333333331,141.29666666666665,137.5933333333333,0,0,0,0,0,0,0,0,0,0,0,0,0,0,0,0,0,0,0,0,0,0,,,,,,,,,,,,,,,,,,USD,1.0,stock,30.0
2026-08-11,151.38,156.215,148.87,154.08,4429495,104.67375,95.86869999999999,108.20885,111.64795111461002,98.79738558382384,96.40099424705417,107.46743288635734,83.62288135593222,13.99001829899754,7.571358895740028,6.418659403257513,1,9.58142142857143,0.5,0.05,6628779.3,5176712.7,0.6682218247935936,0.85565787724708,97.1987141638785,96.23046186668564,2.700000000000017,2.134999999999991,2.509999999999991,,0,27.538972537246874,32.065323208722745,37.779919522326075,29.77099558670821,0,,,1.4551919404754088,39.679086211585535,60.23294509151415,156.215,38.00521949733963,156.215,0,25,20,20,125.6975,118.1075,121.9025,115.3125,154.08,,,,,,153.05500000000004,157.24000000000007,160.40000000000003,164.58500000000006,149.89500000000007,145.71000000000004,142.55000000000007,0,0,0,0,0,0,0,0,0,0,0,0,0,0,0,0,0,0,0,0,0,0,,,,,,,,,,,,,,,,,,USD,1.0,stock,31.75
2026-08-12,151.54,156.45,150.7501,155.24,4031071,107.98174999999999,96.82130000000001,108.14560000000002,115.7995748179805,101.01082144328174,97.56612307384518,107.94278181286126,88.64541832669323,15.658661970449316,9.188819510681885,6.469842459767431,1,9.567842857142855,0.5,0.05,6428474.9,5162363.7,0.6270649046168011,0.7808576137322522,98.41726618705039,97.58357609661319,3.700000000000017,1.2099999999999795,0.7898999999999887,,0,25.406097128330007,30.442057459417686,37.631216181396546,30.336511208451423,0,,,0.7528556593977109,36.99258736321922,74.27031881454873,156.45,34.05921415861321,156.45,0,25,20,20,125.89999999999999,118.225,122.0625,115.42999999999999,155.24,,,,,,154.1467,157.54330000000002,159.8466,163.2432,151.84340000000003,148.44680000000002,146.14350000000005,0,0,0,0,0,0,0,0,0,0,0,0,0,0,0,0,0,0,0,0,0,0,,,,,,,,,,,,,,,,,,USD,1.0,stock,31.75
2026-08-13,155.56,167.11,154.9,165.98,5527919,111.69224999999999,97.8219,108.15045,120.57866293055378,103.55863236707462,98.92085331000665,108.52026657094224,94.77308294209703,17.644309724772484,10.879917553500004,6.76439217127248,1,9.889985714285713,0.5,0.05,6587134.4,5266764.1,0.8391993641423195,1.0495854560867839,98.68113912231556,98.09903982441483,10.419999999999987,1.1300000000000239,0.6599999999999966,,0,27.35349865613099,32.70740450656706,41.06404386070611,34.8412760573563,0,,,6.918320020613233,50.658073885812826,80.86520649449712,167.11,37.652878184256124,167.11,0,25,20,20,134.73000000000002,123.555,129.1425,120.76,165.98,,,,,,162.66333333333333,170.42666666666665,174.87333333333333,182.63666666666666,158.21666666666664,150.45333333333332,146.00666666666663,0,0,0,0,0,0,0,0,0,0,0,0,0,0,0,0,0,0,0,0,0,0,,,,,,,,,,,,,,,,,,USD,1.0,stock,31.75
2026-08-14,166.21,167.75,161.84,162.22,4191020,115.18525,98.8843,108.14835,124.54450455621533,105.85907815660111,100.17430175931344,109.05459227670401,90.55770887166237,18.69899888015651,12.443733818831305,6.255265061325204,0,9.816414285714286,0.5,0.05,6733209.3,5338155.85,0.622440178712401,0.7851063396734661,92.94620364169775,96.68153631702125,3.990000000000009,1.539999999999992,0.37999999999999545,,0,23.224938628889575,28.994421156454198,39.043089631364815,33.33229564788559,0,,,-2.265333172671402,8.821359093043535,75.6388046773495,167.75,30.25062854281072,167.75,0,25,20,20,135.535,123.875,129.70499999999998,121.08,162.22,,,,,,163.9366666666667,166.0333333333334,169.8466666666667,171.94333333333338,160.1233333333334,158.0266666666667,154.2133333333334,0,0,0,0,0,0,0,0,0,0,0,0,0,0,0,0,0,0,0,0,0,0,,,,,,,,,,,,,,,,,,USD,1.0,stock,31.75
2026-08-17,159.07,161.6,156.5501,158.34,3047800,118.43775000000001,100.02050000000001,108.11875,127.76312316990911,107.9171535230089,101.3260977640795,109.54499434360248,85.58733052295776,19.00271261864647,13.75552957879434,5.24718303985213,0,9.446407142857142,0.5,0.05,6692906.8,5329249.2,0.4553776245621708,0.5719004470648511,87.033209315144,92.88685069305245,0.7299999999999898,2.530000000000001,1.7899000000000171,,0,19.31089859169565,25.20035998484274,36.83181760767967,31.71734874321081,0,,,-2.391813586487479,4.260222558767368,69.72880265837709,167.75,23.932474466382168,167.75,0,25,20,20,137.58505,123.875,130.730025,121.08,158.34,,,,,,158.83003333333332,161.10996666666665,163.87993333333333,166.15986666666666,156.06006666666664,153.7801333333333,151.01016666666663,0,0,0,0,0,0,0,0,0,0,0,0,0,0,0,0,0,0,0,0,0,0,,,,,,,,,,,,,,,,,,USD,1.0,stock,31.75
2026-08-18,158.58,167.87,158.58,163.0,4881676,121.76624999999999,101.25050000000002,108.11394999999999,131.11901620134634,110.07726514955758,102.54736315488982,110.07688494714873,85.67708333333336,19.39584774004291,14.883593211044055,4.512254528998856,0,9.642835714285713,0.5,0.05,6722670.0,5432190.35,0.7261513654544994,0.8986570214720109,93.30031641216122,91.093243123001,4.4199999999999875,4.8700000000000045,0.0,,0,19.55888576604519,25.296779141104302,37.883128834355816,33.672423312883446,0,,,2.9430339775167402,5.789200415368634,69.03453282173598,167.87,24.314538594231998,167.87,0,25,20,20,137.64505,123.935,130.790025,121.14,163.0,,,,,,163.15,167.72,172.44,177.01,158.43,153.86,149.14000000000001,0,0,0,0,0,0,0,0,0,0,0,0,0,0,0,0,0,0,0,0,0,0,,,,,,,,,,,,,,,,,,USD,1.0,stock,31.75
2026-08-19,161.61,176.15,161.5,174.23,6065993,125.94775,102.7457,108.18870000000001,135.2248241821705,112.59305867310434,103.96682131023854,110.71522440041093,88.95485720135123,20.378664741250475,15.982607517085338,4.396057224165137,0,10.346407142857144,0.5,0.05,6870261.2,5572323.4,0.8829348438746404,1.0885931351364135,97.62376237623761,92.65242936784762,12.619999999999976,1.920000000000016,0.11000000000001364,,0,22.3871754679616,27.71178901452103,41.02869769844458,37.904666245767075,0,,,6.889570552147228,12.232671991754685,92.30684326710816,176.15,28.84468591749322,176.15,0,25,20,20,158.82999999999998,128.075,143.4525,125.28,174.23,,,,,,170.62666666666667,179.75333333333333,185.27666666666667,194.40333333333334,165.10333333333332,155.97666666666666,150.45333333333332,0,0,0,0,0,0,0,0,0,0,0,0,0,0,0,0,0,0,0,0,0,0,,,,,,,,,,,,,,,,,,USD,1.0,stock,31.75
2026-08-20,173.9,177.88,171.22,174.91,5457887,130.42325,104.28609999999999,108.25990000000002,139.0043647362495,115.03686029376692,105.37163672983777,111.35397838647651,88.69861220214717,20.970687579903114,16.980223529648896,3.990464050254218,0,10.374264285714286,0.5,0.05,6635672.5,5693864.85,0.822506987799654,0.9585557690221608,96.06778763405269,95.66395547415051,1.009999999999991,2.969999999999999,2.680000000000007,,0,20.52806315462266,25.43408038419759,40.37727974386828,38.10536847521582,0,,,0.39028869884636386,5.38016628509459,104.81264637002342,177.88,25.83058117051129,177.88,0,25,20,20,161.44,128.94,145.19,126.145,174.91,,,,,,174.67,178.11999999999998,181.32999999999998,184.77999999999997,171.45999999999998,168.01,164.79999999999998,0,0,0,0,0,0,0,0,0,0,0,0,0,0,0,0,0,0,0,0,0,0,,,,,,,,,,,,,,,,,,USD,1.0,stock,31.75
2026-08-21,174.22,176.0,168.01,171.81,3275050,135.00625,105.8101,108.27185,142.1287109518448,117.26325792930547,106.68724788370237,111.95553084034242,85.5131414267835,20.948247495315826,17.773828322782283,3.1744191725335433,0,10.378907142857143,0.5,0.05,4955432.8,5652691.15,0.6609009005227556,0.5793789034449547,91.85890557939915,95.18348519656315,2.4099999999999966,1.7800000000000011,3.8000000000000114,,0,17.275646963596536,21.421192014434553,38.41446947209126,36.98163669169431,0,,,-1.7723400606025952,5.91172481814819,114.3605739238927,177.88,20.883387212462402,177.88,0,25,20,20,163.375,128.94,146.1575,126.145,171.81,,,,,,171.93999999999997,175.86999999999995,179.92999999999998,183.85999999999996,167.87999999999994,163.94999999999996,159.88999999999993,0,0,0,0,0,0,0,0,0,0,0,0,0,0,0,0,0,0,0,0,0,0,,,,,,,,,,,,,,,,,,USD,1.0,stock,31.75
