date,open,high,low,close,volume,SMA_20,SMA_50,SMA_200,EMA_20,EMA_50,EMA_100,EMA_200,RSI_14,MACD,MACD_Signal,MACD_Hist,MACD_Hist_Subiendo,ATR_14,BB_PctB,BB_Width,Vol_SMA_10,Vol_SMA_20,VolRel10,VolRel20,Stoch_K,Stoch_D,Body,Mecha_Sup,Mecha_Inf,Position_52w_Pct,RS_vs_SPY,Dist_EMA_20_pct,Dist_SMA_20_pct,Dist_SMA_50_pct,Dist_SMA_200_pct,Dist_BUY_ZONE,High_52W,Low_52W,Ret_1,Ret_5,Ret_20,Swing_High_20,Dist_EMA_20,TP_Dinamico,VWAP,ADX_14,Plus_DI,Minus_DI,Tenkan,Kijun,Senkou_A,Senkou_B,Chikou,Fib_236,Fib_382,Fib_500,Fib_618,Fib_786,Pivot_PP,Pivot_R1,Pivot_R2,Pivot_R3,Pivot_S1,Pivot_S2,Pivot_S3,Vol_Dryup,Vol_Climax,BB_Squeeze,BB_Breakout,MACD_Cross_Up,Golden_Cross,SMA20_Cross_Up,Oversold,Overbought,Trend_Up,Breakout_Vol,TP_Agotamiento,Vol_Climax_Up,MACD_Divergence,Trend_Weakness,Overextended,Exhaustion_Gap,Stoch_Extreme,Stop_Loss_Triggered,BUY_ZONE,ACC,REB,ROIC,ROE,Net_Margin,Gross_Margin,Operating_Margin,EBITDA_Margin,Current_PE,Current_PB,Current_EV_EBITDA,Current_EV_Sales,Current_FCF_Yield,Market_Cap,PE_5y_mean,PE_5y_max,PE_5y_min,PE_5y_pct,PE_5y_signal,Currency,FX_Rate,Asset_Type,Risk_Score
2025-08-22,321.66,340.25,319.69,340.01,94016347,,,,340.01,340.01,340.01,340.01,,0.0,0.0,0.0,0,,0.5,0.05,,,,,,,18.349999999999966,0.2400000000000091,1.9700000000000273,,0,0.0,,,,0,,,,,,,0.0,,0,25,20,20,,,,,340.01,,,,,,333.31666666666666,346.9433333333333,353.87666666666667,367.50333333333333,326.3833333333333,312.75666666666666,305.8233333333333,0,0,0,0,0,0,0,0,0,0,0,0,0,0,0,0,0,0,0,0,0,0,,,,,,,,,,,,,,,,,,USD,1.0,stock,25.0
2025-08-25,338.9,349.53,335.03,346.6,86670037,,,,340.63761904761907,340.268431372549,340.1404950495049,340.0755721393035,,0.5256980056979614,0.1051396011395923,0.4205584045583691,1,,0.5,0.05,,,,,,,7.7000000000000455,2.92999999999995,3.8700000000000045,,0,1.7202483994174709,,,,0,,,1.9381782888738597,,,,1.7503589207354837,,0,25,20,20,,,,,346.6,,,,,,343.71999999999997,352.40999999999997,358.21999999999997,366.90999999999997,337.90999999999997,329.21999999999997,323.40999999999997,0,0,0,0,0,0,0,0,0,0,0,0,0,0,0,0,0,0,0,0,0,0,,,,,,,,,,,,,,,,,,USD,1.0,stock,25.0
2025-08-26,344.93,351.9,343.72,351.67,76651550,,,,341.6883219954649,340.71555171088045,340.3688020782276,340.19093958070346,,1.33602324656448,0.3513163302245699,0.98470691633991,1,,0.5,0.05,,,,,,,6.740000000000009,0.22999999999996135,1.2099999999999795,,0,2.838364945697707,,,,0,,,1.4627813040969384,,,,2.921281577971989,,0,25,20,20,,,,,351.67,,,,,,349.09666666666664,354.47333333333324,357.2766666666666,362.6533333333332,346.2933333333333,340.9166666666667,338.11333333333334,0,0,0,0,0,0,0,0,0,0,0,0,0,0,0,0,0,0,0,0,0,0,,,,,,,,,,,,,,,,,,USD,1.0,stock,25.0
2025-08-27,351.94,355.39,349.156,349.6,65519012,,,,342.44181513875395,341.06396144770866,340.55159807667854,340.2845620724378,,1.790539908251219,0.6391610458298997,1.1513788624213193,1,,0.5,0.05,,,,,,,2.339999999999975,3.4499999999999886,0.4440000000000168,,0,2.0475357154594023,,,,0,,,-0.5886200130804431,,,,2.090336093547935,,0,25,20,20,,,,,349.6,,,,,,351.38200000000006,353.6080000000001,357.61600000000004,359.8420000000001,347.37400000000014,345.1480000000001,341.14000000000016,0,0,0,0,0,0,0,0,0,0,0,0,0,0,0,0,0,0,0,0,0,0,,,,,,,,,,,,,,,,,,USD,1.0,stock,25.0
2025-08-28,350.91,353.55,340.26,345.98,67903224,,,,342.7787851255393,341.25674727328874,340.6590911840711,340.34123309659265,,1.8374627638946777,0.8788213894428554,0.9586413744518223,0,,0.5,0.05,,,,,,,4.930000000000007,2.6399999999999864,5.720000000000027,,0,0.9252600943582668,,,,0,,,-1.03546910755149,,,,0.9339011086372568,,0,25,20,20,,,,,345.98,,,,,,346.59666666666664,352.9333333333333,359.88666666666666,366.2233333333333,339.64333333333326,333.3066666666666,326.35333333333324,0,0,0,0,0,0,0,0,0,0,0,0,0,0,0,0,0,0,0,0,0,0,,,,,,,,,,,,,,,,,,USD,1.0,stock,25.0
2025-08-29,347.23,348.7499,331.7,333.87,81145660,,,,341.9303293992974,340.96707090963037,340.52465373488155,340.27684271752213,,0.8872460523458585,0.880506322023456,0.006739730322402493,0,,0.5,0.05,,,,,,,13.360000000000014,1.519900000000007,2.170000000000016,,0,-2.4142119385681298,,,,0,,,-3.5002023238337565,-1.8058292403164589,,,-2.357301679981939,,0,25,20,20,,,,,333.87,,,,,,338.1066333333334,344.51326666666677,355.1565333333334,361.5631666666668,327.46336666666673,321.05673333333334,310.4134666666667,0,0,0,0,0,0,0,0,0,0,0,0,0,0,0,0,0,0,0,0,0,0,,,,,,,,,,,,,,,,,,USD,1.0,stock,25.0
2025-09-02,328.23,333.33,325.6,329.36,58391952,,,,340.7331551707929,340.51189165827236,340.30357148270565,340.16821741685027,,-0.22710887610230657,0.6589832823983035,-0.8860921585006101,0,,0.5,0.05,,,,,,,1.1299999999999955,3.9699999999999704,2.6299999999999955,,0,-3.453107593755426,,,,0,,,-1.350825171473924,-4.974033467974614,,,-3.33784810729442,,0,25,20,20,,,,,329.36,,,,,,329.43,333.26,337.15999999999997,340.98999999999995,325.53000000000003,321.70000000000005,317.80000000000007,0,0,0,0,0,0,0,0,0,0,0,0,0,0,0,0,0,0,0,0,0,0,,,,,,,,,,,,,,,,,,USD,1.0,stock,25.0
2025-09-03,335.2,343.33,328.51,334.09,88733288,,,,340.10047372595545,340.2600527697127,340.18053046324616,340.10773764155823,,-0.7202689040761925,0.38313284510340434,-1.1034017491795969,0,,0.5,0.05,,,,,,,1.1100000000000136,8.129999999999995,5.579999999999984,,0,-1.7990582555465529,,,,0,,,1.4361185329123005,-4.999004748770163,,,-1.7672641440654298,,0,25,20,20,,,,,334.09,,,,,,335.30999999999995,342.1099999999999,350.12999999999994,356.9299999999999,327.2899999999999,320.48999999999995,312.4699999999999,0,0,0,0,0,0,0,0,0,0,0,0,0,0,0,0,0,0,0,0,0,0,,,,,,,,,,,,,,,,,,USD,1.0,stock,25.0
2025-09-04,336.15,338.89,331.48,338.53,60711033,,,,339.950904799674,340.19220756305725,340.1478466916967,340.0920387595527,,-0.7442516165448865,0.15765595277374622,-0.9019075693186327,1,,0.5,0.05,,,,,,,2.3799999999999955,0.36000000000001364,4.669999999999959,,0,-0.4197278822184207,,,,0,,,1.3289832081175623,-3.1664759725400615,,,-0.4179735307694884,,0,25,20,20,337.53999999999996,,,,338.53,,,,,,336.3,341.12,343.71,348.53,333.71000000000004,328.89000000000004,326.30000000000007,0,0,0,0,0,0,0,0,0,0,0,0,0,0,0,0,0,0,0,0,0,0,,,,,,,,,,,,,,,,,,USD,1.0,stock,25.0
2025-09-05,348.0,355.87,344.6801,350.84,108989785,,,,340.9879614854193,340.6097680507805,340.3595724997819,340.19898364751737,,0.2274343109117467,0.17161162440134634,0.05582268651040037,1,,0.5,0.05,78873188.8,,1.3818356612456375,,,,2.839999999999975,5.03000000000003,3.3199000000000183,,0,2.80812863829115,,,,0,,,3.6363099282190614,1.4047054743048681,,,2.88926285598559,,0,25,20,20,340.735,,,,350.84,,,,,,350.4633666666666,356.24663333333325,361.65326666666664,367.4365333333333,345.0567333333332,339.2734666666666,333.8668333333332,0,0,0,0,0,0,0,0,0,0,0,0,0,0,0,0,0,0,0,0,0,0,,,,,,,,,,,,,,,,,,USD,1.0,stock,25.0
2025-09-08,354.64,358.44,344.84,346.4,75208290,,,,341.50339372490316,340.8368359703577,340.4791849255288,340.260685302766,,0.6319468260311965,0.2636786647273164,0.36826816130388007,1,,0.5,0.05,76992383.1,,0.976827667515074,,,,8.240000000000009,3.8000000000000114,1.5600000000000023,,0,1.4135699408478104,,,,0,,,-1.2655341466195402,3.75295773804174,,,1.4338382473121947,,0,25,20,20,342.02,,,,346.4,,,,,,349.89333333333326,354.94666666666654,363.4933333333333,368.54666666666657,341.3466666666665,336.29333333333324,327.7466666666665,0,0,0,0,0,0,0,0,0,0,0,0,0,0,0,0,0,0,0,0,0,0,,,,,,,,,,,,,,,,,,USD,1.0,stock,25.0
2025-09-09,348.44,350.77,343.82,346.97,53815991,,,,342.02402289396,341.0773522068143,340.60771591710244,340.32744465298725,,0.987140997979111,0.40837113137767533,0.5787698666014357,1,,0.5,0.05,73706978.5,,0.7301342708004236,,,,1.4699999999999704,2.329999999999984,3.150000000000034,,0,1.4254768729400247,,,,0,,,0.164549653579682,5.346733058051978,,,1.4460905594264173,,0,25,20,20,342.02,,,,346.97,,,,,,347.18666666666667,350.55333333333334,354.13666666666666,357.50333333333333,343.60333333333335,340.2366666666667,336.65333333333336,0,0,0,0,0,0,0,0,0,0,0,0,0,0,0,0,0,0,0,0,0,0,,,,,,,,,,,,,,,,,,USD,1.0,stock,25.0
2025-09-10,350.55,356.33,346.07,347.79,72121679,,,,342.57316357072574,341.3405932967431,340.74993936428854,340.4016989350471,,1.3195906654827922,0.5906150381986988,0.7289756272840935,1,,0.5,0.05,73253991.4,,0.9845426525113551,,,,2.759999999999991,5.779999999999973,1.7200000000000273,,0,1.4999960980115243,,,,0,,,0.23633167132603994,4.100691430452885,,,1.5228386178584132,,0,25,20,20,342.02,,,,347.79,,,,,,350.06333333333333,354.0566666666667,360.3233333333333,364.31666666666666,343.7966666666667,339.80333333333334,333.5366666666667,0,0,0,0,0,0,0,0,0,0,0,0,0,0,0,0,0,0,0,0,0,0,,,,,,,,,,,,,,,,,,USD,1.0,stock,25.0
2025-09-11,350.17,368.99,347.6,368.81,103756010,,,,345.0719098973233,342.41782493216493,341.3055841293521,340.68436859738495,67.49696233292832,3.2418279757437176,1.1208576257077025,2.120970350036015,1,12.84670714285714,0.5,0.05,77077691.2,,1.346122443273184,,99.63488843813386,,18.639999999999986,0.18000000000000682,2.569999999999993,,0,6.4364008846497445,,,,0,,,6.043877052244162,8.944554396951542,,,6.879171970196019,,0,25,20,20,347.295,,,,368.81,,,,,,361.8,376.0,383.19,397.39,354.61,340.41,333.22,0,0,0,0,0,0,0,0,0,0,0,0,0,0,0,0,0,0,0,0,0,0,,,,,,,,,,,,,,,,,,USD,1.0,stock,25.0
2025-09-12,370.94,396.6899,370.24,395.94,168156391,,,,349.916489907102,344.5167337583545,342.38745375055305,341.2341758750229,75.5551494105821,6.875126974087777,2.2717114953837174,4.6034154787040595,1,13.369557142857142,0.5,0.05,87103007.9,,1.9305463158408331,,98.94513847958707,,25.0,0.7499000000000251,0.6999999999999886,,0,11.623859699171085,,,,0,,,7.356091212277316,12.854862615437245,,,13.152712552962736,,0,25,20,20,361.14495,,,,395.94,,,,,,387.62330000000003,405.00660000000005,414.07320000000004,431.45650000000006,378.55670000000003,361.1734,352.1068,0,0,0,0,0,0,0,0,0,0,0,0,0,0,0,0,0,0,0,0,0,0,,,,,,,,,,,,,,,,,,USD,1.0,stock,28.5
2025-09-15,423.13,425.7,402.43,410.04,163823667,,,,355.64253848737803,347.0862736109681,343.72710813173023,341.9188109409431,77.12502137848469,10.768166052857737,3.9710024068785215,6.797163645979215,1,14.45955714285714,0.5,0.05,95370808.6,,1.7177548288082776,,84.35564435564439,94.3118904244551,13.089999999999975,2.569999999999993,7.610000000000014,,0,13.266379258760605,,,,0,,,3.561145628125484,18.371824480369536,,,15.295544156215325,,0,25,20,20,377.105,,,,410.04,,,,,,412.72333333333336,423.0166666666667,435.99333333333334,446.2866666666667,399.7466666666667,389.4533333333334,376.47666666666674,0,0,0,0,0,0,0,0,0,0,0,0,0,0,0,0,0,0,0,0,0,0,,,,,,,,,,,,,,,,,,USD,1.0,stock,28.5
2025-09-16,414.495,423.25,411.43,421.62,104285721,,,,361.9261062504849,350.00916484191055,345.26954163407225,342.7118575982472,78.33130822195221,14.619314435907029,6.100664812684223,8.518649623222807,1,14.818842857142856,0.5,0.05,99960185.5,,1.0432725837628622,,95.92407592407594,93.07495291976913,7.125,1.6299999999999955,3.0649999999999977,,0,14.1582215619551,,,,0,,,2.8241147205150696,21.51482837132892,,,16.493392634186392,,0,25,20,20,378.59000000000003,,,,421.62,,,,,,418.7666666666667,426.1033333333334,430.5866666666667,437.9233333333334,414.2833333333334,406.9466666666667,402.4633333333334,0,0,0,0,0,0,0,0,0,0,0,0,0,0,0,0,0,0,0,0,0,0,,,,,,,,,,,,,,,,,,USD,1.0,stock,28.5
2025-09-17,415.75,428.312095,409.67,425.86,106133532,,,,368.01504851234347,352.98370739712976,346.8653922947837,343.5392022987622,80.35344690335933,17.80822767691825,8.442177385531028,9.366050291387221,1,15.705135357142856,0.5,0.05,101700209.9,,1.0435920644053656,,97.61265214189237,92.63079080720424,10.110000000000014,2.4520949999999857,6.079999999999984,,0,13.583091036410217,,,,0,,,1.005644893506008,22.44745392334455,,,15.718094062046593,,0,25,20,20,386.06604749999997,,,,425.86,,,,,,421.2806983333333,432.8913966666666,439.9227933333333,451.5334916666666,414.2493016666666,402.6386033333333,395.6072066666666,0,0,0,0,0,0,0,0,0,0,0,0,0,0,0,0,0,0,0,0,0,0,,,,,,,,,,,,,,,,,,USD,1.0,stock,30.25
2025-09-18,428.865,432.2199,416.56,416.85,90454509,,,,372.66599627307266,355.48826789136,348.2512261107286,344.26866297240633,77.04755362186093,19.38497477256044,10.630736862936912,8.754237909623528,0,15.874413928571427,0.5,0.05,104674557.5,,0.8641499057686487,,85.58439840967776,93.04037549188202,12.014999999999986,3.3548999999999864,0.29000000000002046,,0,10.599497115731642,,,,0,,,-2.115718780819986,13.025677177950712,,,11.856194063531177,,0,25,20,20,388.01995,,,,416.85,,,,,,421.8766333333333,427.1932666666666,437.5365333333333,442.8531666666666,411.5333666666666,406.2167333333333,395.8734666666666,0,0,0,0,0,0,0,0,0,0,0,0,0,0,0,0,0,0,0,0,0,0,,,,,,,,,,,,,,,,,,USD,1.0,stock,28.5
2025-09-19,421.82,429.47,421.72,426.07,93131034,366.34499999999997,,,377.75209186611335,358.2561789544439,349.79219193031815,345.08260662442217,85.98189197627225,21.13490512074094,12.731570514497717,8.403334606243222,0,15.557992499999996,0.5,0.05,103088682.4,90980935.6,0.9034069679796392,1.023632405908123,94.23193981611311,92.47633012256108,4.25,3.400000000000034,0.0999999999999659,,0,11.340368515475543,14.017649681977145,,,0,,,2.2118267962096594,7.609738849320613,,432.2199,12.790904186709827,432.2199,0,25,20,20,388.01995,,,,426.07,,,,,,425.75333333333333,429.78666666666663,433.50333333333333,437.53666666666663,422.03666666666663,418.00333333333333,414.28666666666663,0,0,0,0,0,0,0,0,0,0,0,0,0,0,0,0,0,0,0,0,0,0,,,,,,,,,,,,,,,,,,USD,1.0,stock,30.25
2025-09-22,431.11,444.98,429.13,434.21,97108777,371.05499999999995,,,383.12903549791207,361.23476017191666,351.4638316940742,345.9694463595025,89.79127134724858,22.91442428104483,14.768141267807142,8.146283013237689,0,16.3179925,0.5,0.05,105278731.1,91135557.1,0.9223969170730251,1.0655421450208045,90.75298360092724,90.18977394223937,3.099999999999966,10.770000000000039,1.9800000000000182,,0,11.764115175165914,14.544805508855168,,,0,,,1.910484192738271,5.894546873475748,27.705067498014756,444.98,13.332574607848088,444.98,0,25,20,20,395.525,,,,434.21,,,,,,436.1066666666666,443.08333333333326,451.95666666666665,458.9333333333333,427.23333333333323,420.2566666666666,411.3833333333332,0,0,0,0,0,0,0,0,0,0,0,0,0,0,0,0,0,0,0,0,0,0,,,,,,,,,,,,,,,,,,USD,1.0,stock,30.25
2025-09-23,439.88,440.97,423.72,425.85,83422691,375.01750000000004,,,387.1976987838252,363.768691145567,352.9368251258747,346.76427773900997,83.88979169744427,23.38060682223977,16.490634378693667,6.889972443546103,0,16.491563928571427,0.5,0.05,108239401.1,90973189.8,0.7707238782938906,0.9170030333486229,83.1453744493392,89.37676595545985,14.029999999999973,1.0900000000000318,2.1299999999999955,,0,9.076506097493203,11.936714805682747,,,0,,,-1.9253356670735244,1.0032730895118913,22.864974033467966,444.98,9.982575138638573,444.98,0,25,20,20,396.29,,,,425.85,,,,,,430.18,436.64,447.43,453.89,419.39,412.93,402.14,0,0,0,0,0,0,0,0,0,0,0,0,0,0,0,0,0,0,0,0,0,0,,,,,,,,,,,,,,,,,,USD,1.0,stock,28.75
2025-09-24,429.83,444.21,429.0301,442.79,93133570,379.5735,,,392.4922036615561,366.8675660026036,354.7160959154613,347.7197575625024,85.2515553151204,24.830742923492267,18.158656087653387,6.672086835838879,0,17.273706785714285,0.5,0.05,110340590.2,91797290.8,0.8440553909598355,1.0145568479020952,97.83511269276396,90.57782358101014,12.960000000000036,1.419999999999959,0.7998999999999796,,0,11.359289129936064,14.27685810429323,,,0,,,3.9779264999412867,3.975484901141213,25.910654875309234,444.98,12.814979729333785,444.98,0,25,20,20,407.61,,,,442.79,,,,,,438.6767,448.32329999999996,453.85659999999996,463.50319999999994,433.1434,423.4968,417.9635,0,0,0,0,0,0,0,0,0,0,0,0,0,0,0,0,0,0,0,0,0,0,,,,,,,,,,,,,,,,,,USD,1.0,stock,30.25
2025-09-25,435.24,435.35,419.08,423.39,96746426,383.26300000000003,,,395.43485093188406,369.0841320417172,356.07597520426407,348.4726952981989,73.40775633993677,24.13633966466176,19.354192803055064,4.782146861606698,0,17.728706785714284,0.5,0.05,109639631.8,93358661.5,0.8824037842126354,1.0362876292951138,78.65757216291021,86.54601976833779,11.850000000000023,0.11000000000001364,4.310000000000002,,0,6.602694694753285,9.477550249179233,,,0,,,-4.3813094243320805,1.5689096797409041,21.10697940503432,444.98,7.069470230617424,444.98,0,25,20,20,423.70500000000004,,,,423.39,,,,,,425.94000000000005,432.8000000000001,442.2100000000001,449.07000000000016,416.5300000000001,409.67,400.26000000000005,0,0,0,0,0,0,0,0,0,0,0,0,0,0,0,0,0,0,0,0,0,0,,,,,,,,,,,,,,,,,,USD,1.0,stock,27.0
2025-09-26,428.3,440.47,421.02,440.4,101628160,387.98400000000004,,,399.71724608122844,371.8808327459636,357.7457578734865,349.3873948474706,78.05300226811508,24.674156602447965,20.418185562933644,4.255971039514321,0,18.146563928571428,0.5,0.05,102986808.7,95044908.3,0.9868075463532642,1.069264643606374,95.47251878212728,90.65506787926715,12.099999999999966,0.07000000000005002,7.28000000000003,,0,9.237682542863656,11.901907356948216,,,0,,,4.017572450931772,3.363297110803387,27.290594832071214,444.98,10.177883070500341,444.98,0,25,20,20,427.32500000000005,,,,440.4,,,,,,433.9633333333333,446.90666666666664,453.41333333333336,466.3566666666667,427.4566666666666,414.51333333333326,408.00666666666655,0,0,0,0,0,0,0,0,0,0,0,0,0,0,0,0,0,0,0,0,0,0,,,,,,,,,,,,,,,,,,USD,1.0,stock,27.0
2025-09-29,444.35,450.98,439.5,443.21,79491510,393.45099999999996,,,403.85941312111146,374.6780549912199,359.4381191037145,350.3209531076948,78.34256096124396,25.038495723477638,21.342247595042444,3.696248128435194,0,18.47013535714286,0.5,0.05,94553593.0,94962200.8,0.8407032189670466,0.8370858018277942,92.59365170145836,88.90791421549862,1.1400000000000432,6.6299999999999955,3.7099999999999795,,0,8.878542198706826,11.226957875499203,,,0,,,0.6380563124432248,2.0727297851270032,32.74927366939227,450.98,9.743634938400671,450.98,0,25,20,20,430.32500000000005,385.33500000000004,407.83000000000004,,443.21,,,,,,444.56333333333333,449.62666666666667,456.04333333333335,461.1066666666667,438.14666666666665,433.0833333333333,426.66666666666663,0,0,0,0,0,0,0,0,0,0,0,0,0,0,0,0,0,0,0,0,0,0,,,,,,,,,,,,,,,,,,USD,1.0,stock,27.0
2025-09-30,441.52,445.0,433.12,444.72,74357960,399.219,,,407.7508975857675,377.42479793274066,361.1268692204726,351.26024710662324,78.43022232650907,25.159063459629294,22.105610767959817,3.0534526916694773,0,18.585849642857145,0.5,0.05,91560816.9,95760501.2,0.812115515321489,0.7764992775539065,93.94467014896499,94.00361354418355,3.2000000000000455,0.2799999999999727,8.399999999999977,,0,8.312894048892002,10.23138154344307,,,0,,,0.34069628392863205,4.431137724550904,35.025504007772646,450.98,9.066590075735228,450.98,0,25,20,20,433.77,388.29,411.03,,444.72,,,,,,440.9466666666667,448.7733333333334,452.8266666666667,460.6533333333334,436.89333333333343,429.0666666666667,425.01333333333343,0,0,0,0,0,0,0,0,0,0,0,0,0,0,0,0,0,0,0,0,0,0,,,,,,,,,,,,,,,,,,USD,1.0,stock,27.0
2025-10-01,443.8,462.29,440.75,459.46,98122285,405.4875,,,412.6755740061706,380.6418646804763,363.07405992897804,352.33686156327377,77.60521347219685,26.142652843114206,22.913019182990695,3.229633660123511,1,18.596563928571435,0.5,0.05,90759692.2,96229951.05,1.081121835272156,1.0196647086416657,96.9255839217816,94.48796859073498,15.659999999999968,2.830000000000041,3.0500000000000114,,0,10.182480736914936,11.746942062421097,,,0,,,3.314445044072656,3.7647643352379134,37.52581639677932,462.29,11.336853678945825,462.29,0,25,20,20,440.685,393.94500000000005,417.31500000000005,,459.46,,,,,,454.1666666666667,467.58333333333337,475.7066666666667,489.1233333333334,446.04333333333335,432.62666666666667,424.50333333333333,0,0,0,0,0,0,0,0,0,0,0,0,0,0,0,0,0,0,0,0,0,0,,,,,,,,,,,,,,,,,,USD,1.0,stock,28.5
2025-10-02,470.54,470.75,435.57,436.0,137008950,410.361,,,414.89694791034486,382.81277194790863,364.5181379501864,353.1693306024452,62.478195863443815,24.743896344783423,23.27919461534924,1.4647017294341822,0,19.117999642857146,0.5,0.05,95415136.3,100044846.9,1.435924689864956,1.3694753327669893,49.13641686182669,80.00222364419109,34.54000000000002,0.20999999999997954,0.4300000000000068,,0,4.840149561847508,5.880504587155966,,,0,,,-5.105993992948243,2.9783414818489007,28.79213068265738,470.75,5.086335822893375,470.75,0,25,20,20,444.91499999999996,398.175,421.54499999999996,,436.0,,,,,,447.44,459.31,482.62,494.49,424.13,412.26,388.95,0,0,0,0,0,0,0,0,0,0,0,0,0,0,0,0,0,0,0,0,0,0,,,,,,,,,,,,,,,,,,USD,1.0,stock,25.0
2025-10-03,443.285,446.77,416.575,429.83,133188180,414.31049999999993,,,416.3191433474549,384.65658481269656,365.8114421491926,353.93212333276915,56.48469755554099,22.87382904444121,23.198121501167634,-0.32429245672642537,0,19.149071071428576,0.5,0.05,99420850.9,101254766.65,1.339640314826555,1.3153768894691338,33.00589390962668,59.68929823107832,13.455000000000041,3.484999999999957,13.254999999999995,,0,3.143302387582324,3.6106134983598284,,,0,,,-1.4151376146789074,-2.4000908265213394,22.514536540873344,470.75,3.2453123687538685,470.75,0,25,20,20,443.6625,398.175,420.91875000000005,,429.83,,,,,,431.05833333333334,445.5416666666667,461.25333333333333,475.7366666666667,415.3466666666667,400.86333333333334,385.1516666666667,0,0,0,0,0,0,0,0,0,0,0,0,0,0,0,0,0,0,0,0,0,0,,,,,,,,,,,,,,,,,,USD,1.0,stock,25.0
2025-10-06,440.75,453.55,436.69,453.25,85324878,419.65299999999996,,,419.83636779055445,387.34652266317903,367.5428987402977,354.9203609115476,59.6180745606033,23.016268292954408,23.161750859524993,-0.14548256657058545,1,19.899785357142864,0.5,0.05,98242461.0,101760596.05,0.8685132388937203,0.8384864211887643,71.34905042567124,51.1637870657082,12.5,0.30000000000001137,4.060000000000002,,0,7.372009312618985,7.41246552675125,,,0,,,5.448665751576209,2.265291848108131,30.845842956120094,470.75,7.958727440714415,470.75,0,25,20,20,443.6625,398.175,420.91875000000005,,453.25,,,,,,447.83,458.96999999999997,464.69,475.83,442.10999999999996,430.96999999999997,425.24999999999994,0,0,0,0,0,0,0,0,0,0,0,0,0,0,0,0,0,0,0,0,0,0,,,,,,,,,,,,,,,,,,USD,1.0,stock,25.0
2025-10-07,447.82,452.68,432.4501,433.09,102296082,423.959,,,421.0986184771683,389.14038451952496,368.8408611414799,355.6981682656616,52.00443581924035,21.257367210815744,22.780874129783143,-1.5235069189673993,0,20.053914285714292,0.5,0.05,100129800.1,104184600.6,1.021634737089623,0.9818733422298114,30.503782985790686,44.952909107029534,14.730000000000018,4.860000000000014,0.6398999999999546,,0,2.76879667570982,2.1083377588953733,,,0,,,-4.447876447876453,-2.615128620255458,24.820589676340887,470.75,2.8476420953828954,470.75,0,25,20,20,443.6625,398.175,420.91875000000005,,433.09,,,,,,439.4067,446.3633,459.6366,466.59319999999997,426.1334,419.1768,405.9035,0,0,0,0,0,0,0,0,0,0,0,0,0,0,0,0,0,0,0,0,0,0,,,,,,,,,,,,,,,,,,USD,1.0,stock,25.0
2025-10-08,437.57,441.33,425.23,438.69,71192128,428.504,,,422.7739881460094,391.08350669522986,370.22401240600504,356.52395763615255,56.17158358765682,20.08378525517071,22.24145635486066,-2.1576710996899493,0,20.085350000000005,0.5,0.05,97935655.9,104138123.05,0.7269275663267396,0.683631756698922,40.82141209044763,47.55808183396985,1.1200000000000045,2.6399999999999864,12.339999999999975,,0,3.62807719665153,2.321912968155184,,,0,,,1.2930337805075132,-4.520524093501066,26.136461657897,470.75,3.7646620417181005,470.75,0,25,20,20,443.6625,399.63,421.64625,,438.69,,,,,,435.0833333333333,444.9366666666666,451.1833333333333,461.0366666666666,428.83666666666664,418.98333333333335,412.7366666666667,0,0,0,0,0,0,0,0,0,0,0,0,0,0,0,0,0,0,0,0,0,0,,,,,,,,,,,,,,,,,,USD,1.0,stock,25.0
2025-10-09,431.81,436.35,426.18,435.54,69339928,431.8405000000001,,,423.98979879877044,392.82689858953455,371.5173982989554,357.3101869134048,52.77111254169838,18.68415511607361,21.52999610710325,-2.8458409910296396,0,20.07749285714286,0.5,0.05,95195006.1,102417318.95,0.7283987978020625,0.6770332274939911,35.006922011998206,35.444039029412174,3.730000000000018,0.8100000000000023,5.6299999999999955,,0,2.6519266201105713,0.8494053359048407,,,0,,,-0.7180469123982736,-0.1055045871559579,18.0933271874407,470.75,2.724169598880236,470.75,0,25,20,20,443.6625,401.115,422.38875,,435.54,,,,,,432.69,439.2,442.86,449.37,429.03,422.52,418.85999999999996,0,0,0,0,0,0,0,0,0,0,0,0,0,0,0,0,0,0,0,0,0,0,,,,,,,,,,,,,,,,,,USD,1.0,stock,25.0
2025-10-10,436.54,443.13,411.45,413.49,112107870,432.718,,,422.9898179607923,393.63721629190576,372.34853892669884,357.86919002869433,44.39333261175453,15.61567959266631,20.347132804215864,-4.731453211549553,0,20.98963571428572,0.5,0.05,96242977.1,99614892.9,1.1648420838386555,1.1254127443829234,3.4401349072512986,26.42282300323238,23.05000000000001,6.589999999999975,2.0400000000000205,,0,-2.2974722389398328,-4.6501729183293445,,,0,,,-5.06268081002893,-3.80150291975897,4.43248977117745,470.75,-2.245873909350903,470.75,0,25,20,20,441.1,407.28499999999997,424.1925,,413.49,,,,,,422.69,433.93,454.37,465.61,402.25,391.01,370.57,0,0,0,0,0,0,0,0,0,0,0,0,0,0,0,0,0,0,0,0,0,0,,,,,,,,,,,,,,,,,,USD,1.0,stock,25.0
2025-10-13,423.53,436.89,419.7,435.9,79552785,434.01099999999997,,,424.2193591073835,395.2945803588899,373.6069837004276,358.64561599855807,52.52728461499773,14.821339172986256,19.241974077969942,-4.420634904983686,1,21.42892142857143,0.5,0.05,96249104.6,95401348.8,0.8265301306501713,0.8338748455933781,41.23102866779087,26.559361862346794,12.370000000000005,0.9900000000000091,3.829999999999984,,0,2.679660677360966,0.43335627437485896,,,0,,,5.419719944859591,-3.8279095421952625,6.306701785191682,470.75,2.753443623410809,470.75,0,25,20,20,441.1,407.28499999999997,424.1925,,435.9,,,,,,430.8299999999999,441.95999999999987,448.0199999999999,459.14999999999986,424.76999999999987,413.63999999999993,407.57999999999987,0,0,0,0,0,0,0,0,0,0,0,0,0,0,0,0,0,0,0,0,0,0,,,,,,,,,,,,,,,,,,USD,1.0,stock,25.0
2025-10-14,426.79,434.2,417.86,429.24,72669438,434.392,,,424.6975153828708,396.62577328599224,374.7086275875478,359.3480476801645,46.4067886502254,13.498806488929404,18.093340560161835,-4.594534071232431,0,21.406064285714287,0.5,0.05,96080252.4,93820534.65,0.7563410397535549,0.7745579181689304,30.00000000000003,24.8903878583474,2.4499999999999886,4.9599999999999795,8.930000000000007,,0,1.0582621883163774,-1.2002609262883204,,,0,,,-1.5278733654507826,-0.8889607240989084,1.8073146435178655,470.75,1.069581161319982,470.75,0,25,20,20,441.1,407.28499999999997,424.1925,,429.24,,,,,,427.09999999999997,436.3399999999999,443.43999999999994,452.6799999999999,419.99999999999994,410.76,403.65999999999997,0,0,0,0,0,0,0,0,0,0,0,0,0,0,0,0,0,0,0,0,0,0,,,,,,,,,,,,,,,,,,USD,1.0,stock,25.0
2025-10-15,434.9,440.51,426.3301,435.15,71558185,434.8565,,,425.6929901083117,398.1365272747769,375.9054864472003,360.1022959619539,53.35884839483606,12.780254596988186,17.030723367527106,-4.2504687705389195,1,20.725342857142856,0.5,0.05,93423842.4,92091767.3,0.7659520649302688,0.7770312927852782,39.96627318718379,37.06576728499156,0.25,5.360000000000014,8.569899999999961,,0,2.1732758569891533,0.06744800643456154,,,0,,,1.3768521107072829,-0.8069479586952144,2.181468088104066,470.75,2.221556406010373,470.75,0,25,20,20,432.5,408.40999999999997,420.455,,435.15,,,,,,433.9967,441.66329999999994,448.17659999999995,455.8431999999999,427.48339999999996,419.8168,413.3035,0,0,0,0,0,0,0,0,0,0,0,0,0,0,0,0,0,0,0,0,0,0,,,,,,,,,,,,,,,,,,USD,1.0,stock,25.0
2025-10-16,434.73,439.35,421.3101,428.75,77189889,435.45149999999995,,,425.98413390752006,399.3370556169425,376.9519124581468,360.7853576936758,46.45788993615081,11.56110135290902,15.93679896460349,-4.37569761169447,0,20.624621428571427,0.5,0.05,87441936.3,91428536.3,0.8827559437290274,0.8442647353198413,29.173693086003386,33.04665542439573,5.980000000000018,4.6200000000000045,7.439900000000023,,0,0.6450999632606271,-1.5630320699708347,,,0,,,-1.470757210157414,-1.5589842494374895,2.8547439126784147,470.75,0.6492885232857993,470.75,0,25,20,20,432.5,409.175,420.8375,,428.75,,,,,,429.8033666666667,438.29663333333343,447.84326666666675,456.3365333333335,420.2567333333334,411.76346666666666,402.21683333333334,0,0,0,0,0,0,0,0,0,0,0,0,0,0,0,0,0,0,0,0,0,0,,,,,,,,,,,,,,,,,,USD,1.0,stock,25.0
2025-10-17,425.5,441.4558,423.6,439.31,89331578,436.11349999999993,,,427.25326401156576,400.90462206333694,378.18672607283696,361.5666974181168,48.86759581881534,11.316567029452074,15.012752577573208,-3.696185548121134,1,21.08003571428571,0.5,0.05,83056276.1,91238563.5,1.0755548189091035,0.9790989092019188,46.98145025295111,38.7071388420461,13.810000000000002,2.1458000000000084,1.8999999999999773,,0,2.744471099777888,0.7276183105324421,,,0,,,2.4629737609329405,6.244407361725801,3.10747060342198,470.75,2.8219178187736125,470.75,0,25,20,20,432.065,420.495,426.28,,439.31,,,,,,434.78860000000003,445.97720000000004,452.6444,463.833,428.12140000000005,416.93280000000004,410.26560000000006,0,0,0,0,0,0,0,0,0,0,0,0,0,0,0,0,0,0,0,0,0,0,,,,,,,,,,,,,,,,,,USD,1.0,stock,25.0
2025-10-20,443.865,449.8,440.61,447.43,63718971,436.7745,,,429.17485791522614,402.7291466883041,379.5578800119887,362.42105863783706,50.757787595772044,11.643765869712809,14.33895523600113,-2.6951893662883215,1,20.980749999999997,0.5,0.05,80895685.4,89569073.2,0.7876683494914798,0.7113947786165102,60.6745362563238,45.6098931984261,3.5649999999999977,2.3700000000000045,3.2549999999999955,,0,4.079999571949548,2.38148984198646,,,0,,,1.848353099178257,2.6451020876347764,3.0446097510421266,470.75,4.253544155277559,470.75,0,25,20,20,430.625,436.59000000000003,433.6075,,447.43,,,,,,445.9466666666667,451.2833333333334,455.1366666666667,460.4733333333334,442.0933333333334,436.7566666666667,432.9033333333334,0,0,0,0,0,0,0,0,0,0,0,0,0,0,0,0,0,0,0,0,0,0,,,,,,,,,,,,,,,,,,USD,1.0,stock,25.0
2025-10-21,445.755,449.3,442.05,442.6,54412169,437.61199999999997,,,430.4534428756808,404.29270956327264,380.80623882363244,363.21885904940086,45.008880994671415,11.382126603595623,13.74758950952003,-2.3654629059244066,1,19.96003571428571,0.5,0.05,76107294.1,88118547.1,0.7149402648385578,0.6174882676884264,52.529510961214214,53.39516582349638,3.1549999999999727,3.545000000000016,0.5500000000000114,,0,2.7443644655036605,1.1269769543606092,,,0,,,-1.0794984690342568,3.1124778678594867,3.9333098508864683,470.75,2.8218050814446025,470.75,0,25,20,20,430.625,440.21000000000004,435.4175,,442.6,,,,,,444.65000000000003,447.25000000000006,451.90000000000003,454.50000000000006,440.00000000000006,437.40000000000003,432.75000000000006,0,0,0,0,0,0,0,0,0,0,0,0,0,0,0,0,0,0,0,0,0,0,,,,,,,,,,,,,,,,,,USD,1.0,stock,25.0
2025-10-22,443.45,445.539,429.0,438.97,84023458,437.42099999999994,,,431.2645435541874,405.6526033058894,381.9579964706892,363.97260174542674,50.99617629301672,10.757855080528316,13.149642623721688,-2.391787543193372,0,18.628535714285707,0.5,0.05,77390427.1,87663041.5,1.0857086741675317,0.9584821215677305,65.36817102137772,59.52407274630525,4.479999999999961,2.0889999999999986,9.970000000000027,,0,1.7553492142544171,0.3528714946351896,,,0,,,-0.8201536375960217,0.8778582098127208,-0.8627114433478633,470.75,1.7867122537618123,470.75,0,25,20,20,430.625,440.21000000000004,435.4175,,438.97,,,,,,437.83633333333336,446.6726666666667,454.37533333333334,463.2116666666667,430.1336666666667,421.29733333333337,413.59466666666674,0,0,0,0,0,0,0,0,0,0,0,0,0,0,0,0,0,0,0,0,0,0,,,,,,,,,,,,,,,,,,USD,1.0,stock,25.0
2025-10-23,420.0,449.3999,413.9,448.98,126709833,438.70050000000003,,,432.95172988236004,407.3517169017369,383.2851648574082,364.8184465041787,56.261853377803945,10.944675339315722,12.708649166840496,-1.763973827524774,1,19.007457142857138,0.5,0.05,83127417.6,89161211.85,1.5242844858926545,1.421131794542786,89.14489311163896,69.01419169807697,28.980000000000018,0.4198999999999842,6.100000000000023,,0,3.569929644447409,2.2895229186155253,,,0,,,2.2803380641046145,4.718367346938779,6.044072840643389,470.75,3.702091714010501,470.75,0,25,20,20,431.85,441.1,436.475,,448.98,,,,,,437.4266333333333,460.95326666666665,472.92653333333334,496.4531666666667,425.4533666666666,401.9267333333333,389.9534666666666,0,0,0,0,0,0,0,0,0,0,0,0,0,0,0,0,0,0,0,0,0,0,,,,,,,,,,,,,,,,,,USD,1.0,stock,25.0
2025-10-24,446.83,451.68,430.17,433.72,94727774,438.3665,,,433.0248984649924,408.3857672193158,384.2838744641922,365.5040341011521,43.2538860103627,9.748996905723914,12.116718714617182,-2.3677218088932683,0,18.84959999999999,0.5,0.05,81389408.0,88816192.55,1.1638833151360433,1.0665597261070612,54.01406742663116,69.50904385321594,13.109999999999957,4.850000000000023,3.5500000000000114,,0,0.16026504081149337,-1.0713132896799653,,,0,,,-3.3988150919862736,-1.2724499783751786,-1.5168029064486666,470.75,0.16052230194421582,470.75,0,25,20,20,432.78999999999996,441.1,436.945,,433.72,,,,,,438.52333333333337,446.8766666666667,460.03333333333336,468.3866666666667,425.36666666666673,417.0133333333334,403.85666666666674,0,0,0,0,0,0,0,0,0,0,0,0,0,0,0,0,0,0,0,0,0,0,,,,,,,,,,,,,,,,,,USD,1.0,stock,25.0
2025-10-27,439.98,460.16,438.69,452.42,105867547,438.82699999999994,,,434.872050992136,410.1125998773819,385.63310467282207,366.3688695827327,56.74506246074397,10.192850020081096,11.731944975709965,-1.5390949556288689,1,19.25246428571428,0.5,0.05,84020884.2,90134994.4,1.2600146738279623,1.1745443343589979,84.11003900636419,75.75633318154478,12.439999999999998,7.740000000000009,1.2900000000000205,,0,3.8786855151991553,3.0045090844790403,,,0,,,4.3115373973992455,1.1152582526875676,2.078021705286437,470.75,4.035198161810897,470.75,0,25,20,20,437.03,441.1,439.065,,452.42,,,,,,450.42333333333335,462.1566666666667,471.8933333333334,483.6266666666667,440.68666666666667,428.9533333333333,419.21666666666664,0,0,0,0,0,0,0,0,0,0,0,0,0,0,0,0,0,0,0,0,0,0,,,,,,,,,,,,,,,,,,USD,1.0,stock,25.0
2025-10-28,454.775,467.0,451.6,460.55,80185667,439.6184999999999,,,437.3175699452659,412.09053713709244,387.11660755058796,367.3059952585264,57.495542449595405,11.072987360160596,11.600153452600091,-0.5271660924394954,1,19.20246428571428,0.5,0.05,84772507.1,90426379.75,0.9458923623128282,0.8867508267132634,88.3888388838884,75.50431510562792,5.775000000000034,6.449999999999989,3.1749999999999545,,0,5.044496809192074,4.544891976984059,,,0,,,1.797002785022772,4.055580659737901,3.5595430832883634,470.75,5.312484942610889,470.75,0,25,20,20,440.45,441.1,440.775,,460.55,,,,,,459.7166666666667,467.83333333333337,475.1166666666667,483.23333333333335,452.4333333333334,444.3166666666667,437.0333333333334,0,0,0,0,0,0,0,0,0,0,0,0,0,0,0,0,0,0,0,0,0,0,,,,,,,,,,,,,,,,,,USD,1.0,stock,25.0
2025-10-29,462.5,465.7,452.65,461.51,67983544,439.721,,,439.62161090285963,414.02855528857907,388.58974403473474,368.24334853953616,59.040590405904055,11.71294695868255,11.622712153816584,0.09023480486596647,1,19.24103571428571,0.5,0.05,84415043.0,88919442.7,0.8053486864894448,0.7645520702301927,90.1170117011701,87.53862986380757,0.9900000000000091,3.1999999999999886,8.860000000000014,,0,4.742776775614908,4.721241143203828,,,0,,,0.20844642275539282,5.134747249242544,0.44617594567535335,470.75,4.978915629781653,470.75,0,25,20,20,440.45,441.1,440.775,,461.51,,,,,,459.9533333333333,467.25666666666666,473.00333333333333,480.3066666666667,454.20666666666665,446.9033333333333,441.15666666666664,0,0,0,0,0,0,0,0,0,0,0,0,0,0,0,0,0,0,0,0,0,0,,,,,,,,,,,,,,,,,,USD,1.0,stock,25.0
2025-10-30,451.05,455.0607,439.61,440.1,72447938,439.92600000000004,,,439.66717176925397,415.0509648851054,389.60974910335386,368.95834009635666,59.304846492761754,10.372938701585099,11.372757463370288,-0.999818761785189,0,18.54246428571428,0.5,0.05,83940847.9,85691392.1,0.86308322839803,0.8454517568748893,49.340866290018894,75.9489056250258,10.949999999999989,4.010699999999986,0.4900000000000091,,0,0.09834770069212771,0.03953646898431678,,,0,,,-4.6391194123637565,-1.977816383803288,0.9403669724770802,467.0,0.09844451861264067,467.0,0,25,20,20,440.45,441.1,440.775,,440.1,,,,,,444.92356666666666,450.2371333333333,460.37426666666664,465.6878333333333,434.7864333333333,429.4728666666667,419.33573333333334,0,0,0,0,0,0,0,0,0,0,0,0,0,0,0,0,0,0,0,0,0,0,,,,,,,,,,,,,,,,,,USD,1.0,stock,25.0
2025-10-31,446.75,458.0,443.6855,456.56,83135787,441.2625,410.6402,,441.2760125531346,416.67877018372866,390.9354966458617,369.82999840385565,57.537945125510824,10.517912987886746,11.20178856827358,-0.6838755803868342,1,18.14960714285714,0.5,0.05,83321268.8,83188772.45,0.9977738961171461,0.9993630696975142,80.33898305084747,73.26562034734549,9.810000000000002,1.4399999999999977,3.0645000000000095,,0,3.3476404956337413,3.3506001401787304,10.057779919397234,,0,,,3.7400590774823828,5.266070275753942,6.218737640462524,467.0,3.4635890037247483,467.0,0,25,20,20,440.45,441.1,440.775,,456.56,,,,,,452.7485,461.81149999999997,467.063,476.126,447.49699999999996,438.43399999999997,433.18249999999995,0,0,0,0,0,0,0,0,0,0,0,0,0,0,0,0,0,0,0,0,0,0,,,,,,,,,,,,,,,,,,USD,1.0,stock,25.0
2025-11-03,455.99,474.07,453.8,468.37,84595244,442.0185,413.20740000000006,,443.85639230997896,418.70587723534715,392.4688531479238,370.8104959321755,63.75975807018779,11.453742836266827,11.25217942187223,0.20156341439459702,1,18.308892857142855,0.5,0.05,85408896.1,83152290.75,0.9904734502241156,1.0173531388851125,90.52684061824831,73.40222998637155,12.379999999999995,5.699999999999989,2.1899999999999977,,0,5.2338125178856565,5.626214317740246,11.777569015948917,,0,,,2.5867355878745446,3.52548516864859,3.33590733590734,474.07,5.522869133965591,474.07,0,25,20,20,443.985,442.76,443.3725,,468.37,,,,,,465.41333333333336,477.0266666666667,485.68333333333334,497.2966666666667,456.7566666666667,445.1433333333334,436.48666666666674,0,0,0,0,0,0,0,0,0,0,0,0,0,0,0,0,0,0,0,0,0,0,,,,,,,,,,,,,,,,,,USD,1.0,stock,25.0
2025-11-04,454.46,460.22,443.6,444.26,87756644,442.57700000000006,415.1606,,443.8948311376,419.7079996967061,393.49442041232135,371.5413367686713,52.83995261549973,10.133111032732529,11.02836574404429,-0.895254711311761,0,19.06532857142857,0.5,0.05,88743343.6,82425318.85,0.9888814241161858,1.0646806736617191,50.45703839122487,73.77428735344023,10.199999999999989,5.760000000000048,0.6599999999999682,,0,0.08219710583891615,0.3788322153693639,6.550083284563095,,0,,,-5.14763968657258,-3.5370752361307156,2.579140594333751,474.07,0.0822647250620435,474.07,0,25,20,20,443.985,442.76,443.3725,396.88,444.26,,,,,,449.35999999999996,455.1199999999999,465.97999999999996,471.7399999999999,438.4999999999999,432.73999999999995,421.8799999999999,0,0,0,0,0,0,0,0,0,0,0,0,0,0,0,0,0,0,0,0,0,0,,,,,,,,,,,,,,,,,,USD,1.0,stock,25.0
2025-11-05,452.05,466.3299,440.71,462.07,85573015,443.746,417.3686,,445.62579960068575,421.3692546105608,394.8523526813843,372.442119487391,59.69732246798604,10.40369168771008,10.903430932777448,-0.499739245067369,1,19.606757142857138,0.5,0.05,88898299.3,83144363.2,0.9625945116365123,1.0292100595461653,80.05650656473327,73.6801285247355,10.019999999999982,4.259900000000016,11.340000000000032,,0,3.5588115219153464,3.965632912762138,9.674161923518076,,0,,,4.008913699185168,0.12134081601697932,5.329503749800546,474.07,3.6901365257688132,474.07,0,25,20,20,452.12,442.76,447.44,399.83500000000004,462.07,,,,,,456.36996666666664,472.0299333333333,481.98986666666667,497.64983333333333,446.4100333333333,430.7500666666666,420.79013333333324,0,0,0,0,0,0,0,0,0,0,0,0,0,0,0,0,0,0,0,0,0,0,,,,,,,,,,,,,,,,,,USD,1.0,stock,25.0
2025-11-06,461.96,467.45,435.09,445.91,109622907,444.26449999999994,419.29479999999995,,445.65286630538236,422.3316367826957,395.863395202545,373.17314317408363,51.86020293122887,9.208007680211551,10.56434628226427,-1.356338602052718,0,20.642771428571425,0.5,0.05,87189606.7,85158512.15,1.2572932847052285,1.287280674971257,53.199268738574105,61.237604564844084,16.049999999999955,5.490000000000009,10.82000000000005,,0,0.057664931178413655,0.36902065439216064,5.968738086160901,,0,,,-3.4973056030471517,1.320154510338556,2.3809523809523725,474.07,0.057698202807353695,474.07,0,25,20,20,454.58,442.76,448.66999999999996,399.83500000000004,445.91,,,,,,449.48333333333335,463.8766666666667,481.84333333333336,496.23666666666674,431.5166666666667,417.12333333333333,399.1566666666667,0,0,0,0,0,0,0,0,0,0,0,0,0,0,0,0,0,0,0,0,0,0,,,,,,,,,,,,,,,,,,USD,1.0,stock,25.0
2025-11-07,437.92,439.36,421.88,429.52,103471495,445.066,420.9656,,444.1164028477269,422.61353337945275,396.5298626242768,373.7338084161326,45.17692680562287,6.858819267724471,9.82324087935631,-2.96442161163184,0,21.609914285714286,0.5,0.05,88063978.8,84726693.4,1.1749582111772583,1.2212384414850774,25.959780621572214,53.07185197495986,8.400000000000034,1.4399999999999977,7.639999999999986,,0,-3.3983057477479264,-3.619389085490779,1.991618550940582,,0,,,-3.6756296113565567,-5.922551252847386,3.8767563907228686,474.07,-3.2866164712973966,474.07,0,25,20,20,447.975,442.76,445.3675,399.83500000000004,429.52,,,,,,430.25333333333333,438.62666666666667,447.73333333333335,456.1066666666667,421.14666666666665,412.7733333333333,403.66666666666663,0,0,0,0,0,0,0,0,0,0,0,0,0,0,0,0,0,0,0,0,0,0,,,,,,,,,,,,,,,,,,USD,1.0,stock,25.0
2025-11-10,439.6,449.6715,433.36,445.23,76515907,445.53249999999997,423.1928,,444.22245971937195,423.500453639082,397.4942217802317,374.44521330751434,50.669040956499614,6.1933432264000885,9.097261348765066,-2.9039181223649777,1,22.53145,0.5,0.05,85128814.8,84574849.5,0.8988250004392168,0.9047123045722949,52.06913744390898,43.74272893468511,5.6299999999999955,4.441499999999962,6.240000000000009,,0,0.2262965839292194,-0.06794241178715546,4.949621543921128,,0,,,3.6575712423170037,-4.94053846318081,2.1403991741225203,474.07,0.22680984686468927,474.07,0,25,20,20,447.975,442.76,445.3675,399.83500000000004,445.23,,,,,,442.7538333333334,452.14766666666674,459.06533333333334,468.4591666666667,435.83616666666677,426.4423333333334,419.5246666666668,0,0,0,0,0,0,0,0,0,0,0,0,0,0,0,0,0,0,0,0,0,0,,,,,,,,,,,,,,,,,,USD,1.0,stock,25.0
2025-11-11,439.4,442.49,432.36,439.62,60533237,446.05150000000003,425.398,,443.7841302222889,424.13259271205925,398.32839560636575,375.0937186477381,50.163703218657126,5.153858086030311,8.308580696218115,-3.154722610187804,0,22.26937857142857,0.5,0.05,83163571.8,83968039.45,0.7278816396387631,0.7209080668847271,42.74555426292176,40.258157442800986,0.22000000000002728,2.8700000000000045,7.039999999999964,,0,-0.9472112784424999,-1.46296801783359,3.235066648469128,,0,,,-1.2600229095074522,-1.0444334398775457,2.4182275649986096,474.07,-0.9383233736193156,474.07,0,25,20,20,447.975,442.76,445.3675,399.83500000000004,439.62,,,,,,438.1566666666667,443.9533333333334,448.2866666666667,454.08333333333337,433.8233333333334,428.0266666666667,423.6933333333334,0,0,0,0,0,0,0,0,0,0,0,0,0,0,0,0,0,0,0,0,0,0,,,,,,,,,,,,,,,,,,USD,1.0,stock,25.0
2025-11-12,442.15,442.329,426.56,430.6,58513520,445.82400000000007,427.3282,,442.5284987725471,424.3862165272726,398.9674372775268,375.64601995472583,45.34777766528298,3.561169066241746,7.359098370222841,-3.7979293039810953,0,20.86002857142857,0.5,0.05,82216569.4,83315806.2,0.7116998486682174,0.702309953762411,16.708181643993154,37.174291116941305,11.549999999999955,0.17900000000003047,4.0400000000000205,,0,-2.770204080944513,-3.53553181607061,0.7598235020901165,,0,,,-2.0517719848960447,-6.810656394052838,-1.0456164540962765,474.07,-2.6955323342188047,474.07,0,25,20,20,447.975,442.76,445.3675,399.83500000000004,430.6,,,,,,433.163,439.766,448.932,455.535,423.997,417.394,408.228,0,0,0,0,0,0,0,0,0,0,0,0,0,0,0,0,0,0,0,0,0,0,,,,,,,,,,,,,,,,,,USD,1.0,stock,25.0
2025-11-13,423.13,424.5,396.34,401.99,118948032,444.48600000000005,428.59740000000005,,438.66768936563784,423.5079335262031,399.02729000470447,375.9081491094052,42.47712077386314,-0.009526536911607764,5.885373388795952,-5.89489992570756,0,21.77074285714286,0.5,0.05,86866578.8,85403713.35,1.3693187143223833,1.3927735379904298,7.268750804065396,22.240828903660105,21.139999999999986,1.3700000000000045,5.650000000000034,,0,-9.12403029071316,-10.57140724893655,-6.618920868678336,,0,,,-6.644217371110084,-9.849521203830369,-6.241399416909621,474.07,-8.361155894266533,474.07,0,25,20,20,435.205,435.205,435.205,401.28999999999996,401.99,,,,,,407.60999999999996,418.87999999999994,435.77,447.03999999999996,390.7199999999999,379.44999999999993,362.5599999999999,0,0,0,0,0,0,0,0,0,0,0,0,0,0,0,0,0,0,0,0,0,0,,,,,,,,,,,,,,,,,,USD,1.0,stock,25.0
2025-11-14,386.3,412.19,382.78,404.35,105506682,442.738,429.6676,,435.3993379974819,422.7566420153716,399.1326902026311,376.1911526008539,37.645849396042145,-2.618709399360455,4.184556831164671,-6.803266230525126,0,21.982885714285718,0.5,0.05,89103668.3,86212468.55,1.1840890954654446,1.2237984107694362,23.627998685507773,15.868310377855446,18.05000000000001,7.839999999999975,3.5200000000000387,,0,-7.6788272529941555,-9.493755409917144,-6.261308272536162,,0,,,0.5870792805791281,-5.860029800707755,-7.957934032915248,474.07,-7.13123224768464,474.07,0,25,20,20,425.115,428.42499999999995,426.77,402.775,404.35,,,,,,399.77333333333337,416.76666666666677,429.1833333333334,446.1766666666668,387.35666666666674,370.36333333333334,357.9466666666667,0,0,0,0,0,0,0,0,0,0,0,0,0,0,0,0,0,0,0,0,0,0,,,,,,,,,,,,,,,,,,USD,1.0,stock,25.0
2025-11-17,398.74,423.96,398.74,408.92,102214259,440.8125,430.91799999999995,,432.87749628343596,422.2140286030041,399.3264983174305,376.5168127739798,36.48358552803812,-4.268539740032736,2.4939375169251896,-6.762477256957926,1,22.68431428571429,0.5,0.05,90865569.8,88137232.95,1.124895372636512,1.1597171317822725,28.63402344177899,19.84359097711739,10.180000000000007,15.039999999999964,0.0,,0,-5.8587245141924935,-7.799202778049493,-5.379536339626316,,0,,,1.1302089773710833,-8.155335444601663,-8.606932928055787,474.07,-5.534474877795277,474.07,0,25,20,20,425.115,428.42499999999995,426.77,408.945,408.92,,,,,,410.54,422.34000000000003,435.76,447.56,397.12000000000006,385.32000000000005,371.9000000000001,0,0,0,0,0,0,0,0,0,0,0,0,0,0,0,0,0,0,0,0,0,0,,,,,,,,,,,,,,,,,,USD,1.0,stock,25.0
2025-11-18,405.38,408.9,393.71,401.25,80688637,438.745,432.0036,,429.8653537802516,421.3919098342589,399.3645874596596,376.7629141394128,34.75973697521498,-6.124349383123217,0.7702801369155083,-6.894629520038725,0,22.838600000000007,0.5,0.05,90158769.1,89451056.35,0.8949616083434307,0.9020423043891757,20.232226968999917,24.164749698762233,4.1299999999999955,3.519999999999982,7.5400000000000205,,0,-7.1315523439879405,-9.344548286604363,-7.664448598130842,,0,,,-1.8756725031791044,-8.72799235703562,-9.342521464075915,474.07,-6.656817891604231,474.07,0,25,20,20,425.115,428.42499999999995,426.77,408.945,401.25,,,,,,401.28666666666663,408.8633333333333,416.47666666666663,424.0533333333333,393.6733333333333,386.09666666666664,378.4833333333333,0,0,0,0,0,0,0,0,0,0,0,0,0,0,0,0,0,0,0,0,0,0,,,,,,,,,,,,,,,,,,USD,1.0,stock,25.0
2025-11-19,406.18,411.78,398.5,403.99,72047704,436.9960000000001,433.12760000000003,,427.4010343726086,420.7094819976213,399.4561797871911,377.0338304166326,39.91509802826342,-7.289962643286685,-0.8417684191249305,-6.448194224161755,1,22.22288571428572,0.5,0.05,88806238.0,88852268.65,0.8112910266506278,0.8108707306484739,23.233651002300395,24.03330047102644,2.1899999999999977,5.599999999999966,5.490000000000009,,0,-5.794953927723108,-8.170004208024972,-7.2124557538552985,,0,,,0.6828660436137168,-6.179749187180683,-7.96865389434358,474.07,-5.477533391320439,474.07,0,25,20,20,416.22574999999995,428.42499999999995,422.32537499999995,408.945,403.99,,,,,,404.75666666666666,411.0133333333333,418.03666666666663,424.2933333333333,397.73333333333335,391.4766666666667,384.4533333333334,0,0,0,0,0,0,0,0,0,0,0,0,0,0,0,0,0,0,0,0,0,0,,,,,,,,,,,,,,,,,,USD,1.0,stock,25.0
2025-11-20,414.63,428.94,394.74,395.23,113548827,434.3085,433.656,,424.3371263371221,419.71028662516557,399.37249305873183,377.21488683039746,32.10179186365495,-8.818919326967034,-2.4371986006933515,-6.381720726273683,1,23.387171428571435,0.5,0.05,89198830.0,88194218.35,1.272985609788828,1.2874860634217526,13.637857377587954,19.034578449629425,19.399999999999977,14.310000000000002,0.4900000000000091,,0,-7.364604492857843,-9.887533841054566,-9.722440098170681,,0,,,-2.168370504220396,-1.6816338714893408,-11.971580025836337,474.07,-6.859434287160957,474.07,0,25,20,20,416.22574999999995,428.42499999999995,422.32537499999995,410.07,395.23,,,,,,406.30333333333334,417.8666666666667,440.50333333333333,452.06666666666666,383.6666666666667,372.10333333333335,349.4666666666667,0,0,0,0,0,0,0,0,0,0,0,0,0,0,0,0,0,0,0,0,0,0,,,,,,,,,,,,,,,,,,USD,1.0,stock,25.0
2025-11-21,402.32,402.8,383.76,391.09,100460633,432.177,433.559,,421.1707333526343,418.5879224437865,399.2084832951926,377.3529476579557,26.390076988879386,-10.246575767719833,-3.9990740340986477,-6.247501733621185,1,23.299314285714296,0.5,0.05,88897743.8,88480861.3,1.1300695462644577,1.1353939317948298,9.81457422936105,15.562027536416473,11.230000000000018,0.4800000000000182,7.329999999999984,,0,-7.6915117626720955,-10.505765936229524,-10.859137282978356,,0,,,-1.0474913341598668,-3.2793372078644856,-9.82892188508716,474.07,-7.14217085151749,474.07,0,25,20,20,412.635,428.42499999999995,420.53,410.83500000000004,391.09,,,,,,392.54999999999995,401.3399999999999,411.59,420.37999999999994,382.2999999999999,373.50999999999993,363.2599999999999,0,0,0,0,0,0,0,0,0,0,0,0,0,0,0,0,0,0,0,0,0,0,,,,,,,,,,,,,,,,,,USD,1.0,stock,27.0
2025-11-24,402.17,421.72,401.09,417.78,96806374,430.445,433.7138,,420.8478063666691,418.55623921069684,399.5762361012284,377.7552068852398,42.03561116458133,-9.119223112837062,-5.023103849846331,-4.096119262990731,1,23.71788571428573,0.5,0.05,90926790.5,88027802.65,1.0646628289381885,1.0997249855810185,41.33695523798275,21.596462281643923,15.609999999999957,3.9400000000000546,1.080000000000041,,0,-0.7343114478120344,-3.0314998324477047,-3.8139212025468003,,0,,,6.824516096039268,2.1666829697740253,-7.656602272224933,474.07,-0.7289586212067009,474.07,0,25,20,20,412.55449999999996,428.42499999999995,420.48974999999996,422.155,417.78,,,,,,413.53,425.96999999999997,434.16,446.6,405.3399999999999,392.8999999999999,384.70999999999987,0,0,0,0,0,0,0,0,0,0,0,0,0,0,0,0,0,0,0,0,0,0,,,,,,,,,,,,,,,,,,USD,1.0,stock,25.0
2025-11-25,414.42,420.48,405.95,419.4,71915624,428.3875,433.6694,,420.7099200460339,418.5893278691009,399.9687858814021,378.16958293613294,35.78140619793402,-8.002816068551851,-5.619046293587435,-2.383769774964416,1,22.925750000000015,0.5,0.05,92065029.2,87614300.5,0.7811394253052601,0.8208206147808028,43.250265737569386,31.4672650683044,4.979999999999961,1.080000000000041,8.470000000000027,,0,-0.31233191369431035,-2.1429422985217004,-3.4023366714353886,,0,,,0.38776389487289453,4.523364485981296,-8.934969058734133,474.07,-0.31135943880063643,474.07,0,25,20,20,405.86,428.42499999999995,417.1425,428.42499999999995,419.4,,,,,,415.27666666666664,424.6033333333333,429.8066666666667,439.1333333333333,410.07333333333327,400.7466666666666,395.54333333333324,0,0,0,0,0,0,0,0,0,0,0,0,0,0,0,0,0,0,0,0,0,0,,,,,,,,,,,,,,,,,,USD,1.0,stock,25.0
2025-11-26,423.95,426.94,416.89,426.58,63462996,426.64099999999996,433.6838,,421.26897527974495,418.90268756050875,400.4957406164238,378.6512786283107,43.14879138016587,-6.464174468971635,-5.788071928664275,-0.67610254030736,1,21.332178571428585,0.5,0.05,92559976.8,87388273.1,0.6856418745342642,0.7262186761303561,65.47917149413603,50.022130823229396,2.6299999999999955,0.36000000000001364,7.060000000000002,,0,1.2450243143736308,-0.014299779642734921,-1.6652913873130564,,0,,,1.7119694802098184,5.591722567390267,-7.56863339905961,474.07,1.2607205922838804,474.07,0,25,20,20,405.86,428.42499999999995,417.1425,428.42499999999995,426.58,,,,,,423.46999999999997,430.04999999999995,433.52,440.09999999999997,419.99999999999994,413.41999999999996,409.94999999999993,0,0,0,0,0,0,0,0,0,0,0,0,0,0,0,0,0,0,0,0,0,0,,,,,,,,,,,,,,,,,,USD,1.0,stock,25.0
2025-11-28,426.59,432.93,426.2,430.17,36252861,426.14450000000005,433.9502,,422.1166919197692,419.34454295029275,401.08334971312826,379.1639027215614,50.25337179387232,-4.8986384639562175,-5.610185235722663,0.7115467717664457,1,20.096464285714298,0.5,0.05,84290459.7,85578519.25,0.4300944748554978,0.42362103618660124,70.84607162344997,59.85850295171847,3.580000000000041,2.759999999999991,0.38999999999998636,,0,1.8721222029036908,0.9357928260920021,-0.8787688588232512,,0,,,0.8415771953678153,8.840422032740424,-2.256305385139745,474.07,1.9078392857682778,474.07,0,25,20,20,408.345,428.42499999999995,418.385,428.42499999999995,430.17,,,,,,429.76666666666665,433.3333333333333,436.49666666666667,440.06333333333333,426.6033333333333,423.03666666666663,419.8733333333333,0,0,0,0,0,0,0,0,0,0,0,0,0,0,0,0,0,0,0,0,0,0,,,,,,,,,,,,,,,,,,USD,1.0,stock,25.0
2025-12-01,425.32,433.6599,425.29,430.14,57463552,424.82349999999997,434.03159999999997,,422.8808164988388,419.767894207144,401.6587289267296,379.67112757010307,43.29869437783106,-3.61864713850008,-5.211877616278147,1.593230477778067,1,19.25492142857144,0.5,0.05,79486146.7,84294907.5,0.7229379506454299,0.6816966018973328,79.31669737062467,71.88064682940355,4.819999999999993,3.519900000000007,0.029999999999972715,,0,1.687632747747525,1.2359929325335983,-0.9047286929836758,,0,,,-0.00697398702839136,9.984913958423892,-5.786753110215526,474.07,1.7166026970109998,474.07,0,25,20,20,408.70995,428.42499999999995,418.56747499999994,428.42499999999995,430.14,,,,,,429.6966333333333,434.10326666666657,438.06653333333327,442.47316666666654,425.7333666666666,421.3267333333333,417.3634666666666,0,0,0,0,0,0,0,0,0,0,0,0,0,0,0,0,0,0,0,0,0,0,,,,,,,,,,,,,,,,,,USD,1.0,stock,25.0
2025-12-02,430.81,436.8,422.12,429.24,69336626,422.867,433.9322,,423.4864530227589,420.13934933627564,402.2048927103587,380.16435018134587,45.18909899888766,-2.646361659712568,-4.698774424965031,2.0524127652524635,1,19.384207142857154,0.5,0.05,76198383.4,83531976.6,0.9099487798319879,0.8300608799433103,78.01978202824566,76.06085034077343,1.5699999999999932,5.990000000000009,7.1200000000000045,,0,1.3404032655952647,1.484717174541047,-1.0931413661354985,,0,,,-0.20923420281768745,2.74307051558238,-8.354506052906885,467.45,1.3586141743551616,467.45,0,25,20,20,410.28,428.42499999999995,419.35249999999996,428.42499999999995,429.24,,,,,,429.3866666666667,436.6533333333334,444.0666666666667,451.3333333333334,421.9733333333334,414.7066666666667,407.2933333333334,0,0,0,0,0,0,0,0,0,0,0,0,0,0,0,0,0,0,0,0,0,0,,,,,,,,,,,,,,,,,,USD,1.0,stock,25.0
2025-12-03,432.1,447.92,431.11,446.74,87482964,422.991,434.35,,425.7010765444009,421.1825121074021,403.08677602302487,380.8267944581484,56.935372980405624,-0.45843016881400445,-3.850705573734826,3.3922754049208215,1,19.592135714285725,0.5,0.05,76877816.1,83518292.6,1.137948090073282,1.0474706950606412,98.18851704022106,85.17499881303047,14.639999999999986,1.1800000000000068,0.9900000000000091,,0,4.709433553207481,5.316067511304119,2.7734252585396395,,0,,,4.076973255055449,6.518836432999531,0.5582316661414621,467.45,4.942182346913734,467.45,0,25,20,20,415.84000000000003,428.42499999999995,422.1325,428.42499999999995,446.74,,,,,,441.92333333333335,452.7366666666667,458.73333333333335,469.5466666666667,435.9266666666667,425.11333333333334,419.1166666666667,0,0,0,0,0,0,0,0,0,0,0,0,0,0,0,0,0,0,0,0,0,0,,,,,,,,,,,,,,,,,,USD,1.0,stock,25.0
2025-12-04,449.94,454.63,445.39,454.53,71906488,422.61400000000003,434.58480000000003,,428.446688302077,422.49025673064125,404.10545372553923,381.56015968742054,77.49633661293694,1.882409947061774,-2.704082469575506,4.58649241663728,1,17.804992857142867,0.5,0.05,76863694.5,82834966.25,0.9355065283779718,0.868069261753336,99.86082115518438,92.02304007455037,4.589999999999975,0.10000000000002274,4.550000000000011,,0,5.738523683348286,7.02175873979714,4.388093195168623,,0,,,1.7437435644894084,6.55211214778002,-1.631787391520767,467.45,6.087878004446819,467.45,0,25,20,20,419.195,428.42499999999995,423.80999999999995,428.42499999999995,454.53,,,,,,451.51666666666665,457.6433333333333,460.75666666666666,466.8833333333333,448.4033333333333,442.27666666666664,439.1633333333333,0,0,0,0,0,0,0,0,0,0,0,0,0,0,0,0,0,0,0,0,0,0,,,,,,,,,,,,,,,,,,USD,1.0,stock,27.0
2025-12-05,453.03,458.87,451.66,455.0,56427522,423.06850000000003,435.21700000000004,,430.97557513045064,423.76514862355725,405.1132665230533,382.29090436714773,77.04217832354507,3.7324424031232297,-1.4167774950357588,5.1492198981589885,1,16.21927857142858,0.5,0.05,71151564.0,80175197.0,0.7930608805731945,0.7038027234282942,94.84755691652244,97.63229837064263,1.9700000000000273,3.8700000000000045,1.3699999999999477,,0,5.280093377922937,7.017912087912082,4.3479120879120785,,0,,,0.10340351571953565,5.77213659715925,2.038527954071445,458.87,5.574428402880486,458.87,0,25,20,20,429.98,428.42499999999995,429.2025,428.42499999999995,455.0,,,,,,455.1766666666667,458.6933333333333,462.38666666666666,465.9033333333333,451.48333333333335,447.9666666666667,444.27333333333337,0,0,0,0,0,0,0,0,0,0,0,0,0,0,0,0,0,0,0,0,0,0,,,,,,,,,,,,,,,,,,USD,1.0,stock,27.0
2025-12-08,447.445,449.7463,435.25,439.58,69165753,423.5715,435.20059999999995,,431.79504416564583,424.3853388736139,405.79577609685424,382.8609451197134,64.6698564593301,3.909277604845215,-0.35156647505956407,4.260844079904779,0,15.828564285714293,0.5,0.05,68022076.0,78459909.9,1.0168133210165475,0.8815426003949566,74.31766742111567,89.6753484976075,7.865000000000009,2.301300000000026,4.329999999999984,,0,1.7709986428759612,3.6417716911597364,0.9962691660221195,,0,,,-3.3890109890109876,2.194634305109955,2.3421493760476864,458.87,1.802928481821036,458.87,0,25,20,20,432.40999999999997,428.42499999999995,430.41749999999996,428.42499999999995,439.58,,,,,,441.5254333333333,447.8008666666666,456.0217333333333,462.2971666666666,433.3045666666666,427.0291333333333,418.80826666666655,0,0,0,0,0,0,0,0,0,0,0,0,0,0,0,0,0,0,0,0,0,0,,,,,,,,,,,,,,,,,,USD,1.0,stock,25.0
2025-12-09,437.54,452.39,435.7,445.17,62367442,423.56850000000003,435.23980000000006,,433.0688494832034,425.2004236236682,406.5754636988967,383.48093571553716,71.44112478031633,4.449199456851375,0.6085867113226238,3.840612745528751,0,15.934278571428576,0.5,0.05,64578182.8,77752486.65,0.9657664445770067,0.8021279406888268,81.76008520836109,83.6417698486664,7.6299999999999955,7.21999999999997,1.8400000000000318,,0,2.718321206908961,4.852415930992652,2.2306534582294306,,0,,,1.271668410755722,3.7112105116019034,-0.013476180850346964,458.87,2.7942786767594483,458.87,0,25,20,20,437.88,428.42499999999995,433.1525,428.42499999999995,445.17,,,,,,444.42,453.14000000000004,461.11,469.83000000000004,436.45000000000005,427.73,419.76000000000005,0,0,0,0,0,0,0,0,0,0,0,0,0,0,0,0,0,0,0,0,0,0,,,,,,,,,,,,,,,,,,USD,1.0,stock,27.0
2025-12-10,446.065,456.88,443.61,451.45,63257475,424.16,435.3743999999999,,434.8194352467078,426.2298187756812,407.46406837812646,384.15724481289504,72.39524348810869,5.322480686122844,1.551365506282668,3.7711151798401765,0,15.933564285714292,0.5,0.05,63712367.9,77888698.55,0.9928602104270559,0.8121521629918157,90.121155638397,82.06630275595792,5.384999999999991,5.430000000000007,2.454999999999984,,0,3.683810998624912,6.044966219957906,3.5608816037213566,,0,,,1.4106970370869387,1.0543045171688137,2.6909603748692,458.87,3.824705936581771,458.87,0,25,20,20,440.495,425.115,432.805,428.42499999999995,451.45,,,,,,450.6466666666667,457.6833333333334,463.9166666666667,470.9533333333334,444.4133333333334,437.3766666666667,431.14333333333343,0,0,0,0,0,0,0,0,0,0,0,0,0,0,0,0,0,0,0,0,0,0,,,,,,,,,,,,,,,,,,USD,1.0,stock,27.0
2025-12-11,448.945,449.2699,440.33,446.89,55979492,424.9745,435.12300000000005,,435.9690128422594,427.0400219609486,408.2447798953913,384.78145133216975,75.38325471698109,5.582259647106184,2.3575443344473714,3.224715312658813,0,14.284992857142864,0.5,0.05,62964017.5,77761997.15,0.8890711587773128,0.7198823853767238,84.05005991212886,85.31043358629564,2.055000000000007,0.32490000000001373,6.560000000000002,,0,2.4437752372486674,4.9040032222694645,2.6330864418536866,,0,,,-1.010078635507805,-1.6808571491430668,3.783093358104961,458.87,2.504991601706325,458.87,0,25,20,20,440.495,425.115,432.805,428.42499999999995,446.89,,,,,,445.49663333333336,450.66326666666674,454.4365333333334,459.60316666666677,441.7233666666667,436.55673333333334,432.7834666666667,0,0,0,0,0,0,0,0,0,0,0,0,0,0,0,0,0,0,0,0,0,0,,,,,,,,,,,,,,,,,,USD,1.0,stock,27.0
2025-12-12,448.09,463.01,441.67,458.96,95656749,427.82300000000004,435.5822,,438.1586306668061,428.2917858056173,409.249041679641,385.51954634378995,80.93718661682924,6.685023680388213,3.2230402036355397,3.461983476752673,1,14.449278571428575,0.5,0.05,68904406.3,76597433.0,1.3882530034947853,1.2488244743136496,93.45930232558138,89.21017262536907,10.870000000000005,4.050000000000011,6.419999999999959,,0,4.53228371387351,6.78425135088024,5.093646505142056,,0,,,2.7008883617892554,0.8703296703296726,14.171994328217119,463.01,4.747451693816361,463.01,0,25,20,20,442.565,425.115,433.84000000000003,428.42499999999995,458.96,,,,,,454.5466666666667,467.42333333333335,475.88666666666666,488.7633333333333,446.08333333333337,433.2066666666667,424.7433333333334,0,0,0,0,0,0,0,0,0,0,0,0,0,0,0,0,0,0,0,0,0,0,,,,,,,,,,,,,,,,,,USD,1.0,stock,28.75
2025-12-15,469.44,481.7694,467.66,475.31,114542204,431.371,436.4918,,441.6968563175865,430.1356373426519,410.55717946816293,386.412983693603,78.95319577252138,8.777103493582047,4.333852861624841,4.443250631957206,1,13.890664285714289,0.5,0.05,74612271.5,77049209.1,1.5351657535315755,1.4866110286912733,91.48054455719775,89.66330226496933,5.8700000000000045,6.4594000000000165,1.7799999999999727,,0,7.071835998067266,9.244282678672871,8.166922639961287,,0,,,3.5624019522398465,8.128213294508392,17.5491529615432,481.7694,7.61000292432355,481.7694,0,25,20,20,456.4397,432.2747,444.35720000000003,432.2747,475.31,,,,,,474.9131333333333,482.16626666666656,489.0225333333333,496.27566666666655,468.05686666666656,460.8037333333333,453.94746666666657,0,0,0,0,0,0,0,0,0,0,0,0,0,0,0,0,0,0,0,0,0,0,,,,,,,,,,,,,,,,,,USD,1.0,stock,27.0
2025-12-16,472.21,491.5,465.83,489.88,107608075,435.419,437.2244,,446.28572714448296,432.47855352529297,412.12792838958546,387.44250624391543,81.38023152270702,11.478452595160263,5.762772808331926,5.715679786828337,1,14.686378571428573,0.5,0.05,78439416.4,77318899.9,1.371862259291363,1.3917434823720247,97.82870928829915,94.25618539035942,17.670000000000016,1.6200000000000045,6.3799999999999955,,0,8.898969718199771,11.117212378541687,10.748673144443535,,0,,,3.065367865182722,10.04335422422895,19.798493592878796,491.5,9.76824267593115,491.5,0,25,20,20,463.375,437.14,450.2575,437.14,489.88,,,,,,482.40333333333336,498.97666666666674,508.0733333333334,524.6466666666668,473.30666666666673,456.73333333333335,447.6366666666667,0,0,0,0,0,0,0,0,0,0,0,0,0,0,0,0,0,0,0,0,0,0,,,,,,,,,,,,,,,,,,USD,1.0,stock,28.75
2025-12-17,488.22,495.2799,466.2,467.26,106490405,438.7195,437.90780000000007,,448.2832769402465,433.8425318184187,413.2196525798907,388.23671016188644,65.9229685298262,11.659641177933395,6.94214648225222,4.717494695681175,0,16.045657142857145,0.5,0.05,80340160.5,78608988.3,1.3254940535001793,1.354684843336166,61.7004670591403,83.6699069682124,20.960000000000036,7.0598999999999705,1.0600000000000023,,0,4.061277032006487,6.108055472328042,6.281770320592374,,0,,,-4.617457336490571,3.502048953372472,16.45109034267913,495.2799,4.233198969472822,495.2799,0,25,20,20,465.26495,439.02995,452.14745,439.02995,467.26,,,,,,476.24663333333336,486.29326666666674,505.3265333333334,515.3731666666667,457.21336666666673,447.16673333333335,428.1334666666667,0,0,0,0,0,0,0,0,0,0,0,0,0,0,0,0,0,0,0,0,0,0,,,,,,,,,,,,,,,,,,USD,1.0,stock,25.0
2025-12-18,478.16,490.86,473.12,483.37,95168446,442.68850000000003,438.8014,,451.62486961260396,435.78478547259834,414.6087683703879,389.1833100607731,68.96477969485241,12.953852846169525,8.144487755035682,4.809365091133843,1,17.250657142857143,0.5,0.05,82666356.3,79765025.4,1.1512355238524044,1.1931099566853518,83.72072679158939,81.08330104634295,5.2099999999999795,7.490000000000009,5.0400000000000205,,0,6.567459790097864,8.41622359683058,9.220390177296895,,0,,,3.447759277490059,8.163082637785578,19.649001212901318,495.2799,7.0290926216323015,495.2799,0,25,20,20,465.26495,439.02995,452.14745,439.02995,483.37,,,,,,482.45,491.78,500.19,509.52,474.03999999999996,464.71,456.29999999999995,0,0,0,0,0,0,0,0,0,0,0,0,0,0,0,0,0,0,0,0,0,0,,,,,,,,,,,,,,,,,,USD,1.0,stock,25.0
2025-12-19,488.12,490.49,474.72,481.2,103305424,446.98699999999997,439.7146,,454.44154869711787,437.5657742775945,415.92740662047925,390.09889901539236,67.92837078651685,13.647108679161704,9.245011939860888,4.402096739300816,0,17.779235714285715,0.5,0.05,87354146.5,79252855.25,1.1826046975343065,1.303491510484097,80.75462104240162,75.39193829771044,6.920000000000016,2.3700000000000045,6.479999999999961,,0,5.560775416226543,7.109933499584377,8.621238570241058,,0,,,-0.44893146037197074,4.845738190692006,21.751891303797777,495.2799,5.888205288358535,495.2799,0,25,20,20,465.48995,439.02995,452.25995,439.02995,481.2,,,,,,482.1366666666667,489.5533333333334,497.9066666666667,505.3233333333334,473.7833333333334,466.36666666666673,458.01333333333343,0,0,0,0,0,0,0,0,0,0,0,0,0,0,0,0,0,0,0,0,0,0,,,,,,,,,,,,,,,,,,USD,1.0,stock,25.0
2025-12-22,489.88,498.83,485.33,488.73,86916066,451.869,441.2194,,457.7071154878685,439.5722145020026,417.369042132945,391.08030300528895,69.9590686438972,14.63541899071788,10.323093350032286,4.312325640685595,0,17.98995,0.5,0.05,89129177.8,78575626.9,0.9751696149944739,1.1061453713963305,85.0856467808624,83.18699820495114,1.1499999999999773,8.949999999999989,3.400000000000034,,0,6.347653001070426,7.542201215395002,9.721236674646534,,0,,,1.5648379052369155,2.8234205045128524,24.96612033035874,498.83,6.77788993493455,498.83,0,25,20,20,469.58,440.80499999999995,455.1925,440.80499999999995,488.73,,,,,,490.9633333333333,496.59666666666664,504.4633333333333,510.09666666666664,483.09666666666664,477.4633333333333,469.59666666666664,0,0,0,0,0,0,0,0,0,0,0,0,0,0,0,0,0,0,0,0,0,0,,,,,,,,,,,,,,,,,,USD,1.0,stock,25.0
2025-12-23,489.395,491.97,482.84,485.56,58223633,455.258,442.21259999999995,,460.35977115569057,441.3756570705516,418.71935813031246,392.02039949279856,64.4097995545657,14.990073291900387,11.256489338405906,3.733583953494481,0,17.307807142857147,0.5,0.05,88714796.9,76646489.85,0.6563012601565229,0.759638609856052,79.12865681031774,81.65630821119392,3.8349999999999795,2.5750000000000455,2.7200000000000273,,0,5.189930975432374,6.240629376390152,8.927300436609286,,0,,,-0.6486198923741138,-0.8818486159875905,16.223849873138985,498.83,5.4740293186449795,498.83,0,25,20,20,469.58,441.29499999999996,455.4375,440.80499999999995,485.56,,,,,,486.78999999999996,490.73999999999995,495.92,499.87,481.6099999999999,477.6599999999999,472.47999999999985,0,0,0,0,0,0,0,0,0,0,0,0,0,0,0,0,0,0,0,0,0,0,,,,,,,,,,,,,,,,,,USD,1.0,stock,25.0
2025-12-24,488.48,490.9,476.8,485.4,41285429,458.558,443.3358,,462.7445548551486,443.1021018913143,420.03976688020725,392.9495497466016,62.14684819390886,15.08434576955733,12.022060624636191,3.0622851449211392,0,17.654950000000003,0.5,0.05,86517592.3,75114980.1,0.47719114578272886,0.5496297668592474,78.87700534759358,81.03043631292458,3.080000000000041,2.419999999999959,8.599999999999966,,0,4.667376420447343,5.52987227029254,8.665883807169338,,0,,,-0.03295164346321933,3.8822069083593647,15.736766809728175,498.83,4.895885841799513,498.83,0,25,20,20,470.25,441.29499999999996,455.7725,440.80499999999995,485.4,,,,,,484.3666666666666,491.9333333333332,498.4666666666666,506.0333333333332,477.83333333333326,470.26666666666665,463.7333333333333,0,0,0,0,0,0,0,0,0,0,0,0,0,0,0,0,0,0,0,0,0,0,,,,,,,,,,,,,,,,,,USD,1.0,stock,25.0
2025-12-26,485.23,489.09,473.82,475.19,58780659,460.98850000000004,444.1366,,463.9298353451344,444.360450836753,421.13185070436157,393.76786268444636,57.37884657554272,14.171831662085651,12.452014832126086,1.7198168299595658,0,18.230664285714287,0.5,0.05,86797709.0,74880863.25,0.6772144066613556,0.7849890672834892,62.81849638251024,73.60805284680718,10.04000000000002,3.859999999999957,1.3700000000000045,,0,2.3696131347178193,2.988594036069773,6.534943917169976,,0,,,-2.10341985990935,-1.6922854128307518,11.395283416944068,498.83,2.427126646530236,498.83,0,25,20,20,482.33,441.29499999999996,461.8125,440.80499999999995,475.19,,,,,,479.3666666666666,484.91333333333324,494.6366666666666,500.1833333333332,469.64333333333326,464.09666666666664,454.3733333333333,0,0,0,0,0,0,0,0,0,0,0,0,0,0,0,0,0,0,0,0,0,0,,,,,,,,,,,,,,,,,,USD,1.0,stock,25.0
2025-12-29,469.0,469.4,459.0,459.64,66263033,462.462,444.75440000000003,,463.5212795979787,444.9596488431548,421.8943883141762,394.4233068368399,57.32437563896596,12.054940761222156,12.3726000179453,-0.3176592567231449,0,17.976378571428572,0.5,0.05,83858337.4,76381371.85,0.7901782345615642,0.8675287101432181,37.92174877237447,59.87241683415943,9.360000000000014,0.39999999999997726,0.6399999999999864,,0,-0.8444172826513647,-0.613958750326343,3.2385345052649805,,0,,,-3.2723752604221445,-4.480465502909392,6.850779924216011,498.83,-0.8373465833855662,498.83,0,25,20,20,478.91499999999996,441.29499999999996,460.10499999999996,440.80499999999995,459.64,,,,,,462.68,466.36,473.08,476.76,455.96000000000004,452.28000000000003,445.56000000000006,0,0,0,0,0,0,0,0,0,0,0,0,0,0,0,0,0,0,0,0,0,0,,,,,,,,,,,,,,,,,,USD,1.0,stock,25.0
2025-12-30,461.09,463.12,453.83,454.43,59238464,463.67650000000003,445.0568,,462.6554434457903,445.3310351630311,422.53865785250935,395.0203883608515,53.3904510837727,9.843417226229747,11.86676345960219,-2.0233462333724432,0,17.447807142857148,0.5,0.05,78327963.4,76470117.45,0.7562875559202908,0.7746616060676653,24.10256410256414,41.61426975248295,6.659999999999968,2.0300000000000296,0.6000000000000227,,0,-1.8100573126312722,-2.0347468256937318,2.0626279074885017,,0,,,-1.1334957793055378,-7.018190002659952,5.646998651601809,498.83,-1.7778767249615364,498.83,0,25,20,20,476.33,441.29499999999996,458.8125,440.80499999999995,454.43,,,,,,457.1266666666667,460.42333333333346,466.41666666666674,469.7133333333335,451.13333333333344,447.8366666666667,441.8433333333334,0,0,0,0,0,0,0,0,0,0,0,0,0,0,0,0,0,0,0,0,0,0,,,,,,,,,,,,,,,,,,USD,1.0,stock,25.0
2025-12-31,456.1,456.55,449.3,449.72,49077961,464.70050000000003,445.1026,,461.4234964509531,445.50315143114756,423.07690225146956,395.5646631035296,49.359211793466194,7.622839901364159,11.017978747954583,-3.3951388465904238,0,17.017807142857148,0.5,0.05,72474952.0,75457184.2,0.6771713487992376,0.6504080628017922,16.051282051282126,26.025198308740244,6.3799999999999955,0.44999999999998863,0.4200000000000159,,0,-2.6023962578833677,-3.331072667437518,1.0267277417059575,,0,,,-1.0364632616684633,-7.381168135760763,4.7712235579163265,498.83,-2.536389356192463,498.83,0,25,20,20,474.065,449.96,462.0125,440.80499999999995,449.72,,,,,,451.85666666666674,454.41333333333347,459.10666666666674,461.66333333333347,447.16333333333347,444.60666666666674,439.91333333333347,0,0,0,0,0,0,0,0,0,0,0,0,0,0,0,0,0,0,0,0,0,0,,,,,,,,,,,,,,,,,,USD,1.0,stock,25.0
2026-01-02,457.8,458.34,435.3,438.07,85535406,464.26699999999994,445.01199999999994,,459.1993539318147,445.21165529659277,423.37379527619294,395.9876017791164,46.89611486486486,4.866856642265873,9.787754326816842,-4.920897684550969,0,17.869235714285715,0.5,0.05,70379452.1,75359806.3,1.2153462899720415,1.1350268823607632,4.360144813473923,14.83799698910673,19.730000000000018,0.5399999999999636,2.769999999999982,,0,-4.823282564844592,-5.980094505444323,-1.5846782477686103,,0,,,-2.590500756025982,-9.75072105480016,-1.9407261494381545,498.83,-4.601346615777719,498.83,0,25,20,20,467.065,452.39,459.72749999999996,440.80499999999995,438.07,,,,,,443.90333333333336,452.5066666666667,466.9433333333333,475.5466666666667,429.46666666666675,420.8633333333334,406.4266666666668,0,0,0,0,0,0,0,0,0,0,0,0,0,0,0,0,0,0,0,0,0,0,,,,,,,,,,,,,,,,,,USD,1.0,stock,25.0
2026-01-05,447.99,457.5499,444.57,451.67,67940839,464.12399999999997,445.26599999999996,,458.48227260497515,445.4649237163342,423.9341161618129,396.54165549275706,47.46187591393358,3.7370480302399756,8.577613067501469,-4.840565037261493,1,17.73637142857143,0.5,0.05,67656691.4,75161523.85,1.0041998447473592,0.9039311009126115,25.767354005981446,15.392926956912499,3.680000000000007,5.879899999999964,3.420000000000016,,0,-1.5082411063331933,-2.7573228241857883,1.4178493147652163,,0,,,3.1045266738192634,-4.949599107725322,-0.6292213935273683,498.83,-1.4858311895615073,498.83,0,25,20,20,467.065,457.86,462.4625,440.80499999999995,451.67,,,,,,451.2633,457.95660000000004,464.2432,470.9365,444.97670000000005,438.28340000000003,431.99680000000006,0,0,0,0,0,0,0,0,0,0,0,0,0,0,0,0,0,0,0,0,0,0,,,,,,,,,,,,,,,,,,USD,1.0,stock,25.0
2026-01-06,446.38,448.25,428.78,432.96,89093758,463.02200000000005,444.94559999999996,,456.0515799759299,444.9745345509878,424.11284653484626,396.9040270798938,35.493594574227586,1.3167472882796005,7.125439911657096,-5.808692623377495,0,17.742128571428573,0.5,0.05,66235524.8,76794835.65,1.345105338396896,1.1601529874489678,5.967166309778738,12.031555043078036,13.420000000000016,1.8700000000000045,4.180000000000007,,0,-5.33342109569704,-6.943366592756853,-2.768292682926824,,0,,,-4.142404853100723,-5.804542685580016,-4.843956043956044,498.83,-5.063370239205982,498.83,0,25,20,20,460.375,460.475,460.425,440.80499999999995,432.96,,,,,,436.66333333333336,444.54666666666674,456.1333333333334,464.01666666666677,425.0766666666667,417.1933333333333,405.6066666666667,0,0,0,0,0,0,0,0,0,0,0,0,0,0,0,0,0,0,0,0,0,0,,,,,,,,,,,,,,,,,,USD,1.0,stock,25.0
2026-01-07,435.9,438.37,431.29,431.41,59828790,462.61350000000004,444.8994,,453.7047628353651,444.4425920195766,424.2573446232651,397.24737009402423,28.01053027453932,-0.7181521225244296,5.556721504820791,-6.274873627345221,0,16.41427142857143,0.5,0.05,63526797.2,76327987.5,0.9417882316913027,0.7838381694525878,3.7544610992149208,11.82966047165837,4.489999999999952,2.4700000000000273,0.12000000000000455,,0,-5.1678827183804446,-7.232910688208436,-3.1268167172759065,,0,,,-0.35800073909828534,-5.065686684417836,-1.8585922926429688,498.83,-4.9139362558235105,498.83,0,25,20,20,459.84,460.475,460.1575,440.80499999999995,431.41,,,,,,433.69000000000005,436.0900000000001,440.77000000000004,443.1700000000001,429.0100000000001,426.61000000000007,421.9300000000001,0,0,0,0,0,0,0,0,0,0,0,0,0,0,0,0,0,0,0,0,0,0,,,,,,,,,,,,,,,,,,USD,1.0,stock,27.0
2026-01-08,427.89,436.89,424.365,435.8,57041094,462.145,444.56699999999995,,451.99954732723506,444.10366684233827,424.4859120564678,397.6309783517952,36.28835425383544,-1.9540630327267081,4.054564597311291,-6.008627630037999,1,15.231778571428569,0.5,0.05,63408543.3,76061670.1,0.8995805774960928,0.7499321790463815,15.356207614315458,8.359278341103039,7.910000000000025,1.089999999999975,3.5249999999999773,,0,-3.717197642779957,-6.045204222120232,-2.0117026158788294,,0,,,1.0175934725666913,-3.0952592724361905,-2.1048138913224212,498.83,-3.583974236927063,498.83,0,25,20,20,456.72749999999996,460.475,458.60125,440.80499999999995,435.8,,,,,,432.3516666666667,440.33833333333337,444.87666666666667,452.86333333333334,427.8133333333334,419.8266666666667,415.2883333333334,0,0,0,0,0,0,0,0,0,0,0,0,0,0,0,0,0,0,0,0,0,0,,,,,,,,,,,,,,,,,,USD,1.0,stock,25.0
2026-01-09,435.945,449.05,430.39,445.01,67331456,461.823,444.25620000000004,,451.33387615321266,444.13920931910934,424.89232963950803,398.10241140302116,32.21109256167688,-2.1653999221133517,2.810571693426363,-4.975971615539715,1,14.878921428571427,0.5,0.05,66013146.0,76265369.15,1.0199704161955863,0.882857537443651,27.72443429799233,15.611701003840905,9.064999999999998,4.0400000000000205,5.555000000000007,,0,-1.4210638307482228,-3.778117345677623,0.16938945192241872,,0,,,2.1133547498852545,1.584221699728361,-1.4265145641820798,498.83,-1.4011525585254148,498.83,0,25,20,20,446.8825,461.59749999999997,454.24,440.80499999999995,445.01,,,,,,441.48333333333335,452.5766666666667,460.1433333333334,471.23666666666674,433.9166666666667,422.8233333333333,415.25666666666666,0,0,0,0,0,0,0,0,0,0,0,0,0,0,0,0,0,0,0,0,0,0,,,,,,,,,,,,,,,,,,USD,1.0,stock,25.0
2026-01-12,441.225,454.3,438.0,448.96,61649627,461.92650000000003,444.00520000000006,,451.1077927100495,444.3282599340463,425.368917171399,398.60845706070256,35.29197080291971,-1.9912006198139238,1.8502172307783056,-3.8414178505922294,1,14.916778571428571,0.5,0.05,66300042.8,76548875.9,0.9298580271806401,0.8053629302216833,33.02893977036189,25.36986056088989,7.734999999999957,5.340000000000032,3.2250000000000227,,0,-0.4783928880188755,-2.8881192088382157,1.1036172487526552,,0,,,0.887620502910047,-0.5999955719884098,0.46320123520329215,498.83,-0.4761151868263206,498.83,0,25,20,20,443.7425,461.59749999999997,452.66999999999996,440.80499999999995,448.96,,,,,,447.08666666666664,456.1733333333333,463.38666666666666,472.4733333333333,439.8733333333333,430.78666666666663,423.57333333333327,0,0,0,0,0,0,0,0,0,0,0,0,0,0,0,0,0,0,0,0,0,0,,,,,,,,,,,,,,,,,,USD,1.0,stock,25.0
2026-01-13,450.2,451.81,443.95,447.2,53719214,461.33849999999995,444.1472,,450.7356219757591,444.4408771915347,425.8012158412723,399.0919550003971,30.000963112780482,-1.972426800407618,1.085688424541121,-3.0581152249487387,1,14.21892142857143,0.5,0.05,65045660.9,74451999.15,0.8258692933043902,0.7215281606041333,33.77708749352855,31.51015385396092,3.0,1.6100000000000136,3.25,,0,-0.7906131430588357,-3.161560822898025,0.6826475849731642,,0,,,-0.3920171062009925,3.288987435328905,-2.5623147986752692,498.83,-0.7844114827803119,498.83,0,25,20,20,441.35249999999996,461.59749999999997,451.47499999999997,440.80499999999995,447.2,,,,,,447.65333333333336,451.35666666666674,455.5133333333334,459.21666666666675,443.4966666666667,439.79333333333335,435.6366666666667,0,0,0,0,0,0,0,0,0,0,0,0,0,0,0,0,0,0,0,0,0,0,,,,,,,,,,,,,,,,,,USD,1.0,stock,25.0
2026-01-14,442.81,443.91,434.22,439.2,57259500,459.533,443.8,,449.63699131140106,444.2353525957883,426.066538299861,399.49104002526883,28.66740290815386,-2.5734168074208696,0.3538673781487228,-2.9272841855695924,1,14.493921428571424,0.5,0.05,64847764.5,71587863.95,0.8829834064673117,0.7998492599247333,22.29653565792438,29.7008543072716,3.6100000000000136,1.1000000000000227,4.979999999999961,,0,-2.376364141940135,-4.629553734061937,-1.0473588342440854,,0,,,-1.7889087656529523,1.8057068681764266,-7.597147125034187,498.83,-2.32120388515206,498.83,0,25,20,20,441.35249999999996,461.59749999999997,451.47499999999997,440.80499999999995,439.2,,,,,,439.11000000000007,444.0000000000001,448.80000000000007,453.6900000000001,434.3100000000001,429.4200000000001,424.6200000000001,0,0,0,0,0,0,0,0,0,0,0,0,0,0,0,0,0,0,0,0,0,0,,,,,,,,,,,,,,,,,,USD,1.0,stock,27.0
2026-01-15,441.125,445.36,437.65,438.57,49465813,456.96750000000003,443.204,,448.58299213888665,444.0131819057574,426.31413160085384,399.87988539815177,28.543938422065423,-3.065207647019008,-0.3299476268848234,-2.735260020134185,1,14.037492857142857,0.5,0.05,64886549.7,68680750.85,0.7623430931171857,0.7202281918558845,21.94669756662803,26.00677357269365,2.555000000000007,4.235000000000014,0.9200000000000159,,0,-2.283100106912616,-4.194883370955614,-1.0566158195955069,,0,,,-0.1434426229508179,0.6356126663607187,-10.473993631093325,498.83,-2.2321381582355038,498.83,0,25,20,20,440.95745,461.59749999999997,451.277475,440.80499999999995,438.57,,,,,,440.52666666666664,443.4033333333333,448.2366666666667,451.11333333333334,435.69333333333327,432.8166666666666,427.98333333333323,0,0,0,0,0,0,0,0,0,0,0,0,0,0,0,0,0,0,0,0,0,0,,,,,,,,,,,,,,,,,,USD,1.0,stock,27.0
2026-01-16,439.5,447.25,435.2601,437.5,60220551,455.47950000000003,443.06880000000007,,447.5274690780403,443.7577630074924,426.5356339453914,400.25421489667764,31.15311531153114,-3.500938844458915,-0.9641458703996417,-2.5367929740592734,1,13.8032,0.5,0.05,62355064.2,66367258.15,0.9657684066661582,0.9073834399470366,29.16620406350616,24.469812429352856,2.0,7.75,2.2398999999999774,,0,-2.291992932123503,-4.109600000000007,-1.2728685714285868,,0,,,-0.24397473607405962,-1.6876025257859362,-6.369045071266532,498.83,-2.2406376749784997,498.83,0,25,20,20,439.3325,461.59749999999997,450.465,440.80499999999995,437.5,,,,,,440.00336666666664,444.74663333333325,451.9932666666666,456.7365333333332,432.7567333333333,428.01346666666666,420.7668333333333,0,0,0,0,0,0,0,0,0,0,0,0,0,0,0,0,0,0,0,0,0,0,,,,,,,,,,,,,,,,,,USD,1.0,stock,25.0
2026-01-20,429.36,430.725,417.44,419.25,63187336,452.27349999999996,442.21240000000006,,444.83437678489366,442.7966742621005,426.39136396627475,400.4432276837754,30.334014996591677,-5.258267402630281,-1.8229701768457698,-3.4352972257845114,0,14.079628571428572,0.5,0.05,61879713.9,64768202.65,1.0211316765638763,0.9755919326873586,3.962346760070057,18.358416130068083,10.110000000000014,1.365000000000009,1.8100000000000023,,0,-6.102415452568554,-7.87680381633869,-5.477018485390593,,0,,,-4.171428571428571,-6.617516037063432,-13.265200570991166,498.83,-5.751438764649562,498.83,0,25,20,20,435.87,458.135,447.0025,440.80499999999995,419.25,,,,,,422.47166666666664,427.5033333333333,435.75666666666666,440.7883333333333,414.21833333333325,409.1866666666666,400.9333333333332,0,0,0,0,0,0,0,0,0,0,0,0,0,0,0,0,0,0,0,0,0,0,,,,,,,,,,,,,,,,,,USD,1.0,stock,25.0
2026-01-21,421.66,438.2,419.6201,431.44,68123987,449.78550000000007,441.923,,443.55872185299904,442.3513144871162,426.4913369570416,400.75165327896167,39.51855566700099,-5.602746843902651,-2.578925510257146,-3.023821333645505,1,14.76962857142857,0.5,0.05,59782736.8,63009130.8,1.139526068000286,1.081176428480426,34.22982885085577,22.452793224810662,9.779999999999973,6.759999999999991,2.0399000000000456,,0,-2.808900855970481,-4.252155572037843,-2.429770072315966,,0,,,2.9075730471079364,-3.5241502683363124,-10.340814630091433,498.83,-2.732157267108219,498.83,0,25,20,20,435.87,458.135,447.0025,440.80499999999995,431.44,,,,,,429.75336666666664,439.8866333333333,448.33326666666665,458.4665333333333,421.3067333333333,411.1734666666666,402.7268333333333,0,0,0,0,0,0,0,0,0,0,0,0,0,0,0,0,0,0,0,0,0,0,,,,,,,,,,,,,,,,,,USD,1.0,stock,25.0
2026-01-22,435.16,449.5,432.6293,449.36,71546729,447.817,442.31980000000004,,444.1112245336658,442.6261648993862,426.9441817697734,401.2353184204646,49.85351562499999,-4.379273507647099,-2.9389951097351363,-1.4402783979119627,1,15.541771428571426,0.5,0.05,60954530.7,62240663.95,1.173772124538726,1.1495174450175512,78.04400977995118,38.74539513029234,14.199999999999989,0.13999999999998636,2.5307000000000244,,0,1.1680557829656006,0.34337724764109095,1.5667171087769205,,0,,,4.153532356758771,2.3132969034608486,-8.055572606551674,491.97,1.1818605737438057,491.97,0,25,20,20,435.87,458.135,447.0025,440.80499999999995,449.36,,,,,,443.8297666666667,455.03023333333346,460.7004666666667,471.90093333333346,438.15953333333346,426.95906666666673,421.28883333333346,0,0,0,0,0,0,0,0,0,0,0,0,0,0,0,0,0,0,0,0,0,0,,,,,,,,,,,,,,,,,,USD,1.0,stock,25.0
2026-01-23,447.425,452.43,444.04,449.06,56771364,445.992,442.39639999999997,,444.5825364828405,442.8784721582338,427.38211876443137,401.71118589886794,54.926925490899315,-3.394737150094784,-3.030143517807066,-0.3645936322877179,1,14.495342857142857,0.5,0.05,60927557.7,62168050.5,0.9317846659722584,0.9131919618422006,78.8334052191604,63.70241461665578,1.634999999999991,3.3700000000000045,3.384999999999991,,0,0.9970746709035524,0.6832049169375993,1.4838997015989024,,0,,,-0.06676161652128254,2.3918644686139023,-7.5170936650465485,490.9,1.0071163731669224,490.9,0,25,20,20,435.87,458.135,447.0025,440.80499999999995,449.06,,,,,,448.51,452.97999999999996,456.9,461.36999999999995,444.59,440.12,436.2,0,0,0,0,0,0,0,0,0,0,0,0,0,0,0,0,0,0,0,0,0,0,,,,,,,,,,,,,,,,,,USD,1.0,stock,25.0
2026-01-26,445.0,445.04,434.28,435.2,49397415,443.48199999999997,442.30799999999994,,443.6889615797129,442.577355603009,427.5369282938486,402.04440792972497,42.633509258430976,-3.6903313183931914,-3.1621810779242914,-0.5281502404689,0,14.159635714285717,0.5,0.05,59134153.6,62573649.8,0.8353449232424627,0.7894283801230338,48.18231144872486,68.35324214927881,9.800000000000011,0.040000000000020464,0.9200000000000159,,0,-1.9505885982796203,-1.9030330882352902,-1.6332720588235174,,0,,,-3.0864472453569713,-0.5257142857142849,-10.34198599093531,489.09,-1.9132685991305158,489.09,0,25,20,20,434.935,458.135,446.53499999999997,440.80499999999995,435.2,,,,,,438.17333333333335,442.0666666666667,448.9333333333334,452.82666666666677,431.3066666666667,427.4133333333333,420.5466666666666,0,0,0,0,0,0,0,0,0,0,0,0,0,0,0,0,0,0,0,0,0,0,,,,,,,,,,,,,,,,,,USD,1.0,stock,25.0
2026-01-27,437.41,437.52,430.69,430.9,37733077,441.26750000000004,442.314,,442.47096523878787,442.1194200891655,427.6035237731783,402.33152824883217,48.94228794413637,-4.22288707625205,-3.3743222775898434,-0.8485647986622067,0,13.012492857142856,0.5,0.05,56742498.6,61521270.7,0.6649879355154092,0.6133338367472959,36.5165491047205,54.510755257535244,6.510000000000048,0.1099999999999568,0.20999999999997954,,0,-2.685301749544649,-2.406010675330718,-2.6488744488280447,,0,,,-0.988051470588236,2.778771615980924,-9.32048233338244,469.4,-2.615078987735026,469.4,0,25,20,20,434.935,458.135,446.53499999999997,440.80499999999995,430.9,,,,,,433.0366666666667,435.3833333333334,439.8666666666667,442.21333333333337,428.5533333333334,426.2066666666667,421.7233333333334,0,0,0,0,0,0,0,0,0,0,0,0,0,0,0,0,0,0,0,0,0,0,,,,,,,,,,,,,,,,,,USD,1.0,stock,25.0
2026-01-28,431.91,438.26,430.1,431.46,54857403,439.8585,442.9034,,441.4223018827129,441.7014036150806,427.679889639056,402.6213637886448,50.025936300446084,-4.5473351819676395,-3.608924858465403,-0.9384103235022367,0,13.089635714285711,0.5,0.05,56856317.5,60950989.2,0.9648427019565592,0.9000248186291946,38.035811177428045,40.911557243624465,0.4500000000000455,6.349999999999966,1.3599999999999568,,0,-2.308974617047442,-1.94653038520373,-2.6522504983080695,,0,,,0.12996054769087717,0.0046356387910284624,-6.130885040466449,463.12,-2.2568641956291335,463.12,0,25,20,20,434.935,458.135,446.53499999999997,440.80499999999995,431.46,,,,,,433.2733333333333,436.4466666666666,441.4333333333333,444.60666666666657,428.28666666666663,425.11333333333334,420.12666666666667,0,0,0,0,0,0,0,0,0,0,0,0,0,0,0,0,0,0,0,0,0,0,,,,,,,,,,,,,,,,,,USD,1.0,stock,25.0
2026-01-29,437.8,440.2299,414.62,416.56,81686127,437.965,443.1476,,439.05446360816876,440.71546621841077,427.45969380461923,402.7600566862703,41.000935453695035,-5.938314920839275,-4.074802870940178,-1.8635120498990974,0,14.024271428571426,0.5,0.05,59298980.2,62073372.35,1.3775300473042535,1.3159608364664594,4.8891129032258,26.480491061791444,21.24000000000001,2.429899999999975,1.9399999999999977,,0,-5.400053679702506,-5.138515459957742,-6.382657960437873,,0,,,-3.453390812589807,-7.299270072992703,-8.33351671324517,458.34,-5.123387978636699,458.34,0,25,20,20,433.525,456.725,445.125,440.80499999999995,416.56,,,,,,423.8033,432.98659999999995,449.41319999999996,458.59649999999993,407.37669999999997,398.1934,381.7668,0,0,0,0,0,0,0,0,0,0,0,0,0,0,0,0,0,0,0,0,0,0,,,,,,,,,,,,,,,,,,USD,1.0,stock,25.0
2026-01-30,425.35,439.88,422.7,430.41,82626066,436.9995,443.57740000000007,,438.2311813597717,440.311330288277,427.51811570947825,403.0351805003373,43.455262686031936,-5.855597452196321,-4.430961787191406,-1.4246356650049146,1,14.357128571428566,0.5,0.05,62615005.5,63750777.6,1.3195888963069724,1.2960793438227802,39.793346774193594,27.572756951615816,5.060000000000002,9.46999999999997,2.650000000000034,,0,-1.8171467576895715,-1.5309820868474215,-3.0592690690272164,,0,,,3.3248511618974463,-4.15311985035407,-4.293782798185541,458.34,-1.7847158514607804,458.34,0,25,20,20,433.525,453.295,443.40999999999997,440.80499999999995,430.41,,,,,,430.99666666666667,439.29333333333335,448.1766666666667,456.47333333333336,422.11333333333334,413.81666666666666,404.93333333333334,0,0,0,0,0,0,0,0,0,0,0,0,0,0,0,0,0,0,0,0,0,0,,,,,,,,,,,,,,,,,,USD,1.0,stock,25.0
2026-02-02,421.29,427.15,414.5,421.81,58739455,436.1865000000001,443.9886,,436.6672593255077,439.5857879240309,427.40508371523117,403.22199462471207,38.316550477665906,-6.410099749388394,-4.826789379630804,-1.5833103697575899,0,14.329271428571426,0.5,0.05,62466895.9,62410980.05,0.9403293401041238,0.9411718090781688,19.27234379119431,21.318267822871235,0.5199999999999818,5.339999999999975,6.7900000000000205,,0,-3.52226341848408,-3.4082880917949026,-5.25795974490885,,0,,,-1.99809483980391,-3.0767463235294112,-3.711735567375074,457.5499,-3.4024211818529206,457.5499,0,25,20,20,433.46500000000003,452.7,443.0825,441.29499999999996,421.81,,,,,,421.15333333333336,427.80666666666673,433.80333333333334,440.4566666666667,415.15666666666675,408.5033333333334,402.5066666666668,0,0,0,0,0,0,0,0,0,0,0,0,0,0,0,0,0,0,0,0,0,0,,,,,,,,,,,,,,,,,,USD,1.0,stock,25.0
2026-02-03,424.27,428.56,413.6901,421.96,56886549,434.701,444.348,,435.2665679611736,438.8945805544611,427.29726027532564,403.40844243939154,38.98586140687729,-6.7595234893606175,-5.213336201576767,-1.5461872877838507,1,14.829978571428569,0.5,0.05,61836817.2,61858265.55,0.919946264634073,0.919627288191885,21.347241474552074,26.80431067997999,2.3100000000000023,4.2900000000000205,8.269900000000007,,0,-3.153514067962281,-3.0194805194805294,-5.305716181628599,,0,,,0.03556103458903781,-2.0747273149222534,-6.577811233865438,454.3,-3.0571077451463275,454.3,0,25,20,20,433.06005,451.39005,442.22505,441.29499999999996,421.96,,,,,,421.40336666666667,429.11663333333337,436.2732666666667,443.9865333333334,414.24673333333334,406.53346666666664,399.3768333333333,0,0,0,0,0,0,0,0,0,0,0,0,0,0,0,0,0,0,0,0,0,0,,,,,,,,,,,,,,,,,,USD,1.0,stock,25.0
2026-02-04,420.46,423.9,399.18,406.01,74606873,433.3535,444.5636,,432.48022815534756,437.6049891601685,426.8757303688836,403.43432858427326,36.456378029870244,-8.228621593448736,-5.816393279951161,-2.4122283134975753,0,15.668549999999998,0.5,0.05,62485105.8,61133921.3,1.1939945054874181,1.22038422226974,12.826291079812176,17.815292115186185,14.449999999999989,3.4399999999999977,6.829999999999984,,0,-6.51960004811398,-6.734686337774934,-9.495726706238768,,0,,,-3.7799791449426468,-5.8985769248597775,-6.22459349593496,454.3,-6.120563769643458,454.3,0,25,20,20,425.805,434.28999999999996,430.0475,441.29499999999996,406.01,,,,,,409.69666666666666,420.2133333333333,434.41666666666663,444.9333333333333,395.49333333333334,384.9766666666667,370.77333333333337,0,0,0,0,0,0,0,0,0,0,0,0,0,0,0,0,0,0,0,0,0,0,,,,,,,,,,,,,,,,,,USD,1.0,stock,25.0
2026-02-05,397.015,402.1,387.5309,397.21,72819838,431.64349999999996,444.686,,429.1211588072192,436.0208719382011,426.2882901635591,403.37239496651927,34.17750573833206,-9.987845218093867,-6.6506836675797025,-3.337161550514164,0,16.437771428571427,0.5,0.05,62612416.7,61783473.7,1.1630255121585171,1.1786297150203777,14.914074309196893,16.362535621187046,0.19499999999999318,4.890000000000043,9.484100000000012,,0,-8.033825635613212,-8.66884016011681,-11.952367765162005,,0,,,-2.167434299647797,-4.645189168427121,-7.927493567603916,454.3,-7.436398357964722,454.3,0,25,20,20,416.28544999999997,425.32545,420.80544999999995,441.29499999999996,397.21,,,,,,395.6136333333333,403.6963666666667,410.1827333333334,418.2654666666667,389.1272666666666,381.0445333333333,374.5581666666666,0,0,0,0,0,0,0,0,0,0,0,0,0,0,0,0,0,0,0,0,0,0,,,,,,,,,,,,,,,,,,USD,1.0,stock,25.0
2026-02-06,400.87,414.55,397.751,411.11,62677144,430.409,444.55260000000004,,427.40581034938884,435.0439749994481,425.98772996230053,403.44938606137976,40.80679997213127,-10.143500818962877,-7.349247097856338,-2.7942537211065392,1,16.81992142857143,0.5,0.05,63202994.7,62065276.2,0.9916799717719704,1.0098584560878825,36.3319368065197,21.357434065176253,10.240000000000009,3.4399999999999977,3.119000000000028,,0,-3.9638564737877524,-4.694364038821721,-8.134708472185066,,0,,,3.4994083734045,-4.484096559094819,-5.665442863698944,454.3,-3.812725506952653,454.3,0,25,20,20,413.8804,422.93544999999995,418.407925,441.29499999999996,411.11,,,,,,407.8036666666667,417.8563333333334,424.6026666666667,434.65533333333343,401.05733333333336,391.00466666666665,384.2583333333333,0,0,0,0,0,0,0,0,0,0,0,0,0,0,0,0,0,0,0,0,0,0,,,,,,,,,,,,,,,,,,USD,1.0,stock,25.0
2026-02-09,409.905,421.25,407.29,417.32,54484258,429.0245,444.51099999999997,,426.4452569827804,434.3489171563325,425.8160917452253,403.58740212047053,49.266103886227086,-9.65447314649316,-7.810292307583703,-1.8441808389094572,1,16.384207142857143,0.5,0.05,63711679.0,61422916.3,0.8551690813233788,0.8870346978298718,45.9006365265466,32.382215880754394,7.4150000000000205,3.930000000000007,2.6149999999999523,,0,-2.1866330352679957,-2.8046822582191115,-6.515623502348311,,0,,,1.5105446230935682,-1.0644603020317223,-6.222332082425108,454.3,-2.139842531569972,454.3,0,25,20,20,413.8804,422.93544999999995,418.407925,443.18044999999995,417.32,,,,,,415.28666666666663,423.28333333333325,429.2466666666666,437.2433333333332,409.32333333333327,401.32666666666665,395.3633333333333,0,0,0,0,0,0,0,0,0,0,0,0,0,0,0,0,0,0,0,0,0,0,,,,,,,,,,,,,,,,,,USD,1.0,stock,25.0
2026-02-10,418.08,427.25,417.0,425.21,64450233,427.837,444.4835999999999,,426.32761346061085,433.99052824824105,425.80408992848817,403.80255234812756,47.55090809025866,-8.531907612262046,-7.954615368519372,-0.577292243742674,1,15.762778571428571,0.5,0.05,66383394.6,61562946.6,0.9708788378230961,1.0468997434245617,58.057969987257124,46.763514440107805,7.1299999999999955,2.0400000000000205,1.079999999999984,,0,-0.26283800019069853,-0.6178123750617365,-4.532725006467377,,0,,,1.8906354835617645,0.7702151862735818,-5.2900035637918785,452.43,-0.2621489730723547,452.43,0,25,20,20,413.8804,422.5404,418.2104,443.18044999999995,425.21,,,,,,423.15333333333336,429.30666666666673,433.40333333333336,439.55666666666673,419.05666666666673,412.90333333333336,408.80666666666673,0,0,0,0,0,0,0,0,0,0,0,0,0,0,0,0,0,0,0,0,0,0,,,,,,,,,,,,,,,,,,USD,1.0,stock,25.0
2026-02-11,427.955,436.35,420.03,428.27,57361989,426.8905,444.44559999999996,,426.51260265483836,433.76619380713356,425.85291983089434,404.04600953869345,40.6124810825247,-7.311072420345738,-7.8259067788846455,0.5148343585389075,1,15.638492857142861,0.5,0.05,66633853.2,61745085.35,0.8608535488384453,0.9290130327757333,62.77298144350228,55.57719598576867,0.3149999999999977,8.080000000000041,7.925000000000011,,0,0.4103479919587226,0.3221098839517144,-3.776963130735278,,0,,,0.7196444109969224,5.482623580699975,-4.233005366726294,452.43,0.41203878483839806,452.43,0,25,20,20,413.70545,420.91544999999996,417.31044999999995,443.18044999999995,428.27,,,,,,428.2166666666667,436.4033333333334,444.53666666666675,452.72333333333347,420.08333333333337,411.89666666666665,403.7633333333333,0,0,0,0,0,0,0,0,0,0,0,0,0,0,0,0,0,0,0,0,0,0,,,,,,,,,,,,,,,,,,USD,1.0,stock,25.0
2026-02-12,430.3,436.23,414.0,417.07,61933359,425.784,444.1842,,425.61330716390137,433.11144110881463,425.6790006263222,404.1756014835821,37.02020611863994,-7.164707840692245,-7.6936669912461655,0.5289591505539208,1,16.62706428571429,0.5,0.05,64658576.4,61978778.3,0.9578521898913939,0.9992671798114485,51.36421888014244,57.39839010363395,13.230000000000018,5.930000000000007,3.069999999999993,,0,-2.0484108576261475,-2.0893375212794014,-6.501114920756704,,0,,,-2.615172671445576,4.999874122000958,-5.038706739526411,452.43,-2.007293244854159,452.43,0,25,20,20,411.94045,420.91544999999996,416.42795,443.18044999999995,417.07,,,,,,422.43333333333334,430.8666666666667,444.66333333333336,453.0966666666667,408.63666666666666,400.2033333333333,386.40666666666664,0,0,0,0,0,0,0,0,0,0,0,0,0,0,0,0,0,0,0,0,0,0,,,,,,,,,,,,,,,,,,USD,1.0,stock,25.0
2026-02-13,414.305,424.06,410.88,417.44,51434147,424.72749999999996,443.9482,,424.8348969578155,432.4968747908219,425.5158520990683,404.30758554842214,41.90814652815747,-6.9388699752578304,-7.542707588048499,0.6038376127906684,1,16.512778571428576,0.5,0.05,61539384.5,62077195.0,0.8357923534318091,0.8285514028138675,56.75458737357449,56.9639292324064,3.134999999999991,6.6200000000000045,3.4250000000000114,,0,-1.7714873892812117,-1.7457598696818621,-6.350182062092753,,0,,,0.0887141247272627,1.5397338911726788,-4.817931003032583,452.43,-1.7406519593303975,452.43,0,25,20,20,411.94045,420.91544999999996,416.42795,443.18044999999995,417.44,,,,,,417.46000000000004,424.0400000000001,430.64000000000004,437.2200000000001,410.86000000000007,404.28000000000003,397.68000000000006,0,0,0,0,0,0,0,0,0,0,0,0,0,0,0,0,0,0,0,0,0,0,,,,,,,,,,,,,,,,,,USD,1.0,stock,25.0
2026-02-17,412.36,413.72,400.51,410.63,59678789,423.384,443.226,,423.48204962849974,431.63935028922106,425.2210827505719,404.37049514495527,40.97104677060135,-7.226103898632516,-7.479386850165303,0.25328295153278724,0,17.234207142857148,0.5,0.05,61633317.9,62050106.9,0.968287787083421,0.9617838224868555,43.832141027344,50.650315760353635,1.7300000000000182,1.3600000000000136,10.120000000000005,,0,-3.1298369891385778,-3.1059591359618195,-7.938046416481992,,0,,,-1.6313721732464592,-1.603086360586603,-6.141714285714284,452.43,-3.0348510969412335,452.43,0,25,20,20,411.94045,420.91544999999996,416.42795,443.18044999999995,410.63,,,,,,408.2866666666667,416.0633333333334,421.4966666666667,429.2733333333334,402.85333333333335,395.07666666666665,389.6433333333333,0,0,0,0,0,0,0,0,0,0,0,0,0,0,0,0,0,0,0,0,0,0,,,,,,,,,,,,,,,,,,USD,1.0,stock,25.0
2026-02-18,411.11,416.9,409.58,411.32,45921402,422.9875,442.3618,,422.32375918769026,430.8425130229771,424.945813785214,404.43964444699554,41.0393308417868,-7.313753224369009,-7.446260125006045,0.1325069006370363,0,17.17420714285715,0.5,0.05,60536803.2,61186810.2,0.7585699867283378,0.7505114558169924,45.14146378489158,48.576064061936684,0.20999999999997954,5.579999999999984,1.5300000000000296,,0,-2.6752307662380295,-2.8365992414665024,-7.546873480501805,,0,,,0.16803448359836715,-3.266621198936992,-1.891472868217059,452.43,-2.605526908752473,452.43,0,25,20,20,411.94045,420.91544999999996,416.42795,443.18044999999995,411.32,,,,,,412.59999999999997,415.61999999999995,419.91999999999996,422.93999999999994,408.29999999999995,405.28,400.97999999999996,0,0,0,0,0,0,0,0,0,0,0,0,0,0,0,0,0,0,0,0,0,0,,,,,,,,,,,,,,,,,,USD,1.0,stock,25.0
2026-02-19,407.25,415.2499,404.11,411.71,51019638,422.00100000000003,441.496,,421.3129249793388,430.09221839462504,424.68371846273453,404.5119862932941,47.52222335751506,-7.267965622317945,-7.410601224468426,0.14263560215048088,1,16.140635714285725,0.5,0.05,58178079.7,60331592.75,0.8769563770940345,0.8456537557596637,46.18818661638882,45.05393047620814,4.4599999999999795,3.5399000000000456,3.1399999999999864,,0,-2.3324488060379416,-2.499574943528225,-7.23470403925093,,0,,,0.09481668773703156,-3.8667195927802545,-4.5730576673465695,452.43,-2.2792856354477466,452.43,0,25,20,20,417.0505,419.98045,418.51547500000004,443.18044999999995,411.71,,,,,,410.3566333333333,416.6032666666666,421.49653333333333,427.74316666666664,405.4633666666666,399.2167333333333,394.3234666666666,0,0,0,0,0,0,0,0,0,0,0,0,0,0,0,0,0,0,0,0,0,0,,,,,,,,,,,,,,,,,,USD,1.0,stock,25.0
2026-02-20,408.3,414.7,405.5,411.82,57912225,420.12399999999997,440.9408,,420.40883688606846,429.3756608105221,424.42899136446255,404.5847028475897,38.951622489005096,-7.14049139709482,-7.356579258993705,0.21608786189888463,1,15.132064285714295,0.5,0.05,56687318.4,59649867.55,1.0216081239080097,0.9708692974289765,49.753272796917585,47.027641066065996,3.519999999999982,2.8799999999999955,2.8000000000000114,,0,-2.0855803229732564,-2.0164149385653864,-7.071244718566372,,0,,,0.02671783536956074,-1.2587814995084767,-8.35410361402884,452.43,-2.0429724907033897,452.43,0,25,20,20,418.43,419.98045,419.20522500000004,443.18044999999995,411.82,,,,,,410.67333333333335,415.8466666666667,419.87333333333333,425.0466666666667,406.6466666666667,401.47333333333336,397.4466666666667,0,0,0,0,0,0,0,0,0,0,0,0,0,0,0,0,0,0,0,0,0,0,,,,,,,,,,,,,,,,,,USD,1.0,stock,25.0
2026-02-23,407.285,407.7,394.04,399.83,69680026,417.6625,440.03399999999993,,418.44894765882384,428.2170074454036,423.9418826245722,404.53739237149426,37.44287020109688,-7.915712543747986,-7.468405915944562,-0.44730662780342456,0,15.26563571428572,0.5,0.05,57387606.6,60295300.65,1.2141998966027623,1.155646049506845,25.19321331200288,40.37822424176976,7.455000000000041,0.4149999999999636,5.789999999999964,,0,-4.656716019014046,-4.460020508716214,-10.055273491233763,,0,,,-2.9114661745422765,-4.218570333461102,-10.962900280586119,445.04,-4.449514752754149,445.04,0,25,20,20,415.19500000000005,419.98045,417.58772500000003,443.18044999999995,399.83,,,,,,400.5233333333333,407.0066666666666,414.1833333333333,420.6666666666666,393.34666666666664,386.86333333333334,379.68666666666667,0,0,0,0,0,0,0,0,0,0,0,0,0,0,0,0,0,0,0,0,0,0,,,,,,,,,,,,,,,,,,USD,1.0,stock,25.0
2026-02-24,399.5,410.82,397.64,409.38,58579482,416.3715,439.1926,,417.5852383579835,427.4783012710741,423.65352851319454,404.58557752202665,43.510111432108964,-7.671048626809636,-7.508934458117578,-0.1621141686920584,1,15.144928571428576,0.5,0.05,57797129.0,60754404.0,1.0135361913910983,0.9642014099916115,44.755228998486245,39.9005717024689,9.879999999999995,1.4399999999999977,1.8600000000000136,,0,-2.0043085539067587,-1.7078264692950391,-7.282378230494903,,0,,,2.3885151189255494,-0.3044102963738693,-5.932904411764706,440.2299,-1.9649253863110412,440.2299,0,25,20,20,415.19500000000005,419.98045,417.58772500000003,443.18044999999995,409.38,,,,,,405.9466666666667,414.25333333333344,419.1266666666667,427.43333333333345,401.07333333333344,392.7666666666667,387.89333333333343,0,0,0,0,0,0,0,0,0,0,0,0,0,0,0,0,0,0,0,0,0,0,,,,,,,,,,,,,,,,,,USD,1.0,stock,25.0
2026-02-25,412.15,420.34,412.15,417.4,54809704,415.6965,438.6028,,417.56759660960415,427.08307377024767,423.5296962654085,404.71308421334976,56.39959546016405,-6.752168935455529,-7.357581353585168,0.6054124181296388,1,14.162071428571434,0.5,0.05,56833076.1,61608235.35,0.9643979837297597,0.8896489842408706,61.18322541792039,43.71055590946984,5.25,2.9399999999999977,0.0,,0,-0.040152517873544506,0.40812170579778695,-5.079731672256834,,0,,,1.9590600420147597,1.4781678498492656,-3.1329774889765627,440.2299,-0.0401364020975185,440.2299,0,25,20,20,415.135,419.98045,417.557725,443.18044999999995,417.4,,,,,,416.62999999999994,421.1099999999999,424.81999999999994,429.2999999999999,412.9199999999999,408.43999999999994,404.7299999999999,0,0,0,0,0,0,0,0,0,0,0,0,0,0,0,0,0,0,0,0,0,0,,,,,,,,,,,,,,,,,,USD,1.0,stock,25.0
2026-02-26,414.42,416.81,403.66,408.58,53602497,414.55249999999995,437.5952,,416.7116350277371,426.35746303415954,423.2336626759945,404.7515609873463,56.38692281766094,-6.658890898805339,-7.217843262629203,0.558952363823864,0,13.823564285714285,0.5,0.05,56457126.9,61545490.05,0.9494372091400209,0.8709411031816132,34.3653982510044,46.76795088913701,5.840000000000032,2.3899999999999864,4.919999999999959,,0,-1.9902185686370124,-1.461770032796507,-7.101473395663027,,0,,,-2.113080977479631,-0.7602438609701001,-5.30292495248691,440.2299,-1.9513818055970162,440.2299,0,25,20,20,409.05,419.98045,414.515225,443.18044999999995,408.58,,,,,,409.68333333333334,415.70666666666665,422.8333333333333,428.8566666666666,402.5566666666667,396.53333333333336,389.4066666666667,0,0,0,0,0,0,0,0,0,0,0,0,0,0,0,0,0,0,0,0,0,0,,,,,,,,,,,,,,,,,,USD,1.0,stock,25.0
2026-02-27,402.94,407.12,398.11,402.51,56890097,413.85,436.1392000000001,,415.3590983584288,425.422268405369,422.823293118054,404.72925689792,44.70312884947029,-6.994141543608691,-7.173102918825101,0.1789613752164101,0,13.332849999999995,0.5,0.05,55952800.7,60305688.55,1.0167515528851803,0.9433620337960639,20.018908059560317,38.5225105761617,0.4300000000000068,4.180000000000007,4.399999999999977,,0,-3.1922432631310573,-2.8173213087873674,-8.354873170852919,,0,,,-1.4856331685349278,-2.2606964207663505,-3.372863453043984,439.88,-3.093491489463138,439.88,0,25,20,20,407.19,419.98045,413.58522500000004,443.18044999999995,402.51,,,,,,402.58,407.04999999999995,411.59,416.05999999999995,398.03999999999996,393.57,389.03,0,0,0,0,0,0,0,0,0,0,0,0,0,0,0,0,0,0,0,0,0,0,,,,,,,,,,,,,,,,,,USD,1.0,stock,25.0
2026-03-02,390.6,404.54,388.25,403.32,55088338,412.4955,434.408,,414.212517562388,424.55551278162903,422.4370892939341,404.71523444122425,40.762734230667725,-7.1124816038550875,-7.160978655831099,0.048497051976011285,0,13.49927857142857,0.5,0.05,56318219.8,58928802.15,0.9781619198126714,0.934828742314763,31.330561330561302,28.571622547042008,12.71999999999997,1.2200000000000273,2.3500000000000227,,0,-2.700713468805906,-2.274992561737578,-7.708023405732427,,0,,,0.20123723634195567,0.8728709701623316,-6.2939987453823125,436.35,-2.6296929958779836,436.35,0,25,20,20,404.29499999999996,419.98045,412.137725,443.18044999999995,403.32,,,,,,398.7033333333333,409.15666666666664,414.99333333333334,425.44666666666666,392.8666666666666,382.4133333333333,376.5766666666666,0,0,0,0,0,0,0,0,0,0,0,0,0,0,0,0,0,0,0,0,0,0,,,,,,,,,,,,,,,,,,USD,1.0,stock,25.0
2026-03-03,395.09,396.34,385.39,392.43,62617298,411.02650000000006,432.9114,,412.13799208025574,423.2956887509769,421.8428895059354,404.59299330250565,29.195227215029206,-7.992862202579715,-7.327355365180823,-0.6655068373988922,0,14.047849999999999,0.5,0.05,56612070.7,59122694.3,1.1060767999782775,1.0591076530150623,13.81475667189956,21.721408687340396,2.659999999999968,1.25,7.0400000000000205,,0,-5.0220401295150054,-4.73880692097955,-10.315572203959944,,0,,,-2.7000892591490633,-4.1404074454052475,-6.9652213081719205,436.35,-4.78189161372388,436.35,0,25,20,20,402.865,415.21500000000003,409.04,442.11,392.43,,,,,,391.3866666666667,397.38333333333344,402.3366666666667,408.3333333333334,386.43333333333345,380.4366666666667,375.48333333333346,0,0,0,0,0,0,0,0,0,0,0,0,0,0,0,0,0,0,0,0,0,0,,,,,,,,,,,,,,,,,,USD,1.0,stock,27.0
2026-03-04,397.845,408.33,394.58,405.94,68305513,410.2255,431.3628,,411.5477071202314,422.6150735058406,421.52798080284754,404.606396354222,37.4873921326908,-7.513811535454238,-7.364646599235506,-0.14916493621873173,1,14.017849999999994,0.5,0.05,58850481.8,59693642.5,1.1606619166200267,1.1442678003775695,40.42092840283241,28.522082135097758,8.09499999999997,2.3899999999999864,3.265000000000043,,0,-1.3814127999781731,-1.055697886387154,-6.26269892102281,,0,,,3.4426521927477527,-2.7455678006708117,-3.796568395108535,436.35,-1.3625898099325664,436.35,0,25,20,20,402.865,412.80994999999996,407.837475,442.11,405.94,,,,,,402.95,411.32,416.7,425.07,397.57,389.2,383.82,0,0,0,0,0,0,0,0,0,0,0,0,0,0,0,0,0,0,0,0,0,0,,,,,,,,,,,,,,,,,,USD,1.0,stock,25.0
2026-03-05,401.57,408.62,399.42,405.55,51925898,410.2025,429.84979999999996,,410.97649691830463,421.94585493698406,421.2115851433852,404.6157854452248,42.65493496557002,-7.083970567929043,-7.308511392974214,0.22454082504517103,1,13.087135714285706,0.5,0.05,58941107.8,58559593.75,0.8809793357837092,0.8867188905319208,52.13343677269205,35.456373949141344,3.980000000000018,3.069999999999993,2.1499999999999773,,0,-1.3380586655910793,-1.1472074959930896,-5.991813586487473,,0,,,-0.0960733113267942,-0.7415928337167643,-0.1132977020270376,436.35,-1.3203910586116365,436.35,0,25,20,20,402.865,412.80994999999996,407.837475,442.11,405.55,,,,,,404.53,409.63999999999993,413.72999999999996,418.8399999999999,400.43999999999994,395.33,391.23999999999995,0,0,0,0,0,0,0,0,0,0,0,0,0,0,0,0,0,0,0,0,0,0,,,,,,,,,,,,,,,,,,USD,1.0,stock,25.0
2026-03-06,398.09,402.35,394.21,396.73,64054561,410.1785,428.0098,,409.6196876879899,420.9569978806318,420.7268012791597,404.53731991840664,38.079889490042596,-7.370061313395922,-7.320821377058556,-0.0492399363373659,0,12.955707142857136,0.5,0.05,59555341.4,58121329.9,1.0755468694198436,1.102083539901932,32.446351931330575,41.666905702285014,1.3599999999999568,4.260000000000048,2.5200000000000387,,0,-3.248982352731042,-3.389836916794789,-7.884405010964627,,0,,,-2.174824312661816,-1.4359891679709746,-0.12084287908158409,436.35,-3.1467451578665395,436.35,0,25,20,20,402.865,412.80994999999996,407.837475,442.11,396.73,,,,,,397.7633333333333,401.31666666666666,405.90333333333336,409.4566666666667,393.1766666666666,389.6233333333333,385.0366666666666,0,0,0,0,0,0,0,0,0,0,0,0,0,0,0,0,0,0,0,0,0,0,,,,,,,,,,,,,,,,,,USD,1.0,stock,25.0
2026-03-09,390.05,401.59,381.4,398.68,67018911,409.557,426.2722,,408.5778126700861,420.083390120607,420.2902309568001,404.4790381281738,42.714303133764176,-7.354661626073437,-7.327589426861533,-0.027072199211903403,1,13.188564285714278,0.5,0.05,59289229.9,58338418.25,1.130372432110136,1.1487954766411583,44.375963020030895,42.98525057468451,8.629999999999995,2.909999999999968,8.650000000000034,,0,-2.482645898988178,-2.7282532356777387,-6.920888933480483,,0,,,0.49151816096588696,-1.150451254586926,-3.023521685193742,436.35,-2.4225037099795346,436.35,0,25,20,20,400.87,410.64,405.755,440.115,398.68,,,,,,393.89000000000004,406.3800000000001,414.08000000000004,426.5700000000001,386.1900000000001,373.70000000000005,366.0000000000001,0,0,0,0,0,0,0,0,0,0,0,0,0,0,0,0,0,0,0,0,0,0,,,,,,,,,,,,,,,,,,USD,1.0,stock,25.0
2026-03-10,402.22,406.59,398.19,399.235,59258743,408.65274999999997,424.5489,,407.68802098722074,419.26580619430877,419.87329569032875,404.4268586443114,42.61984732824428,-7.214509032005083,-7.304973347890243,0.09046431588516057,1,13.265707142857135,0.5,0.05,59357156.0,58577142.5,0.9983420196210209,1.011635946563969,45.80123266563954,40.87451587233367,2.9850000000000136,4.369999999999948,1.045000000000016,,0,-2.11730459183707,-2.358948989943255,-6.340601400177838,,0,,,0.1392093909902803,1.734067222179747,-4.333604907505029,436.35,-2.073404307232684,436.35,0,25,20,20,399.105,408.875,403.99,436.685,399.235,,,,,,401.3383333333333,404.4866666666666,409.7383333333333,412.8866666666666,396.08666666666664,392.93833333333333,387.68666666666667,0,0,0,0,0,0,0,0,0,0,0,0,0,0,0,0,0,0,0,0,0,0,,,,,,,,,,,,,,,,,,USD,1.0,stock,25.0
2026-03-11,402.28,416.3799,402.15,407.82,62559930,407.78325,423.2015,,407.7005904170092,418.81695104943395,419.63461656774797,404.4606212448655,47.84056844676363,-6.337642936572593,-7.111507265626713,0.7738643290541205,1,13.694635714285706,0.5,0.05,60132178.6,58482627.35,1.0403735812758328,1.0697181852928501,67.8479712378018,52.67505564115741,5.5400000000000205,8.559900000000027,0.12999999999999545,,0,0.029279972289437434,0.009011328527287438,-3.7716394487764253,,0,,,2.1503625684120786,0.4631226289599333,-4.089743891253727,436.35,0.029288547968166493,436.35,0,25,20,20,398.88995,408.875,403.882475,436.15,407.82,,,,,,408.7833,415.4166,423.01320000000004,429.64650000000006,401.1867,394.55339999999995,386.95679999999993,0,0,0,0,0,0,0,0,0,0,0,0,0,0,0,0,0,0,0,0,0,0,,,,,,,,,,,,,,,,,,USD,1.0,stock,25.0
2026-03-12,405.175,406.5,394.65,395.01,60973793,406.12025,421.9089,,406.4919627582464,417.8833451259268,419.1470003980896,404.3665852125783,41.82154325192176,-6.600296076201573,-7.0092650277416855,0.40896895154011226,0,13.978207142857135,0.5,0.05,60869308.2,58663217.55,1.001716543247981,1.0393871244452395,34.95120698510533,49.53347029618222,10.16500000000002,1.3249999999999886,0.36000000000001364,,0,-2.9067524260769155,-2.8126503126503146,-6.809675704412553,,0,,,-3.1410916580844495,-2.598939711502901,-7.766128843953579,436.23,-2.8246469328288075,436.23,0,25,20,20,398.88995,408.875,403.882475,435.245,395.01,,,,,,398.71999999999997,402.78999999999996,410.57,414.64,390.93999999999994,386.86999999999995,379.0899999999999,0,0,0,0,0,0,0,0,0,0,0,0,0,0,0,0,0,0,0,0,0,0,,,,,,,,,,,,,,,,,,USD,1.0,stock,25.0
2026-03-13,399.165,400.2,389.95,391.2,58504091,404.82675,420.6443,,405.0355853526992,416.83693943471394,418.59359444961257,404.2355744144432,45.438206998625645,-7.034793025184911,-7.014370627230331,-0.020422397954579452,0,13.440349999999995,0.5,0.05,61030707.6,58491754.15,0.9586008961823015,1.0002109160543957,25.16692347200825,42.65536723163846,7.965000000000032,1.0349999999999682,1.25,,0,-3.5367038222646174,-3.4833205521472435,-7.52666155419223,,0,,,-0.9645325434799124,-1.3938950923802151,-6.2027956937684365,424.06,-3.4158937765064157,424.06,0,25,20,20,398.88995,408.875,403.882475,425.4,391.2,,,,,,393.7833333333333,397.6166666666666,404.0333333333333,407.8666666666666,387.3666666666666,383.5333333333333,377.1166666666666,0,0,0,0,0,0,0,0,0,0,0,0,0,0,0,0,0,0,0,0,0,0,,,,,,,,,,,,,,,,,,USD,1.0,stock,25.0
2026-03-16,396.22,403.73,394.42,395.56,58068343,403.73275,419.5611,,404.1331486524421,416.00254965296045,418.13748366843214,404.1492502909164,42.27069351230424,-6.947236013417637,-7.000943704467793,0.05370769105015594,1,13.393921428571426,0.5,0.05,61328708.1,58823463.95,0.9468378643377945,0.9871629295642661,36.36363636363643,32.16058894025,0.660000000000025,7.509999999999991,1.1399999999999864,,0,-2.167344689160207,-2.066121448073619,-6.06762564465568,,0,,,1.1145194274028603,-0.7825825223236715,-5.241471828286704,420.34,-2.1213673466353273,420.34,0,25,20,20,398.88995,408.875,403.882475,422.26,395.56,,,,,,397.90333333333336,401.3866666666667,407.21333333333337,410.6966666666667,392.0766666666667,388.59333333333336,382.7666666666667,0,0,0,0,0,0,0,0,0,0,0,0,0,0,0,0,0,0,0,0,0,0,,,,,,,,,,,,,,,,,,USD,1.0,stock,25.0
2026-03-17,395.69,400.12,393.0,399.27,46890467,403.16475,418.7851,,403.66999163792383,415.34637123519735,417.7638701304434,404.10070053677794,39.346574215536485,-6.503512018290394,-6.901457367232314,0.3979453489419198,1,13.119635714285712,0.5,0.05,59756025.0,58184047.85,0.7846985638686643,0.8058990175603604,50.46597006495338,37.33217663353269,3.579999999999984,0.8500000000000227,2.6899999999999977,,0,-1.1020090760447434,-0.9754677286047148,-4.887695043454309,,0,,,0.9379108099908828,0.00876676644081531,-2.7664807734456898,420.34,-1.089997207885214,420.34,0,25,20,20,398.88995,408.875,403.882475,419.87,399.27,,,,,,397.4633333333333,401.9266666666666,404.5833333333333,409.0466666666666,394.8066666666666,390.3433333333333,387.6866666666666,0,0,0,0,0,0,0,0,0,0,0,0,0,0,0,0,0,0,0,0,0,0,,,,,,,,,,,,,,,,,,USD,1.0,stock,25.0
2026-03-18,399.0,403.065,392.31,392.78,50853149,402.23775,417.60729999999995,,402.63284957716917,414.4614155004837,417.2691400288505,403.98805675034237,40.4543257612373,-6.599471714207311,-6.841060236627314,0.2415885224200025,0,12.90642142857143,0.5,0.05,58010788.6,58430635.2,0.8766153715069476,0.8703165527113763,32.53296893358752,39.787525120725775,6.220000000000027,4.064999999999998,0.46999999999997044,,0,-2.508490650534446,-2.4079000967462787,-6.320917561993987,,0,,,-1.6254664763192817,-3.6879015251826797,-4.507439463191676,420.34,-2.4471052442731165,420.34,0,25,20,20,398.88995,408.875,403.882475,419.87,392.78,,,,,,396.0516666666667,399.79333333333335,406.8066666666667,410.54833333333335,389.03833333333336,385.2966666666667,378.28333333333336,0,0,0,0,0,0,0,0,0,0,0,0,0,0,0,0,0,0,0,0,0,0,,,,,,,,,,,,,,,,,,USD,1.0,stock,25.0
2026-03-19,387.27,387.27,378.73,380.3,67078259,400.66725,416.55409999999995,,400.5059115222007,413.12175214752364,416.53707785006134,403.7523546931251,37.54625995289896,-7.595001712840713,-6.991848531869994,-0.6031531809707182,0,13.162135714285714,0.5,0.05,59526024.7,59233566.25,1.1268728146732767,1.1324366106354435,4.169997795478854,29.056312264673252,6.96999999999997,0.0,1.5699999999999932,,0,-5.313150544885791,-5.355574546410732,-9.533026557980524,,0,,,-3.177351188960731,-3.723956355535296,-7.629156445070551,420.34,-5.04509694885755,420.34,0,25,20,20,397.55495,407.54,402.547475,418.13995,380.3,,,,,,382.09999999999997,385.4699999999999,390.63999999999993,394.0099999999999,376.92999999999995,373.56,368.39,0,0,0,0,0,0,0,0,0,0,0,0,0,0,0,0,0,0,0,0,0,0,,,,,,,,,,,,,,,,,,USD,1.0,stock,25.0
2026-03-20,379.85,379.89,364.4601,367.96,78628603,398.47425000000004,415.2851,,397.40630090103866,411.3507030436992,415.57515551639676,403.3962118603577,32.442899702085384,-9.27281009680894,-7.448040844857784,-1.824769251951155,0,13.129985714285713,0.5,0.05,60983428.9,60269385.15,1.2893437515449382,1.304619298907847,6.740973578480594,14.481313435848989,11.890000000000043,0.03999999999996362,3.4998999999999683,,0,-8.002582047243909,-8.292817154038499,-12.861479508642251,,0,,,-3.2448067315277496,-5.940695296523524,-10.650284104705943,420.34,-7.409621043822187,420.34,0,25,20,20,390.42,400.34505,395.382525,409.38005,367.96,,,,,,370.7700333333333,377.07996666666656,386.19993333333326,392.50986666666654,361.6500666666666,355.3401333333333,346.2201666666666,0,0,0,0,0,0,0,0,0,0,0,0,0,0,0,0,0,0,0,0,0,0,,,,,,,,,,,,,,,,,,USD,1.0,stock,25.0
2026-03-23,373.09,385.33,372.73,380.85,74606049,397.52525,414.1861,,395.829510339035,410.1545970419855,414.8875286744879,403.1718714438368,44.3622200584226,-9.453397177162174,-7.849112111318663,-1.604285065843511,1,13.089985714285714,0.5,0.05,61742142.7,60515686.3,1.208348880318337,1.2328381872783951,31.567725607571695,14.159565660510381,7.760000000000048,4.479999999999961,0.3599999999999568,,0,-3.933178505720089,-4.378429828016281,-8.753078639884466,,0,,,3.5030981628437985,-3.7187784406916724,-4.747017482430027,420.34,-3.7843338982494616,420.34,0,25,20,20,390.42,394.26005,392.34002499999997,409.38005,380.85,,,,,,379.6366666666666,386.5433333333332,392.23666666666657,399.14333333333315,373.9433333333332,367.03666666666663,361.34333333333325,0,0,0,0,0,0,0,0,0,0,0,0,0,0,0,0,0,0,0,0,0,0,,,,,,,,,,,,,,,,,,USD,1.0,stock,25.0
2026-03-24,376.56,387.48,376.31,383.03,60004909,396.20775,412.94649999999996,,394.610509354365,409.0908873540645,414.25668652251784,402.97145481255484,37.46306227426944,-9.313248625562437,-8.141939414167418,-1.1713092113950196,1,12.752128571428573,0.5,0.05,61816759.3,60586957.65,0.9706899824494682,0.9903931692137046,35.76650911598264,24.69173610067831,6.46999999999997,4.4500000000000455,0.25,,0,-3.0233948657716123,-3.4403963136046793,-7.81048481842153,,0,,,0.572403833530255,-4.067423047060892,-6.436562606868934,420.34,-2.934668256380767,420.34,0,25,20,20,385.48005,392.40004999999996,388.94005,409.38005,383.03,,,,,,382.2733333333333,388.2366666666666,393.4433333333333,399.40666666666664,377.0666666666666,371.1033333333333,365.8966666666666,0,0,0,0,0,0,0,0,0,0,0,0,0,0,0,0,0,0,0,0,0,0,,,,,,,,,,,,,,,,,,USD,1.0,stock,25.0
2026-03-25,389.99,396.23,385.01,385.95,55157265,394.63525,411.68629999999996,,393.7856989396636,408.18340157547374,413.69615807652735,402.8020871029772,39.56336528221511,-8.864377268889655,-8.286426985111866,-0.5779502837777883,1,13.037842857142863,0.5,0.05,61076492.8,60604335.7,0.9030850081817403,0.9101207754018826,41.39056776027638,36.24160082794358,4.0400000000000205,6.240000000000009,0.9399999999999977,,0,-2.0302368026074844,-2.2503562637647354,-6.668299002461452,,0,,,0.7623423752708636,-1.7388869087020642,-7.534738859607093,416.81,-1.9898383716733665,416.81,0,25,20,20,384.09505,392.40004999999996,388.24755,409.38005,385.95,,,,,,389.06333333333333,393.1166666666667,400.28333333333336,404.3366666666667,381.89666666666665,377.8433333333333,370.6766666666666,0,0,0,0,0,0,0,0,0,0,0,0,0,0,0,0,0,0,0,0,0,0,,,,,,,,,,,,,,,,,,USD,1.0,stock,25.0
2026-03-26,381.6,384.44,371.87,372.11,55522879,392.81174999999996,410.18449999999996,,391.72134665969566,406.7687583764356,412.8726697977842,402.49669320145506,37.555600485240596,-9.515724470711348,-8.532286482231763,-0.9834379884795847,0,13.233557142857146,0.5,0.05,60531401.4,60700354.8,0.9172574517661837,0.9147043568845828,14.734070624309032,30.630382500189352,9.490000000000009,2.839999999999975,0.2400000000000091,,0,-5.2703089569470425,-5.56334148504473,-10.2320550374889,,0,,,-3.585956730146389,-2.153562976597423,-8.92603651671643,416.3799,-5.006453395232714,416.3799,0,25,20,20,384.09505,392.40004999999996,388.24755,409.38005,372.11,,,,,,376.14000000000004,380.4100000000001,388.71000000000004,392.9800000000001,367.8400000000001,363.57000000000005,355.2700000000001,0,0,0,0,0,0,0,0,0,0,0,0,0,0,0,0,0,0,0,0,0,0,,,,,,,,,,,,,,,,,,USD,1.0,stock,25.0
2026-03-27,369.69,369.86,359.47,361.83,62065659,390.77775,408.6371000000001,,388.8745517397246,405.0064541263793,411.8619238611944,402.0920494880078,32.8205128205128,-10.737654905520799,-8.97336016688957,-1.7642947386312287,0,12.69427142857143,0.5,0.05,60887558.2,60959132.9,1.0193487936588004,1.0181519330633393,4.1469058986221325,20.090514761069183,7.860000000000014,0.17000000000001592,2.359999999999957,,0,-7.474380714624168,-8.000373103391107,-12.936213138766853,,0,,,-2.762623955282051,-1.6659419502119799,-10.106581202951482,416.3799,-6.954569698308687,416.3799,0,25,20,20,381.26750000000004,389.905,385.58625,405.95000000000005,361.83,,,,,,363.72,367.97,374.11,378.36,357.58000000000004,353.33000000000004,347.19000000000005,0,0,0,0,0,0,0,0,0,0,0,0,0,0,0,0,0,0,0,0,0,0,,,,,,,,,,,,,,,,,,USD,1.0,stock,25.0
2026-03-30,365.86,367.29,352.14,355.28,67954405,388.37575,406.9713,,385.6750706216556,403.05639710181543,410.74148972532913,401.6262579508137,30.592962161684838,-12.095148495123397,-9.597717832536336,-2.4974306625870604,0,13.17641428571429,0.5,0.05,61876164.4,61602436.25,1.0982323429213723,1.1031122977705285,4.8879279077333315,7.922968143554832,10.580000000000041,1.4300000000000068,3.1399999999999864,,0,-8.555243926383595,-9.315399121819414,-14.54945395181266,,0,,,-1.810242379017779,-6.713929368517801,-11.911137558266393,416.3799,-7.881004746472964,416.3799,0,25,20,20,377.60249999999996,386.24,381.92125,402.28499999999997,355.28,,,,,,358.2366666666667,364.33333333333337,373.3866666666667,379.4833333333334,349.18333333333334,343.08666666666664,334.0333333333333,0,0,0,0,0,0,0,0,0,0,0,0,0,0,0,0,0,0,0,0,0,0,,,,,,,,,,,,,,,,,,USD,1.0,stock,25.0
2026-03-31,361.51,373.33,361.0,371.75,75534934,387.34175,405.6563,,384.3488734195932,401.82869525468544,409.96938101789686,401.3289817522981,35.111037728060765,-11.707029244867613,-10.019580115002592,-1.687449129865021,1,13.241064285714291,0.5,0.05,64740611.1,62248318.05,1.1667318660821229,1.2134453807945098,36.07431935246506,15.03638438627351,10.240000000000009,1.579999999999984,0.5099999999999909,,0,-3.3890715318340794,-4.194149293880294,-9.120726294552787,,0,,,4.63578022967801,-2.9449390387175867,-5.269729633310405,416.3799,-3.277978495812843,416.3799,0,25,20,20,374.185,386.24,380.2125,402.28499999999997,371.75,,,,,,368.6933333333333,376.38666666666666,381.0233333333333,388.71666666666664,364.0566666666667,356.36333333333334,351.7266666666667,0,0,0,0,0,0,0,0,0,0,0,0,0,0,0,0,0,0,0,0,0,0,,,,,,,,,,,,,,,,,,USD,1.0,stock,25.0
2026-04-01,378.63,383.14,374.08,381.26,58683752,386.10775,404.89649999999995,,384.05469499867957,401.0220797545017,409.40087842348305,401.1292903915787,44.16532292285496,-10.510901293870972,-10.11784435077627,-0.3930569430947024,1,13.113921428571432,0.5,0.05,65523671.4,61767230.0,0.8956114751530849,0.9500790629594366,56.44504748982358,32.46909825000733,2.6299999999999955,1.8799999999999955,4.550000000000011,,0,-0.7330155271152428,-1.2715076325866912,-6.1995750931123,,0,,,2.5581708137188963,-1.2151833139007584,-6.079716214218855,416.3799,-0.7276815086687544,416.3799,0,25,20,20,374.185,386.24,380.2125,402.28499999999997,381.26,,,,,,379.49333333333334,384.9066666666667,388.55333333333334,393.9666666666667,375.8466666666667,370.43333333333334,366.7866666666667,0,0,0,0,0,0,0,0,0,0,0,0,0,0,0,0,0,0,0,0,0,0,,,,,,,,,,,,,,,,,,USD,1.0,stock,25.0
2026-04-02,364.195,370.28,359.03,360.59,83031226,383.85974999999996,403.4795,,381.8199621416625,399.4365079994232,408.4343263754933,400.7259143677819,38.63686984928354,-11.102870548288251,-10.314849590278667,-0.788020958009584,0,13.969635714285719,0.5,0.05,67118968.1,63322496.4,1.2370754251807397,1.3112437241182424,16.379143244814856,36.29950336236784,3.605000000000018,6.0849999999999795,1.5600000000000023,,0,-5.887562645015807,-6.453243295709806,-11.894256634959373,,0,,,-5.4214971410585955,-3.09585875144448,-11.086179262729633,416.3799,-5.560202254115194,416.3799,0,25,20,20,374.185,384.475,379.33000000000004,402.28499999999997,360.59,,,,,,363.29999999999995,367.56999999999994,374.54999999999995,378.81999999999994,356.31999999999994,352.04999999999995,345.06999999999994,0,0,0,0,0,0,0,0,0,0,0,0,0,0,0,0,0,0,0,0,0,0,,,,,,,,,,,,,,,,,,USD,1.0,stock,25.0
2026-04-06,362.59,367.72,346.64,352.82,77697643,381.66425,401.54869999999994,,379.05806098531366,397.60840964650464,407.33305258587956,400.24923860292836,34.52570601013758,-12.059964744218746,-10.663872621066684,-1.3960921231520622,0,14.580350000000006,0.5,0.05,67025872.1,64004650.5,1.1592186802743594,1.2139374622473722,10.952591936198504,27.92559422361231,9.769999999999982,5.130000000000052,6.180000000000007,,0,-7.436670536056251,-8.17534436823309,-13.811206847684357,,0,,,-2.1548018525194723,-2.490119669458035,-11.067980742570516,416.3799,-6.921910832633696,416.3799,0,25,20,20,371.435,381.50995,376.47247500000003,399.53499999999997,352.82,,,,,,355.7266666666667,364.8133333333334,376.80666666666673,385.89333333333343,343.73333333333335,334.64666666666665,322.6533333333333,0,0,0,0,0,0,0,0,0,0,0,0,0,0,0,0,0,0,0,0,0,0,,,,,,,,,,,,,,,,,,USD,1.0,stock,25.0
2026-04-07,346.44,348.02,337.24,346.65,74515355,379.06275,399.50050000000005,,375.97157898671236,395.6100406407594,406.13140798021857,399.7159128456853,31.282014797951064,-13.164583105768543,-11.164014718007056,-2.0005683877614864,0,15.184635714285719,0.5,0.05,67016802.7,64379472.7,1.1118906303776859,1.1574396601107917,14.29548044056205,13.875738540525136,0.20999999999997954,1.3700000000000045,9.199999999999989,,0,-8.45855444590001,-9.350281263522291,-15.246069522573222,,0,,,-1.7487670766963337,-2.429070029272684,-13.05056687067323,416.3799,-7.79888178402673,416.3799,0,25,20,20,366.735,376.80995,371.772475,394.83500000000004,346.65,,,,,,343.96999999999997,350.69999999999993,354.74999999999994,361.4799999999999,339.91999999999996,333.19,329.14,0,0,0,0,0,0,0,0,0,0,0,0,0,0,0,0,0,0,0,0,0,0,,,,,,,,,,,,,,,,,,USD,1.0,stock,25.0
2026-04-08,363.79,364.5,339.67,343.25,78838616,376.2635,397.6615,,372.855238130835,393.5567057136708,404.8862315845707,399.15406296662377,31.985160398632445,-14.151226174153521,-11.761457009236349,-2.3897691649171726,0,16.18999285714286,0.5,0.05,68900173.4,65358466.35,1.1442440869096564,1.2062494792612282,10.188167486014562,11.812079954258373,20.54000000000002,0.7099999999999795,3.579999999999984,,0,-8.624978333819374,-9.617916970138388,-15.851857246904585,,0,,,-0.9808163854031382,-7.666442501681237,-14.023069119691412,416.3799,-7.9401427425961275,416.3799,0,25,20,20,360.84000000000003,376.80995,368.824975,394.83500000000004,343.25,,,,,,349.14000000000004,358.61000000000007,373.97,383.44000000000005,333.7800000000001,324.31000000000006,308.9500000000001,0,0,0,0,0,0,0,0,0,0,0,0,0,0,0,0,0,0,0,0,0,0,,,,,,,,,,,,,,,,,,USD,1.0,stock,25.0
2026-04-09,343.15,348.88,337.25,345.62,62164016,373.1535,395.9559,,370.26140592789835,391.67683490137,403.7126428403218,398.6213857231748,36.38505025125629,-14.573909761359346,-12.32394755966095,-2.2499622016983967,1,16.017135714285722,0.5,0.05,69600848.5,65338670.65,0.8931502609483274,0.9514123164977493,14.205797592812331,12.896481839796316,2.4700000000000273,3.259999999999991,5.899999999999977,,0,-7.129623843498162,-7.966408193970258,-14.563943058850755,,0,,,0.6904588492352426,-9.34795152914022,-15.251826786327294,406.5,-6.655137568590341,406.5,0,25,20,20,360.19,376.80995,368.499975,391.14,345.62,,,,,,343.9166666666667,350.58333333333337,355.5466666666667,362.21333333333337,338.9533333333334,332.2866666666667,327.3233333333334,0,0,0,0,0,0,0,0,0,0,0,0,0,0,0,0,0,0,0,0,0,0,,,,,,,,,,,,,,,,,,USD,1.0,stock,25.0
2026-04-10,346.285,350.36,342.74,348.95,51336034,370.8505,394.3057,,368.23174822047946,390.00127274837513,402.6282340712065,398.12714307916315,41.968736797634136,-14.473346648641893,-12.753827377457139,-1.7195192711847547,1,15.430000000000007,0.5,0.05,69182164.0,64856782.7,0.7420414602815836,0.791529148731579,19.850822173249664,14.748262417358852,2.6649999999999636,1.410000000000025,3.545000000000016,,0,-5.525647863728176,-6.276114056455086,-12.997764722739651,,0,,,0.9634859093802461,-3.2280429296430824,-11.660464292043237,403.73,-5.236307926641482,403.73,0,25,20,20,360.19,376.80995,368.499975,388.73495,348.95,,,,,,347.34999999999997,351.9599999999999,354.96999999999997,359.5799999999999,344.3399999999999,339.72999999999996,336.7199999999999,0,0,0,0,0,0,0,0,0,0,0,0,0,0,0,0,0,0,0,0,0,0,,,,,,,,,,,,,,,,,,USD,1.0,stock,25.0
2026-04-13,350.065,356.35,348.57,352.42,53617477,368.9115,393.02289999999994,,366.72586743757665,388.52749734647807,401.6340116143509,397.6723456355894,36.95033507757275,-13.952810344961335,-12.993623970957978,-0.959186374003357,1,14.745000000000008,0.5,0.05,68337345.8,64612452.0,0.7845999339353915,0.8298319494205234,25.73317511442618,19.92993162682939,2.355000000000018,3.930000000000007,1.4950000000000045,,0,-4.059323374830213,-4.679501730889272,-11.521167924635355,,0,,,0.9944118068491159,-0.11337225780850835,-9.913087934560316,403.73,-3.900970372648107,403.73,0,25,20,20,360.19,376.80995,368.499975,388.73495,352.42,,,,,,352.4466666666667,356.32333333333344,360.22666666666674,364.10333333333347,348.5433333333334,344.6666666666667,340.7633333333334,0,0,0,0,0,0,0,0,0,0,0,0,0,0,0,0,0,0,0,0,0,0,,,,,,,,,,,,,,,,,,USD,1.0,stock,25.0
2026-04-14,357.67,367.63,354.77,364.2,59979607,367.3435,391.6987,,366.4853086339979,387.5734778426946,400.8927440576311,397.3392874700612,42.0568632413735,-12.446261271194999,-12.884151431005384,0.4378901598103848,1,15.033571428571435,0.5,0.05,67539866.0,64708015.2,0.8880622742129811,0.9269270091906635,45.70266146804539,30.428886251907077,6.529999999999973,3.430000000000007,2.900000000000034,,0,-0.627487269082341,-0.8631246567819927,-7.55043931905546,,0,,,3.342602576471254,5.062743401125047,-7.928000808979673,403.065,-0.623574418989925,403.065,0,25,20,20,360.19,376.80995,368.499975,388.73495,364.2,,,,,,362.2,369.63,375.06,382.49,356.77,349.34,343.90999999999997,0,0,0,0,0,0,0,0,0,0,0,0,0,0,0,0,0,0,0,0,0,0,,,,,,,,,,,,,,,,,,USD,1.0,stock,25.0
2026-04-15,366.83,394.65,362.5,391.95,113810355,366.97749999999996,391.1015,,368.9105173355219,387.74510616258897,400.7156600168859,397.2856627191153,52.09263392857143,-8.910403606321722,-12.089401866068652,3.1789982597469297,1,16.38714285714286,0.5,0.05,71367408.1,68054009.6,1.5947104992313712,1.6723534097247374,95.2969865877025,55.57760772339136,25.120000000000005,2.6999999999999886,4.329999999999984,,0,5.878168813491032,6.371348386273766,0.21648169409363474,,0,,,7.619439868204281,14.187909686817179,-1.8333458561875404,403.065,6.245276722084838,403.065,0,25,20,20,365.945,376.80995,371.377475,388.56,391.95,,,,,,383.0333333333333,403.5666666666666,415.1833333333333,435.7166666666666,371.41666666666663,350.8833333333333,339.26666666666665,0,0,0,0,0,0,0,0,0,0,0,0,0,0,0,0,0,0,0,0,0,0,,,,,,,,,,,,,,,,,,USD,1.0,stock,25.0
2026-04-16,393.81,394.06,381.8,388.9,63515136,366.7835,390.4403,,370.81427758928174,387.7903961169973,400.48168655120503,397.20222328907437,56.33250358301273,-6.281906534340408,-10.927902799723004,4.645996265382596,1,16.25714285714286,0.5,0.05,71850546.5,68687108.95,0.8839896019440854,0.9247024219091113,89.98432328862566,76.9946571147912,4.910000000000025,0.25,7.099999999999966,,0,4.650481463285738,5.686937516070963,-0.3960658266906665,,0,,,-0.7781604796530228,12.522423470863941,-0.9878303375935649,396.23,4.877299366220789,396.23,0,25,20,20,365.945,376.80995,371.377475,386.795,388.9,,,,,,388.25333333333333,394.70666666666665,400.5133333333333,406.96666666666664,382.44666666666666,375.99333333333334,370.18666666666667,0,0,0,0,0,0,0,0,0,0,0,0,0,0,0,0,0,0,0,0,0,0,,,,,,,,,,,,,,,,,,USD,1.0,stock,25.0
2026-04-17,395.92,409.28,391.65,400.62,90640032,367.79949999999997,390.3325,,373.65291781887396,388.29351783789934,400.4844254313792,397.2362310175413,64.47280053727334,-3.2160252781232543,-9.385527295403055,6.1695020172798,1,16.810000000000002,0.5,0.05,72611427.1,69865197.6,1.248288811004515,1.2973559814278692,87.97890061077184,91.08673682903334,4.699999999999989,8.659999999999968,4.270000000000039,,0,6.731336972973402,8.192426738555248,2.5678947631171742,,0,,,3.013628182051953,14.807278979796546,5.343150144622655,409.28,7.217147490387905,409.28,0,25,20,20,373.26,373.26,373.26,386.795,400.62,,,,,,400.51666666666665,409.3833333333333,418.14666666666665,427.0133333333333,391.75333333333333,382.88666666666666,374.12333333333333,0,0,0,0,0,0,0,0,0,0,0,0,0,0,0,0,0,0,0,0,0,0,,,,,,,,,,,,,,,,,,USD,1.0,stock,25.0
2026-04-20,402.58,406.8,388.33,392.5,64603868,369.0265,390.23830000000004,,375.4478780266003,388.4584779226876,400.32631799709446,397.18910434074985,63.72621330579732,-1.425080985894681,-7.79343803350138,6.3683570476066995,1,17.04714285714286,0.5,0.05,71302049.6,69163960.85,0.9060590594859984,0.9340683674856369,76.7073847862299,84.89020289520913,10.079999999999984,4.220000000000027,4.170000000000016,,0,4.344489674751522,5.980509554140128,0.5762292993630477,,0,,,-2.026858369527229,11.372793825549055,6.669203174258076,409.28,4.5418080568274215,409.28,0,25,20,20,373.265,373.26,373.2625,386.795,392.5,,,,,,395.8766666666667,403.42333333333346,414.34666666666675,421.8933333333335,384.95333333333343,377.4066666666667,366.4833333333334,0,0,0,0,0,0,0,0,0,0,0,0,0,0,0,0,0,0,0,0,0,0,,,,,,,,,,,,,,,,,,USD,1.0,stock,25.0
2026-04-21,393.0,393.95,385.2201,386.42,50530611,369.305,389.74449999999996,,376.49284202406693,388.378537611994,400.0509453634886,397.0819490736777,55.85909417685119,-0.49069350923821276,-6.332889128648747,5.842195619410535,0,16.38142142857143,0.5,0.05,68903575.2,67960188.95,0.7333525271124103,0.7435325266263845,68.2676290949473,77.65130483064968,6.579999999999984,0.9499999999999886,1.1999000000000137,,0,2.5690072915307396,4.429118575643084,-0.8603333160809336,,0,,,-1.5490445859872581,6.101043382756743,1.4625180517263914,409.28,2.63674547504372,409.28,0,25,20,20,373.265,373.26,373.2625,386.795,386.42,,,,,,388.5300333333334,391.8399666666668,397.2599333333334,400.56986666666677,383.1100666666668,379.8001333333334,374.3801666666668,0,0,0,0,0,0,0,0,0,0,0,0,0,0,0,0,0,0,0,0,0,0,,,,,,,,,,,,,,,,,,USD,1.0,stock,25.0
2026-04-22,387.57,393.01,385.3,387.51,62362785,369.529,389.1483,,377.542095164632,388.3444773134844,399.8026098117364,396.9867057993128,52.67620107904428,0.3339199668799324,-4.999527309543011,5.333447276422944,0,16.118564285714285,0.5,0.05,67255992.1,68078082.75,0.92724503873611,0.9160479038314281,69.78067740144365,71.58523042754028,0.060000000000002274,5.439999999999998,2.2099999999999795,,0,2.572296156323196,4.640138319011121,-0.4227761864209995,,0,,,0.2820764970757228,-1.132797550707998,1.1696211784977706,409.28,2.6402101813365704,409.28,0,25,20,20,376.01,373.26,374.635,386.795,387.51,,,,,,388.6066666666666,391.91333333333324,396.3166666666666,399.6233333333332,384.20333333333326,380.89666666666665,376.4933333333333,0,0,0,0,0,0,0,0,0,0,0,0,0,0,0,0,0,0,0,0,0,0,,,,,,,,,,,,,,,,,,USD,1.0,stock,25.0
2026-04-23,375.28,386.0,368.39,373.72,93969510,368.91749999999996,388.11850000000004,,377.1780861013337,387.7709683992301,399.2861224887317,396.75519628887184,55.974155974156,-0.12387767965856256,-4.0243973835661215,3.900519703907559,0,15.896421428571427,0.5,0.05,70436541.5,70018695.0,1.3341017034460727,1.3420631447072815,50.63853414769577,62.895613548028905,1.5599999999999454,10.720000000000027,5.330000000000041,,0,-0.9253147012024143,1.2850529808412892,-3.8527507224660202,,0,,,-3.558617842120193,-3.9033170480843316,-3.168804249255075,409.28,-0.9168311279899236,409.28,0,25,20,20,378.92499999999995,373.26,376.0925,386.795,373.72,,,,,,376.0366666666667,383.6833333333334,393.6466666666667,401.2933333333334,366.0733333333334,358.4266666666667,348.46333333333337,0,0,0,0,0,0,0,0,0,0,0,0,0,0,0,0,0,0,0,0,0,0,,,,,,,,,,,,,,,,,,USD,1.0,stock,25.0
2026-04-24,373.5,382.76,370.73,376.3,62893307,369.127,387.07910000000004,,377.09445885358764,387.3211265012211,398.83095174638055,396.5516619974403,61.2129894937918,-0.2753273721926348,-3.2745833812914245,2.9992560090987896,0,15.249992857142852,0.5,0.05,71592268.8,70387216.4,0.8784930000709797,0.8935330904774919,54.219877845641335,58.21302979826026,2.8000000000000114,6.4599999999999795,2.769999999999982,,0,-0.21112379845538873,1.906191868190274,-2.8644964124368926,,0,,,0.6903564165685605,-6.070590584593882,1.1260111257423766,409.28,-0.2106790049376164,409.28,0,25,20,20,382.025,373.26,377.6425,386.795,376.3,,,,,,376.59666666666664,382.46333333333325,388.6266666666666,394.4933333333332,370.4333333333333,364.56666666666666,358.4033333333333,0,0,0,0,0,0,0,0,0,0,0,0,0,0,0,0,0,0,0,0,0,0,,,,,,,,,,,,,,,,,,USD,1.0,stock,25.0
2026-04-27,372.09,380.78,364.02,378.67,66735816,369.969,386.3111,,377.24451039134124,386.98186663842813,398.4317249791255,396.37373501239114,65.86719524281469,-0.20178707577690602,-2.6600241201885213,2.4582370444116153,0,15.334278571428566,0.5,0.05,72904102.7,70620724.25,0.9153917753383171,0.9449891191111651,57.503817853672125,54.12074328233641,6.580000000000041,2.109999999999957,8.069999999999993,,0,0.37644640680771624,2.2977790688462307,-2.0178783637467967,,0,,,0.6298166356630386,-3.5235668789808883,4.654119337810592,409.28,0.3778688806312973,409.28,0,25,20,20,385.89,373.26,379.575,386.795,378.67,,,,,,374.49,384.96000000000004,391.25,401.72,368.20000000000005,357.73,351.44000000000005,0,0,0,0,0,0,0,0,0,0,0,0,0,0,0,0,0,0,0,0,0,0,,,,,,,,,,,,,,,,,,USD,1.0,stock,25.0
2026-04-28,374.675,382.29,372.54,376.02,50864357,371.006,385.48269999999997,,377.12789035407064,386.55198951535255,397.9879284448853,396.1712102858997,66.36045931103345,-0.35326647800650335,-2.198672591752118,1.8454061137456148,0,14.25713571428571,0.5,0.05,71992577.7,69766221.85,0.7065222363888215,0.7290685327544364,53.82479522421213,55.18283030784187,1.3449999999999704,6.270000000000039,2.134999999999991,,0,-0.2946360177838046,1.3334397106536915,-2.516541673315245,,0,,,-0.6998177832941654,-2.6913720821903686,5.837649178113047,409.28,-0.2937704641866999,409.28,0,25,20,20,386.65,373.26,379.955,386.735,376.02,,,,,,376.95,381.35999999999996,386.7,391.10999999999996,371.60999999999996,367.2,361.85999999999996,0,0,0,0,0,0,0,0,0,0,0,0,0,0,0,0,0,0,0,0,0,0,,,,,,,,,,,,,,,,,,USD,1.0,stock,25.0
2026-04-29,375.4,376.4,370.04,372.8,45384836,371.0585,384.72610000000003,,376.7157103203496,386.01269580886816,397.48915758459054,395.9386609298211,63.455445544554465,-0.7247871894056743,-1.9038955112828295,1.1791083218771552,0,13.880707142857135,0.5,0.05,65150025.8,68258716.95,0.6966203841472616,0.6648943611589523,45.17583408476107,52.1681490542151,2.599999999999966,1.0,2.759999999999991,,0,-1.050351480780473,0.4671405579399223,-3.1990611587982887,,0,,,-0.8563374288601544,-3.7960310701659283,0.2824478816408904,409.28,-1.0394337727565919,409.28,0,25,20,20,386.65,373.26,379.955,380.65,372.8,,,,,,373.08,376.11999999999995,379.43999999999994,382.4799999999999,369.76,366.72,363.40000000000003,0,0,0,0,0,0,0,0,0,0,0,0,0,0,0,0,0,0,0,0,0,0,,,,,,,,,,,,,,,,,,USD,1.0,stock,25.0
2026-04-30,372.75,384.75,368.17,381.63,51076041,371.077,384.1323,,377.18373790888774,385.840825384991,397.1751148601432,395.796286194201,65.34272300469485,-0.30321752238904764,-1.5837599135040732,1.2805423911150255,1,14.520707142857134,0.5,0.05,63906116.3,67878331.4,0.7992355655009504,0.7524645928464883,54.455608631197514,51.15207931339024,8.879999999999995,3.1200000000000045,4.579999999999984,,0,1.16507142811421,2.7652438225506377,-0.6556874459555043,,0,,,2.368562231759652,2.116557850797385,0.0970466348423571,409.28,1.1788053524689062,409.28,0,25,20,20,385.40999999999997,373.26,379.335,378.78999999999996,381.63,,,,,,378.1833333333334,388.1966666666668,394.7633333333334,404.77666666666676,371.6166666666668,361.6033333333334,355.0366666666668,0,0,0,0,0,0,0,0,0,0,0,0,0,0,0,0,0,0,0,0,0,0,,,,,,,,,,,,,,,,,,USD,1.0,stock,25.0
2026-05-01,382.485,397.8211,378.8,390.82,65338257,372.58849999999995,383.7145,,378.4824295366127,386.0360871345992,397.04927100152645,395.7467709086866,67.10924968811264,0.7636329862125422,-1.1142813335607502,1.8779143197732924,1,15.323642857142845,0.5,0.05,61375938.8,66993682.95,1.0645581685179861,0.9752898202172955,66.13465419189143,55.25536563595001,8.33499999999998,7.001100000000008,3.6850000000000023,,0,3.156842143029347,4.664935264316063,1.8181004042781859,,0,,,2.4080916070539526,3.8586234387456786,8.38348262569677,409.28,3.259747216929607,409.28,0,25,20,20,380.92055,373.26,377.090275,378.78999999999996,390.82,,,,,,389.14703333333335,399.4940666666667,408.16813333333334,418.5151666666667,380.4729666666667,370.12593333333336,361.4518666666667,0,0,0,0,0,0,0,0,0,0,0,0,0,0,0,0,0,0,0,0,0,0,,,,,,,,,,,,,,,,,,USD,1.0,stock,25.0
2026-05-04,390.23,394.64,384.8004,392.51,48765143,374.573,383.3283,,379.8183886283639,386.28996607049726,396.9593844470408,395.7145642329783,63.85978654655832,1.725596968892205,-0.5463056730701592,2.271902641962364,1,14.940042857142844,0.5,0.05,59792066.3,65547057.95,0.8155788220351234,0.7439714996392145,64.15134672937154,61.58053651748683,2.2799999999999727,2.1299999999999955,5.4295999999999935,,0,3.2334491787817123,4.569819877200584,2.339227026063025,,0,,,0.43242413387236667,3.654897404072144,11.249362281049823,409.28,3.3414947121094496,409.28,0,25,20,20,380.92055,373.26,377.090275,378.78999999999996,392.51,,,,,,390.6501333333333,396.4998666666666,400.4897333333333,406.33946666666657,386.66026666666664,380.81053333333335,376.8206666666667,0,0,0,0,0,0,0,0,0,0,0,0,0,0,0,0,0,0,0,0,0,0,,,,,,,,,,,,,,,,,,USD,1.0,stock,25.0
2026-05-05,395.185,402.12,389.0,389.37,47780631,376.70899999999995,383.11910000000006,,380.7280659018531,386.4107517147915,396.80909960650536,395.6514342406104,48.335913312693506,2.2091232006908967,0.0047801016820519515,2.204343099008845,0,13.580757142857133,0.5,0.05,59517068.3,64210321.75,0.8028055205803879,0.7441269518323197,56.00972160848438,62.098574176582446,5.814999999999998,6.935000000000002,0.37000000000000455,,0,2.2194658289408324,3.251662942702329,1.605388191180611,,0,,,-0.7999796183536745,3.5503430668581526,12.323669407183036,409.28,2.2698442463589488,409.28,0,25,20,20,383.07,373.26,378.16499999999996,378.78999999999996,389.37,,,,,,393.49666666666667,397.99333333333334,406.6166666666667,411.11333333333334,384.87333333333333,380.37666666666667,371.75333333333333,0,0,0,0,0,0,0,0,0,0,0,0,0,0,0,0,0,0,0,0,0,0,,,,,,,,,,,,,,,,,,USD,1.0,stock,25.0
2026-05-06,386.25,401.68,384.02,398.73,53465365,379.483,382.9061,,382.44253581596234,386.893859490682,396.8471372380597,395.6820667357287,55.863056185136614,3.309445767476859,0.6657132348410135,2.6437325326358456,1,13.96647142857142,0.5,0.05,58627326.3,62941659.2,0.9119529812158601,0.8494432094665848,76.6902342023863,65.6171008467474,12.480000000000018,2.9499999999999886,2.230000000000018,,0,4.084835398399337,4.827075966192665,3.96857522634365,,0,,,2.4038831959318996,6.95547210300429,16.163146394756023,409.28,4.258800384033504,409.28,0,25,20,20,383.07,373.26,378.16499999999996,378.78999999999996,398.73,,,,,,394.81,405.6,412.47,423.26000000000005,387.94,377.15,370.28,0,0,0,0,0,0,0,0,0,0,0,0,0,0,0,0,0,0,0,0,0,0,,,,,,,,,,,,,,,,,,USD,1.0,stock,25.0
2026-05-07,407.48,415.83,402.12,411.79,64294225,382.7915,382.7939,,385.23753240491834,387.8701787263415,397.1430355105734,395.84234467865684,56.5574732887167,5.175630732708328,1.5676967344144765,3.607933998293851,1,13.732185714285704,0.5,0.05,55659797.8,63048169.65,1.1551286124147582,1.0197635451896105,92.20227755259609,74.96741112115559,4.310000000000002,4.039999999999964,5.360000000000014,,0,6.448060320814415,7.042060273440354,7.0414774520993735,,0,,,3.2753993930729974,7.902942640777733,19.145304091198433,415.83,6.8924923875726405,415.83,0,25,20,20,389.92499999999995,376.53499999999997,383.22999999999996,378.78999999999996,411.79,,,,,,409.91333333333336,417.7066666666667,423.62333333333333,431.4166666666667,403.9966666666667,396.2033333333334,390.28666666666675,0,0,0,0,0,0,0,0,0,0,0,0,0,0,0,0,0,0,0,0,0,0,,,,,,,,,,,,,,,,,,USD,1.0,stock,25.0
2026-05-08,416.475,431.2,416.39,428.35,65049970,386.76149999999996,383.1893,,389.343481699688,389.4576226978576,397.7609952034333,396.16580393558564,69.1485952355518,7.899785554667858,2.834114498465153,5.065671056202705,1,13.799328571428557,0.5,0.05,55875464.1,63733866.45,1.164195609786443,1.0206499875703052,95.75766597201553,88.21672590899931,11.875,2.849999999999966,0.08500000000003638,,0,9.10622582007984,9.70899964981909,10.54294385432474,,0,,,4.021467252725897,9.602886239189413,22.753976214357372,431.2,10.018536365377978,431.2,0,25,20,20,399.685,384.22,391.9525,384.22,428.35,,,,,,425.31333333333333,434.2366666666667,440.12333333333333,449.0466666666667,419.4266666666667,410.50333333333333,404.6166666666667,0,0,0,0,0,0,0,0,0,0,0,0,0,0,0,0,0,0,0,0,0,0,,,,,,,,,,,,,,,,,,USD,1.0,stock,25.0
2026-05-11,422.16,449.16,416.8,445.0,78376127,391.3905,384.03909999999996,,394.644102490194,391.63575514107885,398.6964210409891,396.65171633423654,78.11480130543293,11.272273970110007,4.521746392794125,6.750527577315882,1,15.487192857142844,0.5,0.05,57039495.2,64971798.95,1.3740676828430276,1.2063099416458438,95.1139299976509,94.35795784075417,22.839999999999975,4.160000000000025,5.360000000000014,,0,11.315932024675512,12.047078651685398,13.6990786516854,,0,,,3.8870082876152567,13.372907696619208,26.269791725781722,449.16,12.759825167045861,449.16,0,25,20,20,408.665,393.20000000000005,400.9325,393.20000000000005,445.0,,,,,,436.9866666666667,457.17333333333335,469.3466666666667,489.53333333333336,424.81333333333333,404.62666666666667,392.4533333333333,0,0,0,0,0,0,0,0,0,0,0,0,0,0,0,0,0,0,0,0,0,0,,,,,,,,,,,,,,,,,,USD,1.0,stock,28.5
2026-05-12,441.41,447.8,422.26,433.45,60569303,394.853,384.64169999999996,,398.3399022530327,393.27552944927186,399.38461072334576,397.01786841051285,70.03663642707608,12.86471048967178,6.190339212169656,6.674371277502123,0,16.760764285714277,0.5,0.05,58009989.8,65001283.75,1.0441184907776007,0.9318170273829399,81.54803852478268,90.80654483148304,7.960000000000036,6.389999999999986,11.189999999999998,,0,8.100149439835578,8.904602606990421,11.260422194024693,,0,,,-2.5955056179775338,11.320851632123684,19.01427786930259,449.16,8.814105126898571,449.16,0,25,20,20,408.665,393.20000000000005,400.9325,393.20000000000005,433.45,,,,,,434.50333333333333,446.74666666666667,460.04333333333335,472.2866666666667,421.20666666666665,408.9633333333333,395.66666666666663,0,0,0,0,0,0,0,0,0,0,0,0,0,0,0,0,0,0,0,0,0,0,,,,,,,,,,,,,,,,,,USD,1.0,stock,27.0
2026-05-13,436.665,453.4,430.21,445.27,68283229,397.519,385.69849999999997,,402.80943537179144,395.31452829439843,400.2932322931805,397.4979891228461,81.75201917103044,14.908645535030132,7.934000476741752,6.97464505828838,1,17.05147857142856,0.5,0.05,60299829.1,62724927.45,1.1323950667714247,1.0886139175598202,90.90400537032893,89.18865796425416,8.604999999999961,8.129999999999995,6.455000000000041,,0,9.535914080941573,10.72405506771172,13.378736496956906,,0,,,2.7269581266581966,11.672058786647588,13.603775991835686,453.4,10.541104775516894,453.4,0,25,20,20,416.1,395.325,405.7125,395.32,445.27,,,,,,442.96,455.71,466.15,478.9,432.52,419.77,409.33,0,0,0,0,0,0,0,0,0,0,0,0,0,0,0,0,0,0,0,0,0,0,,,,,,,,,,,,,,,,,,USD,1.0,stock,28.75
2026-05-14,446.49,451.98,441.16,443.3,46070361,400.239,386.4457,,406.665679622097,397.19631149853967,401.14485145569176,397.95373052460883,79.89469926824917,16.182969054498585,9.58379419229312,6.599174862205466,0,16.96504999999999,0.5,0.05,59799261.1,61852688.7,0.7704168939973741,0.7448400703072428,88.69993287088838,87.05065892199998,3.1899999999999977,5.490000000000009,2.1399999999999864,,0,8.264001889894654,9.713737875028205,12.825242499436051,,0,,,-0.44242818963774466,7.651958522547897,13.988171766520964,453.4,9.008461302155188,453.4,0,25,20,20,418.71,395.325,407.0175,395.32,443.3,,,,,,445.48,449.8,456.3,460.62,438.98,434.66,428.16,0,0,0,0,0,0,0,0,0,0,0,0,0,0,0,0,0,0,0,0,0,0,,,,,,,,,,,,,,,,,,USD,1.0,stock,27.0
2026-05-15,433.98,434.66,422.0,422.24,52688742,401.32,386.77950000000004,,408.1489482295163,398.1784169299695,401.56257716944043,398.1953849472495,66.66156787762907,15.316949372549402,10.730425228344377,4.5865241442050255,0,17.289335714285706,0.5,0.05,58534309.6,59955124.2,0.9001343376227333,0.8788029831151613,63.44010325002935,81.01468049708222,11.740000000000009,0.6800000000000068,0.2400000000000091,,0,3.337213852426041,4.954528230390303,8.398185865858272,,0,,,-4.75073313782991,-1.4264036418816461,5.396635215416112,453.4,3.452428784052588,453.4,0,25,20,20,418.71,398.07,408.39,395.32,422.24,,,,,,426.3,430.6,438.96000000000004,443.26000000000005,417.94,413.64,405.28,0,0,0,0,0,0,0,0,0,0,0,0,0,0,0,0,0,0,0,0,0,0,,,,,,,,,,,,,,,,,,USD,1.0,stock,25.0
2026-05-18,419.27,421.13,405.33,409.99,52474188,402.19449999999995,387.04470000000003,,408.3242864933719,398.64161626604914,401.7294568294515,398.31274430100825,62.10188813680087,13.48668381691914,11.281676946059331,2.2050068708598083,0,17.80076428571428,0.5,0.05,58905214.1,59348640.2,0.8908241622026462,0.8841683284261667,49.06722984864486,67.06908865652086,9.279999999999973,1.8600000000000136,4.660000000000025,,0,0.4062814962872495,1.9013878387277887,5.59655113539354,,0,,,-2.9011936339522593,-7.867415730337079,4.456050955414015,453.4,0.4079388764584624,453.4,0,25,20,20,418.71,400.985,409.84749999999997,395.32,409.99,,,,,,412.15000000000003,418.9700000000001,427.95000000000005,434.7700000000001,403.1700000000001,396.35,387.37000000000006,0,0,0,0,0,0,0,0,0,0,0,0,0,0,0,0,0,0,0,0,0,0,,,,,,,,,,,,,,,,,,USD,1.0,stock,25.0
2026-05-19,403.16,405.63,393.63,404.11,46500551,403.079,387.1533,,407.9229258749556,398.8560626869884,401.77659629817526,398.37042843731666,60.94678693797637,11.429960845221103,11.311333725891686,0.1186271193294175,0,18.51505,0.5,0.05,58777206.1,59147137.2,0.7911323808227081,0.7861843058060973,42.168250615980305,51.55852790488484,0.9499999999999886,1.5199999999999818,9.53000000000003,,0,-0.9435366298670084,0.2551285541065566,4.196060478582567,,0,,,-1.4341813214956423,-6.768946822009458,4.577920397494961,453.4,-0.934717230412389,453.4,0,25,20,20,423.515,404.085,413.79999999999995,395.32,404.11,,,,,,401.1233333333333,408.61666666666656,413.1233333333333,420.61666666666656,396.61666666666656,389.1233333333333,384.61666666666656,0,0,0,0,0,0,0,0,0,0,0,0,0,0,0,0,0,0,0,0,0,0,,,,,,,,,,,,,,,,,,USD,1.0,stock,25.0
2026-05-20,407.6,417.46,406.39,417.26,45294745,404.5665,387.51379999999995,,408.8121710297217,399.57778571887127,402.08319835167674,398.5583843732638,62.091902531731485,10.737315088532114,11.196529998419772,-0.4592149098876579,0,18.28433571428571,0.5,0.05,57960144.1,58293735.2,0.7814808900725283,0.7770087959640644,51.55495978552279,47.59681341671598,9.659999999999968,0.19999999999998863,1.2100000000000364,,0,2.0245959282649415,3.0421080381536623,7.128936394574136,,0,,,3.25406448739205,-6.290565275001681,7.677221233000431,453.4,2.0664328434742507,453.4,0,25,20,20,423.515,407.95,415.73249999999996,395.32,417.26,,,,,,413.7033333333333,421.01666666666665,424.7733333333333,432.08666666666664,409.94666666666666,402.6333333333333,398.87666666666667,0,0,0,0,0,0,0,0,0,0,0,0,0,0,0,0,0,0,0,0,0,0,,,,,,,,,,,,,,,,,,USD,1.0,stock,25.0
2026-05-21,422.175,426.95,412.9,417.85,42636854,406.773,387.7144,,409.6729166459387,400.29434314166065,402.3954122457029,398.7503407476592,59.74194478483387,10.119346873593088,10.981093373454437,-0.8617464998613489,0,17.929257142857143,0.5,0.05,55794407.0,55727102.4,0.7641779219913566,0.7651008605105584,48.760449697319174,47.49455336627409,4.324999999999989,4.774999999999977,4.9500000000000455,,0,1.9569422888743144,2.650951298312791,7.21206174464521,,0,,,0.14139864832478644,-5.741033160387998,11.808305683399345,453.4,1.9960029139852558,453.4,0,25,20,20,423.515,408.71,416.11249999999995,395.32,417.85,,,,,,419.2333333333333,425.5666666666666,433.2833333333333,439.6166666666666,411.5166666666666,405.1833333333333,397.4666666666666,0,0,0,0,0,0,0,0,0,0,0,0,0,0,0,0,0,0,0,0,0,0,,,,,,,,,,,,,,,,,,USD,1.0,stock,25.0
2026-05-22,422.665,431.51,420.51,426.01,46104710,409.2585,388.33439999999996,,411.2288293463255,401.3028002733602,402.8630278447979,399.0215811382298,61.53581267217632,10.170803720879121,10.819035442939375,-0.6482317220602543,1,18.202142857142857,0.5,0.05,53899881.0,54887672.55,0.8553768421121375,0.8399829662662569,60.521764197174996,53.61239122667232,3.3449999999999704,5.5,2.1550000000000296,,0,3.4696769215921006,3.932184690500215,8.843829957043269,,0,,,1.9528538949383778,0.8928571428571397,13.210204623970224,453.4,3.5943906649662973,453.4,0,25,20,20,423.515,408.71,416.11249999999995,395.32,426.01,,,,,,426.01,431.51,437.01,442.51,420.51,415.01,409.51,0,0,0,0,0,0,0,0,0,0,0,0,0,0,0,0,0,0,0,0,0,0,,,,,,,,,,,,,,,,,,USD,1.0,stock,25.0
2026-05-26,430.26,435.2,426.12,433.59,45658897,412.0045,389.1822,,413.35846464667543,402.56896496852255,403.47148273896033,399.36554550501364,64.77546110665597,10.699884684184383,10.795205291188378,-0.0953206070039947,1,17.92142857142857,0.5,0.05,50628158.0,53833826.6,0.9018478807781235,0.8481451140239026,71.44710291150187,60.243105601998685,3.329999999999984,1.6100000000000136,4.139999999999986,,0,4.666052112208433,4.978320533222623,10.241887497405372,,0,,,1.7793009553766392,5.756237957023336,14.5033934560435,453.4,4.894428706236309,453.4,0,25,20,20,423.515,408.71,416.11249999999995,395.32,433.59,,,,,,431.6366666666666,437.1533333333332,440.7166666666666,446.2333333333332,428.0733333333332,422.5566666666666,418.9933333333332,0,0,0,0,0,0,0,0,0,0,0,0,0,0,0,0,0,0,0,0,0,0,,,,,,,,,,,,,,,,,,USD,1.0,stock,25.0
2026-05-27,442.89,445.6,435.52,440.36,44656505,415.2215,390.0782,,415.93003944223017,404.05096634230597,404.2019484272978,399.77345052486424,64.15504930295819,11.5325277786921,10.942669788689123,0.5898579900029759,1,17.517857142857142,0.5,0.05,49036878.2,53523434.0,0.9106718583892234,0.8343355734611497,78.183034967375,70.05063402535062,2.5299999999999727,2.7100000000000364,4.840000000000032,,0,5.547724715634899,5.708624761558729,11.418339540376063,,0,,,1.561382873221251,8.970329860681492,17.110791979150065,453.4,5.87357445750513,453.4,0,25,20,20,422.805,408.71,415.7575,395.32,440.36,,,,,,440.49333333333334,445.4666666666667,450.5733333333334,455.54666666666674,435.38666666666666,430.4133333333333,425.3066666666666,0,0,0,0,0,0,0,0,0,0,0,0,0,0,0,0,0,0,0,0,0,0,,,,,,,,,,,,,,,,,,USD,1.0,stock,25.0
2026-05-28,437.615,443.96,436.3,442.1,32434996,418.68649999999997,390.93479999999994,,418.42241663820823,405.5430853092744,404.952404894084,400.19461022113427,61.16554925219186,12.192262080329897,11.192588247017278,0.9996738333126185,1,16.84357142857143,0.5,0.05,45452054.9,52875942.0,0.7136090122077187,0.6134168919392491,81.0941944119124,76.90811076359643,4.485000000000014,1.8599999999999568,1.3149999999999977,,0,5.355707614067358,5.295973761592412,11.573218728794409,,0,,,0.395131256244885,5.953122753199458,18.589055793991417,453.4,5.658775060865052,453.4,0,25,20,20,419.615,408.71,414.1625,395.32,442.1,,,,,,440.7866666666667,445.27333333333337,448.44666666666666,452.93333333333334,437.6133333333334,433.1266666666667,429.95333333333343,0,0,0,0,0,0,0,0,0,0,0,0,0,0,0,0,0,0,0,0,0,0,,,,,,,,,,,,,,,,,,USD,1.0,stock,25.0
2026-05-29,439.845,441.07,428.14,435.79,45176821,421.3945,391.795,,420.0764721964741,406.7292388265577,405.5630503417259,400.5487932040086,52.96461587503984,12.066842948218948,11.367439187257613,0.699403760961335,0,16.45428571428572,0.5,0.05,45362700.9,52580981.0,0.9959023625949927,0.8591855865146373,70.537058725113,76.60476270146681,4.055000000000007,1.224999999999966,7.650000000000034,,0,3.605756856175197,3.3033112278849965,10.095458821909636,,0,,,-1.4272788961773308,4.293406724901283,14.191756413279876,453.4,3.7406350613648534,453.4,0,25,20,20,419.615,408.71,414.1625,395.32,435.79,,,,,,435.0,441.86,447.93,454.79,428.93,422.07,416.0,0,0,0,0,0,0,0,0,0,0,0,0,0,0,0,0,0,0,0,0,0,0,,,,,,,,,,,,,,,,,,USD,1.0,stock,25.0
2026-06-01,427.49,429.6,415.43,415.88,44937852,422.64750000000004,392.50660000000005,,419.6768081777623,407.0880922059084,405.76734637456303,400.7013425253618,38.690383719123815,10.242804107411587,11.142512171288407,-0.8997080638768207,0,15.597142857142861,0.5,0.05,44587611.9,51560960.75,1.0078550988733264,0.8715479957382292,37.22603312698679,62.952428754670734,11.610000000000014,2.1100000000000136,0.44999999999998863,,0,-0.9129576266620972,-1.6272722900836878,5.620226988554378,,0,,,-4.568714288992415,-2.377878453557425,6.4121590502021375,453.4,-0.9046981162118726,453.4,0,25,20,20,419.615,408.71,414.1625,395.32,415.88,,,,,,420.3033333333333,425.17666666666656,434.4733333333333,439.3466666666666,411.00666666666655,406.13333333333327,396.83666666666653,0,0,0,0,0,0,0,0,0,0,0,0,0,0,0,0,0,0,0,0,0,0,,,,,,,,,,,,,,,,,,USD,1.0,stock,25.0
2026-06-02,418.22,424.42,413.65,423.74,37596045,424.209,393.62219999999996,,420.0637788274993,407.7411081978336,406.1232405057598,400.9305828982438,46.11755297880849,9.323995282193152,10.778808793469357,-1.454813511276205,0,14.542142857142863,0.5,0.05,43099797.6,51002505.85,0.8723021242215764,0.7371411340174376,50.37644303162125,52.71317829457369,5.519999999999982,0.6800000000000068,4.57000000000005,,0,0.8675652929864379,-0.11068107801953889,7.107613159012613,,0,,,1.8899682600750145,-2.2717313591180566,7.9564851850908225,453.4,0.875157858828477,453.4,0,25,20,20,425.995,408.71,417.35249999999996,395.32,423.74,,,,,,420.6033333333333,427.5566666666666,431.37333333333333,438.32666666666665,416.7866666666666,409.83333333333326,406.01666666666654,0,0,0,0,0,0,0,0,0,0,0,0,0,0,0,0,0,0,0,0,0,0,,,,,,,,,,,,,,,,,,USD,1.0,stock,25.0
2026-06-03,418.7,433.6,416.0,423.7,44500733,425.9255,394.4792,,420.41008560583265,408.36694709203624,406.4712951492101,401.1571442624404,40.47850269268122,8.494683578307502,10.321983750436988,-1.8273001721294868,0,14.142857142857151,0.5,0.05,42899815.8,50838510.95,1.0373175774801346,0.8753350986964735,51.533847472150775,46.378774543586275,5.0,9.900000000000034,2.6999999999999886,,0,0.7764725971600992,-0.5252537172527758,6.896577767288176,,0,,,-0.009439750790585233,-3.783268235080395,8.816806636361306,453.4,0.7825488747317761,453.4,0,25,20,20,429.25,410.78499999999997,420.0175,395.32,423.7,,,,,,424.43333333333334,432.8666666666667,442.03333333333336,450.4666666666667,415.26666666666665,406.8333333333333,397.66666666666663,0,0,0,0,0,0,0,0,0,0,0,0,0,0,0,0,0,0,0,0,0,0,,,,,,,,,,,,,,,,,,USD,1.0,stock,25.0
2026-06-04,419.84,426.3499,417.16,418.45,35323259,426.9115,395.18760000000003,,420.2234107862295,408.7623609315643,406.70849722546336,401.3292124787345,39.33933933933934,7.329329011692721,9.723452802688136,-2.3941237909954154,0,14.026421428571435,0.5,0.05,41902667.2,49931405.65,0.842983546402984,0.7074357018426939,47.75832210890894,49.88953753756033,1.3899999999999864,6.509900000000016,1.2899999999999636,,0,-0.42380470455957303,-2.022105388935357,5.559182698052326,,0,,,-1.239084257729528,-5.34946844605294,4.945702605773317,453.4,-0.4220161801341618,453.4,0,25,20,20,429.625,410.78499999999997,420.205,395.32,418.45,,,,,,420.6533,424.1466,429.84319999999997,433.33649999999994,414.9567,411.46340000000004,405.76680000000005,0,0,0,0,0,0,0,0,0,0,0,0,0,0,0,0,0,0,0,0,0,0,,,,,,,,,,,,,,,,,,USD,1.0,stock,25.0
2026-06-05,420.5,424.6799,388.59,391.0,63420177,425.872,395.28860000000003,,417.4402288065886,408.06579775777743,406.3974378744641,401.2264342451153,37.294615259476174,4.143033222901181,8.607368886730747,-4.464335663829566,0,15.082842857142863,0.5,0.05,43980999.5,49887703.25,1.441990353129651,1.2712587044183077,4.227328538852873,34.5064993733042,29.5,4.179899999999975,2.410000000000025,,0,-6.762206855905014,-8.918670076726347,-1.0968286445012865,,0,,,-6.559923527303136,-10.277886137818681,-5.048689866193934,453.4,-6.333895724946788,453.4,0,25,20,20,417.095,410.78499999999997,413.94,395.32,391.0,,,,,,401.4233,414.2566,437.5132,450.3465,378.1667,365.3334,342.0768,0,0,0,0,0,0,0,0,0,0,0,0,0,0,0,0,0,0,0,0,0,0,,,,,,,,,,,,,,,,,,USD,1.0,stock,25.0
2026-06-08,396.33,412.94,394.72,408.95,50328834,424.90200000000004,396.0254,,416.6316355869135,408.10047235551167,406.44798365912817,401.30328564566145,49.595771144278594,3.031342411478704,7.492163591680339,-4.460821180201635,1,15.442128571428574,0.5,0.05,44403411.9,49151646.45,1.1334451981605496,1.02395011428961,35.71303280126293,29.232894483008256,12.620000000000005,3.990000000000009,1.6099999999999568,,0,-1.8783801410718917,-3.900721359579424,3.1604352610343556,,0,,,4.590792838874669,-1.6663460613638548,-4.529006653437618,453.4,-1.8437475531814327,453.4,0,25,20,20,417.095,416.1,416.5975,395.32,408.95,,,,,,405.5366666666667,416.35333333333335,423.75666666666666,434.5733333333333,398.1333333333334,387.3166666666667,379.9133333333334,0,0,0,0,0,0,0,0,0,0,0,0,0,0,0,0,0,0,0,0,0,0,,,,,,,,,,,,,,,,,,USD,1.0,stock,25.0
2026-06-09,411.03,418.5,384.24,396.68,59940230,422.48600000000005,396.7224,414.949925,414.7314798167313,407.6526106945112,406.2545582401355,401.25728280341605,47.248759534918165,1.1470109505468713,6.223133063453646,-5.076122112906774,0,16.7207,0.5,0.05,45831545.2,48229851.6,1.3078378601121219,1.242803533735111,20.273794002607552,20.071385114241124,14.349999999999966,7.470000000000027,12.439999999999998,,0,-4.550640268410627,-6.505495613592831,-0.010688716345665636,-4.605708631642634,0,,,-3.0003667930064704,-6.385991409826786,-10.858426966292134,453.4,-4.352570445028232,453.4,0,25,20,20,414.1,418.71,416.405,395.32,396.68,,,,,,399.8066666666667,415.37333333333333,434.06666666666666,449.6333333333333,381.11333333333334,365.5466666666667,346.85333333333335,0,0,0,0,0,0,0,0,0,0,0,0,0,0,0,0,0,0,0,0,0,0,,,,,,,,,,,,,,,,,,USD,1.0,stock,25.0
2026-06-10,391.54,397.09,380.15,381.59,49695583,419.89300000000003,397.2486,415.157825,411.575148405614,406.6305475300206,405.76615114627145,401.06158844716316,36.97890048915821,-1.54614915075922,4.669276620611073,-6.215425771370293,0,16.977128571428576,0.5,0.05,46335453.0,47686165.6,1.0725174738229062,1.0421383723081312,2.2001527883880776,19.395659864086195,9.950000000000045,5.5499999999999545,1.4399999999999977,,0,-7.857949213976792,-10.037736837967467,-4.103514243035729,-8.796830367672117,1,,,-3.804073812644959,-9.938635827236252,-11.96447110393356,453.4,-7.285461360281935,453.4,0,25,20,20,410.61,416.775,413.6925,395.32,381.59,,,,,,386.27666666666664,392.4033333333333,403.21666666666664,409.3433333333333,375.4633333333333,369.33666666666664,358.5233333333333,0,0,0,0,0,0,0,0,0,0,0,0,0,0,0,0,0,0,0,0,0,0,,,,,,,,,,,,,,,,,,USD,1.0,stock,25.0
2026-06-11,388.28,399.54,380.66,399.15,45324348,417.587,397.79659999999996,415.42057500000004,410.3918009384127,406.3371927249217,405.6351382522859,401.0425676665944,43.92620501494088,-2.2377572170160533,3.2878698530856476,-5.5256270701017005,1,17.322128571428575,0.5,0.05,47624388.2,46538221.55,0.9517045722384734,0.9739166321881074,29.02979373567607,17.16791350889057,10.870000000000005,0.3900000000000432,7.619999999999948,,0,-2.816435159316729,-4.6190655142177155,0.3390705248653444,-4.076305900037596,0,,,4.601797741030955,-4.612259529214969,-10.357760459945652,451.98,-2.7392849741897685,451.98,0,25,20,20,406.875,416.775,411.825,395.32,399.15,,,,,,393.1166666666666,405.5733333333332,411.9966666666666,424.4533333333332,386.6933333333332,374.2366666666666,367.8133333333332,0,0,0,0,0,0,0,0,0,0,0,0,0,0,0,0,0,0,0,0,0,0,,,,,,,,,,,,,,,,,,USD,1.0,stock,25.0
2026-06-12,399.49,406.68,386.76,406.43,63652286,415.74350000000004,398.3,415.694375,410.0144865633258,406.34083222590516,405.6508780888743,401.0961739584691,43.60381549719065,-2.173373141097443,2.1956212542490294,-4.368994395346473,1,17.769271428571436,0.5,0.05,49471934.7,47417317.8,1.2866342581099823,1.34238478583873,40.15278838808252,23.794244970715557,6.939999999999998,0.25,12.730000000000018,,0,-0.8819443848450683,-2.291538518318046,2.000344462761114,-2.2794515660753323,0,,,1.8238757359388735,3.9462915601023107,-8.317166704263478,445.6,-0.8742341260598838,445.6,0,25,20,20,406.875,416.775,411.825,395.32,406.43,,,,,,399.9566666666667,413.1533333333334,419.8766666666667,433.07333333333344,393.2333333333334,380.0366666666667,373.3133333333334,0,0,0,0,0,0,0,0,0,0,0,0,0,0,0,0,0,0,0,0,0,0,,,,,,,,,,,,,,,,,,USD,1.0,stock,25.0
2026-06-15,412.37,416.0,407.1,411.15,45620514,415.189,399.31120000000004,416.0021249999999,410.12263070015194,406.52942704057557,405.75977159206496,401.1962120285341,42.52996005326233,-1.7216377751657888,1.4121694483660658,-3.1338072235318544,1,17.79641428571429,0.5,0.05,49540200.9,47063906.4,0.9208786636147857,0.9693312240651575,47.364400305576744,38.84899414311178,1.2200000000000273,3.6299999999999955,4.0499999999999545,,0,0.24987700348973194,-0.9823665328955477,2.8794357290526413,-1.1801349872309241,0,,,1.1613315946165326,0.5379630761706888,-2.6264683592269855,445.6,0.2505029527617463,445.6,0,25,20,20,406.875,416.775,411.825,395.32,411.15,,,,,,411.4166666666667,415.73333333333335,420.31666666666666,424.6333333333333,406.83333333333337,402.5166666666667,397.9333333333334,0,0,0,0,0,0,0,0,0,0,0,0,0,0,0,0,0,0,0,0,0,0,,,,,,,,,,,,,,,,,,USD,1.0,stock,25.0
2026-06-16,404.11,412.42,400.54,404.66,40255473,414.9225,400.348,416.295525,409.6023801572803,406.4561161762393,405.73799393677655,401.230677580489,38.09364994663821,-1.8658150494339338,0.756572548806066,-2.6223875982399996,1,17.787128571428575,0.5,0.05,49806143.7,46452970.65,0.8082431204164878,0.8665855474196675,38.41090738128827,41.976032024982516,0.5500000000000114,7.759999999999991,3.569999999999993,,0,-1.2213661239757567,-2.536079671823256,1.065585923985571,-2.8753830376118157,0,,,-1.5784993311443452,2.0116970858122363,-1.3000317080904322,445.6,-1.20662876894966,445.6,0,25,20,20,403.24995,416.775,410.012475,395.32,404.66,,,,,,405.8733333333334,411.20666666666676,417.7533333333334,423.08666666666676,399.32666666666677,393.9933333333334,387.4466666666668,0,0,0,0,0,0,0,0,0,0,0,0,0,0,0,0,0,0,0,0,0,0,,,,,,,,,,,,,,,,,,USD,1.0,stock,25.0
2026-06-17,401.53,405.94,393.76,396.38,43534299,414.53599999999994,401.3426,416.60807500000004,408.343105856587,406.06097436540637,405.55268712614725,401.1824121319269,35.38923686565256,-2.618024423297186,0.08165315438541554,-2.6996775776826016,0,18.10998571428572,0.5,0.05,49709500.3,46304658.05,0.8757742229808736,0.9401710504587131,26.641497045305343,37.47226824405679,5.149999999999977,4.410000000000025,2.6200000000000045,,0,-3.0180901802782665,-4.580453100560056,-1.251980422826583,-5.103202734749495,0,,,-2.0461622102505905,3.8758877329070573,-1.9128455123604948,445.6,-2.9296700948316046,445.6,0,25,20,20,402.41495,416.775,409.594975,395.32,396.38,,,,,,398.6933333333333,403.62666666666667,410.87333333333333,415.8066666666667,391.44666666666666,386.5133333333333,379.26666666666665,0,0,0,0,0,0,0,0,0,0,0,0,0,0,0,0,0,0,0,0,0,0,,,,,,,,,,,,,,,,,,USD,1.0,stock,25.0
2026-06-18,398.095,402.52,384.7,400.49,58384713,413.69749999999993,402.4874,416.96372500000007,407.5951910131025,405.8425047824492,405.4524358959265,401.1755224589724,38.55827823155712,-2.8496639677964026,-0.504610270050948,-2.3450536977454544,1,18.385700000000003,0.5,0.05,52015645.7,46959156.45,1.1224452222843404,1.2433083857067453,38.05425631431247,34.368886913635365,2.394999999999982,2.0299999999999727,13.395000000000039,,0,-1.7741244508233693,-3.2978351519388562,-0.4987390446702715,-4.113392344378151,0,,,1.0368837983752988,0.3357133909557941,-4.019076834587542,445.6,-1.743197949770244,445.6,0,25,20,20,399.325,416.775,408.04999999999995,395.32,400.49,,,,,,395.90333333333336,407.10666666666674,413.72333333333336,424.92666666666673,389.28666666666675,378.08333333333337,371.46666666666675,0,0,0,0,0,0,0,0,0,0,0,0,0,0,0,0,0,0,0,0,0,0,,,,,,,,,,,,,,,,,,USD,1.0,stock,25.0
2026-06-22,394.85,414.75,394.4,405.05,47819486,413.0575,403.676,417.318525,407.35279186899754,405.81142616352963,405.4444668682844,401.214074474306,46.10179252753582,-2.634912454594371,-0.9306707069596326,-1.7042417476347382,1,18.384985714285715,0.5,0.05,50455576.6,47218288.05,0.9477542270322603,1.0127323114587168,46.58559401309638,37.0937824575714,10.199999999999989,9.699999999999989,0.4500000000000455,,0,-0.5685203972342997,-1.9769164300703599,0.33921738057030576,-3.028891494877178,0,,,1.1386052086194365,-0.33954186452771484,-3.0633002273543153,445.6,-0.5653065143930808,445.6,0,25,20,20,399.325,416.065,407.695,395.325,405.05,,,,,,404.73333333333335,415.0666666666667,425.08333333333337,435.41666666666674,394.7166666666667,384.3833333333333,374.3666666666667,0,0,0,0,0,0,0,0,0,0,0,0,0,0,0,0,0,0,0,0,0,0,,,,,,,,,,,,,,,,,,USD,1.0,stock,25.0
2026-06-23,392.61,392.87,379.06,381.61,50420210,410.8375,404.32919999999996,417.53392499999995,404.9010974052835,404.8623506277049,404.97249722732823,401.01900905665127,36.36481325652146,-4.306489902033263,-1.6058345459743588,-2.7006553560589044,0,19.472128571428573,0.5,0.05,50464714.2,47434063.05,0.9991181125127624,1.062953640442994,4.675467546754694,29.771772624721184,11.0,0.2599999999999909,2.5500000000000114,,0,-6.103377114143626,-7.658997405728352,-5.953512748617683,-9.413779775163109,1,,,-5.786939883964937,-7.184725769183986,-10.422290556559698,445.6,-5.7522929808141265,445.6,0,25,20,20,397.53,412.33000000000004,404.93,395.325,381.61,,,,,,384.5133333333333,389.96666666666664,398.3233333333333,403.77666666666664,376.15666666666664,370.7033333333333,362.34666666666664,0,0,0,0,0,0,0,0,0,0,0,0,0,0,0,0,0,0,0,0,0,0,,,,,,,,,,,,,,,,,,USD,1.0,stock,25.0
2026-06-24,380.08,384.58,373.05,375.53,37081421,407.93449999999996,404.79140000000007,417.65737499999994,402.1038500333517,403.71206236779494,404.3894774802524,400.7653870759881,34.99657384912477,-6.052067789319835,-2.495081194643454,-3.5569865946763812,0,19.03855714285714,0.5,0.05,48178833.3,47005189.25,0.7696620789694383,0.7888793044270107,4.652916797217185,18.637992785689423,4.550000000000011,4.5,2.4799999999999613,,0,-7.076358755186465,-8.629004340532044,-7.792027268127738,-11.218111735413942,1,,,-1.5932496527868878,-7.19863589185985,-13.39053022440555,445.6,-6.608703207180835,445.6,0,25,20,20,394.525,409.32500000000005,401.925,398.07,375.53,,,,,,377.71999999999997,382.38999999999993,389.24999999999994,393.9199999999999,370.85999999999996,366.19,359.33,0,0,0,0,0,0,0,0,0,0,0,0,0,0,0,0,0,0,0,0,0,0,,,,,,,,,,,,,,,,,,USD,1.0,stock,25.0
2026-06-25,375.27,379.117,371.221,375.12,30259987,404.6725,405.00980000000004,417.80097500000005,399.53395955398486,402.59080502003826,403.80988386678206,400.5102090951325,36.08452694456934,-7.383422911389744,-3.472749537992712,-3.9106733733970316,0,18.946135714285713,0.5,0.05,46235273.7,46285363.35,0.6544783793504395,0.6537701080832068,7.2934534754736875,5.540612606481861,0.14999999999997726,3.847000000000037,3.899000000000001,,0,-6.508306556297945,-7.878145660055451,-7.968063552996384,-11.377952388569003,1,,,-0.10917902697520354,-5.363540037337911,-14.81515123989463,443.96,-6.1106093662824295,443.96,0,25,20,20,393.6105,408.4105,401.0105,400.985,375.12,,,,,,375.1526666666667,379.08433333333335,383.0486666666667,386.98033333333336,371.18833333333333,367.25666666666666,363.2923333333333,0,0,0,0,0,0,0,0,0,0,0,0,0,0,0,0,0,0,0,0,0,0,,,,,,,,,,,,,,,,,,USD,1.0,stock,25.0
2026-06-26,370.15,387.8,368.6,379.71,53434138,401.553,404.765,417.964675,397.6459634059863,401.6935185486642,403.3326584436775,400.3032418404546,45.750207031544065,-7.976211990944307,-4.373442028583031,-3.6027699623612763,1,17.739714285714285,0.5,0.05,47046252.7,47335320.45,1.135778833241696,1.1288428491033908,22.264529058116157,11.403633110269014,9.560000000000002,8.090000000000032,1.5499999999999545,,0,-4.723595218979312,-5.752547997155729,-6.598456716968215,-10.074708330041354,1,,,1.2236084452974971,-5.1886439112087785,-14.112191811807296,441.07,-4.510535767132681,441.07,0,25,20,20,392.3,407.1,399.70000000000005,404.085,379.71,,,,,,378.7033333333334,388.80666666666673,397.90333333333336,408.0066666666667,369.60666666666674,359.5033333333334,350.40666666666675,0,0,0,0,0,0,0,0,0,0,0,0,0,0,0,0,0,0,0,0,0,0,,,,,,,,,,,,,,,,,,USD,1.0,stock,25.0
2026-06-29,381.79,413.27,379.3,411.84,57645798,400.3555,405.2238,418.284925,398.99777641494,402.0914197820499,403.50112065271355,400.4180354539824,50.98292633154206,-5.786673953661477,-4.65608841359872,-1.1305855400627571,1,18.598999999999997,0.5,0.05,46445603.9,47958769.3,1.2411464844792341,1.2019865989346812,86.6533066132264,38.73709638227209,30.049999999999955,1.4300000000000068,2.490000000000009,,0,3.118255532502906,2.7885829448329376,1.606497668997667,-1.5649099164724196,0,,,8.461720786916338,1.6763362547833616,-5.495766309460992,433.6,3.2186203393035018,433.6,0,25,20,20,391.675,407.1,399.38750000000005,407.95,411.84,,,,,,401.46999999999997,423.63999999999993,435.43999999999994,457.6099999999999,389.66999999999996,367.5,355.7,0,0,0,0,0,0,0,0,0,0,0,0,0,0,0,0,0,0,0,0,0,0,,,,,,,,,,,,,,,,,,USD,1.0,stock,25.0
2026-06-30,406.0,424.54,406.0,420.6,43385619,400.5915,405.62339999999995,418.54387499999996,401.0551310420886,402.81724645726365,403.8397123229568,400.6188510216045,58.33449477351917,-3.306475503326965,-4.3861658315443695,1.0796903282174046,1,17.476142857142857,0.5,0.05,46222114.4,47881157.65,0.9386333698313031,0.906110485405108,92.95673936360386,67.29152501164882,14.600000000000023,3.9399999999999977,0.0,,0,4.646901796935671,4.757132667617695,3.5607703281027283,0.4888552068473765,0,,,2.1270396270396397,10.217237493776366,1.134942771953451,433.6,4.87336215026764,433.6,0,25,20,20,396.57000000000005,407.1,401.83500000000004,408.71,420.6,,,,,,417.0466666666666,428.09333333333325,435.58666666666664,446.63333333333327,409.5533333333332,398.5066666666666,391.0133333333332,0,0,0,0,0,0,0,0,0,0,0,0,0,0,0,0,0,0,0,0,0,0,,,,,,,,,,,,,,,,,,USD,1.0,stock,25.0
2026-07-01,421.46,432.8599,418.0901,425.3,40127902,400.66949999999997,406.2794,418.690675,403.3641661809373,403.69892306678275,404.26466851458144,400.86443459352887,66.41875140860944,-0.9506906718303867,-3.6990707996015733,2.7483801277711866,1,17.32112857142857,0.5,0.05,46209357.3,48007750.5,0.8683934238574662,0.83586299258075,88.23543142768668,89.28182580150565,3.840000000000032,7.5598999999999705,3.369899999999973,,0,5.157731911371441,5.791323771455453,4.472278391723489,1.5540383258876116,0,,,1.1174512601046072,13.253268713551524,0.36815028083259094,433.6,5.438220758862097,433.6,0,25,20,20,400.72995000000003,407.1,403.914975,408.71,425.3,,,,,,425.4166666666667,432.74323333333336,440.18646666666666,447.51303333333334,417.9734333333334,410.6468666666667,403.2036333333334,0,0,0,0,0,0,0,0,0,0,0,0,0,0,0,0,0,0,0,0,0,0,,,,,,,,,,,,,,,,,,USD,1.0,stock,25.0
2026-07-02,428.01,432.35,389.3011,393.45,73915762,399.15700000000004,406.42,418.607725,402.4199598779909,403.29700451514424,404.0505166628076,400.79065912493655,48.06648575305292,-1.634896964283712,-3.2862360325380013,1.6513390682542894,0,19.04747857142857,0.5,0.05,49247503.6,49478501.95,1.5009037331183626,1.4938965224673701,38.671084144233,73.28775164517451,34.56,4.340000000000032,4.148899999999969,,0,-2.279822055659144,-1.4505019697547468,-3.2964798576693424,-6.394135214131409,1,,,-7.488831413120156,4.88643634037107,-7.139485485012987,432.8599,-2.2290047145550362,432.8599,0,25,20,20,400.72995000000003,407.1,403.914975,408.71,393.45,,,,,,405.0337,420.7663,448.0826,463.8152,377.7174,361.9848,334.6685,0,0,0,0,0,0,0,0,0,0,0,0,0,0,0,0,0,0,0,0,0,0,,,,,,,,,,,,,,,,,,USD,1.0,stock,25.0
2026-07-06,397.5,420.0,390.5,419.77,54727861,399.223,407.06519999999995,418.598475,404.0723446515156,403.94300433807973,404.36179356057374,400.9795082878725,54.007450132179756,-0.052723581285249566,-2.639533542287451,2.5868099610022015,1,19.731764285714284,0.5,0.05,48881818.4,50448732.05,1.119595440418395,1.0848213379428235,79.62975354770236,68.845423039874,22.269999999999982,0.2300000000000182,7.0,,0,3.7395848556315068,4.894823355647133,3.0266098101341297,0.27908735736235896,0,,,6.689541237768459,10.550156698533097,0.31544987453697715,432.8599,3.8848625886590966,432.8599,0,25,20,20,400.72995000000003,406.28,403.504975,408.71,419.77,,,,,,410.09,429.67999999999995,439.59,459.17999999999995,400.17999999999995,380.59,370.67999999999995,0,0,0,0,0,0,0,0,0,0,0,0,0,0,0,0,0,0,0,0,0,0,,,,,,,,,,,,,,,,,,USD,1.0,stock,25.0
2026-07-07,416.96,419.56,401.88,402.9,38149901,399.81800000000004,407.6488,418.483675,403.9606927799427,403.90210220717466,404.33284715343365,400.99861765814245,47.69024021501764,-0.1582831976677994,-2.1432834733635207,1.9850002756957212,0,20.32605,0.5,0.05,47914859.9,49185218.25,0.7962018688903648,0.775637526016264,53.37698938218076,57.22594235803871,14.060000000000002,2.6000000000000227,1.0199999999999818,,0,-0.26326452716374105,0.7649540828989667,-1.178654753040461,-3.8678766443286245,0,,,-4.018867475045862,-2.17074592074592,3.04347826086957,432.8599,-0.2625732648994451,432.8599,0,25,20,20,400.72995000000003,404.83500000000004,402.78247500000003,408.71,402.9,,,,,,408.1133333333334,414.3466666666668,425.7933333333334,432.0266666666668,396.6666666666668,390.4333333333334,378.9866666666668,0,0,0,0,0,0,0,0,0,0,0,0,0,0,0,0,0,0,0,0,0,0,,,,,,,,,,,,,,,,,,USD,1.0,stock,25.0
2026-07-08,399.375,399.63,390.51,394.06,33844906,399.07349999999997,408.004,418.36972499999996,403.0177696580434,403.5161374147364,404.12942443752405,400.92957668641964,47.070852216204266,-0.9443679888772749,-1.9035003764662717,0.9591323875889968,0,20.362478571428568,0.5,0.05,46257329.5,48361021.85,0.7316658001193087,0.6998385208851826,39.620354217793675,57.54236571589227,5.314999999999998,0.25499999999999545,3.5500000000000114,,0,-2.2731994259867503,-1.2722681825102686,-3.538547429325488,-6.169041516520316,1,,,-2.1940928270042126,-6.3100332857822234,-3.6410319109915656,432.8599,-2.222673621970557,432.8599,0,25,20,20,400.72995000000003,401.1,400.914975,408.71,394.06,,,,,,394.73333333333335,398.9566666666667,403.85333333333335,408.0766666666667,389.8366666666667,385.61333333333334,380.7166666666667,0,0,0,0,0,0,0,0,0,0,0,0,0,0,0,0,0,0,0,0,0,0,,,,,,,,,,,,,,,,,,USD,1.0,stock,25.0
2026-07-09,393.99,407.86,390.8631,406.55,37834988,399.567,408.56160000000006,418.272125,403.35417254775354,403.6351124180801,404.17735662688,400.98550129650505,52.74642182014584,-0.5531310818319639,-1.63342651753941,1.0802954357074461,1,20.706542857142857,0.5,0.05,46332686.2,47255759.75,0.8165938801104953,0.8006428888279592,59.05704801906012,50.684797206344854,12.560000000000002,1.3100000000000023,3.1269000000000347,,0,0.7860847256786315,1.7176239084983405,-0.4947976878612825,-2.8833169351863255,0,,,3.169568086078267,-4.408652715730077,2.4881516587677677,432.8599,0.7923129769701635,432.8599,0,25,20,20,400.72995000000003,401.1,400.914975,408.71,406.55,,,,,,401.75769999999994,412.6522999999999,418.7546,429.64919999999995,395.6553999999999,384.7607999999999,378.65849999999983,0,0,0,0,0,0,0,0,0,0,0,0,0,0,0,0,0,0,0,0,0,0,,,,,,,,,,,,,,,,,,USD,1.0,stock,25.0
2026-07-10,410.49,413.16,402.8101,407.76,33409995,400.8755,409.1964,418.139875,403.77377516225323,403.7968727154103,404.2483000600111,401.0529092438035,51.99451303155006,-0.14377873492372828,-1.335496961016274,1.1917182260925456,1,20.17296428571429,0.5,0.05,46647687.0,46441480.35,0.7162197559763253,0.7193998715848428,60.94002636169679,53.205809532850196,2.730000000000018,2.670000000000016,4.949900000000014,,0,0.977590945101717,1.6883706101628415,-0.35226603884637825,-2.5455844123994575,0,,,0.2976263682203939,3.637056805184913,6.858146177834845,432.8599,0.9872421348179259,432.8599,0,25,20,20,406.07995,401.1,403.589975,408.71,407.76,,,,,,407.91003333333333,413.0099666666667,418.2599333333334,423.35986666666673,402.66006666666664,397.5601333333333,392.3101666666666,0,0,0,0,0,0,0,0,0,0,0,0,0,0,0,0,0,0,0,0,0,0,,,,,,,,,,,,,,,,,,USD,1.0,stock,25.0
2026-07-13,404.61,405.57,391.37,394.76,32809171,400.656,409.63560000000007,417.984425,402.9153203848958,403.4424855501001,404.06041293010986,400.9902932314274,47.301903613194185,-0.8584596171475027,-1.2400894922425199,0.3816298750950171,0,19.890107142857143,0.5,0.05,44585190.3,45815721.5,0.7358759888482522,0.7161116299347158,40.70968053171571,53.56891830415754,9.850000000000023,0.9599999999999795,3.3899999999999864,,0,-2.0658932984334246,-1.4935657108116362,-3.768264261829992,-5.88317585368325,1,,,-3.1881498920933837,-5.958024632536862,-1.0998371539521434,432.8599,-2.0240780065412247,432.8599,0,25,20,20,411.08050000000003,400.72995000000003,405.90522500000003,410.78499999999997,394.76,,,,,,397.23333333333335,403.0966666666667,411.43333333333334,417.2966666666667,388.8966666666667,383.03333333333336,374.6966666666667,0,0,0,0,0,0,0,0,0,0,0,0,0,0,0,0,0,0,0,0,0,0,,,,,,,,,,,,,,,,,,USD,1.0,stock,25.0
2026-07-14,399.05,402.22,394.76,396.18,23322116,400.1435,409.9266,417.751375,402.27386130062,403.15768219519424,403.9043651493156,400.9424296171844,54.31908460307108,-1.2953354124265388,-1.2511386762793237,-0.04419673614721509,0,18.566535714285717,0.5,0.05,41152822.1,43799213.0,0.5667197244292999,0.5324779694100896,42.91945676852905,48.189721220647186,2.8700000000000045,3.170000000000016,1.420000000000016,,0,-1.5381547025644922,-1.0004290978848025,-3.4697864606996824,-5.444841991014183,1,,,0.3597122302158251,-1.667907669396862,-2.521959501021087,432.8599,-1.51485390597279,432.8599,0,25,20,20,411.08050000000003,400.72995000000003,405.90522500000003,410.78499999999997,396.18,,,,,,397.72,400.68000000000006,405.18000000000006,408.1400000000001,393.22,390.26,385.76,0,0,0,0,0,0,0,0,0,0,0,0,0,0,0,0,0,0,0,0,0,0,,,,,,,,,,,,,,,,,,USD,1.0,stock,25.0
2026-07-15,399.395,406.5895,390.66,394.46,31474763,399.309,409.99940000000004,417.606725,401.52968403389434,402.8165966189122,403.717348017646,400.8779278299488,55.760452802629175,-1.7600633385006859,-1.3529236087235963,-0.40713972977708957,0,18.880785714285715,0.5,0.05,39961736.5,43091925.45,0.7876225048428513,0.7304097617202203,40.242826397177666,41.29065456580748,4.935000000000002,7.194500000000005,3.7999999999999545,,0,-1.7922435820854743,-1.2292754651929338,-3.9394108401358965,-5.8679523906099496,1,,,-0.4341460952092535,0.10150738466223608,-4.059345737565367,432.8599,-1.760687768553019,432.8599,0,25,20,20,410.82555,400.72995000000003,405.77775,410.78499999999997,394.46,,,,,,397.2365,403.81299999999993,413.16599999999994,419.7424999999999,387.88349999999997,381.307,371.954,0,0,0,0,0,0,0,0,0,0,0,0,0,0,0,0,0,0,0,0,0,0,,,,,,,,,,,,,,,,,,USD,1.0,stock,25.0
2026-07-16,392.35,395.31,385.32,391.06,29133292,398.629,409.9703999999999,417.360025,400.53257126876156,402.35555361424895,403.4667074628411,400.7802370057703,54.76389719067543,-2.3753337838465427,-1.5574056437481856,-0.8179281400983571,0,19.030357142857145,0.5,0.05,38862275.5,42535816.4,0.7496548162754906,0.6849120215781259,34.95181287241343,39.37136534604005,1.2900000000000205,2.9599999999999795,5.740000000000009,,0,-2.4222807929119714,-1.935508617603441,-4.835677389658857,-6.725317086892038,1,,,-0.8619378390711252,-3.8101094576312944,-3.3608461424405767,432.8599,-2.3649939975556595,432.8599,0,25,20,20,402.65999999999997,400.72995000000003,401.694975,411.0,391.06,,,,,,390.56333333333333,395.8066666666667,400.55333333333334,405.7966666666667,385.81666666666666,380.5733333333333,375.82666666666665,0,0,0,0,0,0,0,0,0,0,0,0,0,0,0,0,0,0,0,0,0,0,,,,,,,,,,,,,,,,,,USD,1.0,stock,25.0
2026-07-17,381.78,385.6899,377.22,380.84,31333009,397.852,409.79979999999995,417.04817499999996,398.65708829078426,401.5118064136902,403.0186538497155,400.58182668730495,50.32672179494593,-3.645584602463998,-1.9750414354913481,-1.67054316697265,0,18.6475,0.5,0.05,34604000.2,41925751.9,0.9054736105336167,0.747345189532546,6.506122404964694,27.233587224851934,0.9399999999999977,3.90990000000005,3.6199999999999477,,0,-4.678365794240175,-4.46696775548787,-7.604190736267193,-9.50745063543745,1,,,-2.6134097069503426,-6.601922699627238,-3.9204803471416416,432.8599,-4.469276682668271,432.8599,0,25,20,20,398.39,400.72995000000003,399.559975,411.0,380.84,,,,,,381.2499666666667,385.27993333333336,389.7198666666667,393.74983333333336,376.81003333333337,372.7800666666667,368.34013333333337,0,0,0,0,0,0,0,0,0,0,0,0,0,0,0,0,0,0,0,0,0,0,,,,,,,,,,,,,,,,,,USD,1.0,stock,25.0
2026-07-20,386.045,386.61,369.425,369.57,33807867,396.306,409.21659999999997,416.672425,395.88688940594767,400.2591865543298,402.35630426853305,400.27325129738153,36.101795225882825,-5.498281573147551,-2.679689463022589,-2.8185921101249622,0,17.44857142857143,0.5,0.05,32512000.8,40696909.6,1.039858088340106,0.8307232006628827,0.22858079700603592,13.895505358128057,16.475000000000023,0.5649999999999977,0.1449999999999818,,0,-7.120948509334545,-7.234353437779038,-10.727764699515648,-12.74519712097843,1,,,-2.9592479781535452,-6.381092309251191,-7.7205423356388465,432.8599,-6.6475779092957,432.8599,0,25,20,20,391.2925,400.72995000000003,396.011225,411.0,369.57,,,,,,375.20166666666665,380.9783333333333,392.38666666666666,398.1633333333333,363.7933333333333,358.01666666666665,346.6083333333333,0,0,0,0,0,0,0,0,0,0,0,0,0,0,0,0,0,0,0,0,0,0,,,,,,,,,,,,,,,,,,USD,1.0,stock,25.0
2026-07-21,371.165,384.07,369.98,378.93,32659997,394.99999999999994,408.5593999999999,416.269775,394.2719475577622,399.42274786592475,401.89241705529474,400.0608806377061,36.35291805855767,-6.140499637664334,-3.371851497950938,-2.7686481397133957,1,17.16,0.5,0.05,31963010.4,39938935.15,1.0218060373937745,0.8177483169578196,14.983865348569951,7.239522850180232,7.764999999999986,5.139999999999986,1.1850000000000023,,0,-4.048755062349822,-4.240888818515276,-7.819227825719769,-9.854003377932592,1,,,2.5326731065833386,-4.3540814781160115,-6.4485865942476295,432.8599,-3.891209519925212,432.8599,0,25,20,20,391.2925,400.72995000000003,396.011225,411.0,378.93,,,,,,377.66,385.34000000000003,391.75,399.43,371.25000000000006,363.57000000000005,357.1600000000001,0,0,0,0,0,0,0,0,0,0,0,0,0,0,0,0,0,0,0,0,0,0,,,,,,,,,,,,,,,,,,USD,1.0,stock,25.0
2026-07-22,375.53,380.17,372.9,374.01,29935261,394.62,407.4726,415.9598250000001,392.34223826654676,398.42616951824147,401.3402899848929,399.8016678950424,33.2265027143698,-6.966163367554486,-4.090713871871648,-2.8754494956828385,0,16.624300000000005,0.5,0.05,31572045.9,38914687.7,0.9481571480928324,0.7692535330304089,7.286452125546251,7.49963275704075,1.5199999999999818,4.640000000000043,1.1100000000000136,,0,-4.9015369285705646,-5.510547846314273,-8.946980027272,-11.216230849442553,1,,,-1.2983928430053138,-5.184302590883738,-1.9915620659835986,432.8599,-4.672512026118468,432.8599,0,25,20,20,391.2925,400.72995000000003,396.011225,411.0,374.01,,,,,,375.6933333333333,378.4866666666667,382.96333333333337,385.7566666666667,371.21666666666664,368.4233333333333,363.9466666666666,0,0,0,0,0,0,0,0,0,0,0,0,0,0,0,0,0,0,0,0,0,0,,,,,,,,,,,,,,,,,,USD,1.0,stock,25.0
2026-07-23,341.0,342.11,315.735,319.69,115242260,391.82800000000003,404.9664,415.4091250000001,385.4229774792566,395.3384765959575,399.72345255944947,399.00453687121114,28.96897810218978,-11.866883801313975,-5.645947857760113,-6.220935943553862,0,17.711878571428574,0.5,0.05,39312773.1,42822729.65,2.9314202716470286,2.6911469899724154,3.793219201074171,8.687845558396797,21.310000000000002,1.1100000000000136,3.954999999999984,,0,-20.561474390583562,-22.564984829053156,-26.674716131252158,-29.941232131127055,1,,,-14.523675837544447,-18.25039635861505,-14.869650893403985,432.8599,-17.054763550726378,432.8599,0,25,20,20,361.16225,374.29745,367.72985,384.5675,319.69,,,,,,325.845,335.95500000000004,352.22,362.33000000000004,309.58000000000004,299.47,283.20500000000004,0,0,0,0,0,0,0,0,0,0,0,0,0,0,0,0,0,0,0,0,0,0,,,,,,,,,,,,,,,,,,USD,1.0,stock,30.0
2026-07-24,320.72,322.96,306.51,313.03,62589131,388.7235,402.55799999999994,414.7080250000001,378.52840819551784,392.1106932000376,398.0067505285693,398.1490688426419,15.722543352601164,-16.102526490996638,-7.737263584407418,-8.36526290658922,0,16.779735714285717,0.5,0.05,42230686.7,44439186.85,1.4820770366492761,1.4084220580197226,5.7673595754090945,5.615676967343177,7.690000000000055,2.2399999999999523,6.519999999999982,,0,-20.924003512608337,-24.180909178034067,-28.60045363064242,-32.481878733667735,1,,,-2.0832681660358565,-17.805377586387984,-16.55203668159523,432.8599,-17.30343265588842,432.8599,0,25,20,20,356.54975,369.68494999999996,363.11735,379.955,313.03,,,,,,314.1666666666667,321.8233333333334,330.6166666666667,338.27333333333337,305.3733333333334,297.7166666666667,288.9233333333334,0,0,0,0,0,0,0,0,0,0,0,0,0,0,0,0,0,0,0,0,0,0,,,,,,,,,,,,,,,,,,USD,1.0,stock,31.75
2026-07-27,313.24,317.0,304.28,309.22,44770502,385.199,399.837,414.088675,371.9276074149923,388.8600777804283,396.24859705275605,397.26420248599874,17.16208637128436,-19.54147701435494,-10.098106270396922,-9.443370743958017,0,16.410450000000004,0.5,0.05,43426819.8,44006005.05,1.0309412986303916,1.0173725597025083,4.537105069801664,4.699227948761648,4.019999999999982,3.759999999999991,4.940000000000055,,0,-20.279285756093476,-24.5711790957894,-29.305025548153402,-33.91393667938684,1,,,-1.2171357377886882,-16.329788673323044,-18.564167390903574,432.8599,-16.860164764543512,432.8599,0,25,20,20,355.43475,368.56994999999995,362.00235,378.84,309.22,,,,,,310.1666666666667,316.0533333333334,322.8866666666667,328.7733333333334,303.33333333333337,297.44666666666666,290.61333333333334,0,0,0,0,0,0,0,0,0,0,0,0,0,0,0,0,0,0,0,0,0,0,,,,,,,,,,,,,,,,,,USD,1.0,stock,31.75
2026-07-28,305.925,311.16,300.69,307.44,39558483,379.979,397.11980000000005,413.432425,365.7859305183263,385.66713355374486,394.49001097250346,396.3704293269341,18.055760436642572,-22.15511087722132,-12.509507191761802,-9.645603685459516,0,16.273307142857153,0.5,0.05,45050456.5,43101639.3,0.8780928335321087,0.9177953238544224,6.001600426780473,5.435355023997082,1.5149999999999864,3.7200000000000273,5.235000000000014,,0,-18.97798936973924,-23.59452250845693,-29.169854280510037,-34.475808287796,1,,,-0.5756419377789368,-18.86628137122952,-25.349650349650343,432.8599,-15.950840546449921,432.8599,0,25,20,20,348.0,366.77495,357.387475,377.04499999999996,307.44,,,,,,306.43,312.17,316.90000000000003,322.64000000000004,301.7,295.96,291.22999999999996,0,0,0,0,0,0,0,0,0,0,0,0,0,0,0,0,0,0,0,0,0,0,,,,,,,,,,,,,,,,,,USD,1.0,stock,31.75
2026-07-30,302.7,310.87,301.33,308.85,37862379,374.3915,394.852,412.798975,360.3634609451524,382.6546969437941,392.7941691710678,395.49957928388,10.763052208835376,-23.837871187134056,-14.775179990836254,-9.062691196297802,1,15.740671428571435,0.5,0.05,45689218.1,42825477.3,0.8286939583236159,0.8841087452398342,7.25526807148575,5.931324522689301,6.150000000000034,2.019999999999982,1.3700000000000045,,0,-16.679119619605746,-21.221142949651927,-27.845879876962908,-33.656783228104246,1,,,0.45862607338018613,-17.421994064329827,-26.56918687589158,432.8599,-14.294862417528162,432.8599,0,25,20,20,343.65,366.77495,355.212475,376.33500000000004,308.85,,,,,,307.0166666666667,312.70333333333343,316.55666666666673,322.24333333333345,303.1633333333334,297.4766666666667,293.6233333333334,0,0,0,0,0,0,0,0,0,0,0,0,0,0,0,0,0,0,0,0,0,0,,,,,,,,,,,,,,,,,,USD,1.0,stock,31.75
2026-07-31,309.69,315.5,301.97,311.21,36532996,368.687,392.8764,412.287575,355.682178950376,379.85294412246884,391.17864106867034,394.6608770024484,11.57978511738959,-24.696354379377567,-16.759414868544518,-7.936939510833049,1,15.96782142857143,0.5,0.05,46429188.5,42645732.0,0.7868540713348888,0.8566624205207687,9.933946808058568,7.730271768774936,1.5199999999999818,4.2900000000000205,7.71999999999997,,0,-14.290086742192095,-18.46887953471933,-26.241573214228342,-32.478896886346845,1,,,0.7641249797636362,-2.6525696768744833,-26.825770044674357,432.35,-12.503347533917541,432.35,0,25,20,20,343.65,366.77495,355.212475,373.145,311.21,,,,,,309.56,317.15,323.09,330.67999999999995,303.62,296.03000000000003,290.09000000000003,0,0,0,0,0,0,0,0,0,0,0,0,0,0,0,0,0,0,0,0,0,0,,,,,,,,,,,,,,,,,,USD,1.0,stock,30.25
2026-08-03,310.96,324.65,310.425,322.08,38193900,365.1185,391.23580000000004,411.71847499999996,352.48197143129255,377.58733847060734,389.8103511465184,393.93867922132955,20.579663212435236,-24.22039272795149,-18.251610440425914,-5.968782287525578,1,15.81317857142857,0.5,0.05,47115277.6,40859638.9,0.8106478820789119,0.9347586280308513,20.198395648704658,12.462536842749662,11.120000000000005,2.569999999999993,0.5349999999999682,,0,-9.43926087658115,-13.362673869846,-21.471621957277716,-27.831121150024828,1,,,3.492818354165994,2.891096699996809,-18.13953488372093,420.0,-8.625113876843674,420.0,0,25,20,20,342.38,366.77495,354.577475,373.145,322.08,,,,,,319.0516666666667,327.67833333333334,333.27666666666664,341.9033333333333,313.4533333333334,304.8266666666667,299.2283333333334,0,0,0,0,0,0,0,0,0,0,0,0,0,0,0,0,0,0,0,0,0,0,,,,,,,,,,,,,,,,,,USD,1.0,stock,27.0
2026-08-04,324.0,329.57,320.7901,327.35,33205888,360.4975,389.43760000000003,411.20902499999994,350.08845034259804,375.6172467658776,388.57351250995373,393.27610529872925,22.980293632723573,-23.151073568253537,-19.23150306599144,-3.919570502262097,1,15.90745714285714,0.5,0.05,47055079.7,39783540.25,0.7056812614430658,0.8346639789051956,25.174811967950774,18.43571814157134,3.3500000000000227,2.2199999999999704,3.2099000000000046,,0,-6.946219747242405,-10.126011913853667,-18.96673285474263,-25.617542385825544,1,,,1.636239443616505,5.863139512321314,-22.016818734068643,419.56,-6.495058697408061,419.56,0,25,20,20,340.43,366.77495,353.602475,373.145,327.35,,,,,,325.90336666666667,331.01663333333335,334.68326666666667,339.79653333333334,322.23673333333335,317.1234666666667,313.45683333333335,0,0,0,0,0,0,0,0,0,0,0,0,0,0,0,0,0,0,0,0,0,0,,,,,,,,,,,,,,,,,,USD,1.0,stock,27.0
2026-08-05,323.42,327.14,320.28,321.55,27725948,356.42999999999995,387.5116,410.641025,347.3705026909221,373.49696257898046,387.2463142424299,392.5624127086922,22.26702168124764,-22.512136066287894,-19.88762966605073,-2.6245064002371628,1,15.274635714285719,0.5,0.05,46561674.8,39262342.6,0.5954671544589715,0.706171516113254,22.046079053054335,22.473095556569927,1.8700000000000045,3.7199999999999704,1.2700000000000387,,0,-8.03001172163647,-10.847457627118624,-20.513637070440048,-27.70674078681387,1,,,-1.771803879639533,4.589513400988809,-20.19111442045172,413.16,-7.4331304733425325,413.16,0,25,20,20,321.4,366.77495,344.087475,373.145,321.55,,,,,,322.99,325.70000000000005,329.85,332.56000000000006,318.84000000000003,316.13,311.98,0,0,0,0,0,0,0,0,0,0,0,0,0,0,0,0,0,0,0,0,0,0,,,,,,,,,,,,,,,,,,USD,1.0,stock,27.0
2026-08-06,317.05,323.0,315.5205,319.53,25973123,352.70349999999996,385.38200000000006,410.094925,344.7190262441676,371.3806111052949,385.9053971287184,391.83572203497386,22.503267471361582,-21.91613504832287,-20.293330742505162,-1.6228043058177093,1,15.095314285714286,0.5,0.05,46165461.0,38868753.45,0.5626094148610364,0.6682262921915237,21.927374301675943,23.049421774227024,2.4799999999999613,3.4700000000000273,1.5294999999999845,,0,-7.883149076508504,-10.381967264419615,-20.609019497386814,-28.343168090633124,1,,,-0.6282071217540208,3.4579893152015373,-18.91336344719079,413.16,-7.307118066156873,413.16,0,25,20,20,315.13,366.77495,340.952475,373.145,319.53,,,,,,319.35016666666667,323.1798333333333,326.82966666666664,330.6593333333333,315.70033333333333,311.8706666666667,308.22083333333336,0,0,0,0,0,0,0,0,0,0,0,0,0,0,0,0,0,0,0,0,0,0,,,,,,,,,,,,,,,,,,USD,1.0,stock,27.0
2026-08-07,322.34,333.73,321.2508,328.58,39374913,348.80499999999995,383.2818,409.54127500000004,343.1819761256755,369.7021557678324,384.7702407499319,391.2063118654716,29.728471683475576,-20.477488837115857,-20.330162361427302,-0.14732647568855484,1,15.121028571428578,0.5,0.05,38578726.3,38945749.7,1.0206379726953299,1.0110195156931334,32.46042830540035,25.477960553376878,6.240000000000009,5.150000000000034,1.0891999999999484,,0,-4.443963760933561,-6.155274210237984,-16.647939618966458,-24.63974526751478,1,,,2.832284918474004,5.581440185084019,-19.178452834829674,413.16,-4.254878502223017,413.16,0,25,20,20,317.21000000000004,366.77495,341.992475,373.145,328.58,,,,,,327.8536,334.4563999999999,340.33279999999996,346.9355999999999,321.9771999999999,315.3744,309.49799999999993,0,0,0,0,0,0,0,0,0,0,0,0,0,0,0,0,0,0,0,0,0,0,,,,,,,,,,,,,,,,,,USD,1.0,stock,27.0
2026-08-10,326.595,332.05,326.15,330.88,24955948,344.96099999999996,381.0922,408.95852499999995,342.01035935180164,368.1797182867409,383.7031072697352,390.60605005586496,33.869757358459125,-18.933506890020738,-20.050831267145988,1.1173243771252501,1,14.314957142857152,0.5,0.05,34815408.0,38523047.35,0.716807569797832,0.647818636289686,36.20772367474215,30.19850876060615,4.284999999999968,1.170000000000016,0.44500000000005,,0,-3.3638658582572667,-4.255621373307532,-15.175350580270791,-23.597233135880064,1,,,0.699981739606792,2.732240437158473,-18.85422797724151,406.5895,-3.2543924613560136,406.5895,0,25,20,20,317.21000000000004,366.52,341.865,373.145,330.88,,,,,,329.6933333333333,333.2366666666667,335.59333333333336,339.1366666666667,327.33666666666664,323.7933333333333,321.4366666666666,0,0,0,0,0,0,0,0,0,0,0,0,0,0,0,0,0,0,0,0,0,0,,,,,,,,,,,,,,,,,,USD,1.0,stock,25.0
2026-08-11,332.8,336.2,329.53,332.81,23303902,341.86350000000004,378.9064,408.409575,341.13413465163,366.79267051079034,382.69532296736423,390.03096498068226,29.50222222222223,-17.35410785010265,-19.51148658373732,2.157378733634669,1,13.755671428571437,0.5,0.05,32668748.0,38047783.9,0.7133393051977382,0.6124903900119134,40.41268243583291,36.36027813865848,0.009999999999990905,3.3899999999999864,3.2700000000000387,,0,-2.5011672280370196,-2.7203209038190086,-13.850665544905508,-22.715535891349422,1,,,0.5832930367504874,1.667939514281347,-15.693079339345417,406.5895,-2.440135362041885,406.5895,0,25,20,20,318.765,360.345,339.555,373.145,332.81,,,,,,332.84666666666664,336.1633333333333,339.51666666666665,342.8333333333333,329.4933333333333,326.1766666666666,322.82333333333327,0,0,0,0,0,0,0,0,0,0,0,0,0,0,0,0,0,0,0,0,0,0,,,,,,,,,,,,,,,,,,USD,1.0,stock,27.0
2026-08-12,335.0,335.5,323.64,327.51,28624958,338.43,376.74080000000004,407.852275,339.83659801814144,365.25217362801425,381.60254429474315,389.40886582664564,29.402905740609512,-16.341711361846592,-18.877531539359175,2.5358201775125835,1,14.083528571428579,0.5,0.05,31575395.5,38312926.0,0.9065589693088721,0.7471357838866183,64.7513278609367,47.12391132383726,7.490000000000009,0.5,3.8700000000000045,,0,-3.7637317999882307,-3.3342493358981455,-15.031846355836478,-24.531243320814642,1,,,-1.59250022535381,1.8535220027989352,-17.333030440708775,406.5895,-3.6272132224803593,406.5895,0,25,20,20,319.08500000000004,360.125,339.605,372.325,327.51,,,,,,328.8833333333333,334.12666666666667,340.74333333333334,345.9866666666667,322.26666666666665,317.0233333333333,310.40666666666664,0,0,0,0,0,0,0,0,0,0,0,0,0,0,0,0,0,0,0,0,0,0,,,,,,,,,,,,,,,,,,USD,1.0,stock,27.0
2026-08-13,327.2,341.64,325.24,339.96,34592606,335.70500000000004,375.2224,407.3071750000001,339.8483505878423,364.2603236818176,380.77793945722345,388.91683731095765,64.27263765666804,-14.369130507949649,-17.97585133307727,3.6067208251276206,1,11.092457142857151,0.5,0.05,31248418.2,38468818.15,1.1070194266665312,0.8992375555993004,95.89743589743588,67.02048206473518,12.759999999999991,1.6800000000000068,1.9599999999999795,,0,0.03284192615534281,1.2516178373926163,-10.372514413460411,-19.810323273326304,1,,,3.8014106439498097,6.393765843582755,-13.816356538052021,395.31,0.03285271561994674,395.31,0,25,20,20,326.0325,356.925,341.47875,370.88,339.96,,,,,,335.6133333333333,345.98666666666657,352.01333333333326,362.38666666666654,329.5866666666666,319.2133333333333,313.1866666666666,0,0,0,0,0,0,0,0,0,0,0,0,0,0,0,0,0,0,0,0,0,0,,,,,,,,,,,,,,,,,,USD,1.0,stock,25.0
2026-08-14,342.33,351.26,335.3306,342.27,45380612,333.2655,373.593,406.849925,340.0789838651906,363.39795804723656,380.015406002625,388.45268967602277,71.93219321932192,-12.475636898680648,-16.875808446197947,4.400171547517299,1,11.055271428571436,0.5,0.05,32133179.8,39281184.15,1.4122664573644217,1.1552760687332793,82.22266165710893,80.9571418051605,0.060000000000002274,8.930000000000007,6.939399999999978,,0,0.6401426168841523,2.630817775440444,-9.151547024279088,-18.868123119174925,1,,,0.6794917049064653,4.166413050094353,-12.476346340714983,386.61,0.6442668435159522,386.61,0,25,20,20,333.39025000000004,356.925,345.15762500000005,367.145,342.27,,,,,,342.9535333333333,350.57646666666665,358.8829333333333,366.50586666666663,334.64706666666666,327.02413333333334,318.7176666666667,0,0,0,0,0,0,0,0,0,0,0,0,0,0,0,0,0,0,0,0,0,0,,,,,,,,,,,,,,,,,,USD,1.0,stock,27.0
2026-08-17,340.69,345.45,337.48,339.3,25974967,331.18850000000003,371.905,406.284325,340.00479492564864,362.45294008459985,379.2091603392067,387.9636081867091,72.85019750835608,-11.086881086305425,-15.718022974219444,4.631141887914019,1,10.715985714285718,0.5,0.05,30911286.5,39013282.05,0.8403068892004867,0.6657980471038069,76.34961439588693,84.82323731681059,1.3899999999999864,4.759999999999991,1.8199999999999932,,0,-0.20772028460024394,2.3906572354848152,-9.609490126731494,-19.741917182434428,1,,,-0.8677359978963906,2.5447292069632477,-10.907467702972372,386.61,-0.2072897018416315,386.61,0,25,20,20,333.39025000000004,356.925,345.15762500000005,367.145,339.3,,,,,,340.74333333333334,344.00666666666666,348.7133333333333,351.97666666666663,336.0366666666667,332.77333333333337,328.0666666666667,0,0,0,0,0,0,0,0,0,0,0,0,0,0,0,0,0,0,0,0,0,0,,,,,,,,,,,,,,,,,,USD,1.0,stock,27.0
2026-08-18,333.22,340.53,331.12,336.87,27933177,329.5535,370.2734,405.665925,339.70624302796784,361.4496875322626,378.3707611245689,387.4552140753986,72.1378065292613,-10.066324468788537,-14.587683273133264,4.521358804344727,0,10.640271428571427,0.5,0.05,30384015.4,38719547.55,0.9193379029158866,0.7214231252038481,71.17965151211699,76.58397585503762,3.6499999999999773,3.659999999999968,2.1000000000000227,,0,-0.8419399257778487,2.171906076528043,-9.915813221717569,-20.42209902929914,1,,,-0.7161803713527926,1.2199152669691404,-8.848120789025081,384.07,-0.8349104810930227,384.07,0,25,20,20,333.39025000000004,353.63975,343.515,367.145,336.87,,,,,,336.17333333333335,341.2266666666667,345.5833333333333,350.63666666666666,331.8166666666667,326.7633333333334,322.40666666666675,0,0,0,0,0,0,0,0,0,0,0,0,0,0,0,0,0,0,0,0,0,0,,,,,,,,,,,,,,,,,,USD,1.0,stock,27.0
2026-08-19,338.89,351.62,335.7,351.12,36622102,328.163,369.4758,405.113975,340.7932675014947,361.04460174668367,377.8311420923992,387.0936696567379,76.64859412432224,-8.015274988183648,-13.273201616143343,5.257926627959694,1,11.095985714285714,0.5,0.05,31273630.8,38917652.8,1.171021754212178,0.9410151785926824,98.99295065458209,82.17407218752868,12.230000000000018,0.5,3.1899999999999977,,0,2.941083532269678,6.538220551378444,-5.227785372522211,-15.377641547049436,1,,,4.230118443316422,7.208940185032531,-7.339086374792181,380.17,3.0302043741107654,380.17,0,25,20,20,336.4354,353.63975,345.037575,366.77495,351.12,,,,,,346.1466666666667,356.5933333333334,362.0666666666667,372.51333333333343,340.6733333333334,330.2266666666667,324.7533333333334,0,0,0,0,0,0,0,0,0,0,0,0,0,0,0,0,0,0,0,0,0,0,,,,,,,,,,,,,,,,,,USD,1.0,stock,27.0
2026-08-20,346.2,347.5,338.96,345.13,30707492,326.719,368.1994,404.639125,341.2062896442095,360.420499717402,377.1835947242329,386.67612070492964,70.44851700024113,-6.794819982146464,-11.97752528934397,5.182705307197505,0,10.998128571428575,0.5,0.05,31747067.7,38956264.35,0.967254434021319,0.7882555607516818,84.24566088117487,84.80608768262466,1.0699999999999932,1.3000000000000114,6.170000000000016,,0,1.1368789603310319,5.334511633297598,-6.684263900559219,-17.242524555964415,1,,,-1.7059694691273664,1.520767149076363,-7.721718670623778,351.62,1.1499525286834285,351.62,0,25,20,20,337.63,353.63975,345.63487499999997,366.77495,345.13,,,,,,343.8633333333334,348.7666666666668,352.4033333333334,357.30666666666684,340.2266666666668,335.3233333333334,331.6866666666668,0,0,0,0,0,0,0,0,0,0,0,0,0,0,0,0,0,0,0,0,0,0,,,,,,,,,,,,,,,,,,USD,1.0,stock,27.0
2026-08-21,349.88,366.5,346.9,362.86,59005872,328.87749999999994,367.52299999999997,404.170625,343.2685477733324,360.51616639515095,376.89995918513915,386.43914437950747,72.70601336302894,-4.346830219785204,-10.451386275432215,6.104556055647011,1,11.50848571428572,0.5,0.05,33710163.6,36144444.95,1.7503881826310685,1.6325018154691568,92.85987504781336,92.03282886119011,12.980000000000018,3.6399999999999864,2.980000000000018,,0,5.399176604383957,9.365182163919988,-1.2850686215069045,-11.384728269856131,1,,,5.137194680265411,6.015718584743057,13.503706715881014,366.5,5.707325169681519,366.5,0,25,20,20,345.07,348.0,346.53499999999997,366.77495,362.86,,,,,,358.75333333333333,370.6066666666667,378.35333333333335,390.2066666666667,351.00666666666666,339.1533333333333,331.40666666666664,0,0,0,0,0,0,0,0,0,0,0,0,0,0,0,0,0,0,0,0,0,0,,,,,,,,,,,,,,,,,,USD,1.0,stock,27.0
